,Condition,df,mse,p_value,se,t,theta,Source,Detector,Chroma,Significant,ch_name,ID,mean_hbo,mean_hbr
672,Linear,7.0,7.448202810611563e-17,0.009465495408842516,9.577310843329549e-13,-3.5403437861193026,-3.3906972931914784e-06,1,7,hbo,True,S1_D7 hbo,mild_master_28,,
673,ShortHbO,7.0,7.448202810611563e-17,8.590766309188394e-14,0.006833172150608189,163.11127351124964,1114567.4116073062,1,7,hbo,True,S1_D7 hbo,mild_master_28,,
674,az_itd=0_az=15,7.0,7.448202810611563e-17,4.0011476607091674e-08,6.483058337173299e-09,25.157957713685814,0.1631005075019641,1,7,hbo,True,S1_D7 hbo,mild_master_28,0.19374961049590048,
675,az_itd=0_az=5,7.0,7.448202810611563e-17,3.038758383545459e-08,6.485766556819086e-09,26.176183442462605,0.16977261515628547,1,7,hbo,True,S1_D7 hbo,mild_master_28,0.11374447199889344,
676,az_itd=15_az=0,7.0,7.448202810611563e-17,1.700960283679731e-07,6.446324874256774e-09,20.40768585319599,0.1315545729414754,1,7,hbo,True,S1_D7 hbo,mild_master_28,0.07567700193931515,
677,az_itd=5_az=0,7.0,7.448202810611563e-17,1.1975844655406877e-06,6.595512160476966e-09,15.35592443834842,0.10128018636849244,1,7,hbo,True,S1_D7 hbo,mild_master_28,0.1057881543305157,
678,constant,7.0,7.448202810611563e-17,0.3559334786032587,8.037043051725567e-09,-0.9882888302703566,-0.007942919876422358,1,7,hbo,False,S1_D7 hbo,mild_master_28,,
686,Linear,7.0,1.0218286561188793e-16,0.004706515889271369,1.1217778883331208e-12,-4.077159221245154,-4.573667061606299e-06,1,8,hbo,True,S1_D8 hbo,mild_master_28,,
687,ShortHbO,7.0,1.0218286561188793e-16,2.0641682377286964e-13,0.008003605136262974,143.90700214284956,1151774.8214947174,1,8,hbo,True,S1_D8 hbo,mild_master_28,,
688,az_itd=0_az=15,7.0,1.0218286561188793e-16,1.3327895996841045e-08,7.593521407399989e-09,29.47493266983896,0.22381853221009546,1,8,hbo,True,S1_D8 hbo,mild_master_28,0.21171639498514758,
689,az_itd=0_az=5,7.0,1.0218286561188793e-16,1.6125270537228262e-08,7.59669350963734e-09,28.677750895040806,0.21785608409535293,1,8,hbo,True,S1_D8 hbo,mild_master_28,0.07593850333572127,
690,az_itd=15_az=0,7.0,1.0218286561188793e-16,7.648341827432498e-08,7.550495982898536e-09,22.91098586577476,0.17298930674377747,1,8,hbo,True,S1_D8 hbo,mild_master_28,0.08592826117062038,
691,az_itd=5_az=0,7.0,1.0218286561188793e-16,6.943877710328583e-07,7.725237099314108e-09,16.630813751638346,0.1284769793859398,1,8,hbo,True,S1_D8 hbo,mild_master_28,0.09221694198151241,
692,constant,7.0,1.0218286561188793e-16,0.3775504606982965,9.413683371555638e-09,-0.9420144932539903,-0.0088678261709095,1,8,hbo,False,S1_D8 hbo,mild_master_28,,
952,Linear,7.0,1.7770919601615593e-17,0.02559113690917727,4.678135398490082e-13,-2.8249428188817407,-1.3215464999721028e-06,2,6,hbo,True,S2_D6 hbo,mild_master_28,,
953,ShortHbO,7.0,1.7770919601615593e-17,1.5243083666562944e-13,0.003337732798346099,150.2787805242749,501590.41465132736,2,6,hbo,True,S2_D6 hbo,mild_master_28,,
954,az_itd=0_az=15,7.0,1.7770919601615593e-17,1.3150694845076626e-05,3.1667161266599257e-09,10.762896614167982,0.03408303827765926,2,6,hbo,True,S2_D6 hbo,mild_master_28,0.038956914382223325,
955,az_itd=0_az=5,7.0,1.7770919601615593e-17,6.633182467767062e-07,3.1680389842343638e-09,16.74236626353685,0.05304046901121497,2,6,hbo,True,S2_D6 hbo,mild_master_28,0.04133495301900825,
956,az_itd=15_az=0,7.0,1.7770919601615593e-17,4.1584904007861924e-07,3.148773291140642e-09,17.921989182595418,0.05643228086226795,2,6,hbo,True,S2_D6 hbo,mild_master_28,0.05186345530177347,
957,az_itd=5_az=0,7.0,1.7770919601615593e-17,5.509508133695635e-08,3.2216453463645194e-09,24.02283735106964,0.07739306215854527,2,6,hbo,True,S2_D6 hbo,mild_master_28,0.06387206960840995,
958,constant,7.0,1.7770919601615593e-17,0.4330115432059709,3.925775848201985e-09,-0.8317355424563178,-0.0032652073046661894,2,6,hbo,False,S2_D6 hbo,mild_master_28,,
966,Linear,7.0,2.1036628427967512e-17,0.04241931993939376,5.089860790028948e-13,-2.4766244311452703,-1.260567358371406e-06,2,7,hbo,True,S2_D7 hbo,mild_master_28,,
967,ShortHbO,7.0,2.1036628427967512e-17,4.945364875578351e-14,0.003631488584827762,176.50350291485788,640970.45601742,2,7,hbo,True,S2_D7 hbo,mild_master_28,,
968,az_itd=0_az=15,7.0,2.1036628427967512e-17,6.626734402316764e-07,3.445420637342178e-09,16.744744092779122,0.057692686864274714,2,7,hbo,True,S2_D7 hbo,mild_master_28,0.06627099153425921,
969,az_itd=0_az=5,7.0,2.1036628427967512e-17,0.00017915383620879604,3.446859920373853e-09,7.189051806751745,0.024779654538183822,2,7,hbo,True,S2_D7 hbo,mild_master_28,0.033827250107071355,
970,az_itd=15_az=0,7.0,2.1036628427967512e-17,5.270994612967943e-07,3.425898642531806e-09,17.313453030222046,0.05931413523377589,2,7,hbo,True,S2_D7 hbo,mild_master_28,0.05392983025509716,
971,az_itd=5_az=0,7.0,2.1036628427967512e-17,1.164142128229332e-07,3.5051842093182125e-09,21.560212231840584,0.07557251546459699,2,7,hbo,True,S2_D7 hbo,mild_master_28,0.0677195000529886,
972,constant,7.0,2.1036628427967512e-17,0.34952404478339816,4.2712856422785915e-09,-1.0024237152055067,-0.004281638022236844,2,7,hbo,False,S2_D7 hbo,mild_master_28,,
980,Linear,7.0,7.348783300106822e-17,0.021321045823833602,9.513176555473287e-13,-2.952828429478243,-2.8090778187647426e-06,2,8,hbo,True,S2_D8 hbo,mild_master_28,,
981,ShortHbO,7.0,7.348783300106822e-17,1.5840615981888177e-13,0.006787413937593341,149.45532617958818,1014415.1639588958,2,8,hbo,True,S2_D8 hbo,mild_master_28,,
982,az_itd=0_az=15,7.0,7.348783300106822e-17,3.3743965569446045e-07,6.439644654941737e-09,18.475328630844746,0.11897455126591142,2,8,hbo,True,S2_D8 hbo,mild_master_28,0.10752676611551136,
983,az_itd=0_az=5,7.0,7.348783300106822e-17,4.218768541142366e-08,6.442334739043927e-09,24.96646127414794,0.1608423007774382,2,8,hbo,True,S2_D8 hbo,mild_master_28,0.07030214657183989,
984,az_itd=15_az=0,7.0,7.348783300106822e-17,1.6939597865547643e-06,6.403157176991471e-09,14.593727090231999,0.09344592835687389,2,8,hbo,True,S2_D8 hbo,mild_master_28,-0.022506023282181164,
985,az_itd=5_az=0,7.0,7.348783300106822e-17,2.487740300210935e-05,6.551345433263126e-09,9.773487368058339,0.06402949183578385,2,8,hbo,True,S2_D8 hbo,mild_master_28,0.03191407210035914,
986,constant,7.0,7.348783300106822e-17,0.47383166330926396,7.983223139119146e-09,-0.7568625778880522,-0.006042202844929265,2,8,hbo,False,S2_D8 hbo,mild_master_28,,
994,Linear,7.0,1.067960173530519e-16,0.05182403024437394,1.1468202818273952e-12,-2.3402743823294805,-2.683874126696528e-06,3,5,hbo,False,S3_D5 hbo,mild_master_28,,
995,ShortHbO,7.0,1.067960173530519e-16,6.131940111532961e-13,0.008182276361003297,123.17078702573319,1007817.4190468283,3,5,hbo,True,S3_D5 hbo,mild_master_28,,
996,az_itd=0_az=15,7.0,1.067960173530519e-16,6.1332794810384525e-06,7.7630379873478e-09,12.064587490343119,0.09365785098921468,3,5,hbo,True,S3_D5 hbo,mild_master_28,0.0873467811221245,
997,az_itd=0_az=5,7.0,1.067960173530519e-16,5.877256628940819e-08,7.766280903097575e-09,23.799722220765865,0.18483532818216092,3,5,hbo,True,S3_D5 hbo,mild_master_28,0.06074198045265983,
998,az_itd=15_az=0,7.0,1.067960173530519e-16,2.629035156992165e-06,7.719052070023454e-09,13.6787961128029,0.10558733944996,3,5,hbo,True,S3_D5 hbo,mild_master_28,0.020567068700529358,
999,az_itd=5_az=0,7.0,1.067960173530519e-16,6.208551407094327e-05,7.897694079692867e-09,8.493289524152681,0.06707740239201808,3,5,hbo,True,S3_D5 hbo,mild_master_28,-0.003181273731569265,
1000,constant,7.0,1.067960173530519e-16,0.48113125496822085,9.623832961481412e-09,-0.7439436456196372,-0.0071595893781989115,3,5,hbo,False,S3_D5 hbo,mild_master_28,,
1008,Linear,7.0,5.368265716999003e-17,0.013018294423070488,8.130829205833054e-13,-3.3056987510122573,-2.6878071950416315e-06,3,6,hbo,True,S3_D6 hbo,mild_master_28,,
1009,ShortHbO,7.0,5.368265716999003e-17,3.263662096443541e-13,0.0058011436194896375,134.7875971749489,781922.2093377943,3,6,hbo,True,S3_D6 hbo,mild_master_28,,
1010,az_itd=0_az=15,7.0,5.368265716999003e-17,5.492857143823908e-06,5.503908240351381e-09,12.264251704499728,0.06750131601813952,3,6,hbo,True,S3_D6 hbo,mild_master_28,0.08557842613063253,
1011,az_itd=0_az=5,7.0,5.368265716999003e-17,2.8717834576765846e-08,5.506207431820886e-09,26.390294336015153,0.14531043480090727,3,6,hbo,True,S3_D6 hbo,mild_master_28,0.09919202885526811,
1012,az_itd=15_az=0,7.0,5.368265716999003e-17,8.877452620678356e-08,5.472722710509142e-09,22.42260434561368,0.12271269603100096,3,6,hbo,True,S3_D6 hbo,mild_master_28,0.07273157959015682,
1013,az_itd=5_az=0,7.0,5.368265716999003e-17,2.889719636591963e-07,5.599377923416108e-09,18.896587708962223,0.10580913604545923,3,6,hbo,True,S3_D6 hbo,mild_master_28,0.023697358831129153,
1014,constant,7.0,5.368265716999003e-17,0.4808702869638093,6.823191336534893e-09,-0.7444032398819456,-0.005079205737250997,3,6,hbo,False,S3_D6 hbo,mild_master_28,,
1022,Linear,7.0,1.2824059794307063e-17,0.021204028956957246,3.9740250789851253e-13,-2.9567042228050386,-1.1750016732568447e-06,3,7,hbo,True,S3_D7 hbo,mild_master_28,,
1023,ShortHbO,7.0,1.2824059794307063e-17,5.234413161413377e-14,0.0028353676663270093,175.0767121592574,496406.8487831992,3,7,hbo,True,S3_D7 hbo,mild_master_28,,
1024,az_itd=0_az=15,7.0,1.2824059794307063e-17,1.0765964428924833e-06,2.690090865996525e-09,15.597492221538701,0.0419586713576131,3,7,hbo,True,S3_D7 hbo,mild_master_28,0.050352557637082886,
1025,az_itd=0_az=5,7.0,1.2824059794307063e-17,1.5119672965023797e-07,2.6912146191009003e-09,20.759090754695045,0.055867168518277645,3,7,hbo,True,S3_D7 hbo,mild_master_28,0.04619330939141823,
1026,az_itd=15_az=0,7.0,1.2824059794307063e-17,1.0024016487871327e-07,2.6748486226093935e-09,22.03205716364488,0.05893241775742693,3,7,hbo,True,S3_D7 hbo,mild_master_28,0.043290092033087216,
1027,az_itd=5_az=0,7.0,1.2824059794307063e-17,3.5906109512829943e-07,2.7367526399899827e-09,18.309152887590486,0.05010762250109347,3,7,hbo,True,S3_D7 hbo,mild_master_28,0.051221747926765204,
1028,constant,7.0,1.2824059794307063e-17,0.2898944534807626,3.334903833750563e-09,-1.1448694259057612,-0.003818029437596929,3,7,hbo,False,S3_D7 hbo,mild_master_28,,
1036,Linear,7.0,3.069509102185538e-17,0.11440091118448528,6.148261051633978e-13,-1.802881645948506,-1.1084587004490958e-06,4,2,hbo,False,S4_D2 hbo,mild_master_28,,
1037,ShortHbO,7.0,3.069509102185538e-17,9.187167038077547e-14,0.00438663074426107,161.55438536367487,708679.4337064967,4,2,hbo,True,S4_D2 hbo,mild_master_28,,
1038,az_itd=0_az=15,7.0,3.069509102185538e-17,5.500533545711471e-06,4.161871293722819e-09,12.261704349162851,0.05103163534289711,4,2,hbo,True,S4_D2 hbo,mild_master_28,-0.03315630576848046,
1039,az_itd=0_az=5,7.0,3.069509102185538e-17,1.2635177862700407e-06,4.163609865399133e-09,15.23571164527916,0.06343555931266077,4,2,hbo,True,S4_D2 hbo,mild_master_28,-0.04695116787983596,
1040,az_itd=15_az=0,7.0,3.069509102185538e-17,0.0009451806488987697,4.1382898392795185e-09,5.460684402293639,0.022597894777523917,4,2,hbo,True,S4_D2 hbo,mild_master_28,-0.09643134517445598,
1041,az_itd=5_az=0,7.0,3.069509102185538e-17,3.335138101705496e-05,4.234062274389048e-09,9.346130752916972,0.039572099632433064,4,2,hbo,True,S4_D2 hbo,mild_master_28,-0.046647678093151713,
1042,constant,7.0,3.069509102185538e-17,0.6017843195290006,5.159469038184741e-09,-0.5463687449233049,-0.002818972622863648,4,2,hbo,False,S4_D2 hbo,mild_master_28,,
1050,Linear,7.0,9.260875660995841e-17,0.07722880635158562,1.0679326464117117e-12,-2.0698942668283045,-2.210507662166381e-06,4,3,hbo,False,S4_D3 hbo,mild_master_28,,
1051,ShortHbO,7.0,9.260875660995841e-17,2.146720929011135e-13,0.0076194327797852734,143.10284321387957,1090362.4944643064,4,3,hbo,True,S4_D3 hbo,mild_master_28,,
1052,az_itd=0_az=15,7.0,9.260875660995841e-17,0.0026355487297752456,7.2290330345506984e-09,4.5501748595000455,0.03289336437230791,4,3,hbo,True,S4_D3 hbo,mild_master_28,-0.050376280331839406,
1053,az_itd=0_az=5,7.0,9.260875660995841e-17,4.117175713805029e-07,7.2320528761541524e-09,17.94806533417943,0.129801357521455,4,3,hbo,True,S4_D3 hbo,mild_master_28,-0.023277472297355342,
1054,az_itd=15_az=0,7.0,9.260875660995841e-17,8.501293030672558e-07,7.188072826715706e-09,16.14613295606207,0.1160595795580087,4,3,hbo,True,S4_D3 hbo,mild_master_28,-0.038487135704614546,
1055,az_itd=5_az=0,7.0,9.260875660995841e-17,1.3698433255627036e-06,7.3544263846093356e-09,15.056164578667913,0.11072945402837579,4,3,hbo,True,S4_D3 hbo,mild_master_28,-0.05585428719468667,
1056,constant,7.0,9.260875660995841e-17,0.5221568807577246,8.961827381359443e-09,-0.6736347591546782,-0.006036998429627868,4,3,hbo,False,S4_D3 hbo,mild_master_28,,
1064,Linear,7.0,1.9077487303151747e-16,0.10467810795441614,1.5327750515423496e-12,-1.863461629157665,-2.8562674946793303e-06,4,4,hbo,False,S4_D4 hbo,mild_master_28,,
1065,ShortHbO,7.0,1.9077487303151747e-16,9.03129384646935e-13,0.010935967273779152,116.54015054850434,1274479.2724797388,4,4,hbo,True,S4_D4 hbo,mild_master_28,,
1066,az_itd=0_az=15,7.0,1.9077487303151747e-16,0.00017574148952096257,1.037563700235738e-08,7.211178170200636,0.07482056705332552,4,4,hbo,True,S4_D4 hbo,mild_master_28,-0.07781853878193166,
1067,az_itd=0_az=5,7.0,1.9077487303151747e-16,2.203696105182901e-07,1.037997129992281e-08,19.65529324654862,0.20402137979074128,4,4,hbo,True,S4_D4 hbo,mild_master_28,-0.03714313848983483,
1068,az_itd=15_az=0,7.0,1.9077487303151747e-16,5.467428292816027e-06,1.0316847915904768e-08,12.272719077567125,0.12661577623788306,4,4,hbo,True,S4_D4 hbo,mild_master_28,-0.12290006133053004,
1069,az_itd=5_az=0,7.0,1.9077487303151747e-16,3.341819871453102e-05,1.0555610710666602e-08,9.34326989431387,0.09862391976906831,4,4,hbo,True,S4_D4 hbo,mild_master_28,-0.14426072130440604,
1070,constant,7.0,1.9077487303151747e-16,0.4534692454680912,1.2862670199784443e-08,-0.7936285215520767,-0.010208181933866883,4,4,hbo,False,S4_D4 hbo,mild_master_28,,
1078,Linear,7.0,4.5945705425108473e-17,0.1900048868678592,7.522120707227139e-13,-1.4512483742039382,-1.0916465446929163e-06,5,1,hbo,False,S5_D1 hbo,mild_master_28,,
1079,ShortHbO,7.0,4.5945705425108473e-17,1.6157719540192343e-13,0.005366845304591627,149.032620858487,799835.0214853551,5,1,hbo,True,S5_D1 hbo,mild_master_28,,
1080,az_itd=0_az=15,7.0,4.5945705425108473e-17,0.00014864028621272953,5.091862231680392e-09,7.40617647227472,0.03771123026033557,5,1,hbo,True,S5_D1 hbo,mild_master_28,0.071233290620843,
1081,az_itd=0_az=5,7.0,4.5945705425108473e-17,3.681492091713302e-07,5.093989295885632e-09,18.242679476357125,0.09292801398083571,5,1,hbo,True,S5_D1 hbo,mild_master_28,-0.007833902652818497,
1082,az_itd=15_az=0,7.0,4.5945705425108473e-17,0.00011377791448059107,5.0630113834023504e-09,7.7261087257865615,0.039117376428061595,5,1,hbo,True,S5_D1 hbo,mild_master_28,-0.049619132648676914,
1083,az_itd=5_az=0,7.0,4.5945705425108473e-17,0.000919620338855372,5.180184647723569e-09,5.486483704102119,0.028420998653975335,5,1,hbo,True,S5_D1 hbo,mild_master_28,0.13162427914646793,
1084,constant,7.0,4.5945705425108473e-17,0.5495765888960322,6.312378177259153e-09,-0.6285796017374639,-0.003967832160677817,5,1,hbo,False,S5_D1 hbo,mild_master_28,,
1092,Linear,7.0,3.815026213946966e-17,0.03874126727293637,6.854355093874026e-13,-2.5386332292749882,-1.7400693606558886e-06,5,3,hbo,True,S5_D3 hbo,mild_master_28,,
1093,ShortHbO,7.0,3.815026213946966e-17,5.777608905224462e-14,0.004890411212920026,172.62408379684874,844202.7550201552,5,3,hbo,True,S5_D3 hbo,mild_master_28,,
1094,az_itd=0_az=15,7.0,3.815026213946966e-17,7.82515670559715e-06,4.6398393728899485e-09,11.634051885437362,0.053980132004296806,5,3,hbo,True,S5_D3 hbo,mild_master_28,-0.029339201546217403,
1095,az_itd=0_az=5,7.0,3.815026213946966e-17,7.788390415391645e-08,4.641777609982604e-09,22.85096993782429,0.10606912062377835,5,3,hbo,True,S5_D3 hbo,mild_master_28,-0.027409229420479662,
1096,az_itd=15_az=0,7.0,3.815026213946966e-17,4.077211955324179e-06,4.613549717810738e-09,12.819198280108541,0.05914200860775467,5,3,hbo,True,S5_D3 hbo,mild_master_28,-0.0881094973615656,
1097,az_itd=5_az=0,7.0,3.815026213946966e-17,5.906956064573521e-08,4.720321091526444e-09,23.782402647397465,0.1122605768236846,5,3,hbo,True,S5_D3 hbo,mild_master_28,0.007601480097256798,
1098,constant,7.0,3.815026213946966e-17,0.3762769409700357,5.752005743830323e-09,-0.9446839329719318,-0.0054338274085587715,5,3,hbo,False,S5_D3 hbo,mild_master_28,,
1106,Linear,7.0,7.373083000839261e-17,0.0024906896337343752,9.528891848264264e-13,-4.597789392129691,-4.3811837858700515e-06,6,1,hbo,True,S6_D1 hbo,mild_master_28,,
1107,ShortHbO,7.0,7.373083000839261e-17,2.436589724920528e-13,0.006798626406604174,140.53604080380885,955452.0380883766,6,1,hbo,True,S6_D1 hbo,mild_master_28,,
1108,az_itd=0_az=15,7.0,7.373083000839261e-17,2.9566454736465684e-08,6.450282626457573e-09,26.279750876229134,0.16951182050457395,6,1,hbo,True,S6_D1 hbo,mild_master_28,0.17935646938410393,
1109,az_itd=0_az=5,7.0,7.373083000839261e-17,2.6729005669866847e-08,6.452977154444417e-09,26.664673441430022,0.1720665285482687,6,1,hbo,True,S6_D1 hbo,mild_master_28,0.009055634576035643,
1110,az_itd=15_az=0,7.0,7.373083000839261e-17,1.339163529594638e-08,6.4137348730151154e-09,29.45470647309609,0.18891467808092044,6,1,hbo,True,S6_D1 hbo,mild_master_28,0.1020380273003993,
1111,az_itd=5_az=0,7.0,7.373083000839261e-17,2.674586444346503e-08,6.56216792888887e-09,26.66225070685628,0.1749621665005269,6,1,hbo,True,S6_D1 hbo,mild_master_28,0.28510981689606363,
1112,constant,7.0,7.373083000839261e-17,0.26650754092094536,7.996411025238506e-09,-1.2073436215033775,-0.009654415846240993,6,1,hbo,False,S6_D1 hbo,mild_master_28,,
1120,Linear,7.0,6.272092738061193e-17,0.14727172924754803,8.788688499535948e-13,-1.6293041911491954,-1.4319447006998652e-06,6,2,hbo,False,S6_D2 hbo,mild_master_28,,
1121,ShortHbO,7.0,6.272092738061193e-17,2.956440290983905e-13,0.006270509799441943,136.70541814975164,857212.6641448261,6,2,hbo,True,S6_D2 hbo,mild_master_28,,
1122,az_itd=0_az=15,7.0,6.272092738061193e-17,1.3713707749060852e-05,5.949225328675599e-09,10.695188955501381,0.06362808902904034,6,2,hbo,True,S6_D2 hbo,mild_master_28,0.0420218078938176,
1123,az_itd=0_az=5,7.0,6.272092738061193e-17,3.600296024424985e-07,5.951710546002729e-09,18.301978085629262,0.10892807598495052,6,2,hbo,True,S6_D2 hbo,mild_master_28,-0.0037458699655873407,
1124,az_itd=15_az=0,7.0,6.272092738061193e-17,1.0657399058485654e-05,5.915516600999976e-09,11.108284158629083,0.06571123934899538,6,2,hbo,True,S6_D2 hbo,mild_master_28,-0.021827695815681027,
1125,az_itd=5_az=0,7.0,6.272092738061193e-17,0.000940638278159871,6.052419392204e-09,5.4652119868438245,0.03307775501167931,6,2,hbo,True,S6_D2 hbo,mild_master_28,0.14262028374381583,
1126,constant,7.0,6.272092738061193e-17,0.4411694678373633,7.375250630835695e-09,-0.8163913563378544,-0.006021090865839569,6,2,hbo,False,S6_D2 hbo,mild_master_28,,
1162,Linear,7.0,4.218710496564711e-17,0.0005453840929639858,7.207882496024461e-13,-5.994238212141052,-4.320576468629244e-06,7,7,hbo,True,S7_D7 hbo,mild_master_28,,
1163,ShortHbO,7.0,4.218710496564711e-17,1.9635515064716708e-13,0.0051426441871200565,144.9383290016247,745366.2551310996,7,7,hbo,True,S7_D7 hbo,mild_master_28,,
1164,az_itd=0_az=15,7.0,4.218710496564711e-17,3.829504403543633e-09,4.879148591252313e-09,35.26081631406094,0.172042762245157,7,7,hbo,True,S7_D7 hbo,mild_master_28,0.21228104268442927,
1165,az_itd=0_az=5,7.0,4.218710496564711e-17,1.1922531343202301e-09,4.881186796892663e-09,41.68659357853395,0.2034800501829704,7,7,hbo,True,S7_D7 hbo,mild_master_28,0.1374007033183486,
1166,az_itd=15_az=0,7.0,4.218710496564711e-17,6.303259354525787e-09,4.851502993369397e-09,32.825291517855646,0.15925200005709975,7,7,hbo,True,S7_D7 hbo,mild_master_28,0.13171569149861515,
1167,az_itd=5_az=0,7.0,4.218710496564711e-17,9.43448420296495e-09,4.963781319359501e-09,30.976591681732334,0.15376102712720985,7,7,hbo,True,S7_D7 hbo,mild_master_28,0.09738857146540608,
1168,constant,7.0,4.218710496564711e-17,0.24643634871198541,6.048677220566057e-09,-1.2647562782495723,-0.007650102489816094,7,7,hbo,False,S7_D7 hbo,mild_master_28,,
1176,Linear,7.0,1.0592147575272316e-16,0.0027075144668475045,1.1421150326665793e-12,-4.527582534648284,-5.171020074460458e-06,7,8,hbo,True,S7_D8 hbo,mild_master_28,,
1177,ShortHbO,7.0,1.0592147575272316e-16,1.733081791267857e-12,0.008148705583095682,106.17365555591385,865177.859806153,7,8,hbo,True,S7_D8 hbo,mild_master_28,,
1178,az_itd=0_az=15,7.0,1.0592147575272316e-16,9.867705871142817e-09,7.731187288023623e-09,30.777265462629448,0.23794480350480926,7,8,hbo,True,S7_D8 hbo,mild_master_28,0.2737234152643222,
1179,az_itd=0_az=5,7.0,1.0592147575272316e-16,1.4791249554799283e-08,7.734416898526838e-09,29.03638462576637,0.22457950392165227,7,8,hbo,True,S7_D8 hbo,mild_master_28,0.0897450196336941,
1180,az_itd=15_az=0,7.0,1.0592147575272316e-16,1.851012084119066e-08,7.687381838993968e-09,28.11393456760294,0.21612255001765557,7,8,hbo,True,S7_D8 hbo,mild_master_28,0.18868833925506737,
1181,az_itd=5_az=0,7.0,1.0592147575272316e-16,3.188490476064453e-07,7.865290904557489e-09,18.62822507269583,0.14651640923232426,7,8,hbo,True,S7_D8 hbo,mild_master_28,0.03165665189573448,
1182,constant,7.0,1.0592147575272316e-16,0.3091575910079098,9.584347670993099e-09,-1.0964645713309198,-0.010508897660561949,7,8,hbo,False,S7_D8 hbo,mild_master_28,,
1134,Linear,7.0,4.317200966868448e-17,0.07037183579803548,7.29153507345814e-13,-2.132865143728194,-1.5551861002450463e-06,7,17,hbo,False,S7_D17 hbo,mild_master_28,,
1135,ShortHbO,7.0,4.317200966868448e-17,8.095571625825567e-11,0.005202328212395745,61.275559697045956,318775.5729422819,7,17,hbo,True,S7_D17 hbo,mild_master_28,,
1136,az_itd=0_az=15,7.0,4.317200966868448e-17,2.8602105526708297e-06,4.9357745636603365e-09,13.50963493470353,0.06668051247504676,7,17,hbo,True,S7_D17 hbo,mild_master_28,0.1888087794730985,
1137,az_itd=0_az=5,7.0,4.317200966868448e-17,3.081632708277897e-05,4.937836424119595e-09,9.459742340039991,0.0467106602894358,7,17,hbo,True,S7_D17 hbo,mild_master_28,0.020178952159408996,
1138,az_itd=15_az=0,7.0,4.317200966868448e-17,6.70176196100722e-06,4.907808119049012e-09,11.906272874062031,0.05843370267893465,7,17,hbo,True,S7_D17 hbo,mild_master_28,0.09200425388990713,
1139,az_itd=5_az=0,7.0,4.317200966868448e-17,8.622074754141439e-07,5.021389514472364e-09,16.112850775098014,0.08090889993033507,7,17,hbo,True,S7_D17 hbo,mild_master_28,0.09499823357061456,
1140,constant,7.0,4.317200966868448e-17,0.5957596243711519,6.118876400400607e-09,-0.5556415758611432,-0.0033999021256181524,7,17,hbo,False,S7_D17 hbo,mild_master_28,,
1148,Linear,7.0,5.687620882067209e-17,0.08387483219746311,8.369184775757124e-13,-2.0139563221392995,-1.6855172590288036e-06,7,18,hbo,False,S7_D18 hbo,mild_master_28,,
1149,ShortHbO,7.0,5.687620882067209e-17,1.4638752248249734e-11,0.005971204367124436,78.25868186331239,467298.58290761284,7,18,hbo,True,S7_D18 hbo,mild_master_28,,
1150,az_itd=0_az=15,7.0,5.687620882067209e-17,2.8998700483385725e-05,5.66525552145004e-09,9.5479274813799,0.054091448882292066,7,18,hbo,True,S7_D18 hbo,mild_master_28,0.12066737250436604,
1151,az_itd=0_az=5,7.0,5.687620882067209e-17,1.3889498937581927e-06,5.66762211380563e-09,15.025585348213346,0.08515933979240782,7,18,hbo,True,S7_D18 hbo,mild_master_28,-0.020195076675001717,
1152,az_itd=15_az=0,7.0,5.687620882067209e-17,2.8932781814055383e-05,5.633155786604748e-09,9.55124249263718,0.05380363691666428,7,18,hbo,True,S7_D18 hbo,mild_master_28,0.0399702704481799,
1153,az_itd=5_az=0,7.0,5.687620882067209e-17,9.138442881222445e-06,5.763523901934341e-09,11.367229665050322,0.06551529987329462,7,18,hbo,True,S7_D18 hbo,mild_master_28,0.016696053483802296,
1154,constant,7.0,5.687620882067209e-17,0.6241028509914867,7.023213452182582e-09,-0.51245327639263,-0.003599068744375758,7,18,hbo,False,S7_D18 hbo,mild_master_28,,
1232,Linear,7.0,3.317152585386306e-17,0.027627850167579383,6.391467145977882e-13,-2.7716631890743475,-1.7714994212684972e-06,8,6,hbo,True,S8_D6 hbo,mild_master_28,,
1233,ShortHbO,7.0,3.317152585386306e-17,2.4507445928959365e-14,0.0045601522199565595,195.1274616635486,889810.9274795196,8,6,hbo,True,S8_D6 hbo,mild_master_28,,
1234,az_itd=0_az=15,7.0,3.317152585386306e-17,0.337731649933505,4.326501984255931e-09,1.0289661818052402,0.004451824227312621,8,6,hbo,False,S8_D6 hbo,mild_master_28,0.07166577287641163,
1235,az_itd=0_az=5,7.0,3.317152585386306e-17,5.3955785655498235e-08,4.32830932842313e-09,24.095426745351304,0.10429246035424024,8,6,hbo,True,S8_D6 hbo,mild_master_28,0.05610894685234378,
1236,az_itd=15_az=0,7.0,3.317152585386306e-17,5.720349452763311e-08,4.301987720781598e-09,23.892913392837578,0.10278702002968546,8,6,hbo,True,S8_D6 hbo,mild_master_28,0.07196636970351361,
1237,az_itd=5_az=0,7.0,3.317152585386306e-17,1.3844550287909353e-07,4.401548615700037e-09,21.025791873381124,0.09254604511427778,8,6,hbo,True,S8_D6 hbo,mild_master_28,0.050737799237820624,
1238,constant,7.0,3.317152585386306e-17,0.42121146179376834,5.363561594295663e-09,-0.8542978014026683,-0.004582078877694576,8,6,hbo,False,S8_D6 hbo,mild_master_28,,
1246,Linear,7.0,3.281769406104085e-17,0.0018107566676690847,6.357287720762902e-13,-4.87168667766954,-3.0970713895352785e-06,8,7,hbo,True,S8_D7 hbo,mild_master_28,,
1247,ShortHbO,7.0,3.281769406104085e-17,8.554379382362674e-15,0.004535766053492571,226.79264960886042,1028678.4012775043,8,7,hbo,True,S8_D7 hbo,mild_master_28,,
1248,az_itd=0_az=15,7.0,3.281769406104085e-17,2.392002406760243e-06,4.3033653009818265e-09,13.870802790683143,0.059691131426187725,8,7,hbo,True,S8_D7 hbo,mild_master_28,0.18149931738485728,
1249,az_itd=0_az=5,7.0,3.281769406104085e-17,6.3424022215997684e-09,4.305162980077862e-09,32.79610640876119,0.14119258320169298,8,7,hbo,True,S8_D7 hbo,mild_master_28,0.13351863835771277,
1250,az_itd=15_az=0,7.0,3.281769406104085e-17,5.0803392469107455e-09,4.2789821315765056e-09,33.85830860064419,0.14487909750755962,8,7,hbo,True,S8_D7 hbo,mild_master_28,0.14237998732288726,
1251,az_itd=5_az=0,7.0,3.281769406104085e-17,3.948853114765524e-09,4.378010608180889e-09,35.1057889995555,0.15369351664861391,8,7,hbo,True,S8_D7 hbo,mild_master_28,0.16320830984251405,
1252,constant,7.0,3.281769406104085e-17,0.2812496689651199,5.334879063632336e-09,-1.167456235069325,-0.0062282378261783716,8,7,hbo,False,S8_D7 hbo,mild_master_28,,
1260,Linear,7.0,5.868265567211429e-17,0.0003068070827304637,8.501052849184508e-13,-6.591202457354353,-5.603216042964415e-06,8,8,hbo,True,S8_D8 hbo,mild_master_28,,
1261,ShortHbO,7.0,5.868265567211429e-17,1.2136625705584608e-13,0.006065288944897742,155.25325041551343,941655.8234046545,8,8,hbo,True,S8_D8 hbo,mild_master_28,,
1262,az_itd=0_az=15,7.0,5.868265567211429e-17,2.6245690119952842e-09,5.7545194522992535e-09,37.22580796900879,0.21421663608521765,8,8,hbo,True,S8_D8 hbo,mild_master_28,0.2771179032071953,
1263,az_itd=0_az=5,7.0,5.868265567211429e-17,5.908996241319494e-10,5.756923333588339e-09,46.0986587235862,0.26538644405293904,8,8,hbo,True,S8_D8 hbo,mild_master_28,0.21352381693998054,
1264,az_itd=15_az=0,7.0,5.868265567211429e-17,1.5681295450555284e-09,5.7219139417655284e-09,40.0803196292916,0.22933613967726216,8,8,hbo,True,S8_D8 hbo,mild_master_28,0.21737959780752525,
1265,az_itd=5_az=0,7.0,5.868265567211429e-17,8.888358750820374e-09,5.8543361869375735e-09,31.243301006561946,0.1829087876820987,8,8,hbo,True,S8_D8 hbo,mild_master_28,0.16709743125063517,
1266,constant,7.0,5.868265567211429e-17,0.18373937366132445,7.133873887102281e-09,-1.4749059002220601,-0.010521792687527239,8,8,hbo,False,S8_D8 hbo,mild_master_28,,
1190,Linear,7.0,1.7369200657765006e-17,0.5579379425425747,4.624957566934236e-13,0.6151146302189231,2.8448790635629626e-07,8,16,hbo,False,S8_D16 hbo,mild_master_28,,
1191,ShortHbO,7.0,1.7369200657765006e-17,1.6615679824977106e-13,0.0032997917433295726,148.4385981283196,489816.4604952455,8,16,hbo,True,S8_D16 hbo,mild_master_28,,
1192,az_itd=0_az=15,7.0,1.7369200657765006e-17,3.5558528262479036e-06,3.130719071760007e-09,-13.08166912921999,-0.04095503103330314,8,16,hbo,True,S8_D16 hbo,mild_master_28,0.005999956499478398,
1193,az_itd=0_az=5,7.0,1.7369200657765006e-17,0.03278186835829698,3.1320268919977127e-09,-2.653350958144811,-0.008310366554817447,8,16,hbo,True,S8_D16 hbo,mild_master_28,-0.026104494402937117,
1194,az_itd=15_az=0,7.0,1.7369200657765006e-17,0.31172178528441025,3.112980198076712e-09,1.0902077379930781,0.003393795100162456,8,16,hbo,False,S8_D16 hbo,mild_master_28,0.016839426495692138,
1195,az_itd=5_az=0,7.0,1.7369200657765006e-17,0.03165352738819773,3.1850238938052496e-09,2.677504132571466,0.00852791463800242,8,16,hbo,True,S8_D16 hbo,mild_master_28,0.009691448308397877,
1196,constant,7.0,1.7369200657765006e-17,0.824351678980255,3.8811503235006116e-09,-0.2304239000878772,-0.0008943097943683372,8,16,hbo,False,S8_D16 hbo,mild_master_28,,
1204,Linear,7.0,5.2364730285123064e-17,0.4892766894319388,8.030401728430709e-13,-0.729681206895892,-5.859633225060177e-07,8,17,hbo,False,S8_D17 hbo,mild_master_28,,
1205,ShortHbO,7.0,5.2364730285123064e-17,8.551018705157082e-12,0.00572949112193919,84.51214191833407,484211.5668171599,8,17,hbo,True,S8_D17 hbo,mild_master_28,,
1206,az_itd=0_az=15,7.0,5.2364730285123064e-17,0.02701978637546729,5.435927028787382e-09,-2.7871260986106967,-0.015150614092076612,8,17,hbo,True,S8_D17 hbo,mild_master_28,0.1102617929856937,
1207,az_itd=0_az=5,7.0,5.2364730285123064e-17,0.0005980596795531046,5.438197821923396e-09,5.902350298004641,0.03209814853483775,8,17,hbo,True,S8_D17 hbo,mild_master_28,0.08009659311400452,
1208,az_itd=15_az=0,7.0,5.2364730285123064e-17,0.0006931525281240263,5.4051266852544634e-09,5.757363764324177,0.0311192805192657,8,17,hbo,True,S8_D17 hbo,mild_master_28,0.10155653236416247,
1209,az_itd=5_az=0,7.0,5.2364730285123064e-17,1.2178910774378812e-05,5.530217523457436e-09,10.887887097047908,0.06021238401752045,8,17,hbo,True,S8_D17 hbo,mild_master_28,0.14239100080523767,
1210,constant,7.0,5.2364730285123064e-17,0.7813473272066518,6.738915074370863e-09,-0.28846269092110005,-0.0019439255762417843,8,17,hbo,False,S8_D17 hbo,mild_master_28,,
1218,Linear,7.0,2.5958974619853526e-17,0.1176345316285653,5.65407549784607e-13,-1.783829261457389,-1.0085905319547074e-06,8,18,hbo,False,S8_D18 hbo,mild_master_28,,
1219,ShortHbO,7.0,2.5958974619853526e-17,3.669230977516976e-12,0.0040340416909645125,95.3787339510368,384761.78918989486,8,18,hbo,True,S8_D18 hbo,mild_master_28,,
1220,az_itd=0_az=15,7.0,2.5958974619853526e-17,0.26019683145128936,3.827347978461863e-09,-1.2249873970851881,-0.0046884530378752546,8,18,hbo,False,S8_D18 hbo,mild_master_28,0.10804469097135358,
1221,az_itd=0_az=5,7.0,2.5958974619853526e-17,1.9775912394257436e-07,3.828946807046685e-09,19.966516535095597,0.07645072973489912,8,18,hbo,True,S8_D18 hbo,mild_master_28,0.09108220171187684,
1222,az_itd=15_az=0,7.0,2.5958974619853526e-17,6.3465879081722815e-06,3.805661956568566e-09,12.003299963478879,0.04568050202429243,8,18,hbo,True,S8_D18 hbo,mild_master_28,0.08250234743325564,
1223,az_itd=5_az=0,7.0,2.5958974619853526e-17,6.987673143344287e-06,3.893736385122301e-09,11.832320451334898,0.046071936661789416,8,18,hbo,True,S8_D18 hbo,mild_master_28,0.08348761960076889,
1224,constant,7.0,2.5958974619853526e-17,0.6342721383714646,4.74476070968765e-09,-0.4972150004957384,-0.002359166198619505,8,18,hbo,False,S8_D18 hbo,mild_master_28,,
1316,Linear,7.0,2.7270722558175466e-17,0.028252189674710104,5.795169712364131e-13,-2.756153409595526,-1.5972376761917122e-06,9,5,hbo,True,S9_D5 hbo,mild_master_28,,
1317,ShortHbO,7.0,2.7270722558175466e-17,3.122900766260003e-14,0.004134708890038275,188.48582246287495,779334.0057834251,9,5,hbo,True,S9_D5 hbo,mild_master_28,,
1318,az_itd=0_az=15,7.0,2.7270722558175466e-17,2.044614325176011e-05,3.922857254366312e-09,10.068964239560302,0.03949910941111411,9,5,hbo,True,S9_D5 hbo,mild_master_28,0.055222064042656005,
1319,az_itd=0_az=5,7.0,2.7270722558175466e-17,2.1047283163425396e-07,3.924495980802411e-09,19.786814032230183,0.0776532721423721,9,5,hbo,True,S9_D5 hbo,mild_master_28,0.017137328374882663,
1320,az_itd=15_az=0,7.0,2.7270722558175466e-17,3.47555195506351e-07,3.9006300702217825e-09,18.396116961206275,0.07175644699419814,9,5,hbo,True,S9_D5 hbo,mild_master_28,0.05164088214639761,
1321,az_itd=5_az=0,7.0,2.7270722558175466e-17,1.9183090378845782e-07,3.9909023456773934e-09,20.05487120841195,0.08003703254790927,9,5,hbo,True,S9_D5 hbo,mild_master_28,0.04176691683232595,
1322,constant,7.0,2.7270722558175466e-17,0.4510971630077849,4.86316349466365e-09,-0.7979847213251591,-0.0038807301660478593,9,5,hbo,False,S9_D5 hbo,mild_master_28,,
1330,Linear,7.0,3.4306790834498316e-17,0.3853837866699411,6.499918087690003e-13,-0.9257424815379365,-6.017250300291462e-07,9,7,hbo,False,S9_D7 hbo,mild_master_28,,
1331,ShortHbO,7.0,3.4306790834498316e-17,3.088303475595631e-14,0.004637529258953956,188.7860863088753,875500.998940816,9,7,hbo,True,S9_D7 hbo,mild_master_28,,
1332,az_itd=0_az=15,7.0,3.4306790834498316e-17,0.34945673605128647,4.399914426782087e-09,1.002573216241501,0.004411236358046298,9,7,hbo,False,S9_D7 hbo,mild_master_28,0.024909136984338488,
1333,az_itd=0_az=5,7.0,3.4306790834498316e-17,0.0023360950072894575,4.401752438114188e-09,4.652100871145049,0.02047739635191586,9,7,hbo,True,S9_D7 hbo,mild_master_28,-0.008650856498705957,
1334,az_itd=15_az=0,7.0,3.4306790834498316e-17,0.00023211706127070257,4.374984203263144e-09,6.896215807416793,0.030170835219742054,9,7,hbo,True,S9_D7 hbo,mild_master_28,-0.03094408418921988,
1335,az_itd=5_az=0,7.0,3.4306790834498316e-17,3.660341808623659e-05,4.476234455658512e-09,9.213936714758391,0.0412437409948585,9,7,hbo,True,S9_D7 hbo,mild_master_28,-0.019372230105934675,
1336,constant,7.0,3.4306790834498316e-17,0.7789214994749858,5.454570949823429e-09,-0.2917674668219805,-0.001591466348630746,9,7,hbo,False,S9_D7 hbo,mild_master_28,,
1274,Linear,7.0,2.8503635110245857e-17,0.9581388737084016,5.924721782143455e-13,0.05439694633220208,3.222867728164862e-08,9,15,hbo,False,S9_D15 hbo,mild_master_28,,
1275,ShortHbO,7.0,2.8503635110245857e-17,1.5535689379153375e-13,0.00422714105703704,149.87102082874435,633525.9454052387,9,15,hbo,True,S9_D15 hbo,mild_master_28,,
1276,az_itd=0_az=15,7.0,2.8503635110245857e-17,0.7299170195842279,4.010553439633796e-09,-0.35936658987939907,-0.0014412589131302916,9,15,hbo,False,S9_D15 hbo,mild_master_28,0.002533086565682083,
1277,az_itd=0_az=5,7.0,2.8503635110245857e-17,0.010373458458635644,4.0122288000965294e-09,-3.4723096418630885,-0.01393170074793595,9,15,hbo,True,S9_D15 hbo,mild_master_28,-0.1113166296695435,
1278,az_itd=15_az=0,7.0,2.8503635110245857e-17,0.9195946965194426,3.987829362757177e-09,0.10464253552086968,0.000417296575743485,9,15,hbo,False,S9_D15 hbo,mild_master_28,-0.018854977777603074,
1279,az_itd=5_az=0,7.0,2.8503635110245857e-17,0.007602820757253781,4.080119691300002e-09,3.7051904605782062,0.015117620558222064,9,15,hbo,True,S9_D15 hbo,mild_master_28,-0.007535460146577253,
1280,constant,7.0,2.8503635110245857e-17,0.8465078289199628,4.971880396442167e-09,-0.20087557842495332,-0.0009987293504950066,9,15,hbo,False,S9_D15 hbo,mild_master_28,,
1288,Linear,7.0,3.165221531948484e-17,0.8263593521069681,6.243381771265729e-13,-0.22773740006771168,-1.4218515322182017e-07,9,16,hbo,False,S9_D16 hbo,mild_master_28,,
1289,ShortHbO,7.0,3.165221531948484e-17,3.5458746552389884e-13,0.004454497002646762,133.1995299068798,593336.9067241539,9,16,hbo,True,S9_D16 hbo,mild_master_28,,
1290,az_itd=0_az=15,7.0,3.165221531948484e-17,0.032855480601598486,4.226260263083258e-09,2.6518054498845425,0.011207219998274663,9,16,hbo,True,S9_D16 hbo,mild_master_28,0.0038200804629895248,
1291,az_itd=0_az=5,7.0,3.165221531948484e-17,0.37776704000069183,4.2280257324770884e-09,-0.9415611958639807,-0.003980944964814811,9,16,hbo,False,S9_D16 hbo,mild_master_28,-0.09975935479047102,
1292,az_itd=15_az=0,7.0,3.165221531948484e-17,0.001084028048399598,4.202313976226732e-09,5.332907197629661,0.02241055045051926,9,16,hbo,True,S9_D16 hbo,mild_master_28,0.009556598652065982,
1293,az_itd=5_az=0,7.0,3.165221531948484e-17,0.06788516594683537,4.299568121834888e-09,2.1572285760504384,0.009275151217097734,9,16,hbo,False,S9_D16 hbo,mild_master_28,-0.01921134587370696,
1294,constant,7.0,3.165221531948484e-17,0.6327484486232424,5.239292000109794e-09,-0.4994899996805421,-0.0026169739594611077,9,16,hbo,False,S9_D16 hbo,mild_master_28,,
1302,Linear,7.0,1.720393441263806e-17,0.6642909791879988,4.602901967914382e-13,0.4529492225941151,2.0848808680437415e-07,9,17,hbo,False,S9_D17 hbo,mild_master_28,,
1303,ShortHbO,7.0,1.720393441263806e-17,1.2501509397986316e-13,0.003284055624135695,154.59749060634996,507706.7585030489,9,17,hbo,True,S9_D17 hbo,mild_master_28,,
1304,az_itd=0_az=15,7.0,1.720393441263806e-17,0.017486185671027006,3.115789230028222e-09,-3.0932857831763827,-0.009638026528620388,9,17,hbo,True,S9_D17 hbo,mild_master_28,0.008570201709569703,
1305,az_itd=0_az=5,7.0,1.720393441263806e-17,0.07917125164515211,3.1170908135041117e-09,2.0530663880851954,0.0063995943778144306,9,17,hbo,False,S9_D17 hbo,mild_master_28,-0.009313908502789188,
1306,az_itd=15_az=0,7.0,1.720393441263806e-17,0.0033546614980111936,3.0981349498745666e-09,-4.350046988058458,-0.013477032607300501,9,17,hbo,True,S9_D17 hbo,mild_master_28,0.0019257226247503445,
1307,az_itd=5_az=0,7.0,1.720393441263806e-17,0.3543683196079163,3.169835082047785e-09,-0.9917222024480743,-0.0031435958289656014,9,17,hbo,False,S9_D17 hbo,mild_master_28,-0.0009332769623494032,
1308,constant,7.0,1.720393441263806e-17,0.8429351488777612,3.862641808766788e-09,-0.2056260355068189,-0.0007942597217196028,9,17,hbo,False,S9_D17 hbo,mild_master_28,,
56,Linear,7.0,7.659099189654078e-17,0.4348293704711512,9.711955488563394e-13,-0.8282988339983561,-8.044401407020994e-07,10,6,hbo,False,S10_D6 hbo,mild_master_28,,
57,ShortHbO,7.0,7.659099189654078e-17,5.428752997420628e-13,0.006929237743037116,125.33362305187161,868466.4713226155,10,6,hbo,True,S10_D6 hbo,mild_master_28,,
58,az_itd=0_az=15,7.0,7.659099189654078e-17,0.12765867288639612,6.574201780684584e-09,1.7277993080249137,0.011358901287482978,10,6,hbo,False,S10_D6 hbo,mild_master_28,0.0037331446312976724,
59,az_itd=0_az=5,7.0,7.659099189654078e-17,0.00013106121490329015,6.576948074407676e-09,7.555474177723549,0.049691961344415815,10,6,hbo,True,S10_D6 hbo,mild_master_28,0.0412879522158208,
60,az_itd=15_az=0,7.0,7.659099189654078e-17,0.00010768951553720345,6.536951892629154e-09,7.7933084635446,0.05094448251061067,10,6,hbo,True,S10_D6 hbo,mild_master_28,0.06612988851729185,
61,az_itd=5_az=0,7.0,7.659099189654078e-17,0.011896419033540087,6.688236559790105e-09,3.371469269241578,0.022549184026750355,10,6,hbo,True,S10_D6 hbo,mild_master_28,-0.08297338935764809,
62,constant,7.0,7.659099189654078e-17,0.899878423283379,8.150033517225854e-09,-0.1304522311016676,-0.0010631900558754836,10,6,hbo,False,S10_D6 hbo,mild_master_28,,
0,Linear,7.0,5.664889634132807e-17,0.16401852541012335,8.352443814988855e-13,-1.5544803104872935,-1.2983709454851552e-06,10,14,hbo,False,S10_D14 hbo,mild_master_28,,
1,ShortHbO,7.0,5.664889634132807e-17,2.5694706449076154e-14,0.005959260109621734,193.81296491440645,1154981.870541939,10,14,hbo,True,S10_D14 hbo,mild_master_28,,
2,az_itd=0_az=15,7.0,5.664889634132807e-17,2.371918144826266e-05,5.6539232563647305e-09,9.844587087242932,0.05566053988187073,10,14,hbo,True,S10_D14 hbo,mild_master_28,0.16067346999410692,
3,az_itd=0_az=5,7.0,5.664889634132807e-17,4.782649165794017e-06,5.6562851148028795e-09,12.519233210735752,0.07081235245863049,10,14,hbo,True,S10_D14 hbo,mild_master_28,0.1776432654778375,
4,az_itd=15_az=0,7.0,5.664889634132807e-17,0.00012766074646998783,5.621887730927657e-09,7.586960503650015,0.04265304017050274,10,14,hbo,True,S10_D14 hbo,mild_master_28,0.16287935770898473,
5,az_itd=5_az=0,7.0,5.664889634132807e-17,1.5370344080201004e-05,5.751995069662798e-09,10.5129245277382,0.06047029005128723,10,14,hbo,True,S10_D14 hbo,mild_master_28,0.12964023606294284,
6,constant,7.0,5.664889634132807e-17,0.38923818602607,7.009164850793024e-09,-0.9178267200453278,-0.00643319878526036,10,14,hbo,False,S10_D14 hbo,mild_master_28,,
14,Linear,7.0,2.6401564204382917e-17,0.21860129386132,5.702071587206154e-13,-1.351430970999464,-7.705956141806469e-07,10,15,hbo,False,S10_D15 hbo,mild_master_28,,
15,ShortHbO,7.0,2.6401564204382917e-17,2.4862140342397958e-14,0.004068285702307411,194.72726077220244,792206.1308490379,10,15,hbo,True,S10_D15 hbo,mild_master_28,,
16,az_itd=0_az=15,7.0,2.6401564204382917e-17,0.03321797209205137,3.859837416506399e-09,2.644247081247442,0.010206363822686713,10,15,hbo,True,S10_D15 hbo,mild_master_28,0.052096777673453235,
17,az_itd=0_az=5,7.0,2.6401564204382917e-17,7.792216191578685e-06,3.861449817163199e-09,11.641385901419515,0.04495262746056262,10,15,hbo,True,S10_D15 hbo,mild_master_28,-0.014918948790786792,
18,az_itd=15_az=0,7.0,2.6401564204382917e-17,0.00020254163490319183,3.837967307180054e-09,7.049132115486142,0.027054338603228784,10,15,hbo,True,S10_D15 hbo,mild_master_28,0.024707158253859413,
19,az_itd=5_az=0,7.0,2.6401564204382917e-17,5.200438738384633e-05,3.9267893784111486e-09,8.729386829857885,0.034278463483528115,10,15,hbo,True,S10_D15 hbo,mild_master_28,0.016875654314453932,
20,constant,7.0,2.6401564204382917e-17,0.5796074774434197,4.785037844137153e-09,-0.5807654020113407,-0.002778984427189793,10,15,hbo,False,S10_D15 hbo,mild_master_28,,
28,Linear,7.0,2.686519282861535e-17,0.6390116224485825,5.751919739379181e-13,-0.49015659725130734,-2.8193414071167255e-07,10,16,hbo,False,S10_D16 hbo,mild_master_28,,
29,ShortHbO,7.0,2.686519282861535e-17,5.5174913555677003e-14,0.004103851114223141,173.7640970273989,713101.9831978689,10,16,hbo,True,S10_D16 hbo,mild_master_28,,
30,az_itd=0_az=15,7.0,2.686519282861535e-17,0.00028909227354457926,3.893580550025252e-09,6.655344706772832,0.025913120704004207,10,16,hbo,True,S10_D16 hbo,mild_master_28,0.0633726842405537,
31,az_itd=0_az=5,7.0,2.686519282861535e-17,0.027931191590924522,3.895207046470235e-09,-2.7640822222937578,-0.010766672549301753,10,16,hbo,True,S10_D16 hbo,mild_master_28,-0.08663962440798442,
32,az_itd=15_az=0,7.0,2.686519282861535e-17,0.3744433174608001,3.871519249739434e-09,-0.9485394414328078,-0.0036722887066442055,10,16,hbo,False,S10_D16 hbo,mild_master_28,-0.02269102852633602,
33,az_itd=5_az=0,7.0,2.686519282861535e-17,0.0003434171340284334,3.961117813523338e-09,6.470907451510231,0.025632026775838083,10,16,hbo,True,S10_D16 hbo,mild_master_28,0.014880771871687475,
34,constant,7.0,2.686519282861535e-17,0.7523706024861154,4.8268691840213145e-09,-0.3281845041312515,-0.0015841036696644538,10,16,hbo,False,S10_D16 hbo,mild_master_28,,
42,Linear,7.0,1.6101363509627288e-17,0.7155133272828827,4.452963791762467e-13,-0.37957585686590317,-1.6902375468510796e-07,10,21,hbo,False,S10_D21 hbo,mild_master_28,,
43,ShortHbO,7.0,1.6101363509627288e-17,3.848338665369215e-14,0.0031770784792612724,182.94352807037265,581225.9459525114,10,21,hbo,True,S10_D21 hbo,mild_master_28,,
44,az_itd=0_az=15,7.0,1.6101363509627288e-17,0.0005100239867152572,3.014293313391116e-09,-6.061680967476134,-0.018271684408173502,10,21,hbo,True,S10_D21 hbo,mild_master_28,0.04668538405033637,
45,az_itd=0_az=5,7.0,1.6101363509627288e-17,0.0024479732805723735,3.0155524981685663e-09,4.612415862291759,0.013908982176126237,10,21,hbo,True,S10_D21 hbo,mild_master_28,0.029641962412601874,
46,az_itd=15_az=0,7.0,1.6101363509627288e-17,0.023236236914317185,2.9972141162146705e-09,2.8924085358854947,0.008669167693615814,10,21,hbo,True,S10_D21 hbo,mild_master_28,0.0974775112522686,
47,az_itd=5_az=0,7.0,1.6101363509627288e-17,1.909976454219816e-05,3.066578637696451e-09,10.1734004830598,0.03119753259408194,10,21,hbo,True,S10_D21 hbo,mild_master_28,0.08245074745706517,
48,constant,7.0,1.6101363509627288e-17,0.6396095721657675,3.736817389308851e-09,-0.4892680059406079,-0.0018283051926313298,10,21,hbo,False,S10_D21 hbo,mild_master_28,,
126,Linear,7.0,4.587964326572937e-17,0.2289101464843623,7.516710992810792e-13,-1.318267719124567,-9.909037455811244e-07,11,3,hbo,False,S11_D3 hbo,mild_master_28,,
127,ShortHbO,7.0,4.587964326572937e-17,2.7493789286562102e-14,0.005362985608430854,191.94792314722332,1029413.9494067503,11,3,hbo,True,S11_D3 hbo,mild_master_28,,
128,az_itd=0_az=15,7.0,4.587964326572937e-17,0.02629516225954456,5.088200296224569e-09,2.8060373079706142,0.014277679861633271,11,3,hbo,True,S11_D3 hbo,mild_master_28,-0.04843717788480902,
129,az_itd=0_az=5,7.0,4.587964326572937e-17,3.4604051693502e-06,5.0903258307003155e-09,13.13445892891508,0.06685867555812883,11,3,hbo,True,S11_D3 hbo,mild_master_28,-0.10750916739763614,
130,az_itd=15_az=0,7.0,4.587964326572937e-17,0.0007093364492856562,5.059370196729474e-09,5.73491339318273,0.029015049902293404,11,3,hbo,True,S11_D3 hbo,mild_master_28,-0.13968734237943387,
131,az_itd=5_az=0,7.0,4.587964326572937e-17,8.673159177962428e-06,5.176459193073365e-09,11.456472613622342,0.05930396298097861,11,3,hbo,True,S11_D3 hbo,mild_master_28,-0.030871572226188356,
132,constant,7.0,4.587964326572937e-17,0.582524436204521,6.3078384783423105e-09,-0.576199013315632,-0.0036345703073752166,11,3,hbo,False,S11_D3 hbo,mild_master_28,,
140,Linear,7.0,8.223659599703652e-17,0.054753496611957414,1.0063531237925552e-12,-2.302938550711632,-2.3175694044109508e-06,11,4,hbo,False,S11_D4 hbo,mild_master_28,,
141,ShortHbO,7.0,8.223659599703652e-17,3.624223699512145e-14,0.007180078261703577,184.51868419777776,1324858.5932866114,11,4,hbo,True,S11_D4 hbo,mild_master_28,,
142,az_itd=0_az=15,7.0,8.223659599703652e-17,1.9442747857556134e-05,6.812189889281663e-09,10.146020780105843,0.06911662017467868,11,4,hbo,True,S11_D4 hbo,mild_master_28,0.012021043484841875,
143,az_itd=0_az=5,7.0,8.223659599703652e-17,6.727080173236036e-08,6.815035599674735e-09,23.339915772050666,0.1590623568799351,11,4,hbo,True,S11_D4 hbo,mild_master_28,-0.02994732641522711,
144,az_itd=15_az=0,7.0,8.223659599703652e-17,2.916423632331746e-06,6.7735915439230494e-09,13.470848625563827,0.09124602633958658,11,4,hbo,True,S11_D4 hbo,mild_master_28,-0.060419649754019554,
145,az_itd=5_az=0,7.0,8.223659599703652e-17,2.7425558091986113e-06,6.930352762154147e-09,13.593700103258367,0.09420913705851174,11,4,hbo,True,S11_D4 hbo,mild_master_28,-0.00654639767743864,
146,constant,7.0,8.223659599703652e-17,0.3703851251719716,8.445067215075845e-09,-0.9571236688201876,-0.008082973716326478,11,4,hbo,False,S11_D4 hbo,mild_master_28,,
70,Linear,7.0,3.638011197697949e-17,0.7301910537497786,6.693447356991907e-13,0.3589837231858931,2.4028386531617307e-07,11,11,hbo,False,S11_D11 hbo,mild_master_28,,
71,ShortHbO,7.0,3.638011197697949e-17,4.8262483844838515e-14,0.00477560756036383,177.1194672284562,845853.0667838291,11,11,hbo,True,S11_D11 hbo,mild_master_28,,
72,az_itd=0_az=15,7.0,3.638011197697949e-17,0.06432269147777898,4.530917958290999e-09,2.1937396921130334,0.00993965456681071,11,11,hbo,False,S11_D11 hbo,mild_master_28,-0.0811791847448382,
73,az_itd=0_az=5,7.0,3.638011197697949e-17,5.236618471158839e-05,4.532810694772751e-09,8.720045106805953,0.03952631371903083,11,11,hbo,True,S11_D11 hbo,mild_master_28,-0.13680911164405424,
74,az_itd=15_az=0,7.0,3.638011197697949e-17,0.0005478670956771083,4.505245459580882e-09,-5.989687502331418,-0.026985012424186973,11,11,hbo,True,S11_D11 hbo,mild_master_28,-0.18684554968672282,
75,az_itd=5_az=0,7.0,3.638011197697949e-17,7.194889343004899e-06,4.609510348022175e-09,-11.780840611552179,-0.05430390670734966,11,11,hbo,True,S11_D11 hbo,mild_master_28,-0.14202615284123948,
76,constant,7.0,3.638011197697949e-17,0.7992172194017396,5.616975939553057e-09,-0.26422448299128787,-0.00148414256360291,11,11,hbo,False,S11_D11 hbo,mild_master_28,,
84,Linear,7.0,3.909839178463688e-17,0.7677375860399984,6.939006325771418e-13,0.30705096940971727,2.1306286190682742e-07,11,12,hbo,False,S11_D12 hbo,mild_master_28,,
85,ShortHbO,7.0,3.909839178463688e-17,3.240402022888837e-14,0.004950807753220147,187.49373278797876,928245.4259669116,11,12,hbo,True,S11_D12 hbo,mild_master_28,,
86,az_itd=0_az=15,7.0,3.909839178463688e-17,0.025902098568281736,4.6971413529219115e-09,-2.8165258553774377,-0.013229620066867124,11,12,hbo,True,S11_D12 hbo,mild_master_28,0.05961136548890708,
87,az_itd=0_az=5,7.0,3.909839178463688e-17,0.29746379005420365,4.6991035272275295e-09,1.1255441598803655,0.0052890485317441715,11,12,hbo,False,S11_D12 hbo,mild_master_28,0.023057793668663056,
88,az_itd=15_az=0,7.0,3.909839178463688e-17,0.07006700375332993,4.670527020807717e-09,-2.135804991996391,-0.009975334926295152,11,12,hbo,False,S11_D12 hbo,mild_master_28,0.03899758348829905,
89,az_itd=5_az=0,7.0,3.909839178463688e-17,0.004133647955906392,4.778617020155247e-09,-4.180699253427826,-0.019977960608580543,11,12,hbo,True,S11_D12 hbo,mild_master_28,0.07103333287155301,
90,constant,7.0,3.909839178463688e-17,0.8170198913766444,5.823042969860716e-09,-0.2402509012530086,-0.001398991321544033,11,12,hbo,False,S11_D12 hbo,mild_master_28,,
98,Linear,7.0,6.099011516575634e-17,0.6453485065466085,8.666576263580237e-13,-0.4807611211355869,-4.1665529208859e-07,11,13,hbo,False,S11_D13 hbo,mild_master_28,,
99,ShortHbO,7.0,6.099011516575634e-17,3.820537877907071e-14,0.006183385768110933,183.13314708345337,1132382.8953451917,11,13,hbo,True,S11_D13 hbo,mild_master_28,,
100,az_itd=0_az=15,7.0,6.099011516575634e-17,0.014169599354007604,5.866565304130721e-09,-3.244244847650627,-0.019032574261332025,11,13,hbo,True,S11_D13 hbo,mild_master_28,0.07849638508600397,
101,az_itd=0_az=5,7.0,6.099011516575634e-17,3.568321830814977e-06,5.8690159912267856e-09,13.074892051749993,0.07673675053528471,11,13,hbo,True,S11_D13 hbo,mild_master_28,0.07466142278604547,
102,az_itd=15_az=0,7.0,6.099011516575634e-17,0.016600796441171767,5.833324933947562e-09,3.1303840840207866,0.018260547530151054,11,13,hbo,True,S11_D13 hbo,mild_master_28,0.05999524518119281,
103,az_itd=5_az=0,7.0,6.099011516575634e-17,0.003099918008780751,5.9683255635328895e-09,4.415018746470652,0.026350269248037732,11,13,hbo,True,S11_D13 hbo,mild_master_28,0.0756483338287935,
104,constant,7.0,6.099011516575634e-17,0.4594343403074872,7.272777054111174e-09,-0.7827430721739748,-0.0056927158545713695,11,13,hbo,False,S11_D13 hbo,mild_master_28,,
112,Linear,7.0,3.6272403489527645e-17,0.9706806148575085,6.68353156158951e-13,-0.03808849083330784,-2.5456563061772575e-08,11,20,hbo,False,S11_D20 hbo,mild_master_28,,
113,ShortHbO,7.0,3.6272403489527645e-17,1.0008364200428128e-13,0.004768532887931957,159.59005643576484,761010.4327008618,11,20,hbo,True,S11_D20 hbo,mild_master_28,,
114,az_itd=0_az=15,7.0,3.6272403489527645e-17,8.25932319598265e-05,4.52420577351337e-09,-8.124289122212367,-0.03675595575240506,11,20,hbo,True,S11_D20 hbo,mild_master_28,0.054495261705790464,
115,az_itd=0_az=5,7.0,3.6272403489527645e-17,0.005115522484655204,4.5260957060606616e-09,4.011349607745499,0.018155752235125024,11,20,hbo,True,S11_D20 hbo,mild_master_28,0.04491966130325545,
116,az_itd=15_az=0,7.0,3.6272403489527645e-17,9.644573086121558e-05,4.4985713065126396e-09,7.929491225931469,0.03567138170421904,11,20,hbo,True,S11_D20 hbo,mild_master_28,0.09101309023200607,
117,az_itd=5_az=0,7.0,3.6272403489527645e-17,0.002365520097080728,4.602681735040184e-09,4.641463009757069,0.0213631770188735,11,20,hbo,True,S11_D20 hbo,mild_master_28,0.07053004325431025,
118,constant,7.0,3.6272403489527645e-17,0.5483841149103971,5.608654848607504e-09,-0.6305099694058944,-0.0035363127970037393,11,20,hbo,False,S11_D20 hbo,mild_master_28,,
196,Linear,7.0,1.8915183459212425e-17,0.0025225117991165627,4.826397810397715e-13,-4.587072087587314,-2.2139034679667895e-06,12,2,hbo,True,S12_D2 hbo,mild_master_28,,
197,ShortHbO,7.0,1.8915183459212425e-17,3.608992080462071e-14,0.003443514327274426,184.629754405742,635775.2045373311,12,2,hbo,True,S12_D2 hbo,mild_master_28,,
198,az_itd=0_az=15,7.0,1.8915183459212425e-17,2.2095576847418682e-07,3.2670776875751867e-09,19.64771595278493,0.0641906144011587,12,2,hbo,True,S12_D2 hbo,mild_master_28,0.018845709155558804,
199,az_itd=0_az=5,7.0,1.8915183459212425e-17,6.530882678293622e-09,3.268442469984605e-09,32.65839718659755,0.10674209236630117,12,2,hbo,True,S12_D2 hbo,mild_master_28,-0.008413123806775571,
200,az_itd=15_az=0,7.0,1.8915183459212425e-17,2.579669657893432e-09,3.2485661964177166e-09,37.31809645459144,0.12123030665704158,12,2,hbo,True,S12_D2 hbo,mild_master_28,0.013166555314506959,
201,az_itd=5_az=0,7.0,1.8915183459212425e-17,1.7075708805758712e-08,3.3237477586882787e-09,28.442312240540446,0.0945350715614085,12,2,hbo,True,S12_D2 hbo,mild_master_28,0.034397766905129974,
202,constant,7.0,1.8915183459212425e-17,0.1936041972122771,4.050194007635983e-09,-1.4379742535191034,-0.005824074704737898,12,2,hbo,False,S12_D2 hbo,mild_master_28,,
210,Linear,7.0,4.606718887761811e-17,0.008980935707623422,7.532058632186993e-13,-3.57960200997142,-2.696177221899915e-06,12,3,hbo,True,S12_D3 hbo,mild_master_28,,
211,ShortHbO,7.0,4.606718887761811e-17,2.723515387566133e-14,0.005373935765910192,192.20731483052055,1032909.7636372948,12,3,hbo,True,S12_D3 hbo,mild_master_28,,
212,az_itd=0_az=15,7.0,4.606718887761811e-17,1.2829464830063368e-06,5.098589396363582e-09,15.201646853189816,0.07750695545293741,12,3,hbo,True,S12_D3 hbo,mild_master_28,0.02933095418802156,
213,az_itd=0_az=5,7.0,4.606718887761811e-17,2.936662961451445e-08,5.100719270760957e-09,26.30545163741564,0.13417672409303633,12,3,hbo,True,S12_D3 hbo,mild_master_28,-0.019779093316147345,
214,az_itd=15_az=0,7.0,4.606718887761811e-17,1.497464471401937e-07,5.069700431498958e-09,20.78810579708573,0.10538946892953154,12,3,hbo,True,S12_D3 hbo,mild_master_28,-0.03848800103028407,
215,az_itd=5_az=0,7.0,4.606718887761811e-17,9.318196960577777e-08,5.1870285004495424e-09,22.266010906581254,0.11549443316375732,12,3,hbo,True,S12_D3 hbo,mild_master_28,0.01983129791803936,
216,constant,7.0,4.606718887761811e-17,0.42544188253687176,6.3207178387835345e-09,-0.8461577119750757,-0.005348324144505121,12,3,hbo,False,S12_D3 hbo,mild_master_28,,
224,Linear,7.0,4.038291529502726e-17,0.4750755139752514,7.052070906397465e-13,-0.7546517915687737,-5.321857943782872e-07,12,4,hbo,False,S12_D4 hbo,mild_master_28,,
225,ShortHbO,7.0,4.038291529502726e-17,4.537108261597386e-14,0.005031476508384567,178.68989068917085,899073.9872883693,12,4,hbo,True,S12_D4 hbo,mild_master_28,,
226,az_itd=0_az=15,7.0,4.038291529502726e-17,0.3571200527850042,4.7736768527148645e-09,0.9856936973221764,0.004705383186773805,12,4,hbo,False,S12_D4 hbo,mild_master_28,-0.07798292351528695,
227,az_itd=0_az=5,7.0,4.038291529502726e-17,2.335327019785093e-05,4.7756709988049956e-09,9.867870900775495,0.047125704880785255,12,4,hbo,True,S12_D4 hbo,mild_master_28,-0.11168080549196566,
228,az_itd=15_az=0,7.0,4.038291529502726e-17,0.0007968688536323243,4.7466288650947e-09,5.622645881481724,0.026688613239246983,12,4,hbo,True,S12_D4 hbo,mild_master_28,-0.11955872117790892,
229,az_itd=5_az=0,7.0,4.038291529502726e-17,0.00015355676088609724,4.8564800893024385e-09,7.367964744966972,0.03578237408261442,12,4,hbo,True,S12_D4 hbo,mild_master_28,-0.06401545821275612,
230,constant,7.0,4.038291529502726e-17,0.5458305786765987,5.917923977377533e-09,-0.6346521888220741,-0.003755823405525285,12,4,hbo,False,S12_D4 hbo,mild_master_28,,
154,Linear,7.0,1.7913683780866525e-17,0.23890631117868347,4.696888906714493e-13,-1.287330595020211,-6.046448791024596e-07,12,10,hbo,False,S12_D10 hbo,mild_master_28,,
155,ShortHbO,7.0,1.7913683780866525e-17,2.891336379403666e-13,0.0033511129582074134,137.14111779090203,459575.376932141,12,10,hbo,True,S12_D10 hbo,mild_master_28,,
156,az_itd=0_az=15,7.0,1.7913683780866525e-17,0.5866939914478297,3.1794107222342357e-09,0.5696943876654421,0.0018112924445401741,12,10,hbo,False,S12_D10 hbo,mild_master_28,7.506832534030035e-06,
157,az_itd=0_az=5,7.0,1.7913683780866525e-17,1.5884128420131484e-06,3.180738882823291e-09,14.732375587811617,0.04685983986850905,12,10,hbo,True,S12_D10 hbo,mild_master_28,-0.04440849020721696,
158,az_itd=15_az=0,7.0,1.7913683780866525e-17,4.4462931579666356e-05,3.1613959582467014e-09,8.942781982970219,0.028271674816443472,12,10,hbo,True,S12_D10 hbo,mild_master_28,-0.025081220138701673,
159,az_itd=5_az=0,7.0,1.7913683780866525e-17,0.0009880111308991127,3.2345601398351585e-09,5.419149890879306,0.017528566228830252,12,10,hbo,True,S12_D10 hbo,mild_master_28,0.01384743815094878,
160,constant,7.0,1.7913683780866525e-17,0.614398034436036,3.941513329780696e-09,-0.5271187752428922,-0.0020776456789975343,12,10,hbo,False,S12_D10 hbo,mild_master_28,,
168,Linear,7.0,2.7659257329634903e-17,0.18618152217516915,5.836306533287279e-13,-1.465599314611271,-8.55368685504712e-07,12,11,hbo,False,S12_D11 hbo,mild_master_28,,
169,ShortHbO,7.0,2.7659257329634903e-17,3.877230598223019e-14,0.004164058984620659,182.74811846479122,760973.9446158345,12,11,hbo,True,S12_D11 hbo,mild_master_28,,
170,az_itd=0_az=15,7.0,2.7659257329634903e-17,0.00020561492673683448,3.9507035271054264e-09,7.032107412294268,0.02778177155673518,12,11,hbo,True,S12_D11 hbo,mild_master_28,-0.034808351343805784,
171,az_itd=0_az=5,7.0,2.7659257329634903e-17,1.7899931820835702e-06,3.9523538859870425e-09,14.475866605389447,0.05721374763084104,12,11,hbo,True,S12_D11 hbo,mild_master_28,-0.05521235181184629,
172,az_itd=15_az=0,7.0,2.7659257329634903e-17,8.766134908668255e-07,3.928318564027894e-09,16.0738419831044,0.06314317185747996,12,11,hbo,True,S12_D11 hbo,mild_master_28,-0.037416027611961264,
173,az_itd=5_az=0,7.0,2.7659257329634903e-17,0.02965518338567656,4.019231634251227e-09,2.7225719482053488,0.01094264730075193,12,11,hbo,True,S12_D11 hbo,mild_master_28,-0.03962288125386839,
174,constant,7.0,2.7659257329634903e-17,0.533082235863845,4.8976845002130046e-09,-0.6555111966740116,-0.0032104870276663854,12,11,hbo,False,S12_D11 hbo,mild_master_28,,
182,Linear,7.0,3.047773865661529e-17,0.21548703503687733,6.126454418897334e-13,1.361719347443382,8.342511513442501e-07,12,12,hbo,False,S12_D12 hbo,mild_master_28,,
183,ShortHbO,7.0,3.047773865661529e-17,4.1423482597210847e-13,0.004371072256293818,130.2725929407382,569430.9167587186,12,12,hbo,True,S12_D12 hbo,mild_master_28,,
184,az_itd=0_az=15,7.0,3.047773865661529e-17,8.730207224079002e-05,4.147109981859642e-09,-8.054180266503367,-0.03340157137891307,12,12,hbo,True,S12_D12 hbo,mild_master_28,-0.11288522241403157,
185,az_itd=0_az=5,7.0,3.047773865661529e-17,0.0115082237586233,4.148842387175466e-09,-3.395793580064368,-0.014088612343069374,12,12,hbo,True,S12_D12 hbo,mild_master_28,-0.15713594228850591,
186,az_itd=15_az=0,7.0,3.047773865661529e-17,0.0031144277539171456,4.123612166043934e-09,-4.411162594592675,-0.018189923741460282,12,12,hbo,True,S12_D12 hbo,mild_master_28,-0.123312280720566,
187,az_itd=5_az=0,7.0,3.047773865661529e-17,0.00018361562400009035,4.2190449157853265e-09,-7.160826263156545,-0.030211847638392658,12,12,hbo,True,S12_D12 hbo,mild_master_28,-0.1041661962611962,
188,constant,7.0,3.047773865661529e-17,0.7572343951235707,5.141169449815461e-09,-0.3214781739812551,-0.0016527737668548881,12,12,hbo,False,S12_D12 hbo,mild_master_28,,
238,Linear,7.0,4.180546572415228e-17,0.09056001525819067,7.175205919750775e-13,-1.96194334182947,-1.4077347480510432e-06,13,1,hbo,False,S13_D1 hbo,mild_master_28,,
239,ShortHbO,7.0,4.180546572415228e-17,8.112950644231949e-14,0.005119330265851009,164.45051613826786,841876.5045014543,13,1,hbo,True,S13_D1 hbo,mild_master_28,,
240,az_itd=0_az=15,7.0,4.180546572415228e-17,9.02886524067085e-06,4.857029214142511e-09,11.38777475058245,0.05531075464765341,13,1,hbo,True,S13_D1 hbo,mild_master_28,0.010098632938560741,
241,az_itd=0_az=5,7.0,4.180546572415228e-17,3.9445308297124665e-06,4.859058179679113e-09,12.882212823570846,0.06259542159273909,13,1,hbo,True,S13_D1 hbo,mild_master_28,-0.1336666462465238,
242,az_itd=15_az=0,7.0,4.180546572415228e-17,6.123893775351837e-07,4.82950894620058e-09,16.938762179491334,0.08180590348341743,13,1,hbo,True,S13_D1 hbo,mild_master_28,-0.035576972653529305,
243,az_itd=5_az=0,7.0,4.180546572415228e-17,5.925014425147795e-05,4.941278263992351e-09,8.555044569620529,0.04227285577935172,13,1,hbo,True,S13_D1 hbo,mild_master_28,0.046215443061610254,
244,constant,7.0,4.180546572415228e-17,0.42711722840213584,6.0212558436690634e-09,-0.8429500715768224,-0.005075618044403197,13,1,hbo,False,S13_D1 hbo,mild_master_28,,
280,Linear,7.0,2.7619521640444215e-17,0.0013290098902044847,5.832112765342974e-13,-5.14659044131472,-3.0015495810783706e-06,13,2,hbo,True,S13_D2 hbo,mild_master_28,,
281,ShortHbO,7.0,2.7619521640444215e-17,1.8675366413724347e-14,0.004161066835906691,202.8534137560844,844086.6125309009,13,2,hbo,True,S13_D2 hbo,mild_master_28,,
282,az_itd=0_az=15,7.0,2.7619521640444215e-17,3.442345728127657e-08,3.947864688241337e-09,25.709755921412704,0.10149863754544883,13,2,hbo,True,S13_D2 hbo,mild_master_28,0.0782360062133295,
283,az_itd=0_az=5,7.0,2.7619521640444215e-17,1.1572119837852042e-08,3.949513861232162e-09,30.080038269343788,0.11880152809116717,13,2,hbo,True,S13_D2 hbo,mild_master_28,0.01796734604318816,
284,az_itd=15_az=0,7.0,2.7619521640444215e-17,3.0368875789516543e-09,3.925495810223775e-09,36.45437697872636,0.14310150409430836,13,2,hbo,True,S13_D2 hbo,mild_master_28,0.06747455744457685,
285,az_itd=5_az=0,7.0,2.7619521640444215e-17,6.257947082170288e-09,4.016343553460349e-09,32.85933615318052,0.13197438292981317,13,2,hbo,True,S13_D2 hbo,mild_master_28,0.08648656839014825,
286,constant,7.0,2.7619521640444215e-17,0.18372456712932198,4.894165193586259e-09,-1.4749626659261748,-0.007218710941415081,13,2,hbo,False,S13_D2 hbo,mild_master_28,,
294,Linear,7.0,1.584684613137862e-17,0.006768422893139228,4.4176291687507094e-13,-3.7938958544455965,-1.6760024989801263e-06,13,3,hbo,True,S13_D3 hbo,mild_master_28,,
295,ShortHbO,7.0,1.584684613137862e-17,7.960681551143218e-14,0.0031518681080134445,164.89634233541423,519731.52253505925,13,3,hbo,True,S13_D3 hbo,mild_master_28,,
296,az_itd=0_az=15,7.0,1.584684613137862e-17,9.135290789241697e-07,2.9903746554239057e-09,15.977126240666726,0.047777593376598,13,3,hbo,True,S13_D3 hbo,mild_master_28,0.031386863912270115,
297,az_itd=0_az=5,7.0,1.584684613137862e-17,6.218727970387561e-09,2.991623848469671e-09,32.88903086051129,0.09839160907536056,13,3,hbo,True,S13_D3 hbo,mild_master_28,0.02439657849787299,
298,az_itd=15_az=0,7.0,1.584684613137862e-17,1.399623228876974e-08,2.97343098303989e-09,29.26815140133553,0.08702682819303344,13,3,hbo,True,S13_D3 hbo,mild_master_28,0.023477504145878198,
299,az_itd=5_az=0,7.0,1.584684613137862e-17,8.723961611596168e-08,3.042245091508772e-09,22.479232700959034,0.0683873353453761,13,3,hbo,True,S13_D3 hbo,mild_master_28,0.0610931798781565,
300,constant,7.0,1.584684613137862e-17,0.20215050293506315,3.7071654451454452e-09,-1.4073215520833064,-0.00521717382809169,13,3,hbo,False,S13_D3 hbo,mild_master_28,,
308,Linear,7.0,5.227602603507841e-17,0.0033143788839133585,8.023597218205967e-13,-4.359952173151722,-3.4982500128011216e-06,13,9,hbo,True,S13_D9 hbo,mild_master_28,,
309,ShortHbO,7.0,5.227602603507841e-17,1.0983605790614294e-12,0.0057246362737958184,113.32551881849795,648747.3757751042,13,9,hbo,True,S13_D9 hbo,mild_master_28,,
310,az_itd=0_az=15,7.0,5.227602603507841e-17,2.045081013147356e-07,5.43132093032566e-09,19.86953493064305,0.10791782094463842,13,9,hbo,True,S13_D9 hbo,mild_master_28,0.09234147391527196,
311,az_itd=0_az=5,7.0,5.227602603507841e-17,5.07689111434665e-08,5.433589799319441e-09,24.308148045150674,0.1320805052584775,13,9,hbo,True,S13_D9 hbo,mild_master_28,-0.052166933795648254,
312,az_itd=15_az=0,7.0,5.227602603507841e-17,7.947748429040738e-09,5.400546685269453e-09,31.749731301831844,0.17146590614030374,13,9,hbo,True,S13_D9 hbo,mild_master_28,0.067425000408821,
313,az_itd=5_az=0,7.0,5.227602603507841e-17,2.3800406258821556e-08,5.525531528540122e-09,27.114272506967154,0.14982076761067564,13,9,hbo,True,S13_D9 hbo,mild_master_28,0.11467320609979582,
314,constant,7.0,5.227602603507841e-17,0.3440857919251203,6.733204897211869e-09,-1.0145757361447723,-0.006831346315202318,13,9,hbo,False,S13_D9 hbo,mild_master_28,,
252,Linear,7.0,6.134565220223298e-17,0.010625465962159629,8.691800116180791e-13,-3.45456282846057,-3.0026369593767427e-06,13,10,hbo,True,S13_D10 hbo,mild_master_28,,
253,ShortHbO,7.0,6.134565220223298e-17,2.5256336336174203e-12,0.006201382357126439,100.60942908028545,623917.5384590458,13,10,hbo,True,S13_D10 hbo,mild_master_28,,
254,az_itd=0_az=15,7.0,6.134565220223298e-17,2.829187641269431e-05,5.88363979514106e-09,9.583926440590252,0.05638837099956142,13,10,hbo,True,S13_D10 hbo,mild_master_28,0.09802527201546589,
255,az_itd=0_az=5,7.0,6.134565220223298e-17,3.32714578734885e-08,5.886097614900382e-09,25.83625276685627,0.1520747057889561,13,10,hbo,True,S13_D10 hbo,mild_master_28,0.0709592414531167,
256,az_itd=15_az=0,7.0,6.134565220223298e-17,7.061913567464677e-08,5.850302679695137e-09,23.176666673698534,0.1355905151475395,13,10,hbo,True,S13_D10 hbo,mild_master_28,0.11110086383828474,
257,az_itd=5_az=0,7.0,6.134565220223298e-17,1.5342545446054255e-07,5.985696225223055e-09,20.715115095370315,0.12399438623141924,13,10,hbo,True,S13_D10 hbo,mild_master_28,0.19016698570976215,
258,constant,7.0,6.134565220223298e-17,0.4964904867649135,7.293944289110362e-09,-0.7171804251705343,-0.00523107406643436,13,10,hbo,False,S13_D10 hbo,mild_master_28,,
266,Linear,7.0,1.9587356507235908e-17,0.2970273964366582,4.911405025833625e-13,-1.1266472887512846,-5.533421156314886e-07,13,11,hbo,False,S13_D11 hbo,mild_master_28,,
267,ShortHbO,7.0,1.9587356507235908e-17,2.9549038731119755e-13,0.0035041648529407165,136.71557365385695,479073.90804747335,13,11,hbo,True,S13_D11 hbo,mild_master_28,,
268,az_itd=0_az=15,7.0,1.9587356507235908e-17,0.0002988434990753084,3.324620639429516e-09,-6.6195081788859484,-0.022007353514396713,13,11,hbo,True,S13_D11 hbo,mild_master_28,-0.03969789082785569,
269,az_itd=0_az=5,7.0,1.9587356507235908e-17,6.092949354687504e-07,3.326009459714977e-09,16.951290384644615,0.05638015217370352,13,11,hbo,True,S13_D11 hbo,mild_master_28,-0.03352971105666546,
270,az_itd=15_az=0,7.0,1.9587356507235908e-17,2.8596028255961404e-07,3.3057831058738264e-09,18.925382925797894,0.06256321114829565,13,11,hbo,True,S13_D11 hbo,mild_master_28,-0.027405548377286683,
271,az_itd=5_az=0,7.0,1.9587356507235908e-17,0.00013988053148641393,3.3822888389881126e-09,7.477926332662558,0.025292506773739877,13,11,hbo,True,S13_D11 hbo,mild_master_28,0.009237820731679015,
272,constant,7.0,1.9587356507235908e-17,0.3743834904918506,4.121529966272175e-09,-0.9486654785316333,-0.003909953197736059,13,11,hbo,False,S13_D11 hbo,mild_master_28,,
322,Linear,7.0,5.02545918734487e-17,0.07065437223716504,7.866937710929869e-13,-2.1301516731686987,-1.6757770527651192e-06,14,1,hbo,False,S14_D1 hbo,mild_master_28,,
323,ShortHbO,7.0,5.02545918734487e-17,9.679642566649323e-14,0.00561286362698937,160.35344721708987,900042.0313471635,14,1,hbo,True,S14_D1 hbo,mild_master_28,,
324,az_itd=0_az=15,7.0,5.02545918734487e-17,9.372043578264911e-06,5.325275220694011e-09,11.324350273442322,0.06030528190162185,14,1,hbo,True,S14_D1 hbo,mild_master_28,0.09958116174488914,
325,az_itd=0_az=5,7.0,5.02545918734487e-17,0.00026674347809020415,5.327499790368052e-09,6.742873791700939,0.03592265871176498,14,1,hbo,True,S14_D1 hbo,mild_master_28,-0.10336545865683314,
326,az_itd=15_az=0,7.0,5.02545918734487e-17,2.519756396955407e-07,5.295101838061002e-09,19.276488611946082,0.10207097028047768,14,1,hbo,True,S14_D1 hbo,mild_master_28,0.11733023491526655,
327,az_itd=5_az=0,7.0,5.02545918734487e-17,8.307751004352428e-06,5.417646371401939e-09,11.530460793218959,0.06246795907697501,14,1,hbo,True,S14_D1 hbo,mild_master_28,0.1114186345744083,
328,constant,7.0,5.02545918734487e-17,0.5959012612306213,6.601740102444657e-09,-0.5554229791359168,-0.0036667581551808642,14,1,hbo,False,S14_D1 hbo,mild_master_28,,
350,Linear,7.0,4.028951834494084e-17,0.05314646090573154,7.043911228291836e-13,-2.3231609251477914,-1.6364139325777377e-06,14,2,hbo,False,S14_D2 hbo,mild_master_28,,
351,ShortHbO,7.0,4.028951834494084e-17,1.0465381515781492e-13,0.005025654781795402,158.575053489759,796943.4758442689,14,2,hbo,True,S14_D2 hbo,mild_master_28,,
352,az_itd=0_az=15,7.0,4.028951834494084e-17,1.8047434049498007e-06,4.768153416122203e-09,14.458403016394284,0.06893988373429197,14,2,hbo,True,S14_D2 hbo,mild_master_28,-0.01839441471999829,
353,az_itd=0_az=5,7.0,4.028951834494084e-17,4.119750325067203e-06,4.7701452548631295e-09,12.799487930024624,0.06105541661408486,14,2,hbo,True,S14_D2 hbo,mild_master_28,-0.13189897786578528,
354,az_itd=15_az=0,7.0,4.028951834494084e-17,5.372597900480519e-07,4.741136724680892e-09,17.265316758017182,0.0818572273446837,14,2,hbo,True,S14_D2 hbo,mild_master_28,-0.07241752737628258,
355,az_itd=5_az=0,7.0,4.028951834494084e-17,2.732386917588305e-06,4.8508608442918485e-09,13.601157891849255,0.0659773242546026,14,2,hbo,True,S14_D2 hbo,mild_master_28,-0.014518164781456695,
356,constant,7.0,4.028951834494084e-17,0.45010636254222725,5.9110765767557975e-09,-0.7998089753013624,-0.00472773209978294,14,2,hbo,False,S14_D2 hbo,mild_master_28,,
364,Linear,7.0,1.1051540671834569e-16,0.0133060615350942,1.1666195486811066e-12,-3.2898074744405372,-3.837953711079551e-06,14,9,hbo,True,S14_D9 hbo,mild_master_28,,
365,ShortHbO,7.0,1.1051540671834569e-16,4.744352734009619e-12,0.008323539186320771,91.93843514939275,765253.1676949814,14,9,hbo,True,S14_D9 hbo,mild_master_28,,
366,az_itd=0_az=15,7.0,1.1051540671834569e-16,3.309631655696416e-08,7.897062876114225e-09,25.855921744000966,0.2041858397322646,14,9,hbo,True,S14_D9 hbo,mild_master_28,0.2367521959509541,
367,az_itd=0_az=5,7.0,1.1051540671834569e-16,0.0023477976869756547,7.900361779149307e-09,4.647852440253177,0.03671971577410204,14,9,hbo,True,S14_D9 hbo,mild_master_28,-0.19957127270523134,
368,az_itd=15_az=0,7.0,1.1051540671834569e-16,1.8378036761646873e-07,7.852317564376728e-09,20.17997534480699,0.15845957484871723,14,9,hbo,True,S14_D9 hbo,mild_master_28,0.12527115877387965,
369,az_itd=5_az=0,7.0,1.1051540671834569e-16,2.4703766585810023e-08,8.0340437371681e-09,26.96913697709908,0.21667122602769148,14,9,hbo,True,S14_D9 hbo,mild_master_28,0.23216254611819898,
370,constant,7.0,1.1051540671834569e-16,0.4302292116937062,9.789983525767118e-09,-0.8370155814678649,-0.008194368753380784,14,9,hbo,False,S14_D9 hbo,mild_master_28,,
336,Linear,7.0,5.220494147169757e-17,0.05068382109548596,8.018140147623201e-13,-2.3553909573733742,-1.8885854798664096e-06,14,10,hbo,False,S14_D10 hbo,mild_master_28,,
337,ShortHbO,7.0,5.220494147169757e-17,1.2892065990046903e-11,0.005720742790192742,79.6936045235892,455906.6135027945,14,10,hbo,True,S14_D10 hbo,mild_master_28,,
338,az_itd=0_az=15,7.0,5.220494147169757e-17,3.242733885599801e-06,5.427626938607433e-09,13.261311173039203,0.07197744976404333,14,10,hbo,True,S14_D10 hbo,mild_master_28,0.07447272133165543,
339,az_itd=0_az=5,7.0,5.220494147169757e-17,0.0186327068090188,5.429894264480603e-09,3.048111805523395,0.016550924810307097,14,10,hbo,True,S14_D10 hbo,mild_master_28,-0.09349862905384634,
340,az_itd=15_az=0,7.0,5.220494147169757e-17,1.446177035063217e-07,5.396873623967202e-09,20.893346198719506,0.11275874901628472,14,10,hbo,True,S14_D10 hbo,mild_master_28,0.04471252008670355,
341,az_itd=5_az=0,7.0,5.220494147169757e-17,3.501374654068193e-07,5.521773461586049e-09,18.37631674079434,0.10146985810101762,14,10,hbo,True,S14_D10 hbo,mild_master_28,0.14175941979531723,
342,constant,7.0,5.220494147169757e-17,0.642539814935136,6.728625458168127e-09,-0.4849196267517145,-0.003262842545726972,14,10,hbo,False,S14_D10 hbo,mild_master_28,,
378,Linear,7.0,5.0601097922379725e-17,0.29206131191261,7.894012438646076e-13,-1.139295258571382,-8.993610942452986e-07,15,17,hbo,False,S15_D17 hbo,mild_master_28,,
379,ShortHbO,7.0,5.0601097922379725e-17,5.0568815751239614e-08,0.00563218076918535,24.32200973052613,136985.9554722082,15,17,hbo,True,S15_D17 hbo,mild_master_28,,
380,az_itd=0_az=15,7.0,5.0601097922379725e-17,1.0012633776728816e-05,5.343602603204469e-09,11.21272759949308,0.059916360389673816,15,17,hbo,True,S15_D17 hbo,mild_master_28,0.16733636343492211,
381,az_itd=0_az=5,7.0,5.0601097922379725e-17,0.31574270990236813,5.345834828922122e-09,1.08047950041254,0.005776064945241731,15,17,hbo,False,S15_D17 hbo,mild_master_28,0.03442797758887276,
382,az_itd=15_az=0,7.0,5.0601097922379725e-17,0.0034983953242513533,5.313325376337645e-09,4.3157410329366,0.022930936348003677,15,17,hbo,True,S15_D17 hbo,mild_master_28,0.06412175327946111,
383,az_itd=5_az=0,7.0,5.0601097922379725e-17,3.837356987842718e-06,5.436291656995673e-09,12.934899764335324,0.07031788767293141,15,17,hbo,True,S15_D17 hbo,mild_master_28,0.09510920836877616,
384,constant,7.0,5.0601097922379725e-17,0.7484791860014879,6.624460546192233e-09,-0.3335620684998674,-0.0022096687624836428,15,17,hbo,False,S15_D17 hbo,mild_master_28,,
392,Linear,7.0,6.952022211713821e-17,0.0677468760119476,9.25280504688046e-13,-2.15860961855499,-1.9973193972810323e-06,15,18,hbo,False,S15_D18 hbo,mild_master_28,,
393,ShortHbO,7.0,6.952022211713821e-17,4.648275098110994e-10,0.00660164536743489,47.711080065447476,314971.6306893765,15,18,hbo,True,S15_D18 hbo,mild_master_28,,
394,az_itd=0_az=15,7.0,6.952022211713821e-17,7.61776543258934e-06,6.263394378934376e-09,11.680822900926051,0.07316160049898816,15,18,hbo,True,S15_D18 hbo,mild_master_28,0.1798916702760596,
395,az_itd=0_az=5,7.0,6.952022211713821e-17,1.2080201538922185e-05,6.266010836603604e-09,10.90121318344669,0.06830711993960302,15,18,hbo,True,S15_D18 hbo,mild_master_28,0.04402542004456315,
396,az_itd=15_az=0,7.0,6.952022211713821e-17,2.121523615709261e-05,6.227905547400821e-09,10.012749751963655,0.06235845972499065,15,18,hbo,True,S15_D18 hbo,mild_master_28,0.08203861739008404,
397,az_itd=5_az=0,7.0,6.952022211713821e-17,7.774978555732017e-07,6.372037955490093e-09,16.35835287648344,0.10423604541825303,15,18,hbo,True,S15_D18 hbo,mild_master_28,0.09489028550230284,
398,constant,7.0,6.952022211713821e-17,0.7322446840402537,7.76472579072612e-09,-0.3561163684647763,-0.0027651459507181744,15,18,hbo,False,S15_D18 hbo,mild_master_28,,
406,Linear,7.0,6.412758411402319e-17,0.4866168405441803,8.886695016762092e-13,0.7343210919075559,6.525687588158174e-07,15,22,hbo,False,S15_D22 hbo,mild_master_28,,
407,ShortHbO,7.0,6.412758411402319e-17,4.996107582467404e-09,0.0063404350023556835,-33.93971166839509,-215192.5358321518,15,22,hbo,True,S15_D22 hbo,mild_master_28,,
408,az_itd=0_az=15,7.0,6.412758411402319e-17,0.026582844562956887,6.015567747648332e-09,2.798464644064892,0.016834353655770937,15,22,hbo,True,S15_D22 hbo,mild_master_28,0.10884361805070775,
409,az_itd=0_az=5,7.0,6.412758411402319e-17,1.6236411356702253e-05,6.018080678723059e-09,-10.426310852982732,-0.06274637989469592,15,22,hbo,True,S15_D22 hbo,mild_master_28,0.037965864570618645,
410,az_itd=15_az=0,7.0,6.412758411402319e-17,0.0012113129622520044,5.981483119177069e-09,-5.230856176024017,-0.03128827791573077,15,22,hbo,True,S15_D22 hbo,mild_master_28,0.023802540998882408,
411,az_itd=5_az=0,7.0,6.412758411402319e-17,0.0012672093806168842,6.119912573405405e-09,-5.189752101612909,-0.031760829139517964,15,22,hbo,True,S15_D22 hbo,mild_master_28,-0.008584870117791889,
412,constant,7.0,6.412758411402319e-17,0.8484509131277181,7.4574952829287e-09,0.19829410171616396,0.0014787773281808767,15,22,hbo,False,S15_D22 hbo,mild_master_28,,
420,Linear,7.0,5.854324622501821e-17,0.48337151455005767,8.49094908204129e-13,0.7400051169764227,6.283345768696814e-07,16,16,hbo,False,S16_D16 hbo,mild_master_28,,
421,ShortHbO,7.0,5.854324622501821e-17,1.0760028462625926e-08,0.006058080159322263,30.396480325316926,184144.31437203198,16,16,hbo,True,S16_D16 hbo,mild_master_28,,
422,az_itd=0_az=15,7.0,5.854324622501821e-17,0.014323401194700512,5.747680025983638e-09,3.236442580195993,0.01860203637343546,16,16,hbo,True,S16_D16 hbo,mild_master_28,0.05383703505141152,
423,az_itd=0_az=5,7.0,5.854324622501821e-17,7.822837961777774e-07,5.750081050184641e-09,-16.3436855876871,-0.09397751678793545,16,16,hbo,True,S16_D16 hbo,mild_master_28,-0.07890735641441673,
424,az_itd=15_az=0,7.0,5.854324622501821e-17,0.22407477225515288,5.7151132681187725e-09,1.3336566168959152,0.0076219986263362394,16,16,hbo,False,S16_D16 hbo,mild_master_28,0.0021748887717946974,
425,az_itd=5_az=0,7.0,5.854324622501821e-17,7.524507245067125e-06,5.847378125311524e-09,11.702328498453179,0.06842793967706477,16,16,hbo,True,S16_D16 hbo,mild_master_28,0.06648487743782794,
426,constant,7.0,5.854324622501821e-17,0.5912652394454171,7.125395054907834e-09,-0.5625932236185368,-0.004008698973496179,16,16,hbo,False,S16_D16 hbo,mild_master_28,,
434,Linear,7.0,1.4422952281674383e-15,0.9270545920819413,4.214488951628443e-12,-0.09489887466472846,-3.9995025879647044e-07,16,18,hbo,False,S16_D18 hbo,mild_master_28,,
435,ShortHbO,7.0,1.4422952281674383e-15,0.3240280554771816,0.030069326353097312,1.0607436073865477,31895.845707467826,16,18,hbo,False,S16_D18 hbo,mild_master_28,,
436,az_itd=0_az=15,7.0,1.4422952281674383e-15,0.09775748108058074,2.8528652960877254e-08,-1.9100006306807482,-0.054489745147747744,16,18,hbo,False,S16_D18 hbo,mild_master_28,0.19024190884766926,
437,az_itd=0_az=5,7.0,1.4422952281674383e-15,0.0002755734938730756,2.8540570462525123e-08,6.707339816332931,0.19143130464415034,16,18,hbo,True,S16_D18 hbo,mild_master_28,-0.07077848882980024,
438,az_itd=15_az=0,7.0,1.4422952281674383e-15,0.013150037259713799,2.8367007613713263e-08,3.29837726965558,0.09356509312121859,16,18,hbo,True,S16_D18 hbo,mild_master_28,0.06075143250158029,
439,az_itd=5_az=0,7.0,1.4422952281674383e-15,0.5975489803275871,2.9023505225395504e-08,-0.5528820845252793,-0.016046576069247004,16,18,hbo,False,S16_D18 hbo,mild_master_28,0.7274122400343132,
440,constant,7.0,1.4422952281674383e-15,0.8068195507426082,3.536695185042564e-08,-0.25396683097646877,-0.008982032682749958,16,18,hbo,False,S16_D18 hbo,mild_master_28,,
448,Linear,7.0,5.845951400814648e-17,0.8078412628368412,8.484874765746699e-13,-0.25259058835419207,-2.143199509191596e-07,16,22,hbo,False,S16_D22 hbo,mild_master_28,,
449,ShortHbO,7.0,5.845951400814648e-17,1.9327874347470324e-08,0.006053746286315824,27.93947752893699,169138.50833240672,16,22,hbo,True,S16_D22 hbo,mild_master_28,,
450,az_itd=0_az=15,7.0,5.845951400814648e-17,4.8244882493864674e-06,5.7435682092596654e-09,12.503049339871247,0.07181211670728954,16,22,hbo,True,S16_D22 hbo,mild_master_28,0.13435585856345922,
451,az_itd=0_az=5,7.0,5.845951400814648e-17,1.8592429292558295e-06,5.7459675157986875e-09,-14.395259602562339,-0.08271469405781233,16,22,hbo,True,S16_D22 hbo,mild_master_28,-0.06978743206231834,
452,az_itd=15_az=0,7.0,5.845951400814648e-17,0.10933806666136542,5.711024749236543e-09,1.8337779684408895,0.010472751362370629,16,22,hbo,False,S16_D22 hbo,mild_master_28,0.04688590710702801,
453,az_itd=5_az=0,7.0,5.845951400814648e-17,3.4689346828814376e-07,5.8431949858433645e-09,18.40121793383891,0.10752190436441854,16,22,hbo,True,S16_D22 hbo,mild_master_28,0.1171907621482297,
454,constant,7.0,5.845951400814648e-17,0.5296468847826821,7.120297638486038e-09,-0.6611847260873959,-0.004707832043763122,16,22,hbo,False,S16_D22 hbo,mild_master_28,,
462,Linear,7.0,1.6406480598816863e-16,0.43786483011321764,1.421430241454252e-12,0.8225827044221359,1.169243932162848e-06,16,23,hbo,False,S16_D23 hbo,mild_master_28,,
463,ShortHbO,7.0,1.6406480598816863e-16,4.675627416269014e-09,0.010141549855513294,34.26441097918825,347494.2322152347,16,23,hbo,True,S16_D23 hbo,mild_master_28,,
464,az_itd=0_az=15,7.0,1.6406480598816863e-16,0.016239337480782576,9.621923448363901e-09,-3.1461398598433163,-0.030271916889258725,16,23,hbo,True,S16_D23 hbo,mild_master_28,-0.019300857549537583,
465,az_itd=0_az=5,7.0,1.6406480598816863e-16,1.1178436662330894e-06,9.625942891157391e-09,-15.511805689406227,-0.14931575570495462,16,23,hbo,True,S16_D23 hbo,mild_master_28,-0.22413283804113726,
466,az_itd=15_az=0,7.0,1.6406480598816863e-16,0.0007555911393191095,9.567404955733736e-09,-5.673775524186832,-0.054283308067825865,16,23,hbo,True,S16_D23 hbo,mild_master_28,-0.05805191262107569,
467,az_itd=5_az=0,7.0,1.6406480598816863e-16,0.7672129422183873,9.788823393270999e-09,-0.30776988646968984,-0.003012705064418859,16,23,hbo,False,S16_D23 hbo,mild_master_28,-0.07004469655339544,
468,constant,7.0,1.6406480598816863e-16,0.5508628677056887,1.1928292014818754e-08,0.6265002201297009,0.007473077573055303,16,23,hbo,False,S16_D23 hbo,mild_master_28,,
476,Linear,7.0,3.7479700416288413e-17,0.456918215652086,6.793849026997083e-13,-0.7873226962140916,-5.348951533606826e-07,17,15,hbo,False,S17_D15 hbo,mild_master_28,,
477,ShortHbO,7.0,3.7479700416288413e-17,2.2280592483978005e-12,0.004847241644980783,102.42855362265627,496495.95075488667,17,15,hbo,True,S17_D15 hbo,mild_master_28,,
478,az_itd=0_az=15,7.0,3.7479700416288413e-17,4.662636987456032e-05,4.598881700351906e-09,8.877604452654174,0.04082705266027387,17,15,hbo,True,S17_D15 hbo,mild_master_28,0.048421477665519956,
479,az_itd=0_az=5,7.0,3.7479700416288413e-17,0.013457918616834597,4.600802827869474e-09,3.2815694313425543,0.015097853919570848,17,15,hbo,True,S17_D15 hbo,mild_master_28,-0.09681104942763663,
480,az_itd=15_az=0,7.0,3.7479700416288413e-17,0.0036525959020514824,4.5728241143158966e-09,4.280618855329475,0.019574517125845934,17,15,hbo,True,S17_D15 hbo,mild_master_28,-0.00985186676132831,
481,az_itd=5_az=0,7.0,3.7479700416288413e-17,0.06646172697917836,4.678652975455275e-09,2.171580840453836,0.010160073160631007,17,15,hbo,False,S17_D15 hbo,mild_master_28,-0.032423522135756645,
482,constant,7.0,3.7479700416288413e-17,0.7781342638895012,5.701230544785878e-09,-0.29284071264716194,-0.0016695524157008636,17,15,hbo,False,S17_D15 hbo,mild_master_28,,
490,Linear,7.0,7.744214926551096e-17,0.8549893950187185,9.765770975420724e-13,-0.18961832914829074,-1.8517691752041512e-07,17,16,hbo,False,S17_D16 hbo,mild_master_28,,
491,ShortHbO,7.0,7.744214926551096e-17,8.582418626705073e-11,0.006967633749189619,60.76563845382994,423392.71328196005,17,16,hbo,True,S17_D16 hbo,mild_master_28,,
492,az_itd=0_az=15,7.0,7.744214926551096e-17,7.874272706794711e-05,6.610630476217886e-09,8.185061355432792,0.05410841604593729,17,16,hbo,True,S17_D16 hbo,mild_master_28,0.07949482764489012,
493,az_itd=0_az=5,7.0,7.744214926551096e-17,0.0008138427788076176,6.6133919875903935e-09,-5.602472532198371,-0.037051346955135976,17,16,hbo,True,S17_D16 hbo,mild_master_28,-0.16686399555002088,
494,az_itd=15_az=0,7.0,7.744214926551096e-17,0.38094876860617455,6.573174180620386e-09,-0.9349243658467621,-0.006145420702416824,17,16,hbo,False,S17_D16 hbo,mild_master_28,-0.018407476970844015,
495,az_itd=5_az=0,7.0,7.744214926551096e-17,0.0011671362886012343,6.725297140134191e-09,5.264863859572689,0.03540777385798006,17,16,hbo,True,S17_D16 hbo,mild_master_28,0.04985328965640047,
496,constant,7.0,7.744214926551096e-17,0.7603845482730577,8.195194146529554e-09,-0.31714334980693715,-0.0025990513239485856,17,16,hbo,False,S17_D16 hbo,mild_master_28,,
504,Linear,7.0,5.4295793420652724e-17,0.28922762125858054,8.177130490074357e-13,1.1465917363515674,9.3758302469877e-07,17,17,hbo,False,S17_D17 hbo,mild_master_28,,
505,ShortHbO,7.0,5.4295793420652724e-17,2.667860606163304e-10,0.005834178429697913,51.659860981526556,301392.8466196151,17,17,hbo,True,S17_D17 hbo,mild_master_28,,
506,az_itd=0_az=15,7.0,5.4295793420652724e-17,0.0002044822058050962,5.535250433554964e-09,-7.038348661781525,-0.038959022481637184,17,17,hbo,True,S17_D17 hbo,mild_master_28,0.03792951458130395,
507,az_itd=0_az=5,7.0,5.4295793420652724e-17,1.3480638418568622e-06,5.537562717848713e-09,-15.091619782885346,-0.08357079106165398,17,17,hbo,True,S17_D17 hbo,mild_master_28,-0.12725088199321224,
508,az_itd=15_az=0,7.0,5.4295793420652724e-17,0.05449297455062798,5.503887316649352e-09,2.306175544071954,0.012692930326984545,17,17,hbo,False,S17_D17 hbo,mild_master_28,0.05107451685795524,
509,az_itd=5_az=0,7.0,5.4295793420652724e-17,0.09273971456175925,5.631263771986211e-09,1.9457982699390801,0.010957303305101387,17,17,hbo,False,S17_D17 hbo,mild_master_28,0.08417212884937801,
510,constant,7.0,5.4295793420652724e-17,0.8692465915690049,6.862046232328184e-09,-0.17075584930758841,-0.0011717345323891363,17,17,hbo,False,S17_D17 hbo,mild_master_28,,
518,Linear,7.0,2.1854696615990962e-17,0.468533138741671,5.187883648480919e-13,0.7663241770119124,3.975600667355698e-07,17,21,hbo,False,S17_D21 hbo,mild_master_28,,
519,ShortHbO,7.0,2.1854696615990962e-17,1.128053577040732e-12,0.0037014254467981063,112.89428079334445,417869.76372645586,17,21,hbo,True,S17_D21 hbo,mild_master_28,,
520,az_itd=0_az=15,7.0,2.1854696615990962e-17,0.130822256885771,3.511774117992043e-09,-1.7109845190148985,-0.006008591150161585,17,21,hbo,False,S17_D21 hbo,mild_master_28,0.016116218516558978,
521,az_itd=0_az=5,7.0,2.1854696615990962e-17,0.07835357007702501,3.513241119392197e-09,-2.060099638694417,-0.007237626760706235,17,21,hbo,False,S17_D21 hbo,mild_master_28,0.0002145681275612332,
522,az_itd=15_az=0,7.0,2.1854696615990962e-17,0.00010433988923114716,3.4918761597097924e-09,-7.832134172393326,-0.02734884259622864,17,21,hbo,True,S17_D21 hbo,mild_master_28,-0.0019936124525633124,
523,az_itd=5_az=0,7.0,2.1854696615990962e-17,2.1073990265587016e-05,3.572688644070372e-09,-10.022898668617515,-0.03580869625403785,17,21,hbo,True,S17_D21 hbo,mild_master_28,-0.044402407192168265,
524,constant,7.0,2.1854696615990962e-17,0.9763859899363183,4.353544007525282e-09,-0.030673722618934283,-0.00013353940129615406,17,21,hbo,False,S17_D21 hbo,mild_master_28,,
532,Linear,7.0,5.418034445073403e-17,0.15487955075984083,8.168432360857733e-13,1.5943832502441746,1.3023611736904048e-06,17,22,hbo,False,S17_D22 hbo,mild_master_28,,
533,ShortHbO,7.0,5.418034445073403e-17,4.100844949713418e-11,0.005827972531685653,67.537834296493,393608.64312949846,17,22,hbo,True,S17_D22 hbo,mild_master_28,,
534,az_itd=0_az=15,7.0,5.418034445073403e-17,2.6590880932262804e-05,5.52936250947501e-09,-9.674909039241838,-0.05349607932416471,17,22,hbo,True,S17_D22 hbo,mild_master_28,-0.02420527545886928,
535,az_itd=0_az=5,7.0,5.418034445073403e-17,9.64577244804893e-06,5.531672334159291e-09,-11.275623979394458,-0.06237305721719943,17,22,hbo,True,S17_D22 hbo,mild_master_28,-0.15462395789916733,
536,az_itd=15_az=0,7.0,5.418034445073403e-17,9.165429052175533e-05,5.4980327539599025e-09,-7.993079083693654,-0.04394621060713951,17,22,hbo,True,S17_D22 hbo,mild_master_28,-0.07397029430262904,
537,az_itd=5_az=0,7.0,5.418034445073403e-17,0.006901345569171066,5.625273717161834e-09,-3.7789931926479987,-0.021257871083936276,17,22,hbo,True,S17_D22 hbo,mild_master_28,-0.008668368068917787,
538,constant,7.0,5.418034445073403e-17,0.9544759530097879,6.854746976814079e-09,-0.059162866927623764,-0.00040554648321178266,17,22,hbo,False,S17_D22 hbo,mild_master_28,,
546,Linear,7.0,4.1346999320010356e-17,0.21026610820005323,7.135753427678446e-13,1.379265346595544,9.842097424647255e-07,17,23,hbo,False,S17_D23 hbo,mild_master_28,,
547,ShortHbO,7.0,4.1346999320010356e-17,6.912170691781733e-12,0.0050911818978476376,87.12258463843311,443556.9258048893,17,23,hbo,True,S17_D23 hbo,mild_master_28,,
548,az_itd=0_az=15,7.0,4.1346999320010356e-17,2.039707461433174e-05,4.83032309466536e-09,-10.072631855180672,-0.04865406627414119,17,23,hbo,True,S17_D23 hbo,mild_master_28,-0.02984960556117159,
549,az_itd=0_az=5,7.0,4.1346999320010356e-17,0.00019449232924475973,4.832340904041757e-09,-7.095136852435167,-0.03428612003179654,17,23,hbo,True,S17_D23 hbo,mild_master_28,-0.027993516512589064,
550,az_itd=15_az=0,7.0,4.1346999320010356e-17,4.7834928665924796e-05,4.8029541454681375e-09,-8.842667666563955,-0.04247092732612041,17,23,hbo,True,S17_D23 hbo,mild_master_28,0.007973630522222492,
551,az_itd=5_az=0,7.0,4.1346999320010356e-17,0.0011594299317255483,4.914108905549172e-09,-5.270942890128707,-0.025901987397022572,17,23,hbo,True,S17_D23 hbo,mild_master_28,-0.009570235890016566,
552,constant,7.0,4.1346999320010356e-17,0.8665687069502208,5.988148285350226e-09,-0.17429323182192086,-0.0010436937172825847,17,23,hbo,False,S17_D23 hbo,mild_master_28,,
560,Linear,7.0,3.625625483832145e-17,0.8311179139493903,6.682043625513497e-13,0.22137728925344777,1.4792527044894583e-07,18,15,hbo,False,S18_D15 hbo,mild_master_28,,
561,ShortHbO,7.0,3.625625483832145e-17,8.121888010081182e-13,0.004767471282694034,118.32138834897081,564093.8210822068,18,15,hbo,True,S18_D15 hbo,mild_master_28,,
562,az_itd=0_az=15,7.0,3.625625483832145e-17,0.025171153771906332,4.5231985621426026e-09,-2.8364830777606205,-0.012829976178868665,18,15,hbo,True,S18_D15 hbo,mild_master_28,0.014276974457827777,
563,az_itd=0_az=5,7.0,3.625625483832145e-17,0.13184913340242152,4.525088073939458e-09,-1.7056093843038795,-0.007718032683712707,18,15,hbo,False,S18_D15 hbo,mild_master_28,-0.017733938486995778,
564,az_itd=15_az=0,7.0,3.625625483832145e-17,0.9025539137339,4.497569802072092e-09,-0.12694448465088726,-0.0005709416807054348,18,15,hbo,False,S18_D15 hbo,mild_master_28,0.04645326855525791,
565,az_itd=5_az=0,7.0,3.625625483832145e-17,0.5244966298627778,4.601657052783976e-09,0.6697336182205287,0.003081884427771027,18,15,hbo,False,S18_D15 hbo,mild_master_28,0.004346004329811252,
566,constant,7.0,3.625625483832145e-17,0.9053243127212532,5.607406209349914e-09,-0.1233141820837072,-0.0006914727103170857,18,15,hbo,False,S18_D15 hbo,mild_master_28,,
574,Linear,7.0,4.453941478719817e-17,0.3584406994065496,7.40610883007672e-13,0.9828131487294218,7.278821139120476e-07,18,16,hbo,False,S18_D16 hbo,mild_master_28,,
575,ShortHbO,7.0,4.453941478719817e-17,1.8014932634029582e-11,0.005284073726948186,75.97024750280579,401432.38885932707,18,16,hbo,True,S18_D16 hbo,mild_master_28,,
576,az_itd=0_az=15,7.0,4.453941478719817e-17,0.004027739904568083,5.0133316525152625e-09,-4.201560844172639,-0.021063817970059438,18,16,hbo,True,S18_D16 hbo,mild_master_28,-0.007306406650474683,
577,az_itd=0_az=5,7.0,4.453941478719817e-17,1.1575557276834445e-05,5.015425911515577e-09,-10.971330857913891,-0.055025897068591755,18,16,hbo,True,S18_D16 hbo,mild_master_28,-0.168754502902785,
578,az_itd=15_az=0,7.0,4.453941478719817e-17,0.002024769841155016,4.9849257640027425e-09,-4.774655174594976,-0.02380130159406751,18,16,hbo,True,S18_D16 hbo,mild_master_28,-0.054930386843149034,
579,az_itd=5_az=0,7.0,4.453941478719817e-17,0.9492947457373431,5.100291892959504e-09,-0.06590692092798844,-0.0003361445344989426,18,16,hbo,False,S18_D16 hbo,mild_master_28,0.006804062199153662,
580,constant,7.0,4.453941478719817e-17,0.9327342640318979,6.215023871189113e-09,-0.08748737862738618,-0.0005437361465969652,18,16,hbo,False,S18_D16 hbo,mild_master_28,,
588,Linear,7.0,2.653238663574894e-17,0.45963084312227975,5.7161813018804e-13,0.7823861417089853,4.472261034087251e-07,18,21,hbo,False,S18_D21 hbo,mild_master_28,,
589,ShortHbO,7.0,2.653238663574894e-17,7.796101638868105e-13,0.004078352631421675,119.01571453804955,485388.0525667853,18,21,hbo,True,S18_D21 hbo,mild_master_28,,
590,az_itd=0_az=15,7.0,2.653238663574894e-17,0.28836664619450375,3.8693885425845206e-09,-1.1488203354399802,-0.004445232243439565,18,21,hbo,False,S18_D21 hbo,mild_master_28,0.025071732458453216,
591,az_itd=0_az=5,7.0,2.653238663574894e-17,0.009342749104988824,3.8710049331093635e-09,-3.550079409607898,-0.01374237490752215,18,21,hbo,True,S18_D21 hbo,mild_master_28,-0.02609935209888491,
592,az_itd=15_az=0,7.0,2.653238663574894e-17,0.00330257980483804,3.8474643159084074e-09,-4.362878572051916,-0.016786019620611176,18,21,hbo,True,S18_D21 hbo,mild_master_28,-0.0023615873230040914,
593,az_itd=5_az=0,7.0,2.653238663574894e-17,6.244110548891421e-05,3.936506176397261e-09,-8.485770340587996,-0.03340428735721333,18,21,hbo,True,S18_D21 hbo,mild_master_28,-0.028701895203417115,
594,constant,7.0,2.653238663574894e-17,0.9052968253351951,4.7968783686997925e-09,-0.12335019208280697,-0.0005916958681769811,18,21,hbo,False,S18_D21 hbo,mild_master_28,,
602,Linear,7.0,3.6982415962901286e-17,0.028544972425307253,6.748627788334041e-13,2.749003417894107,1.8552000856225424e-06,18,22,hbo,True,S18_D22 hbo,mild_master_28,,
603,ShortHbO,7.0,3.6982415962901286e-17,1.9549338075814666e-11,0.004814977420324911,75.08733059249484,361543.8013553345,18,22,hbo,True,S18_D22 hbo,mild_master_28,,
604,az_itd=0_az=15,7.0,3.6982415962901286e-17,1.5529736410591185e-07,4.568270609918736e-09,-20.67873925794603,-0.09446607680224764,18,22,hbo,True,S18_D22 hbo,mild_master_28,-0.05656147463739485,
605,az_itd=0_az=5,7.0,3.6982415962901286e-17,8.190559026817746e-07,4.570178950021449e-09,-16.234295164831504,-0.07419363403074794,18,22,hbo,True,S18_D22 hbo,mild_master_28,-0.12101250051773103,
606,az_itd=15_az=0,7.0,3.6982415962901286e-17,9.55505473836782e-06,4.542386468466561e-09,-11.291596646790877,-0.051290795815765275,18,22,hbo,True,S18_D22 hbo,mild_master_28,-0.007417994107774816,
607,az_itd=5_az=0,7.0,3.6982415962901286e-17,2.2928111563223606e-05,4.6475109112168935e-09,-9.895449973661462,-0.04598921172399256,18,22,hbo,True,S18_D22 hbo,mild_master_28,-0.0032036943865847065,
608,constant,7.0,3.6982415962901286e-17,0.9770937721964668,5.663281996604385e-09,-0.029754024830618994,-0.0001685054331497644,18,22,hbo,False,S18_D22 hbo,mild_master_28,,
616,Linear,7.0,5.122809080659388e-16,0.769034244096473,2.51172403644119e-12,-0.3052749312053654,-7.66766382431447e-07,18,23,hbo,False,S18_D23 hbo,mild_master_28,,
617,ShortHbO,7.0,5.122809080659388e-16,3.264845434144597e-12,0.01792052384702218,-96.98421583222574,-1738007.9526061474,18,23,hbo,True,S18_D23 hbo,mild_master_28,,
618,az_itd=0_az=15,7.0,5.122809080659388e-16,0.0008183536984336194,1.7002323221523024e-08,5.597190269801403,0.09516523809952711,18,23,hbo,True,S18_D23 hbo,mild_master_28,0.2437794704146276,
619,az_itd=0_az=5,7.0,5.122809080659388e-16,0.9520412217892558,1.7009425737554468e-08,0.0623316003580085,0.0010602247273924692,18,23,hbo,False,S18_D23 hbo,mild_master_28,-0.19885716113286075,
620,az_itd=15_az=0,7.0,5.122809080659388e-16,0.9833193982387449,1.6905986866508073e-08,-0.021665537116319886,-0.00036627728594434717,18,23,hbo,False,S18_D23 hbo,mild_master_28,-0.113655969970697,
621,az_itd=5_az=0,7.0,5.122809080659388e-16,0.0029310775534127044,1.7297242093429806e-08,4.46140902802575,0.07717007203557476,18,23,hbo,True,S18_D23 hbo,mild_master_28,0.3513042663597927,
622,constant,7.0,5.122809080659388e-16,0.9193511036326553,2.1077768640026533e-08,-0.10496088718024649,-0.0022123412962371625,18,23,hbo,False,S18_D23 hbo,mild_master_28,,
630,Linear,7.0,2.450244682463766e-17,0.690333530299292,5.493163984988355e-13,0.4153326532302805,2.2814903725142343e-07,19,14,hbo,False,S19_D14 hbo,mild_master_28,,
631,ShortHbO,7.0,2.450244682463766e-17,2.1495131449213433e-13,0.003919235344344013,143.07626456101394,560749.5530042406,19,14,hbo,True,S19_D14 hbo,mild_master_28,,
632,az_itd=0_az=15,7.0,2.450244682463766e-17,0.004503619335770345,3.7184240078353957e-09,4.112169930942811,0.015290791395516565,19,14,hbo,True,S19_D14 hbo,mild_master_28,0.013007843966845673,
633,az_itd=0_az=5,7.0,2.450244682463766e-17,0.01683688165391297,3.7199773347415636e-09,-3.120289500749707,-0.011607406220620979,19,14,hbo,True,S19_D14 hbo,mild_master_28,-0.007759525057553264,
634,az_itd=15_az=0,7.0,2.450244682463766e-17,8.333075217008115e-05,3.6973551567938224e-09,-8.113014376354055,-0.02999669554155508,19,14,hbo,True,S19_D14 hbo,mild_master_28,0.017997035690767417,
635,az_itd=5_az=0,7.0,2.450244682463766e-17,0.0009235537145120203,3.782923041254175e-09,-5.48246186694245,-0.020739731319253978,19,14,hbo,True,S19_D14 hbo,mild_master_28,-0.001818993826193075,
636,constant,7.0,2.450244682463766e-17,0.8182442069924095,4.609727736704793e-09,-0.23860811509038105,-0.001099918446334979,19,14,hbo,False,S19_D14 hbo,mild_master_28,,
644,Linear,7.0,1.880045611087132e-17,0.5945115614716807,4.811738634418949e-13,0.5575690453130497,2.6828765166888914e-07,19,15,hbo,False,S19_D15 hbo,mild_master_28,,
645,ShortHbO,7.0,1.880045611087132e-17,1.3282392625343993e-13,0.0034330553712388972,153.26476723191684,526166.4323672116,19,15,hbo,True,S19_D15 hbo,mild_master_28,,
646,az_itd=0_az=15,7.0,1.880045611087132e-17,0.5228527971155871,3.2571546210067226e-09,0.6724732872758762,0.002190349475154201,19,15,hbo,False,S19_D15 hbo,mild_master_28,0.05623529819608225,
647,az_itd=0_az=5,7.0,1.880045611087132e-17,0.008889452653206282,3.2585152581744306e-09,-3.5872706915169603,-0.011689176283509958,19,15,hbo,True,S19_D15 hbo,mild_master_28,0.0010164731751573389,
648,az_itd=15_az=0,7.0,1.880045611087132e-17,2.3913310096486998e-05,3.2386993546399073e-09,-9.83239898142138,-0.031844184235691506,19,15,hbo,True,S19_D15 hbo,mild_master_28,0.035504137680822015,
649,az_itd=5_az=0,7.0,1.880045611087132e-17,0.00048692090340620803,3.313652568607039e-09,-6.108638463018796,-0.020241905533673984,19,15,hbo,True,S19_D15 hbo,mild_master_28,-0.0009735253952407496,
650,constant,7.0,1.880045611087132e-17,0.9556489073123691,4.037892388698112e-09,-0.05763654466976438,-0.00023273016503290033,19,15,hbo,False,S19_D15 hbo,mild_master_28,,
658,Linear,7.0,1.2261972330602345e-16,0.717270485302499,1.228847533836105e-12,0.37710131761990207,4.634000241635624e-07,19,21,hbo,False,S19_D21 hbo,mild_master_28,,
659,ShortHbO,7.0,1.2261972330602345e-16,3.6474998844101567e-13,0.008767520322680931,-132.6627345843885,-1163123.2215310526,19,21,hbo,True,S19_D21 hbo,mild_master_28,,
660,az_itd=0_az=15,7.0,1.2261972330602345e-16,0.09370744083829272,8.318295583879567e-09,-1.938749198656885,-0.016127088897437615,19,21,hbo,False,S19_D21 hbo,mild_master_28,-0.07356026766860026,
661,az_itd=0_az=5,7.0,1.2261972330602345e-16,0.012289873870668011,8.321770451811968e-09,-3.347671240315434,-0.0278585516100377,19,21,hbo,True,S19_D21 hbo,mild_master_28,-0.1946191129422931,
662,az_itd=15_az=0,7.0,1.2261972330602345e-16,0.00017149073222167947,8.271163538096934e-09,7.239427713514942,0.059878490540713245,19,21,hbo,True,S19_D21 hbo,mild_master_28,-0.14447755927182535,
663,az_itd=5_az=0,7.0,1.2261972330602345e-16,0.19009130095630816,8.462583062585971e-09,1.4509270405758385,0.01227859059862508,19,21,hbo,False,S19_D21 hbo,mild_master_28,0.015572664554819052,
664,constant,7.0,1.2261972330602345e-16,0.8878113432100916,1.0312185429719304e-08,0.1462964726579244,0.0015086363537623764,19,21,hbo,False,S19_D21 hbo,mild_master_28,,
700,Linear,7.0,5.434635878239459e-17,0.355622831274318,8.180937261393192e-13,0.9889693443699618,8.090696159731817e-07,20,12,hbo,False,S20_D12 hbo,mild_master_28,,
701,ShortHbO,7.0,5.434635878239459e-17,9.248691837856216e-13,0.005836894465982538,116.14462981006676,677923.9469919692,20,12,hbo,True,S20_D12 hbo,mild_master_28,,
702,az_itd=0_az=15,7.0,5.434635878239459e-17,0.20863882283042584,5.537827307266177e-09,1.3848129704605658,0.007668855083272912,20,12,hbo,False,S20_D12 hbo,mild_master_28,0.027832087528068695,
703,az_itd=0_az=5,7.0,5.434635878239459e-17,5.172023659992242e-06,5.5401406680179265e-09,-12.374494980202408,-0.06855644288600306,20,12,hbo,True,S20_D12 hbo,mild_master_28,-0.09601512887868127,
704,az_itd=15_az=0,7.0,5.434635878239459e-17,4.180536253875421e-05,5.5064495896135125e-09,-9.02794265117251,-0.04971191110660319,20,12,hbo,True,S20_D12 hbo,mild_master_28,-0.04954521198269637,
705,az_itd=5_az=0,7.0,5.434635878239459e-17,1.1604290342907327e-05,5.6338853436294686e-09,-10.967246091176332,-0.06178820701305592,20,12,hbo,True,S20_D12 hbo,mild_master_28,-0.1095626704885077,
706,constant,7.0,5.434635878239459e-17,0.8107204401321589,6.865240780931446e-09,0.24871524939640818,0.0017074900729957567,20,12,hbo,False,S20_D12 hbo,mild_master_28,,
714,Linear,7.0,2.919441472088882e-17,0.7297911706853384,5.99608420117142e-13,0.35954243940951264,2.1558467405940117e-07,20,13,hbo,False,S20_D13 hbo,mild_master_28,,
715,ShortHbO,7.0,2.919441472088882e-17,9.97229075332106e-13,0.004278056361163517,114.90090186416703,491552.5341234248,20,13,hbo,True,S20_D13 hbo,mild_master_28,,
716,az_itd=0_az=15,7.0,2.919441472088882e-17,0.0001378030240127827,4.05885997715861e-09,7.495687304277186,0.030423945200626582,20,13,hbo,True,S20_D13 hbo,mild_master_28,0.04794884080946334,
717,az_itd=0_az=5,7.0,2.919441472088882e-17,0.001506795947951207,4.060555517096391e-09,-5.033876629852923,-0.020440335521731877,20,13,hbo,True,S20_D13 hbo,mild_master_28,-0.07255106900495673,
718,az_itd=15_az=0,7.0,2.919441472088882e-17,0.007707047320880383,4.035862192054716e-09,-3.694859080563923,-0.014911942068217984,20,13,hbo,True,S20_D13 hbo,mild_master_28,-0.015137139755872882,
719,az_itd=5_az=0,7.0,2.919441472088882e-17,0.00041462700501466396,4.129264144288893e-09,-6.273491470784094,-0.02590490338981095,20,13,hbo,True,S20_D13 hbo,mild_master_28,-0.05963922453424652,
720,constant,7.0,2.919441472088882e-17,0.7707595349666858,5.031765978458386e-09,-0.30291347434552973,-0.0015241897146284634,20,13,hbo,False,S20_D13 hbo,mild_master_28,,
728,Linear,7.0,2.7378126376546865e-17,0.11459262705353547,5.806570431855908e-13,1.8017377262824998,1.0461917007391256e-06,20,20,hbo,False,S20_D20 hbo,mild_master_28,,
729,ShortHbO,7.0,2.7378126376546865e-17,2.1347736496148155e-13,0.004142843018730815,143.21701531267533,593325.6120515811,20,20,hbo,True,S20_D20 hbo,mild_master_28,,
730,az_itd=0_az=15,7.0,2.7378126376546865e-17,0.24748659556055683,3.930574611645409e-09,1.2616550003872737,0.004959029113177697,20,20,hbo,False,S20_D20 hbo,mild_master_28,0.025546799455325057,
731,az_itd=0_az=5,7.0,2.7378126376546865e-17,5.122357868729153e-06,3.932216561914691e-09,-12.392254677819425,-0.04872902908358634,20,20,hbo,True,S20_D20 hbo,mild_master_28,-0.09374293831495399,
732,az_itd=15_az=0,7.0,2.7378126376546865e-17,1.8804195269091456e-05,3.908303700413648e-09,-10.197446465331826,-0.039854717755226456,20,20,hbo,True,S20_D20 hbo,mild_master_28,-0.026714892244491143,
733,az_itd=5_az=0,7.0,2.7378126376546865e-17,9.498643978264294e-08,3.998753566680476e-09,-22.204321145686155,-0.08878960837703122,20,20,hbo,True,S20_D20 hbo,mild_master_28,-0.06503029212483845,
734,constant,7.0,2.7378126376546865e-17,0.9224859116267585,4.8727306972818955e-09,0.10086491889160927,0.0004914875865619931,20,20,hbo,False,S20_D20 hbo,mild_master_28,,
742,Linear,7.0,2.0422541463965923e-17,0.4492119713153696,5.015020695643639e-13,0.8014581182282945,4.0193290496065035e-07,21,11,hbo,False,S21_D11 hbo,mild_master_28,,
743,ShortHbO,7.0,2.0422541463965923e-17,4.69152634017319e-12,0.003578092046167981,92.08572366542964,329491.1954128964,21,11,hbo,True,S21_D11 hbo,mild_master_28,,
744,az_itd=0_az=15,7.0,2.0422541463965923e-17,1.319219181273807e-05,3.3947599972317602e-09,-10.757794799445996,-0.03652013144358713,21,11,hbo,True,S21_D11 hbo,mild_master_28,-0.032337590932119686,
745,az_itd=0_az=5,7.0,2.0422541463965923e-17,0.15625921342253654,3.3961781173903466e-09,-1.5882218519708424,-0.005393884299224545,21,11,hbo,False,S21_D11 hbo,mild_master_28,-0.028853807229408328,
746,az_itd=15_az=0,7.0,2.0422541463965923e-17,0.0010386667399690072,3.375525049158906e-09,5.372542916547572,0.01813515319248758,21,11,hbo,True,S21_D11 hbo,mild_master_28,0.004605710915857539,
747,az_itd=5_az=0,7.0,2.0422541463965923e-17,0.7569914151199804,3.4536448199547206e-09,0.32181281257797834,0.001111427153154994,21,11,hbo,False,S21_D11 hbo,mild_master_28,0.02183002441251976,
748,constant,7.0,2.0422541463965923e-17,0.5941224962138627,4.2084816808734055e-09,-0.5581703689748261,-0.0023490497726369047,21,11,hbo,False,S21_D11 hbo,mild_master_28,,
756,Linear,7.0,2.2361960035550235e-17,0.2506073135582292,5.247745559640466e-13,1.252505863851135,6.572832085448441e-07,21,12,hbo,False,S21_D12 hbo,mild_master_28,,
757,ShortHbO,7.0,2.2361960035550235e-17,1.4709961429958913e-12,0.0037441354257169266,108.69129395332175,406954.9241576439,21,12,hbo,True,S21_D12 hbo,mild_master_28,,
758,az_itd=0_az=15,7.0,2.2361960035550235e-17,5.247339858358414e-05,3.5522957496452877e-09,-8.717290830526514,-0.030966395165701176,21,12,hbo,True,S21_D12 hbo,mild_master_28,-0.030329600612068932,
759,az_itd=0_az=5,7.0,2.2361960035550235e-17,9.972016647159711e-05,3.553779678469694e-09,-7.888054033318035,-0.028032406126276537,21,12,hbo,True,S21_D12 hbo,mild_master_28,-0.042128090360400834,
760,az_itd=15_az=0,7.0,2.2361960035550235e-17,0.05403523833797728,3.53216819295805e-09,-2.3119012188099073,-0.008166023950341305,21,12,hbo,False,S21_D12 hbo,mild_master_28,-0.011824810611752747,
761,az_itd=5_az=0,7.0,2.2361960035550235e-17,0.0005097931887934984,3.6139131557794354e-09,-6.062138204867557,-0.021908041010723994,21,12,hbo,True,S21_D12 hbo,mild_master_28,-0.02323030050741623,
762,constant,7.0,2.2361960035550235e-17,0.8544858972162139,4.403778646978687e-09,-0.19028582391329255,-0.0008379766481721042,21,12,hbo,False,S21_D12 hbo,mild_master_28,,
770,Linear,7.0,5.4283497415513166e-17,0.49983081647002015,8.17620452762552e-13,-0.7114322490279543,-5.816815575601166e-07,21,19,hbo,False,S21_D19 hbo,mild_master_28,,
771,ShortHbO,7.0,5.4283497415513166e-17,6.449722121653469e-11,0.005833517778611047,63.301038941470736,369267.7360696198,21,19,hbo,True,S21_D19 hbo,mild_master_28,,
772,az_itd=0_az=15,7.0,5.4283497415513166e-17,0.00021092263894880245,5.5346236324965e-09,7.003368786716806,0.03876101039405118,21,19,hbo,True,S21_D19 hbo,mild_master_28,0.03198025054593161,
773,az_itd=0_az=5,7.0,5.4283497415513166e-17,0.08034175527334293,5.536935654951646e-09,2.043122768185625,0.011312639302610493,21,19,hbo,False,S21_D19 hbo,mild_master_28,-0.14315559515844092,
774,az_itd=15_az=0,7.0,5.4283497415513166e-17,0.0005553479569620336,5.5032640670896155e-09,5.976115299971156,0.03288814059111574,21,19,hbo,True,S21_D19 hbo,mild_master_28,-0.07619802119728705,
775,az_itd=5_az=0,7.0,5.4283497415513166e-17,0.0001441791200054465,5.6306260985629135e-09,7.442103161673537,0.04190370029031659,21,19,hbo,True,S21_D19 hbo,mild_master_28,0.008775867425967657,
776,constant,7.0,5.4283497415513166e-17,0.6366736328428175,6.861269187478401e-09,-0.4936351160166782,-0.00338696341138256,21,19,hbo,False,S21_D19 hbo,mild_master_28,,
784,Linear,7.0,6.131848617517644e-17,0.845323151078136,8.689875384637491e-13,-0.20245022291216627,-1.7592672086988066e-07,22,10,hbo,False,S22_D10 hbo,mild_master_28,,
785,ShortHbO,7.0,6.131848617517644e-17,1.81305889275436e-08,0.006200009109228964,28.197918095787454,174827.34905517448,22,10,hbo,True,S22_D10 hbo,mild_master_28,,
786,az_itd=0_az=15,7.0,6.131848617517644e-17,0.7286058802044442,5.882336908862988e-09,-0.3611992671307757,-0.002124695780497624,22,10,hbo,False,S22_D10 hbo,mild_master_28,-0.018844888396069483,
787,az_itd=0_az=5,7.0,6.131848617517644e-17,0.000263929562781413,5.884794184357238e-09,-6.754476189868948,-0.03974870220052022,22,10,hbo,True,S22_D10 hbo,mild_master_28,-0.16558593706047622,
788,az_itd=15_az=0,7.0,6.131848617517644e-17,7.1003926785608296e-06,5.849007175662032e-09,11.804105050342834,0.06904229514172366,22,10,hbo,True,S22_D10 hbo,mild_master_28,0.031843150027163675,
789,az_itd=5_az=0,7.0,6.131848617517644e-17,0.004412924137143596,5.9843707393421905e-09,-4.128382706546612,-0.02470577266986386,22,10,hbo,True,S22_D10 hbo,mild_master_28,0.0042449906727775495,
790,constant,7.0,6.131848617517644e-17,0.886269922398954,7.292329101869438e-09,0.14832330203725833,0.0010816223319316692,22,10,hbo,False,S22_D10 hbo,mild_master_28,,
798,Linear,7.0,1.5455740877742525e-17,0.9682485961524254,4.3627743420040377e-13,0.041249869514802806,1.7996387233019623e-08,22,11,hbo,False,S22_D11 hbo,mild_master_28,,
799,ShortHbO,7.0,1.5455740877742525e-17,1.005160077950586e-12,0.0031127305588011978,114.77088601337255,357250.8441545137,22,11,hbo,True,S22_D11 hbo,mild_master_28,,
800,az_itd=0_az=15,7.0,1.5455740877742525e-17,0.24755827299055264,2.9532424115517236e-09,1.2614437553365816,0.0037253491980470685,22,11,hbo,False,S22_D11 hbo,mild_master_28,-0.03107337651663031,
801,az_itd=0_az=5,7.0,1.5455740877742525e-17,0.03321972567781769,2.954476093049216e-09,-2.6442107260662695,-0.007812257375147104,22,11,hbo,True,S22_D11 hbo,mild_master_28,-0.07702040271304283,
802,az_itd=15_az=0,7.0,1.5455740877742525e-17,0.005595411049923601,2.936509133063975e-09,3.941105185645378,0.011573091372013443,22,11,hbo,True,S22_D11 hbo,mild_master_28,-0.05362448132094345,
803,az_itd=5_az=0,7.0,1.5455740877742525e-17,0.2511477418972774,3.0044687592181145e-09,1.250931376232276,0.003758384239815595,22,11,hbo,False,S22_D11 hbo,mild_master_28,-0.0489305749495491,
804,constant,7.0,1.5455740877742525e-17,0.8122311920786639,3.6611326274401486e-09,-0.24668349047503302,-0.0009031409756289644,22,11,hbo,False,S22_D11 hbo,mild_master_28,,
812,Linear,7.0,1.6729143401931044e-17,0.11885070987733261,4.538942575631384e-13,1.776793318377143,8.064762840879383e-07,22,12,hbo,False,S22_D12 hbo,mild_master_28,,
813,ShortHbO,7.0,1.6729143401931044e-17,4.1377456031146e-12,0.003238422194745398,93.75422155045837,303615.7519200817,22,12,hbo,True,S22_D12 hbo,mild_master_28,,
814,az_itd=0_az=15,7.0,1.6729143401931044e-17,0.004628538613731962,3.072493937835672e-09,-4.090415401772314,-0.0125677765251751,22,12,hbo,True,S22_D12 hbo,mild_master_28,-0.006320354877076917,
815,az_itd=0_az=5,7.0,1.6729143401931044e-17,3.0090563331191e-06,3.07377743522398e-09,-13.408753381051595,-0.04121552357715965,22,12,hbo,True,S22_D12 hbo,mild_master_28,-0.07770959880214208,
816,az_itd=15_az=0,7.0,1.6729143401931044e-17,4.274642274411801e-05,3.0550849718420173e-09,-8.997103017585173,-0.027486914219138927,22,12,hbo,True,S22_D12 hbo,mild_master_28,-0.03175155112334087,
817,az_itd=5_az=0,7.0,1.6729143401931044e-17,9.122306296388125e-07,3.125788798442713e-09,-15.980451982853442,-0.04995151780205492,22,12,hbo,True,S22_D12 hbo,mild_master_28,-0.07056856364357166,
818,constant,7.0,1.6729143401931044e-17,0.9661437087127882,3.8089686642119484e-09,0.04398638960287179,0.00016754277964915688,22,12,hbo,False,S22_D12 hbo,mild_master_28,,
826,Linear,7.0,7.489576168214836e-17,0.4186120600172405,9.603874080950955e-13,0.8593287030706873,8.252884658437773e-07,22,19,hbo,False,S22_D19 hbo,mild_master_28,,
827,ShortHbO,7.0,7.489576168214836e-17,1.7094653391868087e-09,0.006852124357392935,39.58732314557674,271257.2611697915,22,19,hbo,True,S22_D19 hbo,mild_master_28,,
828,az_itd=0_az=15,7.0,7.489576168214836e-17,0.002181577459107014,6.501039482605548e-09,-4.710507409518281,-0.030623194652384323,22,19,hbo,True,S22_D19 hbo,mild_master_28,-0.044565626462844656,
829,az_itd=0_az=5,7.0,7.489576168214836e-17,1.450275656860721e-05,6.503755213658572e-09,-10.605430609184817,-0.06897512461757994,22,19,hbo,True,S22_D19 hbo,mild_master_28,-0.14901048019469107,
830,az_itd=15_az=0,7.0,7.489576168214836e-17,0.0008566463061154648,6.464204137258759e-09,-5.553617837656386,-0.035899719402932455,22,19,hbo,True,S22_D19 hbo,mild_master_28,-0.0859735911117728,
831,az_itd=5_az=0,7.0,7.489576168214836e-17,0.051300776412025434,6.613805203233915e-09,-2.347168975084137,-0.015523718380280679,22,19,hbo,False,S22_D19 hbo,mild_master_28,-0.07525560485323135,
832,constant,7.0,7.489576168214836e-17,0.8565536632066987,8.059334265600613e-09,0.18754516590785575,0.0015114891819489338,22,19,hbo,False,S22_D19 hbo,mild_master_28,,
840,Linear,7.0,4.2601562081912577e-17,0.43782030193138965,7.24320201926428e-13,0.8226663537609595,5.958738594742165e-07,22,20,hbo,False,S22_D20 hbo,mild_master_28,,
841,ShortHbO,7.0,4.2601562081912577e-17,4.10537219490548e-12,0.005167843785057632,93.85955656255464,485051.52605006326,22,20,hbo,True,S22_D20 hbo,mild_master_28,,
842,az_itd=0_az=15,7.0,4.2601562081912577e-17,0.0010639404699634865,4.903057027905424e-09,-5.350226919864901,-0.026232467700332388,22,20,hbo,True,S22_D20 hbo,mild_master_28,-0.04541754131136338,
843,az_itd=0_az=5,7.0,4.2601562081912577e-17,0.0016395005479383495,4.9051052210076284e-09,-4.958973740107981,-0.024324287983443382,22,20,hbo,True,S22_D20 hbo,mild_master_28,-0.06891723254228409,
844,az_itd=15_az=0,7.0,4.2601562081912577e-17,0.03871977627685001,4.87527596314476e-09,2.539013162300504,0.012378389840271814,22,20,hbo,True,S22_D20 hbo,mild_master_28,-0.030112984710168798,
845,az_itd=5_az=0,7.0,4.2601562081912577e-17,3.382058866017287e-06,4.988104466936226e-09,-13.179043786697079,-0.06573844718237182,22,20,hbo,True,S22_D20 hbo,mild_master_28,-0.12712068817677286,
846,constant,7.0,4.2601562081912577e-17,0.917314592564453,6.0783164933732624e-09,-0.10762288302768452,-0.0006541659449715563,22,20,hbo,False,S22_D20 hbo,mild_master_28,,
896,Linear,7.0,1.016528693458565e-16,0.031843836159119183,1.1188649193952511e-12,-2.673368067410555,-2.991137747257149e-06,23,9,hbo,True,S23_D9 hbo,mild_master_28,,
897,ShortHbO,7.0,1.016528693458565e-16,6.7401522520756055e-09,0.007982821830231196,32.51071893835625,259527.27685762107,23,9,hbo,True,S23_D9 hbo,mild_master_28,,
898,az_itd=0_az=15,7.0,1.016528693458565e-16,0.0009056997927849856,7.57380298344204e-09,5.500872957847912,0.041662528019684154,23,9,hbo,True,S23_D9 hbo,mild_master_28,0.13608268587566405,
899,az_itd=0_az=5,7.0,1.016528693458565e-16,1.4895996495310651e-05,7.576966848544945e-09,10.562744364528418,0.08003356387968677,23,9,hbo,True,S23_D9 hbo,mild_master_28,0.06262104866345253,
900,az_itd=15_az=0,7.0,1.016528693458565e-16,6.938758642276715e-08,7.530889284912738e-09,23.235664025266445,0.17498521323571142,23,9,hbo,True,S23_D9 hbo,mild_master_28,0.14123334110981028,
901,az_itd=5_az=0,7.0,1.016528693458565e-16,2.397807009066177e-07,7.705176643548288e-09,19.415866139642176,0.14960267829343096,23,9,hbo,True,S23_D9 hbo,mild_master_28,0.2760407214416209,
902,constant,7.0,1.016528693458565e-16,0.7208977803308498,9.389238454663019e-09,-0.3720012827631179,-0.003492808749303438,23,9,hbo,False,S23_D9 hbo,mild_master_28,,
854,Linear,7.0,5.627967562531195e-17,0.12512536050921602,8.325179941313591e-13,-1.741552075039194,-1.4498734401869358e-06,23,10,hbo,False,S23_D10 hbo,mild_master_28,,
855,ShortHbO,7.0,5.627967562531195e-17,1.5401767255240792e-08,0.005939808016506757,28.867856813747068,171469.52732166406,23,10,hbo,True,S23_D10 hbo,mild_master_28,,
856,az_itd=0_az=15,7.0,5.627967562531195e-17,0.10380824120345397,5.635467837466307e-09,1.8691440723583854,0.010533501303366477,23,10,hbo,False,S23_D10 hbo,mild_master_28,0.09457782918607886,
857,az_itd=0_az=5,7.0,5.627967562531195e-17,7.885320001339642e-06,5.637821986375182e-09,11.620746989988973,0.06551570287826304,23,10,hbo,True,S23_D10 hbo,mild_master_28,0.07865661972931702,
858,az_itd=15_az=0,7.0,5.627967562531195e-17,1.046397571318527e-05,5.603536881726197e-09,11.138845828538273,0.06241693342007621,23,10,hbo,True,S23_D10 hbo,mild_master_28,0.11162306675691402,
859,az_itd=5_az=0,7.0,5.627967562531195e-17,5.095459277254857e-07,5.733219526787717e-09,17.39916173938676,0.09975321383398991,23,10,hbo,True,S23_D10 hbo,mild_master_28,0.21595110160180156,
860,constant,7.0,5.627967562531195e-17,0.6663547681541129,6.986285680421571e-09,-0.4499428720739369,-0.0031434294441779003,23,10,hbo,False,S23_D10 hbo,mild_master_28,,
868,Linear,7.0,1.4195794761950634e-17,0.1567688508123079,4.1811687156228776e-13,-1.5859586316295247,-6.631160614841436e-07,23,11,hbo,False,S23_D11 hbo,mild_master_28,,
869,ShortHbO,7.0,1.4195794761950634e-17,8.022389196226518e-12,0.0029831594788935433,85.28677405469296,254424.0484455092,23,11,hbo,True,S23_D11 hbo,mild_master_28,,
870,az_itd=0_az=15,7.0,1.4195794761950634e-17,0.0007283233722134814,2.8303102138348695e-09,5.70929314825407,0.016159070711280935,23,11,hbo,True,S23_D11 hbo,mild_master_28,-0.0026410703319566463,
871,az_itd=0_az=5,7.0,1.4195794761950634e-17,1.9150775891475603e-06,2.831492541885325e-09,14.332718155315842,0.0405829845617212,23,11,hbo,True,S23_D11 hbo,mild_master_28,-0.022424825826509034,
872,az_itd=15_az=0,7.0,1.4195794761950634e-17,0.0003690752926894514,2.8142734777953335e-09,6.394881543514926,0.01799694552155694,23,11,hbo,True,S23_D11 hbo,mild_master_28,-0.03581321874883899,
873,az_itd=5_az=0,7.0,1.4195794761950634e-17,2.986061842924215e-06,2.8794042043757485e-09,13.423962462168328,0.038653013952949705,23,11,hbo,True,S23_D11 hbo,mild_master_28,0.027803183727536193,
874,constant,7.0,1.4195794761950634e-17,0.5280486806243023,3.5087336647733432e-09,-0.6638319946344458,-0.002329209667327517,23,11,hbo,False,S23_D11 hbo,mild_master_28,,
882,Linear,7.0,1.0547602498036726e-16,0.6503182126781593,1.139710930767162e-12,-0.4734254648938452,-5.395681772430406e-07,23,19,hbo,False,S23_D19 hbo,mild_master_28,,
883,ShortHbO,7.0,1.0547602498036726e-16,5.5421449713552775e-08,0.008131552916324128,24.002358315998396,195176.44676311346,23,19,hbo,True,S23_D19 hbo,mild_master_28,,
884,az_itd=0_az=15,7.0,1.0547602498036726e-16,0.0047006395086591135,7.714913478895576e-09,4.078149803505025,0.031462572888016266,23,19,hbo,True,S23_D19 hbo,mild_master_28,-0.01949964527983515,
885,az_itd=0_az=5,7.0,1.0547602498036726e-16,0.5391805974173156,7.71813629121076e-09,0.6454951867834227,0.0049820198269150025,23,19,hbo,False,S23_D19 hbo,mild_master_28,-0.05861931217329146,
886,az_itd=15_az=0,7.0,1.0547602498036726e-16,0.0036347737763102544,7.671200238409024e-09,-4.284594077196712,-0.03286797910647731,23,19,hbo,True,S23_D19 hbo,mild_master_28,-0.10433709693277704,
887,az_itd=5_az=0,7.0,1.0547602498036726e-16,0.01630006564064032,7.848734813216174e-09,3.1434667711718833,0.024672237081085,23,19,hbo,True,S23_D19 hbo,mild_master_28,-0.06082434445203328,
888,constant,7.0,1.0547602498036726e-16,0.8227881818772607,9.564173040783815e-09,0.23251734711320618,0.002223836142774699,23,19,hbo,False,S23_D19 hbo,mild_master_28,,
938,Linear,7.0,7.53818451365687e-17,0.06542135517081428,9.634988887838944e-13,-2.182267334370221,-2.102612151695099e-06,24,9,hbo,False,S24_D9 hbo,mild_master_28,,
939,ShortHbO,7.0,7.53818451365687e-17,1.051347647159083e-12,0.006874323995201145,114.03629716214213,783922.453905602,24,9,hbo,True,S24_D9 hbo,mild_master_28,,
940,az_itd=0_az=15,7.0,7.53818451365687e-17,4.994230890487419e-06,6.522101669215604e-09,12.438990164163929,0.08112835851305004,24,9,hbo,True,S24_D9 hbo,mild_master_28,0.08073318566973313,
941,az_itd=0_az=5,7.0,7.53818451365687e-17,2.987891707839264e-06,6.5248261987437605e-09,13.422747274186253,0.08758109307372686,24,9,hbo,True,S24_D9 hbo,mild_master_28,-0.042314120010238904,
942,az_itd=15_az=0,7.0,7.53818451365687e-17,0.0008188762030405782,6.4851469840432976e-09,5.596580520595047,0.03629464728409244,24,9,hbo,True,S24_D9 hbo,mild_master_28,-0.0015837821950387175,
943,az_itd=5_az=0,7.0,7.53818451365687e-17,1.0188124656377395e-06,6.635232730287979e-09,15.724037077271538,0.10433264546737384,24,9,hbo,True,S24_D9 hbo,mild_master_28,0.14211061649561985,
944,constant,7.0,7.53818451365687e-17,0.7081541039376171,8.085445044147502e-09,-0.38996813302168604,-0.003153065908515645,24,9,hbo,False,S24_D9 hbo,mild_master_28,,
910,Linear,7.0,4.2533817178289846e-17,0.9621142766121009,7.237440666540199e-13,-0.04922603985776545,-3.562705427193203e-08,24,10,hbo,False,S24_D10 hbo,mild_master_28,,
911,ShortHbO,7.0,4.2533817178289846e-17,0.7599845211417698,0.005163733203744357,-0.31769344036068276,-1640.4841666022353,24,10,hbo,False,S24_D10 hbo,mild_master_28,,
912,az_itd=0_az=15,7.0,4.2533817178289846e-17,0.10074781983745877,4.899157061994088e-09,-1.8895105875154605,-0.009257009138538967,24,10,hbo,False,S24_D10 hbo,mild_master_28,0.060560201579291206,
913,az_itd=0_az=5,7.0,4.2533817178289846e-17,0.09444090242168454,4.90120362593244e-09,-1.9334538704766455,-0.009476251120553246,24,10,hbo,False,S24_D10 hbo,mild_master_28,0.0068584604302537235,
914,az_itd=15_az=0,7.0,4.2533817178289846e-17,0.12023438085977085,4.871398094713615e-09,1.7688717293251064,0.0086168783720271,24,10,hbo,False,S24_D10 hbo,mild_master_28,0.05232445821733185,
915,az_itd=5_az=0,7.0,4.2533817178289846e-17,0.04385668900889528,4.9841368530022015e-09,2.4538854659692646,0.012230500983983891,24,10,hbo,True,S24_D10 hbo,mild_master_28,0.0786477444324206,
916,constant,7.0,4.2533817178289846e-17,0.9705983978550641,6.073481708261128e-09,0.03819535732617327,0.00023197880406101103,24,10,hbo,False,S24_D10 hbo,mild_master_28,,
924,Linear,7.0,9.273097121236747e-17,0.42383190852832187,1.0686370826688808e-12,-0.8492487186520198,-9.075386731605795e-07,24,19,hbo,False,S24_D19 hbo,mild_master_28,,
925,ShortHbO,7.0,9.273097121236747e-17,2.7741658827448e-07,0.007624458756589315,-19.008991044562137,-144933.26822363966,24,19,hbo,True,S24_D19 hbo,mild_master_28,,
926,az_itd=0_az=15,7.0,9.273097121236747e-17,0.014826840620150059,7.233801493489492e-09,3.211516695513008,0.023231474268368437,24,19,hbo,True,S24_D19 hbo,mild_master_28,0.051831025393895475,
927,az_itd=0_az=5,7.0,9.273097121236747e-17,0.024632332447082305,7.236823327059316e-09,-2.8515891312447157,-0.020636446744180567,24,19,hbo,True,S24_D19 hbo,mild_master_28,-0.053903138918284806,
928,az_itd=15_az=0,7.0,9.273097121236747e-17,0.00025460212335727257,7.1928142672319454e-09,6.7939537533169165,0.04886764748777194,24,19,hbo,True,S24_D19 hbo,mild_master_28,0.050338702814992246,
929,az_itd=5_az=0,7.0,9.273097121236747e-17,2.730016104124242e-06,7.359277556275834e-09,13.602901169756615,0.10010752527882816,24,19,hbo,True,S24_D19 hbo,mild_master_28,0.11364051332399913,
930,constant,7.0,9.273097121236747e-17,0.9908905901723566,8.967738836692449e-09,-0.01183098050141852,-0.00010609714331872196,24,19,hbo,False,S24_D19 hbo,mild_master_28,,
679,Linear,7.0,4.688674049099156e-18,0.0004162953832821791,2.40293961577498e-13,-6.269333388340466,-1.5064829563344096e-06,1,7,hbr,True,S1_D7 hbr,mild_master_28,,
680,ShortHbO,7.0,4.688674049099156e-18,1.3407213140215534e-07,0.0017144374167977232,-21.123783029989497,-36215.404010930775,1,7,hbr,True,S1_D7 hbr,mild_master_28,,
681,az_itd=0_az=15,7.0,4.688674049099156e-18,7.2997854592934506e-09,1.626594141572016e-09,32.14019411684309,0.052279051459444344,1,7,hbr,True,S1_D7 hbr,mild_master_28,,0.03693689033807782
682,az_itd=0_az=5,7.0,4.688674049099156e-18,2.993703835708874e-09,1.6272736317109014e-09,36.529387026021716,0.05944330829000744,1,7,hbr,True,S1_D7 hbr,mild_master_28,,0.029792957398620343
683,az_itd=15_az=0,7.0,4.688674049099156e-18,1.1500098778700928e-09,1.6173777451627677e-09,41.90274814750089,0.06777257231492832,1,7,hbr,True,S1_D7 hbr,mild_master_28,,0.06721513894287764
684,az_itd=5_az=0,7.0,4.688674049099156e-18,7.390941123184464e-09,1.6548087157235845e-09,32.082921064385644,0.05309109740321715,1,7,hbr,True,S1_D7 hbr,mild_master_28,,0.06115371617068795
685,constant,7.0,4.688674049099156e-18,0.4297716441924,2.016487661161305e-09,-0.8378862312889326,-0.0016895872468510801,1,7,hbr,False,S1_D7 hbr,mild_master_28,,
693,Linear,7.0,3.3488698405865326e-18,0.00019138529703317854,2.0307991384177084e-13,-7.113471182222099,-1.4446031148015837e-06,1,8,hbr,True,S1_D8 hbr,mild_master_28,,
694,ShortHbO,7.0,3.3488698405865326e-18,3.1699765027811336e-07,0.0014489244781879425,18.64400604126348,27013.756724670537,1,8,hbr,True,S1_D8 hbr,mild_master_28,,
695,az_itd=0_az=15,7.0,3.3488698405865326e-18,1.5982015662061162e-09,1.3746853893348412e-09,39.97128263119951,0.054947938226083466,1,8,hbr,True,S1_D8 hbr,mild_master_28,,0.03744443098792237
696,az_itd=0_az=5,7.0,3.3488698405865326e-18,8.223482495057207e-10,1.3752596476222958e-09,43.96623977779388,0.06046499542408617,1,8,hbr,True,S1_D8 hbr,mild_master_28,,0.033062324497730264
697,az_itd=15_az=0,7.0,3.3488698405865326e-18,3.545496794901742e-10,1.366896325571297e-09,49.598156058724875,0.06779553727178278,1,8,hbr,True,S1_D8 hbr,mild_master_28,,0.05165609898980706
698,az_itd=5_az=0,7.0,3.3488698405865326e-18,4.0290974349529036e-09,1.3985304050404681e-09,35.00453467769301,0.04895490606104711,1,8,hbr,True,S1_D8 hbr,mild_master_28,,0.04503494335666446
699,constant,7.0,3.3488698405865326e-18,0.2632638647135594,1.704196550771668e-09,-1.216367817940423,-0.002072929839803729,1,8,hbr,False,S1_D8 hbr,mild_master_28,,
959,Linear,7.0,1.2918845536309196e-18,0.9901533787302611,1.2613327993593488e-13,-0.012788502166806619,-1.6130557237671292e-09,2,6,hbr,False,S2_D6 hbr,mild_master_28,,
960,ShortHbO,7.0,1.2918845536309196e-18,1.6938584559460308e-09,0.0008999294580935425,39.63943153761611,35672.69214278295,2,6,hbr,True,S2_D6 hbr,mild_master_28,,
961,az_itd=0_az=15,7.0,1.2918845536309196e-18,0.2780084373517403,8.538194337225802e-10,-1.1760734551372605,-0.001004154371481454,2,6,hbr,False,S2_D6 hbr,mild_master_28,,0.0004900506686249331
962,az_itd=0_az=5,7.0,1.2918845536309196e-18,0.001578312278254587,8.541761065217596e-10,-4.992641053124801,-0.004264594696018841,2,6,hbr,True,S2_D6 hbr,mild_master_28,,0.012557899214621327
963,az_itd=15_az=0,7.0,1.2918845536309196e-18,0.0005796989833420988,8.489816329694666e-10,5.933313526609093,0.005037274206740413,2,6,hbr,True,S2_D6 hbr,mild_master_28,,0.004440992226159919
964,az_itd=5_az=0,7.0,1.2918845536309196e-18,0.0035288324397951903,8.686296135388767e-10,4.3086752797236745,0.0037426429430908875,2,6,hbr,True,S2_D6 hbr,mild_master_28,,0.006468775004515552
965,constant,7.0,1.2918845536309196e-18,0.6140775164902204,1.0584793766055061e-09,-0.5276052426376316,-0.0005584592683208772,2,6,hbr,False,S2_D6 hbr,mild_master_28,,
973,Linear,7.0,1.629244324866749e-18,0.2049321416115287,1.4164816239608108e-13,1.397594244178819,1.9796665646326951e-07,2,7,hbr,False,S2_D7 hbr,mild_master_28,,
974,ShortHbO,7.0,1.629244324866749e-18,1.5958209021739928e-07,0.0010106242705319097,20.597326116247963,20816.15768114095,2,7,hbr,True,S2_D7 hbr,mild_master_28,,
975,az_itd=0_az=15,7.0,1.629244324866749e-18,0.25444656259312926,9.58842534391355e-10,-1.241382784935522,-0.0011902906156573741,2,7,hbr,False,S2_D7 hbr,mild_master_28,,-0.004954523973971444
976,az_itd=0_az=5,7.0,1.629244324866749e-18,3.131018144522043e-08,9.5924307932768e-10,-26.063563090171222,-0.025001292516867106,2,7,hbr,True,S2_D7 hbr,mild_master_28,,-0.015874264160767752
977,az_itd=15_az=0,7.0,1.629244324866749e-18,3.393570688847077e-05,9.53409665389098e-10,-9.321329456826401,-0.008887045598414403,2,7,hbr,True,S2_D7 hbr,mild_master_28,,-0.004296598111323863
978,az_itd=5_az=0,7.0,1.629244324866749e-18,0.18271483891192405,9.754744237452149e-10,1.478843605034453,0.0014425741134302791,2,7,hbr,False,S2_D7 hbr,mild_master_28,,-0.000869102270955338
979,constant,7.0,1.629244324866749e-18,0.7551351705988584,1.1886764437305688e-09,0.3243706256859352,0.000385571721791017,2,7,hbr,False,S2_D7 hbr,mild_master_28,,
987,Linear,7.0,5.07771160466582e-18,0.002006747022671305,2.5006439036515145e-13,-4.782378538322336,-1.195902573680959e-06,2,8,hbr,True,S2_D8 hbr,mild_master_28,,
988,ShortHbO,7.0,5.07771160466582e-18,1.908861195266985e-06,0.0017841469866168894,-14.339577873085139,-25583.914651623076,2,8,hbr,True,S2_D8 hbr,mild_master_28,,
989,az_itd=0_az=15,7.0,5.07771160466582e-18,2.990546211158529e-08,1.6927319759242042e-09,26.236599327138517,0.044411530620558824,2,8,hbr,True,S2_D8 hbr,mild_master_28,,0.037386563589906635
990,az_itd=0_az=5,7.0,5.07771160466582e-18,1.0441831316997691e-07,1.6934390943479216e-09,21.902256790206334,0.03709013790298263,2,8,hbr,True,S2_D8 hbr,mild_master_28,,0.02282603316908176
991,az_itd=15_az=0,7.0,5.07771160466582e-18,1.4056284542803908e-09,1.683140837910114e-09,40.71405790990865,0.06852749354520454,2,8,hbr,True,S2_D8 hbr,mild_master_28,,0.0885568115201257
992,az_itd=5_az=0,7.0,5.07771160466582e-18,2.2289223971930612e-08,1.7220937636208495e-09,27.37171232964733,0.04713665510250959,2,8,hbr,True,S2_D8 hbr,mild_master_28,,0.04568412355278086
993,constant,7.0,5.07771160466582e-18,0.5451836761620927,2.098478689838088e-09,-0.6357034300813464,-0.0013340101010826822,2,8,hbr,False,S2_D8 hbr,mild_master_28,,
1001,Linear,7.0,3.64125135771504e-18,0.0017219628662950045,2.1175962836876694e-13,-4.915742511628888,-1.0409558074190824e-06,3,5,hbr,True,S3_D5 hbr,mild_master_28,,
1002,ShortHbO,7.0,3.64125135771504e-18,0.000828079963392408,0.0015108520740980279,-5.585910607909729,-8439.484627686588,3,5,hbr,True,S3_D5 hbr,mild_master_28,,
1003,az_itd=0_az=15,7.0,3.64125135771504e-18,2.6346585971418616e-05,1.433439977704204e-09,9.688516286589138,0.013887906569835151,3,5,hbr,True,S3_D5 hbr,mild_master_28,,0.03243349413351284
1004,az_itd=0_az=5,7.0,3.64125135771504e-18,2.2596622836884046e-08,1.434038780014283e-09,27.317761124840136,0.039174728836187354,3,5,hbr,True,S3_D5 hbr,mild_master_28,,0.04974385439459961
1005,az_itd=15_az=0,7.0,3.64125135771504e-18,3.866067684301361e-09,1.4253180063250262e-09,35.21274284485023,0.05018935642885777,3,5,hbr,True,S3_D5 hbr,mild_master_28,,0.06985671605074573
1006,az_itd=5_az=0,7.0,3.64125135771504e-18,8.675244022335708e-09,1.4583041386581288e-09,31.352499354845868,0.045721479566448044,3,5,hbr,True,S3_D5 hbr,mild_master_28,,0.052233129542593515
1007,constant,7.0,3.64125135771504e-18,0.6517494496448925,1.7770345743790378e-09,-0.471318092357487,-0.000837548545649627,3,5,hbr,False,S3_D5 hbr,mild_master_28,,
1015,Linear,7.0,1.2868725478307256e-18,0.41827617467757205,1.258883683165024e-13,-0.859980419295629,-1.0826153176926831e-07,3,6,hbr,False,S3_D6 hbr,mild_master_28,,
1016,ShortHbO,7.0,1.2868725478307256e-18,7.196846456855639e-09,0.0008981820748409336,32.205860804116995,28926.7268790801,3,6,hbr,True,S3_D6 hbr,mild_master_28,,
1017,az_itd=0_az=15,7.0,1.2868725478307256e-18,0.013148543612006703,8.52161581803387e-10,3.2984598359366704,0.0028108207513067333,3,6,hbr,True,S3_D6 hbr,mild_master_28,,0.0012877810697874536
1018,az_itd=0_az=5,7.0,1.2868725478307256e-18,0.0007708043282097248,8.525175620548668e-10,-5.6545762947531735,-0.004820625597256218,3,6,hbr,True,S3_D6 hbr,mild_master_28,,0.01180742452525211
1019,az_itd=15_az=0,7.0,1.2868725478307256e-18,0.02921841340255505,8.473331745554414e-10,2.7328448041766347,0.002315630063490332,3,6,hbr,True,S3_D6 hbr,mild_master_28,,0.004915658309825886
1020,az_itd=5_az=0,7.0,1.2868725478307256e-18,3.2568151624698447e-07,8.66943004854421e-10,18.570877852252007,0.01609989264801577,3,6,hbr,True,S3_D6 hbr,mild_master_28,,0.02408971337628317
1021,constant,7.0,1.2868725478307256e-18,0.8580298046071926,1.056424138698492e-09,-0.1855896397020851,-0.00019606137527363875,3,6,hbr,False,S3_D6 hbr,mild_master_28,,
1029,Linear,7.0,1.0698887813537804e-18,0.7248875779187098,1.1478553246017466e-13,-0.36640405326135683,-4.205788434917104e-08,3,7,hbr,False,S3_D7 hbr,mild_master_28,,
1030,ShortHbO,7.0,1.0698887813537804e-18,2.2804516943383662e-05,0.0008189661132758211,9.903576196117625,8110.693304865392,3,7,hbr,True,S3_D7 hbr,mild_master_28,,
1031,az_itd=0_az=15,7.0,1.0698887813537804e-18,0.35118967788966715,7.770044382772734e-10,-0.9987312463577172,-0.0007760186110661392,3,7,hbr,False,S3_D7 hbr,mild_master_28,,-0.0035303676509375066
1032,az_itd=0_az=5,7.0,1.0698887813537804e-18,1.6411565496369938e-05,7.773290225359929e-10,-10.409431571920969,-0.00809155326895663,3,7,hbr,True,S3_D7 hbr,mild_master_28,,-0.0018081279174161989
1033,az_itd=15_az=0,7.0,1.0698887813537804e-18,0.02008179986548179,7.726018766720853e-10,2.995066972454188,0.002313994363676686,3,7,hbr,True,S3_D7 hbr,mild_master_28,,0.010452117424649406
1034,az_itd=5_az=0,7.0,1.0698887813537804e-18,2.4116490319596473e-05,7.904822006640754e-10,9.81976215736348,0.007762347200150493,3,7,hbr,True,S3_D7 hbr,mild_master_28,,0.01782404710321469
1035,constant,7.0,1.0698887813537804e-18,0.8578440983057323,9.632518785168164e-10,0.1858356105646746,0.00017900650097174233,3,7,hbr,False,S3_D7 hbr,mild_master_28,,
1043,Linear,7.0,5.9839332326914955e-18,0.22341155124377812,2.7146335105538073e-13,1.3357899420650727,3.6261801397905753e-07,4,2,hbr,False,S4_D2 hbr,mild_master_28,,
1044,ShortHbO,7.0,5.9839332326914955e-18,3.13045788836406e-08,0.001936823228029975,26.064235505097688,50481.81674711679,4,2,hbr,True,S4_D2 hbr,mild_master_28,,
1045,az_itd=0_az=15,7.0,5.9839332326914955e-18,1.0268379420716974e-06,1.8375854872898277e-09,-15.705979172409933,-0.028861079390896792,4,2,hbr,True,S4_D2 hbr,mild_master_28,,-0.021822930965854928
1046,az_itd=0_az=5,7.0,5.9839332326914955e-18,3.398154374880656e-07,1.838353116525702e-09,-18.45648357156396,-0.03392953409389003,4,2,hbr,True,S4_D2 hbr,mild_master_28,,-0.03499596881739462
1047,az_itd=15_az=0,7.0,5.9839332326914955e-18,0.036875806830787713,1.8271735991279921e-09,2.57245214476841,0.004700316643941019,4,2,hbr,True,S4_D2 hbr,mild_master_28,,0.003075354208822571
1048,az_itd=5_az=0,7.0,5.9839332326914955e-18,0.00033975934277790634,1.8694598748004566e-09,6.482263237773367,0.0121183310209114,4,2,hbr,True,S4_D2 hbr,mild_master_28,,-0.041456349719328184
1049,constant,7.0,5.9839332326914955e-18,0.8753483166619778,2.278053490262719e-09,-0.16270469775607038,-0.00037065000460535693,4,2,hbr,False,S4_D2 hbr,mild_master_28,,
1057,Linear,7.0,1.253907406561571e-18,0.8488055616458485,1.2426549958908275e-13,-0.1978230974443439,-2.458258603418119e-08,4,3,hbr,False,S4_D3 hbr,mild_master_28,,
1058,ShortHbO,7.0,1.253907406561571e-18,2.351067632918569e-07,0.0008866033116852816,19.47144295614573,17263.445808209854,4,3,hbr,True,S4_D3 hbr,mild_master_28,,
1059,az_itd=0_az=15,7.0,1.253907406561571e-18,0.04452303862285325,8.411760840936998e-10,2.4436027006365304,0.002055500150802226,4,3,hbr,True,S4_D3 hbr,mild_master_28,,0.0013472959779253393
1060,az_itd=0_az=5,7.0,1.253907406561571e-18,0.2681049574131752,8.415274752856387e-10,1.2029334406717467,0.0010123015412651618,4,3,hbr,False,S4_D3 hbr,mild_master_28,,-0.002536952118539687
1061,az_itd=15_az=0,7.0,1.253907406561571e-18,0.0010977833355395288,8.364099214457178e-10,-5.321252132253347,-0.0044507480779308805,4,3,hbr,True,S4_D3 hbr,mild_master_28,,-0.0045962711341299076
1062,az_itd=5_az=0,7.0,1.253907406561571e-18,0.0006369459546043232,8.557669549155083e-10,5.840145278139941,0.004997803340938001,4,3,hbr,True,S4_D3 hbr,mild_master_28,,-0.0017536627115748173
1063,constant,7.0,1.253907406561571e-18,0.9359187159718025,1.04280542459081e-09,-0.0833343643966399,-8.690152724764333e-05,4,3,hbr,False,S4_D3 hbr,mild_master_28,,
1071,Linear,7.0,7.41320555392771e-18,0.11420003955570933,3.021487887229652e-13,-1.804082174217776,-5.451012436965945e-07,4,4,hbr,False,S4_D4 hbr,mild_master_28,,
1072,ShortHbO,7.0,7.41320555392771e-18,0.009531796589445128,0.002155756163933794,-3.535141710267967,-7620.903532289624,4,4,hbr,True,S4_D4 hbr,mild_master_28,,
1073,az_itd=0_az=15,7.0,7.41320555392771e-18,0.02422356712174851,2.045300873952046e-09,2.863282993315824,0.005856275208600886,4,4,hbr,True,S4_D4 hbr,mild_master_28,,0.03507005457394384
1074,az_itd=0_az=5,7.0,7.41320555392771e-18,8.905910873743302e-07,2.0461552737924148e-09,16.036685248522048,0.03281354809541241,4,4,hbr,True,S4_D4 hbr,mild_master_28,,0.034568084603659115
1075,az_itd=15_az=0,7.0,7.41320555392771e-18,3.830588254755675e-05,2.0337120558512344e-09,9.149935857747437,0.018608334864166465,4,4,hbr,True,S4_D4 hbr,mild_master_28,,0.02526066111393687
1076,az_itd=5_az=0,7.0,7.41320555392771e-18,5.157364340159987e-07,2.080778250696202e-09,17.368556280359197,0.03614011415416434,4,4,hbr,True,S4_D4 hbr,mild_master_28,,0.05782160978955531
1077,constant,7.0,7.41320555392771e-18,0.8357314493658752,2.5355581151305492e-09,-0.21522070605110896,-0.0005457046077720158,4,4,hbr,False,S4_D4 hbr,mild_master_28,,
1085,Linear,7.0,4.681014105672305e-18,9.918626485427813e-05,2.4009759576968923e-13,-7.894704697432845,-1.8954996171652977e-06,5,1,hbr,True,S5_D1 hbr,mild_master_28,,
1086,ShortHbO,7.0,4.681014105672305e-18,5.009676128423575e-06,0.001713036395789634,-12.433284520122395,-21298.668902177516,5,1,hbr,True,S5_D1 hbr,mild_master_28,,
1087,az_itd=0_az=15,7.0,4.681014105672305e-18,1.3755195389705816e-09,1.6252649052046518e-09,40.840665635379345,0.06637690056237969,5,1,hbr,True,S5_D1 hbr,mild_master_28,,0.049636204227026165
1088,az_itd=0_az=5,7.0,4.681014105672305e-18,9.177638495362748e-10,1.625943840071032e-09,43.2799071765419,0.07037069847254435,5,1,hbr,True,S5_D1 hbr,mild_master_28,,0.07188560133972081
1089,az_itd=15_az=0,7.0,4.681014105672305e-18,2.529448792223466e-10,1.6160560403418233e-09,52.055449338253545,0.08412452333579241,5,1,hbr,True,S5_D1 hbr,mild_master_28,,0.07415523439144944
1090,az_itd=5_az=0,7.0,4.681014105672305e-18,4.2408014810972355e-10,1.65345642269009e-09,48.342219126149395,0.07993175270122342,5,1,hbr,True,S5_D1 hbr,mild_master_28,,0.07066913623822883
1091,constant,7.0,4.681014105672305e-18,0.23158081087664092,2.014839807732443e-09,-1.3098892345702087,-0.002639216973532236,5,1,hbr,False,S5_D1 hbr,mild_master_28,,
1099,Linear,7.0,5.096304068639236e-18,0.5958542399797578,2.5052178784483193e-13,-0.5554955466522754,-1.3916373748717027e-07,5,3,hbr,False,S5_D3 hbr,mild_master_28,,
1100,ShortHbO,7.0,5.096304068639236e-18,9.84267115435702e-07,0.0017874104034267218,-15.803660594284915,-28247.627358449783,5,3,hbr,True,S5_D3 hbr,mild_master_28,,
1101,az_itd=0_az=15,7.0,5.096304068639236e-18,0.0029174192814108726,1.6958281838186258e-09,-4.4652898010192645,-0.007572364293486333,5,3,hbr,True,S5_D3 hbr,mild_master_28,,0.030915578783556955
1102,az_itd=0_az=5,7.0,5.096304068639236e-18,2.3320114482703103e-05,1.6965365956459518e-09,-9.87000109321434,-0.016744818053703675,5,3,hbr,True,S5_D3 hbr,mild_master_28,,0.0020925925879850794
1103,az_itd=15_az=0,7.0,5.096304068639236e-18,2.9203708928266752e-06,1.686219502473602e-09,13.468157092556803,0.022710269151847446,5,3,hbr,True,S5_D3 hbr,mild_master_28,,0.04943752497989814
1104,az_itd=5_az=0,7.0,5.096304068639236e-18,0.37224171044674204,1.7252436777133897e-09,0.9531876469624102,0.0016444809615964006,5,3,hbr,False,S5_D3 hbr,mild_master_28,,0.0067922308748595865
1105,constant,7.0,5.096304068639236e-18,0.8468692595864312,2.102317056678299e-09,0.20039528657625785,0.0004212944290472026,5,3,hbr,False,S5_D3 hbr,mild_master_28,,
1113,Linear,7.0,2.7005301186591258e-18,0.002069253855858687,1.82365360280698e-13,-4.755913465079886,-8.673138725231163e-07,6,1,hbr,True,S6_D1 hbr,mild_master_28,,
1114,ShortHbO,7.0,2.7005301186591258e-18,0.0005097609699298404,0.001301131310751606,6.062202052603422,7887.720902744966,6,1,hbr,True,S6_D1 hbr,mild_master_28,,
1115,az_itd=0_az=15,7.0,2.7005301186591258e-18,2.940717394017664e-08,1.2344647560466675e-09,26.300220865195985,0.03246669573432764,6,1,hbr,True,S6_D1 hbr,mild_master_28,,0.014905867575302044
1116,az_itd=0_az=5,7.0,2.7005301186591258e-18,4.294937259075249e-07,1.2349804388510607e-09,17.83792302467157,0.022029486005200338,6,1,hbr,True,S6_D1 hbr,mild_master_28,,0.02350049991948619
1117,az_itd=15_az=0,7.0,2.7005301186591258e-18,7.59706206056784e-09,1.2274701922189775e-09,31.95633685485662,0.03922545094184525,6,1,hbr,True,S6_D1 hbr,mild_master_28,,0.03393466913659605
1118,az_itd=5_az=0,7.0,2.7005301186591258e-18,1.6770973840531092e-08,1.25587753290772e-09,28.516135674130094,0.03581277411848832,6,1,hbr,True,S6_D1 hbr,mild_master_28,,0.030168898228259845
1119,constant,7.0,2.7005301186591258e-18,0.719264619916892,1.5303651261776017e-09,-0.37429618194437747,-0.0005728098237091018,6,1,hbr,False,S6_D1 hbr,mild_master_28,,
1127,Linear,7.0,5.521650100020995e-18,0.00021490369050803073,2.607667879857018e-13,-6.982342438989425,-1.8207630104315235e-06,6,2,hbr,True,S6_D2 hbr,mild_master_28,,
1128,ShortHbO,7.0,5.521650100020995e-18,6.224624888107351e-07,0.0018605059213552511,-16.898474328511256,-31439.71155006489,6,2,hbr,True,S6_D2 hbr,mild_master_28,,
1129,az_itd=0_az=15,7.0,5.521650100020995e-18,3.662804390553359e-09,1.7651784791824523e-09,35.48684176843863,0.06264060938380082,6,2,hbr,True,S6_D2 hbr,mild_master_28,,0.05418174907841876
1130,az_itd=0_az=5,7.0,5.521650100020995e-18,1.9053421936310323e-08,1.7659158612615602e-09,27.997073282606472,0.049440475778657025,6,2,hbr,True,S6_D2 hbr,mild_master_28,,0.051874911969397954
1131,az_itd=15_az=0,7.0,5.521650100020995e-18,7.13101073117984e-10,1.7551768542033429e-09,44.873581556248894,0.07876107171273408,6,2,hbr,True,S6_D2 hbr,mild_master_28,,0.08062424860080879
1132,az_itd=5_az=0,7.0,5.521650100020995e-18,6.328726501041684e-10,1.7957969093235528e-09,45.647625112023334,0.0819738640941317,6,2,hbr,True,S6_D2 hbr,mild_master_28,,0.05183321572078842
1133,constant,7.0,5.521650100020995e-18,0.4486485675093236,2.188290571106364e-09,-0.8024981350628024,-0.001756099102288372,6,2,hbr,False,S6_D2 hbr,mild_master_28,,
1169,Linear,7.0,3.017721147677463e-18,0.013657500954323016,1.927779641299394e-13,-3.2708926440016413,-6.30556024798231e-07,7,7,hbr,True,S7_D7 hbr,mild_master_28,,
1170,ShortHbO,7.0,3.017721147677463e-18,1.9937700841681506e-06,0.0013754226392903549,-14.248012443874089,-19597.03888019512,7,7,hbr,True,S7_D7 hbr,mild_master_28,,
1171,az_itd=0_az=15,7.0,3.017721147677463e-18,1.0868130321791495e-06,1.304949591822384e-09,15.575924143913372,0.02032579585385617,7,7,hbr,True,S7_D7 hbr,mild_master_28,,0.024292161654294635
1172,az_itd=0_az=5,7.0,3.017721147677463e-18,1.2406951671586014e-07,1.3054947188191707e-09,21.362320469417185,0.027888396554546804,7,7,hbr,True,S7_D7 hbr,mild_master_28,,0.020272039606302156
1173,az_itd=15_az=0,7.0,3.017721147677463e-18,2.0284676052156704e-08,1.2975556559751181e-09,27.7457537062809,0.03600165965087738,7,7,hbr,True,S7_D7 hbr,mild_master_28,,0.026699135469154804
1174,az_itd=5_az=0,7.0,3.017721147677463e-18,1.0354282746021674e-05,1.3275849844390994e-09,11.15646426664193,0.014811154439825195,7,7,hbr,True,S7_D7 hbr,mild_master_28,,0.015554125423846871
1175,constant,7.0,3.017721147677463e-18,0.5115594994422626,1.6177451295897316e-09,-0.6914440657765215,-0.0011185802697936899,7,7,hbr,False,S7_D7 hbr,mild_master_28,,
1183,Linear,7.0,2.585891555015674e-18,8.463270745184678e-05,1.7845264535586026e-13,-8.093383393952381,-1.444285676529993e-06,7,8,hbr,True,S7_D8 hbr,mild_master_28,,
1184,ShortHbO,7.0,2.585891555015674e-18,0.9015746333890038,0.0012732150667296301,0.12822817728904642,163.2620473036921,7,8,hbr,False,S7_D8 hbr,mild_master_28,,
1185,az_itd=0_az=15,7.0,2.585891555015674e-18,7.645444661656299e-10,1.2079788671271082e-09,44.42787939453096,0.05366793941986531,7,8,hbr,True,S7_D8 hbr,mild_master_28,,0.04181845986658424
1186,az_itd=0_az=5,7.0,2.585891555015674e-18,3.7933440281143215e-10,1.2084834857699625e-09,49.12048707628772,0.059361297444670585,7,8,hbr,True,S7_D8 hbr,mild_master_28,,0.049403025554685814
1187,az_itd=15_az=0,7.0,2.585891555015674e-18,1.5718127135703494e-10,1.201134374202353e-09,55.72465926286844,0.06693280373134483,7,8,hbr,True,S7_D8 hbr,mild_master_28,,0.040800538317867494
1188,az_itd=5_az=0,7.0,2.585891555015674e-18,1.1593178470098083e-09,1.2289322250969988e-09,41.8543495510672,0.051436158923780596,7,8,hbr,True,S7_D8 hbr,mild_master_28,,0.03364266426945852
1189,constant,7.0,2.585891555015674e-18,0.22997825283358883,1.4975305875325997e-09,-1.314906670121518,-0.001969112958257611,7,8,hbr,False,S7_D8 hbr,mild_master_28,,
1141,Linear,7.0,2.851427738144096e-18,0.6048727863374472,1.8739112623254058e-13,-0.5416351125790637,-1.0149761375327966e-07,7,17,hbr,False,S7_D17 hbr,mild_master_28,,
1142,ShortHbO,7.0,2.851427738144096e-18,3.242950977025391e-10,0.0013369888959332795,-50.23578155601111,-67164.6821189167,7,17,hbr,True,S7_D17 hbr,mild_master_28,,
1143,az_itd=0_az=15,7.0,2.851427738144096e-18,5.219193279504084e-05,1.2684850926398647e-09,8.724535200382272,0.011066942841896667,7,17,hbr,True,S7_D17 hbr,mild_master_28,,0.024839664007403638
1144,az_itd=0_az=5,7.0,2.851427738144096e-18,0.08057172244916853,1.2690149870306921e-09,2.041186049501168,0.0025902956881349547,7,17,hbr,False,S7_D17 hbr,mild_master_28,,0.01869661634851891
1145,az_itd=15_az=0,7.0,2.851427738144096e-18,0.0029117045608371807,1.2612977672006543e-09,4.4669194900289515,0.005634115579038601,7,17,hbr,True,S7_D17 hbr,mild_master_28,,0.008425280622482717
1146,az_itd=5_az=0,7.0,2.851427738144096e-18,0.01108346725235136,1.2904879794029128e-09,-3.42344177198399,-0.004417910454931146,7,17,hbr,True,S7_D17 hbr,mild_master_28,,-0.008698300503135666
1147,constant,7.0,2.851427738144096e-18,0.8731098167572273,1.5725401145262234e-09,-0.1656569454063091,-0.0002605021919013016,7,17,hbr,False,S7_D17 hbr,mild_master_28,,
1155,Linear,7.0,1.7353880108926458e-18,0.10010229574032693,1.4618948384018925e-13,-1.8938831674745322,-2.7686580270672457e-07,7,18,hbr,False,S7_D18 hbr,mild_master_28,,
1156,ShortHbO,7.0,1.7353880108926458e-18,1.173097173992705e-07,0.0010430254651119654,-21.536307485226995,-22462.917131573187,7,18,hbr,True,S7_D18 hbr,mild_master_28,,
1157,az_itd=0_az=15,7.0,1.7353880108926458e-18,1.3073012883139827e-05,9.895835767691482e-10,10.772496483861023,0.010660285601232264,7,18,hbr,True,S7_D18 hbr,mild_master_28,,0.004277117308107974
1158,az_itd=0_az=5,7.0,1.7353880108926458e-18,7.305122248990447e-07,9.899969634061908e-10,16.508053302225576,0.01634292264095086,7,18,hbr,True,S7_D18 hbr,mild_master_28,,0.02764403510299344
1159,az_itd=15_az=0,7.0,1.7353880108926458e-18,6.717191875430024e-06,9.839765268662314e-10,11.902191001388651,0.011711476563644919,7,18,hbr,True,S7_D18 hbr,mild_master_28,,-0.0031539677556191143
1160,az_itd=5_az=0,7.0,1.7353880108926458e-18,0.011251701761104809,1.0067486940484614e-09,3.412356824909011,0.003435385777104501,7,18,hbr,True,S7_D18 hbr,mild_master_28,,-0.001283208164507131
1161,constant,7.0,1.7353880108926458e-18,0.8273331860960658,1.2267860932502383e-09,-0.22643496960406775,-0.00027778727173581076,7,18,hbr,False,S7_D18 hbr,mild_master_28,,
1239,Linear,7.0,1.780041879828321e-18,0.001277520421487658,1.4805836407446495e-13,-5.182390245180391,-7.672962216968741e-07,8,6,hbr,True,S8_D6 hbr,mild_master_28,,
1240,ShortHbO,7.0,1.780041879828321e-18,5.753135928239869e-07,0.0010563594589423622,17.09383357065786,18057.232781950923,8,6,hbr,True,S8_D6 hbr,mild_master_28,,
1241,az_itd=0_az=15,7.0,1.780041879828321e-18,3.159283100375242e-08,1.0022343717388428e-09,26.029816840717796,0.02608797712783395,8,6,hbr,True,S8_D6 hbr,mild_master_28,,0.040504779846823595
1242,az_itd=0_az=5,7.0,1.780041879828321e-18,1.29463933591316e-08,1.0026530430933272e-09,29.598349327654955,0.02967687502391258,8,6,hbr,True,S8_D6 hbr,mild_master_28,,0.0408497469847161
1243,az_itd=15_az=0,7.0,1.780041879828321e-18,1.1271168645097407e-08,9.965556415449715e-10,30.19426276928067,0.030090262905017942,8,6,hbr,True,S8_D6 hbr,mild_master_28,,0.042597511934398785
1244,az_itd=5_az=0,7.0,1.780041879828321e-18,6.742725035834857e-09,1.0196189271580252e-09,32.508936087037206,0.03314672653611368,8,6,hbr,True,S8_D6 hbr,mild_master_28,,0.041173234830630207
1245,constant,7.0,1.780041879828321e-18,0.3868341728484245,1.2424692752489246e-09,-0.922756916638247,-0.0011464971174464551,8,6,hbr,False,S8_D6 hbr,mild_master_28,,
1253,Linear,7.0,8.965979355412297e-19,0.5921412268961324,1.0507918691009657e-13,0.56123597434811,5.8974219849195213e-08,8,7,hbr,False,S8_D7 hbr,mild_master_28,,
1254,ShortHbO,7.0,8.965979355412297e-19,2.880152662885819e-08,0.0007497137613557957,26.37922767662434,19776.870003102944,8,7,hbr,True,S8_D7 hbr,mild_master_28,,
1255,az_itd=0_az=15,7.0,8.965979355412297e-19,3.738022042844434e-06,7.113003951786344e-10,-12.985249941817127,-0.009236413415107862,8,7,hbr,True,S8_D7 hbr,mild_master_28,,0.0035185030782052804
1256,az_itd=0_az=5,7.0,8.965979355412297e-19,0.03156062628869019,7.115975323636006e-10,-2.679532626067621,-0.0019067488045974776,8,7,hbr,True,S8_D7 hbr,mild_master_28,,-0.003131266331359624
1257,az_itd=15_az=0,7.0,8.965979355412297e-19,0.002763853781539933,7.072701172866425e-10,4.510353304528195,0.0031900381106978524,8,7,hbr,True,S8_D7 hbr,mild_master_28,,0.013460815453631366
1258,az_itd=5_az=0,7.0,8.965979355412297e-19,0.0034712310297014006,7.236384684760164e-10,-4.322104337497453,-0.0031276409633802034,8,7,hbr,True,S8_D7 hbr,mild_master_28,,0.009421941644985008
1259,constant,7.0,8.965979355412297e-19,0.7961343811114077,8.817986205647312e-10,0.2683930002406275,0.00023666857738141491,8,7,hbr,False,S8_D7 hbr,mild_master_28,,
1267,Linear,7.0,2.8969800357922053e-18,0.03404350375248682,1.8888200644648546e-13,-2.6273494523692684,-4.962590361995822e-07,8,8,hbr,True,S8_D8 hbr,mild_master_28,,
1268,ShortHbO,7.0,2.8969800357922053e-18,8.344631402998152e-05,0.001347625954001533,-8.111257958313757,-10930.941744225105,8,8,hbr,True,S8_D8 hbr,mild_master_28,,
1269,az_itd=0_az=15,7.0,2.8969800357922053e-18,0.00015303884639976476,1.2785771357601669e-09,7.371924626444985,0.009425574273919867,8,8,hbr,True,S8_D8 hbr,mild_master_28,,0.028534164089836857
1270,az_itd=0_az=5,7.0,2.8969800357922053e-18,1.2727719612299823e-06,1.2791112459806266e-09,15.219412217743631,0.019467321324930828,8,8,hbr,True,S8_D8 hbr,mild_master_28,,0.024034109898081118
1271,az_itd=15_az=0,7.0,2.8969800357922053e-18,6.794095734136648e-08,1.2713326280973158e-09,23.306510211579518,0.029630326879064313,8,8,hbr,True,S8_D8 hbr,mild_master_28,,0.0446805625424403
1272,az_itd=5_az=0,7.0,2.8969800357922053e-18,9.380476308232683e-06,1.3007550770692025e-09,11.322825148573369,0.014728222298773658,8,8,hbr,True,S8_D8 hbr,mild_master_28,,0.02604559899235337
1273,constant,7.0,2.8969800357922053e-18,0.9459259779314984,1.5850512135815353e-09,-0.07029365116387366,-0.00011141903708437507,8,8,hbr,False,S8_D8 hbr,mild_master_28,,
1197,Linear,7.0,2.767910906923328e-18,0.007386200513793121,1.846264375395309e-13,-3.7271636368288585,-6.881329443945941e-07,8,16,hbr,True,S8_D16 hbr,mild_master_28,,
1198,ShortHbO,7.0,2.767910906923328e-18,3.299832978195954e-09,0.0013172635324244478,-36.0224617185057,-47451.075169943266,8,16,hbr,True,S8_D16 hbr,mild_master_28,,
1199,az_itd=0_az=15,7.0,2.767910906923328e-18,6.121648333345963e-08,1.2497704050056122e-09,23.66008575320157,0.029569674954246238,8,16,hbr,True,S8_D16 hbr,mild_master_28,,0.03980640041190589
1200,az_itd=0_az=5,7.0,2.767910906923328e-18,1.8328911160793667e-08,1.2502924815607702e-09,28.153785261396973,0.03520046603980106,8,16,hbr,True,S8_D16 hbr,mild_master_28,,0.043774520717281495
1201,az_itd=15_az=0,7.0,2.767910906923328e-18,7.49720712482408e-08,1.2426891182981937e-09,22.97717594794356,0.028553486519732448,8,16,hbr,True,S8_D16 hbr,mild_master_28,,0.03652643571838464
1202,az_itd=5_az=0,7.0,2.767910906923328e-18,2.2448679720505024e-06,1.271448670568765e-09,14.00122603745797,0.017801840231658712,8,16,hbr,True,S8_D16 hbr,mild_master_28,,0.024644843572359246
1203,constant,7.0,2.767910906923328e-18,0.49994227434403427,1.5493395288776815e-09,-0.7112408799843005,-0.0011019536099134237,8,16,hbr,False,S8_D16 hbr,mild_master_28,,
1211,Linear,7.0,3.0720257948790558e-18,0.08915474507895606,1.9450477402683196e-13,1.9725557079125429,3.836715022228667e-07,8,17,hbr,False,S8_D17 hbr,mild_master_28,,
1212,ShortHbO,7.0,3.0720257948790558e-18,6.392643120533274e-10,0.0013877429967371002,-45.58194747758118,-63256.02838965161,8,17,hbr,True,S8_D17 hbr,mild_master_28,,
1213,az_itd=0_az=15,7.0,3.0720257948790558e-18,0.0002030230621316717,1.3166386864773414e-09,-7.046446085095752,-0.009277623517813876,8,17,hbr,True,S8_D17 hbr,mild_master_28,,0.009632731824900709
1214,az_itd=0_az=5,7.0,3.0720257948790558e-18,2.0065235078770002e-07,1.3171886964528302e-09,-19.92448604275892,-0.026244307798154235,8,17,hbr,True,S8_D17 hbr,mild_master_28,,-0.015956462953371615
1215,az_itd=15_az=0,7.0,3.0720257948790558e-18,1.7078620405047642e-06,1.3091785194005069e-09,-14.576200484369501,-0.019082848568611817,8,17,hbr,True,S8_D17 hbr,mild_master_28,,-0.017565433166467647
1216,az_itd=5_az=0,7.0,3.0720257948790558e-18,0.0006873125910167242,1.3394768357740902e-09,-5.765609120917502,-0.007722899861596809,8,17,hbr,True,S8_D17 hbr,mild_master_28,,-0.013809829429173337
1217,constant,7.0,3.0720257948790558e-18,0.7286942181051799,1.6322360923563182e-09,0.3610757479641201,0.0005893608679015901,8,17,hbr,False,S8_D17 hbr,mild_master_28,,
1225,Linear,7.0,1.9801835447015058e-18,0.3388242252895088,1.5616027313725918e-13,1.0264767425092307,1.6029488847928553e-07,8,18,hbr,False,S8_D18 hbr,mild_master_28,,
1226,ShortHbO,7.0,1.9801835447015058e-18,9.987291445623303e-09,0.0011141645571377539,-30.7239998919761,-34231.59173314395,8,18,hbr,True,S8_D18 hbr,mild_master_28,,
1227,az_itd=0_az=15,7.0,1.9801835447015058e-18,7.234695373972733e-05,1.0570776883605968e-09,-8.293827734502377,-0.008767220249248777,8,18,hbr,True,S8_D18 hbr,mild_master_28,,0.00961771452227076
1228,az_itd=0_az=5,7.0,1.9801835447015058e-18,0.0011833827544162226,1.0575192698509755e-09,-5.252193167877005,-0.005554295484009572,8,18,hbr,True,S8_D18 hbr,mild_master_28,,0.019682706044544838
1229,az_itd=15_az=0,7.0,1.9801835447015058e-18,0.0003824948102246041,1.051088212090943e-09,-6.357446145079675,-0.006682236702096254,8,18,hbr,True,S8_D18 hbr,mild_master_28,,0.002278045911432029
1230,az_itd=5_az=0,7.0,1.9801835447015058e-18,9.27960108628459e-05,1.0754135448966313e-09,-7.977591954152451,-0.00857921044315393,8,18,hbr,True,S8_D18 hbr,mild_master_28,,-0.0066423978116883
1231,constant,7.0,1.9801835447015058e-18,0.6580942761134843,1.3104584979065504e-09,0.4620035732258999,0.0006054365085970718,8,18,hbr,False,S8_D18 hbr,mild_master_28,,
1323,Linear,7.0,3.025775169478738e-18,0.03943027178534536,1.930350460914523e-13,-2.5265666497701345,-4.877159096915042e-07,9,5,hbr,True,S9_D5 hbr,mild_master_28,,
1324,ShortHbO,7.0,3.025775169478738e-18,0.12205891042752798,0.001377256854894892,-1.758558425039958,-2421.9866456194472,9,5,hbr,False,S9_D5 hbr,mild_master_28,,
1325,az_itd=0_az=15,7.0,3.025775169478738e-18,1.0200375816246311e-06,1.3066898270316066e-09,15.721270016803592,0.02054282359897427,9,5,hbr,True,S9_D5 hbr,mild_master_28,,0.014917410060717116
1326,az_itd=0_az=5,7.0,3.025775169478738e-18,4.5182184258363974e-08,1.3072356809907214e-09,24.720635899088755,0.03231569730406896,9,5,hbr,True,S9_D5 hbr,mild_master_28,,0.028134484209844303
1327,az_itd=15_az=0,7.0,3.025775169478738e-18,5.886159393467858e-07,1.2992860308896775e-09,17.03691822348587,0.02213582985718497,9,5,hbr,True,S9_D5 hbr,mild_master_28,,0.01656300407069566
1328,az_itd=5_az=0,7.0,3.025775169478738e-18,2.8530160182218455e-05,1.3293554054175295e-09,9.571677699059356,0.012724161488158976,9,5,hbr,True,S9_D5 hbr,mild_master_28,,0.024801012419981963
1329,constant,7.0,3.025775169478738e-18,0.37947964664396233,1.6199024980058776e-09,-0.9379836236868537,-0.0015194420150989394,9,5,hbr,False,S9_D5 hbr,mild_master_28,,
1337,Linear,7.0,8.419885684007399e-18,0.007334866315508123,3.220111678131311e-13,-3.73247342294571,-1.201898125754223e-06,9,7,hbr,True,S9_D7 hbr,mild_master_28,,
1338,ShortHbO,7.0,8.419885684007399e-18,8.177648288947222e-09,0.00229746927929986,-31.619857458050305,-72645.65112571114,9,7,hbr,True,S9_D7 hbr,mild_master_28,,
1339,az_itd=0_az=15,7.0,8.419885684007399e-18,1.8708667273053864e-06,2.179752981086359e-09,14.382064838694019,0.0313493487063206,9,7,hbr,True,S9_D7 hbr,mild_master_28,,0.0518842749356348
1340,az_itd=0_az=5,7.0,8.419885684007399e-18,2.41970616684932e-08,2.1806635466773694e-09,27.04978381205113,0.05898647750444351,9,7,hbr,True,S9_D7 hbr,mild_master_28,,0.04001211992451264
1341,az_itd=15_az=0,7.0,8.419885684007399e-18,1.6968687985026542e-07,2.16740234792318e-09,20.414812901872594,0.044247113415931086,9,7,hbr,True,S9_D7 hbr,mild_master_28,,0.06681510255634099
1342,az_itd=5_az=0,7.0,8.419885684007399e-18,9.318053302537908e-08,2.2175625369830296e-09,22.266060560788087,0.04937638174579901,9,7,hbr,True,S9_D7 hbr,mild_master_28,,0.06455554251642448
1343,constant,7.0,8.419885684007399e-18,0.3364682057649631,2.702238301739027e-09,-1.0318528623948315,-0.0027883123265223632,9,7,hbr,False,S9_D7 hbr,mild_master_28,,
1281,Linear,7.0,2.3126296084245312e-18,0.0008279843297436566,1.6876052863747207e-13,-5.586020794296214,-9.426998222253407e-07,9,15,hbr,True,S9_D15 hbr,mild_master_28,,
1282,ShortHbO,7.0,2.3126296084245312e-18,6.793859249476077e-05,0.0012040642339709118,8.375327668338619,10084.432493233522,9,15,hbr,True,S9_D15 hbr,mild_master_28,,
1283,az_itd=0_az=15,7.0,2.3126296084245312e-18,3.2318941630929747e-08,1.1423711416142973e-09,25.944681116411196,0.02963845498577356,9,15,hbr,True,S9_D15 hbr,mild_master_28,,0.0014923375451785306
1284,az_itd=0_az=5,7.0,2.3126296084245312e-18,3.297220778873117e-09,1.1428483534189115e-09,36.02655680051921,0.04117289111882627,9,15,hbr,True,S9_D15 hbr,mild_master_28,,0.0295223028813237
1285,az_itd=15_az=0,7.0,2.3126296084245312e-18,2.2814007630765987e-09,1.1358983866605462e-09,37.98185316707013,0.043143525734852715,9,15,hbr,True,S9_D15 hbr,mild_master_28,,0.04504404539471708
1286,az_itd=5_az=0,7.0,2.3126296084245312e-18,7.846310969530525e-09,1.1621864812001995e-09,31.8084058086743,0.03696729921937117,9,15,hbr,True,S9_D15 hbr,mild_master_28,,0.03103785031643885
1287,constant,7.0,2.3126296084245312e-18,0.22714038091674058,1.416196734426758e-09,-1.3238669027456955,-0.0018748559844841202,9,15,hbr,False,S9_D15 hbr,mild_master_28,,
1295,Linear,7.0,2.1738217325209144e-18,0.06204745747530626,1.6361751767022355e-13,-2.2181387041749674,-3.629263486253545e-07,9,16,hbr,False,S9_D16 hbr,mild_master_28,,
1296,ShortHbO,7.0,2.1738217325209144e-18,0.43462241657378897,0.001167370134879253,0.8286895785155505,967.3874650447295,9,16,hbr,False,S9_D16 hbr,mild_master_28,,
1297,az_itd=0_az=15,7.0,2.1738217325209144e-18,0.0033335679904403833,1.1075571518891785e-09,4.355217297594164,0.004823652065981877,9,16,hbr,True,S9_D16 hbr,mild_master_28,,-0.013903248796221818
1298,az_itd=0_az=5,7.0,2.1738217325209144e-18,3.6071359463016027e-08,1.108019820568308e-09,25.53696839868731,0.028295467142972063,9,16,hbr,True,S9_D16 hbr,mild_master_28,,0.019039225751245323
1299,az_itd=15_az=0,7.0,2.1738217325209144e-18,9.313236463977034e-07,1.101281655441218e-09,15.932084053573206,0.017545711901147728,9,16,hbr,True,S9_D16 hbr,mild_master_28,,0.009222320759609418
1300,az_itd=5_az=0,7.0,2.1738217325209144e-18,3.341015121628263e-05,1.1267686150258136e-09,9.343614111644726,0.010528091131913575,9,16,hbr,True,S9_D16 hbr,mild_master_28,,0.009037936553008297
1301,constant,7.0,2.1738217325209144e-18,0.6084209195786483,1.3730378548253277e-09,-0.53621333336809,-0.0007362412049764606,9,16,hbr,False,S9_D16 hbr,mild_master_28,,
1309,Linear,7.0,2.0424755205259875e-18,0.002336603042568632,1.5859747415398834e-13,-4.651915950928692,-7.377821197939393e-07,9,17,hbr,True,S9_D17 hbr,mild_master_28,,
1310,ShortHbO,7.0,2.0424755205259875e-18,7.09346693091269e-09,0.0011315533778468016,-32.272897005654485,-36518.50561965026,9,17,hbr,True,S9_D17 hbr,mild_master_28,,
1311,az_itd=0_az=15,7.0,2.0424755205259875e-18,1.514796710902098e-08,1.0735755515179548e-09,28.936973162235798,0.031066026921907554,9,17,hbr,True,S9_D17 hbr,mild_master_28,,0.03213607669454266
1312,az_itd=0_az=5,7.0,2.0424755205259875e-18,1.1257971136438136e-08,1.0740240247922406e-09,30.19935129269867,0.03243482882149898,9,17,hbr,True,S9_D17 hbr,mild_master_28,,0.04827925558503211
1313,az_itd=15_az=0,7.0,2.0424755205259875e-18,2.120507222378559e-08,1.0674925971993658e-09,27.569002530032122,0.029429706112979875,9,17,hbr,True,S9_D17 hbr,mild_master_28,,0.03378288985672039
1314,az_itd=5_az=0,7.0,2.0424755205259875e-18,1.6257099843542194e-06,1.0921975766632932e-09,14.68221321019563,0.01603587768822946,9,17,hbr,True,S9_D17 hbr,mild_master_28,,0.019673638083855072
1315,constant,7.0,2.0424755205259875e-18,0.6744201417984074,1.3309108877449821e-09,-0.43823679590944264,-0.0005832541230863529,9,17,hbr,False,S9_D17 hbr,mild_master_28,,
63,Linear,7.0,2.9467428174102304e-17,0.26075722543661467,6.024055344027651e-13,-1.2234060706539192,-7.369865877838611e-07,10,6,hbr,False,S10_D6 hbr,mild_master_28,,
64,ShortHbO,7.0,2.9467428174102304e-17,0.002317644827681667,0.004298013073179291,4.6588468481430345,20023.784659258894,10,6,hbr,True,S10_D6 hbr,mild_master_28,,
65,az_itd=0_az=15,7.0,2.9467428174102304e-17,1.55589506304936e-05,4.077794159609276e-09,10.493598362946605,0.04279073411770913,10,6,hbr,True,S10_D6 hbr,mild_master_28,,0.04045461541386198
66,az_itd=0_az=5,7.0,2.9467428174102304e-17,2.7779999502347183e-05,4.079497609074046e-09,9.61063900748157,0.03920657885269482,10,6,hbr,True,S10_D6 hbr,mild_master_28,,0.020107832583860483
67,az_itd=15_az=0,7.0,2.9467428174102304e-17,0.00029653544867662396,4.0546890921005764e-09,6.62787053826631,0.026873954375363183,10,6,hbr,True,S10_D6 hbr,mild_master_28,,0.009969402391681504
68,az_itd=5_az=0,7.0,2.9467428174102304e-17,0.011453632727391447,4.1485267552523026e-09,3.3992849279641173,0.014102024472385037,10,6,hbr,True,S10_D6 hbr,mild_master_28,,0.08418777812913614
69,constant,7.0,2.9467428174102304e-17,0.780931890061344,5.0552386716829205e-09,-0.28902839951894943,-0.0014611075424628144,10,6,hbr,False,S10_D6 hbr,mild_master_28,,
7,Linear,7.0,4.040778678802667e-18,0.0614967962298027,2.230747260473554e-13,-2.224179416568095,-4.961582140310946e-07,10,14,hbr,False,S10_D14 hbr,mild_master_28,,
8,ShortHbO,7.0,4.040778678802667e-18,1.2315459937710806e-10,0.0015915824707652647,-57.70486735305996,-91842.05535696504,10,14,hbr,True,S10_D14 hbr,mild_master_28,,
9,az_itd=0_az=15,7.0,4.040778678802667e-18,0.03889237102396327,1.5100339606510923e-09,2.535968048775975,0.003829397876777808,10,14,hbr,True,S10_D14 hbr,mild_master_28,,-0.014921055052470628
10,az_itd=0_az=5,7.0,4.040778678802667e-18,2.2450992585579305e-07,1.510664759176318e-09,19.602256766391207,0.029612438497312724,10,14,hbr,True,S10_D14 hbr,mild_master_28,,0.007500131698256577
11,az_itd=15_az=0,7.0,4.040778678802667e-18,5.655137010441183e-07,1.5014780023962951e-09,17.136731532656647,0.0257304254292549,10,14,hbr,True,S10_D14 hbr,mild_master_28,,0.04111501387510941
12,az_itd=5_az=0,7.0,4.040778678802667e-18,0.0001076810001023224,1.5362267053962574e-09,7.793405430186774,0.01197243754783313,10,14,hbr,True,S10_D14 hbr,mild_master_28,,-0.0039402911355933
13,constant,7.0,4.040778678802667e-18,0.9779297808555005,1.8719880834223762e-09,-0.028667745635368235,-5.366567820799318e-05,10,14,hbr,False,S10_D14 hbr,mild_master_28,,
21,Linear,7.0,1.817358745646187e-18,0.44380933794119526,1.496022650381397e-13,-0.8114688385541324,-1.213975762555667e-07,10,15,hbr,False,S10_D15 hbr,mild_master_28,,
22,ShortHbO,7.0,1.817358745646187e-18,9.046870789323237e-06,0.0010673748068211742,-11.384379440755836,-12151.399806355706,10,15,hbr,True,S10_D15 hbr,mild_master_28,,
23,az_itd=0_az=15,7.0,1.817358745646187e-18,0.6277436167032524,1.0126853220922946e-09,0.5069828460570998,0.0005134140867546022,10,15,hbr,False,S10_D15 hbr,mild_master_28,,-0.036137609026793104
24,az_itd=0_az=5,7.0,1.817358745646187e-18,0.0030352705105505732,1.0131083592055912e-09,4.4324446407777,0.004490546717287912,10,15,hbr,True,S10_D15 hbr,mild_master_28,,-0.009226963488890653
25,az_itd=15_az=0,7.0,1.817358745646187e-18,2.4441929291548714e-06,1.006947376081245e-09,13.826720058045426,0.01392277948225876,10,15,hbr,True,S10_D15 hbr,mild_master_28,,-0.002842611144437777
26,az_itd=5_az=0,7.0,1.817358745646187e-18,0.00015389090018978147,1.0302511575899957e-09,7.36541795560653,0.007588230374897767,10,15,hbr,True,S10_D15 hbr,mild_master_28,,-0.010668853799187335
27,constant,7.0,1.817358745646187e-18,0.8047686212504808,1.2554253113593078e-09,-0.25673107405754686,-0.0003223066885843053,10,15,hbr,False,S10_D15 hbr,mild_master_28,,
35,Linear,7.0,2.7501216506551107e-18,0.0037498898852214996,1.8403218771119826e-13,-4.259286571559017,-7.838458258529352e-07,10,16,hbr,True,S10_D16 hbr,mild_master_28,,
36,ShortHbO,7.0,2.7501216506551107e-18,0.0003478085446325519,0.0013130237082776787,6.457452130341885,8478.787742207098,10,16,hbr,True,S10_D16 hbr,mild_master_28,,
37,az_itd=0_az=15,7.0,2.7501216506551107e-18,1.5831357361231871e-06,1.2457478183244886e-09,14.739581184598709,0.01836180110373052,10,16,hbr,True,S10_D16 hbr,mild_master_28,,-0.021637690341470495
38,az_itd=0_az=5,7.0,2.7501216506551107e-18,3.729292201337484e-09,1.246268214492442e-09,35.39531045116035,0.04411205035737328,10,16,hbr,True,S10_D16 hbr,mild_master_28,,0.02709359720708223
39,az_itd=15_az=0,7.0,2.7501216506551107e-18,2.2804110557876548e-08,1.2386893238751365e-09,27.28181670434981,0.03379369508759647,10,16,hbr,True,S10_D16 hbr,mild_master_28,,0.017077991184747586
40,az_itd=5_az=0,7.0,2.7501216506551107e-18,1.2788441833997877e-07,1.2673563089097935e-09,21.268839583466633,0.026955198029296783,10,16,hbr,True,S10_D16 hbr,mild_master_28,,0.005482544393003873
41,constant,7.0,2.7501216506551107e-18,0.5784627485283971,1.5443527308798736e-09,-0.5825610404552349,-0.0008996797337312626,10,16,hbr,False,S10_D16 hbr,mild_master_28,,
49,Linear,7.0,2.2751204557002035e-18,0.010615637036319155,1.6738634793124516e-13,-3.455246455704487,-5.78361085422753e-07,10,21,hbr,True,S10_D21 hbr,mild_master_28,,
50,ShortHbO,7.0,2.2751204557002035e-18,2.267282064144699e-06,0.0011942597977514975,-13.980739517213195,-16696.635148243397,10,21,hbr,True,S10_D21 hbr,mild_master_28,,
51,az_itd=0_az=15,7.0,2.2751204557002035e-18,6.214279789617577e-05,1.1330690589837727e-09,8.492074939069182,0.009622107360030798,10,21,hbr,True,S10_D21 hbr,mild_master_28,,-0.013945096618108008
52,az_itd=0_az=5,7.0,2.2751204557002035e-18,5.35957955742276e-08,1.133542384955248e-09,24.11872760628134,0.02733960001291013,10,21,hbr,True,S10_D21 hbr,mild_master_28,,0.015404041838123397
53,az_itd=15_az=0,7.0,2.2751204557002035e-18,7.207338722443058e-09,1.126649010282161e-09,32.199118652017106,0.036277105161252945,10,21,hbr,True,S10_D21 hbr,mild_master_28,,0.05179845390897237
54,az_itd=5_az=0,7.0,2.2751204557002035e-18,2.1170573310010282e-07,1.1527230465191324e-09,19.770049180063378,0.022789391320675735,10,21,hbr,True,S10_D21 hbr,mild_master_28,,0.006653682336312209
55,constant,7.0,2.2751204557002035e-18,0.4529663030798634,1.404664948858277e-09,-0.7945508271382219,-0.0011160776969674122,10,21,hbr,False,S10_D21 hbr,mild_master_28,,
133,Linear,7.0,2.911899462236322e-18,0.016635966449066727,1.8936775234311636e-13,-3.128870611956795,-5.925071951586893e-07,11,3,hbr,True,S11_D3 hbr,mild_master_28,,
134,ShortHbO,7.0,2.911899462236322e-18,1.2308909794981476e-07,0.0013510916296879832,-21.386875173603975,-28895.628032238063,11,3,hbr,True,S11_D3 hbr,mild_master_28,,
135,az_itd=0_az=15,7.0,2.911899462236322e-18,3.1136903242221585e-07,1.2818652393170165e-09,18.692636555300062,0.023961441031425727,11,3,hbr,True,S11_D3 hbr,mild_master_28,,0.02812922442948091
136,az_itd=0_az=5,7.0,2.911899462236322e-18,5.271778986363205e-07,1.2824007231031895e-09,17.3130773804788,0.022202302951867484,11,3,hbr,True,S11_D3 hbr,mild_master_28,,0.019908234690756463
137,az_itd=15_az=0,7.0,2.911899462236322e-18,3.254833159847387e-08,1.274602101028959e-09,25.91823841349715,0.03303544113681294,11,3,hbr,True,S11_D3 hbr,mild_master_28,,0.06708247419457809
138,az_itd=5_az=0,7.0,2.911899462236322e-18,0.0006387166166653429,1.304100215407656e-09,5.837414641285023,0.007612573691123604,11,3,hbr,True,S11_D3 hbr,mild_master_28,,0.009857222036320896
139,constant,7.0,2.911899462236322e-18,0.6593051904309848,1.5891274733451415e-09,-0.4602309573929676,-0.0007313656584771022,11,3,hbr,False,S11_D3 hbr,mild_master_28,,
147,Linear,7.0,3.6735624356465085e-18,0.6590720986603761,2.1269709044281178e-13,-0.4605720475894372,-9.796233446156154e-08,11,4,hbr,False,S11_D4 hbr,mild_master_28,,
148,ShortHbO,7.0,3.6735624356465085e-18,3.6170956047807773e-09,0.0015175406319212043,-35.550875150787554,-53949.89754167799,11,4,hbr,True,S11_D4 hbr,mild_master_28,,
149,az_itd=0_az=15,7.0,3.6735624356465085e-18,0.11377439499745319,1.439785831372672e-09,-1.8066328027542469,-0.002601164311898664,11,4,hbr,False,S11_D4 hbr,mild_master_28,,-0.00466940678963441
150,az_itd=0_az=5,7.0,3.6735624356465085e-18,0.00040405076421094337,1.4403872845867966e-09,6.300294741447286,0.00907486443472973,11,4,hbr,True,S11_D4 hbr,mild_master_28,,0.003888470617091591
151,az_itd=15_az=0,7.0,3.6735624356465085e-18,0.013281198538715148,1.431627903941847e-09,3.2911658588390837,0.004711724880014766,11,4,hbr,True,S11_D4 hbr,mild_master_28,,0.004465429621164621
152,az_itd=5_az=0,7.0,3.6735624356465085e-18,0.004683487320340588,1.4647600662253698e-09,-4.081048921791687,-0.005977757488952566,11,4,hbr,True,S11_D4 hbr,mild_master_28,,-0.016331639974118572
153,constant,7.0,3.6735624356465085e-18,0.6598450138130239,1.7849015248954303e-09,0.4594412455279732,0.0008200573797427352,11,4,hbr,False,S11_D4 hbr,mild_master_28,,
77,Linear,7.0,2.961952508435046e-18,0.019269342122930234,1.9098835219665913e-13,-3.024286576475605,-5.776035098115513e-07,11,11,hbr,True,S11_D11 hbr,mild_master_28,,
78,ShortHbO,7.0,2.961952508435046e-18,1.2434647283561979e-06,0.0013626542049950392,-15.271502632352597,-20809.777278568075,11,11,hbr,True,S11_D11 hbr,mild_master_28,,
79,az_itd=0_az=15,7.0,2.961952508435046e-18,4.9508638320375045e-06,1.2928353786009993e-09,12.455118329892587,0.01610241762154693,11,11,hbr,True,S11_D11 hbr,mild_master_28,,0.006849623744051637
80,az_itd=0_az=5,7.0,2.961952508435046e-18,4.2657786975549235e-07,1.2933754450309157e-09,17.855629626773986,0.023094032914836006,11,11,hbr,True,S11_D11 hbr,mild_master_28,,0.031388286506454983
81,az_itd=15_az=0,7.0,2.961952508435046e-18,9.936686752366488e-08,1.2855100827348946e-09,22.059967721033285,0.0283583109301946,11,11,hbr,True,S11_D11 hbr,mild_master_28,,0.03833311824368805
82,az_itd=5_az=0,7.0,2.961952508435046e-18,3.582012487358708e-06,1.3152606405167075e-09,13.067481952151804,0.017187144682327696,11,11,hbr,True,S11_D11 hbr,mild_master_28,,0.006507851783374334
83,constant,7.0,2.961952508435046e-18,0.8864722506024449,1.602727147622828e-09,-0.14805721931340307,-0.00023729532479513797,11,11,hbr,False,S11_D11 hbr,mild_master_28,,
91,Linear,7.0,2.9969150542455616e-18,0.04824342311022913,1.9211224758498846e-13,-2.3889468673408465,-4.589459520459673e-07,11,12,hbr,True,S11_D12 hbr,mild_master_28,,
92,ShortHbO,7.0,2.9969150542455616e-18,0.00033427099477199157,0.001370672917965056,-6.499562103592909,-8908.77375402679,11,12,hbr,True,S11_D12 hbr,mild_master_28,,
93,az_itd=0_az=15,7.0,2.9969150542455616e-18,2.7984741208084803e-05,1.3004432337563885e-09,9.59988803401301,0.012484109438651135,11,12,hbr,True,S11_D12 hbr,mild_master_28,,-0.005714765512945074
94,az_itd=0_az=5,7.0,2.9969150542455616e-18,1.0131635402487801e-06,1.300986478276293e-09,15.736845026302724,0.020473422589949383,11,12,hbr,True,S11_D12 hbr,mild_master_28,,0.030456310831656532
95,az_itd=15_az=0,7.0,2.9969150542455616e-18,5.625605688335065e-07,1.2930748312497617e-09,17.149824902072396,0.022176006941210226,11,12,hbr,True,S11_D12 hbr,mild_master_28,,0.03566646749530226
96,az_itd=5_az=0,7.0,2.9969150542455616e-18,5.114601938225e-07,1.3230004599943146e-09,17.389652662452374,0.02300651847156585,11,12,hbr,True,S11_D12 hbr,mild_master_28,,0.011255789959041553
97,constant,7.0,2.9969150542455616e-18,0.7576879864944446,1.6121586005321066e-09,-0.32085358418201726,-0.0005172668652505914,11,12,hbr,False,S11_D12 hbr,mild_master_28,,
105,Linear,7.0,9.282265177310614e-18,0.031967379740325416,3.3809972845701935e-13,-2.670696817757687,-9.029618688748996e-07,11,13,hbr,True,S11_D13 hbr,mild_master_28,,
106,ShortHbO,7.0,9.282265177310614e-18,1.0427061676519642e-08,0.002412257142337382,-30.53420205077444,-73656.34698255338,11,13,hbr,True,S11_D13 hbr,mild_master_28,,
107,az_itd=0_az=15,7.0,9.282265177310614e-18,0.0006267784948700918,2.288659415180146e-09,5.855991200215344,0.01340236939558493,11,13,hbr,True,S11_D13 hbr,mild_master_28,,0.0004903090754348111
108,az_itd=0_az=5,7.0,9.282265177310614e-18,6.871984186164216e-07,2.2896154751241338e-09,16.65611354061151,0.038136095318008746,11,13,hbr,True,S11_D13 hbr,mild_master_28,,0.0676017862219793
109,az_itd=15_az=0,7.0,9.282265177310614e-18,6.137762460308309e-08,2.2756917105284662e-09,23.65110319088455,0.05382261947634933,11,13,hbr,True,S11_D13 hbr,mild_master_28,,0.08722010660201034
110,az_itd=5_az=0,7.0,9.282265177310614e-18,3.273042140109226e-07,2.328358040133313e-09,18.557459496021988,0.0432084100220111,11,13,hbr,True,S11_D13 hbr,mild_master_28,,0.04256015744756225
111,constant,7.0,9.282265177310614e-18,0.6247601670583445,2.8372495346941384e-09,-0.5114643809865945,-0.0014511520769668411,11,13,hbr,False,S11_D13 hbr,mild_master_28,,
119,Linear,7.0,3.929046082536841e-18,0.013133029626135061,2.1996895803065594e-13,-3.2993180179140653,-7.257475466123259e-07,11,20,hbr,True,S11_D20 hbr,mild_master_28,,
120,ShortHbO,7.0,3.929046082536841e-18,1.0891628212291563e-06,0.0015694235914460854,-15.570996207345464,-24437.48879012549,11,20,hbr,True,S11_D20 hbr,mild_master_28,,
121,az_itd=0_az=15,7.0,3.929046082536841e-18,2.454418820420049e-05,1.489010444172024e-09,9.793551477718223,0.014582700435858794,11,20,hbr,True,S11_D20 hbr,mild_master_28,,-0.002660601227690071
122,az_itd=0_az=5,7.0,3.929046082536841e-18,7.187589509609092e-08,1.4896324603760997e-09,23.11765991457794,0.034436816616690666,11,20,hbr,True,S11_D20 hbr,mild_master_28,,0.04456054267754561
123,az_itd=15_az=0,7.0,3.929046082536841e-18,9.79929567053032e-08,1.4805736066350724e-09,22.104449349720984,0.032727264296398675,11,20,hbr,True,S11_D20 hbr,mild_master_28,,0.05408968723078609
124,az_itd=5_az=0,7.0,3.929046082536841e-18,2.2418682528706443e-08,1.5148385192374792e-09,27.348888300298746,0.04142914945561577,11,20,hbr,True,S11_D20 hbr,mild_master_28,,0.027741666481940236
125,constant,7.0,3.929046082536841e-18,0.41448805095864205,1.8459252442108127e-09,-0.8673568074019806,-0.0016010758265214118,11,20,hbr,False,S11_D20 hbr,mild_master_28,,
203,Linear,7.0,1.6233760546604954e-18,0.005002693256524729,1.4139283558056244e-13,-4.028912666571647,-5.696593862330102e-07,12,2,hbr,True,S12_D2 hbr,mild_master_28,,
204,ShortHbO,7.0,1.6233760546604954e-18,1.8246712192967813e-05,0.0010088025774557987,-10.24398996798905,-10334.163483138698,12,2,hbr,True,S12_D2 hbr,mild_master_28,,
205,az_itd=0_az=15,7.0,1.6233760546604954e-18,4.560473378702661e-06,9.571141800890562e-10,12.607960333048034,0.012067257616760613,12,2,hbr,True,S12_D2 hbr,mild_master_28,,0.02491032185248518
206,az_itd=0_az=5,7.0,1.6233760546604954e-18,3.2739531577005637e-07,9.575140030261592e-10,18.55670841062567,0.01776830815324738,12,2,hbr,True,S12_D2 hbr,mild_master_28,,0.02208920777760039
207,az_itd=15_az=0,7.0,1.6233760546604954e-18,1.262354571111757e-08,9.516911040634112e-10,29.706080154025774,0.028271012219180977,12,2,hbr,True,S12_D2 hbr,mild_master_28,,0.039562279671275
208,az_itd=5_az=0,7.0,1.6233760546604954e-18,5.194062974488892e-08,9.737160897575256e-10,24.22820889646822,0.02359139682849753,12,2,hbr,True,S12_D2 hbr,mild_master_28,,0.03284681384890508
209,constant,7.0,1.6233760546604954e-18,0.815803234248472,1.1865338040667297e-09,-0.24188413963470162,-0.00028700370834417057,12,2,hbr,False,S12_D2 hbr,mild_master_28,,
217,Linear,7.0,8.397397696609752e-19,0.08683405034190872,1.0169279808832811e-13,-1.9904466713013067,-2.024140914502286e-07,12,3,hbr,False,S12_D3 hbr,mild_master_28,,
218,ShortHbO,7.0,8.397397696609752e-19,1.252101687498134e-10,0.0007255527226607266,57.56831642660177,41768.848722315146,12,3,hbr,True,S12_D3 hbr,mild_master_28,,
219,az_itd=0_az=15,7.0,8.397397696609752e-19,4.272269500844541e-05,6.883773047172163e-10,8.997871122786705,0.006193930271696784,12,3,hbr,True,S12_D3 hbr,mild_master_28,,0.007653739426580227
220,az_itd=0_az=5,7.0,8.397397696609752e-19,4.0416085459239185e-06,6.886648660568482e-10,12.835875964969157,0.0088396168021378,12,3,hbr,True,S12_D3 hbr,mild_master_28,,0.00468893928665333
221,az_itd=15_az=0,7.0,8.397397696609752e-19,5.878218736926498e-07,6.844769106623894e-10,17.040274387552845,0.011663674369631612,12,3,hbr,True,S12_D3 hbr,mild_master_28,,0.010849135666414836
222,az_itd=5_az=0,7.0,8.397397696609752e-19,0.00620469387247094,7.003177587074355e-10,3.860846898401735,0.002703819646601257,12,3,hbr,True,S12_D3 hbr,mild_master_28,,0.004076113019777646
223,constant,7.0,8.397397696609752e-19,0.9627080651295936,8.533808807673525e-10,-0.04845381711016805,-4.134956112201542e-05,12,3,hbr,False,S12_D3 hbr,mild_master_28,,
231,Linear,7.0,4.045204044580922e-18,0.0010608758624509496,2.2319684571771224e-13,-5.352901250277316,-1.1947506745002951e-06,12,4,hbr,True,S12_D4 hbr,mild_master_28,,
232,ShortHbO,7.0,4.045204044580922e-18,7.036179950777383e-07,0.0015924537641211704,-16.59876621234075,-26432.767734609326,12,4,hbr,True,S12_D4 hbr,mild_master_28,,
233,az_itd=0_az=15,7.0,4.045204044580922e-18,1.8032281732941413e-08,1.5108606112213732e-09,28.219999285692715,0.042636485369448404,12,4,hbr,True,S12_D4 hbr,mild_master_28,,0.05733056063719796
234,az_itd=0_az=5,7.0,4.045204044580922e-18,1.2215813114903791e-08,1.5114917550699323e-09,29.84672130713385,0.04511307317160289,12,4,hbr,True,S12_D4 hbr,mild_master_28,,0.050527838128804764
235,az_itd=15_az=0,7.0,4.045204044580922e-18,5.530785643167348e-09,1.5022999691065074e-09,33.44765913570786,0.0502484172862589,12,4,hbr,True,S12_D4 hbr,mild_master_28,,0.06585674061307084
236,az_itd=5_az=0,7.0,4.045204044580922e-18,8.082491895347802e-08,1.5370676948807252e-09,22.728850403702964,0.03493578169730856,12,4,hbr,True,S12_D4 hbr,mild_master_28,,0.047533371580419904
237,constant,7.0,4.045204044580922e-18,0.745212190889109,1.873012881577282e-09,-0.3380851299175437,-0.0006332378034052882,12,4,hbr,False,S12_D4 hbr,mild_master_28,,
161,Linear,7.0,1.9363753914268457e-18,0.9522784386326637,1.5442322344082675e-13,0.06202283853348619,9.577766653290856e-09,12,10,hbr,False,S12_D10 hbr,mild_master_28,,
162,ShortHbO,7.0,1.9363753914268457e-18,4.735175063616806e-09,0.0011017711412780698,-34.202191999827185,-37682.98811386127,12,10,hbr,True,S12_D10 hbr,mild_master_28,,
163,az_itd=0_az=15,7.0,1.9363753914268457e-18,0.005972544737751216,1.045319278614103e-09,-3.8903696279564106,-0.004066678373037612,12,10,hbr,True,S12_D10 hbr,mild_master_28,,0.0027858480731187355
164,az_itd=0_az=5,7.0,1.9363753914268457e-18,0.0550832566849533,1.0457559481702337e-09,2.2988636443976214,0.0024040503301611133,12,10,hbr,False,S12_D10 hbr,mild_master_28,,0.028605592987359776
165,az_itd=15_az=0,7.0,1.9363753914268457e-18,0.5817224008983112,1.0393964263181847e-09,-0.5774532591213369,-0.0006002028538965062,12,10,hbr,False,S12_D10 hbr,mild_master_28,,0.011553851361018568
166,az_itd=5_az=0,7.0,1.9363753914268457e-18,0.2899386928657581,1.0634511761444962e-09,1.1447552789377355,0.0012173913477839557,12,10,hbr,False,S12_D10 hbr,mild_master_28,,0.010503831721035504
167,constant,7.0,1.9363753914268457e-18,0.8559111611165718,1.2958816052676968e-09,-0.1883965782936213,-0.0002441396603060793,12,10,hbr,False,S12_D10 hbr,mild_master_28,,
175,Linear,7.0,1.7705803167732716e-18,0.11549365679312021,1.4766434805419833e-13,-1.7963860239160299,-2.652621710752341e-07,12,11,hbr,False,S12_D11 hbr,mild_master_28,,
176,ShortHbO,7.0,1.7705803167732716e-18,1.1078177117516953e-07,0.0010535482530197157,-21.715542409336596,-22878.371768732122,12,11,hbr,True,S12_D11 hbr,mild_master_28,,
177,az_itd=0_az=15,7.0,1.7705803167732716e-18,0.0007513452510019182,9.995672046321715e-10,5.679211017735698,0.005676753081514302,12,11,hbr,True,S12_D11 hbr,mild_master_28,,-0.001490851336800262
178,az_itd=0_az=5,7.0,1.7705803167732716e-18,1.1031294202733823e-06,9.999847618096766e-10,15.541953452472638,0.015541716621227933,12,11,hbr,True,S12_D11 hbr,mild_master_28,,0.014950451049845093
179,az_itd=15_az=0,7.0,1.7705803167732716e-18,5.308799496748168e-07,9.939035867940604e-10,17.29541973555597,0.017189979710277862,12,11,hbr,True,S12_D11 hbr,mild_master_28,,0.020667665472315588
180,az_itd=5_az=0,7.0,1.7705803167732716e-18,1.2721175619104126e-05,1.0169054959082698e-09,10.816802325286115,0.010999665732736802,12,11,hbr,True,S12_D11 hbr,mild_master_28,,0.01825281066635412
181,constant,7.0,1.7705803167732716e-18,0.572146250758195,1.2391627899841615e-09,-0.5925063351400328,-0.0007342118033354136,12,11,hbr,False,S12_D11 hbr,mild_master_28,,
189,Linear,7.0,4.505655000702402e-18,0.0031147340720683978,2.355574279633145e-13,-4.411081399952747,-1.0390629891096855e-06,12,12,hbr,True,S12_D12 hbr,mild_master_28,,
190,ShortHbO,7.0,4.505655000702402e-18,6.897187188836431e-05,0.0016806434321267544,-8.355698983156264,-14042.950616869775,12,12,hbr,True,S12_D12 hbr,mild_master_28,,
191,az_itd=0_az=15,7.0,4.505655000702402e-18,3.287591933820331e-07,1.594531672013433e-09,18.545492375121928,0.02957137496521554,12,12,hbr,True,S12_D12 hbr,mild_master_28,,0.03405690620593303
192,az_itd=0_az=5,7.0,4.505655000702402e-18,1.2741988516163392e-07,1.5951977684412896e-09,21.28005126859671,0.033945890295981704,12,12,hbr,True,S12_D12 hbr,mild_master_28,,0.0428376774483311
193,az_itd=15_az=0,7.0,4.505655000702402e-18,8.636735833862362e-09,1.585496943803866e-09,31.372557324441285,0.04974109375721325,12,12,hbr,True,S12_D12 hbr,mild_master_28,,0.07515814448768583
194,az_itd=5_az=0,7.0,4.505655000702402e-18,2.7424133274505862e-08,1.6221900970299944e-09,26.566198779707772,0.04309542457617227,12,12,hbr,True,S12_D12 hbr,mild_master_28,,0.06484204805192476
195,constant,7.0,4.505655000702402e-18,0.5993913388203304,1.9767398392561074e-09,-0.550045662922585,-0.0010872971753091098,12,12,hbr,False,S12_D12 hbr,mild_master_28,,
245,Linear,7.0,3.3568113486910922e-18,0.0004265170595834565,2.033205630555899e-13,-6.244259202917893,-1.269586297002315e-06,13,1,hbr,True,S13_D1 hbr,mild_master_28,,
246,ShortHbO,7.0,3.3568113486910922e-18,1.0609403165691848e-06,0.0014506414502407808,-15.631000182372675,-22674.976773271006,13,1,hbr,True,S13_D1 hbr,mild_master_28,,
247,az_itd=0_az=15,7.0,3.3568113486910922e-18,1.1219243360575314e-08,1.3763143882443527e-09,30.214322855897553,0.041584407277632005,13,1,hbr,True,S13_D1 hbr,mild_master_28,,0.027052139933304728
248,az_itd=0_az=5,7.0,3.3568113486910922e-18,4.094482779346888e-09,1.3768893270265093e-09,34.92371809376051,0.048086094703381446,13,1,hbr,True,S13_D1 hbr,mild_master_28,,0.050054105381478614
249,az_itd=15_az=0,7.0,3.3568113486910922e-18,5.489773514563593e-09,1.3685160944588157e-09,33.483439552030276,0.04582262592479232,13,1,hbr,True,S13_D1 hbr,mild_master_28,,0.0423802342919619
250,az_itd=5_az=0,7.0,3.3568113486910922e-18,1.3436957527060998e-09,1.4001876602367513e-09,40.97797272509671,0.05737685175119858,13,1,hbr,True,S13_D1 hbr,mild_master_28,,0.04216205681614641
251,constant,7.0,3.3568113486910922e-18,0.4437769441481504,1.7062160196220237e-09,-0.8115291181549754,-0.001384643981785753,13,1,hbr,False,S13_D1 hbr,mild_master_28,,
287,Linear,7.0,1.6335347523339496e-18,0.732911293484726,1.4183454684001245e-13,-0.3551863310085244,-5.037769230236072e-08,13,2,hbr,False,S13_D2 hbr,mild_master_28,,
288,ShortHbO,7.0,1.6335347523339496e-18,2.340117969735382e-05,0.0010119540770009829,9.864798855604693,9982.7234207238,13,2,hbr,True,S13_D2 hbr,mild_master_28,,
289,az_itd=0_az=15,7.0,1.6335347523339496e-18,0.020912257404486403,9.60104205065843e-10,2.966467636084973,0.0028481180515969136,13,2,hbr,True,S13_D2 hbr,mild_master_28,,-0.001564043115696929
290,az_itd=0_az=5,7.0,1.6335347523339496e-18,4.908510149217712e-06,9.605052770499177e-10,12.471025446997146,0.011978485752064569,13,2,hbr,True,S13_D2 hbr,mild_master_28,,-0.020979996605903394
291,az_itd=15_az=0,7.0,1.6335347523339496e-18,0.5046283588258587,9.546641873491179e-10,-0.7032199846967255,-0.0006713389352181585,13,2,hbr,False,S13_D2 hbr,mild_master_28,,-0.0029687345523276764
292,az_itd=5_az=0,7.0,1.6335347523339496e-18,0.00027771185098489793,9.767579791049423e-10,-6.698926919255275,-0.006543230319823479,13,2,hbr,True,S13_D2 hbr,mild_master_28,,-0.012487247468057943
293,constant,7.0,1.6335347523339496e-18,0.8274915778106949,1.1902405360155046e-09,-0.22622317374037335,-0.0002692599915718706,13,2,hbr,False,S13_D2 hbr,mild_master_28,,
301,Linear,7.0,1.6019570333207545e-18,0.4150425272616789,1.4045696117515926e-13,-0.8662740693562679,-1.2167422332662056e-07,13,3,hbr,False,S13_D3 hbr,mild_master_28,,
302,ShortHbO,7.0,1.6019570333207545e-18,3.192352605817534e-10,0.001002125347251955,-50.34904179701378,-50456.05099463563,13,3,hbr,True,S13_D3 hbr,mild_master_28,,
303,az_itd=0_az=15,7.0,1.6019570333207545e-18,0.8570693927509896,9.507790736424256e-10,-0.18686185817371131,-0.00017766434441350353,13,3,hbr,False,S13_D3 hbr,mild_master_28,,0.013427284952024665
304,az_itd=0_az=5,7.0,1.6019570333207545e-18,0.09728182299616919,9.511762501650056e-10,-1.9133160877785198,-0.0018199008217535514,13,3,hbr,False,S13_D3 hbr,mild_master_28,,0.010193656645463298
305,az_itd=15_az=0,7.0,1.6019570333207545e-18,4.3566130216950504e-07,9.45391892773916e-10,17.800917663978638,0.0168288432434614,13,3,hbr,True,S13_D3 hbr,mild_master_28,,0.03545685665739228
306,az_itd=5_az=0,7.0,1.6019570333207545e-18,0.00011260534292865959,9.67271095831266e-10,7.738730408676373,0.007485450242743136,13,3,hbr,True,S13_D3 hbr,mild_master_28,,0.030254867358521422
307,constant,7.0,1.6019570333207545e-18,0.7739897505856417,1.1786801768740068e-09,-0.29849728813820664,-0.00035183283637915273,13,3,hbr,False,S13_D3 hbr,mild_master_28,,
315,Linear,7.0,3.880686729402378e-18,0.16959738621729412,2.1861105951029403e-13,-1.5311181403935024,-3.3471935890685467e-07,13,9,hbr,False,S13_D9 hbr,mild_master_28,,
316,ShortHbO,7.0,3.880686729402378e-18,6.399907573434351e-05,0.0015597353245573149,-8.45338753958287,-13185.04715766005,13,9,hbr,True,S13_D9 hbr,mild_master_28,,
317,az_itd=0_az=15,7.0,3.880686729402378e-18,0.0004767578277796991,1.4798185786604239e-09,6.1300918633311925,0.009071423828252594,13,9,hbr,True,S13_D9 hbr,mild_master_28,,0.011172090306134388
318,az_itd=0_az=5,7.0,3.880686729402378e-18,1.3073381402729308e-06,1.4804367550732365e-09,15.159702975740327,0.022442981481279097,13,9,hbr,True,S13_D9 hbr,mild_master_28,,0.04271217615947406
319,az_itd=15_az=0,7.0,3.880686729402378e-18,0.004989281806173387,1.4714338228776913e-09,4.03102906072185,0.00593139250094902,13,9,hbr,True,S13_D9 hbr,mild_master_28,,-0.01022329912936975
320,az_itd=5_az=0,7.0,3.880686729402378e-18,6.724067008004692e-06,1.5054872134792678e-09,11.90037566562225,0.01791586340019413,13,9,hbr,True,S13_D9 hbr,mild_master_28,,0.030629143255464314
321,constant,7.0,3.880686729402378e-18,0.6635779573107823,1.8345300947303883e-09,-0.4539889475691879,-0.0008328563869906516,13,9,hbr,False,S13_D9 hbr,mild_master_28,,
259,Linear,7.0,5.223499828389556e-18,0.9887421860379582,2.536288360936908e-13,-0.014621457656549063,-3.7084232874237227e-09,13,10,hbr,False,S13_D10 hbr,mild_master_28,,
260,ShortHbO,7.0,5.223499828389556e-18,9.251430879497521e-08,0.001809578416882697,-22.28918266715938,-40334.02388444752,13,10,hbr,True,S13_D10 hbr,mild_master_28,,
261,az_itd=0_az=15,7.0,5.223499828389556e-18,0.00989588061156474,1.716860366425285e-09,-3.5072548327544,-0.00602146681730957,13,10,hbr,True,S13_D10 hbr,mild_master_28,,-0.004307565149731087
262,az_itd=0_az=5,7.0,5.223499828389556e-18,0.010956403162673866,1.7175775641939317e-09,3.4319348174738895,0.0058946142442691495,13,10,hbr,True,S13_D10 hbr,mild_master_28,,0.0359516743292763
263,az_itd=15_az=0,7.0,5.223499828389556e-18,0.49770222644873563,1.7071325152595292e-09,-0.7150923059682255,-0.0012207573269302735,13,10,hbr,False,S13_D10 hbr,mild_master_28,,-0.0018697359719143949
264,az_itd=5_az=0,7.0,5.223499828389556e-18,0.0052459279136853705,1.7466406803206615e-09,3.9915707439574697,0.006971839839773924,13,10,hbr,True,S13_D10 hbr,mild_master_28,,0.016205759538007333
265,constant,7.0,5.223499828389556e-18,0.8363701480949466,2.1283906392823967e-09,-0.21436912278070716,-0.0004562612342776359,13,10,hbr,False,S13_D10 hbr,mild_master_28,,
273,Linear,7.0,2.647205717112986e-18,0.10731131743883861,1.8055589917069105e-13,-1.846534843157686,-3.3340275895634695e-07,13,11,hbr,False,S13_D11 hbr,mild_master_28,,
274,ShortHbO,7.0,2.647205717112986e-18,1.0273488882372696e-06,0.001288221257536491,-15.704834954991336,-20231.30223512198,13,11,hbr,True,S13_D11 hbr,mild_master_28,,
275,az_itd=0_az=15,7.0,2.647205717112986e-18,0.01053356100994443,1.2222161800873816e-09,3.4609818402008807,0.0042300680040821175,13,11,hbr,True,S13_D11 hbr,mild_master_28,,0.01389591739540738
276,az_itd=0_az=5,7.0,2.647205717112986e-18,4.2446279728305196e-05,1.2227267461964868e-09,9.00685487908324,0.011012922359765403,13,11,hbr,True,S13_D11 hbr,mild_master_28,,0.04441418649158745
277,az_itd=15_az=0,7.0,2.647205717112986e-18,1.4085548799917431e-05,1.2152910175495428e-09,10.652179275576351,0.012945497790935337,13,11,hbr,True,S13_D11 hbr,mild_master_28,,0.03763992861948329
278,az_itd=5_az=0,7.0,2.647205717112986e-18,8.340220770097905e-06,1.243416495618455e-09,11.523737938274156,0.01432880584363429,13,11,hbr,True,S13_D11 hbr,mild_master_28,,0.03091748559421951
279,constant,7.0,2.647205717112986e-18,0.9143672694220496,1.5151805748150678e-09,0.11147698089196459,0.00016890775598653524,13,11,hbr,False,S13_D11 hbr,mild_master_28,,
329,Linear,7.0,2.168221310335336e-18,0.0008821084322351933,1.6340661764386797e-13,-5.525831083218172,-9.029573669800326e-07,14,1,hbr,True,S14_D1 hbr,mild_master_28,,
330,ShortHbO,7.0,2.168221310335336e-18,0.028298964134166375,0.0011658654158508848,-2.7550059433393193,-3211.966149802955,14,1,hbr,True,S14_D1 hbr,mild_master_28,,
331,az_itd=0_az=15,7.0,2.168221310335336e-18,1.8943582399812303e-08,1.106129530716032e-09,28.020389827346563,0.030994180650203127,14,1,hbr,True,S14_D1 hbr,mild_master_28,,0.0001798334847030367
332,az_itd=0_az=5,7.0,2.168221310335336e-18,5.711691788632813e-09,1.1065916030235868e-09,33.293367857003105,0.036842161306935024,14,1,hbr,True,S14_D1 hbr,mild_master_28,,0.021861190405309674
333,az_itd=15_az=0,7.0,2.168221310335336e-18,1.2564110850531759e-08,1.099862123269696e-09,29.726255745660033,0.03269478276127964,14,1,hbr,True,S14_D1 hbr,mild_master_28,,0.008118715773881792
334,az_itd=5_az=0,7.0,2.168221310335336e-18,4.849936176471405e-09,1.1253162306235242e-09,34.08476492749548,0.03835613918989811,14,1,hbr,True,S14_D1 hbr,mild_master_28,,0.017053030585569433
335,constant,7.0,2.168221310335336e-18,0.3686015105043347,1.3712680338190373e-09,-0.9609191558801677,-0.0013176777215428467,14,1,hbr,False,S14_D1 hbr,mild_master_28,,
357,Linear,7.0,2.4600094620567873e-18,0.000394075369154825,1.7405488839609522e-13,-6.3263063619954725,-1.101124547796629e-06,14,2,hbr,True,S14_D2 hbr,mild_master_28,,
358,ShortHbO,7.0,2.4600094620567873e-18,1.4355291544931892e-08,0.0012418381688987117,-29.16166327279558,-36214.06652072928,14,2,hbr,True,S14_D2 hbr,mild_master_28,,
359,az_itd=0_az=15,7.0,2.4600094620567873e-18,9.023395370046967e-09,1.178209639220379e-09,31.175645430607098,0.03673144595525805,14,2,hbr,True,S14_D2 hbr,mild_master_28,,0.035784096110847916
360,az_itd=0_az=5,7.0,2.4600094620567873e-18,4.032481828880933e-09,1.1787018221263229e-09,35.00031489773793,0.04125493494495878,14,2,hbr,True,S14_D2 hbr,mild_master_28,,0.04125774354415184
361,az_itd=15_az=0,7.0,2.4600094620567873e-18,1.921626286703799e-09,1.171533820827379e-09,38.928571262242535,0.0456061378302059,14,2,hbr,True,S14_D2 hbr,mild_master_28,,0.05538187735650507
362,az_itd=5_az=0,7.0,2.4600094620567873e-18,2.4645455037895385e-09,1.1986466261627696e-09,37.56336712009293,0.0450252032658129,14,2,hbr,True,S14_D2 hbr,mild_master_28,,0.03813440056231956
363,constant,7.0,2.4600094620567873e-18,0.36131843841444294,1.4606256957578123e-09,-0.9765645231331336,-0.0014263952360537293,14,2,hbr,False,S14_D2 hbr,mild_master_28,,
371,Linear,7.0,4.396417766392212e-18,0.3591645126514293,2.3268442456699695e-13,-0.9812378610408815,-2.2831876705964843e-07,14,9,hbr,False,S14_D9 hbr,mild_master_28,,
372,ShortHbO,7.0,4.396417766392212e-18,0.5163538058551004,0.0016601452702549456,0.6833582946387299,1134.474040733973,14,9,hbr,False,S14_D9 hbr,mild_master_28,,
373,az_itd=0_az=15,7.0,4.396417766392212e-18,0.00010265127541802403,1.575083782176803e-09,7.852244113672419,0.01236794235713869,14,9,hbr,True,S14_D9 hbr,mild_master_28,,-0.0031379910184055042
374,az_itd=0_az=5,7.0,4.396417766392212e-18,7.34444577246269e-06,1.5757417544825886e-09,11.744721545466131,0.01850664813396226,14,9,hbr,True,S14_D9 hbr,mild_master_28,,0.014427880021545521
375,az_itd=15_az=0,7.0,4.396417766392212e-18,0.49475727735383823,1.5661592470740943e-09,-0.7201729627846688,-0.0011279055451579565,14,9,hbr,False,S14_D9 hbr,mild_master_28,,-0.04101632907662604
376,az_itd=5_az=0,7.0,4.396417766392212e-18,7.172596724247329e-06,1.6024048680158379e-09,11.786297475160803,0.01888642045008045,14,9,hbr,True,S14_D9 hbr,mild_master_28,,0.015479708138079733
377,constant,7.0,4.396417766392212e-18,0.5915187909213238,1.952630303331376e-09,-0.5622002561750613,-0.0010977692567480872,14,9,hbr,False,S14_D9 hbr,mild_master_28,,
343,Linear,7.0,4.359327343883898e-18,0.03310371583519155,2.3170082339379966e-13,-2.6466201485965013,-6.132240676404298e-07,14,10,hbr,True,S14_D10 hbr,mild_master_28,,
344,ShortHbO,7.0,4.359327343883898e-18,1.4030985614909768e-09,0.0016531275214797993,-40.72457634785467,-67322.91796124385,14,10,hbr,True,S14_D10 hbr,mild_master_28,,
345,az_itd=0_az=15,7.0,4.359327343883898e-18,2.1854452000996783e-05,1.5684256044370762e-09,9.967759259812865,0.015633688841955255,14,10,hbr,True,S14_D10 hbr,mild_master_28,,0.02282379618345802
346,az_itd=0_az=5,7.0,4.359327343883898e-18,9.341072644412855e-07,1.5690807953691919e-09,15.925126818207666,0.02498781065426853,14,10,hbr,True,S14_D10 hbr,mild_master_28,,0.04781035739184597
347,az_itd=15_az=0,7.0,4.359327343883898e-18,3.3264021226350726e-06,1.5595387950360925e-09,13.21143661776171,0.020603747943559805,14,10,hbr,True,S14_D10 hbr,mild_master_28,,0.027827986161796065
348,az_itd=5_az=0,7.0,4.359327343883898e-18,8.214018431721978e-08,1.5956311988669447e-09,22.675867436503534,0.03618232154305605,14,10,hbr,True,S14_D10 hbr,mild_master_28,,0.04783744141751995
349,constant,7.0,4.359327343883898e-18,0.549251077393551,1.9443761648743157e-09,-0.6291062855643663,-0.0012232192668239687,14,10,hbr,False,S14_D10 hbr,mild_master_28,,
385,Linear,7.0,4.128390758096457e-18,0.04054247375158096,2.2548010838917913e-13,2.507540947918753,5.654006047270254e-07,15,17,hbr,True,S15_D17 hbr,mild_master_28,,
386,ShortHbO,7.0,4.128390758096457e-18,3.4402260499467026e-10,0.0016087442731736745,-49.81271989290128,-80135.9278589093,15,17,hbr,True,S15_D17 hbr,mild_master_28,,
387,az_itd=0_az=15,7.0,4.128390758096457e-18,8.23048804373055e-05,1.5263164373299303e-09,-8.128728224556395,-0.012407011503728166,15,17,hbr,True,S15_D17 hbr,mild_master_28,,-0.011837751166620645
388,az_itd=0_az=5,7.0,4.128390758096457e-18,2.252985473750896e-07,1.5269540376639522e-09,-19.59228120534588,-0.029916512893550455,15,17,hbr,True,S15_D17 hbr,mild_master_28,,-0.006702285309367388
389,az_itd=15_az=0,7.0,4.128390758096457e-18,3.02098725047711e-07,1.517668221421081e-09,-18.774957670282994,-0.02849415661471447,15,17,hbr,True,S15_D17 hbr,mild_master_28,,-0.04540320702940344
390,az_itd=5_az=0,7.0,4.128390758096457e-18,0.00010713263128161129,1.5527916146339525e-09,-7.799668085367263,-0.012111259199886343,15,17,hbr,True,S15_D17 hbr,mild_master_28,,-0.0335198796669481
391,constant,7.0,4.128390758096457e-18,0.9044677025457702,1.8921734587885334e-09,0.12443647486996642,0.0002354553950541568,15,17,hbr,False,S15_D17 hbr,mild_master_28,,
399,Linear,7.0,3.246016307909247e-18,0.12397124157581269,1.9993700629553782e-13,1.7479056269360271,3.4947101833671445e-07,15,18,hbr,False,S15_D18 hbr,mild_master_28,,
400,ShortHbO,7.0,3.246016307909247e-18,3.4392564101822257e-09,0.0014265006175989195,-35.80910741386119,-51081.713841539044,15,18,hbr,True,S15_D18 hbr,mild_master_28,,
401,az_itd=0_az=15,7.0,3.246016307909247e-18,1.2252270052050343e-05,1.353410468530989e-09,-10.87806253617073,-0.01472248371378823,15,18,hbr,True,S15_D18 hbr,mild_master_28,,-0.027704607505545292
402,az_itd=0_az=5,7.0,3.246016307909247e-18,1.05119360366471e-05,1.3539758394761608e-09,-11.131208431689188,-0.015071387280680488,15,18,hbr,True,S15_D18 hbr,mild_master_28,,0.010852400720794391
403,az_itd=15_az=0,7.0,3.246016307909247e-18,3.3600972469020285e-05,1.3457419499598149e-09,-9.335477263448245,-0.012563143376318359,15,18,hbr,True,S15_D18 hbr,mild_master_28,,-0.02644425172590197
404,az_itd=5_az=0,7.0,3.246016307909247e-18,0.0001390567066153899,1.376886453748157e-09,-7.484933540979212,-0.010305903599779504,15,18,hbr,True,S15_D18 hbr,mild_master_28,,-0.019272712724635915
405,constant,7.0,3.246016307909247e-18,0.9800883491852409,1.6778220457880891e-09,0.025863155760951974,4.339377290937645e-05,15,18,hbr,False,S15_D18 hbr,mild_master_28,,
413,Linear,7.0,7.46090982969833e-18,0.045384532723838286,3.0311939954835997e-13,2.4305404581101566,7.367439642403464e-07,15,22,hbr,True,S15_D22 hbr,mild_master_28,,
414,ShortHbO,7.0,7.46090982969833e-18,1.343818159223866e-10,0.0021626812298209323,-56.98878115407365,-123248.56731228797,15,22,hbr,True,S15_D22 hbr,mild_master_28,,
415,az_itd=0_az=15,7.0,7.46090982969833e-18,2.8279842130711388e-05,2.051871117631783e-09,-9.584548149752965,-0.019666257524029257,15,22,hbr,True,S15_D22 hbr,mild_master_28,,-0.01745038421972036
416,az_itd=0_az=5,7.0,7.46090982969833e-18,1.1043073600321023e-06,2.0527282621124256e-09,-15.539523168217283,-0.031898418387150435,15,22,hbr,True,S15_D22 hbr,mild_master_28,,0.02729306100468566
417,az_itd=15_az=0,7.0,7.46090982969833e-18,4.9206707840412016e-08,2.0402450720697933e-09,-24.418065550818472,-0.04981883790953457,15,22,hbr,True,S15_D22 hbr,mild_master_28,,-0.060302112370982444
418,az_itd=5_az=0,7.0,7.46090982969833e-18,0.0007260338186873547,2.0874624604986236e-09,-5.7123427815839305,-0.011924301118056743,15,22,hbr,True,S15_D22 hbr,mild_master_28,,-0.01433344187478402
419,constant,7.0,7.46090982969833e-18,0.8836461686890182,2.543703241792698e-09,0.1517749039275921,0.0003860703151433913,15,22,hbr,False,S15_D22 hbr,mild_master_28,,
427,Linear,7.0,6.806972268890852e-17,0.37183400161880936,9.155769002199037e-13,-0.9540507223553413,-8.735068030266633e-07,16,16,hbr,False,S16_D16 hbr,mild_master_28,,
428,ShortHbO,7.0,6.806972268890852e-17,0.0005593225104220023,0.006532412572450055,-5.9689874234205975,-38991.88848954897,16,16,hbr,True,S16_D16 hbr,mild_master_28,,
429,az_itd=0_az=15,7.0,6.806972268890852e-17,0.009661886809131314,6.197708890724878e-09,-3.52504735536253,-0.021847217334556572,16,16,hbr,True,S16_D16 hbr,mild_master_28,,-0.010939647244327057
430,az_itd=0_az=5,7.0,6.806972268890852e-17,7.196754788419964e-06,6.200297909071433e-09,11.78038485293901,0.07304189557173453,16,16,hbr,True,S16_D16 hbr,mild_master_28,,0.08325157912380896
431,az_itd=15_az=0,7.0,6.806972268890852e-17,0.04768017012846549,6.162592237771216e-09,2.396938198697568,0.014771352737710953,16,16,hbr,True,S16_D16 hbr,mild_master_28,,0.05430123547620257
432,az_itd=5_az=0,7.0,6.806972268890852e-17,2.129219945499692e-05,6.305213100040543e-09,-10.007251924316696,-0.06309785592860756,16,16,hbr,True,S16_D16 hbr,mild_master_28,,-0.02883519275570113
433,constant,7.0,6.806972268890852e-17,0.5401193695030382,7.683295535257597e-09,0.6439595471271522,0.004947731513328554,16,16,hbr,False,S16_D16 hbr,mild_master_28,,
441,Linear,7.0,2.8531140759406894e-15,0.9984047023989828,5.9275797338162125e-12,0.0020718627672758603,1.2281131750552766e-08,16,18,hbr,False,S16_D18 hbr,mild_master_28,,
442,ShortHbO,7.0,2.8531140759406894e-15,0.0006267296305580157,0.04229180134195288,-5.856068047368268,-247663.66650425666,16,18,hbr,True,S16_D18 hbr,mild_master_28,,
443,az_itd=0_az=15,7.0,2.8531140759406894e-15,0.07507243982315935,4.012488039828193e-08,2.089075432161676,0.08382390185847638,16,18,hbr,False,S16_D18 hbr,mild_master_28,,0.004147215689441539
444,az_itd=0_az=5,7.0,2.8531140759406894e-15,3.550875829684377e-05,4.01416420844689e-08,-9.25689584680334,-0.37158699989558636,16,18,hbr,True,S16_D18 hbr,mild_master_28,,0.0597655529897179
445,az_itd=15_az=0,7.0,2.8531140759406894e-15,0.6678585398236443,3.989753001371283e-08,-0.4477551494972908,-0.017864324515862635,16,18,hbr,False,S16_D18 hbr,mild_master_28,,0.09541058427961527
446,az_itd=5_az=0,7.0,2.8531140759406894e-15,0.0036642110990055847,4.082087848679467e-08,4.278039541823835,0.1746333322984935,16,18,hbr,True,S16_D18 hbr,mild_master_28,,-0.8889305666084489
447,constant,7.0,2.8531140759406894e-15,0.9149486401599836,4.974278718999453e-08,0.11071659785815197,0.005507352165658257,16,18,hbr,False,S16_D18 hbr,mild_master_28,,
455,Linear,7.0,7.184044150237394e-17,0.21319119374432632,9.40594278503551e-13,-1.3693882109404252,-1.2880387162607776e-06,16,22,hbr,False,S16_D22 hbr,mild_master_28,,
456,ShortHbO,7.0,7.184044150237394e-17,8.580807452514803e-05,0.006710905319908609,8.075951921688292,54196.948714584105,16,22,hbr,True,S16_D22 hbr,mild_master_28,,
457,az_itd=0_az=15,7.0,7.184044150237394e-17,0.004591449498890836,6.3670561380985805e-09,-4.096806650668508,-0.026084597931742014,16,22,hbr,True,S16_D22 hbr,mild_master_28,,-0.07710718089205909
458,az_itd=0_az=5,7.0,7.184044150237394e-17,4.1087966240218827e-07,6.369715899220913e-09,17.95339026370583,0.11435799540764498,16,22,hbr,True,S16_D22 hbr,mild_master_28,,0.0765691065206997
459,az_itd=15_az=0,7.0,7.184044150237394e-17,0.0018503248068647978,6.330979951772259e-09,4.852819734899727,0.030723104451214938,16,22,hbr,True,S16_D22 hbr,mild_master_28,,-0.04399533480189486
460,az_itd=5_az=0,7.0,7.184044150237394e-17,0.030390980151473835,6.477497810636492e-09,-2.7056186573108847,-0.017525638929148497,16,22,hbr,True,S16_D22 hbr,mild_master_28,,-0.08124767191943896
461,constant,7.0,7.184044150237394e-17,0.7573748204004297,7.893235203705361e-09,0.32128479500060836,0.002535976454314062,16,22,hbr,False,S16_D22 hbr,mild_master_28,,
469,Linear,7.0,2.515401696921765e-16,0.8609805631655105,1.7600358382870196e-12,-0.1816830157838483,-3.197686189876392e-07,16,23,hbr,False,S16_D23 hbr,mild_master_28,,
470,ShortHbO,7.0,2.515401696921765e-16,0.012348176777195805,0.012557416242401242,-3.344214580832274,-41994.694495418255,16,23,hbr,True,S16_D23 hbr,mild_master_28,,
471,az_itd=0_az=15,7.0,2.515401696921765e-16,0.12554232768612067,1.1914007179873083e-08,1.7392703442540614,0.020721679369183215,16,23,hbr,False,S16_D23 hbr,mild_master_28,,0.05308474024203622
472,az_itd=0_az=5,7.0,2.515401696921765e-16,0.00013998916835133518,1.1918984113077521e-08,7.477005773507094,0.08911831302781996,16,23,hbr,True,S16_D23 hbr,mild_master_28,,0.04114654813912106
473,az_itd=15_az=0,7.0,2.515401696921765e-16,0.004933007108786555,1.1846501580174918e-08,4.0399778318936335,0.047859603769399565,16,23,hbr,True,S16_D23 hbr,mild_master_28,,0.09013091146341438
474,az_itd=5_az=0,7.0,2.515401696921765e-16,0.0018573709494130223,1.2120665147234247e-08,4.84950689508861,0.058779249204572684,16,23,hbr,True,S16_D23 hbr,mild_master_28,,0.18727483585379417
475,constant,7.0,2.515401696921765e-16,0.3065296689664729,1.4769786672158385e-08,-1.102920644423687,-0.016289902634457308,16,23,hbr,False,S16_D23 hbr,mild_master_28,,
483,Linear,7.0,2.0537486782505917e-18,0.0013058551244895743,1.5903455016776225e-13,-5.162495283891871,-8.210151152169377e-07,17,15,hbr,True,S17_D15 hbr,mild_master_28,,
484,ShortHbO,7.0,2.0537486782505917e-18,1.872753920209409e-10,0.0011346718060714625,54.34461708305408,61663.30481589103,17,15,hbr,True,S17_D15 hbr,mild_master_28,,
485,az_itd=0_az=15,7.0,2.0537486782505917e-18,2.928208773766014e-07,1.0765341996619157e-09,18.86028178229689,0.020303738353903193,17,15,hbr,True,S17_D15 hbr,mild_master_28,,-0.016108609700033548
486,az_itd=0_az=5,7.0,2.0537486782505917e-18,9.384879810128262e-10,1.0769839088758787e-09,43.14160617891484,0.04646281565775147,17,15,hbr,True,S17_D15 hbr,mild_master_28,,0.03870850730017734
487,az_itd=15_az=0,7.0,2.0537486782505917e-18,3.0544342781136616e-09,1.0704344814355803e-09,36.424245768822786,0.03898976863123195,17,15,hbr,True,S17_D15 hbr,mild_master_28,,0.024498938685446458
488,az_itd=5_az=0,7.0,2.0537486782505917e-18,2.063177257024558e-08,1.0952075449216655e-09,27.678042193129635,0.030313200638575774,17,15,hbr,True,S17_D15 hbr,mild_master_28,,0.0058759312182799315
489,constant,7.0,2.0537486782505917e-18,0.2380900985957529,1.334578721855247e-09,-1.2898142172330282,-0.0017213586094655807,17,15,hbr,False,S17_D15 hbr,mild_master_28,,
497,Linear,7.0,3.5181201320895355e-18,0.00962300431360865,2.0814844408780512e-13,-3.5280489810270073,-7.343579060663379e-07,17,16,hbr,True,S17_D16 hbr,mild_master_28,,
498,ShortHbO,7.0,3.5181201320895355e-18,1.9861990478892995e-09,0.0014850871759308469,38.7444464640487,57538.88058229798,17,16,hbr,True,S17_D16 hbr,mild_master_28,,
499,az_itd=0_az=15,7.0,3.5181201320895355e-18,1.1353551379851444e-05,1.4089952053221271e-09,11.003285200073883,0.015503576089696023,17,16,hbr,True,S17_D16 hbr,mild_master_28,,-0.020615699019117438
500,az_itd=0_az=5,7.0,3.5181201320895355e-18,1.7453387223488242e-08,1.4095837961225514e-09,28.35287818717413,0.0399657576660772,17,16,hbr,True,S17_D16 hbr,mild_master_28,,0.01688631947177736
501,az_itd=15_az=0,7.0,3.5181201320895355e-18,2.296678911959425e-08,1.4010117397365268e-09,27.25389500984395,0.03818302686233812,17,16,hbr,True,S17_D16 hbr,mild_master_28,,0.018637734650872078
502,az_itd=5_az=0,7.0,3.5181201320895355e-18,6.955159020564833e-08,1.4334353521809774e-09,23.22773874295928,0.03329546186538156,17,16,hbr,True,S17_D16 hbr,mild_master_28,,0.02795210972408488
503,constant,7.0,3.5181201320895355e-18,0.3376678162057743,1.7467304065300648e-09,-1.029111823128876,-0.0017975809131787978,17,16,hbr,False,S17_D16 hbr,mild_master_28,,
511,Linear,7.0,1.5643305163427768e-17,0.01809621903155115,4.38916689650276e-13,-3.0688706761322937,-1.3469785581327908e-06,17,17,hbr,True,S17_D17 hbr,mild_master_28,,
512,ShortHbO,7.0,1.5643305163427768e-17,1.0239415651007978e-05,0.003131560987439701,-11.175142449749062,-34995.64012471549,17,17,hbr,True,S17_D17 hbr,mild_master_28,,
513,az_itd=0_az=15,7.0,1.5643305163427768e-17,8.765794353368852e-08,2.9711080184304454e-09,22.463687057931608,0.06674204074133282,17,17,hbr,True,S17_D17 hbr,mild_master_28,,0.0752810719400598
514,az_itd=0_az=5,7.0,1.5643305163427768e-17,1.2836763857591394e-07,2.9723491630703343e-09,21.25722607754055,0.06318389814077455,17,17,hbr,True,S17_D17 hbr,mild_master_28,,0.09024164523695426
515,az_itd=15_az=0,7.0,1.5643305163427768e-17,0.1607701404414108,2.9542735121619748e-09,1.5684225796730862,0.004633549283004953,17,17,hbr,False,S17_D17 hbr,mild_master_28,,0.015833801983993222
516,az_itd=5_az=0,7.0,1.5643305163427768e-17,7.980091888899914e-08,3.0226442593130726e-09,22.77078611524538,0.06882798593129226,17,17,hbr,True,S17_D17 hbr,mild_master_28,,0.05076582401415142
517,constant,7.0,1.5643305163427768e-17,0.45410738547786156,3.6832806082482463e-09,-0.7924593057584153,-0.002918849993725839,17,17,hbr,False,S17_D17 hbr,mild_master_28,,
525,Linear,7.0,1.6301068244767377e-18,0.0020247743272162532,1.4168565073293116e-13,-4.774653261656752,-6.764998544019491e-07,17,21,hbr,True,S17_D21 hbr,mild_master_28,,
526,ShortHbO,7.0,1.6301068244767377e-18,4.093012849079473e-09,0.0010108917404548629,34.92551869677986,35305.918381676645,17,21,hbr,True,S17_D21 hbr,mild_master_28,,
527,az_itd=0_az=15,7.0,1.6301068244767377e-18,7.571547199714574e-08,9.59096299857192e-10,22.944429986626314,0.0220059179025057,17,21,hbr,True,S17_D21 hbr,mild_master_28,,-0.00467768752500593
528,az_itd=0_az=5,7.0,1.6301068244767377e-18,1.8501270341449838e-09,9.594969508009885e-10,39.14087684137606,0.037555551980977354,17,21,hbr,True,S17_D21 hbr,mild_master_28,,0.05015135474342804
529,az_itd=15_az=0,7.0,1.6301068244767377e-18,9.095517407736881e-09,9.536619930020202e-10,31.139983087090286,0.029697018332883723,17,21,hbr,True,S17_D21 hbr,mild_master_28,,0.026812554802680022
530,az_itd=5_az=0,7.0,1.6301068244767377e-18,6.948508292561832e-08,9.75732590975678e-10,23.230950052642875,0.022667195085691795,17,21,hbr,True,S17_D21 hbr,mild_master_28,,0.004636909975024667
531,constant,7.0,1.6301068244767377e-18,0.3132456626479887,1.1889910366075573e-09,-1.0865090272568376,-0.0012918494946015761,17,21,hbr,False,S17_D21 hbr,mild_master_28,,
539,Linear,7.0,3.5195144223161546e-18,0.0009001561135210621,2.0818968636796844e-13,-5.506672101898881,-1.1464323378255696e-06,17,22,hbr,True,S17_D22 hbr,mild_master_28,,
540,ShortHbO,7.0,3.5195144223161546e-18,0.0008109424747080814,0.0014853814293020171,-5.605886061482083,-8326.879050508513,17,22,hbr,True,S17_D22 hbr,mild_master_28,,
541,az_itd=0_az=15,7.0,3.5195144223161546e-18,3.832976983223353e-09,1.409274381922564e-09,35.256228074766796,0.04968569902898793,17,22,hbr,True,S17_D22 hbr,mild_master_28,,0.03994151185202932
542,az_itd=0_az=5,7.0,3.5195144223161546e-18,6.8527823168303e-09,1.4098630893456553e-09,32.433389247886744,0.04572663836297576,17,22,hbr,True,S17_D22 hbr,mild_master_28,,0.05464919433468104
543,az_itd=15_az=0,7.0,3.5195144223161546e-18,2.9085618349636202e-08,1.4012893345027791e-09,26.341934034019673,0.03691267121204754,17,22,hbr,True,S17_D22 hbr,mild_master_28,,0.037160995759322586
544,az_itd=5_az=0,7.0,3.5195144223161546e-18,3.9797143591394076e-09,1.4337193713224595e-09,35.06657172904036,0.050275623173793686,17,22,hbr,True,S17_D22 hbr,mild_master_28,,0.039289144754576844
545,constant,7.0,3.5195144223161546e-18,0.2863923336131171,1.747076501573492e-09,-1.1539515865533643,-0.0020160417008208325,17,22,hbr,False,S17_D22 hbr,mild_master_28,,
553,Linear,7.0,4.477080178656887e-18,0.006610221004812553,2.3480928839611487e-13,-3.8120533636191043,-8.95105537639418e-07,17,23,hbr,True,S17_D23 hbr,mild_master_28,,
554,ShortHbO,7.0,4.477080178656887e-18,0.00011928239817569443,0.0016753056431179354,7.668757554135794,12847.512806146991,17,23,hbr,True,S17_D23 hbr,mild_master_28,,
555,az_itd=0_az=15,7.0,4.477080178656887e-18,3.8627716581907814e-07,1.5894673773091622e-09,18.11550394570011,0.028794002545205734,17,23,hbr,True,S17_D23 hbr,mild_master_28,,0.00978416092033444
556,az_itd=0_az=5,7.0,4.477080178656887e-18,1.2086451763744407e-08,1.5901313581888167e-09,29.892465843677265,0.04753294731161935,17,23,hbr,True,S17_D23 hbr,mild_master_28,,0.041272043794247704
557,az_itd=15_az=0,7.0,4.477080178656887e-18,5.247500293700056e-07,1.5804613437483306e-09,17.32473449151989,0.027381073154550573,17,23,hbr,True,S17_D23 hbr,mild_master_28,,0.03084784933246208
558,az_itd=5_az=0,7.0,4.477080178656887e-18,2.3235842575541692e-08,1.6170379580904548e-09,27.208207348713955,0.04399670405446612,17,23,hbr,True,S17_D23 hbr,mild_master_28,,0.031473541414010875
559,constant,7.0,4.477080178656887e-18,0.43517166745465663,1.9704616365240006e-09,-0.8276528402999608,-0.001630858170171198,17,23,hbr,False,S17_D23 hbr,mild_master_28,,
567,Linear,7.0,3.4224567513499725e-18,0.0034349698066028617,2.0529899374792573e-13,-4.3306844767664545,-8.890851653199154e-07,18,15,hbr,True,S18_D15 hbr,mild_master_28,,
568,ShortHbO,7.0,3.4224567513499725e-18,9.141005164369942e-06,0.0014647570592357562,11.36675260773655,16649.531122768556,18,15,hbr,True,S18_D15 hbr,mild_master_28,,
569,az_itd=0_az=15,7.0,3.4224567513499725e-18,2.4393856425323717e-06,1.3897067504682444e-09,13.830735531235531,0.019220666531699016,18,15,hbr,True,S18_D15 hbr,mild_master_28,,-0.007755869288500706
570,az_itd=0_az=5,7.0,3.4224567513499725e-18,7.065335045220432e-09,1.3902872837486442e-09,32.29133232079086,0.044894228700897126,18,15,hbr,True,S18_D15 hbr,mild_master_28,,0.05185749214187768
571,az_itd=15_az=0,7.0,3.4224567513499725e-18,5.821697749020754e-08,1.3818325746197163e-09,23.832391867584874,0.0329323754137308,18,15,hbr,True,S18_D15 hbr,mild_master_28,,0.04595123735794162
572,az_itd=5_az=0,7.0,3.4224567513499725e-18,1.166285409333899e-08,1.413812323676646e-09,30.046264828253882,0.0424797794946375,18,15,hbr,True,S18_D15 hbr,mild_master_28,,0.017474453722396043
573,constant,7.0,3.4224567513499725e-18,0.46434429024608315,1.7228185220460032e-09,-0.7738557217990633,-0.0013332129709067051,18,15,hbr,False,S18_D15 hbr,mild_master_28,,
581,Linear,7.0,3.546410436332265e-18,0.0009687119493602653,2.089836617558842e-13,-5.437611575918429,-1.1363719783416173e-06,18,16,hbr,True,S18_D16 hbr,mild_master_28,,
582,ShortHbO,7.0,3.546410436332265e-18,2.235268784379024e-05,0.0014910462454468883,9.933714268596555,14811.627363533074,18,16,hbr,True,S18_D16 hbr,mild_master_28,,
583,az_itd=0_az=15,7.0,3.546410436332265e-18,9.204036635706777e-08,1.4146489477504266e-09,22.305747367827298,0.03155480204268373,18,16,hbr,True,S18_D16 hbr,mild_master_28,,0.018264320742365083
584,az_itd=0_az=5,7.0,3.546410436332265e-18,3.6371976647628577e-09,1.4152399003337501e-09,35.52260100170601,0.05027300230124998,18,16,hbr,True,S18_D16 hbr,mild_master_28,,0.0486058420354584
585,az_itd=15_az=0,7.0,3.546410436332265e-18,6.45331707925868e-09,1.406633447663974e-09,32.71451222066273,0.046017327113596025,18,16,hbr,True,S18_D16 hbr,mild_master_28,,0.04702668606744372
586,az_itd=5_az=0,7.0,3.546410436332265e-18,2.093796139419223e-09,1.4391871632859678e-09,38.45233407853005,0.055340105604204014,18,16,hbr,True,S18_D16 hbr,mild_master_28,,0.035749077710065066
587,constant,7.0,3.546410436332265e-18,0.32710702822786913,1.753739347208427e-09,-1.0535121541144565,-0.0018475857174328305,18,16,hbr,False,S18_D16 hbr,mild_master_28,,
595,Linear,7.0,2.612156875153868e-18,0.00777128320921142,1.7935664188379313e-13,-3.6885670013727525,-6.615689907295894e-07,18,21,hbr,True,S18_D21 hbr,mild_master_28,,
596,ShortHbO,7.0,2.612156875153868e-18,0.00057181577648453,0.0012796648562373183,-5.946946047667884,-7610.097859140011,18,21,hbr,True,S18_D21 hbr,mild_master_28,,
597,az_itd=0_az=15,7.0,2.612156875153868e-18,1.2168380579825308e-05,1.214098186342139e-09,10.889302855370028,0.013220682847235026,18,21,hbr,True,S18_D21 hbr,mild_master_28,,-0.015165324225490849
598,az_itd=0_az=5,7.0,2.612156875153868e-18,2.42888763045408e-08,1.2146053612569959e-09,27.03502843513331,0.032836890479048246,18,21,hbr,True,S18_D21 hbr,mild_master_28,,0.04298720856547528
599,az_itd=15_az=0,7.0,2.612156875153868e-18,9.44853839042508e-08,1.2072190209258267e-09,22.221315852989477,0.026825995167729506,18,21,hbr,True,S18_D21 hbr,mild_master_28,,0.032577706377561855
600,az_itd=5_az=0,7.0,2.612156875153868e-18,2.717035083412161e-08,1.2351576887898297e-09,26.60181697297585,0.03285743876995092,18,21,hbr,True,S18_D21 hbr,mild_master_28,,0.011729529983909874
601,constant,7.0,2.612156875153868e-18,0.5763093024318763,1.5051167034397254e-09,-0.5859445305931613,-0.0008819149002849163,18,21,hbr,False,S18_D21 hbr,mild_master_28,,
609,Linear,7.0,4.2710498513589056e-18,0.004113329905620195,2.2934282438223515e-13,-4.184655680450376,-9.597207528216533e-07,18,22,hbr,True,S18_D22 hbr,mild_master_28,,
610,ShortHbO,7.0,4.2710498513589056e-18,2.2237075314611532e-08,0.0016363037873016332,-27.380949131330663,-44803.550763509724,18,22,hbr,True,S18_D22 hbr,mild_master_28,,
611,az_itd=0_az=15,7.0,4.2710498513589056e-18,2.7140757980128475e-08,1.5524638742593224e-09,26.60599502199766,0.041304846110374736,18,22,hbr,True,S18_D22 hbr,mild_master_28,,0.04312228287975604
612,az_itd=0_az=5,7.0,4.2710498513589056e-18,5.338419063377819e-08,1.5531123973706352e-09,24.13250754517529,0.037480496648052135,18,22,hbr,True,S18_D22 hbr,mild_master_28,,0.05274439254323025
613,az_itd=15_az=0,7.0,4.2710498513589056e-18,2.477714659076037e-07,1.543667505140236e-09,19.323652955086878,0.02982929514737471,18,22,hbr,True,S18_D22 hbr,mild_master_28,,0.03453869673340081
614,az_itd=5_az=0,7.0,4.2710498513589056e-18,7.08484911188452e-08,1.5793925997344976e-09,23.165809125114578,0.036587907499067866,18,22,hbr,True,S18_D22 hbr,mild_master_28,,0.03321919018028399
615,constant,7.0,4.2710498513589056e-18,0.661854066307408,1.924588418729405e-09,-0.45650497255838435,-0.0008785841832782514,18,22,hbr,False,S18_D22 hbr,mild_master_28,,
623,Linear,7.0,1.9873565949034073e-17,0.2560693252115611,4.947157494472284e-13,-1.236724273273915,-6.118269757122837e-07,18,23,hbr,False,S18_D23 hbr,mild_master_28,,
624,ShortHbO,7.0,1.9873565949034073e-17,4.231426440832009e-11,0.0035296733466101404,67.23566237540672,237319.92542815136,18,23,hbr,True,S18_D23 hbr,mild_master_28,,
625,az_itd=0_az=15,7.0,1.9873565949034073e-17,0.18809836438346636,3.348822144807596e-09,1.4583715693980768,0.004883827006958088,18,23,hbr,False,S18_D23 hbr,mild_master_28,,-0.04198343978583579
626,az_itd=0_az=5,7.0,1.9873565949034073e-17,8.765822235208757e-05,3.350221074980847e-09,8.04905227613615,0.026966104569133884,18,23,hbr,True,S18_D23 hbr,mild_master_28,,0.040156079789774944
627,az_itd=15_az=0,7.0,1.9873565949034073e-17,1.259323430099907e-05,3.329847483826223e-09,10.833259666306997,0.03607310244148846,18,23,hbr,True,S18_D23 hbr,mild_master_28,,0.03569319972278228
628,az_itd=5_az=0,7.0,1.9873565949034073e-17,0.1587451855667157,3.4069101388008445e-09,1.577246030331424,0.005373535492119513,18,23,hbr,False,S18_D23 hbr,mild_master_28,,-0.039499741709781565
629,constant,7.0,1.9873565949034073e-17,0.8537768449056256,4.151532556180228e-09,0.19122598901007815,0.000793880918963102,18,23,hbr,False,S18_D23 hbr,mild_master_28,,
637,Linear,7.0,9.346726587895561e-19,0.8625791268207778,1.0728712455406903e-13,-0.17956793596770312,-1.9265327512084058e-08,19,14,hbr,False,S19_D14 hbr,mild_master_28,,
638,ShortHbO,7.0,9.346726587895561e-19,4.239125649502955e-10,0.0007654668451450518,-48.344956054900216,-37006.46099002064,19,14,hbr,True,S19_D14 hbr,mild_master_28,,
639,az_itd=0_az=15,7.0,9.346726587895561e-19,0.1507788721335141,7.262463322844391e-10,-1.6130021323180361,-0.0011714368825629531,19,14,hbr,False,S19_D14 hbr,mild_master_28,,-0.017555748922768663
640,az_itd=0_az=5,7.0,9.346726587895561e-19,0.000701846379528821,7.2654971295487e-10,5.745231708948025,0.004174196448995405,19,14,hbr,True,S19_D14 hbr,mild_master_28,,0.006269242805842475
641,az_itd=15_az=0,7.0,9.346726587895561e-19,5.7532148138563994e-05,7.221313696652898e-10,8.594112003589606,0.0062060778722090705,19,14,hbr,True,S19_D14 hbr,mild_master_28,,0.0014254066815000447
642,az_itd=5_az=0,7.0,9.346726587895561e-19,0.002205862406872788,7.388436547946142e-10,-4.70103035963119,-0.0034733264522103474,19,14,hbr,True,S19_D14 hbr,mild_master_28,,-0.015571051588592698
643,constant,7.0,9.346726587895561e-19,0.9243435295957133,9.003270887228798e-10,0.09843865449537778,8.86269872196209e-05,19,14,hbr,False,S19_D14 hbr,mild_master_28,,
651,Linear,7.0,1.9100819138975254e-18,0.02068628764653879,1.533712059848711e-13,-2.974128784286721,-4.561457184003729e-07,19,15,hbr,True,S19_D15 hbr,mild_master_28,,
652,ShortHbO,7.0,1.9100819138975254e-18,0.001025019875934884,0.0010942652594083209,5.38484563872836,5892.449509736854,19,15,hbr,True,S19_D15 hbr,mild_master_28,,
653,az_itd=0_az=15,7.0,1.9100819138975254e-18,2.0045659322027055e-06,1.0381979784388712e-09,14.236689129074998,0.014780501873468318,19,15,hbr,True,S19_D15 hbr,mild_master_28,,-0.013399530754039138
654,az_itd=0_az=5,7.0,1.9100819138975254e-18,3.856388088016848e-08,1.0386316731575047e-09,25.292047066777382,0.02626912116254535,19,15,hbr,True,S19_D15 hbr,mild_master_28,,0.04165859769701371
655,az_itd=15_az=0,7.0,1.9100819138975254e-18,5.993476497662386e-08,1.0323154759288564e-09,23.732508279005238,0.024499435579026816,19,15,hbr,True,S19_D15 hbr,mild_master_28,,0.029452009799497282
656,az_itd=5_az=0,7.0,1.9100819138975254e-18,0.0007905629083828653,1.056206351331671e-09,5.63026294362569,0.005946719480724803,19,15,hbr,True,S19_D15 hbr,mild_master_28,,-0.009772768564725986
657,constant,7.0,1.9100819138975254e-18,0.6800462316994569,1.287053334239435e-09,-0.43011056506487366,-0.0005535752368583531,19,15,hbr,False,S19_D15 hbr,mild_master_28,,
665,Linear,7.0,7.825750269848451e-18,0.42472221557099465,3.1044225453722447e-13,-0.8475383710696863,-2.6311172272168015e-07,19,21,hbr,False,S19_D21 hbr,mild_master_28,,
666,ShortHbO,7.0,7.825750269848451e-18,2.184411694689892e-12,0.0022149279717210368,-102.71863256105206,-227514.37247640948,19,21,hbr,True,S19_D21 hbr,mild_master_28,,
667,az_itd=0_az=15,7.0,7.825750269848451e-18,0.19326301892966807,2.1014408735518743e-09,-1.4392229420231548,-0.0030244419165210376,19,21,hbr,False,S19_D21 hbr,mild_master_28,,-0.038081786351934474
668,az_itd=0_az=5,7.0,7.825750269848451e-18,0.0037888867783479017,2.102318725201856e-09,4.250906384820788,0.00893676009188887,19,21,hbr,True,S19_D21 hbr,mild_master_28,,-0.0035824777109916615
669,az_itd=15_az=0,7.0,7.825750269848451e-18,0.00015100049344668855,2.0895339622786458e-09,7.387657534104008,0.015436761319194038,19,21,hbr,True,S19_D21 hbr,mild_master_28,,-0.00965888924040041
670,az_itd=5_az=0,7.0,7.825750269848451e-18,0.0030557444880312365,2.1378920434144832e-09,4.426881946379394,0.009464195690299727,19,21,hbr,True,S19_D21 hbr,mild_master_28,,-0.009904281716824434
671,constant,7.0,7.825750269848451e-18,0.8223745179164517,2.605154834802272e-09,-0.23307141611825066,-0.0006071871265546729,19,21,hbr,False,S19_D21 hbr,mild_master_28,,
707,Linear,7.0,8.032981951091765e-18,0.04290563692712048,3.1452576832473456e-13,-2.468843363922741,-7.765148559112225e-07,20,12,hbr,True,S20_D12 hbr,mild_master_28,,
708,ShortHbO,7.0,8.032981951091765e-18,3.8281386058717483e-07,0.0022440628229813703,18.13926765040929,40705.656170392125,20,12,hbr,True,S20_D12 hbr,mild_master_28,,
709,az_itd=0_az=15,7.0,8.032981951091765e-18,7.324760037256368e-06,2.1290829314720447e-09,11.74942780093977,0.02501550618554399,20,12,hbr,True,S20_D12 hbr,mild_master_28,,0.003399627303199559
710,az_itd=0_az=5,7.0,8.032981951091765e-18,1.381565631583489e-07,2.1299723302592596e-09,21.032156332952177,0.04479791103487519,20,12,hbr,True,S20_D12 hbr,mild_master_28,,0.050694364205194506
711,az_itd=15_az=0,7.0,8.032981951091765e-18,3.614583003158583e-07,2.117019398361292e-09,18.291434223175717,0.038723321074312596,20,12,hbr,True,S20_D12 hbr,mild_master_28,,0.06300902465421825
712,az_itd=5_az=0,7.0,8.032981951091765e-18,7.972054272874477e-07,2.1660135749002825e-09,16.29860400785786,0.03530299753294428,20,12,hbr,True,S20_D12 hbr,mild_master_28,,0.03472789601396908
713,constant,7.0,8.032981951091765e-18,0.384846529061025,2.6394226753782014e-09,-0.9268505408458984,-0.002446350334195214,20,12,hbr,False,S20_D12 hbr,mild_master_28,,
721,Linear,7.0,2.629126295258125e-18,0.08739863001330767,1.7993827830961966e-13,-1.9860512054821093,-3.573666345491954e-07,20,13,hbr,False,S20_D13 hbr,mild_master_28,,
722,ShortHbO,7.0,2.629126295258125e-18,0.00012209840800021172,0.0012838146869066497,-7.640560848634477,-9809.064233680878,20,13,hbr,True,S20_D13 hbr,mild_master_28,,
723,az_itd=0_az=15,7.0,2.629126295258125e-18,0.0011480969853478562,1.2180353905755014e-09,5.279964867959444,0.0064311840701699085,20,13,hbr,True,S20_D13 hbr,mild_master_28,,-0.015197722889100661
724,az_itd=0_az=5,7.0,2.629126295258125e-18,1.284168746711397e-06,1.218544210210072e-09,15.199523504889012,0.018521291364834404,20,13,hbr,True,S20_D13 hbr,mild_master_28,,0.02348587014423824
725,az_itd=15_az=0,7.0,2.629126295258125e-18,1.3219636932466093e-06,1.2111339166840559e-09,15.134978121090077,0.018330485330723317,20,13,hbr,True,S20_D13 hbr,mild_master_28,,0.02246328343769932
726,az_itd=5_az=0,7.0,2.629126295258125e-18,7.60515862426704e-06,1.2391631869743092e-09,11.683712525076006,0.014478026448264836,20,13,hbr,True,S20_D13 hbr,mild_master_28,,0.023491171016061973
727,constant,7.0,2.629126295258125e-18,0.8118440000969763,1.509997652874582e-09,-0.24720410148556213,-0.0003732776130241688,20,13,hbr,False,S20_D13 hbr,mild_master_28,,
735,Linear,7.0,3.564352126736673e-18,0.2140919711821532,2.095116307928626e-13,1.3663706722257571,2.862705478055583e-07,20,20,hbr,False,S20_D20 hbr,mild_master_28,,
736,ShortHbO,7.0,3.564352126736673e-18,0.005270062237095096,0.0014948131726970119,3.9879692034428516,5961.268897616384,20,20,hbr,True,S20_D20 hbr,mild_master_28,,
737,az_itd=0_az=15,7.0,3.564352126736673e-18,1.062487093515911e-05,1.4182228675311927e-09,-11.113379457067337,-0.01576124888156429,20,20,hbr,True,S20_D20 hbr,mild_master_28,,-0.03945525995525141
738,az_itd=0_az=5,7.0,3.564352126736673e-18,0.31940299871856376,1.4188153130765197e-09,-1.0717100559866777,-0.0015205586386119925,20,20,hbr,False,S20_D20 hbr,mild_master_28,,-0.004309474406942847
739,az_itd=15_az=0,7.0,3.564352126736673e-18,5.9409437596376745e-06,1.410187117364777e-09,-12.121963670268814,-0.01709423700497693,20,20,hbr,True,S20_D20 hbr,mild_master_28,,-0.03372715866173325
740,az_itd=5_az=0,7.0,3.564352126736673e-18,0.009301669417519861,1.4428230755589538e-09,-3.553368561796241,-0.005126882156925349,20,20,hbr,True,S20_D20 hbr,mild_master_28,,-0.025198341255100936
741,constant,7.0,3.564352126736673e-18,0.9747288003718071,1.7581699331522141e-09,0.03282720519761001,5.771580516785601e-05,20,20,hbr,False,S20_D20 hbr,mild_master_28,,
749,Linear,7.0,2.076358739207855e-18,0.014107110686363238,1.5990757284550473e-13,-3.2474407962256335,-5.192903756839144e-07,21,11,hbr,True,S21_D11 hbr,mild_master_28,,
750,ShortHbO,7.0,2.076358739207855e-18,0.7535980788921355,0.00114090060489191,-0.32649047120925,-372.4931760940781,21,11,hbr,False,S21_D11 hbr,mild_master_28,,
751,az_itd=0_az=15,7.0,2.076358739207855e-18,3.010248161572644e-07,1.0824438511727275e-09,18.78467991879769,0.02033336127435037,21,11,hbr,True,S21_D11 hbr,mild_master_28,,0.01389753380503233
752,az_itd=0_az=5,7.0,2.076358739207855e-18,2.3596652013221995e-07,1.0828960290725313e-09,19.461125699667676,0.02107437574145151,21,11,hbr,True,S21_D11 hbr,mild_master_28,,0.018521929556814212
753,az_itd=15_az=0,7.0,2.076358739207855e-18,2.892522197974657e-07,1.0763106484467424e-09,18.893925549778036,0.02033573326018607,21,11,hbr,True,S21_D11 hbr,mild_master_28,,0.0291353196589395
754,az_itd=5_az=0,7.0,2.076358739207855e-18,2.0337250169485607e-08,1.101219704056537e-09,27.735412914045785,0.03054278320109135,21,11,hbr,True,S21_D11 hbr,mild_master_28,,0.03105172203313522
755,constant,7.0,2.076358739207855e-18,0.29626484656283836,1.3419049128507457e-09,-1.1285780752327255,-0.0015144444636904326,21,11,hbr,False,S21_D11 hbr,mild_master_28,,
763,Linear,7.0,2.0894409416474175e-18,0.004481269827803831,1.604105346992469e-13,-4.116131723680626,-6.602708906881419e-07,21,12,hbr,True,S21_D12 hbr,mild_master_28,,
764,ShortHbO,7.0,2.0894409416474175e-18,7.905945677570844e-10,0.0011444891121336928,44.21506590533286,50603.66152092712,21,12,hbr,True,S21_D12 hbr,mild_master_28,,
765,az_itd=0_az=15,7.0,2.0894409416474175e-18,2.0837669949253757e-07,1.0858484927182762e-09,19.815575727446795,0.021516713035992962,21,12,hbr,True,S21_D12 hbr,mild_master_28,,0.000763011400975655
766,az_itd=0_az=5,7.0,2.0894409416474175e-18,9.620656149679899e-09,1.0863020928661364e-09,30.889678703371242,0.033555522623434704,21,12,hbr,True,S21_D12 hbr,mild_master_28,,0.03066090052976287
767,az_itd=15_az=0,7.0,2.0894409416474175e-18,2.3674245974324922e-08,1.0796959990546726e-09,27.135041351078787,0.029297595580942862,21,12,hbr,True,S21_D12 hbr,mild_master_28,,0.02257146821200736
768,az_itd=5_az=0,7.0,2.0894409416474175e-18,2.362911031667591e-08,1.104683401828154e-09,27.14250241155757,0.029983871898128286,21,12,hbr,True,S21_D12 hbr,mild_master_28,,0.006902194265933958
769,constant,7.0,2.0894409416474175e-18,0.22202770347065076,1.3461256446804083e-09,-1.340259159064865,-0.0018041572245350132,21,12,hbr,False,S21_D12 hbr,mild_master_28,,
777,Linear,7.0,2.3714633853392945e-18,0.5616655261638096,1.708936982013466e-13,-0.6091506878929909,-1.0410001381592746e-07,21,19,hbr,False,S21_D19 hbr,mild_master_28,,
778,ShortHbO,7.0,2.3714633853392945e-18,1.1458091688592096e-08,0.001219283866177529,-30.122913594137525,-36728.38254759165,21,19,hbr,True,S21_D19 hbr,mild_master_28,,
779,az_itd=0_az=15,7.0,2.3714633853392945e-18,0.00013130371110476263,1.1568109597969902e-09,7.5532640893155625,0.008737698680761274,21,19,hbr,True,S21_D19 hbr,mild_master_28,,0.011343534880552066
780,az_itd=0_az=5,7.0,2.3714633853392945e-18,0.017632957724989854,1.157294203661976e-09,3.087329698742437,0.003572948765148097,21,19,hbr,True,S21_D19 hbr,mild_master_28,,0.004891653760360584
781,az_itd=15_az=0,7.0,2.3714633853392945e-18,0.03731467811818551,1.1502563878213723e-09,-2.5643389922288304,-0.0029496473063506325,21,19,hbr,True,S21_D19 hbr,mild_master_28,,0.0026369193873065247
782,az_itd=5_az=0,7.0,2.3714633853392945e-18,2.8325390594935033e-06,1.1768767695588497e-09,13.529047853021808,0.0159220221324714,21,19,hbr,True,S21_D19 hbr,mild_master_28,,0.012768915413621802
783,constant,7.0,2.3714633853392945e-18,0.6394307379713146,1.4340977672969932e-09,-0.4895337201508085,-0.0007020392150848656,21,19,hbr,False,S21_D19 hbr,mild_master_28,,
791,Linear,7.0,2.3707867046125815e-17,0.38755972963862556,5.403362169767408e-13,0.9212665258247744,4.977936693914635e-07,22,10,hbr,False,S22_D10 hbr,mild_master_28,,
792,ShortHbO,7.0,2.3707867046125815e-17,3.360799460586477e-07,0.0038551639914475755,-18.486182251682745,-71267.26415602458,22,10,hbr,True,S22_D10 hbr,mild_master_28,,
793,az_itd=0_az=15,7.0,2.3707867046125815e-17,0.00017276815743922372,3.6576355029632852e-09,-7.230856070681549,-0.02644783588094243,22,10,hbr,True,S22_D10 hbr,mild_master_28,,-0.041966339718053934
794,az_itd=0_az=5,7.0,2.3707867046125815e-17,0.00011925197669746587,3.6591634362026727e-09,7.6690662515300785,0.02806236681741475,22,10,hbr,True,S22_D10 hbr,mild_master_28,,0.08128172466663613
795,az_itd=15_az=0,7.0,2.3707867046125815e-17,1.988136745886413e-05,3.6369110838508006e-09,-10.111794385277014,-0.03677569707743427,22,10,hbr,True,S22_D10 hbr,mild_master_28,,-0.04331389818680821
796,az_itd=5_az=0,7.0,2.3707867046125815e-17,0.002559640774220921,3.721080111228031e-09,4.574754620496161,0.017023028432076804,22,10,hbr,True,S22_D10 hbr,mild_master_28,,0.03231917546892651
797,constant,7.0,2.3707867046125815e-17,0.3562268113947122,4.534368268179602e-09,-0.987646667037078,-0.004478353707186271,22,10,hbr,False,S22_D10 hbr,mild_master_28,,
805,Linear,7.0,4.323298355303381e-18,0.11506840901406477,2.3074135581489155e-13,-1.7989067832663714,-4.150821901554878e-07,22,11,hbr,False,S22_D11 hbr,mild_master_28,,
806,ShortHbO,7.0,4.323298355303381e-18,8.466922048429692e-08,0.001646281959873983,22.576658211600087,37167.54512799804,22,11,hbr,True,S22_D11 hbr,mild_master_28,,
807,az_itd=0_az=15,7.0,4.323298355303381e-18,0.00020122256472229793,1.5619307914478744e-09,7.0565285918021114,0.011021809288268026,22,11,hbr,True,S22_D11 hbr,mild_master_28,,-0.014824835936296719
808,az_itd=0_az=5,7.0,4.323298355303381e-18,1.1872844904427762e-06,1.56258326924998e-09,15.375383619242829,0.024025317201729048,22,11,hbr,True,S22_D11 hbr,mild_master_28,,-0.019796085820824573
809,az_itd=15_az=0,7.0,4.323298355303381e-18,1.2706041154646572e-06,1.5530807821124898e-09,15.223218321262735,0.02364288781665591,22,11,hbr,True,S22_D11 hbr,mild_master_28,,-0.0005684001486944397
810,az_itd=5_az=0,7.0,4.323298355303381e-18,7.507180184207368e-07,1.5890237281606144e-09,16.442368750417025,0.026127314091579243,22,11,hbr,True,S22_D11 hbr,mild_master_28,,0.011279082506349557
811,constant,7.0,4.323298355303381e-18,0.323667337229467,1.936324549588392e-09,-1.0615943910942525,-0.0020555912811811416,22,11,hbr,False,S22_D11 hbr,mild_master_28,,
819,Linear,7.0,2.117816580582165e-18,0.008945817443434355,1.6149608864302137e-13,-3.5825358024408622,-5.785655195177871e-07,22,12,hbr,True,S22_D12 hbr,mild_master_28,,
820,ShortHbO,7.0,2.117816580582165e-18,5.0874607624947985e-11,0.0011522342684702955,65.48667251933243,75455.98820486681,22,12,hbr,True,S22_D12 hbr,mild_master_28,,
821,az_itd=0_az=15,7.0,2.117816580582165e-18,1.360809969952573e-06,1.0931968075644421e-09,15.070791663730606,0.016475341334259107,22,12,hbr,True,S22_D12 hbr,mild_master_28,,-0.008183774790529374
822,az_itd=0_az=5,7.0,2.117816580582165e-18,4.881259553887614e-08,1.093653477382448e-09,24.44642545381147,0.0267359182071317,22,12,hbr,True,S22_D12 hbr,mild_master_28,,0.010610575671669412
823,az_itd=15_az=0,7.0,2.117816580582165e-18,6.815149468892341e-08,1.087002677833899e-09,23.296093022346177,0.025322915498357905,22,12,hbr,True,S22_D12 hbr,mild_master_28,,0.014754814260362393
824,az_itd=5_az=0,7.0,2.117816580582165e-18,3.427549074478353e-08,1.1121591790626425e-09,25.725730947975794,0.028611107811887172,22,12,hbr,True,S22_D12 hbr,mild_master_28,,0.018885709393163613
825,constant,7.0,2.117816580582165e-18,0.3931931720992117,1.3552353456432444e-09,-0.9097649075250334,-0.001232945558903783,22,12,hbr,False,S22_D12 hbr,mild_master_28,,
833,Linear,7.0,9.39022876281194e-18,0.3248996718375967,3.4006029139678595e-13,-1.0586909424366977,-3.600187503841614e-07,22,19,hbr,False,S22_D19 hbr,mild_master_28,,
834,ShortHbO,7.0,9.39022876281194e-18,0.00024308955210622152,0.0024262452693791787,6.844983971033758,16607.609978696964,22,19,hbr,True,S22_D19 hbr,mild_master_28,,
835,az_itd=0_az=15,7.0,9.39022876281194e-18,4.6419715118124186e-05,2.301930827291678e-09,8.883680943316977,0.02044961902324496,22,19,hbr,True,S22_D19 hbr,mild_master_28,,0.007010855673147319
836,az_itd=0_az=5,7.0,9.39022876281194e-18,0.0011715387804928125,2.302892431208454e-09,5.261411041431397,0.012116463664788954,22,19,hbr,True,S22_D19 hbr,mild_master_28,,0.03230528992046772
837,az_itd=15_az=0,7.0,9.39022876281194e-18,0.0590320781258067,2.2888879258888206e-09,2.251904162295284,0.005154356247336455,22,19,hbr,False,S22_D19 hbr,mild_master_28,,-0.01772285143691738
838,az_itd=5_az=0,7.0,9.39022876281194e-18,7.015891401403492e-05,2.341859655484575e-09,8.333555584538901,0.019516017610169828,22,19,hbr,True,S22_D19 hbr,mild_master_28,,-0.008769548015788144
839,constant,7.0,9.39022876281194e-18,0.8365244044132787,2.853702095345332e-09,-0.2141634778071369,-0.0006111587653646701,22,19,hbr,False,S22_D19 hbr,mild_master_28,,
847,Linear,7.0,2.721859966035327e-18,0.11224133678035851,1.8308414038556787e-13,-1.8158961931782336,-3.32461793557462e-07,22,20,hbr,False,S22_D20 hbr,mild_master_28,,
848,ShortHbO,7.0,2.721859966035327e-18,2.6883058480405283e-11,0.001306259627327473,71.74308192249633,93715.09145540444,22,20,hbr,True,S22_D20 hbr,mild_master_28,,
849,az_itd=0_az=15,7.0,2.721859966035327e-18,7.963419684422977e-07,1.2393303111358776e-09,16.301186407512066,0.02020255442230587,22,20,hbr,True,S22_D20 hbr,mild_master_28,,0.0022452359728676054
850,az_itd=0_az=5,7.0,2.721859966035327e-18,1.8568603958621806e-06,1.239848026467389e-09,14.397975736593468,0.017851301802140764,22,20,hbr,True,S22_D20 hbr,mild_master_28,,0.010958359187392035
851,az_itd=15_az=0,7.0,2.721859966035327e-18,0.0010863365603598005,1.2323081787320399e-09,5.330939699435372,0.00656936059194153,22,20,hbr,True,S22_D20 hbr,mild_master_28,,0.005887451659476058
852,az_itd=5_az=0,7.0,2.721859966035327e-18,4.289080570907663e-05,1.2608274849348905e-09,8.99243948822749,0.01133791486337106,22,20,hbr,True,S22_D20 hbr,mild_master_28,,-0.0008695302140526397
853,constant,7.0,2.721859966035327e-18,0.7238461250931039,1.5363969515428466e-09,-0.3678638437428583,-0.0005651848881093615,22,20,hbr,False,S22_D20 hbr,mild_master_28,,
903,Linear,7.0,2.5801556507866142e-17,0.41273909661936803,5.636905957132435e-13,-0.8707789250141165,-4.908498909757452e-07,23,9,hbr,False,S23_D9 hbr,mild_master_28,,
904,ShortHbO,7.0,2.5801556507866142e-17,1.1501625663038584e-05,0.004021791652372014,-10.981894317603404,-44166.89089376903,23,9,hbr,True,S23_D9 hbr,mild_master_28,,
905,az_itd=0_az=15,7.0,2.5801556507866142e-17,1.1381088152092139e-05,3.8157255997075506e-09,10.999283330324307,0.041970246981954985,23,9,hbr,True,S23_D9 hbr,mild_master_28,,0.05591270947720354
906,az_itd=0_az=5,7.0,2.5801556507866142e-17,1.415649477606914e-05,3.8173195731834345e-09,10.644119633230419,0.04063200621523656,23,9,hbr,True,S23_D9 hbr,mild_master_28,,0.10226700169920049
907,az_itd=15_az=0,7.0,2.5801556507866142e-17,0.5135431632141246,3.794105431026853e-09,0.688092706039217,0.0026106962730333572,23,9,hbr,False,S23_D9 hbr,mild_master_28,,0.007097674011490004
908,az_itd=5_az=0,7.0,2.5801556507866142e-17,3.295407634461853e-05,3.881912406928521e-09,9.363276904378292,0.036347420784613366,23,9,hbr,True,S23_D9 hbr,mild_master_28,,0.051356744288717726
909,constant,7.0,2.5801556507866142e-17,0.3115283462315903,4.730352454578133e-09,-1.0906782908259682,-0.0051592927301637006,23,9,hbr,False,S23_D9 hbr,mild_master_28,,
861,Linear,7.0,5.189738603094004e-18,0.893992953421234,2.528078634177029e-13,-0.1381749902452015,-3.493172406165133e-08,23,10,hbr,False,S23_D10 hbr,mild_master_28,,
862,ShortHbO,7.0,5.189738603094004e-18,6.9501731226666976e-09,0.0018037209818283905,-32.367683699298226,-58382.27022160899,23,10,hbr,True,S23_D10 hbr,mild_master_28,,
863,az_itd=0_az=15,7.0,5.189738603094004e-18,0.0016159238912131415,1.71130305097555e-09,4.971778485922436,0.008508219691733666,23,10,hbr,True,S23_D10 hbr,mild_master_28,,-0.004027360666185721
864,az_itd=0_az=5,7.0,5.189738603094004e-18,0.0050471961170829895,1.712017927242508e-09,4.021934090864996,0.006885623265748672,23,10,hbr,True,S23_D10 hbr,mild_master_28,,0.021340941825302853
865,az_itd=15_az=0,7.0,5.189738603094004e-18,0.15653779238130605,1.701606687948628e-09,1.586983879654701,0.0027004223832870996,23,10,hbr,False,S23_D10 hbr,mild_master_28,,-0.014163497572022232
866,az_itd=5_az=0,7.0,5.189738603094004e-18,0.1773778832719464,1.7409869687971718e-09,-1.4996856559074496,-0.002610933184226909,23,10,hbr,False,S23_D10 hbr,mild_master_28,,-0.005994855851807888
867,constant,7.0,5.189738603094004e-18,0.7078188385403301,2.1215012390643796e-09,-0.39044269040305607,-0.0008283246514737134,23,10,hbr,False,S23_D10 hbr,mild_master_28,,
875,Linear,7.0,2.18226017108225e-18,0.6190876607750833,1.6393477898270279e-13,0.5200166517115832,8.524881486566351e-08,23,11,hbr,False,S23_D11 hbr,mild_master_28,,
876,ShortHbO,7.0,2.18226017108225e-18,8.222197689814557e-09,0.0011696337151267382,-31.595173190394,-36954.779798753254,23,11,hbr,True,S23_D11 hbr,mild_master_28,,
877,az_itd=0_az=15,7.0,2.18226017108225e-18,0.24029393642391153,1.109704752223529e-09,1.2831250074888876,0.0014238899185072696,23,11,hbr,False,S23_D11 hbr,mild_master_28,,-0.003486941058130165
878,az_itd=0_az=5,7.0,2.18226017108225e-18,0.013482071988230909,1.1101683180368678e-09,3.2802683350751227,0.0036416499802599455,23,11,hbr,True,S23_D11 hbr,mild_master_28,,0.017668473989346765
879,az_itd=15_az=0,7.0,2.18226017108225e-18,1.9035194349728558e-05,1.103417087321555e-09,-10.178617373559652,-0.011231260335293767,23,11,hbr,True,S23_D11 hbr,mild_master_28,,-0.0080459052163034
880,az_itd=5_az=0,7.0,2.18226017108225e-18,0.027344257217892055,1.1289534672027306e-09,-2.7788299837763293,-0.0031371697449511945,23,11,hbr,True,S23_D11 hbr,mild_master_28,,-0.006694522344170044
881,constant,7.0,2.18226017108225e-18,0.8674421176605451,1.3757002335125756e-09,-0.17313921957759065,-0.00023818766480307655,23,11,hbr,False,S23_D11 hbr,mild_master_28,,
889,Linear,7.0,9.42048038271837e-18,0.9133974732179623,3.4060762111536814e-13,0.11274555500704478,3.84019952822814e-08,23,19,hbr,False,S23_D19 hbr,mild_master_28,,
890,ShortHbO,7.0,9.42048038271837e-18,8.014963060205434e-08,0.002430150330258372,-22.75643676814037,-55301.562327600084,23,19,hbr,True,S23_D19 hbr,mild_master_28,,
891,az_itd=0_az=15,7.0,9.42048038271837e-18,0.5555565904993651,2.3056358030967684e-09,-0.6189371138885599,-0.0014270435696468456,23,19,hbr,False,S23_D19 hbr,mild_master_28,,-0.016865181753026356
892,az_itd=0_az=5,7.0,9.42048038271837e-18,0.11581331541451885,2.306598954722626e-09,-1.794497031493167,-0.004139184977094994,23,19,hbr,False,S23_D19 hbr,mild_master_28,,0.011668028457870539
893,az_itd=15_az=0,7.0,9.42048038271837e-18,0.00021018474728647118,2.292571909041329e-09,-7.00731509009103,-0.0160647737333441,23,19,hbr,True,S23_D19 hbr,mild_master_28,,-0.04521993645624319
894,az_itd=5_az=0,7.0,9.42048038271837e-18,3.855453441772125e-05,2.3456288970532704e-09,9.140858400883838,0.02144106160898528,23,19,hbr,True,S23_D19 hbr,mild_master_28,,-0.010959001631177771
895,constant,7.0,9.42048038271837e-18,0.7269778968112788,2.8582951513541568e-09,-0.3634767174855279,-0.0010389237392190091,23,19,hbr,False,S23_D19 hbr,mild_master_28,,
945,Linear,7.0,7.435883124968383e-18,0.24594346076303214,3.0261058412110366e-13,1.2662156386435484,3.831702540332005e-07,24,9,hbr,False,S24_D9 hbr,mild_master_28,,
946,ShortHbO,7.0,7.435883124968383e-18,0.0004683676272795975,0.0021590509587937064,6.148192605145976,13274.261138988793,24,9,hbr,True,S24_D9 hbr,mild_master_28,,
947,az_itd=0_az=15,7.0,7.435883124968383e-18,5.77810023381119e-06,2.048426852167585e-09,-12.172217999887796,-0.024933898201407772,24,9,hbr,True,S24_D9 hbr,mild_master_28,,-0.037134863055015836
948,az_itd=0_az=5,7.0,7.435883124968383e-18,0.03992304044026459,2.0492825578477563e-09,2.5180696751674247,0.005160236264765969,24,9,hbr,True,S24_D9 hbr,mild_master_28,,0.020597106283655305
949,az_itd=15_az=0,7.0,7.435883124968383e-18,8.09577833443952e-05,2.036820322055114e-09,-8.149701864042308,-0.016599478375371814,24,9,hbr,True,S24_D9 hbr,mild_master_28,,-0.04972280875860971
950,az_itd=5_az=0,7.0,7.435883124968383e-18,6.127867247329023e-05,2.0839584514998503e-09,-8.510532802284645,-0.01773559676008779,24,9,hbr,True,S24_D9 hbr,mild_master_28,,0.0006115969335530468
951,constant,7.0,7.435883124968383e-18,0.8705227705206708,2.539433388217788e-09,-0.1690709243062481,-0.00042934435016012877,24,9,hbr,False,S24_D9 hbr,mild_master_28,,
917,Linear,7.0,4.3642615849092094e-18,0.10980303834114089,2.3183191522177634e-13,1.83088354523014,4.244572388387391e-07,24,10,hbr,False,S24_D10 hbr,mild_master_28,,
918,ShortHbO,7.0,4.3642615849092094e-18,2.455797018728231e-10,0.0016540628289400624,-52.27616702835771,-86468.06472106857,24,10,hbr,True,S24_D10 hbr,mild_master_28,,
919,az_itd=0_az=15,7.0,4.3642615849092094e-18,5.787252985522465e-05,1.5693129891969552e-09,-8.586267746721731,-0.013474541503653282,24,10,hbr,True,S24_D10 hbr,mild_master_28,,-0.017002805849914215
920,az_itd=0_az=5,7.0,4.3642615849092094e-18,8.178092794224762e-05,1.5699685508233812e-09,-8.136839498463413,-0.012774582115685053,24,10,hbr,True,S24_D10 hbr,mild_master_28,,0.015349365327351023
921,az_itd=15_az=0,7.0,4.3642615849092094e-18,5.49980402437027e-06,1.5604211518117278e-09,-12.261946261379553,-0.01913380030863539,24,10,hbr,True,S24_D10 hbr,mild_master_28,,-0.020568108137382073
922,az_itd=5_az=0,7.0,4.3642615849092094e-18,0.0009604532254154898,1.5965339760240226e-09,-5.445637544452917,-0.008694145360831112,24,10,hbr,True,S24_D10 hbr,mild_master_28,,-0.00987838891915631
923,constant,7.0,4.3642615849092094e-18,0.8003349008062305,1.945476255163138e-09,-0.2627144757811116,-0.0005111047745197839,24,10,hbr,False,S24_D10 hbr,mild_master_28,,
931,Linear,7.0,1.0004288467565584e-17,0.3383837271680314,3.5100308962694094e-13,1.0274796592715598,3.606485349331541e-07,24,19,hbr,False,S24_D19 hbr,mild_master_28,,
932,ShortHbO,7.0,1.0004288467565584e-17,1.599954064240302e-09,0.002504319402441383,-39.96500072336905,-100085.12673011702,24,19,hbr,True,S24_D19 hbr,mild_master_28,,
933,az_itd=0_az=15,7.0,1.0004288467565584e-17,0.00044038159985700494,2.3760046466116617e-09,-6.211305083315498,-0.014758089739480259,24,19,hbr,True,S24_D19 hbr,mild_master_28,,-0.01113914662631007
934,az_itd=0_az=5,7.0,1.0004288467565584e-17,0.01578291312885537,2.376997193975541e-09,-3.1665783190932895,-0.007526947778988534,24,19,hbr,True,S24_D19 hbr,mild_master_28,,0.03916872011531772
935,az_itd=15_az=0,7.0,1.0004288467565584e-17,1.8009650551399e-05,2.362542037756926e-09,-10.264273219037213,-0.024249776966998017,24,19,hbr,True,S24_D19 hbr,mild_master_28,,-0.050879618485912013
936,az_itd=5_az=0,7.0,1.0004288467565584e-17,0.01512266273981067,2.417218344345448e-09,3.1972889193876957,0.007728545428116372,24,19,hbr,True,S24_D19 hbr,mild_master_28,,0.0030454662132908482
937,constant,7.0,1.0004288467565584e-17,0.6114678971169507,2.9455313592387102e-09,-0.531571129031957,-0.0015657594302295559,24,19,hbr,False,S24_D19 hbr,mild_master_28,,
