,Condition,df,mse,p_value,se,t,theta,Source,Detector,Chroma,Significant,ch_name,ID,mean_hbo,mean_hbr
574,Linear,7.0,1.0273134328225549e-17,0.2577422296095363,3.4324159352439115e-13,1.2319480248130497,4.2285580317605737e-07,1,7,hbo,False,S1_D7 hbo,mild_master_46,,
575,ShortHbO,7.0,1.0273134328225549e-17,4.0206908913286006e-14,0.0034195367246087622,181.80186807811535,621678.1644955928,1,7,hbo,True,S1_D7 hbo,mild_master_46,,
576,az_itd=0_az=15,7.0,1.0273134328225549e-17,0.0028234605401521277,2.3919748856765528e-09,4.492541503577292,0.010746046449416463,1,7,hbo,True,S1_D7 hbo,mild_master_46,0.014823248315485042,
577,az_itd=0_az=5,7.0,1.0273134328225549e-17,1.3154576160369734e-05,2.41039332304922e-09,-10.762418654376601,-0.025941662064369733,1,7,hbo,True,S1_D7 hbo,mild_master_46,-0.09312749827220249,
578,az_itd=15_az=0,7.0,1.0273134328225549e-17,0.026382198753403644,2.3963022354191446e-09,-2.8037370999083544,-0.006718601480037979,1,7,hbo,True,S1_D7 hbo,mild_master_46,-0.013130388526638337,
579,az_itd=5_az=0,7.0,1.0273134328225549e-17,6.348048508442993e-07,2.4096313881599668e-09,-16.850111766204446,-0.040602558205849806,1,7,hbo,True,S1_D7 hbo,mild_master_46,-0.08008809278760738,
580,constant,7.0,1.0273134328225549e-17,0.9994637015792485,2.9443660064151887e-09,-0.0006965069862569357,-2.0507714935656123e-06,1,7,hbo,False,S1_D7 hbo,mild_master_46,,
588,Linear,7.0,9.538058977543517e-18,0.3855456343338234,3.3073368356925934e-13,0.9254089078817643,3.060638969115413e-07,1,8,hbo,False,S1_D8 hbo,mild_master_46,,
589,ShortHbO,7.0,9.538058977543517e-18,2.0059004277687664e-14,0.003294926950482908,200.79242434739973,661596.3704350478,1,8,hbo,True,S1_D8 hbo,mild_master_46,,
590,az_itd=0_az=15,7.0,9.538058977543517e-18,0.00035409426004033464,2.304810022648806e-09,6.438520877713385,0.014839567449987398,1,8,hbo,True,S1_D8 hbo,mild_master_46,0.03328140321537251,
591,az_itd=0_az=5,7.0,9.538058977543517e-18,9.431684800801085e-06,2.322557282167397e-09,-11.31359701588771,-0.026276477136757334,1,8,hbo,True,S1_D8 hbo,mild_master_46,-0.06830561209383955,
592,az_itd=15_az=0,7.0,9.538058977543517e-18,0.00814597755505598,2.3089796814182006e-09,-3.652954238057222,-0.008434597112824632,1,8,hbo,True,S1_D8 hbo,mild_master_46,-0.009661368967031741,
593,az_itd=5_az=0,7.0,9.538058977543517e-18,0.00010873823311856013,2.3218231125990322e-09,-7.781432253601484,-0.0180671092555355,1,8,hbo,True,S1_D8 hbo,mild_master_46,-0.05047207205853583,
594,constant,7.0,9.538058977543517e-18,0.8018181635718616,2.837071711149149e-09,-0.2607116072979857,-0.0007396575258333413,1,8,hbo,False,S1_D8 hbo,mild_master_46,,
854,Linear,7.0,8.754786165037434e-18,0.025479309996381046,3.1686275768694394e-13,-2.827996018204528,-8.960866170559835e-07,2,6,hbo,True,S2_D6 hbo,mild_master_46,,
855,ShortHbO,7.0,8.754786165037434e-18,1.0577885713530373e-12,0.0031567381605642026,113.93679366408423,359668.62445174437,2,6,hbo,True,S2_D6 hbo,mild_master_46,,
856,az_itd=0_az=15,7.0,8.754786165037434e-18,0.0012210462836716853,2.2081466025460746e-09,5.223548825972923,0.011534361593305646,2,6,hbo,True,S2_D6 hbo,mild_master_46,-0.007032045482655822,
857,az_itd=0_az=5,7.0,8.754786165037434e-18,0.000125542301029507,2.2251495444047884e-09,7.607058124268207,0.016926841919476143,2,6,hbo,True,S2_D6 hbo,mild_master_46,0.006837745491812364,
858,az_itd=15_az=0,7.0,8.754786165037434e-18,2.424737666724348e-05,2.2121413863915705e-09,9.811685420388333,0.021704835388695803,2,6,hbo,True,S2_D6 hbo,mild_master_46,0.04160278496540546,
859,az_itd=5_az=0,7.0,8.754786165037434e-18,7.598477093630613e-07,2.2244461658086587e-09,16.413347842378343,0.036510608676062324,2,6,hbo,True,S2_D6 hbo,mild_master_46,0.05720696054097609,
860,constant,7.0,8.754786165037434e-18,0.647281296532804,2.7180853079395626e-09,0.4779047996913041,0.0012989860146347333,2,6,hbo,False,S2_D6 hbo,mild_master_46,,
868,Linear,7.0,6.769047743123448e-18,0.026198682104358884,2.7861995307951007e-13,-2.8085964608115357,-7.825310141305881e-07,2,7,hbo,True,S2_D7 hbo,mild_master_46,,
869,ShortHbO,7.0,6.769047743123448e-18,3.8211317241989916e-14,0.0027757450720973047,183.12908021193343,508319.6419559862,2,7,hbo,True,S2_D7 hbo,mild_master_46,,
870,az_itd=0_az=15,7.0,6.769047743123448e-18,0.5811900549983644,1.9416409403402003e-09,-0.5782863042839389,-0.0011228243636357265,2,7,hbo,False,S2_D7 hbo,mild_master_46,-0.013300473638849895,
871,az_itd=0_az=5,7.0,6.769047743123448e-18,4.5730107382095055e-05,1.9565917628902234e-09,8.904182007286403,0.01742184917073191,2,7,hbo,True,S2_D7 hbo,mild_master_46,-0.013693240800915898,
872,az_itd=15_az=0,7.0,6.769047743123448e-18,1.6745030901162896e-07,1.9451535856751074e-09,20.454121863594416,0.03978640848480629,2,7,hbo,True,S2_D7 hbo,mild_master_46,0.044153796489457636,
873,az_itd=5_az=0,7.0,6.769047743123448e-18,4.0893746467042395e-07,1.955973276473955e-09,17.96578072672285,0.035140586992460726,2,7,hbo,True,S2_D7 hbo,mild_master_46,0.014582764963417084,
874,constant,7.0,6.769047743123448e-18,0.8879489711631912,2.3900341160081716e-09,-0.14611553774305744,-0.00034922112008478693,2,7,hbo,False,S2_D7 hbo,mild_master_46,,
882,Linear,7.0,8.836886757008771e-18,0.2526249943000388,3.1834502771936334e-13,1.2466422542076565,3.9686236297186603e-07,2,8,hbo,False,S2_D8 hbo,mild_master_46,,
883,ShortHbO,7.0,8.836886757008771e-18,9.51255749802848e-14,0.003171505242722283,160.75291274869485,509828.7055653634,2,8,hbo,True,S2_D8 hbo,mild_master_46,,
884,az_itd=0_az=15,7.0,8.836886757008771e-18,0.006276215791710147,2.2184762151519727e-09,-3.8519933978042813,-0.00854555573395123,2,8,hbo,True,S2_D8 hbo,mild_master_46,-0.010745505575029938,
885,az_itd=0_az=5,7.0,8.836886757008771e-18,1.3033919738933885e-05,2.2355586960242462e-09,-10.777352108826706,-0.024093403227002794,2,8,hbo,True,S2_D8 hbo,mild_master_46,-0.10158939353054912,
886,az_itd=15_az=0,7.0,8.836886757008771e-18,0.025178579287398476,2.2224896864204507e-09,-2.836277285897152,-0.006303597015735009,2,8,hbo,True,S2_D8 hbo,mild_master_46,-0.01527401379109319,
887,az_itd=5_az=0,7.0,8.836886757008771e-18,7.288686968639058e-06,2.2348520270540055e-09,-11.758089187227013,-0.026277589454356074,2,8,hbo,True,S2_D8 hbo,mild_master_46,-0.060732167225636645,
888,constant,7.0,8.836886757008771e-18,0.8556578721873418,2.730800391362206e-09,0.18873226705323803,0.0005153901487316588,2,8,hbo,False,S2_D8 hbo,mild_master_46,,
896,Linear,7.0,9.661412877270914e-18,0.03494435847853361,3.328654710726577e-13,-2.6093896297571577,-8.685757083212242e-07,3,5,hbo,True,S3_D5 hbo,mild_master_46,,
897,ShortHbO,7.0,9.661412877270914e-18,3.0285970543946773e-13,0.0033161648359678287,136.23514962632606,451778.21261363814,3,5,hbo,True,S3_D5 hbo,mild_master_46,,
898,az_itd=0_az=15,7.0,9.661412877270914e-18,0.0369457510789197,2.3196659791119194e-09,2.571152445137471,0.005964214854095817,3,5,hbo,True,S3_D5 hbo,mild_master_46,0.018232194821809395,
899,az_itd=0_az=5,7.0,9.661412877270914e-18,0.004076307636858373,2.3375276309284253e-09,4.19192025890147,0.009798729431830824,3,5,hbo,True,S3_D5 hbo,mild_master_46,0.01707993737954587,
900,az_itd=15_az=0,7.0,9.661412877270914e-18,2.9939218006209465e-05,2.323862513965909e-09,9.501538939225922,0.022080270165854527,3,5,hbo,True,S3_D5 hbo,mild_master_46,0.052253604073405575,
901,az_itd=5_az=0,7.0,9.661412877270914e-18,7.174230558085982e-07,2.336788729173443e-09,16.55171824401971,0.038677868641079714,3,5,hbo,True,S3_D5 hbo,mild_master_46,0.07921436795599172,
902,constant,7.0,9.661412877270914e-18,0.5086523174610207,2.8553584304055693e-09,0.6963707599745834,0.00198838812018136,3,5,hbo,False,S3_D5 hbo,mild_master_46,,
910,Linear,7.0,1.899393062097255e-17,0.016872701663027713,4.667193960507935e-13,-3.118771092079117,-1.4555909605158392e-06,3,6,hbo,True,S3_D6 hbo,mild_master_46,,
911,ShortHbO,7.0,1.899393062097255e-17,8.193428487293625e-14,0.004649681579949602,164.2187322057663,763564.8142198281,3,6,hbo,True,S3_D6 hbo,mild_master_46,,
912,az_itd=0_az=15,7.0,1.899393062097255e-17,0.0007503798666251833,3.2524644305157478e-09,5.680451668606381,0.01847546700140608,3,6,hbo,True,S3_D6 hbo,mild_master_46,0.062420434624950165,
913,az_itd=0_az=5,7.0,1.899393062097255e-17,4.561407733424307e-05,3.277508720394794e-09,8.907665796211532,0.029194952325445733,3,6,hbo,True,S3_D6 hbo,mild_master_46,0.09299438000825813,
914,az_itd=15_az=0,7.0,1.899393062097255e-17,5.431335759417705e-07,3.258348501958329e-09,17.237959672746932,0.05616728007651305,3,6,hbo,True,S3_D6 hbo,mild_master_46,0.1588877669379967,
915,az_itd=5_az=0,7.0,1.899393062097255e-17,1.1113598584913795e-07,3.276472686889382e-09,21.705510926359484,0.0711175137051959,3,6,hbo,True,S3_D6 hbo,mild_master_46,0.15343200418067876,
916,constant,7.0,1.899393062097255e-17,0.9208696453021481,4.003572848373145e-09,-0.10297650090029774,-0.0004122739230249047,3,6,hbo,False,S3_D6 hbo,mild_master_46,,
924,Linear,7.0,6.375204533751293e-18,0.011541633003736444,2.703930268746771e-13,-3.393665685640175,-9.176235369409732e-07,3,7,hbo,True,S3_D7 hbo,mild_master_46,,
925,ShortHbO,7.0,6.375204533751293e-18,1.6956140127142336e-14,0.0026937845031603895,205.67189418423214,554035.761289128,3,7,hbo,True,S3_D7 hbo,mild_master_46,,
926,az_itd=0_az=15,7.0,6.375204533751293e-18,0.0027518957911812133,1.884309307928709e-09,4.513977618752907,0.008505730042797971,3,7,hbo,True,S3_D7 hbo,mild_master_46,0.007169298346991834,
927,az_itd=0_az=5,7.0,6.375204533751293e-18,0.00023631507737055526,1.898818671378402e-09,6.87629925355568,0.013056845412636894,3,7,hbo,True,S3_D7 hbo,mild_master_46,-0.02692893821364252,
928,az_itd=15_az=0,7.0,6.375204533751293e-18,4.080752172817598e-08,1.8877182339368606e-09,25.086559875972547,0.04735635650462221,3,7,hbo,True,S3_D7 hbo,mild_master_46,0.06832837924995783,
929,az_itd=5_az=0,7.0,6.375204533751293e-18,6.547656243058835e-08,1.898218447265493e-09,23.43125729583717,0.044477644841582294,3,7,hbo,True,S3_D7 hbo,mild_master_46,0.02972280590120968,
930,constant,7.0,6.375204533751293e-18,0.8294830080568331,2.319462593466061e-09,-0.22356128124021957,-0.0005185420291840352,3,7,hbo,False,S3_D7 hbo,mild_master_46,,
938,Linear,7.0,1.3498436653052783e-17,0.007946417366184427,3.9345055522629454e-13,-3.671694767589999,-1.4446303449297657e-06,4,2,hbo,True,S4_D2 hbo,mild_master_46,,
939,ShortHbO,7.0,1.3498436653052783e-17,3.918645316516592e-14,0.003919742386402874,182.47089488800327,715238.9009773699,4,2,hbo,True,S4_D2 hbo,mild_master_46,,
940,az_itd=0_az=15,7.0,1.3498436653052783e-17,3.5304853178079465e-06,2.741870054830388e-09,13.095540564175497,0.035906270524729444,4,2,hbo,True,S4_D2 hbo,mild_master_46,0.07853204702433475,
941,az_itd=0_az=5,7.0,1.3498436653052783e-17,9.78343531413648e-06,2.762982718759801e-09,11.251708795835864,0.031088276959412145,4,2,hbo,True,S4_D2 hbo,mild_master_46,0.0020856148818326364,
942,az_itd=15_az=0,7.0,1.3498436653052783e-17,1.0721449159054645e-07,2.7468304040159245e-09,21.818656329421746,0.05993214858043014,4,2,hbo,True,S4_D2 hbo,mild_master_46,0.15057173871043678,
943,az_itd=5_az=0,7.0,1.3498436653052783e-17,1.8768760913492487e-07,2.7621093289641625e-09,20.11849301041772,0.05556947722877508,4,2,hbo,True,S4_D2 hbo,mild_master_46,0.06145937907280293,
944,constant,7.0,1.3498436653052783e-17,0.6741126086762086,3.3750642750443996e-09,-0.43868191573591037,-0.0014805796619083089,4,2,hbo,False,S4_D2 hbo,mild_master_46,,
952,Linear,7.0,1.9992012857448056e-17,0.004353439248785939,4.788248566711753e-13,-4.139215824071175,-1.9819594236919413e-06,4,3,hbo,True,S4_D3 hbo,mild_master_46,,
953,ShortHbO,7.0,1.9992012857448056e-17,2.3300704418205182e-14,0.004770281961548633,196.54030149418207,937552.6549350265,4,3,hbo,True,S4_D3 hbo,mild_master_46,,
954,az_itd=0_az=15,7.0,1.9992012857448056e-17,6.509464405165124e-07,3.33682471298088e-09,16.788455223610505,0.05602013228291648,4,3,hbo,True,S4_D3 hbo,mild_master_46,0.12162331312844189,
955,az_itd=0_az=5,7.0,1.9992012857448056e-17,6.31278908421052e-07,3.362518585173114e-09,16.863817795672823,0.05670490075492297,4,3,hbo,True,S4_D3 hbo,mild_master_46,0.05569066714909795,
956,az_itd=15_az=0,7.0,1.9992012857448056e-17,2.835843164432826e-08,3.34286140159716e-09,26.438240580898114,0.08837937396402398,4,3,hbo,True,S4_D3 hbo,mild_master_46,0.21584512294005706,
957,az_itd=5_az=0,7.0,1.9992012857448056e-17,2.3583403542284495e-07,3.3614556797122887e-09,19.4627127461596,0.06542304630318695,4,3,hbo,True,S4_D3 hbo,mild_master_46,0.09854643409408098,
958,constant,7.0,1.9992012857448056e-17,0.5506156031235871,4.107414886794741e-09,-0.6268997170380582,-0.0025749372302895316,4,3,hbo,False,S4_D3 hbo,mild_master_46,,
966,Linear,7.0,2.823957481744347e-16,0.9196977449038355,1.7996062919331383e-12,0.10450786518291422,1.8807301173967259e-07,5,1,hbo,False,S5_D1 hbo,mild_master_46,,
967,ShortHbO,7.0,2.823957481744347e-16,1.3688917206176108e-07,0.017928537570039763,21.060253606057167,377579.5480107613,5,1,hbo,True,S5_D1 hbo,mild_master_46,,
968,az_itd=0_az=15,7.0,2.823957481744347e-16,0.00046292706763028925,1.2541058938137351e-08,-6.160125157156608,-0.07725449266220363,5,1,hbo,True,S5_D1 hbo,mild_master_46,-0.07985164312184526,
969,az_itd=0_az=5,7.0,2.823957481744347e-16,0.0010548946259656027,1.263762630179246e-08,-5.358145649669766,-0.06771424239110149,5,1,hbo,True,S5_D1 hbo,mild_master_46,-0.17900226481950154,
970,az_itd=15_az=0,7.0,2.823957481744347e-16,1.0848605331061118e-05,1.2563747114544533e-08,-11.07868578254363,-0.1391898065333781,5,1,hbo,True,S5_D1 hbo,mild_master_46,-0.05668705501356036,
971,az_itd=5_az=0,7.0,2.823957481744347e-16,1.944551911545653e-05,1.2633631497996497e-08,10.145801792778887,0.12817832110168068,5,1,hbo,True,S5_D1 hbo,mild_master_46,0.06940722750831521,
972,constant,7.0,2.823957481744347e-16,0.2962770800828999,1.5437230483904885e-08,1.1285470676788225,0.01742164119569299,5,1,hbo,False,S5_D1 hbo,mild_master_46,,
980,Linear,7.0,1.3536707760409946e-17,0.014838568997488236,3.9400792090032983e-13,-3.210946853319328,-1.2651384937978046e-06,5,2,hbo,True,S5_D2 hbo,mild_master_46,,
981,ShortHbO,7.0,1.3536707760409946e-17,1.1144181235172182e-14,0.003925295129506733,218.3827800090815,857216.862737788,5,2,hbo,True,S5_D2 hbo,mild_master_46,,
982,az_itd=0_az=15,7.0,1.3536707760409946e-17,3.460077620833258e-07,2.7457542131596313e-09,18.408062855745513,0.05054401614227056,5,2,hbo,True,S5_D2 hbo,mild_master_46,0.08347455587708774,
983,az_itd=0_az=5,7.0,1.3536707760409946e-17,0.0001248339965362614,2.7668967854828833e-09,7.61386325099019,0.02106677375427101,5,2,hbo,True,S5_D2 hbo,mild_master_46,0.020770480494402555,
984,az_itd=15_az=0,7.0,1.3536707760409946e-17,1.1273207567163179e-07,2.7507215892214316e-09,21.660757256647017,0.05958271262474374,5,2,hbo,True,S5_D2 hbo,mild_master_46,0.17397026408199007,
985,az_itd=5_az=0,7.0,1.3536707760409946e-17,7.16153984171547e-05,2.76602215843523e-09,8.306957551846367,0.02297722865758792,5,2,hbo,True,S5_D2 hbo,mild_master_46,0.0783781572752472,
986,constant,7.0,1.3536707760409946e-17,0.842759743430981,3.3798454221277744e-09,-0.20585940030156374,-0.0006957729517112093,5,2,hbo,False,S5_D2 hbo,mild_master_46,,
994,Linear,7.0,1.792763788039785e-17,0.008878991386376203,4.534296983652486e-13,-3.588153058076855,-1.6269751588121328e-06,5,3,hbo,True,S5_D3 hbo,mild_master_46,,
995,ShortHbO,7.0,1.792763788039785e-17,7.382874009507864e-14,0.004517283262985608,166.68136614387802,752946.9455333162,5,3,hbo,True,S5_D3 hbo,mild_master_46,,
996,az_itd=0_az=15,7.0,1.792763788039785e-17,2.9562328032101163e-05,3.159851461394922e-09,9.519927028694829,0.030081555333994373,5,3,hbo,True,S5_D3 hbo,mild_master_46,0.10713076246492956,
997,az_itd=0_az=5,7.0,1.792763788039785e-17,7.097440296608649e-05,3.1841826224773986e-09,8.31858724162419,0.026487900938341944,5,3,hbo,True,S5_D3 hbo,mild_master_46,0.062227764117643775,
998,az_itd=15_az=0,7.0,1.792763788039785e-17,1.687101894902213e-07,3.1655679856318513e-09,20.431905638123393,0.06467858637349433,5,3,hbo,True,S5_D3 hbo,mild_master_46,0.1429899584266017,
999,az_itd=5_az=0,7.0,1.792763788039785e-17,1.9162254171235735e-07,3.183176089721678e-09,20.058033107514568,0.06384825139468618,5,3,hbo,True,S5_D3 hbo,mild_master_46,0.10957260565289594,
1000,constant,7.0,1.792763788039785e-17,0.8815510657473085,3.8895722877211835e-09,0.15453253241031575,0.0006010654556145397,5,3,hbo,False,S5_D3 hbo,mild_master_46,,
1008,Linear,7.0,1.594031790005199e-17,0.6847804096030203,4.275598492722084e-13,0.42329703699391563,1.80984817334491e-07,6,1,hbo,False,S6_D1 hbo,mild_master_46,,
1009,ShortHbO,7.0,1.594031790005199e-17,4.8716087082058154e-14,0.004259555468036855,176.8828764526236,753442.4235958604,6,1,hbo,True,S6_D1 hbo,mild_master_46,,
1010,az_itd=0_az=15,7.0,1.594031790005199e-17,0.003863972768126511,2.9795701945140273e-09,-4.235034406621723,-0.012618582290711486,6,1,hbo,True,S6_D1 hbo,mild_master_46,0.044339145106181664,
1011,az_itd=0_az=5,7.0,1.594031790005199e-17,4.955578855181119e-06,3.0025131724498514e-09,-12.453357048508133,-0.037391368579366875,6,1,hbo,True,S6_D1 hbo,mild_master_46,-0.0824693200578909,
1012,az_itd=15_az=0,7.0,1.594031790005199e-17,4.869253102639735e-06,2.984960569802444e-09,12.485909549054588,0.037269947682047756,6,1,hbo,True,S6_D1 hbo,mild_master_46,0.16029007364503717,
1013,az_itd=5_az=0,7.0,1.594031790005199e-17,0.0014143984710164783,3.001564066127802e-09,-5.090491314482133,-0.015279435808485248,6,1,hbo,True,S6_D1 hbo,mild_master_46,-0.0010771128372654942,
1014,constant,7.0,1.594031790005199e-17,0.9255615481782564,3.6676577362866543e-09,-0.09684814096247113,-0.00035520583344598767,6,1,hbo,False,S6_D1 hbo,mild_master_46,,
1022,Linear,7.0,1.392165481272021e-17,0.7804610189039386,3.995709044974374e-13,-0.2896697199955245,-1.1574359202413114e-07,6,2,hbo,False,S6_D2 hbo,mild_master_46,,
1023,ShortHbO,7.0,1.392165481272021e-17,4.8059104495463576e-14,0.0039807162295936414,177.22637252557692,705487.8974245727,6,2,hbo,True,S6_D2 hbo,mild_master_46,,
1024,az_itd=0_az=15,7.0,1.392165481272021e-17,0.9185465993055252,2.784521417673167e-09,-0.10601238071833158,-0.0002951937446487162,6,2,hbo,False,S6_D2 hbo,mild_master_46,0.05507353863844308,
1025,az_itd=0_az=5,7.0,1.392165481272021e-17,0.0042238895750811075,2.805962501211031e-09,-4.163381028057788,-0.011682291042983583,6,2,hbo,True,S6_D2 hbo,mild_master_46,-0.046924761284843325,
1026,az_itd=15_az=0,7.0,1.392165481272021e-17,5.067794124708127e-06,2.7895589279380795e-09,12.411992944968862,0.03462398573314234,6,2,hbo,True,S6_D2 hbo,mild_master_46,0.14713065654802757,
1027,az_itd=5_az=0,7.0,1.392165481272021e-17,0.48493683876135896,2.805075525335698e-09,-0.7372603768606062,-0.002068071038931459,6,2,hbo,False,S6_D2 hbo,mild_master_46,0.032435569160955934,
1028,constant,7.0,1.392165481272021e-17,0.8051853337980419,3.4275653375068668e-09,-0.25616924976554317,-0.0008780368410315148,6,2,hbo,False,S6_D2 hbo,mild_master_46,,
1064,Linear,7.0,9.797752835931917e-18,0.3147175392893086,3.3520590908459857e-13,-1.0829502791738017,-3.6301133282387404e-07,7,7,hbo,False,S7_D7 hbo,mild_master_46,,
1065,ShortHbO,7.0,9.797752835931917e-18,2.02221978334121e-12,0.00333948139749327,103.85767882906029,346830.78643647744,7,7,hbo,True,S7_D7 hbo,mild_master_46,,
1066,az_itd=0_az=15,7.0,9.797752835931917e-18,0.05232854939517104,2.3359759749039867e-09,2.3336935146241937,0.005451451982951362,7,7,hbo,False,S7_D7 hbo,mild_master_46,0.03573258040689236,
1067,az_itd=0_az=5,7.0,9.797752835931917e-18,0.001493630278223132,2.3539632152615106e-09,5.0417044250764755,0.011867986758851206,7,7,hbo,True,S7_D7 hbo,mild_master_46,-0.06213897020373178,
1068,az_itd=15_az=0,7.0,9.797752835931917e-18,4.677757284753994e-07,2.3402020163621276e-09,17.61742146607564,0.04122832523801164,7,7,hbo,True,S7_D7 hbo,mild_master_46,0.04404161011986578,
1069,az_itd=5_az=0,7.0,9.797752835931917e-18,0.07149078916013167,2.353219118153136e-09,2.122181910285438,0.0049939590434824365,7,7,hbo,False,S7_D7 hbo,mild_master_46,-0.01866938041075754,
1070,constant,7.0,9.797752835931917e-18,0.5746662707022498,2.875434977806841e-09,-0.5885309805044603,-0.001692282566865481,7,7,hbo,False,S7_D7 hbo,mild_master_46,,
1078,Linear,7.0,1.49230526785785e-17,0.10921828150409754,4.13692132965452e-13,1.8345255494352548,7.589287875254883e-07,7,8,hbo,False,S7_D8 hbo,mild_master_46,,
1079,ShortHbO,7.0,1.49230526785785e-17,1.416742577341573e-12,0.004121398653443114,109.27668023754298,450372.7627837434,7,8,hbo,True,S7_D8 hbo,mild_master_46,,
1080,az_itd=0_az=15,7.0,1.49230526785785e-17,4.514619205466905e-06,2.8829291412347676e-09,-12.62688465105156,-0.036402413723526546,7,8,hbo,True,S7_D8 hbo,mild_master_46,-0.0018956757417932873,
1081,az_itd=0_az=5,7.0,1.49230526785785e-17,1.1142874046244527e-06,2.9051279737374143e-09,-15.519050451729546,-0.04508482759316176,7,8,hbo,True,S7_D8 hbo,mild_master_46,-0.11778140685281129,
1082,az_itd=15_az=0,7.0,1.49230526785785e-17,0.0003002745429877105,2.888144682063368e-09,6.614359682371917,0.0191032277418968,7,8,hbo,True,S7_D8 hbo,mild_master_46,0.005679229328134079,
1083,az_itd=5_az=0,7.0,1.49230526785785e-17,5.739253563969274e-06,2.9042096512629163e-09,-12.184444344040534,-0.03538618085923838,7,8,hbo,True,S7_D8 hbo,mild_master_46,-0.0851180939412038,
1084,constant,7.0,1.49230526785785e-17,0.9336932715983697,3.5486988651866646e-09,-0.08623650797025914,-0.00030602739797171933,7,8,hbo,False,S7_D8 hbo,mild_master_46,,
1036,Linear,7.0,1.9089352665026005e-17,0.23652565303560946,4.678902838830771e-13,1.2945952507555851,6.057285393897142e-07,7,17,hbo,False,S7_D17 hbo,mild_master_46,,
1037,ShortHbO,7.0,1.9089352665026005e-17,7.064753146305105e-11,0.00466134652387956,62.48144918225814,291247.68595267634,7,17,hbo,True,S7_D17 hbo,mild_master_46,,
1038,az_itd=0_az=15,7.0,1.9089352665026005e-17,2.5898056410551115e-05,3.2606240893146967e-09,-9.713875845083148,-0.03167329758109027,7,17,hbo,True,S7_D17 hbo,mild_master_46,0.04956152367298475,
1039,az_itd=0_az=5,7.0,1.9089352665026005e-17,1.3019753100742653e-05,3.285731209353654e-09,-10.7791157811816,-0.03541727713146488,7,17,hbo,True,S7_D17 hbo,mild_master_46,0.014171774915557264,
1040,az_itd=15_az=0,7.0,1.9089352665026005e-17,0.015554188211210213,3.266522922491448e-09,-3.1770591565267368,-0.01037793656090593,7,17,hbo,True,S7_D17 hbo,mild_master_46,0.0738096591767198,
1041,az_itd=5_az=0,7.0,1.9089352665026005e-17,0.0009524947181530107,3.2846925766868712e-09,-5.4534448748423605,-0.017912889897765766,7,17,hbo,True,S7_D17 hbo,mild_master_46,0.06545034348745171,
1042,constant,7.0,1.9089352665026005e-17,0.7751463204614589,4.013616859343092e-09,0.296917685496353,0.0011917138283452922,7,17,hbo,False,S7_D17 hbo,mild_master_46,,
1050,Linear,7.0,1.1902236378790314e-17,0.37389852705603766,3.6945598957721054e-13,0.949687711711589,3.508678133197218e-07,7,18,hbo,False,S7_D18 hbo,mild_master_46,,
1051,ShortHbO,7.0,1.1902236378790314e-17,3.832189422109452e-12,0.003680697060964341,94.78807640129344,348886.1942247041,7,18,hbo,True,S7_D18 hbo,mild_master_46,,
1052,az_itd=0_az=15,7.0,1.1902236378790314e-17,2.791190350335288e-06,2.57465722425236e-09,-13.55846188591075,-0.03490839184431039,7,18,hbo,True,S7_D18 hbo,mild_master_46,0.02454386450685038,
1053,az_itd=0_az=5,7.0,1.1902236378790314e-17,0.00011351874422671593,2.5944823332553608e-09,-7.728885785833533,-0.02005245762709358,7,18,hbo,True,S7_D18 hbo,mild_master_46,0.004599561002799606,
1054,az_itd=15_az=0,7.0,1.1902236378790314e-17,0.2573163195770288,2.5793150667503506e-09,-1.2331615200739598,-0.0031807120884635295,7,18,hbo,False,S7_D18 hbo,mild_master_46,0.03044989286492531,
1055,az_itd=5_az=0,7.0,1.1902236378790314e-17,0.005266614916162594,2.5936622070998676e-09,-3.9884825390207506,-0.010344776425135845,7,18,hbo,True,S7_D18 hbo,mild_master_46,0.03887027492844336,
1056,constant,7.0,1.1902236378790314e-17,0.6368511487060355,3.1692361214385335e-09,0.49337077252903366,0.0015636084735610473,7,18,hbo,False,S7_D18 hbo,mild_master_46,,
1106,Linear,7.0,1.0492647087008649e-17,0.6222599125507705,3.4688934400653895e-13,-0.5152288249497968,-1.787273891000949e-07,8,6,hbo,False,S8_D6 hbo,mild_master_46,,
1107,ShortHbO,7.0,1.0492647087008649e-17,2.0786280997269597e-13,0.0034558773574785585,143.76351922303107,496829.09091430646,8,6,hbo,True,S8_D6 hbo,mild_master_46,,
1108,az_itd=0_az=15,7.0,1.0492647087008649e-17,0.042519065772102745,2.4173952534499355e-09,-2.4750210366428185,-0.005983104106169088,8,6,hbo,True,S8_D6 hbo,mild_master_46,0.03433038838612671,
1109,az_itd=0_az=5,7.0,1.0492647087008649e-17,0.00010269350100422997,2.4360094301067517e-09,-7.851736703015788,-0.019126904651261756,8,6,hbo,True,S8_D6 hbo,mild_master_46,-0.010976129917797868,
1110,az_itd=15_az=0,7.0,1.0492647087008649e-17,0.00045602583479538564,2.4217685914771867e-09,6.1754894490981185,0.01495560638482458,8,6,hbo,True,S8_D6 hbo,mild_master_46,0.09324127709480583,
1111,az_itd=5_az=0,7.0,1.0492647087008649e-17,0.0004656699116243962,2.4352393978644618e-09,6.154089866862573,0.014986682101782197,8,6,hbo,True,S8_D6 hbo,mild_master_46,0.07409183057943626,
1112,constant,7.0,1.0492647087008649e-17,0.8210722393983289,2.975656831076733e-09,0.23481624246670482,0.0006987325559438207,8,6,hbo,False,S8_D6 hbo,mild_master_46,,
1120,Linear,7.0,4.4492844423177755e-18,0.3117151199115192,2.2588818278746723e-13,-1.0902239480148157,-2.462687064484449e-07,8,7,hbo,False,S8_D7 hbo,mild_master_46,,
1121,ShortHbO,7.0,4.4492844423177755e-18,5.395184017387979e-14,0.0022504059859575006,174.3215604565275,392294.28313282185,8,7,hbo,True,S8_D7 hbo,mild_master_46,,
1122,az_itd=0_az=15,7.0,4.4492844423177755e-18,0.000305527888738212,1.5741648750979255e-09,6.595693201188481,0.010382708564233102,8,7,hbo,True,S8_D7 hbo,mild_master_46,0.026609704358341757,
1123,az_itd=0_az=5,7.0,4.4492844423177755e-18,0.0008721802478254941,1.5862860964952995e-09,-5.536557947611741,-0.008782564894737055,8,7,hbo,True,S8_D7 hbo,mild_master_46,-0.0035580753144842437,
1124,az_itd=15_az=0,7.0,4.4492844423177755e-18,6.446578359171913e-05,1.577012715185145e-09,8.443860130598125,0.013316074791198144,8,7,hbo,True,S8_D7 hbo,mild_master_46,0.047145757951934555,
1125,az_itd=5_az=0,7.0,4.4492844423177755e-18,1.4361351425454323e-05,1.5857846651688438e-09,10.621102296909033,0.016842781149627926,8,7,hbo,True,S8_D7 hbo,mild_master_46,0.026747581331730136,
1126,constant,7.0,4.4492844423177755e-18,0.9027214740773641,1.9376949041085735e-09,-0.1267248616240243,-0.00024555411859273604,8,7,hbo,False,S8_D7 hbo,mild_master_46,,
1134,Linear,7.0,8.314486780456827e-18,0.701173494925925,3.0879207773745253e-13,0.3998694610395792,1.2347652169816698e-07,8,8,hbo,False,S8_D8 hbo,mild_master_46,,
1135,ShortHbO,7.0,8.314486780456827e-18,3.340263414833062e-13,0.003076334191463388,134.3414635892271,413279.2377707731,8,8,hbo,True,S8_D8 hbo,mild_master_46,,
1136,az_itd=0_az=15,7.0,8.314486780456827e-18,0.02555498708341473,2.1519038157925947e-09,2.825928276655157,0.006081125841690423,8,8,hbo,True,S8_D8 hbo,mild_master_46,0.03668093326358636,
1137,az_itd=0_az=5,7.0,8.314486780456827e-18,1.801196279982107e-05,2.1684736827675858e-09,-10.264073920574555,-0.02225737417474704,8,8,hbo,True,S8_D8 hbo,mild_master_46,-0.07822864616991562,
1138,az_itd=15_az=0,7.0,8.314486780456827e-18,0.08421150182853432,2.1557968501547504e-09,2.0112407180081657,0.004335826404784982,8,8,hbo,False,S8_D8 hbo,mild_master_46,-0.006621063036137784,
1139,az_itd=5_az=0,7.0,8.314486780456827e-18,0.3514094034103863,2.167788219636101e-09,-0.9982451627048367,-0.0021639841040202675,8,8,hbo,False,S8_D8 hbo,mild_master_46,-0.03823975241191907,
1140,constant,7.0,8.314486780456827e-18,0.9759250085839674,2.648854083809814e-09,-0.031272741270919724,-8.283692842740342e-05,8,8,hbo,False,S8_D8 hbo,mild_master_46,,
1092,Linear,7.0,2.0888683785598222e-17,0.027705347474693547,4.894450762317776e-13,-2.7697181423029305,-1.3556249072999954e-06,8,16,hbo,True,S8_D16 hbo,mild_master_46,,
1093,ShortHbO,7.0,2.0888683785598222e-17,6.511400822495414e-13,0.004876085662195731,122.11835839350498,595459.5764534494,8,16,hbo,True,S8_D16 hbo,mild_master_46,,
1094,az_itd=0_az=15,7.0,2.0888683785598222e-17,4.850811815358953e-05,3.4108346784063733e-09,8.823637737917581,0.030095969586184452,8,16,hbo,True,S8_D16 hbo,mild_master_46,0.1392106039163543,
1095,az_itd=0_az=5,7.0,2.0888683785598222e-17,0.04628588884120899,3.4370984344720985e-09,2.4171434978215527,0.00830796013225687,8,16,hbo,True,S8_D16 hbo,mild_master_46,-0.018867275630438742,
1096,az_itd=15_az=0,7.0,2.0888683785598222e-17,1.3957974526959337e-08,3.417005259316737e-09,29.279681288090725,0.10004882495252387,8,16,hbo,True,S8_D16 hbo,mild_master_46,0.25783595537138937,
1097,az_itd=5_az=0,7.0,2.0888683785598222e-17,1.3155435214782485e-06,3.43601195402512e-09,15.145793017391458,0.05204112586094724,8,16,hbo,True,S8_D16 hbo,mild_master_46,0.09454031010189669,
1098,constant,7.0,2.0888683785598222e-17,0.586396242726912,4.198516355978082e-09,-0.5701580091077113,-0.0023938177267306265,8,16,hbo,False,S8_D16 hbo,mild_master_46,,
1176,Linear,7.0,1.2791533539357726e-17,0.22202388943742826,3.83009664844194e-13,1.340271510390349,5.133369419948294e-07,9,5,hbo,False,S9_D5 hbo,mild_master_46,,
1177,ShortHbO,7.0,1.2791533539357726e-17,1.176641605761936e-13,0.0038157252486993396,155.942021857582,595031.9101352,9,5,hbo,True,S9_D5 hbo,mild_master_46,,
1178,az_itd=0_az=15,7.0,1.2791533539357726e-17,4.826189315981731e-06,2.669109794858248e-09,-12.502394726453877,-0.03337026422356215,9,5,hbo,True,S9_D5 hbo,mild_master_46,-0.016214530240401946,
1179,az_itd=0_az=5,7.0,1.2791533539357726e-17,5.7488202318531065e-05,2.6896621977667193e-09,-8.595128580734771,-0.023117992428546626,9,5,hbo,True,S9_D5 hbo,mild_master_46,-0.06416478634261762,
1180,az_itd=15_az=0,7.0,1.2791533539357726e-17,0.0029594510995656353,2.6739385126064537e-09,-4.453410465116,-0.01190814575511829,9,5,hbo,True,S9_D5 hbo,mild_master_46,0.017295761667326125,
1181,az_itd=5_az=0,7.0,1.2791533539357726e-17,0.12067666921445502,2.6888119848785624e-09,1.766357991707907,0.004749404537690249,9,5,hbo,False,S9_D5 hbo,mild_master_46,0.011751683129203647,
1182,constant,7.0,1.2791533539357726e-17,0.9075968011836226,3.2855011122525345e-09,-0.12033772180973067,-0.00039536971885180617,9,5,hbo,False,S9_D5 hbo,mild_master_46,,
1190,Linear,7.0,9.758201761158602e-18,0.025015012353870048,3.345286537573606e-13,-2.8408252631051454,-9.50337450826464e-07,9,7,hbo,True,S9_D7 hbo,mild_master_46,,
1191,ShortHbO,7.0,9.758201761158602e-18,1.0538989661836567e-13,0.0033327342563917286,158.41631768721217,527959.488727607,9,7,hbo,True,S9_D7 hbo,mild_master_46,,
1192,az_itd=0_az=15,7.0,9.758201761158602e-18,4.15398879728209e-05,2.331256332050363e-09,9.036784881806753,0.02106706197708898,9,7,hbo,True,S9_D7 hbo,mild_master_46,0.06549578788865537,
1193,az_itd=0_az=5,7.0,9.758201761158602e-18,0.001220095592867111,2.3492072307026116e-09,5.224259702575054,0.012272868668357593,9,7,hbo,True,S9_D7 hbo,mild_master_46,-0.01486756657190974,
1194,az_itd=15_az=0,7.0,9.758201761158602e-18,5.7766226270371674e-09,2.335473835147416e-09,33.23934593318871,0.07762962272437589,9,7,hbo,True,S9_D7 hbo,mild_master_46,0.16465529362234552,
1195,az_itd=5_az=0,7.0,9.758201761158602e-18,8.71230883338651e-07,2.3484646369798188e-09,16.088331020748925,0.03778287647025429,9,7,hbo,True,S9_D7 hbo,mild_master_46,0.0924861832898242,
1196,constant,7.0,9.758201761158602e-18,0.5087921093166563,2.869625403440553e-09,-0.696133446844082,-0.0019976422232484115,9,7,hbo,False,S9_D7 hbo,mild_master_46,,
1148,Linear,7.0,1.0869604800446787e-17,0.5927179934426172,3.530655170101461e-13,-0.560342953079009,-1.9783777443183235e-07,9,15,hbo,False,S9_D15 hbo,mild_master_46,,
1149,ShortHbO,7.0,1.0869604800446787e-17,3.2367365740393966e-14,0.003517407343359687,187.52405596467955,659598.4915067567,9,15,hbo,True,S9_D15 hbo,mild_master_46,,
1150,az_itd=0_az=15,7.0,1.0869604800446787e-17,0.906570105784961,2.4604356395597036e-09,0.12168231469387367,0.0002993915037769262,9,15,hbo,False,S9_D15 hbo,mild_master_46,0.056556741622765506,
1151,az_itd=0_az=5,7.0,1.0869604800446787e-17,0.008154962934850593,2.4793812313416556e-09,-3.6521221766315137,-0.00905500317930681,9,15,hbo,True,S9_D15 hbo,mild_master_46,-0.0349035925097114,
1152,az_itd=15_az=0,7.0,1.0869604800446787e-17,0.00013837046495922555,2.464886842452873e-09,7.490806336117387,0.01846398997725836,9,15,hbo,True,S9_D15 hbo,mild_master_46,0.11956777331277973,
1153,az_itd=5_az=0,7.0,1.0869604800446787e-17,0.006686147361568817,2.478597489100979e-09,3.8032806272699826,0.009426801813097775,9,15,hbo,True,S9_D15 hbo,mild_master_46,0.003982537617064678,
1154,constant,7.0,1.0869604800446787e-17,0.9271917510859353,3.0286367559594895e-09,-0.09471982539696902,-0.0002868719447153255,9,15,hbo,False,S9_D15 hbo,mild_master_46,,
1162,Linear,7.0,1.1860036645258457e-17,0.13778232118005873,3.688004493951876e-13,-1.675306601652186,-6.178538275640507e-07,9,16,hbo,False,S9_D16 hbo,mild_master_46,,
1163,ShortHbO,7.0,1.1860036645258457e-17,1.0023366696589105e-13,0.0036741662565129723,159.55590235950356,586234.9124767665,9,16,hbo,True,S9_D16 hbo,mild_master_46,,
1164,az_itd=0_az=15,7.0,1.1860036645258457e-17,0.006677393996867738,2.570088909451551e-09,3.8042864705955806,0.009777354466454287,9,16,hbo,True,S9_D16 hbo,mild_master_46,0.08748888679166084,
1165,az_itd=0_az=5,7.0,1.1860036645258457e-17,0.6183525141380808,2.589878841989882e-09,-0.5211280667574405,-0.001349658554062186,9,16,hbo,False,S9_D16 hbo,mild_master_46,-0.053208380668580156,
1166,az_itd=15_az=0,7.0,1.1860036645258457e-17,4.443672238640683e-07,2.5747384873578042e-09,17.749686588437154,0.04570080119778778,9,16,hbo,True,S9_D16 hbo,mild_master_46,0.14241521453053152,
1167,az_itd=5_az=0,7.0,1.1860036645258457e-17,1.0518762241005633e-06,2.589060171016236e-09,15.650658078466963,0.04052049548115231,9,16,hbo,True,S9_D16 hbo,mild_master_46,0.02758742185319524,
1168,constant,7.0,1.1860036645258457e-17,0.6112068633621658,3.1636128220942763e-09,-0.5319683315261867,-0.001682941834564343,9,16,hbo,False,S9_D16 hbo,mild_master_46,,
28,Linear,7.0,7.59182864058456e-17,0.3081804422051461,9.330858951630386e-13,-1.0988599414630287,-1.0253307121388344e-06,10,6,hbo,False,S10_D6 hbo,mild_master_46,,
29,ShortHbO,7.0,7.59182864058456e-17,1.3546498205387349e-11,0.009295847432015012,79.13131167184494,735592.6003966994,10,6,hbo,True,S10_D6 hbo,mild_master_46,,
30,az_itd=0_az=15,7.0,7.59182864058456e-17,2.9076391864415842e-05,6.502469600178017e-09,9.544031374182989,0.06205977387377011,10,6,hbo,True,S10_D6 hbo,mild_master_46,0.1475598378807939,
31,az_itd=0_az=5,7.0,7.59182864058456e-17,0.8048746134016195,6.552539243390293e-09,0.2565881635835355,0.0016813040112705643,10,6,hbo,False,S10_D6 hbo,mild_master_46,-0.04293889706492005,
32,az_itd=15_az=0,7.0,7.59182864058456e-17,0.00039257974580117456,6.514233293985605e-09,-6.330269917062224,-0.04123685505364223,10,6,hbo,True,S10_D6 hbo,mild_master_46,-0.01640899045719075,
33,az_itd=5_az=0,7.0,7.59182864058456e-17,0.6523471799432752,6.550467959747496e-09,0.4704386726869824,0.0030815934524622175,10,6,hbo,False,S10_D6 hbo,mild_master_46,0.06064890400221114,
34,constant,7.0,7.59182864058456e-17,0.7766350280855587,8.004118506075832e-09,0.2948856901834122,0.002360300009973994,10,6,hbo,False,S10_D6 hbo,mild_master_46,,
0,Linear,7.0,1.063925878640415e-17,0.10245208413967512,3.4930444521584844e-13,1.8780960660207056,6.5602730440343e-07,10,14,hbo,False,S10_D14 hbo,mild_master_46,,
1,ShortHbO,7.0,1.063925878640415e-17,6.431335617289722e-15,0.0034799377494435374,236.22682964348135,822054.6619077184,10,14,hbo,True,S10_D14 hbo,mild_master_46,,
2,az_itd=0_az=15,7.0,1.063925878640415e-17,4.3072100137395877e-05,2.4342255605806033e-09,-8.986608834866287,-0.021875432928770987,10,14,hbo,True,S10_D14 hbo,mild_master_46,-0.014315293780158833,
3,az_itd=0_az=5,7.0,1.063925878640415e-17,0.00021501420751525105,2.4529693322259395e-09,-6.981764999468499,-0.01712605542850468,10,14,hbo,True,S10_D14 hbo,mild_master_46,-0.028237248838378998,
4,az_itd=15_az=0,7.0,1.063925878640415e-17,0.0005287905864006267,2.4386293465133345e-09,-6.02525795145599,-0.014693370860733395,10,14,hbo,True,S10_D14 hbo,mild_master_46,0.06258313602687454,
5,az_itd=5_az=0,7.0,1.063925878640415e-17,3.615012301003202e-07,2.452193938891325e-09,-18.291118134938962,-0.04485336902604252,10,14,hbo,True,S10_D14 hbo,mild_master_46,-0.024173780577511142,
6,constant,7.0,1.063925878640415e-17,0.8674938619386303,2.9963738480027063e-09,0.17307085961287696,0.0005185849975953723,10,14,hbo,False,S10_D14 hbo,mild_master_46,,
14,Linear,7.0,9.841601688795665e-18,0.625486014517916,3.3595516180787177e-13,0.5103730236950038,1.7146245175782778e-07,10,15,hbo,False,S10_D15 hbo,mild_master_46,,
15,ShortHbO,7.0,9.841601688795665e-18,8.782508686695128e-15,0.0033469458110479866,225.94144810253187,756213.7832688851,10,15,hbo,True,S10_D15 hbo,mild_master_46,,
16,az_itd=0_az=15,7.0,9.841601688795665e-18,0.06433405457563787,2.3411973517152646e-09,-2.1936200314843806,-0.005135697408380787,10,15,hbo,False,S10_D15 hbo,mild_master_46,0.03723891383039213,
17,az_itd=0_az=5,7.0,9.841601688795665e-18,0.0008661297474853336,2.3592247971779397e-09,-5.543162200419503,-0.013077565718009124,10,15,hbo,True,S10_D15 hbo,mild_master_46,-0.026548114452839403,
18,az_itd=15_az=0,7.0,9.841601688795665e-18,0.770486037407128,2.345432839227265e-09,0.30328769113771814,0.0007113409105278201,10,15,hbo,False,S10_D15 hbo,mild_master_46,0.10497710644538928,
19,az_itd=5_az=0,7.0,9.841601688795665e-18,0.0085929560575639,2.358479036862653e-09,-3.612725009085991,-0.008520536199878748,10,15,hbo,True,S10_D15 hbo,mild_master_46,0.005586176829032471,
20,constant,7.0,9.841601688795665e-18,0.9978613023706265,2.8818621541463045e-09,0.0027775951487114285,8.004646338611843e-06,10,15,hbo,False,S10_D15 hbo,mild_master_46,,
98,Linear,7.0,6.381441864393417e-18,0.12078710670654302,2.7052526721226034e-13,-1.7657316966719296,-4.776750390673316e-07,11,3,hbo,False,S11_D3 hbo,mild_master_46,,
99,ShortHbO,7.0,6.381441864393417e-18,2.5766284103374072e-14,0.0026951019445759167,193.73594553138744,522138.1235358962,11,3,hbo,True,S11_D3 hbo,mild_master_46,,
100,az_itd=0_az=15,7.0,6.381441864393417e-18,4.802851709757429e-05,1.8852308616457997e-09,8.837164352688445,0.016660094967124384,11,3,hbo,True,S11_D3 hbo,mild_master_46,0.024497649035478065,
101,az_itd=0_az=5,7.0,6.381441864393417e-18,0.0013167531373397252,1.8997473211480165e-09,5.154970794717611,0.009793141957861044,11,3,hbo,True,S11_D3 hbo,mild_master_46,0.03740359738254485,
102,az_itd=15_az=0,7.0,6.381441864393417e-18,4.461498566646487e-06,1.8886414548475595e-09,12.64908311772962,0.023889582741956576,11,3,hbo,True,S11_D3 hbo,mild_master_46,0.07572401094615834,
103,az_itd=5_az=0,7.0,6.381441864393417e-18,3.820348252086548e-05,1.8991468034852323e-09,9.153693561386971,0.01738420786719142,11,3,hbo,True,S11_D3 hbo,mild_master_46,0.022451736996215582,
104,constant,7.0,6.381441864393417e-18,0.6615079163679238,2.320596966345114e-09,-0.45701056596063966,-0.001060537332955924,11,3,hbo,False,S11_D3 hbo,mild_master_46,,
112,Linear,7.0,6.900741947197672e-18,0.07838757198573724,2.813172217773639e-13,-2.0598057238783953,-5.79458823642582e-07,11,4,hbo,False,S11_D4 hbo,mild_master_46,,
113,ShortHbO,7.0,6.900741947197672e-18,7.766407191571505e-15,0.0028026165513773747,229.94563445490866,644449.4410402986,11,4,hbo,True,S11_D4 hbo,mild_master_46,,
114,az_itd=0_az=15,7.0,6.900741947197672e-18,1.814954202815508e-05,1.9604376104026506e-09,10.252267587965294,0.02009893097135923,11,4,hbo,True,S11_D4 hbo,mild_master_46,0.019809353794080043,
115,az_itd=0_az=5,7.0,6.900741947197672e-18,5.997710365202548e-05,1.9755331691254633e-09,8.53889749249292,0.01686887522418201,11,4,hbo,True,S11_D4 hbo,mild_master_46,-0.007267298216495364,
116,az_itd=15_az=0,7.0,6.900741947197672e-18,4.0127989321408513e-07,1.963984261013217e-09,18.015295201036267,0.03538175623234217,11,4,hbo,True,S11_D4 hbo,mild_master_46,0.0820448261094196,
117,az_itd=5_az=0,7.0,6.900741947197672e-18,0.003365031536757682,1.9749086952555598e-09,4.347518245396081,0.008585951585614916,11,4,hbo,True,S11_D4 hbo,mild_master_46,-0.01282071665511513,
118,constant,7.0,6.900741947197672e-18,0.6820316966494611,2.41317159821883e-09,-0.4272503542645226,-0.0010310284202400793,11,4,hbo,False,S11_D4 hbo,mild_master_46,,
42,Linear,7.0,8.591110807557812e-18,0.12999762740835133,3.1388682448426755e-13,-1.7153300259492923,-5.384194947877397e-07,11,11,hbo,False,S11_D11 hbo,mild_master_46,,
43,ShortHbO,7.0,8.591110807557812e-18,4.803642506664283e-15,0.0031270904923662883,246.28361213179818,770151.1419229727,11,11,hbo,True,S11_D11 hbo,mild_master_46,,
44,az_itd=0_az=15,7.0,8.591110807557812e-18,2.872276645949754e-07,2.187407981072022e-09,18.913223311344144,0.041370935619031594,11,11,hbo,True,S11_D11 hbo,mild_master_46,0.07010537459100737,
45,az_itd=0_az=5,7.0,8.591110807557812e-18,0.02190580314769805,2.2042512335447386e-09,2.933791573447317,0.006466813694734408,11,11,hbo,True,S11_D11 hbo,mild_master_46,0.03223377962084561,
46,az_itd=15_az=0,7.0,8.591110807557812e-18,6.425303518842622e-07,2.1913652464348468e-09,16.820382185666293,0.036859600953420925,11,11,hbo,True,S11_D11 hbo,mild_master_46,0.09395015748276081,
47,az_itd=5_az=0,7.0,8.591110807557812e-18,0.7086758239127557,2.203554460987556e-09,0.38922985046221925,0.0008576891733355426,11,11,hbo,False,S11_D11 hbo,mild_master_46,0.03437040808972868,
48,constant,7.0,8.591110807557812e-18,0.6301053660539773,2.692557409442902e-09,-0.503443134302448,-0.0013555495414992146,11,11,hbo,False,S11_D11 hbo,mild_master_46,,
56,Linear,7.0,1.2182988276914012e-17,0.045588793432127475,3.7378798665834026e-13,-2.427480732295888,-9.073631355767934e-07,11,12,hbo,True,S11_D12 hbo,mild_master_46,,
57,ShortHbO,7.0,1.2182988276914012e-17,7.967859104688349e-15,0.003723854485324593,229.1058597210435,853156.8833363547,11,12,hbo,True,S11_D12 hbo,mild_master_46,,
58,az_itd=0_az=15,7.0,1.2182988276914012e-17,1.1292812988091041e-07,2.604845955508644e-09,21.655309877117492,0.056408746348695894,11,12,hbo,True,S11_D12 hbo,mild_master_46,0.04220060869737799,
59,az_itd=0_az=5,7.0,1.2182988276914012e-17,5.319398890165809e-06,2.624903520654614e-09,12.322916303171404,0.032346466388926756,11,12,hbo,True,S11_D12 hbo,mild_master_46,0.04934646270587725,
60,az_itd=15_az=0,7.0,1.2182988276914012e-17,2.5187289727671456e-07,2.6095584127934423e-09,19.27763049607211,0.050306102839748394,11,12,hbo,True,S11_D12 hbo,mild_master_46,0.12875220639222404,
61,az_itd=5_az=0,7.0,1.2182988276914012e-17,0.07025613478125835,2.624073778241131e-09,2.133979479388013,0.005599719595166744,11,12,hbo,False,S11_D12 hbo,mild_master_46,0.019913796745492006,
62,constant,7.0,1.2182988276914012e-17,0.4712849656089486,3.206396492402322e-09,-0.7614012478675022,-0.0024413542904731097,11,12,hbo,False,S11_D12 hbo,mild_master_46,,
70,Linear,7.0,2.171691400278217e-17,0.16505857571063481,4.990539322423421e-13,-1.550070117518655,-7.735685873990342e-07,11,13,hbo,False,S11_D13 hbo,mild_master_46,,
71,ShortHbO,7.0,2.171691400278217e-17,1.0922257284369803e-13,0.004971813676018939,157.6097783865245,783606.4516564368,11,13,hbo,True,S11_D13 hbo,mild_master_46,,
72,az_itd=0_az=15,7.0,2.171691400278217e-17,1.3600987337074888e-05,3.4777966745367146e-09,10.708488977374984,0.03724194735482778,11,13,hbo,True,S11_D13 hbo,mild_master_46,0.013727957881395214,
73,az_itd=0_az=5,7.0,2.171691400278217e-17,0.0001405515206947458,3.5045760444324432e-09,7.472253393999263,0.026187080242538834,11,13,hbo,True,S11_D13 hbo,mild_master_46,-0.05996138162540921,
74,az_itd=15_az=0,7.0,2.171691400278217e-17,8.062164030083326e-06,3.4840883971774757e-09,11.582296687180293,0.04035374550047197,11,13,hbo,True,S11_D13 hbo,mild_master_46,0.06106322318043794,
75,az_itd=5_az=0,7.0,2.171691400278217e-17,0.0020263910979330074,3.5034682340453333e-09,4.773964146491096,0.016725431737702898,11,13,hbo,True,S11_D13 hbo,mild_master_46,-0.07691697750840025,
76,constant,7.0,2.171691400278217e-17,0.6531538029392456,4.280942231896974e-09,-0.46925255497244517,-0.0020088430800070966,11,13,hbo,False,S11_D13 hbo,mild_master_46,,
84,Linear,7.0,6.4235308249389986e-18,0.7216643951019293,2.714159291368591e-13,0.3709248016022143,1.0067489966677009e-07,11,20,hbo,False,S11_D20 hbo,mild_master_46,,
85,ShortHbO,7.0,6.4235308249389986e-18,9.632745961002214e-14,0.002703975144146818,160.46476697103563,433892.7414009917,11,20,hbo,True,S11_D20 hbo,mild_master_46,,
86,az_itd=0_az=15,7.0,6.4235308249389986e-18,0.001081719724725403,1.8914376879613204e-09,5.334879205890907,0.010090591590743223,11,20,hbo,True,S11_D20 hbo,mild_master_46,-0.019725637285474877,
87,az_itd=0_az=5,7.0,6.4235308249389986e-18,0.00798972900346006,1.9060019406249372e-09,-3.6675843667190415,-0.006990422920372174,11,20,hbo,True,S11_D20 hbo,mild_master_46,-0.05453090402806538,
88,az_itd=15_az=0,7.0,6.4235308249389986e-18,0.5014931953598885,1.894859510005164e-09,-0.7085808799556075,-0.0013426612189917104,11,20,hbo,False,S11_D20 hbo,mild_master_46,0.01840415877200361,
89,az_itd=5_az=0,7.0,6.4235308249389986e-18,0.0002585814970840376,1.90539944585213e-09,-6.7769157362087675,-0.012912731488358765,11,20,hbo,True,S11_D20 hbo,mild_master_46,-0.05347011618293006,
90,constant,7.0,6.4235308249389986e-18,0.9899638907454089,2.3282371671350875e-09,-0.01303461936840625,-3.0347685272982313e-05,11,20,hbo,False,S11_D20 hbo,mild_master_46,,
154,Linear,7.0,7.746604024354122e-18,0.15265309319733422,2.98060279719144e-13,-1.6044346496057624,-4.782182404525803e-07,12,2,hbo,False,S12_D2 hbo,mild_master_46,,
155,ShortHbO,7.0,7.746604024354122e-18,1.2582797156270127e-14,0.002969418892918482,214.62715646802408,637317.9333495218,12,2,hbo,True,S12_D2 hbo,mild_master_46,,
156,az_itd=0_az=15,7.0,7.746604024354122e-18,3.16066832823449e-05,2.077116284729221e-09,9.423218408860757,0.019573120411604857,12,2,hbo,True,S12_D2 hbo,mild_master_46,0.038185538679965034,
157,az_itd=0_az=5,7.0,7.746604024354122e-18,0.00011901195819255653,2.0931102805002975e-09,7.671504923468417,0.016057305822220393,12,2,hbo,True,S12_D2 hbo,mild_master_46,-0.00024115694783574852,
158,az_itd=15_az=0,7.0,7.746604024354122e-18,4.094196825856502e-06,2.0808740200942032e-09,12.811300333194001,0.026658702026967608,12,2,hbo,True,S12_D2 hbo,mild_master_46,0.11320540951111563,
159,az_itd=5_az=0,7.0,7.746604024354122e-18,0.6118938844968724,2.0924486400391673e-09,-0.53092312230521,-0.0011109293652328853,12,2,hbo,False,S12_D2 hbo,mild_master_46,0.040040168120803396,
160,constant,7.0,7.746604024354122e-18,0.9069733669596935,2.5567954817378124e-09,-0.12115416129230197,-0.00030976641218589187,12,2,hbo,False,S12_D2 hbo,mild_master_46,,
168,Linear,7.0,1.223670947662118e-17,0.2505668034808192,3.7461119403167665e-13,-1.252624003034385,-4.692469734494495e-07,12,4,hbo,False,S12_D4 hbo,mild_master_46,,
169,ShortHbO,7.0,1.223670947662118e-17,3.995901730743409e-14,0.003732055670432109,181.96259079450465,679094.5187811486,12,4,hbo,True,S12_D4 hbo,mild_master_46,,
170,az_itd=0_az=15,7.0,1.223670947662118e-17,0.036349591067879064,2.610582705948781e-09,2.58231297570841,0.00674134159573151,12,4,hbo,True,S12_D4 hbo,mild_master_46,0.0346576542071789,
171,az_itd=0_az=5,7.0,1.223670947662118e-17,0.00021828618417979334,2.6306844446265624e-09,6.964818987128368,0.018322240969078325,12,4,hbo,True,S12_D4 hbo,mild_master_46,-0.016187630695690156,
172,az_itd=15_az=0,7.0,1.223670947662118e-17,3.853468118069254e-07,2.6153055416558987e-09,18.121863697446596,0.04739421055306493,12,4,hbo,True,S12_D4 hbo,mild_master_46,0.08545034669400682,
173,az_itd=5_az=0,7.0,1.223670947662118e-17,0.2128585114528736,2.629852874840084e-09,-1.3705055197916096,-0.0036042278812081683,12,4,hbo,False,S12_D4 hbo,mild_master_46,-0.03110054017656984,
174,constant,7.0,1.223670947662118e-17,0.7315138350196462,3.2134580602659194e-09,-0.35713642897827574,-0.0011476429363148273,12,4,hbo,False,S12_D4 hbo,mild_master_46,,
126,Linear,7.0,5.298131780746945e-18,0.03212850418297804,2.464959591955394e-13,-2.667229128144099,-6.57461202336162e-07,12,10,hbo,True,S12_D10 hbo,mild_master_46,,
127,ShortHbO,7.0,5.298131780746945e-18,3.8130050983193105e-14,0.0024557104990742106,183.1847970374088,449848.82935554313,12,10,hbo,True,S12_D10 hbo,mild_master_46,,
128,az_itd=0_az=15,7.0,5.298131780746945e-18,1.3832803615991398e-05,1.7177759191780003e-09,10.681270845746099,0.018348029845040678,12,10,hbo,True,S12_D10 hbo,mild_master_46,0.05545650665068045,
129,az_itd=0_az=5,7.0,5.298131780746945e-18,3.0061956041031503e-05,1.7310029594688968e-09,9.49560723334675,0.016436924222877486,12,10,hbo,True,S12_D10 hbo,mild_master_46,-0.009280994684767816,
130,az_itd=15_az=0,7.0,5.298131780746945e-18,2.9265948217755385e-06,1.7208835676847623e-09,13.46392155856194,0.02316984136672586,12,10,hbo,True,S12_D10 hbo,mild_master_46,0.09348894676445217,
131,az_itd=5_az=0,7.0,5.298131780746945e-18,1.871888429634187e-07,1.7304557825680946e-09,20.126259647758076,0.03482760238892987,12,10,hbo,True,S12_D10 hbo,mild_master_46,0.0595627829108701,
132,constant,7.0,5.298131780746945e-18,0.6662323057742934,2.114470788699672e-09,-0.4501211384637763,-0.0009517679986578954,12,10,hbo,False,S12_D10 hbo,mild_master_46,,
140,Linear,7.0,8.412146706591901e-18,0.2599387627993591,3.106002816306973e-13,-1.2257165887381618,-3.8070791766149063e-07,12,11,hbo,False,S12_D11 hbo,mild_master_46,,
141,ShortHbO,7.0,8.412146706591901e-18,9.458850163901567e-15,0.003094348382444854,223.55918533384968,691770.0035184871,12,11,hbo,True,S12_D11 hbo,mild_master_46,,
142,az_itd=0_az=15,7.0,8.412146706591901e-18,1.0008578717537975e-06,2.164504789516127e-09,15.76502986794798,0.0341234826560382,12,11,hbo,True,S12_D11 hbo,mild_master_46,0.044347237801469354,
143,az_itd=0_az=5,7.0,8.412146706591901e-18,0.0004581924809432153,2.1811716852044002e-09,6.170637916063159,0.01345922070216565,12,11,hbo,True,S12_D11 hbo,mild_master_46,0.004227164561788104,
144,az_itd=15_az=0,7.0,8.412146706591901e-18,1.557667117956904e-05,2.1684206204472286e-09,10.491796248055849,0.022750627329815167,12,11,hbo,True,S12_D11 hbo,mild_master_46,0.07534699934129913,
145,az_itd=5_az=0,7.0,8.412146706591901e-18,0.0008326668506598239,2.1804822081839837e-09,-5.580642336321931,-0.012168491324588271,12,11,hbo,True,S12_D11 hbo,mild_master_46,0.01105800955370946,
146,constant,7.0,8.412146706591901e-18,0.7324380580795976,2.6643650655101105e-09,-0.35584654209173355,-0.000948105095431788,12,11,hbo,False,S12_D11 hbo,mild_master_46,,
182,Linear,7.0,1.1804607885004099e-17,0.48177355934314414,3.679376319875511e-13,-0.742813182964869,-2.733089235492294e-07,13,1,hbo,False,S13_D1 hbo,mild_master_46,,
183,ShortHbO,7.0,1.1804607885004099e-17,5.770640552696957e-13,0.003665570457321651,124.24443504950085,455426.730604069,13,1,hbo,True,S13_D1 hbo,mild_master_46,,
184,az_itd=0_az=15,7.0,1.1804607885004099e-17,0.03979461221366195,2.564076125427332e-09,2.5202737226772625,0.006462173681858634,13,1,hbo,True,S13_D1 hbo,mild_master_46,-0.0014624381905973102,
185,az_itd=0_az=5,7.0,1.1804607885004099e-17,0.00042830178852417653,2.5838197589486254e-09,-6.239950316884636,-0.01612290692362426,13,1,hbo,True,S13_D1 hbo,mild_master_46,-0.06052851378776453,
186,az_itd=15_az=0,7.0,1.1804607885004099e-17,0.0001900367232,2.56871482553568e-09,7.121533572602882,0.018293188868495097,13,1,hbo,True,S13_D1 hbo,mild_master_46,0.08534849566144953,
187,az_itd=5_az=0,7.0,1.1804607885004099e-17,0.0011056382575738667,2.583003003275159e-09,-5.314669244454964,-0.013727806619841293,13,1,hbo,True,S13_D1 hbo,mild_master_46,8.05167965400661e-05,
188,constant,7.0,1.1804607885004099e-17,0.38799942268860205,3.1562114747846368e-09,0.920364351552812,0.0029048645273537063,13,1,hbo,False,S13_D1 hbo,mild_master_46,,
224,Linear,7.0,9.816378274299387e-18,0.1918552036006288,3.355243694897731e-13,-1.444396491582082,-4.846302221313184e-07,13,3,hbo,False,S13_D3 hbo,mild_master_46,,
225,ShortHbO,7.0,9.816378274299387e-18,7.451890886785178e-14,0.003342654052181318,166.45990094985714,556417.8624357408,13,3,hbo,True,S13_D3 hbo,mild_master_46,,
226,az_itd=0_az=15,7.0,9.816378274299387e-18,0.002665149012628906,2.3381952551591513e-09,-4.540800964967516,-0.01061727927090914,13,3,hbo,True,S13_D3 hbo,mild_master_46,0.022851692938325122,
227,az_itd=0_az=5,7.0,9.816378274299387e-18,6.072448816841991e-05,2.356199584188733e-09,-8.522525877811077,-0.020080771929536174,13,3,hbo,True,S13_D3 hbo,mild_master_46,-0.011434541292685452,
228,az_itd=15_az=0,7.0,9.816378274299387e-18,8.070427370268791e-08,2.342425311543159e-09,22.733759570427512,0.05325213384430594,13,3,hbo,True,S13_D3 hbo,mild_master_46,0.09052236929448472,
229,az_itd=5_az=0,7.0,9.816378274299387e-18,2.999848144718085e-06,2.355454780155271e-09,13.414827957834591,0.03159802063824206,13,3,hbo,True,S13_D3 hbo,mild_master_46,0.08355734839237466,
230,constant,7.0,9.816378274299387e-18,0.787680849483815,2.8781667679193307e-09,-0.27985098385797574,-0.0008054578017095548,13,3,hbo,False,S13_D3 hbo,mild_master_46,,
238,Linear,7.0,1.0596202293231913e-17,0.33140334383716696,3.485969207554724e-13,1.0435114917727342,3.637648928049246e-07,13,9,hbo,False,S13_D9 hbo,mild_master_46,,
239,ShortHbO,7.0,1.0596202293231913e-17,6.839073357949381e-11,0.0034728890527778084,62.77237144847507,218001.48162031136,13,9,hbo,True,S13_D9 hbo,mild_master_46,,
240,az_itd=0_az=15,7.0,1.0596202293231913e-17,7.4947338571427936e-06,2.4292949788208464e-09,-11.709258181142477,-0.028445242105166336,13,9,hbo,True,S13_D9 hbo,mild_master_46,0.04045317884100749,
241,az_itd=0_az=5,7.0,1.0596202293231913e-17,0.8122365117166993,2.4480007845109807e-09,-0.24667633831827954,-0.0006038638697234444,13,9,hbo,False,S13_D9 hbo,mild_master_46,0.01119428889115872,
242,az_itd=15_az=0,7.0,1.0596202293231913e-17,1.2557956262852292e-06,2.433689844780447e-09,-15.249417149074567,-0.03711235165452357,13,9,hbo,True,S13_D9 hbo,mild_master_46,0.03004510940695832,
243,az_itd=5_az=0,7.0,1.0596202293231913e-17,0.0008550407951012512,2.447226961754005e-09,5.555400715540126,0.01359532641441729,13,9,hbo,True,S13_D9 hbo,mild_master_46,0.047720762994975574,
244,constant,7.0,1.0596202293231913e-17,0.8519118504360423,2.9903046215186778e-09,0.19369979131426854,0.0005792213811542607,13,9,hbo,False,S13_D9 hbo,mild_master_46,,
196,Linear,7.0,9.556503619306047e-18,0.11921986193285677,3.310533145345832e-13,-1.7746713055831769,-5.875108179227268e-07,13,10,hbo,False,S13_D10 hbo,mild_master_46,,
197,ShortHbO,7.0,9.556503619306047e-18,8.985873863920083e-13,0.0032981112668503507,116.62415922544758,384639.4535283979,13,10,hbo,True,S13_D10 hbo,mild_master_46,,
198,az_itd=0_az=15,7.0,9.556503619306047e-18,3.703603589306248e-05,2.307037460279219e-09,9.197358518409242,0.021218650637588304,13,10,hbo,True,S13_D10 hbo,mild_master_46,0.06837523855046689,
199,az_itd=0_az=5,7.0,9.556503619306047e-18,1.6034228840985044e-05,2.324801871282444e-09,10.446053634422823,0.024285005036822953,13,10,hbo,True,S13_D10 hbo,mild_master_46,0.03045409738068704,
200,az_itd=15_az=0,7.0,9.556503619306047e-18,0.06375008081436825,2.311211148732083e-09,-2.1997973639900437,-0.0050841961926052365,13,10,hbo,False,S13_D10 hbo,mild_master_46,0.06571027461458702,
201,az_itd=5_az=0,7.0,9.556503619306047e-18,5.58141856662787e-07,2.3240669921905577e-09,17.169563276405448,0.039903215281021066,13,10,hbo,True,S13_D10 hbo,mild_master_46,0.06755389567249014,
202,constant,7.0,9.556503619306047e-18,0.8161374665850476,2.8398135424617056e-09,-0.24143539408432688,-0.0006856315017502502,13,10,hbo,False,S13_D10 hbo,mild_master_46,,
210,Linear,7.0,6.740661324106253e-18,0.10669870853143464,2.7803513434204537e-13,-1.85043662949071,-5.144863968718912e-07,13,11,hbo,False,S13_D11 hbo,mild_master_46,,
211,ShortHbO,7.0,6.740661324106253e-18,1.163046968394482e-13,0.0027699188284609614,156.20118971409795,432664.61641708255,13,11,hbo,True,S13_D11 hbo,mild_master_46,,
212,az_itd=0_az=15,7.0,6.740661324106253e-18,4.55769905952132e-07,1.9375654676729017e-09,17.68429066271482,0.03426447090836657,13,11,hbo,True,S13_D11 hbo,mild_master_46,0.05875280249473074,
213,az_itd=0_az=5,7.0,6.740661324106253e-18,0.03457316020607468,1.9524849086902278e-09,2.6167310241120667,0.005109127834680334,13,11,hbo,True,S13_D11 hbo,mild_master_46,-0.00897753611636348,
214,az_itd=15_az=0,7.0,6.740661324106253e-18,1.017740819333799e-05,1.941070740022539e-09,11.185324474004247,0.021711506054147636,13,11,hbo,True,S13_D11 hbo,mild_master_46,0.08049628804559984,
215,az_itd=5_az=0,7.0,6.740661324106253e-18,0.26173840840471724,1.9518677204668595e-09,1.2206442731708333,0.002382536154974881,13,11,hbo,False,S13_D11 hbo,mild_master_46,0.03875917603193264,
216,constant,7.0,6.740661324106253e-18,0.9233528095291517,2.385017473378049e-09,-0.0997325664070972,-0.00023786391354576345,13,11,hbo,False,S13_D11 hbo,mild_master_46,,
252,Linear,7.0,9.15488303386311e-18,0.3481231003438589,3.24022244546776e-13,-1.0055400166052695,-3.258173331620418e-07,14,1,hbo,False,S14_D1 hbo,mild_master_46,,
253,ShortHbO,7.0,9.15488303386311e-18,6.478824940547265e-14,0.0032280643888198406,169.82163035593305,548195.1574033139,14,1,hbo,True,S14_D1 hbo,mild_master_46,,
254,az_itd=0_az=15,7.0,9.15488303386311e-18,0.002182347453396855,2.2580394858275192e-09,4.710205136595009,0.010635829184779134,14,1,hbo,True,S14_D1 hbo,mild_master_46,0.05560686468731238,
255,az_itd=0_az=5,7.0,9.15488303386311e-18,7.268102977783784e-06,2.275426607700649e-09,-11.763053401743498,-0.026765964698130786,14,1,hbo,True,S14_D1 hbo,mild_master_46,-0.06634264851961864,
256,az_itd=15_az=0,7.0,9.15488303386311e-18,5.684505298241632e-08,2.2621245314717145e-09,23.914611744840336,0.0540978298886249,14,1,hbo,True,S14_D1 hbo,mild_master_46,0.13201663462148464,
257,az_itd=5_az=0,7.0,9.15488303386311e-18,0.002531730499280009,2.2747073363254077e-09,4.5839952118909775,0.010427247538168948,14,1,hbo,True,S14_D1 hbo,mild_master_46,0.009108756503519137,
258,constant,7.0,9.15488303386311e-18,0.7019703316810298,2.7795002125757276e-09,-0.3987370265188166,-0.0011082896499708642,14,1,hbo,False,S14_D1 hbo,mild_master_46,,
280,Linear,7.0,4.206488076425812e-18,0.2536413605971469,2.1963839286379067e-13,-1.243703698363923,-2.731650815074047e-07,14,2,hbo,False,S14_D2 hbo,mild_master_46,,
281,ShortHbO,7.0,4.206488076425812e-18,1.5873353218021018e-14,0.0021881425931511065,207.62019261075096,454302.5866498208,14,2,hbo,True,S14_D2 hbo,mild_master_46,,
282,az_itd=0_az=15,7.0,4.206488076425812e-18,5.971710731430625e-06,1.5306114689250621e-09,12.112644776155427,0.01853975301339874,14,2,hbo,True,S14_D2 hbo,mild_master_46,0.04277623611424274,
283,az_itd=0_az=5,7.0,4.206488076425812e-18,0.05297237850848672,1.5423973248933236e-09,-2.325388764374173,-0.0035866734095077162,14,2,hbo,False,S14_D2 hbo,mild_master_46,-0.02368508020157418,
284,az_itd=15_az=0,7.0,4.206488076425812e-18,1.8907344948557162e-07,1.5333805160357669e-09,20.097036103799855,0.03081640359163406,14,2,hbo,True,S14_D2 hbo,mild_master_46,0.11171100727129415,
285,az_itd=5_az=0,7.0,4.206488076425812e-18,0.06806918006262208,1.541909766981638e-09,2.155395274422583,0.0033234250253382476,14,2,hbo,False,S14_D2 hbo,mild_master_46,0.031233669554673278,
286,constant,7.0,4.206488076425812e-18,0.5060591666130254,1.8840834847885496e-09,-0.7007805697947112,-0.0013203290980109248,14,2,hbo,False,S14_D2 hbo,mild_master_46,,
294,Linear,7.0,1.6760658725002035e-17,0.07386990847083767,4.384236443083172e-13,2.100011805978832,9.206948290677303e-07,14,9,hbo,False,S14_D9 hbo,mild_master_46,,
295,ShortHbO,7.0,1.6760658725002035e-17,2.696538286516946e-11,0.004367785783929374,71.71171314616205,313221.40122102783,14,9,hbo,True,S14_D9 hbo,mild_master_46,,
296,az_itd=0_az=15,7.0,1.6760658725002035e-17,2.019670101246781e-07,3.0552775836526437e-09,-19.905615547546173,-0.06081718097122537,14,9,hbo,True,S14_D9 hbo,mild_master_46,-0.025565875284655728,
297,az_itd=0_az=5,7.0,1.6760658725002035e-17,0.013776623647953106,3.0788035157882996e-09,-3.2645994908807072,-0.010051060390164216,14,9,hbo,True,S14_D9 hbo,mild_master_46,-0.013892561243979562,
298,az_itd=15_az=0,7.0,1.6760658725002035e-17,3.920237965796456e-06,3.0608049220642363e-09,-12.894011334485572,-0.03946605335774549,14,9,hbo,True,S14_D9 hbo,mild_master_46,0.033276483205072906,
299,az_itd=5_az=0,7.0,1.6760658725002035e-17,4.512961629269036e-05,3.0778302937861464e-09,-8.922320844700938,-0.027461389386700143,14,9,hbo,True,S14_D9 hbo,mild_master_46,-0.00771163387643526,
300,constant,7.0,1.6760658725002035e-17,0.6767888433277263,3.760848624012526e-09,0.43481159122461366,0.0016352605745617852,14,9,hbo,False,S14_D9 hbo,mild_master_46,,
266,Linear,7.0,1.7432305599618392e-17,0.7686528110848896,4.4712179643512893e-13,0.30579726865353846,1.3672862410532584e-07,14,10,hbo,False,S14_D10 hbo,mild_master_46,,
267,ShortHbO,7.0,1.7432305599618392e-17,1.0233519156793452e-10,0.0044544409306103445,59.25468979394008,263946.5155487457,14,10,hbo,True,S14_D10 hbo,mild_master_46,,
268,az_itd=0_az=15,7.0,1.7432305599618392e-17,0.012306441654834594,3.1158930854789083e-09,-3.3466871813778627,-0.010427919447716177,14,10,hbo,True,S14_D10 hbo,mild_master_46,0.052450302953192106,
269,az_itd=0_az=5,7.0,1.7432305599618392e-17,0.06612686910223335,3.1398857628261822e-09,2.1750019807034446,0.006829257753329493,14,10,hbo,False,S14_D10 hbo,mild_master_46,0.015908669141169295,
270,az_itd=15_az=0,7.0,1.7432305599618392e-17,5.146719651700524e-05,3.1215300841038234e-09,-8.74339378663097,-0.027292766742135013,14,10,hbo,True,S14_D10 hbo,mild_master_46,0.05354690166153186,
271,az_itd=5_az=0,7.0,1.7432305599618392e-17,0.0023752244607831378,3.1388932324834826e-09,4.6379866823606175,0.014558145009610264,14,10,hbo,True,S14_D10 hbo,mild_master_46,0.061520224569673286,
272,constant,7.0,1.7432305599618392e-17,0.9986471290925677,3.835462376902566e-09,0.0017570152532246908,6.738965899387235e-06,14,10,hbo,False,S14_D10 hbo,mild_master_46,,
308,Linear,7.0,1.785830917133155e-17,0.34262651910649444,4.525521107453433e-13,1.0178620540156083,4.6063562099235423e-07,15,17,hbo,False,S15_D17 hbo,mild_master_46,,
309,ShortHbO,7.0,1.785830917133155e-17,2.359754144771695e-09,0.004508540315883788,37.7982810124843,170415.07381589015,15,17,hbo,True,S15_D17 hbo,mild_master_46,,
310,az_itd=0_az=15,7.0,1.785830917133155e-17,0.003500980181707614,3.1537357470223138e-09,-4.3151383559748595,-0.013608806086585015,15,17,hbo,True,S15_D17 hbo,mild_master_46,0.05649729744771329,
311,az_itd=0_az=5,7.0,1.785830917133155e-17,0.0025844556821587425,3.1780198165141403e-09,-4.566631773648104,-0.01451284627137679,15,17,hbo,True,S15_D17 hbo,mild_master_46,0.04218998333966041,
312,az_itd=15_az=0,7.0,1.785830917133155e-17,8.764456213611531e-07,3.159441207248841e-09,-16.07429232541728,-0.050785781550287144,15,17,hbo,True,S15_D17 hbo,mild_master_46,-0.013910540206018153,
313,az_itd=5_az=0,7.0,1.785830917133155e-17,0.024675667537832766,3.177015231845827e-09,-2.850361411165094,-0.009055641619537069,15,17,hbo,True,S15_D17 hbo,mild_master_46,0.04406838053808844,
314,constant,7.0,1.785830917133155e-17,0.5625455975465115,3.8820442398259155e-09,0.6077460512626566,0.0023592970575811415,15,17,hbo,False,S15_D17 hbo,mild_master_46,,
322,Linear,7.0,2.0859118728718677e-17,0.026841115095642295,4.890985825145649e-13,2.791739148716905,1.3654356603878562e-06,15,18,hbo,True,S15_D18 hbo,mild_master_46,,
323,ShortHbO,7.0,2.0859118728718677e-17,1.3936945450191392e-11,0.0048726337262613665,78.81042494328359,384014.33455963363,15,18,hbo,True,S15_D18 hbo,mild_master_46,,
324,az_itd=0_az=15,7.0,2.0859118728718677e-17,4.724139636740805e-06,3.408420040188704e-09,-12.54213746912322,-0.042748872696561226,15,18,hbo,True,S15_D18 hbo,mild_master_46,0.013894154421792523,
325,az_itd=0_az=5,7.0,2.0859118728718677e-17,4.6189685458833135e-07,3.434665203307214e-09,-17.649917607030783,-0.060621557846107954,15,18,hbo,True,S15_D18 hbo,mild_master_46,-0.016198685602780774,
326,az_itd=15_az=0,7.0,2.0859118728718677e-17,1.2341656021358292e-07,3.414586252748826e-09,-21.378649099110337,-0.07299924131616323,15,18,hbo,True,S15_D18 hbo,mild_master_46,-0.06512199428333898,
327,az_itd=5_az=0,7.0,2.0859118728718677e-17,4.441105505838041e-07,3.4335794920142564e-09,-17.751180590077773,-0.060950089633132566,15,18,hbo,True,S15_D18 hbo,mild_master_46,0.010056659134533115,
328,constant,7.0,2.0859118728718677e-17,0.3193439057039252,4.195544092879305e-09,1.0718509910638527,0.0044969980940047765,15,18,hbo,False,S15_D18 hbo,mild_master_46,,
336,Linear,7.0,3.104989672599026e-17,0.36492914348315436,5.967308711652912e-13,-0.9687782005857279,-5.780998596014647e-07,16,16,hbo,False,S16_D16 hbo,mild_master_46,,
337,ShortHbO,7.0,3.104989672599026e-17,5.790605668180353e-11,0.005944918002813345,64.28493485319133,382168.6665184202,16,16,hbo,True,S16_D16 hbo,mild_master_46,,
338,az_itd=0_az=15,7.0,3.104989672599026e-17,0.41041990764358605,4.158485697141587e-09,0.8753330842609883,0.0036400601111341523,16,16,hbo,False,S16_D16 hbo,mild_master_46,0.07392899247324651,
339,az_itd=0_az=5,7.0,3.104989672599026e-17,0.0029344045036407283,4.1905064381771984e-09,4.460466747945068,0.01869161462453912,16,16,hbo,True,S16_D16 hbo,mild_master_46,-0.02352553403736151,
340,az_itd=15_az=0,7.0,3.104989672599026e-17,0.03214499974776272,4.166008862254588e-09,-2.6668751374256354,-0.011110225457041621,16,16,hbo,True,S16_D16 hbo,mild_master_46,0.0256561174750817,
341,az_itd=5_az=0,7.0,3.104989672599026e-17,1.2122473333484489e-05,4.1891818024721645e-09,10.895491264002084,0.04564319373215197,16,16,hbo,True,S16_D16 hbo,mild_master_46,0.05573537933133438,
342,constant,7.0,3.104989672599026e-17,0.8139014467158961,5.1188262879124265e-09,0.24443856352619395,0.0012512385447574332,16,16,hbo,False,S16_D16 hbo,mild_master_46,,
350,Linear,7.0,3.834864815889607e-15,0.06744445793998326,6.631678377360033e-12,2.1616396187031874,1.4335298718998712e-05,16,18,hbo,False,S16_D18 hbo,mild_master_46,,
351,ShortHbO,7.0,3.834864815889607e-15,0.07201297748786721,0.06606794801389652,-2.1172533812073997,-139882.58632185712,16,18,hbo,False,S16_D18 hbo,mild_master_46,,
352,az_itd=0_az=15,7.0,3.834864815889607e-15,0.0024694738904431903,4.621470249467945e-08,-4.60501893313546,-0.21281957997722145,16,18,hbo,True,S16_D18 hbo,mild_master_46,-0.7931982790248298,
353,az_itd=0_az=5,7.0,3.834864815889607e-15,0.0002421051762607536,4.657056016220423e-08,6.849472912301034,0.31898379034170354,16,18,hbo,True,S16_D18 hbo,mild_master_46,0.49193087647194095,
354,az_itd=15_az=0,7.0,3.834864815889607e-15,4.4172024944668046e-07,4.6298310053497e-08,-17.765141109459037,-0.8224960112298602,16,18,hbo,True,S16_D18 hbo,mild_master_46,-0.4748021732063023,
355,az_itd=5_az=0,7.0,3.834864815889607e-15,0.002334611566227722,4.6555839023433916e-08,4.652641084613406,0.2166076093690767,16,18,hbo,True,S16_D18 hbo,mild_master_46,0.05431118456656094,
356,constant,7.0,3.834864815889607e-15,0.09024159640465988,5.688730255352917e-08,-1.9643337423399103,-0.11174564791659669,16,18,hbo,False,S16_D18 hbo,mild_master_46,,
364,Linear,7.0,1.7580955047577093e-17,0.06550266732584624,4.4902410704046623e-13,2.1814259805378504,9.79512852985882e-07,16,22,hbo,False,S16_D22 hbo,mild_master_46,,
365,ShortHbO,7.0,1.7580955047577093e-17,1.6684309015218816e-10,0.004473392657613387,55.250839627723614,247158.7003176336,16,22,hbo,True,S16_D22 hbo,mild_master_46,,
366,az_itd=0_az=15,7.0,1.7580955047577093e-17,0.0014930052343548412,3.129149868102485e-09,-5.042077954676746,-0.015777417566839185,16,22,hbo,True,S16_D22 hbo,mild_master_46,0.035992690687380854,
367,az_itd=0_az=5,7.0,1.7580955047577093e-17,4.598060960397276e-06,3.153244623954838e-09,-12.592608387241723,-0.03970757469863856,16,22,hbo,True,S16_D22 hbo,mild_master_46,-0.023700892447411786,
368,az_itd=15_az=0,7.0,1.7580955047577093e-17,3.305458293876212e-07,3.134810849727898e-09,-18.530879741663487,-0.05809080286916961,16,22,hbo,True,S16_D22 hbo,mild_master_46,-0.06812287267821572,
369,az_itd=5_az=0,7.0,1.7580955047577093e-17,1.4356999855508735e-06,3.152247870823153e-09,-14.952740784833884,-0.04713474530196313,16,22,hbo,True,S16_D22 hbo,mild_master_46,-0.03637433338574146,
370,constant,7.0,1.7580955047577093e-17,0.44309545641936443,3.851780616841048e-09,0.8127979712619764,0.0031307194711146075,16,22,hbo,False,S16_D22 hbo,mild_master_46,,
378,Linear,7.0,2.0304089053288125e-17,0.43094348986271713,4.825476232781393e-13,0.8356577840081492,4.0324467754700903e-07,16,23,hbo,False,S16_D23 hbo,mild_master_46,,
379,ShortHbO,7.0,2.0304089053288125e-17,6.214251494455647e-10,0.0048073699408897955,45.76717011821533,220019.71790589805,16,23,hbo,True,S16_D23 hbo,mild_master_46,,
380,az_itd=0_az=15,7.0,2.0304089053288125e-17,0.0004713063861907314,3.3627678515663274e-09,-6.141811574543423,-0.02065348651325259,16,23,hbo,True,S16_D23 hbo,mild_master_46,0.00855809975708921,
381,az_itd=0_az=5,7.0,2.0304089053288125e-17,0.0477298556441989,3.388661488428395e-09,-2.3962293933924785,-0.008120010262829228,16,23,hbo,True,S16_D23 hbo,mild_master_46,-0.0161217128070742,
382,az_itd=15_az=0,7.0,2.0304089053288125e-17,0.0003622853951737305,3.3688514742180575e-09,-6.414409248907626,-0.021609192054420398,16,23,hbo,True,S16_D23 hbo,mild_master_46,-0.04461701041915439,
383,az_itd=5_az=0,7.0,2.0304089053288125e-17,0.00024639514909344826,3.3875903190921656e-09,-6.830058066599002,-0.023137438585248134,16,23,hbo,True,S16_D23 hbo,mild_master_46,-0.02305461969147142,
384,constant,7.0,2.0304089053288125e-17,0.6621427037700574,4.139349208433367e-09,0.4560834820126994,0.0018878888002488014,16,23,hbo,False,S16_D23 hbo,mild_master_46,,
392,Linear,7.0,4.715451200875466e-17,0.15376470233830025,7.353770185907878e-13,-1.5993993559394732,-1.176161529906796e-06,17,15,hbo,False,S17_D15 hbo,mild_master_46,,
393,ShortHbO,7.0,4.715451200875466e-17,9.84487395638814e-13,0.007326177156107992,115.11227507922662,843332.9200730493,17,15,hbo,True,S17_D15 hbo,mild_master_46,,
394,az_itd=0_az=15,7.0,4.715451200875466e-17,0.1261115631430338,5.1246800887721285e-09,-1.7361669894555114,-0.008897300401646109,17,15,hbo,False,S17_D15 hbo,mild_master_46,0.08291259441316923,
395,az_itd=0_az=5,7.0,4.715451200875466e-17,0.17536169783580924,5.164140619831721e-09,1.5077081034159507,0.0077860166596997555,17,15,hbo,False,S17_D15 hbo,mild_master_46,-0.06906061152575516,
396,az_itd=15_az=0,7.0,4.715451200875466e-17,1.9018993852814477e-08,5.13395120745979e-09,28.004365068379375,0.14377304385695105,17,15,hbo,True,S17_D15 hbo,mild_master_46,0.33832950102957826,
397,az_itd=5_az=0,7.0,4.715451200875466e-17,2.660628142810032e-05,5.162508214500345e-09,9.674055983128342,0.049942393480436276,17,15,hbo,True,S17_D15 hbo,mild_master_46,0.04424623557506876,
398,constant,7.0,4.715451200875466e-17,0.5256438082347047,6.3081489431548245e-09,-0.6678248854524976,-0.0042127388453796644,17,15,hbo,False,S17_D15 hbo,mild_master_46,,
406,Linear,7.0,4.2544356722340896e-17,0.24347598110704122,6.985048192838252e-13,-1.273559416807139,-8.895873902840844e-07,17,16,hbo,False,S17_D16 hbo,mild_master_46,,
407,ShortHbO,7.0,4.2544356722340896e-17,3.1720006692145342e-12,0.006958838692396156,97.38501727992536,677686.626307213,17,16,hbo,True,S17_D16 hbo,mild_master_46,,
408,az_itd=0_az=15,7.0,4.2544356722340896e-17,0.06418065000904677,4.8677258723081285e-09,2.195237276729661,0.010685813287792209,17,16,hbo,False,S17_D16 hbo,mild_master_46,0.04757266827159504,
409,az_itd=0_az=5,7.0,4.2544356722340896e-17,0.001777942609969299,4.905207831112667e-09,-4.887682996695546,-0.023975100911387222,17,16,hbo,True,S17_D16 hbo,mild_master_46,-0.15260631440359287,
410,az_itd=15_az=0,7.0,4.2544356722340896e-17,1.1496362356853185e-07,4.8765321321174075e-09,21.59938318573428,0.10533008613914967,17,16,hbo,True,S17_D16 hbo,mild_master_46,0.1753583913066989,
411,az_itd=5_az=0,7.0,4.2544356722340896e-17,9.694913398632606e-06,4.903657275462755e-09,11.267042826640855,0.05524971652980788,17,16,hbo,True,S17_D16 hbo,mild_master_46,-0.01439767410902025,
412,constant,7.0,4.2544356722340896e-17,0.5972595859807028,5.991854961687012e-09,-0.5533280669003059,-0.0033154615230972804,17,16,hbo,False,S17_D16 hbo,mild_master_46,,
420,Linear,7.0,1.9532747991647943e-17,0.6210288006333404,4.732930199153406e-13,0.5170853716642113,2.4473289710900083e-07,17,17,hbo,False,S17_D17 hbo,mild_master_46,,
421,ShortHbO,7.0,1.9532747991647943e-17,3.539958236379883e-11,0.0047151711611736384,68.97383090739811,325223.41837023053,17,17,hbo,True,S17_D17 hbo,mild_master_46,,
422,az_itd=0_az=15,7.0,1.9532747991647943e-17,0.00017993161505784657,3.298274563927691e-09,-7.184074934146523,-0.02369505162064598,17,17,hbo,True,S17_D17 hbo,mild_master_46,0.023001618726368068,
423,az_itd=0_az=5,7.0,1.9532747991647943e-17,0.6933944193805293,3.323671596253297e-09,-0.4109552361093507,-0.001365880245588216,17,17,hbo,False,S17_D17 hbo,mild_master_46,-0.023033913613514662,
424,az_itd=15_az=0,7.0,1.9532747991647943e-17,0.042763239356338606,3.3042415110184306e-09,-2.4711122836516317,-0.008165151786029274,17,17,hbo,True,S17_D17 hbo,mild_master_46,-0.006615407940074734,
425,az_itd=5_az=0,7.0,1.9532747991647943e-17,0.06793923537158404,3.3226209704797398e-09,-2.1566893749469367,-0.007165861344009534,17,17,hbo,False,S17_D17 hbo,mild_master_46,0.014779257204577656,
426,constant,7.0,1.9532747991647943e-17,0.823278970860408,4.059962152615075e-09,0.2318600804230714,0.0009413431512199573,17,17,hbo,False,S17_D17 hbo,mild_master_46,,
434,Linear,7.0,4.4025124473494215e-17,0.054038989789373854,7.105566730499163e-13,-2.311854092952864,-1.642703352865419e-06,17,21,hbo,False,S17_D21 hbo,mild_master_46,,
435,ShortHbO,7.0,4.4025124473494215e-17,1.974728774730756e-12,0.007078905016904216,104.21107453737646,737700.2983596135,17,21,hbo,True,S17_D21 hbo,mild_master_46,,
436,az_itd=0_az=15,7.0,4.4025124473494215e-17,0.07396870420137917,4.951712580440829e-09,2.0991066453901563,0.010394172783665384,17,21,hbo,False,S17_D21 hbo,mild_master_46,0.04177391913195275,
437,az_itd=0_az=5,7.0,4.4025124473494215e-17,0.007967508429188664,4.9898412450001574e-09,3.669690136649827,0.01831117120022557,17,21,hbo,True,S17_D21 hbo,mild_master_46,-0.08853742428537062,
438,az_itd=15_az=0,7.0,4.4025124473494215e-17,7.284015939085308e-09,4.960670781586113e-09,32.150184946805076,0.15948648308820562,17,21,hbo,True,S17_D21 hbo,mild_master_46,0.25617825242657455,
439,az_itd=5_az=0,7.0,4.4025124473494215e-17,4.478319347917967e-06,4.9882639363924524e-09,12.642021537239328,0.06306174011730761,17,21,hbo,True,S17_D21 hbo,mild_master_46,0.035715455038588605,
440,constant,7.0,4.4025124473494215e-17,0.47466032484765763,6.095237154325166e-09,-0.7553893035987052,-0.004604276949274641,17,21,hbo,False,S17_D21 hbo,mild_master_46,,
448,Linear,7.0,2.3035416800599277e-17,0.5882284706753671,5.139802881157875e-13,-0.5673071822614241,-2.9158470898888227e-07,17,22,hbo,False,S17_D22 hbo,mild_master_46,,
449,ShortHbO,7.0,2.3035416800599277e-17,1.259854009207636e-10,0.0051205171636986724,57.51748175296457,294519.2525287803,17,22,hbo,True,S17_D22 hbo,mild_master_46,,
450,az_itd=0_az=15,7.0,2.3035416800599277e-17,0.0005938656370835155,3.5818151532337464e-09,-5.909328459573401,-0.021166122221935438,17,22,hbo,True,S17_D22 hbo,mild_master_46,0.008426350191402818,
451,az_itd=0_az=5,7.0,2.3035416800599277e-17,3.978273376712824e-05,3.609395475450067e-09,9.096972787815686,0.032834572420634325,17,22,hbo,True,S17_D22 hbo,mild_master_46,-0.020528142462446452,
452,az_itd=15_az=0,7.0,2.3035416800599277e-17,0.7084957427683874,3.5882950569209343e-09,0.38948465528192283,0.0013975858632946777,17,22,hbo,False,S17_D22 hbo,mild_master_46,0.029322951193850838,
453,az_itd=5_az=0,7.0,2.3035416800599277e-17,0.00019150980525308017,3.608254531225089e-09,7.112730042473121,0.02566454040513446,17,22,hbo,True,S17_D22 hbo,mild_master_46,0.015778271989600107,
454,constant,7.0,2.3035416800599277e-17,0.991551623666008,4.408982235388874e-09,0.010972412575249259,4.8377172123631464e-05,17,22,hbo,False,S17_D22 hbo,mild_master_46,,
462,Linear,7.0,1.1130367252467895e-16,0.9806707635224152,1.1298041698899034e-12,-0.02510647592722014,-2.8365401193813796e-08,18,15,hbo,False,S18_D15 hbo,mild_master_46,,
463,ShortHbO,7.0,1.1130367252467895e-16,1.7222416967530766e-11,0.011255648859117956,76.46060873525927,860613.7634784854,18,15,hbo,True,S18_D15 hbo,mild_master_46,,
464,az_itd=0_az=15,7.0,1.1130367252467895e-16,0.0020957596419631176,7.87335582602478e-09,-4.744956982855778,-0.037358734705204504,18,15,hbo,True,S18_D15 hbo,mild_master_46,-0.08656205376146962,
465,az_itd=0_az=5,7.0,1.1130367252467895e-16,0.0004692817973306549,7.933981425424978e-09,-6.146202839738895,-0.04876385916738265,18,15,hbo,True,S18_D15 hbo,mild_master_46,-0.2052624126284965,
466,az_itd=15_az=0,7.0,1.1130367252467895e-16,0.0005896978138840997,7.887599606137648e-09,5.916317827432731,0.04666554616544354,18,15,hbo,True,S18_D15 hbo,mild_master_46,0.12006987399883105,
467,az_itd=5_az=0,7.0,1.1130367252467895e-16,0.0005695772864378806,7.931473462429515e-09,-5.950855459717699,-0.047199052157504716,18,15,hbo,True,S18_D15 hbo,mild_master_46,-0.10275180696666666,
468,constant,7.0,1.1130367252467895e-16,0.7215625210507054,9.691590572031222e-09,0.3710678254549128,0.00359623743876296,18,15,hbo,False,S18_D15 hbo,mild_master_46,,
476,Linear,7.0,7.727914138335255e-17,0.2824465478357361,9.414116538938118e-13,-1.1642950535474648,-1.0960809319805028e-06,18,16,hbo,False,S18_D16 hbo,mild_master_46,,
477,ShortHbO,7.0,7.727914138335255e-17,5.497902444202051e-11,0.009378792617788624,64.76377486828756,607406.0136348199,18,16,hbo,True,S18_D16 hbo,mild_master_46,,
478,az_itd=0_az=15,7.0,7.727914138335255e-17,0.0032951679079454167,6.56048997464291e-09,-4.3647227541059115,-0.028634719870407627,18,16,hbo,True,S18_D16 hbo,mild_master_46,0.03928418080905312,
479,az_itd=0_az=5,7.0,7.727914138335255e-17,0.00014278048120743472,6.611006380335771e-09,-7.453625347989826,-0.04927596473219317,18,16,hbo,True,S18_D16 hbo,mild_master_46,-0.18073724853309836,
480,az_itd=15_az=0,7.0,7.727914138335255e-17,4.890055831910934e-07,6.572358633788558e-09,17.503832980526177,0.11504146781395413,18,16,hbo,True,S18_D16 hbo,mild_master_46,0.1265900465852502,
481,az_itd=5_az=0,7.0,7.727914138335255e-17,0.00024411944410620485,6.6089166149990995e-09,6.840309297552731,0.04520703376832907,18,16,hbo,True,S18_D16 hbo,mild_master_46,-0.09666030845853671,
482,constant,7.0,7.727914138335255e-17,0.8899106728482499,8.07553782543277e-09,0.14353714255913347,0.001159139624090818,18,16,hbo,False,S18_D16 hbo,mild_master_46,,
490,Linear,7.0,5.630618724615052e-17,0.5403887579508135,8.035751281903494e-13,-0.643519185098578,-5.17116011658539e-07,18,21,hbo,False,S18_D21 hbo,mild_master_46,,
491,ShortHbO,7.0,5.630618724615052e-17,4.991311075108363e-12,0.00800559930285322,91.27388475999344,730702.1482033087,18,21,hbo,True,S18_D21 hbo,mild_master_46,,
492,az_itd=0_az=15,7.0,5.630618724615052e-17,8.239470727724266e-05,5.59993765804797e-09,-8.127343480163239,-0.04551261681445676,18,21,hbo,True,S18_D21 hbo,mild_master_46,-0.04085180543849478,
493,az_itd=0_az=5,7.0,5.630618724615052e-17,0.1858522074892955,5.643057718238914e-09,-1.4668478084926186,-0.008277506847196109,18,21,hbo,False,S18_D21 hbo,mild_master_46,-0.167345167273445,
494,az_itd=15_az=0,7.0,5.630618724615052e-17,9.800182918641975e-07,5.610068570762896e-09,15.813673167368952,0.0887157908245731,18,21,hbo,True,S18_D21 hbo,mild_master_46,0.1276176855741027,
495,az_itd=5_az=0,7.0,5.630618724615052e-17,0.8020544167687179,5.641273925313302e-09,-0.26039270110816026,-0.0014689465551033646,18,21,hbo,False,S18_D21 hbo,mild_master_46,-0.07284934546817157,
496,constant,7.0,5.630618724615052e-17,0.8876633530051382,6.893160198769036e-09,0.1464910365713637,0.0010097861827701436,18,21,hbo,False,S18_D21 hbo,mild_master_46,,
504,Linear,7.0,1.617040138469758e-17,0.789219949088678,4.3063450606411224e-13,-0.2777618307507291,-1.1961382878880376e-07,18,22,hbo,False,S18_D22 hbo,mild_master_46,,
505,ShortHbO,7.0,1.617040138469758e-17,4.741622652909521e-11,0.004290186667791892,66.14955438015318,283793.9362821079,18,22,hbo,True,S18_D22 hbo,mild_master_46,,
506,az_itd=0_az=15,7.0,1.617040138469758e-17,2.189410627451872e-05,3.0009967988855806e-09,-9.965017547266415,-0.02990498576018515,18,22,hbo,True,S18_D22 hbo,mild_master_46,0.010143350643276147,
507,az_itd=0_az=5,7.0,1.617040138469758e-17,0.1283060207756299,3.024104763742083e-09,-1.7243266396533163,-0.005214544405222971,18,22,hbo,False,S18_D22 hbo,mild_master_46,-0.07178118001368038,
508,az_itd=15_az=0,7.0,1.617040138469758e-17,0.00022200194818143925,3.006425937294575e-09,6.945917758497873,0.020882387307463002,18,22,hbo,True,S18_D22 hbo,mild_master_46,0.025665584534780083,
509,az_itd=5_az=0,7.0,1.617040138469758e-17,0.007842531336959372,3.023148832232392e-09,3.6816537386854242,0.011130187200790861,18,22,hbo,True,S18_D22 hbo,mild_master_46,0.005930390989951141,
510,constant,7.0,1.617040138469758e-17,0.7297619031437352,3.6940324971264472e-09,0.3595833369342065,0.0013283125320601274,18,22,hbo,False,S18_D22 hbo,mild_master_46,,
518,Linear,7.0,3.015121845664179e-17,0.008734226919974445,5.880318636311335e-13,-3.600480205007752,-2.1171970849177134e-06,18,23,hbo,True,S18_D23 hbo,mild_master_46,,
519,ShortHbO,7.0,3.015121845664179e-17,3.529929087107329e-11,0.005858254334155755,69.00182869193304,404230.2619991897,18,23,hbo,True,S18_D23 hbo,mild_master_46,,
520,az_itd=0_az=15,7.0,3.015121845664179e-17,5.47494174663166e-06,4.097864234170382e-09,12.270212572801672,0.05028166524775171,18,23,hbo,True,S18_D23 hbo,mild_master_46,0.07739223790696545,
521,az_itd=0_az=5,7.0,3.015121845664179e-17,9.05877535423021e-07,4.1294181840929845e-09,15.996802410253853,0.06605748676024474,18,23,hbo,True,S18_D23 hbo,mild_master_46,-0.0032202682321176568,
522,az_itd=15_az=0,7.0,3.015121845664179e-17,1.821841459145919e-08,4.1052777282856844e-09,28.178306510725868,0.1156797741392904,18,23,hbo,True,S18_D23 hbo,mild_master_46,0.16581809725302435,
523,az_itd=5_az=0,7.0,3.015121845664179e-17,5.498737849887118e-08,4.128112858627348e-09,24.02962591397754,0.09919700772349561,18,23,hbo,True,S18_D23 hbo,mild_master_46,0.02748602613813397,
524,constant,7.0,3.015121845664179e-17,0.33518117041592127,5.044205197239441e-09,-1.0348022396005159,-0.005219754835107936,18,23,hbo,False,S18_D23 hbo,mild_master_46,,
532,Linear,7.0,1.3897550606696712e-17,0.13051760554713757,3.992248424769863e-13,-1.712586891801271,-6.83707232107514e-07,19,14,hbo,False,S19_D14 hbo,mild_master_46,,
533,ShortHbO,7.0,1.3897550606696712e-17,5.840624327418402e-15,0.003977268594428643,239.5009791014822,952559.7225152359,19,14,hbo,True,S19_D14 hbo,mild_master_46,,
534,az_itd=0_az=15,7.0,1.3897550606696712e-17,0.00577409488841183,2.782109787854922e-09,3.916616418761017,0.010896456873908316,19,14,hbo,True,S19_D14 hbo,mild_master_46,0.05606151764983006,
535,az_itd=0_az=5,7.0,1.3897550606696712e-17,0.00035379800604766807,2.8035323016105364e-09,6.439404635483665,0.01805307889871908,19,14,hbo,True,S19_D14 hbo,mild_master_46,0.011726172411637164,
536,az_itd=15_az=0,7.0,1.3897550606696712e-17,1.3117064616044487e-07,2.7871429352121233e-09,21.19082903929401,0.059061869448156196,19,14,hbo,True,S19_D14 hbo,mild_master_46,0.17578742889686366,
537,az_itd=5_az=0,7.0,1.3897550606696712e-17,0.04018350286636121,2.8026460939309353e-09,2.513622093501562,0.007044793141970653,19,14,hbo,True,S19_D14 hbo,mild_master_46,0.06516688556643367,
538,constant,7.0,1.3897550606696712e-17,0.7365063319946739,3.424596777552739e-09,-0.35017653488779515,-0.0011992134329513278,19,14,hbo,False,S19_D14 hbo,mild_master_46,,
546,Linear,7.0,1.2596251845583566e-17,0.454390596405599,3.8007481582396457e-13,0.7919407636187666,3.009967398758926e-07,19,15,hbo,False,S19_D15 hbo,mild_master_46,,
547,ShortHbO,7.0,1.2596251845583566e-17,1.5293867925788986e-13,0.003786486880753284,150.20737201785283,568758.2435380277,19,15,hbo,True,S19_D15 hbo,mild_master_46,,
548,az_itd=0_az=15,7.0,1.2596251845583566e-17,4.757947823729779e-05,2.6486574799812563e-09,-8.849968287585572,-0.023440534702510434,19,15,hbo,True,S19_D15 hbo,mild_master_46,-0.011321164317919703,
549,az_itd=0_az=5,7.0,1.2596251845583566e-17,0.048676964534768385,2.669052398092147e-09,-2.382860620048168,-0.006359979852258903,19,15,hbo,True,S19_D15 hbo,mild_master_46,-0.08612392777528168,
550,az_itd=15_az=0,7.0,1.2596251845583566e-17,0.1885138250163138,2.6534491972074043e-09,1.4568137846922933,0.003865581367472446,19,15,hbo,False,S19_D15 hbo,mild_master_46,0.04931126255953608,
551,az_itd=5_az=0,7.0,1.2596251845583566e-17,0.000531813471662099,2.6682087000434078e-09,-6.019526516040361,-0.016061353020240875,19,15,hbo,True,S19_D15 hbo,mild_master_46,-0.04973850497465599,
552,constant,7.0,1.2596251845583566e-17,0.8904422176904366,3.2603256386148667e-09,0.14283868577647818,0.00046570062942310445,19,15,hbo,False,S19_D15 hbo,mild_master_46,,
560,Linear,7.0,2.107538497747895e-17,0.23967715878880733,4.916275186713845e-13,-1.2849917306875072,-6.317372960711471e-07,19,21,hbo,False,S19_D21 hbo,mild_master_46,,
561,ShortHbO,7.0,2.107538497747895e-17,9.588036578681262e-13,0.004897828196353528,115.54801067661245,565934.304724471,19,21,hbo,True,S19_D21 hbo,mild_master_46,,
562,az_itd=0_az=15,7.0,2.107538497747895e-17,0.9839051342970468,3.426043637936517e-09,-0.020904627064711006,-7.162016455848867e-05,19,21,hbo,False,S19_D21 hbo,mild_master_46,0.0027137387114370077,
563,az_itd=0_az=5,7.0,2.107538497747895e-17,0.0035472733252947166,3.452424504457827e-09,4.304426878639019,0.014860708833460265,19,21,hbo,True,S19_D21 hbo,mild_master_46,-0.0670887037941799,
564,az_itd=15_az=0,7.0,2.107538497747895e-17,2.020756929386942e-06,3.4322417335534527e-09,14.21983656835387,0.04880591651421367,19,21,hbo,True,S19_D21 hbo,mild_master_46,0.06327393039010494,
565,az_itd=5_az=0,7.0,2.107538497747895e-17,0.00014746638857946308,3.4513331793793408e-09,7.415511081897074,0.025593399439006563,19,21,hbo,True,S19_D21 hbo,mild_master_46,-0.019747962895927725,
566,constant,7.0,2.107538497747895e-17,0.7475474250086069,4.217237599123924e-09,-0.33485127825670935,-0.0014121474007789021,19,21,hbo,False,S19_D21 hbo,mild_master_46,,
602,Linear,7.0,2.2589607615534168e-17,0.08228407135802791,5.089824053051226e-13,-2.0269349798234333,-1.0316742414276213e-06,20,12,hbo,False,S20_D12 hbo,mild_master_46,,
603,ShortHbO,7.0,2.2589607615534168e-17,1.029129492355544e-13,0.005070725867600564,158.95560398962562,806020.2929502662,20,12,hbo,True,S20_D12 hbo,mild_master_46,,
604,az_itd=0_az=15,7.0,2.2589607615534168e-17,0.0003092681256192962,3.5469860113400923e-09,6.582621564736794,0.023348466608067033,20,12,hbo,True,S20_D12 hbo,mild_master_46,0.033270983636793365,
605,az_itd=0_az=5,7.0,2.2589607615534168e-17,0.0011607577508123794,3.574298145803877e-09,5.26989226169118,0.018836166139548985,20,12,hbo,True,S20_D12 hbo,mild_master_46,-0.036735550069015195,
606,az_itd=15_az=0,7.0,2.2589607615534168e-17,6.589889969096969e-08,3.5534029052193135e-09,23.409501966319723,0.08318339229685774,20,12,hbo,True,S20_D12 hbo,mild_master_46,0.10109010278636826,
607,az_itd=5_az=0,7.0,2.2589607615534168e-17,2.6020293983161978e-06,3.5731682959839995e-09,13.69965638377263,0.048951177856371174,20,12,hbo,True,S20_D12 hbo,mild_master_46,0.0017983496002559394,
608,constant,7.0,2.2589607615534168e-17,0.5205433596839469,4.366109819780178e-09,-0.6763314574834285,-0.002952937417944637,20,12,hbo,False,S20_D12 hbo,mild_master_46,,
616,Linear,7.0,4.3319030352444184e-17,0.004432241901490261,7.048355320891905e-13,-4.124899029514371,-2.9073754022819466e-06,20,13,hbo,True,S20_D13 hbo,mild_master_46,,
617,ShortHbO,7.0,4.3319030352444184e-17,1.627418920450103e-13,0.007021908277607597,148.87973954843548,1045419.8755032222,20,13,hbo,True,S20_D13 hbo,mild_master_46,,
618,az_itd=0_az=15,7.0,4.3319030352444184e-17,5.218376522747762e-07,4.911843212177629e-09,17.33879928302493,0.08516546356563634,20,13,hbo,True,S20_D13 hbo,mild_master_46,0.09533030894546898,
619,az_itd=0_az=5,7.0,4.3319030352444184e-17,8.93509115298425e-07,4.949664878755147e-09,16.029012069709836,0.07933823808258511,20,13,hbo,True,S20_D13 hbo,mild_master_46,-0.006356299466947097,
620,az_itd=15_az=0,7.0,4.3319030352444184e-17,5.461108420206631e-09,4.92072928518247e-09,33.50862972056685,0.164886895572329,20,13,hbo,True,S20_D13 hbo,mild_master_46,0.16554710383188867,
621,az_itd=5_az=0,7.0,4.3319030352444184e-17,3.2201236382072665e-07,4.948100270056155e-09,18.601501836924395,0.09204209626273566,20,13,hbo,True,S20_D13 hbo,mild_master_46,-0.033211778607761665,
622,constant,7.0,4.3319030352444184e-17,0.4307490360154961,6.046160546826332e-09,-0.8360272697684887,-0.0050547550945451705,20,13,hbo,False,S20_D13 hbo,mild_master_46,,
630,Linear,7.0,1.4626398042276217e-17,0.004007610117852288,4.095596094471712e-13,-4.20559401290791,-1.722441441419925e-06,20,20,hbo,True,S20_D20 hbo,mild_master_46,,
631,ShortHbO,7.0,1.4626398042276217e-17,5.588949504177116e-14,0.004080228480006466,173.4448952527816,707694.8013221378,20,20,hbo,True,S20_D20 hbo,mild_master_46,,
632,az_itd=0_az=15,7.0,1.4626398042276217e-17,1.796597367649817e-07,2.854130497198951e-09,20.24645218866724,0.057786016651755624,20,20,hbo,True,S20_D20 hbo,mild_master_46,0.06873541426351393,
633,az_itd=0_az=5,7.0,1.4626398042276217e-17,6.166900576110777e-07,2.876107577364327e-09,16.921469696515828,0.04866796721429001,20,20,hbo,True,S20_D20 hbo,mild_master_46,0.015394545688336947,
634,az_itd=15_az=0,7.0,1.4626398042276217e-17,7.749664165631703e-09,2.859293938063793e-09,31.865120756403506,0.09111174661445529,20,20,hbo,True,S20_D20 hbo,mild_master_46,0.11204659190241438,
635,az_itd=5_az=0,7.0,1.4626398042276217e-17,1.3002521328245495e-07,2.8751984283522202e-09,21.217764378741688,0.06100528279490582,20,20,hbo,True,S20_D20 hbo,mild_master_46,0.0026899098969702484,
636,constant,7.0,1.4626398042276217e-17,0.3278111749008507,3.5132496014683597e-09,-1.0518659719803798,-0.0036954677068581987,20,20,hbo,False,S20_D20 hbo,mild_master_46,,
644,Linear,7.0,1.1981590883995475e-17,0.010445145961991215,3.7068556069976824e-13,3.4672143583074053,1.2852462984754676e-06,21,11,hbo,True,S21_D11 hbo,mild_master_46,,
645,ShortHbO,7.0,1.1981590883995475e-17,6.658578127765518e-13,0.0036929466358656,121.72888747931177,449538.2855043866,21,11,hbo,True,S21_D11 hbo,mild_master_46,,
646,az_itd=0_az=15,7.0,1.1981590883995475e-17,5.0549352099021055e-08,2.5832258339453523e-09,-24.323361422464828,-0.06283273559490092,21,11,hbo,True,S21_D11 hbo,mild_master_46,-0.08407113898571603,
647,az_itd=0_az=5,7.0,1.1981590883995475e-17,1.2451028633496426e-07,2.6031169220695996e-09,-21.351353376291648,-0.05558006928291267,21,11,hbo,True,S21_D11 hbo,mild_master_46,-0.1387606441205561,
648,az_itd=15_az=0,7.0,1.1981590883995475e-17,5.40360846800643e-05,2.587899178015358e-09,-8.677854110177233,-0.022457411518664858,21,11,hbo,True,S21_D11 hbo,mild_master_46,-0.0012367134254527728,
649,az_itd=5_az=0,7.0,1.1981590883995475e-17,3.8640871561358646e-07,2.6022940664863368e-09,-18.11460610172365,-0.04713953197525264,21,11,hbo,True,S21_D11 hbo,mild_master_46,-0.1020722342314687,
650,constant,7.0,1.1981590883995475e-17,0.5800951994687189,3.179783524445714e-09,0.5800009742933957,0.0018442775422206016,21,11,hbo,False,S21_D11 hbo,mild_master_46,,
658,Linear,7.0,1.3521513673685609e-17,0.813781036099329,3.937867344988541e-13,0.24460035611080821,9.6320375490132e-08,21,12,hbo,False,S21_D12 hbo,mild_master_46,,
659,ShortHbO,7.0,1.3521513673685609e-17,1.1771661959815353e-13,0.003923091564912291,155.9320897458369,611735.865981039,21,12,hbo,True,S21_D12 hbo,mild_master_46,,
660,az_itd=0_az=15,7.0,1.3521513673685609e-17,0.0029831239143560642,2.7442128139604534e-09,-4.446801438694622,-0.012202969489203559,21,12,hbo,True,S21_D12 hbo,mild_master_46,-0.0016163955292861592,
661,az_itd=0_az=5,7.0,1.3521513673685609e-17,0.0006207857334683357,2.765343517361173e-09,-5.865466116429325,-0.01622002870136945,21,12,hbo,True,S21_D12 hbo,mild_master_46,-0.08848067632686794,
662,az_itd=15_az=0,7.0,1.3521513673685609e-17,3.409142479602536e-07,2.7491774014589334e-09,18.44781838531145,0.05071632541111687,21,12,hbo,True,S21_D12 hbo,mild_master_46,0.09417350461201403,
663,az_itd=5_az=0,7.0,1.3521513673685609e-17,2.000318186886463e-05,2.7644693813077335e-09,-10.10244075284291,-0.02792788813770967,21,12,hbo,True,S21_D12 hbo,mild_master_46,-0.060484648888594554,
664,constant,7.0,1.3521513673685609e-17,0.8223773491106123,3.37794805964644e-09,-0.23306762368991285,-0.0007872903272097477,21,12,hbo,False,S21_D12 hbo,mild_master_46,,
672,Linear,7.0,1.2964325698108735e-17,0.2538916516499166,3.855878961693548e-13,-1.2429815881437136,-4.792786555495779e-07,21,19,hbo,False,S21_D19 hbo,mild_master_46,,
673,ShortHbO,7.0,1.2964325698108735e-17,6.2213048031705616e-12,0.003841410820807306,88.4441899333279,339750.46824742237,21,19,hbo,True,S21_D19 hbo,mild_master_46,,
674,az_itd=0_az=15,7.0,1.2964325698108735e-17,0.48319997840046824,2.6870769197510266e-09,-0.7403062587183598,-0.0019892598613493366,21,19,hbo,False,S21_D19 hbo,mild_master_46,0.04022002733649862,
675,az_itd=0_az=5,7.0,1.2964325698108735e-17,0.13692662502553507,2.7077676712544548e-09,-1.679600022152887,-0.004547966640623854,21,19,hbo,False,S21_D19 hbo,mild_master_46,-0.0923769842527915,
676,az_itd=15_az=0,7.0,1.2964325698108735e-17,4.7271466890904916e-08,2.691938142035022e-09,24.559887581985457,0.06611369814603894,21,19,hbo,True,S21_D19 hbo,mild_master_46,0.12970335696753002,
677,az_itd=5_az=0,7.0,1.2964325698108735e-17,0.000263025999992475,2.70691173515432e-09,6.758231300479325,0.01829393561615473,21,19,hbo,True,S21_D19 hbo,mild_master_46,-0.01362164088944413,
678,constant,7.0,1.2964325698108735e-17,0.6936084904997726,3.307617478140863e-09,-0.41064941979261727,-0.0013582711982944654,21,19,hbo,False,S21_D19 hbo,mild_master_46,,
686,Linear,7.0,1.791366385845412e-17,0.791264649209392,4.532529469214109e-13,0.27498849850985424,1.2463934731908543e-07,21,20,hbo,False,S21_D20 hbo,mild_master_46,,
687,ShortHbO,7.0,1.791366385845412e-17,1.1715537704569043e-12,0.004515522380666176,112.28539965391992,507027.23515932146,21,20,hbo,True,S21_D20 hbo,mild_master_46,,
688,az_itd=0_az=15,7.0,1.791366385845412e-17,0.033248334609507026,3.1586197196053397e-09,-2.643617890340899,-0.00835018359953223,21,20,hbo,True,S21_D20 hbo,mild_master_46,-0.019965347798513337,
689,az_itd=0_az=5,7.0,1.791366385845412e-17,0.016234274697155226,3.1829413961572107e-09,-3.146363191213289,-0.010014689648658084,21,20,hbo,True,S21_D20 hbo,mild_master_46,-0.11510547873464859,
690,az_itd=15_az=0,7.0,1.791366385845412e-17,0.00013945827226021624,3.164334015483791e-09,7.48151211342266,0.023674003267757347,21,20,hbo,True,S21_D20 hbo,mild_master_46,0.03583259084400217,
691,az_itd=5_az=0,7.0,1.791366385845412e-17,0.027492082954938504,3.1819352557580526e-09,-2.7750845418871437,-0.008830139341539887,21,20,hbo,True,S21_D20 hbo,mild_master_46,-0.07418894695142858,
692,constant,7.0,1.791366385845412e-17,0.7701471862342468,3.88805609343518e-09,-0.3037513953750864,-0.0011810024636775432,21,20,hbo,False,S21_D20 hbo,mild_master_46,,
700,Linear,7.0,1.0948942897600509e-17,0.7054836694109818,3.543517007253687e-13,0.3937507844249564,1.395262601229313e-07,22,10,hbo,False,S22_D10 hbo,mild_master_46,,
701,ShortHbO,7.0,1.0948942897600509e-17,1.041297295333118e-12,0.0035302209199534716,114.19296134633169,403126.3810562583,22,10,hbo,True,S22_D10 hbo,mild_master_46,,
702,az_itd=0_az=15,7.0,1.0948942897600509e-17,3.2719422479164477e-06,2.469398769912261e-09,-13.243735402537931,-0.032704063912070626,22,10,hbo,True,S22_D10 hbo,mild_master_46,-0.01906499501376748,
703,az_itd=0_az=5,7.0,1.0948942897600509e-17,0.6796190835326921,2.4884133786625973e-09,-0.43072641554001506,-0.0010718253749731589,22,10,hbo,False,S22_D10 hbo,mild_master_46,-0.05003067913133269,
704,az_itd=15_az=0,7.0,1.0948942897600509e-17,0.006135127867296129,2.4738661881093853e-09,-3.8695656259511155,-0.009572787564710793,22,10,hbo,True,S22_D10 hbo,mild_master_46,0.03623185257659429,
705,az_itd=5_az=0,7.0,1.0948942897600509e-17,5.436399497447757e-06,2.4876267813243304e-09,12.283111997284847,0.03055579836245197,22,10,hbo,True,S22_D10 hbo,mild_master_46,-0.003011266149717783,
706,constant,7.0,1.0948942897600509e-17,0.9183263319343102,3.039669788320811e-09,-0.10630029518715658,-0.00032311779576998397,22,10,hbo,False,S22_D10 hbo,mild_master_46,,
714,Linear,7.0,1.3826001699137183e-17,0.02433823719437671,3.981958496235563e-13,2.85998168401628,1.138832836574672e-06,22,11,hbo,True,S22_D11 hbo,mild_master_46,,
715,ShortHbO,7.0,1.3826001699137183e-17,1.1540620317336766e-13,0.0039670172760626655,156.37438589149022,620339.8903652317,22,11,hbo,True,S22_D11 hbo,mild_master_46,,
716,az_itd=0_az=15,7.0,1.3826001699137183e-17,8.32305030295928e-07,2.7749389638365603e-09,-16.1962460934068,-0.04494359435248021,22,11,hbo,True,S22_D11 hbo,mild_master_46,-0.04943230850086334,
717,az_itd=0_az=5,7.0,1.3826001699137183e-17,9.879186961512728e-07,2.796306261555467e-09,-15.795094722520497,-0.04416792227444577,22,11,hbo,True,S22_D11 hbo,mild_master_46,-0.10167135026182302,
718,az_itd=15_az=0,7.0,1.3826001699137183e-17,6.0071584412230155e-06,2.7799591383721593e-09,-12.10197558739098,-0.03364299762652434,22,11,hbo,True,S22_D11 hbo,mild_master_46,-0.017059364522762088,
719,az_itd=5_az=0,7.0,1.3826001699137183e-17,1.7732586921878237e-06,2.7954223380557863e-09,-14.495878978988552,-0.0405221039076179,22,11,hbo,True,S22_D11 hbo,mild_master_46,-0.08357848794451321,
720,constant,7.0,1.3826001699137183e-17,0.7004735757224205,3.415769958089007e-09,0.40086463280765927,0.0013692613700047834,22,11,hbo,False,S22_D11 hbo,mild_master_46,,
728,Linear,7.0,7.650089351950115e-18,0.124822898972329,2.9619769870416626e-13,1.7432117430348983,5.163353066410154e-07,22,12,hbo,False,S22_D12 hbo,mild_master_46,,
729,ShortHbO,7.0,7.650089351950115e-18,1.3931689190908794e-14,0.0029508629710738215,211.52695749666728,624187.0662608215,22,12,hbo,True,S22_D12 hbo,mild_master_46,,
730,az_itd=0_az=15,7.0,7.650089351950115e-18,0.001829508779928594,2.0641363688495097e-09,-4.862688913568954,-0.010037253036898989,22,12,hbo,True,S22_D12 hbo,mild_master_46,-0.0018912690329980556,
731,az_itd=0_az=5,7.0,7.650089351950115e-18,2.0266631914770885e-05,2.0800304180161447e-09,-10.082430611785265,-0.02097176236005048,22,12,hbo,True,S22_D12 hbo,mild_master_46,-0.03391428483490763,
732,az_itd=15_az=0,7.0,7.650089351950115e-18,0.04499425816185586,2.0678706220968587e-09,2.4364260909207096,0.005038213936325225,22,12,hbo,True,S22_D12 hbo,mild_master_46,0.03605069638580393,
733,az_itd=5_az=0,7.0,7.650089351950115e-18,2.0722437888382962e-07,2.079372912151422e-09,-19.83152801183353,-0.041237142154378785,22,12,hbo,True,S22_D12 hbo,mild_master_46,-0.05644957986651147,
734,constant,7.0,7.650089351950115e-18,0.9284318394906476,2.540818046811049e-09,0.09310115329375769,0.00023655309046770144,22,12,hbo,False,S22_D12 hbo,mild_master_46,,
742,Linear,7.0,1.7456194956528867e-17,0.5179816351896973,4.474280610063041e-13,-0.6806237756575234,-3.045301762172354e-07,22,19,hbo,False,S22_D19 hbo,mild_master_46,,
743,ShortHbO,7.0,1.7456194956528867e-17,5.265457736249978e-12,0.00445749208457402,90.57882494530153,403754.3952236974,22,19,hbo,True,S22_D19 hbo,mild_master_46,,
744,az_itd=0_az=15,7.0,1.7456194956528867e-17,0.10816550387575294,3.1180273756594816e-09,-1.841130227321319,-0.005740694450942037,22,19,hbo,False,S22_D19 hbo,mild_master_46,0.0214838132727167,
745,az_itd=0_az=5,7.0,1.7456194956528867e-17,0.043307826934252246,3.1420364872470407e-09,2.4624766080211664,0.007737191351394834,22,19,hbo,True,S22_D19 hbo,mild_master_46,-0.08687568149028906,
746,az_itd=15_az=0,7.0,1.7456194956528867e-17,3.114479448765187e-06,3.123668235453726e-09,13.34067795712516,0.04167185197408956,22,19,hbo,True,S22_D19 hbo,mild_master_46,0.09096345793089387,
747,az_itd=5_az=0,7.0,1.7456194956528867e-17,0.0004755139021799738,3.1410432770518215e-09,6.132752833199538,0.019263242056541917,22,19,hbo,True,S22_D19 hbo,mild_master_46,-0.025453112297822298,
748,constant,7.0,1.7456194956528867e-17,0.6312237425914876,3.838089549743358e-09,-0.5017693755145332,-0.0019258357965435803,22,19,hbo,False,S22_D19 hbo,mild_master_46,,
756,Linear,7.0,1.1690992211184078e-17,0.9479260004184329,3.661627083411591e-13,-0.06768908875144432,-2.4785220062373942e-08,22,20,hbo,False,S22_D20 hbo,mild_master_46,,
757,ShortHbO,7.0,1.1690992211184078e-17,2.450561766617911e-13,0.003647887820057637,140.42125599537582,512240.9894227269,22,20,hbo,True,S22_D20 hbo,mild_master_46,,
758,az_itd=0_az=15,7.0,1.1690992211184078e-17,0.6804563755501761,2.5517070743966288e-09,0.4295194018295852,0.0010960076962391607,22,20,hbo,False,S22_D20 hbo,mild_master_46,-0.011096952840816642,
759,az_itd=0_az=5,7.0,1.1690992211184078e-17,0.0001098541234002785,2.5713554650317477e-09,-7.76893647466618,-0.01997669726161736,22,20,hbo,True,S22_D20 hbo,mild_master_46,-0.09780065055773798,
760,az_itd=15_az=0,7.0,1.1690992211184078e-17,1.6501814493950757e-06,2.5563233975100866e-09,14.650007390961088,0.03745015666720953,22,20,hbo,True,S22_D20 hbo,mild_master_46,0.06587131849710216,
761,az_itd=5_az=0,7.0,1.1690992211184078e-17,0.1653308922286568,2.570542649371023e-09,-1.5489196223688382,-0.003981563949746758,22,20,hbo,False,S22_D20 hbo,mild_master_46,-0.06143516347384716,
762,constant,7.0,1.1690992211184078e-17,0.79967503145366,3.14098597488307e-09,-0.2636058886508853,-0.000827982399149019,22,20,hbo,False,S22_D20 hbo,mild_master_46,,
812,Linear,7.0,1.9370764268017607e-17,0.27811308577768684,4.713264411667787e-13,1.1757939305389868,5.541827688264392e-07,23,9,hbo,False,S23_D9 hbo,mild_master_46,,
813,ShortHbO,7.0,1.9370764268017607e-17,1.0405854086024656e-09,0.004695579164226262,42.50769693366833,199598.25604097755,23,9,hbo,True,S23_D9 hbo,mild_master_46,,
814,az_itd=0_az=15,7.0,1.9370764268017607e-17,0.0009237782780110059,3.284569910802863e-09,-5.48223282960643,-0.01800677699614092,23,9,hbo,True,S23_D9 hbo,mild_master_46,0.03751369326294705,
815,az_itd=0_az=5,7.0,1.9370764268017607e-17,0.9366151043627805,3.309861415977324e-09,-0.08242638848035269,-0.0002728199228894772,23,9,hbo,False,S23_D9 hbo,mild_master_46,0.009946199278453121,
816,az_itd=15_az=0,7.0,1.9370764268017607e-17,5.318529927172984e-06,3.2905120646453422e-09,-12.323215642588721,-0.040549689747164386,23,9,hbo,True,S23_D9 hbo,mild_master_46,0.050288872382186836,
817,az_itd=5_az=0,7.0,1.9370764268017607e-17,0.00037840357752804885,3.3088151556565248e-09,-6.368700985666988,-0.021072854343219576,23,9,hbo,True,S23_D9 hbo,mild_master_46,0.020162690917557353,
818,constant,7.0,1.9370764268017607e-17,0.7309283234233128,4.043092613126142e-09,0.3579539401369187,0.0014472409312069733,23,9,hbo,False,S23_D9 hbo,mild_master_46,,
770,Linear,7.0,1.122807563114379e-17,0.05612648847142301,3.588402006063215e-13,2.2861335253204076,8.20356612838812e-07,23,10,hbo,False,S23_D10 hbo,mild_master_46,,
771,ShortHbO,7.0,1.122807563114379e-17,1.5960159999351462e-11,0.003574937499968502,77.29744358492927,276333.52972346335,23,10,hbo,True,S23_D10 hbo,mild_master_46,,
772,az_itd=0_az=15,7.0,1.122807563114379e-17,9.110043151751307e-05,2.500678134628409e-09,-8.000670710223584,-0.020007102307418062,23,10,hbo,True,S23_D10 hbo,mild_master_46,0.02306304280428763,
773,az_itd=0_az=5,7.0,1.122807563114379e-17,8.399931053268261e-06,2.519933597504569e-09,-11.511452222270814,-0.029008095210968855,23,10,hbo,True,S23_D10 hbo,mild_master_46,-0.03735307310485894,
774,az_itd=15_az=0,7.0,1.122807563114379e-17,4.250912854480713e-07,2.50520214069009e-09,-17.86471013190866,-0.04475471006526551,23,10,hbo,True,S23_D10 hbo,mild_master_46,0.01816778423085572,
775,az_itd=5_az=0,7.0,1.122807563114379e-17,1.8959855918447523e-05,2.5191370365001137e-09,-10.184729709948734,-0.02565672981907491,23,10,hbo,True,S23_D10 hbo,mild_master_46,0.014896373505034387,
776,constant,7.0,1.122807563114379e-17,0.6636494102647399,3.0781726583651344e-09,0.45388473067711327,0.0013971355680197127,23,10,hbo,False,S23_D10 hbo,mild_master_46,,
784,Linear,7.0,7.640164086717742e-18,0.6677776128510593,2.9600549213338363e-13,-0.4478728232725112,-1.3257281546594763e-07,23,11,hbo,False,S23_D11 hbo,mild_master_46,,
785,ShortHbO,7.0,7.640164086717742e-18,6.506909030975926e-13,0.002948948117396697,122.13040266325727,360156.221010713,23,11,hbo,True,S23_D11 hbo,mild_master_46,,
786,az_itd=0_az=15,7.0,7.640164086717742e-18,0.0068707092595734496,2.0627969236923732e-09,3.782400133634693,0.007802323359835266,23,11,hbo,True,S23_D11 hbo,mild_master_46,0.035793347712489425,
787,az_itd=0_az=5,7.0,7.640164086717742e-18,0.0037465146678838956,2.0786806590020824e-09,4.260016381086788,0.008855213658397152,23,11,hbo,True,S23_D11 hbo,mild_master_46,-0.014688392024704476,
788,az_itd=15_az=0,7.0,7.640164086717742e-18,0.9735333487952575,2.066528753733822e-09,-0.03438077644031715,-7.104886308960975e-05,23,11,hbo,False,S23_D11 hbo,mild_master_46,0.05301285964123066,
789,az_itd=5_az=0,7.0,7.640164086717742e-18,0.04906464786711692,2.078023579801537e-09,2.3774649238598924,0.004940428171931923,23,11,hbo,True,S23_D11 hbo,mild_master_46,0.0015156993305906192,
790,constant,7.0,7.640164086717742e-18,0.8801348336523854,2.5391692766622705e-09,-0.15639737060308573,-0.0003971193983861183,23,11,hbo,False,S23_D11 hbo,mild_master_46,,
798,Linear,7.0,1.153805260957057e-17,0.17320736976395873,3.6375978420228655e-13,1.516373764514056,5.51595793349642e-07,23,19,hbo,False,S23_D19 hbo,mild_master_46,,
799,ShortHbO,7.0,1.153805260957057e-17,7.75041887231359e-11,0.003623948741885458,61.65878038365788,223448.25959754872,23,19,hbo,True,S23_D19 hbo,mild_master_46,,
800,az_itd=0_az=15,7.0,1.153805260957057e-17,3.689031914890197e-05,2.5349616265814277e-09,-9.2029178725459,-0.02332904365948425,23,19,hbo,True,S23_D19 hbo,mild_master_46,0.009270557148487752,
801,az_itd=0_az=5,7.0,1.153805260957057e-17,0.2808182580577887,2.554481075652942e-09,1.1685984129422826,0.002985162530899123,23,19,hbo,False,S23_D19 hbo,mild_master_46,0.0069683307802954775,
802,az_itd=15_az=0,7.0,1.153805260957057e-17,9.09294095390063e-06,2.539547655309386e-09,-11.375726816621235,-0.02888920036459056,23,19,hbo,True,S23_D19 hbo,mild_master_46,0.00592044939486525,
803,az_itd=5_az=0,7.0,1.153805260957057e-17,0.00010733813293404923,2.553673594053626e-09,-7.797316920435484,-0.019911802324183634,23,19,hbo,True,S23_D19 hbo,mild_master_46,-0.0031750465533223007,
804,constant,7.0,1.153805260957057e-17,0.9030551230818868,3.120373414272789e-09,0.12628756526264334,0.000394064361198792,23,19,hbo,False,S23_D19 hbo,mild_master_46,,
840,Linear,7.0,1.4813408682813484e-17,0.027060789106822046,4.1216957310078065e-13,2.786071980935672,1.1483340990103023e-06,24,9,hbo,True,S24_D9 hbo,mild_master_46,,
841,ShortHbO,7.0,1.4813408682813484e-17,1.1812421614540715e-09,0.004106230184729286,41.74208263024214,171402.59966976428,24,9,hbo,True,S24_D9 hbo,mild_master_46,,
842,az_itd=0_az=15,7.0,1.4813408682813484e-17,3.7344540531416686e-07,2.872318757682944e-09,-18.204798559358473,-0.05228998438188478,24,9,hbo,True,S24_D9 hbo,mild_master_46,0.016669881907163023,
843,az_itd=0_az=5,7.0,1.4813408682813484e-17,1.2581441514108967e-05,2.8944358892086614e-09,-10.834786143285486,-0.03136059386502621,24,9,hbo,True,S24_D9 hbo,mild_master_46,-0.032812414061935684,
844,az_itd=15_az=0,7.0,1.4813408682813484e-17,1.1061756378083734e-07,2.87751510314256e-09,-21.72020524263667,-0.06250021862904323,24,9,hbo,True,S24_D9 hbo,mild_master_46,0.02623507364447203,
845,az_itd=5_az=0,7.0,1.4813408682813484e-17,8.49378959228173e-05,2.8935209465444886e-09,-8.088831081113392,-0.023405202166261702,24,9,hbo,True,S24_D9 hbo,mild_master_46,-0.01628040063220078,
846,constant,7.0,1.4813408682813484e-17,0.5092404858680836,3.5356381709326858e-09,0.6953725574361199,0.002458585757090227,24,9,hbo,False,S24_D9 hbo,mild_master_46,,
826,Linear,7.0,9.633873035230123e-18,0.20985088031090343,3.323907162613128e-13,1.3806772872292579,4.5892431242785927e-07,24,10,hbo,False,S24_D10 hbo,mild_master_46,,
827,ShortHbO,7.0,9.633873035230123e-18,1.2506127372359496e-09,0.0033114351017421214,41.40195150204923,137099.87548451076,24,10,hbo,True,S24_D10 hbo,mild_master_46,,
828,az_itd=0_az=15,7.0,9.633873035230123e-18,0.00039881417783646614,2.316357517646248e-09,-6.313858576916255,-0.014625153779995207,24,10,hbo,True,S24_D10 hbo,mild_master_46,0.050778043151001165,
829,az_itd=0_az=5,7.0,9.633873035230123e-18,2.1810275592061067e-05,2.3341936939903014e-09,-9.970820285984079,-0.02327382583545461,24,10,hbo,True,S24_D10 hbo,mild_master_46,-0.012025227777920365,
830,az_itd=15_az=0,7.0,9.633873035230123e-18,4.0652673577203044e-05,2.3205480671239035e-09,-9.066806509223197,-0.021039960319964315,24,10,hbo,True,S24_D10 hbo,mild_master_46,0.048950679421899866,
831,az_itd=5_az=0,7.0,9.633873035230123e-18,0.00672258047098344,2.3334558461060082e-09,-3.799109462894757,-0.008865054186188428,24,10,hbo,True,S24_D10 hbo,mild_master_46,-0.005775421993691655,
832,constant,7.0,9.633873035230123e-18,0.7021896284136476,2.85128592883735e-09,0.39842547053266203,0.0011360249378201794,24,10,hbo,False,S24_D10 hbo,mild_master_46,,
581,Linear,7.0,2.306114087179669e-18,0.5997851476999013,1.6262556577847323e-13,0.5494399996356121,8.935299080206555e-08,1,7,hbr,False,S1_D7 hbr,mild_master_46,,
582,ShortHbO,7.0,2.306114087179669e-18,4.6438098130010524e-05,0.0016201535741333453,8.883139168418907,14392.049673237807,1,7,hbr,True,S1_D7 hbr,mild_master_46,,
583,az_itd=0_az=15,7.0,2.306114087179669e-18,0.04178017286508059,1.1333016640461603e-09,-2.4869916858392105,-0.0028185118160305427,1,7,hbr,True,S1_D7 hbr,mild_master_46,,-0.008933811882874029
584,az_itd=0_az=5,7.0,2.306114087179669e-18,0.00015472162922970827,1.1420281961885202e-09,-7.359113102956463,-0.008404314662516673,1,7,hbr,True,S1_D7 hbr,mild_master_46,,0.0026965173813404287
585,az_itd=15_az=0,7.0,2.306114087179669e-18,0.831927964633179,1.1353519333418605e-09,0.22029562613166268,0.00025011306503533887,1,7,hbr,False,S1_D7 hbr,mild_master_46,,-0.005093353426013667
586,az_itd=5_az=0,7.0,2.306114087179669e-18,0.0035910200967078495,1.141667196546318e-09,4.294444870412564,0.004902826835926627,1,7,hbr,True,S1_D7 hbr,mild_master_46,,0.0032895021709478853
587,constant,7.0,2.306114087179669e-18,0.7464564013831084,1.3950208735939448e-09,-0.3363616443803757,-0.00046923151498700743,1,7,hbr,False,S1_D7 hbr,mild_master_46,,
595,Linear,7.0,4.994347832621825e-19,0.1411915404764668,7.568116677140079e-14,-1.6584465494941283,-1.255131698937193e-07,1,8,hbr,False,S1_D8 hbr,mild_master_46,,
596,ShortHbO,7.0,4.994347832621825e-19,0.0196870227306458,0.0007539719370218316,3.0091051039784196,2268.780803948889,1,8,hbr,True,S1_D8 hbr,mild_master_46,,
597,az_itd=0_az=15,7.0,4.994347832621825e-19,0.3281414415039473,5.274053426250205e-10,1.0510948298134153,0.0005543530288491319,1,8,hbr,False,S1_D8 hbr,mild_master_46,,0.00013599491656524093
598,az_itd=0_az=5,7.0,4.994347832621825e-19,0.9213128660822497,5.314664146418371e-10,0.10239740044286627,5.44207792820146e-05,1,8,hbr,False,S1_D8 hbr,mild_master_46,,0.00814490123364825
599,az_itd=15_az=0,7.0,4.994347832621825e-19,3.221886088851764e-05,5.283594777989792e-10,9.395632563351299,0.004964271514763377,1,8,hbr,True,S1_D8 hbr,mild_master_46,,-0.0036086004248815262
600,az_itd=5_az=0,7.0,4.994347832621825e-19,4.702711553667396e-07,5.312984160003251e-10,17.603768189718018,0.009352854154834092,1,8,hbr,True,S1_D8 hbr,mild_master_46,,0.010533808510481801
601,constant,7.0,4.994347832621825e-19,0.9075243011757026,6.492017837334637e-10,-0.12043266194738289,-7.818509895601023e-05,1,8,hbr,False,S1_D8 hbr,mild_master_46,,
861,Linear,7.0,7.335699328708869e-19,0.02604617661556091,9.172108580890086e-14,-2.8126619634131327,-2.579804092976475e-07,2,6,hbr,True,S2_D6 hbr,mild_master_46,,
862,ShortHbO,7.0,7.335699328708869e-19,4.5247413639292576e-08,0.0009137692729020622,24.71548983679676,22584.255177588086,2,6,hbr,True,S2_D6 hbr,mild_master_46,,
863,az_itd=0_az=15,7.0,7.335699328708869e-19,0.05941429990422752,6.391839971640398e-10,2.2475288702782357,0.0014365844870460214,2,6,hbr,False,S2_D6 hbr,mild_master_46,,-0.0033716079658222715
864,az_itd=0_az=5,7.0,7.335699328708869e-19,1.7378473368794966e-05,6.441057756040535e-10,10.319789364642846,0.0066470359327837425,2,6,hbr,True,S2_D6 hbr,mild_master_46,,0.009825888045728258
865,az_itd=15_az=0,7.0,7.335699328708869e-19,0.0004936978403846929,6.403403524093057e-10,6.094609809095659,0.003902624592953526,2,6,hbr,True,S2_D6 hbr,mild_master_46,,0.0117497131487684
866,az_itd=5_az=0,7.0,7.335699328708869e-19,3.7586713920854187e-06,6.439021712138034e-10,12.9746589875481,0.00835441109284091,2,6,hbr,True,S2_D6 hbr,mild_master_46,,0.01830099447172924
867,constant,7.0,7.335699328708869e-19,0.3309155354959644,7.86794060574793e-10,1.0446417838383355,0.0008219179509522592,2,6,hbr,False,S2_D6 hbr,mild_master_46,,
875,Linear,7.0,6.000869363718147e-19,0.4925122223800743,8.295747261625177e-14,-0.7240594795295907,-6.006614444561353e-08,2,7,hbr,False,S2_D7 hbr,mild_master_46,,
876,ShortHbO,7.0,6.000869363718147e-19,9.433028404393211e-08,0.0008264619718118176,-22.226597348922514,-18369.43747165782,2,7,hbr,True,S2_D7 hbr,mild_master_46,,
877,az_itd=0_az=15,7.0,6.000869363718147e-19,0.0004094502328755794,5.781123116222037e-10,6.286513902885298,0.0036343110844421415,2,7,hbr,True,S2_D7 hbr,mild_master_46,,-0.0036439601018927598
878,az_itd=0_az=5,7.0,6.000869363718147e-19,2.6322518229688288e-05,5.825638321919816e-10,9.689864595665874,0.005644964652272518,2,7,hbr,True,S2_D7 hbr,mild_master_46,,0.012187788351176117
879,az_itd=15_az=0,7.0,6.000869363718147e-19,6.339013043363602e-05,5.791581813668518e-10,-8.465937397434688,-0.004903116906663893,2,7,hbr,True,S2_D7 hbr,mild_master_46,,-0.011216433368112537
880,az_itd=5_az=0,7.0,6.000869363718147e-19,0.0022027800520967766,5.82379681454125e-10,-4.7022268200514565,-0.0027384813575866106,2,7,hbr,True,S2_D7 hbr,mild_master_46,,-0.0024169208828795697
881,constant,7.0,6.000869363718147e-19,0.6040777613900572,7.116187751064424e-10,0.5428523556222431,0.00038630392837154756,2,7,hbr,False,S2_D7 hbr,mild_master_46,,
889,Linear,7.0,1.5662695610402917e-18,0.17840595510945048,1.3402372367670423e-13,-1.4956268635889964,-2.0044948148910747e-07,2,8,hbr,False,S2_D8 hbr,mild_master_46,,
890,ShortHbO,7.0,1.5662695610402917e-18,0.1854966804358208,0.0013352083597314374,-1.468197925876598,-1960.350144370791,2,8,hbr,False,S2_D8 hbr,mild_master_46,,
891,az_itd=0_az=15,7.0,1.5662695610402917e-18,0.0018821992233974455,9.3398174104663e-10,4.837943533920628,0.004518550924896473,2,8,hbr,True,S2_D8 hbr,mild_master_46,,0.0004033597505289878
892,az_itd=0_az=5,7.0,1.5662695610402917e-18,0.0003371043693822996,9.41173490553572e-10,6.490592032058683,0.006108773158571872,2,8,hbr,True,S2_D8 hbr,mild_master_46,,0.016041031672715127
893,az_itd=15_az=0,7.0,1.5662695610402917e-18,9.31485440867105e-05,9.356714183383547e-10,7.972853376392293,0.0074599710268927165,2,8,hbr,True,S2_D8 hbr,mild_master_46,,0.0004407672905842167
894,az_itd=5_az=0,7.0,1.5662695610402917e-18,7.288709237403429e-06,9.408759818804291e-10,11.758083825329386,0.011062898664189177,2,8,hbr,True,S2_D8 hbr,mild_master_46,,0.006821825367216658
895,constant,7.0,1.5662695610402917e-18,0.6773097477680142,1.1496709708021696e-09,-0.4340591120230744,-0.0004990251607050957,2,8,hbr,False,S2_D8 hbr,mild_master_46,,
903,Linear,7.0,2.4119924889819787e-18,0.02634716526880392,1.663169077063649e-13,-2.8046620078660687,-4.66462712309809e-07,3,5,hbr,True,S3_D5 hbr,mild_master_46,,
904,ShortHbO,7.0,2.4119924889819787e-18,4.456749880943619e-05,0.0016569284858097087,-8.939549846904308,-14812.19479165157,3,5,hbr,True,S3_D5 hbr,mild_master_46,,
905,az_itd=0_az=15,7.0,2.4119924889819787e-18,0.00012917483855184238,1.1590258109809758e-09,7.572825498833976,0.008777100215203462,3,5,hbr,True,S3_D5 hbr,mild_master_46,,-0.002989344139986962
906,az_itd=0_az=5,7.0,2.4119924889819787e-18,1.0766346962496717e-06,1.1679504215363332e-09,15.597411031200439,0.018217002788766003,3,5,hbr,True,S3_D5 hbr,mild_master_46,,0.013351406274651664
907,az_itd=15_az=0,7.0,2.4119924889819787e-18,0.008428496543685883,1.1611226181317697e-09,3.627257375015571,0.00421169057991585,3,5,hbr,True,S3_D5 hbr,mild_master_46,,-5.114849798060553e-05
908,az_itd=5_az=0,7.0,2.4119924889819787e-18,0.5977868242876252,1.1675812277758887e-09,0.5525156360087535,0.0006451068846564763,3,5,hbr,False,S3_D5 hbr,mild_master_46,,0.012961425889682942
909,constant,7.0,2.4119924889819787e-18,0.25928312803315917,1.426685630708432e-09,1.2275718954477415,0.0017513591838968067,3,5,hbr,False,S3_D5 hbr,mild_master_46,,
917,Linear,7.0,2.5347749793432493e-18,0.02166038414875702,1.7049754576882973e-13,-2.9417149819596626,-5.015551847755197e-07,3,6,hbr,True,S3_D6 hbr,mild_master_46,,
918,ShortHbO,7.0,2.5347749793432493e-18,0.7605272410966994,0.0016985779993203135,-0.3169471543499843,-538.359463326063,3,6,hbr,False,S3_D6 hbr,mild_master_46,,
919,az_itd=0_az=15,7.0,2.5347749793432493e-18,0.00020594156604275725,1.188159754652662e-09,7.030314828609046,0.008353137141891096,3,6,hbr,True,S3_D6 hbr,mild_master_46,,0.0024568344247160403
920,az_itd=0_az=5,7.0,2.5347749793432493e-18,3.0415687654562124e-05,1.197308699384832e-09,9.478664365591714,0.011348887303471968,3,6,hbr,True,S3_D6 hbr,mild_master_46,,0.012343350160755395
921,az_itd=15_az=0,7.0,2.5347749793432493e-18,0.0012891165378968335,1.1903092683617074e-09,5.174189397629742,0.006158885596257561,3,6,hbr,True,S3_D6 hbr,mild_master_46,,0.012004027609746956
922,az_itd=5_az=0,7.0,2.5347749793432493e-18,4.256061018503354e-06,1.1969302253563223e-09,12.737853611114208,0.015246321993306772,3,6,hbr,True,S3_D6 hbr,mild_master_46,,0.0395623675592673
923,constant,7.0,2.5347749793432493e-18,0.3012031011118895,1.4625476265401585e-09,1.1161456716832174,0.0016324162029933607,3,6,hbr,False,S3_D6 hbr,mild_master_46,,
931,Linear,7.0,1.0446220020887007e-18,0.1373659509346896,1.09453085909607e-13,-1.677392574025675,-1.83595793508969e-07,3,7,hbr,False,S3_D7 hbr,mild_master_46,,
932,ShortHbO,7.0,1.0446220020887007e-18,1.695204010812638e-06,0.0010904239286578835,14.592151831358022,15911.631527521744,3,7,hbr,True,S3_D7 hbr,mild_master_46,,
933,az_itd=0_az=15,7.0,1.0446220020887007e-18,0.039106794473463026,7.62754391061215e-10,2.5322043513505803,0.0019314499880569707,3,7,hbr,True,S3_D7 hbr,mild_master_46,,0.0010985616909314803
934,az_itd=0_az=5,7.0,1.0446220020887007e-18,1.719556361577032e-06,7.686276734550285e-10,14.561582766308925,0.011192435483490868,3,7,hbr,True,S3_D7 hbr,mild_master_46,,0.03195055678560923
935,az_itd=15_az=0,7.0,1.0446220020887007e-18,0.0022927760023440692,7.641342989513792e-10,4.668034198915014,0.0035670050400689866,3,7,hbr,True,S3_D7 hbr,mild_master_46,,0.0023436140853417527
936,az_itd=5_az=0,7.0,1.0446220020887007e-18,6.296218390697375e-06,7.683847071990027e-10,12.017558637914947,0.009234108275241123,3,7,hbr,True,S3_D7 hbr,mild_master_46,,0.012524397151256183
937,constant,7.0,1.0446220020887007e-18,0.8014695516504491,9.38901204077376e-10,-0.26118223565431886,-0.00024522431553946093,3,7,hbr,False,S3_D7 hbr,mild_master_46,,
945,Linear,7.0,3.964066820691489e-18,0.2170231920853314,2.1321556690507544e-13,-1.35662820314824,-2.8925425141366584e-07,4,2,hbr,False,S4_D2 hbr,mild_master_46,,
946,ShortHbO,7.0,3.964066820691489e-18,1.1862482258942662e-05,0.0021241553327026245,10.93104832149655,23219.24458413697,4,2,hbr,True,S4_D2 hbr,mild_master_46,,
947,az_itd=0_az=15,7.0,3.964066820691489e-18,6.30699055174358e-07,1.4858522128262627e-09,16.86608015203264,0.02506050251560281,4,2,hbr,True,S4_D2 hbr,mild_master_46,,0.004603223069989607
948,az_itd=0_az=5,7.0,3.964066820691489e-18,2.10350290718419e-05,1.4972934182046542e-09,10.025711720591776,0.015011432172059325,4,2,hbr,True,S4_D2 hbr,mild_master_46,,0.035156510237228676
949,az_itd=15_az=0,7.0,3.964066820691489e-18,0.00011940553023722014,1.4885402854432477e-09,7.667508996686552,0.011413396030566469,4,2,hbr,True,S4_D2 hbr,mild_master_46,,3.997068037792674e-05
950,az_itd=5_az=0,7.0,3.964066820691489e-18,0.29171781405385555,1.4968201178167589e-09,-1.140176618755066,-0.0017066393008168714,4,2,hbr,False,S4_D2 hbr,mild_master_46,,0.0005918296244369816
951,constant,7.0,3.964066820691489e-18,0.6531567334071376,1.8289877423880342e-09,-0.46924824713150015,-0.0008582492921405848,4,2,hbr,False,S4_D2 hbr,mild_master_46,,
959,Linear,7.0,1.3618926831963825e-18,0.01760340599748317,1.249740572876641e-13,-3.088524669528667,-3.8598545898403943e-07,4,3,hbr,True,S4_D3 hbr,mild_master_46,,
960,ShortHbO,7.0,1.3618926831963825e-18,1.6479571008856396e-08,0.0012450512600482916,28.58817611656037,35593.74469640596,4,3,hbr,True,S4_D3 hbr,mild_master_46,,
961,az_itd=0_az=15,7.0,1.3618926831963825e-18,1.2666717966022627e-06,8.709166139328991e-10,15.230141238501908,0.013264183037155892,4,3,hbr,True,S4_D3 hbr,mild_master_46,,0.018689498954507028
962,az_itd=0_az=5,7.0,1.3618926831963825e-18,7.817200553934936e-07,8.776227558771952e-10,16.345407942033116,0.014345101964024096,4,3,hbr,True,S4_D3 hbr,mild_master_46,,0.03122493392547401
963,az_itd=15_az=0,7.0,1.3618926831963825e-18,6.178850652933435e-06,8.724921993655427e-10,12.051292560292389,0.010514658751127108,4,3,hbr,True,S4_D3 hbr,mild_master_46,,0.005544450675791505
964,az_itd=5_az=0,7.0,1.3618926831963825e-18,1.4586927969018235e-07,8.773453358433315e-10,20.867275808530565,0.018307807102370677,4,3,hbr,True,S4_D3 hbr,mild_master_46,,0.018393821075856357
965,constant,7.0,1.3618926831963825e-18,0.4595867753493693,1.0720418879987346e-09,-0.7824661779160417,-0.0008388365186682671,4,3,hbr,False,S4_D3 hbr,mild_master_46,,
973,Linear,7.0,4.653701368706275e-16,0.45144973571725455,2.310189903939896e-12,-0.7973362380342184,-1.8419981271520689e-06,5,1,hbr,False,S5_D1 hbr,mild_master_46,,
974,ShortHbO,7.0,4.653701368706275e-16,5.2111372359179274e-05,0.02301521542371436,8.72661680501844,200844.96568770532,5,1,hbr,True,S5_D1 hbr,mild_master_46,,
975,az_itd=0_az=15,7.0,4.653701368706275e-16,5.124950417686782e-05,1.6099203405472712e-08,8.749117167077674,0.1408538168910967,5,1,hbr,True,S5_D1 hbr,mild_master_46,,0.16807247000121553
976,az_itd=0_az=5,7.0,4.653701368706275e-16,0.0014683532765194583,1.622316882477922e-08,5.05695018751817,0.08203975663060621,5,1,hbr,True,S5_D1 hbr,mild_master_46,,0.1830658090596946
977,az_itd=15_az=0,7.0,4.653701368706275e-16,4.0175874895642105e-06,1.6128328662652366e-08,12.847222830666189,0.20720423221531536,5,1,hbr,True,S5_D1 hbr,mild_master_46,,0.10135491366783728
978,az_itd=5_az=0,7.0,4.653701368706275e-16,0.00017140506084965324,1.6218040616771156e-08,-7.240005148173332,-0.11741869755870737,5,1,hbr,True,S5_D1 hbr,mild_master_46,,-0.04191521162107419
979,constant,7.0,4.653701368706275e-16,0.39036351772588584,1.9817075639583986e-08,-0.9155266705724204,-0.018143061280790147,5,1,hbr,False,S5_D1 hbr,mild_master_46,,
987,Linear,7.0,1.5968371054508527e-18,0.04921565215574355,1.3532521755993606e-13,-2.3753750646153855,-3.2144814740552423e-07,5,2,hbr,True,S5_D2 hbr,mild_master_46,,
988,ShortHbO,7.0,1.5968371054508527e-18,0.14355735826704943,0.001348174463532749,-1.6469699359257188,-2220.402809821222,5,2,hbr,False,S5_D2 hbr,mild_master_46,,
989,az_itd=0_az=15,7.0,1.5968371054508527e-18,2.9580769581809477e-05,9.43051564579922e-10,9.519021116188274,0.008976927756890667,5,2,hbr,True,S5_D2 hbr,mild_master_46,,0.015162774903540817
990,az_itd=0_az=5,7.0,1.5968371054508527e-18,3.7723469578340344e-07,9.50313152603033e-10,18.178069720287443,0.01727485874412409,5,2,hbr,True,S5_D2 hbr,mild_master_46,,0.03582197611229824
991,az_itd=15_az=0,7.0,1.5968371054508527e-18,0.00779053104093884,9.447576501954829e-10,3.6866926094857155,0.0034830310467307774,5,2,hbr,True,S5_D2 hbr,mild_master_46,,-0.005378288779750936
992,az_itd=5_az=0,7.0,1.5968371054508527e-18,5.657406326080438e-07,9.500127548464675e-10,17.135728607107907,0.016279160740340002,5,2,hbr,True,S5_D2 hbr,mild_master_46,,0.010638967643286708
993,constant,7.0,1.5968371054508527e-18,0.5531451321008406,1.1608353355517835e-09,-0.6228179354365093,-0.0007229890670701094,5,2,hbr,False,S5_D2 hbr,mild_master_46,,
1001,Linear,7.0,1.0190781865361522e-17,0.08200953534261779,3.418630625617846e-13,-2.0291999379029133,-6.937085053216731e-07,5,3,hbr,False,S5_D3 hbr,mild_master_46,,
1002,ShortHbO,7.0,1.0190781865361522e-17,8.617924056218113e-09,0.003405803140621342,-31.38239308277435,-106882.25292152636,5,3,hbr,True,S5_D3 hbr,mild_master_46,,
1003,az_itd=0_az=15,7.0,1.0190781865361522e-17,6.437798592292007e-07,2.3823682077450564e-09,16.81561207023697,0.040060979589906585,5,3,hbr,True,S5_D3 hbr,mild_master_46,,-0.006341108851054582
1004,az_itd=0_az=5,7.0,1.0190781865361522e-17,2.6282796888441974e-06,2.4007126727708985e-09,13.679376343602614,0.03284025214368923,5,3,hbr,True,S5_D3 hbr,mild_master_46,,0.0327026373908303
1005,az_itd=15_az=0,7.0,1.0190781865361522e-17,0.0002672452276503126,2.386678177934241e-09,6.7408194234415095,0.01608816661932312,5,3,hbr,True,S5_D3 hbr,mild_master_46,,-0.0005354620780998189
1006,az_itd=5_az=0,7.0,1.0190781865361522e-17,0.006003431320754124,2.3999537979735925e-09,3.886370263172988,0.009327109073433643,5,3,hbr,True,S5_D3 hbr,mild_master_46,,0.006099791061818493
1007,constant,7.0,1.0190781865361522e-17,0.5604914004929911,2.93254080870703e-09,-0.6110266831853132,-0.0017918606836498324,5,3,hbr,False,S5_D3 hbr,mild_master_46,,
1015,Linear,7.0,1.146240442048678e-18,0.10580825117622664,1.1465322884970129e-13,-1.8561469056940245,-2.128132359572019e-07,6,1,hbr,False,S6_D1 hbr,mild_master_46,,
1016,ShortHbO,7.0,1.146240442048678e-18,5.602582604669448e-09,0.0011422302367870404,33.3857445782892,38134.20693497093,6,1,hbr,True,S6_D1 hbr,mild_master_46,,
1017,az_itd=0_az=15,7.0,1.146240442048678e-18,0.16572611992389133,7.98993039142628e-10,1.5472529444310776,0.0012362443323933664,6,1,hbr,False,S6_D1 hbr,mild_master_46,,0.0016486315264052937
1018,az_itd=0_az=5,7.0,1.146240442048678e-18,0.003547599624012558,8.051453626225976e-10,4.304351924863947,0.0034656289913998586,6,1,hbr,True,S6_D1 hbr,mild_master_46,,0.009427391760786155
1019,az_itd=15_az=0,7.0,1.146240442048678e-18,5.414656535676863e-07,8.004385067948891e-10,17.245693586360236,0.013804117222908384,6,1,hbr,True,S6_D1 hbr,mild_master_46,,0.00646045087293503
1020,az_itd=5_az=0,7.0,1.146240442048678e-18,0.00010627017098755303,8.048908529801935e-10,7.809591395285589,0.006285868679578198,6,1,hbr,True,S6_D1 hbr,mild_master_46,,-0.004333493012465343
1021,constant,7.0,1.146240442048678e-18,0.6257168645665657,9.835086304213093e-10,-0.5100260665370224,-0.0005016150381789944,6,1,hbr,False,S6_D1 hbr,mild_master_46,,
1029,Linear,7.0,3.052438450825112e-18,0.33673508290660137,1.8709917991965466e-13,-1.0312423988850592,-1.9294460712977195e-07,6,2,hbr,False,S6_D2 hbr,mild_master_46,,
1030,ShortHbO,7.0,3.052438450825112e-18,1.382977075987075e-06,0.0018639714094963755,15.03509284596081,28024.98320399444,6,2,hbr,True,S6_D2 hbr,mild_master_46,,
1031,az_itd=0_az=15,7.0,3.052438450825112e-18,3.7417543741225735e-05,1.3038528778030807e-09,9.18291986065698,0.011973176486952668,6,2,hbr,True,S6_D2 hbr,mild_master_46,,0.011570940713149434
1032,az_itd=0_az=5,7.0,3.052438450825112e-18,0.03501266576877362,1.3138926707443831e-09,2.6080475098996883,0.0034266945082103394,6,2,hbr,True,S6_D2 hbr,mild_master_46,,0.03349499669298962
1033,az_itd=15_az=0,7.0,3.052438450825112e-18,0.6780798565435207,1.3062116932943825e-09,0.43294714223486286,0.0005655206197655641,6,2,hbr,False,S6_D2 hbr,mild_master_46,,-0.011150488084945545
1034,az_itd=5_az=0,7.0,3.052438450825112e-18,0.03815982251652622,1.313477344060144e-09,2.548990070121255,0.0033480407073385454,6,2,hbr,True,S6_D2 hbr,mild_master_46,,0.011369156631419372
1035,constant,7.0,3.052438450825112e-18,0.8375836023451215,1.6049583604571037e-09,0.21275169784630357,0.0003414576161598685,6,2,hbr,False,S6_D2 hbr,mild_master_46,,
1071,Linear,7.0,1.4872441939920872e-18,0.852349582137386,1.3059891449552627e-13,-0.19311904629979876,-2.5221137815165e-08,7,7,hbr,False,S7_D7 hbr,mild_master_46,,
1072,ShortHbO,7.0,1.4872441939920872e-18,0.09897603513128973,0.0013010887746031765,1.9015782561075656,2474.1221230510378,7,7,hbr,False,S7_D7 hbr,mild_master_46,,
1073,az_itd=0_az=15,7.0,1.4872441939920872e-18,0.023850726335328927,9.101150019795592e-10,-2.874131896187131,-0.0026157905563878652,7,7,hbr,True,S7_D7 hbr,mild_master_46,,-0.0006545332605342264
1074,az_itd=0_az=5,7.0,1.4872441939920872e-18,0.02357073920630677,9.171229752932691e-10,2.8823971520746032,0.0026435126520875057,7,7,hbr,True,S7_D7 hbr,mild_master_46,,0.016647893723783447
1075,az_itd=15_az=0,7.0,1.4872441939920872e-18,3.0010977908492206e-05,9.117615016744885e-10,9.49806757555364,0.008659972355692554,7,7,hbr,True,S7_D7 hbr,mild_master_46,,0.004638976885611514
1076,az_itd=5_az=0,7.0,1.4872441939920872e-18,0.3838075119634204,9.168330690833864e-10,-0.9289967397740932,-0.000851734932095542,7,7,hbr,False,S7_D7 hbr,mild_master_46,,-0.00604484115592215
1077,constant,7.0,1.4872441939920872e-18,0.6938496722068787,1.1202925623523717e-09,-0.41030492534545643,-0.00045966155616105996,7,7,hbr,False,S7_D7 hbr,mild_master_46,,
1085,Linear,7.0,9.123910386447673e-19,0.042108486402243135,1.0229135503175424e-13,-2.481646039712422,-2.538509361113702e-07,7,8,hbr,True,S7_D8 hbr,mild_master_46,,
1086,ShortHbO,7.0,9.123910386447673e-19,3.450504535323158e-05,0.001019075344422734,9.297625281223606,9474.980685776465,7,8,hbr,True,S7_D8 hbr,mild_master_46,,
1087,az_itd=0_az=15,7.0,9.123910386447673e-19,0.07426567661518794,7.1284586971361e-10,2.0963930412948937,0.0014944051207834185,7,8,hbr,False,S7_D8 hbr,mild_master_46,,-0.004832491739295117
1088,az_itd=0_az=5,7.0,9.123910386447673e-19,2.340889738537362e-06,7.183348516783898e-10,13.915049337032324,0.00999566490161459,7,8,hbr,True,S7_D8 hbr,mild_master_46,,0.008037023840869961
1089,az_itd=15_az=0,7.0,9.123910386447673e-19,1.3601637450278393e-07,7.141354875140662e-10,21.079776110479212,0.015053816189344439,7,8,hbr,True,S7_D8 hbr,mild_master_46,,0.011930685510691846
1090,az_itd=5_az=0,7.0,9.123910386447673e-19,5.153795262193798e-05,7.181077831827935e-10,8.741539424104968,0.006277367497449011,7,8,hbr,True,S7_D8 hbr,mild_master_46,,-0.011298972925446776
1091,constant,7.0,9.123910386447673e-19,0.7460801459129949,8.774670499956238e-10,-0.3368827162475,-0.0002956034832202066,7,8,hbr,False,S7_D8 hbr,mild_master_46,,
1043,Linear,7.0,2.6791963625270533e-18,0.09257796128224907,1.7528739971510784e-13,1.946983530986032,3.4128168043468063e-07,7,17,hbr,False,S7_D17 hbr,mild_master_46,,
1044,ShortHbO,7.0,2.6791963625270533e-18,2.9798748247886537e-07,0.0017462968124939457,18.812392899168803,32852.021755202215,7,17,hbr,True,S7_D17 hbr,mild_master_46,,
1045,az_itd=0_az=15,7.0,2.6791963625270533e-18,3.8078073445316256e-06,1.221539189318239e-09,-12.949721293920195,-0.015818592051272413,7,17,hbr,True,S7_D17 hbr,mild_master_46,,-0.007353791309262413
1046,az_itd=0_az=5,7.0,2.6791963625270533e-18,0.0001518768881557501,1.2309451589174362e-09,-7.380863976280891,-0.009085438780231062,7,17,hbr,True,S7_D17 hbr,mild_master_46,,-0.008442730147959517
1047,az_itd=15_az=0,7.0,2.6791963625270533e-18,0.7048723645957856,1.223749090152949e-09,0.3946175779968708,0.00048291290203203105,7,17,hbr,False,S7_D17 hbr,mild_master_46,,0.02882441827787743
1048,az_itd=5_az=0,7.0,2.6791963625270533e-18,7.589587735531859e-06,1.2305560522706628e-09,-11.687289073248971,-0.014381864303723306,7,17,hbr,True,S7_D17 hbr,mild_master_46,,-0.029709511355410056
1049,constant,7.0,2.6791963625270533e-18,0.7314662387933599,1.50363554653932e-09,-0.35720287443381815,-0.0005371029393247103,7,17,hbr,False,S7_D17 hbr,mild_master_46,,
1057,Linear,7.0,3.1384034713656734e-18,0.7451054045262573,1.8971549961364703e-13,0.3382331033846859,6.41680621945e-08,7,18,hbr,False,S7_D18 hbr,mild_master_46,,
1058,ShortHbO,7.0,3.1384034713656734e-18,1.1243247946717284e-06,0.0018900364361298344,15.498669713947665,29293.050470903043,7,18,hbr,True,S7_D18 hbr,mild_master_46,,
1059,az_itd=0_az=15,7.0,3.1384034713656734e-18,1.437951668259715e-05,1.3220854321292395e-09,-10.619079290392172,-0.014039330032452791,7,18,hbr,True,S7_D18 hbr,mild_master_46,,-0.011612597317540144
1060,az_itd=0_az=5,7.0,3.1384034713656734e-18,0.02854206888219468,1.3322656174977413e-09,2.7490739469490744,0.0036624966994790614,7,18,hbr,True,S7_D18 hbr,mild_master_46,,-0.01707757287828748
1061,az_itd=15_az=0,7.0,3.1384034713656734e-18,5.7646054244440594e-05,1.3244772323478236e-09,8.591481152831516,0.011379221179070776,7,18,hbr,True,S7_D18 hbr,mild_master_46,,0.02315371133403761
1062,az_itd=5_az=0,7.0,3.1384034713656734e-18,0.051165283369981156,1.3318444830521647e-09,-2.348965974065235,-0.003128457373436037,7,18,hbr,False,S7_D18 hbr,mild_master_46,,-0.025052373180340475
1063,constant,7.0,3.1384034713656734e-18,0.7741212452510302,1.627401452769453e-09,-0.2983176550562885,-0.00048548258522538044,7,18,hbr,False,S7_D18 hbr,mild_master_46,,
1113,Linear,7.0,7.582514558637467e-19,0.505508653413073,9.325133383956607e-14,0.7017186237921796,6.543619764868542e-08,8,6,hbr,False,S8_D6 hbr,mild_master_46,,
1114,ShortHbO,7.0,7.582514558637467e-19,2.288732189985918e-09,0.0009290143347982338,37.96437333003961,35269.44703523855,8,6,hbr,True,S8_D6 hbr,mild_master_46,,
1115,az_itd=0_az=15,7.0,7.582514558637467e-19,0.0014600744712593026,6.498479578473101e-10,-5.062006975083692,-0.0032895348953669774,8,6,hbr,True,S8_D6 hbr,mild_master_46,,-0.005365702054901992
1116,az_itd=0_az=5,7.0,7.582514558637467e-19,0.0005610185427061771,6.548518498133334e-10,-5.9659630334404,-0.003906821928366411,8,6,hbr,True,S8_D6 hbr,mild_master_46,,0.0006311846154477104
1117,az_itd=15_az=0,7.0,7.582514558637467e-19,0.0002523350647153069,6.510236053885756e-10,-6.80379477280227,-0.0044294310033136785,8,6,hbr,True,S8_D6 hbr,mild_master_46,,0.009017154590602778
1118,az_itd=5_az=0,7.0,7.582514558637467e-19,4.924956280852638e-05,6.546448485464059e-10,-8.80302119748802,-0.005762852478580346,8,6,hbr,True,S8_D6 hbr,mild_master_46,,0.009568453248726294
1119,constant,7.0,7.582514558637467e-19,0.597002070854159,7.999207048040398e-10,0.553725021917096,0.0004429361097995558,8,6,hbr,False,S8_D6 hbr,mild_master_46,,
1127,Linear,7.0,2.6993452965615305e-19,0.33847258679153336,5.563878624871123e-14,1.027277262939635,5.7156460050859465e-08,8,7,hbr,False,S8_D7 hbr,mild_master_46,,
1128,ShortHbO,7.0,2.6993452965615305e-19,3.0077030564676055e-06,0.0005543001678105338,-13.409644801095137,-7432.9683635266865,8,7,hbr,True,S8_D7 hbr,mild_master_46,,
1129,az_itd=0_az=15,7.0,2.6993452965615305e-19,6.927153996562467e-07,3.8773441764418885e-10,-16.63667220275689,-0.006450610408073208,8,7,hbr,True,S8_D7 hbr,mild_master_46,,-0.007693790320472607
1130,az_itd=0_az=5,7.0,2.6993452965615305e-19,0.01181309769089369,3.907200100646491e-10,-3.3766174990696523,-0.0013193120232209649,8,7,hbr,True,S8_D7 hbr,mild_master_46,,0.004344874912098213
1131,az_itd=15_az=0,7.0,2.6993452965615305e-19,4.3357683396927896e-07,3.8843587251415164e-10,-17.813357256773006,-0.006919346968440918,8,7,hbr,True,S8_D7 hbr,mild_master_46,,-0.010721453891869655
1132,az_itd=5_az=0,7.0,2.6993452965615305e-19,0.10761034468656086,3.905965019198368e-10,-1.8446381183585112,-0.0007205091963388244,8,7,hbr,False,S8_D7 hbr,mild_master_46,,0.004045337426462537
1133,constant,7.0,2.6993452965615305e-19,0.2884748140805371,4.772759303055295e-10,1.148540045866586,0.0005481705188841303,8,7,hbr,False,S8_D7 hbr,mild_master_46,,
1141,Linear,7.0,1.1320990434935252e-18,0.933546899128276,1.1394378396167357e-13,0.08642741722706154,9.847866956885724e-09,8,8,hbr,False,S8_D8 hbr,mild_master_46,,
1142,ShortHbO,7.0,1.1320990434935252e-18,0.0003240785453369731,0.001135162407903638,6.532550571484244,7415.505836478342,8,8,hbr,True,S8_D8 hbr,mild_master_46,,
1143,az_itd=0_az=15,7.0,1.1320990434935252e-18,0.005705650998922282,7.940490743465511e-10,-3.9258976998919444,-0.0031173554345784523,8,8,hbr,True,S8_D8 hbr,mild_master_46,,-0.01248597485094065
1144,az_itd=0_az=5,7.0,1.1320990434935252e-18,0.2832875364963847,8.001633288206485e-10,-1.162080490869095,-0.0009298541939313481,8,8,hbr,False,S8_D8 hbr,mild_master_46,,0.012221608944743783
1145,az_itd=15_az=0,7.0,1.1320990434935252e-18,0.02972893391861913,7.954855978142742e-10,-2.7208529608607157,-0.0021643993441350247,8,8,hbr,True,S8_D8 hbr,mild_master_46,,-0.004567152984420293
1146,az_itd=5_az=0,7.0,1.1320990434935252e-18,0.0032039670922237628,7.999103940188884e-10,-4.38779569118133,-0.0035098433802072384,8,8,hbr,True,S8_D8 hbr,mild_master_46,,-0.002094564684927222
1147,constant,7.0,1.1320990434935252e-18,0.8060336686526609,9.774229302872275e-10,0.2550257820145143,0.00024926804715541827,8,8,hbr,False,S8_D8 hbr,mild_master_46,,
1099,Linear,7.0,1.9129477141527417e-18,0.5715552368645767,1.4811531823634606e-13,-0.5934401397487454,-8.789757515310711e-08,8,16,hbr,False,S8_D16 hbr,mild_master_46,,
1100,ShortHbO,7.0,1.9129477141527417e-18,1.0425822080750273e-08,0.0014755955564292875,30.534724113824442,45056.903219153566,8,16,hbr,True,S8_D16 hbr,mild_master_46,,
1101,az_itd=0_az=15,7.0,1.9129477141527417e-18,0.014295357276744683,1.0321829524432444e-09,-3.2378585238601216,-0.0033420623707514654,8,16,hbr,True,S8_D16 hbr,mild_master_46,,0.018999859189081116
1102,az_itd=0_az=5,7.0,1.9129477141527417e-18,0.5426254969813832,1.040130860751376e-09,0.6398680316353543,0.0006655464865121698,8,16,hbr,False,S8_D16 hbr,mild_master_46,,0.019982535193693998
1103,az_itd=15_az=0,7.0,1.9129477141527417e-18,0.0009673312400203718,1.0340502866950836e-09,5.438948051286994,0.005624145791752982,8,16,hbr,True,S8_D16 hbr,mild_master_46,,0.02434961722371879
1104,az_itd=5_az=0,7.0,1.9129477141527417e-18,1.7113382809860024e-05,1.0398020712610397e-09,10.343791940330144,0.010755496284248533,8,16,hbr,True,S8_D16 hbr,mild_master_46,,0.0291538021797516
1105,constant,7.0,1.9129477141527417e-18,0.8589941933737103,1.2705502953955808e-09,-0.18431249682383027,-0.0002341782972846146,8,16,hbr,False,S8_D16 hbr,mild_master_46,,
1183,Linear,7.0,8.185604152366293e-18,0.5586073220571348,3.063894418757756e-13,-0.6140419144314331,-1.881359594509795e-07,9,5,hbr,False,S9_D5 hbr,mild_master_46,,
1184,ShortHbO,7.0,8.185604152366293e-18,0.00030697471242904984,0.003052397985246345,-6.590615534757921,-20117.181579828342,9,5,hbr,True,S9_D5 hbr,mild_master_46,,
1185,az_itd=0_az=15,7.0,8.185604152366293e-18,2.367279077900521e-06,2.1351603769175254e-09,13.892069154334742,0.029661795611733696,9,5,hbr,True,S9_D5 hbr,mild_master_46,,-0.006212201510592146
1186,az_itd=0_az=5,7.0,8.185604152366293e-18,0.0026449128405240546,2.151601317797945e-09,-4.547196899204907,-0.00978375484061601,9,5,hbr,True,S9_D5 hbr,mild_master_46,,0.011468606664592018
1187,az_itd=15_az=0,7.0,8.185604152366293e-18,0.0032597422147654692,2.1390231205285785e-09,-4.373600655241493,-0.009355232921520493,9,5,hbr,True,S9_D5 hbr,mild_master_46,,-0.028081503251464187
1188,az_itd=5_az=0,7.0,8.185604152366293e-18,0.37745334158851673,2.1509211880879443e-09,0.942217825936128,0.0020266362856001764,9,5,hbr,False,S9_D5 hbr,mild_master_46,,-0.014425910105292126
1189,constant,7.0,8.185604152366293e-18,0.7104595600298617,2.62824399607459e-09,0.38670748568484886,0.0010163616274883045,9,5,hbr,False,S9_D5 hbr,mild_master_46,,
1197,Linear,7.0,4.674331779192098e-18,0.3216035440579306,2.315304914359617e-13,-1.0664766284941334,-2.4692185790021423e-07,9,7,hbr,False,S9_D7 hbr,mild_master_46,,
1198,ShortHbO,7.0,4.674331779192098e-18,1.8600488380729714e-06,0.002306617360100691,14.394341747835,33202.23856277833,9,7,hbr,True,S9_D7 hbr,mild_master_46,,
1199,az_itd=0_az=15,7.0,4.674331779192098e-18,0.3459899622904514,1.6134848783814883e-09,-1.010303846105587,-0.001630109978262023,9,7,hbr,False,S9_D7 hbr,mild_master_46,,-0.007674665146684714
1200,az_itd=0_az=5,7.0,4.674331779192098e-18,0.3266669978034644,1.6259088675973323e-09,1.05454230624706,0.0017145896869836365,9,7,hbr,False,S9_D7 hbr,mild_master_46,,0.017135232332319863
1201,az_itd=15_az=0,7.0,4.674331779192098e-18,0.2798192153036042,1.6164038527465408e-09,-1.1712490314155035,-0.001893211446905674,9,7,hbr,False,S9_D7 hbr,mild_master_46,,0.007015962438433854
1202,az_itd=5_az=0,7.0,4.674331779192098e-18,0.058903174801045705,1.6253949113557836e-09,2.2533861838085416,0.0036626424364818314,9,7,hbr,False,S9_D7 hbr,mild_master_46,,0.001270777467698008
1203,constant,7.0,4.674331779192098e-18,0.6267569343109833,1.9860952789342105e-09,0.5084637267329709,0.001009857407173648,9,7,hbr,False,S9_D7 hbr,mild_master_46,,
1155,Linear,7.0,1.1703296322269387e-18,0.19875616765112492,1.158517308909938e-13,-1.4193544649831753,-1.6443467151616129e-07,9,15,hbr,False,S9_D15 hbr,mild_master_46,,
1156,ShortHbO,7.0,1.1703296322269387e-18,0.017649087470942112,0.0011541702866587266,3.086678365860935,3562.552454349005,9,15,hbr,True,S9_D15 hbr,mild_master_46,,
1157,az_itd=0_az=15,7.0,1.1703296322269387e-18,0.09367856937862866,8.073451352675985e-10,1.9389584691627408,0.0015654086875644486,9,15,hbr,False,S9_D15 hbr,mild_master_46,,0.013156399875250677
1158,az_itd=0_az=5,7.0,1.1703296322269387e-18,3.385434171195278e-05,8.135617706934541e-10,9.324753829088317,0.007586263236473658,9,15,hbr,True,S9_D15 hbr,mild_master_46,,0.01712512783063894
1159,az_itd=15_az=0,7.0,1.1703296322269387e-18,2.0106286931190353e-06,8.088057127946467e-10,14.230360553679109,0.011509596910943255,9,15,hbr,True,S9_D15 hbr,mild_master_46,,0.007761003001097604
1160,az_itd=5_az=0,7.0,1.1703296322269387e-18,4.1098941281674985e-05,8.133046005910785e-10,9.051613944452635,0.007361719263797689,9,15,hbr,True,S9_D15 hbr,mild_master_46,,0.0097487737625953
1161,constant,7.0,1.1703296322269387e-18,0.6548450604980249,9.937895192633842e-10,-0.4667679757431014,-0.0004638691222212797,9,15,hbr,False,S9_D15 hbr,mild_master_46,,
1169,Linear,7.0,5.242643956011397e-19,0.30437119557239706,7.753960929258925e-14,-1.1082570906644489,-8.593382180586302e-08,9,16,hbr,False,S9_D16 hbr,mild_master_46,,
1170,ShortHbO,7.0,5.242643956011397e-19,7.230668750204594e-09,0.0007724866292143641,32.18416725786512,24861.838879099534,9,16,hbr,True,S9_D16 hbr,mild_master_46,,
1171,az_itd=0_az=15,7.0,5.242643956011397e-19,0.635389419837123,5.403564182551955e-10,0.4955486077002001,0.00026777287072822915,9,16,hbr,False,S9_D16 hbr,mild_master_46,,0.005365797872702342
1172,az_itd=0_az=5,7.0,5.242643956011397e-19,0.0030355890989938587,5.445172148037502e-10,4.432357765414514,0.002413495105437285,9,16,hbr,True,S9_D16 hbr,mild_master_46,,0.012961783266406667
1173,az_itd=15_az=0,7.0,5.242643956011397e-19,0.00046996953632189167,5.413339833715547e-10,6.144708780390744,0.0033263396807470887,9,16,hbr,True,S9_D16 hbr,mild_master_46,,0.004054264524164078
1174,az_itd=5_az=0,7.0,5.242643956011397e-19,1.4640849591975815e-06,5.443450907525462e-10,14.909818113628027,0.008116086294166805,9,16,hbr,True,S9_D16 hbr,mild_master_46,,0.010125609106707945
1175,constant,7.0,5.242643956011397e-19,0.6658244602134853,6.651437181828357e-10,-0.45071494689032227,-0.00029979021561520833,9,16,hbr,False,S9_D16 hbr,mild_master_46,,
35,Linear,7.0,1.1375134637432258e-16,0.5184953782579994,1.142159349027919e-12,0.6797618934901916,7.763964017627429e-07,10,6,hbr,False,S10_D6 hbr,mild_master_46,,
36,ShortHbO,7.0,1.1375134637432258e-16,0.0797117674986164,0.01137873705588267,-2.048456626861758,-23308.849327440308,10,6,hbr,False,S10_D6 hbr,mild_master_46,,
37,az_itd=0_az=15,7.0,1.1375134637432258e-16,9.750694783956689e-06,7.959456341707381e-09,-11.2573617742068,-0.08960247956460457,10,6,hbr,True,S10_D6 hbr,mild_master_46,,-0.1297122746809612
38,az_itd=0_az=5,7.0,1.1375134637432258e-16,0.7004669588726092,8.020744923384422e-09,0.40087404301162965,0.003215308445402117,10,6,hbr,False,S10_D6 hbr,mild_master_46,,0.04677698890801007
39,az_itd=15_az=0,7.0,1.1375134637432258e-16,0.0008301251114352604,7.973855887270218e-09,5.583557639402615,0.04452248395486314,10,6,hbr,True,S10_D6 hbr,mild_master_46,,0.10290552344860027
40,az_itd=5_az=0,7.0,1.1375134637432258e-16,0.0002978526985763044,8.018209534103143e-09,6.62308905566611,0.053105315811356184,10,6,hbr,True,S10_D6 hbr,mild_master_46,,0.0005715192084704428
41,constant,7.0,1.1375134637432258e-16,0.8522587398475799,9.797574724719753e-09,-0.19323956199119618,-0.0018932790483808597,10,6,hbr,False,S10_D6 hbr,mild_master_46,,
7,Linear,7.0,1.5599166574353071e-18,0.9717006487809338,1.3375164250070767e-13,0.03676268129670599,4.917069006164472e-09,10,14,hbr,False,S10_D14 hbr,mild_master_46,,
8,ShortHbO,7.0,1.5599166574353071e-18,2.3118962865727054e-07,0.0013324977570802789,-19.519000281288474,-26009.02409526622,10,14,hbr,True,S10_D14 hbr,mild_master_46,,
9,az_itd=0_az=15,7.0,1.5599166574353071e-18,0.15255393521952115,9.32085667400174e-10,1.60488546376968,0.0014958907385986,10,14,hbr,False,S10_D14 hbr,mild_master_46,,-0.0056319798968537185
10,az_itd=0_az=5,7.0,1.5599166574353071e-18,0.0003598021719263045,9.392628169571248e-10,-6.4216537706165235,-0.006031620610112618,10,14,hbr,True,S10_D14 hbr,mild_master_46,,0.0036646329254586994
11,az_itd=15_az=0,7.0,1.5599166574353071e-18,0.10583871985721381,9.337719144828882e-10,-1.8559507502228827,-0.0017330346852215738,10,14,hbr,False,S10_D14 hbr,mild_master_46,,-0.025246754596054296
12,az_itd=5_az=0,7.0,1.5599166574353071e-18,7.789420683864445e-05,9.389659122554836e-10,8.198905310044506,0.007698492603942269,10,14,hbr,True,S10_D14 hbr,mild_master_46,,0.007067623200389389
13,constant,7.0,1.5599166574353071e-18,0.8819892861956954,1.1473370270706886e-09,-0.1539556254437675,-0.00017663898959746068,10,14,hbr,False,S10_D14 hbr,mild_master_46,,
21,Linear,7.0,2.703585576105804e-19,0.41595337132896415,5.5682469328013375e-14,-0.8644977158685332,-4.813736754798722e-08,10,15,hbr,False,S10_D15 hbr,mild_master_46,,
22,ShortHbO,7.0,2.703585576105804e-19,2.7445661811713626e-08,0.0005547353595143827,-26.563194591546786,-14735.543301592212,10,15,hbr,True,S10_D15 hbr,mild_master_46,,
23,az_itd=0_az=15,7.0,2.703585576105804e-19,0.09163375379533376,3.8803883537965865e-10,1.9539430662381545,0.0007582057918212127,10,15,hbr,False,S10_D15 hbr,mild_master_46,,0.00048446550674402224
24,az_itd=0_az=5,7.0,2.703585576105804e-19,0.0004330455619790467,3.910267718460491e-10,6.228594538516437,0.0024355472155340144,10,15,hbr,True,S10_D15 hbr,mild_master_46,,0.009488047963967829
25,az_itd=15_az=0,7.0,2.703585576105804e-19,0.0011847201332301329,3.887408409753072e-10,-5.251158773452441,-0.0020413398776867645,10,15,hbr,True,S10_D15 hbr,mild_master_46,,-0.00970368895039105
26,az_itd=5_az=0,7.0,2.703585576105804e-19,2.3732152109243736e-07,3.9090316673262115e-10,19.444952135243984,0.007601093366631117,10,15,hbr,True,S10_D15 hbr,mild_master_46,,0.005321281752562773
27,constant,7.0,2.703585576105804e-19,0.759202642531021,4.776506488017121e-10,-0.31876894052240373,-0.00015226019125836056,10,15,hbr,False,S10_D15 hbr,mild_master_46,,
105,Linear,7.0,3.358921049989523e-18,0.07903455815309547,1.962674699764899e-13,2.054237117739311,4.0317992183049137e-07,11,3,hbr,False,S11_D3 hbr,mild_master_46,,
106,ShortHbO,7.0,3.358921049989523e-18,0.000807376484314579,0.0019553102948258005,-5.610101799043259,-10969.48980269003,11,3,hbr,True,S11_D3 hbr,mild_master_46,,
107,az_itd=0_az=15,7.0,3.358921049989523e-18,0.04249131842108076,1.367744667068386e-09,2.4754666805860674,0.003385806350877074,11,3,hbr,True,S11_D3 hbr,mild_master_46,,-0.022695937199460572
108,az_itd=0_az=5,7.0,3.358921049989523e-18,7.414218975590187e-07,1.3782764329506491e-09,-16.472334917914885,-0.022703431013032155,11,3,hbr,True,S11_D3 hbr,mild_master_46,,-0.02336732542727791
109,az_itd=15_az=0,7.0,3.358921049989523e-18,2.5848935744150118e-05,1.370219069942936e-09,-9.716683308677004,-0.013313984766145454,11,3,hbr,True,S11_D3 hbr,mild_master_46,,-0.025511449739842512
110,az_itd=5_az=0,7.0,3.358921049989523e-18,1.0064643274257604e-07,1.377840754303825e-09,-22.019167260270592,-0.030338906027033322,11,3,hbr,True,S11_D3 hbr,mild_master_46,,-0.0429643050135104
111,constant,7.0,3.358921049989523e-18,0.6731045886255009,1.6836050107745041e-09,0.4401415907433548,0.0007410245876257732,11,3,hbr,False,S11_D3 hbr,mild_master_46,,
119,Linear,7.0,6.0744020530894965e-19,0.41368838774470573,8.346419191017608e-14,0.868920177805437,7.252372047497731e-08,11,4,hbr,False,S11_D4 hbr,mild_master_46,,
120,ShortHbO,7.0,6.0744020530894965e-19,2.0492675381895727e-05,0.0008315101514827316,-10.065495425221624,-8369.561625774773,11,4,hbr,True,S11_D4 hbr,mild_master_46,,
121,az_itd=0_az=15,7.0,6.0744020530894965e-19,0.0002573538724506506,5.81643526509972e-10,-6.782140291033635,-0.003944787996162172,11,4,hbr,True,S11_D4 hbr,mild_master_46,,-0.0015818012828039251
122,az_itd=0_az=5,7.0,6.0744020530894965e-19,0.2837768904521792,5.861222377750409e-10,-1.1607943913806507,-0.0006803674062727436,11,4,hbr,False,S11_D4 hbr,mild_master_46,,0.014946916670355258
123,az_itd=15_az=0,7.0,6.0744020530894965e-19,0.14914165287925155,5.826957846167754e-10,-1.62056780313311,-0.0009442980275713316,11,4,hbr,False,S11_D4 hbr,mild_master_46,,-0.005305192681924207
124,az_itd=5_az=0,7.0,6.0744020530894965e-19,0.14061368386282266,5.859369622110665e-10,-1.6612771651390437,-0.0009734036955321836,11,4,hbr,False,S11_D4 hbr,mild_master_46,,0.0012019511029412746
125,constant,7.0,6.0744020530894965e-19,0.7521736982790909,7.159654716955882e-10,-0.3284563490120558,-0.00023516340485182726,11,4,hbr,False,S11_D4 hbr,mild_master_46,,
49,Linear,7.0,6.310105812938413e-19,0.1556470271882867,8.50681027719872e-14,-1.590949542947628,-1.3533905922451486e-07,11,11,hbr,False,S11_D11 hbr,mild_master_46,,
50,ShortHbO,7.0,6.310105812938413e-19,7.145350091979087e-06,0.0008474890776922449,-11.792993235747558,-9994.43296059458,11,11,hbr,True,S11_D11 hbr,mild_master_46,,
51,az_itd=0_az=15,7.0,6.310105812938413e-19,9.639404604496984e-06,5.928208272004941e-10,11.276739586593044,0.006685086089848646,11,11,hbr,True,S11_D11 hbr,mild_master_46,,0.015804916952647484
52,az_itd=0_az=5,7.0,6.310105812938413e-19,0.15563396352945044,5.9738560475915e-10,1.5910078584914886,0.0009504451917214981,11,11,hbr,False,S11_D11 hbr,mild_master_46,,0.0146855236204632
53,az_itd=15_az=0,7.0,6.310105812938413e-19,0.0010389127628028772,5.93893306292708e-10,5.372322780927976,0.0031905865388369517,11,11,hbr,True,S11_D11 hbr,mild_master_46,,0.001968744118982741
54,az_itd=5_az=0,7.0,6.310105812938413e-19,8.51238645532554e-06,5.971967688002005e-10,11.488581069647687,0.0068609434928927505,11,11,hbr,True,S11_D11 hbr,mild_master_46,,0.010757720309646283
55,constant,7.0,6.310105812938413e-19,0.7433157513369881,7.297240041926154e-10,-0.3407142620537411,-0.0002486273755913881,11,11,hbr,False,S11_D11 hbr,mild_master_46,,
63,Linear,7.0,4.447361162319826e-19,0.17878594281234161,7.141667486126472e-14,-1.4941320715990087,-1.0670594435717432e-07,11,12,hbr,False,S11_D12 hbr,mild_master_46,,
64,ShortHbO,7.0,4.447361162319826e-19,1.255988576116751e-08,0.0007114870314229098,-29.72769412980561,-21150.868847463655,11,12,hbr,True,S11_D12 hbr,mild_master_46,,
65,az_itd=0_az=15,7.0,4.447361162319826e-19,3.259348214379222e-06,4.976870400018524e-10,13.251291724836937,0.006594996154735136,11,12,hbr,True,S11_D12 hbr,mild_master_46,,0.003716673528929951
66,az_itd=0_az=5,7.0,4.447361162319826e-19,0.06412309202810082,5.015192782215566e-10,-2.1958450773577676,-0.0011012586382828256,11,12,hbr,False,S11_D12 hbr,mild_master_46,,0.006131922575773813
67,az_itd=15_az=0,7.0,4.447361162319826e-19,1.1331415758358514e-05,4.985874114469456e-10,11.006510130134009,0.005487707394848099,11,12,hbr,True,S11_D12 hbr,mild_master_46,,0.0024124593105389848
68,az_itd=5_az=0,7.0,4.447361162319826e-19,2.6131695171772507e-05,5.013607459886401e-10,9.700604489400481,0.004863502303346576,11,12,hbr,True,S11_D12 hbr,mild_master_46,,0.009009695588286522
69,constant,7.0,4.447361162319826e-19,0.7007721721716567,6.126204799179488e-10,-0.4004400228214479,-0.0002453177589592298,11,12,hbr,False,S11_D12 hbr,mild_master_46,,
77,Linear,7.0,1.8238547169129624e-18,0.015225253251267312,1.4462505811635562e-13,-3.1924241245489555,-4.617045245449484e-07,11,13,hbr,True,S11_D13 hbr,mild_master_46,,
78,ShortHbO,7.0,1.8238547169129624e-18,4.31467875919522e-06,0.0014408239177820133,12.71203584857117,18315.805294323716,11,13,hbr,True,S11_D13 hbr,mild_master_46,,
79,az_itd=0_az=15,7.0,1.8238547169129624e-18,4.3736879759556526e-07,1.0078601002336031e-09,17.790778203170134,0.017930615503080855,11,13,hbr,True,S11_D13 hbr,mild_master_46,,0.014918868968027299
80,az_itd=0_az=5,7.0,1.8238547169129624e-18,0.001685541184319279,1.0156207202333036e-09,4.934547269955892,0.005011628452337884,11,13,hbr,True,S11_D13 hbr,mild_master_46,,0.029247018352904646
81,az_itd=15_az=0,7.0,1.8238547169129624e-18,1.231088137639397e-06,1.0096834317290258e-09,15.293922249848613,0.01544201990182405,11,13,hbr,True,S11_D13 hbr,mild_master_46,,0.017472015750256694
82,az_itd=5_az=0,7.0,1.8238547169129624e-18,1.5123567911728337e-06,1.0152996784955944e-09,14.838955674187602,0.015065986925213048,11,13,hbr,True,S11_D13 hbr,mild_master_46,,0.02941214960063102
83,constant,7.0,1.8238547169129624e-18,0.9589689836878483,1.2406104412382606e-09,0.05331706941065606,6.614571300708498e-05,11,13,hbr,False,S11_D13 hbr,mild_master_46,,
91,Linear,7.0,1.2275070409204148e-18,0.03963499846080394,1.186480000487135e-13,-2.5230232306460767,-2.9935166039260097e-07,11,20,hbr,True,S11_D20 hbr,mild_master_46,,
92,ShortHbO,7.0,1.2275070409204148e-18,0.035976804577231646,0.0011820280558134833,-2.5893886898595593,-3060.7300788201173,11,20,hbr,True,S11_D20 hbr,mild_master_46,,
93,az_itd=0_az=15,7.0,1.2275070409204148e-18,1.9092282181586633e-05,8.268317176779034e-10,10.174003987957796,0.008412189193024984,11,20,hbr,True,S11_D20 hbr,mild_master_46,,0.008449308878121961
94,az_itd=0_az=5,7.0,1.2275070409204148e-18,0.006517675577749265,8.33198401668182e-10,3.8228958379216014,0.003185230701900223,11,20,hbr,True,S11_D20 hbr,mild_master_46,,0.014204802010485074
95,az_itd=15_az=0,7.0,1.2275070409204148e-18,1.3280704088228936e-07,8.283275486091082e-10,21.15281052535422,0.017521455688659603,11,20,hbr,True,S11_D20 hbr,mild_master_46,,0.015964427967876022
96,az_itd=5_az=0,7.0,1.2275070409204148e-18,1.9649779626125066e-06,8.329350243488746e-10,14.278555927394939,0.011893109329051473,11,20,hbr,True,S11_D20 hbr,mild_master_46,,0.019731022523939268
97,constant,7.0,1.2275070409204148e-18,0.7064469383071762,1.0177762388454678e-09,-0.3923855975336693,-0.00039936073763494946,11,20,hbr,False,S11_D20 hbr,mild_master_46,,
161,Linear,7.0,2.9272023771417865e-18,0.31545547238164884,1.8322081081277065e-13,-1.0811711240642758,-1.9809304997841127e-07,12,2,hbr,False,S12_D2 hbr,mild_master_46,,
162,ShortHbO,7.0,2.9272023771417865e-18,0.01991721449635705,0.0018253332437181493,-3.0008836834700188,-5477.612747969197,12,2,hbr,True,S12_D2 hbr,mild_master_46,,
163,az_itd=0_az=15,7.0,2.9272023771417865e-18,3.0641084811821007e-07,1.2768253797490284e-09,18.736312457040217,0.02392299926805683,12,2,hbr,True,S12_D2 hbr,mild_master_46,,0.03343813914775915
164,az_itd=0_az=5,7.0,2.9272023771417865e-18,0.06251336190945729,1.2866570583479815e-09,2.2130698527754022,0.0028474619466905995,12,2,hbr,False,S12_D2 hbr,mild_master_46,,0.019479680082741157
165,az_itd=15_az=0,7.0,2.9272023771417865e-18,0.00023473341531548195,1.2791352994774826e-09,6.88375602744941,0.008805255327701426,12,2,hbr,True,S12_D2 hbr,mild_master_46,,0.003467528433745347
166,az_itd=5_az=0,7.0,2.9272023771417865e-18,0.8042712625297865,1.2862503409488397e-09,-0.25740174806695015,-0.00033108308621194196,12,2,hbr,False,S12_D2 hbr,mild_master_46,,0.00682529934305074
167,constant,7.0,2.9272023771417865e-18,0.4396436249878295,1.5716892626144245e-09,-0.8192460035027399,-0.0012876001471450356,12,2,hbr,False,S12_D2 hbr,mild_master_46,,
175,Linear,7.0,9.809024077396493e-18,0.21991514574761206,3.3539866250632437e-13,-1.3471291056450598,-4.5182530025669406e-07,12,4,hbr,False,S12_D4 hbr,mild_master_46,,
176,ShortHbO,7.0,9.809024077396493e-18,0.0012097609270118308,0.003341401699160727,-5.2320274122278345,-17482.30528527359,12,4,hbr,True,S12_D4 hbr,mild_master_46,,
177,az_itd=0_az=15,7.0,9.809024077396493e-18,3.0576795167806376e-06,2.3373192309446142e-09,13.37702393755936,0.031266375302063935,12,4,hbr,True,S12_D4 hbr,mild_master_46,,0.0010964940703980443
178,az_itd=0_az=5,7.0,9.809024077396493e-18,0.6149139762273266,2.3553168145032347e-09,0.5263359903748137,0.0012396880082080114,12,4,hbr,False,S12_D4 hbr,mild_master_46,,0.03526099613745643
179,az_itd=15_az=0,7.0,9.809024077396493e-18,0.9942371060513919,2.3415477025029693e-09,-0.007484523911898483,-1.7525369770234427e-05,12,4,hbr,False,S12_D4 hbr,mild_master_46,,0.003207266117514139
180,az_itd=5_az=0,7.0,9.809024077396493e-18,8.304758780888724e-05,2.354572289516771e-09,8.117329833260094,0.01911283989026201,12,4,hbr,True,S12_D4 hbr,mild_master_46,,0.04025603122442663
181,constant,7.0,9.809024077396493e-18,0.9120329869614154,2.8770884389061274e-09,0.11453076763517346,0.00032951514746220163,12,4,hbr,False,S12_D4 hbr,mild_master_46,,
133,Linear,7.0,7.529276780677949e-19,0.22823833816090114,9.292339258898909e-14,1.3203887276150945,1.2269500010625322e-07,12,10,hbr,False,S12_D10 hbr,mild_master_46,,
134,ShortHbO,7.0,7.529276780677949e-19,0.056695802780852185,0.0009257472273991929,2.279287337526892,2110.0439331616085,12,10,hbr,False,S12_D10 hbr,mild_master_46,,
135,az_itd=0_az=15,7.0,7.529276780677949e-19,0.00036928303579130013,6.475626076736815e-10,-6.394290445919864,-0.004140703395382776,12,10,hbr,True,S12_D10 hbr,mild_master_46,,0.003256405975143207
136,az_itd=0_az=5,7.0,7.529276780677949e-19,0.0016793552148339898,6.52548902222901e-10,-4.937785862990776,-0.0032221467443063903,12,10,hbr,True,S12_D10 hbr,mild_master_46,,0.017884525049173577
137,az_itd=15_az=0,7.0,7.529276780677949e-19,1.8023691343618902e-05,6.487341207612181e-10,-10.263063454950897,-0.006657999446764159,12,10,hbr,True,S12_D10 hbr,mild_master_46,,-0.005967451304381378
138,az_itd=5_az=0,7.0,7.529276780677949e-19,0.006266512351129301,6.523426289268406e-10,-3.853188096226464,-0.0025135988524419796,12,10,hbr,True,S12_D10 hbr,mild_master_46,,-0.0011587446467618574
139,constant,7.0,7.529276780677949e-19,0.980255594871105,7.971075869054027e-10,-0.02564586640908567,-2.0442514687444602e-05,12,10,hbr,False,S12_D10 hbr,mild_master_46,,
147,Linear,7.0,5.778302449478406e-19,0.8872105297344017,8.140452774537364e-14,0.14708640625197367,1.1973499438706088e-08,12,11,hbr,False,S12_D11 hbr,mild_master_46,,
148,ShortHbO,7.0,5.778302449478406e-19,2.596812368091034e-09,0.0008109907931509388,37.28264545668862,30235.882209685147,12,11,hbr,True,S12_D11 hbr,mild_master_46,,
149,az_itd=0_az=15,7.0,5.778302449478406e-19,0.0012548155320573269,5.67290181670413e-10,5.19868969389776,0.0029491656208993637,12,11,hbr,True,S12_D11 hbr,mild_master_46,,0.010448194108692554
150,az_itd=0_az=5,7.0,5.778302449478406e-19,0.6057986331951528,5.716583707955551e-10,-0.5402186798081084,-0.00030882053037242893,12,11,hbr,False,S12_D11 hbr,mild_master_46,,0.0178367181153458
151,az_itd=15_az=0,7.0,5.778302449478406e-19,0.0010580848572992784,5.683164729731881e-10,-5.355344318364484,-0.003043530394569906,12,11,hbr,True,S12_D11 hbr,mild_master_46,,7.4817441812714e-05
152,az_itd=5_az=0,7.0,5.778302449478406e-19,0.12003691166267627,5.71477667317298e-10,1.7699968984763836,0.001011513698700136,12,11,hbr,False,S12_D11 hbr,mild_master_46,,0.008720026888283033
153,constant,7.0,5.778302449478406e-19,0.8307270674145133,6.982974347621654e-10,-0.22189929287432614,-0.0001549517069896804,12,11,hbr,False,S12_D11 hbr,mild_master_46,,
189,Linear,7.0,9.762010479821289e-18,0.7654001810988152,3.3459393224085533e-13,0.31025528888436044,1.0380953710634069e-07,13,1,hbr,False,S13_D1 hbr,mild_master_46,,
190,ShortHbO,7.0,9.762010479821289e-18,0.03305893585873337,0.003333384591828483,2.6475525422281017,8825.310850319484,13,1,hbr,True,S13_D1 hbr,mild_master_46,,
191,az_itd=0_az=15,7.0,9.762010479821289e-18,0.0008100981764301332,2.3317112433898984e-09,5.6068823243721875,0.013073630556102715,13,1,hbr,True,S13_D1 hbr,mild_master_46,,0.021803368560227264
192,az_itd=0_az=5,7.0,9.762010479821289e-18,8.61575606915553e-05,2.3496656449033466e-09,-8.070820786941171,-0.018963730329247464,13,1,hbr,True,S13_D1 hbr,mild_master_46,,0.018295497190326422
193,az_itd=15_az=0,7.0,9.762010479821289e-18,0.2822153432154183,2.335929569472376e-09,1.1649048401922792,0.0027211356618266377,13,1,hbr,False,S13_D1 hbr,mild_master_46,,-0.01850066189032565
194,az_itd=5_az=0,7.0,9.762010479821289e-18,3.080044074979859e-05,2.3489229062740064e-09,9.460487325092112,0.022221955382423764,13,1,hbr,True,S13_D1 hbr,mild_master_46,,0.0022190043148531805
195,constant,7.0,9.762010479821289e-18,0.26184712185278003,2.870185369806455e-09,-1.2203388099969599,-0.003502598598660293,13,1,hbr,False,S13_D1 hbr,mild_master_46,,
231,Linear,7.0,1.0430042312333834e-17,0.2361845712335326,3.4585293156653725e-13,-1.2956412467045697,-4.4810132343129857e-07,13,3,hbr,False,S13_D3 hbr,mild_master_46,,
232,ShortHbO,7.0,1.0430042312333834e-17,3.550130110105351e-07,0.003445552121646744,-18.339382224078744,-63189.2973318651,13,3,hbr,True,S13_D3 hbr,mild_master_46,,
233,az_itd=0_az=15,7.0,1.0430042312333834e-17,5.573674568200174e-07,2.410172723970825e-09,17.17304085927255,0.041389994666655196,13,3,hbr,True,S13_D3 hbr,mild_master_46,,0.007532057914440756
234,az_itd=0_az=5,7.0,1.0430042312333834e-17,5.907486169470459e-07,2.4287312864538973e-09,17.02792982109667,0.0413562659000388,13,3,hbr,True,S13_D3 hbr,mild_master_46,,0.02855389881288843
235,az_itd=15_az=0,7.0,1.0430042312333834e-17,0.00019855192529113003,2.4145329956355197e-09,-7.071672320077148,-0.01707478615114866,13,3,hbr,True,S13_D3 hbr,mild_master_46,,-0.01259829013251954
236,az_itd=5_az=0,7.0,1.0430042312333834e-17,0.022592098111746835,2.427963554861682e-09,-2.9121228578141327,-0.0070705281660523615,13,3,hbr,True,S13_D3 hbr,mild_master_46,,-0.034672484362600405
237,constant,7.0,1.0430042312333834e-17,0.8001991842264765,2.9667663655430155e-09,0.2628977950316428,0.0007799563358752995,13,3,hbr,False,S13_D3 hbr,mild_master_46,,
245,Linear,7.0,1.1556681303549441e-18,0.05675962006760927,1.151237677351256e-13,2.278524264652799,2.623122982227367e-07,13,9,hbr,False,S13_D9 hbr,mild_master_46,,
246,ShortHbO,7.0,1.1556681303549441e-18,8.636715780820568e-05,0.0011469179699447368,-8.067754760299424,-9253.052911694604,13,9,hbr,True,S13_D9 hbr,mild_master_46,,
247,az_itd=0_az=15,7.0,1.1556681303549441e-18,2.9070918818742175e-05,8.022721207513351e-10,-9.544305452795601,-0.0076571301767128595,13,9,hbr,True,S13_D9 hbr,mild_master_46,,0.006460322100531465
248,az_itd=0_az=5,7.0,1.1556681303549441e-18,8.738917794629448e-06,8.084496934760236e-10,-11.443534079879747,-0.00925152161916121,13,9,hbr,True,S13_D9 hbr,mild_master_46,,-0.002257195958829773
249,az_itd=15_az=0,7.0,1.1556681303549441e-18,0.06902359003000214,8.037235206284871e-10,2.1459656585604443,0.0017247630742460301,13,9,hbr,False,S13_D9 hbr,mild_master_46,,0.011882653484093836
250,az_itd=5_az=0,7.0,1.1556681303549441e-18,1.6329077563400359e-07,8.081941393215315e-10,-20.528846362090086,-0.01659129331687335,13,9,hbr,True,S13_D9 hbr,mild_master_46,,-0.023594825884531642
251,constant,7.0,1.1556681303549441e-18,0.9048289472551256,9.875449672903762e-10,-0.12396316631951179,-0.00012241920102821374,13,9,hbr,False,S13_D9 hbr,mild_master_46,,
203,Linear,7.0,1.3994313080827378e-18,0.04081462667618864,1.2668471507233109e-13,2.5029674660019725,3.1708772026577446e-07,13,10,hbr,True,S13_D10 hbr,mild_master_46,,
204,ShortHbO,7.0,1.3994313080827378e-18,0.2641703321729308,0.0012620936500973604,-1.2138365408381067,-1531.9753904479198,13,10,hbr,False,S13_D10 hbr,mild_master_46,,
205,az_itd=0_az=15,7.0,1.3994313080827378e-18,2.0976569285007962e-06,8.828378103616174e-10,-14.141840471373369,-0.012484951476230568,13,10,hbr,True,S13_D10 hbr,mild_master_46,,0.008010356222051297
206,az_itd=0_az=5,7.0,1.3994313080827378e-18,7.39540047703178e-07,8.896357466684482e-10,-16.478453198399237,-0.014659821015098985,13,10,hbr,True,S13_D10 hbr,mild_master_46,,-0.0007240266820462929
207,az_itd=15_az=0,7.0,1.3994313080827378e-18,0.0006138907060430554,8.844349625701524e-10,-5.876494942466456,-0.005197377584484009,13,10,hbr,True,S13_D10 hbr,mild_master_46,,0.0023306352713317185
208,az_itd=5_az=0,7.0,1.3994313080827378e-18,0.0001676266809566158,8.893545292805507e-10,-7.265800341852244,-0.006461872442874466,13,10,hbr,True,S13_D10 hbr,mild_master_46,,-0.0007489075019547636
209,constant,7.0,1.3994313080827378e-18,0.8953009694389593,1.0867161079208174e-09,-0.13645785239886804,-0.00014829094625413126,13,10,hbr,False,S13_D10 hbr,mild_master_46,,
217,Linear,7.0,3.167004301392876e-18,0.34007728279094,1.9057799462806546e-13,-1.0236294008514744,-1.9508123845660212e-07,13,11,hbr,False,S13_D11 hbr,mild_master_46,,
218,ShortHbO,7.0,3.167004301392876e-18,0.023256030685577717,0.0018986290234859066,-2.8918119038380574,-5490.478011088971,13,11,hbr,True,S13_D11 hbr,mild_master_46,,
219,az_itd=0_az=15,7.0,3.167004301392876e-18,0.41411109586549966,1.3280959694662988e-09,0.8680934954451558,0.001152911472420622,13,11,hbr,False,S13_D11 hbr,mild_master_46,,0.02630023024785454
220,az_itd=0_az=5,7.0,3.167004301392876e-18,0.00475932560217606,1.3383224365521304e-09,4.068317373634899,0.005444720420150422,13,11,hbr,True,S13_D11 hbr,mild_master_46,,0.03932587379167369
221,az_itd=15_az=0,7.0,3.167004301392876e-18,0.0011482923453219108,1.3304986434182795e-09,5.279808506770213,0.007024778055766061,13,11,hbr,True,S13_D11 hbr,mild_master_46,,0.013212019296653117
222,az_itd=5_az=0,7.0,3.167004301392876e-18,4.6355012720776233e-07,1.3378993875220288e-09,17.640731508032978,0.023601523880037875,13,11,hbr,True,S13_D11 hbr,mild_master_46,,0.023196500588669906
223,constant,7.0,3.167004301392876e-18,0.45731229308411925,1.6348000345528572e-09,-0.7866042880644499,-0.0012859407173071884,13,11,hbr,False,S13_D11 hbr,mild_master_46,,
259,Linear,7.0,6.665485320185026e-19,0.0169970037962283,8.743077222356078e-14,-3.113528446792163,-2.7221819644306256e-07,14,1,hbr,True,S14_D1 hbr,mild_master_46,,
260,ShortHbO,7.0,6.665485320185026e-19,0.00047340052808447,0.0008710271194394873,6.137291631942572,5345.74745133101,14,1,hbr,True,S14_D1 hbr,mild_master_46,,
261,az_itd=0_az=15,7.0,6.665485320185026e-19,5.13284207447113e-06,6.092857489871877e-10,12.388489434295595,0.007548130063794653,14,1,hbr,True,S14_D1 hbr,mild_master_46,,0.00376246714013166
262,az_itd=0_az=5,7.0,6.665485320185026e-19,3.8102670300686916e-06,6.139773080319664e-10,12.948482578569587,0.007950074476688971,14,1,hbr,True,S14_D1 hbr,mild_master_46,,0.008404018792498
263,az_itd=15_az=0,7.0,6.665485320185026e-19,2.0118013903671446e-07,6.103880149619823e-10,19.916893324435804,0.012157032980511927,14,1,hbr,True,S14_D1 hbr,mild_master_46,,0.00499228209291965
264,az_itd=5_az=0,7.0,6.665485320185026e-19,4.839932134998927e-06,6.137832273698081e-10,12.497115746428547,0.007670520035656961,14,1,hbr,True,S14_D1 hbr,mild_master_46,,-0.0029895356757578457
265,constant,7.0,6.665485320185026e-19,0.6973342183383999,7.499912554490238e-10,-0.40533377006559634,-0.0003039967830873826,14,1,hbr,False,S14_D1 hbr,mild_master_46,,
287,Linear,7.0,1.4602600215636457e-18,0.04036413522259739,1.294087147194263e-13,-2.51055511284307,-3.248877103853059e-07,14,2,hbr,True,S14_D2 hbr,mild_master_46,,
288,ShortHbO,7.0,1.4602600215636457e-18,0.30521696200442716,0.001289231435863413,1.106162429848539,1426.0993777317938,14,2,hbr,False,S14_D2 hbr,mild_master_46,,
289,az_itd=0_az=15,7.0,1.4602600215636457e-18,6.170118468894979e-05,9.018207625077725e-10,8.501471348444346,0.007666803373892061,14,2,hbr,True,S14_D2 hbr,mild_master_46,,0.01575038612989684
290,az_itd=0_az=5,7.0,1.4602600215636457e-18,7.001431451575099e-05,9.087648693774073e-10,8.33623023964557,0.007575673184831499,14,2,hbr,True,S14_D2 hbr,mild_master_46,,0.02886727336748497
291,az_itd=15_az=0,7.0,1.4602600215636457e-18,9.101998690649461e-05,9.034522569970627e-10,8.001777681378364,0.007229224106230006,14,2,hbr,True,S14_D2 hbr,mild_master_46,,0.0068605896965890515
292,az_itd=5_az=0,7.0,1.4602600215636457e-18,1.1601656990115687e-06,9.084776051979537e-10,15.427551437770077,0.014015584984253607,14,2,hbr,True,S14_D2 hbr,mild_master_46,,0.019277808617994056
293,constant,7.0,1.4602600215636457e-18,0.927331471918,1.1100828912993713e-09,0.09453743544682694,0.00010494438967684134,14,2,hbr,False,S14_D2 hbr,mild_master_46,,
301,Linear,7.0,1.749324056640013e-18,0.2899351551272838,1.4163923107611466e-13,1.1447644065228888,1.6214355030320667e-07,14,9,hbr,False,S14_D9 hbr,mild_master_46,,
302,ShortHbO,7.0,1.749324056640013e-18,0.00038855435452002157,0.0014110776824478963,-6.341022323663273,-8947.675084825145,14,9,hbr,True,S14_D9 hbr,mild_master_46,,
303,az_itd=0_az=15,7.0,1.749324056640013e-18,0.004563089276412487,9.870525307898875e-10,-4.101731987290153,-0.00404862493867658,14,9,hbr,True,S14_D9 hbr,mild_master_46,,-0.0006556126566522524
304,az_itd=0_az=5,7.0,1.749324056640013e-18,1.8309265712551499e-06,9.946529304975728e-10,-14.42780000765308,-0.014350653558245038,14,9,hbr,True,S14_D9 hbr,mild_master_46,,-0.02527079758421651
305,az_itd=15_az=0,7.0,1.749324056640013e-18,5.408860474665436e-06,9.88838219068061e-10,12.29239269109315,0.012155187696745803,14,9,hbr,True,S14_D9 hbr,mild_master_46,,0.018225120747235268
306,az_itd=5_az=0,7.0,1.749324056640013e-18,7.123215921444829e-06,9.943385167613593e-10,-11.798454025101996,-0.011731657275397009,14,9,hbr,True,S14_D9 hbr,mild_master_46,,-0.02991540751628093
307,constant,7.0,1.749324056640013e-18,0.8410228258631571,1.2149976722610182e-09,-0.20817093878036808,-0.00025292720605053814,14,9,hbr,False,S14_D9 hbr,mild_master_46,,
273,Linear,7.0,2.721986456846332e-18,0.08643558947879285,1.766816336230216e-13,1.993565818987916,3.52226465633802e-07,14,10,hbr,False,S14_D10 hbr,mild_master_46,,
274,ShortHbO,7.0,2.721986456846332e-18,0.21671279295597107,0.0017601868367239698,1.3576543661715743,2389.725344156029,14,10,hbr,False,S14_D10 hbr,mild_master_46,,
275,az_itd=0_az=15,7.0,2.721986456846332e-18,8.041034397483284e-05,1.2312552976087436e-09,-8.158338175967774,-0.010044997098843976,14,10,hbr,True,S14_D10 hbr,mild_master_46,,0.0008476027560532836
276,az_itd=0_az=5,7.0,2.721986456846332e-18,2.1659487683977304e-06,1.2407360821790873e-09,-14.075256651724368,-0.01746367879372563,14,10,hbr,True,S14_D10 hbr,mild_master_46,,-0.00046934608590711664
277,az_itd=15_az=0,7.0,2.721986456846332e-18,0.00211626327517213,1.233482775968603e-09,-4.73658620980336,-0.005842497506682853,14,10,hbr,True,S14_D10 hbr,mild_master_46,,0.014813117318372208
278,az_itd=5_az=0,7.0,2.721986456846332e-18,1.737601556805404e-05,1.2403438805826391e-09,-10.320009993297342,-0.012800361242738041,14,10,hbr,True,S14_D10 hbr,mild_master_46,,-0.020576613974046296
279,constant,7.0,2.721986456846332e-18,0.9624632391740449,1.5155954459247684e-09,0.048772209557764776,7.391893869343676e-05,14,10,hbr,False,S14_D10 hbr,mild_master_46,,
315,Linear,7.0,4.664372346414426e-18,0.7704684114964405,2.3128370301078134e-13,0.3033118096748555,7.015107850850192e-08,15,17,hbr,False,S15_D17 hbr,mild_master_46,,
316,ShortHbO,7.0,4.664372346414426e-18,0.3557437856196904,0.002304158735915762,-0.9887043232785516,-2278.1317037199565,15,17,hbr,False,S15_D17 hbr,mild_master_46,,
317,az_itd=0_az=15,7.0,4.664372346414426e-18,0.019794903370091613,1.6117650643314318e-09,-3.0052394658184385,-0.004843739980956213,15,17,hbr,True,S15_D17 hbr,mild_master_46,,0.008863070794966618
318,az_itd=0_az=5,7.0,4.664372346414426e-18,0.40630477641786267,1.6241758108131806e-09,0.8834602811225926,0.0014348948184135274,15,17,hbr,False,S15_D17 hbr,mild_master_46,,-0.013419944350650177
319,az_itd=15_az=0,7.0,4.664372346414426e-18,1.3075163451633398e-06,1.6146809273607713e-09,15.15939982321606,0.02447759376478322,15,17,hbr,True,S15_D17 hbr,mild_master_46,,0.05554477380953814
320,az_itd=5_az=0,7.0,4.664372346414426e-18,8.665490153976834e-05,1.6236624023977547e-09,-8.063559252164785,-0.013092497987246517,15,17,hbr,True,S15_D17 hbr,mild_master_46,,-0.050104553724385006
321,constant,7.0,4.664372346414426e-18,0.4851649327447054,1.9839782993385366e-09,-0.7368609138891796,-0.0014619160627868946,15,17,hbr,False,S15_D17 hbr,mild_master_46,,
329,Linear,7.0,1.0167345975244228e-17,0.5285217727518952,3.414697425579661e-13,0.6630478433823551,2.2641077638338742e-07,15,18,hbr,False,S15_D18 hbr,mild_master_46,,
330,ShortHbO,7.0,1.0167345975244228e-17,7.543701323247096e-07,0.0034018846988504285,16.430711617657817,55895.3864433341,15,18,hbr,True,S15_D18 hbr,mild_master_46,,
331,az_itd=0_az=15,7.0,1.0167345975244228e-17,0.00016648624549864824,2.3796272474741642e-09,-7.273715048420403,-0.01730873051958405,15,18,hbr,True,S15_D18 hbr,mild_master_46,,0.01082688138809998
332,az_itd=0_az=5,7.0,1.0167345975244228e-17,0.00021349590866586164,2.3979506068415006e-09,-6.989727321917832,-0.016761020873249485,15,18,hbr,True,S15_D18 hbr,mild_master_46,,-0.016314744143015758
333,az_itd=15_az=0,7.0,1.0167345975244228e-17,0.02212522078546148,2.3839322589600638e-09,-2.9267866858025893,-0.006977261195379605,15,18,hbr,True,S15_D18 hbr,mild_master_46,,0.022561106556546705
334,az_itd=5_az=0,7.0,1.0167345975244228e-17,0.010969486045232506,2.39719260514419e-09,3.431055461629243,0.008224900780457206,15,18,hbr,True,S15_D18 hbr,mild_master_46,,-0.03422264161422582
335,constant,7.0,1.0167345975244228e-17,0.9286773227099803,2.9291668643170294e-09,0.09278076023971613,0.0002717703285403194,15,18,hbr,False,S15_D18 hbr,mild_master_46,,
343,Linear,7.0,3.5416232811710825e-18,0.7144662023783943,2.0153459551404005e-13,-0.38105172086722966,-7.679510443490602e-08,16,16,hbr,False,S16_D16 hbr,mild_master_46,,
344,ShortHbO,7.0,3.5416232811710825e-18,7.1611767082439e-09,0.002007783915589065,32.22886580857055,64708.59838812633,16,16,hbr,True,S16_D16 hbr,mild_master_46,,
345,az_itd=0_az=15,7.0,3.5416232811710825e-18,0.002572488329053291,1.4044501020833016e-09,-4.570538337944745,-0.00641909303530214,16,16,hbr,True,S16_D16 hbr,mild_master_46,,-0.007119591960059701
346,az_itd=0_az=5,7.0,3.5416232811710825e-18,1.988062219448344e-05,1.4152645033561397e-09,10.111851810999832,0.01431094493130556,16,16,hbr,True,S16_D16 hbr,mild_master_46,,-0.007380656620278909
347,az_itd=15_az=0,7.0,3.5416232811710825e-18,0.000128075667085556,1.4069909091896497e-09,7.5830682249773735,0.010669308056308058,16,16,hbr,True,S16_D16 hbr,mild_master_46,,0.0020158187931855302
348,az_itd=5_az=0,7.0,3.5416232811710825e-18,0.18207631515353764,1.4148171326335622e-09,-1.4813078490647977,-0.0020957797235614467,16,16,hbr,False,S16_D16 hbr,mild_master_46,,-0.016390471055447987
349,constant,7.0,3.5416232811710825e-18,0.6578345005880881,1.7287870215705878e-09,-0.4623840593190953,-0.0007993635607319768,16,16,hbr,False,S16_D16 hbr,mild_master_46,,
357,Linear,7.0,4.341802668528065e-15,0.06805740660455742,7.056404475415886e-12,-2.1555124224963547,-1.5210167504917814e-05,16,18,hbr,False,S16_D18 hbr,mild_master_46,,
358,ShortHbO,7.0,4.341802668528065e-15,0.9236519222320831,0.07029927229860496,-0.09934189573672725,-6983.662979055812,16,18,hbr,False,S16_D18 hbr,mild_master_46,,
359,az_itd=0_az=15,7.0,4.341802668528065e-15,0.7302285797609349,4.9174524902591694e-08,-0.3589312983367547,-0.01765027606838031,16,18,hbr,False,S16_D18 hbr,mild_master_46,,0.553889653956663
360,az_itd=0_az=5,7.0,4.341802668528065e-15,0.10913980688658056,4.95531734881904e-08,-1.8350157400746459,-0.09093085332147904,16,18,hbr,False,S16_D18 hbr,mild_master_46,,-0.36400755919815664
361,az_itd=15_az=0,7.0,4.341802668528065e-15,1.7360442642668453e-06,4.926348711074595e-08,14.541164341050242,0.7163484620905671,16,18,hbr,True,S16_D18 hbr,mild_master_46,,0.24453941994709671
362,az_itd=5_az=0,7.0,4.341802668528065e-15,0.0003254469586330672,4.953750953351843e-08,-6.528054425196776,-0.3233835583235124,16,18,hbr,True,S16_D18 hbr,mild_master_46,,-0.030307061023002773
363,constant,7.0,4.341802668528065e-15,0.061365919605782755,6.053065204480857e-08,2.225623151227794,0.13471842054983993,16,18,hbr,False,S16_D18 hbr,mild_master_46,,
371,Linear,7.0,1.8174392645653126e-18,0.7664586300922964,1.44370473000899e-13,0.30880383150609714,4.458215521902516e-08,16,22,hbr,False,S16_D22 hbr,mild_master_46,,
372,ShortHbO,7.0,1.8174392645653126e-18,4.493106233108069e-07,0.001438287619243996,17.721103303620716,25488.043480941553,16,22,hbr,True,S16_D22 hbr,mild_master_46,,
373,az_itd=0_az=15,7.0,1.8174392645653126e-18,0.04578156742625483,1.0060859527703351e-09,-2.4246059491558323,-0.0024393619864490684,16,22,hbr,True,S16_D22 hbr,mild_master_46,,-0.005209712481795905
374,az_itd=0_az=5,7.0,1.8174392645653126e-18,0.025989657508455888,1.0138329116634173e-09,2.8141750113026203,0.0028531032456393657,16,22,hbr,True,S16_D22 hbr,mild_master_46,,-0.0064893319454652374
375,az_itd=15_az=0,7.0,1.8174392645653126e-18,3.5846913970808025e-06,1.0079060746348315e-09,13.066035755496397,0.013169336809360728,16,22,hbr,True,S16_D22 hbr,mild_master_46,,0.015129383871411592
376,az_itd=5_az=0,7.0,1.8174392645653126e-18,0.0007609051903896777,1.0135124350590877e-09,-5.667020455278092,-0.005743595701158558,16,22,hbr,True,S16_D22 hbr,mild_master_46,,-0.027098830871250663
377,constant,7.0,1.8174392645653126e-18,0.44518604473074586,1.2384265807334978e-09,-0.8089098506920791,-0.0010017754605142358,16,22,hbr,False,S16_D22 hbr,mild_master_46,,
385,Linear,7.0,4.238918554258367e-18,0.29339394188474355,2.2048343291673642e-13,1.1358839938876633,2.5044360236752527e-07,16,23,hbr,False,S16_D23 hbr,mild_master_46,,
386,ShortHbO,7.0,4.238918554258367e-18,7.1615274728151e-08,0.0021965612858425793,23.129799172252582,50806.021411083755,16,23,hbr,True,S16_D23 hbr,mild_master_46,,
387,az_itd=0_az=15,7.0,4.238918554258367e-18,2.2944914849017016e-05,1.5365003664892596e-09,-9.894349011118653,-0.015202670881756452,16,23,hbr,True,S16_D23 hbr,mild_master_46,,-0.0013387435373592117
388,az_itd=0_az=5,7.0,4.238918554258367e-18,1.878455014977132e-05,1.5483315675368651e-09,-10.199059863907495,-0.01579152634648622,16,23,hbr,True,S16_D23 hbr,mild_master_46,,-0.024177292980756146
389,az_itd=15_az=0,7.0,4.238918554258367e-18,0.17845179422572707,1.5392800672734251e-09,1.4954463885497822,0.0023019108175707094,16,23,hbr,False,S16_D23 hbr,mild_master_46,,0.006543116773879071
390,az_itd=5_az=0,7.0,4.238918554258367e-18,0.20687013054112247,1.547842133787544e-09,-1.39088635155343,-0.002152872498244433,16,23,hbr,False,S16_D23 hbr,mild_master_46,,-0.013059822985633815
391,constant,7.0,4.238918554258367e-18,0.9681127609262316,1.891332335897778e-09,-0.04142645514462102,-7.83511941766406e-05,16,23,hbr,False,S16_D23 hbr,mild_master_46,,
399,Linear,7.0,1.177057756681128e-18,0.07057617349542153,1.1618426447031696e-13,-2.130901603360849,-2.475772354450993e-07,17,15,hbr,False,S17_D15 hbr,mild_master_46,,
400,ShortHbO,7.0,1.177057756681128e-18,5.9121386446927865e-12,0.001157483145030538,89.09107832880564,103121.42153818796,17,15,hbr,True,S17_D15 hbr,mild_master_46,,
401,az_itd=0_az=15,7.0,1.177057756681128e-18,0.9627804624724128,8.096624883663819e-10,0.0483596665389342,3.915500794648191e-05,17,15,hbr,False,S17_D15 hbr,mild_master_46,,0.005902246108690564
402,az_itd=0_az=5,7.0,1.177057756681128e-18,0.00012424133782211396,8.158969676346524e-10,7.619590849787609,0.0062168010689584545,17,15,hbr,True,S17_D15 hbr,mild_master_46,,0.010495560921479578
403,az_itd=15_az=0,7.0,1.177057756681128e-18,8.683977987292884e-08,8.111272582440253e-10,22.494170897239457,0.018245635166350384,17,15,hbr,True,S17_D15 hbr,mild_master_46,,0.03165540913724744
404,az_itd=5_az=0,7.0,1.177057756681128e-18,1.8094453896911226e-07,8.156390593672622e-10,20.22553982674042,0.016496740279477656,17,15,hbr,True,S17_D15 hbr,mild_master_46,,0.017182987614193942
405,constant,7.0,1.177057756681128e-18,0.4056311275748389,9.966420306880554e-10,-0.8847964287830324,-0.0008818253095278608,17,15,hbr,False,S17_D15 hbr,mild_master_46,,
413,Linear,7.0,1.9910723845497143e-18,0.7518486809750393,1.511095633299415e-13,-0.32890512592337046,-4.970070995525993e-08,17,16,hbr,False,S17_D16 hbr,mild_master_46,,
414,ShortHbO,7.0,1.9910723845497143e-18,8.744508991048152e-10,0.0015054256564323097,43.580837472553796,65607.71085998909,17,16,hbr,True,S17_D16 hbr,mild_master_46,,
415,az_itd=0_az=15,7.0,1.9910723845497143e-18,0.24970426810358187,1.053049185442281e-09,-1.2551432901793333,-0.0013217276193366917,17,16,hbr,False,S17_D16 hbr,mild_master_46,,-0.006160730153124901
416,az_itd=0_az=5,7.0,1.9910723845497143e-18,0.6237425483857857,1.061157765757463e-09,0.5129955658413085,0.0005443692284916484,17,16,hbr,False,S17_D16 hbr,mild_master_46,,-0.0021236102015993173
417,az_itd=15_az=0,7.0,1.9910723845497143e-18,0.13260396809612485,1.0549542690402934e-09,-1.7016834593769798,-0.0017951982300249997,17,16,hbr,False,S17_D16 hbr,mild_master_46,,-0.016722995700911354
418,az_itd=5_az=0,7.0,1.9910723845497143e-18,4.552955800978075e-06,1.0608223295790599e-09,12.61104801624036,0.013378081335021481,17,16,hbr,True,S17_D16 hbr,mild_master_46,,-0.0022821460911155588
419,constant,7.0,1.9910723845497143e-18,0.7709807548426664,1.296235275406115e-09,-0.30261082221694047,-0.0003922548224772467,17,16,hbr,False,S17_D16 hbr,mild_master_46,,
427,Linear,7.0,5.805768182898041e-18,0.3391175133754557,2.580347942711958e-13,1.0258095587719982,2.6469455845915865e-07,17,17,hbr,False,S17_D17 hbr,mild_master_46,,
428,ShortHbO,7.0,5.805768182898041e-18,0.022402687953250826,0.0025706658863140345,2.9180329633133177,7501.2877939293985,17,17,hbr,True,S17_D17 hbr,mild_master_46,,
429,az_itd=0_az=15,7.0,5.805768182898041e-18,0.017989003195651675,1.798187513319409e-09,3.073097702909104,0.00552600591658171,17,17,hbr,True,S17_D17 hbr,mild_master_46,,0.005738619865655091
430,az_itd=0_az=5,7.0,5.805768182898041e-18,0.18190952365926924,1.8120337306424719e-09,1.4819528357466913,0.0026853485255942675,17,17,hbr,False,S17_D17 hbr,mild_master_46,,0.0021580497725419744
431,az_itd=15_az=0,7.0,5.805768182898041e-18,0.00028735589796834057,1.801440635381639e-09,-6.661868389746079,-0.012000960424853034,17,17,hbr,True,S17_D17 hbr,mild_master_46,,0.007826209341383108
432,az_itd=5_az=0,7.0,5.805768182898041e-18,0.3664891172276202,1.8114609395935265e-09,-0.9654324326676386,-0.0017488431415941844,17,17,hbr,False,S17_D17 hbr,mild_master_46,,-0.0024614670831925338
433,constant,7.0,5.805768182898041e-18,0.4518525864432016,2.2134522477983334e-09,-0.7965957086618075,-0.0017632265619239842,17,17,hbr,False,S17_D17 hbr,mild_master_46,,
441,Linear,7.0,1.4378797708827509e-18,0.07899861117417196,1.2841321315360763e-13,-2.054545324100599,-2.638307666374781e-07,17,21,hbr,False,S17_D21 hbr,mild_master_46,,
442,ShortHbO,7.0,1.4378797708827509e-18,1.5025189264752074e-11,0.0012793137737037406,77.9676284657991,99745.06099931263,17,21,hbr,True,S17_D21 hbr,mild_master_46,,
443,az_itd=0_az=15,7.0,1.4378797708827509e-18,0.6160224549084098,8.948833318786936e-10,0.5246554084301611,0.00046950537998415937,17,21,hbr,False,S17_D21 hbr,mild_master_46,,-0.006396266926081
444,az_itd=0_az=5,7.0,1.4378797708827509e-18,0.0003472424564700535,9.017740198632331e-10,6.459175890581554,0.005824717007853406,17,21,hbr,True,S17_D21 hbr,mild_master_46,,0.007041945339554707
445,az_itd=15_az=0,7.0,1.4378797708827509e-18,2.7425273592893884e-08,8.965022757810915e-10,26.566039587074645,0.023816514948302985,17,21,hbr,True,S17_D21 hbr,mild_master_46,,0.02088557682040809
446,az_itd=5_az=0,7.0,1.4378797708827509e-18,2.4271160444591032e-05,9.014889655190372e-10,9.810223078382585,0.0088438078544421,17,21,hbr,True,S17_D21 hbr,mild_master_46,,-0.0037611997688076046
447,constant,7.0,1.4378797708827509e-18,0.7093106097068841,1.101543363966355e-09,-0.38833188908200617,-0.0004277644154348025,17,21,hbr,False,S17_D21 hbr,mild_master_46,,
455,Linear,7.0,1.594815087618644e-18,0.10155665611717092,1.3523951167328595e-13,-1.8840700922332692,-2.5480071923187013e-07,17,22,hbr,False,S17_D22 hbr,mild_master_46,,
456,ShortHbO,7.0,1.594815087618644e-18,1.4431337113090633e-06,0.001347320620547387,14.941406980310424,20130.8657245629,17,22,hbr,True,S17_D22 hbr,mild_master_46,,
457,az_itd=0_az=15,7.0,1.594815087618644e-18,0.021818675793196584,9.424542991776823e-10,2.9365937048510746,0.0027676053620750134,17,22,hbr,True,S17_D22 hbr,mild_master_46,,-0.010289833014995378
458,az_itd=0_az=5,7.0,1.594815087618644e-18,4.2375324721947417e-07,9.49711288199578e-10,17.87291428515588,0.01697410844963603,17,22,hbr,True,S17_D22 hbr,mild_master_46,,0.020805819183384196
459,az_itd=15_az=0,7.0,1.594815087618644e-18,1.1740834140833392e-07,9.441593042734183e-10,21.533687533538593,0.020331231440106977,17,22,hbr,True,S17_D22 hbr,mild_master_46,,0.01307433694786301
460,az_itd=5_az=0,7.0,1.594815087618644e-18,6.876951791000559e-05,9.494110806947376e-10,8.359516710696669,0.007936617794388243,17,22,hbr,True,S17_D22 hbr,mild_master_46,,-0.001958171178490333
461,constant,7.0,1.594815087618644e-18,0.3348640643704608,1.160100140563871e-09,-1.0355302929006849,-0.0012013188383522312,17,22,hbr,False,S17_D22 hbr,mild_master_46,,
469,Linear,7.0,2.49117158532937e-17,0.770991502914256,5.345031228588574e-13,0.30259611851784746,1.617385703127584e-07,18,15,hbr,False,S18_D15 hbr,mild_master_46,,
470,ShortHbO,7.0,2.49117158532937e-17,3.958023303224376e-06,0.005324975447371153,12.875695473788726,68562.76226575286,18,15,hbr,True,S18_D15 hbr,mild_master_46,,
471,az_itd=0_az=15,7.0,2.49117158532937e-17,2.8159228166471905e-06,3.724834257603523e-09,-13.540808969521207,-0.05043726912533765,18,15,hbr,True,S18_D15 hbr,mild_master_46,,-0.03341723603939682
472,az_itd=0_az=5,7.0,2.49117158532937e-17,0.0036240047281806687,3.753515840720493e-09,4.287006506234211,0.01609134683042193,18,15,hbr,True,S18_D15 hbr,mild_master_46,,0.007016431553184499
473,az_itd=15_az=0,7.0,2.49117158532937e-17,0.0009683255641193235,3.731572898825201e-09,5.437985368436908,0.020292238825067144,18,15,hbr,True,S18_D15 hbr,mild_master_46,,-0.06529331363764886
474,az_itd=5_az=0,7.0,2.49117158532937e-17,0.8753655053320372,3.752329339476459e-09,-0.1626820347453298,-0.0006104365719806298,18,15,hbr,False,S18_D15 hbr,mild_master_46,,-0.004046093324132854
475,constant,7.0,2.49117158532937e-17,0.9642717771490364,4.585029480573563e-09,0.046420364123157545,0.0002128387380036367,18,15,hbr,False,S18_D15 hbr,mild_master_46,,
483,Linear,7.0,1.4781445771703407e-17,0.16234201818213603,4.117246635647267e-13,1.5616438506086265,6.42967288999761e-07,18,16,hbr,False,S18_D16 hbr,mild_master_46,,
484,ShortHbO,7.0,1.4781445771703407e-17,1.5309101451849015e-06,0.0041017977833934125,14.81240208351711,60757.47803290245,18,16,hbr,True,S18_D16 hbr,mild_master_46,,
485,az_itd=0_az=15,7.0,1.4781445771703407e-17,0.018213215215202253,2.869218281351647e-09,-3.064288338605079,-0.008792112120458358,18,16,hbr,True,S18_D16 hbr,mild_master_46,,-0.04050802356486736
486,az_itd=0_az=5,7.0,1.4781445771703407e-17,0.6543517673921502,2.891311538910512e-09,-0.4674923283087979,-0.0013516659631913686,18,16,hbr,False,S18_D16 hbr,mild_master_46,,-0.023441958252036137
487,az_itd=15_az=0,7.0,1.4781445771703407e-17,2.0736784053998775e-06,2.8744090177032685e-09,-14.16580673654722,-0.04071832262657303,18,16,hbr,True,S18_D16 hbr,mild_master_46,,-0.08233240882360333
488,az_itd=5_az=0,7.0,1.4781445771703407e-17,0.0005764529558160096,2.89039758386586e-09,-5.938901647315332,-0.017165786972217212,18,16,hbr,True,S18_D16 hbr,mild_master_46,,-0.00526767926899387
489,constant,7.0,1.4781445771703407e-17,0.8236680320259971,3.5318216855806736e-09,0.23133912878251975,0.0008170485517574435,18,16,hbr,False,S18_D16 hbr,mild_master_46,,
497,Linear,7.0,2.8475992689882284e-18,0.41830284155708153,1.8071236205436058e-13,-0.8599286639191839,-1.553997400550861e-07,18,21,hbr,False,S18_D21 hbr,mild_master_46,,
498,ShortHbO,7.0,2.8475992689882284e-18,9.138643822294608e-09,0.001800342878875979,31.118812207029414,56024.53195600429,18,21,hbr,True,S18_D21 hbr,mild_master_46,,
499,az_itd=0_az=15,7.0,2.8475992689882284e-18,0.11973434015822285,1.2593445541576012e-09,1.7717243747279443,0.0022312114427819178,18,21,hbr,False,S18_D21 hbr,mild_master_46,,-0.019167282525256086
500,az_itd=0_az=5,7.0,2.8475992689882284e-18,0.015763620543410746,1.2690416287131314e-09,3.167456078597243,0.0040196336208603535,18,21,hbr,True,S18_D21 hbr,mild_master_46,,0.0057731341602399655
501,az_itd=15_az=0,7.0,2.8475992689882284e-18,0.00016103726349720756,1.2616228491200195e-09,7.3123937716360805,0.009225483064058997,18,21,hbr,True,S18_D21 hbr,mild_master_46,,-0.014399044392868683
502,az_itd=5_az=0,7.0,2.8475992689882284e-18,0.6147304203429942,1.2686404796211616e-09,-0.5266144399897082,-0.0006680843957239729,18,21,hbr,False,S18_D21 hbr,mild_master_46,,-0.008380269936087857
503,constant,7.0,2.8475992689882284e-18,0.8326673925510651,1.5501714996380325e-09,0.2193085211658219,0.00033996581913902133,18,21,hbr,False,S18_D21 hbr,mild_master_46,,
511,Linear,7.0,2.4045822487494433e-18,0.12321687957721353,1.6606122774463937e-13,-1.7520890135355724,-2.9095405270561124e-07,18,22,hbr,False,S18_D22 hbr,mild_master_46,,
512,ShortHbO,7.0,2.4045822487494433e-18,8.04519856493179e-09,0.0016543812798901414,31.69416308434047,52434.23008851806,18,22,hbr,True,S18_D22 hbr,mild_master_46,,
513,az_itd=0_az=15,7.0,2.4045822487494433e-18,0.0025489693373970082,1.1572440337757761e-09,4.578274548060988,0.005298180905731067,18,22,hbr,True,S18_D22 hbr,mild_master_46,,0.016264081519956685
514,az_itd=0_az=5,7.0,2.4045822487494433e-18,5.358005041813058e-06,1.1661549244747658e-09,12.309673121012679,0.014354985928743595,18,22,hbr,True,S18_D22 hbr,mild_master_46,,0.03722010874444712
515,az_itd=15_az=0,7.0,2.4045822487494433e-18,4.042913000204087e-06,1.159337617492588e-09,12.83526197522278,0.014880402038247989,18,22,hbr,True,S18_D22 hbr,mild_master_46,,0.025602327747238748
516,az_itd=5_az=0,7.0,2.4045822487494433e-18,2.417055715188187e-06,1.1657862982780637e-09,13.849506306066878,0.016145564689528404,18,22,hbr,True,S18_D22 hbr,mild_master_46,,0.008225608419090221
517,constant,7.0,2.4045822487494433e-18,0.4499969182752439,1.4244923784860065e-09,-0.8000106541723522,-0.00113960907957612,18,22,hbr,False,S18_D22 hbr,mild_master_46,,
525,Linear,7.0,1.5067253291939809e-18,0.0022192339566155226,1.3145147713944636e-13,-4.6958613181380855,-6.17277906711239e-07,18,23,hbr,True,S18_D23 hbr,mild_master_46,,
526,ShortHbO,7.0,1.5067253291939809e-18,9.15550174259356e-10,0.0013095824109395525,43.29489056253902,56698.22716425392,18,23,hbr,True,S18_D23 hbr,mild_master_46,,
527,az_itd=0_az=15,7.0,1.5067253291939809e-18,0.008389287182967706,9.160563228194474e-10,3.630767450561416,0.0033259874797738303,18,23,hbr,True,S18_D23 hbr,mild_master_46,,-0.00309471620554026
528,az_itd=0_az=5,7.0,1.5067253291939809e-18,1.1087333895545926e-08,9.231100448767814e-10,30.265763375805346,0.027938630188069722,18,23,hbr,True,S18_D23 hbr,mild_master_46,,0.027958242440289827
529,az_itd=15_az=0,7.0,1.5067253291939809e-18,2.0535694526800257e-09,9.177135710273988e-10,38.55949405777489,0.035386570988770356,18,23,hbr,True,S18_D23 hbr,mild_master_46,,0.020772953139873585
530,az_itd=5_az=0,7.0,1.5067253291939809e-18,1.0238354766797145e-08,9.228182461304583e-10,30.61450360510998,0.028251622523022185,18,23,hbr,True,S18_D23 hbr,mild_master_46,,0.01777183705737827
531,constant,7.0,1.5067253291939809e-18,0.28534860490912883,1.1276059431152407e-09,-1.1566760728559005,-0.0013042748140115106,18,23,hbr,False,S18_D23 hbr,mild_master_46,,
539,Linear,7.0,5.976192572154892e-19,0.21234324976950353,8.278672792727547e-14,-1.3722390679456375,-1.1360318236919358e-07,19,14,hbr,False,S19_D14 hbr,mild_master_46,,
540,ShortHbO,7.0,5.976192572154892e-19,2.1731705920162612e-05,0.0008247609316538016,-9.976281867969474,-8228.047527867433,19,14,hbr,True,S19_D14 hbr,mild_master_46,,
541,az_itd=0_az=15,7.0,5.976192572154892e-19,7.154738431638175e-05,5.769224295811014e-10,8.30818595238696,0.004793178825062662,19,14,hbr,True,S19_D14 hbr,mild_master_46,,0.005801625399511485
542,az_itd=0_az=5,7.0,5.976192572154892e-19,0.0019714481124452356,5.813647879443755e-10,4.797730212481799,0.0027892314075938047,19,14,hbr,True,S19_D14 hbr,mild_master_46,,0.01696137985236929
543,az_itd=15_az=0,7.0,5.976192572154892e-19,0.00018150495465413418,5.779661466962321e-10,7.174081073756706,0.0041463759942855305,19,14,hbr,True,S19_D14 hbr,mild_master_46,,-0.004392549699128033
544,az_itd=5_az=0,7.0,5.976192572154892e-19,6.429567429447293e-05,5.811810162291612e-10,8.44732369513543,0.004909424169555481,19,14,hbr,True,S19_D14 hbr,mild_master_46,,0.014461856437027567
545,constant,7.0,5.976192572154892e-19,0.7991365025614036,7.101541074569432e-10,-0.26433355921364987,-0.00018771756281428655,19,14,hbr,False,S19_D14 hbr,mild_master_46,,
553,Linear,7.0,1.888221350568543e-18,0.009622711672933411,1.4715495089395592e-13,-3.528071621767094,-5.191732062514962e-07,19,15,hbr,True,S19_D15 hbr,mild_master_46,,
554,ShortHbO,7.0,1.888221350568543e-18,1.771020271792998e-07,0.0014660279181873779,20.28859583150109,29743.647909800657,19,15,hbr,True,S19_D15 hbr,mild_master_46,,
555,az_itd=0_az=15,7.0,1.888221350568543e-18,7.082276866503448e-08,1.0254903644604367e-09,23.167024812098205,0.02375756071802257,19,15,hbr,True,S19_D15 hbr,mild_master_46,,0.017008377933431414
556,az_itd=0_az=5,7.0,1.888221350568543e-18,0.024339534704129508,1.033386739195469e-09,2.8599444230155817,0.0029554286415803396,19,15,hbr,True,S19_D15 hbr,mild_master_46,,0.017174078456590615
557,az_itd=15_az=0,7.0,1.888221350568543e-18,6.175606602996811e-08,1.0273455910730786e-09,23.630112982710056,0.024276292389345894,19,15,hbr,True,S19_D15 hbr,mild_master_46,,0.009250473059779692
558,az_itd=5_az=0,7.0,1.888221350568543e-18,2.398914717815203e-08,1.0330600815487045e-09,27.08343499307342,0.027978815562563465,19,15,hbr,True,S19_D15 hbr,mild_master_46,,0.0424646828176253
559,constant,7.0,1.888221350568543e-18,0.33267326724836765,1.262312153486349e-09,-1.040575141399948,-0.0013135306476049302,19,15,hbr,False,S19_D15 hbr,mild_master_46,,
567,Linear,7.0,6.113000495744626e-19,0.406671575275794,8.372894935262872e-14,-0.8827334360099187,-7.391034315554641e-08,19,21,hbr,False,S19_D21 hbr,mild_master_46,,
568,ShortHbO,7.0,6.113000495744626e-19,6.166934058342287e-10,0.0008341477916017049,-45.81732016253761,-38218.41643068901,19,21,hbr,True,S19_D21 hbr,mild_master_46,,
569,az_itd=0_az=15,7.0,6.113000495744626e-19,8.15605931280858e-05,5.834885626742669e-10,8.140268040845248,0.004749753298936064,19,21,hbr,True,S19_D21 hbr,mild_master_46,,-0.0009801998195077607
570,az_itd=0_az=5,7.0,6.113000495744626e-19,0.00023366134046817495,5.879814808957907e-10,6.888842552287912,0.004050511845552185,19,21,hbr,True,S19_D21 hbr,mild_master_46,,0.011800510581948758
571,az_itd=15_az=0,7.0,6.113000495744626e-19,0.0015135390193263452,5.845441586575748e-10,5.029896811939505,0.0029401968000695956,19,21,hbr,True,S19_D21 hbr,mild_master_46,,-0.01404068021426753
572,az_itd=5_az=0,7.0,6.113000495744626e-19,0.3645287886962466,5.87795617617692e-10,-0.9696386292001145,-0.0005699493369166535,19,21,hbr,False,S19_D21 hbr,mild_master_46,,0.00041483183784350904
573,constant,7.0,6.113000495744626e-19,0.9152190670232655,7.182365915954192e-10,-0.11036292764324011,-7.926669298897265e-05,19,21,hbr,False,S19_D21 hbr,mild_master_46,,
609,Linear,7.0,1.0089065212124164e-17,0.2693349342425644,3.401526750445376e-13,-1.199552733062307,-4.0803107100812993e-07,20,12,hbr,False,S20_D12 hbr,mild_master_46,,
610,ShortHbO,7.0,1.0089065212124164e-17,0.0008009439966399377,0.0033887634431054203,5.617759150213728,19037.256840415255,20,12,hbr,True,S20_D12 hbr,mild_master_46,,
611,az_itd=0_az=15,7.0,1.0089065212124164e-17,7.97401812731118e-07,2.3704488947503196e-09,16.298017110681226,0.03863361664663611,20,12,hbr,True,S20_D12 hbr,mild_master_46,,0.012185054645110681
612,az_itd=0_az=5,7.0,1.0089065212124164e-17,0.4483381155121945,2.3887015799162503e-09,-0.8030716031746346,-0.0019182984072891257,20,12,hbr,False,S20_D12 hbr,mild_master_46,,0.03932437360992613
613,az_itd=15_az=0,7.0,1.0089065212124164e-17,0.0005668526845815341,2.374737301570955e-09,5.955637106043339,0.01414307359034121,20,12,hbr,True,S20_D12 hbr,mild_master_46,,0.00952714347543259
614,az_itd=5_az=0,7.0,1.0089065212124164e-17,0.001841981775251311,2.387946501873033e-09,4.856760443599138,0.011597684111727883,20,12,hbr,True,S20_D12 hbr,mild_master_46,,0.018745416716686142
615,constant,7.0,1.0089065212124164e-17,0.551251604157782,2.9178689071700707e-09,-0.6258723706445947,-0.0018262135301606848,20,12,hbr,False,S20_D12 hbr,mild_master_46,,
623,Linear,7.0,4.718288823266056e-19,0.30527402423288896,7.355982496423578e-14,-1.1060212770712956,-8.135873154808501e-08,20,13,hbr,False,S20_D13 hbr,mild_master_46,,
624,ShortHbO,7.0,4.718288823266056e-19,3.2435593442680517e-06,0.0007328381165528004,13.260811993683078,9718.028485411493,20,13,hbr,True,S20_D13 hbr,mild_master_46,,
625,az_itd=0_az=15,7.0,4.718288823266056e-19,9.247017515174162e-05,5.126221799127955e-10,7.981989790683526,0.004091745006541868,20,13,hbr,True,S20_D13 hbr,mild_master_46,,0.00655599690536518
626,az_itd=0_az=5,7.0,4.718288823266056e-19,0.034287476517925346,5.165694201506017e-10,2.6224371599968515,0.0013546708431209642,20,13,hbr,True,S20_D13 hbr,mild_master_46,,0.012608653129671703
627,az_itd=15_az=0,7.0,4.718288823266056e-19,0.00013397592796138703,5.135495706941854e-10,7.529210339241146,0.0038666227373835124,20,13,hbr,True,S20_D13 hbr,mild_master_46,,-9.05241458394818e-05
628,az_itd=5_az=0,7.0,4.718288823266056e-19,0.008061951629255078,5.164061305081311e-10,3.6607836870749537,0.0018904511384696657,20,13,hbr,True,S20_D13 hbr,mild_master_46,,0.0069506541769171456
629,constant,7.0,4.718288823266056e-19,0.8234696415491669,6.310046688649821e-10,-0.23160476408098593,-0.00014614368746647483,20,13,hbr,False,S20_D13 hbr,mild_master_46,,
637,Linear,7.0,4.1741866366002353e-19,0.08861830929832136,6.918857050693552e-14,-1.9766501957838405,-1.3676160143853815e-07,20,20,hbr,False,S20_D20 hbr,mild_master_46,,
638,ShortHbO,7.0,4.1741866366002353e-19,3.841878780921808e-09,0.0006892895914574996,-35.244487986549125,-24293.658725377198,20,20,hbr,True,S20_D20 hbr,mild_master_46,,
639,az_itd=0_az=15,7.0,4.1741866366002353e-19,4.41505973118056e-05,4.82159872669076e-10,8.952487599339829,0.004316530280969174,20,20,hbr,True,S20_D20 hbr,mild_master_46,,0.007993964649085835
640,az_itd=0_az=5,7.0,4.1741866366002353e-19,0.00013647201770675984,4.858725502024176e-10,7.507225730988055,0.003647554910860375,20,20,hbr,True,S20_D20 hbr,mild_master_46,,0.014819084909769712
641,az_itd=15_az=0,7.0,4.1741866366002353e-19,3.97450403683016e-05,4.830321537341394e-10,9.098296696606539,0.004394769848674062,20,20,hbr,True,S20_D20 hbr,mild_master_46,,0.0036572812947978255
642,az_itd=5_az=0,7.0,4.1741866366002353e-19,6.84045705764176e-06,4.857189639622843e-10,11.8699599356767,0.00576546464223071,20,20,hbr,True,S20_D20 hbr,mild_master_46,,0.016935592189014526
643,constant,7.0,4.1741866366002353e-19,0.8291498685316192,5.935075435972917e-10,-0.22400645433947727,-0.00013294952046496205,20,20,hbr,False,S20_D20 hbr,mild_master_46,,
651,Linear,7.0,1.178040305243784e-18,0.9906428429726604,1.1623274674244243e-13,0.012152763698756978,1.4125491052183677e-09,21,11,hbr,False,S21_D11 hbr,mild_master_46,,
652,ShortHbO,7.0,1.178040305243784e-18,4.526173929233707e-08,0.001157966148585915,24.71436079448109,28618.393183948003,21,11,hbr,True,S21_D11 hbr,mild_master_46,,
653,az_itd=0_az=15,7.0,1.178040305243784e-18,0.20016836601233234,8.100003506170897e-10,1.4143261001867629,0.0011456046370381789,21,11,hbr,False,S21_D11 hbr,mild_master_46,,-0.007809687928461854
654,az_itd=0_az=5,7.0,1.178040305243784e-18,0.000215256578567293,8.162374314572841e-10,-6.9804998052521645,-0.005697745231327099,21,11,hbr,True,S21_D11 hbr,mild_master_46,,0.011586398060663094
655,az_itd=15_az=0,7.0,1.178040305243784e-18,0.011973272452807819,8.114657317252825e-10,-3.366754938284313,-0.0027320062595345886,21,11,hbr,True,S21_D11 hbr,mild_master_46,,-0.002067568495670904
656,az_itd=5_az=0,7.0,1.178040305243784e-18,0.1702991497918107,8.159794155679292e-10,1.5282295452565433,0.0012470038511920765,21,11,hbr,False,S21_D11 hbr,mild_master_46,,-0.002206222633593759
657,constant,7.0,1.178040305243784e-18,0.7827955746284044,9.970579172142022e-10,0.2864913986801735,0.0002856485172678374,21,11,hbr,False,S21_D11 hbr,mild_master_46,,
665,Linear,7.0,6.552090221980882e-19,0.2745694329283182,8.668388366805586e-14,-1.1853085390100127,-1.0274714750629719e-07,21,12,hbr,False,S21_D12 hbr,mild_master_46,,
666,ShortHbO,7.0,6.552090221980882e-19,1.7907824692097056e-08,0.0008635862588534652,28.248152071077953,24394.715966585976,21,12,hbr,True,S21_D12 hbr,mild_master_46,,
667,az_itd=0_az=15,7.0,6.552090221980882e-19,9.374315001148114e-05,6.040808475391351e-10,7.964906681355786,0.004811447578643523,21,12,hbr,True,S21_D12 hbr,mild_master_46,,-0.005300475400715036
668,az_itd=0_az=5,7.0,6.552090221980882e-19,0.043299297849496134,6.087323283406488e-10,-2.4626109928039517,-0.0014990709234468263,21,12,hbr,True,S21_D12 hbr,mild_master_46,,0.008270564753089314
669,az_itd=15_az=0,7.0,6.552090221980882e-19,1.222849107328291e-05,6.051736972658427e-10,10.881239777114379,0.006585040106752462,21,12,hbr,True,S21_D12 hbr,mild_master_46,,0.006047414195927514
670,az_itd=5_az=0,7.0,6.552090221980882e-19,0.5661521623043853,6.08539905637373e-10,-0.6020033289308154,-0.0003663430489809428,21,12,hbr,False,S21_D12 hbr,mild_master_46,,-0.0032409367869487126
671,constant,7.0,6.552090221980882e-19,0.9649927448777098,7.435843592135508e-10,0.045482891263123555,3.3820366555069336e-05,21,12,hbr,False,S21_D12 hbr,mild_master_46,,
679,Linear,7.0,1.1227422303297383e-18,0.43649908864578213,1.1347193355595764e-13,-0.8251510821105219,-9.363148876287168e-08,21,19,hbr,False,S21_D19 hbr,mild_master_46,,
680,ShortHbO,7.0,1.1227422303297383e-18,9.657612404310613e-10,0.0011304616087542702,42.96482548416526,48570.08573667593,21,19,hbr,True,S21_D19 hbr,mild_master_46,,
681,az_itd=0_az=15,7.0,1.1227422303297383e-18,0.0027287746733763085,7.907608530424842e-10,4.521034853484546,0.003575057377376242,21,19,hbr,True,S21_D19 hbr,mild_master_46,,-0.012968379611717585
682,az_itd=0_az=5,7.0,1.1227422303297383e-18,0.0035067431070458957,7.968497878953267e-10,-4.313796450372457,-0.0034374477865029046,21,19,hbr,True,S21_D19 hbr,mild_master_46,,0.009927105867960894
683,az_itd=15_az=0,7.0,1.1227422303297383e-18,0.00014406984232809316,7.921914277505865e-10,7.442998859937722,0.005896279893600052,21,19,hbr,True,S21_D19 hbr,mild_master_46,,0.017012987327658893
684,az_itd=5_az=0,7.0,1.1227422303297383e-18,0.0020354778745368335,7.965979005169949e-10,4.770102382222897,0.0037998535429298753,21,19,hbr,True,S21_D19 hbr,mild_master_46,,0.005054082495548493
685,constant,7.0,1.1227422303297383e-18,0.9833895507498038,9.733753430457226e-10,0.021574403598325985,2.0999992503527426e-05,21,19,hbr,False,S21_D19 hbr,mild_master_46,,
693,Linear,7.0,1.3344052966461538e-18,0.024394760327272027,1.2370643876327292e-13,-2.858360428202507,-3.5359758927479605e-07,21,20,hbr,True,S21_D20 hbr,mild_master_46,,
694,ShortHbO,7.0,1.3344052966461538e-18,0.003750568383101998,0.0012324226387543458,4.259139949818769,5249.060495779699,21,20,hbr,True,S21_D20 hbr,mild_master_46,,
695,az_itd=0_az=15,7.0,1.3344052966461538e-18,3.4807810092344455e-07,8.620828602964926e-10,18.392093933263148,0.01585550894482926,21,20,hbr,True,S21_D20 hbr,mild_master_46,,0.012698318332374324
696,az_itd=0_az=5,7.0,1.3344052966461538e-18,0.00036886283553611465,8.687209814855994e-10,6.395486440398488,0.005555893257580818,21,20,hbr,True,S21_D20 hbr,mild_master_46,,0.026090468035100303
697,az_itd=15_az=0,7.0,1.3344052966461538e-18,6.82112966011607e-07,8.636424644821116e-10,16.67419241968625,0.014400540634586777,21,20,hbr,True,S21_D20 hbr,mild_master_46,,0.009436482538072222
698,az_itd=5_az=0,7.0,1.3344052966461538e-18,9.601388526350735e-06,8.68446375337926e-10,11.283417236144201,0.009799042800154912,21,20,hbr,True,S21_D20 hbr,mild_master_46,,0.018276537993337543
699,constant,7.0,1.3344052966461538e-18,0.8245183163926229,1.061168109987171e-09,-0.23020084835913565,-0.00024428179917070737,21,20,hbr,False,S21_D20 hbr,mild_master_46,,
707,Linear,7.0,3.0220906068766927e-18,0.44618324473460913,1.8616677121661783e-13,0.8070597326306505,1.5024770460279504e-07,22,10,hbr,False,S22_D10 hbr,mild_master_46,,
708,ShortHbO,7.0,3.0220906068766927e-18,1.637855279299629e-05,0.0018546823085758234,10.412597264307008,19312.059932435226,22,10,hbr,True,S22_D10 hbr,mild_master_46,,
709,az_itd=0_az=15,7.0,3.0220906068766927e-18,0.0004574071292381265,1.2973551274053224e-09,6.172393491858909,0.008007786345026396,22,10,hbr,True,S22_D10 hbr,mild_master_46,,0.0047172618079977776
710,az_itd=0_az=5,7.0,3.0220906068766927e-18,6.2313813515248716e-06,1.3073448870417265e-09,-12.036104877664155,-0.015735340171712218,22,10,hbr,True,S22_D10 hbr,mild_master_46,,0.007935136625856012
711,az_itd=15_az=0,7.0,3.0220906068766927e-18,0.0004575017927185629,1.2997021877403808e-09,-6.172181702077177,-0.008021998061320854,22,10,hbr,True,S22_D10 hbr,mild_master_46,,0.0007980057476976783
712,az_itd=5_az=0,7.0,3.0220906068766927e-18,0.00033351972442469986,1.3069316301378848e-09,-6.50195484407546,-0.008497610443450456,22,10,hbr,True,S22_D10 hbr,mild_master_46,,0.003736063211172728
713,constant,7.0,3.0220906068766927e-18,0.8926833388723026,1.5969600509832486e-09,0.13989469194577223,0.00022340623438200626,22,10,hbr,False,S22_D10 hbr,mild_master_46,,
721,Linear,7.0,1.1505142748670872e-18,0.7424993749396211,1.1486677602808607e-13,0.34184686139157233,3.9266846863369924e-08,22,11,hbr,False,S22_D11 hbr,mild_master_46,,
722,ShortHbO,7.0,1.1505142748670872e-18,3.4481116268174145e-08,0.001144357695791718,25.703552050601324,29414.057598288622,22,11,hbr,True,S22_D11 hbr,mild_master_46,,
723,az_itd=0_az=15,7.0,1.1505142748670872e-18,0.0006411186987265516,8.004812022826444e-10,5.833723755814437,0.004669786205839163,22,11,hbr,True,S22_D11 hbr,mild_master_46,,0.0024483880252588633
724,az_itd=0_az=5,7.0,1.1505142748670872e-18,0.00015917235480175068,8.066449847623547e-10,-7.325971390340333,-0.005909458080530525,22,11,hbr,True,S22_D11 hbr,mild_master_46,,0.010690174516296079
725,az_itd=15_az=0,7.0,1.1505142748670872e-18,0.00010085654241323359,8.019293621882479e-10,-7.874031385083397,-0.006314416966490174,22,11,hbr,True,S22_D11 hbr,mild_master_46,,-0.005452923034987393
726,az_itd=5_az=0,7.0,1.1505142748670872e-18,0.04047025581514691,8.063900010834446e-10,2.508759877681049,0.0020230388804813237,22,11,hbr,True,S22_D11 hbr,mild_master_46,,0.0009667809117443178
727,constant,7.0,1.1505142748670872e-18,0.9470045265921312,9.853404627652452e-10,-0.06888902693596824,-6.787914568053439e-05,22,11,hbr,False,S22_D11 hbr,mild_master_46,,
735,Linear,7.0,4.019482495221886e-19,0.1475411206374652,6.789432843904424e-14,1.6280392144100269,1.1053462913479793e-07,22,12,hbr,False,S22_D12 hbr,mild_master_46,,
736,ShortHbO,7.0,4.019482495221886e-19,1.3650313671202796e-05,0.0006763957337048745,10.702653561849178,7239.229208556065,22,12,hbr,True,S22_D12 hbr,mild_master_46,,
737,az_itd=0_az=15,7.0,4.019482495221886e-19,8.379842906063519e-05,4.731405854358636e-10,-8.105923077581133,-0.0038352411904248145,22,12,hbr,True,S22_D12 hbr,mild_master_46,,-0.0029622812157843845
738,az_itd=0_az=5,7.0,4.019482495221886e-19,2.6395034344037677e-06,4.76783813587422e-10,-13.670775521231407,-0.006518004487710287,22,12,hbr,True,S22_D12 hbr,mild_master_46,,0.005758674788588948
739,az_itd=15_az=0,7.0,4.019482495221886e-19,0.00018865725271307297,4.739965496029023e-10,-7.129847604037366,-0.003379523163508231,22,12,hbr,True,S22_D12 hbr,mild_master_46,,-0.0028547453547528336
740,az_itd=5_az=0,7.0,4.019482495221886e-19,0.012679817542875586,4.766331003329794e-10,-3.324879948208358,-0.0015847478379495056,22,12,hbr,True,S22_D12 hbr,mild_master_46,,-0.0005569228240891507
741,constant,7.0,4.019482495221886e-19,0.8615137586262451,5.824053857566779e-10,0.18097743588201629,0.00010540223335812015,22,12,hbr,False,S22_D12 hbr,mild_master_46,,
749,Linear,7.0,2.2143101126617703e-18,0.7517706687516279,1.593557166842184e-13,0.3290128546175752,5.243007924590425e-08,22,19,hbr,False,S22_D19 hbr,mild_master_46,,
750,ShortHbO,7.0,2.2143101126617703e-18,8.642786682308572e-09,0.0015875777754169856,31.369398830884197,49801.36041210333,22,19,hbr,True,S22_D19 hbr,mild_master_46,,
751,az_itd=0_az=15,7.0,2.2143101126617703e-18,0.004323206073031894,1.1105148076133486e-09,4.1447841064434545,0.0046028441245659175,22,19,hbr,True,S22_D19 hbr,mild_master_46,,-0.014878702724652132
752,az_itd=0_az=5,7.0,2.2143101126617703e-18,3.4372346191876748e-06,1.1190658787629359e-09,-13.147524114388297,-0.01471294562662483,22,19,hbr,True,S22_D19 hbr,mild_master_46,,0.013540120503598532
753,az_itd=15_az=0,7.0,2.2143101126617703e-18,0.4327445119990626,1.1125238529405576e-09,0.832241241469094,0.0009258882325352294,22,19,hbr,False,S22_D19 hbr,mild_master_46,,0.01728485363414181
754,az_itd=5_az=0,7.0,2.2143101126617703e-18,0.009719822636094558,1.1187121376003426e-09,3.5205989879407036,0.003938536819432748,22,19,hbr,True,S22_D19 hbr,mild_master_46,,0.007668183009825651
755,constant,7.0,2.2143101126617703e-18,0.9390162592055769,1.3669717306553652e-09,-0.07929626701463767,-0.00010839575535550921,22,19,hbr,False,S22_D19 hbr,mild_master_46,,
763,Linear,7.0,1.1575374851555862e-18,0.17961442641658765,1.1521683952852437e-13,-1.4908829835711728,-1.7177482547392744e-07,22,20,hbr,False,S22_D20 hbr,mild_master_46,,
764,ShortHbO,7.0,1.1575374851555862e-18,3.008188069051815e-08,0.0011478451956118958,26.214363714702483,30090.031445944056,22,20,hbr,True,S22_D20 hbr,mild_master_46,,
765,az_itd=0_az=15,7.0,1.1575374851555862e-18,1.6585415817509928e-06,8.029207175314889e-10,14.639129443222217,0.011754060316588329,22,20,hbr,True,S22_D20 hbr,mild_master_46,,0.00087804954739636
766,az_itd=0_az=5,7.0,1.1575374851555862e-18,0.49986328097159904,8.091032845139545e-10,0.7113765058146206,0.0005755770673806698,22,20,hbr,False,S22_D20 hbr,mild_master_46,,0.014384328841522145
767,az_itd=15_az=0,7.0,1.1575374851555862e-18,0.00027105013997771524,8.04373290792662e-10,6.725380283146282,0.005409716270186459,22,20,hbr,True,S22_D20 hbr,mild_master_46,,0.0029818097703454257
768,az_itd=5_az=0,7.0,1.1575374851555862e-18,1.718154192687814e-05,8.088475237567431e-10,10.337580397310182,0.008361526306000589,22,20,hbr,True,S22_D20 hbr,mild_master_46,,0.013125481576724335
769,constant,7.0,1.1575374851555862e-18,0.5049948084365217,9.883433478765566e-10,-0.702594791783476,-0.0006944048887119128,22,20,hbr,False,S22_D20 hbr,mild_master_46,,
819,Linear,7.0,1.4545946290719533e-17,0.038952317613191824,4.084316754695935e-13,2.5349136714044573,1.0353390379825012e-06,23,9,hbr,True,S23_D9 hbr,mild_master_46,,
820,ShortHbO,7.0,1.4545946290719533e-17,0.0008827703472130749,0.004068991462896572,-5.52512071401613,-22481.669016804644,23,9,hbr,True,S23_D9 hbr,mild_master_46,,
821,az_itd=0_az=15,7.0,1.4545946290719533e-17,0.00041342646482138786,2.8462701743302562e-09,-6.276495189212438,-0.0178646010563827,23,9,hbr,True,S23_D9 hbr,mild_master_46,,0.00027290448680588925
822,az_itd=0_az=5,7.0,1.4545946290719533e-17,1.4192831305593787e-07,2.8681867292512604e-09,-20.950247755368746,-0.060089222586474644,23,9,hbr,True,S23_D9 hbr,mild_master_46,,-0.02644361733968783
823,az_itd=15_az=0,7.0,1.4545946290719533e-17,0.00017372753865869744,2.8514193949930607e-09,-7.224465341841804,-0.02059998059418289,23,9,hbr,True,S23_D9 hbr,mild_master_46,,0.03126012523328893
824,az_itd=5_az=0,7.0,1.4545946290719533e-17,1.4844097471199027e-05,2.8672800840506567e-09,-10.568304280260854,-0.030302288384979257,23,9,hbr,True,S23_D9 hbr,mild_master_46,,-0.020706693538844818
825,constant,7.0,1.4545946290719533e-17,0.8711678289474493,3.5035740536218415e-09,0.1682194689337923,0.0005893693666704802,23,9,hbr,False,S23_D9 hbr,mild_master_46,,
777,Linear,7.0,2.2294227683140526e-18,0.008338800606516346,1.598985929694889e-13,3.635313350129965,5.812814896889804e-07,23,10,hbr,True,S23_D10 hbr,mild_master_46,,
778,ShortHbO,7.0,2.2294227683140526e-18,0.24104772873456587,0.0015929861683082443,1.280849202174458,2040.3750627525615,23,10,hbr,False,S23_D10 hbr,mild_master_46,,
779,az_itd=0_az=15,7.0,2.2294227683140526e-18,1.1377483904659557e-06,1.1142979925912034e-09,-15.47173498259007,-0.01724012323300321,23,10,hbr,True,S23_D10 hbr,mild_master_46,,-0.02215614744542733
780,az_itd=0_az=5,7.0,2.2294227683140526e-18,3.5047161907935223e-09,1.1228781946300826e-09,-35.71231881613202,-0.040100584078312254,23,10,hbr,True,S23_D10 hbr,mild_master_46,,-0.029468121473354314
781,az_itd=15_az=0,7.0,2.2294227683140526e-18,0.0001836036850257318,1.1163138821226046e-09,-7.160900755446821,-0.007993812921807534,23,10,hbr,True,S23_D10 hbr,mild_master_46,,0.007793803724237501
782,az_itd=5_az=0,7.0,2.2294227683140526e-18,3.3839991138654486e-05,1.1225232483793238e-09,-9.32535876109114,-0.010467932008802614,23,10,hbr,True,S23_D10 hbr,mild_master_46,,-0.007563351290878383
783,constant,7.0,2.2294227683140526e-18,0.798511654125581,1.3716285860895418e-09,0.26517806496901386,0.0003637258143154091,23,10,hbr,False,S23_D10 hbr,mild_master_46,,
791,Linear,7.0,1.5347452636428023e-18,0.4698806300557701,1.3266812063875132e-13,0.7639111184810388,1.013466524239259e-07,23,11,hbr,False,S23_D11 hbr,mild_master_46,,
792,ShortHbO,7.0,1.5347452636428023e-18,7.222455925752007e-05,0.0013217031946823135,8.296013966503928,10964.868162657333,23,11,hbr,True,S23_D11 hbr,mild_master_46,,
793,az_itd=0_az=15,7.0,1.5347452636428023e-18,0.0025149041745770083,9.245348427601033e-10,-4.589620607555466,-0.004243264166734823,23,11,hbr,True,S23_D11 hbr,mild_master_46,,-0.01057620603300482
794,az_itd=0_az=5,7.0,1.5347452636428023e-18,0.00020124066284126586,9.316538502389003e-10,-7.056426740575185,-0.006574147141785605,23,11,hbr,True,S23_D11 hbr,mild_master_46,,0.012218284199848113
795,az_itd=15_az=0,7.0,1.5347452636428023e-18,0.4610397966170704,9.262074295576455e-10,-0.7798299601580758,-0.0007222843028900525,23,11,hbr,False,S23_D11 hbr,mild_master_46,,0.0061294269288179595
796,az_itd=5_az=0,7.0,1.5347452636428023e-18,0.1983227832474268,9.313593507618166e-10,-1.4209040071094063,-0.0013233722335562802,23,11,hbr,False,S23_D11 hbr,mild_master_46,,0.0031149363453500663
797,constant,7.0,1.5347452636428023e-18,0.951190896647282,1.1380424514780449e-09,0.06343844094219817,7.219563884780438e-05,23,11,hbr,False,S23_D11 hbr,mild_master_46,,
805,Linear,7.0,9.09754130535717e-19,0.0024544535967558354,1.0214343157375344e-13,4.61017888700162,4.7089949168721283e-07,23,19,hbr,True,S23_D19 hbr,mild_master_46,,
806,ShortHbO,7.0,9.09754130535717e-19,1.5015651698909852e-08,0.0010176016602696247,-28.973532457472047,-29483.514732599415,23,19,hbr,True,S23_D19 hbr,mild_master_46,,
807,az_itd=0_az=15,7.0,9.09754130535717e-19,1.9790736089423598e-07,7.118150237927901e-10,-19.964346063978343,-0.014210921468538239,23,19,hbr,True,S23_D19 hbr,mild_master_46,,-0.02689415160118432
808,az_itd=0_az=5,7.0,9.09754130535717e-19,5.8052213132222744e-08,7.172960681445342e-10,-23.842148770984863,-0.01710187956954448,23,19,hbr,True,S23_D19 hbr,mild_master_46,,-0.0072391077719623125
809,az_itd=15_az=0,7.0,9.09754130535717e-19,1.8777840210778894e-07,7.13102776677834e-10,-20.1170817424036,-0.014345546849162966,23,19,hbr,True,S23_D19 hbr,mild_master_46,,-0.01779540969187183
810,az_itd=5_az=0,7.0,9.09754130535717e-19,1.3329214714583344e-06,7.170693280125328e-10,-15.116657017424611,-0.010839691089280606,23,19,hbr,True,S23_D19 hbr,mild_master_46,,0.0012374952999849155
811,constant,7.0,9.09754130535717e-19,0.8265844517548309,8.761981454994733e-10,-0.22743630719064548,-0.0001992792705796921,23,19,hbr,False,S23_D19 hbr,mild_master_46,,
847,Linear,7.0,2.0583511573295582e-18,0.039928283048944274,1.5364136612154007e-13,2.5179798587035735,3.8686586535773945e-07,24,9,hbr,True,S24_D9 hbr,mild_master_46,,
848,ShortHbO,7.0,2.0583511573295582e-18,0.0003217358925211746,0.0015306486853095573,6.54029745276147,10010.897697602792,24,9,hbr,True,S24_D9 hbr,mild_master_46,,
849,az_itd=0_az=15,7.0,2.0583511573295582e-18,0.00026032109120031357,1.0706927601349827e-09,-6.769559890973695,-0.0072481187645656985,24,9,hbr,True,S24_D9 hbr,mild_master_46,,-0.005245421400180263
850,az_itd=0_az=5,7.0,2.0583511573295582e-18,2.2166682531699514e-07,1.078937197677368e-09,-19.638554801111063,-0.02118876728354419,24,9,hbr,True,S24_D9 hbr,mild_master_46,,-0.018187679235389703
851,az_itd=15_az=0,7.0,2.0583511573295582e-18,0.050051310646890494,1.0726297629303337e-09,-2.3639269680142085,-0.002535618423285703,24,9,hbr,False,S24_D9 hbr,mild_master_46,,0.006602585201227024
852,az_itd=5_az=0,7.0,2.0583511573295582e-18,3.5501878112809286e-07,1.07859614135002e-09,-18.339338856089412,-0.019780740125088528,24,9,hbr,True,S24_D9 hbr,mild_master_46,,-0.034650475666359905
853,constant,7.0,2.0583511573295582e-18,0.9307964140895371,1.3179533719747354e-09,0.09001547060401262,0.0001186361930124511,24,9,hbr,False,S24_D9 hbr,mild_master_46,,
833,Linear,7.0,1.9458888217343144e-18,0.023698414682169214,1.4938515352201369e-13,2.878615386195598,4.3002240139766017e-07,24,10,hbr,True,S24_D10 hbr,mild_master_46,,
834,ShortHbO,7.0,1.9458888217343144e-18,0.00022669919145528996,0.001488246262158038,6.922527073941438,10302.425042481167,24,10,hbr,True,S24_D10 hbr,mild_master_46,,
835,az_itd=0_az=15,7.0,1.9458888217343144e-18,6.42093470354235e-07,1.0410321541995783e-09,-16.822052518327354,-0.017512297571212764,24,10,hbr,True,S24_D10 hbr,mild_master_46,,-0.019584431416183858
836,az_itd=0_az=5,7.0,1.9458888217343144e-18,7.42969039135525e-07,1.0490482022149128e-09,-16.467318083536036,-0.017275010430834604,24,10,hbr,True,S24_D10 hbr,mild_master_46,,-0.009841969635680521
837,az_itd=15_az=0,7.0,1.9458888217343144e-18,0.0017478572187147195,1.0429154976458164e-09,-4.902639332994289,-0.005113038539747693,24,10,hbr,True,S24_D10 hbr,mild_master_46,,0.01193134626295144
838,az_itd=5_az=0,7.0,1.9458888217343144e-18,1.085793180544614e-06,1.048716593917573e-09,-15.578066737600446,-0.016336977088876978,24,10,hbr,True,S24_D10 hbr,mild_master_46,,-0.02323353233833446
839,constant,7.0,1.9458888217343144e-18,0.8626743819389255,1.2814430890412335e-09,0.17944193166530273,0.00022994462321671147,24,10,hbr,False,S24_D10 hbr,mild_master_46,,
