OriginalVariableNames,Var1,Var2,Var3,Var4
Var1,0.185185185185185,0.0588235294117647,0.0666666666666667,0.185185185185185
Var2,0.133333333333333,0.115384615384615,0.0333333333333333,0.03125
Var3,0.0714285714285714,0.133333333333333,0.0303030303030303,0.001
Var4,0.28125,0.172413793103448,0.0689655172413793,0.0333333333333333
Var5,0.15625,0.001,0.001,0.001
