OriginalVariableNames,Var1,Var2,Var3,Var4
Var1,0.490273866785344,2.17485263470721,1.93181324533948,1.33951369103382
Var2,1.68230237568496,2.04623798363828,3.13728035967883,3.55624021552103
Var3,3.36892620585712,3.19015261471271,3.78376559866776,5.36796535559448
Var4,0.871721301844135,1.24522410414289,2.36146729176137,3.16250779602936
Var5,2.0443368518835,3.86614491359649,4.41626491888848,4.35123689060519
Var6,1.01513766352346,1.58249952743375,1.85442576271976,3.27185555121077
