OriginalVariableNames,Var1,Var2,Var3,Var4
all_hit_rates_collapsed1,0.863636363636364,0.887640449438202,0.78021978021978,0.850574712643678
all_hit_rates_collapsed2,0.788235294117647,0.865168539325843,0.840909090909091,0.888888888888889
all_hit_rates_collapsed3,0.47887323943662,0.607594936708861,0.541666666666667,0.581081081081081
