OriginalVariableNames,Var1,Var2,Var3,Var4
all_hit_rates_collapsed1,0.736842105263158,0.897435897435897,0.82051282051282,0.775
all_hit_rates_collapsed2,0.674157303370786,0.842696629213483,0.741935483870968,0.865979381443299
