,Condition,df,mse,p_value,se,t,theta,Source,Detector,Chroma,Significant,ch_name,ID,mean_hbo,mean_hbr
644,Linear,7.0,4.447185584068528e-17,0.1290841682574257,6.78986955227934e-13,-1.7201742579705772,-1.167975881880913e-06,1,7,hbo,False,S1_D7 hbo,mild_master_22,,
645,ShortHbO,7.0,4.447185584068528e-17,3.480548194285849e-13,0.0044800625539767065,133.55396037664113,598330.0968186787,1,7,hbo,True,S1_D7 hbo,mild_master_22,,
646,az_itd=0_az=15,7.0,4.447185584068528e-17,0.5689960691098137,5.076944157683337e-09,0.5974901571537339,0.003033424162634948,1,7,hbo,False,S1_D7 hbo,mild_master_22,-0.01772373784217386,
647,az_itd=0_az=5,7.0,4.447185584068528e-17,0.0009426733283476923,4.984001133059471e-09,5.463180553960791,0.027228498071049052,1,7,hbo,True,S1_D7 hbo,mild_master_22,0.06868922334524968,
648,az_itd=15_az=0,7.0,4.447185584068528e-17,8.20511665543324e-05,4.992039148528935e-09,8.132648644611509,0.040598500415131425,1,7,hbo,True,S1_D7 hbo,mild_master_22,0.0014576790831087969,
649,az_itd=5_az=0,7.0,4.447185584068528e-17,9.305774238108369e-07,4.972295155846259e-09,15.93395315253364,0.07922831807382424,1,7,hbo,True,S1_D7 hbo,mild_master_22,0.08297829953463037,
650,constant,7.0,4.447185584068528e-17,0.7257233127811396,6.090449253293231e-09,-0.3652332479378182,-0.0022244345621807464,1,7,hbo,False,S1_D7 hbo,mild_master_22,,
658,Linear,7.0,3.8253467679161026e-17,0.17723490958620264,6.297297473049572e-13,-1.5002518067768322,-9.447531911753799e-07,1,8,hbo,False,S1_D8 hbo,mild_master_22,,
659,ShortHbO,7.0,3.8253467679161026e-17,4.33678140361887e-14,0.004155055761092014,179.84658025270866,747272.5693917143,1,8,hbo,True,S1_D8 hbo,mild_master_22,,
660,az_itd=0_az=15,7.0,3.8253467679161026e-17,0.4659044010262605,4.708636501604141e-09,-0.7710452611741296,-0.003630571861153405,1,8,hbo,False,S1_D8 hbo,mild_master_22,-0.13642244854023017,
661,az_itd=0_az=5,7.0,3.8253467679161026e-17,2.187842744236838e-05,4.62243604228825e-09,9.96610091443089,0.04606766406794722,1,8,hbo,True,S1_D8 hbo,mild_master_22,0.04353426310512807,
662,az_itd=15_az=0,7.0,3.8253467679161026e-17,0.6720293410510934,4.629890938750465e-09,0.44169976582311404,0.002045021743432638,1,8,hbo,False,S1_D8 hbo,mild_master_22,-0.023348155408384273,
663,az_itd=5_az=0,7.0,3.8253467679161026e-17,2.721038871923671e-06,4.611579276903179e-09,13.609517848574214,0.06276137047912879,1,8,hbo,True,S1_D8 hbo,mild_master_22,0.06917885495647393,
664,constant,7.0,3.8253467679161026e-17,0.6932559682284554,5.6486167218963725e-09,-0.41115304658920354,-0.0023224459742224135,1,8,hbo,False,S1_D8 hbo,mild_master_22,,
924,Linear,7.0,9.44582581475128e-17,0.9429999226341961,9.895523406410874e-13,-0.07410514221485817,-7.333091693225356e-08,2,8,hbo,False,S2_D8 hbo,mild_master_22,,
925,ShortHbO,7.0,9.44582581475128e-17,1.1449744962152713e-12,0.006529221735957956,112.6542972412494,735544.886196634,2,8,hbo,True,S2_D8 hbo,mild_master_22,,
926,az_itd=0_az=15,7.0,9.44582581475128e-17,2.8807059926740573e-06,7.399114130039701e-09,-13.495393645421922,-0.09985395781228933,2,8,hbo,True,S2_D8 hbo,mild_master_22,-0.10845983179501216,
927,az_itd=0_az=5,7.0,9.44582581475128e-17,0.035429681156537586,7.2636594105422775e-09,2.5999124136632323,0.018884878270090624,2,8,hbo,True,S2_D8 hbo,mild_master_22,0.06876732795699964,
928,az_itd=15_az=0,7.0,9.44582581475128e-17,0.07024339164081513,7.275373975837935e-09,-2.134102322924766,-0.015526392501982128,2,8,hbo,False,S2_D8 hbo,mild_master_22,-0.06599125957884419,
929,az_itd=5_az=0,7.0,9.44582581475128e-17,0.00014108457039994077,7.246599175346837e-09,7.467768397854496,0.054115924313573566,2,8,hbo,True,S2_D8 hbo,mild_master_22,0.040691039086465715,
930,constant,7.0,9.44582581475128e-17,0.9236122347495052,8.876191608318741e-09,0.09939373050344665,0.0008822377966141877,2,8,hbo,False,S2_D8 hbo,mild_master_22,,
938,Linear,7.0,5.0521538282096065e-17,0.9839003328230327,7.236975240248309e-13,0.020910864441515055,1.5133140821543326e-08,3,5,hbo,False,S3_D5 hbo,mild_master_22,,
939,ShortHbO,7.0,5.0521538282096065e-17,2.3043218685136404e-13,0.00477506990793498,141.6614063781452,676443.1187120294,3,5,hbo,True,S3_D5 hbo,mild_master_22,,
940,az_itd=0_az=15,7.0,5.0521538282096065e-17,0.0035853649124582944,5.411255530372233e-09,-4.295727709328249,-0.02324528032407573,3,5,hbo,True,S3_D5 hbo,mild_master_22,-0.12717641206412597,
941,az_itd=0_az=5,7.0,5.0521538282096065e-17,0.0035624741239616937,5.312192306435786e-09,4.300943140176421,0.022847437059662953,3,5,hbo,True,S3_D5 hbo,mild_master_22,0.05745098518796234,
942,az_itd=15_az=0,7.0,5.0521538282096065e-17,0.6573957800762722,5.320759616674275e-09,-0.4630268098592891,-0.0024636543513368234,3,5,hbo,False,S3_D5 hbo,mild_master_22,-0.0877389032434196,
943,az_itd=5_az=0,7.0,5.0521538282096065e-17,0.4232553772232496,5.299715503074154e-09,-0.8503576535848606,-0.004506653639861446,3,5,hbo,False,S3_D5 hbo,mild_master_22,-0.04542381886551717,
944,constant,7.0,5.0521538282096065e-17,0.8429097518859753,6.491498858512766e-09,-0.20565982365694152,-0.0013350405105109727,3,5,hbo,False,S3_D5 hbo,mild_master_22,,
952,Linear,7.0,7.350373134525855e-17,0.002607114728822564,8.729180968209383e-13,-4.559289456499001,-3.979886275222877e-06,3,7,hbo,True,S3_D7 hbo,mild_master_22,,
953,ShortHbO,7.0,7.350373134525855e-17,1.1301244289713012e-12,0.005759650679803235,112.86469045109553,650061.1910824341,3,7,hbo,True,S3_D7 hbo,mild_master_22,,
954,az_itd=0_az=15,7.0,7.350373134525855e-17,6.344448159404064e-07,6.527012629135699e-09,16.85150731009905,0.10999000103298905,3,7,hbo,True,S3_D7 hbo,mild_master_22,0.09973228333644256,
955,az_itd=0_az=5,7.0,7.350373134525855e-17,2.267753097904659e-08,6.407523370111258e-09,27.30370024537285,0.174949097412739,3,7,hbo,True,S3_D7 hbo,mild_master_22,0.16405483197615744,
956,az_itd=15_az=0,7.0,7.350373134525855e-17,1.8184803090102656e-07,6.417857190388359e-09,20.21093512286631,0.12971089530276017,3,7,hbo,True,S3_D7 hbo,mild_master_22,0.05824961420587759,
957,az_itd=5_az=0,7.0,7.350373134525855e-17,6.950394614234814e-09,6.392473950867326e-09,32.36753546885827,0.20690862733845072,3,7,hbo,True,S3_D7 hbo,mild_master_22,0.06646312184557865,
958,constant,7.0,7.350373134525855e-17,0.30567489929813363,7.82999338946727e-09,-1.10503025063747,-0.00865237955765275,3,7,hbo,False,S3_D7 hbo,mild_master_22,,
966,Linear,7.0,7.290515416728152e-17,0.1388631881339155,8.693565295586288e-13,1.6699191545203034,1.4517551208172505e-06,4,2,hbo,False,S4_D2 hbo,mild_master_22,,
967,ShortHbO,7.0,7.290515416728152e-17,6.296905066715781e-13,0.005736150899722798,122.70436263817096,703850.7401468568,4,2,hbo,True,S4_D2 hbo,mild_master_22,,
968,az_itd=0_az=15,7.0,7.290515416728152e-17,3.069543557887116e-08,6.500381958302694e-09,-26.138175385986333,-0.16990812370201713,4,2,hbo,True,S4_D2 hbo,mild_master_22,-0.16476836719557927,
969,az_itd=0_az=5,7.0,7.290515416728152e-17,0.0010069717604430527,6.381380223863537e-09,-5.401399326950039,-0.0344683828461888,4,2,hbo,True,S4_D2 hbo,mild_master_22,-0.03587596289283668,
970,az_itd=15_az=0,7.0,7.290515416728152e-17,6.668792663370582e-06,6.391671881426716e-09,-11.915030576267528,-0.07615696590066871,4,2,hbo,True,S4_D2 hbo,mild_master_22,-0.04738852221339952,
971,az_itd=5_az=0,7.0,7.290515416728152e-17,0.016065147370535854,6.366392207309149e-09,-3.1538668083121864,-0.020078753071329683,4,2,hbo,True,S4_D2 hbo,mild_master_22,-0.08254244508581447,
972,constant,7.0,7.290515416728152e-17,0.539172291480464,7.798046465441307e-09,0.6455087809273968,0.005033707467522214,4,2,hbo,False,S4_D2 hbo,mild_master_22,,
980,Linear,7.0,4.8063656594814423e-17,0.1800573259845257,7.0587403668499e-13,-1.4891516362730963,-1.0511534767321486e-06,4,3,hbo,False,S4_D3 hbo,mild_master_22,,
981,ShortHbO,7.0,4.8063656594814423e-17,4.2883621540471825e-14,0.004657467739590385,180.13533041111717,838974.4901502329,4,3,hbo,True,S4_D3 hbo,mild_master_22,,
982,az_itd=0_az=15,7.0,4.8063656594814423e-17,0.001624018462710798,5.277985149810693e-09,-4.967359002864284,-0.026217647050896138,4,3,hbo,True,S4_D3 hbo,mild_master_22,-0.09964142814813266,
983,az_itd=0_az=5,7.0,4.8063656594814423e-17,1.758663461796593e-05,5.181361691189257e-09,10.301230813527454,0.053374402709309494,4,3,hbo,True,S4_D3 hbo,mild_master_22,0.07421336545846666,
984,az_itd=15_az=0,7.0,4.8063656594814423e-17,0.38773740903489995,5.189718002577393e-09,0.9209018663679793,0.004779220994497023,4,3,hbo,False,S4_D3 hbo,mild_master_22,0.03031773642775832,
985,az_itd=5_az=0,7.0,4.8063656594814423e-17,1.994631958098686e-06,5.1691921711046505e-09,14.247105899027437,0.07364602827415151,4,3,hbo,True,S4_D3 hbo,mild_master_22,0.028126130717985514,
986,constant,7.0,4.8063656594814423e-17,0.9767147173952264,6.33162385012829e-09,-0.030246567962054067,-0.00019150989109306777,4,3,hbo,False,S4_D3 hbo,mild_master_22,,
994,Linear,7.0,4.3166543443906556e-17,0.7376738346546297,6.689481253512745e-13,-0.348551711934781,-2.3316301428674922e-07,4,4,hbo,False,S4_D4 hbo,mild_master_22,,
995,ShortHbO,7.0,4.3166543443906556e-17,5.265492308406513e-13,0.004413824778022575,125.88175353045332,555620.0028336457,4,4,hbo,True,S4_D4 hbo,mild_master_22,,
996,az_itd=0_az=15,7.0,4.3166543443906556e-17,6.390478224303304e-07,5.001881480411173e-09,-16.833733077903712,-0.08420033772855155,4,4,hbo,True,S4_D4 hbo,mild_master_22,-0.07267082098705087,
997,az_itd=0_az=5,7.0,4.3166543443906556e-17,0.00018097633031855109,4.910312619466354e-09,7.177427978367308,0.03524341517748788,4,4,hbo,True,S4_D4 hbo,mild_master_22,0.06336907316219917,
998,az_itd=15_az=0,7.0,4.3166543443906556e-17,0.004466953665096969,4.918231792785431e-09,-4.118680873230635,-0.02025662721506017,4,4,hbo,True,S4_D4 hbo,mild_master_22,-0.014195271500327018,
999,az_itd=5_az=0,7.0,4.3166543443906556e-17,2.5527199361711907e-05,4.8987797152597426e-09,9.73522280309859,0.04769071199135346,4,4,hbo,True,S4_D4 hbo,mild_master_22,-0.00038860963107927433,
1000,constant,7.0,4.3166543443906556e-17,0.8062671577871964,6.000401891623795e-09,0.25471112910194554,0.0015283691408809468,4,4,hbo,False,S4_D4 hbo,mild_master_22,,
1008,Linear,7.0,8.138112773597044e-17,0.0006538433917822712,9.185031624090495e-13,5.814426276064491,5.340568922159509e-06,5,1,hbo,True,S5_D1 hbo,mild_master_22,,
1009,ShortHbO,7.0,8.138112773597044e-17,1.4603640673480746e-11,0.006060428100914826,78.28556113356164,474444.0145897225,5,1,hbo,True,S5_D1 hbo,mild_master_22,,
1010,az_itd=0_az=15,7.0,8.138112773597044e-17,5.546401266678996e-10,6.867862818720683e-09,-46.51881083874466,-0.3194848113305152,5,1,hbo,True,S5_D1 hbo,mild_master_22,-0.2653024205174186,
1011,az_itd=0_az=5,7.0,8.138112773597044e-17,9.342359701476775e-09,6.742133655025299e-09,-31.02032670296049,-0.20914318865390985,5,1,hbo,True,S5_D1 hbo,mild_master_22,-0.22987909628416262,
1012,az_itd=15_az=0,7.0,8.138112773597044e-17,7.908160701524645e-09,6.7530071225806766e-09,-31.772527744622494,-0.21456010616182783,5,1,hbo,True,S5_D1 hbo,mild_master_22,-0.0554684208557335,
1013,az_itd=5_az=0,7.0,8.138112773597044e-17,2.9156872388929534e-08,6.726298332996448e-09,-26.332645490591457,-0.17712122946675174,5,1,hbo,True,S5_D1 hbo,mild_master_22,-0.18732396105972862,
1014,constant,7.0,8.138112773597044e-17,0.12441160438236626,8.23888714881679e-09,1.745474757535269,0.014380769548441431,5,1,hbo,False,S5_D1 hbo,mild_master_22,,
1022,Linear,7.0,9.454957753377367e-17,0.004385152311363532,9.900305597197083e-13,4.133420340587323,4.0922124533484945e-06,5,2,hbo,True,S5_D2 hbo,mild_master_22,,
1023,ShortHbO,7.0,9.454957753377367e-17,5.160174303870929e-13,0.006532377100534889,126.24575694352593,824684.8916975823,5,2,hbo,True,S5_D2 hbo,mild_master_22,,
1024,az_itd=0_az=15,7.0,9.454957753377367e-17,4.87606438734436e-09,7.402689885860343e-09,-34.058473059628724,-0.25212431404636054,5,2,hbo,True,S5_D2 hbo,mild_master_22,-0.2531744892211275,
1025,az_itd=0_az=5,7.0,9.454957753377367e-17,1.0068266833934233e-07,7.267169705418114e-09,-22.018020476516075,-0.16000869138021334,5,2,hbo,True,S5_D2 hbo,mild_master_22,-0.1438381674991011,
1026,az_itd=15_az=0,7.0,9.454957753377367e-17,3.422325614087098e-08,7.278889931989475e-09,-25.73138920272654,-0.18729594980382885,5,2,hbo,True,S5_D2 hbo,mild_master_22,-0.08243756138139888,
1027,az_itd=5_az=0,7.0,9.454957753377367e-17,5.243690713806609e-07,7.250101225555241e-09,-17.326569193213853,-0.12561938054238742,5,2,hbo,True,S5_D2 hbo,mild_master_22,-0.15984805434138105,
1028,constant,7.0,9.454957753377367e-17,0.23947254664102313,8.880481188564533e-09,1.285611920127339,0.011416852472485164,5,2,hbo,False,S5_D2 hbo,mild_master_22,,
1036,Linear,7.0,8.098694794126323e-17,0.05261048348379206,9.162760190998899e-13,2.330044111275267,2.134963542606442e-06,5,3,hbo,False,S5_D3 hbo,mild_master_22,,
1037,ShortHbO,7.0,8.098694794126323e-17,8.269338118762504e-13,0.0060457330596259155,118.01752676712155,713502.4631912732,5,3,hbo,True,S5_D3 hbo,mild_master_22,,
1038,az_itd=0_az=15,7.0,8.098694794126323e-17,1.4082401580782328e-08,6.8512099476681526e-09,-29.2423135141396,-0.20034522924090406,5,3,hbo,True,S5_D3 hbo,mild_master_22,-0.18867708030914088,
1039,az_itd=0_az=5,7.0,8.098694794126323e-17,0.00016511824933475075,6.725785646141076e-09,-7.28329001460479,-0.04898584743691153,5,3,hbo,True,S5_D3 hbo,mild_master_22,-0.06333445221026689,
1040,az_itd=15_az=0,7.0,8.098694794126323e-17,8.038162350297501e-07,6.736632748223253e-09,-16.278937669273294,-0.1096652246091116,5,3,hbo,True,S5_D3 hbo,mild_master_22,-0.0251066483559434,
1041,az_itd=5_az=0,7.0,8.098694794126323e-17,0.0016324484450686643,6.709988720857004e-09,-4.962782293117579,-0.033300213210887816,5,3,hbo,True,S5_D3 hbo,mild_master_22,-0.10176849533213633,
1042,constant,7.0,8.098694794126323e-17,0.4789184231115984,8.218909882390966e-09,0.7478459900673097,0.006146478798270668,5,3,hbo,False,S5_D3 hbo,mild_master_22,,
1050,Linear,7.0,5.560787525133819e-17,0.041728775437884634,7.592537658062663e-13,2.487832463108174,1.8888961663099604e-06,6,1,hbo,True,S6_D1 hbo,mild_master_22,,
1051,ShortHbO,7.0,5.560787525133819e-17,3.643451213519512e-13,0.0050096755747134755,132.68379161781758,664702.7500281534,6,1,hbo,True,S6_D1 hbo,mild_master_22,,
1052,az_itd=0_az=15,7.0,5.560787525133819e-17,3.0647614867242307e-08,5.67711786040895e-09,-26.14405081601469,-0.1484228578310362,6,1,hbo,True,S6_D1 hbo,mild_master_22,-0.21621296522416603,
1053,az_itd=0_az=5,7.0,5.560787525133819e-17,7.704997819144123e-06,5.573187525801261e-09,-11.660975976606421,-0.06498880585149108,6,1,hbo,True,S6_D1 hbo,mild_master_22,-0.08571998167703009,
1054,az_itd=15_az=0,7.0,5.560787525133819e-17,1.9307269813713997e-06,5.58217575962197e-09,-14.315560883207421,-0.07991197694763294,6,1,hbo,True,S6_D1 hbo,mild_master_22,-0.06763638036703588,
1055,az_itd=5_az=0,7.0,5.560787525133819e-17,1.0733979628475677e-05,5.5600977201530955e-09,-11.096357776326858,-0.06169683357415805,6,1,hbo,True,S6_D1 hbo,mild_master_22,-0.09851373560904175,
1056,constant,7.0,5.560787525133819e-17,0.46040537958672534,6.810435009701355e-09,0.7809802817545682,0.0053188154527477405,6,1,hbo,False,S6_D1 hbo,mild_master_22,,
1078,Linear,7.0,1.7086699402266962e-17,0.041355024198487605,4.2086992603636245e-13,-2.4939787137834855,-1.0496406368063177e-06,7,7,hbo,True,S7_D7 hbo,mild_master_22,,
1079,ShortHbO,7.0,1.7086699402266962e-17,1.3191401984239137e-13,0.0027769658624700504,153.4153879615818,426029.2951469114,7,7,hbo,True,S7_D7 hbo,mild_master_22,,
1080,az_itd=0_az=15,7.0,1.7086699402266962e-17,6.565797634414724e-05,3.1469428030729002e-09,8.419872465994953,0.026496857059654485,7,7,hbo,True,S7_D7 hbo,mild_master_22,0.008186191302294329,
1081,az_itd=0_az=5,7.0,1.7086699402266962e-17,4.367069310060592e-06,3.0893320881720356e-09,12.689296198912253,0.03920144992361907,7,7,hbo,True,S7_D7 hbo,mild_master_22,0.038629892062546474,
1082,az_itd=15_az=0,7.0,1.7086699402266962e-17,5.486714449489744e-05,3.094314450425191e-09,8.657403159597779,0.026788727699900115,7,7,hbo,True,S7_D7 hbo,mild_master_22,-0.00788561325291023,
1083,az_itd=5_az=0,7.0,1.7086699402266962e-17,8.67702888942705e-08,3.0820761405783832e-09,22.49677513979115,0.06933677389830722,7,7,hbo,True,S7_D7 hbo,mild_master_22,0.07506518356393621,
1084,constant,7.0,1.7086699402266962e-17,0.40732536629584926,3.775163730356576e-09,-0.8814390778200941,-0.0033275768371053673,7,7,hbo,False,S7_D7 hbo,mild_master_22,,
1092,Linear,7.0,2.1001141128144342e-17,0.5705077995865051,4.665951827772415e-13,-0.5950964803757569,-2.776691510310194e-07,7,8,hbo,False,S7_D8 hbo,mild_master_22,,
1093,ShortHbO,7.0,2.1001141128144342e-17,1.567705455248309e-13,0.0030786682868222458,149.67715446184323,460806.30870347156,7,8,hbo,True,S7_D8 hbo,mild_master_22,,
1094,az_itd=0_az=15,7.0,2.1001141128144342e-17,0.38837788294934145,3.4888412346727325e-09,0.919588427525377,0.003208298024878393,7,8,hbo,False,S7_D8 hbo,mild_master_22,-0.03237997114959012,
1095,az_itd=0_az=5,7.0,2.1001141128144342e-17,0.05002051979280644,3.4249714250566044e-09,2.364345311197776,0.008097815129818947,7,8,hbo,False,S7_D8 hbo,mild_master_22,0.029553220323890517,
1096,az_itd=15_az=0,7.0,2.1001141128144342e-17,6.441040212093251e-05,3.4304950942055677e-09,-8.4449866070014,-0.028970485125950025,7,8,hbo,True,S7_D8 hbo,mild_master_22,-0.01851740528769096,
1097,az_itd=5_az=0,7.0,2.1001141128144342e-17,7.2037436473932475e-06,3.4169271577325717e-09,11.77867855419595,0.04024688663403437,7,8,hbo,True,S7_D8 hbo,mild_master_22,0.08279675052808068,
1098,constant,7.0,2.1001141128144342e-17,0.7672501611541482,4.1853149911869715e-09,-0.30771887962357575,-0.0012879004399598106,7,8,hbo,False,S7_D8 hbo,mild_master_22,,
1064,Linear,7.0,3.4113340253406865e-17,0.31968860263926063,5.946767058593396e-13,-1.07102919355855,-6.369161127045836e-07,7,17,hbo,False,S7_D17 hbo,mild_master_22,,
1065,ShortHbO,7.0,3.4113340253406865e-17,2.7297173740056327e-08,0.003923770289148319,26.5839702098521,104309.39247702167,7,17,hbo,True,S7_D17 hbo,mild_master_22,,
1066,az_itd=0_az=15,7.0,3.4113340253406865e-17,7.02306271275865e-05,4.446536718086769e-09,8.332231418522762,0.03704957294605767,7,17,hbo,True,S7_D17 hbo,mild_master_22,0.058811294006241285,
1067,az_itd=0_az=5,7.0,3.4113340253406865e-17,0.0003447862031692464,4.365134488941778e-09,6.466691987850241,0.02822798022552855,7,17,hbo,True,S7_D17 hbo,mild_master_22,0.02421411441103516,
1068,az_itd=15_az=0,7.0,3.4113340253406865e-17,0.00127904742717982,4.372174418831775e-09,5.181305615431908,0.022653571867940817,7,17,hbo,True,S7_D17 hbo,mild_master_22,0.002937327213844168,
1069,az_itd=5_az=0,7.0,3.4113340253406865e-17,0.02451009621335861,4.3548820504900255e-09,2.8550644834085612,0.012433469071787521,7,17,hbo,True,S7_D17 hbo,mild_master_22,0.00933051488882966,
1070,constant,7.0,3.4113340253406865e-17,0.786154093934502,5.3341942304856925e-09,-0.2819247460898204,-0.0015038413540234637,7,17,hbo,False,S7_D17 hbo,mild_master_22,,
1106,Linear,7.0,9.744100404479696e-16,0.6977440349750971,3.178261881391627e-12,-0.4047498506282077,-1.2864010217505873e-06,8,18,hbo,False,S8_D18 hbo,mild_master_22,,
1107,ShortHbO,7.0,9.744100404479696e-16,2.487215661418272e-05,0.020970670985533523,-9.773800906903116,-204963.16309677443,8,18,hbo,True,S8_D18 hbo,mild_master_22,,
1108,az_itd=0_az=15,7.0,9.744100404479696e-16,0.01681408327742435,2.3764606913401024e-08,3.1212577169198354,0.0741754627180194,8,18,hbo,True,S8_D18 hbo,mild_master_22,-0.08807003772485011,
1109,az_itd=0_az=5,7.0,9.744100404479696e-16,0.0007201592770746912,2.3329551026054684e-08,-5.720216942833674,-0.13345009304794073,8,18,hbo,True,S8_D18 hbo,mild_master_22,-0.1591785047255538,
1110,az_itd=15_az=0,7.0,9.744100404479696e-16,6.323993663855766e-07,2.3367176076097152e-08,16.85945291753018,0.3939578048705976,8,18,hbo,True,S8_D18 hbo,mild_master_22,0.4249071788579662,
1111,az_itd=5_az=0,7.0,9.744100404479696e-16,0.3327513520254936,2.3274756657952724e-08,1.040394881375097,0.024214937692184975,8,18,hbo,False,S8_D18 hbo,mild_master_22,-0.043098601572918414,
1112,constant,7.0,9.744100404479696e-16,0.9555878398174147,2.850871073921276e-08,-0.05771600573316951,-0.0016454089124696748,8,18,hbo,False,S8_D18 hbo,mild_master_22,,
1162,Linear,7.0,2.178534813139385e-17,0.005005179547184445,4.752269443343909e-13,4.028520999269118,1.9144617246695903e-06,9,5,hbo,True,S9_D5 hbo,mild_master_22,,
1163,ShortHbO,7.0,2.178534813139385e-17,9.613820201813075e-14,0.0031356220050480386,160.50986709802405,503298.27129990037,9,5,hbo,True,S9_D5 hbo,mild_master_22,,
1164,az_itd=0_az=15,7.0,2.178534813139385e-17,1.0819647107283804e-07,3.5533829332586416e-09,-21.789885615838838,-0.0774278076649797,9,5,hbo,True,S9_D5 hbo,mild_master_22,-0.13349129064442153,
1165,az_itd=0_az=5,7.0,2.178534813139385e-17,5.4551270136040125e-08,3.4883315662933237e-09,-24.05727001344236,-0.0839197343867328,9,5,hbo,True,S9_D5 hbo,mild_master_22,-0.028681926076645728,
1166,az_itd=15_az=0,7.0,2.178534813139385e-17,1.0250521575589885e-07,3.493957420369981e-09,-21.960940335007205,-0.07673059044180083,9,5,hbo,True,S9_D5 hbo,mild_master_22,-0.06956745487683566,
1167,az_itd=5_az=0,7.0,2.178534813139385e-17,3.026078053092007e-08,3.4801384843222348e-09,-26.191966870796236,-0.091151671887151,9,5,hbo,True,S9_D5 hbo,mild_master_22,-0.05422746336044405,
1168,constant,7.0,2.178534813139385e-17,0.40122378986703383,4.262741082108995e-09,0.8935785376912722,0.003809093942707467,9,5,hbo,False,S9_D5 hbo,mild_master_22,,
1120,Linear,7.0,3.720270934669277e-17,0.007824996735194366,6.210207174817933e-13,-3.6833487941087237,-2.2874359108530976e-06,9,15,hbo,True,S9_D15 hbo,mild_master_22,,
1121,ShortHbO,7.0,3.720270934669277e-17,5.360254872695156e-13,0.004097592214713387,125.56127341585176,514498.8964182932,9,15,hbo,True,S9_D15 hbo,mild_master_22,,
1122,az_itd=0_az=15,7.0,3.720270934669277e-17,1.3565346289975516e-06,4.643517050134033e-09,15.077753032973837,0.07001380328632414,9,15,hbo,True,S9_D15 hbo,mild_master_22,0.01039742517642388,
1123,az_itd=0_az=5,7.0,3.720270934669277e-17,7.748556599277404e-08,4.558508725022005e-09,22.86791406799359,0.10424358580200221,9,15,hbo,True,S9_D15 hbo,mild_master_22,0.07988978497012679,
1124,az_itd=15_az=0,7.0,3.720270934669277e-17,3.1168840985867193e-07,4.5658605218356875e-09,18.689850438260823,0.08533525027506851,9,15,hbo,True,S9_D15 hbo,mild_master_22,0.02468709960490978,
1125,az_itd=5_az=0,7.0,3.720270934669277e-17,3.964326805032657e-08,4.5478021064164485e-09,25.191533106789713,0.11456610732691797,9,15,hbo,True,S9_D15 hbo,mild_master_22,0.053031232046185914,
1126,constant,7.0,3.720270934669277e-17,0.19032053653884617,5.570497541881212e-09,-1.4500752576827187,-0.00807764065846435,9,15,hbo,False,S9_D15 hbo,mild_master_22,,
1134,Linear,7.0,1.1203907533621598e-17,0.3179309010074584,3.408031199820045e-13,1.075227209753216,3.6644078777344123e-07,9,16,hbo,False,S9_D16 hbo,mild_master_22,,
1135,ShortHbO,7.0,1.1203907533621598e-17,1.869489925478574e-13,0.002248672502989781,145.95861756172266,328213.12988544715,9,16,hbo,True,S9_D16 hbo,mild_master_22,,
1136,az_itd=0_az=15,7.0,1.1203907533621598e-17,0.05440708973756102,2.548264580918281e-09,-2.3072461136871016,-0.0058794735509701945,9,16,hbo,False,S9_D16 hbo,mild_master_22,-0.03275308154990678,
1137,az_itd=0_az=5,7.0,1.1203907533621598e-17,1.3344687357165891e-05,2.5016137984128286e-09,-10.739201638087303,-0.026865335001776847,9,16,hbo,True,S9_D16 hbo,mild_master_22,-0.033107436655418564,
1138,az_itd=15_az=0,7.0,1.1203907533621598e-17,4.424955580653474e-05,2.5056483100177493e-09,-8.949404128484252,-0.02242405933020243,9,16,hbo,True,S9_D16 hbo,mild_master_22,-0.038097579182340593,
1139,az_itd=5_az=0,7.0,1.1203907533621598e-17,0.009314356806756909,2.495738231104821e-09,-3.5523510392980175,-0.008865738299081006,9,16,hbo,True,S9_D16 hbo,mild_master_22,-0.012579862552397712,
1140,constant,7.0,1.1203907533621598e-17,0.9267981797363141,3.0569719957544912e-09,-0.09523360821913983,-0.0002911264733805652,9,16,hbo,False,S9_D16 hbo,mild_master_22,,
1148,Linear,7.0,1.406754984113062e-17,0.31686968567466456,3.8188098606377954e-13,1.0777707935097163,4.115801733762326e-07,9,17,hbo,False,S9_D17 hbo,mild_master_22,,
1149,ShortHbO,7.0,1.406754984113062e-17,1.5641810796208374e-12,0.002519710713979345,107.74123499065529,271476.7441433204,9,17,hbo,True,S9_D17 hbo,mild_master_22,,
1150,az_itd=0_az=15,7.0,1.406754984113062e-17,0.0006346903807767585,2.8554133863676532e-09,-5.843636043145367,-0.016685996582657788,9,17,hbo,True,S9_D17 hbo,mild_master_22,-0.04612315144017154,
1151,az_itd=0_az=5,7.0,1.406754984113062e-17,4.587214689902112e-05,2.803139666500388e-09,-8.899930882916612,-0.02494774928701538,9,17,hbo,True,S9_D17 hbo,mild_master_22,-0.06637824776482797,
1152,az_itd=15_az=0,7.0,1.406754984113062e-17,0.028286545732806683,2.8076604680413315e-09,-2.7553103964102235,-0.007735976077184274,9,17,hbo,True,S9_D17 hbo,mild_master_22,-0.01913954468181177,
1153,az_itd=5_az=0,7.0,1.406754984113062e-17,0.00016612650969365076,2.7965559021340747e-09,-7.276224320808654,-0.020348368069608942,9,17,hbo,True,S9_D17 hbo,mild_master_22,-0.03433740892896076,
1154,constant,7.0,1.406754984113062e-17,0.9004543927735947,3.4254365986136737e-09,-0.12969694376936297,-0.00044426865791591554,9,17,hbo,False,S9_D17 hbo,mild_master_22,,
56,Linear,7.0,3.216486748150327e-17,0.004388501004967928,5.77443752881787e-13,4.132811057783863,2.3864659271580624e-06,10,6,hbo,True,S10_D6 hbo,mild_master_22,,
57,ShortHbO,7.0,3.216486748150327e-17,1.940402394264991e-13,0.003810064559259507,145.18416552417386,553161.0436293208,10,6,hbo,True,S10_D6 hbo,mild_master_22,,
58,az_itd=0_az=15,7.0,3.216486748150327e-17,1.0782976004279904e-06,4.317681900972284e-09,-15.593884795053166,-0.06732943414544795,10,6,hbo,True,S10_D6 hbo,mild_master_22,-0.11164362589523873,
59,az_itd=0_az=5,7.0,3.216486748150327e-17,9.40433976922201e-08,4.2386386019372195e-09,-22.236392634475948,-0.09425203218832222,10,6,hbo,True,S10_D6 hbo,mild_master_22,-0.03235793235527672,
60,az_itd=15_az=0,7.0,3.216486748150327e-17,6.334377482283923e-08,4.245474523868666e-09,-23.543623363589177,-0.09995385318967696,10,6,hbo,True,S10_D6 hbo,mild_master_22,-0.09096450364617038,
61,az_itd=5_az=0,7.0,3.216486748150327e-17,3.172059702502223e-08,4.228683265739521e-09,-26.014675457709604,-0.11000782277166123,10,6,hbo,True,S10_D6 hbo,mild_master_22,-0.08847517530076232,
62,constant,7.0,3.216486748150327e-17,0.6594518488079139,5.179616259898705e-09,0.4600163782214935,0.0023827083124557604,10,6,hbo,False,S10_D6 hbo,mild_master_22,,
0,Linear,7.0,4.539122882199447e-17,0.20759101850811246,6.859694491120488e-13,1.388405405761689,9.524036913345364e-07,10,14,hbo,False,S10_D14 hbo,mild_master_22,,
1,ShortHbO,7.0,4.539122882199447e-17,2.142604066554082e-14,0.0045261341451063065,198.90986439028376,900292.7290153283,10,14,hbo,True,S10_D14 hbo,mild_master_22,,
2,az_itd=0_az=15,7.0,4.539122882199447e-17,0.00011163611012319416,5.129153896409637e-09,-7.74927581605934,-0.03974722824629373,10,14,hbo,True,S10_D14 hbo,mild_master_22,-0.13986120857547502,
3,az_itd=0_az=5,7.0,4.539122882199447e-17,2.997910325583996e-05,5.035255074187583e-09,-9.499608339883716,-0.04783295109619417,10,14,hbo,True,S10_D14 hbo,mild_master_22,0.03529993988481565,
4,az_itd=15_az=0,7.0,4.539122882199447e-17,3.841845333489029e-07,5.043375750146212e-09,-18.129833489226655,-0.09143556257375442,10,14,hbo,True,S10_D14 hbo,mild_master_22,-0.04845558541076843,
5,az_itd=5_az=0,7.0,4.539122882199447e-17,0.0018481989869385028,5.023428716290075e-09,-4.85382196310062,-0.024382828633199113,10,14,hbo,True,S10_D14 hbo,mild_master_22,0.010192237884253916,
6,constant,7.0,4.539122882199447e-17,0.7204219258063547,6.153081568001479e-09,0.37266972112580155,0.0022930671920114213,10,14,hbo,False,S10_D14 hbo,mild_master_22,,
14,Linear,7.0,5.236565601088286e-17,0.030646071502789363,7.367872100437293e-13,2.699841129321858,1.9892084132343633e-06,10,15,hbo,True,S10_D15 hbo,mild_master_22,,
15,ShortHbO,7.0,5.236565601088286e-17,4.93636777341193e-14,0.004861437711800804,176.54943309672313,858284.0720534628,10,15,hbo,True,S10_D15 hbo,mild_master_22,,
16,az_itd=0_az=15,7.0,5.236565601088286e-17,1.5648712994620666e-06,5.5091301720687685e-09,-14.764733077492421,-0.08134083647975525,10,15,hbo,True,S10_D15 hbo,mild_master_22,-0.1442541449535538,
17,az_itd=0_az=5,7.0,5.236565601088286e-17,1.8724829107008365e-07,5.408275168480878e-09,-20.125332701317205,-0.10884333710595002,10,15,hbo,True,S10_D15 hbo,mild_master_22,-0.08254212190391903,
18,az_itd=15_az=0,7.0,5.236565601088286e-17,2.62313941376957e-07,5.4169974376591525e-09,-19.164226325504256,-0.10381256489997662,10,15,hbo,True,S10_D15 hbo,mild_master_22,-0.1069236104239036,
19,az_itd=5_az=0,7.0,5.236565601088286e-17,6.71541832086354e-06,5.395572694264916e-09,-11.90265964007328,-0.06422166534310847,10,15,hbo,True,S10_D15 hbo,mild_master_22,-0.029274565061715396,
20,constant,7.0,5.236565601088286e-17,0.6824860340052099,6.608912113400528e-09,0.42659639519861087,0.002819338083761098,10,15,hbo,False,S10_D15 hbo,mild_master_22,,
28,Linear,7.0,3.665040110345861e-17,0.06491897753335704,6.163936698313726e-13,-2.1874889728040934,-1.3483543556623749e-06,10,16,hbo,False,S10_D16 hbo,mild_master_22,,
29,ShortHbO,7.0,3.665040110345861e-17,2.0266577986474434e-13,0.004067062227716572,144.2846321627659,586814.5775091648,10,16,hbo,True,S10_D16 hbo,mild_master_22,,
30,az_itd=0_az=15,7.0,3.665040110345861e-17,3.121131682218696e-05,4.608919533414083e-09,9.441358078256743,0.043514459668834354,10,16,hbo,True,S10_D16 hbo,mild_master_22,-0.00417365805383728,
31,az_itd=0_az=5,7.0,3.665040110345861e-17,8.216061814680471e-05,4.524544581005902e-09,8.130955706902009,0.036788871582062496,10,16,hbo,True,S10_D16 hbo,mild_master_22,0.04031199513748295,
32,az_itd=15_az=0,7.0,3.665040110345861e-17,3.7084500536449385e-05,4.531841601685366e-09,9.195514993573072,0.041672617396795994,10,16,hbo,True,S10_D16 hbo,mild_master_22,-1.7449891322570976e-05,
33,az_itd=5_az=0,7.0,3.665040110345861e-17,7.212031171757426e-07,4.513917734351696e-09,16.53901546421407,0.07465575521263285,10,16,hbo,True,S10_D16 hbo,mild_master_22,0.045187477183856,
34,constant,7.0,3.665040110345861e-17,0.5854175015959968,5.528993358788332e-09,-0.5716829410782687,-0.0031608311845543286,10,16,hbo,False,S10_D16 hbo,mild_master_22,,
42,Linear,7.0,2.5183209792698732e-17,0.018159117513151895,5.109452260802734e-13,3.066403256763279,1.5667641052802e-06,10,21,hbo,True,S10_D21 hbo,mild_master_22,,
43,ShortHbO,7.0,2.5183209792698732e-17,8.029323232711899e-14,0.003371296836957585,164.69417169450998,555232.9400990509,10,21,hbo,True,S10_D21 hbo,mild_master_22,,
44,az_itd=0_az=15,7.0,2.5183209792698732e-17,7.728855133552321e-08,3.820456873981657e-09,-22.876331269870175,-0.08739803705145704,10,21,hbo,True,S10_D21 hbo,mild_master_22,-0.09278818580398156,
45,az_itd=0_az=5,7.0,2.5183209792698732e-17,2.705432901163414e-07,3.75051621552956e-09,-19.078413075212673,-0.07155389760515632,10,21,hbo,True,S10_D21 hbo,mild_master_22,-0.02757540924541279,
46,az_itd=15_az=0,7.0,2.5183209792698732e-17,8.481882998951637e-08,3.756564911457604e-09,-22.57089558132186,-0.08478903436096719,10,21,hbo,True,S10_D21 hbo,mild_master_22,-0.07180753797465766,
47,az_itd=5_az=0,7.0,2.5183209792698732e-17,6.667800140129635e-06,3.741707337645173e-09,-11.915294984875143,-0.04458354667511405,10,21,hbo,True,S10_D21 hbo,mild_master_22,-0.010774694864601081,
48,constant,7.0,2.5183209792698732e-17,0.4835324808178576,4.583130716568319e-09,0.7397225959571725,0.0033902453512709733,10,21,hbo,False,S10_D21 hbo,mild_master_22,,
126,Linear,7.0,3.343089391823637e-17,0.023185008438460542,5.886983231500613e-13,2.8939551793725435,1.7036665613680513e-06,11,3,hbo,True,S11_D3 hbo,mild_master_22,,
127,ShortHbO,7.0,3.343089391823637e-17,1.2795372878053973e-13,0.0038843239812289152,154.0850715950224,598516.3387459199,11,3,hbo,True,S11_D3 hbo,mild_master_22,,
128,az_itd=0_az=15,7.0,3.343089391823637e-17,1.1125355824794864e-07,4.401834953296492e-09,-21.702189296516,-0.09552945540846114,11,3,hbo,True,S11_D3 hbo,mild_master_22,-0.10294128417668469,
129,az_itd=0_az=5,7.0,3.343089391823637e-17,5.965954242783445e-07,4.321251074146418e-09,-17.003476274995236,-0.0734762901175463,11,3,hbo,True,S11_D3 hbo,mild_master_22,-0.0611111269931158,
130,az_itd=15_az=0,7.0,3.343089391823637e-17,9.801169477882551e-07,4.328220230463625e-09,-15.813440119101294,-0.06844405143671933,11,3,hbo,True,S11_D3 hbo,mild_master_22,-0.08811002060465949,
131,az_itd=5_az=0,7.0,3.343089391823637e-17,9.396290338007543e-07,4.311101705144274e-09,-15.911395625796082,-0.06859564481359463,11,3,hbo,True,S11_D3 hbo,mild_master_22,-0.11492039881361801,
132,constant,7.0,3.343089391823637e-17,0.43355661961522973,5.2805686987618886e-09,0.8307039723644062,0.004386589394404644,11,3,hbo,False,S11_D3 hbo,mild_master_22,,
140,Linear,7.0,3.484923739204249e-17,0.04957993755684006,6.010567011680593e-13,2.3703603081475975,1.4247209473948994e-06,11,4,hbo,True,S11_D4 hbo,mild_master_22,,
141,ShortHbO,7.0,3.484923739204249e-17,3.429389989381857e-14,0.003965866500065283,185.9812976005089,737576.99779253,11,4,hbo,True,S11_D4 hbo,mild_master_22,,
142,az_itd=0_az=15,7.0,3.484923739204249e-17,3.1984971878460824e-07,4.49424143414833e-09,-18.619738975979,-0.08368160239887142,11,4,hbo,True,S11_D4 hbo,mild_master_22,-0.08748117351891435,
143,az_itd=0_az=5,7.0,3.484923739204249e-17,1.4454726891301742e-05,4.411965880329701e-09,-10.610734130682301,-0.04681419694982015,11,4,hbo,True,S11_D4 hbo,mild_master_22,-0.014363794756000955,
144,az_itd=15_az=0,7.0,3.484923739204249e-17,3.162121616173475e-07,4.419081338181748e-09,-18.650733185436717,-0.08241910696317042,11,4,hbo,True,S11_D4 hbo,mild_master_22,-0.0840363871869522,
145,az_itd=5_az=0,7.0,3.484923739204249e-17,3.5708575291386283e-05,4.401603448483924e-09,-9.248943190864901,-0.04071018024374285,11,4,hbo,True,S11_D4 hbo,mild_master_22,-0.04596620630780573,
146,constant,7.0,3.484923739204249e-17,0.5995753821136555,5.391422189527944e-09,0.5497625837408794,0.0029640021929527916,11,4,hbo,False,S11_D4 hbo,mild_master_22,,
70,Linear,7.0,3.0715566640061106e-17,0.008502092116401403,5.642844334371906e-13,3.6207165127978027,2.0431139660607886e-06,11,11,hbo,True,S11_D11 hbo,mild_master_22,,
71,ShortHbO,7.0,3.0715566640061106e-17,2.856577188155915e-13,0.0037232373031161788,137.3783551819155,511492.2166540516,11,11,hbo,True,S11_D11 hbo,mild_master_22,,
72,az_itd=0_az=15,7.0,3.0715566640061106e-17,3.839968289048345e-08,4.219286593877017e-09,-25.307618556174027,-0.10678009569701831,11,11,hbo,True,S11_D11 hbo,mild_master_22,-0.0788327916100012,
73,az_itd=0_az=5,7.0,3.0715566640061106e-17,7.971957234519823e-08,4.142044606254131e-09,-22.77414378681912,-0.09433151943425015,11,11,hbo,True,S11_D11 hbo,mild_master_22,-0.07011027601593994,
74,az_itd=15_az=0,7.0,3.0715566640061106e-17,2.900650348361669e-07,4.148724744908081e-09,-18.8862212074775,-0.07835373326126968,11,11,hbo,True,S11_D11 hbo,mild_master_22,-0.10229404342711715,
75,az_itd=5_az=0,7.0,3.0715566640061106e-17,8.712252085277458e-07,4.132316141415851e-09,-16.088346350124013,-0.06648213331130627,11,11,hbo,True,S11_D11 hbo,mild_master_22,-0.0926443333873189,
76,constant,7.0,3.0715566640061106e-17,0.46553795973176215,5.061578399718777e-09,0.7717048096628849,0.0039060443955487487,11,11,hbo,False,S11_D11 hbo,mild_master_22,,
84,Linear,7.0,3.385842451595313e-17,0.003060302490290784,5.924506454553164e-13,4.42564914268439,2.6219786911421338e-06,11,12,hbo,True,S11_D12 hbo,mild_master_22,,
85,ShortHbO,7.0,3.385842451595313e-17,9.535369827675879e-14,0.003909082393037551,160.69790255171165,628181.3414629601,11,12,hbo,True,S11_D12 hbo,mild_master_22,,
86,az_itd=0_az=15,7.0,3.385842451595313e-17,2.8742622226780697e-08,4.429891944169042e-09,-26.387012813997163,-0.11689161549541131,11,12,hbo,True,S11_D12 hbo,mild_master_22,-0.0943489977803972,
87,az_itd=0_az=5,7.0,3.385842451595313e-17,3.147666176897803e-08,4.348794428959056e-09,-26.043644700861822,-0.11325845698489694,11,12,hbo,True,S11_D12 hbo,mild_master_22,-0.0648937395382262,
88,az_itd=15_az=0,7.0,3.385842451595313e-17,2.591128252723571e-08,4.355808006195552e-09,-26.78432758744301,-0.11666738854594864,11,12,hbo,True,S11_D12 hbo,mild_master_22,-0.08558476625658137,
89,az_itd=5_az=0,7.0,3.385842451595313e-17,1.4399765634376656e-07,4.338580368582412e-09,-20.90635733050092,-0.09070391149268028,11,12,hbo,True,S11_D12 hbo,mild_master_22,-0.0677744545751261,
90,constant,7.0,3.385842451595313e-17,0.42097170883700197,5.3142266776172924e-09,0.8547608837606355,0.004542393091464502,11,12,hbo,False,S11_D12 hbo,mild_master_22,,
98,Linear,7.0,6.650500364471078e-17,0.013106791906514344,8.303208907221697e-13,3.3007718790502043,2.740699846683656e-06,11,13,hbo,True,S11_D13 hbo,mild_master_22,,
99,ShortHbO,7.0,6.650500364471078e-17,1.2386384226667173e-13,0.005478587624794973,154.80200300277895,848096.3379444989,11,13,hbo,True,S11_D13 hbo,mild_master_22,,
100,az_itd=0_az=15,7.0,6.650500364471078e-17,2.3211251976393386e-07,6.208503363277746e-09,-19.50771328134723,-0.12111370351710223,11,13,hbo,True,S11_D13 hbo,mild_master_22,-0.10457822842091988,
101,az_itd=0_az=5,7.0,6.650500364471078e-17,4.186227448074995e-07,6.0948450162389645e-09,-17.90464784843233,-0.10912605370653147,11,13,hbo,True,S11_D13 hbo,mild_master_22,0.008395738291252983,
102,az_itd=15_az=0,7.0,6.650500364471078e-17,5.067444344364281e-08,6.104674560257235e-09,-24.314684546472822,-0.14843323619153237,11,13,hbo,True,S11_D13 hbo,mild_master_22,0.008948501703341879,
103,az_itd=5_az=0,7.0,6.650500364471078e-17,2.5381287683423706e-07,6.080529988016981e-09,-19.256158658786607,-0.11708765017876481,11,13,hbo,True,S11_D13 hbo,mild_master_22,-0.06769438750028514,
104,constant,7.0,6.650500364471078e-17,0.39967842920440305,7.447900449272962e-09,0.8966746288951425,0.006678343371399798,11,13,hbo,False,S11_D13 hbo,mild_master_22,,
112,Linear,7.0,2.1215648717275314e-17,0.08161687546122652,4.689720518859029e-13,2.0324525081312235,9.531634230989497e-07,11,20,hbo,False,S11_D20 hbo,mild_master_22,,
113,ShortHbO,7.0,2.1215648717275314e-17,1.3971000875621702e-13,0.0030943512424481652,152.1617893495766,470842.0219269984,11,20,hbo,True,S11_D20 hbo,mild_master_22,,
114,az_itd=0_az=15,7.0,2.1215648717275314e-17,5.051849920917684e-07,3.5066136405221878e-09,-17.4209775074079,-0.06108863735870676,11,20,hbo,True,S11_D20 hbo,mild_master_22,-0.038133229033285525,
115,az_itd=0_az=5,7.0,2.1215648717275314e-17,3.8626905715089576e-05,3.442418473544783e-09,-9.138228815756698,-0.03145760769084012,11,20,hbo,True,S11_D20 hbo,mild_master_22,0.012931378601291555,
116,az_itd=15_az=0,7.0,2.1215648717275314e-17,8.542056850841348e-07,3.4479702806579846e-09,-16.13484031322589,-0.05563244988316523,11,20,hbo,True,S11_D20 hbo,mild_master_22,-0.01767962444833421,
117,az_itd=5_az=0,7.0,2.1215648717275314e-17,5.2805357534998664e-05,3.4343332281498015e-09,-8.708803162647499,-0.029908932078896385,11,20,hbo,True,S11_D20 hbo,mild_master_22,-0.012420089040741822,
118,constant,7.0,2.1215648717275314e-17,0.630791057006312,4.206635283979876e-09,0.502416747220864,0.002113484016121685,11,20,hbo,False,S11_D20 hbo,mild_master_22,,
182,Linear,7.0,5.563121359248625e-17,0.6963796732950052,7.594130765558225e-13,0.4066944344176697,3.088490716592527e-07,12,2,hbo,False,S12_D2 hbo,mild_master_22,,
183,ShortHbO,7.0,5.563121359248625e-17,1.8614448453513363e-13,0.005010726732056099,146.04859542176501,731809.601259084,12,2,hbo,True,S12_D2 hbo,mild_master_22,,
184,az_itd=0_az=15,7.0,5.563121359248625e-17,5.116466378071459e-05,5.678309064117634e-09,-8.751355171771776,-0.04969289939518441,12,2,hbo,True,S12_D2 hbo,mild_master_22,-0.09496294495099118,
185,az_itd=0_az=5,7.0,5.563121359248625e-17,0.2338301239205282,5.574356922282568e-09,-1.302897531855036,-0.007262815875720992,12,2,hbo,False,S12_D2 hbo,mild_master_22,-0.019824885086047912,
186,az_itd=15_az=0,7.0,5.563121359248625e-17,0.12462791022943467,5.583347042063322e-09,1.7442837179984823,0.009738941337406038,12,2,hbo,False,S12_D2 hbo,mild_master_22,-0.049811049186517194,
187,az_itd=5_az=0,7.0,5.563121359248625e-17,0.008447778110198109,5.5612643700602755e-09,-3.625537746591265,-0.020162573892426622,12,2,hbo,True,S12_D2 hbo,mild_master_22,-0.1235161007982267,
188,constant,7.0,5.563121359248625e-17,0.9248974341675655,6.811864012170704e-09,0.0977153196369651,0.0006656234692727999,12,2,hbo,False,S12_D2 hbo,mild_master_22,,
196,Linear,7.0,4.9522328044378725e-17,0.030005035200242572,7.165051731970357e-13,2.714456919812615,1.94492242546623e-06,12,3,hbo,True,S12_D3 hbo,mild_master_22,,
197,ShortHbO,7.0,4.9522328044378725e-17,3.482893902002437e-14,0.004727613647736503,185.5703637387182,877304.9842265913,12,3,hbo,True,S12_D3 hbo,mild_master_22,,
198,az_itd=0_az=15,7.0,4.9522328044378725e-17,4.040835271442764e-07,5.357476642230081e-09,-17.99704262732255,-0.09641873550509966,12,3,hbo,True,S12_D3 hbo,mild_master_22,-0.1349961554104527,
199,az_itd=0_az=5,7.0,4.9522328044378725e-17,9.161403467150067e-07,5.259397942127183e-09,-15.970454229676385,-0.08399497411039634,12,3,hbo,True,S12_D3 hbo,mild_master_22,-0.05271317863741767,
200,az_itd=15_az=0,7.0,4.9522328044378725e-17,5.422756274607852e-07,5.267880107538116e-09,-17.24193446856583,-0.09082844360243372,12,3,hbo,True,S12_D3 hbo,mild_master_22,-0.1007295965209482,
201,az_itd=5_az=0,7.0,4.9522328044378725e-17,2.037364797451682e-06,5.247045137458386e-09,-14.202709074904558,-0.07452225559021405,12,3,hbo,True,S12_D3 hbo,mild_master_22,-0.13258172548103958,
202,constant,7.0,4.9522328044378725e-17,0.567187418261954,6.4269841467185416e-09,0.6003588791733329,0.003858496998788723,12,3,hbo,False,S12_D3 hbo,mild_master_22,,
210,Linear,7.0,4.6704067693883935e-17,0.0040171912476943145,6.95818798436957e-13,4.203671589050683,2.92499371411682e-06,12,4,hbo,True,S12_D4 hbo,mild_master_22,,
211,ShortHbO,7.0,4.6704067693883935e-17,5.678350054790731e-13,0.004591121698625276,124.53103963792022,571737.1582340199,12,4,hbo,True,S12_D4 hbo,mild_master_22,,
212,az_itd=0_az=15,7.0,4.6704067693883935e-17,3.569433840351681e-08,5.20279978331079e-09,-25.57569389200856,-0.13306521463936524,12,4,hbo,True,S12_D4 hbo,mild_master_22,-0.15502994893396768,
213,az_itd=0_az=5,7.0,4.6704067693883935e-17,4.2474308489353035e-08,5.107552734425785e-09,-24.94208233894073,-0.1273930008525298,12,4,hbo,True,S12_D4 hbo,mild_master_22,-0.11067393796255899,
214,az_itd=15_az=0,7.0,4.6704067693883935e-17,1.338357567373946e-07,5.115790009417178e-09,-21.12918284469492,-0.10809246250403909,12,4,hbo,True,S12_D4 hbo,mild_master_22,-0.13742797990229239,
215,az_itd=5_az=0,7.0,4.6704067693883935e-17,7.382143404428973e-08,5.095556570233953e-09,-23.028597877534885,-0.11734352321814855,12,4,hbo,True,S12_D4 hbo,mild_master_22,-0.18537757612036168,
216,constant,7.0,4.6704067693883935e-17,0.35936765658829345,6.2414293069078546e-09,0.9807961834506685,0.006121570043492375,12,4,hbo,False,S12_D4 hbo,mild_master_22,,
154,Linear,7.0,6.552652178451728e-17,0.5444177106359835,8.241900399381593e-13,0.6369491356357511,5.249671335382057e-07,12,10,hbo,False,S12_D10 hbo,mild_master_22,,
155,ShortHbO,7.0,6.552652178451728e-17,3.0031485566702287e-12,0.005438135308575961,98.14950959558749,533750.3136511794,12,10,hbo,True,S12_D10 hbo,mild_master_22,,
156,az_itd=0_az=15,7.0,6.552652178451728e-17,8.02965210696784e-05,6.1626615590577195e-09,-8.160142169435638,-0.05028819446402687,12,10,hbo,True,S12_D10 hbo,mild_master_22,-0.2151244464322701,
157,az_itd=0_az=5,7.0,6.552652178451728e-17,0.00012838136012670962,6.049842432582745e-09,-7.580209674043637,-0.045859074133903416,12,10,hbo,True,S12_D10 hbo,mild_master_22,-0.1475959453084459,
158,az_itd=15_az=0,7.0,6.552652178451728e-17,0.1331700452952699,6.059599398073455e-09,1.6987531213938774,0.010293763391873743,12,10,hbo,False,S12_D10 hbo,mild_master_22,-0.08891390971738515,
159,az_itd=5_az=0,7.0,6.552652178451728e-17,0.014757703766819771,6.0356331024143424e-09,-3.2148856485447737,-0.01940387024083364,12,10,hbo,True,S12_D10 hbo,mild_master_22,-0.16528542391405654,
160,constant,7.0,6.552652178451728e-17,0.9414772363847739,7.3929072932306705e-09,0.07608908172139554,0.0005625195271933296,12,10,hbo,False,S12_D10 hbo,mild_master_22,,
168,Linear,7.0,3.6490602541936874e-17,0.0028626140749041826,6.150484400506907e-13,4.481065716930698,2.756072478962856e-06,12,11,hbo,True,S12_D11 hbo,mild_master_22,,
169,ShortHbO,7.0,3.6490602541936874e-17,2.499164045009673e-13,0.004058186190378117,140.02772188118485,568258.567208332,12,11,hbo,True,S12_D11 hbo,mild_master_22,,
170,az_itd=0_az=15,7.0,3.6490602541936874e-17,2.6984727816007784e-08,4.598860935935606e-09,-26.628110385040646,-0.12245897664754467,12,11,hbo,True,S12_D11 hbo,mild_master_22,-0.08776340078329554,
171,az_itd=0_az=5,7.0,3.6490602541936874e-17,2.034179030579931e-08,4.514670125098435e-09,-27.73452134749442,-0.12521221496143786,12,11,hbo,True,S12_D11 hbo,mild_master_22,-0.09652804187348257,
172,az_itd=15_az=0,7.0,3.6490602541936874e-17,3.716054338072909e-08,4.521951220615119e-09,-25.427638080799284,-0.11498253905682981,12,11,hbo,True,S12_D11 hbo,mild_master_22,-0.12904556824546576,
173,az_itd=5_az=0,7.0,3.6490602541936874e-17,1.147553410717506e-07,4.504066470685314e-09,-21.605053812287846,-0.09731059847327761,12,11,hbo,True,S12_D11 hbo,mild_master_22,-0.13899687007160966,
174,constant,7.0,3.6490602541936874e-17,0.38619018140920375,5.516926773929553e-09,0.9240815129727379,0.005098090040212627,12,11,hbo,False,S12_D11 hbo,mild_master_22,,
224,Linear,7.0,5.655030244339462e-17,0.7252025309405609,7.656605482291502e-13,0.3659627603544109,2.802032477244114e-07,13,1,hbo,False,S13_D1 hbo,mild_master_22,,
225,ShortHbO,7.0,5.655030244339462e-17,2.168321442412145e-12,0.005051948531216157,102.82724241423831,519477.9362836189,13,1,hbo,True,S13_D1 hbo,mild_master_22,,
226,az_itd=0_az=15,7.0,5.655030244339462e-17,8.8839311974288e-06,5.725022869983824e-09,-11.415388326757505,-0.06535335924043309,13,1,hbo,True,S13_D1 hbo,mild_master_22,-0.02978511736463801,
227,az_itd=0_az=5,7.0,5.655030244339462e-17,0.1703457902564829,5.6202155439525074e-09,-1.5280379508681203,-0.008587902643218346,13,1,hbo,False,S13_D1 hbo,mild_master_22,-0.014270844477849097,
228,az_itd=15_az=0,7.0,5.655030244339462e-17,0.8232346980996966,5.629279622847747e-09,-0.23191936602611482,-0.0013055389613145763,13,1,hbo,False,S13_D1 hbo,mild_master_22,0.003847139633833405,
229,az_itd=5_az=0,7.0,5.655030244339462e-17,0.036371893286386923,5.607015283090917e-09,2.581892055473149,0.014476708214328967,13,1,hbo,True,S13_D1 hbo,mild_master_22,-0.0873594766740914,
230,constant,7.0,5.655030244339462e-17,0.9568742013157101,6.867903246643207e-09,0.05604227840637458,0.0003848929458164225,13,1,hbo,False,S13_D1 hbo,mild_master_22,,
266,Linear,7.0,5.345798100550839e-17,0.13713873615813052,7.444320803134957e-13,1.6785334110003878,1.2495541190267266e-06,13,2,hbo,False,S13_D2 hbo,mild_master_22,,
267,ShortHbO,7.0,5.345798100550839e-17,1.5463948675888668e-13,0.004911879766337907,149.97017779702577,736635.4818753094,13,2,hbo,True,S13_D2 hbo,mild_master_22,,
268,az_itd=0_az=15,7.0,5.345798100550839e-17,6.883293498332084e-07,5.566292653841791e-09,-16.6521137812994,-0.09269053861178449,13,2,hbo,True,S13_D2 hbo,mild_master_22,-0.05485487140644324,
269,az_itd=0_az=5,7.0,5.345798100550839e-17,0.0001273553847067285,5.464391183366344e-09,-7.589834160770818,-0.04147382287132875,13,2,hbo,True,S13_D2 hbo,mild_master_22,0.0011529074100710055,
270,az_itd=15_az=0,7.0,5.345798100550839e-17,4.82358570245194e-05,5.473203954409223e-09,-8.831297886504109,-0.0483354945149801,13,2,hbo,True,S13_D2 hbo,mild_master_22,-0.0560517417454252,
271,az_itd=5_az=0,7.0,5.345798100550839e-17,0.0009902921727124047,5.451556908861014e-09,-5.416994427519928,-0.029531053396607877,13,2,hbo,True,S13_D2 hbo,mild_master_22,-0.09949319711369654,
272,constant,7.0,5.345798100550839e-17,0.7799952396117847,6.677485882112168e-09,0.29030423781481657,0.0019385024495257714,13,2,hbo,False,S13_D2 hbo,mild_master_22,,
280,Linear,7.0,5.971703899772874e-17,0.774822215935895,7.868064959221964e-13,-0.2973602516027152,-2.3396497759007506e-07,13,3,hbo,False,S13_D3 hbo,mild_master_22,,
281,ShortHbO,7.0,5.971703899772874e-17,4.565927613417771e-13,0.005191472814707236,128.4725862773895,666961.9390941974,13,3,hbo,True,S13_D3 hbo,mild_master_22,,
282,az_itd=0_az=15,7.0,5.971703899772874e-17,0.001292196721503299,5.883136063134713e-09,-5.172024853953605,-0.030427725937723502,13,3,hbo,True,S13_D3 hbo,mild_master_22,-0.135114521277495,
283,az_itd=0_az=5,7.0,5.971703899772874e-17,0.014092386992349487,5.775434177315469e-09,3.248196038240876,0.018759742413877057,13,3,hbo,True,S13_D3 hbo,mild_master_22,-0.02352612635265927,
284,az_itd=15_az=0,7.0,5.971703899772874e-17,0.06632959639198838,5.784748587168269e-09,2.1729287055819726,0.012569846259632691,13,3,hbo,False,S13_D3 hbo,mild_master_22,-0.07236954320887586,
285,az_itd=5_az=0,7.0,5.971703899772874e-17,0.07771862233872141,5.761869352775681e-09,2.065611563142451,0.011901783960409557,13,3,hbo,False,S13_D3 hbo,mild_master_22,-0.1181268014241174,
286,constant,7.0,5.971703899772874e-17,0.9887298306060995,7.057580412523452e-09,0.014637505990801132,0.00010330537556887276,13,3,hbo,False,S13_D3 hbo,mild_master_22,,
294,Linear,7.0,1.754648733999734e-17,0.6582844184484474,4.264949544588656e-13,0.461725123971319,1.9692343572066178e-07,13,9,hbo,False,S13_D9 hbo,mild_master_22,,
295,ShortHbO,7.0,1.754648733999734e-17,1.29952395041178e-12,0.002814080683317016,110.63393116576918,311332.80861301546,13,9,hbo,True,S13_D9 hbo,mild_master_22,,
296,az_itd=0_az=15,7.0,1.754648733999734e-17,0.002232437587425302,3.189002455274677e-09,-4.6907908688943065,-0.014958943598083979,13,9,hbo,True,S13_D9 hbo,mild_master_22,-0.000585806129693777,
297,az_itd=0_az=5,7.0,1.754648733999734e-17,0.8245333108335815,3.1306217592259315e-09,0.23018077825757147,0.0007206089529687125,13,9,hbo,False,S13_D9 hbo,mild_master_22,0.022983050803418448,
298,az_itd=15_az=0,7.0,1.754648733999734e-17,0.4182673287140516,3.135670711956456e-09,-0.859997588165988,-0.0026966692495652787,13,9,hbo,False,S13_D9 hbo,mild_master_22,0.02483673249196353,
299,az_itd=5_az=0,7.0,1.754648733999734e-17,0.004010342163417374,3.1232688341365694e-09,-4.205045322900938,-0.013133487003148248,13,9,hbo,True,S13_D9 hbo,mild_master_22,-0.05139776758483275,
300,constant,7.0,1.754648733999734e-17,0.8169383115441758,3.825619707296645e-09,-0.24036039110382384,-0.0009195274490603176,13,9,hbo,False,S13_D9 hbo,mild_master_22,,
238,Linear,7.0,2.9000549684273654e-17,0.07336279629898886,5.483046372154178e-13,2.1046770236229366,1.1540041718931997e-06,13,10,hbo,False,S13_D10 hbo,mild_master_22,,
239,ShortHbO,7.0,2.9000549684273654e-17,6.335942837342983e-13,0.003617800098289011,122.59602861120516,443527.9243594605,13,10,hbo,True,S13_D10 hbo,mild_master_22,,
240,az_itd=0_az=15,7.0,2.9000549684273654e-17,1.6924289687309428e-06,4.099801922714425e-09,-14.59566700159774,-0.0598393436364499,13,10,hbo,True,S13_D10 hbo,mild_master_22,-0.07650055109523436,
241,az_itd=0_az=5,7.0,2.9000549684273654e-17,3.835265034171025e-06,4.024747327032266e-09,-12.935944770845488,-0.05206390913909739,13,10,hbo,True,S13_D10 hbo,mild_master_22,-0.05704200244470169,
242,az_itd=15_az=0,7.0,2.9000549684273654e-17,0.00037386153620811113,4.03123829290721e-09,-6.3813570145804475,-0.025724770757888732,13,10,hbo,True,S13_D10 hbo,mild_master_22,-0.049260754490037514,
243,az_itd=5_az=0,7.0,2.9000549684273654e-17,1.1530013677988446e-05,4.015294359578735e-09,-10.97782910037614,-0.04407921526715961,13,10,hbo,True,S13_D10 hbo,mild_master_22,-0.1215932660834608,
244,constant,7.0,2.9000549684273654e-17,0.8277557865363038,4.918241127599901e-09,0.22586990868171108,0.0011108826743656253,13,10,hbo,False,S13_D10 hbo,mild_master_22,,
252,Linear,7.0,4.686383391852902e-17,0.10977270447773953,6.970079179128501e-13,1.8310720107998972,1.276271689796132e-06,13,11,hbo,False,S13_D11 hbo,mild_master_22,,
253,ShortHbO,7.0,4.686383391852902e-17,1.830022703238541e-12,0.00459896769565826,105.35086795652917,484505.23844163655,13,11,hbo,True,S13_D11 hbo,mild_master_22,,
254,az_itd=0_az=15,7.0,4.686383391852902e-17,1.6201071649851458e-06,5.21169110755412e-09,-14.689664525761334,-0.07655799398186355,13,11,hbo,True,S13_D11 hbo,mild_master_22,-0.1463301965376541,
255,az_itd=0_az=5,7.0,4.686383391852902e-17,5.270242501454511e-06,5.116281286233095e-09,-12.33993761632255,-0.0631345918996749,13,11,hbo,True,S13_D11 hbo,mild_master_22,-0.11579103145100612,
256,az_itd=15_az=0,7.0,4.686383391852902e-17,9.032865667262348e-05,5.124532638314877e-09,-8.011336634749448,-0.041054356061301214,13,11,hbo,True,S13_D11 hbo,mild_master_22,-0.12981121229291837,
257,az_itd=5_az=0,7.0,4.686383391852902e-17,0.0002675610037405038,5.1042646211974955e-09,-6.739528728442679,-0.03440033805213411,13,11,hbo,True,S13_D11 hbo,mild_master_22,-0.14855545465244083,
258,constant,7.0,4.686383391852902e-17,0.7499354683301385,6.252095596986429e-09,0.33154836425775497,0.0020728720683639624,13,11,hbo,False,S13_D11 hbo,mild_master_22,,
308,Linear,7.0,3.520715551730979e-17,0.0010258296085785103,6.04135384560548e-13,5.3841105809310115,3.2527317163272724e-06,14,1,hbo,True,S14_D1 hbo,mild_master_22,,
309,ShortHbO,7.0,3.520715551730979e-17,4.2235292997561496e-13,0.003986180136543923,129.9117657624018,517851.7001854329,14,1,hbo,True,S14_D1 hbo,mild_master_22,,
310,az_itd=0_az=15,7.0,3.520715551730979e-17,3.6276271490006373e-09,4.517261469426629e-09,-35.536039900075735,-0.16052558381661944,14,1,hbo,True,S14_D1 hbo,mild_master_22,-0.17797522677769922,
311,az_itd=0_az=5,7.0,3.520715551730979e-17,1.240516256984268e-08,4.4345644905067465e-09,-29.780751840664212,-0.13206466461320296,14,1,hbo,True,S14_D1 hbo,mild_master_22,-0.08987280047189777,
312,az_itd=15_az=0,7.0,3.520715551730979e-17,1.2392163793753713e-08,4.4417163945740616e-09,-29.78524375691019,-0.13229760551145273,14,1,hbo,True,S14_D1 hbo,mild_master_22,-0.10366398229570377,
313,az_itd=5_az=0,7.0,3.520715551730979e-17,2.8628001941621597e-08,4.424148981061523e-09,-26.40221401252953,-0.11680732822130077,14,1,hbo,True,S14_D1 hbo,mild_master_22,-0.1377080871430099,
314,constant,7.0,3.520715551730979e-17,0.25938706926304217,5.4190376905689234e-09,1.2272774988323933,0.006650663022959898,14,1,hbo,False,S14_D1 hbo,mild_master_22,,
336,Linear,7.0,5.217546939587705e-17,0.36352405929508297,7.354480257438926e-13,0.9718011503823011,7.14709237464307e-07,14,2,hbo,False,S14_D2 hbo,mild_master_22,,
337,ShortHbO,7.0,5.217546939587705e-17,3.583931107599458e-13,0.004852601563494304,132.99647632878626,645378.9089723013,14,2,hbo,True,S14_D2 hbo,mild_master_22,,
338,az_itd=0_az=15,7.0,5.217546939587705e-17,8.333121508418034e-06,5.499116778063526e-09,-11.525205294924447,-0.06337844980794562,14,2,hbo,True,S14_D2 hbo,mild_master_22,-0.05163392002380549,
339,az_itd=0_az=5,7.0,5.217546939587705e-17,0.007520816038572244,5.398445088511931e-09,-3.71342779114153,-0.0200467360206317,14,2,hbo,True,S14_D2 hbo,mild_master_22,0.012890326154727802,
340,az_itd=15_az=0,7.0,5.217546939587705e-17,0.007811815752588946,5.407151504095324e-09,-3.6846257045867596,-0.019923329420584588,14,2,hbo,True,S14_D2 hbo,mild_master_22,-0.009541962086863847,
341,az_itd=5_az=0,7.0,5.217546939587705e-17,0.005096130296717562,5.385765702310809e-09,-4.01433788129644,-0.021620283278573404,14,2,hbo,True,S14_D2 hbo,mild_master_22,-0.09525324307753047,
342,constant,7.0,5.217546939587705e-17,0.9022830274137146,6.596899755937452e-09,0.12729955284725603,0.00083978238910901,14,2,hbo,False,S14_D2 hbo,mild_master_22,,
350,Linear,7.0,3.11796694459265e-17,0.566409506582974,5.685315329856531e-13,0.6015943859821707,3.420253784980062e-07,14,9,hbo,False,S14_D9 hbo,mild_master_22,,
351,ShortHbO,7.0,3.11796694459265e-17,1.2329766897468156e-11,0.00375126033287187,80.20343542266434,300863.96586109133,14,9,hbo,True,S14_D9 hbo,mild_master_22,,
352,az_itd=0_az=15,7.0,3.11796694459265e-17,0.03324812908539818,4.251043149836812e-09,-2.6436221473275356,-0.011238151820153603,14,9,hbo,True,S14_D9 hbo,mild_master_22,-0.04183914521119998,
353,az_itd=0_az=5,7.0,3.11796694459265e-17,0.045178177560302644,4.173219798647404e-09,-2.4336459454089163,-0.01015613944227847,14,9,hbo,True,S14_D9 hbo,mild_master_22,0.02776566610243218,
354,az_itd=15_az=0,7.0,3.11796694459265e-17,0.0573748549610664,4.179950215515992e-09,-2.2712121138868966,-0.009493553564924064,14,9,hbo,False,S14_D9 hbo,mild_master_22,0.021402207951575502,
355,az_itd=5_az=0,7.0,3.11796694459265e-17,0.0011273033782235003,4.163418112298529e-09,-5.296779053468466,-0.02205270584805407,14,9,hbo,True,S14_D9 hbo,mild_master_22,-0.018584296512563905,
356,constant,7.0,3.11796694459265e-17,0.9934072053532741,5.099674484002035e-09,-0.008562380668869414,-4.3665354219345624e-05,14,9,hbo,False,S14_D9 hbo,mild_master_22,,
322,Linear,7.0,2.576012272544338e-17,0.13545967629331418,5.167646147965638e-13,-1.6870195845727254,-8.717920257759835e-07,14,10,hbo,False,S14_D10 hbo,mild_master_22,,
323,ShortHbO,7.0,2.576012272544338e-17,5.369816504118799e-12,0.003409694077543945,90.32503533584499,307980.73803857825,14,10,hbo,True,S14_D10 hbo,mild_master_22,,
324,az_itd=0_az=15,7.0,2.576012272544338e-17,5.1116629063497246e-05,3.863969803526144e-09,8.752624142064253,0.033819875386550194,14,10,hbo,True,S14_D10 hbo,mild_master_22,0.008684452033751284,
325,az_itd=0_az=5,7.0,2.576012272544338e-17,2.073529550842927e-05,3.793232558947333e-09,10.047552476369152,0.03811270319109537,14,10,hbo,True,S14_D10 hbo,mild_master_22,0.054098870417074355,
326,az_itd=15_az=0,7.0,2.576012272544338e-17,2.6743819985821916e-05,3.799350146237964e-09,9.666462251777475,0.036726274769894506,14,10,hbo,True,S14_D10 hbo,mild_master_22,0.039428610602486085,
327,az_itd=5_az=0,7.0,2.576012272544338e-17,0.00011357500804430267,3.784323352726469e-09,7.728282300422954,0.029246319185953225,14,10,hbo,True,S14_D10 hbo,mild_master_22,-0.010729647050094772,
328,constant,7.0,2.576012272544338e-17,0.5524000662168667,4.63533008709946e-09,-0.6240190431945347,-0.0028925342458426444,14,10,hbo,False,S14_D10 hbo,mild_master_22,,
364,Linear,7.0,3.2875142287922896e-17,0.774873376599258,5.837845870059196e-13,0.2972903871328074,1.7355354587315596e-07,15,17,hbo,False,S15_D17 hbo,mild_master_22,,
365,ShortHbO,7.0,3.2875142287922896e-17,1.7902621888381767e-08,0.003851902378530965,-28.249333831197315,-108813.6761763042,15,17,hbo,True,S15_D17 hbo,mild_master_22,,
366,az_itd=0_az=15,7.0,3.2875142287922896e-17,0.3335984251749877,4.365093799703898e-09,-1.0384415452181424,-0.004532894750386649,15,17,hbo,False,S15_D17 hbo,mild_master_22,0.03239189592630088,
367,az_itd=0_az=5,7.0,3.2875142287922896e-17,0.0008572413463784082,4.285182536567907e-09,-5.552958007726159,-0.023795438681003055,15,17,hbo,True,S15_D17 hbo,mild_master_22,0.01680996729194519,
368,az_itd=15_az=0,7.0,3.2875142287922896e-17,0.016405324143641552,4.2920935228616175e-09,3.1388586438585735,0.013472274854483584,15,17,hbo,True,S15_D17 hbo,mild_master_22,0.01633010261216498,
369,az_itd=5_az=0,7.0,3.2875142287922896e-17,0.0024166927428194863,4.27511788212897e-09,-4.623306535652766,-0.01976518044513288,15,17,hbo,True,S15_D17 hbo,mild_master_22,0.01246330594205279,
370,constant,7.0,3.2875142287922896e-17,0.9006014313115591,5.236492946791187e-09,0.1295041409362414,0.0006781475205928799,15,17,hbo,False,S15_D17 hbo,mild_master_22,,
378,Linear,7.0,4.6463297664584474e-17,0.9040302150812138,6.940229292990293e-13,0.12500972046280392,8.675961238644797e-08,15,18,hbo,False,S15_D18 hbo,mild_master_22,,
379,ShortHbO,7.0,4.6463297664584474e-17,6.260407272044068e-06,0.004579272272042446,-12.027775199066756,-55078.45746344621,15,18,hbo,True,S15_D18 hbo,mild_master_22,,
380,az_itd=0_az=15,7.0,4.6463297664584474e-17,0.028482248528462612,5.189371650034349e-09,-2.7505286992350517,-0.014273515654416232,15,18,hbo,True,S15_D18 hbo,mild_master_22,0.013493935044202274,
381,az_itd=0_az=5,7.0,4.6463297664584474e-17,0.7539096940064514,5.094370428419254e-09,-0.32606058106053437,-0.0016610733820279853,15,18,hbo,False,S15_D18 hbo,mild_master_22,0.010554014776568421,
382,az_itd=15_az=0,7.0,4.6463297664584474e-17,0.08797783120468859,5.102586443467725e-09,1.981570864346252,0.010111136629183807,15,18,hbo,False,S15_D18 hbo,mild_master_22,0.02246995516142667,
383,az_itd=5_az=0,7.0,4.6463297664584474e-17,0.012922436354241956,5.082405225651708e-09,-3.3110761154447683,-0.01682823055166705,15,18,hbo,True,S15_D18 hbo,mild_master_22,-0.008902638569189367,
384,constant,7.0,4.6463297664584474e-17,0.9425018558368266,6.225320529315164e-09,0.07475404668925671,0.00046536790150401413,15,18,hbo,False,S15_D18 hbo,mild_master_22,,
392,Linear,7.0,3.6132178314453196e-17,0.984027326496441,6.120203690851787e-13,0.020745893040601517,1.269690911571058e-08,15,22,hbo,False,S15_D22 hbo,mild_master_22,,
393,ShortHbO,7.0,3.6132178314453196e-17,1.1316745859737433e-07,0.004038206502640492,-21.648674719805996,-87421.8190270694,15,22,hbo,True,S15_D22 hbo,mild_master_22,,
394,az_itd=0_az=15,7.0,3.6132178314453196e-17,0.0355964018936981,4.576219341602993e-09,-2.596687829337817,-0.01188301306872081,15,22,hbo,True,S15_D22 hbo,mild_master_22,0.02794373948089143,
395,az_itd=0_az=5,7.0,3.6132178314453196e-17,0.0017937752649321511,4.4924430277928165e-09,-4.879924351356206,-0.021922782128406572,15,22,hbo,True,S15_D22 hbo,mild_master_22,-0.0022202355278615146,
396,az_itd=15_az=0,7.0,3.6132178314453196e-17,0.002420925407554753,4.499688276256659e-09,4.621823805606715,0.020796766393012468,15,22,hbo,True,S15_D22 hbo,mild_master_22,0.06364196099245463,
397,az_itd=5_az=0,7.0,3.6132178314453196e-17,0.6376906948587621,4.481891578402854e-09,0.49212109781988855,0.0022056334038733257,15,22,hbo,False,S15_D22 hbo,mild_master_22,0.018153540264889894,
398,constant,7.0,3.6132178314453196e-17,0.9790220610009237,5.489765261607669e-09,0.027248534625696135,0.00014958805881786036,15,22,hbo,False,S15_D22 hbo,mild_master_22,,
406,Linear,7.0,1.0050125488692291e-17,0.424351421990501,3.2277846080209904e-13,0.8482503812810123,2.737969524446788e-07,16,16,hbo,False,S16_D16 hbo,mild_master_22,,
407,ShortHbO,7.0,1.0050125488692291e-17,1.1614971852795566e-10,0.002129742971253816,58.190540194689646,123930.89397310294,16,16,hbo,True,S16_D16 hbo,mild_master_22,,
408,az_itd=0_az=15,7.0,1.0050125488692291e-17,0.5480223402008088,2.4134899914905144e-09,-0.6310961098927439,-0.0015231441448947352,16,16,hbo,False,S16_D16 hbo,mild_master_22,0.027220372441294462,
409,az_itd=0_az=5,7.0,1.0050125488692291e-17,0.0038023999529388937,2.3693065116763662e-09,-4.248024567311313,-0.010064872269091873,16,16,hbo,True,S16_D16 hbo,mild_master_22,-0.02608801857861067,
410,az_itd=15_az=0,7.0,1.0050125488692291e-17,0.0002858865850018253,2.3731276429089484e-09,-6.667423394021313,-0.015822646763329777,16,16,hbo,True,S16_D16 hbo,mild_master_22,0.019156302163476944,
411,az_itd=5_az=0,7.0,1.0050125488692291e-17,3.180691071628024e-05,2.363741695919639e-09,-9.41412965473326,-0.02225257079568656,16,16,hbo,True,S16_D16 hbo,mild_master_22,-0.030101370991370804,
412,constant,7.0,1.0050125488692291e-17,0.9880209157517381,2.8952924948482213e-09,-0.015558315045033631,-4.504587278237004e-05,16,16,hbo,False,S16_D16 hbo,mild_master_22,,
420,Linear,7.0,4.731770112985682e-16,0.9386240388876723,2.2147801497866198e-12,0.07980749996248547,1.7675606672100924e-07,16,18,hbo,False,S16_D18 hbo,mild_master_22,,
421,ShortHbO,7.0,4.731770112985682e-16,8.79364827120559e-06,0.014613467221942504,-11.432849483605306,-167073.57118206844,16,18,hbo,True,S16_D18 hbo,mild_master_22,,
422,az_itd=0_az=15,7.0,4.731770112985682e-16,0.19159898023090108,1.6560428820370373e-08,1.4453417514771618,0.023935479196446983,16,18,hbo,False,S16_D18 hbo,mild_master_22,0.09171597770405603,
423,az_itd=0_az=5,7.0,4.731770112985682e-16,0.9465145129360855,1.625725898122528e-08,-0.06952716605823378,-0.0011303211448393626,16,18,hbo,False,S16_D18 hbo,mild_master_22,-0.07113236945540359,
424,az_itd=15_az=0,7.0,4.731770112985682e-16,5.5761458835628756e-05,1.6283478096288354e-08,8.635783456758885,0.14062059076242264,16,18,hbo,True,S16_D18 hbo,mild_master_22,0.24738539043742055,
425,az_itd=5_az=0,7.0,4.731770112985682e-16,0.037344418575937795,1.621907538172303e-08,-2.56379278015043,-0.041582348364377075,16,18,hbo,True,S16_D18 hbo,mild_master_22,0.04517189563966263,
426,constant,7.0,4.731770112985682e-16,0.7054409137273432,1.9866370046753505e-08,-0.3938113986552885,-0.007823602974315528,16,18,hbo,False,S16_D18 hbo,mild_master_22,,
434,Linear,7.0,1.2861310504693103e-17,0.15584751699817012,3.651416852964709e-13,1.5900551352305106,5.805954117923765e-07,16,22,hbo,False,S16_D22 hbo,mild_master_22,,
435,ShortHbO,7.0,1.2861310504693103e-17,2.343875732027083e-05,0.002409262178893427,9.862394295609995,23761.09356974744,16,22,hbo,True,S16_D22 hbo,mild_master_22,,
436,az_itd=0_az=15,7.0,1.2861310504693103e-17,3.7614120546720495e-06,2.7302497222060015e-09,-12.973258291633183,-0.0354202348468382,16,22,hbo,True,S16_D22 hbo,mild_master_22,-0.0317926982868306,
437,az_itd=0_az=5,7.0,1.2861310504693103e-17,0.0004043418598050019,2.680267358942016e-09,-6.299546536339717,-0.016884468957487575,16,22,hbo,True,S16_D22 hbo,mild_master_22,0.0009529369651586988,
438,az_itd=15_az=0,7.0,1.2861310504693103e-17,8.427403198609499e-06,2.6845899965013396e-09,-11.505832965750093,-0.030888444081268042,16,22,hbo,True,S16_D22 hbo,mild_master_22,0.004811029128434001,
439,az_itd=5_az=0,7.0,1.2861310504693103e-17,0.03259285216345472,2.6739721860896315e-09,-2.657336022966141,-0.007105642614505499,16,22,hbo,True,S16_D22 hbo,mild_master_22,0.010919187561446013,
440,constant,7.0,1.2861310504693103e-17,0.7659881390677131,3.275286642014461e-09,0.30944892787941636,0.0010135339398691487,16,22,hbo,False,S16_D22 hbo,mild_master_22,,
448,Linear,7.0,7.833680142306801e-18,0.016651364007343916,2.8497169230548776e-13,3.128209081616906,8.914510358737654e-07,16,23,hbo,True,S16_D23 hbo,mild_master_22,,
449,ShortHbO,7.0,7.833680142306801e-18,1.6684880919157316e-11,0.0018802879758015468,76.80811721380267,144421.37924106896,16,23,hbo,True,S16_D23 hbo,mild_master_22,,
450,az_itd=0_az=15,7.0,7.833680142306801e-18,1.0310618801420743e-07,2.1307999472092917e-09,-21.942372026719326,-0.046754805156180176,16,23,hbo,True,S16_D23 hbo,mild_master_22,-0.05869458107448992,
451,az_itd=0_az=5,7.0,7.833680142306801e-18,1.6583837232901444e-07,2.09179164106862e-09,-20.482825775930873,-0.04284580374355707,16,23,hbo,True,S16_D23 hbo,mild_master_22,-0.04524868168290574,
452,az_itd=15_az=0,7.0,7.833680142306801e-18,1.9046506708706592e-07,2.0951652064272385e-09,-20.07566951193757,-0.04206184425714369,16,23,hbo,True,S16_D23 hbo,mild_master_22,-0.024786640016901545,
453,az_itd=5_az=0,7.0,7.833680142306801e-18,7.6140726834275574e-06,2.0868786274814613e-09,-11.681668758000527,-0.024378224864389206,16,23,hbo,True,S16_D23 hbo,mild_master_22,-0.0423661679431907,
454,constant,7.0,7.833680142306801e-18,0.48246060029675997,2.556169330276792e-09,0.7416050954985373,0.001895668200290352,16,23,hbo,False,S16_D23 hbo,mild_master_22,,
462,Linear,7.0,2.813481165603532e-17,0.012556089969058687,5.400585053239205e-13,3.3320290459977757,1.7994906262774473e-06,17,15,hbo,True,S17_D15 hbo,mild_master_22,,
463,ShortHbO,7.0,2.813481165603532e-17,6.733879700440812e-13,0.003563390825153788,121.53340510276863,433071.0206929043,17,15,hbo,True,S17_D15 hbo,mild_master_22,,
464,az_itd=0_az=15,7.0,2.813481165603532e-17,4.760876831312255e-07,4.03814366726831e-09,-17.572262168522744,-0.07095931919539863,17,15,hbo,True,S17_D15 hbo,mild_master_22,-0.08071983905509494,
465,az_itd=0_az=5,7.0,2.813481165603532e-17,2.38533890580041e-07,3.9642178420780465e-09,-19.43057007148672,-0.07702701255913535,17,15,hbo,True,S17_D15 hbo,mild_master_22,-0.0355824385454249,
466,az_itd=15_az=0,7.0,2.813481165603532e-17,3.57811107040117e-08,3.970611188204633e-09,-25.56673989589856,-0.10151558347657258,17,15,hbo,True,S17_D15 hbo,mild_master_22,-0.10451105168148975,
467,az_itd=5_az=0,7.0,2.813481165603532e-17,3.0028675915985604e-06,3.954907040878632e-09,-13.41283371463175,-0.053046510496131405,17,15,hbo,True,S17_D15 hbo,mild_master_22,-0.03253983353946179,
468,constant,7.0,2.813481165603532e-17,0.5782604862363739,4.8442740985805175e-09,0.5828785248180274,0.0028236233403947913,17,15,hbo,False,S17_D15 hbo,mild_master_22,,
476,Linear,7.0,1.0233527091955004e-17,0.01158495665525999,3.2571028746928445e-13,3.3909161746097314,1.104456282016382e-06,17,16,hbo,True,S17_D16 hbo,mild_master_22,,
477,ShortHbO,7.0,1.0233527091955004e-17,5.779687059905634e-13,0.0021490876239975473,124.21662370007431,266952.4086885901,17,16,hbo,True,S17_D16 hbo,mild_master_22,,
478,az_itd=0_az=15,7.0,1.0233527091955004e-17,1.3610562488868798e-06,2.4354119447102348e-09,-15.070391416498634,-0.03670261126719937,17,16,hbo,True,S17_D16 hbo,mild_master_22,-0.04204120748388875,
479,az_itd=0_az=5,7.0,1.0233527091955004e-17,9.386691343866356e-08,2.390827142255021e-09,-22.24243536771654,-0.05317781818698974,17,16,hbo,True,S17_D16 hbo,mild_master_22,-0.04192052413448967,
480,az_itd=15_az=0,7.0,1.0233527091955004e-17,7.950680647212585e-08,2.3946829811766436e-09,-22.78294446081996,-0.054557929361418234,17,16,hbo,True,S17_D16 hbo,mild_master_22,-0.06230803250779805,
481,az_itd=5_az=0,7.0,1.0233527091955004e-17,1.1797510822953747e-06,2.3852117807611554e-09,-15.389738236762856,-0.03670778494515718,17,16,hbo,True,S17_D16 hbo,mild_master_22,-0.025602659823498436,
482,constant,7.0,1.0233527091955004e-17,0.6579368870531056,2.921590704848368e-09,0.4622340878093035,0.0013504588144077256,17,16,hbo,False,S17_D16 hbo,mild_master_22,,
490,Linear,7.0,1.3847781250272548e-17,0.08067490944433359,3.788862993014221e-13,2.040318817413214,7.730488461247466e-07,17,17,hbo,False,S17_D17 hbo,mild_master_22,,
491,ShortHbO,7.0,1.3847781250272548e-17,9.094002463809788e-12,0.002499951300456557,83.77147272460664,209424.60217904137,17,17,hbo,True,S17_D17 hbo,mild_master_22,,
492,az_itd=0_az=15,7.0,1.3847781250272548e-17,3.6923863965579806e-06,2.8330214135246134e-09,-13.008894228339761,-0.0368544759151633,17,17,hbo,True,S17_D17 hbo,mild_master_22,0.007684923168227761,
493,az_itd=0_az=5,7.0,1.3847781250272548e-17,0.00010587621471184074,2.7811576208928444e-09,-7.814154472223968,-0.02173239526125959,17,17,hbo,True,S17_D17 hbo,mild_master_22,-0.022981786337573123,
494,az_itd=15_az=0,7.0,1.3847781250272548e-17,1.885914634950522e-06,2.7856429705913974e-09,-14.365121163742897,-0.040016098791474115,17,17,hbo,True,S17_D17 hbo,mild_master_22,-0.020345095788042153,
495,az_itd=5_az=0,7.0,1.3847781250272548e-17,1.5144930026617154e-06,2.774625485994124e-09,-14.835879478449034,-0.0411640093080419,17,17,hbo,True,S17_D17 hbo,mild_master_22,-0.042469269084156935,
496,constant,7.0,1.3847781250272548e-17,0.726528149617494,3.3985745394603806e-09,0.36410625905643706,0.0012374422616873728,17,17,hbo,False,S17_D17 hbo,mild_master_22,,
504,Linear,7.0,2.285605622961009e-17,0.0067583224343626975,4.867651215579774e-13,3.7950412615226177,1.8472937209825971e-06,17,21,hbo,True,S17_D21 hbo,mild_master_22,,
505,ShortHbO,7.0,2.285605622961009e-17,5.969769603740821e-13,0.0032117527102442592,123.64350299079302,397112.3558347737,17,21,hbo,True,S17_D21 hbo,mild_master_22,,
506,az_itd=0_az=15,7.0,2.285605622961009e-17,1.614568752754413e-07,3.6396565810725946e-09,-20.562484490755647,-0.07484038199998196,17,21,hbo,True,S17_D21 hbo,mild_master_22,-0.08722420556486132,
507,az_itd=0_az=5,7.0,2.285605622961009e-17,7.851054608576422e-08,3.573025812497939e-09,-22.824513599508826,-0.08155257624875528,17,21,hbo,True,S17_D21 hbo,mild_master_22,-0.04051249221578611,
508,az_itd=15_az=0,7.0,2.285605622961009e-17,2.644284195767277e-08,3.5787882583696203e-09,-26.70606549847705,-0.09557535363319969,17,21,hbo,True,S17_D21 hbo,mild_master_22,-0.11137503976218353,
509,az_itd=5_az=0,7.0,2.285605622961009e-17,5.360972158667524e-07,3.5646338082373697e-09,-17.27077184977689,-0.06156397723006895,17,21,hbo,True,S17_D21 hbo,mild_master_22,-0.036352392526484804,
510,constant,7.0,2.285605622961009e-17,0.4256103139252667,4.366237448739732e-09,0.8458348229374947,0.00369311567935783,17,21,hbo,False,S17_D21 hbo,mild_master_22,,
518,Linear,7.0,9.88733603175658e-18,0.029623097656592552,3.201536453822517e-13,2.723321202967418,8.718812106767978e-07,17,22,hbo,True,S17_D22 hbo,mild_master_22,,
519,ShortHbO,7.0,9.88733603175658e-18,9.325219225721939e-13,0.0021124240269309296,116.00792246108657,245057.92272113953,17,22,hbo,True,S17_D22 hbo,mild_master_22,,
520,az_itd=0_az=15,7.0,9.88733603175658e-18,5.567370086265003e-06,2.3938636331220866e-09,-12.239694530943197,-0.029300159618148216,17,22,hbo,True,S17_D22 hbo,mild_master_22,-0.0405440647076009,
521,az_itd=0_az=5,7.0,9.88733603175658e-18,1.3741000912282488e-06,2.3500394507617727e-09,-15.049309928458557,-0.03536647203861844,17,22,hbo,True,S17_D22 hbo,mild_master_22,-0.031060955709055264,
522,az_itd=15_az=0,7.0,9.88733603175658e-18,3.904164156051894e-08,2.3538295087803747e-09,-25.247166243297507,-0.05942752491655743,17,22,hbo,True,S17_D22 hbo,mild_master_22,-0.05881457670560639,
523,az_itd=5_az=0,7.0,9.88733603175658e-18,5.134596145508748e-06,2.344519887758809e-09,-12.38786034030637,-0.02904358493462689,17,22,hbo,True,S17_D22 hbo,mild_master_22,-0.04093886305322164,
524,constant,7.0,9.88733603175658e-18,0.6508527976068132,2.871748146918186e-09,0.47263806294724603,0.0013572974814317546,17,22,hbo,False,S17_D22 hbo,mild_master_22,,
532,Linear,7.0,4.641588008336641e-17,0.011634566658130225,6.936687003618328e-13,3.387781260002535,2.3499978237361307e-06,18,15,hbo,True,S18_D15 hbo,mild_master_22,,
533,ShortHbO,7.0,4.641588008336641e-17,4.1007713989461373e-13,0.004576935013889179,130.46053363912898,597109.3843435965,18,15,hbo,True,S18_D15 hbo,mild_master_22,,
534,az_itd=0_az=15,7.0,4.641588008336641e-17,1.3392138514139136e-06,5.186722997480224e-09,-15.106213702775854,-0.0783517460170384,18,15,hbo,True,S18_D15 hbo,mild_master_22,-0.12896333532328447,
535,az_itd=0_az=5,7.0,4.641588008336641e-17,3.348926498785936e-08,5.091770264438552e-09,-25.811956516555608,-0.13142855265797876,18,15,hbo,True,S18_D15 hbo,mild_master_22,-0.09061254327148088,
536,az_itd=15_az=0,7.0,4.641588008336641e-17,1.4636247783841845e-08,5.099982086037275e-09,-29.080437802475476,-0.1483097118467461,18,15,hbo,True,S18_D15 hbo,mild_master_22,-0.13375220342010208,
537,az_itd=5_az=0,7.0,4.641588008336641e-17,4.554233599750251e-06,5.079811168704191e-09,-12.610522779059474,-0.06405907445626492,18,15,hbo,True,S18_D15 hbo,mild_master_22,-0.044332968758250775,
538,constant,7.0,4.641588008336641e-17,0.6130755163793818,6.2221431289992495e-09,0.5291269185848452,0.0032923034208412402,18,15,hbo,False,S18_D15 hbo,mild_master_22,,
546,Linear,7.0,1.755917525760656e-17,0.8416554899558135,4.266491264835523e-13,0.20732882615265275,8.845666257288956e-08,18,16,hbo,False,S18_D16 hbo,mild_master_22,,
547,ShortHbO,7.0,1.755917525760656e-17,8.097015622230495e-13,0.002815097934546,118.3732659177922,333232.3363906413,18,16,hbo,True,S18_D16 hbo,mild_master_22,,
548,az_itd=0_az=15,7.0,1.755917525760656e-17,0.6077136106757911,3.190155235536484e-09,-0.537292762421153,-0.0017140473190537017,18,16,hbo,False,S18_D16 hbo,mild_master_22,-0.03262460501575949,
549,az_itd=0_az=5,7.0,1.755917525760656e-17,0.14257738468406594,3.1317534356739224e-09,-1.6517021117061998,-0.005172723763045764,18,16,hbo,False,S18_D16 hbo,mild_master_22,0.03354811307854507,
550,az_itd=15_az=0,7.0,1.755917525760656e-17,4.674160289834221e-06,3.1368042135309976e-09,-12.561959461680452,-0.03940440736960483,18,16,hbo,True,S18_D16 hbo,mild_master_22,-0.06851613029299335,
551,az_itd=5_az=0,7.0,1.755917525760656e-17,0.1419277199031498,3.1243978526038817e-09,1.6548561134744795,0.005170428887308069,18,16,hbo,False,S18_D16 hbo,mild_master_22,0.02260146706380601,
552,constant,7.0,1.755917525760656e-17,0.9865454667109599,3.827002615886275e-09,-0.017474824240219847,-6.687619807947425e-05,18,16,hbo,False,S18_D16 hbo,mild_master_22,,
560,Linear,7.0,4.033802138186369e-17,0.0029794373684066387,6.466601519205606e-13,4.447826849872082,2.876232386454629e-06,18,21,hbo,True,S18_D21 hbo,mild_master_22,,
561,ShortHbO,7.0,4.033802138186369e-17,2.941288966587238e-13,0.004266765229378597,136.8058307734625,583718.3619204623,18,21,hbo,True,S18_D21 hbo,mild_master_22,,
562,az_itd=0_az=15,7.0,4.033802138186369e-17,9.159305643166446e-08,4.835229093904457e-09,-22.321470763403642,-0.107929424853947,18,21,hbo,True,S18_D21 hbo,mild_master_22,-0.10980235189055544,
563,az_itd=0_az=5,7.0,4.033802138186369e-17,2.5329734036491427e-08,4.746711118764493e-09,-26.87207716532995,-0.1275539874649691,18,21,hbo,True,S18_D21 hbo,mild_master_22,-0.0661516817849228,
564,az_itd=15_az=0,7.0,4.033802138186369e-17,1.181920045069725e-08,4.754366441542938e-09,-29.988767020174354,-0.14257758754396654,18,21,hbo,True,S18_D21 hbo,mild_master_22,-0.1776858662022916,
565,az_itd=5_az=0,7.0,4.033802138186369e-17,1.586183212949951e-07,4.735562467167007e-09,-20.615419316851767,-0.09762560596179291,18,21,hbo,True,S18_D21 hbo,mild_master_22,-0.05478295406643016,
566,constant,7.0,4.033802138186369e-17,0.44151533548124133,5.800480862076266e-09,0.8157452491325372,0.004731714705922918,18,21,hbo,False,S18_D21 hbo,mild_master_22,,
574,Linear,7.0,7.143342910303055e-18,0.014041679938647586,2.7212569631282214e-13,3.250803503799529,8.846271670476088e-07,18,22,hbo,True,S18_D22 hbo,mild_master_22,,
575,ShortHbO,7.0,7.143342910303055e-18,8.835810363247942e-13,0.0017955280769961916,116.90520560121898,209906.5790040011,18,22,hbo,True,S18_D22 hbo,mild_master_22,,
576,az_itd=0_az=15,7.0,7.143342910303055e-18,1.208405117544978e-06,2.0347474327943523e-09,-15.335685852939259,-0.03120424741940882,18,22,hbo,True,S18_D22 hbo,mild_master_22,-0.046596324073300756,
577,az_itd=0_az=5,7.0,7.143342910303055e-18,3.421460566160306e-07,1.9974975488334754e-09,-18.438142161059297,-0.036830143771759104,18,22,hbo,True,S18_D22 hbo,mild_master_22,-0.03456162435192739,
578,az_itd=15_az=0,7.0,7.143342910303055e-18,1.283307127240993e-07,2.0007190401150963e-09,-21.25811177608508,-0.04253150898730837,18,22,hbo,True,S18_D22 hbo,mild_master_22,-0.03875309391899945,
579,az_itd=5_az=0,7.0,7.143342910303055e-18,1.3571081729339793e-06,1.9928060047977024e-09,-15.076817703768324,-0.030045172853309824,18,22,hbo,True,S18_D22 hbo,mild_master_22,-0.034662959120096856,
580,constant,7.0,7.143342910303055e-18,0.842387482866255,2.44094195204966e-09,0.20635470940898046,0.0005036998671993971,18,22,hbo,False,S18_D22 hbo,mild_master_22,,
588,Linear,7.0,2.467633402921956e-17,0.012708867036603087,5.057770560623443e-13,3.323212297876383,1.6808045326900955e-06,18,23,hbo,True,S18_D23 hbo,mild_master_22,,
589,ShortHbO,7.0,2.467633402921956e-17,4.273382532603185e-12,0.003337196439605862,93.32290913260897,311436.880091004,18,23,hbo,True,S18_D23 hbo,mild_master_22,,
590,az_itd=0_az=15,7.0,2.467633402921956e-17,7.185296255720949e-07,3.781813258848239e-09,-16.547991768843737,-0.06258141467872476,18,23,hbo,True,S18_D23 hbo,mild_master_22,-0.04060499679365074,
591,az_itd=0_az=5,7.0,2.467633402921956e-17,8.608376415457144e-08,3.71258004455179e-09,-22.52263193805875,-0.08361707388402172,18,23,hbo,True,S18_D23 hbo,mild_master_22,-0.08106683220714433,
592,az_itd=15_az=0,7.0,2.467633402921956e-17,7.210874122239941e-08,3.7185675584052254e-09,-23.10685674559136,-0.08592440787087298,18,23,hbo,True,S18_D23 hbo,mild_master_22,-0.10511706245450392,
593,az_itd=5_az=0,7.0,2.467633402921956e-17,3.367728429442431e-05,3.703860267761316e-09,-9.332237877454004,-0.034565305083599084,18,23,hbo,True,S18_D23 hbo,mild_master_22,-0.031209627557979094,
594,constant,7.0,2.467633402921956e-17,0.672747270396545,4.536772716632927e-09,0.4406592598016838,0.00199917090719994,18,23,hbo,False,S18_D23 hbo,mild_master_22,,
602,Linear,7.0,4.076984459718588e-17,0.3232477932642211,6.501122239137684e-13,1.0625848725740212,6.907994146062251e-07,19,14,hbo,False,S19_D14 hbo,mild_master_22,,
603,ShortHbO,7.0,4.076984459718588e-17,5.22430536521847e-14,0.004289542542479128,175.1250721906055,751206.4474163307,19,14,hbo,True,S19_D14 hbo,mild_master_22,,
604,az_itd=0_az=15,7.0,4.076984459718588e-17,0.44601543920513254,4.861041043019054e-09,0.8073708621900701,0.0039246628980436115,19,14,hbo,False,S19_D14 hbo,mild_master_22,0.002121678180681927,
605,az_itd=0_az=5,7.0,4.076984459718588e-17,7.643847295157257e-05,4.772050531536827e-09,-8.223057881432599,-0.03924084773394852,19,14,hbo,True,S19_D14 hbo,mild_master_22,0.06584818326499306,
606,az_itd=15_az=0,7.0,4.076984459718588e-17,1.4263027388855797e-06,4.779746720797123e-09,-14.967164290274896,-0.07153925443607323,19,14,hbo,True,S19_D14 hbo,mild_master_22,-0.004464104387218758,
607,az_itd=5_az=0,7.0,4.076984459718588e-17,0.05157820884635603,4.760842364987279e-09,-2.343504535870284,-0.0111570556769111,19,14,hbo,False,S19_D14 hbo,mild_master_22,0.04494303042095667,
608,constant,7.0,4.076984459718588e-17,0.9331800822574081,5.831445623816482e-09,0.08690586137197917,0.0005067868049816298,19,14,hbo,False,S19_D14 hbo,mild_master_22,,
616,Linear,7.0,3.738323797986482e-17,0.0012086100518645588,6.225256662407957e-13,5.232896994672852,3.2576126879781743e-06,19,15,hbo,True,S19_D15 hbo,mild_master_22,,
617,ShortHbO,7.0,3.738323797986482e-17,3.493238538359073e-13,0.0041075221029519575,133.48451672405446,548290.602845914,19,15,hbo,True,S19_D15 hbo,mild_master_22,,
618,az_itd=0_az=15,7.0,3.738323797986482e-17,1.4712288406692108e-08,4.654769903743076e-09,-29.058760019202573,-0.13526184157747673,19,15,hbo,True,S19_D15 hbo,mild_master_22,-0.11099725628931628,
619,az_itd=0_az=5,7.0,3.738323797986482e-17,1.7310968189188288e-08,4.569555573952331e-09,-28.386341086406244,-0.1297129631354997,19,15,hbo,True,S19_D15 hbo,mild_master_22,-0.09187273311844395,
620,az_itd=15_az=0,7.0,3.738323797986482e-17,6.300514838542399e-09,4.576925186721551e-09,-32.82734560264652,-0.1502483049019658,19,15,hbo,True,S19_D15 hbo,mild_master_22,-0.1469620536967731,
621,az_itd=5_az=0,7.0,3.738323797986482e-17,3.2612654079054403e-08,4.558823009493551e-09,-25.910861877461322,-0.11812303332277994,19,15,hbo,True,S19_D15 hbo,mild_master_22,-0.07922793565653208,
622,constant,7.0,3.738323797986482e-17,0.2815851277671758,5.583996790983036e-09,1.1665691001442637,0.006514118111665537,19,15,hbo,False,S19_D15 hbo,mild_master_22,,
630,Linear,7.0,2.2026653657972213e-17,0.0049654399000690595,4.778516231939886e-13,4.0348068406614335,1.928038998084275e-06,19,21,hbo,True,S19_D21 hbo,mild_master_22,,
631,ShortHbO,7.0,2.2026653657972213e-17,1.3961740558088258e-13,0.0031529400483249538,152.17620675637875,479802.45668436494,19,21,hbo,True,S19_D21 hbo,mild_master_22,,
632,az_itd=0_az=15,7.0,2.2026653657972213e-17,3.8986694464984824e-07,3.573008270534166e-09,-18.091127468273104,-0.06463974806742762,19,21,hbo,True,S19_D21 hbo,mild_master_22,-0.01225777295747092,
633,az_itd=0_az=5,7.0,2.2026653657972213e-17,1.2474204579085592e-08,3.507597624808043e-09,-29.756983111447393,-0.10437552328316593,19,21,hbo,True,S19_D21 hbo,mild_master_22,-0.05541022619158935,
634,az_itd=15_az=0,7.0,2.2026653657972213e-17,2.2377215580085714e-08,3.513254550482046e-09,-27.356182663969765,-0.09610923322800984,19,21,hbo,True,S19_D21 hbo,mild_master_22,-0.0735518864244348,
635,az_itd=5_az=0,7.0,2.2026653657972213e-17,2.7551419554348475e-07,3.499359292437538e-09,-19.028007688274673,-0.06658583552053689,19,21,hbo,True,S19_D21 hbo,mild_master_22,-0.043510062713592104,
636,constant,7.0,2.2026653657972213e-17,0.42561186235113546,4.28628420510641e-09,0.8458318549735043,0.0036254757201487874,19,21,hbo,False,S19_D21 hbo,mild_master_22,,
672,Linear,7.0,9.221922692102936e-17,0.013246286723514269,9.77753867830972e-13,3.2930778687522286,3.2198196232410654e-06,20,12,hbo,True,S20_D12 hbo,mild_master_22,,
673,ShortHbO,7.0,9.221922692102936e-17,9.00368278281336e-13,0.006451373559606812,116.59116218765524,752173.1410212686,20,12,hbo,True,S20_D12 hbo,mild_master_22,,
674,az_itd=0_az=15,7.0,9.221922692102936e-17,1.0574584311394789e-07,7.310894191288754e-09,-21.862251715355182,-0.1598326090742828,20,12,hbo,True,S20_D12 hbo,mild_master_22,-0.08489016529879581,
675,az_itd=0_az=5,7.0,9.221922692102936e-17,2.8670027992009068e-08,7.177054503921875e-09,-26.396632369571687,-0.18945006923640448,20,12,hbo,True,S20_D12 hbo,mild_master_22,-0.09947777156138653,
676,az_itd=15_az=0,7.0,9.221922692102936e-17,1.557885344576296e-07,7.188629395978992e-09,-20.669277401133087,-0.14858377511942958,20,12,hbo,True,S20_D12 hbo,mild_master_22,-0.07689064790832228,
677,az_itd=5_az=0,7.0,9.221922692102936e-17,4.770065933346543e-05,7.16019767860464e-09,-8.846499487736446,-0.06334268509586764,20,12,hbo,True,S20_D12 hbo,mild_master_22,-0.07693781407800862,
678,constant,7.0,9.221922692102936e-17,0.2735794669092528,8.77036041471025e-09,1.1879849002059593,0.010419055742039851,20,12,hbo,False,S20_D12 hbo,mild_master_22,,
686,Linear,7.0,4.923390705285037e-17,0.07537259713960053,7.144156419388469e-13,2.0863728839333318,1.4905374231990344e-06,20,13,hbo,False,S20_D13 hbo,mild_master_22,,
687,ShortHbO,7.0,4.923390705285037e-17,5.2647941544462816e-14,0.004713826592369535,174.9319964512028,824599.096727973,20,13,hbo,True,S20_D13 hbo,mild_master_22,,
688,az_itd=0_az=15,7.0,4.923390705285037e-17,2.8548337811750563e-05,5.341852728645471e-09,-9.570748059404082,-0.05112552663630604,20,13,hbo,True,S20_D13 hbo,mild_master_22,-0.042021336388274245,
689,az_itd=0_az=5,7.0,4.923390705285037e-17,1.2736290825857654e-06,5.244060053706513e-09,-15.217909399631512,-0.07980363078353249,20,13,hbo,True,S20_D13 hbo,mild_master_22,-0.009573166892764235,
690,az_itd=15_az=0,7.0,4.923390705285037e-17,1.7421273870543824e-07,5.252517482729732e-09,-20.337046158568842,-0.1068206904949644,20,13,hbo,True,S20_D13 hbo,mild_master_22,-0.02950120053752086,
691,az_itd=5_az=0,7.0,4.923390705285037e-17,0.00018397751078986558,5.231743273301667e-09,-7.158570883874253,-0.03745180506816229,20,13,hbo,True,S20_D13 hbo,mild_master_22,-0.029308088609039846,
692,constant,7.0,4.923390705285037e-17,0.5392875026955998,6.408241247472565e-09,0.6453202287522488,0.004135367707718592,20,13,hbo,False,S20_D13 hbo,mild_master_22,,
700,Linear,7.0,2.2596226295274334e-17,0.003153540340981846,4.839904159299849e-13,4.400865660366646,2.1299768014128404e-06,20,20,hbo,True,S20_D20 hbo,mild_master_22,,
701,ShortHbO,7.0,2.2596226295274334e-17,5.492674602201554e-14,0.003193444766790316,173.8760596713014,555263.5928274381,20,20,hbo,True,S20_D20 hbo,mild_master_22,,
702,az_itd=0_az=15,7.0,2.2596226295274334e-17,1.0960045478075778e-06,3.61890945858539e-09,-15.556716543672197,-0.05629834864442713,20,20,hbo,True,S20_D20 hbo,mild_master_22,-0.0307441367108307,
703,az_itd=0_az=5,7.0,2.2596226295274334e-17,7.270064012481504e-09,3.552658505162588e-09,-32.1590448508852,-0.11425010420740245,20,20,hbo,True,S20_D20 hbo,mild_master_22,-0.06614044360334435,
704,az_itd=15_az=0,7.0,2.2596226295274334e-17,1.0691393765914269e-08,3.558388103382942e-09,-30.42446720390531,-0.10826206215014114,20,20,hbo,True,S20_D20 hbo,mild_master_22,-0.07897426107428372,
705,az_itd=5_az=0,7.0,2.2596226295274334e-17,1.1574356646162124e-07,3.544314337816417e-09,-21.5782523882968,-0.07648010932486168,20,20,hbo,True,S20_D20 hbo,mild_master_22,-0.045170059721860945,
706,constant,7.0,2.2596226295274334e-17,0.4299713827835874,4.341348599712517e-09,0.8375060917924677,0.0036359058988539323,20,20,hbo,False,S20_D20 hbo,mild_master_22,,
714,Linear,7.0,2.613180175780004e-17,0.5304602820007877,5.204793235090397e-13,0.6598393258827238,3.434327259601008e-07,21,11,hbo,False,S21_D11 hbo,mild_master_22,,
715,ShortHbO,7.0,2.613180175780004e-17,4.022537731475779e-12,0.003434204308960847,94.13345925754346,323273.5313996461,21,11,hbo,True,S21_D11 hbo,mild_master_22,,
716,az_itd=0_az=15,7.0,2.613180175780004e-17,1.2448704072588624e-05,3.8917455487744e-09,-10.85208077267897,-0.04223353704201363,21,11,hbo,True,S21_D11 hbo,mild_master_22,-0.025317333153700168,
717,az_itd=0_az=5,7.0,2.613180175780004e-17,0.00032368531427241575,3.820499816866524e-09,-6.533846540794417,-0.024962559512539038,21,11,hbo,True,S21_D11 hbo,mild_master_22,-0.01888521217231394,
718,az_itd=15_az=0,7.0,2.613180175780004e-17,2.1732001698409115e-05,3.826661379797431e-09,-9.976261265685173,-0.03817577370016649,21,11,hbo,True,S21_D11 hbo,mild_master_22,-0.03666981337271709,
719,az_itd=5_az=0,7.0,2.613180175780004e-17,0.002331824322797882,3.811526567742909e-09,4.653657120530911,0.017737537752069533,21,11,hbo,True,S21_D11 hbo,mild_master_22,-0.010866146610665955,
720,constant,7.0,2.613180175780004e-17,0.7498964580563723,4.668650675558344e-09,0.33160228675992803,0.0015481352400984296,21,11,hbo,False,S21_D11 hbo,mild_master_22,,
728,Linear,7.0,1.9306199006402157e-17,0.005593079216786549,4.4737034584883443e-13,3.9414303821814682,1.7632790732156272e-06,21,12,hbo,True,S21_D12 hbo,mild_master_22,,
729,ShortHbO,7.0,1.9306199006402157e-17,1.3472781670576485e-12,0.002951819793834112,110.06473764923939,324891.2711961834,21,12,hbo,True,S21_D12 hbo,mild_master_22,,
730,az_itd=0_az=15,7.0,1.9306199006402157e-17,2.4071293040484403e-07,3.3450926357127926e-09,-19.40492899338804,-0.06491128507231199,21,12,hbo,True,S21_D12 hbo,mild_master_22,-0.0035568732364399443,
731,az_itd=0_az=5,7.0,1.9306199006402157e-17,2.296780427947933e-08,3.28385441493393e-09,-27.25372148023353,-0.08949725360624457,21,12,hbo,True,S21_D12 hbo,mild_master_22,-0.05427820012812262,
732,az_itd=15_az=0,7.0,1.9306199006402157e-17,2.7601499992728034e-08,3.2891504957095987e-09,-26.541528138991666,-0.08729908043525471,21,12,hbo,True,S21_D12 hbo,mild_master_22,-0.06263583532228018,
733,az_itd=5_az=0,7.0,1.9306199006402157e-17,1.506542700863952e-06,3.2761415906535067e-09,-14.847353229593443,-0.04864203142659474,21,12,hbo,True,S21_D12 hbo,mild_master_22,-0.048532994385173646,
734,constant,7.0,1.9306199006402157e-17,0.47321092127045705,4.0128700085348454e-09,0.7579673307502831,0.0030416243690170224,21,12,hbo,False,S21_D12 hbo,mild_master_22,,
742,Linear,7.0,1.8990133526049756e-17,0.0015624022073801684,4.43693241305306e-13,5.001632752085027,2.219190647591384e-06,21,19,hbo,True,S21_D19 hbo,mild_master_22,,
743,ShortHbO,7.0,1.8990133526049756e-17,3.71259445601527e-12,0.0029275576806290227,95.2186743937056,278758.1615606069,21,19,hbo,True,S21_D19 hbo,mild_master_22,,
744,az_itd=0_az=15,7.0,1.8990133526049756e-17,1.3887750344344668e-08,3.317598065624638e-09,-29.300939224550874,-0.09720873929235505,21,19,hbo,True,S21_D19 hbo,mild_master_22,-0.10909529908991428,
745,az_itd=0_az=5,7.0,1.8990133526049756e-17,8.652674628524404e-09,3.2568631847339753e-09,-31.36424283457218,-0.10214904780497452,21,19,hbo,True,S21_D19 hbo,mild_master_22,-0.09435100110351884,
746,az_itd=15_az=0,7.0,1.8990133526049756e-17,3.164695352535475e-08,3.2621157350368182e-09,-26.023394333543685,-0.08489132413452083,21,19,hbo,True,S21_D19 hbo,mild_master_22,-0.11600723321164391,
747,az_itd=5_az=0,7.0,1.8990133526049756e-17,1.6237520400250314e-07,3.2492137550470203e-09,-20.545585966082033,-0.06675700052649476,21,19,hbo,True,S21_D19 hbo,mild_master_22,-0.110356856556759,
748,constant,7.0,1.8990133526049756e-17,0.4200297900728054,3.979886725941595e-09,0.8565820374831825,0.003409099480659324,21,19,hbo,False,S21_D19 hbo,mild_master_22,,
756,Linear,7.0,5.120604232076556e-17,0.0035742448102919397,7.285836304385378e-13,4.298256724916861,3.131639489196786e-06,21,20,hbo,True,S21_D20 hbo,mild_master_22,,
757,ShortHbO,7.0,5.120604232076556e-17,7.542474447760662e-13,0.0048073092053327405,119.57961606414894,574856.1890753381,21,20,hbo,True,S21_D20 hbo,mild_master_22,,
758,az_itd=0_az=15,7.0,5.120604232076556e-17,6.01592390986692e-08,5.447790090012721e-09,-23.719697588903596,-0.12921993346292762,21,20,hbo,True,S21_D20 hbo,mild_master_22,-0.0395853518858225,
759,az_itd=0_az=5,7.0,5.120604232076556e-17,1.1075678081232388e-08,5.348058032153579e-09,-30.27034234687601,-0.16188754752424886,21,20,hbo,True,S21_D20 hbo,mild_master_22,-0.1111896641598112,
760,az_itd=15_az=0,7.0,5.120604232076556e-17,2.7917405998038108e-08,5.3566831853279835e-09,-26.49803253084498,-0.14194156530225122,21,20,hbo,True,S21_D20 hbo,mild_master_22,-0.11744680735663891,
761,az_itd=5_az=0,7.0,5.120604232076556e-17,8.31214402153321e-07,5.335496990575145e-09,-16.19935202508611,-0.08643159397911432,21,20,hbo,True,S21_D20 hbo,mild_master_22,-0.07766262833670153,
762,constant,7.0,5.120604232076556e-17,0.40377082314371227,6.535326774395012e-09,0.8884947079525194,0.005806603253790377,21,20,hbo,False,S21_D20 hbo,mild_master_22,,
770,Linear,7.0,4.8846927562884694e-17,0.4029270216170921,7.116024424957009e-13,0.8901763033820481,6.334516317384595e-07,22,10,hbo,False,S22_D10 hbo,mild_master_22,,
771,ShortHbO,7.0,4.8846927562884694e-17,6.7807670564620625e-12,0.00469526466067841,87.36199209655268,410187.6741774104,22,10,hbo,True,S22_D10 hbo,mild_master_22,,
772,az_itd=0_az=15,7.0,4.8846927562884694e-17,1.2076441333460294e-05,5.320817778905555e-09,-10.90172326651781,-0.0580060829771963,22,10,hbo,True,S22_D10 hbo,mild_master_22,-0.15587419185229176,
773,az_itd=0_az=5,7.0,4.8846927562884694e-17,4.253606482297541e-06,5.2234101883384e-09,-12.738943502714566,-0.06654072728074653,22,10,hbo,True,S22_D10 hbo,mild_master_22,-0.1476570447239997,
774,az_itd=15_az=0,7.0,4.8846927562884694e-17,0.07493786055666632,5.23183431401099e-09,-2.090290649474268,-0.010936054346175795,22,10,hbo,False,S22_D10 hbo,mild_master_22,-0.10749815619221662,
775,az_itd=5_az=0,7.0,4.8846927562884694e-17,0.0029082250547756115,5.211141908495051e-09,-4.467913481729185,-0.02328293118816899,22,10,hbo,True,S22_D10 hbo,mild_master_22,-0.10740052416560131,
776,constant,7.0,4.8846927562884694e-17,0.5833588274087885,6.38300711253676e-09,0.5748952172257811,0.003669560260515526,22,10,hbo,False,S22_D10 hbo,mild_master_22,,
784,Linear,7.0,2.193322867149299e-17,0.012409496088580673,4.76837154067905e-13,3.3405979533366112,1.5929212209540978e-06,22,11,hbo,True,S22_D11 hbo,mild_master_22,,
785,ShortHbO,7.0,2.193322867149299e-17,4.765046796821118e-12,0.0031462464217258874,91.88124686573836,289081.0441750422,22,11,hbo,True,S22_D11 hbo,mild_master_22,,
786,az_itd=0_az=15,7.0,2.193322867149299e-17,7.096992332479734e-07,3.5654228477757994e-09,-16.577912725612737,-0.059107268800332825,22,11,hbo,True,S22_D11 hbo,mild_master_22,0.0011472534244688637,
787,az_itd=0_az=5,7.0,2.193322867149299e-17,1.001350825786689e-07,3.500151067499505e-09,-22.035400877355357,-0.07712723190365488,22,11,hbo,True,S22_D11 hbo,mild_master_22,-0.04537977663465717,
788,az_itd=15_az=0,7.0,2.193322867149299e-17,8.62618273438173e-08,3.505795983637145e-09,-22.515902945869154,-0.07893616211559183,22,11,hbo,True,S22_D11 hbo,mild_master_22,-0.053879008244998444,
789,az_itd=5_az=0,7.0,2.193322867149299e-17,1.6780276172813252e-06,3.491930224938461e-09,-14.61401535106039,-0.05103112191208243,22,11,hbo,True,S22_D11 hbo,mild_master_22,-0.049680637078307305,
790,constant,7.0,2.193322867149299e-17,0.5251588412745796,4.2771845122715595e-09,0.6686314784248446,0.002859860203935981,22,11,hbo,False,S22_D11 hbo,mild_master_22,,
798,Linear,7.0,1.3501788424349674e-17,0.0002633902579455237,3.7412303872921544e-13,6.756715741208219,2.5278430249303424e-06,22,12,hbo,True,S22_D12 hbo,mild_master_22,,
799,ShortHbO,7.0,1.3501788424349674e-17,1.7811927444289032e-12,0.00246852255921187,105.75891634252562,261068.27082932537,22,12,hbo,True,S22_D12 hbo,mild_master_22,,
800,az_itd=0_az=15,7.0,1.3501788424349674e-17,1.1000280086568897e-08,2.797405400952664e-09,-30.300095899590968,-0.08476165191889944,22,12,hbo,True,S22_D12 hbo,mild_master_22,-0.044510401974991655,
801,az_itd=0_az=5,7.0,1.3501788424349674e-17,1.4702823182724248e-09,2.7461936265095268e-09,-40.45235647129191,-0.11109000351875326,22,12,hbo,True,S22_D12 hbo,mild_master_22,-0.07462287323763388,
802,az_itd=15_az=0,7.0,1.3501788424349674e-17,2.332166771892745e-09,2.7506225875516115e-09,-37.86211006527832,-0.10414437515791977,22,12,hbo,True,S22_D12 hbo,mild_master_22,-0.08204327519465732,
803,az_itd=5_az=0,7.0,1.3501788424349674e-17,4.387993107462265e-09,2.7397436119214976e-09,-34.578255892902945,-0.09473555569396773,22,12,hbo,True,S22_D12 hbo,mild_master_22,-0.09899690201846366,
804,constant,7.0,1.3501788424349674e-17,0.29917836020978633,3.355848539245106e-09,1.1212227983766672,0.003762653890100649,22,12,hbo,False,S22_D12 hbo,mild_master_22,,
812,Linear,7.0,2.5885777378512566e-17,0.0030865136331385537,5.180234381102179e-13,4.4185988357011015,2.28893776049969e-06,22,19,hbo,True,S22_D19 hbo,mild_master_22,,
813,ShortHbO,7.0,2.5885777378512566e-17,8.980150394576589e-12,0.0034179999914442814,83.92251280957075,286847.1480650954,22,19,hbo,True,S22_D19 hbo,mild_master_22,,
814,az_itd=0_az=15,7.0,2.5885777378512566e-17,2.365663877988053e-08,3.873382319655657e-09,-27.137949940040443,-0.10511565548945297,22,19,hbo,True,S22_D19 hbo,mild_master_22,-0.13605269414601084,
815,az_itd=0_az=5,7.0,2.5885777378512566e-17,2.762482101689281e-08,3.802472761241747e-09,-26.538297792047246,-0.10091115448398164,22,19,hbo,True,S22_D19 hbo,mild_master_22,-0.10809357500478822,
816,az_itd=15_az=0,7.0,2.5885777378512566e-17,3.1903166039476835e-08,3.808605250794035e-09,-25.993159836997823,-0.09899768503991853,22,19,hbo,True,S22_D19 hbo,mild_master_22,-0.16669541797542908,
817,az_itd=5_az=0,7.0,2.5885777378512566e-17,2.2526927354985368e-07,3.793541852458099e-09,-19.592650788476345,-0.07432554076668119,22,19,hbo,True,S22_D19 hbo,mild_master_22,-0.13397432309773621,
818,constant,7.0,2.5885777378512566e-17,0.3571497463770454,4.646621614059796e-09,0.9856288404754987,0.004579844273594147,22,19,hbo,False,S22_D19 hbo,mild_master_22,,
868,Linear,7.0,5.196859197184374e-17,0.23167106012246996,7.339885399729637e-13,-1.3096075728780996,-9.612369503543331e-07,23,9,hbo,False,S23_D9 hbo,mild_master_22,,
869,ShortHbO,7.0,5.196859197184374e-17,2.1776909830020085e-07,0.004842971647190234,19.689189676811722,95354.18736094981,23,9,hbo,True,S23_D9 hbo,mild_master_22,,
870,az_itd=0_az=15,7.0,5.196859197184374e-17,0.023713560332671926,5.488203861841959e-09,2.8781681959874215,0.01579597380824887,23,9,hbo,True,S23_D9 hbo,mild_master_22,-0.08185094410269017,
871,az_itd=0_az=5,7.0,5.196859197184374e-17,0.0003405433299480337,5.387731953774974e-09,6.4798177940667525,0.03491152138373311,23,9,hbo,True,S23_D9 hbo,mild_master_22,0.10389098320759671,
872,az_itd=15_az=0,7.0,5.196859197184374e-17,1.679918847091811e-06,5.396421091604922e-09,14.611595582067197,0.07885032258106872,23,9,hbo,True,S23_D9 hbo,mild_master_22,0.06913761337582373,
873,az_itd=5_az=0,7.0,5.196859197184374e-17,4.4539104266492624e-05,5.375077729628948e-09,8.940426662472063,0.048055488246834456,23,9,hbo,True,S23_D9 hbo,mild_master_22,0.061026440659822566,
874,constant,7.0,5.196859197184374e-17,0.7160826293185737,6.5838083055711314e-09,-0.3787738460450334,-0.0024937743935244117,23,9,hbo,False,S23_D9 hbo,mild_master_22,,
826,Linear,7.0,8.761443881346928e-18,0.27713781025790307,3.013745992011102e-13,-1.1784023792508131,-3.5514054474434847e-07,23,10,hbo,False,S23_D10 hbo,mild_master_22,,
827,ShortHbO,7.0,8.761443881346928e-18,3.7278378487982775e-11,0.0019885169312971285,68.46548836915984,136144.78283160098,23,10,hbo,True,S23_D10 hbo,mild_master_22,,
828,az_itd=0_az=15,7.0,8.761443881346928e-18,1.0442188158503966e-05,2.253448315770067e-09,11.14232851154626,0.02510866141810072,23,10,hbo,True,S23_D10 hbo,mild_master_22,0.02805574780891018,
829,az_itd=0_az=5,7.0,8.761443881346928e-18,0.09872157943766328,2.212194700249348e-09,1.9033286151691566,0.004210533475310139,23,10,hbo,False,S23_D10 hbo,mild_master_22,0.02750091144682653,
830,az_itd=15_az=0,7.0,8.761443881346928e-18,0.029480994325585874,2.2157624472757528e-09,2.726649787490696,0.006041608205994297,23,10,hbo,True,S23_D10 hbo,mild_master_22,0.02248243935493368,
831,az_itd=5_az=0,7.0,8.761443881346928e-18,0.02636841793458524,2.2069988946985556e-09,2.804100768915599,0.006188647297620096,23,10,hbo,True,S23_D10 hbo,mild_master_22,-0.010554439055735441,
832,constant,7.0,8.761443881346928e-18,0.9153485186804736,2.7033018654235768e-09,-0.11019363348832084,-0.0002978866549667797,23,10,hbo,False,S23_D10 hbo,mild_master_22,,
840,Linear,7.0,1.664432415272695e-17,0.002100840148092182,4.153860301029699e-13,4.74287440840107,1.9701237717826927e-06,23,11,hbo,True,S23_D11 hbo,mild_master_22,,
841,ShortHbO,7.0,1.664432415272695e-17,2.2866554171053523e-12,0.0027407822559487004,102.04917818225933,279694.5767960836,23,11,hbo,True,S23_D11 hbo,mild_master_22,,
842,az_itd=0_az=15,7.0,1.664432415272695e-17,2.346606312275936e-08,3.1059384314778164e-09,-27.169590788039525,-0.08438707619609762,23,11,hbo,True,S23_D11 hbo,mild_master_22,-0.10259371904720035,
843,az_itd=0_az=5,7.0,1.664432415272695e-17,1.625324800019179e-08,3.0490783788258326e-09,-28.645138448465172,-0.08734127230168771,23,11,hbo,True,S23_D11 hbo,mild_master_22,-0.07138584477896866,
844,az_itd=15_az=0,7.0,1.664432415272695e-17,3.277250331384381e-08,3.0539958213629223e-09,-25.892601973183655,-0.07907589823031624,23,11,hbo,True,S23_D11 hbo,mild_master_22,-0.09302462962816488,
845,az_itd=5_az=0,7.0,1.664432415272695e-17,7.224642181792318e-08,3.041916975553454e-09,-23.100487605265712,-0.07026976539001993,23,11,hbo,True,S23_D11 hbo,mild_master_22,-0.11156192653821281,
846,constant,7.0,1.664432415272695e-17,0.39151851317312647,3.725973698596016e-09,0.9131711209940285,0.003402451579141191,23,11,hbo,False,S23_D11 hbo,mild_master_22,,
854,Linear,7.0,3.7177727486658923e-17,0.03479377667761538,6.208121727511833e-13,2.6123579544923605,1.621783617732239e-06,23,19,hbo,True,S23_D19 hbo,mild_master_22,,
855,ShortHbO,7.0,3.7177727486658923e-17,8.278274182317897e-11,0.00409621620383241,61.08018909694103,250197.66031203754,23,19,hbo,True,S23_D19 hbo,mild_master_22,,
856,az_itd=0_az=15,7.0,3.7177727486658923e-17,3.4180119733325475e-06,4.641957712441999e-09,-13.158439475176165,-0.06108091960549524,23,19,hbo,True,S23_D19 hbo,mild_master_22,-0.02058402740326406,
857,az_itd=0_az=5,7.0,3.7177727486658923e-17,5.082784669167811e-07,4.556977933943251e-09,-17.405480260224078,-0.07931638947552595,23,19,hbo,True,S23_D19 hbo,mild_master_22,-0.05157247701995379,
858,az_itd=15_az=0,7.0,3.7177727486658923e-17,8.163296439284672e-07,4.564327261952845e-09,-16.242211493210657,-0.07413476871286521,23,19,hbo,True,S23_D19 hbo,mild_master_22,-0.07784129123891025,
859,az_itd=5_az=0,7.0,3.7177727486658923e-17,1.7437674471407442e-06,4.546274910723209e-09,-14.5316758477171,-0.06606499331723867,23,19,hbo,True,S23_D19 hbo,mild_master_22,-0.10239970415450932,
860,constant,7.0,3.7177727486658923e-17,0.4666835208252308,5.568626915223302e-09,0.7696441157994783,0.004285860938384215,23,19,hbo,False,S23_D19 hbo,mild_master_22,,
910,Linear,7.0,4.651122441652054e-17,0.9606431372684485,6.9438077832591e-13,-0.051139404109393355,-3.55102192286038e-08,24,9,hbo,False,S24_D9 hbo,mild_master_22,,
911,ShortHbO,7.0,4.651122441652054e-17,0.2530526200076647,0.004581633416115925,-1.2454046607686706,-5705.987610364258,24,9,hbo,False,S24_D9 hbo,mild_master_22,,
912,az_itd=0_az=15,7.0,4.651122441652054e-17,0.003530069018374172,5.192047370845134e-09,-4.30838963482877,-0.022369363076089138,24,9,hbo,True,S24_D9 hbo,mild_master_22,-0.05989371074142889,
913,az_itd=0_az=5,7.0,4.651122441652054e-17,0.08996387997532256,5.096997165121197e-09,1.9664253585930194,0.010022864478171052,24,9,hbo,False,S24_D9 hbo,mild_master_22,0.04404607778504203,
914,az_itd=15_az=0,7.0,4.651122441652054e-17,0.008393501319494645,5.105217416474934e-09,3.630389343621358,0.01853392690564076,24,9,hbo,True,S24_D9 hbo,mild_master_22,0.037789285202225104,
915,az_itd=5_az=0,7.0,4.651122441652054e-17,0.00033236049513263544,5.08502579290883e-09,-6.505658801370207,-0.03308144280483184,24,9,hbo,True,S24_D9 hbo,mild_master_22,-0.01514906798455873,
916,constant,7.0,4.651122441652054e-17,0.7922265496847207,6.228530401495737e-09,0.27368465136281045,0.0017046531714360266,24,9,hbo,False,S24_D9 hbo,mild_master_22,,
882,Linear,7.0,1.8805159932831418e-17,0.9993551584890296,4.4152705413808284e-13,0.0008374752162975526,3.6976796516551216e-10,24,10,hbo,False,S24_D10 hbo,mild_master_22,,
883,ShortHbO,7.0,1.8805159932831418e-17,0.2768338545657701,0.002913264837536737,-1.1792168967685575,-3435.371121185027,24,10,hbo,False,S24_D10 hbo,mild_master_22,,
884,az_itd=0_az=15,7.0,1.8805159932831418e-17,0.0672584585486492,3.3014009778920903e-09,-2.1635099694843047,-0.007142613928934769,24,10,hbo,False,S24_D10 hbo,mild_master_22,-0.04263439101768038,
885,az_itd=0_az=5,7.0,1.8805159932831418e-17,0.7425528366193292,3.2409626151976504e-09,0.34177267629222935,0.0011076724667591637,24,10,hbo,False,S24_D10 hbo,mild_master_22,0.012514835230970935,
886,az_itd=15_az=0,7.0,1.8805159932831418e-17,0.0029581499185677017,3.2461895216411738e-09,4.453775418887002,0.014457799096534014,24,10,hbo,True,S24_D10 hbo,mild_master_22,0.006362994840134637,
887,az_itd=5_az=0,7.0,1.8805159932831418e-17,0.7370933209276793,3.2333505313498515e-09,-0.3493594881129539,-0.0011296016865221317,24,10,hbo,False,S24_D10 hbo,mild_master_22,-0.021831025140488545,
888,constant,7.0,1.8805159932831418e-17,0.9603792358808976,3.960456230387113e-09,0.051482656724652465,0.00020389480858203088,24,10,hbo,False,S24_D10 hbo,mild_master_22,,
896,Linear,7.0,5.789131450238941e-17,0.02644825001440928,7.74685646743885e-13,2.801996805626205,2.1706667075408363e-06,24,19,hbo,True,S24_D19 hbo,mild_master_22,,
897,ShortHbO,7.0,5.789131450238941e-17,1.1347015748040917e-06,0.0051114975484549945,15.477816609124996,79114.82165297843,24,19,hbo,True,S24_D19 hbo,mild_master_22,,
898,az_itd=0_az=15,7.0,5.789131450238941e-17,1.8721051411151573e-06,5.792505640932668e-09,-14.38066455673654,-0.0833000805652569,24,19,hbo,True,S24_D19 hbo,mild_master_22,-0.17658536975888123,
899,az_itd=0_az=5,7.0,5.789131450238941e-17,2.0305489851079755e-06,5.6864629156834e-09,-14.209718839957628,-0.08080303922570678,24,19,hbo,True,S24_D19 hbo,mild_master_22,-0.046510140545481825,
900,az_itd=15_az=0,7.0,5.789131450238941e-17,2.8741447635137763e-05,5.695633835926498e-09,-9.560913269214062,-0.054455461118494246,24,19,hbo,True,S24_D19 hbo,mild_master_22,-0.1069390897719364,
901,az_itd=5_az=0,7.0,5.789131450238941e-17,7.842310642965888e-08,5.673107058905354e-09,-22.82819073979132,-0.12950677002794797,24,19,hbo,True,S24_D19 hbo,mild_master_22,-0.15694203346126662,
902,constant,7.0,5.789131450238941e-17,0.4844455137303504,6.948857533153045e-09,0.7381212627787543,0.005129099497240585,24,19,hbo,False,S24_D19 hbo,mild_master_22,,
651,Linear,7.0,7.541489087149698e-18,0.6279753181960575,2.7960656070384323e-13,-0.506635270302016,-1.4165854546040865e-07,1,7,hbr,False,S1_D7 hbr,mild_master_22,,
652,ShortHbO,7.0,7.541489087149698e-18,8.804498877538357e-08,0.0018448879949909936,-22.44937911679843,-41416.59002758294,1,7,hbr,True,S1_D7 hbr,mild_master_22,,
653,az_itd=0_az=15,7.0,7.541489087149698e-18,5.055637966905914e-06,2.090683604280395e-09,12.416423320796914,0.025958812660594844,1,7,hbr,True,S1_D7 hbr,mild_master_22,,-0.015245195309158497
654,az_itd=0_az=5,7.0,7.541489087149698e-18,1.9673787269927014e-05,2.052409703351373e-09,10.127884387966667,0.02078656819228367,1,7,hbr,True,S1_D7 hbr,mild_master_22,,0.013592744226627079
655,az_itd=15_az=0,7.0,7.541489087149698e-18,0.060980891277505965,2.0557197549554525e-09,-2.2298885937186026,-0.004584026033457165,1,7,hbr,False,S1_D7 hbr,mild_master_22,,0.00725565862209186
656,az_itd=5_az=0,7.0,7.541489087149698e-18,0.9014282411967128,2.0475891865460617e-09,0.1284200965854069,0.00026295160110347996,1,7,hbr,False,S1_D7 hbr,mild_master_22,,-0.005400108871386293
657,constant,7.0,7.541489087149698e-18,0.6132413922793601,2.5080446034238492e-09,-0.5288749201406769,-0.001326441889345044,1,7,hbr,False,S1_D7 hbr,mild_master_22,,
665,Linear,7.0,2.2300211899873994e-18,0.465734205744445,1.520454047088216e-13,-0.7713515474339533,-1.1728045820237123e-07,1,8,hbr,False,S1_D8 hbr,mild_master_22,,
666,ShortHbO,7.0,2.2300211899873994e-18,1.0840642066504639e-08,0.0010032194564202745,-30.363868033349235,-30461.62318323357,1,8,hbr,True,S1_D8 hbr,mild_master_22,,
667,az_itd=0_az=15,7.0,2.2300211899873994e-18,5.189813611806922e-07,1.1368790271970939e-09,17.35268039902126,0.01972789841130137,1,8,hbr,True,S1_D8 hbr,mild_master_22,,0.023120959426009533
668,az_itd=0_az=5,7.0,2.2300211899873994e-18,0.9404235977246063,1.1160663154284945e-09,0.07746208907968553,8.645282834455845e-05,1,8,hbr,False,S1_D8 hbr,mild_master_22,,0.01141049828256702
669,az_itd=15_az=0,7.0,2.2300211899873994e-18,0.0073973321869324924,1.117866266525788e-09,3.726017514118968,0.004165189287517868,1,8,hbr,True,S1_D8 hbr,mild_master_22,,0.014642210952430736
670,az_itd=5_az=0,7.0,2.2300211899873994e-18,0.5529599696972662,1.113444998436775e-09,-0.6231163416219749,-0.0006938057740232088,1,8,hbr,False,S1_D8 hbr,mild_master_22,,-0.012226390361686625
671,constant,7.0,2.2300211899873994e-18,0.7922946751754613,1.3638330080504207e-09,-0.27359232786943505,-0.00037313424749768853,1,8,hbr,False,S1_D8 hbr,mild_master_22,,
931,Linear,7.0,2.672667108515081e-17,0.24950487538787244,5.263701326588395e-13,-1.2557267337324807,-6.609770474180171e-07,2,8,hbr,False,S2_D8 hbr,mild_master_22,,
932,ShortHbO,7.0,2.672667108515081e-17,6.097357732215394e-07,0.00347307279278287,-16.949501177904953,-58866.8513922229,2,8,hbr,True,S2_D8 hbr,mild_master_22,,
933,az_itd=0_az=15,7.0,2.672667108515081e-17,1.1215197724566345e-07,3.9357925055926844e-09,21.676938856253457,0.08531593349463322,2,8,hbr,True,S2_D8 hbr,mild_master_22,,0.07899915614587662
934,az_itd=0_az=5,7.0,2.672667108515081e-17,0.03702830595168976,3.8637404111830715e-09,2.569621693155578,0.009928351177297873,2,8,hbr,True,S2_D8 hbr,mild_master_22,,-0.005846580265013101
935,az_itd=15_az=0,7.0,2.672667108515081e-17,0.0034886065784554077,3.8699717109693175e-09,4.318027790823081,0.01671064539766466,2,8,hbr,True,S2_D8 hbr,mild_master_22,,0.03483840263964334
936,az_itd=5_az=0,7.0,2.672667108515081e-17,0.0016324603067627826,3.854665602409241e-09,4.96277587178738,0.019129841445445345,2,8,hbr,True,S2_D8 hbr,mild_master_22,,-0.007570795011820502
937,constant,7.0,2.672667108515081e-17,0.6601214461537737,4.721490680673975e-09,-0.4590369735508024,-0.0021673387927049,2,8,hbr,False,S2_D8 hbr,mild_master_22,,
945,Linear,7.0,8.930776640578499e-18,0.03632881052643467,3.0427300101270105e-13,-2.582705417764764,-7.858475281950464e-07,3,5,hbr,True,S3_D5 hbr,mild_master_22,,
946,ShortHbO,7.0,8.930776640578499e-18,1.8744196487133515e-10,0.00200764104159484,-54.337700760561766,-109090.59815280297,3,5,hbr,True,S3_D5 hbr,mild_master_22,,
947,az_itd=0_az=15,7.0,8.930776640578499e-18,6.961039137256548e-07,2.2751203435324196e-09,16.62481865943014,0.037823463139606876,3,5,hbr,True,S3_D5 hbr,mild_master_22,,0.02952761030283318
948,az_itd=0_az=5,7.0,8.930776640578499e-18,8.504205136700268e-07,2.233469980726837e-09,16.145324182086718,0.03606009688979376,3,5,hbr,True,S3_D5 hbr,mild_master_22,,0.025226020106727975
949,az_itd=15_az=0,7.0,8.930776640578499e-18,2.7335269279031004e-05,2.237072039750577e-09,9.634304404621853,0.021552633006025373,3,5,hbr,True,S3_D5 hbr,mild_master_22,,0.049053624343046096
950,az_itd=5_az=0,7.0,8.930776640578499e-18,4.5561106771457525e-07,2.228224205695335e-09,17.685188761541756,0.03940656568075845,3,5,hbr,True,S3_D5 hbr,mild_master_22,,0.05817357487197616
951,constant,7.0,8.930776640578499e-18,0.4436013929826572,2.7293002576065624e-09,-0.8118558440269756,-0.002215798364242218,3,5,hbr,False,S3_D5 hbr,mild_master_22,,
959,Linear,7.0,2.240323860457791e-17,0.06485525009886348,4.819191744293864e-13,2.188154248968644,1.0545134891871229e-06,3,7,hbr,False,S3_D7 hbr,mild_master_22,,
960,ShortHbO,7.0,2.240323860457791e-17,7.187468685533332e-06,0.003179778390116026,-11.782654929340556,-37466.23152251117,3,7,hbr,True,S3_D7 hbr,mild_master_22,,
961,az_itd=0_az=15,7.0,2.240323860457791e-17,0.004684429236341062,3.6034223017929812e-09,-4.080889414691006,-0.014705167928048475,3,7,hbr,True,S3_D7 hbr,mild_master_22,,-0.0864193113442935
962,az_itd=0_az=5,7.0,2.240323860457791e-17,4.703797596864693e-05,3.537454869943473e-09,-8.865591871227508,-0.031361631139805016,3,7,hbr,True,S3_D7 hbr,mild_master_22,,-0.0022424303939654203
963,az_itd=15_az=0,7.0,2.240323860457791e-17,1.2216140601591267e-05,3.543159948294786e-09,-10.882892761247604,-0.03855982975323976,3,7,hbr,True,S3_D7 hbr,mild_master_22,,-0.05294438754967051
964,az_itd=5_az=0,7.0,2.240323860457791e-17,1.880630234245686e-07,3.529146411539311e-09,-20.112662684368097,-0.07098053133903827,3,7,hbr,True,S3_D7 hbr,mild_master_22,,0.00031876653206954506
965,constant,7.0,2.240323860457791e-17,0.5342500575131934,4.322769757875305e-09,0.6535876947897946,0.002825309121156759,3,7,hbr,False,S3_D7 hbr,mild_master_22,,
973,Linear,7.0,1.2777786191610205e-17,0.15682130213106626,3.6395409692950933e-13,-1.5857260907284025,-5.771315073286169e-07,4,2,hbr,False,S4_D2 hbr,mild_master_22,,
974,ShortHbO,7.0,1.2777786191610205e-17,5.1943561366269525e-06,0.002401426284357608,12.366572340604163,29697.411866136623,4,2,hbr,True,S4_D2 hbr,mild_master_22,,
975,az_itd=0_az=15,7.0,1.2777786191610205e-17,1.2508987318705413e-07,2.7213698464220047e-09,21.336999503552,0.058065867062087696,4,2,hbr,True,S4_D2 hbr,mild_master_22,,0.030254814472126627
976,az_itd=0_az=5,7.0,1.2777786191610205e-17,0.00010491473480728868,2.6715500460084296e-09,7.825371945831903,0.020905872781920295,4,2,hbr,True,S4_D2 hbr,mild_master_22,,0.05547296997206831
977,az_itd=15_az=0,7.0,1.2777786191610205e-17,2.006964451990529e-05,2.67585862460301e-09,10.097364559493212,0.027019120042280683,4,2,hbr,True,S4_D2 hbr,mild_master_22,,0.011270345410001601
978,az_itd=5_az=0,7.0,1.2777786191610205e-17,0.0005883849013317765,2.6652753476029475e-09,5.918531011855213,0.015774514799921226,4,2,hbr,True,S4_D2 hbr,mild_master_22,,0.03306680544414809
979,constant,7.0,1.2777786191610205e-17,0.3394253117155797,3.26463408583928e-09,-1.0251098540484558,-0.003346608571256318,4,2,hbr,False,S4_D2 hbr,mild_master_22,,
987,Linear,7.0,2.2252416352467225e-18,0.6599344726310057,1.5188237954543725e-13,0.45931040623270386,6.976115744860449e-08,4,3,hbr,False,S4_D3 hbr,mild_master_22,,
988,ShortHbO,7.0,2.2252416352467225e-18,0.00024460645563627103,0.0010021437907919283,6.838106472689135,6852.765942379511,4,3,hbr,True,S4_D3 hbr,mild_master_22,,
989,az_itd=0_az=15,7.0,2.2252416352467225e-18,6.36828201217339e-06,1.1356600499480808e-09,11.997198349135175,0.013624738876415883,4,3,hbr,True,S4_D3 hbr,mild_master_22,,0.00011852727460797546
990,az_itd=0_az=5,7.0,2.2252416352467225e-18,0.10411183387972998,1.1148696538538227e-09,-1.8671556108095264,-0.0020816351295144396,4,3,hbr,False,S4_D3 hbr,mild_master_22,,-0.0010829158208112573
991,az_itd=15_az=0,7.0,2.2252416352467225e-18,0.012787905603313613,1.1166676750189208e-09,-3.318695548498694,-0.003705880042237679,4,3,hbr,True,S4_D3 hbr,mild_master_22,,-0.020701835351357677
992,az_itd=5_az=0,7.0,2.2252416352467225e-18,0.0007354282689590543,1.1122511474740494e-09,-5.699897330304248,-0.00633971734611517,4,3,hbr,True,S4_D3 hbr,mild_master_22,,-0.0023408719783684336
993,constant,7.0,2.2252416352467225e-18,0.7588837516483291,1.3623706876376984e-09,-0.3192077047908706,-0.0004348792202751898,4,3,hbr,False,S4_D3 hbr,mild_master_22,,
1001,Linear,7.0,8.018283100929575e-18,0.5385573149964329,2.883098611352099e-13,-0.6465156571858723,-1.863968393449978e-07,4,4,hbr,False,S4_D4 hbr,mild_master_22,,
1002,ShortHbO,7.0,8.018283100929575e-18,1.231194386497756e-07,0.0019023137379428387,-21.386111945660073,-40683.09455541261,4,4,hbr,True,S4_D4 hbr,mild_master_22,,
1003,az_itd=0_az=15,7.0,8.018283100929575e-18,2.9970707182295063e-07,2.1557602157489565e-09,18.79666382807894,0.04052110006938007,4,4,hbr,True,S4_D4 hbr,mild_master_22,,0.016504038007429823
1004,az_itd=0_az=5,7.0,8.018283100929575e-18,0.000429188441152155,2.1162949648829838e-09,6.2378171417424815,0.013201061008930379,4,4,hbr,True,S4_D4 hbr,mild_master_22,,0.008251481752144985
1005,az_itd=15_az=0,7.0,8.018283100929575e-18,0.0006100089641562689,2.1197080483096396e-09,5.882765043669272,0.012469744409380366,4,4,hbr,True,S4_D4 hbr,mild_master_22,,-0.015433804225644318
1006,az_itd=5_az=0,7.0,8.018283100929575e-18,0.1314917110951981,2.1113244000749164e-09,-1.7074757807080676,-0.0036050352783459105,4,4,hbr,False,S4_D4 hbr,mild_master_22,,0.007978764707692676
1007,constant,7.0,8.018283100929575e-18,0.4822875676184627,2.586112391332395e-09,-0.7419092467197851,-0.0019186606961861194,4,4,hbr,False,S4_D4 hbr,mild_master_22,,
1015,Linear,7.0,1.2915541689975971e-17,0.00012018739646625153,3.6591070630166926e-13,-7.659614628060779,-2.8027349985523176e-06,5,1,hbr,True,S5_D1 hbr,mild_master_22,,
1016,ShortHbO,7.0,1.2915541689975971e-17,1.9001356195273855e-07,0.002414336300247429,-20.08258225418425,-48486.10733898187,5,1,hbr,True,S5_D1 hbr,mild_master_22,,
1017,az_itd=0_az=15,7.0,1.2915541689975971e-17,1.4633300542564093e-10,2.735999871998153e-09,56.29802367388246,0.1540313855654914,5,1,hbr,True,S5_D1 hbr,mild_master_22,,0.11739986471454959
1018,az_itd=0_az=5,7.0,1.2915541689975971e-17,1.1231480809576133e-09,2.6859122414125026e-09,42.04497011035311,0.1129290999092202,5,1,hbr,True,S5_D1 hbr,mild_master_22,,0.1326761161424883
1019,az_itd=15_az=0,7.0,1.2915541689975971e-17,8.152787437864424e-10,2.6902439828326423e-09,44.02067628897904,0.11842635950664943,5,1,hbr,True,S5_D1 hbr,mild_master_22,,0.05037819940641118
1020,az_itd=5_az=0,7.0,1.2915541689975971e-17,4.218784364449457e-09,2.67960381036378e-09,34.77406838847033,0.09318072615559578,5,1,hbr,True,S5_D1 hbr,mild_master_22,,0.10292054818475502
1021,constant,7.0,1.2915541689975971e-17,0.057591652893110454,3.282184688244679e-09,-2.26865436435691,-0.007446142617611716,5,1,hbr,False,S5_D1 hbr,mild_master_22,,
1029,Linear,7.0,1.0873037214619702e-17,0.00023807619679231762,3.357331624022291e-13,-6.868062193141437,-2.3058362396785635e-06,5,2,hbr,True,S5_D2 hbr,mild_master_22,,
1030,ShortHbO,7.0,1.0873037214619702e-17,1.4580523980034758e-06,0.002215220126727593,14.91886055680597,33048.56017327902,5,2,hbr,True,S5_D2 hbr,mild_master_22,,
1031,az_itd=0_az=15,7.0,1.0873037214619702e-17,2.408777539267946e-10,2.5103553231392384e-09,52.42106694054366,0.13159550443883214,5,2,hbr,True,S5_D2 hbr,mild_master_22,,0.07963874967418037
1032,az_itd=0_az=5,7.0,1.0873037214619702e-17,1.3041139158734201e-09,2.4643985409949866e-09,41.15403004309201,0.1014199315942598,5,2,hbr,True,S5_D2 hbr,mild_master_22,,0.1115787834745233
1033,az_itd=15_az=0,7.0,1.0873037214619702e-17,3.3140712004391575e-09,2.468373033188427e-09,36.00020570037681,0.0888619369400464,5,2,hbr,True,S5_D2 hbr,mild_master_22,,0.02445915922102331
1034,az_itd=5_az=0,7.0,1.0873037214619702e-17,8.31957679343959e-09,2.4586103815634397e-09,31.541744397219183,0.07754886022762354,5,2,hbr,True,S5_D2 hbr,mild_master_22,,0.08688315582213312
1035,constant,7.0,1.0873037214619702e-17,0.0633535428756194,3.011494952170339e-09,-2.2040245503792484,-0.006637408807926607,5,2,hbr,False,S5_D2 hbr,mild_master_22,,
1043,Linear,7.0,1.1948943807932556e-17,0.005034051279122466,3.519521020778219e-13,-4.023988332671855,-1.416251152420489e-06,5,3,hbr,True,S5_D3 hbr,mild_master_22,,
1044,ShortHbO,7.0,1.1948943807932556e-17,5.085563628327647e-07,0.0023222352376164883,-17.40409336278888,-40416.39888583559,5,3,hbr,True,S5_D3 hbr,mild_master_22,,
1045,az_itd=0_az=15,7.0,1.1948943807932556e-17,1.8823282300639094e-09,2.6316281257988672e-09,39.04412098498967,0.10274960693119259,5,3,hbr,True,S5_D3 hbr,mild_master_22,,0.05497353025046572
1046,az_itd=0_az=5,7.0,1.1948943807932556e-17,2.5277892438823377e-07,2.583451216599103e-09,19.267579132689065,0.049776850751265055,5,3,hbr,True,S5_D3 hbr,mild_master_22,,0.06971534935847222
1047,az_itd=15_az=0,7.0,1.1948943807932556e-17,1.2716733233702004e-07,2.587617712610889e-09,21.28616631324013,0.055080460985721384,5,3,hbr,True,S5_D3 hbr,mild_master_22,,0.01810816288200734
1048,az_itd=5_az=0,7.0,1.1948943807932556e-17,1.8227930240884064e-06,2.5773834368643925e-09,14.43725290094312,0.0372103365007132,5,3,hbr,True,S5_D3 hbr,mild_master_22,,0.06760911841785254
1049,constant,7.0,1.1948943807932556e-17,0.25395218318698815,3.1569773186220805e-09,-1.2428070407861154,-0.003923513639185593,5,3,hbr,False,S5_D3 hbr,mild_master_22,,
1057,Linear,7.0,2.9507093852993066e-18,0.001087682890113188,1.7489686426199828e-13,-5.329794397847473,-9.321643273446883e-07,6,1,hbr,True,S6_D1 hbr,mild_master_22,,
1058,ShortHbO,7.0,2.9507093852993066e-18,4.5912146869738264e-07,0.0011539969749861986,-17.665423116510123,-20385.844838303943,6,1,hbr,True,S6_D1 hbr,mild_master_22,,
1059,az_itd=0_az=15,7.0,2.9507093852993066e-18,1.070479648644162e-09,1.30774473113995e-09,42.33545789115074,0.0553639719975496,6,1,hbr,True,S6_D1 hbr,mild_master_22,,0.05761059526151472
1060,az_itd=0_az=5,7.0,2.9507093852993066e-18,1.0284616367530973e-08,1.283804000855547e-09,30.594662166752485,0.03927754969450068,6,1,hbr,True,S6_D1 hbr,mild_master_22,,0.048312975438343064
1061,az_itd=15_az=0,7.0,2.9507093852993066e-18,6.457482366565241e-09,1.2858744731815239e-09,32.71147930402206,0.042062856217047695,6,1,hbr,True,S6_D1 hbr,mild_master_22,,0.03416349534351041
1062,az_itd=5_az=0,7.0,2.9507093852993066e-18,3.066952312619908e-07,1.2807887165530294e-09,18.733785646360165,0.0239940212741812,6,1,hbr,True,S6_D1 hbr,mild_master_22,,0.02873931952347205
1063,constant,7.0,2.9507093852993066e-18,0.12981938234439297,1.5688084552231644e-09,-1.7162727492380763,-0.0026925032004737996,6,1,hbr,False,S6_D1 hbr,mild_master_22,,
1085,Linear,7.0,1.821155970435983e-18,0.8251832857624556,1.3740178509022696e-13,0.2293108859283698,3.1507725067179416e-08,7,7,hbr,False,S7_D7 hbr,mild_master_22,,
1086,ShortHbO,7.0,1.821155970435983e-18,3.561978902509288e-10,0.0009065985546447443,-49.565221719815014,-44935.758371830576,7,7,hbr,True,S7_D7 hbr,mild_master_22,,
1087,az_itd=0_az=15,7.0,1.821155970435983e-18,9.882858628230688e-05,1.0273852607888661e-09,7.899182848986478,0.008115504031324912,7,7,hbr,True,S7_D7 hbr,mild_master_22,,0.002960686728907287
1088,az_itd=0_az=5,7.0,1.821155970435983e-18,0.3728439809147376,1.0085770386327907e-09,-0.9519140182238335,-0.0009600786215332343,7,7,hbr,False,S7_D7 hbr,mild_master_22,,-0.01846280111455797
1089,az_itd=15_az=0,7.0,1.821155970435983e-18,0.08917271073190874,1.0102036349401035e-09,1.9724189999034825,0.0019925448433274215,7,7,hbr,False,S7_D7 hbr,mild_master_22,,0.0015596866079236114
1090,az_itd=5_az=0,7.0,1.821155970435983e-18,0.0006206582311329611,1.0062081828647431e-09,-5.865668815188195,-0.005902083959816905,7,7,hbr,True,S7_D7 hbr,mild_master_22,,-0.017567778488270864
1091,constant,7.0,1.821155970435983e-18,0.9784004437842324,1.2324811146379174e-09,-0.0280562004733025,-3.4578737231840733e-05,7,7,hbr,False,S7_D7 hbr,mild_master_22,,
1099,Linear,7.0,8.221693044634592e-19,0.05409768907847573,9.232077323134777e-14,-2.3111171435411717,-2.133641217199447e-07,7,8,hbr,False,S7_D8 hbr,mild_master_22,,
1100,ShortHbO,7.0,8.221693044634592e-19,2.4946004020235135e-09,0.0006091469591917137,-37.498092261988894,-22841.84887688086,7,8,hbr,True,S7_D8 hbr,mild_master_22,,
1101,az_itd=0_az=15,7.0,8.221693044634592e-19,5.6072477039896136e-08,6.903039987452418e-10,23.961915558295654,0.016541006127487313,7,8,hbr,True,S7_D8 hbr,mild_master_22,,0.008212803045953785
1102,az_itd=0_az=5,7.0,8.221693044634592e-19,5.237946279842527e-05,6.776666839431405e-10,8.719703652716023,0.0059090526593029566,7,8,hbr,True,S7_D8 hbr,mild_master_22,,-0.0014937611036188398
1103,az_itd=15_az=0,7.0,8.221693044634592e-19,4.4758286751294075e-06,6.787596000848614e-10,12.643065249226229,0.008581601912411602,7,8,hbr,True,S7_D8 hbr,mild_master_22,,0.010535903294664306
1104,az_itd=5_az=0,7.0,8.221693044634592e-19,1.6835637964236723e-05,6.760750408939904e-10,10.369397144476165,0.00701049059849775,7,8,hbr,True,S7_D8 hbr,mild_master_22,,-0.0034129161584779757
1105,constant,7.0,8.221693044634592e-19,0.6836563459930959,8.281086699251264e-10,-0.42491281911348744,-0.0003518739894702059,7,8,hbr,False,S7_D8 hbr,mild_master_22,,
1071,Linear,7.0,4.196510334863427e-18,0.21834043911809306,2.085753363160793e-13,1.3522877741705883,2.8205387729375277e-07,7,17,hbr,False,S7_D17 hbr,mild_master_22,,
1072,ShortHbO,7.0,4.196510334863427e-18,9.664319544599283e-10,0.0013762128222317305,-42.960550137712595,-59122.85994964921,7,17,hbr,True,S7_D17 hbr,mild_master_22,,
1073,az_itd=0_az=15,7.0,4.196510334863427e-18,0.0002091560368216733,1.5595665380512027e-09,-7.012842813251767,-0.010936994988160314,7,17,hbr,True,S7_D17 hbr,mild_master_22,,-0.006532104982064208
1074,az_itd=0_az=5,7.0,4.196510334863427e-18,0.000303052547454895,1.531015735315016e-09,-6.604443430182892,-0.010111506814607887,7,17,hbr,True,S7_D17 hbr,mild_master_22,,-0.0014446684077494972
1075,az_itd=15_az=0,7.0,4.196510334863427e-18,0.003397570089702818,1.5334849017208635e-09,-4.339638988756002,-0.006654770868176526,7,17,hbr,True,S7_D17 hbr,mild_master_22,,0.002709234206735456
1076,az_itd=5_az=0,7.0,4.196510334863427e-18,0.00020316076113630332,1.5274198221456177e-09,-7.045679138444093,-0.010761709976537366,7,17,hbr,True,S7_D17 hbr,mild_master_22,,-0.001792801732155954
1077,constant,7.0,4.196510334863427e-18,0.9271998350373449,1.870901188219747e-09,0.09470927260280523,0.00017719169064801623,7,17,hbr,False,S7_D17 hbr,mild_master_22,,
1113,Linear,7.0,2.2099121241479194e-15,0.8103060382369858,4.786370424772604e-12,0.24927276735625292,1.1931118013751907e-06,8,18,hbr,False,S8_D18 hbr,mild_master_22,,
1114,ShortHbO,7.0,2.2099121241479194e-15,4.295526368856347e-06,0.031581223680927556,12.720427274448136,401726.6590713183,8,18,hbr,True,S8_D18 hbr,mild_master_22,,
1115,az_itd=0_az=15,7.0,2.2099121241479194e-15,0.0852496665469974,3.578881034084094e-08,-2.0029337882119336,-0.07168261747157896,8,18,hbr,False,S8_D18 hbr,mild_master_22,,0.22105299373440873
1116,az_itd=0_az=5,7.0,2.2099121241479194e-15,0.00020250534108693052,3.5133628763605406e-08,7.049334901081594,0.24766871544492777,8,18,hbr,True,S8_D18 hbr,mild_master_22,,0.30015865923721796
1117,az_itd=15_az=0,7.0,2.2099121241479194e-15,9.372501977340257e-07,3.51902910002223e-08,-15.917299865105754,-0.5601344141908706,8,18,hbr,True,S8_D18 hbr,mild_master_22,,-0.6166888898063064
1118,az_itd=5_az=0,7.0,2.2099121241479194e-15,0.6283547885259122,3.505111003081537e-08,-0.5060661719810378,-0.01773818107698089,8,18,hbr,False,S8_D18 hbr,mild_master_22,,0.07707959003168448
1119,constant,7.0,2.2099121241479194e-15,0.9807332088957348,4.293329342351675e-08,-0.025025347117875046,-0.0010744205708370885,8,18,hbr,False,S8_D18 hbr,mild_master_22,,
1169,Linear,7.0,2.51780323708011e-18,0.0011048562805065934,1.6155845741892862e-13,-5.3153222499365365,-8.587352633842559e-07,9,5,hbr,True,S9_D5 hbr,mild_master_22,,
1170,ShortHbO,7.0,2.51780323708011e-18,6.217169370497858e-10,0.0010659880720651068,-45.76409185774668,-48783.97604924983,9,5,hbr,True,S9_D5 hbr,mild_master_22,,
1171,az_itd=0_az=15,7.0,2.51780323708011e-18,1.6577487899138665e-08,1.2080103457098308e-09,28.563807995083632,0.03450537557093021,9,5,hbr,True,S9_D5 hbr,mild_master_22,,0.03709540033918703
1172,az_itd=0_az=5,7.0,2.51780323708011e-18,7.68868555811024e-09,1.1858954411885197e-09,31.901321837914598,0.03783163213547069,9,5,hbr,True,S9_D5 hbr,mild_master_22,,0.029325202770084883
1173,az_itd=15_az=0,7.0,2.51780323708011e-18,3.433880347787057e-08,1.1878080101560932e-09,25.718885848892608,0.030549098623604835,9,5,hbr,True,S9_D5 hbr,mild_master_22,,0.030498963127916102
1174,az_itd=5_az=0,7.0,2.51780323708011e-18,1.5738138690318937e-09,1.1831101157760268e-09,40.059526947305905,0.04739483156455995,9,5,hbr,True,S9_D5 hbr,mild_master_22,,0.04756918505963115
1175,constant,7.0,2.51780323708011e-18,0.15539912722519283,1.4491641978894961e-09,-1.5920569318324376,-0.0023071519066133663,9,5,hbr,False,S9_D5 hbr,mild_master_22,,
1127,Linear,7.0,8.411442576595428e-18,0.006469603908614178,2.952936080166034e-13,3.8285941821939313,1.130559389691423e-06,9,15,hbr,True,S9_D15 hbr,mild_master_22,,
1128,ShortHbO,7.0,8.411442576595428e-18,0.007755168341152914,0.0019483935965452462,-3.6901401779598366,-7189.845493091281,9,15,hbr,True,S9_D15 hbr,mild_master_22,,
1129,az_itd=0_az=15,7.0,8.411442576595428e-18,1.6096945512904623e-06,2.2079793234287608e-09,-14.703590760236233,-0.032465224378759774,9,15,hbr,True,S9_D15 hbr,mild_master_22,,-0.024090629059973955
1130,az_itd=0_az=5,7.0,8.411442576595428e-18,2.824236734484528e-08,2.1675581034482617e-09,-26.453872516084008,-0.05734030573982515,9,15,hbr,True,S9_D15 hbr,mild_master_22,,-0.036057817598939355
1131,az_itd=15_az=0,7.0,8.411442576595428e-18,3.633445540152459e-08,2.171053862197374e-09,-25.51021735570659,-0.05538405591560127,9,15,hbr,True,S9_D15 hbr,mild_master_22,,-0.022847507328390203
1132,az_itd=5_az=0,7.0,8.411442576595428e-18,1.4257488294032864e-07,2.1624671363537775e-09,-20.93645611457918,-0.04527439829949057,9,15,hbr,True,S9_D15 hbr,mild_master_22,,-0.014615169278218203
1133,constant,7.0,8.411442576595428e-18,0.26458043946722437,2.6487559453086173e-09,1.212693740009104,0.0032121297536876568,9,15,hbr,False,S9_D15 hbr,mild_master_22,,
1141,Linear,7.0,5.751057572653824e-19,0.031253407491020305,7.721339735859135e-14,2.68628538785215,2.0741722107080575e-07,9,16,hbr,True,S9_D16 hbr,mild_master_22,,
1142,ShortHbO,7.0,5.751057572653824e-19,7.953417349118159e-08,0.0005094661208261716,-22.781810968604013,-11606.560859569814,9,16,hbr,True,S9_D16 hbr,mild_master_22,,
1143,az_itd=0_az=15,7.0,5.751057572653824e-19,8.777378790505395e-07,5.773426184351161e-10,-16.070828126104164,-0.00927837399074569,9,16,hbr,True,S9_D16 hbr,mild_master_22,,-0.003417984087534538
1144,az_itd=0_az=5,7.0,5.751057572653824e-19,1.4139997942201566e-06,5.667732744488494e-10,-14.98621211205586,-0.008493784510334905,9,16,hbr,True,S9_D16 hbr,mild_master_22,,-0.002996250723008885
1145,az_itd=15_az=0,7.0,5.751057572653824e-19,6.692049553470439e-07,5.676873457393793e-10,-16.72077912593329,-0.009492174720695487,9,16,hbr,True,S9_D16 hbr,mild_master_22,,0.0024186542544389106
1146,az_itd=5_az=0,7.0,5.751057572653824e-19,3.315848833697997e-05,5.654420879465536e-10,-9.35442619278142,-0.005289386277988256,9,16,hbr,True,S9_D16 hbr,mild_master_22,,0.0023373515564292296
1147,constant,7.0,5.751057572653824e-19,0.4399253256421386,6.925969264446323e-10,0.8187184556870187,0.0005670418860323251,9,16,hbr,False,S9_D16 hbr,mild_master_22,,
1155,Linear,7.0,2.3163602313053435e-18,0.6853413715364194,1.5496080152498807e-13,-0.42249114449498787,-6.546956638815288e-08,9,17,hbr,False,S9_D17 hbr,mild_master_22,,
1156,ShortHbO,7.0,2.3163602313053435e-18,5.876043520891347e-11,0.0010224557024269532,-64.15036343570574,-65590.90490759884,9,17,hbr,True,S9_D17 hbr,mild_master_22,,
1157,az_itd=0_az=15,7.0,2.3163602313053435e-18,0.0018128441664335554,1.158678130580746e-09,4.870679944769075,0.005643550333062164,9,17,hbr,True,S9_D17 hbr,mild_master_22,,0.01913498470559549
1158,az_itd=0_az=5,7.0,2.3163602313053435e-18,0.15305394153729038,1.1374663451687034e-09,-1.6026149948337047,-0.0018229206208860548,9,17,hbr,False,S9_D17 hbr,mild_master_22,,0.018302418664708556
1159,az_itd=15_az=0,7.0,2.3163602313053435e-18,0.08424745186173807,1.1393008094543986e-09,-2.0109513760345097,-0.0022910785304895535,9,17,hbr,False,S9_D17 hbr,mild_master_22,,0.002364801654825737
1160,az_itd=5_az=0,7.0,2.3163602313053435e-18,4.7454002049441536e-06,1.1347947656963357e-09,12.533777633765899,0.014223265253199346,9,17,hbr,True,S9_D17 hbr,mild_master_22,,0.024407840925789674
1161,constant,7.0,2.3163602313053435e-18,0.8956772531816709,1.389983843829164e-09,-0.135963959643775,-0.0001889877072478877,9,17,hbr,False,S9_D17 hbr,mild_master_22,,
63,Linear,7.0,9.946546653141689e-18,0.006097377081136297,3.2111083953899063e-13,-3.8743421604797805,-1.2440932638129692e-06,10,6,hbr,True,S10_D6 hbr,mild_master_22,,
64,ShortHbO,7.0,9.946546653141689e-18,6.035234430026184e-09,0.002118739744288197,-33.030862599115,-69983.80137686749,10,6,hbr,True,S10_D6 hbr,mild_master_22,,
65,az_itd=0_az=15,7.0,9.946546653141689e-18,5.32626703163165e-07,2.4010207975483056e-09,17.287136931019663,0.0415067753014436,10,6,hbr,True,S10_D6 hbr,mild_master_22,,0.03808773549291966
66,az_itd=0_az=5,7.0,9.946546653141689e-18,2.907113272143221e-06,2.357065589813506e-09,13.477213570378636,0.0317666763533071,10,6,hbr,True,S10_D6 hbr,mild_master_22,,0.02246564901899229
67,az_itd=15_az=0,7.0,9.946546653141689e-18,2.9812446289587143e-06,2.3608669793332214e-09,13.427165563516716,0.03169975180494676,10,6,hbr,True,S10_D6 hbr,mild_master_22,,0.03419868930463844
68,az_itd=5_az=0,7.0,9.946546653141689e-18,3.3291693826278386e-08,2.351529524441975e-09,25.833987818499,0.060749385089274736,10,6,hbr,True,S10_D6 hbr,mild_master_22,,0.07266914628727429
69,constant,7.0,9.946546653141689e-18,0.8686582926716363,2.880334088654298e-09,0.17153275935998175,0.00049407165410549,10,6,hbr,False,S10_D6 hbr,mild_master_22,,
7,Linear,7.0,3.0317388888431225e-18,0.027057795835065658,1.7728202399017641e-13,-2.7861488766460587,-4.939341119897697e-07,10,14,hbr,True,S10_D14 hbr,mild_master_22,,
8,ShortHbO,7.0,3.0317388888431225e-18,2.510139149833576e-06,0.0011697346334215908,-13.772526564812557,-16110.201312580137,10,14,hbr,True,S10_D14 hbr,mild_master_22,,
9,az_itd=0_az=15,7.0,3.0317388888431225e-18,7.548547288515345e-08,1.3255791278892226e-09,22.954521849051595,0.030428035053779917,10,14,hbr,True,S10_D14 hbr,mild_master_22,,0.007124527191685811
10,az_itd=0_az=5,7.0,3.0317388888431225e-18,6.075579583669099e-07,1.3013119053833697e-09,16.95835455712387,0.022068108680897612,10,14,hbr,True,S10_D14 hbr,mild_master_22,,0.003225971783098221
11,az_itd=15_az=0,7.0,3.0317388888431225e-18,5.411756866021639e-07,1.3034106138199885e-09,17.24704089176913,0.022479976155319242,10,14,hbr,True,S10_D14 hbr,mild_master_22,,-0.007169866072765771
12,az_itd=5_az=0,7.0,3.0317388888431225e-18,9.64413916862615e-07,1.2982555000766664e-09,15.850874663847312,0.020578485213365652,10,14,hbr,True,S10_D14 hbr,mild_master_22,,0.017793978963328173
13,constant,7.0,3.0317388888431225e-18,0.26057222143583153,1.5902031140949112e-09,-1.2239277986049582,-0.001946293796768934,10,14,hbr,False,S10_D14 hbr,mild_master_22,,
21,Linear,7.0,1.5765701894483015e-18,0.378697925227773,1.2784256018132195e-13,0.9396150969113701,1.2012279957417048e-07,10,15,hbr,False,S10_D15 hbr,mild_master_22,,
22,ShortHbO,7.0,1.5765701894483015e-18,1.5173396538331112e-12,0.0008435252875816825,108.21046748704404,91278.26570635712,10,15,hbr,True,S10_D15 hbr,mild_master_22,,
23,az_itd=0_az=15,7.0,1.5765701894483015e-18,0.0983351879072455,9.55908701954309e-10,-1.9059949656903172,-0.0018219571735844787,10,15,hbr,False,S10_D15 hbr,mild_master_22,,-0.0312760084791108
24,az_itd=0_az=5,7.0,1.5765701894483015e-18,9.944670759487376e-05,9.384089928252551e-10,-7.891455398695867,-0.007405412712615611,10,15,hbr,True,S10_D15 hbr,mild_master_22,,-0.022641708101289036
25,az_itd=15_az=0,7.0,1.5765701894483015e-18,0.020442745348025485,9.399224246643813e-10,-2.9824855895282463,-0.0028033050868359662,10,15,hbr,True,S10_D15 hbr,mild_master_22,,-0.015638148846815053
26,az_itd=5_az=0,7.0,1.5765701894483015e-18,0.0025675249818694966,9.362049415031516e-10,-4.572164437460759,-0.00428048293971574,10,15,hbr,True,S10_D15 hbr,mild_master_22,,-0.008944726893934439
27,constant,7.0,1.5765701894483015e-18,0.9460725958204473,1.1467357645097133e-09,-0.07010269733503088,-8.038927022267969e-05,10,15,hbr,False,S10_D15 hbr,mild_master_22,,
35,Linear,7.0,3.272674847220287e-18,0.0007490164540259289,1.8419177511738272e-13,5.6822068800090015,1.046615771813063e-06,10,16,hbr,True,S10_D16 hbr,mild_master_22,,
36,ShortHbO,7.0,3.272674847220287e-18,0.3382486424836897,0.0012153262564180937,1.0277874229184343,1249.0970410890607,10,16,hbr,False,S10_D16 hbr,mild_master_22,,
37,az_itd=0_az=15,7.0,3.272674847220287e-18,7.295582236495097e-08,1.3772449520206147e-09,-23.06788863557963,-0.03177013317712575,10,16,hbr,True,S10_D16 hbr,mild_master_22,,-0.044884605529692936
38,az_itd=0_az=5,7.0,3.272674847220287e-18,1.104445460106879e-08,1.3520318892976325e-09,-30.282635612936527,-0.040943089040670344,10,16,hbr,True,S10_D16 hbr,mild_master_22,,-0.03849216475856532
39,az_itd=15_az=0,7.0,3.272674847220287e-18,5.441438484054461e-09,1.3542123970766732e-09,-33.526002690691065,-0.04540132846815974,10,16,hbr,True,S10_D16 hbr,mild_master_22,,-0.036364111961897025
40,az_itd=5_az=0,7.0,3.272674847220287e-18,5.032078010749538e-09,1.3488563574176994e-09,-33.90475884907929,-0.0457326495202946,10,16,hbr,True,S10_D16 hbr,mild_master_22,,-0.018437168024362273
41,constant,7.0,3.272674847220287e-18,0.2730905903802909,1.6521829331019029e-09,1.1893095624711687,0.001964956961289756,10,16,hbr,False,S10_D16 hbr,mild_master_22,,
49,Linear,7.0,2.1818451845519355e-18,0.09843297084543949,1.5039408983904596e-13,-1.9053192364114544,-2.865487524129267e-07,10,21,hbr,False,S10_D21 hbr,mild_master_22,,
50,ShortHbO,7.0,2.1818451845519355e-18,1.4823251502365604e-05,0.0009923238215985078,10.570543712198562,10489.402332862954,10,21,hbr,True,S10_D21 hbr,mild_master_22,,
51,az_itd=0_az=15,7.0,2.1818451845519355e-18,1.0738827519399428e-07,1.1245317599689795e-09,21.813542854655037,0.024530021737503984,10,21,hbr,True,S10_D21 hbr,mild_master_22,,-0.004803016187608604
52,az_itd=0_az=5,7.0,2.1818451845519355e-18,2.2515052986381298e-05,1.1039450881815927e-09,9.922805244353,0.010954232110486043,10,21,hbr,True,S10_D21 hbr,mild_master_22,,-0.009750806667575327
53,az_itd=15_az=0,7.0,2.1818451845519355e-18,1.8553091880464891e-06,1.1057254906051362e-09,14.399746277120226,0.015922166516858245,10,21,hbr,True,S10_D21 hbr,mild_master_22,,0.0031789378397823645
54,az_itd=5_az=0,7.0,2.1818451845519355e-18,0.00022133828386467158,1.1013522404470342e-09,6.949267434286357,0.007653591258216893,10,21,hbr,True,S10_D21 hbr,mild_master_22,,0.0002552824333942194
55,constant,7.0,2.1818451845519355e-18,0.3096922674160174,1.3490208686740453e-09,-1.0951564657599735,-0.0014773889267735167,10,21,hbr,False,S10_D21 hbr,mild_master_22,,
133,Linear,7.0,5.326873388057308e-18,0.03612057146305497,2.3499303547820643e-13,-2.5866509353503147,-6.078449550205123e-07,11,3,hbr,True,S11_D3 hbr,mild_master_22,,
134,ShortHbO,7.0,5.326873388057308e-18,4.1910733154391145e-11,0.0015505209497549417,-67.32789090487671,-104393.30535082654,11,3,hbr,True,S11_D3 hbr,mild_master_22,,
135,az_itd=0_az=15,7.0,5.326873388057308e-18,5.5152081137494814e-08,1.757097849054922e-09,24.01925075177732,0.042204173831858746,11,3,hbr,True,S11_D3 hbr,mild_master_22,,0.037069182942574025
136,az_itd=0_az=5,7.0,5.326873388057308e-18,9.218726348056088e-07,1.724930863644199e-09,15.955883432154495,0.027522795788832422,11,3,hbr,True,S11_D3 hbr,mild_master_22,,0.02159939229303443
137,az_itd=15_az=0,7.0,5.326873388057308e-18,0.0004103974373850707,1.7277127693050464e-09,6.284117409789228,0.010857149892705,11,3,hbr,True,S11_D3 hbr,mild_master_22,,0.017034256701741905
138,az_itd=5_az=0,7.0,5.326873388057308e-18,3.232172522641165e-07,1.720879499921537e-09,18.591401741079732,0.03199356213102968,11,3,hbr,True,S11_D3 hbr,mild_master_22,,0.05763366220083402
139,constant,7.0,5.326873388057308e-18,0.41482231355770716,2.1078654699292392e-09,-0.8667039599503183,-0.0018268953498302102,11,3,hbr,False,S11_D3 hbr,mild_master_22,,
147,Linear,7.0,1.3431481942393137e-18,0.3825062576754622,1.1799966390054119e-13,-0.9316907732353769,-1.0993919810100981e-07,11,4,hbr,False,S11_D4 hbr,mild_master_22,,
148,ShortHbO,7.0,1.3431481942393137e-18,2.1969270417181e-06,0.0007785803122612077,-14.045836742738834,-10935.811957131546,11,4,hbr,True,S11_D4 hbr,mild_master_22,,
149,az_itd=0_az=15,7.0,1.3431481942393137e-18,3.106582014767454e-06,8.823110659723076e-10,13.345686136029206,0.011775046560811776,11,4,hbr,True,S11_D4 hbr,mild_master_22,,0.0009509503819367203
150,az_itd=0_az=5,7.0,1.3431481942393137e-18,0.02788928596252268,8.661587001822546e-10,2.7651243550309634,0.0023950365171959147,11,4,hbr,True,S11_D4 hbr,mild_master_22,,-0.0017244064011475815
151,az_itd=15_az=0,7.0,1.3431481942393137e-18,0.0021001480022100737,8.675556093813506e-10,4.743157801178219,0.004114953156593077,11,4,hbr,True,S11_D4 hbr,mild_master_22,,-0.004369030859107749
152,az_itd=5_az=0,7.0,1.3431481942393137e-18,6.880605229790923e-05,8.641243439016944e-10,8.358826493068205,0.007223065459110663,11,4,hbr,True,S11_D4 hbr,mild_master_22,,0.013320752343460602
153,constant,7.0,1.3431481942393137e-18,0.6077859812343416,1.0584459088034284e-09,-0.5371822856665535,-0.0005685783925454381,11,4,hbr,False,S11_D4 hbr,mild_master_22,,
77,Linear,7.0,1.4639029924367435e-18,0.47381935573070166,1.2318985762906502e-13,-0.7568844725639955,-9.324049041680858e-08,11,11,hbr,False,S11_D11 hbr,mild_master_22,,
78,ShortHbO,7.0,1.4639029924367435e-18,3.550380620420242e-09,0.0008128260255138852,-35.646014135054635,-28974.00799480823,11,11,hbr,True,S11_D11 hbr,mild_master_22,,
79,az_itd=0_az=15,7.0,1.4639029924367435e-18,1.0353548979722425e-05,9.211193575372435e-10,11.156582833955158,0.010276544412323814,11,11,hbr,True,S11_D11 hbr,mild_master_22,,0.0031972277332404163
80,az_itd=0_az=5,7.0,1.4639029924367435e-18,0.0006475427673445925,9.042565328793158e-10,5.823928419288988,0.005266325320163575,11,11,hbr,True,S11_D11 hbr,mild_master_22,,-0.0008316785763025998
81,az_itd=15_az=0,7.0,1.4639029924367435e-18,0.06289555774588312,9.057148848751523e-10,2.2089400758939286,0.0020006699065343797,11,11,hbr,False,S11_D11 hbr,mild_master_22,,-0.0011720820848251932
82,az_itd=5_az=0,7.0,1.4639029924367435e-18,0.0009243077972687526,9.021326958082186e-10,5.481693006760571,0.0049452144897819735,11,11,hbr,True,S11_D11 hbr,mild_master_22,,0.015853908028330106
83,constant,7.0,1.4639029924367435e-18,0.7175039576589386,1.1050014593555352e-09,-0.3767727222511869,-0.00041633440793291924,11,11,hbr,False,S11_D11 hbr,mild_master_22,,
91,Linear,7.0,1.5868483253492527e-18,0.9374273870243457,1.2825860527896888e-13,0.08136740345797755,1.043606968269135e-08,11,12,hbr,False,S11_D12 hbr,mild_master_22,,
92,ShortHbO,7.0,1.5868483253492527e-18,6.322139498914012e-08,0.0008462704184687815,-23.550201498628258,-19929.83887726826,11,12,hbr,True,S11_D12 hbr,mild_master_22,,
93,az_itd=0_az=15,7.0,1.5868483253492527e-18,0.007005257126314283,9.590195683878508e-10,3.7675589270645817,0.0036131627361092695,11,12,hbr,True,S11_D12 hbr,mild_master_22,,-0.0062069538446624765
94,az_itd=0_az=5,7.0,1.5868483253492527e-18,0.057203069843165734,9.414629089897857e-10,-2.2732457743452854,-0.0021401765795638506,11,12,hbr,False,S11_D12 hbr,mild_master_22,,-0.01454023846419567
95,az_itd=15_az=0,7.0,1.5868483253492527e-18,0.295400798860705,9.42981266073654e-10,1.1307707834855272,0.00106629566505028,11,12,hbr,False,S11_D12 hbr,mild_master_22,,-0.017979956552708922
96,az_itd=5_az=0,7.0,1.5868483253492527e-18,0.5054362593302406,9.392516849018505e-10,-0.7018420296631966,-0.0006592063088960919,11,12,hbr,False,S11_D12 hbr,mild_master_22,,0.00926621790153259
97,constant,7.0,1.5868483253492527e-18,0.8884720959802521,1.1504676499823132e-09,0.14542785252771503,0.00016731003973953468,11,12,hbr,False,S11_D12 hbr,mild_master_22,,
105,Linear,7.0,1.1713172140175771e-17,0.005197682992110376,3.4846251513964415e-13,-3.998824874992937,-1.3934405735430118e-06,11,13,hbr,True,S11_D13 hbr,mild_master_22,,
106,ShortHbO,7.0,1.1713172140175771e-17,8.479429796984018e-11,0.002299210395017961,-60.87070497687949,-139954.55763491284,11,13,hbr,True,S11_D13 hbr,mild_master_22,,
107,az_itd=0_az=15,7.0,1.1713172140175771e-17,1.954825434704165e-08,2.605535668672703e-09,27.89390108801152,0.07267855422324233,11,13,hbr,True,S11_D13 hbr,mild_master_22,,0.04504138462035843
108,az_itd=0_az=5,7.0,1.1713172140175771e-17,1.6579892264422774e-07,2.5578364310426574e-09,20.483532245305863,0.05239352501348034,11,13,hbr,True,S11_D13 hbr,mild_master_22,,0.013597150176025107
109,az_itd=15_az=0,7.0,1.1713172140175771e-17,3.4265253665892676e-08,2.5619616164613973e-09,25.726839092184125,0.0659111742670543,11,13,hbr,True,S11_D13 hbr,mild_master_22,,0.003452799824128492
110,az_itd=5_az=0,7.0,1.1713172140175771e-17,2.8126372094273648e-08,2.5518288130310364e-09,26.469568595009687,0.06754580780924717,11,13,hbr,True,S11_D13 hbr,mild_master_22,,0.050807411055090144
111,constant,7.0,1.1713172140175771e-17,0.20576316040388704,3.1256760513469353e-09,-1.3947109929893124,-0.004359414749336997,11,13,hbr,False,S11_D13 hbr,mild_master_22,,
119,Linear,7.0,4.029313894837711e-18,0.038667717682575285,2.0437809875079935e-13,-2.539934395785805,-5.191069627624632e-07,11,20,hbr,True,S11_D20 hbr,mild_master_22,,
120,ShortHbO,7.0,4.029313894837711e-18,2.3416368977598514e-11,0.001348518789671057,-73.17382712011575,-98676.28078361765,11,20,hbr,True,S11_D20 hbr,mild_master_22,,
121,az_itd=0_az=15,7.0,4.029313894837711e-18,7.771444295987643e-08,1.528182811793452e-09,22.858166202622396,0.034931456699965543,11,20,hbr,True,S11_D20 hbr,mild_master_22,,0.02144147149598156
122,az_itd=0_az=5,7.0,4.029313894837711e-18,4.517457761379413e-06,1.5002065472739108e-09,12.625706824937847,0.01894116804273266,11,20,hbr,True,S11_D20 hbr,mild_master_22,,0.00393943614068773
123,az_itd=15_az=0,7.0,4.029313894837711e-18,5.209925638922531e-07,1.502626025743607e-09,17.3428972375792,0.026059888750983418,11,20,hbr,True,S11_D20 hbr,mild_master_22,,0.015474418571331337
124,az_itd=5_az=0,7.0,4.029313894837711e-18,1.6578580810811355e-05,1.4966829959767386e-09,10.3935259386457,0.01555581354061419,11,20,hbr,True,S11_D20 hbr,mild_master_22,,0.01988091999897134
125,constant,7.0,4.029313894837711e-18,0.47778448438163834,1.8332523612451961e-09,-0.7498503757997108,-0.0013746649720154176,11,20,hbr,False,S11_D20 hbr,mild_master_22,,
189,Linear,7.0,7.444213934593185e-18,0.2351626511197148,2.777974320453921e-13,1.298783018251183,3.6079858725434225e-07,12,2,hbr,False,S12_D2 hbr,mild_master_22,,
190,ShortHbO,7.0,7.444213934593185e-18,2.1143464645847757e-07,0.001832951080009568,-19.773725817459937,-36244.272092926265,12,2,hbr,True,S12_D2 hbr,mild_master_22,,
191,az_itd=0_az=15,7.0,7.444213934593185e-18,0.001389597907260508,2.0771563264699727e-09,-5.106388686100776,-0.010606767564748917,12,2,hbr,True,S12_D2 hbr,mild_master_22,,-0.0030522042733374375
192,az_itd=0_az=5,7.0,7.444213934593185e-18,0.03603597310647761,2.0391300678382816e-09,-2.5882605706949757,-0.0052777999531043954,12,2,hbr,True,S12_D2 hbr,mild_master_22,,0.01284614685391178
193,az_itd=15_az=0,7.0,7.444213934593185e-18,7.40571879126942e-07,2.042418702529958e-09,-16.475096308375136,-0.03364904482620765,12,2,hbr,True,S12_D2 hbr,mild_master_22,,-0.0020527356060035325
194,az_itd=5_az=0,7.0,7.444213934593185e-18,0.3117698692332535,2.0343407410561196e-09,-1.0900908073118485,-0.0022176161407652497,12,2,hbr,False,S12_D2 hbr,mild_master_22,,0.04424578471060456
195,constant,7.0,7.444213934593185e-18,0.963313442164017,2.491816889176708e-09,0.04766655745980586,0.00011877633292725624,12,2,hbr,False,S12_D2 hbr,mild_master_22,,
203,Linear,7.0,2.8300746446961338e-18,0.37301493352285336,1.7128437575954734e-13,-0.9515527872289566,-1.629861251627692e-07,12,3,hbr,False,S12_D3 hbr,mild_master_22,,
204,ShortHbO,7.0,2.8300746446961338e-18,4.978663284434959e-10,0.0011301612085669913,-47.244075856606834,-53393.42186773339,12,3,hbr,True,S12_D3 hbr,mild_master_22,,
205,az_itd=0_az=15,7.0,2.8300746446961338e-18,1.855047767439011e-05,1.2807333102930505e-09,10.218432158979887,0.013087086444975275,12,3,hbr,True,S12_D3 hbr,mild_master_22,,0.01663922416664456
206,az_itd=0_az=5,7.0,2.8300746446961338e-18,2.4943429106552013e-05,1.2572870749400325e-09,9.769547859456544,0.012283126251702775,12,3,hbr,True,S12_D3 hbr,mild_master_22,,0.014552371944078374
207,az_itd=15_az=0,7.0,2.8300746446961338e-18,0.8317836601839552,1.2593147817338554e-09,0.22048829484370022,0.0002776641688959643,12,3,hbr,False,S12_D3 hbr,mild_master_22,,0.011745351592647413
208,az_itd=5_az=0,7.0,2.8300746446961338e-18,6.21646096783035e-06,1.2543340712273953e-09,12.040403818459847,0.015102688740830615,12,3,hbr,True,S12_D3 hbr,mild_master_22,,0.037910891090973634
209,constant,7.0,2.8300746446961338e-18,0.53272966162538,1.5364047724530047e-09,-0.6560924298114199,-0.0010080235403325535,12,3,hbr,False,S12_D3 hbr,mild_master_22,,
217,Linear,7.0,1.0967928258882241e-17,0.014748007606617267,3.3719498321460116e-13,-3.2153594797310228,-1.084203085796811e-06,12,4,hbr,True,S12_D4 hbr,mild_master_22,,
218,ShortHbO,7.0,1.0967928258882241e-17,9.049798761319787e-11,0.002224865450001784,-60.30628704314287,-134173.37446017883,12,4,hbr,True,S12_D4 hbr,mild_master_22,,
219,az_itd=0_az=15,7.0,1.0967928258882241e-17,3.497456162603815e-08,2.5212856990114244e-09,25.65093889974055,0.06467334541413168,12,4,hbr,True,S12_D4 hbr,mild_master_22,,0.07414715547922289
220,az_itd=0_az=5,7.0,1.0967928258882241e-17,1.4110358244901646e-07,2.4751288157507757e-09,20.9679440392199,0.05189836249852289,12,4,hbr,True,S12_D4 hbr,mild_master_22,,0.056154030596955284
221,az_itd=15_az=0,7.0,1.0967928258882241e-17,3.644772072710857e-05,2.479120613340458e-09,9.219957517661163,0.02285738673615711,12,4,hbr,True,S12_D4 hbr,mild_master_22,,0.04517470300560632
222,az_itd=5_az=0,7.0,1.0967928258882241e-17,1.017685804623417e-07,2.4693154540071848e-09,21.983870411006777,0.05428511094479032,12,4,hbr,True,S12_D4 hbr,mild_master_22,,0.07801826101858553
223,constant,7.0,1.0967928258882241e-17,0.3027358868486679,3.02460734763922e-09,-1.1123206279889983,-0.0033643331443461958,12,4,hbr,False,S12_D4 hbr,mild_master_22,,
161,Linear,7.0,1.0617241871315185e-17,0.8517004789882774,3.317604867923536e-13,0.19398024746473227,6.43549813270008e-08,12,10,hbr,False,S12_D10 hbr,mild_master_22,,
162,ShortHbO,7.0,1.0617241871315185e-17,1.4751836682607666e-09,0.0021890077892123237,-40.43305534589608,-88508.27309381949,12,10,hbr,True,S12_D10 hbr,mild_master_22,,
163,az_itd=0_az=15,7.0,1.0617241871315185e-17,0.5298703877893045,2.4806506991068703e-09,0.660814912599904,0.0016392509749211972,12,10,hbr,False,S12_D10 hbr,mild_master_22,,0.07521313982198882
164,az_itd=0_az=5,7.0,1.0617241871315185e-17,0.002584119387480315,2.4352377160506395e-09,4.566741279182576,0.011121100602510753,12,10,hbr,True,S12_D10 hbr,mild_master_22,,0.06470721296009971
165,az_itd=15_az=0,7.0,1.0617241871315185e-17,0.0001201627653155031,2.4391651787278847e-09,-7.659862439700605,-0.018683669736763338,12,10,hbr,True,S12_D10 hbr,mild_master_22,,0.02706833670454394
166,az_itd=5_az=0,7.0,1.0617241871315185e-17,0.9977542488558651,2.429518046963136e-09,-0.0029166294188287065,-7.086003809347945e-06,12,10,hbr,False,S12_D10 hbr,mild_master_22,,0.050917478878028104
167,constant,7.0,1.0617241871315185e-17,0.854237028509594,2.9758604248566002e-09,0.19061578855833106,0.0005672459815235709,12,10,hbr,False,S12_D10 hbr,mild_master_22,,
175,Linear,7.0,8.518620980111342e-19,0.08874129637081478,9.397307796060678e-14,1.9757093152154628,1.856634855062397e-07,12,11,hbr,False,S12_D11 hbr,mild_master_22,,
176,ShortHbO,7.0,8.518620980111342e-19,1.246528297139808e-07,0.0006200491252617922,21.347816131821244,13236.694718785338,12,11,hbr,True,S12_D11 hbr,mild_master_22,,
177,az_itd=0_az=15,7.0,8.518620980111342e-19,7.582966776070171e-06,7.026586673840641e-10,-11.688812399084103,-0.008213245343642761,12,11,hbr,True,S12_D11 hbr,mild_master_22,,-0.007394789847019746
178,az_itd=0_az=5,7.0,8.518620980111342e-19,0.0014997798674974885,6.897951771039876e-10,-5.038038624360978,-0.003475214745147811,12,11,hbr,True,S12_D11 hbr,mild_master_22,,-0.0014193160366214508
179,az_itd=15_az=0,7.0,8.518620980111342e-19,8.129454874181424e-06,6.909076536376597e-10,-11.567917010053813,-0.007992362398891454,12,11,hbr,True,S12_D11 hbr,mild_master_22,,-0.0010013264398689341
180,az_itd=5_az=0,7.0,8.518620980111342e-19,0.0027345353622283933,6.881750477321459e-10,-4.519270372406968,-0.003110049104245638,12,11,hbr,True,S12_D11 hbr,mild_master_22,,0.0024715970735918534
181,constant,7.0,8.518620980111342e-19,0.889391968619075,8.429296882481517e-10,0.14421880354011954,0.0001215663111075944,12,11,hbr,False,S12_D11 hbr,mild_master_22,,
231,Linear,7.0,7.57562695347083e-18,0.982617051938619,2.8023869009435316e-13,0.022577950563131697,6.32721529082709e-09,13,1,hbr,False,S13_D1 hbr,mild_master_22,,
232,ShortHbO,7.0,7.57562695347083e-18,3.8653702220065943e-08,0.0018490588839747753,-25.28356097360028,-46750.793036753515,13,1,hbr,True,S13_D1 hbr,mild_master_22,,
233,az_itd=0_az=15,7.0,7.57562695347083e-18,2.8774473607071125e-06,2.0954101834750894e-09,13.497650187720527,0.028283113656334045,13,1,hbr,True,S13_D1 hbr,mild_master_22,,-0.010657181694640727
234,az_itd=0_az=5,7.0,7.57562695347083e-18,0.0016265880715589248,2.057049753611962e-09,4.965961153151129,0.010215229166536105,13,1,hbr,True,S13_D1 hbr,mild_master_22,,-0.00502200524435645
235,az_itd=15_az=0,7.0,7.57562695347083e-18,0.014105025787464396,2.060367288520073e-09,-3.2475476884036283,-0.006691141025095815,13,1,hbr,True,S13_D1 hbr,mild_master_22,,-0.04491568464144186
236,az_itd=5_az=0,7.0,7.57562695347083e-18,0.0011458003888390478,2.052218338670561e-09,-5.281805229091328,-0.010839417552427287,13,1,hbr,True,S13_D1 hbr,mild_master_22,,0.002270986291576498
237,constant,7.0,7.57562695347083e-18,0.7486662196516303,2.5137147447200444e-09,-0.3333033588935608,-0.0008378295677154605,13,1,hbr,False,S13_D1 hbr,mild_master_22,,
273,Linear,7.0,1.8522771332492475e-18,0.0013793222874824557,1.3857081992018673e-13,5.113068043688147,7.085220311215716e-07,13,2,hbr,True,S13_D2 hbr,mild_master_22,,
274,ShortHbO,7.0,1.8522771332492475e-18,1.7967502771854297e-09,0.0009143120300299072,39.3055750592714,35937.56012393532,13,2,hbr,True,S13_D2 hbr,mild_master_22,,
275,az_itd=0_az=15,7.0,1.8522771332492475e-18,7.153522587971331e-08,1.0361264074403512e-09,-23.133537835982462,-0.023969269449381946,13,2,hbr,True,S13_D2 hbr,mild_master_22,,-0.034470827315893654
276,az_itd=0_az=5,7.0,1.8522771332492475e-18,9.07807244321155e-08,1.0171581621319154e-09,-22.35025037245682,-0.02273373959203634,13,2,hbr,True,S13_D2 hbr,mild_master_22,,-0.023667533973719054
277,az_itd=15_az=0,7.0,1.8522771332492475e-18,7.984305301688989e-09,1.0187985977626131e-09,-31.728795029331096,-0.03232525188457989,13,2,hbr,True,S13_D2 hbr,mild_master_22,,-0.034008782531923486
278,az_itd=5_az=0,7.0,1.8522771332492475e-18,5.931542982316663e-08,1.0147691517865589e-09,-23.768139524540832,-0.024119174784862883,13,2,hbr,True,S13_D2 hbr,mild_master_22,,-0.014510238460896349
279,constant,7.0,1.8522771332492475e-18,0.532283009363645,1.2429672473277747e-09,0.6568290972785963,0.0008164170550091639,13,2,hbr,False,S13_D2 hbr,mild_master_22,,
287,Linear,7.0,7.860348351998687e-18,0.21348929493925542,2.8545634497127905e-13,1.3683883495609712,3.906151367669558e-07,13,3,hbr,False,S13_D3 hbr,mild_master_22,,
288,ShortHbO,7.0,7.860348351998687e-18,1.6557340742376156e-10,0.001883485790196917,-55.311291010910814,-104178.030656497,13,3,hbr,True,S13_D3 hbr,mild_master_22,,
289,az_itd=0_az=15,7.0,7.860348351998687e-18,0.555174584694931,2.134423808464872e-09,-0.6195512112253939,-0.0013223848558027295,13,3,hbr,False,S13_D3 hbr,mild_master_22,,0.02458340279012372
290,az_itd=0_az=5,7.0,7.860348351998687e-18,0.0011996727153037819,2.095349160718807e-09,-5.239681412981856,-0.010978962051125463,13,3,hbr,True,S13_D3 hbr,mild_master_22,,0.018498687621566867
291,az_itd=15_az=0,7.0,7.860348351998687e-18,6.178845459021691e-06,2.098728463515524e-09,-12.051294069205388,-0.025292393885237168,13,3,hbr,True,S13_D3 hbr,mild_master_22,,0.013539318295389367
292,az_itd=5_az=0,7.0,7.860348351998687e-18,0.004124883389055374,2.0904277915468787e-09,-4.182403309474948,-0.00874301211358407,13,3,hbr,True,S13_D3 hbr,mild_master_22,,0.049027084528622505
293,constant,7.0,7.860348351998687e-18,0.9828334478201092,2.5605166191955966e-09,0.022296829851380737,5.7091403389836867e-05,13,3,hbr,False,S13_D3 hbr,mild_master_22,,
301,Linear,7.0,1.5426724603220256e-18,0.07976954029026212,1.2646072500999176e-13,2.0479657498085033,2.5898723351641475e-07,13,9,hbr,False,S13_D9 hbr,mild_master_22,,
302,ShortHbO,7.0,1.5426724603220256e-18,2.6885342059570207e-09,0.0008344077221274739,-37.09739942666457,-30954.356552456244,13,9,hbr,True,S13_D9 hbr,mild_master_22,,
303,az_itd=0_az=15,7.0,1.5426724603220256e-18,0.22490044523814837,9.455763974145095e-10,1.3310084522205616,0.0012585701771789808,13,9,hbr,False,S13_D9 hbr,mild_master_22,,0.0011286701774403936
304,az_itd=0_az=5,7.0,1.5426724603220256e-18,0.0001952605774444448,9.282658405797172e-10,-7.090654310914118,-0.00658201218418089,13,9,hbr,True,S13_D9 hbr,mild_master_22,,0.003555841607385387
305,az_itd=15_az=0,7.0,1.5426724603220256e-18,1.7622133436817624e-05,9.297629139123982e-10,-10.298090810700598,-0.00957478291989148,13,9,hbr,True,S13_D9 hbr,mild_master_22,,-0.00978038201471134
306,az_itd=5_az=0,7.0,1.5426724603220256e-18,7.176345188110448e-07,9.260856125886859e-10,-16.55100561690352,-0.015327648175688878,13,9,hbr,True,S13_D9 hbr,mild_master_22,,-0.007032529729412524
307,constant,7.0,1.5426724603220256e-18,0.967073852345945,1.1343408327328912e-09,0.042777084319506754,4.8523793448874396e-05,13,9,hbr,False,S13_D9 hbr,mild_master_22,,
245,Linear,7.0,2.4454764326342417e-18,0.16434962033759123,1.5922107249295248e-13,1.553073559849785,2.4728203785973035e-07,13,10,hbr,False,S13_D10 hbr,mild_master_22,,
246,ShortHbO,7.0,2.4454764326342417e-18,5.656527260117409e-10,0.0010505656392768654,-46.38796153841925,-48733.59846836006,13,10,hbr,True,S13_D10 hbr,mild_master_22,,
247,az_itd=0_az=15,7.0,2.4454764326342417e-18,0.011538439524807926,1.1905331723225921e-09,-3.393868797306108,-0.004040513385703502,13,10,hbr,True,S13_D10 hbr,mild_master_22,,0.011684746649936852
248,az_itd=0_az=5,7.0,2.4454764326342417e-18,0.01942808929121786,1.1687382203763016e-09,-3.018475808133668,-0.0035278080442470616,13,10,hbr,True,S13_D10 hbr,mild_master_22,,0.01750291807048296
249,az_itd=15_az=0,7.0,2.4454764326342417e-18,1.2358179091115178e-06,1.170623118803155e-09,-15.28532430540189,-0.017893354010307227,13,10,hbr,True,S13_D10 hbr,mild_master_22,,-0.000500886103038505
250,az_itd=5_az=0,7.0,2.4454764326342417e-18,8.976872574174239e-05,1.1659931923133694e-09,-8.019139505497495,-0.009350262071621278,13,10,hbr,True,S13_D10 hbr,mild_master_22,,0.012199923683665612
251,constant,7.0,2.4454764326342417e-18,0.7897565064131925,1.4281980745089793e-09,0.2770338375943567,0.0003956591934260935,13,10,hbr,False,S13_D10 hbr,mild_master_22,,
259,Linear,7.0,6.3222207486081324e-18,0.09716935565248798,2.5600805605603344e-13,1.9141023256990244,4.900256154945398e-07,13,11,hbr,False,S13_D11 hbr,mild_master_22,,
260,ShortHbO,7.0,6.3222207486081324e-18,9.930959178034707e-10,0.0016891813555799213,-42.79327865831073,-72285.60845375463,13,11,hbr,True,S13_D11 hbr,mild_master_22,,
261,az_itd=0_az=15,7.0,6.3222207486081324e-18,0.0005553015318379598,1.914232069564913e-09,-5.976198894769564,-0.01143983157846629,13,11,hbr,True,S13_D11 hbr,mild_master_22,,0.03315696143029138
262,az_itd=0_az=5,7.0,6.3222207486081324e-18,0.00016164779696558294,1.879188446304233e-09,-7.307987191813793,-0.013733085096595796,13,11,hbr,True,S13_D11 hbr,mild_master_22,,0.021716918261728516
263,az_itd=15_az=0,7.0,6.3222207486081324e-18,2.2137916992398996e-06,1.8822191329750765e-09,-14.030018315510183,-0.02640756890944402,13,11,hbr,True,S13_D11 hbr,mild_master_22,,0.021625691675407323
264,az_itd=5_az=0,7.0,6.3222207486081324e-18,3.153163150092871e-05,1.8747747761335236e-09,-9.426641993340779,-0.01767283063275633,13,11,hbr,True,S13_D11 hbr,mild_master_22,,0.02313912429464332
265,constant,7.0,6.3222207486081324e-18,0.7584809070697145,2.296368231875825e-09,0.31976208054430794,0.0007342914835204675,13,11,hbr,False,S13_D11 hbr,mild_master_22,,
315,Linear,7.0,4.261917729264269e-18,0.0010354266947570961,2.1019449372369726e-13,-5.375447466305066,-1.1298894587183247e-06,14,1,hbr,True,S14_D1 hbr,mild_master_22,,
316,ShortHbO,7.0,4.261917729264269e-18,1.2118719471465617e-06,0.001386896277068397,-15.329245243386852,-21260.07315832166,14,1,hbr,True,S14_D1 hbr,mild_master_22,,
317,az_itd=0_az=15,7.0,4.261917729264269e-18,1.5413865381965185e-09,1.571673356418893e-09,40.179311871699845,0.06314875394799596,14,1,hbr,True,S14_D1 hbr,mild_master_22,,0.030518832951392797
318,az_itd=0_az=5,7.0,4.261917729264269e-18,4.907415842891634e-09,1.5429009155707407e-09,34.027136788862826,0.05250050050578729,14,1,hbr,True,S14_D1 hbr,mild_master_22,,0.029611504369922607
319,az_itd=15_az=0,7.0,4.261917729264269e-18,9.65554669541654e-09,1.5453892499623494e-09,30.87360405322003,0.04771173581144025,14,1,hbr,True,S14_D1 hbr,mild_master_22,,0.016235950868241526
320,az_itd=5_az=0,7.0,4.261917729264269e-18,1.1847982955977967e-07,1.539277087550295e-09,21.505384201532554,0.03310274516038516,14,1,hbr,True,S14_D1 hbr,mild_master_22,,0.026489195100732464
321,constant,7.0,4.261917729264269e-18,0.14729214189305595,1.8854248781791225e-09,-1.6292082641508796,-0.003071749792965092,14,1,hbr,False,S14_D1 hbr,mild_master_22,,
343,Linear,7.0,4.469257228702128e-18,0.6035208279265101,2.1524668897701406e-13,0.543705588282705,1.1703082765615187e-07,14,2,hbr,False,S14_D2 hbr,mild_master_22,,
344,ShortHbO,7.0,4.469257228702128e-18,1.3031689513971999e-05,0.0014202314547113388,-10.777629615787758,-15306.728587570255,14,2,hbr,True,S14_D2 hbr,mild_master_22,,
345,az_itd=0_az=15,7.0,4.469257228702128e-18,9.274177615517892e-05,1.6094498011315777e-09,7.9783227544405415,0.012840709970497872,14,2,hbr,True,S14_D2 hbr,mild_master_22,,-0.012125860403173715
346,az_itd=0_az=5,7.0,4.469257228702128e-18,0.04186399412527254,1.5799857913155415e-09,2.4856227922684693,0.003927248694354244,14,2,hbr,True,S14_D2 hbr,mild_master_22,,-0.014801642068814569
347,az_itd=15_az=0,7.0,4.469257228702128e-18,0.008373112268655003,1.582533934843818e-09,-3.6322206333554528,-0.005748112411124909,14,2,hbr,True,S14_D2 hbr,mild_master_22,,-0.031604946669368326
348,az_itd=5_az=0,7.0,4.469257228702128e-18,0.0001007741016257322,1.5762748616474771e-09,-7.8750426734931604,-0.01241323180062841,14,2,hbr,True,S14_D2 hbr,mild_master_22,,-0.006710494027594772
349,constant,7.0,4.469257228702128e-18,0.7533157357299668,1.930742595362254e-09,-0.3268800377517762,-0.000631121212460976,14,2,hbr,False,S14_D2 hbr,mild_master_22,,
357,Linear,7.0,2.620685284817085e-18,0.7240997630312349,1.6482619728157413e-13,0.36750824200022303,6.057498599853324e-08,14,9,hbr,False,S14_D9 hbr,mild_master_22,,
358,ShortHbO,7.0,2.620685284817085e-18,5.636408925539276e-09,0.0010875491328219524,-33.35688749849396,-36277.25407262653,14,9,hbr,True,S14_D9 hbr,mild_master_22,,
359,az_itd=0_az=15,7.0,2.620685284817085e-18,0.02173054853287972,1.2324440004019415e-09,2.9394400565483716,0.003622695262234184,14,9,hbr,True,S14_D9 hbr,mild_master_22,,-0.0032804664540116465
360,az_itd=0_az=5,7.0,2.620685284817085e-18,0.0008178288314776673,1.2098817918136233e-09,5.59780321342044,0.006772680182073182,14,9,hbr,True,S14_D9 hbr,mild_master_22,,0.011372545272635806
361,az_itd=15_az=0,7.0,2.620685284817085e-18,0.11198067093276656,1.2118330450937065e-09,-1.8174833532196428,-0.00220248638633928,14,9,hbr,False,S14_D9 hbr,mild_master_22,,-0.0013366284873442453
362,az_itd=5_az=0,7.0,2.620685284817085e-18,0.0003115322690030536,1.2070401294007266e-09,-6.574794666175864,-0.007936041004644121,14,9,hbr,True,S14_D9 hbr,mild_master_22,,-0.015918562136119894
363,constant,7.0,2.620685284817085e-18,0.7732512011762327,1.478475517721443e-09,-0.29950641268835887,-0.00044281289856031356,14,9,hbr,False,S14_D9 hbr,mild_master_22,,
329,Linear,7.0,3.639636385393663e-18,0.3298232985741998,1.9424408510336865e-13,1.0471773834309657,2.034080127854874e-07,14,10,hbr,False,S14_D10 hbr,mild_master_22,,
330,ShortHbO,7.0,3.639636385393663e-18,1.7665285586685142e-10,0.0012816529762503818,-54.80080843306803,-70235.61922916866,14,10,hbr,True,S14_D10 hbr,mild_master_22,,
331,az_itd=0_az=15,7.0,3.639636385393663e-18,0.00879429369767992,1.4524084232207954e-09,3.5953386788161477,0.005221900181444099,14,10,hbr,True,S14_D10 hbr,mild_master_22,,0.0073593921583198834
332,az_itd=0_az=5,7.0,3.639636385393663e-18,0.12776016312484054,1.42581935159608e-09,1.7272537639414018,0.0024627518417448184,14,10,hbr,False,S14_D10 hbr,mild_master_22,,0.00938907866589144
333,az_itd=15_az=0,7.0,3.639636385393663e-18,0.9810112579515599,1.428118861106375e-09,0.024664109039122986,3.522327931115577e-05,14,10,hbr,False,S14_D10 hbr,mild_master_22,,0.005707934226782834
334,az_itd=5_az=0,7.0,3.639636385393663e-18,1.6275348066586975e-07,1.4224705143076557e-09,-20.538656826839823,-0.02921563373966329,14,10,hbr,True,S14_D10 hbr,mild_master_22,,-0.022499741563689776
335,constant,7.0,3.639636385393663e-18,0.7629215607101487,1.7423512100866464e-09,0.3136571275579803,0.0005465008757529486,14,10,hbr,False,S14_D10 hbr,mild_master_22,,
371,Linear,7.0,4.102734818375084e-18,0.5413946229175166,2.062317502588388e-13,-0.6418761131236567,-1.3237523425883214e-07,15,17,hbr,False,S15_D17 hbr,mild_master_22,,
372,ShortHbO,7.0,4.102734818375084e-18,3.251811027393031e-09,0.0013607494734056247,-36.09834249967155,-49120.80054724395,15,17,hbr,True,S15_D17 hbr,mild_master_22,,
373,az_itd=0_az=15,7.0,4.102734818375084e-18,0.003429029701256147,1.5420429973561665e-09,4.332099516976504,0.006680283724003648,15,17,hbr,True,S15_D17 hbr,mild_master_22,,0.03213671864795709
374,az_itd=0_az=5,7.0,4.102734818375084e-18,0.0007799904714532985,1.513812996035897e-09,5.643187038831415,0.008542729878444327,15,17,hbr,True,S15_D17 hbr,mild_master_22,,0.0055957027380920754
375,az_itd=15_az=0,7.0,4.102734818375084e-18,0.00013901779148754498,1.5162544184904988e-09,7.485265698386839,0.011349567188754413,15,17,hbr,True,S15_D17 hbr,mild_master_22,,0.02347889001686232
376,az_itd=5_az=0,7.0,4.102734818375084e-18,0.013584738127646972,1.5102574871257735e-09,3.2747656512530545,0.004945739343387235,15,17,hbr,True,S15_D17 hbr,mild_master_22,,0.01790013953756608
377,constant,7.0,4.102734818375084e-18,0.6354013930684801,1.8498794412738761e-09,-0.4955307582082052,-0.0009166721621282147,15,17,hbr,False,S15_D17 hbr,mild_master_22,,
385,Linear,7.0,5.187783228853259e-18,0.9852062277492141,2.319047875173128e-13,0.019214468986644223,4.455927347605725e-09,15,18,hbr,False,S15_D18 hbr,mild_master_22,,
386,ShortHbO,7.0,5.187783228853259e-18,3.764839900722824e-09,0.001530144204752013,-35.347134665247,-54086.21326261668,15,18,hbr,True,S15_D18 hbr,mild_master_22,,
387,az_itd=0_az=15,7.0,5.187783228853259e-18,0.007893454920375784,1.7340062972632191e-09,-3.6767542130848847,-0.006375514958978262,15,18,hbr,True,S15_D18 hbr,mild_master_22,,0.014706334021342951
388,az_itd=0_az=5,7.0,5.187783228853259e-18,0.11022075514851608,1.7022620461982211e-09,-1.8282933504449619,-0.0031122343797790426,15,18,hbr,False,S15_D18 hbr,mild_master_22,,0.01812129560079417
389,az_itd=15_az=0,7.0,5.187783228853259e-18,0.0037484094592461193,1.7050073924160747e-09,4.259606589185129,0.007262660723344867,15,18,hbr,True,S15_D18 hbr,mild_master_22,,0.018670877757864586
390,az_itd=5_az=0,7.0,5.187783228853259e-18,0.0003977255951636066,1.6982639249715755e-09,6.316703307666512,0.010727429352158663,15,18,hbr,True,S15_D18 hbr,mild_master_22,,0.021279623607430225
391,constant,7.0,5.187783228853259e-18,0.7767664733891059,2.080164175607473e-09,-0.29470634149645736,-0.0006130375739052725,15,18,hbr,False,S15_D18 hbr,mild_master_22,,
399,Linear,7.0,6.5954182936698324e-18,0.19596555754889416,2.614809031198738e-13,-1.4293855938316418,-3.737570359816348e-07,15,22,hbr,False,S15_D22 hbr,mild_master_22,,
400,ShortHbO,7.0,6.5954182936698324e-18,9.843819976245332e-10,0.0017252920599249287,-42.84737369040426,-73924.23361669076,15,22,hbr,True,S15_D22 hbr,mild_master_22,,
401,az_itd=0_az=15,7.0,6.5954182936698324e-18,0.0020575825802175846,1.9551538261800035e-09,4.76078727246932,0.009308071451397453,15,22,hbr,True,S15_D22 hbr,mild_master_22,,0.050736156871805334
402,az_itd=0_az=5,7.0,6.5954182936698324e-18,0.003549922138801817,1.9193610530932467e-09,4.3038186409831365,0.008260581879079737,15,22,hbr,True,S15_D22 hbr,mild_master_22,,0.02063574670012751
403,az_itd=15_az=0,7.0,6.5954182936698324e-18,8.374228401540165e-07,1.922456528680906e-09,16.181733085318502,0.031108678415242372,15,22,hbr,True,S15_D22 hbr,mild_master_22,,0.04403514180161004
404,az_itd=5_az=0,7.0,6.5954182936698324e-18,3.805819938384224e-06,1.914853029087714e-09,12.950722831037666,0.02479873084188789,15,22,hbr,True,S15_D22 hbr,mild_master_22,,0.043561999126467146
405,constant,7.0,6.5954182936698324e-18,0.5076139950755707,2.3454591563136368e-09,-0.6981347484456613,-0.0016374465380825938,15,22,hbr,False,S15_D22 hbr,mild_master_22,,
413,Linear,7.0,8.744082400581033e-19,0.02958994135461433,9.520854425533232e-14,-2.724096349716737,-2.593572478677952e-07,16,16,hbr,True,S16_D16 hbr,mild_master_22,,
414,ShortHbO,7.0,8.744082400581033e-19,0.00703513376942754,0.0006282009258834141,-3.7643054622240517,-2364.7401766771422,16,16,hbr,True,S16_D16 hbr,mild_master_22,,
415,az_itd=0_az=15,7.0,8.744082400581033e-19,7.161448863622204e-05,7.118965376240247e-10,8.306973974668491,0.005913706010699382,16,16,hbr,True,S16_D16 hbr,mild_master_22,,0.010238297952185924
416,az_itd=0_az=5,7.0,8.744082400581033e-19,2.3293071827957255e-06,6.988639307307813e-10,13.925228876891007,0.009731840189229832,16,16,hbr,True,S16_D16 hbr,mild_master_22,,0.01470138210633001
417,az_itd=15_az=0,7.0,8.744082400581033e-19,7.60483434037262e-07,6.999910330199448e-10,16.411341854186897,0.011487792137755743,16,16,hbr,True,S16_D16 hbr,mild_master_22,,0.009045115931287477
418,az_itd=5_az=0,7.0,8.744082400581033e-19,3.542243849428512e-08,6.972225014794907e-10,25.603912862449675,0.01785162417362007,16,16,hbr,True,S16_D16 hbr,mild_master_22,,0.020313348612974656
419,constant,7.0,8.744082400581033e-19,0.6405160820102379,8.540117049411738e-10,-0.4879216880970128,-0.0004166908327295056,16,16,hbr,False,S16_D16 hbr,mild_master_22,,
427,Linear,7.0,4.732137183078141e-16,0.3258734663200553,2.214866054613852e-12,-1.056402832039431,-2.339790772682074e-06,16,18,hbr,False,S16_D18 hbr,mild_master_22,,
428,ShortHbO,7.0,4.732137183078141e-16,1.9722011642980452e-05,0.014614034035482478,-10.1241292929257,-147954.37006644133,16,18,hbr,True,S16_D18 hbr,mild_master_22,,
429,az_itd=0_az=15,7.0,4.732137183078141e-16,0.2246202883071329,1.6561071150841342e-08,1.3319060396316764,0.0220577906885755,16,18,hbr,False,S16_D18 hbr,mild_master_22,,0.05093571106678019
430,az_itd=0_az=5,7.0,4.732137183078141e-16,0.4825527794294032,1.6257889552627224e-08,-0.7414430956882401,-0.012054299959257426,16,18,hbr,False,S16_D18 hbr,mild_master_22,,0.10584646758451582
431,az_itd=15_az=0,7.0,4.732137183078141e-16,0.0037965112163668383,1.6284109684652884e-08,4.249279013429698,0.0691957255353828,16,18,hbr,True,S16_D18 hbr,mild_master_22,,0.04333012288568262
432,az_itd=5_az=0,7.0,4.732137183078141e-16,0.03561858174819295,1.6219704472095124e-08,2.5962600258012896,0.042110570351210984,16,18,hbr,True,S16_D18 hbr,mild_master_22,,-0.12740607823993505
433,constant,7.0,4.732137183078141e-16,0.6356787687505198,1.986714060499007e-08,0.4951172999808096,0.009836565014681792,16,18,hbr,False,S16_D18 hbr,mild_master_22,,
441,Linear,7.0,9.886863680166378e-19,0.028259238640355958,1.0123905370817528e-13,-2.7559803577545243,-2.7901284345738646e-07,16,22,hbr,True,S16_D22 hbr,mild_master_22,,
442,ShortHbO,7.0,9.886863680166378e-19,3.41615229330262e-08,0.0006679911742424784,-25.738089107012993,-17192.816365351147,16,22,hbr,True,S16_D22 hbr,mild_master_22,,
443,az_itd=0_az=15,7.0,9.886863680166378e-19,0.00014196721456758034,7.569880662590443e-10,7.46038381448604,0.0056474215172780595,16,22,hbr,True,S16_D22 hbr,mild_master_22,,0.017005585295174153
444,az_itd=0_az=5,7.0,9.886863680166378e-19,4.4332271115406583e-07,7.431299740096326e-10,17.755772471503338,0.013194846735269227,16,22,hbr,True,S16_D22 hbr,mild_master_22,,0.014252593526264117
445,az_itd=15_az=0,7.0,9.886863680166378e-19,3.710539389647767e-08,7.443284669608662e-10,25.433085500876903,0.01893056954095234,16,22,hbr,True,S16_D22 hbr,mild_master_22,,0.027588652023287783
446,az_itd=5_az=0,7.0,9.886863680166378e-19,3.2412075373145567e-07,7.413845766250876e-10,18.58385617797305,0.01377778434456807,16,22,hbr,True,S16_D22 hbr,mild_master_22,,0.014954413807274976
447,constant,7.0,9.886863680166378e-19,0.30765719355715343,9.081048086617238e-10,-1.1001451569778316,-0.000999047107277476,16,22,hbr,False,S16_D22 hbr,mild_master_22,,
455,Linear,7.0,2.2219145865922762e-18,0.06613666543593591,1.517687943327263e-13,-2.17490164768109,-3.3008220086081887e-07,16,23,hbr,False,S16_D23 hbr,mild_master_22,,
456,ShortHbO,7.0,2.2219145865922762e-18,0.4911508386724296,0.0010013943377218308,0.7264219055026178,727.4347829674243,16,23,hbr,False,S16_D23 hbr,mild_master_22,,
457,az_itd=0_az=15,7.0,2.2219145865922762e-18,6.193574213027265e-07,1.1348107467654026e-09,16.9108134872324,0.019190572881856643,16,23,hbr,True,S16_D23 hbr,mild_master_22,,0.02648327645345835
458,az_itd=0_az=5,7.0,2.2219145865922762e-18,7.671856097753194e-08,1.1140358987654645e-09,22.900821957675262,0.025512337772086644,16,23,hbr,True,S16_D23 hbr,mild_master_22,,0.033967046310720145
459,az_itd=15_az=0,7.0,2.2219145865922762e-18,9.889039342608886e-05,1.1158325752807282e-09,7.898407714286116,0.008813300620449048,16,23,hbr,True,S16_D23 hbr,mild_master_22,,0.013408006709404336
460,az_itd=5_az=0,7.0,2.2219145865922762e-18,5.2929781265529295e-05,1.1114193506352593e-09,8.70563738632931,0.009675613850780158,16,23,hbr,True,S16_D23 hbr,mild_master_22,,0.014758401468126717
461,constant,7.0,2.2219145865922762e-18,0.3760090724385982,1.3613518389416902e-09,-0.9452462844676035,-0.001286812767612772,16,23,hbr,False,S16_D23 hbr,mild_master_22,,
469,Linear,7.0,1.6142373797807086e-18,0.9883555334518017,1.293607437667497e-13,-0.015123678502859077,-1.9564102996190535e-09,17,15,hbr,False,S17_D15 hbr,mild_master_22,,
470,ShortHbO,7.0,1.6142373797807086e-18,9.226480963658905e-12,0.0008535425012833118,83.5984190434858,71354.80369370732,17,15,hbr,True,S17_D15 hbr,mild_master_22,,
471,az_itd=0_az=15,7.0,1.6142373797807086e-18,0.0007499975300121012,9.672605154537902e-10,5.6809435162883,0.005494952353828889,17,15,hbr,True,S17_D15 hbr,mild_master_22,,-0.01253261144399093
472,az_itd=0_az=5,7.0,1.6142373797807086e-18,0.16563447039632367,9.495529899988444e-10,1.5476391052110259,0.0014695653397922659,17,15,hbr,False,S17_D15 hbr,mild_master_22,,-0.014176715915771864
473,az_itd=15_az=0,7.0,1.6142373797807086e-18,0.001834088836906643,9.510843944706572e-10,4.860506803713174,0.004622752170230053,17,15,hbr,True,S17_D15 hbr,mild_master_22,,0.0020044124094971963
474,az_itd=5_az=0,7.0,1.6142373797807086e-18,6.7727507773797344e-06,9.473227646503923e-10,-11.887581084615881,-0.011261376178084027,17,15,hbr,True,S17_D15 hbr,mild_master_22,,-0.018700125715466132
475,constant,7.0,1.6142373797807086e-18,0.8132211841140715,1.1603537287622463e-09,-0.2453527099098145,-0.000284695931805775,17,15,hbr,False,S17_D15 hbr,mild_master_22,,
483,Linear,7.0,5.637151945588639e-19,0.8469161493689386,7.644492775787913e-14,0.20033298033001692,1.5314440208848767e-08,17,16,hbr,False,S17_D16 hbr,mild_master_22,,
484,ShortHbO,7.0,5.637151945588639e-19,4.556832024809844e-06,0.0005043956377255582,12.609455217282663,6360.154205693156,17,16,hbr,True,S17_D16 hbr,mild_master_22,,
485,az_itd=0_az=15,7.0,5.637151945588639e-19,6.853028774122074e-05,5.715965916231821e-10,-8.36404658102948,-0.004780860517893981,17,16,hbr,True,S17_D16 hbr,mild_master_22,,-0.00994123973550181
486,az_itd=0_az=5,7.0,5.637151945588639e-19,0.9608134335232088,5.611324394796625e-10,-0.05091790595715056,-2.857168878293193e-05,17,16,hbr,False,S17_D16 hbr,mild_master_22,,-0.008541786004549778
487,az_itd=15_az=0,7.0,5.637151945588639e-19,0.0585645645785862,5.620374134370394e-10,2.257294927855869,0.0012686842026166608,17,16,hbr,False,S17_D16 hbr,mild_master_22,,0.0033723025751092434
488,az_itd=5_az=0,7.0,5.637151945588639e-19,0.19954110932971703,5.598145016672948e-10,1.4165556243924744,0.0007930083809532766,17,16,hbr,False,S17_D16 hbr,mild_master_22,,0.003070187728324648
489,constant,7.0,5.637151945588639e-19,0.9445234660499681,6.857038262608959e-10,-0.0721204191985827,-4.9453247396007925e-05,17,16,hbr,False,S17_D16 hbr,mild_master_22,,
497,Linear,7.0,3.5863528568824235e-18,0.20100252206730074,1.9281699603496193e-13,-1.4113708186255047,-2.721362815387749e-07,17,17,hbr,False,S17_D17 hbr,mild_master_22,,
498,ShortHbO,7.0,3.5863528568824235e-18,5.483987821675089e-07,0.0012722368184769058,-17.213722155301888,-21899.9311090067,17,17,hbr,True,S17_D17 hbr,mild_master_22,,
499,az_itd=0_az=15,7.0,3.5863528568824235e-18,9.776013305678152e-07,1.4417377447157729e-09,15.81939095617318,0.022807413039930214,17,17,hbr,True,S17_D17 hbr,mild_master_22,,0.02133411416231648
500,az_itd=0_az=5,7.0,3.5863528568824235e-18,0.027262179416165388,1.4153440199580397e-09,2.780918761318095,0.003935956738820685,17,17,hbr,True,S17_D17 hbr,mild_master_22,,0.011075542853652441
501,az_itd=15_az=0,7.0,3.5863528568824235e-18,3.2259102407939764e-05,1.4176266352350657e-09,9.393840047873047,0.013316957859002677,17,17,hbr,True,S17_D17 hbr,mild_master_22,,0.012384116175363745
502,az_itd=5_az=0,7.0,3.5863528568824235e-18,2.893849505660414e-07,1.412019786194009e-09,18.892665763543434,0.02667681787207347,17,17,hbr,True,S17_D17 hbr,mild_master_22,,0.027641154217429475
503,constant,7.0,3.5863528568824235e-18,0.2846536678514908,1.7295503551009379e-09,-1.1584946729487715,-0.002003674872981093,17,17,hbr,False,S17_D17 hbr,mild_master_22,,
511,Linear,7.0,1.2156525979598473e-18,0.912782523694893,1.1225961418696405e-13,-0.11355006724586504,-1.2747086739924634e-08,17,21,hbr,False,S17_D21 hbr,mild_master_22,,
512,ShortHbO,7.0,1.2156525979598473e-18,5.421859064924847e-09,0.0007407065628735939,33.54336708871998,24845.79214349301,17,21,hbr,True,S17_D21 hbr,mild_master_22,,
513,az_itd=0_az=15,7.0,1.2156525979598473e-18,0.0001139908351932324,8.393913726942909e-10,7.72383257438067,0.00648331842707027,17,21,hbr,True,S17_D21 hbr,mild_master_22,,-0.0029017406472962868
514,az_itd=0_az=5,7.0,1.2156525979598473e-18,0.014300663075500408,8.24024732723804e-10,3.2375904049659923,0.002667854568121254,17,21,hbr,True,S17_D21 hbr,mild_master_22,,-0.019283908639879808
515,az_itd=15_az=0,7.0,1.2156525979598473e-18,6.872841487374466e-05,8.253536897950456e-10,8.360293736171325,0.00690019928291941,17,21,hbr,True,S17_D21 hbr,mild_master_22,,0.010756341422891363
516,az_itd=5_az=0,7.0,1.2156525979598473e-18,0.0019139990570001346,8.220893369470246e-10,-4.823377646090384,-0.003965247330919543,17,21,hbr,True,S17_D21 hbr,mild_master_22,,-0.010226503606925012
517,constant,7.0,1.2156525979598473e-18,0.49038682339591855,1.0069582016792377e-09,-0.7277495998113573,-0.0007328134282988293,17,21,hbr,False,S17_D21 hbr,mild_master_22,,
525,Linear,7.0,7.287497379212836e-19,0.09921256610251297,8.691765681935134e-14,-1.899955126238798,-1.651396476345912e-07,17,22,hbr,False,S17_D22 hbr,mild_master_22,,
526,ShortHbO,7.0,7.287497379212836e-19,0.006475063621720427,0.0005734963486375887,3.8279446791278695,2195.3122962665193,17,22,hbr,True,S17_D22 hbr,mild_master_22,,
527,az_itd=0_az=15,7.0,7.287497379212836e-19,8.385853551713812e-05,6.499036345114993e-10,8.1050149377466,0.005267478665811508,17,22,hbr,True,S17_D22 hbr,mild_master_22,,0.011140486729381189
528,az_itd=0_az=5,7.0,7.287497379212836e-19,1.7761247189176123e-06,6.380059244659539e-10,14.492436343588802,0.009246260247155363,17,22,hbr,True,S17_D22 hbr,mild_master_22,,0.016461957318848395
529,az_itd=15_az=0,7.0,7.287497379212836e-19,6.562131524213774e-07,6.39034877179558e-10,16.76871401522712,0.010715793101179793,17,22,hbr,True,S17_D22 hbr,mild_master_22,,0.018907354586022967
530,az_itd=5_az=0,7.0,7.287497379212836e-19,6.485660962417531e-05,6.365074330703253e-10,8.435941585357934,0.005369539524027389,17,22,hbr,True,S17_D22 hbr,mild_master_22,,0.015520979700364836
531,constant,7.0,7.287497379212836e-19,0.5007172278838641,7.796432228888824e-10,-0.7099110800914159,-0.000553477362446999,17,22,hbr,False,S17_D22 hbr,mild_master_22,,
539,Linear,7.0,1.3110907758177558e-17,0.22935090493744795,3.6866778103832246e-13,-1.3168791170125824,-4.854909019647341e-07,18,15,hbr,False,S18_D15 hbr,mild_master_22,,
540,ShortHbO,7.0,1.3110907758177558e-17,2.42932392573625e-08,0.0024325279123116822,27.034328857765676,65761.75953712821,18,15,hbr,True,S18_D15 hbr,mild_master_22,,
541,az_itd=0_az=15,7.0,1.3110907758177558e-17,0.0002748730732010264,2.756615164190105e-09,6.710111430310516,0.018497194922199322,18,15,hbr,True,S18_D15 hbr,mild_master_22,,0.020229078361551606
542,az_itd=0_az=5,7.0,1.3110907758177558e-17,1.276907356116671e-06,2.7061501318544423e-09,15.212172109108497,0.041166421558856435,18,15,hbr,True,S18_D15 hbr,mild_master_22,,0.039277720511100074
543,az_itd=15_az=0,7.0,1.3110907758177558e-17,4.487875331182309e-06,2.7105145122070577e-09,12.63802323644112,0.034255545387983664,18,15,hbr,True,S18_D15 hbr,mild_master_22,,0.02041868864734892
544,az_itd=5_az=0,7.0,1.3110907758177558e-17,0.002789025275947459,2.6997941678541752e-09,4.502780335447294,0.012156580088769072,18,15,hbr,True,S18_D15 hbr,mild_master_22,,-0.014860630798969213
545,constant,7.0,1.3110907758177558e-17,0.42312020232760994,3.3069153898315545e-09,-0.8506178138879951,-0.0028129211396110835,18,15,hbr,False,S18_D15 hbr,mild_master_22,,
553,Linear,7.0,2.6434293808977424e-18,0.18730751480272811,1.6553988928474154e-13,1.4613454901682288,2.4191097064920496e-07,18,16,hbr,False,S18_D16 hbr,mild_master_22,,
554,ShortHbO,7.0,2.6434293808977424e-18,1.445034601102162e-06,0.0010922581847320728,14.93851946827252,16316.720157000073,18,16,hbr,True,S18_D16 hbr,mild_master_22,,
555,az_itd=0_az=15,7.0,2.6434293808977424e-18,0.021248187048522632,1.2377804423143634e-09,-2.9552389802217425,-0.0036579370120835165,18,16,hbr,True,S18_D16 hbr,mild_master_22,,0.003950175334069468
556,az_itd=0_az=5,7.0,2.6434293808977424e-18,4.3706940181772345e-06,1.215120540106288e-09,-12.687734416321714,-0.015417126696685978,18,16,hbr,True,S18_D16 hbr,mild_master_22,,-0.028809527124190496
557,az_itd=15_az=0,7.0,2.6434293808977424e-18,0.0007101459330836466,1.2170802422487796e-09,-5.733805543418958,-0.00697850143979174,18,16,hbr,True,S18_D16 hbr,mild_master_22,,0.018396745282361748
558,az_itd=5_az=0,7.0,2.6434293808977424e-18,0.19790277936765074,1.2122665733887768e-09,-1.4224086009651788,-0.0017243384006507812,18,16,hbr,False,S18_D16 hbr,mild_master_22,,-0.013251829643922363
559,constant,7.0,2.6434293808977424e-18,0.886710418329063,1.4848772679970622e-09,-0.14774401917335384,-0.00021938173555303522,18,16,hbr,False,S18_D16 hbr,mild_master_22,,
567,Linear,7.0,1.7924906142090446e-18,0.35826908321164835,1.3631613036401233e-13,-0.9831870089785005,-1.3402424848811664e-07,18,21,hbr,False,S18_D21 hbr,mild_master_22,,
568,ShortHbO,7.0,1.7924906142090446e-18,7.856794795681429e-05,0.0008994352342775228,8.187899119645682,7364.484962919236,18,21,hbr,True,S18_D21 hbr,mild_master_22,,
569,az_itd=0_az=15,7.0,1.7924906142090446e-18,3.7721492744535456e-06,1.019267566660757e-09,12.967781884011453,0.013217639485903801,18,21,hbr,True,S18_D21 hbr,mild_master_22,,-0.004273930596491895
570,az_itd=0_az=5,7.0,1.7924906142090446e-18,0.00037398958872058853,1.000607954184403e-09,6.380997848196275,0.006384877202538753,18,21,hbr,True,S18_D21 hbr,mild_master_22,,-0.010963237130910223
571,az_itd=15_az=0,7.0,1.7924906142090446e-18,7.819142208414077e-06,1.0022216982426165e-09,11.635388357524509,0.011661238679390581,18,21,hbr,True,S18_D21 hbr,mild_master_22,,0.011641075737702683
572,az_itd=5_az=0,7.0,1.7924906142090446e-18,0.003990705770364671,9.982578154909452e-10,4.208998148319612,0.004201665296946969,18,21,hbr,True,S18_D21 hbr,mild_master_22,,-0.006278630300609229
573,constant,7.0,1.7924906142090446e-18,0.42157308761744505,1.2227428936519363e-09,-0.8535996802926202,-0.0010437329431013662,18,21,hbr,False,S18_D21 hbr,mild_master_22,,
581,Linear,7.0,9.80758798575438e-19,0.004381537792128211,1.0083235499911072e-13,-4.134078561877239,-4.1684887714541886e-07,18,22,hbr,True,S18_D22 hbr,mild_master_22,,
582,ShortHbO,7.0,9.80758798575438e-19,3.02110891473792e-06,0.0006653077122949374,-13.400834265833987,-8915.678388245618,18,22,hbr,True,S18_D22 hbr,mild_master_22,,
583,az_itd=0_az=15,7.0,9.80758798575438e-19,1.317718938168513e-08,7.539470849573792e-10,29.523198522162048,0.02225892946440208,18,22,hbr,True,S18_D22 hbr,mild_master_22,,0.036006230744223766
584,az_itd=0_az=5,7.0,9.80758798575438e-19,3.1529459103664314e-08,7.401446635980192e-10,26.037352917378144,0.01927140781601575,18,22,hbr,True,S18_D22 hbr,mild_master_22,,0.028512962461231826
585,az_itd=15_az=0,7.0,9.80758798575438e-19,3.65110966902881e-07,7.413383419493703e-10,18.264691982127967,0.013540316470246706,18,22,hbr,True,S18_D22 hbr,mild_master_22,,0.019569864927980404
586,az_itd=5_az=0,7.0,9.80758798575438e-19,2.3125452334061402e-08,7.384062778442344e-10,27.22687915273848,0.0201044984924884,18,22,hbr,True,S18_D22 hbr,mild_master_22,,0.020484070573476506
587,constant,7.0,9.80758798575438e-19,0.26041675977228823,9.044567594173815e-10,-1.2243664571355528,-0.0011073865181601625,18,22,hbr,False,S18_D22 hbr,mild_master_22,,
595,Linear,7.0,1.0022745607923404e-18,0.0035131126216328716,1.0193237839762182e-13,-4.312316117340406,-4.3956463824290564e-07,18,23,hbr,True,S18_D23 hbr,mild_master_22,,
596,ShortHbO,7.0,1.0022745607923404e-18,0.06578053170597288,0.0006725658394183274,-2.178558762833298,-1465.2242030471298,18,23,hbr,False,S18_D23 hbr,mild_master_22,,
597,az_itd=0_az=15,7.0,1.0022745607923404e-18,4.220180063408083e-08,7.621722170065085e-10,24.965256272979236,0.01902782472171223,18,23,hbr,True,S18_D23 hbr,mild_master_22,,0.021155515366432266
598,az_itd=0_az=5,7.0,1.0022745607923404e-18,1.886800557014147e-08,7.482192191139361e-10,28.036522968483517,0.02097746532214867,18,23,hbr,True,S18_D23 hbr,mild_master_22,,0.01702627348606577
599,az_itd=15_az=0,7.0,1.0022745607923404e-18,1.417821155552033e-07,7.494259198142821e-10,20.95337615390169,0.01570300319735242,18,23,hbr,True,S18_D23 hbr,mild_master_22,,0.021702441337457867
600,az_itd=5_az=0,7.0,1.0022745607923404e-18,6.304744519136221e-08,7.464618685645276e-10,23.559576661991006,0.01758632561769904,18,23,hbr,True,S18_D23 hbr,mild_master_22,,0.008082498547397055
601,constant,7.0,1.0022745607923404e-18,0.2898276713482043,9.143238660451046e-10,-1.1450417651333573,-0.001046939013479842,18,23,hbr,False,S18_D23 hbr,mild_master_22,,
609,Linear,7.0,1.3202148318362695e-18,0.01689684534266472,1.169879437914884e-13,-3.117749579287451,-3.6473911253761687e-07,19,14,hbr,True,S19_D14 hbr,mild_master_22,,
610,ShortHbO,7.0,1.3202148318362695e-18,1.2060669403816805e-10,0.0007719048241081974,-57.87778401750868,-44676.140691807275,19,14,hbr,True,S19_D14 hbr,mild_master_22,,
611,az_itd=0_az=15,7.0,1.3202148318362695e-18,1.044986891480137e-06,8.747461982567828e-10,15.665728958564024,0.013703536849425069,19,14,hbr,True,S19_D14 hbr,mild_master_22,,-0.0008874696749890569
612,az_itd=0_az=5,7.0,1.3202148318362695e-18,1.0083054936075992e-07,8.587323216177865e-10,22.013345217516108,0.0189035710452114,19,14,hbr,True,S19_D14 hbr,mild_master_22,,0.0046862065387130135
613,az_itd=15_az=0,7.0,1.3202148318362695e-18,1.0216214157779701e-07,8.60117253824063e-10,21.971596118646072,0.018898148915701303,19,14,hbr,True,S19_D14 hbr,mild_master_22,,0.017049085716457826
614,az_itd=5_az=0,7.0,1.3202148318362695e-18,4.929212452354262e-07,8.567154077526536e-10,17.483497015994026,0.014978381274999624,19,14,hbr,True,S19_D14 hbr,mild_master_22,,0.007891486200261866
615,constant,7.0,1.3202148318362695e-18,0.3396825865351154,1.0493708743932994e-09,-1.0245253846759672,-0.001075107098755551,19,14,hbr,False,S19_D14 hbr,mild_master_22,,
623,Linear,7.0,9.967003443483398e-18,0.002850950602337371,3.2144087986860837e-13,-4.484466062369264,-1.4414907168288898e-06,19,15,hbr,True,S19_D15 hbr,mild_master_22,,
624,ShortHbO,7.0,9.967003443483398e-18,2.0266565088385392e-09,0.0021209174022102503,38.63253511692285,81936.41602098028,19,15,hbr,True,S19_D15 hbr,mild_master_22,,
625,az_itd=0_az=15,7.0,9.967003443483398e-18,2.8459929286696236e-08,2.4034885862301815e-09,26.424630277085438,0.06351129726632733,19,15,hbr,True,S19_D15 hbr,mild_master_22,,0.007223429154704014
626,az_itd=0_az=5,7.0,9.967003443483398e-18,1.937735593549202e-06,2.3594882009757753e-09,14.307928225830441,0.03375938782925519,19,15,hbr,True,S19_D15 hbr,mild_master_22,,0.041385672524349305
627,az_itd=15_az=0,7.0,9.967003443483398e-18,7.81263896595439e-08,2.3632934975945223e-09,22.84070367193731,0.053979286468372766,19,15,hbr,True,S19_D15 hbr,mild_master_22,,0.022944243147544095
628,az_itd=5_az=0,7.0,9.967003443483398e-18,4.2718397522761124e-08,2.3539464455912798e-09,24.92146875473391,0.058663802794120035,19,15,hbr,True,S19_D15 hbr,mild_master_22,,0.03414844335134748
629,constant,7.0,9.967003443483398e-18,0.3371041852563768,2.8832945194307663e-09,-1.0303987298880435,-0.002970943010714618,19,15,hbr,False,S19_D15 hbr,mild_master_22,,
637,Linear,7.0,1.1836445119066076e-18,0.018992768922457843,1.107718600762773e-13,-3.0345326875823266,-3.3614083026575917e-07,19,21,hbr,True,S19_D21 hbr,mild_master_22,,
638,ShortHbO,7.0,1.1836445119066076e-18,4.059824902159003e-09,0.0007308901276247385,-34.966370260237255,-25556.574822078666,19,21,hbr,True,S19_D21 hbr,mild_master_22,,
639,az_itd=0_az=15,7.0,1.1836445119066076e-18,9.493745551289579e-07,8.282670874894525e-10,15.887383935619217,0.013158997220182045,19,21,hbr,True,S19_D21 hbr,mild_master_22,,-0.010150569097071783
640,az_itd=0_az=5,7.0,1.1836445119066076e-18,7.496239909143914e-08,8.131040985109016e-10,22.977604434125634,0.018683184339349818,19,21,hbr,True,S19_D21 hbr,mild_master_22,,0.010000995642006563
641,az_itd=15_az=0,7.0,1.1836445119066076e-18,3.719545974107722e-08,8.144154431811031e-10,25.424193967138734,0.02070585619726962,19,21,hbr,True,S19_D21 hbr,mild_master_22,,0.018689308440381667
642,az_itd=5_az=0,7.0,1.1836445119066076e-18,1.0075091165724375e-06,8.11194352145476e-10,15.749747179224231,0.01277610595950584,19,21,hbr,True,S19_D21 hbr,mild_master_22,,0.0029833460115467384
643,constant,7.0,1.1836445119066076e-18,0.2437413428161169,9.936131869587793e-10,-1.2727665790853517,-0.0012646376568996194,19,21,hbr,False,S19_D21 hbr,mild_master_22,,
679,Linear,7.0,2.9762873367019884e-17,0.43512221124328077,5.554644029372465e-13,-0.8277461534033284,-4.597835228837822e-07,20,12,hbr,False,S20_D12 hbr,mild_master_22,,
680,ShortHbO,7.0,2.9762873367019884e-17,9.101736991142462e-09,0.0036650413568413837,-31.136922810311233,-114118.1098245685,20,12,hbr,True,S20_D12 hbr,mild_master_22,,
681,az_itd=0_az=15,7.0,2.9762873367019884e-17,2.796705636279414e-05,4.153337164403446e-09,9.600813141101389,0.03987541402742938,20,12,hbr,True,S20_D12 hbr,mild_master_22,,-0.0007539411462138997
682,az_itd=0_az=5,7.0,2.9762873367019884e-17,2.145681365548344e-07,4.077302505294941e-09,19.731552196817088,0.0804515072054402,20,12,hbr,True,S20_D12 hbr,mild_master_22,,0.061475675747155796
683,az_itd=15_az=0,7.0,2.9762873367019884e-17,0.35043924396515513,4.0838782302468985e-09,1.0003931622923607,0.004085483857173624,20,12,hbr,False,S20_D12 hbr,mild_master_22,,-0.015378165395726253
684,az_itd=5_az=0,7.0,2.9762873367019884e-17,0.5954283494751891,4.067726100927422e-09,0.5561529659549845,0.0022622779357232906,20,12,hbr,False,S20_D12 hbr,mild_master_22,,0.015612541047828379
685,constant,7.0,2.9762873367019884e-17,0.3083025894296526,4.982463554052303e-09,-1.0985601751927823,-0.005473536034831351,20,12,hbr,False,S20_D12 hbr,mild_master_22,,
693,Linear,7.0,3.3175968241351314e-18,0.08033981128834268,1.8545160971261217e-13,-2.0431391632851197,-3.78903446698105e-07,20,13,hbr,False,S20_D13 hbr,mild_master_22,,
694,ShortHbO,7.0,3.3175968241351314e-18,3.748746601945587e-09,0.0012236388429130685,-35.36888035633209,-43278.73583435296,20,13,hbr,True,S20_D13 hbr,mild_master_22,,
695,az_itd=0_az=15,7.0,3.3175968241351314e-18,3.6075757696657935e-05,1.386665029738824e-09,9.234460011595996,0.012805102766601741,20,13,hbr,True,S20_D13 hbr,mild_master_22,,-0.00806272493488513
696,az_itd=0_az=5,7.0,3.3175968241351314e-18,1.1071758599871936e-06,1.3612795147516197e-09,15.533617310318588,0.02114559503452785,20,13,hbr,True,S20_D13 hbr,mild_master_22,,0.005697519257044168
697,az_itd=15_az=0,7.0,3.3175968241351314e-18,1.0188387417562878e-07,1.3634749367641186e-09,21.980269055937615,0.029969545961102854,20,13,hbr,True,S20_D13 hbr,mild_master_22,,0.022321895957872387
698,az_itd=5_az=0,7.0,3.3175968241351314e-18,2.0505363486415945e-05,1.358082262874048e-09,10.064551119531925,0.013668488359225451,20,13,hbr,True,S20_D13 hbr,mild_master_22,,0.006751342250219008
699,constant,7.0,3.3175968241351314e-18,0.33850271607486165,1.663483531163043e-09,-1.027208646697609,-0.0017087446668497491,20,13,hbr,False,S20_D13 hbr,mild_master_22,,
707,Linear,7.0,1.2267997684373807e-18,0.07614387033123454,1.1277313320075129e-13,-2.0794773563135975,-2.3450917689149948e-07,20,20,hbr,False,S20_D20 hbr,mild_master_22,,
708,ShortHbO,7.0,1.2267997684373807e-18,1.3303708701445503e-10,0.0007440948419660118,-57.07087491310727,-42466.14364933058,20,20,hbr,True,S20_D20 hbr,mild_master_22,,
709,az_itd=0_az=15,7.0,1.2267997684373807e-18,6.402572958503948e-06,8.432310743805055e-10,11.987601818259177,0.010108318360456389,20,20,hbr,True,S20_D20 hbr,mild_master_22,,-0.007726501324995328
710,az_itd=0_az=5,7.0,1.2267997684373807e-18,2.885112154789237e-07,8.277941414390333e-10,18.900970771625747,0.015646112872262197,20,20,hbr,True,S20_D20 hbr,mild_master_22,,0.008489129949410092
711,az_itd=15_az=0,7.0,1.2267997684373807e-18,2.013878176324535e-07,8.291291776753382e-10,19.91391190404196,0.01651120540129744,20,20,hbr,True,S20_D20 hbr,mild_master_22,,0.016839126258033715
712,az_itd=5_az=0,7.0,1.2267997684373807e-18,0.00016106111814655807,8.258498924113518e-10,7.312221245417057,0.006038797128815677,20,20,hbr,True,S20_D20 hbr,mild_master_22,,-0.001138713148763505
713,constant,7.0,1.2267997684373807e-18,0.333667418077842,1.0115644190299413e-09,-1.0382826215129257,-0.001050289756819607,20,20,hbr,False,S20_D20 hbr,mild_master_22,,
721,Linear,7.0,2.9074014037477407e-18,0.9624419786927803,1.7360862679517284e-13,0.04879985875771646,8.472076466725546e-09,21,11,hbr,False,S21_D11 hbr,mild_master_22,,
722,ShortHbO,7.0,2.9074014037477407e-18,1.7553853689114513e-06,0.0011454969818842442,-14.517492150206554,-16629.743442589814,21,11,hbr,True,S21_D11 hbr,mild_master_22,,
723,az_itd=0_az=15,7.0,2.9074014037477407e-18,0.00028851394714357365,1.2981122785124726e-09,6.657512617830104,0.008642198873556972,21,11,hbr,True,S21_D11 hbr,mild_master_22,,0.018986440359024487
724,az_itd=0_az=5,7.0,2.9074014037477407e-18,0.01888607567778456,1.2743478884149887e-09,-3.038527732314678,-0.003872141399565594,21,11,hbr,True,S21_D11 hbr,mild_master_22,,-0.0014900241787135133
725,az_itd=15_az=0,7.0,2.9074014037477407e-18,0.0002555864288814776,1.2764031102672902e-09,6.7897116368439905,0.008666409051085682,21,11,hbr,True,S21_D11 hbr,mild_master_22,,0.0280191670027487
726,az_itd=5_az=0,7.0,2.9074014037477407e-18,2.6461163082241257e-05,1.2713548137857435e-09,-9.682116602382006,-0.012309405550073232,21,11,hbr,True,S21_D11 hbr,mild_master_22,,0.008698367410885567
727,constant,7.0,2.9074014037477407e-18,0.9543478519631226,1.5572530860699273e-09,-0.059329569567847254,-9.239115530473057e-05,21,11,hbr,False,S21_D11 hbr,mild_master_22,,
735,Linear,7.0,1.1185701071713288e-18,0.3403224980862851,1.076838088716105e-13,-1.0230731587960267,-1.1016841449346615e-07,21,12,hbr,False,S21_D12 hbr,mild_master_22,,
736,ShortHbO,7.0,1.1185701071713288e-18,7.089967784114568e-07,0.0007105146808502917,16.580311126511702,11780.554468452003,21,12,hbr,True,S21_D12 hbr,mild_master_22,,
737,az_itd=0_az=15,7.0,1.1185701071713288e-18,0.0007181269530725079,8.051770068900437e-10,5.7229577637329285,0.004607994002760617,21,12,hbr,True,S21_D12 hbr,mild_master_22,,0.0012655538287882333
738,az_itd=0_az=5,7.0,1.1185701071713288e-18,0.4244642148982727,7.90436725324272e-10,0.8480337454210678,0.0006703170166951063,21,12,hbr,False,S21_D12 hbr,mild_master_22,,-0.00806471209782778
739,az_itd=15_az=0,7.0,1.1185701071713288e-18,6.74345860991966e-07,7.917115128807284e-10,16.70210320831917,0.013223247399348435,21,12,hbr,True,S21_D12 hbr,mild_master_22,,0.019988288390397194
740,az_itd=5_az=0,7.0,1.1185701071713288e-18,0.038598780847380665,7.885802180627153e-10,-2.5411562843128404,-0.0020039055768148587,21,12,hbr,True,S21_D12 hbr,mild_master_22,,0.005856369627707737
741,constant,7.0,1.1185701071713288e-18,0.8528441790246541,9.659136575218984e-10,-0.19246294648759768,-0.00018590258857927687,21,12,hbr,False,S21_D12 hbr,mild_master_22,,
749,Linear,7.0,9.483394780478892e-19,0.6804531485571279,9.915182654033123e-14,0.42952405242227304,4.2588094340673357e-08,21,19,hbr,False,S21_D19 hbr,mild_master_22,,
750,ShortHbO,7.0,9.483394780478892e-19,1.0732494669530525e-06,0.0006542193216254248,-15.604608718564435,-10208.836530089415,21,19,hbr,True,S21_D19 hbr,mild_master_22,,
751,az_itd=0_az=15,7.0,9.483394780478892e-19,0.14955536530516528,7.413813808964566e-10,1.6186487331637898,0.0012000360329792706,21,19,hbr,False,S21_D19 hbr,mild_master_22,,0.013120347172536023
752,az_itd=0_az=5,7.0,9.483394780478892e-19,8.071040903330764e-05,7.278089984159335e-10,8.153596202549897,0.0059342606856657995,21,19,hbr,True,S21_D19 hbr,mild_master_22,,0.018047276257190527
753,az_itd=15_az=0,7.0,9.483394780478892e-19,0.03343894503206466,7.289827822558443e-10,-2.639681557274295,-0.0019242824058912555,21,19,hbr,True,S21_D19 hbr,mild_master_22,,0.016668823147618254
754,az_itd=5_az=0,7.0,9.483394780478892e-19,0.00010773919330082169,7.260995855720008e-10,-7.792742947223264,-0.005658307424447944,21,19,hbr,True,S21_D19 hbr,mild_master_22,,0.005750789556401465
755,constant,7.0,9.483394780478892e-19,0.6174813981205972,8.893825768898606e-10,-0.5224459616440807,-0.0004646543356527138,21,19,hbr,False,S21_D19 hbr,mild_master_22,,
763,Linear,7.0,2.728842467320809e-18,0.575212551284958,1.6819304631462114e-13,-0.5876705541321972,-9.884210072889571e-08,21,20,hbr,False,S21_D20 hbr,mild_master_22,,
764,ShortHbO,7.0,2.728842467320809e-18,3.3085436113428375e-07,0.001109764131448521,-18.52836542615218,-20562.11536431458,21,20,hbr,True,S21_D20 hbr,mild_master_22,,
765,az_itd=0_az=15,7.0,2.728842467320809e-18,0.0001282668356065398,1.2576187175250292e-09,7.581279698378513,0.009534359251473326,21,20,hbr,True,S21_D20 hbr,mild_master_22,,-0.003508868474042376
766,az_itd=0_az=5,7.0,2.728842467320809e-18,5.338614252929598e-05,1.2345956383262024e-09,8.694097616007879,0.010733694995905563,21,20,hbr,True,S21_D20 hbr,mild_master_22,,0.006614108910665236
767,az_itd=15_az=0,7.0,2.728842467320809e-18,4.093683267847287e-06,1.2365867491976614e-09,12.811538590334777,0.01584257885764247,21,20,hbr,True,S21_D20 hbr,mild_master_22,,0.03793915329260776
768,az_itd=5_az=0,7.0,2.728842467320809e-18,0.0019607965321712926,1.231695930235465e-09,-4.802422473807654,-0.005915124216260222,21,20,hbr,True,S21_D20 hbr,mild_master_22,,-0.007695050395196545
769,constant,7.0,2.728842467320809e-18,0.46657100927060424,1.5086758375087188e-09,-0.7698463547741498,-0.0011614485940419246,21,20,hbr,False,S21_D20 hbr,mild_master_22,,
777,Linear,7.0,1.0931590731258296e-17,0.8022937156530832,3.366359442967424e-13,-0.2600697142536197,-8.754881384075124e-08,22,10,hbr,False,S22_D10 hbr,mild_master_22,,
778,ShortHbO,7.0,1.0931590731258296e-17,3.778031823327887e-07,0.0022211768234341738,-18.174086156694223,-40367.85895834506,22,10,hbr,True,S22_D10 hbr,mild_master_22,,
779,az_itd=0_az=15,7.0,1.0931590731258296e-17,3.159565209613482e-05,2.5171056343635138e-09,9.423721032966343,0.02372050130874953,22,10,hbr,True,S22_D10 hbr,mild_master_22,,0.042127624102829546
780,az_itd=0_az=5,7.0,1.0931590731258296e-17,0.00011835128818373782,2.4710252750588974e-09,7.678246324558958,0.018973140736113267,22,10,hbr,True,S22_D10 hbr,mild_master_22,,0.08163959687832727
781,az_itd=15_az=0,7.0,1.0931590731258296e-17,0.002834105335750545,2.475010454607636e-09,-4.489404261949573,-0.011111322483285271,22,10,hbr,True,S22_D10 hbr,mild_master_22,,0.03224667793925783
782,az_itd=5_az=0,7.0,1.0931590731258296e-17,0.940983869653941,2.465221551345586e-09,-0.07673197240335301,-0.0001891613120460006,22,10,hbr,False,S22_D10 hbr,mild_master_22,,0.02090172917172329
783,constant,7.0,1.0931590731258296e-17,0.634144482903922,3.019592821021854e-09,-0.497405491875138,-0.0015019620524030109,22,10,hbr,False,S22_D10 hbr,mild_master_22,,
791,Linear,7.0,1.0139221217215584e-18,0.054880279150445285,1.0252295217701318e-13,-2.301368932237284,-2.3594313698142698e-07,22,11,hbr,False,S22_D11 hbr,mild_master_22,,
792,ShortHbO,7.0,1.0139221217215584e-18,9.342973382842864e-09,0.0006764625379543449,31.020033737941507,20983.890749797316,22,11,hbr,True,S22_D11 hbr,mild_master_22,,
793,az_itd=0_az=15,7.0,1.0139221217215584e-18,3.3459151068492845e-05,7.665880751844544e-10,9.341519684327128,0.007161097594106025,22,11,hbr,True,S22_D11 hbr,mild_master_22,,-0.0006040401106186012
794,az_itd=0_az=5,7.0,1.0139221217215584e-18,7.9489005380428e-05,7.525542366911937e-10,8.17302412937574,0.006150643935141069,22,11,hbr,True,S22_D11 hbr,mild_master_22,,-0.005337853234233175
795,az_itd=15_az=0,7.0,1.0139221217215584e-18,1.8289919890624598e-07,7.537679287499716e-10,20.194047090796793,0.015221625048709289,22,11,hbr,True,S22_D11 hbr,mild_master_22,,0.011870465513354363
796,az_itd=5_az=0,7.0,1.0139221217215584e-18,2.6426385415302918e-05,7.507867044392487e-10,9.68405577737046,0.007270660322697835,22,11,hbr,True,S22_D11 hbr,mild_master_22,,0.008002914981388567
797,constant,7.0,1.0139221217215584e-18,0.6918980220531784,9.196212574103056e-10,-0.41309414989655074,-0.00037989016155670727,22,11,hbr,False,S22_D11 hbr,mild_master_22,,
805,Linear,7.0,4.548962674318741e-19,0.12562444429899147,6.867125599404737e-14,1.7388218356676235,1.1940707940517075e-07,22,12,hbr,False,S22_D12 hbr,mild_master_22,,
806,ShortHbO,7.0,4.548962674318741e-19,1.4521113350450582e-11,0.00045310373070452044,78.34903085191996,35500.238176088504,22,12,hbr,True,S22_D12 hbr,mild_master_22,,
807,az_itd=0_az=15,7.0,4.548962674318741e-19,5.353933092042137e-06,5.134710309754304e-10,-12.311064807381506,-0.006321375139051521,22,12,hbr,True,S22_D12 hbr,mild_master_22,,-0.01031371981442868
808,az_itd=0_az=5,7.0,4.548962674318741e-19,6.945137208911809e-06,5.040709766921135e-10,-11.843102552237642,-0.005969764270571291,22,12,hbr,True,S22_D12 hbr,mild_master_22,,-0.015400877752626229
809,az_itd=15_az=0,7.0,4.548962674318741e-19,0.20784466651062294,5.048839240009501e-10,-1.3875342911422806,-0.0007005437575977913,22,12,hbr,False,S22_D12 hbr,mild_master_22,,-0.00607276955631456
810,az_itd=5_az=0,7.0,4.548962674318741e-19,4.4700325534660245e-05,5.028870597527976e-10,-8.935456575681027,-0.004493525484893033,22,12,hbr,True,S22_D12 hbr,mild_master_22,,-0.007204231403691998
811,constant,7.0,4.548962674318741e-19,0.8760334398118441,6.159747202378176e-10,0.161801446414572,9.966560068929021e-05,22,12,hbr,False,S22_D12 hbr,mild_master_22,,
819,Linear,7.0,1.3267264068937973e-18,0.3287032927780616,1.1727609340112771e-13,1.0497843744481063,1.2311461034882054e-07,22,19,hbr,False,S22_D19 hbr,mild_master_22,,
820,ShortHbO,7.0,1.3267264068937973e-18,0.6386220006144506,0.0007738060804816056,0.49073583022334666,379.7343693370145,22,19,hbr,False,S22_D19 hbr,mild_master_22,,
821,az_itd=0_az=15,7.0,1.3267264068937973e-18,0.34054561369977,8.769007602346429e-10,-1.022567320569585,-0.000896690060798571,22,19,hbr,False,S22_D19 hbr,mild_master_22,,0.013081092135446951
822,az_itd=0_az=5,7.0,1.3267264068937973e-18,0.00043801833666339435,8.608474402807819e-10,6.216839312752154,0.005351750209019628,22,19,hbr,True,S22_D19 hbr,mild_master_22,,0.019506690668828895
823,az_itd=15_az=0,7.0,1.3267264068937973e-18,0.0004897033802957715,8.622357836733883e-10,-6.102852269915249,-0.005262097609593291,22,19,hbr,True,S22_D19 hbr,mild_master_22,,0.016463717086481075
824,az_itd=5_az=0,7.0,1.3267264068937973e-18,3.314099349934438e-05,8.588255586136338e-10,-9.355181269304351,-0.008034468779542114,22,19,hbr,True,S22_D19 hbr,mild_master_22,,-0.000671786194737852
825,constant,7.0,1.3267264068937973e-18,0.6414052168425349,1.051955549343756e-09,-0.4866021239383685,-0.0005118838045994248,22,19,hbr,False,S22_D19 hbr,mild_master_22,,
875,Linear,7.0,1.3019372540469995e-17,0.24723374769676112,3.6737857996929473e-13,-1.2624006031391035,-4.637789409336251e-07,23,9,hbr,False,S23_D9 hbr,mild_master_22,,
876,ShortHbO,7.0,1.3019372540469995e-17,2.1919414181290173e-07,0.0024240215612110795,-19.67055810164525,-47681.85695944336,23,9,hbr,True,S23_D9 hbr,mild_master_22,,
877,az_itd=0_az=15,7.0,1.3019372540469995e-17,2.8914730807213324e-05,2.746975506483747e-09,9.552151760260317,0.026239526919650702,23,9,hbr,True,S23_D9 hbr,mild_master_22,,0.06202956622327979
878,az_itd=0_az=5,7.0,1.3019372540469995e-17,4.288192520575432e-06,2.696686946237542e-09,12.723651800178278,0.034311705718012564,23,9,hbr,True,S23_D9 hbr,mild_master_22,,0.004005934730253821
879,az_itd=15_az=0,7.0,1.3019372540469995e-17,0.8444711599585474,2.701036064709121e-09,0.20358302087220567,0.0005498850815382572,23,9,hbr,False,S23_D9 hbr,mild_master_22,,0.029313654812323845
880,az_itd=5_az=0,7.0,1.3019372540469995e-17,0.030498220520788877,2.690353208523393e-09,-2.703183635589311,-0.007272518767235634,23,9,hbr,True,S23_D9 hbr,mild_master_22,,-0.0580800754745653
881,constant,7.0,1.3019372540469995e-17,0.8462369493468658,3.295351377257014e-09,-0.20123557478927243,-0.0006631419285349357,23,9,hbr,False,S23_D9 hbr,mild_master_22,,
833,Linear,7.0,6.368071784413899e-19,0.04639906283389743,8.124988953819232e-14,-2.415480318854293,-1.9625750908858882e-07,23,10,hbr,True,S23_D10 hbr,mild_master_22,,
834,ShortHbO,7.0,6.368071784413899e-19,1.503330516324396e-07,0.0005360995300897995,-20.776331459563426,-11138.181532461871,23,10,hbr,True,S23_D10 hbr,mild_master_22,,
835,az_itd=0_az=15,7.0,6.368071784413899e-19,4.907350479812398e-06,6.075244138745884e-10,12.471463186538019,0.007576718362560017,23,10,hbr,True,S23_D10 hbr,mild_master_22,,0.013874879664098663
836,az_itd=0_az=5,7.0,6.368071784413899e-19,4.0191717344822956e-08,5.964025352789979e-10,25.14165065105973,0.014994544189390892,23,10,hbr,True,S23_D10 hbr,mild_master_22,,0.02484033403598005
837,az_itd=15_az=0,7.0,6.368071784413899e-19,1.3379196646706631e-05,5.973643915620557e-10,10.735027524166163,0.006412723185375442,23,10,hbr,True,S23_D10 hbr,mild_master_22,,0.003768044939032715
838,az_itd=5_az=0,7.0,6.368071784413899e-19,2.3526001601236425e-06,5.950017582122416e-10,13.904815541175012,0.008273389694616034,23,10,hbr,True,S23_D10 hbr,mild_master_22,,0.0012395916983374052
839,constant,7.0,6.368071784413899e-19,0.27985035909060735,7.288038823984796e-10,-1.1711662832283791,-0.00085355053415104,23,10,hbr,False,S23_D10 hbr,mild_master_22,,
847,Linear,7.0,1.0618321240349353e-18,0.38645707700144205,1.0491721022614159e-13,0.9235323474184025,9.689443744473857e-08,23,11,hbr,False,S23_D11 hbr,mild_master_22,,
848,ShortHbO,7.0,1.0618321240349353e-18,0.17148874181518617,0.0006922602285401038,-1.5233577725119338,-1054.5599997474549,23,11,hbr,False,S23_D11 hbr,mild_master_22,,
849,az_itd=0_az=15,7.0,1.0618321240349353e-18,0.05466138824789623,7.844905022059398e-10,-2.304081207200087,-0.0018075298233596643,23,11,hbr,False,S23_D11 hbr,mild_master_22,,0.008539207808074276
850,az_itd=0_az=5,7.0,1.0618321240349353e-18,0.16548737960691182,7.701289260689695e-10,1.548259276108591,0.0011923592535858295,23,11,hbr,False,S23_D11 hbr,mild_master_22,,0.009488326129737079
851,az_itd=15_az=0,7.0,1.0618321240349353e-18,1.8400467007830915e-05,7.713709619465625e-10,-10.230993725332546,-0.007891891471579012,23,11,hbr,True,S23_D11 hbr,mild_master_22,,0.0017243666797139413
852,az_itd=5_az=0,7.0,1.0618321240349353e-18,0.0012646900815016248,7.683201159545416e-10,-5.1915609532687945,-0.00398878071360055,23,11,hbr,True,S23_D11 hbr,mild_master_22,,0.0066344973505641424
853,constant,7.0,1.0618321240349353e-18,0.9489642241194897,9.410975273669358e-10,-0.06633725276531122,-6.24298245497498e-05,23,11,hbr,False,S23_D11 hbr,mild_master_22,,
861,Linear,7.0,2.150703463139822e-18,0.0061482814443391594,1.4931693657368778e-13,-3.8679088505623387,-5.775443005122224e-07,23,19,hbr,True,S23_D19 hbr,mild_master_22,,
862,ShortHbO,7.0,2.150703463139822e-18,0.003737166491088976,0.0009852165952050273,-4.26204147539625,-4199.033991012505,23,19,hbr,True,S23_D19 hbr,mild_master_22,,
863,az_itd=0_az=15,7.0,2.150703463139822e-18,1.626008836962121e-07,1.1164776332506629e-09,20.54144983162735,0.022934069291552533,23,19,hbr,True,S23_D19 hbr,mild_master_22,,0.031055205203588537
864,az_itd=0_az=5,7.0,2.150703463139822e-18,1.893015076802362e-08,1.09603840742184e-09,28.023251658962792,0.030714560119071015,23,19,hbr,True,S23_D19 hbr,mild_master_22,,0.03350989738881241
865,az_itd=15_az=0,7.0,2.150703463139822e-18,3.1765504036902743e-07,1.09780605823868e-09,18.638390563679604,0.020461338076626114,23,19,hbr,True,S23_D19 hbr,mild_master_22,,0.025085038789666086
866,az_itd=5_az=0,7.0,2.150703463139822e-18,1.8682951252557045e-08,1.0934641301936546e-09,28.076339436180188,0.03070047008060457,23,19,hbr,True,S23_D19 hbr,mild_master_22,,0.023426653280643788
867,constant,7.0,2.150703463139822e-18,0.19838818975308317,1.3393589049939318e-09,-1.4206699558015972,-0.0019027869563602046,23,19,hbr,False,S23_D19 hbr,mild_master_22,,
917,Linear,7.0,5.696104950290725e-18,0.2553088444740236,2.430008514389797e-13,1.238904269781589,3.0105479240831353e-07,24,9,hbr,False,S24_D9 hbr,mild_master_22,,
918,ShortHbO,7.0,5.696104950290725e-18,1.269348502786471e-08,0.0016033577769557735,-29.682477211229276,-47591.63067593698,24,9,hbr,True,S24_D9 hbr,mild_master_22,,
919,az_itd=0_az=15,7.0,5.696104950290725e-18,8.488386810003662e-05,1.8169741605875984e-09,-8.089635634323718,-0.014698658916134862,24,9,hbr,True,S24_D9 hbr,mild_master_22,,0.007394005040708459
920,az_itd=0_az=5,7.0,5.696104950290725e-18,0.000531414030804914,1.783711026524394e-09,-6.020281767674061,-0.010738442971783991,24,9,hbr,True,S24_D9 hbr,mild_master_22,,0.00181244635886764
921,az_itd=15_az=0,7.0,5.696104950290725e-18,0.005421066393061964,1.7865877306906821e-09,-3.965836387895129,-0.00708531463254009,24,9,hbr,True,S24_D9 hbr,mild_master_22,,-0.007308199668582225
922,az_itd=5_az=0,7.0,5.696104950290725e-18,3.8397884610085845e-05,1.7795216051992365e-09,-9.146569410127826,-0.016276517878776903,24,9,hbr,True,S24_D9 hbr,mild_master_22,,-0.022937384076313037
923,constant,7.0,5.696104950290725e-18,0.9257489715191047,2.1796948274202513e-09,0.0966034246743877,0.00021056598507384475,24,9,hbr,False,S24_D9 hbr,mild_master_22,,
889,Linear,7.0,2.5124671442046955e-18,0.472178161516027,1.613871675872779e-13,0.7598075320674896,1.2262318551185199e-07,24,10,hbr,False,S24_D10 hbr,mild_master_22,,
890,ShortHbO,7.0,2.5124671442046955e-18,2.8988958267294145e-09,0.001064857874857713,-36.698494725724835,-39078.681104112344,24,10,hbr,True,S24_D10 hbr,mild_master_22,,
891,az_itd=0_az=15,7.0,2.5124671442046955e-18,0.011883746716306386,1.206729571604564e-09,-3.3722497570323506,-0.004069393504647244,24,10,hbr,True,S24_D10 hbr,mild_master_22,,0.006311123918538397
892,az_itd=0_az=5,7.0,2.5124671442046955e-18,0.00015766450197676074,1.1846381140654351e-09,7.337081160254734,0.008691785988429204,24,10,hbr,True,S24_D10 hbr,mild_master_22,,0.026790458778241828
893,az_itd=15_az=0,7.0,2.5124671442046955e-18,4.235142386170221e-05,1.1865486552616266e-09,-9.00995305832575,-0.010690747685326801,24,10,hbr,True,S24_D10 hbr,mild_master_22,,-0.00787057241484113
894,az_itd=5_az=0,7.0,2.5124671442046955e-18,0.00024292484596608589,1.1818557417507163e-09,-6.845733636753395,-0.008090669605093012,24,10,hbr,True,S24_D10 hbr,mild_master_22,,-0.01858679755882209
895,constant,7.0,2.5124671442046955e-18,0.805254375283929,1.4476277441782114e-09,-0.2560761748193995,-0.00037070297529159265,24,10,hbr,False,S24_D10 hbr,mild_master_22,,
903,Linear,7.0,6.89228427153901e-18,0.056089927904623554,2.67300883871229e-13,2.2865755826398755,6.112036742780092e-07,24,19,hbr,False,S24_D19 hbr,mild_master_22,,
904,ShortHbO,7.0,6.89228427153901e-18,5.218894986340155e-09,0.0017636932068516157,-33.72770274769908,-59485.320218827444,24,19,hbr,True,S24_D19 hbr,mild_master_22,,
905,az_itd=0_az=15,7.0,6.89228427153901e-18,1.2657301675882453e-05,1.9986711825090414e-09,-10.824994945538952,-0.021635605448454734,24,19,hbr,True,S24_D19 hbr,mild_master_22,,0.02510478392271755
906,az_itd=0_az=5,7.0,6.89228427153901e-18,0.0013094147542467864,1.9620817422549425e-09,-5.160029899252669,-0.010124400454813273,24,19,hbr,True,S24_D19 hbr,mild_master_22,,0.01469404854333249
907,az_itd=15_az=0,7.0,6.89228427153901e-18,3.850123528654634e-06,1.965246116213846e-09,-12.92853642911119,-0.025407756005639992,24,19,hbr,True,S24_D19 hbr,mild_master_22,,-0.00801463458164887
908,az_itd=5_az=0,7.0,6.89228427153901e-18,7.318201193957129e-07,1.957473379706037e-09,-16.503739280276026,-0.03230563030674919,24,19,hbr,True,S24_D19 hbr,mild_master_22,,-0.03719723784600768
909,constant,7.0,6.89228427153901e-18,0.9358631167758007,2.397663837343736e-09,0.08340685997309187,0.0001999816119438751,24,19,hbr,False,S24_D19 hbr,mild_master_22,,
