,Condition,df,mse,p_value,se,t,theta,Source,Detector,Chroma,Significant,ch_name,ID,mean_hbo,mean_hbr
504,Linear,7.0,1.3125672004440366e-16,0.6746814597266628,1.0181896904952813e-12,-0.43785864330245466,-4.458231565048101e-07,1,7,hbo,False,S1_D7 hbo,mild_master_19,,
505,ShortHbO,7.0,1.3125672004440366e-16,2.552696347422359e-13,0.00634544906020963,139.6042666271133,885851.7624702707,1,7,hbo,True,S1_D7 hbo,mild_master_19,,
506,az_itd=0_az=15,7.0,1.3125672004440366e-16,1.6911523408822067e-05,8.400019413046842e-09,10.362353964456489,0.0870439744662974,1,7,hbo,True,S1_D7 hbo,mild_master_19,0.12335416992482137,
507,az_itd=0_az=5,7.0,1.3125672004440366e-16,3.191256780806769e-06,8.428582571587893e-09,13.292729826607147,0.11203887094536755,1,7,hbo,True,S1_D7 hbo,mild_master_19,0.22993428892308312,
508,az_itd=15_az=0,7.0,1.3125672004440366e-16,0.40387735880588355,8.452623954590501e-09,-0.8882825785558257,-0.007508318601946391,1,7,hbo,False,S1_D7 hbo,mild_master_19,-0.006564873303555652,
509,az_itd=5_az=0,7.0,1.3125672004440366e-16,0.0044089716710852935,8.613256330546653e-09,4.129097535310228,0.035564975485455404,1,7,hbo,True,S1_D7 hbo,mild_master_19,0.044747005374076616,
510,constant,7.0,1.3125672004440366e-16,0.49252489140486866,1.0011696232921882e-08,-0.724037514998241,-0.00724884366140201,1,7,hbo,False,S1_D7 hbo,mild_master_19,,
518,Linear,7.0,7.896111164361847e-17,0.480146914362682,7.897225669748312e-13,-0.7456780525519504,-5.888787857981193e-07,1,8,hbo,False,S1_D8 hbo,mild_master_19,,
519,ShortHbO,7.0,7.896111164361847e-17,2.3731991608793778e-14,0.004921621547748329,196.02594567270202,964765.5181405136,1,8,hbo,True,S1_D8 hbo,mild_master_19,,
520,az_itd=0_az=15,7.0,7.896111164361847e-17,1.5418545146270956e-05,6.515175861074493e-09,10.507959952564233,0.06846120703208397,1,8,hbo,True,S1_D8 hbo,mild_master_19,0.14053324116406676,
521,az_itd=0_az=5,7.0,7.896111164361847e-17,1.1450663256134165e-05,6.53732985761808e-09,10.989220898653258,0.07184016189272653,1,8,hbo,True,S1_D8 hbo,mild_master_19,0.18682399870694702,
522,az_itd=15_az=0,7.0,7.896111164361847e-17,0.9335199918628706,6.555976700024438e-09,0.08646251196365108,0.0005668462138592807,1,8,hbo,False,S1_D8 hbo,mild_master_19,-0.0019375655737908257,
523,az_itd=5_az=0,7.0,7.896111164361847e-17,0.051688203555233694,6.6805654809397636e-09,2.3420572424260113,0.015646266768136186,1,8,hbo,False,S1_D8 hbo,mild_master_19,0.13278409541379227,
524,constant,7.0,7.896111164361847e-17,0.7013820167154872,7.765215580791579e-09,-0.39957306239850904,-0.003102770969801508,1,8,hbo,False,S1_D8 hbo,mild_master_19,,
784,Linear,7.0,1.6006660730597406e-16,0.01702477651391863,1.124393409960264e-12,-3.112362670579005,-3.4995200762053615e-06,2,6,hbo,True,S2_D6 hbo,mild_master_19,,
785,ShortHbO,7.0,1.6006660730597406e-16,2.7535371171406705e-13,0.007007320122312046,138.10148533853743,967721.3171339154,2,6,hbo,True,S2_D6 hbo,mild_master_19,,
786,az_itd=0_az=15,7.0,1.6006660730597406e-16,1.0040722257295505e-06,9.276195349192573e-09,15.757629786284914,0.14617085213783448,2,6,hbo,True,S2_D6 hbo,mild_master_19,0.07118011666284413,
787,az_itd=0_az=5,7.0,1.6006660730597406e-16,3.510972774357257e-07,9.307737828487945e-09,18.36899954302478,0.17097383191808954,2,6,hbo,True,S2_D6 hbo,mild_master_19,0.2978714288124508,
788,az_itd=15_az=0,7.0,1.6006660730597406e-16,5.931548872464928e-07,9.334286882035437e-09,17.017832634336703,0.15884933191936362,2,6,hbo,True,S2_D6 hbo,mild_master_19,0.1381079378273637,
789,az_itd=5_az=0,7.0,1.6006660730597406e-16,0.0024400862287710084,9.511674245743177e-09,4.615147276467666,0.04389777748988926,2,6,hbo,True,S2_D6 hbo,mild_master_19,0.0915807910645662,
790,constant,7.0,1.6006660730597406e-16,0.5502491304049892,1.1055980405130153e-08,-0.627492013678031,-0.0069375394075999715,2,6,hbo,False,S2_D6 hbo,mild_master_19,,
798,Linear,7.0,1.0998767125875989e-15,0.5244643010746398,2.9474057406039834e-12,-0.6697874464303661,-1.9741353645933443e-06,3,5,hbo,False,S3_D5 hbo,mild_master_19,,
799,ShortHbO,7.0,1.0998767125875989e-15,1.7725258244265626e-11,0.018368495734497607,76.1465703404353,1398697.952494908,3,5,hbo,True,S3_D5 hbo,mild_master_19,,
800,az_itd=0_az=15,7.0,1.0998767125875989e-15,1.239935933961595e-05,2.431596555171946e-08,10.858563453102366,0.264036454866797,3,5,hbo,True,S3_D5 hbo,mild_master_19,0.06163461875543162,
801,az_itd=0_az=5,7.0,1.0998767125875989e-15,0.0004009886191799998,2.439864878671934e-08,-6.30820221576022,-0.15391161033793835,3,5,hbo,True,S3_D5 hbo,mild_master_19,0.1625599039088736,
802,az_itd=15_az=0,7.0,1.0998767125875989e-15,8.987015175625614e-05,2.4468242606943035e-08,8.017722021937743,0.19617956758780256,3,5,hbo,True,S3_D5 hbo,mild_master_19,0.0863116509906114,
803,az_itd=5_az=0,7.0,1.0998767125875989e-15,0.1075667409719779,2.4933233356151782e-08,1.8449143783134334,0.045999680716608524,3,5,hbo,False,S3_D5 hbo,mild_master_19,0.22620754863410364,
804,constant,7.0,1.0998767125875989e-15,0.7985988902776955,2.898136882111161e-08,-0.2650601492473716,-0.007681805945116965,3,5,hbo,False,S3_D5 hbo,mild_master_19,,
812,Linear,7.0,2.1276959229047026e-16,0.6110882882086017,1.29635128429961e-12,0.5321487920785634,6.898517700495317e-07,4,2,hbo,False,S4_D2 hbo,mild_master_19,,
813,ShortHbO,7.0,2.1276959229047026e-16,1.371409734454817e-09,0.008078976948449694,40.85819264155588,330092.3965064469,4,2,hbo,True,S4_D2 hbo,mild_master_19,,
814,az_itd=0_az=15,7.0,2.1276959229047026e-16,0.0034431079093008386,1.0694840122519778e-08,-4.32875019666246,-0.04629529128363106,4,2,hbo,True,S4_D2 hbo,mild_master_19,-0.027530475052675064,
815,az_itd=0_az=5,7.0,2.1276959229047026e-16,0.0001749631598200495,1.073120651633028e-08,-7.216292818938475,-0.07743952852233997,4,2,hbo,True,S4_D2 hbo,mild_master_19,-0.036305118776965954,
816,az_itd=15_az=0,7.0,2.1276959229047026e-16,7.291801854918522e-07,1.0761815820296627e-08,16.512456021717725,0.17770401044647413,4,2,hbo,True,S4_D2 hbo,mild_master_19,-0.018340413177954953,
817,az_itd=5_az=0,7.0,2.1276959229047026e-16,0.3238767919923394,1.0966331726138851e-08,1.0611002827203466,0.011636377695011043,4,2,hbo,False,S4_D2 hbo,mild_master_19,-0.03132363982782422,
818,constant,7.0,2.1276959229047026e-16,0.40099682694632743,1.274681465616941e-08,-0.8940327014883985,-0.01139606914242705,4,2,hbo,False,S4_D2 hbo,mild_master_19,,
826,Linear,7.0,1.8502144795386758e-16,0.39237663961991254,1.2088682164491764e-12,-0.9114243641563899,-1.1017919455260599e-06,5,1,hbo,False,S5_D1 hbo,mild_master_19,,
827,ShortHbO,7.0,1.8502144795386758e-16,6.5183216340046665e-12,0.007533774658682097,87.8564234077038,661890.4962714035,5,1,hbo,True,S5_D1 hbo,mild_master_19,,
828,az_itd=0_az=15,7.0,1.8502144795386758e-16,0.01092389809917374,9.973108725004766e-09,3.4341245266607237,0.034248897279592926,5,1,hbo,True,S5_D1 hbo,mild_master_19,-0.04241218540241263,
829,az_itd=0_az=5,7.0,1.8502144795386758e-16,2.1417093244526275e-05,1.0007020966352329e-08,9.998377999446586,0.10005397826997785,5,1,hbo,True,S5_D1 hbo,mild_master_19,0.14184176172430438,
830,az_itd=15_az=0,7.0,1.8502144795386758e-16,0.00010447014457670759,1.0035564629741022e-08,7.8305982279869895,0.07858447460649896,5,1,hbo,True,S5_D1 hbo,mild_master_19,0.04797491730341116,
831,az_itd=5_az=0,7.0,1.8502144795386758e-16,0.008620053738717595,1.0226278968767231e-08,3.6103594699272037,0.036920543117006176,5,1,hbo,True,S5_D1 hbo,mild_master_19,0.17727185762878944,
832,constant,7.0,1.8502144795386758e-16,0.5868055179721205,1.1886607654449926e-08,-0.5695207653021859,-0.006769669888209142,5,1,hbo,False,S5_D1 hbo,mild_master_19,,
840,Linear,7.0,3.573958844632275e-16,0.6952942278070605,1.68012925958243e-12,-0.40824271424852054,-6.859005292202884e-07,5,3,hbo,False,S5_D3 hbo,mild_master_19,,
841,ShortHbO,7.0,3.573958844632275e-16,1.0231791950467493e-11,0.0104707155560199,82.37126792298086,862486.1164102389,5,3,hbo,True,S5_D3 hbo,mild_master_19,,
842,az_itd=0_az=15,7.0,3.573958844632275e-16,3.3104443948493656e-05,1.3860991256015701e-08,9.356760204742141,0.1296939713825665,5,3,hbo,True,S5_D3 hbo,mild_master_19,-0.022255481814059012,
843,az_itd=0_az=5,7.0,3.573958844632275e-16,3.8984293196574514e-05,1.3908123729324842e-08,9.1253245627947,0.1269161430895958,5,3,hbo,True,S5_D3 hbo,mild_master_19,0.1559302504266029,
844,az_itd=15_az=0,7.0,3.573958844632275e-16,0.0028824760680516495,1.3947794756639863e-08,4.475310189370934,0.062420707993644874,5,3,hbo,True,S5_D3 hbo,mild_master_19,-0.09378798537343114,
845,az_itd=5_az=0,7.0,3.573958844632275e-16,0.8436121988818044,1.4212856520080915e-08,0.2047253865533019,0.0029097325451001824,5,3,hbo,False,S5_D3 hbo,mild_master_19,-0.19543895573171072,
846,constant,7.0,3.573958844632275e-16,0.2750151705936315,1.6520442051226207e-08,-1.1841061267438848,-0.019561956649374265,5,3,hbo,False,S5_D3 hbo,mild_master_19,,
854,Linear,7.0,7.326025210187287e-17,0.027285907726581102,7.606802244972296e-13,-2.780314228158048,-2.1149300512481054e-06,6,1,hbo,True,S6_D1 hbo,mild_master_19,,
855,ShortHbO,7.0,7.326025210187287e-17,5.2939024636116405e-14,0.004740627076383038,174.7942354536679,828634.2853873301,6,1,hbo,True,S6_D1 hbo,mild_master_19,,
856,az_itd=0_az=15,7.0,7.326025210187287e-17,1.55515601983485e-07,6.275577834410582e-09,20.674530936858126,0.1297446280841827,6,1,hbo,True,S6_D1 hbo,mild_master_19,0.14634470165326424,
857,az_itd=0_az=5,7.0,7.326025210187287e-17,3.776870911503631e-07,6.296917109453514e-09,18.174899088461864,0.11444583303272658,6,1,hbo,True,S6_D1 hbo,mild_master_19,0.21365083116899175,
858,az_itd=15_az=0,7.0,7.326025210187287e-17,2.149226410008084e-06,6.314878207263051e-09,14.091337562984389,0.08898508048767735,6,1,hbo,True,S6_D1 hbo,mild_master_19,0.16498126786688236,
859,az_itd=5_az=0,7.0,7.326025210187287e-17,0.0008052918305536067,6.434885189208048e-09,5.6125759281361525,0.036116281713268944,6,1,hbo,True,S6_D1 hbo,mild_master_19,0.17125848901351806,
860,constant,7.0,7.326025210187287e-17,0.3684471260987391,7.47964687636206e-09,-0.9612483395880563,-0.0071897981406080225,6,1,hbo,False,S6_D1 hbo,mild_master_19,,
868,Linear,7.0,1.6380959507492755e-16,0.3746000622329036,1.137463815521811e-12,-0.948209300546432,-1.0785537689128122e-06,6,2,hbo,False,S6_D2 hbo,mild_master_19,,
869,ShortHbO,7.0,1.6380959507492755e-16,8.833982752058611e-13,0.007088776056762465,116.90866198720907,828739.3239230637,6,2,hbo,True,S6_D2 hbo,mild_master_19,,
870,az_itd=0_az=15,7.0,1.6380959507492755e-16,8.619827597988004e-06,9.384025610565563e-09,11.467048151700181,0.107607073533143,6,2,hbo,True,S6_D2 hbo,mild_master_19,0.048668130332581785,
871,az_itd=0_az=5,7.0,1.6380959507492755e-16,0.0002381023890317584,9.415934752448206e-09,6.867940205231805,0.06466807685617842,6,2,hbo,True,S6_D2 hbo,mild_master_19,0.07803644042358791,
872,az_itd=15_az=0,7.0,1.6380959507492755e-16,0.03141115831410865,9.442792422974477e-09,2.6828093675838773,0.02533321196850599,6,2,hbo,True,S6_D2 hbo,mild_master_19,0.06442769822553467,
873,az_itd=5_az=0,7.0,1.6380959507492755e-16,0.0003177781772518924,9.622241809426761e-09,6.553530169736922,0.06305965199858227,6,2,hbo,True,S6_D2 hbo,mild_master_19,0.25517146908808536,
874,constant,7.0,1.6380959507492755e-16,0.5219150201237939,1.1184499610681769e-08,-0.6740386486230447,-0.007538785003108908,6,2,hbo,False,S6_D2 hbo,mild_master_19,,
896,Linear,7.0,1.7873761276976036e-16,0.4846047970419073,1.1881626554743905e-12,-0.737842107516309,-8.766764377873984e-07,7,7,hbo,False,S7_D7 hbo,mild_master_19,,
897,ShortHbO,7.0,1.7873761276976036e-16,1.287542915958923e-11,0.007404735753991697,79.7083215180336,590219.0582352491,7,7,hbo,True,S7_D7 hbo,mild_master_19,,
898,az_itd=0_az=15,7.0,1.7873761276976036e-16,2.2240290130106348e-05,9.802288772917427e-09,9.941318838422534,0.09744767803786172,7,7,hbo,True,S7_D7 hbo,mild_master_19,0.1928403207922491,
899,az_itd=0_az=5,7.0,1.7873761276976036e-16,0.30594544727587564,9.835620163539114e-09,1.1043620097717266,0.010862085251157373,7,7,hbo,False,S7_D7 hbo,mild_master_19,0.20022489360504125,
900,az_itd=15_az=0,7.0,1.7873761276976036e-16,0.0020329482062131283,9.863674929499041e-09,-4.7711755395859745,-0.047061324554053235,7,7,hbo,True,S7_D7 hbo,mild_master_19,-0.07675051011843101,
901,az_itd=5_az=0,7.0,1.7873761276976036e-16,1.4134525706600068e-07,1.0051122702888284e-08,20.962746217820246,0.2106991344248186,7,7,hbo,True,S7_D7 hbo,mild_master_19,0.3204600905045559,
902,constant,7.0,1.7873761276976036e-16,0.4593784817423807,1.1683013187969952e-08,-0.7828445535837933,-0.009145983243649907,7,7,hbo,False,S7_D7 hbo,mild_master_19,,
910,Linear,7.0,1.290162054013223e-16,0.6140804431949773,1.0094621828775947e-12,-0.5276007999990487,-5.32593055255005e-07,7,8,hbo,False,S7_D8 hbo,mild_master_19,,
911,ShortHbO,7.0,1.290162054013223e-16,8.232180032127874e-12,0.00629105845350089,84.97256386772392,534567.3662356889,7,8,hbo,True,S7_D8 hbo,mild_master_19,,
912,az_itd=0_az=15,7.0,1.290162054013223e-16,0.00026769592680865617,8.328017865495892e-09,6.73897776940086,0.056122327258750014,7,8,hbo,True,S7_D8 hbo,mild_master_19,0.11155958376560225,
913,az_itd=0_az=5,7.0,1.290162054013223e-16,0.001075601538055303,8.356336192267306e-09,5.340128745645042,0.044623911108600665,7,8,hbo,True,S7_D8 hbo,mild_master_19,0.18072179370764482,
914,az_itd=15_az=0,7.0,1.290162054013223e-16,0.008546231432498459,8.380171502319801e-09,-3.6168229557995604,-0.030309596663127544,7,8,hbo,True,S7_D8 hbo,mild_master_19,-0.08418703891111383,
915,az_itd=5_az=0,7.0,1.290162054013223e-16,1.0798621784036565e-05,8.539427002927586e-09,11.086365610392209,0.09467120985771099,7,8,hbo,True,S7_D8 hbo,mild_master_19,0.21346618765381675,
916,constant,7.0,1.290162054013223e-16,0.6325001070210445,9.925880047632981e-09,-0.4998610651510789,-0.004961560973171664,7,8,hbo,False,S7_D8 hbo,mild_master_19,,
882,Linear,7.0,1.7342411959572946e-16,0.23832178217794794,1.1703686250157883e-12,-1.2891084894248923,-1.508732130264391e-06,7,17,hbo,False,S7_D17 hbo,mild_master_19,,
883,ShortHbO,7.0,1.7342411959572946e-16,4.544904612955338e-07,0.007293841767434089,17.691535023396195,129039.2570836702,7,17,hbo,True,S7_D17 hbo,mild_master_19,,
884,az_itd=0_az=15,7.0,1.7342411959572946e-16,0.00011254911289728167,9.655488817384684e-09,7.739339397012072,0.07472710500179479,7,17,hbo,True,S7_D17 hbo,mild_master_19,0.1155080436387156,
885,az_itd=0_az=5,7.0,1.7342411959572946e-16,0.0001074500957498316,9.68832103411194e-09,7.796038079763843,0.07553051971091368,7,17,hbo,True,S7_D17 hbo,mild_master_19,0.014931555762233747,
886,az_itd=15_az=0,7.0,1.7342411959572946e-16,0.20104936136604035,9.715955649381471e-09,1.4112051993366168,0.013711207128931107,7,17,hbo,False,S7_D17 hbo,mild_master_19,0.007601593691070654,
887,az_itd=5_az=0,7.0,1.7342411959572946e-16,1.4377408767047915e-05,9.90059618810994e-09,10.61931389337397,0.10513753865308126,7,17,hbo,True,S7_D17 hbo,mild_master_19,0.07687380738393423,
888,constant,7.0,1.7342411959572946e-16,0.6320958693339372,1.1508047334972336e-08,-0.50046522893431,-0.005759377544083806,7,17,hbo,False,S7_D17 hbo,mild_master_19,,
924,Linear,7.0,9.650642966752272e-16,0.3371038973406685,2.760870561585705e-12,-1.030399387702537,-2.84479933618387e-06,9,15,hbo,False,S9_D15 hbo,mild_master_19,,
925,ShortHbO,7.0,9.650642966752272e-16,1.4781984858346868e-10,0.017205991844066536,56.216617089178015,967262.6551374084,9,15,hbo,True,S9_D15 hbo,mild_master_19,,
926,az_itd=0_az=15,7.0,9.650642966752272e-16,2.7807409442070797e-05,2.277705866668951e-08,9.609194515799647,0.21886918722599966,9,15,hbo,True,S9_D15 hbo,mild_master_19,-0.06089488862083439,
927,az_itd=0_az=5,7.0,9.650642966752272e-16,0.0805993742065489,2.2854509051718976e-08,-2.0409535432223924,-0.04664499122771408,9,15,hbo,False,S9_D15 hbo,mild_master_19,0.044791956482861606,
928,az_itd=15_az=0,7.0,9.650642966752272e-16,1.3054986799224778e-06,2.291969842380879e-08,15.16283491933514,0.3475276036011585,9,15,hbo,True,S9_D15 hbo,mild_master_19,0.31467731775749996,
929,az_itd=5_az=0,7.0,9.650642966752272e-16,0.09284798593707018,2.3355260875633637e-08,1.945006033394443,0.04542612331460861,9,15,hbo,False,S9_D15 hbo,mild_master_19,0.11588193445105133,
930,constant,7.0,9.650642966752272e-16,0.6398471708099689,2.7147198266726723e-08,-0.48891503777088996,-0.013272673465950534,9,15,hbo,False,S9_D15 hbo,mild_master_19,,
28,Linear,7.0,4.360207010196353e-15,0.20032206950788908,5.868423884352086e-12,-1.4137807278490124,-8.296664590545822e-06,10,6,hbo,False,S10_D6 hbo,mild_master_19,,
29,ShortHbO,7.0,4.360207010196353e-15,7.842095178243488e-10,0.036572541609373385,44.26647888432581,1618937.6408974538,10,6,hbo,True,S10_D6 hbo,mild_master_19,,
30,az_itd=0_az=15,7.0,4.360207010196353e-15,7.560807467887565e-08,4.8414234609433735e-08,22.9491379879691,1.111064950633804,10,6,hbo,True,S10_D6 hbo,mild_master_19,0.9518636073431896,
31,az_itd=0_az=5,7.0,4.360207010196353e-15,0.15792451401712795,4.857886083120711e-08,-1.5808516678854052,-0.07679597316898676,10,6,hbo,False,S10_D6 hbo,mild_master_19,0.7280594860508274,
32,az_itd=15_az=0,7.0,4.360207010196353e-15,0.6550782549489809,4.8717425410619357e-08,0.46642564704497774,0.022723056669513575,10,6,hbo,False,S10_D6 hbo,mild_master_19,-0.15028618472425898,
33,az_itd=5_az=0,7.0,4.360207010196353e-15,0.23247840513517207,4.964324392995908e-08,-1.3070921367672061,-0.06488829378446585,10,6,hbo,False,S10_D6 hbo,mild_master_19,0.45841258214176434,
34,constant,7.0,4.360207010196353e-15,0.9368026907552955,5.7703272626515415e-08,0.08218181997920751,0.004742159963203422,10,6,hbo,False,S10_D6 hbo,mild_master_19,,
0,Linear,7.0,1.2039481925312096e-16,0.05355386888989422,9.751508892084832e-13,-2.317975974744977,-2.260376332936465e-06,10,14,hbo,False,S10_D14 hbo,mild_master_19,,
1,ShortHbO,7.0,1.2039481925312096e-16,7.033144648378487e-15,0.006077227407871923,233.22700035760704,1417373.5188290041,10,14,hbo,True,S10_D14 hbo,mild_master_19,,
2,az_itd=0_az=15,7.0,1.2039481925312096e-16,6.526289778654985e-06,8.04495122713002e-09,11.953458339917823,0.09616498934016947,10,14,hbo,True,S10_D14 hbo,mild_master_19,0.014200834881559033,
3,az_itd=0_az=5,7.0,1.2039481925312096e-16,5.126034210254768e-07,8.072307023117661e-09,17.383993034373084,0.14032892906119837,10,14,hbo,True,S10_D14 hbo,mild_master_19,0.10346532980231858,
4,az_itd=15_az=0,7.0,1.2039481925312096e-16,3.7008814314818577e-06,8.095332178677222e-09,13.00446776787594,0.10527548638785685,10,14,hbo,True,S10_D14 hbo,mild_master_19,0.005207558176362795,
5,az_itd=5_az=0,7.0,1.2039481925312096e-16,6.955476440687715e-07,8.249174636238464e-09,16.626760058931332,0.1371570473609591,10,14,hbo,True,S10_D14 hbo,mild_master_19,0.08213112063529171,
6,constant,7.0,1.2039481925312096e-16,0.2643275505171348,9.58850258960095e-09,-1.2133982609203453,-0.01163467236705202,10,14,hbo,False,S10_D14 hbo,mild_master_19,,
14,Linear,7.0,4.810362119393786e-17,0.14334957367954182,6.163917353539334e-13,-1.6479707670762669,-1.0157955609306928e-06,10,15,hbo,False,S10_D15 hbo,mild_master_19,,
15,ShortHbO,7.0,4.810362119393786e-17,2.622375201273976e-15,0.0038414083292475894,268.52995866230475,1031533.2198578884,10,15,hbo,True,S10_D15 hbo,mild_master_19,,
16,az_itd=0_az=15,7.0,4.810362119393786e-17,1.6214888272750234e-06,5.085204251573265e-09,14.687824299013636,0.07469058657170526,10,15,hbo,True,S10_D15 hbo,mild_master_19,0.12164892738903324,
17,az_itd=0_az=5,7.0,4.810362119393786e-17,7.03785101424524e-07,5.10249581818866e-09,16.59819043864282,0.084692197302674,10,15,hbo,True,S10_D15 hbo,mild_master_19,0.2596501275361128,
18,az_itd=15_az=0,7.0,4.810362119393786e-17,2.219631405735869e-05,5.117049992059815e-09,9.94430602786672,0.050885511080935766,10,15,hbo,True,S10_D15 hbo,mild_master_19,0.10590936180235944,
19,az_itd=5_az=0,7.0,4.810362119393786e-17,0.0008538510492560063,5.2142936293642505e-09,5.556724308227222,0.028974392160522677,10,15,hbo,True,S10_D15 hbo,mild_master_19,0.20080848061410464,
20,constant,7.0,4.810362119393786e-17,0.3254600052150707,6.060881260588401e-09,-1.0573736690651165,-0.006408616256276367,10,15,hbo,False,S10_D15 hbo,mild_master_19,,
84,Linear,7.0,2.336074664142127e-16,0.09540814111773084,1.3583487306060882e-12,-1.926531937475159,-2.61690221174147e-06,11,3,hbo,False,S11_D3 hbo,mild_master_19,,
85,ShortHbO,7.0,2.336074664142127e-16,6.717030803057874e-13,0.00846535056927223,121.57692704238137,1029191.3085485916,11,3,hbo,True,S11_D3 hbo,mild_master_19,,
86,az_itd=0_az=15,7.0,2.336074664142127e-16,1.3079202696420585e-05,1.1206316282016562e-08,10.771729180305211,0.1207114040987272,11,3,hbo,True,S11_D3 hbo,mild_master_19,0.018547420871392807,
87,az_itd=0_az=5,7.0,2.336074664142127e-16,6.209896653537325e-05,1.1244421883073536e-08,8.493004178630454,0.09549892203922725,11,3,hbo,True,S11_D3 hbo,mild_master_19,0.00035816508940242483,
88,az_itd=15_az=0,7.0,2.336074664142127e-16,1.0678205856599108e-05,1.127649506392427e-08,11.105034175998282,0.12522586307035494,11,3,hbo,True,S11_D3 hbo,mild_master_19,0.11668244997668464,
89,az_itd=5_az=0,7.0,2.336074664142127e-16,0.005687989189824715,1.1490791855584125e-08,3.92831244373214,0.045139420634627045,11,3,hbo,True,S11_D3 hbo,mild_master_19,0.19661053472696774,
90,constant,7.0,2.336074664142127e-16,0.9113312001104803,1.3356425621033349e-08,-0.11544910555666044,-0.001541987391382363,11,3,hbo,False,S11_D3 hbo,mild_master_19,,
98,Linear,7.0,8.191333309154451e-17,0.11102599593338916,8.043502859586573e-13,-1.8233267939063382,-1.466593428074645e-06,11,4,hbo,False,S11_D4 hbo,mild_master_19,,
99,ShortHbO,7.0,8.191333309154451e-17,1.3879734730145215e-14,0.005012782798491086,211.63990433533345,1060904.8719264586,11,4,hbo,True,S11_D4 hbo,mild_master_19,,
100,az_itd=0_az=15,7.0,8.191333309154451e-17,7.829957507434476e-06,6.635853888538083e-09,11.632985944185318,0.077194795013031,11,4,hbo,True,S11_D4 hbo,mild_master_19,-0.002671632845967463,
101,az_itd=0_az=5,7.0,8.191333309154451e-17,5.761602478837755e-08,6.658418234803661e-09,23.868132021404154,0.1589240054820186,11,4,hbo,True,S11_D4 hbo,mild_master_19,0.10177352992600676,
102,az_itd=15_az=0,7.0,8.191333309154451e-17,0.0006370484872792425,6.67741046530207e-09,5.839986925378477,0.038995989812749494,11,4,hbo,True,S11_D4 hbo,mild_master_19,0.006481868533389523,
103,az_itd=5_az=0,7.0,8.191333309154451e-17,0.05584810748208707,6.804306954964718e-09,2.2895068411504296,0.015578507322679168,11,4,hbo,False,S11_D4 hbo,mild_master_19,0.05057721083465205,
104,constant,7.0,8.191333309154451e-17,0.4690440149683225,7.909047599926811e-09,-0.7654087576696335,-0.006053654297809977,11,4,hbo,False,S11_D4 hbo,mild_master_19,,
42,Linear,7.0,4.4235543347615377e-17,0.8324071085373985,5.910899898915526e-13,-0.219655961587429,-1.2983644011433267e-07,11,11,hbo,False,S11_D11 hbo,mild_master_19,,
43,ShortHbO,7.0,4.4235543347615377e-17,1.171921254459111e-14,0.0036837255924602724,216.81858893732743,798700.1849895568,11,11,hbo,True,S11_D11 hbo,mild_master_19,,
44,az_itd=0_az=15,7.0,4.4235543347615377e-17,0.0007734380749971925,4.876465983005073e-09,5.651295463986207,0.027558350090039607,11,11,hbo,True,S11_D11 hbo,mild_master_19,-0.01680751870151397,
45,az_itd=0_az=5,7.0,4.4235543347615377e-17,3.2657770293314183e-06,4.8930477626586145e-09,13.24743034296798,0.06482030940063532,11,11,hbo,True,S11_D11 hbo,mild_master_19,0.05188230676710992,
46,az_itd=15_az=0,7.0,4.4235543347615377e-17,0.4328665580551372,4.907004514498322e-09,-0.8320100853338979,-0.0040826772448415705,11,11,hbo,False,S11_D11 hbo,mild_master_19,-0.009969186600596308,
47,az_itd=5_az=0,7.0,4.4235543347615377e-17,0.32516345296921195,5.000256479595309e-09,-1.0580706007897382,-0.00529062437746819,11,11,hbo,False,S11_D11 hbo,mild_master_19,0.012166720680144561,
48,constant,7.0,4.4235543347615377e-17,0.5944168912703227,5.812093247807752e-09,-0.5577153434634249,-0.0032414935819425534,11,11,hbo,False,S11_D11 hbo,mild_master_19,,
56,Linear,7.0,6.176268647838316e-17,0.3648709239461695,6.98443066865323e-13,-0.9689032790807418,-6.767237777370212e-07,11,12,hbo,False,S11_D12 hbo,mild_master_19,,
57,ShortHbO,7.0,6.176268647838316e-17,4.997508096270766e-15,0.004352759553177812,244.89536848745757,1065970.6547127813,11,12,hbo,True,S11_D12 hbo,mild_master_19,,
58,az_itd=0_az=15,7.0,6.176268647838316e-17,7.854172101477083e-05,5.762124067198926e-09,8.188325563315788,0.047182147798442105,11,12,hbo,True,S11_D12 hbo,mild_master_19,-0.02707929122106904,
59,az_itd=0_az=5,7.0,6.176268647838316e-17,1.442959251508828e-07,5.781717410401083e-09,20.90009046669718,0.12083841693026078,11,12,hbo,True,S11_D12 hbo,mild_master_19,0.09682940092781449,
60,az_itd=15_az=0,7.0,6.176268647838316e-17,0.008650282421576633,5.798208971288777e-09,3.6077300889118176,0.02091837296751696,11,12,hbo,True,S11_D12 hbo,mild_master_19,0.00042780765017250865,
61,az_itd=5_az=0,7.0,6.176268647838316e-17,0.9487678798366264,5.908397249905216e-09,-0.06659289531711435,-0.0003934572795548644,11,12,hbo,False,S11_D12 hbo,mild_master_19,0.05563079977447613,
62,constant,7.0,6.176268647838316e-17,0.46190326956797045,6.8676788684086225e-09,-0.7782660566930014,-0.005344881351550233,11,12,hbo,False,S11_D12 hbo,mild_master_19,,
70,Linear,7.0,2.0288040267324217e-16,0.12921433759725617,1.2658666861468156e-12,-1.719481963970484,-2.1766349356205345e-06,11,13,hbo,False,S11_D13 hbo,mild_master_19,,
71,ShortHbO,7.0,2.0288040267324217e-16,9.1995913992916e-14,0.007888994210944836,161.52319063011316,1274255.5158143018,11,13,hbo,True,S11_D13 hbo,mild_master_19,,
72,az_itd=0_az=15,7.0,2.0288040267324217e-16,1.958502906175376e-05,1.0443343551033335e-08,10.134823109303547,0.1058414395594088,11,13,hbo,True,S11_D13 hbo,mild_master_19,0.009970182417893379,
73,az_itd=0_az=5,7.0,2.0288040267324217e-16,4.962456172180189e-07,1.047885476391024e-08,17.466375927004222,0.1830276165909353,11,13,hbo,True,S11_D13 hbo,mild_master_19,0.058249055599958154,
74,az_itd=15_az=0,7.0,2.0288040267324217e-16,0.00014188303993397966,1.0508744268897363e-08,7.461085820171553,0.0784066428524792,11,13,hbo,True,S11_D13 hbo,mild_master_19,0.0508553942067476,
75,az_itd=5_az=0,7.0,2.0288040267324217e-16,0.00020543355750125017,1.0708450841589722e-08,7.0331041440363675,0.0753136499901944,11,13,hbo,True,S11_D13 hbo,mild_master_19,0.07871776555872692,
76,constant,7.0,2.0288040267324217e-16,0.4657033203877169,1.2447064482564716e-08,-0.7714071374066526,-0.009601754381611266,11,13,hbo,False,S11_D13 hbo,mild_master_19,,
112,Linear,7.0,5.542599484395246e-17,0.7672362026180635,6.616444442007813e-13,-0.3077380090519062,-2.0361314395860344e-07,13,1,hbo,False,S13_D1 hbo,mild_master_19,,
113,ShortHbO,7.0,5.542599484395246e-17,5.709251332600451e-13,0.004123427251168211,124.43448775510609,513096.55779456155,13,1,hbo,True,S13_D1 hbo,mild_master_19,,
114,az_itd=0_az=15,7.0,5.542599484395246e-17,0.0006396511395022466,5.4585370758543414e-09,5.835976871769696,0.031855896128383326,13,1,hbo,True,S13_D1 hbo,mild_master_19,0.14386280379871508,
115,az_itd=0_az=5,7.0,5.542599484395246e-17,0.00020115062510551692,5.477098111517863e-09,7.056933550126911,0.03865151742050715,13,1,hbo,True,S13_D1 hbo,mild_master_19,0.1472458789790375,
116,az_itd=15_az=0,7.0,5.542599484395246e-17,0.3205651663758473,5.492720787373912e-09,-1.068942557026277,-0.005871403003486856,13,1,hbo,False,S13_D1 hbo,mild_master_19,-0.015710402026059705,
117,az_itd=5_az=0,7.0,5.542599484395246e-17,6.179327593982935e-05,5.597103615153734e-09,-8.499505617009259,-0.04757261361598199,13,1,hbo,True,S13_D1 hbo,mild_master_19,0.11033892422009678,
118,constant,7.0,5.542599484395246e-17,0.8211351345897062,6.505843902540822e-09,0.2347319552825118,0.0015271294600062144,13,1,hbo,False,S13_D1 hbo,mild_master_19,,
140,Linear,7.0,2.1842572968864433e-16,0.996139322571487,1.3134689758205501e-12,-0.0050140021388079955,-6.585736254022185e-09,13,3,hbo,False,S13_D3 hbo,mild_master_19,,
141,ShortHbO,7.0,2.1842572968864433e-16,3.5429585118050496e-12,0.008185655930360887,95.85742181460678,784655.8733458411,13,3,hbo,True,S13_D3 hbo,mild_master_19,,
142,az_itd=0_az=15,7.0,2.1842572968864433e-16,0.11433665211583975,1.0836060312062751e-08,1.8032654757578477,0.019540293453972568,13,3,hbo,False,S13_D3 hbo,mild_master_19,0.07731134836043041,
143,az_itd=0_az=5,7.0,2.1842572968864433e-16,0.009443504147276412,1.0872906906509082e-08,3.5420779515550427,0.038512683822856365,13,3,hbo,True,S13_D3 hbo,mild_master_19,0.21592240102916932,
144,az_itd=15_az=0,7.0,2.1842572968864433e-16,0.00220239660164778,1.0903920391525204e-08,-4.702375791332266,-0.05127433127972236,13,3,hbo,True,S13_D3 hbo,mild_master_19,-0.10837999407705746,
145,az_itd=5_az=0,7.0,2.1842572968864433e-16,0.00015963526703120958,1.1111136830957152e-08,-7.322584457780091,-0.08136223786663478,13,3,hbo,True,S13_D3 hbo,mild_master_19,0.1775440296497209,
146,constant,7.0,2.1842572968864433e-16,0.4380706584039653,1.2915130176662603e-08,0.8221961193386004,0.010618769912004845,13,3,hbo,False,S13_D3 hbo,mild_master_19,,
154,Linear,7.0,7.334158276502364e-17,0.35992572981563914,7.611023460732358e-13,-0.9795838034133808,-7.455635309532676e-07,13,9,hbo,False,S13_D9 hbo,mild_master_19,,
155,ShortHbO,7.0,7.334158276502364e-17,1.3792219881505982e-09,0.004743257775733823,40.82492701408322,193643.15250331606,13,9,hbo,True,S13_D9 hbo,mild_master_19,,
156,az_itd=0_az=15,7.0,7.334158276502364e-17,0.0004895196470561961,6.2790603185353165e-09,6.1032332084785565,0.03832256945412469,13,9,hbo,True,S13_D9 hbo,mild_master_19,0.17446478746500324,
157,az_itd=0_az=5,7.0,7.334158276502364e-17,0.0008102193054614818,6.300411435306378e-09,5.6067393222284725,0.035324764540550196,13,9,hbo,True,S13_D9 hbo,mild_master_19,0.06634665512664169,
158,az_itd=15_az=0,7.0,7.334158276502364e-17,8.79908227280038e-05,6.318382500204147e-09,-8.044284570272422,-0.05082686685547151,13,9,hbo,True,S13_D9 hbo,mild_master_19,0.046983289137665,
159,az_itd=5_az=0,7.0,7.334158276502364e-17,5.632564188258985e-07,6.4384560771975225e-09,17.146732652286545,0.1103984850491955,13,9,hbo,True,S13_D9 hbo,mild_master_19,0.14241621197396012,
160,constant,7.0,7.334158276502364e-17,0.7816598753031618,7.483797530244914e-09,-0.2880371570102755,-0.0021556117642522665,13,9,hbo,False,S13_D9 hbo,mild_master_19,,
126,Linear,7.0,1.6287682705025526e-16,0.017540632469801035,1.1342207070545636e-12,-3.091070116924405,-3.5059557335732315e-06,13,11,hbo,True,S13_D11 hbo,mild_master_19,,
127,ShortHbO,7.0,1.6287682705025526e-16,4.76703415977911e-12,0.0070685647152337145,91.87576970689697,649429.8239351106,13,11,hbo,True,S13_D11 hbo,mild_master_19,,
128,az_itd=0_az=15,7.0,1.6287682705025526e-16,8.838422490544038e-08,9.357270110742888e-09,22.436897436929875,0.20994810976438766,13,11,hbo,True,S13_D11 hbo,mild_master_19,0.1978309470859373,
129,az_itd=0_az=5,7.0,1.6287682705025526e-16,2.529235631728517e-07,9.389088274075876e-09,19.265978329794827,0.18088997122487652,13,11,hbo,True,S13_D11 hbo,mild_master_19,0.22891052365651882,
130,az_itd=15_az=0,7.0,1.6287682705025526e-16,3.022132166232868e-06,9.415869368681661e-09,13.400163597528495,0.1261741899532916,13,11,hbo,True,S13_D11 hbo,mild_master_19,0.0750438308190446,
131,az_itd=5_az=0,7.0,1.6287682705025526e-16,0.00010067891019047879,9.594807113518006e-09,7.876211534613676,0.07557073045988387,13,11,hbo,True,S13_D11 hbo,mild_master_19,0.3427468463434509,
132,constant,7.0,1.6287682705025526e-16,0.42166336193729537,1.115261064428622e-08,-0.8534254722629032,-0.00951792200606425,13,11,hbo,False,S13_D11 hbo,mild_master_19,,
168,Linear,7.0,4.5053930654975193e-17,0.7537149667813277,5.965327129565277e-13,-0.3263292099964047,-1.9466604895611572e-07,14,1,hbo,False,S14_D1 hbo,mild_master_19,,
169,ShortHbO,7.0,4.5053930654975193e-17,1.7699242958006713e-12,0.0037176451285546013,105.85489791164046,393530.9455548548,14,1,hbo,True,S14_D1 hbo,mild_master_19,,
170,az_itd=0_az=15,7.0,4.5053930654975193e-17,0.02799945255337661,4.921368204892028e-09,2.762388174750061,0.013594729332784673,14,1,hbo,True,S14_D1 hbo,mild_master_19,0.12574036749542242,
171,az_itd=0_az=5,7.0,4.5053930654975193e-17,4.5444890596095935e-05,4.93810266863111e-09,8.91276362620505,0.04401214184744145,14,1,hbo,True,S14_D1 hbo,mild_master_19,0.12085272525775122,
172,az_itd=15_az=0,7.0,4.5053930654975193e-17,9.445052762703883e-05,4.952187933449296e-09,-7.955526643140468,-0.039397263046394605,14,1,hbo,True,S14_D1 hbo,mild_master_19,0.05537770909115508,
173,az_itd=5_az=0,7.0,4.5053930654975193e-17,2.8756230756366693e-05,5.046298557346073e-09,9.560163475098806,0.048243439152383716,14,1,hbo,True,S14_D1 hbo,mild_master_19,0.15725353126401148,
174,constant,7.0,4.5053930654975193e-17,0.7694513028178396,5.8656106724243215e-09,-0.30470391510473904,-0.0017872745363678316,14,1,hbo,False,S14_D1 hbo,mild_master_19,,
196,Linear,7.0,3.828133718323141e-17,0.616404275766042,5.498718300241992e-13,0.5240769011637756,2.881751247163367e-07,14,2,hbo,False,S14_D2 hbo,mild_master_19,,
197,ShortHbO,7.0,3.828133718323141e-17,3.343179237774986e-13,0.0034268503400044733,134.32471317224426,460310.6890053086,14,2,hbo,True,S14_D2 hbo,mild_master_19,,
198,az_itd=0_az=15,7.0,3.828133718323141e-17,0.6637438415641159,4.536418007379414e-09,0.45374700737625173,0.0020583860950561484,14,2,hbo,False,S14_D2 hbo,mild_master_19,0.10966557035440774,
199,az_itd=0_az=5,7.0,3.828133718323141e-17,0.0003586705663875706,4.5518434987243516e-09,6.424973734748246,0.029245474923988518,14,2,hbo,True,S14_D2 hbo,mild_master_19,0.12014598204027037,
200,az_itd=15_az=0,7.0,3.828133718323141e-17,5.799189361466566e-05,4.564827011905993e-09,-8.58352930396262,-0.039182326424215215,14,2,hbo,True,S14_D2 hbo,mild_master_19,0.04506294630658343,
201,az_itd=5_az=0,7.0,3.828133718323141e-17,0.17909080870037813,4.651576287952168e-09,-1.4929348811684109,-0.006944500492699668,14,2,hbo,False,S14_D2 hbo,mild_master_19,0.14830970683202632,
202,constant,7.0,3.828133718323141e-17,0.9863065883136157,5.406801680112522e-09,-0.017785117920403572,-9.616060545303737e-05,14,2,hbo,False,S14_D2 hbo,mild_master_19,,
210,Linear,7.0,9.731470950116159e-17,0.9520620742742563,8.767124357467428e-13,-0.06230445845841394,-5.462309353295784e-08,14,9,hbo,False,S14_D9 hbo,mild_master_19,,
211,ShortHbO,7.0,9.731470950116159e-17,3.199368071846465e-10,0.005463750176823309,50.33321625644954,275008.119221262,14,9,hbo,True,S14_D9 hbo,mild_master_19,,
212,az_itd=0_az=15,7.0,9.731470950116159e-17,0.8734229991114278,7.232838388247607e-09,0.16524380633052987,0.0011951817458476094,14,9,hbo,False,S14_D9 hbo,mild_master_19,0.13883241511981123,
213,az_itd=0_az=5,7.0,9.731470950116159e-17,0.27663051441144276,7.257432701596984e-09,-1.1797622090563273,-0.008562044836113688,14,9,hbo,False,S14_D9 hbo,mild_master_19,0.06903909639789112,
214,az_itd=15_az=0,7.0,9.731470950116159e-17,5.310160967987742e-05,7.278133539218591e-09,-8.70127928417954,-0.06332907259229505,14,9,hbo,True,S14_D9 hbo,mild_master_19,0.012548812350048393,
215,az_itd=5_az=0,7.0,9.731470950116159e-17,4.038399857659304e-06,7.416446078521362e-09,12.837387212717376,0.09520779005221805,14,9,hbo,True,S14_D9 hbo,mild_master_19,0.19473820664846378,
216,constant,7.0,9.731470950116159e-17,0.9972906744688612,8.620573034924192e-09,0.0035186910186446,3.0333132913557577e-05,14,9,hbo,False,S14_D9 hbo,mild_master_19,,
182,Linear,7.0,7.788432865437722e-17,0.2796565655800384,7.843194083255266e-13,-1.171681311843182,-9.189723932509214e-07,14,10,hbo,False,S14_D10 hbo,mild_master_19,,
183,ShortHbO,7.0,7.788432865437722e-17,1.0675506492076552e-09,0.004887948580624967,42.35208938281189,207014.83518521712,14,10,hbo,True,S14_D10 hbo,mild_master_19,,
184,az_itd=0_az=15,7.0,7.788432865437722e-17,0.01457205396890585,6.4706000438474955e-09,3.224016334377613,0.020861320234588823,14,10,hbo,True,S14_D10 hbo,mild_master_19,0.16099334296853232,
185,az_itd=0_az=5,7.0,7.788432865437722e-17,0.00034167252516665973,6.4926024662015545e-09,6.476306648441451,0.04204808451754849,14,10,hbo,True,S14_D10 hbo,mild_master_19,0.07226475422572413,
186,az_itd=15_az=0,7.0,7.788432865437722e-17,0.004426798407150612,6.5111217298200665e-09,-4.125878998246792,-0.026864100400092933,14,10,hbo,True,S14_D10 hbo,mild_master_19,0.05390696663127003,
187,az_itd=5_az=0,7.0,7.788432865437722e-17,1.46530241927144e-07,6.634858093725468e-09,20.853610697071122,0.13836074771686233,14,10,hbo,True,S14_D10 hbo,mild_master_19,0.18508472355401442,
188,constant,7.0,7.788432865437722e-17,0.6987655978762765,7.712087186740754e-09,-0.40329496623900896,-0.003110245941608906,14,10,hbo,False,S14_D10 hbo,mild_master_19,,
224,Linear,7.0,1.1110700230150282e-16,0.38769495838087514,9.36782214548709e-13,-0.9209889784141969,-8.627660947738045e-07,15,17,hbo,False,S15_D17 hbo,mild_master_19,,
225,ShortHbO,7.0,1.1110700230150282e-16,3.164708938054473e-08,0.005838110401645978,-26.023378227921615,-151927.35511839666,15,17,hbo,True,S15_D17 hbo,mild_master_19,,
226,az_itd=0_az=15,7.0,1.1110700230150282e-16,0.00021712212502214272,7.72841137703764e-09,6.970814855902372,0.05387332483957889,15,17,hbo,True,S15_D17 hbo,mild_master_19,0.1434639364013564,
227,az_itd=0_az=5,7.0,1.1110700230150282e-16,0.08924930590464,7.754690820998201e-09,1.9718364595044613,0.015290982093028836,15,17,hbo,False,S15_D17 hbo,mild_master_19,-0.030082020877176558,
228,az_itd=15_az=0,7.0,1.1110700230150282e-16,0.0012645676248739942,7.776810019631064e-09,-5.191648978970668,-0.04037446779806647,15,17,hbo,True,S15_D17 hbo,mild_master_19,-0.015748498504488635,
229,az_itd=5_az=0,7.0,1.1110700230150282e-16,4.963348731126118e-06,7.92459933068098e-09,12.450458790551243,0.09866489739827351,15,17,hbo,True,S15_D17 hbo,mild_master_19,-0.015434991544359773,
230,constant,7.0,1.1110700230150282e-16,0.8689304598050425,9.2112295538009e-09,-0.1711733196592486,-0.0015767167408674793,15,17,hbo,False,S15_D17 hbo,mild_master_19,,
238,Linear,7.0,9.73024568324226e-17,0.17688858696664528,8.766572415974817e-13,-1.5016249102626085,-1.3164103517448843e-06,15,18,hbo,False,S15_D18 hbo,mild_master_19,,
239,ShortHbO,7.0,9.73024568324226e-17,4.026810759400709e-09,0.005463406201957106,35.00738807658323,191259.5811319241,15,18,hbo,True,S15_D18 hbo,mild_master_19,,
240,az_itd=0_az=15,7.0,9.73024568324226e-17,0.0003447150882555439,7.232383038984491e-09,6.466910492862713,0.04677117376321111,15,18,hbo,True,S15_D18 hbo,mild_master_19,0.11077778136441928,
241,az_itd=0_az=5,7.0,9.73024568324226e-17,0.0007667020513401173,7.256975803978733e-09,5.659711471633781,0.04107238920714722,15,18,hbo,True,S15_D18 hbo,mild_master_19,0.04824420609304986,
242,az_itd=15_az=0,7.0,9.73024568324226e-17,0.017103971900795434,7.277675338362157e-09,3.1090494906868313,0.02262665280411898,15,18,hbo,True,S15_D18 hbo,mild_master_19,-0.013988059458245182,
243,az_itd=5_az=0,7.0,9.73024568324226e-17,1.5236676168520617e-06,7.4159791700857634e-09,14.822723769102511,0.10992501071559937,15,18,hbo,True,S15_D18 hbo,mild_master_19,0.004474052272424958,
244,constant,7.0,9.73024568324226e-17,0.717268992715092,8.620030319690092e-09,-0.3771034184748525,-0.0032506429009120097,15,18,hbo,False,S15_D18 hbo,mild_master_19,,
252,Linear,7.0,1.9026965251894193e-16,0.5340282705417085,1.2258933357067613e-12,-0.6539527963399523,-8.016763748999485e-07,15,22,hbo,False,S15_D22 hbo,mild_master_19,,
253,ShortHbO,7.0,1.9026965251894193e-16,5.210827880852305e-09,0.0076398767219827465,-33.73519787842191,-257732.75298283726,15,22,hbo,True,S15_D22 hbo,mild_master_19,,
254,az_itd=0_az=15,7.0,1.9026965251894193e-16,0.011108454686958534,1.01135651975149e-08,3.421783939311655,0.034606434962037795,15,22,hbo,True,S15_D22 hbo,mild_master_19,0.10508288880256092,
255,az_itd=0_az=5,7.0,1.9026965251894193e-16,0.13845399677880707,1.014795504257921e-08,1.6719540583286105,0.016966914617176598,15,22,hbo,False,S15_D22 hbo,mild_master_19,-0.027741775319437053,
256,az_itd=15_az=0,7.0,1.9026965251894193e-16,0.006043760297296355,1.0176900701211577e-08,-3.8811818853894007,-0.03949840265094907,15,22,hbo,True,S15_D22 hbo,mild_master_19,-0.0741959921447492,
257,az_itd=5_az=0,7.0,1.9026965251894193e-16,4.941622452797679e-05,1.0370300969375363e-08,8.798435357373933,0.09124242271556136,15,22,hbo,True,S15_D22 hbo,mild_master_19,-0.15443955671102344,
258,constant,7.0,1.9026965251894193e-16,0.946587065735593,1.205401292669669e-08,-0.06943267935350325,-0.0008369424144623145,15,22,hbo,False,S15_D22 hbo,mild_master_19,,
266,Linear,7.0,6.478818742316488e-17,0.44865247981474976,7.153454786257138e-13,-0.8024909099996644,-5.740582441064946e-07,16,16,hbo,False,S16_D16 hbo,mild_master_19,,
267,ShortHbO,7.0,6.478818742316488e-17,0.5132243321909371,0.0044580968924000115,0.6886308060017894,3069.9828562474922,16,16,hbo,False,S16_D16 hbo,mild_master_19,,
268,az_itd=0_az=15,7.0,6.478818742316488e-17,0.11661087618178627,5.901568208344698e-09,1.7898056562771913,0.010562660160200991,16,16,hbo,False,S16_D16 hbo,mild_master_19,0.07374442841626642,
269,az_itd=0_az=5,7.0,6.478818742316488e-17,0.21313154078446273,5.921635712964266e-09,-1.3695884412095425,-0.008110203825529487,16,16,hbo,False,S16_D16 hbo,mild_master_19,-0.0028958909019177847,
270,az_itd=15_az=0,7.0,6.478818742316488e-17,0.6062944562117507,5.938526371739704e-09,-0.5394606198784022,-0.0032036011176629397,16,16,hbo,False,S16_D16 hbo,mild_master_19,0.05957009207685044,
271,az_itd=5_az=0,7.0,6.478818742316488e-17,1.8913196885598276e-06,6.051381220825089e-09,14.35907271189473,0.08689222295722175,16,16,hbo,True,S16_D16 hbo,mild_master_19,-0.07318980068535483,
272,constant,7.0,6.478818742316488e-17,0.8527103371763444,7.033877577478722e-09,-0.19264048300260922,-0.0013550095739067237,16,16,hbo,False,S16_D16 hbo,mild_master_19,,
280,Linear,7.0,1.2717694361712174e-16,0.3939905862433883,1.0022408807906042e-12,0.9081467730189902,9.101818216776976e-07,16,17,hbo,False,S16_D17 hbo,mild_master_19,,
281,ShortHbO,7.0,1.2717694361712174e-16,9.575808180245663e-07,0.006246054654140976,-15.867381566398828,-99108.53248183613,16,17,hbo,True,S16_D17 hbo,mild_master_19,,
282,az_itd=0_az=15,7.0,1.2717694361712174e-16,0.0009370903454033216,8.268442446215534e-09,-5.46876535807792,-0.045218171615124564,16,17,hbo,True,S16_D17 hbo,mild_master_19,-0.015020037530715695,
283,az_itd=0_az=5,7.0,1.2717694361712174e-16,0.0004651083343895555,8.29655819462821e-09,-6.15532229998576,-0.05106798966852461,16,17,hbo,True,S16_D17 hbo,mild_master_19,-0.06796954992115249,
284,az_itd=15_az=0,7.0,1.2717694361712174e-16,0.00026066233574956145,8.320222996089946e-09,-6.7681234277629105,-0.05631229618404809,16,17,hbo,True,S16_D17 hbo,mild_master_19,-0.030705711706668574,
285,az_itd=5_az=0,7.0,1.2717694361712174e-16,0.12408179166592351,8.47833924443211e-09,1.747294600902064,0.01481415638641231,16,17,hbo,False,S16_D17 hbo,mild_master_19,-0.10908824458848215,
286,constant,7.0,1.2717694361712174e-16,0.8759076903329043,9.854874140211207e-09,0.1619672204848134,0.0015961665727176747,16,17,hbo,False,S16_D17 hbo,mild_master_19,,
294,Linear,7.0,2.0186136311733249e-16,0.0799803606018805,1.2626835493786731e-12,-2.046177462074885,-2.5836746204713617e-06,16,18,hbo,False,S16_D18 hbo,mild_master_19,,
295,ShortHbO,7.0,2.0186136311733249e-16,4.17103373711737e-05,0.00786915661839948,-9.031100355368391,-71067.14313287707,16,18,hbo,True,S16_D18 hbo,mild_master_19,,
296,az_itd=0_az=15,7.0,2.0186136311733249e-16,0.0008610505637556468,1.0417082815046337e-08,5.5487461012266905,0.057801747656143924,16,18,hbo,True,S16_D18 hbo,mild_master_19,0.08142346099229272,
297,az_itd=0_az=5,7.0,2.0186136311733249e-16,0.005042887027827032,1.0452504731752779e-08,4.022606859157108,0.04204631722932086,16,18,hbo,True,S16_D18 hbo,mild_master_19,0.04664576366480522,
298,az_itd=15_az=0,7.0,2.0186136311733249e-16,0.0014976379282226442,1.048231907686458e-08,5.039313547942428,0.05282369253789905,16,18,hbo,True,S16_D18 hbo,mild_master_19,0.11143206555553667,
299,az_itd=5_az=0,7.0,2.0186136311733249e-16,1.1415508715461912e-07,1.0681523469239426e-08,21.621462032188735,0.23095015413609313,16,18,hbo,True,S16_D18 hbo,mild_master_19,-0.020638641140527506,
300,constant,7.0,2.0186136311733249e-16,0.715462887487081,1.2415765208286086e-08,-0.37964692768943076,-0.004713607116239138,16,18,hbo,False,S16_D18 hbo,mild_master_19,,
308,Linear,7.0,8.403212653371929e-17,0.8521362896068214,8.146866478727993e-13,-0.1934020153392628,-1.575620395685877e-07,16,22,hbo,False,S16_D22 hbo,mild_master_19,,
309,ShortHbO,7.0,8.403212653371929e-17,1.2446033185892362e-07,0.005077199928821853,-21.352594100737182,-108411.38924842475,16,22,hbo,True,S16_D22 hbo,mild_master_19,,
310,az_itd=0_az=15,7.0,8.403212653371929e-17,0.007700738324224923,6.721128412086671e-09,-3.6954801313967365,-0.02483779650743239,16,22,hbo,True,S16_D22 hbo,mild_master_19,-0.01454438011209893,
311,az_itd=0_az=5,7.0,8.403212653371929e-17,0.4997919051497909,6.743982723126837e-09,0.7114990648638863,0.004798337400962949,16,22,hbo,False,S16_D22 hbo,mild_master_19,0.02475163831088467,
312,az_itd=15_az=0,7.0,8.403212653371929e-17,0.14315034198767032,6.763219014666081e-09,-1.6489316798049716,-0.011152086090742266,16,22,hbo,False,S16_D22 hbo,mild_master_19,0.012760507073119614,
313,az_itd=5_az=0,7.0,8.403212653371929e-17,0.00016126452032777167,6.891746196908424e-09,7.310751329157373,0.05038384266926353,16,22,hbo,True,S16_D22 hbo,mild_master_19,-0.07484491183483334,
314,constant,7.0,8.403212653371929e-17,0.9143844398953749,8.010683391964337e-09,-0.11145452233501511,-0.0008928268910284239,16,22,hbo,False,S16_D22 hbo,mild_master_19,,
322,Linear,7.0,6.507011173701299e-17,0.45406671223869455,7.169001938687242e-13,0.7925337943600697,5.681676308242495e-07,16,23,hbo,False,S16_D23 hbo,mild_master_19,,
323,ShortHbO,7.0,6.507011173701299e-17,1.2973279992845439e-07,0.004467786016607167,-21.224683993696114,-94827.34635394145,16,23,hbo,True,S16_D23 hbo,mild_master_19,,
324,az_itd=0_az=15,7.0,6.507011173701299e-17,0.000505886807426603,5.914394539572521e-09,-6.069912554029292,-0.03589985766523354,16,23,hbo,True,S16_D23 hbo,mild_master_19,0.005867273835211142,
325,az_itd=0_az=5,7.0,6.507011173701299e-17,0.003903794100648145,5.934505658440384e-09,-4.2267536530625955,-0.02508369347093354,16,23,hbo,True,S16_D23 hbo,mild_master_19,-0.021899092412155926,
326,az_itd=15_az=0,7.0,6.507011173701299e-17,0.0006601670672681805,5.95143302698117e-09,-5.80499174363935,-0.03454801958444824,16,23,hbo,True,S16_D23 hbo,mild_master_19,-0.007931545587664865,
327,az_itd=5_az=0,7.0,6.507011173701299e-17,0.08961364984373865,6.064533152173503e-09,1.9690721726169746,0.01194150346985795,16,23,hbo,False,S16_D23 hbo,mild_master_19,-0.10086512563852693,
328,constant,7.0,6.507011173701299e-17,0.9313152184097448,7.0491648435815065e-09,0.08933858211599317,0.0006297623922274785,16,23,hbo,False,S16_D23 hbo,mild_master_19,,
336,Linear,7.0,3.768890780283288e-17,0.19314674905706627,5.456004220900457e-13,-1.4396489340665566,-7.854730660881977e-07,17,15,hbo,False,S17_D15 hbo,mild_master_19,,
337,ShortHbO,7.0,3.768890780283288e-17,4.735888767410312e-13,0.0034002305443862693,127.80331293203362,434560.7283052574,17,15,hbo,True,S17_D15 hbo,mild_master_19,,
338,az_itd=0_az=15,7.0,3.768890780283288e-17,2.685128944566961e-06,4.501179082940414e-09,13.63623600071284,0.06137914025644768,17,15,hbo,True,S17_D15 hbo,mild_master_19,0.1250163798287225,
339,az_itd=0_az=5,7.0,3.768890780283288e-17,1.0195950348490539e-05,4.516484748968757e-09,11.18227236365823,0.050504562589277206,17,15,hbo,True,S17_D15 hbo,mild_master_19,0.135525112744768,
340,az_itd=15_az=0,7.0,3.768890780283288e-17,1.2885273176770693e-05,4.52936740613598e-09,10.795967121743548,0.04889890159894089,17,15,hbo,True,S17_D15 hbo,mild_master_19,0.027772760977085795,
341,az_itd=5_az=0,7.0,3.768890780283288e-17,0.8668644280746162,4.6154428132444255e-09,0.1739024745866498,0.0008026369265363742,17,15,hbo,False,S17_D15 hbo,mild_master_19,0.082970746203297,
342,constant,7.0,3.768890780283288e-17,0.47548150521111177,5.364801609670996e-09,-0.753931037278823,-0.004044690442374354,17,15,hbo,False,S17_D15 hbo,mild_master_19,,
350,Linear,7.0,1.1677889676708585e-16,0.6996890347509583,9.603954759960384e-13,-0.401980650545689,-3.8606039822202414e-07,17,17,hbo,False,S17_D17 hbo,mild_master_19,,
351,ShortHbO,7.0,1.1677889676708585e-16,3.822669109102177e-09,0.005985270355295239,35.269861529104766,211099.6566455188,17,17,hbo,True,S17_D17 hbo,mild_master_19,,
352,az_itd=0_az=15,7.0,1.1677889676708585e-16,0.0009002233127758685,7.923219727990824e-09,5.506601567708422,0.04363001417545257,17,17,hbo,True,S17_D17 hbo,mild_master_19,0.08932946915921983,
353,az_itd=0_az=5,7.0,1.1677889676708585e-16,0.023901778359781266,7.950161592064934e-09,-2.872635865538351,-0.02283791932619121,17,17,hbo,True,S17_D17 hbo,mild_master_19,0.10987070198406675,
354,az_itd=15_az=0,7.0,1.1677889676708585e-16,0.12721913949450794,7.972838344430362e-09,-1.730166715421713,-0.013794339530971367,17,17,hbo,False,S17_D17 hbo,mild_master_19,-0.020867341920273043,
355,az_itd=5_az=0,7.0,1.1677889676708585e-16,1.478783180683598e-06,8.12435294785533e-09,14.887962857917774,0.12095506493228494,17,17,hbo,True,S17_D17 hbo,mild_master_19,0.11979770255882499,
356,constant,7.0,1.1677889676708585e-16,0.600833692784768,9.443414973557243e-09,-0.547828451894391,-0.005173371405560176,17,17,hbo,False,S17_D17 hbo,mild_master_19,,
364,Linear,7.0,4.75151558712373e-17,0.11059311158981718,6.126098856695863e-13,-1.8259923994270464,-1.1186209950465364e-06,17,21,hbo,False,S17_D21 hbo,mild_master_19,,
365,ShortHbO,7.0,4.75151558712373e-17,7.1571548029971185e-12,0.0038178395043523767,86.68982375766919,330967.8337673746,17,21,hbo,True,S17_D21 hbo,mild_master_19,,
366,az_itd=0_az=15,7.0,4.75151558712373e-17,2.2461626549643623e-06,5.054004160802077e-09,14.000036370065496,0.07075624206569142,17,21,hbo,True,S17_D21 hbo,mild_master_19,0.0810496483074685,
367,az_itd=0_az=5,7.0,4.75151558712373e-17,1.0244237594523725e-06,5.071189635622279e-09,15.711394301687905,0.07967545994389463,17,21,hbo,True,S17_D21 hbo,mild_master_19,0.1112259059433853,
368,az_itd=15_az=0,7.0,4.75151558712373e-17,2.13521591967138e-05,5.085654512874574e-09,10.002984331892474,0.05087172240970261,17,21,hbo,True,S17_D21 hbo,mild_master_19,-0.009417554382478757,
369,az_itd=5_az=0,7.0,4.75151558712373e-17,0.026610425847505677,5.182301515282804e-09,2.7977431482171826,0.014498748556377988,17,21,hbo,True,S17_D21 hbo,mild_master_19,0.019427202546511806,
370,constant,7.0,4.75151558712373e-17,0.46856742904030824,6.023694938047819e-09,-0.7662627123570337,-0.004615732821639855,17,21,hbo,False,S17_D21 hbo,mild_master_19,,
378,Linear,7.0,4.306697970032041e-17,0.6528159381048109,5.832303685196265e-13,0.46974928712301856,2.739720498405899e-07,17,22,hbo,False,S17_D22 hbo,mild_master_19,,
379,ShortHbO,7.0,4.306697970032041e-17,5.957085544318327e-10,0.0036347437303243164,46.04515519050618,167362.33914050247,17,22,hbo,True,S17_D22 hbo,mild_master_19,,
380,az_itd=0_az=15,7.0,4.306697970032041e-17,0.0005285451197383659,4.811624458169694e-09,-6.025724969340956,-0.028993525640684775,17,22,hbo,True,S17_D22 hbo,mild_master_19,0.035270045841784496,
381,az_itd=0_az=5,7.0,4.306697970032041e-17,0.0313570792016304,4.827985752766851e-09,2.683998937876221,0.012958308632507756,17,22,hbo,True,S17_D22 hbo,mild_master_19,0.09140403298757563,
382,az_itd=15_az=0,7.0,4.306697970032041e-17,0.00023368506386975635,4.84175692409104e-09,-6.88872971134378,-0.03335355477809041,17,22,hbo,True,S17_D22 hbo,mild_master_19,-0.04249947666488062,
383,az_itd=5_az=0,7.0,4.306697970032041e-17,3.0832051154621655e-05,4.933768933935215e-09,9.459005392590534,0.04666854695188885,17,22,hbo,True,S17_D22 hbo,mild_master_19,0.04163722482679021,
384,constant,7.0,4.306697970032041e-17,0.939634960837133,5.7348108490405555e-09,-0.07848987886786388,-0.0004501246088713048,17,22,hbo,False,S17_D22 hbo,mild_master_19,,
392,Linear,7.0,9.91421145654931e-17,0.09459639948248227,8.849057362885081e-13,-1.9323364093007878,-1.7099355730294057e-06,18,15,hbo,False,S18_D15 hbo,mild_master_19,,
393,ShortHbO,7.0,9.91421145654931e-17,2.359809378255562e-12,0.005514811557338241,101.59085057102176,560254.396848893,18,15,hbo,True,S18_D15 hbo,mild_master_19,,
394,az_itd=0_az=15,7.0,9.91421145654931e-17,2.7863154854424422e-06,7.300432751311997e-09,13.561962345559557,0.09900819407958306,18,15,hbo,True,S18_D15 hbo,mild_master_19,0.08934030465429513,
395,az_itd=0_az=5,7.0,9.91421145654931e-17,1.7772478588491844e-05,7.325256910381216e-09,10.284871328555791,0.07533932477188494,18,15,hbo,True,S18_D15 hbo,mild_master_19,0.0901691102460673,
396,az_itd=15_az=0,7.0,9.91421145654931e-17,8.759638168006771e-05,7.346151207314206e-09,8.049940992409315,0.05913608374019581,18,15,hbo,True,S18_D15 hbo,mild_master_19,-0.09255194299773037,
397,az_itd=5_az=0,7.0,9.91421145654931e-17,0.010955649303728433,7.485756344003527e-09,3.4319855219879445,0.025691007393749514,18,15,hbo,True,S18_D15 hbo,mild_master_19,0.08324438635933218,
398,constant,7.0,9.91421145654931e-17,0.7624711613997063,8.70113644755243e-09,-0.31427572648592145,-0.0027345559783076697,18,15,hbo,False,S18_D15 hbo,mild_master_19,,
406,Linear,7.0,3.30503723857967e-17,0.9923080974630432,5.109237606698229e-13,-0.00998989553725653,-5.104074996593787e-09,18,16,hbo,False,S18_D16 hbo,mild_master_19,,
407,ShortHbO,7.0,3.30503723857967e-17,1.239846240625323e-11,0.0031841224943105254,80.13973988033005,255174.74844115324,18,16,hbo,True,S18_D16 hbo,mild_master_19,,
408,az_itd=0_az=15,7.0,3.30503723857967e-17,0.5415840762974533,4.215098176967153e-09,0.6415668519506771,0.0027042672680598545,18,16,hbo,False,S18_D16 hbo,mild_master_19,0.033323010867227686,
409,az_itd=0_az=5,7.0,3.30503723857967e-17,0.04873106495181475,4.229431062592133e-09,-2.3821050286159835,-0.010074949002385362,18,16,hbo,True,S18_D16 hbo,mild_master_19,0.08117153442696884,
410,az_itd=15_az=0,7.0,3.30503723857967e-17,0.0001750052744239313,4.241494938243262e-09,7.216015415357381,0.030606692858523677,18,16,hbo,True,S18_D16 hbo,mild_master_19,-0.02538317807994986,
411,az_itd=5_az=0,7.0,3.30503723857967e-17,0.0630402661440618,4.322099660894621e-09,2.2073830427279293,0.00954052950043892,18,16,hbo,False,S18_D16 hbo,mild_master_19,0.043940921924661376,
412,constant,7.0,3.30503723857967e-17,0.807632172400589,5.0238315490310415e-09,-0.25287218825473584,-0.0012703872772266587,18,16,hbo,False,S18_D16 hbo,mild_master_19,,
420,Linear,7.0,5.2015399282808095e-17,0.333157845694867,6.409643719143237e-13,-1.039457023912959,-6.66254918464302e-07,18,21,hbo,False,S18_D21 hbo,mild_master_19,,
421,ShortHbO,7.0,5.2015399282808095e-17,8.462953145435552e-13,0.003994547194259231,117.62780197471058,469869.80634496064,18,21,hbo,True,S18_D21 hbo,mild_master_19,,
422,az_itd=0_az=15,7.0,5.2015399282808095e-17,0.0001327177020671049,5.287927404305855e-09,7.540468108519,0.039873447952331956,18,21,hbo,True,S18_D21 hbo,mild_master_19,0.05569879121449642,
423,az_itd=0_az=5,7.0,5.2015399282808095e-17,1.795176236394837e-05,5.305908304274748e-09,10.269272229321484,0.054487816800414916,18,21,hbo,True,S18_D21 hbo,mild_master_19,0.11128908481056932,
424,az_itd=15_az=0,7.0,5.2015399282808095e-17,0.0002621267685591155,5.321042684538138e-09,6.761982835515977,0.03598079929989474,18,21,hbo,True,S18_D21 hbo,mild_master_19,-0.017775853339275373,
425,az_itd=5_az=0,7.0,5.2015399282808095e-17,0.017788937535553655,5.4221629678458166e-09,3.081057518224613,0.01670599597712043,18,21,hbo,True,S18_D21 hbo,mild_master_19,0.04600965430664806,
426,constant,7.0,5.2015399282808095e-17,0.6107988626435039,6.302500062252903e-09,-0.5325893513161911,-0.0033566444198255274,18,21,hbo,False,S18_D21 hbo,mild_master_19,,
434,Linear,7.0,1.723100395303941e-17,0.8029032638678676,3.689123655975411e-13,0.25924713253513587,9.563947293791623e-08,18,22,hbo,False,S18_D22 hbo,mild_master_19,,
435,ShortHbO,7.0,1.723100395303941e-17,5.518257882770219e-11,0.0022990948007359313,64.72954194028705,148819.35332893237,18,22,hbo,True,S18_D22 hbo,mild_master_19,,
436,az_itd=0_az=15,7.0,1.723100395303941e-17,0.162070121061652,3.0435105183838436e-09,-1.5628120625988227,-0.004756434950776667,18,22,hbo,False,S18_D22 hbo,mild_master_19,0.0364675354425881,
437,az_itd=0_az=5,7.0,1.723100395303941e-17,0.48605398364805685,3.053859574639944e-09,0.7353051000337468,0.0022455185200196395,18,22,hbo,False,S18_D22 hbo,mild_master_19,0.07274938268676048,
438,az_itd=15_az=0,7.0,1.723100395303941e-17,0.010856145280571605,3.0625702928474857e-09,-3.438711362191798,-0.010531295263525711,18,22,hbo,True,S18_D22 hbo,mild_master_19,-0.040464352385186114,
439,az_itd=5_az=0,7.0,1.723100395303941e-17,3.082852610552157e-05,3.120770911414653e-09,9.459170565679493,0.029519904347482244,18,22,hbo,True,S18_D22 hbo,mild_master_19,0.04141836467010555,
440,constant,7.0,1.723100395303941e-17,0.8410521178206112,3.6274562347361725e-09,-0.208131945787862,-0.0007549895243959512,18,22,hbo,False,S18_D22 hbo,mild_master_19,,
448,Linear,7.0,2.7411345286562228e-17,0.35443483305474377,4.653000473279284e-13,-0.9915760585093145,-4.6138038695362473e-07,18,23,hbo,False,S18_D23 hbo,mild_master_19,,
449,ShortHbO,7.0,2.7411345286562228e-17,6.640587315553089e-11,0.0028997914392516456,63.03745363506929,182795.46840319643,18,23,hbo,True,S18_D23 hbo,mild_master_19,,
450,az_itd=0_az=15,7.0,2.7411345286562228e-17,0.00021274613308815913,3.8387045821932985e-09,6.993682862171624,0.026846682449424956,18,23,hbo,True,S18_D23 hbo,mild_master_19,0.03712827448755803,
451,az_itd=0_az=5,7.0,2.7411345286562228e-17,0.00014801851124096181,3.851757591023629e-09,7.411110314450749,0.02854580041159918,18,23,hbo,True,S18_D23 hbo,mild_master_19,0.06802937680853886,
452,az_itd=15_az=0,7.0,2.7411345286562228e-17,3.691959995655263e-05,3.862744204572525e-09,9.201798762977157,0.03554419484333265,18,23,hbo,True,S18_D23 hbo,mild_master_19,0.009130157100714683,
453,az_itd=5_az=0,7.0,2.7411345286562228e-17,0.008792278016266848,3.936151206069897e-09,3.595510597532693,0.014152473374915406,18,23,hbo,True,S18_D23 hbo,mild_master_19,0.031154278465602644,
454,constant,7.0,2.7411345286562228e-17,0.5538749568717483,4.575220879269925e-09,-0.6216423401769707,-0.0028441510142158937,18,23,hbo,False,S18_D23 hbo,mild_master_19,,
462,Linear,7.0,2.2124795079589093e-16,0.019776371727763475,1.3219272344730335e-12,-3.00590190976511,-3.973583598673002e-06,19,14,hbo,True,S19_D14 hbo,mild_master_19,,
463,ShortHbO,7.0,2.2124795079589093e-16,1.2976874602123956e-14,0.00823836855347859,213.68357402239494,1760404.0366210132,19,14,hbo,True,S19_D14 hbo,mild_master_19,,
464,az_itd=0_az=15,7.0,2.2124795079589093e-16,4.818221653448955e-07,1.0905840567691611e-08,17.54162721569656,0.19130618971226682,19,14,hbo,True,S19_D14 hbo,mild_master_19,0.026030777858032855,
465,az_itd=0_az=5,7.0,2.2124795079589093e-16,3.6820052928719196e-07,1.094292444069726e-08,18.24230943554709,0.19962421377701045,19,14,hbo,True,S19_D14 hbo,mild_master_19,0.13887905645256313,
466,az_itd=15_az=0,7.0,2.2124795079589093e-16,6.247226269706125e-07,1.0974137641186537e-08,16.88953685053633,0.18534810209367789,19,14,hbo,True,S19_D14 hbo,mild_master_19,0.05270048905392606,
467,az_itd=5_az=0,7.0,2.2124795079589093e-16,2.1907142239706404e-07,1.1182688478517504e-08,19.672157139457475,0.21998760499099695,19,14,hbo,True,S19_D14 hbo,mild_master_19,0.14353925869962034,
468,constant,7.0,2.2124795079589093e-16,0.20568116007894197,1.2998298879978538e-08,-1.3949950353606373,-0.018132562405703795,19,14,hbo,False,S19_D14 hbo,mild_master_19,,
476,Linear,7.0,5.895677569227638e-17,0.050536221591162125,6.823933464806749e-13,-2.357373111611388,-1.6086557265360563e-06,19,15,hbo,False,S19_D15 hbo,mild_master_19,,
477,ShortHbO,7.0,5.895677569227638e-17,6.460328111794948e-15,0.00425273626274177,236.0750730950579,1003965.0240807667,19,15,hbo,True,S19_D15 hbo,mild_master_19,,
478,az_itd=0_az=15,7.0,5.895677569227638e-17,7.3555101366008425e-06,5.629714591770592e-09,11.742082684347366,0.06610457422584716,19,15,hbo,True,S19_D15 hbo,mild_master_19,0.06517280630412495,
479,az_itd=0_az=5,7.0,5.895677569227638e-17,3.7965350749074734e-07,5.648857694008648e-09,18.16116751709648,0.10258985086113039,19,15,hbo,True,S19_D15 hbo,mild_master_19,0.10681797173497834,
480,az_itd=15_az=0,7.0,5.895677569227638e-17,8.804622500428482e-07,5.664970290663594e-09,16.063543814225383,0.09099949847035974,19,15,hbo,True,S19_D15 hbo,mild_master_19,-0.01605071125127775,
481,az_itd=5_az=0,7.0,5.895677569227638e-17,6.79290491554907e-06,5.7726265217226015e-09,11.882314938838919,0.06859216635540222,19,15,hbo,True,S19_D15 hbo,mild_master_19,0.12604441732015287,
482,constant,7.0,5.895677569227638e-17,0.34782485332195107,6.709864537135765e-09,-1.0062047060182018,-0.006751497274010651,19,15,hbo,False,S19_D15 hbo,mild_master_19,,
490,Linear,7.0,8.530150691899315e-17,0.014312452979530576,8.208168690496308e-13,-3.236995004605697,-2.6569801048097436e-06,19,21,hbo,True,S19_D21 hbo,mild_master_19,,
491,ShortHbO,7.0,8.530150691899315e-17,5.058289609728909e-15,0.005115404014532524,244.47275540904667,1250576.9144632653,19,21,hbo,True,S19_D21 hbo,mild_master_19,,
492,az_itd=0_az=15,7.0,8.530150691899315e-17,7.164403621541554e-07,6.771702462651461e-09,16.55503305069394,0.11210575807866048,19,21,hbo,True,S19_D21 hbo,mild_master_19,0.07974585526344272,
493,az_itd=0_az=5,7.0,8.530150691899315e-17,1.9452070716648387e-07,6.794728744082802e-09,20.014401661252954,0.13599243026333402,19,21,hbo,True,S19_D21 hbo,mild_master_19,0.11067653575224094,
494,az_itd=15_az=0,7.0,8.530150691899315e-17,9.049922838590956e-08,6.81410978173034e-09,22.360291945829207,0.15236548407042091,19,21,hbo,True,S19_D21 hbo,mild_master_19,0.058152372682546215,
495,az_itd=5_az=0,7.0,8.530150691899315e-17,1.1971208106936101e-06,6.943604084345205e-09,15.356796292149014,0.1066315134566232,19,21,hbo,True,S19_D21 hbo,mild_master_19,0.13668817048266652,
496,constant,7.0,8.530150691899315e-17,0.2557651367481002,8.070960875458801e-09,-1.237595599154842,-0.009988585660418723,19,21,hbo,False,S19_D21 hbo,mild_master_19,,
532,Linear,7.0,1.0875840251206545e-16,0.21704771780159854,9.268283967666848e-13,-1.356547177521647,-1.2572864456807594e-06,20,12,hbo,False,S20_D12 hbo,mild_master_19,,
533,ShortHbO,7.0,1.0875840251206545e-16,9.328408563952389e-14,0.005776077320502012,161.20257003929834,931118.5088106283,20,12,hbo,True,S20_D12 hbo,mild_master_19,,
534,az_itd=0_az=15,7.0,1.0875840251206545e-16,3.732726348785437e-06,7.646292825471614e-09,12.987976804349225,0.09930987385648722,20,12,hbo,True,S20_D12 hbo,mild_master_19,-0.004398990708020127,
535,az_itd=0_az=5,7.0,1.0875840251206545e-16,1.2444607887240041e-06,7.672293036124226e-09,15.269709376436827,0.11715368491247706,20,12,hbo,True,S20_D12 hbo,mild_master_19,0.11916185661273812,
536,az_itd=15_az=0,7.0,1.0875840251206545e-16,0.00892451401392465,7.694177206306231e-09,3.584321578450706,0.027578405388986996,20,12,hbo,True,S20_D12 hbo,mild_master_19,-0.029864182423910323,
537,az_itd=5_az=0,7.0,1.0875840251206545e-16,0.0005157287472464307,7.840396175979598e-09,6.050452247835546,0.047437942666876974,20,12,hbo,True,S20_D12 hbo,mild_master_19,0.031698446143455156,
538,constant,7.0,1.0875840251206545e-16,0.4739340425720394,9.113355256976104e-09,-0.7566804642440151,-0.006895897886669315,20,12,hbo,False,S20_D12 hbo,mild_master_19,,
546,Linear,7.0,2.644020033097487e-16,0.029309813840269563,1.4451079567700413e-12,-2.7306818265452693,-3.9461300349479185e-06,20,13,hbo,True,S20_D13 hbo,mild_master_19,,
547,ShortHbO,7.0,2.644020033097487e-16,1.7642413931630153e-13,0.009006041813021493,147.1722061189555,1325439.042021931,20,13,hbo,True,S20_D13 hbo,mild_master_19,,
548,az_itd=0_az=15,7.0,2.644020033097487e-16,1.7929522486038257e-07,1.1922076017988376e-08,20.252416324094288,0.2414508469638008,20,13,hbo,True,S20_D13 hbo,mild_master_19,0.06510817815593477,
549,az_itd=0_az=5,7.0,2.644020033097487e-16,7.956204904539526e-07,1.1962615465660529e-08,16.30334662435174,0.1950306664704945,20,13,hbo,True,S20_D13 hbo,mild_master_19,0.09332147612984552,
550,az_itd=15_az=0,7.0,2.644020033097487e-16,2.2981594796277716e-06,1.1996737195818616e-08,13.952891969687464,0.16738917808198847,20,13,hbo,True,S20_D13 hbo,mild_master_19,0.08778528960691488,
551,az_itd=5_az=0,7.0,2.644020033097487e-16,7.003418417038002e-07,1.2224721359060531e-08,16.61008595218422,0.2030536725154977,20,13,hbo,True,S20_D13 hbo,mild_master_19,0.11089673511966033,
552,constant,7.0,2.644020033097487e-16,0.21129601933506548,1.4209515203323607e-08,-1.375773862726745,-0.019549079618750933,20,13,hbo,False,S20_D13 hbo,mild_master_19,,
560,Linear,7.0,1.4059873868762234e-16,0.07825058512517084,1.0538010668371162e-12,-2.0609906209696494,-2.171874115119107e-06,20,20,hbo,False,S20_D20 hbo,mild_master_19,,
561,ShortHbO,7.0,1.4059873868762234e-16,2.2012972932316877e-14,0.00656738233713286,198.14329214243676,1301282.7570375954,20,20,hbo,True,S20_D20 hbo,mild_master_19,,
562,az_itd=0_az=15,7.0,1.4059873868762234e-16,1.8448939838334542e-06,8.693811675322863e-09,14.41167795845016,0.12529241409616715,20,20,hbo,True,S20_D20 hbo,mild_master_19,0.07698736453427917,
563,az_itd=0_az=5,7.0,1.4059873868762234e-16,1.2021060953614195e-07,8.723373835717707e-09,21.46027699097559,0.18720601881033117,20,20,hbo,True,S20_D20 hbo,mild_master_19,0.1629998082937633,
564,az_itd=15_az=0,7.0,1.4059873868762234e-16,9.736172494940841e-05,8.748256070622349e-09,7.9177413579257605,0.06926642890009167,20,20,hbo,True,S20_D20 hbo,mild_master_19,0.001722069673209006,
565,az_itd=5_az=0,7.0,1.4059873868762234e-16,1.422179728237156e-05,8.914506594204877e-09,10.636741524094177,0.09482130245739037,20,20,hbo,True,S20_D20 hbo,mild_master_19,0.0907571005424715,
566,constant,7.0,1.4059873868762234e-16,0.29516085913612156,1.0361857195755125e-08,-1.1313806154066404,-0.011723204370889157,20,20,hbo,False,S20_D20 hbo,mild_master_19,,
574,Linear,7.0,2.0989198196140123e-17,0.8276461746795841,4.0716069390132786e-13,-0.22601646331408456,-9.202502003608669e-08,21,11,hbo,False,S21_D11 hbo,mild_master_19,,
575,ShortHbO,7.0,2.0989198196140123e-17,8.851117347808397e-13,0.0025374617977262414,116.87628900569142,296569.1184119535,21,11,hbo,True,S21_D11 hbo,mild_master_19,,
576,az_itd=0_az=15,7.0,2.0989198196140123e-17,0.030307484867518844,3.359057516421226e-09,2.7075207430085633,0.009094717902669297,21,11,hbo,True,S21_D11 hbo,mild_master_19,-0.007256421718239401,
577,az_itd=0_az=5,7.0,2.0989198196140123e-17,0.0003042566010767939,3.3704795486418935e-09,6.600177162316909,0.022245762143002428,21,11,hbo,True,S21_D11 hbo,mild_master_19,0.04178978642143785,
578,az_itd=15_az=0,7.0,2.0989198196140123e-17,0.03136507594169882,3.3800933821712116e-09,2.683822899928816,0.009071572022968943,21,11,hbo,True,S21_D11 hbo,mild_master_19,-0.0036045709816766164,
579,az_itd=5_az=0,7.0,2.0989198196140123e-17,0.4963544850692104,3.4443281610811332e-09,0.7174149966125498,0.002471012676014531,21,11,hbo,False,S21_D11 hbo,mild_master_19,-0.005621120227515027,
580,constant,7.0,2.0989198196140123e-17,0.7362610982806803,4.003545924083067e-09,-0.3505179604881371,-0.0014033147520301908,21,11,hbo,False,S21_D11 hbo,mild_master_19,,
588,Linear,7.0,2.6975533077250798e-17,0.20873586600728136,4.615863309210931e-13,-1.384481064525629,-6.390575348041142e-07,21,12,hbo,False,S21_D12 hbo,mild_master_19,,
589,ShortHbO,7.0,2.6975533077250798e-17,3.4049784056480275e-13,0.0028766472270251643,133.97357399230825,385394.7101196242,21,12,hbo,True,S21_D12 hbo,mild_master_19,,
590,az_itd=0_az=15,7.0,2.6975533077250798e-17,7.3756956423864855e-06,3.808066587914656e-09,11.737280024925322,0.04469634389591622,21,12,hbo,True,S21_D12 hbo,mild_master_19,0.03457293173606519,
591,az_itd=0_az=5,7.0,2.6975533077250798e-17,9.72713248347707e-07,3.821015416284808e-09,15.831004041707024,0.06049051049862964,21,12,hbo,True,S21_D12 hbo,mild_master_19,0.08051025020761507,
592,az_itd=15_az=0,7.0,2.6975533077250798e-17,0.0012546124866843673,3.8319143419703005e-09,5.198836932486529,0.019921497803160014,21,12,hbo,True,S21_D12 hbo,mild_master_19,-0.002732202885883465,
593,az_itd=5_az=0,7.0,2.6975533077250798e-17,0.06087669181867424,3.90473545746271e-09,2.231047617945944,0.008711650741081245,21,12,hbo,False,S21_D12 hbo,mild_master_19,0.03423573237630072,
594,constant,7.0,2.6975533077250798e-17,0.5492836469527511,4.538704500340212e-09,-0.6290535788982908,-0.002855088309500789,21,12,hbo,False,S21_D12 hbo,mild_master_19,,
602,Linear,7.0,2.5162037064609456e-17,0.3488678061381806,4.458007763495118e-13,1.0038822588903629,4.475314903768254e-07,21,19,hbo,False,S21_D19 hbo,mild_master_19,,
603,ShortHbO,7.0,2.5162037064609456e-17,6.517017522253619e-12,0.0027782702415221935,87.85893676408722,244095.86946344373,21,19,hbo,True,S21_D19 hbo,mild_master_19,,
604,az_itd=0_az=15,7.0,2.5162037064609456e-17,0.0037463805353859995,3.6778364686306033e-09,-4.2600453989297895,-0.015667750326205987,21,19,hbo,True,S21_D19 hbo,mild_master_19,-0.007002473044057822,
605,az_itd=0_az=5,7.0,2.5162037064609456e-17,0.00048401010229215895,3.690342466649893e-09,6.114731282762663,0.022565452524931633,21,19,hbo,True,S21_D19 hbo,mild_master_19,0.07649458915204466,
606,az_itd=15_az=0,7.0,2.5162037064609456e-17,0.0006849128962580438,3.7008686655567637e-09,-5.769019952323169,-0.021350385172524595,21,19,hbo,True,S21_D19 hbo,mild_master_19,0.0025721609993254843,
607,az_itd=5_az=0,7.0,2.5162037064609456e-17,1.50654876537377e-05,3.771199409009181e-09,-10.544738861038415,-0.03976631296090421,21,19,hbo,True,S21_D19 hbo,mild_master_19,-0.034592879740859936,
608,constant,7.0,2.5162037064609456e-17,0.8171132206085824,4.38348766921908e-09,0.24012564631241226,0.0010525878096737213,21,19,hbo,False,S21_D19 hbo,mild_master_19,,
616,Linear,7.0,8.837563995297959e-17,0.3094180554770465,8.354764397911343e-13,-1.0958271068926833,-9.155377298933178e-07,21,20,hbo,False,S21_D20 hbo,mild_master_19,,
617,ShortHbO,7.0,8.837563995297959e-17,8.533648683081936e-14,0.00520676376827301,163.2668272349593,850091.800607875,21,20,hbo,True,S21_D20 hbo,mild_master_19,,
618,az_itd=0_az=15,7.0,8.837563995297959e-17,2.3049513626480237e-05,6.892643265691475e-09,9.887516124116733,0.06815112142730907,21,20,hbo,True,S21_D20 hbo,mild_master_19,0.08926722705866598,
619,az_itd=0_az=5,7.0,8.837563995297959e-17,9.775139991604562e-07,6.9160807903785095e-09,15.81959785688802,0.10940961684953626,21,20,hbo,True,S21_D20 hbo,mild_master_19,0.14399347616442146,
620,az_itd=15_az=0,7.0,8.837563995297959e-17,0.015030632875885954,6.935807968198297e-09,3.201683043222642,0.022206258762828973,21,20,hbo,True,S21_D20 hbo,mild_master_19,0.006126566459272266,
621,az_itd=5_az=0,7.0,8.837563995297959e-17,0.06317351412581323,7.067615004580443e-09,2.2059525032526013,0.015590823011379875,21,20,hbo,False,S21_D20 hbo,mild_master_19,0.08096008626189362,
622,constant,7.0,8.837563995297959e-17,0.5551127598083332,8.215106087828385e-09,-0.6196506222520214,-0.005090495599189227,21,20,hbo,False,S21_D20 hbo,mild_master_19,,
630,Linear,7.0,5.898027252867835e-17,0.8658783949207984,6.82529314631784e-13,-0.17520550791460673,-1.1958289523667015e-07,22,10,hbo,False,S22_D10 hbo,mild_master_19,,
631,ShortHbO,7.0,5.898027252867835e-17,1.1630551575257715e-12,0.004253583628399396,112.40230411833747,478112.6005921302,22,10,hbo,True,S22_D10 hbo,mild_master_19,,
632,az_itd=0_az=15,7.0,5.898027252867835e-17,0.07869655179945734,5.630836322936734e-09,-2.0571406677956636,-0.01158342239361415,22,10,hbo,False,S22_D10 hbo,mild_master_19,0.049050830625308225,
633,az_itd=0_az=5,7.0,5.898027252867835e-17,1.675337095314208e-06,5.64998323947373e-09,14.617463146138808,0.08258842177930921,22,10,hbo,True,S22_D10 hbo,mild_master_19,0.18755203541638862,
634,az_itd=15_az=0,7.0,5.898027252867835e-17,0.19711348542214427,5.666099046593707e-09,-1.425243863255067,-0.008075572894753066,22,10,hbo,False,S22_D10 hbo,mild_master_19,-0.012954352322296947,
635,az_itd=5_az=0,7.0,5.898027252867835e-17,0.0003240406838547815,5.773776728358189e-09,-6.532675274506266,-0.03771820847386523,22,10,hbo,True,S22_D10 hbo,mild_master_19,0.04466009990723653,
636,constant,7.0,5.898027252867835e-17,0.923978130089035,6.711201490199584e-09,0.09891585584712745,0.000663844239165609,22,10,hbo,False,S22_D10 hbo,mild_master_19,,
644,Linear,7.0,2.0926241657560892e-17,0.9583560565933059,4.065496015129759e-13,-0.05411440961672396,-2.2000191665789075e-08,22,11,hbo,False,S22_D11 hbo,mild_master_19,,
645,ShortHbO,7.0,2.0926241657560892e-17,2.935438736698723e-13,0.0025336534154006616,136.84476039393758,346717.1945517852,22,11,hbo,True,S22_D11 hbo,mild_master_19,,
646,az_itd=0_az=15,7.0,2.0926241657560892e-17,0.0027129698990689117,3.3540160315454317e-09,4.525896985041513,0.015179931044952369,22,11,hbo,True,S22_D11 hbo,mild_master_19,-7.180398824994901e-06,
647,az_itd=0_az=5,7.0,2.0926241657560892e-17,0.0006448662646116895,3.3654209208614566e-09,5.827996254294625,0.019613660520905338,22,11,hbo,True,S22_D11 hbo,mild_master_19,0.04731898475676576,
648,az_itd=15_az=0,7.0,2.0926241657560892e-17,0.20888325695321344,3.3750203253445024e-09,1.3839772213309673,0.004670951251805821,22,11,hbo,False,S22_D11 hbo,mild_master_19,-0.019202012301116695,
649,az_itd=5_az=0,7.0,2.0926241657560892e-17,0.03118117148218915,3.4391586966565214e-09,-2.6878832169994102,-0.00924405694134063,22,11,hbo,True,S22_D11 hbo,mild_master_19,0.007926490069968338,
650,constant,7.0,2.0926241657560892e-17,0.7724717601569839,3.99753715045322e-09,-0.3005717833312019,-0.0012015468702444554,22,11,hbo,False,S22_D11 hbo,mild_master_19,,
658,Linear,7.0,2.0621820282759964e-17,0.8998110963591148,4.035816582399547e-13,-0.13054052459389087,-5.268376138311607e-08,22,12,hbo,False,S22_D12 hbo,mild_master_19,,
659,ShortHbO,7.0,2.0621820282759964e-17,8.924854950055629e-14,0.002515156927930447,162.2244777180332,408020.01901240967,22,12,hbo,True,S22_D12 hbo,mild_master_19,,
660,az_itd=0_az=15,7.0,2.0621820282759964e-17,7.491418765669504e-05,3.3295306322697107e-09,8.248911364666029,0.027465003071533284,22,12,hbo,True,S22_D12 hbo,mild_master_19,-0.0034009230076283464,
661,az_itd=0_az=5,7.0,2.0621820282759964e-17,0.00041775273382314214,3.340852262213696e-09,6.265716508898585,0.02093283317314354,22,12,hbo,True,S22_D12 hbo,mild_master_19,0.028105706141417858,
662,az_itd=15_az=0,7.0,2.0621820282759964e-17,0.3050713544791253,3.350381587946561e-09,-1.106522711125116,-0.003707273317998299,22,12,hbo,False,S22_D12 hbo,mild_master_19,-0.012846400099518377,
663,az_itd=5_az=0,7.0,2.0621820282759964e-17,0.5684647937816714,3.414051728452377e-09,-0.5983322635796021,-0.002042737298662764,22,12,hbo,False,S22_D12 hbo,mild_master_19,0.016593514676407278,
664,constant,7.0,2.0621820282759964e-17,0.7125924555830379,3.968353839363537e-09,-0.3836949859634956,-0.001522637470692776,22,12,hbo,False,S22_D12 hbo,mild_master_19,,
672,Linear,7.0,4.40417583264903e-17,0.4061307170726792,5.897938589895797e-13,0.8838053634097786,5.212629758811412e-07,22,19,hbo,False,S22_D19 hbo,mild_master_19,,
673,ShortHbO,7.0,4.40417583264903e-17,3.7214344929555195e-12,0.00367564798895416,95.18630695574716,349871.3577378654,22,19,hbo,True,S22_D19 hbo,mild_master_19,,
674,az_itd=0_az=15,7.0,4.40417583264903e-17,0.002492286036614486,4.865772961026893e-09,-4.597248150172258,-0.022369165744239076,22,19,hbo,True,S22_D19 hbo,mild_master_19,-0.01851674578829377,
675,az_itd=0_az=5,7.0,4.40417583264903e-17,0.0003439398878972303,4.8823183804689845e-09,6.469295631584613,0.03158516097077326,22,19,hbo,True,S22_D19 hbo,mild_master_19,0.09854567746724549,
676,az_itd=15_az=0,7.0,4.40417583264903e-17,0.0004274124052911802,4.896244528208368e-09,-6.242095040901706,-0.030562823688571567,22,19,hbo,True,S22_D19 hbo,mild_master_19,-0.004272586724771833,
677,az_itd=5_az=0,7.0,4.40417583264903e-17,0.00020159747983313866,4.98929201216763e-09,-7.054420775816141,-0.035196565227248844,22,19,hbo,True,S22_D19 hbo,mild_master_19,-0.03183206812939798,
678,constant,7.0,4.40417583264903e-17,0.9071684481333009,5.799348600135723e-09,0.1208986762373576,0.0007011335687953817,22,19,hbo,False,S22_D19 hbo,mild_master_19,,
728,Linear,7.0,2.268084540103859e-16,0.23022886900847028,1.3384357885417016e-12,-1.3141200158331034,-1.758865259630013e-06,23,9,hbo,False,S23_D9 hbo,mild_master_19,,
729,ShortHbO,7.0,2.268084540103859e-16,4.868984043653371e-06,0.0083412513364004,-12.486012031680788,-104148.96454556884,23,9,hbo,True,S23_D9 hbo,mild_master_19,,
730,az_itd=0_az=15,7.0,2.268084540103859e-16,0.007673376354179913,1.1042035400494024e-08,3.6981800208797155,0.04083543470795355,23,9,hbo,True,S23_D9 hbo,mild_master_19,0.1811519866868559,
731,az_itd=0_az=5,7.0,2.268084540103859e-16,5.326600502113466e-05,1.1079582386072455e-08,8.697124616876854,0.09636050871462595,23,9,hbo,True,S23_D9 hbo,mild_master_19,0.06131481540466898,
732,az_itd=15_az=0,7.0,2.268084540103859e-16,0.018235751603372485,1.1111185384724972e-08,-3.0634092618001896,-0.03403810821714538,23,9,hbo,True,S23_D9 hbo,mild_master_19,-0.04272263421456064,
733,az_itd=5_az=0,7.0,2.268084540103859e-16,1.9494903289581003e-06,1.1322340656463795e-08,14.295197150373808,0.16185509188784275,23,9,hbo,True,S23_D9 hbo,mild_master_19,0.07674699596676521,
734,constant,7.0,2.268084540103859e-16,0.7412630492732954,1.3160624849415407e-08,-0.3435630166770747,-0.004521503974620428,23,9,hbo,False,S23_D9 hbo,mild_master_19,,
686,Linear,7.0,4.95556931864862e-17,0.47708749056247,6.256258707861981e-13,0.751083986876279,4.698975733230414e-07,23,10,hbo,False,S23_D10 hbo,mild_master_19,,
687,ShortHbO,7.0,4.95556931864862e-17,3.3575439673951605e-10,0.003898956285731033,49.98657160594935,194895.45756516058,23,10,hbo,True,S23_D10 hbo,mild_master_19,,
688,az_itd=0_az=15,7.0,4.95556931864862e-17,5.491346410850236e-07,5.1613854559380396e-09,-17.210355884377627,-0.08882928055314435,23,10,hbo,True,S23_D10 hbo,mild_master_19,0.006662140063122866,
689,az_itd=0_az=5,7.0,4.95556931864862e-17,0.0015887007665376888,5.178936066695016e-09,4.986824028729197,0.025826442820646986,23,10,hbo,True,S23_D10 hbo,mild_master_19,0.053357669759594946,
690,az_itd=15_az=0,7.0,4.95556931864862e-17,1.1304211050680315e-05,5.1937082759565294e-09,-11.010483386779516,-0.05718523868819864,23,10,hbo,True,S23_D10 hbo,mild_master_19,-0.0012533135134278706,
691,az_itd=5_az=0,7.0,4.95556931864862e-17,3.1014301375462825e-06,5.292408715591839e-09,13.348961027241687,0.0706481576846697,23,10,hbo,True,S23_D10 hbo,mild_master_19,0.08755248898350051,
692,constant,7.0,4.95556931864862e-17,0.9190356020787365,6.151679036076116e-09,0.10537323435875492,0.0006482223167682881,23,10,hbo,False,S23_D10 hbo,mild_master_19,,
700,Linear,7.0,1.6588634135395014e-17,0.297854151417776,3.619705485971602e-13,1.124558514603963,4.070570624608041e-07,23,11,hbo,False,S23_D11 hbo,mild_master_19,,
701,ShortHbO,7.0,1.6588634135395014e-17,2.4232762593795314e-12,0.002255832777389587,101.20617885973265,228304.21554613797,23,11,hbo,True,S23_D11 hbo,mild_master_19,,
702,az_itd=0_az=15,7.0,1.6588634135395014e-17,3.098212123779003e-05,2.9862408385694137e-09,-9.451993343227475,-0.02822592852743213,23,11,hbo,True,S23_D11 hbo,mild_master_19,0.023735113380505473,
703,az_itd=0_az=5,7.0,1.6588634135395014e-17,3.751489607112264e-05,2.9963951568298382e-09,9.179262127345517,0.027504696581649665,23,11,hbo,True,S23_D11 hbo,mild_master_19,0.09148562817849348,
704,az_itd=15_az=0,7.0,1.6588634135395014e-17,4.060306026504852e-05,3.0049419656177523e-09,-9.06850718121328,-0.027250337794333737,23,11,hbo,True,S23_D11 hbo,mild_master_19,-0.014782254541058268,
705,az_itd=5_az=0,7.0,1.6588634135395014e-17,5.836557951341343e-05,3.062047424247009e-09,-8.574997250359054,-0.026257048243387125,23,11,hbo,True,S23_D11 hbo,mild_master_19,0.02073211592138849,
706,constant,7.0,1.6588634135395014e-17,0.8489148390753087,3.559198459430532e-09,0.19767797751061447,0.0007035751530191225,23,11,hbo,False,S23_D11 hbo,mild_master_19,,
714,Linear,7.0,1.6312451628965185e-17,0.46667463774586737,3.589446957709213e-13,0.7696600818855702,2.762654039394384e-07,23,19,hbo,False,S23_D19 hbo,mild_master_19,,
715,ShortHbO,7.0,1.6312451628965185e-17,7.438081206034655e-10,0.002236975392413266,44.603292199365235,99776.4670705986,23,19,hbo,True,S23_D19 hbo,mild_master_19,,
716,az_itd=0_az=15,7.0,1.6312451628965185e-17,1.3420172916526414e-07,2.9612776880693673e-09,-21.12082706718862,-0.06254463394763723,23,19,hbo,True,S23_D19 hbo,mild_master_19,-0.012198742745451444,
717,az_itd=0_az=5,7.0,1.6312451628965185e-17,1.1370981535194705e-05,2.9713471224277007e-09,11.000750828330128,0.03268704931830287,23,19,hbo,True,S23_D19 hbo,mild_master_19,0.06979801329325488,
718,az_itd=15_az=0,7.0,1.6312451628965185e-17,3.2378957243766994e-06,2.979822485111432e-09,-13.26423986296358,-0.03952508019157025,23,19,hbo,True,S23_D19 hbo,mild_master_19,-0.017794057177749404,
719,az_itd=5_az=0,7.0,1.6312451628965185e-17,0.00012433648854525266,3.036450576965804e-09,7.618669215656247,0.023133712535591017,23,19,hbo,True,S23_D19 hbo,mild_master_19,0.05770872105290539,
720,constant,7.0,1.6312451628965185e-17,0.7007822773251524,3.5294457329743287e-09,0.4004256545071532,0.0014132806176737245,23,19,hbo,False,S23_D19 hbo,mild_master_19,,
770,Linear,7.0,8.283615313418093e-17,0.5733340034790138,8.08868425199127e-13,-0.5906313784296275,-4.777430729435625e-07,24,9,hbo,False,S24_D9 hbo,mild_master_19,,
771,ShortHbO,7.0,8.283615313418093e-17,1.1284777961203028e-06,0.005040940245639651,-15.49029766040833,-78085.66489329009,24,9,hbo,True,S24_D9 hbo,mild_master_19,,
772,az_itd=0_az=15,7.0,8.283615313418093e-17,0.17668017685919296,6.673128335220344e-09,1.502452397774566,0.010026057667909203,24,9,hbo,False,S24_D9 hbo,mild_master_19,0.09543942022166799,
773,az_itd=0_az=5,7.0,8.283615313418093e-17,0.019914486648191593,6.6958194283275375e-09,-3.000980518854246,-0.020094023662176715,24,9,hbo,True,S24_D9 hbo,mild_master_19,-0.09250681187321895,
774,az_itd=15_az=0,7.0,8.283615313418093e-17,0.00010134479703009004,6.714918340632836e-09,-7.868061108085274,-0.05283338783990172,24,9,hbo,True,S24_D9 hbo,mild_master_19,-0.05335186116874327,
775,az_itd=5_az=0,7.0,8.283615313418093e-17,3.8789805160179674e-07,6.842527624235428e-09,18.104465437695488,0.12388030487944693,24,9,hbo,True,S24_D9 hbo,mild_master_19,0.08297318626751962,
776,constant,7.0,8.283615313418093e-17,0.9854145462186055,7.953473739806134e-09,0.01894386323030278,0.00015066951873269217,24,9,hbo,False,S24_D9 hbo,mild_master_19,,
742,Linear,7.0,6.329841402853997e-17,0.43300855656197434,7.070731337713839e-13,-0.8317411972869493,-5.881018548524461e-07,24,10,hbo,False,S24_D10 hbo,mild_master_19,,
743,ShortHbO,7.0,6.329841402853997e-17,0.00040890621029869,0.004406542900671708,-6.287893130127705,-27707.870832746637,24,10,hbo,True,S24_D10 hbo,mild_master_19,,
744,az_itd=0_az=15,7.0,6.329841402853997e-17,0.0030656937406088364,5.83332173323652e-09,-4.424193578197383,-0.025807744551744238,24,10,hbo,True,S24_D10 hbo,mild_master_19,0.02183734714157415,
745,az_itd=0_az=5,7.0,6.329841402853997e-17,0.000516854882573783,5.853157174715215e-09,6.048252107047163,0.035401370214849515,24,10,hbo,True,S24_D10 hbo,mild_master_19,-0.027407150774878646,
746,az_itd=15_az=0,7.0,6.329841402853997e-17,0.00032047485252869066,5.869852507793656e-09,-6.544493836361057,-0.03841521355760407,24,10,hbo,True,S24_D10 hbo,mild_master_19,-0.021492308618371963,
747,az_itd=5_az=0,7.0,6.329841402853997e-17,1.0492776193706001e-07,5.9814022892466685e-09,21.88683630858531,0.1309139728005393,24,10,hbo,True,S24_D10 hbo,mild_master_19,0.08542628675593676,
748,constant,7.0,6.329841402853997e-17,0.8015809590375055,6.952536934778599e-09,-0.26103182784546486,-0.0018148334242483633,24,10,hbo,False,S24_D10 hbo,mild_master_19,,
756,Linear,7.0,8.253565803804545e-17,0.3776317455801605,8.073999732143961e-13,-0.9418443421442784,-7.604450966194209e-07,24,19,hbo,False,S24_D19 hbo,mild_master_19,,
757,ShortHbO,7.0,8.253565803804545e-17,8.745342963575424e-09,0.005031788721760106,-31.316246206481324,-157576.73446963544,24,19,hbo,True,S24_D19 hbo,mild_master_19,,
758,az_itd=0_az=15,7.0,8.253565803804545e-17,0.0009199857462816181,6.661013672015626e-09,-5.4861092712299175,-0.03654304886183416,24,19,hbo,True,S24_D19 hbo,mild_master_19,-0.0382725390386432,
759,az_itd=0_az=5,7.0,8.253565803804545e-17,0.02159471944213653,6.683663570807809e-09,2.9438510864804415,0.019675710264592316,24,19,hbo,True,S24_D19 hbo,mild_master_19,-0.051242391896135976,
760,az_itd=15_az=0,7.0,8.253565803804545e-17,0.04255576923185853,6.7027278101863295e-09,-2.4744320105214195,-0.016585444251337192,24,19,hbo,True,S24_D19 hbo,mild_master_19,-0.01780524601248029,
761,az_itd=5_az=0,7.0,8.253565803804545e-17,2.1126474187491075e-07,6.830105426808311e-09,19.77603290596085,0.13507238967174293,24,19,hbo,True,S24_D19 hbo,mild_master_19,0.03106423347313076,
762,constant,7.0,8.253565803804545e-17,0.9473181252098865,7.939034686512825e-09,-0.0684806479109451,-0.0005436702391198652,24,19,hbo,False,S24_D19 hbo,mild_master_19,,
511,Linear,7.0,3.5419874679374704e-17,0.15869367815734164,5.289217567374001e-13,-1.5774718211979175,-8.343591668717484e-07,1,7,hbr,False,S1_D7 hbr,mild_master_19,,
512,ShortHbO,7.0,3.5419874679374704e-17,0.0024373586114069747,0.0032962876127543305,4.616094164555946,15215.974013933315,1,7,hbr,True,S1_D7 hbr,mild_master_19,,
513,az_itd=0_az=15,7.0,3.5419874679374704e-17,0.03647984096438968,4.36358083965258e-09,-2.5798584845442805,-0.011257421052172563,1,7,hbr,True,S1_D7 hbr,mild_master_19,,-0.010083086755720975
514,az_itd=0_az=5,7.0,3.5419874679374704e-17,0.0025441974113261704,4.378418620995811e-09,-4.579853814441018,-0.020052517222587246,1,7,hbr,True,S1_D7 hbr,mild_master_19,,-0.024834892840521823
515,az_itd=15_az=0,7.0,3.5419874679374704e-17,0.0056462715878893574,4.390907463350864e-09,3.934048768345032,0.017274044098112475,1,7,hbr,True,S1_D7 hbr,mild_master_19,,0.04390813996269241
516,az_itd=5_az=0,7.0,3.5419874679374704e-17,2.126836625696135e-05,4.474351598832439e-09,10.008952022460585,0.0447835704843337,1,7,hbr,True,S1_D7 hbr,mild_master_19,,0.057273895815577555
517,constant,7.0,3.5419874679374704e-17,0.5280078602353777,5.200802963210511e-09,0.6638996750851657,0.0034528113974574247,1,7,hbr,False,S1_D7 hbr,mild_master_19,,
525,Linear,7.0,1.2222160750233678e-18,0.19022020892319652,9.825211712893058e-14,-1.4504479365667107,-1.4250958055296813e-07,1,8,hbr,False,S1_D8 hbr,mild_master_19,,
526,ShortHbO,7.0,1.2222160750233678e-18,1.6564011484999838e-08,0.0006123159663855076,28.567152041127564,17492.12330894475,1,8,hbr,True,S1_D8 hbr,mild_master_19,,
527,az_itd=0_az=15,7.0,1.2222160750233678e-18,0.00039030377305757856,8.105755724697096e-10,6.33633409201249,0.005136077633992361,1,8,hbr,True,S1_D8 hbr,mild_master_19,,0.010787810579918409
528,az_itd=0_az=5,7.0,1.2222160750233678e-18,0.000634176719887973,8.133318278362144e-10,5.844432932873112,0.004753463319959856,1,8,hbr,True,S1_D8 hbr,mild_master_19,,0.003923784350731095
529,az_itd=15_az=0,7.0,1.2222160750233678e-18,6.008558139723227e-06,8.156517460211694e-10,12.101555770643177,0.009870655093897666,1,8,hbr,True,S1_D8 hbr,mild_master_19,,0.008317725060170237
530,az_itd=5_az=0,7.0,1.2222160750233678e-18,0.00011024203333695587,8.311522673527745e-10,7.764626165695909,0.006453586642764835,1,8,hbr,True,S1_D8 hbr,mild_master_19,,0.011166566175848444
531,constant,7.0,1.2222160750233678e-18,0.6962892147416806,9.660973393453078e-10,-0.4068234229084879,-0.00039303102645524106,1,8,hbr,False,S1_D8 hbr,mild_master_19,,
791,Linear,7.0,6.246060193144025e-17,0.3838704667673668,7.023781683849192e-13,0.9288665761168774,6.524156044069435e-07,2,6,hbr,False,S2_D6 hbr,mild_master_19,,
792,ShortHbO,7.0,6.246060193144025e-17,4.846842711284289e-08,0.004377283457193384,24.47140605091194,107118.2808809189,2,6,hbr,True,S2_D6 hbr,mild_master_19,,
793,az_itd=0_az=15,7.0,6.246060193144025e-17,0.5147877491980446,5.7945884787574835e-09,0.6859942212473459,0.003975054210934083,2,6,hbr,False,S2_D6 hbr,mild_master_19,,-0.012074355040936903
794,az_itd=0_az=5,7.0,6.246060193144025e-17,0.0019274114111337691,5.814292212910981e-09,-4.81731429479506,-0.02800927299137167,2,6,hbr,True,S2_D6 hbr,mild_master_19,,-0.026939192887357254
795,az_itd=15_az=0,7.0,6.246060193144025e-17,0.11994336585332083,5.830876688983017e-09,-1.7705305357626826,-0.010323745228111237,2,6,hbr,False,S2_D6 hbr,mild_master_19,,-0.03805160181946147
796,az_itd=5_az=0,7.0,6.246060193144025e-17,0.0002726880935365699,5.94168577992217e-09,6.718808821983676,0.039921050835596036,2,6,hbr,True,S2_D6 hbr,mild_master_19,,0.07064338690675628
797,constant,7.0,6.246060193144025e-17,0.4993447555074547,6.90637209171237e-09,-0.7122671225393928,-0.004919181776950337,2,6,hbr,False,S2_D6 hbr,mild_master_19,,
805,Linear,7.0,9.993521577486426e-16,0.6434719332819432,2.8094881124254504e-12,-0.4835385220841419,-1.3584957296951678e-06,3,5,hbr,False,S3_D5 hbr,mild_master_19,,
806,ShortHbO,7.0,9.993521577486426e-16,1.6525298389248475e-05,0.01750898076171674,-10.398580441971538,-182068.54490764358,3,5,hbr,True,S3_D5 hbr,mild_master_19,,
807,az_itd=0_az=15,7.0,9.993521577486426e-16,0.00012908097004666466,2.3178151286935937e-08,-7.5736963750360955,-0.1755442803819049,3,5,hbr,True,S3_D5 hbr,mild_master_19,,-0.09846785732294246
808,az_itd=0_az=5,7.0,9.993521577486426e-16,3.085726289241117e-05,2.325696553453981e-08,9.45782467064176,0.21996030239683573,3,5,hbr,True,S3_D5 hbr,mild_master_19,,0.026371112906981877
809,az_itd=15_az=0,7.0,9.993521577486426e-16,0.0075914553314293445,2.332330285889363e-08,3.7063263375417783,0.08644377166438091,3,5,hbr,True,S3_D5 hbr,mild_master_19,,0.374531788982739
810,az_itd=5_az=0,7.0,9.993521577486426e-16,0.0004870428286648462,2.3766535347822034e-08,6.108384142886291,0.14517512764998264,3,5,hbr,True,S3_D5 hbr,mild_master_19,,0.05053549022796461
811,constant,7.0,9.993521577486426e-16,0.6389435783492683,2.762524686134508e-08,-0.49025774220288093,-0.013543491154040261,3,5,hbr,False,S3_D5 hbr,mild_master_19,,
819,Linear,7.0,1.1836505579658764e-16,0.20248467647360152,9.668958031504945e-13,-1.4061466775325229,-1.3595973211202082e-06,4,2,hbr,False,S4_D2 hbr,mild_master_19,,
820,ShortHbO,7.0,1.1836505579658764e-16,7.214027117526654e-06,0.006025780974503369,11.77617130869117,70960.6290244037,4,2,hbr,True,S4_D2 hbr,mild_master_19,,
821,az_itd=0_az=15,7.0,1.1836505579658764e-16,5.745147060728123e-05,7.976847136319841e-09,8.595978952065323,0.06856881008764791,4,2,hbr,True,S4_D2 hbr,mild_master_19,,0.03855890079681976
822,az_itd=0_az=5,7.0,1.1836505579658764e-16,4.711228708291515e-07,8.003971353325645e-09,17.599127078376306,0.1408629089788616,4,2,hbr,True,S4_D2 hbr,mild_master_19,,0.10016925515815864
823,az_itd=15_az=0,7.0,1.1836505579658764e-16,1.2709254614364415e-06,8.026801590701009e-09,-15.222653664903813,-0.12218922065214047,4,2,hbr,True,S4_D2 hbr,mild_master_19,,-0.11239259706798116
824,az_itd=5_az=0,7.0,1.1836505579658764e-16,0.0024029046914860546,8.179341703424547e-09,-4.628156546506569,-0.03785527385081851,4,2,hbr,True,S4_D2 hbr,mild_master_19,,-0.0033909330836528703
825,constant,7.0,1.1836505579658764e-16,0.284323119946234,9.507331649882427e-09,1.1593609839134402,0.011022429375999083,4,2,hbr,False,S4_D2 hbr,mild_master_19,,
833,Linear,7.0,2.7183621048644434e-17,0.08977007123477665,4.633632381947789e-13,-1.9678887866831287,-9.11847320604689e-07,5,1,hbr,False,S5_D1 hbr,mild_master_19,,
834,ShortHbO,7.0,2.7183621048644434e-17,8.783485065149563e-06,0.0028877210718058995,11.434827843400635,33020.593315860824,5,1,hbr,True,S5_D1 hbr,mild_master_19,,
835,az_itd=0_az=15,7.0,2.7183621048644434e-17,5.9647318114076e-06,3.822725993459103e-09,12.114753801400962,0.04631138426097294,5,1,hbr,True,S5_D1 hbr,mild_master_19,,0.02311300648752921
836,az_itd=0_az=5,7.0,2.7183621048644434e-17,2.099938926260151e-05,3.835724669205088e-09,10.028290144155466,0.03846575989588337,5,1,hbr,True,S5_D1 hbr,mild_master_19,,0.04038374929710226
837,az_itd=15_az=0,7.0,2.7183621048644434e-17,3.470531886059737e-05,3.846665551029721e-09,-9.289392133972179,-0.03573318471175725,5,1,hbr,True,S5_D1 hbr,mild_master_19,,-0.03033267369057402
838,az_itd=5_az=0,7.0,2.7183621048644434e-17,7.563483923843729e-06,3.9197669962484e-09,11.693303724664977,0.045835026017050265,5,1,hbr,True,S5_D1 hbr,mild_master_19,,0.005384774842341171
839,constant,7.0,2.7183621048644434e-17,0.9460749798811634,4.5561765451117104e-09,0.07009959237979267,0.0003193861186227029,5,1,hbr,False,S5_D1 hbr,mild_master_19,,
847,Linear,7.0,1.2487603861960456e-16,0.4655544749524939,9.931331493736967e-13,-0.7716750767237839,-7.663760992398805e-07,5,3,hbr,False,S5_D3 hbr,mild_master_19,,
848,ShortHbO,7.0,1.2487603861960456e-16,0.004450858580946186,0.0061892944587672175,4.121557488976988,25509.532928015797,5,3,hbr,True,S5_D3 hbr,mild_master_19,,
849,az_itd=0_az=15,7.0,1.2487603861960456e-16,0.001048673966216638,8.193304069324656e-09,5.363635228726813,0.04394589434590048,5,3,hbr,True,S5_D3 hbr,mild_master_19,,0.07872754894750048
850,az_itd=0_az=5,7.0,1.2487603861960456e-16,0.3921746225344058,8.221164319593085e-09,0.9118353236862761,0.0074963480284342245,5,3,hbr,False,S5_D3 hbr,mild_master_19,,-0.018418147829264722
851,az_itd=15_az=0,7.0,1.2487603861960456e-16,0.16809999516839688,8.244614070302176e-09,-1.5373185190836522,-0.012674597892973184,5,3,hbr,False,S5_D3 hbr,mild_master_19,,0.046756583604505936
852,az_itd=5_az=0,7.0,1.2487603861960456e-16,0.08854179649422529,8.401293458154858e-09,1.977236185313748,0.016611341428903456,5,3,hbr,False,S5_D3 hbr,mild_master_19,,0.0657477718466536
853,constant,7.0,1.2487603861960456e-16,0.8373690062601198,9.765319275171507e-09,0.21303768891644884,0.002080381049913789,5,3,hbr,False,S5_D3 hbr,mild_master_19,,
861,Linear,7.0,8.463432210807431e-19,0.08510085886933463,8.176005625090808e-14,-2.0041183309629034,-1.6385682747300301e-07,6,1,hbr,False,S6_D1 hbr,mild_master_19,,
862,ShortHbO,7.0,8.463432210807431e-19,1.2692999580395876e-10,0.0005095359705003961,57.456022284418005,29275.91007578331,6,1,hbr,True,S6_D1 hbr,mild_master_19,,
863,az_itd=0_az=15,7.0,8.463432210807431e-19,1.3851692948990869e-05,6.745168077525455e-10,10.679075850510982,0.0072032161524339675,6,1,hbr,True,S6_D1 hbr,mild_master_19,,0.015021835105392525
864,az_itd=0_az=5,7.0,8.463432210807431e-19,1.032365881116791e-06,6.768104132278514e-10,15.693634175960213,0.010621615031678362,6,1,hbr,True,S6_D1 hbr,mild_master_19,,0.016181582068277016
865,az_itd=15_az=0,7.0,8.463432210807431e-19,1.6099397554942002e-06,6.787409226849711e-10,14.70326163637214,0.009979705369549766,6,1,hbr,True,S6_D1 hbr,mild_master_19,,0.018404456550640234
866,az_itd=5_az=0,7.0,8.463432210807431e-19,0.08982816723869992,6.916396116193519e-10,-1.9674497847486463,-0.001360766205004131,6,1,hbr,False,S6_D1 hbr,mild_master_19,,0.0046289444394553665
867,constant,7.0,8.463432210807431e-19,0.5747813505228072,8.039335448117965e-10,-0.5883496830972043,-0.0004729940463212325,6,1,hbr,False,S6_D1 hbr,mild_master_19,,
875,Linear,7.0,2.797462053138926e-17,0.19986931465677157,4.700564579152768e-13,-1.4153882700495029,-6.653123967943006e-07,6,2,hbr,False,S6_D2 hbr,mild_master_19,,
876,ShortHbO,7.0,2.797462053138926e-17,2.1620800976602752e-05,0.0029294338147080106,9.984029392190724,29247.55330852217,6,2,hbr,True,S6_D2 hbr,mild_master_19,,
877,az_itd=0_az=15,7.0,2.797462053138926e-17,0.9967202339316702,3.877944756831791e-09,-0.0042595457586624965,-1.651828314129032e-05,6,2,hbr,False,S6_D2 hbr,mild_master_19,,-0.013841374067331375
878,az_itd=0_az=5,7.0,2.797462053138926e-17,6.955025770882906e-05,3.891131196702488e-09,8.344856255249264,0.03247093050679831,6,2,hbr,True,S6_D2 hbr,mild_master_19,,0.09777014038491288
879,az_itd=15_az=0,7.0,2.797462053138926e-17,0.006086261306980202,3.902230118095115e-09,3.8757547634299483,0.01512408696820695,6,2,hbr,True,S6_D2 hbr,mild_master_19,,0.024940241760532746
880,az_itd=5_az=0,7.0,2.797462053138926e-17,0.04524381686685569,3.976387503868424e-09,2.4326565474521833,0.009673185096492565,6,2,hbr,True,S6_D2 hbr,mild_master_19,,-0.06418896172373627
881,constant,7.0,2.797462053138926e-17,0.8542656434252546,4.621989903160181e-09,0.1905778480345381,0.0008808488893816305,6,2,hbr,False,S6_D2 hbr,mild_master_19,,
903,Linear,7.0,5.639255113248306e-17,0.09275767230123236,6.673886132224899e-13,-1.945666808018036,-1.2985158727961855e-06,7,7,hbr,False,S7_D7 hbr,mild_master_19,,
904,ShortHbO,7.0,5.639255113248306e-17,5.628766776719796e-05,0.004159225425379498,8.62324506228736,35866.0201123438,7,7,hbr,True,S7_D7 hbr,mild_master_19,,
905,az_itd=0_az=15,7.0,5.639255113248306e-17,1.0831222880818084e-05,5.505926213403656e-09,11.081351980025008,0.0610131063467722,7,7,hbr,True,S7_D7 hbr,mild_master_19,,0.03539768353493606
906,az_itd=0_az=5,7.0,5.639255113248306e-17,0.009313553374699574,5.524648389581549e-09,3.5524154297036077,0.019625846182836682,7,7,hbr,True,S7_D7 hbr,mild_master_19,,0.02078394683573806
907,az_itd=15_az=0,7.0,5.639255113248306e-17,2.2607835480406106e-06,5.5404066961248574e-09,13.986655358380379,0.07749175900396127,7,7,hbr,True,S7_D7 hbr,mild_master_19,,0.0996161670836665
908,az_itd=5_az=0,7.0,5.639255113248306e-17,6.296307002530522e-05,5.645695739638805e-09,8.474820363169533,0.04784625721855042,7,7,hbr,True,S7_D7 hbr,mild_master_19,,0.08349870192990957
909,constant,7.0,5.639255113248306e-17,0.7091216146430799,6.562325396993917e-09,-0.38859920287712013,-0.002550114418292117,7,7,hbr,False,S7_D7 hbr,mild_master_19,,
917,Linear,7.0,1.116919428191058e-17,0.6999863596837784,2.970153155608389e-13,-0.4015576369821557,-1.1926876826411974e-07,7,8,hbr,False,S7_D8 hbr,mild_master_19,,
918,ShortHbO,7.0,1.116919428191058e-17,0.00044227336601842496,0.0018510259655807485,-6.206898929110074,-11489.131083518088,7,8,hbr,True,S7_D8 hbr,mild_master_19,,
919,az_itd=0_az=15,7.0,1.116919428191058e-17,0.09911898532204308,2.4503630708239257e-09,1.9005968478420954,0.00465715232847663,7,8,hbr,False,S7_D8 hbr,mild_master_19,,0.006625815517949466
920,az_itd=0_az=5,7.0,1.116919428191058e-17,0.03407939895638885,2.4586952073861785e-09,-2.6266244242010415,-0.006458068883386582,7,8,hbr,True,S7_D8 hbr,mild_master_19,,-0.0224646087384589
921,az_itd=15_az=0,7.0,1.116919428191058e-17,0.0006993145231233384,2.465708300354705e-09,5.748747444990057,0.014174734291754885,7,8,hbr,True,S7_D8 hbr,mild_master_19,,0.03833848707012166
922,az_itd=5_az=0,7.0,1.116919428191058e-17,0.005690241799496754,2.512566244684014e-09,3.928004009290289,0.009869370282726253,7,8,hbr,True,S7_D8 hbr,mild_master_19,,0.023816289962614465
923,constant,7.0,1.116919428191058e-17,0.9099176291746727,2.9205040511401006e-09,-0.11729920161162555,-0.0003425727935022518,7,8,hbr,False,S7_D8 hbr,mild_master_19,,
889,Linear,7.0,6.338489747147597e-17,0.7400220970834772,7.075559993150473e-13,0.3452867384756092,2.44309703292343e-07,7,17,hbr,False,S7_D17 hbr,mild_master_19,,
890,ShortHbO,7.0,6.338489747147597e-17,0.0025506326059672297,0.004409552161852457,-4.577724857117371,-20185.71654006763,7,17,hbr,True,S7_D17 hbr,mild_master_19,,
891,az_itd=0_az=15,7.0,6.338489747147597e-17,0.9030073125624747,5.837305352377951e-09,-0.12635022632624432,-0.0007375448524083514,7,17,hbr,False,S7_D17 hbr,mild_master_19,,-0.03765973266747019
892,az_itd=0_az=5,7.0,6.338489747147597e-17,0.000144348785482385,5.857154339628329e-09,-7.440714008184614,-0.04358141034297181,7,17,hbr,True,S7_D17 hbr,mild_master_19,,-0.026913963046090495
893,az_itd=15_az=0,7.0,6.338489747147597e-17,0.6853556862267198,5.873861074074886e-09,0.4224705836417317,0.002481533516194866,7,17,hbr,False,S7_D17 hbr,mild_master_19,,0.055216692811877674
894,az_itd=5_az=0,7.0,6.338489747147597e-17,0.4792421111131453,5.985487033709892e-09,0.7472744121924434,0.004472801304801052,7,17,hbr,False,S7_D17 hbr,mild_master_19,,-0.049647319010316174
895,constant,7.0,6.338489747147597e-17,0.9395428967913229,6.957284874371417e-09,0.07860986733898224,0.0005469112410138448,7,17,hbr,False,S7_D17 hbr,mild_master_19,,
931,Linear,7.0,1.1257927369922414e-15,0.9532997543099553,2.98192793014135e-12,-0.0606935691147251,-1.8098384892316316e-07,9,15,hbr,False,S9_D15 hbr,mild_master_19,,
932,ShortHbO,7.0,1.1257927369922414e-15,0.0007037047860685435,0.018583641102007373,5.742660131910289,106719.53486222713,9,15,hbr,True,S9_D15 hbr,mild_master_19,,
933,az_itd=0_az=15,7.0,1.1257927369922414e-15,0.008256699964768154,2.460077207156716e-08,-3.6427699070591024,-0.08961495219272488,9,15,hbr,True,S9_D15 hbr,mild_master_19,,0.155950373231146
934,az_itd=0_az=5,7.0,1.1257927369922414e-15,1.5409624199031023e-05,2.46844237535884e-08,10.50887745572047,0.259405584291536,9,15,hbr,True,S9_D15 hbr,mild_master_19,,0.4929093501282369
935,az_itd=15_az=0,7.0,1.1257927369922414e-15,1.2384096881202804e-06,2.4754832707955076e-08,-15.280628761049273,-0.3782694086521416,9,15,hbr,True,S9_D15 hbr,mild_master_19,,-0.2266500523359646
936,az_itd=5_az=0,7.0,1.1257927369922414e-15,0.827225459607234,2.5225269771716365e-08,0.2265790242828327,0.005715517012146728,9,15,hbr,False,S9_D15 hbr,mild_master_19,,0.1438127582477512
937,constant,7.0,1.1257927369922414e-15,0.5365153796417286,2.932081998445559e-08,0.6498639203244808,0.019054543022226693,9,15,hbr,False,S9_D15 hbr,mild_master_19,,
35,Linear,7.0,2.8372608231046202e-15,0.11499281551239957,4.733883352258196e-12,1.799355818636947,8.517940554634361e-06,10,6,hbr,False,S10_D6 hbr,mild_master_19,,
36,ShortHbO,7.0,2.8372608231046202e-15,2.129275775146609e-06,0.029501983715939022,-14.110710291759652,-416293.9452478264,10,6,hbr,True,S10_D6 hbr,mild_master_19,,
37,az_itd=0_az=15,7.0,2.8372608231046202e-15,1.574535289923592e-07,3.9054325956419015e-08,-20.637454517923338,-0.8059818756537503,10,6,hbr,True,S10_D6 hbr,mild_master_19,,-0.8628968420780548
38,az_itd=0_az=5,7.0,2.8372608231046202e-15,0.04278217888632063,3.918712504284427e-08,2.470810058853654,0.09682394273341556,10,6,hbr,True,S10_D6 hbr,mild_master_19,,-0.20545625695939887
39,az_itd=15_az=0,7.0,2.8372608231046202e-15,0.23477910798114873,3.929890097597708e-08,1.2999652287348875,0.05108720479626574,10,6,hbr,False,S10_D6 hbr,mild_master_19,,0.1606548932355827
40,az_itd=5_az=0,7.0,2.8372608231046202e-15,0.0009526168274445122,4.004573129401204e-08,-5.453324536525731,-0.2183823690487522,10,6,hbr,True,S10_D6 hbr,mild_master_19,,-0.2368293509220999
41,constant,7.0,2.8372608231046202e-15,0.8149737917469452,4.654751719381569e-08,-0.2429980008461581,-0.011310953622449386,10,6,hbr,False,S10_D6 hbr,mild_master_19,,
7,Linear,7.0,2.259036726109554e-18,0.9443773358980396,1.3357634852884998e-13,0.07231076902881206,9.65900848618177e-09,10,14,hbr,False,S10_D14 hbr,mild_master_19,,
8,ShortHbO,7.0,2.259036726109554e-18,6.183261573710344e-07,0.0008324597303929912,-16.91492720852178,-14080.995743623114,10,14,hbr,True,S10_D14 hbr,mild_master_19,,
9,az_itd=0_az=15,7.0,2.259036726109554e-18,0.68091976103692,1.1019989018160765e-09,-0.4288516994768287,-0.0004725941018654233,10,14,hbr,False,S10_D14 hbr,mild_master_19,,-0.00548463219941261
10,az_itd=0_az=5,7.0,2.259036726109554e-18,0.38066546789554534,1.1057461037922706e-09,0.9355136110490779,0.0010344405304621555,10,14,hbr,False,S10_D14 hbr,mild_master_19,,0.002057352886174155
11,az_itd=15_az=0,7.0,2.259036726109554e-18,0.03049840478942189,1.1089000938444678e-09,-2.703179459251604,-0.0029975559560425414,10,14,hbr,True,S10_D14 hbr,mild_master_19,,0.0040170544295183306
12,az_itd=5_az=0,7.0,2.259036726109554e-18,4.228279469360427e-05,1.1299734620351229e-09,-9.012199524261503,-0.010183546296981058,10,14,hbr,True,S10_D14 hbr,mild_master_19,,-0.0067623175792212095
13,constant,7.0,2.259036726109554e-18,0.7163118799739684,1.3134348519314e-09,0.3784509636091167,0.0004970706853512358,10,14,hbr,False,S10_D14 hbr,mild_master_19,,
21,Linear,7.0,7.6638176308006345e-19,0.32451206179905573,7.780195363475101e-14,1.0596032249230747,8.24392009766977e-08,10,15,hbr,False,S10_D15 hbr,mild_master_19,,
22,ShortHbO,7.0,7.6638176308006345e-19,9.687556772668096e-07,0.0004848687215974045,-15.840455237854716,-7680.541280699526,10,15,hbr,True,S10_D15 hbr,mild_master_19,,
23,az_itd=0_az=15,7.0,7.6638176308006345e-19,0.1860975210305963,6.41862638175973e-10,1.4659175889504477,0.0009409177309922959,10,15,hbr,False,S10_D15 hbr,mild_master_19,,-0.0050373514191971586
24,az_itd=0_az=5,7.0,7.6638176308006345e-19,0.001175234971333164,6.440452074528157e-10,-5.258523297345313,-0.003386726727934227,10,15,hbr,True,S10_D15 hbr,mild_master_19,,-0.001822457993945229
25,az_itd=15_az=0,7.0,7.6638176308006345e-19,0.00038488502564739985,6.458822586262316e-10,-6.350933066402648,-0.004101954993312161,10,15,hbr,True,S10_D15 hbr,mild_master_19,,-0.0019623358368615453
26,az_itd=5_az=0,7.0,7.6638176308006345e-19,6.9975315562158215e-06,6.581565065223198e-10,-11.829832166467266,-0.007785881011427462,10,15,hbr,True,S10_D15 hbr,mild_master_19,,-0.007807894895808499
27,constant,7.0,7.6638176308006345e-19,0.7505179040410773,7.650141554076258e-10,0.3307434131405182,0.00025302339286032896,10,15,hbr,False,S10_D15 hbr,mild_master_19,,
91,Linear,7.0,1.6161451177448606e-16,0.25743491300847593,1.1298169836997883e-12,1.232823454522622,1.3928648768231018e-06,11,3,hbr,False,S11_D3 hbr,mild_master_19,,
92,ShortHbO,7.0,1.6161451177448606e-16,0.00036025968803635346,0.007041120318100416,-6.420314810774305,-45206.209062744,11,3,hbr,True,S11_D3 hbr,mild_master_19,,
93,az_itd=0_az=15,7.0,1.6161451177448606e-16,0.0010687093861948634,9.320939590000917e-09,-5.346082339857317,-0.04983051053298081,11,3,hbr,True,S11_D3 hbr,mild_master_19,,-0.06556771078208522
94,az_itd=0_az=5,7.0,1.6161451177448606e-16,0.22624295268247624,9.352634216188e-09,1.3267207416781543,0.012408333803945426,11,3,hbr,False,S11_D3 hbr,mild_master_19,,0.07808931462392443
95,az_itd=15_az=0,7.0,1.6161451177448606e-16,7.015250355573039e-05,9.379311330562204e-09,-8.33367402665507,-0.07816412322341784,11,3,hbr,True,S11_D3 hbr,mild_master_19,,-0.08650743972459121
96,az_itd=5_az=0,7.0,1.6161451177448606e-16,0.182600923073479,9.557554332020046e-09,1.4792826655977835,0.014138324448866257,11,3,hbr,False,S11_D3 hbr,mild_master_19,,-0.12881679417531638
97,constant,7.0,1.6161451177448606e-16,0.4561544287616618,1.110930953749502e-08,-0.7887163055676756,-0.008762093575820815,11,3,hbr,False,S11_D3 hbr,mild_master_19,,
105,Linear,7.0,1.008317543050584e-18,0.28013300716065537,8.924144282891293e-14,1.1704156451863885,1.0444958088596632e-07,11,4,hbr,False,S11_D4 hbr,mild_master_19,,
106,ShortHbO,7.0,1.008317543050584e-18,2.9876347763762207e-07,0.0005561606396299504,18.805282095958297,10458.757718909823,11,4,hbr,True,S11_D4 hbr,mild_master_19,,
107,az_itd=0_az=15,7.0,1.008317543050584e-18,9.04931638403265e-05,7.362379124527705e-10,-8.009054537288936,-0.005896569593253996,11,4,hbr,True,S11_D4 hbr,mild_master_19,,-0.006392401254704686
108,az_itd=0_az=5,7.0,1.008317543050584e-18,0.0004524589159025179,7.387413924071928e-10,-6.183533000494691,-0.004568031778781276,11,4,hbr,True,S11_D4 hbr,mild_master_19,,-0.005227122572913749
109,az_itd=15_az=0,7.0,1.008317543050584e-18,0.06955066062548244,7.408485515414713e-10,-2.1408140159283775,-0.0015860189628202185,11,4,hbr,False,S11_D4 hbr,mild_master_19,,0.0066261680298289735
110,az_itd=5_az=0,7.0,1.008317543050584e-18,0.0004879604522016032,7.549275243784388e-10,-6.106472385464606,-0.004609944080644095,11,4,hbr,True,S11_D4 hbr,mild_master_19,,-0.0021279365961186327
111,constant,7.0,1.008317543050584e-18,0.7473335679365865,8.774968213989018e-10,0.3351472649636813,0.0002940906597061659,11,4,hbr,False,S11_D4 hbr,mild_master_19,,
49,Linear,7.0,3.3846613764459924e-18,0.05536634368678688,1.6350292798982227e-13,-2.2953852069405887,-3.7530220219931037e-07,11,11,hbr,False,S11_D11 hbr,mild_master_19,,
50,ShortHbO,7.0,3.3846613764459924e-18,0.0003764847986447987,0.0010189648455877277,-6.3740266030356745,-6494.909033334315,11,11,hbr,True,S11_D11 hbr,mild_master_19,,
51,az_itd=0_az=15,7.0,3.3846613764459924e-18,3.156898216742849e-05,1.3488918440496348e-09,9.424937041433537,0.012713220705870993,11,11,hbr,True,S11_D11 hbr,mild_master_19,,-0.00020975022291271078
52,az_itd=0_az=5,7.0,3.3846613764459924e-18,2.2009978121550336e-06,1.3534785729251036e-09,14.04200588424617,0.019005554085215412,11,11,hbr,True,S11_D11 hbr,mild_master_19,,0.022173499241200663
53,az_itd=15_az=0,7.0,3.3846613764459924e-18,2.2448551859248727e-05,1.3573391860805355e-09,9.927262515652219,0.013474662423003192,11,11,hbr,True,S11_D11 hbr,mild_master_19,,0.008500869149514435
54,az_itd=5_az=0,7.0,3.3846613764459924e-18,0.0001872069946221643,1.3831338528739275e-09,7.138662407278447,0.009873725639745303,11,11,hbr,True,S11_D11 hbr,mild_master_19,,0.018258281231703925
55,constant,7.0,3.3846613764459924e-18,0.5352525227321969,1.607698117068086e-09,-0.651938624349068,-0.001048120498809955,11,11,hbr,False,S11_D11 hbr,mild_master_19,,
63,Linear,7.0,1.0164262405498871e-18,0.6425522417825137,8.959955563890068e-14,-0.4849012073709138,-4.344693270920031e-08,11,12,hbr,False,S11_D12 hbr,mild_master_19,,
64,ShortHbO,7.0,1.0164262405498871e-18,0.005996052955973262,0.0005583924306358881,-3.8873236114762992,-2170.6520800805292,11,12,hbr,True,S11_D12 hbr,mild_master_19,,
65,az_itd=0_az=15,7.0,1.0164262405498871e-18,0.0006748426122887928,7.391923271203308e-10,5.783480532972336,0.004275104434022952,11,12,hbr,True,S11_D12 hbr,mild_master_19,,0.0037335153084856443
66,az_itd=0_az=5,7.0,1.0164262405498871e-18,0.12873312997268532,7.41705853172315e-10,1.722044531932862,0.0012772505087579832,11,12,hbr,False,S11_D12 hbr,mild_master_19,,0.006776140828404512
67,az_itd=15_az=0,7.0,1.0164262405498871e-18,0.034186807165965005,7.438214680268816e-10,-2.624459677504027,-0.0019521294500984016,11,12,hbr,True,S11_D12 hbr,mild_master_19,,-0.004649597419196651
68,az_itd=5_az=0,7.0,1.0164262405498871e-18,0.989319947467362,7.579569377151388e-10,-0.013871014429681958,-1.051363162012424e-05,11,12,hbr,False,S11_D12 hbr,mild_master_19,,-0.002405479330323881
69,constant,7.0,1.0164262405498871e-18,0.863716993817182,8.810180873321401e-10,0.17806296692018395,0.0001568766945407066,11,12,hbr,False,S11_D12 hbr,mild_master_19,,
77,Linear,7.0,2.3118475177500456e-17,0.3669235356172089,4.2731438651071807e-13,-0.9645026481337435,-4.1214585737523364e-07,11,13,hbr,False,S11_D13 hbr,mild_master_19,,
78,ShortHbO,7.0,2.3118475177500456e-17,1.414662799679697e-08,0.0026630614094899406,29.223172346959185,77823.10254006059,11,13,hbr,True,S11_D13 hbr,mild_master_19,,
79,az_itd=0_az=15,7.0,2.3118475177500456e-17,8.926088805586039e-06,3.5253245791736566e-09,11.40730375838074,0.04021444832151965,11,13,hbr,True,S11_D13 hbr,mild_master_19,,-0.025137607358382084
80,az_itd=0_az=5,7.0,2.3118475177500456e-17,0.00029063218446190536,3.5373119806202773e-09,6.649595885167755,0.023521695190887194,11,13,hbr,True,S11_D13 hbr,mild_master_19,,0.03728481962826695
81,az_itd=15_az=0,7.0,2.3118475177500456e-17,0.0033729579963182074,3.547401680923206e-09,4.345591144974332,0.015415557332286944,11,13,hbr,True,S11_D13 hbr,mild_master_19,,0.009690418774453034
82,az_itd=5_az=0,7.0,2.3118475177500456e-17,0.0016126030024211637,3.614815961215195e-09,4.973598738391174,0.017978644104216172,11,13,hbr,True,S11_D13 hbr,mild_master_19,,0.033084200230203496
83,constant,7.0,2.3118475177500456e-17,0.5574703879269169,4.201713957270231e-09,-0.6158643664549724,-0.002587685904319246,11,13,hbr,False,S11_D13 hbr,mild_master_19,,
119,Linear,7.0,2.125958125662716e-17,0.07190889859338925,4.0977482608142843e-13,-2.118232845414251,-8.67998495829594e-07,13,1,hbr,False,S13_D1 hbr,mild_master_19,,
120,ShortHbO,7.0,2.125958125662716e-17,0.15643589643558772,0.002553753302875359,1.587436456212676,4053.921093157877,13,1,hbr,False,S13_D1 hbr,mild_master_19,,
121,az_itd=0_az=15,7.0,2.125958125662716e-17,0.001175769240042035,3.380623990002818e-09,5.25810672228203,0.017775681727341713,13,1,hbr,True,S13_D1 hbr,mild_master_19,,-0.04134580285343252
122,az_itd=0_az=5,7.0,2.125958125662716e-17,4.269802080231043e-07,3.392119356173538e-09,17.853178225745843,0.06056011142876842,13,1,hbr,True,S13_D1 hbr,mild_master_19,,0.03277985627454392
123,az_itd=15_az=0,7.0,2.125958125662716e-17,0.012089222449407827,3.401794914304419e-09,-3.3597035728680633,-0.011429022527752963,13,1,hbr,True,S13_D1 hbr,mild_master_19,,-0.01306806856395689
124,az_itd=5_az=0,7.0,2.125958125662716e-17,8.981723699392345e-08,3.466442105819843e-09,22.384768562555863,0.07759550427427597,13,1,hbr,True,S13_D1 hbr,mild_master_19,,0.08550706507438004
125,constant,7.0,2.125958125662716e-17,0.5205112631806394,4.029250267334806e-09,-0.6763851542754443,-0.0027253250636856277,13,1,hbr,False,S13_D1 hbr,mild_master_19,,
147,Linear,7.0,1.788037407024777e-16,0.9265059100041084,1.1883824286743884e-12,-0.09561516666299567,-1.1362738397707722e-07,13,3,hbr,False,S13_D3 hbr,mild_master_19,,
148,ShortHbO,7.0,1.788037407024777e-16,3.2428221680735966e-06,0.007406105400196528,-13.261257779102648,-98214.27285121035,13,3,hbr,True,S13_D3 hbr,mild_master_19,,
149,az_itd=0_az=15,7.0,1.788037407024777e-16,0.0012653312602118113,9.804101891989132e-09,5.191100208387681,0.05089407537455884,13,3,hbr,True,S13_D3 hbr,mild_master_19,,-0.017189381718074374
150,az_itd=0_az=5,7.0,1.788037407024777e-16,0.015770077183224412,9.837439447883176e-09,3.167162191635331,0.03115676628183754,13,3,hbr,True,S13_D3 hbr,mild_master_19,,-0.04849971167030485
151,az_itd=15_az=0,7.0,1.788037407024777e-16,0.5655602870191855,9.865499403103734e-09,0.602944286853607,0.005948346502059067,13,3,hbr,False,S13_D3 hbr,mild_master_19,,0.03595744708772833
152,az_itd=5_az=0,7.0,1.788037407024777e-16,0.0004439501817820248,1.0052981848510986e-08,6.203011044919052,0.06235875744068439,13,3,hbr,True,S13_D3 hbr,mild_master_19,,-0.03204254944487235
153,constant,7.0,1.788037407024777e-16,0.24224811454139147,1.1685174182663824e-08,-1.2772376963199727,-0.014924744954163164,13,3,hbr,False,S13_D3 hbr,mild_master_19,,
161,Linear,7.0,2.1071835686561804e-17,0.7680856371589697,4.079614316106122e-13,0.3065741352797043,1.2507042312349366e-07,13,9,hbr,False,S13_D9 hbr,mild_master_19,,
162,ShortHbO,7.0,2.1071835686561804e-17,0.4980713805565561,0.002542452066624349,-0.7144568243313236,-1816.4722295350432,13,9,hbr,False,S13_D9 hbr,mild_master_19,,
163,az_itd=0_az=15,7.0,2.1071835686561804e-17,0.0023059664380894723,3.3656635667137563e-09,-4.66314758537693,-0.01569458593431236,13,9,hbr,True,S13_D9 hbr,mild_master_19,,0.016049246579083746
164,az_itd=0_az=5,7.0,2.1071835686561804e-17,0.3028031116625562,3.37710806193749e-09,-1.1121532310154052,-0.0037558616425719523,13,9,hbr,False,S13_D9 hbr,mild_master_19,,0.006995401755813523
165,az_itd=15_az=0,7.0,2.1071835686561804e-17,0.3588697835817005,3.3867408023975434e-09,0.9818790060689772,0.00332536969287135,13,9,hbr,False,S13_D9 hbr,mild_master_19,,-0.00028017974810564235
166,az_itd=5_az=0,7.0,2.1071835686561804e-17,0.0006377891325959789,3.4511019078672023e-09,5.838843909124014,0.02015044535451668,13,9,hbr,True,S13_D9 hbr,mild_master_19,,0.07880500499394419
167,constant,7.0,2.1071835686561804e-17,0.7841446815210127,4.011419449794863e-09,-0.28465618317196617,-0.0011418753496803943,13,9,hbr,False,S13_D9 hbr,mild_master_19,,
133,Linear,7.0,1.0523065054348312e-16,0.072757623011229,9.116729081182542e-13,2.110286652609655,1.9238911695477804e-06,13,11,hbr,False,S13_D11 hbr,mild_master_19,,
134,ShortHbO,7.0,1.0523065054348312e-16,9.048551872762007e-08,0.005681626962087538,-22.360781908887297,-127045.6213868933,13,11,hbr,True,S13_D11 hbr,mild_master_19,,
135,az_itd=0_az=15,7.0,1.0523065054348312e-16,3.452633650924805e-05,7.521260721876947e-09,-9.296747443841564,-0.06992326139057548,13,11,hbr,True,S13_D11 hbr,mild_master_19,,-0.09580195070219122
136,az_itd=0_az=5,7.0,1.0523065054348312e-16,5.580943674402129e-05,7.546835777345734e-09,-8.634634714720498,-0.06516417018936413,13,11,hbr,True,S13_D11 hbr,mild_master_19,,-0.029833858644689258
137,az_itd=15_az=0,7.0,1.0523065054348312e-16,6.107542340538479e-05,7.568362097796406e-09,-8.514917009354773,-0.06444397515948258,13,11,hbr,True,S13_D11 hbr,mild_master_19,,-0.03421841640670958
138,az_itd=5_az=0,7.0,1.0523065054348312e-16,0.2733683128291122,7.712190096344157e-09,1.188556801041264,0.009166375989932928,13,11,hbr,False,S13_D11 hbr,mild_master_19,,-0.1418088557751107
139,constant,7.0,1.0523065054348312e-16,0.4902837434762982,8.964333763215176e-09,-0.7279288349027715,-0.006525397031936799,13,11,hbr,False,S13_D11 hbr,mild_master_19,,
175,Linear,7.0,2.524530260321965e-18,0.2722866526397362,1.4120764559886087e-13,-1.1914922402971293,-1.682478140016698e-07,14,1,hbr,False,S14_D1 hbr,mild_master_19,,
176,ShortHbO,7.0,2.524530260321965e-18,0.015101655119580481,0.0008800186550934819,3.1982894417239263,2814.5543731055727,14,1,hbr,True,S14_D1 hbr,mild_master_19,,
177,az_itd=0_az=15,7.0,2.524530260321965e-18,0.0006972539958734156,1.1649567613713398e-09,5.751619207414731,0.0067003876845110584,14,1,hbr,True,S14_D1 hbr,mild_master_19,,0.010006641062501747
178,az_itd=0_az=5,7.0,2.524530260321965e-18,0.12384683022256017,1.168918043248479e-09,1.748593887649141,0.0020439629455870846,14,1,hbr,False,S14_D1 hbr,mild_master_19,,0.00881322223831794
179,az_itd=15_az=0,7.0,2.524530260321965e-18,3.106561723987191e-06,1.1722522226478867e-09,13.345699022134207,0.015644525341486554,14,1,hbr,True,S14_D1 hbr,mild_master_19,,0.007935363123054207
180,az_itd=5_az=0,7.0,2.524530260321965e-18,0.00015843201647097868,1.1945295250282377e-09,7.331411269629507,0.008757587221697205,14,1,hbr,True,S14_D1 hbr,mild_master_19,,0.004641984408833623
181,constant,7.0,2.524530260321965e-18,0.6053203322571694,1.3884721743884473e-09,-0.5409502732524611,-0.0007510944021388694,14,1,hbr,False,S14_D1 hbr,mild_master_19,,
203,Linear,7.0,5.015490575573719e-18,0.008532528089388435,1.9903279001220137e-13,-3.6180294003340436,-7.201064858946565e-07,14,2,hbr,True,S14_D2 hbr,mild_master_19,,
204,ShortHbO,7.0,5.015490575573719e-18,0.05436951728149969,0.0012403901179941054,2.307715001401098,2862.4668828846748,14,2,hbr,False,S14_D2 hbr,mild_master_19,,
205,az_itd=0_az=15,7.0,5.015490575573719e-18,2.2346484251849047e-06,1.6420116168354733e-09,14.010644149104175,0.02300564045217701,14,2,hbr,True,S14_D2 hbr,mild_master_19,,0.0022739754454898092
206,az_itd=0_az=5,7.0,5.015490575573719e-18,1.0553504374609947e-06,1.6475950608528851e-09,15.643100595505318,0.02577349527757939,14,2,hbr,True,S14_D2 hbr,mild_master_19,,0.014140308345312387
207,az_itd=15_az=0,7.0,5.015490575573719e-18,5.026690238105707e-07,1.6522946012032038e-09,17.433661628814615,0.028805544988493838,14,2,hbr,True,S14_D2 hbr,mild_master_19,,0.004985334128663961
208,az_itd=5_az=0,7.0,5.015490575573719e-18,3.114376165492232e-08,1.6836945557021441e-09,26.083595439563826,0.04391680763473089,14,2,hbr,True,S14_D2 hbr,mild_master_19,,0.030119549284298826
209,constant,7.0,5.015490575573719e-18,0.27587963019286554,1.957057562647088e-09,-1.1817788142034829,-0.0023128091657130343,14,2,hbr,False,S14_D2 hbr,mild_master_19,,
217,Linear,7.0,1.71548981032855e-17,0.6498988489249977,3.6809675845914164e-13,0.47404338259207546,1.7449383250114966e-07,14,9,hbr,False,S14_D9 hbr,mild_master_19,,
218,ShortHbO,7.0,1.71548981032855e-17,9.04434474936428e-08,0.002294011864227961,-22.362286002013565,-51299.34939987799,14,9,hbr,True,S14_D9 hbr,mild_master_19,,
219,az_itd=0_az=15,7.0,1.71548981032855e-17,0.07876677638401265,3.0367817959660764e-09,2.0565364056271633,0.0062452523193500765,14,9,hbr,False,S14_D9 hbr,mild_master_19,,0.0053435519380922855
220,az_itd=0_az=5,7.0,1.71548981032855e-17,0.010555449209676982,3.0471079720887213e-09,3.4594476167935944,0.01054131041215509,14,9,hbr,True,S14_D9 hbr,mild_master_19,,0.01824406920328964
221,az_itd=15_az=0,7.0,1.71548981032855e-17,0.1294300270112959,3.055799432270203e-09,1.7183362946410914,0.005250891073613531,14,9,hbr,False,S14_D9 hbr,mild_master_19,,-0.0045565391461501615
222,az_itd=5_az=0,7.0,1.71548981032855e-17,1.0538438597843031e-05,3.1138713784360377e-09,-11.127005014501156,-0.03464806244236942,14,9,hbr,True,S14_D9 hbr,mild_master_19,,-0.0118389838262647
223,constant,7.0,1.71548981032855e-17,0.838747279010816,3.6194365003082135e-09,-0.21120121541183906,-0.0007644293879710678,14,9,hbr,False,S14_D9 hbr,mild_master_19,,
189,Linear,7.0,1.2139668828999182e-17,0.5843076115332274,3.096501831657521e-13,-0.5734139685723035,-1.775577403982146e-07,14,10,hbr,False,S14_D10 hbr,mild_master_19,,
190,ShortHbO,7.0,1.2139668828999182e-17,4.786120648314138e-06,0.0019297675885984306,-12.517884284104404,-24156.607369290352,14,10,hbr,True,S14_D10 hbr,mild_master_19,,
191,az_itd=0_az=15,7.0,1.2139668828999182e-17,0.0018697954078934391,2.554600163531986e-09,4.843699146203973,0.012373714630992412,14,10,hbr,True,S14_D10 hbr,mild_master_19,,0.02835996826261282
192,az_itd=0_az=5,7.0,1.2139668828999182e-17,7.168553297252643e-05,2.563286744585195e-09,8.305692234042294,0.021289870808124806,14,10,hbr,True,S14_D10 hbr,mild_master_19,,0.05817404898819292
193,az_itd=15_az=0,7.0,1.2139668828999182e-17,0.2585769731043358,2.570598170658164e-09,-1.2295746183938958,-0.0031607422647310594,14,10,hbr,False,S14_D10 hbr,mild_master_19,,-0.0077672131642523515
194,az_itd=5_az=0,7.0,1.2139668828999182e-17,0.008633941272329075,2.619449426078927e-09,3.6091502528975323,0.009453986558585056,14,10,hbr,True,S14_D10 hbr,mild_master_19,,0.032444291692628316
195,constant,7.0,1.2139668828999182e-17,0.7083569038945339,3.0447406816858728e-09,-0.389681123891207,-0.0011864779707966306,14,10,hbr,False,S14_D10 hbr,mild_master_19,,
231,Linear,7.0,2.3237198146313628e-17,0.7084048586298222,4.2841019984589046e-13,-0.3896132620314806,-1.669142954495159e-07,15,17,hbr,False,S15_D17 hbr,mild_master_19,,
232,ShortHbO,7.0,2.3237198146313628e-17,2.755014614696746e-07,0.0026698906160344035,-19.02813548430757,-50803.04037018403,15,17,hbr,True,S15_D17 hbr,mild_master_19,,
233,az_itd=0_az=15,7.0,2.3237198146313628e-17,0.019520614938293546,3.5343649901839524e-09,3.01511220469493,0.010656507017750111,15,17,hbr,True,S15_D17 hbr,mild_master_19,,-0.03138060981890681
234,az_itd=0_az=5,7.0,2.3237198146313628e-17,0.03231754547559476,3.546383132356311e-09,-2.6631836595891767,-0.009444669608734009,15,17,hbr,True,S15_D17 hbr,mild_master_19,,-0.015995713958269625
235,az_itd=15_az=0,7.0,2.3237198146313628e-17,4.9387275204736495e-05,3.5564987068832034e-09,8.799230665634235,0.03129445248389519,15,17,hbr,True,S15_D17 hbr,mild_master_19,,0.05749771827956808
236,az_itd=5_az=0,7.0,2.3237198146313628e-17,0.06763618350044576,3.6240858656685383e-09,-2.159717096477675,-0.007827000203187436,15,17,hbr,False,S15_D17 hbr,mild_master_19,,-0.0032001176262794785
237,constant,7.0,2.3237198146313628e-17,0.8929201087784564,4.212488914375125e-09,-0.13958374616357608,-0.0005879949833410156,15,17,hbr,False,S15_D17 hbr,mild_master_19,,
245,Linear,7.0,1.4646281399657812e-17,0.5136844135878889,3.401195600068088e-13,-0.6878543820298142,-2.3395272976473576e-07,15,18,hbr,False,S15_D18 hbr,mild_master_19,,
246,ShortHbO,7.0,1.4646281399657812e-17,1.428810861570259e-05,0.0021196554655295045,-10.629288681860308,-22530.4298491961,15,18,hbr,True,S15_D18 hbr,mild_master_19,,
247,az_itd=0_az=15,7.0,1.4646281399657812e-17,0.0004729069530382775,2.8059711598772904e-09,6.1383549312345185,0.017224046906134605,15,18,hbr,True,S15_D18 hbr,mild_master_19,,-0.02216351140544059
248,az_itd=0_az=5,7.0,1.4646281399657812e-17,0.01930905644340161,2.815512494862387e-09,-3.0228281238943704,-0.008510810352646028,15,18,hbr,True,S15_D18 hbr,mild_master_19,,-0.019025950217772813
249,az_itd=15_az=0,7.0,1.4646281399657812e-17,4.521284591593978e-05,2.823543360510638e-09,8.919790498497974,0.02518541523917983,15,18,hbr,True,S15_D18 hbr,mild_master_19,,0.06562122056124654
250,az_itd=5_az=0,7.0,1.4646281399657812e-17,0.1375920684446682,2.8772015477257133e-09,-1.6762590104514514,-0.004822935019260089,15,18,hbr,False,S15_D18 hbr,mild_master_19,,-0.018630267635694257
251,constant,7.0,1.4646281399657812e-17,0.8468387767516308,3.344341186568905e-09,-0.20043579205830123,-0.0006703256746431374,15,18,hbr,False,S15_D18 hbr,mild_master_19,,
259,Linear,7.0,3.20199653692105e-17,0.060427982790403074,5.028961959679746e-13,-2.2360616671411884,-1.124506906355111e-06,15,22,hbr,False,S15_D22 hbr,mild_master_19,,
260,ShortHbO,7.0,3.20199653692105e-17,1.002559159743194e-08,0.0031340939943476777,-30.707094139217165,-96238.91932558929,15,22,hbr,True,S15_D22 hbr,mild_master_19,,
261,az_itd=0_az=15,7.0,3.20199653692105e-17,2.860418635954918e-05,4.148871127170358e-09,9.567896046485936,0.039695967655032915,15,22,hbr,True,S15_D22 hbr,mild_master_19,,0.010667110389284463
262,az_itd=0_az=5,7.0,3.20199653692105e-17,5.179895224072052e-05,4.162978816443991e-09,8.73472402219596,0.03636247107188623,15,22,hbr,True,S15_D22 hbr,mild_master_19,,-0.0015629683907057807
263,az_itd=15_az=0,7.0,3.20199653692105e-17,7.326446247395146e-06,4.174853146120164e-09,11.7490241172092,0.0490504502995725,15,22,hbr,True,S15_D22 hbr,mild_master_19,,0.08959171657471418
264,az_itd=5_az=0,7.0,3.20199653692105e-17,8.231772783473129e-05,4.2541914183220284e-09,8.128530068210718,0.03458032285975461,15,22,hbr,True,S15_D22 hbr,mild_master_19,,0.0014315521904235662
265,constant,7.0,3.20199653692105e-17,0.6380482449731243,4.9448977903854046e-09,-0.4915891378840219,-0.002430858041700166,15,22,hbr,False,S15_D22 hbr,mild_master_19,,
273,Linear,7.0,7.529422729304529e-18,0.03222628155188149,2.438646001839506e-13,-2.6651336113912065,-6.499317425787251e-07,16,16,hbr,True,S16_D16 hbr,mild_master_19,,
274,ShortHbO,7.0,7.529422729304529e-18,5.628317966992513e-06,0.0015197859617915842,-12.219884211233545,-18571.608478951366,16,16,hbr,True,S16_D16 hbr,mild_master_19,,
275,az_itd=0_az=15,7.0,7.529422729304529e-18,6.191366652215476e-07,2.0118720458696145e-09,16.911693428221664,0.03402416325655603,16,16,hbr,True,S16_D16 hbr,mild_master_19,,0.016347954365137318
276,az_itd=0_az=5,7.0,7.529422729304529e-18,1.1336942494152239e-06,2.0187131515129217e-09,15.479831383809364,0.03124933919769843,16,16,hbr,True,S16_D16 hbr,mild_master_19,,0.024270969816180793
277,az_itd=15_az=0,7.0,7.529422729304529e-18,5.031615005640527e-07,2.0244712556349038e-09,17.431173144684628,0.0352889089834091,16,16,hbr,True,S16_D16 hbr,mild_master_19,,0.033903402148917586
278,az_itd=5_az=0,7.0,7.529422729304529e-18,0.5316103210855789,2.0629439984890276e-09,-0.6579392926795913,-0.0013572919152034786,16,16,hbr,False,S16_D16 hbr,mild_master_19,,-0.0011181319998404653
279,constant,7.0,7.529422729304529e-18,0.44861266361981444,2.3978815753055143e-09,-0.8025644427384218,-0.001924454490237799,16,16,hbr,False,S16_D16 hbr,mild_master_19,,
287,Linear,7.0,2.006067518129364e-17,0.1473076296749952,3.9805281041646645e-13,-1.62913548929889,-6.484819600646284e-07,16,17,hbr,False,S16_D17 hbr,mild_master_19,,
288,ShortHbO,7.0,2.006067518129364e-17,9.588947508891105e-09,0.002480700654651418,-30.90434524461309,-76664.42947988512,16,17,hbr,True,S16_D17 hbr,mild_master_19,,
289,az_itd=0_az=15,7.0,2.006067518129364e-17,0.00023252219121982462,3.28391788497653e-09,6.894276162405484,0.022640236793690725,16,17,hbr,True,S16_D17 hbr,mild_master_19,,0.004482784187871663
290,az_itd=0_az=5,7.0,2.006067518129364e-17,0.0009147850466863099,3.2950844147870077e-09,5.491454105860375,0.018094804838738644,16,17,hbr,True,S16_D17 hbr,mild_master_19,,-0.0012016521542002208
291,az_itd=15_az=0,7.0,2.006067518129364e-17,7.069111780320494e-06,3.304483193973067e-09,11.81188381580225,0.039032171558480995,16,17,hbr,True,S16_D17 hbr,mild_master_19,,0.06704023495600979
292,az_itd=5_az=0,7.0,2.006067518129364e-17,0.01567534160891827,3.3672810884028545e-09,3.17148721314765,0.010679288914943555,16,17,hbr,True,S16_D17 hbr,mild_master_19,,0.00538878283296994
293,constant,7.0,2.006067518129364e-17,0.7541331158607729,3.913989563783521e-09,-0.3257524001071927,-0.001274991494396986,16,17,hbr,False,S16_D17 hbr,mild_master_19,,
301,Linear,7.0,6.649448541316818e-17,0.6487946511299829,7.247041299895157e-13,-0.475671338997755,-3.44720983889316e-07,16,18,hbr,False,S16_D18 hbr,mild_master_19,,
302,ShortHbO,7.0,6.649448541316818e-17,4.680989862983882e-06,0.004516420843286196,-12.559236645531872,-56722.79816164395,16,18,hbr,True,S16_D18 hbr,mild_master_19,,
303,az_itd=0_az=15,7.0,6.649448541316818e-17,1.2364742997965669e-05,5.97877666357629e-09,10.863128693711815,0.06494822032739019,16,18,hbr,True,S16_D18 hbr,mild_master_19,,0.040014949971023915
304,az_itd=0_az=5,7.0,6.649448541316818e-17,0.0005501527448344643,5.999106705368577e-09,-5.985518850511156,-0.0359077662712115,16,18,hbr,True,S16_D18 hbr,mild_master_19,,-0.09755165601717318
305,az_itd=15_az=0,7.0,6.649448541316818e-17,0.008849724961596502,6.016218339590856e-09,3.5906275553742653,0.021601999349282936,16,18,hbr,True,S16_D18 hbr,mild_master_19,,0.09429164173955785
306,az_itd=5_az=0,7.0,6.649448541316818e-17,0.004369289057590982,6.130549634979268e-09,-4.1363135483436135,-0.025357875513957736,16,18,hbr,True,S16_D18 hbr,mild_master_19,,-0.05212551666237896
307,constant,7.0,6.649448541316818e-17,0.9724627327864019,7.125899698188496e-09,0.03577219567036534,0.00025490907833099614,16,18,hbr,False,S16_D18 hbr,mild_master_19,,
315,Linear,7.0,9.424050988926863e-18,0.20078762357127397,2.7282661530876934e-13,-1.4121311210555443,-3.8526695412976214e-07,16,22,hbr,False,S16_D22 hbr,mild_master_19,,
316,ShortHbO,7.0,9.424050988926863e-18,2.0539697030575786e-05,0.001700279825922307,-10.061999182489457,-17108.21421843357,16,22,hbr,True,S16_D22 hbr,mild_master_19,,
317,az_itd=0_az=15,7.0,9.424050988926863e-18,2.9849516999334663e-06,2.2508073754653147e-09,13.424700105853443,0.03021641401166492,16,22,hbr,True,S16_D22 hbr,mild_master_19,,0.0357339334729556
318,az_itd=0_az=5,7.0,9.424050988926863e-18,0.740598337616006,2.2584609491952666e-09,-0.34448617913213236,-0.0007780085831074062,16,22,hbr,False,S16_D22 hbr,mild_master_19,,-0.015748411797941935
319,az_itd=15_az=0,7.0,9.424050988926863e-18,3.2696106943749684e-06,2.26490290123345e-09,13.245131817632338,0.02999893748097496,16,22,hbr,True,S16_D22 hbr,mild_master_19,,0.039971853549577156
320,az_itd=5_az=0,7.0,9.424050988926863e-18,0.26485507503543493,2.3079447703961647e-09,1.2119292787532596,0.0027970658409885813,16,22,hbr,False,S16_D22 hbr,mild_master_19,,0.004993626475704749
321,constant,7.0,9.424050988926863e-18,0.6144921839439987,2.6826604337340736e-09,-0.5269759055064952,-0.0014136974112334605,16,22,hbr,False,S16_D22 hbr,mild_master_19,,
329,Linear,7.0,6.6449093398262174e-18,0.024711894550677734,2.290933334782481e-13,-2.849336810076519,-6.527640680227076e-07,16,23,hbr,True,S16_D23 hbr,mild_master_19,,
330,ShortHbO,7.0,6.6449093398262174e-18,7.120239602834336e-06,0.0014277301088294388,-11.799189792605917,-16846.05852669645,16,23,hbr,True,S16_D23 hbr,mild_master_19,,
331,az_itd=0_az=15,7.0,6.6449093398262174e-18,3.095372713525759e-06,1.8900097561200125e-09,13.352819474130165,0.025236959077815306,16,23,hbr,True,S16_D23 hbr,mild_master_19,,0.0203319409673701
332,az_itd=0_az=5,7.0,6.6449093398262174e-18,1.4964331419257399e-05,1.89643648511356e-09,10.555457120884896,0.02001775400109785,16,23,hbr,True,S16_D23 hbr,mild_master_19,,0.013230805995981624
333,az_itd=15_az=0,7.0,6.6449093398262174e-18,3.6168603406342944e-06,1.901845811710469e-09,13.048764939919792,0.024816738948980864,16,23,hbr,True,S16_D23 hbr,mild_master_19,,0.034057639056832255
334,az_itd=5_az=0,7.0,6.6449093398262174e-18,4.905136990944401e-06,1.9379881993380885e-09,12.47229903717271,0.02417116835265652,16,23,hbr,True,S16_D23 hbr,mild_master_19,,0.019244392766079685
335,constant,7.0,6.6449093398262174e-18,0.5361758384255675,2.2526380744004616e-09,-0.6504214442407806,-0.0014651641097033193,16,23,hbr,False,S16_D23 hbr,mild_master_19,,
343,Linear,7.0,2.090065579829462e-18,0.28879212910025287,1.2848365369422543e-13,-1.147718304897458,-1.4746304122496842e-07,17,15,hbr,False,S17_D15 hbr,mild_master_19,,
344,ShortHbO,7.0,2.090065579829462e-18,7.138713929362531e-10,0.0008007216014824701,44.86663956092257,35925.68748235867,17,15,hbr,True,S17_D15 hbr,mild_master_19,,
345,az_itd=0_az=15,7.0,2.090065579829462e-18,8.302289777505401e-05,1.0599843971762184e-09,8.117706899855785,0.008604642654696864,17,15,hbr,True,S17_D15 hbr,mild_master_19,,0.007552906313738507
346,az_itd=0_az=5,7.0,2.090065579829462e-18,2.696545632997742e-05,1.0635887343686491e-09,9.654318010342111,0.01026822387381222,17,15,hbr,True,S17_D15 hbr,mild_master_19,,0.015411420584289858
347,az_itd=15_az=0,7.0,2.090065579829462e-18,0.0005908517542392978,1.0666224762704501e-09,5.914377170374894,0.006308407623062687,17,15,hbr,True,S17_D15 hbr,mild_master_19,,-0.0035297467675905053
348,az_itd=5_az=0,7.0,2.090065579829462e-18,0.38620239676124163,1.0868924070673252e-09,-0.9240563724114301,-0.00100434985487616,17,15,hbr,False,S17_D15 hbr,mild_master_19,,0.0038328156063762307
349,constant,7.0,2.090065579829462e-18,0.790686304243011,1.2633591988706917e-09,-0.27577269408787,-0.0003483999698732638,17,15,hbr,False,S17_D15 hbr,mild_master_19,,
357,Linear,7.0,2.983746666166824e-17,0.5723022628783393,4.854549066100517e-13,0.5922599290952104,2.875154885677912e-07,17,17,hbr,False,S17_D17 hbr,mild_master_19,,
358,ShortHbO,7.0,2.983746666166824e-17,5.4423816385683534e-08,0.003025398321823984,-24.065396724834923,-72807.41086534398,17,17,hbr,True,S17_D17 hbr,mild_master_19,,
359,az_itd=0_az=15,7.0,2.983746666166824e-17,0.3773703838581169,4.0049812699436024e-09,-0.9423915410476738,-0.0037742604708492214,17,17,hbr,False,S17_D17 hbr,mild_master_19,,-0.0060268738133496275
360,az_itd=0_az=5,7.0,2.983746666166824e-17,0.0001875568953995893,4.018599680728423e-09,-7.136528657248405,-0.028678851783527682,17,17,hbr,True,S17_D17 hbr,mild_master_19,,-0.10291373292093924
361,az_itd=15_az=0,7.0,2.983746666166824e-17,0.039843684928126316,4.0300621885982784e-09,2.5194306849758927,0.010153462340315606,17,17,hbr,True,S17_D17 hbr,mild_master_19,,0.03714359149219062
362,az_itd=5_az=0,7.0,2.983746666166824e-17,1.0871551918078293e-05,4.106648875535182e-09,-11.075173553534793,-0.04548184901998064,17,17,hbr,True,S17_D17 hbr,mild_master_19,,-0.09410550515348423
363,constant,7.0,2.983746666166824e-17,0.5703244376356638,4.7734003841633106e-09,0.5953866181672303,0.002842018711885151,17,17,hbr,False,S17_D17 hbr,mild_master_19,,
371,Linear,7.0,1.816209975126842e-18,0.32570520228323563,1.197707998584355e-13,-1.0567978098857105,-1.265735189786544e-07,17,21,hbr,False,S17_D21 hbr,mild_master_19,,
372,ShortHbO,7.0,1.816209975126842e-18,1.0635864474384569e-11,0.0007464223184508735,81.91633659971903,61144.181883764424,17,21,hbr,True,S17_D21 hbr,mild_master_19,,
373,az_itd=0_az=15,7.0,1.816209975126842e-18,0.0031256946772436852,9.881037426705988e-10,4.408181883937184,0.0043557410178910625,17,21,hbr,True,S17_D21 hbr,mild_master_19,,-0.007963600547258184
374,az_itd=0_az=5,7.0,1.816209975126842e-18,3.538169250497236e-05,9.914636591742525e-10,9.261979439156526,0.009182916025942818,17,21,hbr,True,S17_D21 hbr,mild_master_19,,0.0057472735631647915
375,az_itd=15_az=0,7.0,1.816209975126842e-18,0.0022462892247063783,9.942916741294271e-10,4.68550708563813,0.00465876068432443,17,21,hbr,True,S17_D21 hbr,mild_master_19,,-0.010020769516352628
376,az_itd=5_az=0,7.0,1.816209975126842e-18,0.004653095210123828,1.0131870413984385e-09,4.086214554077626,0.004140099634565148,17,21,hbr,True,S17_D21 hbr,mild_master_19,,-0.003162088267205743
377,constant,7.0,1.816209975126842e-18,0.642149944473825,1.1776871018733776e-09,-0.48549759483305743,-0.0005717642554254387,17,21,hbr,False,S17_D21 hbr,mild_master_19,,
385,Linear,7.0,6.250726791985322e-18,0.02080437080679889,2.22194436312476e-13,-2.970114367240756,-6.599428876126462e-07,17,22,hbr,True,S17_D22 hbr,mild_master_19,,
386,ShortHbO,7.0,6.250726791985322e-18,2.5048634671536148e-09,0.0013847355657244727,-37.47600787712898,-51894.360968830995,17,22,hbr,True,S17_D22 hbr,mild_master_19,,
387,az_itd=0_az=15,7.0,6.250726791985322e-18,1.844382728376153e-06,1.8330941630217262e-09,14.41226562745848,0.026419039997612793,17,22,hbr,True,S17_D22 hbr,mild_master_19,,0.00841172944594927
388,az_itd=0_az=5,7.0,6.250726791985322e-18,2.617700972287518e-06,1.839327358044793e-09,13.687521231454417,0.025175832264833064,17,22,hbr,True,S17_D22 hbr,mild_master_19,,-0.009384482019238484
389,az_itd=15_az=0,7.0,6.250726791985322e-18,8.140750563359377e-07,1.844573788640489e-09,16.248781007178714,0.029972075543201263,17,22,hbr,True,S17_D22 hbr,mild_master_19,,0.0535083334108771
390,az_itd=5_az=0,7.0,6.250726791985322e-18,0.0033867239598946255,1.879627787480086e-09,4.342256138256771,0.008161825297823397,17,22,hbr,True,S17_D22 hbr,mild_master_19,,-0.015834397271268424
391,constant,7.0,6.250726791985322e-18,0.5001560693423752,2.1848023229578417e-09,-0.710873879562074,-0.0015531189033972724,17,22,hbr,False,S17_D22 hbr,mild_master_19,,
399,Linear,7.0,3.475942581585026e-17,0.37247133651601994,5.239673414000974e-13,0.9527018694854305,4.991846657011836e-07,18,15,hbr,False,S18_D15 hbr,mild_master_19,,
400,ShortHbO,7.0,3.475942581585026e-17,2.694170541316654e-05,0.0032654112540174015,9.65561398476093,31529.55057028615,18,15,hbr,True,S18_D15 hbr,mild_master_19,,
401,az_itd=0_az=15,7.0,3.475942581585026e-17,0.03831638125264707,4.322707134681755e-09,-2.5461854262277974,-0.011006413908177606,18,15,hbr,True,S18_D15 hbr,mild_master_19,,-0.02453079512981694
402,az_itd=0_az=5,7.0,3.475942581585026e-17,8.394430274703012e-05,4.337405930380093e-09,8.103720365434109,0.035149124771175835,18,15,hbr,True,S18_D15 hbr,mild_master_19,,0.08850847267277062
403,az_itd=15_az=0,7.0,3.475942581585026e-17,0.00034594584295206347,4.349777789625035e-09,6.463136043944993,0.028113205615276943,18,15,hbr,True,S18_D15 hbr,mild_master_19,,-0.00249249867884999
404,az_itd=5_az=0,7.0,3.475942581585026e-17,0.2782564576654515,4.43244030306257e-09,-1.1754111146596082,-0.005209939597284947,18,15,hbr,False,S18_D15 hbr,mild_master_19,,-0.029169123405656156
405,constant,7.0,3.475942581585026e-17,0.23232530960934858,5.1520869903109274e-09,-1.3075685511691884,-0.006736706921418484,18,15,hbr,False,S18_D15 hbr,mild_master_19,,
413,Linear,7.0,2.8060567225015368e-18,0.0067954824088495,1.4887307005115587e-13,-3.7908364067235767,-5.64353453930631e-07,18,16,hbr,True,S18_D16 hbr,mild_master_19,,
414,ShortHbO,7.0,2.8060567225015368e-18,0.010146743899489942,0.0009277902646874298,-3.4886773040339247,-3236.7608393186642,18,16,hbr,True,S18_D16 hbr,mild_master_19,,
415,az_itd=0_az=15,7.0,2.8060567225015368e-18,1.1957867813535786e-07,1.228196170304267e-09,21.47665986471396,0.026377551396769044,18,16,hbr,True,S18_D16 hbr,mild_master_19,,0.02416341847872462
416,az_itd=0_az=5,7.0,2.8060567225015368e-18,3.2674896528543344e-08,1.23237248945389e-09,25.903739674591357,0.03192305614894165,18,16,hbr,True,S18_D16 hbr,mild_master_19,,0.03326514037852509
417,az_itd=15_az=0,7.0,2.8060567225015368e-18,0.0002528730887506077,1.235887664012506e-09,6.801450305861216,0.008405828530407963,18,16,hbr,True,S18_D16 hbr,mild_master_19,,0.012785408507329534
418,az_itd=5_az=0,7.0,2.8060567225015368e-18,3.2501990386794235e-05,1.2593742846112389e-09,9.383074378455172,0.011816802582821025,18,16,hbr,True,S18_D16 hbr,mild_master_19,,0.017890671249347158
419,constant,7.0,2.8060567225015368e-18,0.5979195428431192,1.4638450659323187e-09,-0.5523111905478493,-0.0008084980111426739,18,16,hbr,False,S18_D16 hbr,mild_master_19,,
427,Linear,7.0,1.0680924120622395e-18,0.9855670351612571,9.184855674950687e-14,-0.018745781052728262,-1.7217729348353428e-09,18,21,hbr,False,S18_D21 hbr,mild_master_19,,
428,ShortHbO,7.0,1.0680924120622395e-18,3.243663885357874e-12,0.0005724084063591982,97.0744975272481,55566.25842769201,18,21,hbr,True,S18_D21 hbr,mild_master_19,,
429,az_itd=0_az=15,7.0,1.0680924120622395e-18,0.022448759102193242,7.577464857072894e-10,2.916590574989899,0.002210036258445599,18,21,hbr,True,S18_D21 hbr,mild_master_19,,-0.012121901227873608
430,az_itd=0_az=5,7.0,1.0680924120622395e-18,0.05110845773538043,7.603231027293365e-10,2.3497210787676632,0.0017865472211571532,18,21,hbr,False,S18_D21 hbr,mild_master_19,,0.0013806045432138887
431,az_itd=15_az=0,7.0,1.0680924120622395e-18,0.011549925901001394,7.624918207508061e-10,-3.3931385230488975,-0.0025872403704992547,18,21,hbr,True,S18_D21 hbr,mild_master_19,,-0.007077346569768802
432,az_itd=5_az=0,7.0,1.0680924120622395e-18,0.06201794237570844,7.769820989735606e-10,2.218461108272612,0.0017237045683968655,18,21,hbr,False,S18_D21 hbr,mild_master_19,,-0.0009686014698453196
433,constant,7.0,1.0680924120622395e-18,0.9370595149022299,9.031321552284084e-10,-0.0818469908421346,-7.391864923821682e-05,18,21,hbr,False,S18_D21 hbr,mild_master_19,,
441,Linear,7.0,2.904941248794346e-18,0.3150507076879168,1.514734783014154e-13,-1.0821465955985268,-1.63916508867344e-07,18,22,hbr,False,S18_D22 hbr,mild_master_19,,
442,ShortHbO,7.0,2.904941248794346e-18,5.598465794329478e-09,0.000943996241080438,-33.38927018777547,-31519.345549679176,18,22,hbr,True,S18_D22 hbr,mild_master_19,,
443,az_itd=0_az=15,7.0,2.904941248794346e-18,0.2227896958623125,1.2496494220784055e-09,1.3377952517392397,0.001671775063195176,18,22,hbr,False,S18_D22 hbr,mild_master_19,,-0.011172278104990153
444,az_itd=0_az=5,7.0,2.904941248794346e-18,0.016362922460659995,1.2538986901822528e-09,3.1407111497063465,0.003938133596857585,18,22,hbr,True,S18_D22 hbr,mild_master_19,,-0.006603578490731183
445,az_itd=15_az=0,7.0,2.904941248794346e-18,8.045269295118116e-06,1.2574752652945094e-09,11.585928422999286,0.014569018417394226,18,22,hbr,True,S18_D22 hbr,mild_master_19,,0.03474030996207688
446,az_itd=5_az=0,7.0,2.904941248794346e-18,0.7930272868922695,1.2813721333742317e-09,-0.27259966075633624,-0.00034930160886043835,18,22,hbr,False,S18_D22 hbr,mild_master_19,,-0.011046099318759826
447,constant,7.0,2.904941248794346e-18,0.8031473841436045,1.4894144639788837e-09,-0.2589177493782446,-0.00038563584090481703,18,22,hbr,False,S18_D22 hbr,mild_master_19,,
455,Linear,7.0,3.624974243440848e-19,0.01434231955743762,5.350820523156748e-14,-3.235489062990954,-1.7312521280701192e-07,18,23,hbr,True,S18_D23 hbr,mild_master_19,,
456,ShortHbO,7.0,3.624974243440848e-19,1.540804460905002e-07,0.0003334679124819987,20.702329676968834,6903.562660892928,18,23,hbr,True,S18_D23 hbr,mild_master_19,,
457,az_itd=0_az=15,7.0,3.624974243440848e-19,1.5005416615072368e-07,4.414403002684345e-10,20.781922706588993,0.009173978199752042,18,23,hbr,True,S18_D23 hbr,mild_master_19,,0.0016678125899605135
458,az_itd=0_az=5,7.0,3.624974243440848e-19,1.1558679939071226e-06,4.4294135980924846e-10,15.435946264679677,0.006837219028419706,18,23,hbr,True,S18_D23 hbr,mild_master_19,,0.00571272334833502
459,az_itd=15_az=0,7.0,3.624974243440848e-19,0.24848584069345592,4.4420478966692907e-10,1.258714778129664,0.0005591271332697428,18,23,hbr,False,S18_D23 hbr,mild_master_19,,0.004222433381672005
460,az_itd=5_az=0,7.0,3.624974243440848e-19,1.2984735289784097e-06,4.526463897142789e-10,15.174842665299899,0.006868837746930205,18,23,hbr,True,S18_D23 hbr,mild_master_19,,0.0077070821582798515
461,constant,7.0,3.624974243440848e-19,0.7645275583050812,5.261376163479998e-10,-0.31145247596501285,-0.00016386686330991456,18,23,hbr,False,S18_D23 hbr,mild_master_19,,
469,Linear,7.0,1.745742255093988e-18,0.12159199807348675,1.1742430099199496e-13,1.761183589142219,2.0680575187359791e-07,19,14,hbr,False,S19_D14 hbr,mild_master_19,,
470,ShortHbO,7.0,1.745742255093988e-18,1.998495738206009e-06,0.0007317987280081188,-14.243047333113891,-10423.043921332173,19,14,hbr,True,S19_D14 hbr,mild_master_19,,
471,az_itd=0_az=15,7.0,1.745742255093988e-18,0.006525986626670624,9.687452319581154e-10,-3.821915299361352,-0.0037024622232040834,19,14,hbr,True,S19_D14 hbr,mild_master_19,,0.0007625594294666185
472,az_itd=0_az=5,7.0,1.745742255093988e-18,0.0004948538983779257,9.720393223983506e-10,-6.092238245778062,-0.005921895136315424,19,14,hbr,True,S19_D14 hbr,mild_master_19,,0.002977214691336617
473,az_itd=15_az=0,7.0,1.745742255093988e-18,3.0029873615761015e-06,9.748119320803334e-10,-13.41275465764429,-0.013074913282337721,19,14,hbr,True,S19_D14 hbr,mild_master_19,,-0.005189103974116118
474,az_itd=5_az=0,7.0,1.745742255093988e-18,2.647196234740042e-05,9.933371093036063e-10,-9.681515031750436,-0.00961700815531839,19,14,hbr,True,S19_D14 hbr,mild_master_19,,-0.0076913648342833586
475,constant,7.0,1.745742255093988e-18,0.687919006415527,1.154614354151614e-09,0.41879196450535805,0.00048354321362123964,19,14,hbr,False,S19_D14 hbr,mild_master_19,,
483,Linear,7.0,2.840989881487401e-18,0.18272789559945699,1.4979687902294241e-13,-1.478793297100243,-2.2151862062566325e-07,19,15,hbr,False,S19_D15 hbr,mild_master_19,,
484,ShortHbO,7.0,2.840989881487401e-18,3.0923057246884346e-07,0.0009335475246818664,18.711375959490184,17467.958710373845,19,15,hbr,True,S19_D15 hbr,mild_master_19,,
485,az_itd=0_az=15,7.0,2.840989881487401e-18,4.2564355106118946e-07,1.2358175530086817e-09,17.86133250648528,0.02207334823163906,19,15,hbr,True,S19_D15 hbr,mild_master_19,,0.005766300778653675
486,az_itd=0_az=5,7.0,2.840989881487401e-18,4.975651441329877e-06,1.2400197876653749e-09,12.445880266732917,0.01543313780566283,19,15,hbr,True,S19_D15 hbr,mild_master_19,,0.026857433315590266
487,az_itd=15_az=0,7.0,2.840989881487401e-18,4.9900400948032154e-05,1.2435567750998421e-09,8.78521147175561,0.010924909246386543,19,15,hbr,True,S19_D15 hbr,mild_master_19,,0.007930220338180223
488,az_itd=5_az=0,7.0,2.840989881487401e-18,0.17589349017257183,1.267189138315548e-09,1.5055839575153547,0.001907859637785595,19,15,hbr,False,S19_D15 hbr,mild_master_19,,-0.008765487822014976
489,constant,7.0,2.840989881487401e-18,0.22627187839421337,1.4729287316668206e-09,-1.326628603363689,-0.0019540293861454038,19,15,hbr,False,S19_D15 hbr,mild_master_19,,
497,Linear,7.0,1.007778859865699e-18,0.06614833738803215,8.921760148681732e-14,2.1747821242623466,1.9402884488309205e-07,19,21,hbr,False,S19_D21 hbr,mild_master_19,,
498,ShortHbO,7.0,1.007778859865699e-18,3.6089273530444395e-06,0.0005560120582573369,-13.05300770993464,-7257.629683249646,19,21,hbr,True,S19_D21 hbr,mild_master_19,,
499,az_itd=0_az=15,7.0,1.007778859865699e-18,6.02882228397073e-05,7.360412224466688e-10,-8.532054482277891,-0.006279943811117398,19,21,hbr,True,S19_D21 hbr,mild_master_19,,-0.003742853636224739
500,az_itd=0_az=5,7.0,1.007778859865699e-18,0.39844300092387497,7.385440335826573e-10,-0.8991561305434687,-0.0006640663954721477,19,21,hbr,False,S19_D21 hbr,mild_master_19,,0.004289720347309653
501,az_itd=15_az=0,7.0,1.007778859865699e-18,1.2507159589757178e-06,7.406506297777881e-10,-15.258485132282878,-0.011301206622680329,19,21,hbr,True,S19_D21 hbr,mild_master_19,,-0.008925471691413646
502,az_itd=5_az=0,7.0,1.007778859865699e-18,6.159628568311915e-07,7.547258413397568e-10,-16.924384003950543,-0.012773269956538696,19,21,hbr,True,S19_D21 hbr,mild_master_19,,-0.017750020451693344
503,constant,7.0,1.007778859865699e-18,0.6088185920205295,8.772623932986426e-10,0.5356067438341034,0.0004698676539627986,19,21,hbr,False,S19_D21 hbr,mild_master_19,,
539,Linear,7.0,1.0367424970472999e-17,0.0387524073820231,2.8615633976527987e-13,-2.5384363723247425,-7.263896610315035e-07,20,12,hbr,True,S20_D12 hbr,mild_master_19,,
540,ShortHbO,7.0,1.0367424970472999e-17,0.8878785129568342,0.0017833518588794212,0.14620816613369386,260.7406048578742,20,12,hbr,False,S20_D12 hbr,mild_master_19,,
541,az_itd=0_az=15,7.0,1.0367424970472999e-17,2.0724170077444134e-06,2.3607770061249884e-09,14.167076213793008,0.03344530776954279,20,12,hbr,True,S20_D12 hbr,mild_master_19,,0.04899216326160764
542,az_itd=0_az=5,7.0,1.0367424970472999e-17,2.286536665966089e-05,2.368804517085413e-09,9.899569163634574,0.023450144152017044,20,12,hbr,True,S20_D12 hbr,mild_master_19,,-0.004907220000929295
543,az_itd=15_az=0,7.0,1.0367424970472999e-17,2.3579377831237386e-05,2.3755612091116066e-09,9.85343473844031,0.023407437341151572,20,12,hbr,True,S20_D12 hbr,mild_master_19,,0.0036668324161891297
544,az_itd=5_az=0,7.0,1.0367424970472999e-17,1.1365190180834404e-05,2.4207060118733137e-09,11.001592410590243,0.026631620888495623,20,12,hbr,True,S20_D12 hbr,mild_master_19,,0.033813247645413755
545,constant,7.0,1.0367424970472999e-17,0.3863895765597777,2.8137294804676115e-09,-0.9236712098179739,-0.002598960913324018,20,12,hbr,False,S20_D12 hbr,mild_master_19,,
553,Linear,7.0,9.028327749415427e-19,0.5779089827438282,8.444454108923862e-14,0.583430420516724,4.926751411803627e-08,20,13,hbr,False,S20_D13 hbr,mild_master_19,,
554,ShortHbO,7.0,9.028327749415427e-19,1.506491311059466e-11,0.000526265919697039,77.93819532608494,41016.21604280955,20,13,hbr,True,S20_D13 hbr,mild_master_19,,
555,az_itd=0_az=15,7.0,9.028327749415427e-19,0.04024393569029172,6.966636876183568e-10,2.5125944148824746,0.0017504332905613124,20,13,hbr,True,S20_D13 hbr,mild_master_19,,0.004912483170024807
556,az_itd=0_az=5,7.0,9.028327749415427e-19,0.18895032547583046,6.990326006387637e-10,1.455180443294718,0.0010172185696749757,20,13,hbr,False,S20_D13 hbr,mild_master_19,,0.004484354152186041
557,az_itd=15_az=0,7.0,9.028327749415427e-19,0.009795120425275186,7.010264958566756e-10,-3.5148601676822873,-0.0024640101067765208,20,13,hbr,True,S20_D13 hbr,mild_master_19,,-0.0017807633394970905
558,az_itd=5_az=0,7.0,9.028327749415427e-19,1.4136874034940742e-05,7.143486964233433e-10,-10.646344004498248,-0.007605201961287801,20,13,hbr,True,S20_D13 hbr,mild_master_19,,-0.001169008433695603
559,constant,7.0,9.028327749415427e-19,0.8428978715733473,8.303296544897253e-10,0.20567562931280006,0.0001707785742242541,20,13,hbr,False,S20_D13 hbr,mild_master_19,,
567,Linear,7.0,6.815631156303174e-19,0.24652232071634592,7.337041260132292e-14,1.2645019857489141,9.277703242958997e-08,20,20,hbr,False,S20_D20 hbr,mild_master_19,,
568,ShortHbO,7.0,6.815631156303174e-19,3.47818962951792e-10,0.00045725096220704156,49.73448780238708,22741.142402515863,20,20,hbr,True,S20_D20 hbr,mild_master_19,,
569,az_itd=0_az=15,7.0,6.815631156303174e-19,1.3640877198214306e-05,6.053026228291253e-10,-10.70376806408771,-0.0064790188833469195,20,20,hbr,True,S20_D20 hbr,mild_master_19,,-0.0061181390503083225
570,az_itd=0_az=5,7.0,6.815631156303174e-19,0.6396929527667585,6.073608745939163e-10,-0.48914413098974197,-0.00029708700720041086,20,20,hbr,False,S20_D20 hbr,mild_master_19,,0.004431395075977046
571,az_itd=15_az=0,7.0,6.815631156303174e-19,0.0006541764901981665,6.090932887077832e-10,-5.813926773306197,-0.0035412237786593016,20,20,hbr,True,S20_D20 hbr,mild_master_19,,0.0027245433010710126
572,az_itd=5_az=0,7.0,6.815631156303174e-19,0.00011472348147709873,6.206684046326957e-10,-7.7160369846517,-0.004789100365350647,20,20,hbr,True,S20_D20 hbr,mild_master_19,,-0.005761826091391178
573,constant,7.0,6.815631156303174e-19,0.7268198652129678,7.214395218353401e-10,0.3636979065771969,0.00026238604381356717,20,20,hbr,False,S20_D20 hbr,mild_master_19,,
581,Linear,7.0,1.2575197026522238e-18,0.13041831489003683,9.966101838883462e-14,-1.7131098963440112,-1.7073027688163508e-07,21,11,hbr,False,S21_D11 hbr,mild_master_19,,
582,ShortHbO,7.0,1.2575197026522238e-18,1.5880599181649534e-08,0.0006210963648309461,-28.740931052895107,-17850.887798810007,21,11,hbr,True,S21_D11 hbr,mild_master_19,,
583,az_itd=0_az=15,7.0,1.2575197026522238e-18,1.1286973829358219e-05,8.221989448577202e-10,11.013006512816593,0.009054882334549005,21,11,hbr,True,S21_D11 hbr,mild_master_19,,0.010258143323627875
584,az_itd=0_az=5,7.0,1.2575197026522238e-18,0.001435727053735536,8.249947239695852e-10,5.0770652149577415,0.004188552015589644,21,11,hbr,True,S21_D11 hbr,mild_master_19,,0.0015020689867884295
585,az_itd=15_az=0,7.0,1.2575197026522238e-18,0.11215688424851342,8.273479089761535e-10,1.8164100244040249,0.001502803035533994,21,11,hbr,False,S21_D11 hbr,mild_master_19,,-0.00025335959985075895
586,az_itd=5_az=0,7.0,1.2575197026522238e-18,5.161507182858513e-05,8.430707024039884e-10,8.739521576653457,0.0073680345943040425,21,11,hbr,True,S21_D11 hbr,mild_master_19,,0.021913769429742855
587,constant,7.0,1.2575197026522238e-18,0.8233368326815299,9.79950839894384e-10,-0.23178259911810573,-0.000227135552678691,21,11,hbr,False,S21_D11 hbr,mild_master_19,,
595,Linear,7.0,4.3332452311681884e-19,0.5392025949808508,5.850251753531763e-14,-0.6454591844771221,-3.776098725820465e-08,21,12,hbr,False,S21_D12 hbr,mild_master_19,,
596,ShortHbO,7.0,4.3332452311681884e-19,8.507669448939352e-10,0.0003645929126760285,43.75268145755837,15951.91756999767,21,12,hbr,True,S21_D12 hbr,mild_master_19,,
597,az_itd=0_az=15,7.0,4.3332452311681884e-19,0.001793273939175843,4.826431534282548e-10,4.880168856094724,0.0023553800859679166,21,12,hbr,True,S21_D12 hbr,mild_master_19,,0.0038607831101071456
598,az_itd=0_az=5,7.0,4.3332452311681884e-19,0.0039001825362039244,4.842843178389836e-10,4.227500837446854,0.0020473123592266817,21,12,hbr,True,S21_D12 hbr,mild_master_19,,-0.00400060668207669
599,az_itd=15_az=0,7.0,4.3332452311681884e-19,0.010831316596261659,4.856656728495606e-10,-3.4403999814733988,-0.001670884171873894,21,12,hbr,True,S21_D12 hbr,mild_master_19,,-0.0004743637831332305
600,az_itd=5_az=0,7.0,4.3332452311681884e-19,0.0004663363149418043,4.948951891949317e-10,6.1526295420584445,0.0030449067612633397,21,12,hbr,True,S21_D12 hbr,mild_master_19,,0.0036730953780129117
601,constant,7.0,4.3332452311681884e-19,0.9025333356089318,5.752458897318801e-10,-0.12697145708730798,-7.30398088027417e-05,21,12,hbr,False,S21_D12 hbr,mild_master_19,,
609,Linear,7.0,2.237236742544963e-18,0.0019009319291868226,1.329302719355753e-13,-4.829330354935035,-6.419641973482426e-07,21,19,hbr,True,S21_D19 hbr,mild_master_19,,
610,ShortHbO,7.0,2.237236742544963e-18,8.374355738263772e-10,0.0008284333233787698,-43.85183157867334,-36328.31857096645,21,19,hbr,True,S21_D19 hbr,mild_master_19,,
611,az_itd=0_az=15,7.0,2.237236742544963e-18,4.1194918084335126e-08,1.0966687988141666e-09,25.05238685618296,0.02747417100099798,21,19,hbr,True,S21_D19 hbr,mild_master_19,,0.028687381191558028
612,az_itd=0_az=5,7.0,2.237236742544963e-18,4.1136964228245254e-07,1.1003978764778326e-09,17.950274929667636,0.019752444414799546,21,19,hbr,True,S21_D19 hbr,mild_master_19,,0.00814878498391484
613,az_itd=15_az=0,7.0,2.237236742544963e-18,9.867673415985282e-08,1.103536611440558e-09,22.08222309101804,0.024368541642936496,21,19,hbr,True,S21_D19 hbr,mild_master_19,,0.02075324876910143
614,az_itd=5_az=0,7.0,2.237236742544963e-18,5.14640387957788e-07,1.124508052829954e-09,17.373944452744514,0.019537140446531515,21,19,hbr,True,S21_D19 hbr,mild_master_19,,0.03480352902521388
615,constant,7.0,2.237236742544963e-18,0.3641812849397181,1.3070820842148847e-09,-0.9703860589967787,-0.0012683742324865776,21,19,hbr,False,S21_D19 hbr,mild_master_19,,
623,Linear,7.0,1.6876278036915389e-18,0.48611158458852977,1.1545327517246478e-13,0.7352043651619913,8.488175187904467e-08,21,20,hbr,False,S21_D20 hbr,mild_master_19,,
624,ShortHbO,7.0,1.6876278036915389e-18,4.560189114496371e-13,0.000719515119117812,128.49567805936206,92454.58310500592,21,20,hbr,True,S21_D20 hbr,mild_master_19,,
625,az_itd=0_az=15,7.0,1.6876278036915389e-18,0.0004267663473057541,9.524843570914526e-10,-6.243656132211952,-0.005946984796990007,21,20,hbr,True,S21_D20 hbr,mild_master_19,,-0.008179418684360687
626,az_itd=0_az=5,7.0,1.6876278036915389e-18,0.01145543168607472,9.557231545705652e-10,3.399169591137546,0.003248665084562314,21,20,hbr,True,S21_D20 hbr,mild_master_19,,0.004535322925358755
627,az_itd=15_az=0,7.0,1.6876278036915389e-18,0.048210146552855326,9.58449224607649e-10,-2.389416328601488,-0.002290134227412952,21,20,hbr,True,S21_D20 hbr,mild_master_19,,0.004263883613283514
628,az_itd=5_az=0,7.0,1.6876278036915389e-18,0.0002769886388893555,9.766634474346857e-10,-6.7017640669072405,-0.006545367997479526,21,20,hbr,True,S21_D20 hbr,mild_master_19,,-0.002126009129411427
629,constant,7.0,1.6876278036915389e-18,0.8320171825619933,1.1352335727936892e-09,0.22017651107004182,0.00024995176730729284,21,20,hbr,False,S21_D20 hbr,mild_master_19,,
637,Linear,7.0,1.7748995537535156e-17,0.4391028626911818,3.7441635556484787e-13,-0.8202593694088574,-3.071185237119846e-07,22,10,hbr,False,S22_D10 hbr,mild_master_19,,
638,ShortHbO,7.0,1.7748995537535156e-17,4.865006096440205e-09,0.0023333961576358043,-34.06958092970653,-79497.82923363929,22,10,hbr,True,S22_D10 hbr,mild_master_19,,
639,az_itd=0_az=15,7.0,1.7748995537535156e-17,0.035127143513726866,3.0889181894751722e-09,2.605804308565329,0.00804911632694022,22,10,hbr,True,S22_D10 hbr,mild_master_19,,0.02446914975575189
640,az_itd=0_az=5,7.0,1.7748995537535156e-17,0.0052473574246039096,3.0994216485301933e-09,-3.9913569154691007,-0.012370898030815628,22,10,hbr,True,S22_D10 hbr,mild_master_19,,-0.03989562031330597
641,az_itd=15_az=0,7.0,1.7748995537535156e-17,0.010047290571310421,3.1082623263435747e-09,3.4959823027486254,0.01086643008519741,22,10,hbr,True,S22_D10 hbr,mild_master_19,,-0.007381776632196496
642,az_itd=5_az=0,7.0,1.7748995537535156e-17,0.014675776977238405,3.167331269343743e-09,3.2188997616326818,0.010195321867902314,22,10,hbr,True,S22_D10 hbr,mild_master_19,,0.0032522707354325285
643,constant,7.0,1.7748995537535156e-17,0.8185399000193626,3.6815760869956467e-09,0.2382114639221756,0.0008769936292241079,22,10,hbr,False,S22_D10 hbr,mild_master_19,,
651,Linear,7.0,3.823373695282902e-19,0.3567639969895845,5.495298596387107e-14,-0.9864717199478784,-5.420956658005151e-08,22,11,hbr,False,S22_D11 hbr,mild_master_19,,
652,ShortHbO,7.0,3.823373695282902e-19,1.0548016971333606e-07,0.00034247191500292906,21.870211744860562,7489.933297781948,22,11,hbr,True,S22_D11 hbr,mild_master_19,,
653,az_itd=0_az=15,7.0,3.823373695282902e-19,0.002020830566616699,4.533596766992082e-10,4.776336766105206,0.0021653984920879973,22,11,hbr,True,S22_D11 hbr,mild_master_19,,0.0026834857546996493
654,az_itd=0_az=5,7.0,3.823373695282902e-19,0.4393714817364116,4.549012665081039e-10,0.8197558788421807,0.00037290798751277176,22,11,hbr,False,S22_D11 hbr,mild_master_19,,-0.0012918532299152242
655,az_itd=15_az=0,7.0,3.823373695282902e-19,0.4804972141622079,4.561988103695544e-10,0.7450605527474096,0.0003398957378166509,22,11,hbr,False,S22_D11 hbr,mild_master_19,,-0.0036296620094011162
656,az_itd=5_az=0,7.0,3.823373695282902e-19,0.25922120360502565,4.6486834295632404e-10,1.2277473338819918,0.0005707408686707662,22,11,hbr,False,S22_D11 hbr,mild_master_19,,0.006098445980259778
657,constant,7.0,3.823373695282902e-19,0.6961490449485126,5.403439140055276e-10,0.4070233115859327,0.00021993256927383426,22,11,hbr,False,S22_D11 hbr,mild_master_19,,
665,Linear,7.0,2.2201609033888137e-19,0.19551347719108386,4.187551361804256e-14,-1.4310226725215616,-5.992480941090431e-08,22,12,hbr,False,S22_D12 hbr,mild_master_19,,
666,ShortHbO,7.0,2.2201609033888137e-19,3.5248592526144925e-12,0.000260971939721909,95.92762985538047,25034.41963628395,22,12,hbr,True,S22_D12 hbr,mild_master_19,,
667,az_itd=0_az=15,7.0,2.2201609033888137e-19,1.795232387694393e-05,3.4547111467192275e-10,10.26922365133081,0.0035477201416405273,22,12,hbr,True,S22_D12 hbr,mild_master_19,,0.0037191432887770147
668,az_itd=0_az=5,7.0,2.2201609033888137e-19,9.95785985555061e-06,3.466458436498584e-10,11.221950498085025,0.003890042497805633,22,12,hbr,True,S22_D12 hbr,mild_master_19,,0.004376242132842332
669,az_itd=15_az=0,7.0,2.2201609033888137e-19,0.640490713326598,3.4763460367239663e-10,-0.4879593515067703,-0.00016963155576929577,22,12,hbr,False,S22_D12 hbr,mild_master_19,,0.0009077265473609154
670,az_itd=5_az=0,7.0,2.2201609033888137e-19,0.002717263827116308,3.542409986395057e-10,4.524572929439779,0.0016027892329420212,22,12,hbr,True,S22_D12 hbr,mild_master_19,,0.0003958599514821948
671,constant,7.0,2.2201609033888137e-19,0.9050878263808693,4.1175522189533366e-10,-0.12362399826584188,-5.090282683754007e-05,22,12,hbr,False,S22_D12 hbr,mild_master_19,,
679,Linear,7.0,4.912634972403993e-18,0.0073858716470065755,1.9698137714288594e-13,-3.7271975256494954,-7.341885014859945e-07,22,19,hbr,True,S22_D19 hbr,mild_master_19,,
680,ShortHbO,7.0,4.912634972403993e-18,1.2181421861006943e-09,0.0012276055298321808,-41.55840162177039,-51017.323641872004,22,19,hbr,True,S22_D19 hbr,mild_master_19,,
681,az_itd=0_az=15,7.0,4.912634972403993e-18,1.29875309050635e-07,1.6250875524029984e-09,21.22130946409356,0.03448648585579039,22,19,hbr,True,S22_D19 hbr,mild_master_19,,0.04121612192633224
682,az_itd=0_az=5,7.0,4.912634972403993e-18,1.5989699032130005e-06,1.6306134483706052e-09,14.718041977662157,0.02399943718245901,22,19,hbr,True,S22_D19 hbr,mild_master_19,,0.013272814960774825
683,az_itd=15_az=0,7.0,4.912634972403993e-18,9.234501487363129e-07,1.6352645509858456e-09,15.951891686334463,0.02608556299582857,22,19,hbr,True,S22_D19 hbr,mild_master_19,,0.02262158582958751
684,az_itd=5_az=0,7.0,4.912634972403993e-18,3.417978233597181e-05,1.6663408690088509e-09,9.31111271888791,0.015515487659431044,22,19,hbr,True,S22_D19 hbr,mild_master_19,,0.03876466874578123
685,constant,7.0,4.912634972403993e-18,0.5812857429354055,1.9368863482971346e-09,-0.5781365340980142,-0.0011197847603462647,22,19,hbr,False,S22_D19 hbr,mild_master_19,,
735,Linear,7.0,1.2785161110614355e-16,0.4524624640265693,1.0048957839335656e-12,0.7954754880260634,7.993699641398866e-07,23,9,hbr,False,S23_D9 hbr,mild_master_19,,
736,ShortHbO,7.0,1.2785161110614355e-16,2.5896407905374697e-08,0.006262600247570876,-26.78654389125572,-167753.41640494624,23,9,hbr,True,S23_D9 hbr,mild_master_19,,
737,az_itd=0_az=15,7.0,1.2785161110614355e-16,5.0918683479649514e-05,8.290345278417444e-09,-8.757867698076822,-0.07260574711975584,23,9,hbr,True,S23_D9 hbr,mild_master_19,,0.000928808710417927
738,az_itd=0_az=5,7.0,1.2785161110614355e-16,4.0821539366375186e-05,8.318535504523315e-09,-9.061035599560157,-0.07537454634269086,23,9,hbr,True,S23_D9 hbr,mild_master_19,,-0.12323039839052741
739,az_itd=15_az=0,7.0,1.2785161110614355e-16,0.0034527929696612555,8.342262993266107e-09,-4.326454773888146,-0.03609242355224656,23,9,hbr,True,S23_D9 hbr,mild_master_19,,-0.012546737766378923
740,az_itd=5_az=0,7.0,1.2785161110614355e-16,0.21607335079199336,8.500798086351807e-09,-1.359772413860792,-0.0115591507336218,23,9,hbr,False,S23_D9 hbr,mild_master_19,,-0.0022404868354222647
741,constant,7.0,1.2785161110614355e-16,0.5193801190843368,9.880979377814064e-09,0.6782788735363517,0.006702059561819644,23,9,hbr,False,S23_D9 hbr,mild_master_19,,
693,Linear,7.0,8.623885263218448e-18,0.236255321392644,2.609873192261226e-13,-1.2954241696934066,-3.380892813090079e-07,23,10,hbr,False,S23_D10 hbr,mild_master_19,,
694,ShortHbO,7.0,8.623885263218448e-18,4.949525964108309e-09,0.0016264962756639748,-33.9854049943624,-55277.13465026229,23,10,hbr,True,S23_D10 hbr,mild_master_19,,
695,az_itd=0_az=15,7.0,8.623885263218448e-18,0.00010299650143387431,2.153133712237919e-09,7.848102543561933,0.01689801416364336,23,10,hbr,True,S23_D10 hbr,mild_master_19,,0.010679576741640695
696,az_itd=0_az=5,7.0,8.623885263218448e-18,0.0010025958782114638,2.1604551595535302e-09,5.405462688131516,0.011678259754347829,23,10,hbr,True,S23_D10 hbr,mild_master_19,,0.020997963357177296
697,az_itd=15_az=0,7.0,8.623885263218448e-18,0.0011826764011464146,2.166617563434567e-09,5.252740021216299,0.011380678786122894,23,10,hbr,True,S23_D10 hbr,mild_master_19,,-0.002832216389942667
698,az_itd=5_az=0,7.0,8.623885263218448e-18,0.16313146293192693,2.2077916330338436e-09,1.558262181904052,0.0034403182072808274,23,10,hbr,False,S23_D10 hbr,mild_master_19,,0.015867756301719424
699,constant,7.0,8.623885263218448e-18,0.77600269156742,2.566246530610164e-09,-0.2957486226047695,-0.0007589638766922244,23,10,hbr,False,S23_D10 hbr,mild_master_19,,
707,Linear,7.0,2.421809832476471e-18,0.04713340020304385,1.3830501898830584e-13,-2.404788672494105,-3.3259434301216e-07,23,11,hbr,True,S23_D11 hbr,mild_master_19,,
708,ShortHbO,7.0,2.421809832476471e-18,5.282102937524078e-08,0.000861929226895553,-24.169487073735564,-20832.387307926954,23,11,hbr,True,S23_D11 hbr,mild_master_19,,
709,az_itd=0_az=15,7.0,2.421809832476471e-18,1.8813156675427316e-06,1.1410102216399972e-09,14.370283137978175,0.01639663994829399,23,11,hbr,True,S23_D11 hbr,mild_master_19,,0.013508256906081737
710,az_itd=0_az=5,7.0,2.421809832476471e-18,0.00039165791642849766,1.1448900764659328e-09,6.3327213053996205,0.007250269779576413,23,11,hbr,True,S23_D11 hbr,mild_master_19,,-0.0002368669136670361
711,az_itd=15_az=0,7.0,2.421809832476471e-18,0.00017658974201448404,1.1481557193650113e-09,7.205633011859388,0.008273188754211689,23,11,hbr,True,S23_D11 hbr,mild_master_19,,-0.003484997283550319
712,az_itd=5_az=0,7.0,2.421809832476471e-18,0.03320477058855103,1.1699750954735494e-09,2.6445208377867218,0.0030940235196713108,23,11,hbr,True,S23_D11 hbr,mild_master_19,,0.011967837836198265
713,constant,7.0,2.421809832476471e-18,0.8221271045664462,1.3599311115847797e-09,0.23340284481401197,0.0003174117901949691,23,11,hbr,False,S23_D11 hbr,mild_master_19,,
721,Linear,7.0,1.850753885075435e-18,0.11350327928411173,1.2090444183700058e-13,-1.8082622226983789,-2.1862693473028154e-07,23,19,hbr,False,S23_D19 hbr,mild_master_19,,
722,ShortHbO,7.0,1.850753885075435e-18,2.022180403392484e-09,0.000753487276478489,-38.64479058049392,-29118.358004577927,23,19,hbr,True,S23_D19 hbr,mild_master_19,,
723,az_itd=0_az=15,7.0,1.850753885075435e-18,2.2006192125093249e-07,9.974562382971842e-10,19.65927996761754,0.01960927144413098,23,19,hbr,True,S23_D19 hbr,mild_master_19,,0.011916865366202225
724,az_itd=0_az=5,7.0,1.850753885075435e-18,0.006400714805927004,1.0008479567291669e-09,3.836841083652536,0.003840094558868163,23,19,hbr,True,S23_D19 hbr,mild_master_19,,-0.0068764982069943635
725,az_itd=15_az=0,7.0,1.850753885075435e-18,7.83288664657864e-06,1.003702739114074e-09,11.632335940441813,0.011675407445716535,23,19,hbr,True,S23_D19 hbr,mild_master_19,,0.016864417886017394
726,az_itd=5_az=0,7.0,1.850753885075435e-18,0.00034036277407543383,1.0227769528261406e-09,-6.480380430510199,-0.0066279837498713755,23,19,hbr,True,S23_D19 hbr,mild_master_19,,-0.010173756975500837
727,constant,7.0,1.850753885075435e-18,0.7248313134454462,1.1888340219730706e-09,-0.3664828960209112,-0.00043568733526087855,23,19,hbr,False,S23_D19 hbr,mild_master_19,,
777,Linear,7.0,2.3280688861290523e-17,0.387224803090263,4.2881091847128213e-13,-0.9219542504673984,-3.9534404893142756e-07,24,9,hbr,False,S24_D9 hbr,mild_master_19,,
778,ShortHbO,7.0,2.3280688861290523e-17,6.126487618268276e-08,0.0026723879302859976,-23.65738533873988,-63221.71104137336,24,9,hbr,True,S24_D9 hbr,mild_master_19,,
779,az_itd=0_az=15,7.0,2.3280688861290523e-17,0.014328906060664089,3.537670900923259e-09,3.2361649867264086,0.01144848670412872,24,9,hbr,True,S24_D9 hbr,mild_master_19,,0.021851158128121016
780,az_itd=0_az=5,7.0,2.3280688861290523e-17,3.693660560051398e-05,3.5497002844092294e-09,9.201149270297957,0.03266132218166843,24,9,hbr,True,S24_D9 hbr,mild_master_19,,0.05464511207128426
781,az_itd=15_az=0,7.0,2.3280688861290523e-17,0.00019773379451001004,3.559825320660238e-09,7.076357415962791,0.025190596307386195,24,9,hbr,True,S24_D9 hbr,mild_master_19,,0.023609126021089204
782,az_itd=5_az=0,7.0,2.3280688861290523e-17,0.04072735445655288,3.627475697906227e-09,-2.504430623828489,-0.009084761225029974,24,9,hbr,True,S24_D9 hbr,mild_master_19,,0.0359163658721565
783,constant,7.0,2.3280688861290523e-17,0.6866257230434332,4.216429116470811e-09,-0.4206471615756827,-0.0017736289398285103,24,9,hbr,False,S24_D9 hbr,mild_master_19,,
749,Linear,7.0,1.7369670567698416e-17,0.09707409397955707,3.7039380341212293e-13,-1.914768977089959,-7.0921856407989e-07,24,10,hbr,False,S24_D10 hbr,mild_master_19,,
750,ShortHbO,7.0,1.7369670567698416e-17,5.2639818614991224e-08,0.0023083272534665466,-24.181481914025063,-55818.77373135245,24,10,hbr,True,S24_D10 hbr,mild_master_19,,
751,az_itd=0_az=15,7.0,1.7369670567698416e-17,1.2372467284436813e-05,3.0557323141041045e-09,10.86210874970741,0.03319169670579387,24,10,hbr,True,S24_D10 hbr,mild_master_19,,0.0469963492819341
752,az_itd=0_az=5,7.0,1.7369670567698416e-17,2.2242365341319915e-05,3.066122928965209e-09,9.941178039827387,0.03048087392884016,24,10,hbr,True,S24_D10 hbr,mild_master_19,,0.0422464238181236
753,az_itd=15_az=0,7.0,1.7369670567698416e-17,6.461307281490603e-06,3.0748686267195163e-09,11.971299622423162,0.03681017363004817,24,10,hbr,True,S24_D10 hbr,mild_master_19,,0.033057704379143876
754,az_itd=5_az=0,7.0,1.7369670567698416e-17,0.7104459930766642,3.1333029609471436e-09,-0.3867266601800511,-0.001211731789419354,24,10,hbr,False,S24_D10 hbr,mild_master_19,,0.02616157820899527
755,constant,7.0,1.7369670567698416e-17,0.647407454392765,3.6420229756156076e-09,-0.4777185109087022,-0.0017398617926063687,24,10,hbr,False,S24_D10 hbr,mild_master_19,,
763,Linear,7.0,2.191658706413878e-17,0.07762894231760864,4.1605848574230903e-13,-2.0663936704471246,-8.597406214737226e-07,24,19,hbr,False,S24_D19 hbr,mild_master_19,,
764,ShortHbO,7.0,2.191658706413878e-17,6.059603598113222e-09,0.002592913630918375,-33.01174483306096,-85596.60315804298,24,19,hbr,True,S24_D19 hbr,mild_master_19,,
765,az_itd=0_az=15,7.0,2.191658706413878e-17,8.762926698146146e-07,3.4324639011992282e-09,16.074702733007683,0.055175836853557446,24,19,hbr,True,S24_D19 hbr,mild_master_19,,0.07530284559574958
766,az_itd=0_az=5,7.0,2.191658706413878e-17,2.0810296766417944e-05,3.4441355421533088e-09,10.042053907206643,0.034586194778029905,24,19,hbr,True,S24_D19 hbr,mild_master_19,,0.026684814141546182
767,az_itd=15_az=0,7.0,2.191658706413878e-17,0.0002007484978865938,3.4539594693650945e-09,7.059200188110188,0.02438219133586704,24,19,hbr,True,S24_D19 hbr,mild_master_19,,0.029209888896658202
768,az_itd=5_az=0,7.0,2.191658706413878e-17,0.639273056419789,3.519597988125775e-09,0.4897680371720953,0.0017237865982792165,24,19,hbr,False,S24_D19 hbr,mild_master_19,,0.021944213770207728
769,constant,7.0,2.191658706413878e-17,0.6107343023223799,4.091036486880203e-09,-0.5326876395516579,-0.002179244569515922,24,19,hbr,False,S24_D19 hbr,mild_master_19,,
