,Condition,df,mse,p_value,se,t,theta,Source,Detector,Chroma,Significant,ch_name,ID,mean_hbo,mean_hbr
588,Linear,7.0,1.339137454923232e-16,0.02062964889050788,1.0384060084689473e-12,-2.9760629263998166,-3.090361624355248e-06,1,7,hbo,True,S1_D7 hbo,mild_master_37,,
589,ShortHbO,7.0,1.339137454923232e-16,0.0006100002633249334,0.002297917087404249,5.882779148030905,13518.138725685625,1,7,hbo,True,S1_D7 hbo,mild_master_37,,
590,az_itd=0_az=15,7.0,1.339137454923232e-16,2.2995159279246676e-07,8.652715235662584e-09,19.534222486368595,0.16902406452462418,1,7,hbo,True,S1_D7 hbo,mild_master_37,0.14072735889366306,
591,az_itd=0_az=5,7.0,1.339137454923232e-16,2.7155404358095673e-06,8.571833108436003e-09,13.613582757364606,0.11669335940401143,1,7,hbo,True,S1_D7 hbo,mild_master_37,0.15471569473826546,
592,az_itd=15_az=0,7.0,1.339137454923232e-16,2.1557574009227043e-07,8.5805109922142e-09,19.718139945182095,0.16919171654565288,1,7,hbo,True,S1_D7 hbo,mild_master_37,0.2131853239565226,
593,az_itd=5_az=0,7.0,1.339137454923232e-16,4.47896207664927e-06,8.59728635370527e-09,12.641752310076157,0.10868476462233982,1,7,hbo,True,S1_D7 hbo,mild_master_37,0.16878711763370574,
594,constant,7.0,1.339137454923232e-16,0.31773793817379187,1.031109567399901e-08,-1.0756892068976762,-0.011091534327810055,1,7,hbo,False,S1_D7 hbo,mild_master_37,,
854,Linear,7.0,6.048628889738517e-16,0.7227277208414307,2.2069021792303602e-12,-0.36943247544070623,-8.153013351285612e-07,2,6,hbo,False,S2_D6 hbo,mild_master_37,,
855,ShortHbO,7.0,6.048628889738517e-16,0.00022697623067796964,0.004883714256777407,-6.921164577317581,-33800.990119748654,2,6,hbo,True,S2_D6 hbo,mild_master_37,,
856,az_itd=0_az=15,7.0,6.048628889738517e-16,1.8264869100904199e-06,1.8389431449841747e-08,14.432953887557428,0.26541381613396425,2,6,hbo,True,S2_D6 hbo,mild_master_37,0.278126302961395,
857,az_itd=0_az=5,7.0,6.048628889738517e-16,4.956777295166673e-05,1.821753438705384e-08,8.794280540522747,0.16021010815637157,2,6,hbo,True,S2_D6 hbo,mild_master_37,0.22365956422521344,
858,az_itd=15_az=0,7.0,6.048628889738517e-16,0.2151630373328101,1.8235977308671218e-08,-1.3627972254204255,-0.024851939279086972,2,6,hbo,False,S2_D6 hbo,mild_master_37,0.1492827791237773,
859,az_itd=5_az=0,7.0,6.048628889738517e-16,0.040917867955090156,1.827162962725382e-08,2.5012407421784153,0.04570174444968146,2,6,hbo,True,S2_D6 hbo,mild_master_37,-0.030294241504407765,
860,constant,7.0,6.048628889738517e-16,0.2013624691591146,2.1913952083879573e-08,-1.4100989636908445,-0.03090084112384941,2,6,hbo,False,S2_D6 hbo,mild_master_37,,
868,Linear,7.0,1.4701908045888903e-16,0.003558598538495052,1.088031489702241e-12,-4.301829797782413,-4.680526283326689e-06,3,5,hbo,True,S3_D5 hbo,mild_master_37,,
869,ShortHbO,7.0,1.4701908045888903e-16,2.6219573987196408e-08,0.0024077346735570685,26.73871676146723,64379.73547300622,3,5,hbo,True,S3_D5 hbo,mild_master_37,,
870,az_itd=0_az=15,7.0,1.4701908045888903e-16,2.3062143873909148e-08,9.066228980808877e-09,27.23763334531176,0.24694262080391172,3,5,hbo,True,S3_D5 hbo,mild_master_37,0.25210278916200496,
871,az_itd=0_az=5,7.0,1.4701908045888903e-16,8.124797793496785e-08,8.981481492197582e-09,22.711701584338456,0.20398472743605034,3,5,hbo,True,S3_D5 hbo,mild_master_37,0.264943975234462,
872,az_itd=15_az=0,7.0,1.4701908045888903e-16,6.997999467441712e-08,8.99057409252698e-09,23.207136830143142,0.2086454831468136,3,5,hbo,True,S3_D5 hbo,mild_master_37,0.17706520569581785,
873,az_itd=5_az=0,7.0,1.4701908045888903e-16,1.7961893648790777e-05,9.008151149482125e-09,10.268396009731216,0.09249926331839793,3,5,hbo,True,S3_D5 hbo,mild_master_37,0.23181223636733134,
874,constant,7.0,1.4701908045888903e-16,0.39436788072510953,1.0803863513063412e-08,-0.907382003425291,-0.009803231319216881,3,5,hbo,False,S3_D5 hbo,mild_master_37,,
882,Linear,7.0,7.833681668432889e-17,0.5740095375296812,7.942140644074997e-13,-0.5895660051974351,-4.6824161322434805e-07,5,1,hbo,False,S5_D1 hbo,mild_master_37,,
883,ShortHbO,7.0,7.833681668432889e-17,0.3770000415721515,0.0017575380484841912,0.9431673970748661,1657.6525864488742,5,1,hbo,False,S5_D1 hbo,mild_master_37,,
884,az_itd=0_az=15,7.0,7.833681668432889e-17,0.0002656698727344192,6.617939495177509e-09,6.747284200736396,0.0446531185972406,5,1,hbo,True,S5_D1 hbo,mild_master_37,0.01052470363597051,
885,az_itd=0_az=5,7.0,7.833681668432889e-17,0.3397628969857731,6.5560776391417755e-09,-1.0243430089732606,-0.006715672295940797,5,1,hbo,False,S5_D1 hbo,mild_master_37,0.019581683979384274,
886,az_itd=15_az=0,7.0,7.833681668432889e-17,1.0930758113430132e-06,6.5627148285356415e-09,15.56281677040532,0.10213432839292215,5,1,hbo,True,S5_D1 hbo,mild_master_37,0.06924885788627422,
887,az_itd=5_az=0,7.0,7.833681668432889e-17,0.006459412665926475,6.5755452897647445e-09,-3.829808159956015,-0.025183077006901356,5,1,hbo,True,S5_D1 hbo,mild_master_37,0.017860755726706045,
888,constant,7.0,7.833681668432889e-17,0.5335486527170751,7.886334571403083e-09,-0.6547426554610044,-0.005163519639134377,5,1,hbo,False,S5_D1 hbo,mild_master_37,,
896,Linear,7.0,5.374483467617976e-17,0.019188704352232657,6.578440931252517e-13,-3.0272577273160075,-1.9914636142826094e-06,5,3,hbo,True,S5_D3 hbo,mild_master_37,,
897,ShortHbO,7.0,5.374483467617976e-17,3.3039412824062236e-08,0.0014557612052623953,25.86233781575053,37649.38806956021,5,3,hbo,True,S5_D3 hbo,mild_master_37,,
898,az_itd=0_az=15,7.0,5.374483467617976e-17,2.3240639191244357e-07,5.481610815858179e-09,19.50412995226826,0.10691404970025717,5,3,hbo,True,S5_D3 hbo,mild_master_37,0.06468138618095778,
899,az_itd=0_az=5,7.0,5.374483467617976e-17,5.37756035664478e-07,5.430370906611254e-09,17.26299234437337,0.09374445138793795,5,3,hbo,True,S5_D3 hbo,mild_master_37,0.1395790528947299,
900,az_itd=15_az=0,7.0,5.374483467617976e-17,1.2044909109418245e-06,5.4358684620353895e-09,15.342982936567124,0.08340243705843237,5,3,hbo,True,S5_D3 hbo,mild_master_37,0.07211528670174758,
901,az_itd=5_az=0,7.0,5.374483467617976e-17,0.0016070149983540315,5.446495877879422e-09,4.976671053315883,0.027105418377446792,5,3,hbo,True,S5_D3 hbo,mild_master_37,0.05287344179985454,
902,constant,7.0,5.374483467617976e-17,0.7312655079780671,6.53221700131604e-09,-0.3574831188701953,-0.002335157306767373,5,3,hbo,False,S5_D3 hbo,mild_master_37,,
910,Linear,7.0,3.957041116740838e-16,0.4476781791135578,1.785006883756622e-12,0.8042915593447592,1.4356659699777428e-06,6,2,hbo,False,S6_D2 hbo,mild_master_37,,
911,ShortHbO,7.0,3.957041116740838e-16,0.31384735661877544,0.003950090606049505,1.0850526085800056,4286.05611622139,6,2,hbo,False,S6_D2 hbo,mild_master_37,,
912,az_itd=0_az=15,7.0,3.957041116740838e-16,0.0037731203346063626,1.4873908791818577e-08,4.254283035765927,0.06327781784856344,6,2,hbo,True,S6_D2 hbo,mild_master_37,-0.06589379624592043,
913,az_itd=0_az=5,7.0,3.957041116740838e-16,0.00017268880706552237,1.473487343118426e-08,-7.231386436575775,-0.10655356387492661,6,2,hbo,True,S6_D2 hbo,mild_master_37,-0.0677587863843829,
914,az_itd=15_az=0,7.0,3.957041116740838e-16,0.2129180158257526,1.4749790604384516e-08,1.3703055619577642,0.020211720102900472,6,2,hbo,False,S6_D2 hbo,mild_master_37,-0.05551700520317682,
915,az_itd=5_az=0,7.0,3.957041116740838e-16,0.00014130964647798128,1.4778627240049999e-08,-7.465880376440699,-0.11033546310222125,6,2,hbo,True,S6_D2 hbo,mild_master_37,0.05046252309447717,
916,constant,7.0,3.957041116740838e-16,0.8080555149387858,1.77246439321925e-08,-0.25230206032830366,-0.004471964182677733,6,2,hbo,False,S6_D2 hbo,mild_master_37,,
924,Linear,7.0,8.815856794065564e-17,0.001624787395954636,8.425329167105999e-13,-4.966940451308109,-4.184810825568485e-06,7,7,hbo,True,S7_D7 hbo,mild_master_37,,
925,ShortHbO,7.0,8.815856794065564e-17,1.9760586068944262e-07,0.0018644641597022548,19.96876255291552,37231.04209351549,7,7,hbo,True,S7_D7 hbo,mild_master_37,,
926,az_itd=0_az=15,7.0,8.815856794065564e-17,4.781874372127138e-09,7.020565506663331e-09,34.15401969726483,0.23978053260051746,7,7,hbo,True,S7_D7 hbo,mild_master_37,0.27692441452510663,
927,az_itd=0_az=5,7.0,8.815856794065564e-17,9.725961372355943e-09,6.954940063429963e-09,30.841363919959942,0.21449983753775276,7,7,hbo,True,S7_D7 hbo,mild_master_37,0.21879595909334,
928,az_itd=15_az=0,7.0,8.815856794065564e-17,1.4796215466197027e-07,6.961981049971728e-09,20.824246187835502,0.1449780073396568,7,7,hbo,True,S7_D7 hbo,mild_master_37,0.17740340038628635,
929,az_itd=5_az=0,7.0,8.815856794065564e-17,9.614960856611712e-07,6.9755920981847345e-09,15.85790699433489,0.11061829072343089,7,7,hbo,True,S7_D7 hbo,mild_master_37,0.16771530300199125,
930,constant,7.0,8.815856794065564e-17,0.2458278435719821,8.366127932469707e-09,-1.2665583255192094,-0.01059618898522832,7,7,hbo,False,S7_D7 hbo,mild_master_37,,
938,Linear,7.0,8.825190240874221e-17,0.011414482873965513,8.429787982675978e-13,-3.4017997873903805,-2.8676450967213125e-06,7,8,hbo,True,S7_D8 hbo,mild_master_37,,
939,ShortHbO,7.0,8.825190240874221e-17,8.504013628313034e-07,0.0018654508632078464,16.145377359672214,30118.408132416953,7,8,hbo,True,S7_D8 hbo,mild_master_37,,
940,az_itd=0_az=15,7.0,8.825190240874221e-17,3.424116055111668e-08,7.024280899399958e-09,25.729448617838084,0.18073087447837272,7,8,hbo,True,S7_D8 hbo,mild_master_37,0.2030047263497305,
941,az_itd=0_az=5,7.0,8.825190240874221e-17,2.9952454614082384e-08,6.958620726158744e-09,26.2306618390663,0.182529227134188,7,8,hbo,True,S7_D8 hbo,mild_master_37,0.2271183672462298,
942,az_itd=15_az=0,7.0,8.825190240874221e-17,8.229652390681825e-06,6.965665438900377e-09,11.546754111267074,0.0804308260443339,7,8,hbo,True,S7_D8 hbo,mild_master_37,0.13383547180786923,
943,az_itd=5_az=0,7.0,8.825190240874221e-17,0.0003124814897504404,6.979283690292333e-09,6.571532299445301,0.04586458819774786,7,8,hbo,True,S7_D8 hbo,mild_master_37,0.11222193362245111,
944,constant,7.0,8.825190240874221e-17,0.3983403221231266,8.370555417823201e-09,-0.899362628259886,-0.007528164720568502,7,8,hbo,False,S7_D8 hbo,mild_master_37,,
952,Linear,7.0,5.7003405361200844e-15,0.09166473907541847,6.774933150733358e-12,-1.9537135671413248,-1.3236278813063284e-05,8,18,hbo,False,S8_D18 hbo,mild_master_37,,
953,ShortHbO,7.0,5.7003405361200844e-15,4.930302102299859e-06,0.014992435065014596,12.46282145675332,186848.04141724476,8,18,hbo,True,S8_D18 hbo,mild_master_37,,
954,az_itd=0_az=15,7.0,5.7003405361200844e-15,0.0011449385352997141,5.6453416886887233e-08,5.282496928924975,0.29821500133230316,8,18,hbo,True,S8_D18 hbo,mild_master_37,0.16853337070540533,
955,az_itd=0_az=5,7.0,5.7003405361200844e-15,0.0013442137406996665,5.592571288615911e-08,5.136313638273152,0.28725200182732763,8,18,hbo,True,S8_D18 hbo,mild_master_37,0.3499419314256891,
956,az_itd=15_az=0,7.0,5.7003405361200844e-15,1.6107873242660919e-06,5.598233051164241e-08,14.702124431823162,0.823059189165617,8,18,hbo,True,S8_D18 hbo,mild_master_37,1.0894484347609692,
957,az_itd=5_az=0,7.0,5.7003405361200844e-15,0.9850003042206732,5.6091778985316945e-08,-0.019481965294325845,-0.0010927780914889403,8,18,hbo,False,S8_D18 hbo,mild_master_37,0.7250613198633967,
958,constant,7.0,5.7003405361200844e-15,0.7688661813296414,6.727328552842077e-08,0.3055050661305051,0.02055232954417654,8,18,hbo,False,S8_D18 hbo,mild_master_37,,
1008,Linear,7.0,6.505996305380026e-17,0.017346745535243242,7.23788235807753e-13,-3.0989938414951377,-2.2430152853148568e-06,9,5,hbo,True,S9_D5 hbo,mild_master_37,,
1009,ShortHbO,7.0,6.505996305380026e-17,8.332918624388129e-08,0.0016016908041365096,22.6287973142531,36244.33656690813,9,5,hbo,True,S9_D5 hbo,mild_master_37,,
1010,az_itd=0_az=15,7.0,6.505996305380026e-17,1.567201160520762e-07,6.031102906079119e-09,20.651424633910338,0.12455086712425056,9,5,hbo,True,S9_D5 hbo,mild_master_37,0.16267513829897504,
1011,az_itd=0_az=5,7.0,6.505996305380026e-17,2.2863263602314926e-07,5.974726564170217e-09,19.550542830099523,0.1168091475909432,9,5,hbo,True,S9_D5 hbo,mild_master_37,0.2056658248567845,
1012,az_itd=15_az=0,7.0,6.505996305380026e-17,1.2588489524534271e-06,5.980775210016966e-09,15.243986576426996,0.091170857018126,9,5,hbo,True,S9_D5 hbo,mild_master_37,0.19309833849109415,
1013,az_itd=5_az=0,7.0,6.505996305380026e-17,3.13747485033377e-05,5.992467947924522e-09,9.43382833287727,0.05653191391098927,9,5,hbo,True,S9_D5 hbo,mild_master_37,0.1266180903335765,
1014,constant,7.0,6.505996305380026e-17,0.3894942552655886,7.18702481135718e-09,-0.9173029086412662,-0.006592678763934888,9,5,hbo,False,S9_D5 hbo,mild_master_37,,
1022,Linear,7.0,4.587604928657312e-17,0.001754047214004634,6.077816994054067e-13,-4.899538904466706,-2.977850081659679e-06,9,6,hbo,True,S9_D6 hbo,mild_master_37,,
1023,ShortHbO,7.0,4.587604928657312e-17,1.6141116963157176e-06,0.0013449767635055454,14.697670606076722,19768.02544283166,9,6,hbo,True,S9_D6 hbo,mild_master_37,,
1024,az_itd=0_az=15,7.0,4.587604928657312e-17,1.4819791070649621e-08,5.064456414457779e-09,29.028330292539152,0.14701271355104897,9,6,hbo,True,S9_D6 hbo,mild_master_37,0.10331007301992441,
1025,az_itd=0_az=5,7.0,4.587604928657312e-17,8.59997761568033e-09,5.017115897996616e-09,31.391799277734037,0.15749629522303812,9,6,hbo,True,S9_D6 hbo,mild_master_37,0.21206155237051588,
1026,az_itd=15_az=0,7.0,4.587604928657312e-17,1.2073405405500114e-07,5.022195085623554e-09,21.44678087910113,0.1077099175334669,9,6,hbo,True,S9_D6 hbo,mild_master_37,0.14893287317737833,
1027,az_itd=5_az=0,7.0,4.587604928657312e-17,2.6653289701645395e-07,5.032013747719141e-09,19.11985476876728,0.09621137205083032,9,6,hbo,True,S9_D6 hbo,mild_master_37,0.14522139672337003,
1028,constant,7.0,4.587604928657312e-17,0.19710847562830408,6.035110737383857e-09,-1.4252618916262556,-0.008601613345737643,9,6,hbo,False,S9_D6 hbo,mild_master_37,,
1036,Linear,7.0,5.538587122846502e-17,3.710839266729224e-05,6.678118322891721e-13,-9.194607175412088,-6.140267464991116e-06,9,7,hbo,True,S9_D7 hbo,mild_master_37,,
1037,ShortHbO,7.0,5.538587122846502e-17,8.30139754900681e-06,0.0014778190881721185,11.531779766663895,17041.884259772924,9,7,hbo,True,S9_D7 hbo,mild_master_37,,
1038,az_itd=0_az=15,7.0,5.538587122846502e-17,2.874424249446161e-10,5.564668895092456e-09,51.111133574135486,0.28441653519290744,9,7,hbo,True,S9_D7 hbo,mild_master_37,0.24850339917511466,
1039,az_itd=0_az=5,7.0,5.538587122846502e-17,3.949989217862992e-10,5.512652592083706e-09,48.836623413544196,0.2692193386492902,9,7,hbo,True,S9_D7 hbo,mild_master_37,0.2682759684293688,
1040,az_itd=15_az=0,7.0,5.538587122846502e-17,9.920306752646132e-10,5.518233447181851e-09,42.799862413218,0.23617963230340092,9,7,hbo,True,S9_D7 hbo,mild_master_37,0.2593042899456283,
1041,az_itd=5_az=0,7.0,5.538587122846502e-17,1.4363079274803438e-09,5.529021891011431e-09,40.58819835561514,0.22441303722491027,9,7,hbo,True,S9_D7 hbo,mild_master_37,0.2251550377011517,
1042,constant,7.0,5.538587122846502e-17,0.06018673677261154,6.631194001963588e-09,-2.238773015048628,-0.014845738189148399,9,7,hbo,False,S9_D7 hbo,mild_master_37,,
966,Linear,7.0,4.5587702675308293e-17,0.00413181037606787,6.058686309927856e-13,-4.181056197416286,-2.533170794432507e-06,9,15,hbo,True,S9_D15 hbo,mild_master_37,,
967,ShortHbO,7.0,4.5587702675308293e-17,5.103841135492291e-07,0.0013407432820359835,17.39499306559782,23322.220093762793,9,15,hbo,True,S9_D15 hbo,mild_master_37,,
968,az_itd=0_az=15,7.0,4.5587702675308293e-17,3.458823275079829e-08,5.048515408660675e-09,25.69205812891271,0.12970675134402157,9,15,hbo,True,S9_D15 hbo,mild_master_37,0.18135077119133713,
969,az_itd=0_az=5,7.0,4.5587702675308293e-17,3.209240497199258e-08,5.001323902356889e-09,25.971006016500418,0.1298894131585781,9,15,hbo,True,S9_D15 hbo,mild_master_37,0.16492475626160794,
970,az_itd=15_az=0,7.0,4.5587702675308293e-17,1.5457309064944764e-07,5.006387102609709e-09,20.692754055834286,0.1035959370226035,9,15,hbo,True,S9_D15 hbo,mild_master_37,0.16504595477515346,
971,az_itd=5_az=0,7.0,4.5587702675308293e-17,1.4778660682987583e-06,5.01617485924643e-09,14.889319291332914,0.07468742910047704,9,15,hbo,True,S9_D15 hbo,mild_master_37,0.11340341195561669,
972,constant,7.0,4.5587702675308293e-17,0.30969289464490746,6.016114476506549e-09,-1.0951549322948457,-0.00658857744219657,9,15,hbo,False,S9_D15 hbo,mild_master_37,,
980,Linear,7.0,6.327006853857522e-17,0.0009059290754757319,7.137625644551158e-13,-5.500633962395249,-3.9261466031281385e-06,9,16,hbo,True,S9_D16 hbo,mild_master_37,,
981,ShortHbO,7.0,6.327006853857522e-17,3.1661659418241375e-06,0.001579504721500208,13.308253564886689,21020.4493406605,9,16,hbo,True,S9_D16 hbo,mild_master_37,,
982,az_itd=0_az=15,7.0,6.327006853857522e-17,1.1114828751662696e-08,5.94756209588233e-09,30.25498379934762,0.17994339485653388,9,16,hbo,True,S9_D16 hbo,mild_master_37,0.17736970964539792,
983,az_itd=0_az=5,7.0,6.327006853857522e-17,3.508856754592554e-09,5.89196666011155e-09,35.7062661546376,0.21038012974019418,9,16,hbo,True,S9_D16 hbo,mild_master_37,0.2300215959303574,
984,az_itd=15_az=0,7.0,6.327006853857522e-17,2.944965520236659e-08,5.897931522149184e-09,26.294749026481885,0.1550846291502891,9,16,hbo,True,S9_D16 hbo,mild_master_37,0.23726871683058098,
985,az_itd=5_az=0,7.0,6.327006853857522e-17,1.1693133820674688e-07,5.909462296181571e-09,21.54638251461492,0.1273275350892227,9,16,hbo,True,S9_D16 hbo,mild_master_37,0.2082573160502503,
986,constant,7.0,6.327006853857522e-17,0.18378865319677096,7.087472559473032e-09,-1.4747170007762163,-0.010452016275989802,9,16,hbo,False,S9_D16 hbo,mild_master_37,,
994,Linear,7.0,6.501872263398317e-17,0.0030441772362316964,7.235588008292389e-13,-4.4300196571546815,-3.2053797107807972e-06,9,17,hbo,True,S9_D17 hbo,mild_master_37,,
995,ShortHbO,7.0,6.501872263398317e-17,0.000193065188904127,0.0016011830811906906,7.1035170265009295,11374.03127978329,9,17,hbo,True,S9_D17 hbo,mild_master_37,,
996,az_itd=0_az=15,7.0,6.501872263398317e-17,3.8282738393261905e-09,6.029191095556075e-09,35.262443370582304,0.21260400957746517,9,17,hbo,True,S9_D17 hbo,mild_master_37,0.12784215084009656,
997,az_itd=0_az=5,7.0,6.501872263398317e-17,1.790598807837815e-08,5.972832624488607e-09,28.2485691930823,0.16872397567156577,9,17,hbo,True,S9_D17 hbo,mild_master_37,0.11848908756293382,
998,az_itd=15_az=0,7.0,6.501872263398317e-17,9.400620873177904e-08,5.978879352963864e-09,22.23766488938318,0.13295631546526254,9,17,hbo,True,S9_D17 hbo,mild_master_37,0.15782454985162292,
999,az_itd=5_az=0,7.0,6.501872263398317e-17,1.267092702377496e-05,5.990568384368692e-09,10.823243394036721,0.06483737969264368,9,17,hbo,True,S9_D17 hbo,mild_master_37,0.1885631657142825,
1000,constant,7.0,6.501872263398317e-17,0.18950941632029572,7.184746583000326e-09,-1.453093343894629,-0.010440107437327453,9,17,hbo,False,S9_D17 hbo,mild_master_37,,
56,Linear,7.0,9.960129135814956e-17,0.01182203432050092,8.955443503008393e-13,-3.376063459076531,-3.0234145570330964e-06,10,5,hbo,True,S10_D5 hbo,mild_master_37,,
57,ShortHbO,7.0,9.960129135814956e-17,1.4902935110415605e-08,0.0019817746125321794,29.00496785867618,57481.30893963631,10,5,hbo,True,S10_D5 hbo,mild_master_37,,
58,az_itd=0_az=15,7.0,9.960129135814956e-17,2.6057075056183857e-07,7.462293342740558e-09,19.18279799297112,0.14314766575808532,10,5,hbo,True,S10_D5 hbo,mild_master_37,0.17460184794969147,
59,az_itd=0_az=5,7.0,9.960129135814956e-17,1.319076366971942e-07,7.392538804065581e-09,21.173639880955324,0.15652695444327275,10,5,hbo,True,S10_D5 hbo,mild_master_37,0.23622887288688663,
60,az_itd=15_az=0,7.0,9.960129135814956e-17,1.8484226778695883e-06,7.400022803317076e-09,14.407626906697438,0.1066167676512457,10,5,hbo,True,S10_D5 hbo,mild_master_37,0.1792332803849613,
61,az_itd=5_az=0,7.0,9.960129135814956e-17,1.6605136707241616e-06,7.4144902467689235e-09,14.636572522191225,0.10852272421191285,10,5,hbo,True,S10_D5 hbo,mild_master_37,0.16629401936835875,
62,constant,7.0,9.960129135814956e-17,0.4468408464428303,8.892517378511852e-09,-0.8058412545291564,-0.007165957360222316,10,5,hbo,False,S10_D5 hbo,mild_master_37,,
70,Linear,7.0,6.165017684262228e-17,0.017297909440819857,7.045661547762298e-13,-3.101004533345629,-2.184862840002987e-06,10,6,hbo,True,S10_D6 hbo,mild_master_37,,
71,ShortHbO,7.0,6.165017684262228e-17,1.5750724594523088e-07,0.0015591537347267005,20.6364342314095,32175.373503344046,10,6,hbo,True,S10_D6 hbo,mild_master_37,,
72,az_itd=0_az=15,7.0,6.165017684262228e-17,7.273397534476301e-08,5.870931266040332e-09,23.07804412314357,0.13548961080162192,10,6,hbo,True,S10_D6 hbo,mild_master_37,0.145603105680713,
73,az_itd=0_az=5,7.0,6.165017684262228e-17,2.009504945156926e-07,5.816052144670286e-09,19.920194176080724,0.11585688806004282,10,6,hbo,True,S10_D6 hbo,mild_master_37,0.2063360191542646,
74,az_itd=15_az=0,7.0,6.165017684262228e-17,2.8359043826039707e-06,5.8219401529785325e-09,13.526675410545764,0.07875149470896375,10,6,hbo,True,S10_D6 hbo,mild_master_37,0.14490900995057407,
75,az_itd=5_az=0,7.0,6.165017684262228e-17,2.3277517227034322e-05,5.833322359788152e-09,9.87274293274917,0.05759089210204618,10,6,hbo,True,S10_D6 hbo,mild_master_37,0.0902832607895991,
76,constant,7.0,6.165017684262228e-17,0.3883681044870644,6.9961546556060296e-09,-0.9196084683481174,-0.006433723067168412,10,6,hbo,False,S10_D6 hbo,mild_master_37,,
0,Linear,7.0,8.181079363904029e-17,0.002818976252358772,8.116334112805599e-13,-4.4938670219073895,-3.647372620831905e-06,10,14,hbo,True,S10_D14 hbo,mild_master_37,,
1,ShortHbO,7.0,8.181079363904029e-17,2.992930422290271e-08,0.0017960857981163848,26.233585553782184,47117.77044681934,10,14,hbo,True,S10_D14 hbo,mild_master_37,,
2,az_itd=0_az=15,7.0,8.181079363904029e-17,3.227992759463839e-08,6.763089510541972e-09,25.94919973579965,0.17549676054014512,10,14,hbo,True,S10_D14 hbo,mild_master_37,0.1374068886591897,
3,az_itd=0_az=5,7.0,8.181079363904029e-17,4.2369893471190695e-08,6.699870850117108e-09,24.950941631753853,0.16716808652156104,10,14,hbo,True,S10_D14 hbo,mild_master_37,0.19156713458577965,
4,az_itd=15_az=0,7.0,8.181079363904029e-17,3.504832548802276e-07,6.706653611730725e-09,18.373677956522393,0.1232258936278881,10,14,hbo,True,S10_D14 hbo,mild_master_37,0.1493962051665857,
5,az_itd=5_az=0,7.0,8.181079363904029e-17,1.2778696882594074e-07,6.719765481039472e-09,21.27118770925921,0.14293739290939114,10,14,hbo,True,S10_D14 hbo,mild_master_37,0.12226395512243794,
6,constant,7.0,8.181079363904029e-17,0.3285970091558188,8.059304056095803e-09,-1.0500321326027031,-0.008462528225315891,10,14,hbo,False,S10_D14 hbo,mild_master_37,,
14,Linear,7.0,5.153087584556698e-17,0.0016495544022213705,6.441520241189927e-13,-4.953575368691479,-3.1908556003686013e-06,10,15,hbo,True,S10_D15 hbo,mild_master_37,,
15,ShortHbO,7.0,5.153087584556698e-17,3.962219444441533e-08,0.0014254616508734613,25.193465479714153,35912.31889393689,10,15,hbo,True,S10_D15 hbo,mild_master_37,,
16,az_itd=0_az=15,7.0,5.153087584556698e-17,3.3183915607727774e-08,5.367519051045607e-09,25.846069253930274,0.13872926911511488,10,15,hbo,True,S10_D15 hbo,mild_master_37,0.14604060545394557,
17,az_itd=0_az=5,7.0,5.153087584556698e-17,1.6549250929552146e-08,5.317345626062377e-09,28.570818301200948,0.1519209157269138,10,15,hbo,True,S10_D15 hbo,mild_master_37,0.17969976472913,
18,az_itd=15_az=0,7.0,5.153087584556698e-17,6.759257071159535e-08,5.3227287578578455e-09,23.32382923264727,0.1241464165999771,10,15,hbo,True,S10_D15 hbo,mild_master_37,0.1707913862391,
19,az_itd=5_az=0,7.0,5.153087584556698e-17,1.0464933480875282e-07,5.333134979481826e-09,21.895253393243138,0.11677034175612312,10,15,hbo,True,S10_D15 hbo,mild_master_37,0.14915180308898499,
20,constant,7.0,5.153087584556698e-17,0.30347796870293486,6.396258395195595e-09,-1.1104744392864472,-0.007102881454936059,10,15,hbo,False,S10_D15 hbo,mild_master_37,,
28,Linear,7.0,6.425860160267709e-17,0.004398886822909229,7.193168750597354e-13,-4.130924630873882,-2.9714437965874924e-06,10,16,hbo,True,S10_D16 hbo,mild_master_37,,
29,ShortHbO,7.0,6.425860160267709e-17,2.065709371771677e-06,0.0015917960075126267,14.173841623059698,22561.864506702714,10,16,hbo,True,S10_D16 hbo,mild_master_37,,
30,az_itd=0_az=15,7.0,6.425860160267709e-17,3.5824757292057864e-08,5.993844443634781e-09,25.56224538804038,0.15321612248593466,10,16,hbo,True,S10_D16 hbo,mild_master_37,0.1691474121480918,
31,az_itd=0_az=5,7.0,6.425860160267709e-17,1.8386299244337532e-08,5.937816378956506e-09,28.141116277070786,0.16709678115211046,10,16,hbo,True,S10_D16 hbo,mild_master_37,0.19089689134650786,
32,az_itd=15_az=0,7.0,6.425860160267709e-17,2.342773287514367e-07,5.943827657965443e-09,19.481437201514353,0.11579430525527791,10,16,hbo,True,S10_D16 hbo,mild_master_37,0.18320378825075634,
33,az_itd=5_az=0,7.0,6.425860160267709e-17,1.9130896070272876e-06,5.955448161417216e-09,14.334909109538126,0.08537080810048174,10,16,hbo,True,S10_D16 hbo,mild_master_37,0.1685045246600258,
34,constant,7.0,6.425860160267709e-17,0.32820184139586067,7.142625387538599e-09,-1.0509538683350261,-0.007506569781101655,10,16,hbo,False,S10_D16 hbo,mild_master_37,,
42,Linear,7.0,4.0123725723056736e-17,0.0003631185921256801,5.684015326641649e-13,-6.411990969113916,-3.6445854942731337e-06,10,21,hbo,True,S10_D21 hbo,mild_master_37,,
43,ShortHbO,7.0,4.0123725723056736e-17,3.596975514494586e-08,0.001257831314306005,25.54735898574777,32134.268130090444,10,21,hbo,True,S10_D21 hbo,mild_master_37,,
44,az_itd=0_az=15,7.0,4.0123725723056736e-17,2.8363770061853803e-09,4.736313697672771e-09,36.81350281950275,0.17436029766332609,10,21,hbo,True,S10_D21 hbo,mild_master_37,0.1793239373635262,
45,az_itd=0_az=5,7.0,4.0123725723056736e-17,2.397615533866251e-09,4.692040528309556e-09,37.7120551084092,0.1769464909744994,10,21,hbo,True,S10_D21 hbo,mild_master_37,0.17118961072922184,
46,az_itd=15_az=0,7.0,4.0123725723056736e-17,1.5154324619767763e-08,4.69679061873621e-09,28.935225745086345,0.13590269683053602,10,21,hbo,True,S10_D21 hbo,mild_master_37,0.1777192230676403,
47,az_itd=5_az=0,7.0,4.0123725723056736e-17,2.143052557228301e-08,4.705973097559284e-09,27.527040739677467,0.12954151317634058,10,21,hbo,True,S10_D21 hbo,mild_master_37,0.10631824163750236,
48,constant,7.0,4.0123725723056736e-17,0.17065176317423505,5.644076148200698e-09,-1.5267822351023799,-0.008617275196637894,10,21,hbo,False,S10_D21 hbo,mild_master_37,,
140,Linear,7.0,4.1479249282942395e-17,0.002993693985907541,5.779231050023723e-13,-4.443869100155479,-2.568214628585953e-06,11,3,hbo,True,S11_D3 hbo,mild_master_37,,
141,ShortHbO,7.0,4.1479249282942395e-17,9.834722487522962e-08,0.0012789018624311866,22.09291181234572,28254.666063336903,11,3,hbo,True,S11_D3 hbo,mild_master_37,,
142,az_itd=0_az=15,7.0,4.1479249282942395e-17,3.1193166810958575e-08,4.815654007114687e-09,26.077635692891857,0.12558087082055164,11,3,hbo,True,S11_D3 hbo,mild_master_37,0.06307966837038298,
143,az_itd=0_az=5,7.0,4.1479249282942395e-17,1.2755864659229932e-08,4.77063919621726e-09,29.661550440000603,0.1415045551496422,11,3,hbo,True,S11_D3 hbo,mild_master_37,0.15429041784442432,
144,az_itd=15_az=0,7.0,4.1479249282942395e-17,3.771540849892974e-07,4.775468857734087e-09,18.178635139474125,0.08681150598466923,11,3,hbo,True,S11_D3 hbo,mild_master_37,0.07950499863799854,
145,az_itd=5_az=0,7.0,4.1479249282942395e-17,8.708884594855784e-07,4.7848051567552675e-09,16.089256214559327,0.07698395610378021,11,3,hbo,True,S11_D3 hbo,mild_master_37,0.02883698795728,
146,constant,7.0,4.1479249282942395e-17,0.2989964747147988,5.738622830852232e-09,-1.1216802566125823,-0.006436899929513155,11,3,hbo,False,S11_D3 hbo,mild_master_37,,
154,Linear,7.0,4.3618409231315374e-17,0.0009834371073548299,5.926380411389892e-13,-5.423488858833288,-3.2141658134380923e-06,11,4,hbo,True,S11_D4 hbo,mild_master_37,,
155,ShortHbO,7.0,4.3618409231315374e-17,9.888758402461687e-08,0.0013114649474987028,22.075404825667484,28951.119630706617,11,4,hbo,True,S11_D4 hbo,mild_master_37,,
156,az_itd=0_az=15,7.0,4.3618409231315374e-17,2.1914800491495947e-08,4.938269006510576e-09,27.438586093623396,0.13549911928861252,11,4,hbo,True,S11_D4 hbo,mild_master_37,0.05951572761174165,
157,az_itd=0_az=5,7.0,4.3618409231315374e-17,8.003379776841075e-09,4.892108039555667e-09,31.717914413064886,0.1551674640980933,11,4,hbo,True,S11_D4 hbo,mild_master_37,0.1457536114128403,
158,az_itd=15_az=0,7.0,4.3618409231315374e-17,6.637650081106e-08,4.89706067272766e-09,23.38509080170537,0.11451820849319672,11,4,hbo,True,S11_D4 hbo,mild_master_37,0.0820819970848699,
159,az_itd=5_az=0,7.0,4.3618409231315374e-17,3.9001603436583806e-08,4.906634690301119e-09,25.250903295948348,0.12389695807333902,11,4,hbo,True,S11_D4 hbo,mild_master_37,0.09032154645860374,
160,constant,7.0,4.3618409231315374e-17,0.27251078176601384,5.884738235716995e-09,-1.19088319124746,-0.007008035849806603,11,4,hbo,False,S11_D4 hbo,mild_master_37,,
84,Linear,7.0,3.6108066300511226e-17,0.017469948126276395,5.392084996089419e-13,-3.0939479782214487,-1.6682830472049068e-06,11,11,hbo,True,S11_D11 hbo,mild_master_37,,
85,ShortHbO,7.0,3.6108066300511226e-17,3.0826575351498663e-06,0.0011932292521611,13.360946786878486,15942.672542671267,11,11,hbo,True,S11_D11 hbo,mild_master_37,,
86,az_itd=0_az=15,7.0,3.6108066300511226e-17,7.891834372083482e-07,4.4930572066355446e-09,16.32271952445165,0.0733389125912282,11,11,hbo,True,S11_D11 hbo,mild_master_37,0.011155677172245365,
87,az_itd=0_az=5,7.0,3.6108066300511226e-17,1.555676931150183e-07,4.4510579018247735e-09,20.673527449906796,0.092019067714499,11,11,hbo,True,S11_D11 hbo,mild_master_37,0.09233326496712879,
88,az_itd=15_az=0,7.0,3.6108066300511226e-17,2.3574025345590923e-06,4.4555640281892775e-09,13.900635475526485,0.06193517139372756,11,11,hbo,True,S11_D11 hbo,mild_master_37,0.04174918828370162,
89,az_itd=5_az=0,7.0,3.6108066300511226e-17,6.813510778065804e-06,4.46427489602539e-09,11.876949089522187,0.05302196566172551,11,11,hbo,True,S11_D11 hbo,mild_master_37,0.02821153153944585,
90,constant,7.0,3.6108066300511226e-17,0.48880468441038905,5.354197088958312e-09,-0.7305033610647025,-0.003911258969286892,11,11,hbo,False,S11_D11 hbo,mild_master_37,,
98,Linear,7.0,4.4152994282283825e-17,0.0011487634685102895,5.962586525711799e-13,-5.27943155342794,-3.1479067443887147e-06,11,12,hbo,True,S11_D12 hbo,mild_master_37,,
99,ShortHbO,7.0,4.4152994282283825e-17,1.6932817668932413e-08,0.0013194770976683162,28.476739354883225,37574.40539503844,11,12,hbo,True,S11_D12 hbo,mild_master_37,,
100,az_itd=0_az=15,7.0,4.4152994282283825e-17,1.9744316221098098e-08,4.968438438742504e-09,27.853844230146215,0.13839011033980456,11,12,hbo,True,S11_D12 hbo,mild_master_37,0.08402505703678392,
101,az_itd=0_az=5,7.0,4.4152994282283825e-17,1.0915188897945385e-08,4.921995459980932e-09,30.333955563721098,0.14930359156789857,11,12,hbo,True,S11_D12 hbo,mild_master_37,0.1576815365783529,
102,az_itd=15_az=0,7.0,4.4152994282283825e-17,4.9801047849393306e-08,4.926978350340345e-09,24.375784128267302,0.12009896067254279,11,12,hbo,True,S11_D12 hbo,mild_master_37,0.10592208889551294,
103,az_itd=5_az=0,7.0,4.4152994282283825e-17,8.430647778901754e-08,4.93661085858614e-09,22.590678640747242,0.11152138948074283,11,12,hbo,True,S11_D12 hbo,mild_master_37,0.09639581713489444,
104,constant,7.0,4.4152994282283825e-17,0.3322912428507894,5.920689944943655e-09,-1.0414575339467371,-0.0061661471493242625,11,12,hbo,False,S11_D12 hbo,mild_master_37,,
112,Linear,7.0,7.555337932392701e-17,0.0008945635650041887,7.799765769777146e-13,-5.51256286654281,-4.299669915020519e-06,11,13,hbo,True,S11_D13 hbo,mild_master_37,,
113,ShortHbO,7.0,7.555337932392701e-17,9.485621848185796e-07,0.0017260315227324338,15.889374758075276,27425.561708946963,11,13,hbo,True,S11_D13 hbo,mild_master_37,,
114,az_itd=0_az=15,7.0,7.555337932392701e-17,6.493050629963087e-09,6.499302927788136e-09,32.68567123894771,0.2124340787800133,11,13,hbo,True,S11_D13 hbo,mild_master_37,0.07141031948578587,
115,az_itd=0_az=5,7.0,7.555337932392701e-17,6.5728335573165385e-09,6.438550039015969e-09,32.62836394648761,0.21007935396068506,11,13,hbo,True,S11_D13 hbo,mild_master_37,0.15980714263606707,
116,az_itd=15_az=0,7.0,7.555337932392701e-17,7.96027621827895e-08,6.445068246758919e-09,22.77897210405638,0.14681202980166097,11,13,hbo,True,S11_D13 hbo,mild_master_37,0.08116050323722086,
117,az_itd=5_az=0,7.0,7.555337932392701e-17,6.374671580191066e-08,6.457668702579336e-09,23.522066626586007,0.15189771347449038,11,13,hbo,True,S11_D13 hbo,mild_master_37,0.08418221612642923,
118,constant,7.0,7.555337932392701e-17,0.19237137557888637,7.744960105299671e-09,-1.4424956716031898,-0.011172071428634163,11,13,hbo,False,S11_D13 hbo,mild_master_37,,
126,Linear,7.0,3.469878619922408e-17,0.0004540878886800826,5.285812520089202e-13,-6.179850815049913,-3.266553281047429e-06,11,20,hbo,True,S11_D20 hbo,mild_master_37,,
127,ShortHbO,7.0,3.469878619922408e-17,6.804361147710293e-08,0.0011697119249759733,23.301426386670215,27255.956313437953,11,20,hbo,True,S11_D20 hbo,mild_master_37,,
128,az_itd=0_az=15,7.0,3.469878619922408e-17,2.9974769660612155e-09,4.404503648131538e-09,36.52278398010681,0.16086473528030054,11,20,hbo,True,S11_D20 hbo,mild_master_37,0.08761701656801063,
129,az_itd=0_az=5,7.0,3.469878619922408e-17,1.839700039822059e-09,4.363332106628609e-09,39.17262006204885,0.17092315081750173,11,20,hbo,True,S11_D20 hbo,mild_master_37,0.14069645046579698,
130,az_itd=15_az=0,7.0,3.469878619922408e-17,2.1103653943134463e-08,4.367749421854885e-09,27.58804510278858,0.12049766804781131,11,20,hbo,True,S11_D20 hbo,mild_master_37,0.0900125292082813,
131,az_itd=5_az=0,7.0,3.469878619922408e-17,5.733912649884472e-08,4.376288607402286e-09,23.884743312179797,0.10452653004782039,11,20,hbo,True,S11_D20 hbo,mild_master_37,0.05720177169132751,
132,constant,7.0,3.469878619922408e-17,0.16842672782351856,5.248671344826048e-09,-1.5359612783302306,-0.008061755948334267,11,20,hbo,False,S11_D20 hbo,mild_master_37,,
196,Linear,7.0,2.4896398319543357e-17,0.0005287907715879044,4.47736887252503e-13,-6.025257599215577,-2.6977300823672715e-06,12,2,hbo,True,S12_D2 hbo,mild_master_37,,
197,ShortHbO,7.0,2.4896398319543357e-17,1.0383529196662892e-05,0.0009908092167106172,11.151746167176265,11049.252884855541,12,2,hbo,True,S12_D2 hbo,mild_master_37,,
198,az_itd=0_az=15,7.0,2.4896398319543357e-17,3.972711065972944e-09,3.7308526282605055e-09,35.07544070223888,0.13086130013134342,12,2,hbo,True,S12_D2 hbo,mild_master_37,0.08509154217159647,
199,az_itd=0_az=5,7.0,2.4896398319543357e-17,3.6927269536849537e-09,3.695978107520603e-09,35.445415597765084,0.13100548006130905,12,2,hbo,True,S12_D2 hbo,mild_master_37,0.1545318634358413,
200,az_itd=15_az=0,7.0,2.4896398319543357e-17,2.9737935658957855e-08,3.6997198122479447e-09,26.25785323612694,0.09714669984479767,12,2,hbo,True,S12_D2 hbo,mild_master_37,0.10566102705927262,
201,az_itd=5_az=0,7.0,2.4896398319543357e-17,1.3949486331861594e-07,3.7069529639008533e-09,21.002804474431905,0.07785640829672547,12,2,hbo,True,S12_D2 hbo,mild_master_37,0.08569984313355897,
202,constant,7.0,2.4896398319543357e-17,0.25896807499265256,4.445908289808517e-09,-1.228464843703545,-0.005461642032359916,12,2,hbo,False,S12_D2 hbo,mild_master_37,,
210,Linear,7.0,3.055752285861934e-17,0.0036558869521868633,4.960365593626829e-13,-4.279887118607894,-2.1229804807749265e-06,12,3,hbo,True,S12_D3 hbo,mild_master_37,,
211,ShortHbO,7.0,3.055752285861934e-17,1.00128410071304e-06,0.001097692883554619,15.764047048194367,17304.082260823154,12,3,hbo,True,S12_D3 hbo,mild_master_37,,
212,az_itd=0_az=15,7.0,3.055752285861934e-17,8.698956667585358e-08,4.133318817146928e-09,22.48856556814821,0.09295241123346949,12,3,hbo,True,S12_D3 hbo,mild_master_37,0.015306683321568046,
213,az_itd=0_az=5,7.0,3.055752285861934e-17,3.0999254729533e-08,4.094682203167237e-09,26.10108946018061,0.1068756664958775,12,3,hbo,True,S12_D3 hbo,mild_master_37,0.11869177502032328,
214,az_itd=15_az=0,7.0,3.055752285861934e-17,2.869009088641802e-07,4.098827544754996e-09,18.916352433961578,0.07753486640261494,12,3,hbo,True,S12_D3 hbo,mild_master_37,0.06713867109445172,
215,az_itd=5_az=0,7.0,3.055752285861934e-17,2.0151394269828454e-06,4.106840973537409e-09,14.225666131043294,0.05842254854283199,12,3,hbo,True,S12_D3 hbo,mild_master_37,0.0474610302314609,
216,constant,7.0,3.055752285861934e-17,0.40148002259669235,4.925511196657201e-09,-0.8930660307067999,-0.0043988067336005465,12,3,hbo,False,S12_D3 hbo,mild_master_37,,
224,Linear,7.0,3.455381367491855e-17,0.0014431663166088518,5.274758824155936e-13,-5.072434320604247,-2.675586769255867e-06,12,4,hbo,True,S12_D4 hbo,mild_master_37,,
225,ShortHbO,7.0,3.455381367491855e-17,6.279009329246226e-07,0.0011672658223381934,16.877030733245835,19699.98115746916,12,4,hbo,True,S12_D4 hbo,mild_master_37,,
226,az_itd=0_az=15,7.0,3.455381367491855e-17,9.374774020120093e-09,4.3952929461101606e-09,31.004882448779263,0.13627554112209422,12,4,hbo,True,S12_D4 hbo,mild_master_37,0.06436303401688967,
227,az_itd=0_az=5,7.0,3.455381367491855e-17,4.59662662120563e-09,4.3542075025721425e-09,34.348367061113954,0.14955991755860423,12,4,hbo,True,S12_D4 hbo,mild_master_37,0.12613430573801884,
228,az_itd=15_az=0,7.0,3.455381367491855e-17,8.159212694772275e-08,4.358615580304813e-09,22.697826393515992,0.09893109975783261,12,4,hbo,True,S12_D4 hbo,mild_master_37,0.10002576561845489,
229,az_itd=5_az=0,7.0,3.455381367491855e-17,8.558485903662189e-07,4.367136908699657e-09,16.130306386028067,0.07044325636705694,12,4,hbo,True,S12_D4 hbo,mild_master_37,0.014351220466831528,
230,constant,7.0,3.455381367491855e-17,0.22065730272713685,5.237695318552158e-09,-1.3447090716919317,-0.007043176409615449,12,4,hbo,False,S12_D4 hbo,mild_master_37,,
168,Linear,7.0,6.467865302648775e-17,0.0039968365843597075,7.216640931509783e-13,-4.207761721883892,-3.0365905472187373e-06,12,10,hbo,True,S12_D10 hbo,mild_master_37,,
169,ShortHbO,7.0,6.467865302648775e-17,0.9558845773905731,0.0015969902306929066,0.05732989450623432,91.55528145311115,12,10,hbo,False,S12_D10 hbo,mild_master_37,,
170,az_itd=0_az=15,7.0,6.467865302648775e-17,7.608437486880088e-09,6.013403084064323e-09,31.949465436704443,0.192125013991285,12,10,hbo,True,S12_D10 hbo,mild_master_37,0.10405593209628726,
171,az_itd=0_az=5,7.0,6.467865302648775e-17,2.38659058842985e-08,5.957192193024552e-09,27.103539288944045,0.16146099265543168,12,10,hbo,True,S12_D10 hbo,mild_master_37,0.14738324137444658,
172,az_itd=15_az=0,7.0,6.467865302648775e-17,3.2439177435663045e-07,5.963223087565016e-09,18.581597433479963,0.11080621081916658,12,10,hbo,True,S12_D10 hbo,mild_master_37,0.17068744438842962,
173,az_itd=5_az=0,7.0,6.467865302648775e-17,1.5197946803127557e-06,5.974881510127097e-09,14.828266236993889,0.08859713376665668,12,10,hbo,True,S12_D10 hbo,mild_master_37,0.16596527422079527,
174,constant,7.0,6.467865302648775e-17,0.17876258675537515,7.165932639335256e-09,-1.4942238660243143,-0.010707507572017345,12,10,hbo,False,S12_D10 hbo,mild_master_37,,
182,Linear,7.0,3.7698543348815565e-17,0.0004580827008384415,5.509559767264519e-13,-6.170883115772703,-3.3998849343153203e-06,12,11,hbo,True,S12_D11 hbo,mild_master_37,,
183,ShortHbO,7.0,3.7698543348815565e-17,9.01059348398852e-06,0.0012192255659170441,11.39122813237799,13888.476566188707,12,11,hbo,True,S12_D11 hbo,mild_master_37,,
184,az_itd=0_az=15,7.0,3.7698543348815565e-17,4.877375063590835e-09,4.590945290300572e-09,34.05715841439784,0.15635455102360027,12,11,hbo,True,S12_D11 hbo,mild_master_37,0.06230736378735799,
185,az_itd=0_az=5,7.0,3.7698543348815565e-17,1.9007276462899597e-09,4.5480309667677786e-09,38.98968073396041,0.177326275362441,12,11,hbo,True,S12_D11 hbo,mild_master_37,0.15935362169366965,
186,az_itd=15_az=0,7.0,3.7698543348815565e-17,1.6576443236188908e-08,4.552635265947426e-09,28.56406710742192,0.1300417792521379,12,11,hbo,True,S12_D11 hbo,mild_master_37,0.11831723765314586,
187,az_itd=5_az=0,7.0,3.7698543348815565e-17,5.081854900928484e-08,4.561535913285627e-09,24.304719014597566,0.11086684864740286,12,11,hbo,True,S12_D11 hbo,mild_master_37,0.07480558523563532,
188,constant,7.0,3.7698543348815565e-17,0.16861195924636524,5.470846414461884e-09,-1.5351929037046428,-0.008398804592739874,12,11,hbo,False,S12_D11 hbo,mild_master_37,,
238,Linear,7.0,3.873684864617049e-17,0.005048794426738383,5.584917436101493e-13,-4.021684710092053,-2.2460777059895885e-06,13,1,hbo,True,S13_D1 hbo,mild_master_37,,
239,ShortHbO,7.0,3.873684864617049e-17,8.952414519416189e-05,0.0012359016707811478,8.022565104602714,9915.101616729027,13,1,hbo,True,S13_D1 hbo,mild_master_37,,
240,az_itd=0_az=15,7.0,3.873684864617049e-17,2.5929844968066128e-08,4.6537384987327056e-09,26.781563838685603,0.12463439469235886,13,1,hbo,True,S13_D1 hbo,mild_master_37,0.0841697966508538,
241,az_itd=0_az=5,7.0,3.873684864617049e-17,4.2238980050303013e-07,4.610237209359127e-09,17.88130466717416,0.08243705612849332,13,1,hbo,True,S13_D1 hbo,mild_master_37,0.047309638428740454,
242,az_itd=15_az=0,7.0,3.873684864617049e-17,1.1408152122439213e-07,4.6149044843966394e-09,21.623479760751092,0.09979029371615018,13,1,hbo,True,S13_D1 hbo,mild_master_37,0.09537861193284021,
243,az_itd=5_az=0,7.0,3.873684864617049e-17,9.891211860848072e-07,4.623926871413306e-09,15.792281816432519,0.07302235625193407,13,1,hbo,True,S13_D1 hbo,mild_master_37,0.07893735463474151,
244,constant,7.0,3.873684864617049e-17,0.33319129132526437,5.545674576742381e-09,-1.0393798988390206,-0.005764062680568624,13,1,hbo,False,S13_D1 hbo,mild_master_37,,
266,Linear,7.0,8.737668911654075e-17,0.0040961914446138396,8.387883811059257e-13,-4.188009666412253,-3.512853848145901e-06,13,3,hbo,True,S13_D3 hbo,mild_master_37,,
267,ShortHbO,7.0,8.737668911654075e-17,4.014948575058833e-05,0.0018561777743383435,9.084164995829566,16861.825163681213,13,3,hbo,True,S13_D3 hbo,mild_master_37,,
268,az_itd=0_az=15,7.0,8.737668911654075e-17,1.4193437350437459e-08,6.989363452733753e-09,29.209284329487502,0.20415430437302867,13,3,hbo,True,S13_D3 hbo,mild_master_37,0.10522409443400416,
269,az_itd=0_az=5,7.0,8.737668911654075e-17,6.351959789120113e-08,6.924029673842378e-09,23.534197904016995,0.16295148463749276,13,3,hbo,True,S13_D3 hbo,mild_master_37,0.12224886716173894,
270,az_itd=15_az=0,7.0,8.737668911654075e-17,5.265710178259851e-07,6.931039367571394e-09,17.315985497697987,0.12001777717284011,13,3,hbo,True,S13_D3 hbo,mild_master_37,0.11734651372782852,
271,az_itd=5_az=0,7.0,8.737668911654075e-17,1.752370264142693e-06,6.944589923127509e-09,14.52116283670422,0.10084352110786979,13,3,hbo,True,S13_D3 hbo,mild_master_37,0.09449818615535152,
272,constant,7.0,8.737668911654075e-17,0.2905998005256109,8.328945689147156e-09,-1.1430511891651247,-0.009520411274471395,13,3,hbo,False,S13_D3 hbo,mild_master_37,,
280,Linear,7.0,1.184393755680126e-16,0.9151333321389851,9.7656840257287e-13,0.11047505190800434,1.078864449659547e-07,13,9,hbo,False,S13_D9 hbo,mild_master_37,,
281,ShortHbO,7.0,1.184393755680126e-16,3.354763940783632e-05,0.00216107495622063,-9.337746168139805,-20179.569391512083,13,9,hbo,True,S13_D9 hbo,mild_master_37,,
282,az_itd=0_az=15,7.0,1.184393755680126e-16,0.0066564168493551635,8.137441642954083e-09,3.806702792453839,0.030976821825663463,13,9,hbo,True,S13_D9 hbo,mild_master_37,-0.062640260238132,
283,az_itd=0_az=5,7.0,1.184393755680126e-16,0.0018238602262751489,8.061376087537261e-09,4.8653884456352365,0.03922172607222398,13,9,hbo,True,S13_D9 hbo,mild_master_37,-0.07930694037828616,
284,az_itd=15_az=0,7.0,1.184393755680126e-16,0.03941340869863324,8.069537198923241e-09,-2.5268593639108143,-0.020390585633525835,13,9,hbo,True,S13_D9 hbo,mild_master_37,0.026247122676081674,
285,az_itd=5_az=0,7.0,1.184393755680126e-16,0.033199021170649816,8.08531357910624e-09,-2.644640097568901,-0.021382744492722684,13,9,hbo,True,S13_D9 hbo,mild_master_37,0.047601744051427065,
286,constant,7.0,1.184393755680126e-16,0.7137606070034064,9.697064682801634e-09,-0.3820467422155259,-0.0037047319711175967,13,9,hbo,False,S13_D9 hbo,mild_master_37,,
252,Linear,7.0,5.816500490338095e-17,0.0003196717084922679,6.843613877936984e-13,-6.54717614933311,-4.48063455568741e-06,13,11,hbo,True,S13_D11 hbo,mild_master_37,,
253,ShortHbO,7.0,5.816500490338095e-17,0.12791349209453906,0.001514442052670242,1.7264303497546123,2614.578722674579,13,11,hbo,False,S13_D11 hbo,mild_master_37,,
254,az_itd=0_az=15,7.0,5.816500490338095e-17,1.5204992485812407e-09,5.702571208724669e-09,40.258003037086624,0.22957412904004046,13,11,hbo,True,S13_D11 hbo,mild_master_37,0.1618832245956349,
255,az_itd=0_az=5,7.0,5.816500490338095e-17,9.017523196484782e-09,5.649265849948768e-09,31.17856337764899,0.17613599333981575,13,11,hbo,True,S13_D11 hbo,mild_master_37,0.13710653538322976,
256,az_itd=15_az=0,7.0,5.816500490338095e-17,3.605936382260861e-09,5.654985008483217e-09,35.56664850919147,0.2011288641214697,13,11,hbo,True,S13_D11 hbo,mild_master_37,0.22237703676109472,
257,az_itd=5_az=0,7.0,5.816500490338095e-17,2.5069596625764303e-08,5.666040808986238e-09,26.91207675429579,0.15248492514440984,13,11,hbo,True,S13_D11 hbo,mild_master_37,0.16731800937831384,
258,constant,7.0,5.816500490338095e-17,0.10555009903546511,6.795526689542054e-09,-1.8578110720427066,-0.012624804724192949,13,11,hbo,False,S13_D11 hbo,mild_master_37,,
294,Linear,7.0,4.882449604210089e-17,0.00795439607816398,6.270086011841156e-13,-3.6709357413001946,-2.3017082841894096e-06,14,1,hbo,True,S14_D1 hbo,mild_master_37,,
295,ShortHbO,7.0,4.882449604210089e-17,0.00044538635461019167,0.0013875245008787922,6.19969418097892,8602.227574063929,14,1,hbo,True,S14_D1 hbo,mild_master_37,,
296,az_itd=0_az=15,7.0,4.882449604210089e-17,1.702362491883065e-07,5.224668224287842e-09,20.405247814078457,0.10661064986293467,14,1,hbo,True,S14_D1 hbo,mild_master_37,0.03374498852917464,
297,az_itd=0_az=5,7.0,4.882449604210089e-17,8.339657703930414e-08,5.1758301117966534e-09,22.62615243699581,0.11710912109750414,14,1,hbo,True,S14_D1 hbo,mild_master_37,0.10789131306906637,
298,az_itd=15_az=0,7.0,4.882449604210089e-17,2.441632035624518e-07,5.18106997724873e-09,19.364865784805684,0.10033072473110789,14,1,hbo,True,S14_D1 hbo,mild_master_37,0.11574868557370858,
299,az_itd=5_az=0,7.0,4.882449604210089e-17,2.373516713646904e-07,5.191199248321017e-09,19.444593454210363,0.10094075892340458,14,1,hbo,True,S14_D1 hbo,mild_master_37,0.1506242022346076,
300,constant,7.0,4.882449604210089e-17,0.22222139261369445,6.22602876187329e-09,-1.339632162516785,-0.008340588374160017,14,1,hbo,False,S14_D1 hbo,mild_master_37,,
322,Linear,7.0,3.659479870062525e-17,0.012131347709962654,5.428305671398449e-13,-3.357159761887816,-1.82236893752463e-06,14,2,hbo,True,S14_D2 hbo,mild_master_37,,
323,ShortHbO,7.0,3.659479870062525e-17,0.00018366565101504134,0.0012012446245714215,7.16051418283912,8601.529171302918,14,2,hbo,True,S14_D2 hbo,mild_master_37,,
324,az_itd=0_az=15,7.0,3.659479870062525e-17,1.2587305051570667e-07,4.523238772086473e-09,21.31772365441331,0.09642515416626722,14,2,hbo,True,S14_D2 hbo,mild_master_37,0.018626867881423922,
325,az_itd=0_az=5,7.0,3.659479870062525e-17,2.1434098707428538e-07,4.480957342052553e-09,19.734585716460384,0.08842983675853859,14,2,hbo,True,S14_D2 hbo,mild_master_37,0.08211079665013046,
326,az_itd=15_az=0,7.0,3.659479870062525e-17,2.1658506210569205e-07,4.485493737772987e-09,19.704776313105008,0.08838565075665,14,2,hbo,True,S14_D2 hbo,mild_master_37,0.11297146522295363,
327,az_itd=5_az=0,7.0,3.659479870062525e-17,5.0563767456821404e-06,4.494263119804588e-09,12.416153723397713,0.05580146176889076,14,2,hbo,True,S14_D2 hbo,mild_master_37,0.11355913660066236,
328,constant,7.0,3.659479870062525e-17,0.27074703516544596,5.39016325685818e-09,-1.195687397337206,-0.0064449502758153945,14,2,hbo,False,S14_D2 hbo,mild_master_37,,
336,Linear,7.0,1.9116803743874837e-16,0.6536522131732239,1.2406870655333476e-12,-0.4685200215183599,-5.812867306412348e-07,14,9,hbo,False,S14_D9 hbo,mild_master_37,,
337,ShortHbO,7.0,1.9116803743874837e-16,0.29507917885479323,0.002745550376980288,-1.131588307166918,-3106.8327033286173,14,9,hbo,False,S14_D9 hbo,mild_master_37,,
338,az_itd=0_az=15,7.0,1.9116803743874837e-16,0.0020788097095716562,1.033826055230393e-08,4.751945630525864,0.049126852058758566,14,9,hbo,True,S14_D9 hbo,mild_master_37,-0.07243682480449223,
339,az_itd=0_az=5,7.0,1.9116803743874837e-16,0.00035968799295688135,1.0241622620450283e-08,6.421988223023596,0.06577157985318378,14,9,hbo,True,S14_D9 hbo,mild_master_37,-0.032998571372023396,
340,az_itd=15_az=0,7.0,1.9116803743874837e-16,0.008457661310629363,1.02519909523667e-08,3.6246579600889612,0.037159960612255974,14,9,hbo,True,S14_D9 hbo,mild_master_37,0.09993270180222219,
341,az_itd=5_az=0,7.0,1.9116803743874837e-16,0.11231027130074357,1.0272034147274927e-08,1.8154770535035825,0.01864864228718287,14,9,hbo,False,S14_D9 hbo,mild_master_37,0.14370424967239764,
342,constant,7.0,1.9116803743874837e-16,0.6112465353155392,1.2319692807892671e-08,-0.5319079586855362,-0.0065529426530790726,14,9,hbo,False,S14_D9 hbo,mild_master_37,,
308,Linear,7.0,2.4472658189513583e-16,0.6093098072430576,1.4037675084317044e-12,-0.5348577673926262,-7.508159554980911e-07,14,10,hbo,False,S14_D10 hbo,mild_master_37,,
309,ShortHbO,7.0,2.4472658189513583e-16,0.0015503841335090095,0.003106435554166542,-5.008492491936819,-15558.559149728719,14,10,hbo,True,S14_D10 hbo,mild_master_37,,
310,az_itd=0_az=15,7.0,2.4472658189513583e-16,0.0001688193473567553,1.169715930808613e-08,7.257587782433078,0.08489316048353927,14,10,hbo,True,S14_D10 hbo,mild_master_37,-0.0010380220551734808,
311,az_itd=0_az=5,7.0,2.4472658189513583e-16,1.669873827174754e-05,1.1587818933235144e-08,10.382194845289717,0.1203069939967845,14,10,hbo,True,S14_D10 hbo,mild_master_37,-0.06005573857676383,
312,az_itd=15_az=0,7.0,2.4472658189513583e-16,0.729624962839085,1.1599550116597361e-08,-0.35977470189546723,-0.004173224685320348,14,10,hbo,False,S14_D10 hbo,mild_master_37,0.08580447685407601,
313,az_itd=5_az=0,7.0,2.4472658189513583e-16,0.2888330699108048,1.1622227862306944e-08,-1.147612336017983,-0.01333781206679536,14,10,hbo,False,S14_D10 hbo,mild_master_37,0.04269691945333281,
314,constant,7.0,2.4472658189513583e-16,0.6551830550458403,1.3939038261952971e-08,-0.46627182057490757,-0.006499380747464107,14,10,hbo,False,S14_D10 hbo,mild_master_37,,
350,Linear,7.0,3.2293975185549378e-15,0.5476978196187143,5.0993564122246936e-12,-0.6316220915037357,-3.2208661624123473e-06,15,18,hbo,False,S15_D18 hbo,mild_master_37,,
351,ShortHbO,7.0,3.2293975185549378e-15,0.03592021732369889,0.011284505423550775,2.5904693964581504,29232.1659538743,15,18,hbo,True,S15_D18 hbo,mild_master_37,,
352,az_itd=0_az=15,7.0,3.2293975185549378e-15,2.033934810484293e-06,4.249135555868634e-08,14.206233323802895,0.6036421113113672,15,18,hbo,True,S15_D18 hbo,mild_master_37,0.5133435616962991,
353,az_itd=0_az=5,7.0,3.2293975185549378e-15,0.7315975273580049,4.2094163332578793e-08,-0.3570195967896866,-0.015028441220196491,15,18,hbo,False,S15_D18 hbo,mild_master_37,0.6473324796312401,
354,az_itd=15_az=0,7.0,3.2293975185549378e-15,8.261576579340198e-07,4.2136778284657245e-08,16.21381374371505,0.6831978748676495,15,18,hbo,True,S15_D18 hbo,mild_master_37,0.7049874793643078,
355,az_itd=5_az=0,7.0,3.2293975185549378e-15,0.008035753952484416,4.2219157957433795e-08,-3.6632428673252426,-0.1546590292520471,15,18,hbo,True,S15_D18 hbo,mild_master_37,0.18214863171762394,
356,constant,7.0,3.2293975185549378e-15,0.5704657138222982,5.06352538539279e-08,-0.5951630688199158,-0.0301362330741792,15,18,hbo,False,S15_D18 hbo,mild_master_37,,
364,Linear,7.0,2.45901143327211e-16,0.8336768852575343,1.4071321563066961e-12,-0.21796128241807036,-3.067003293203121e-07,15,22,hbo,False,S15_D22 hbo,mild_master_37,,
365,ShortHbO,7.0,2.45901143327211e-16,1.9723788231669713e-06,0.0031138812755722206,-14.270656465895826,-44437.12995927665,15,22,hbo,True,S15_D22 hbo,mild_master_37,,
366,az_itd=0_az=15,7.0,2.45901143327211e-16,2.9082835508993473e-05,1.1725195875375939e-08,9.543708764948324,0.11190185464656129,15,22,hbo,True,S15_D22 hbo,mild_master_37,-0.06904650114742351,
367,az_itd=0_az=5,7.0,2.45901143327211e-16,0.01860653341163208,1.1615593425888175e-08,3.0491097367446267,0.03541721901294251,15,22,hbo,True,S15_D22 hbo,mild_master_37,-0.06921925669689392,
368,az_itd=15_az=0,7.0,2.45901143327211e-16,0.17021736324894413,1.1627352727368907e-08,-1.5285656323448717,-0.017773171774207525,15,22,hbo,False,S15_D22 hbo,mild_master_37,0.04997711224700549,
369,az_itd=5_az=0,7.0,2.45901143327211e-16,0.030416913205464833,1.1650084828681147e-08,-2.705028993994805,-0.031513817244081505,15,22,hbo,True,S15_D22 hbo,mild_master_37,0.0462188055554015,
370,constant,7.0,2.45901143327211e-16,0.672015277523834,1.3972448321087269e-08,-0.44172015361592437,-0.0061719120187812325,15,22,hbo,False,S15_D22 hbo,mild_master_37,,
378,Linear,7.0,8.383810479471625e-17,0.008558683968617725,8.216282060714023e-13,-3.6157284483314216,-2.970784478643881e-06,16,16,hbo,True,S16_D16 hbo,mild_master_37,,
379,ShortHbO,7.0,8.383810479471625e-17,0.00040132021378003457,0.0018182035531636995,6.307342664340778,11468.032843325398,16,16,hbo,True,S16_D16 hbo,mild_master_37,,
380,az_itd=0_az=15,7.0,8.383810479471625e-17,5.904762957791481e-08,6.8463730359248365e-09,23.783678181446177,0.16283193299656698,16,16,hbo,True,S16_D16 hbo,mild_master_37,0.12136871517899336,
381,az_itd=0_az=5,7.0,8.383810479471625e-17,3.5505787038523127e-08,6.7823758743575655e-09,25.595236375871472,0.17359651369418985,16,16,hbo,True,S16_D16 hbo,mild_master_37,0.17444845518179763,
382,az_itd=15_az=0,7.0,8.383810479471625e-17,3.095335058621944e-07,6.789242161747107e-09,18.708712373796047,0.1270179788401759,16,16,hbo,True,S16_D16 hbo,mild_master_37,0.22372595333399986,
383,az_itd=5_az=0,7.0,8.383810479471625e-17,5.510871660938604e-05,6.802515496122771e-09,8.651524163379303,0.0588521271864683,16,16,hbo,True,S16_D16 hbo,mild_master_37,0.21852560017297176,
384,constant,7.0,8.383810479471625e-17,0.31453917046346774,8.158549711927778e-09,-1.083380829910929,-0.008838816357777888,16,16,hbo,False,S16_D16 hbo,mild_master_37,,
392,Linear,7.0,1.4289848868292787e-14,0.5210047992329573,1.0726756734280785e-11,-0.6755597096477469,-7.246564664872741e-06,16,18,hbo,False,S16_D18 hbo,mild_master_37,,
393,ShortHbO,7.0,1.4289848868292787e-14,0.019877733511684977,0.023737533672860606,3.002286584942192,71266.87890564294,16,18,hbo,True,S16_D18 hbo,mild_master_37,,
394,az_itd=0_az=15,7.0,1.4289848868292787e-14,0.0002230548587320988,8.938273725978073e-08,-6.94062651106224,-0.6203721958565448,16,18,hbo,True,S16_D18 hbo,mild_master_37,-0.495539965616931,
395,az_itd=0_az=5,7.0,1.4289848868292787e-14,0.17646484428575926,8.854722311999846e-08,-1.5033083056435104,-0.13311377595796275,16,18,hbo,False,S16_D18 hbo,mild_master_37,0.9273682462557432,
396,az_itd=15_az=0,7.0,1.4289848868292787e-14,0.059110798355164605,8.8636865848852e-08,-2.251000713156368,-0.19952164823771118,16,18,hbo,False,S16_D18 hbo,mild_master_37,-0.7508834576883535,
397,az_itd=5_az=0,7.0,1.4289848868292787e-14,0.0003459872183428698,8.881015569923495e-08,6.463009416886207,0.5739808725992858,16,18,hbo,True,S16_D18 hbo,mild_master_37,-0.7746607019164875,
398,constant,7.0,1.4289848868292787e-14,0.34472404214148256,1.0651384338767517e-07,1.0131418072559346,0.1079136277875648,16,18,hbo,False,S16_D18 hbo,mild_master_37,,
406,Linear,7.0,1.7720710011603634e-16,0.7795754445702695,1.1945248066134764e-12,-0.29087622570322796,-3.4745886725660623e-07,16,22,hbo,False,S16_D22 hbo,mild_master_37,,
407,ShortHbO,7.0,1.7720710011603634e-16,0.0015681768835156056,0.0026433966503068896,-4.9983574503566235,-13212.641341309185,16,22,hbo,True,S16_D22 hbo,mild_master_37,,
408,az_itd=0_az=15,7.0,1.7720710011603634e-16,4.886064693997048e-05,9.953604764672751e-09,8.813791210653173,0.08772899418918824,16,22,hbo,True,S16_D22 hbo,mild_master_37,-0.04264190097299551,
409,az_itd=0_az=5,7.0,1.7720710011603634e-16,0.0008970779794513743,9.860562441539175e-09,5.509909306696479,0.05433080476589846,16,22,hbo,True,S16_D22 hbo,mild_master_37,0.036103884560983464,
410,az_itd=15_az=0,7.0,1.7720710011603634e-16,0.12198496644663906,9.870544998802347e-09,1.7589735272431979,0.01736202735235607,16,22,hbo,False,S16_D22 hbo,mild_master_37,0.0576748173409603,
411,az_itd=5_az=0,7.0,1.7720710011603634e-16,0.00047056541721126916,9.889842446310897e-09,-6.1434162549848965,-0.06075741884390595,16,22,hbo,True,S16_D22 hbo,mild_master_37,0.05722599473510497,
412,constant,7.0,1.7720710011603634e-16,0.6871460700543204,1.1861313845936829e-08,-0.4199005373412916,-0.004980572057482577,16,22,hbo,False,S16_D22 hbo,mild_master_37,,
420,Linear,7.0,1.1848928819227182e-16,0.14551775567176603,9.767741532249258e-13,-1.6375935789716332,-1.5995590814265927e-06,16,23,hbo,False,S16_D23 hbo,mild_master_37,,
421,ShortHbO,7.0,1.1848928819227182e-16,0.0006184696446285621,0.0021615302674719587,-5.8691554317191,-12686.357110158284,16,23,hbo,True,S16_D23 hbo,mild_master_37,,
422,az_itd=0_az=15,7.0,1.1848928819227182e-16,1.384332015581783e-06,8.13915609932979e-09,15.03293196492522,0.12235537989313088,16,23,hbo,True,S16_D23 hbo,mild_master_37,0.008653740556934313,
423,az_itd=0_az=5,7.0,1.1848928819227182e-16,1.570579009705658e-06,8.063074517859304e-09,14.756837249605946,0.11898547839149468,16,23,hbo,True,S16_D23 hbo,mild_master_37,0.1417888603245673,
424,az_itd=15_az=0,7.0,1.1848928819227182e-16,0.00012009665125850857,8.071237348688575e-09,7.6605278903307505,0.061829938819108046,16,23,hbo,True,S16_D23 hbo,mild_master_37,0.10242493665713069,
425,az_itd=5_az=0,7.0,1.1848928819227182e-16,0.27377120482270595,8.087017052756007e-09,1.1874659070933744,0.009603057040230498,16,23,hbo,False,S16_D23 hbo,mild_master_37,0.1154695235959454,
426,constant,7.0,1.1848928819227182e-16,0.4039736818425417,9.699107732091636e-09,-0.8880908194494138,-0.008613688533721405,16,23,hbo,False,S16_D23 hbo,mild_master_37,,
434,Linear,7.0,3.973282053586508e-17,0.0012743262035357058,5.656259313236716e-13,-5.184663762128523,-2.9325802690540373e-06,17,15,hbo,True,S17_D15 hbo,mild_master_37,,
435,ShortHbO,7.0,3.973282053586508e-17,0.0004512672055035112,0.0012516891101044467,6.186236205882411,7743.244491436863,17,15,hbo,True,S17_D15 hbo,mild_master_37,,
436,az_itd=0_az=15,7.0,3.973282053586508e-17,2.9714950937400416e-08,4.7131854724784455e-09,26.26077994439995,0.12377192652989916,17,15,hbo,True,S17_D15 hbo,mild_master_37,0.08534703742590129,
437,az_itd=0_az=5,7.0,3.973282053586508e-17,5.800167450808969e-09,4.669128496529869e-09,33.21992793722505,0.15510811218436618,17,15,hbo,True,S17_D15 hbo,mild_master_37,0.14457689599712548,
438,az_itd=15_az=0,7.0,3.973282053586508e-17,2.9021172241282845e-08,4.673855391457217e-09,26.35035750831371,0.12315776050705719,17,15,hbo,True,S17_D15 hbo,mild_master_37,0.15049692014624005,
439,az_itd=5_az=0,7.0,3.973282053586508e-17,1.6485876838279546e-07,4.6829930306747215e-09,20.500425600330168,0.0960033502122118,17,15,hbo,True,S17_D15 hbo,mild_master_37,0.10901251153751527,
440,constant,7.0,3.973282053586508e-17,0.20511220484396409,5.616515164595738e-09,-1.3969686267818675,-0.007846095476784842,17,15,hbo,False,S17_D15 hbo,mild_master_37,,
448,Linear,7.0,1.43983210709428e-16,0.00412146410979759,1.0767392404652063e-12,-4.183069182044002,-4.504074733887471e-06,17,17,hbo,True,S17_D17 hbo,mild_master_37,,
449,ShortHbO,7.0,1.43983210709428e-16,1.9810469787451618e-05,0.002382745746041839,10.11726830666868,24106.87801927872,17,17,hbo,True,S17_D17 hbo,mild_master_37,,
450,az_itd=0_az=15,7.0,1.43983210709428e-16,1.331197231003891e-08,8.97213416989551e-09,29.480002930840868,0.26449854162441716,17,17,hbo,True,S17_D17 hbo,mild_master_37,0.22202298891725694,
451,az_itd=0_az=5,7.0,1.43983210709428e-16,1.2629878493157975e-07,8.888266242007107e-09,21.307302643324654,0.18938497879289132,17,17,hbo,True,S17_D17 hbo,mild_master_37,0.14984679941709173,
452,az_itd=15_az=0,7.0,1.43983210709428e-16,7.377316816544266e-08,8.897264473827777e-09,23.030774831122013,0.20491089470966883,17,17,hbo,True,S17_D17 hbo,mild_master_37,0.33334412607497854,
453,az_itd=5_az=0,7.0,1.43983210709428e-16,3.7142937857907706e-05,8.914659105448848e-09,9.193295747777308,0.08195509764700715,17,17,hbo,True,S17_D17 hbo,mild_master_37,0.23236470825590572,
454,constant,7.0,1.43983210709428e-16,0.41178629177697035,1.0691734479421375e-08,-0.8726476769265232,-0.009330117255782274,17,17,hbo,False,S17_D17 hbo,mild_master_37,,
462,Linear,7.0,5.680683876406964e-17,0.000421241492370496,6.763241958004979e-13,-6.257115207067563,-4.231838410451036e-06,17,21,hbo,True,S17_D21 hbo,mild_master_37,,
463,ShortHbO,7.0,5.680683876406964e-17,6.512428577373403e-06,0.0014966563304524409,11.957247011639698,17895.889434754085,17,21,hbo,True,S17_D21 hbo,mild_master_37,,
464,az_itd=0_az=15,7.0,5.680683876406964e-17,3.5526671536897754e-09,5.6355997803581784e-09,35.64271973512516,0.2008681035106395,17,21,hbo,True,S17_D21 hbo,mild_master_37,0.16192853860019424,
465,az_itd=0_az=5,7.0,5.680683876406964e-17,1.6168701211780735e-09,5.582920443754758e-09,39.904765493192045,0.22278513107518128,17,21,hbo,True,S17_D21 hbo,mild_master_37,0.19132282417779567,
466,az_itd=15_az=0,7.0,5.680683876406964e-17,2.7966267711731613e-08,5.58857243605803e-09,26.491355184976598,0.14804885738058318,17,21,hbo,True,S17_D21 hbo,mild_master_37,0.19211616997206096,
467,az_itd=5_az=0,7.0,5.680683876406964e-17,1.1558127873283915e-08,5.59949839640223e-09,30.085273313477227,0.16846243967413857,17,21,hbo,True,S17_D21 hbo,mild_master_37,0.09225549364807041,
468,constant,7.0,5.680683876406964e-17,0.12830010783202578,6.715719509194187e-09,-1.7243582839860747,-0.011580306568605892,17,21,hbo,False,S17_D21 hbo,mild_master_37,,
476,Linear,7.0,9.870544548911024e-17,0.002794782878816302,8.915078472495208e-13,-4.501058722185843,-4.01272917175958e-06,17,22,hbo,True,S17_D22 hbo,mild_master_37,,
477,ShortHbO,7.0,9.870544548911024e-17,3.527390919851372e-06,0.001972842124411603,13.097240396477932,25838.787567716987,17,22,hbo,True,S17_D22 hbo,mild_master_37,,
478,az_itd=0_az=15,7.0,9.870544548911024e-17,9.55322678083282e-09,7.4286584146237246e-09,30.92093402280665,0.2297010567165476,17,22,hbo,True,S17_D22 hbo,mild_master_37,0.24134970682161483,
479,az_itd=0_az=5,7.0,9.870544548911024e-17,3.289151970111459e-08,7.3592182818272605e-09,25.87907239343452,0.1904497426744945,17,22,hbo,True,S17_D22 hbo,mild_master_37,0.2758649896756477,
480,az_itd=15_az=0,7.0,9.870544548911024e-17,3.6884993384813523e-08,7.366668548315209e-09,25.45494832501084,0.18751816722484627,17,22,hbo,True,S17_D22 hbo,mild_master_37,0.3480409371480145,
481,az_itd=5_az=0,7.0,9.870544548911024e-17,6.325144550083673e-06,7.381070782400687e-09,12.009354398355237,0.08864189486519503,17,22,hbo,True,S17_D22 hbo,mild_master_37,0.26753599307107007,
482,constant,7.0,9.870544548911024e-17,0.2600543472198291,8.852435976043948e-09,-1.2253899207841,-0.01084768581943081,17,22,hbo,False,S17_D22 hbo,mild_master_37,,
490,Linear,7.0,3.629131966491974e-17,0.004428988891093146,5.405750463131383e-13,-4.125484496227305,-2.2301339726122096e-06,17,23,hbo,True,S17_D23 hbo,mild_master_37,,
491,ShortHbO,7.0,3.629131966491974e-17,0.021285053279312408,0.001196253320778479,2.954018160465959,3533.754034097338,17,23,hbo,True,S17_D23 hbo,mild_master_37,,
492,az_itd=0_az=15,7.0,3.629131966491974e-17,5.235708778651767e-08,4.504444216524941e-09,24.20029109153744,0.10900886124549587,17,23,hbo,True,S17_D23 hbo,mild_master_37,0.06754005580406768,
493,az_itd=0_az=5,7.0,3.629131966491974e-17,1.12971951702163e-08,4.462338470492251e-09,30.18424770983402,0.13469232975845996,17,23,hbo,True,S17_D23 hbo,mild_master_37,0.16116031037172518,
494,az_itd=15_az=0,7.0,3.629131966491974e-17,2.0987477796367164e-07,4.466856016988553e-09,19.794986690838584,0.08842135540618067,17,23,hbo,True,S17_D23 hbo,mild_master_37,0.06960157758384444,
495,az_itd=5_az=0,7.0,3.629131966491974e-17,2.396022741553573e-06,4.4755889612714214e-09,13.86736826137506,0.062064640312495874,17,23,hbo,True,S17_D23 hbo,mild_master_37,0.06535624619315615,
496,constant,7.0,3.629131966491974e-17,0.22470996732451226,5.367766534526846e-09,-1.3316186129261343,-0.0071478178272179616,17,23,hbo,False,S17_D23 hbo,mild_master_37,,
504,Linear,7.0,5.1125555891112825e-17,0.0016266833640620276,6.4161371000143e-13,-4.965909361795039,-3.186195529152148e-06,18,15,hbo,True,S18_D15 hbo,mild_master_37,,
505,ShortHbO,7.0,5.1125555891112825e-17,5.384219544740427e-08,0.0014198445460643831,24.102759822517545,34222.17207910128,18,15,hbo,True,S18_D15 hbo,mild_master_37,,
506,az_itd=0_az=15,7.0,5.1125555891112825e-17,9.594025155976478e-09,5.3463680666918896e-09,30.901992904405763,0.16521342806125433,18,15,hbo,True,S18_D15 hbo,mild_master_37,0.15941245818900907,
507,az_itd=0_az=5,7.0,5.1125555891112825e-17,3.130002040481362e-09,5.29639235266538e-09,36.29670257311678,0.19224157793522556,18,15,hbo,True,S18_D15 hbo,mild_master_37,0.19335154794986,
508,az_itd=15_az=0,7.0,5.1125555891112825e-17,1.4164689243639818e-07,5.301754271953673e-09,20.95627299566479,0.11110500987899322,18,15,hbo,True,S18_D15 hbo,mild_master_37,0.14906512948732376,
509,az_itd=5_az=0,7.0,5.1125555891112825e-17,7.099814081079301e-07,5.312119487327158e-09,16.576950053782355,0.08805873942114623,18,15,hbo,True,S18_D15 hbo,mild_master_37,0.055907417996001595,
510,constant,7.0,5.1125555891112825e-17,0.22410133813409377,6.371053610647553e-09,-1.3335712798943704,-0.008496254117826908,18,15,hbo,False,S18_D15 hbo,mild_master_37,,
518,Linear,7.0,4.4832636702488094e-17,0.0011453596288956314,6.008302009321086e-13,-5.282158898467558,-3.173680592321589e-06,18,16,hbo,True,S18_D16 hbo,mild_master_37,,
519,ShortHbO,7.0,4.4832636702488094e-17,4.573223537939629e-05,0.001329593602203919,8.904118207873823,11838.858602456461,18,16,hbo,True,S18_D16 hbo,mild_master_37,,
520,az_itd=0_az=15,7.0,4.4832636702488094e-17,9.046572658059534e-09,5.006531733494813e-09,31.164149516970788,0.1560243035040913,18,16,hbo,True,S18_D16 hbo,mild_master_37,0.13768252082462737,
521,az_itd=0_az=5,7.0,4.4832636702488094e-17,5.093712777589472e-09,4.959732673823525e-09,33.84552603526146,0.16786476133983103,18,16,hbo,True,S18_D16 hbo,mild_master_37,0.15420034246019015,
522,az_itd=15_az=0,7.0,4.4832636702488094e-17,1.4431273647251511e-08,4.964753768281372e-09,29.13951867085944,0.1446705351270548,18,16,hbo,True,S18_D16 hbo,mild_master_37,0.17914343398341523,
523,az_itd=5_az=0,7.0,4.4832636702488094e-17,3.1784117336666633e-07,4.974460129505388e-09,18.63680300801593,0.09270803350482133,18,16,hbo,True,S18_D16 hbo,mild_master_37,0.1464325711130164,
524,constant,7.0,4.4832636702488094e-17,0.1592375291695887,5.966084205130334e-09,-1.5750911783545396,-0.009397126600821145,18,16,hbo,False,S18_D16 hbo,mild_master_37,,
532,Linear,7.0,1.0796000946576097e-16,0.0003575984254482866,9.323652331237817e-13,-6.428130101213712,-5.99336502036812e-06,18,21,hbo,True,S18_D21 hbo,mild_master_37,,
533,ShortHbO,7.0,1.0796000946576097e-16,5.002031841019316e-07,0.0020632565522764436,17.446163449081773,35995.91104840377,18,21,hbo,True,S18_D21 hbo,mild_master_37,,
534,az_itd=0_az=15,7.0,1.0796000946576097e-16,3.2514674577070446e-09,7.769110340325513e-09,36.09888998535647,0.2804562594595061,18,21,hbo,True,S18_D21 hbo,mild_master_37,0.23374843624776911,
535,az_itd=0_az=5,7.0,1.0796000946576097e-16,6.897335995554297e-10,7.696487798860884e-09,45.088334142770194,0.3470218136007934,18,21,hbo,True,S18_D21 hbo,mild_master_37,0.30808514771370166,
536,az_itd=15_az=0,7.0,1.0796000946576097e-16,1.0161159669347314e-08,7.704279507562385e-09,30.6478413423779,0.23611953600510535,18,21,hbo,True,S18_D21 hbo,mild_master_37,0.30742490678002193,
537,az_itd=5_az=0,7.0,1.0796000946576097e-16,8.232528379694108e-08,7.719341789270884e-09,22.668488819912064,0.174985813047167,18,21,hbo,True,S18_D21 hbo,mild_master_37,0.11029573112964418,
538,constant,7.0,1.0796000946576097e-16,0.12545475999335712,9.258138958599058e-09,-1.7397489336329475,-0.01610683738064836,18,21,hbo,False,S18_D21 hbo,mild_master_37,,
546,Linear,7.0,1.4747015218629633e-17,0.17863665629620362,3.4459318011344704e-13,-1.4947189884276064,-5.150699695982235e-07,18,23,hbo,False,S18_D23 hbo,mild_master_37,,
547,ShortHbO,7.0,1.4747015218629633e-17,0.1976709223050745,0.0007625596831370217,1.4232404147549949,1085.3057597033721,18,23,hbo,False,S18_D23 hbo,mild_master_37,,
548,az_itd=0_az=15,7.0,1.4747015218629633e-17,1.819404291261064e-06,2.871388103839355e-09,14.44120550474628,0.041466305691427875,18,23,hbo,True,S18_D23 hbo,mild_master_37,0.02107884237159576,
549,az_itd=0_az=5,7.0,1.4747015218629633e-17,0.05215088582259943,2.84454751431268e-09,2.3360035258418654,0.006644873022859135,18,23,hbo,False,S18_D23 hbo,mild_master_37,0.010286134446337244,
550,az_itd=15_az=0,7.0,1.4747015218629633e-17,0.6415354196503305,2.8474272545524277e-09,0.48640896873136696,0.001385014154424434,18,23,hbo,False,S18_D23 hbo,mild_master_37,-0.0015015045582187404,
551,az_itd=5_az=0,7.0,1.4747015218629633e-17,0.00021110324121408316,2.8529941283153053e-09,7.0024052779518335,0.019977821142080687,18,23,hbo,True,S18_D23 hbo,mild_master_37,0.06879268077720102,
552,constant,7.0,1.4747015218629633e-17,0.7263538373992409,3.4217186917053348e-09,-0.36435029917361433,-0.001246704229010787,18,23,hbo,False,S18_D23 hbo,mild_master_37,,
560,Linear,7.0,6.128695401273431e-17,0.000485913400892387,7.024875511003782e-13,-6.110742715478296,-4.292720685600823e-06,19,15,hbo,True,S19_D15 hbo,mild_master_37,,
561,ShortHbO,7.0,6.128695401273431e-17,6.953748130028711e-08,0.001554553935740827,23.22841969971796,36109.83126523632,19,15,hbo,True,S19_D15 hbo,mild_master_37,,
562,az_itd=0_az=15,7.0,6.128695401273431e-17,9.288035180546274e-09,5.853610906230913e-09,31.04634809524492,0.181733241808967,19,15,hbo,True,S19_D15 hbo,mild_master_37,0.10094303372250102,
563,az_itd=0_az=5,7.0,6.128695401273431e-17,3.813907433100106e-09,5.798893688668811e-09,35.28148299745582,0.20459356908082252,19,15,hbo,True,S19_D15 hbo,mild_master_37,0.2115649984705032,
564,az_itd=15_az=0,7.0,6.128695401273431e-17,1.0578994191772799e-08,5.804764326236738e-09,30.470745941907072,0.17687549903740504,19,15,hbo,True,S19_D15 hbo,mild_master_37,0.1746245120016458,
565,az_itd=5_az=0,7.0,6.128695401273431e-17,2.8466252577101615e-08,5.816112953379277e-09,26.423784191105096,0.1536837135111849,19,15,hbo,True,S19_D15 hbo,mild_master_37,0.0893697726694581,
566,constant,7.0,6.128695401273431e-17,0.19849525737970605,6.975514673561211e-09,-1.4202869728491319,-0.00990723261977695,19,15,hbo,False,S19_D15 hbo,mild_master_37,,
574,Linear,7.0,5.1397741073487874e-17,0.0001856887102061182,6.43319372870871e-13,-7.147973451978557,-4.59842979842448e-06,19,21,hbo,True,S19_D21 hbo,mild_master_37,,
575,ShortHbO,7.0,5.1397741073487874e-17,2.1194361306938508e-07,0.0014236190541287367,19.766827331889605,28140.432029350744,19,21,hbo,True,S19_D21 hbo,mild_master_37,,
576,az_itd=0_az=15,7.0,5.1397741073487874e-17,1.2399397120890931e-09,5.360580826418768e-09,41.452859409960055,0.22221140335326467,19,21,hbo,True,S19_D21 hbo,mild_master_37,0.18066520900451188,
577,az_itd=0_az=5,7.0,5.1397741073487874e-17,1.121897767866059e-09,5.3104722571891045e-09,42.05168439022369,0.22331430332235505,19,21,hbo,True,S19_D21 hbo,mild_master_37,0.18336675467713215,
578,az_itd=15_az=0,7.0,5.1397741073487874e-17,5.833472330710786e-09,5.315848430578419e-09,33.19261377478804,0.17644690384150263,19,21,hbo,True,S19_D21 hbo,mild_master_37,0.21629313111431356,
579,az_itd=5_az=0,7.0,5.1397741073487874e-17,5.1781318492070845e-09,5.3262412007917094e-09,33.76571197435327,0.17984432629186636,19,21,hbo,True,S19_D21 hbo,mild_master_37,0.11885276824557219,
580,constant,7.0,5.1397741073487874e-17,0.0881878571138932,6.387990389605839e-09,-1.9799534032115342,-0.012647923311582656,19,21,hbo,False,S19_D21 hbo,mild_master_37,,
602,Linear,7.0,6.964494611443607e-17,0.0023492027063772894,7.488579025156375e-13,-4.6473439490222495,-3.4802002419335413e-06,20,12,hbo,True,S20_D12 hbo,mild_master_37,,
603,ShortHbO,7.0,6.964494611443607e-17,5.7163159461678414e-05,0.0016571681559947832,8.602675039967597,14256.079132605451,20,12,hbo,True,S20_D12 hbo,mild_master_37,,
604,az_itd=0_az=15,7.0,6.964494611443607e-17,8.306638196381121e-08,6.240000664092027e-09,22.639134926798587,0.14126821697769218,20,12,hbo,True,S20_D12 hbo,mild_master_37,-0.024741985590426854,
605,az_itd=0_az=5,7.0,6.964494611443607e-17,5.316010864148561e-09,6.181671629348474e-09,33.638497661341155,0.2079421466470176,20,12,hbo,True,S20_D12 hbo,mild_master_37,0.15117891322372648,
606,az_itd=15_az=0,7.0,6.964494611443607e-17,4.87913024169634e-08,6.187929780583553e-09,24.44796511954658,0.15128229143791022,20,12,hbo,True,S20_D12 hbo,mild_master_37,0.08649526681937646,
607,az_itd=5_az=0,7.0,6.964494611443607e-17,6.460720100191339e-08,6.200027516842482e-09,23.476548094131356,0.14555524418409035,20,12,hbo,True,S20_D12 hbo,mild_master_37,-0.014510100351730998,
608,constant,7.0,6.964494611443607e-17,0.1421811293659154,7.435959938688923e-09,-1.65362424907068,-0.012296283669734133,20,12,hbo,False,S20_D12 hbo,mild_master_37,,
616,Linear,7.0,7.17300918192363e-17,0.00020354166262926256,7.599855015136938e-13,-7.043560663054206,-5.353003982953377e-06,20,13,hbo,True,S20_D13 hbo,mild_master_37,,
617,ShortHbO,7.0,7.17300918192363e-17,1.673036681788541e-08,0.0016817927244881007,28.52608845275602,47974.9680179491,20,13,hbo,True,S20_D13 hbo,mild_master_37,,
618,az_itd=0_az=15,7.0,7.17300918192363e-17,1.4329662890637942e-09,6.332723495625705e-09,40.60175736360691,0.25711970282020746,20,13,hbo,True,S20_D13 hbo,mild_master_37,0.16420055989125565,
619,az_itd=0_az=5,7.0,7.17300918192363e-17,1.2077126773558594e-09,6.273527724874708e-09,41.60966645632314,0.2610393961365323,20,13,hbo,True,S20_D13 hbo,mild_master_37,0.18158191939231647,
620,az_itd=15_az=0,7.0,7.17300918192363e-17,7.234682760422843e-09,6.279878868648397e-09,32.18160037503754,0.20209655215448555,20,13,hbo,True,S20_D13 hbo,mild_master_37,0.17586018027038716,
621,az_itd=5_az=0,7.0,7.17300918192363e-17,5.670817821355589e-09,6.2921563703306755e-09,33.32773564380013,0.20970332413983372,20,13,hbo,True,S20_D13 hbo,mild_master_37,0.15634632401141285,
622,constant,7.0,7.17300918192363e-17,0.11822228495786502,7.54645403921905e-09,-1.7804202806538447,-0.01343585981844772,20,13,hbo,False,S20_D13 hbo,mild_master_37,,
630,Linear,7.0,4.52765854943705e-17,0.00019850583882232052,6.037976904372287e-13,-7.071935660118188,-4.270018418500041e-06,20,20,hbo,True,S20_D20 hbo,mild_master_37,,
631,ShortHbO,7.0,4.52765854943705e-17,7.78573483985906e-07,0.0013361604409788236,16.35504749283476,21852.967470255695,20,20,hbo,True,S20_D20 hbo,mild_master_37,,
632,az_itd=0_az=15,7.0,4.52765854943705e-17,1.5586841585462176e-09,5.031258903256165e-09,40.11506101466614,0.20182925788470335,20,20,hbo,True,S20_D20 hbo,mild_master_37,0.10149776032199687,
633,az_itd=0_az=5,7.0,4.52765854943705e-17,7.84033429176139e-10,4.984228703874842e-09,44.267903534760066,0.22064135545831368,20,20,hbo,True,S20_D20 hbo,mild_master_37,0.13010520831292766,
634,az_itd=15_az=0,7.0,4.52765854943705e-17,5.436560756855756e-09,4.989274597427483e-09,33.53032191843686,0.16729198339122298,20,20,hbo,True,S20_D20 hbo,mild_master_37,0.12329450015621782,
635,az_itd=5_az=0,7.0,4.52765854943705e-17,1.3807662924735827e-08,4.999028898194186e-09,29.32533323063928,0.14659818826914003,20,20,hbo,True,S20_D20 hbo,mild_master_37,0.0708742127496995,
636,constant,7.0,4.52765854943705e-17,0.09180731894855605,5.995550587209531e-09,-1.9526584985165893,-0.011707262807400816,20,20,hbo,False,S20_D20 hbo,mild_master_37,,
644,Linear,7.0,3.4146633248791486e-17,0.0002957877032757922,5.243587974936786e-13,-6.630595407079747,-3.476811034323445e-06,21,11,hbo,True,S21_D11 hbo,mild_master_37,,
645,ShortHbO,7.0,3.4146633248791486e-17,5.335228592295796e-07,0.0011603679397695827,17.282899522206804,20054.522511827814,21,11,hbo,True,S21_D11 hbo,mild_master_37,,
646,az_itd=0_az=15,7.0,3.4146633248791486e-17,5.175576513390868e-09,4.369319244133538e-09,33.76810604831426,0.1475436355948416,21,11,hbo,True,S21_D11 hbo,mild_master_37,0.0776999682884769,
647,az_itd=0_az=5,7.0,3.4146633248791486e-17,1.926685633879316e-09,4.328476592390996e-09,38.91389138471725,0.16843786797759427,21,11,hbo,True,S21_D11 hbo,mild_master_37,0.1540874399951803,
648,az_itd=15_az=0,7.0,3.4146633248791486e-17,8.89087134182975e-09,4.3328586208708135e-09,31.24203146549915,0.1353673053688052,21,11,hbo,True,S21_D11 hbo,mild_master_37,0.09425749841194382,
649,az_itd=5_az=0,7.0,3.4146633248791486e-17,1.48829281934227e-08,4.341329593021629e-09,29.01057593088772,0.12594447179936383,21,11,hbo,True,S21_D11 hbo,mild_master_37,0.07442816848496848,
650,constant,7.0,3.4146633248791486e-17,0.15303622221375146,5.206743493744024e-09,-1.6026953381940052,-0.008344823524595516,21,11,hbo,False,S21_D11 hbo,mild_master_37,,
658,Linear,7.0,3.9293861511290627e-17,0.0003254827659996264,5.624928014403123e-13,-6.527937059383083,-3.671917604158425e-06,21,12,hbo,True,S21_D12 hbo,mild_master_37,,
659,ShortHbO,7.0,3.9293861511290627e-17,2.6153022000523615e-08,0.0012447557212013495,26.74851093458369,33295.362019439905,21,12,hbo,True,S21_D12 hbo,mild_master_37,,
660,az_itd=0_az=15,7.0,3.9293861511290627e-17,6.903200695749465e-09,4.687078072814007e-09,32.39924188065481,0.1518577761946144,21,12,hbo,True,S21_D12 hbo,mild_master_37,0.10917686733336242,
661,az_itd=0_az=5,7.0,3.9293861511290627e-17,2.0373072191196882e-09,4.6432651384135115e-09,38.603497627325375,0.17924627475378863,21,12,hbo,True,S21_D12 hbo,mild_master_37,0.16752275046948092,
662,az_itd=15_az=0,7.0,3.9293861511290627e-17,6.770792612885755e-09,4.6479658500014264e-09,32.489536535710016,0.1510102563003538,21,12,hbo,True,S21_D12 hbo,mild_master_37,0.13588480598425198,
663,az_itd=5_az=0,7.0,3.9293861511290627e-17,2.515089049540422e-08,4.657052873769903e-09,26.8995260306689,0.12527251500417488,21,12,hbo,True,S21_D12 hbo,mild_master_37,0.07817889500601442,
664,constant,7.0,3.9293861511290627e-17,0.17558103356553037,5.585404017584931e-09,-1.506831296530168,-0.00841626157746231,21,12,hbo,False,S21_D12 hbo,mild_master_37,,
672,Linear,7.0,3.694127882377409e-17,0.004097517577997442,5.453942772495321e-13,-4.187749593940425,-2.2839746630891597e-06,21,19,hbo,True,S21_D19 hbo,mild_master_37,,
673,ShortHbO,7.0,3.694127882377409e-17,0.01135686731613835,0.0012069179288668073,3.405517760384874,4110.18044208284,21,19,hbo,True,S21_D19 hbo,mild_master_37,,
674,az_itd=0_az=15,7.0,3.694127882377409e-17,1.491220645503184e-08,4.544601373366699e-09,29.002371953051313,0.13180421940872883,21,19,hbo,True,S21_D19 hbo,mild_master_37,0.0971289487088891,
675,az_itd=0_az=5,7.0,3.694127882377409e-17,2.0214021623819253e-08,4.502120254265524e-09,27.75969900690189,0.12497750315128754,21,19,hbo,True,S21_D19 hbo,mild_master_37,0.11518407372163464,
676,az_itd=15_az=0,7.0,3.694127882377409e-17,1.976207326793619e-07,4.506678074725598e-09,19.968544522219105,0.0899918017824668,21,19,hbo,True,S21_D19 hbo,mild_master_37,0.13266989163293033,
677,az_itd=5_az=0,7.0,3.694127882377409e-17,1.097096612948802e-05,4.515488873277806e-09,11.060053762467447,0.04994154970227609,21,19,hbo,True,S21_D19 hbo,mild_master_37,0.07422107345612158,
678,constant,7.0,3.694127882377409e-17,0.21865644132633874,5.41562021685821e-09,-1.3512499488040446,-0.007317856540771804,21,19,hbo,False,S21_D19 hbo,mild_master_37,,
686,Linear,7.0,1.7053930798807133e-16,0.008895572798713254,1.1718360705487605e-12,-3.586755002318766,-4.2030888879383334e-06,22,10,hbo,True,S22_D10 hbo,mild_master_37,,
687,ShortHbO,7.0,1.7053930798807133e-16,0.0005849862259470539,0.002593188125058093,5.924285938864576,15362.787946112254,22,10,hbo,True,S22_D10 hbo,mild_master_37,,
688,az_itd=0_az=15,7.0,1.7053930798807133e-16,2.7017668810869227e-08,9.76454656332957e-09,26.62342926688095,0.2599657147519703,22,10,hbo,True,S22_D10 hbo,mild_master_37,0.23362085789148224,
689,az_itd=0_az=5,7.0,1.7053930798807133e-16,2.5335429784399024e-07,9.673271480776295e-09,19.261217311811535,0.18631898410738118,22,10,hbo,True,S22_D10 hbo,mild_master_37,0.15893630630782085,
690,az_itd=15_az=0,7.0,1.7053930798807133e-16,4.310833617222172e-08,9.683064429916018e-09,24.88881537590917,0.241000002869213,22,10,hbo,True,S22_D10 hbo,mild_master_37,0.2217783488021938,
691,az_itd=5_az=0,7.0,1.7053930798807133e-16,3.5081426753695688e-06,9.701995342806936e-09,13.107852194607945,0.12717232094628794,22,10,hbo,True,S22_D10 hbo,mild_master_37,0.24420888665600954,
692,constant,7.0,1.7053930798807133e-16,0.1621800095650347,1.1636020727082162e-08,-1.5623397066541918,-0.018179417209371638,22,10,hbo,False,S22_D10 hbo,mild_master_37,,
700,Linear,7.0,4.3262984234910393e-17,0.0008998424098109441,5.902185440535512e-13,-5.507001451674281,-3.250334378907987e-06,22,11,hbo,True,S22_D11 hbo,mild_master_37,,
701,ShortHbO,7.0,4.3262984234910393e-17,9.905615928405782e-08,0.00130611077615319,22.06996551903389,28825.819793739494,22,11,hbo,True,S22_D11 hbo,mild_master_37,,
702,az_itd=0_az=15,7.0,4.3262984234910393e-17,2.0795508681300206e-08,4.918108087637737e-09,27.64655059464435,0.13596872407480626,22,11,hbo,True,S22_D11 hbo,mild_master_37,0.051124328580447326,
703,az_itd=0_az=5,7.0,4.3262984234910393e-17,5.237852331198798e-09,4.872135576902738e-09,33.71014147668512,0.16424037959098217,22,11,hbo,True,S22_D11 hbo,mild_master_37,0.1551018546507228,
704,az_itd=15_az=0,7.0,4.3262984234910393e-17,4.00873965532867e-08,4.8770679905128875e-09,25.151078747793793,0.12266352108773405,22,11,hbo,True,S22_D11 hbo,mild_master_37,0.07428102850347254,
705,az_itd=5_az=0,7.0,4.3262984234910393e-17,6.730475992921991e-08,4.886602921314983e-09,23.338213923416557,0.11404458433644137,22,11,hbo,True,S22_D11 hbo,mild_master_37,0.03737062296231175,
706,constant,7.0,4.3262984234910393e-17,0.2740333586633765,5.860713272718469e-09,-1.1867568052766437,-0.006955241360173794,22,11,hbo,False,S22_D11 hbo,mild_master_37,,
714,Linear,7.0,2.4877223212704965e-17,0.0009248434786368564,4.475644314561667e-13,-5.481147252648467,-2.453166553859141e-06,22,12,hbo,True,S22_D12 hbo,mild_master_37,,
715,ShortHbO,7.0,2.4877223212704965e-17,1.5470746920308304e-08,0.0009904275845571135,28.849296433182012,28573.138982488614,22,12,hbo,True,S22_D12 hbo,mild_master_37,,
716,az_itd=0_az=15,7.0,2.4877223212704965e-17,2.1573897258875618e-08,3.7294156075920316e-09,27.500617446357914,0.10256123192286493,22,12,hbo,True,S22_D12 hbo,mild_master_37,0.05489650425054701,
717,az_itd=0_az=5,7.0,2.4877223212704965e-17,9.001635575268793e-09,3.6945545195475745e-09,31.18646899974414,0.11522010999173503,22,12,hbo,True,S22_D12 hbo,mild_master_37,0.1034612266322387,
718,az_itd=15_az=0,7.0,2.4877223212704965e-17,2.825477104431626e-08,3.698294783074321e-09,26.45219844682052,0.09782802751672298,22,12,hbo,True,S22_D12 hbo,mild_master_37,0.06956986406001958,
719,az_itd=5_az=0,7.0,2.4877223212704965e-17,1.987326985799661e-07,3.705525148718384e-09,19.952295356658187,0.07393373221875395,22,12,hbo,True,S22_D12 hbo,mild_master_37,0.03456960282333595,
720,constant,7.0,2.4877223212704965e-17,0.32946356004407473,4.444195849586623e-09,-1.0480139649122524,-0.004657579313171853,22,12,hbo,False,S22_D12 hbo,mild_master_37,,
728,Linear,7.0,6.270149576613922e-17,0.0014836904023303049,7.105482340290821e-13,-5.0476652120766525,-3.5866096024110973e-06,22,19,hbo,True,S22_D19 hbo,mild_master_37,,
729,ShortHbO,7.0,6.270149576613922e-17,6.0353540166935036e-05,0.0015723916416929783,8.530622911924713,13413.480165145034,22,19,hbo,True,S22_D19 hbo,mild_master_37,,
730,az_itd=0_az=15,7.0,6.270149576613922e-17,7.655969200392483e-09,5.920778077277889e-09,31.92087991527948,0.18899644600980683,22,19,hbo,True,S22_D19 hbo,mild_master_37,0.1606136275276457,
731,az_itd=0_az=5,7.0,6.270149576613922e-17,4.952022109963041e-09,5.865433007818885e-09,33.98294401611904,0.19932468153500585,22,19,hbo,True,S22_D19 hbo,mild_master_37,0.17226628207967698,
732,az_itd=15_az=0,7.0,6.270149576613922e-17,2.3239138572982245e-08,5.871371007930033e-09,27.20765140974539,0.1597462156810458,22,19,hbo,True,S22_D19 hbo,mild_master_37,0.21296141458400542,
733,az_itd=5_az=0,7.0,6.270149576613922e-17,1.8812241406023992e-06,5.882849854725473e-09,14.370386015439081,0.08453882328327476,22,19,hbo,True,S22_D19 hbo,mild_master_37,0.12922316068373954,
734,constant,7.0,6.270149576613922e-17,0.1553549081358618,7.055555112655146e-09,-1.5922546342867299,-0.011234240325590589,22,19,hbo,False,S22_D19 hbo,mild_master_37,,
742,Linear,7.0,4.663079823833736e-17,0.00037366419534309696,6.127608906542871e-13,-6.381910793824628,-3.910585342100187e-06,22,20,hbo,True,S22_D20 hbo,mild_master_37,,
743,ShortHbO,7.0,4.663079823833736e-17,2.515596512002787e-07,0.0013559953521490435,19.281115209371393,26145.10260815784,22,20,hbo,True,S22_D20 hbo,mild_master_37,,
744,az_itd=0_az=15,7.0,4.663079823833736e-17,2.866056620799421e-09,5.10594647097622e-09,36.758547706339364,0.18768717693939452,22,20,hbo,True,S22_D20 hbo,mild_master_37,0.11031476477222857,
745,az_itd=0_az=5,7.0,4.663079823833736e-17,2.022412683801563e-09,5.058218122032586e-09,38.64415384062674,0.19547055926727333,22,20,hbo,True,S22_D20 hbo,mild_master_37,0.16029165219042044,
746,az_itd=15_az=0,7.0,4.663079823833736e-17,8.295892200287582e-09,5.063338920400039e-09,31.554673404157956,0.15977200596778499,22,20,hbo,True,S22_D20 hbo,mild_master_37,0.1357317750577418,
747,az_itd=5_az=0,7.0,4.663079823833736e-17,1.1575912730511606e-07,5.073238020910322e-09,21.577832456695692,0.10946948002814136,22,20,hbo,True,S22_D20 hbo,mild_master_37,0.050536228485460535,
748,constant,7.0,4.663079823833736e-17,0.139150287369358,6.084552783103568e-09,-1.6684947796579324,-0.010152044555161445,22,20,hbo,False,S22_D20 hbo,mild_master_37,,
798,Linear,7.0,3.7503493155667984e-16,0.5922164298323205,1.7377627121824008e-12,-0.5611195081260746,-9.750925582996221e-07,23,9,hbo,False,S23_D9 hbo,mild_master_37,,
799,ShortHbO,7.0,3.7503493155667984e-16,5.5567180308837544e-06,0.003845542685240833,-12.24318215224577,-47081.67956963984,23,9,hbo,True,S23_D9 hbo,mild_master_37,,
800,az_itd=0_az=15,7.0,3.7503493155667984e-16,6.570655553429655e-05,1.4480237761563995e-08,8.4189054868978,0.12190775314241585,23,9,hbo,True,S23_D9 hbo,mild_master_37,-0.14620839148281967,
801,az_itd=0_az=5,7.0,3.7503493155667984e-16,0.0002910461631356577,1.4344882280538246e-08,6.648056248620721,0.09536558428086093,23,9,hbo,True,S23_D9 hbo,mild_master_37,-0.12166725877993648,
802,az_itd=15_az=0,7.0,3.7503493155667984e-16,0.19894702533128172,1.435940463761959e-08,1.4186730220120864,0.02037129997154615,23,9,hbo,False,S23_D9 hbo,mild_master_37,0.1479607591487441,
803,az_itd=5_az=0,7.0,3.7503493155667984e-16,0.3446301859591696,1.438747804767771e-08,1.0133525396205634,0.014579587418349312,23,9,hbo,False,S23_D9 hbo,mild_master_37,0.04904881568407564,
804,constant,7.0,3.7503493155667984e-16,0.5965319974306817,1.7255521865132362e-08,-0.5544498782868901,-0.009567321997899409,23,9,hbo,False,S23_D9 hbo,mild_master_37,,
756,Linear,7.0,1.6688547910693312e-16,0.3639584448037777,1.1592147239023687e-12,-0.970865643076264,-1.125441748384947e-06,23,10,hbo,False,S23_D10 hbo,mild_master_37,,
757,ShortHbO,7.0,1.6688547910693312e-16,0.0008411974628982313,0.002565258001495385,-5.570930070868125,-14290.87294006571,23,10,hbo,True,S23_D10 hbo,mild_master_37,,
758,az_itd=0_az=15,7.0,1.6688547910693312e-16,9.108072183800658e-06,9.659376795886838e-09,11.372895819451367,0.10985508598044695,23,10,hbo,True,S23_D10 hbo,mild_master_37,-0.00922024826766626,
759,az_itd=0_az=5,7.0,1.6688547910693312e-16,8.387109733092312e-06,9.569084798328159e-09,11.514081894930932,0.11017922602748907,23,10,hbo,True,S23_D10 hbo,mild_master_37,-0.051017380201733645,
760,az_itd=15_az=0,7.0,1.6688547910693312e-16,0.5261597452123734,9.5787722717884e-09,0.6669672955629762,0.006388727836928335,23,10,hbo,False,S23_D10 hbo,mild_master_37,0.12801024808704187,
761,az_itd=5_az=0,7.0,1.6688547910693312e-16,0.034122065984797306,9.597499287888688e-09,2.6257636480136863,0.025200764741975357,23,10,hbo,True,S23_D10 hbo,mild_master_37,0.12259702906535545,
762,constant,7.0,1.6688547910693312e-16,0.5821277611987326,1.1510694109415979e-08,-0.5768192213275943,-0.006639589613133451,23,10,hbo,False,S23_D10 hbo,mild_master_37,,
770,Linear,7.0,5.13935540516338e-17,0.00591057405672038,6.432931689261406e-13,-3.8984623971577577,-2.5078542294070125e-06,23,11,hbo,True,S23_D11 hbo,mild_master_37,,
771,ShortHbO,7.0,5.13935540516338e-17,0.31314558871197434,0.0014235610667019862,1.086751477974438,1547.057093225251,23,11,hbo,False,S23_D11 hbo,mild_master_37,,
772,az_itd=0_az=15,7.0,5.13935540516338e-17,4.0751516719185134e-08,5.360362477073758e-09,25.091530816575982,0.13449970028151378,23,11,hbo,True,S23_D11 hbo,mild_master_37,0.08706604645007848,
773,az_itd=0_az=5,7.0,5.13935540516338e-17,9.796005454780569e-08,5.310255948886591e-09,22.105523296969405,0.11738598659098291,23,11,hbo,True,S23_D11 hbo,mild_master_37,0.10245513724104442,
774,az_itd=15_az=0,7.0,5.13935540516338e-17,5.435623726388476e-08,5.315631903291437e-09,24.069714524491282,0.12794574242950313,23,11,hbo,True,S23_D11 hbo,mild_master_37,0.17871687973230022,
775,az_itd=5_az=0,7.0,5.13935540516338e-17,1.1742311525648812e-06,5.32602425018221e-09,15.400322694355285,0.08202249213076768,23,11,hbo,True,S23_D11 hbo,mild_master_37,0.16267965810078763,
776,constant,7.0,5.13935540516338e-17,0.21653790551764715,6.387730191399214e-09,-1.3582331048424134,-0.008676026610759778,23,11,hbo,False,S23_D11 hbo,mild_master_37,,
784,Linear,7.0,1.3532703468194974e-16,0.12685502951336897,1.0438711539672306e-12,-1.7321337742577476,-1.8081244817600495e-06,23,19,hbo,False,S23_D19 hbo,mild_master_37,,
785,ShortHbO,7.0,1.3532703468194974e-16,4.8410503907557625e-06,0.0023100110575115405,-12.496686944993336,-28867.485025194717,23,19,hbo,True,S23_D19 hbo,mild_master_37,,
786,az_itd=0_az=15,7.0,1.3532703468194974e-16,1.4199651669801188e-06,8.698254598236027e-09,14.976952853537673,0.13027334902584825,23,19,hbo,True,S23_D19 hbo,mild_master_37,0.008700870492055757,
787,az_itd=0_az=5,7.0,1.3532703468194974e-16,1.6776596457650525e-06,8.616946787230753e-09,14.614486519930566,0.12593225266494285,23,19,hbo,True,S23_D19 hbo,mild_master_37,0.019388949729726317,
788,az_itd=15_az=0,7.0,1.3532703468194974e-16,1.7594005450901975e-05,8.625670342833917e-09,10.300578244655647,0.08884939227896646,23,19,hbo,True,S23_D19 hbo,mild_master_37,0.17661093166480316,
789,az_itd=5_az=0,7.0,1.3532703468194974e-16,0.21220454587256868,8.6425339932896e-09,1.3727063588276116,0.011863661368972427,23,19,hbo,False,S23_D19 hbo,mild_master_37,0.05197526494657824,
790,constant,7.0,1.3532703468194974e-16,0.40677612798388924,1.036536311625718e-08,-0.8825263431796454,-0.009147706006719622,23,19,hbo,False,S23_D19 hbo,mild_master_37,,
840,Linear,7.0,1.5907668595895861e-16,0.6244758110042774,1.1317692269136176e-12,-0.511892111146297,-5.793437388952241e-07,24,9,hbo,False,S24_D9 hbo,mild_master_37,,
841,ShortHbO,7.0,1.5907668595895861e-16,0.00016710415391877386,0.0025045231097590194,-7.269419163937665,-18206.42829060697,24,9,hbo,True,S24_D9 hbo,mild_master_37,,
842,az_itd=0_az=15,7.0,1.5907668595895861e-16,0.000156940557522646,9.430681980941532e-09,7.342457762459893,0.06924438411625479,24,9,hbo,True,S24_D9 hbo,mild_master_37,-0.08014935247160486,
843,az_itd=0_az=5,7.0,1.5907668595895861e-16,5.344221982939413e-05,9.342527731201276e-09,8.692687321926444,0.08121167236375955,24,9,hbo,True,S24_D9 hbo,mild_master_37,-0.05971512052605232,
844,az_itd=15_az=0,7.0,1.5907668595895861e-16,0.4618546703630565,9.351985844631664e-09,-0.7783540253335594,-0.007279155827031522,24,9,hbo,False,S24_D9 hbo,mild_master_37,0.1081150809075786,
845,az_itd=5_az=0,7.0,1.5907668595895861e-16,0.000624167081510166,9.37026948104276e-09,5.8601074926951995,0.05491078639443184,24,9,hbo,True,S24_D9 hbo,mild_master_37,0.1344124853168463,
846,constant,7.0,1.5907668595895861e-16,0.5298612144547349,1.1238167618849234e-08,-0.660830089108027,-0.007426519308975083,24,9,hbo,False,S24_D9 hbo,mild_master_37,,
812,Linear,7.0,1.7405381500198124e-16,0.7475169157054498,1.1838492060157078e-12,-0.33489350232907167,-3.9646340683209103e-07,24,10,hbo,False,S24_D10 hbo,mild_master_37,,
813,ShortHbO,7.0,1.7405381500198124e-16,2.037152350700367e-05,0.0026197723214491575,-10.074545626989163,-26393.015784762858,24,10,hbo,True,S24_D10 hbo,mild_master_37,,
814,az_itd=0_az=15,7.0,1.7405381500198124e-16,5.6784998997102324e-05,9.864648295633866e-09,8.611516043483077,0.08494957706116901,24,10,hbo,True,S24_D10 hbo,mild_master_37,-0.07358548046226247,
815,az_itd=0_az=5,7.0,1.7405381500198124e-16,8.654818525684095e-05,9.772437502054939e-09,8.065113413039233,0.0788158167759109,24,10,hbo,True,S24_D10 hbo,mild_master_37,-0.07665891735962552,
816,az_itd=15_az=0,7.0,1.7405381500198124e-16,0.07477268483012191,9.782330844097383e-09,-2.0917851202753868,-0.02046253410129387,24,10,hbo,False,S24_D10 hbo,mild_master_37,0.08990816022252753,
817,az_itd=5_az=0,7.0,1.7405381500198124e-16,0.5454933365332462,9.801455828178622e-09,-0.6352001255254505,-0.006225885972391219,24,10,hbo,False,S24_D10 hbo,mild_master_37,0.06495161015893548,
818,constant,7.0,1.7405381500198124e-16,0.6270625072963695,1.1755307969388316e-08,-0.5080049705909243,-0.00597175487927637,24,10,hbo,False,S24_D10 hbo,mild_master_37,,
826,Linear,7.0,3.822176791476657e-16,0.431025899076241,1.7543247859955944e-12,-0.8355012323275994,-1.4657405206021712e-06,24,19,hbo,False,S24_D19 hbo,mild_master_37,,
827,ShortHbO,7.0,3.822176791476657e-16,4.500053523862343e-07,0.0038821933518469534,-17.717115049865146,-68781.26626049409,24,19,hbo,True,S24_D19 hbo,mild_master_37,,
828,az_itd=0_az=15,7.0,3.822176791476657e-16,2.7555836691208477e-05,1.4618244386380125e-08,9.622513256994909,0.14066425040193414,24,19,hbo,True,S24_D19 hbo,mild_master_37,-0.1603262701225842,
829,az_itd=0_az=5,7.0,3.822176791476657e-16,0.00012084361758889162,1.4481598874527926e-08,7.653033466933068,0.11082816084146248,24,19,hbo,True,S24_D19 hbo,mild_master_37,-0.12271267359495217,
830,az_itd=15_az=0,7.0,3.822176791476657e-16,0.0631091067406096,1.4496259639660173e-08,2.2066435956632344,0.03198807849492755,24,19,hbo,False,S24_D19 hbo,mild_master_37,0.15750274798902184,
831,az_itd=5_az=0,7.0,3.822176791476657e-16,0.10521735832615521,1.4524600608623953e-08,1.8599618964490254,0.027015203693180872,24,19,hbo,False,S24_D19 hbo,mild_master_37,0.048479947976442325,
832,constant,7.0,3.822176791476657e-16,0.5629142626069616,1.7419978856188747e-08,-0.6071580307281162,-0.010576680057648983,24,19,hbo,False,S24_D19 hbo,mild_master_37,,
595,Linear,7.0,2.694664133094337e-17,0.4283839846464601,4.658079910607551e-13,0.8405306843565146,3.9152590950502973e-07,1,7,hbr,False,S1_D7 hbr,mild_master_37,,
596,ShortHbO,7.0,2.694664133094337e-17,0.0187057267700615,0.001030799257109618,-3.0453355778744506,-3139.129651322473,1,7,hbr,True,S1_D7 hbr,mild_master_37,,
597,az_itd=0_az=15,7.0,2.694664133094337e-17,0.2597745777558233,3.881433532041533e-09,-1.226180824825023,-0.004759339369822189,1,7,hbr,False,S1_D7 hbr,mild_master_37,,-0.038593948024203004
598,az_itd=0_az=5,7.0,2.694664133094337e-17,0.004686941389396842,3.845151441135989e-09,-4.080464170215961,-0.015690002684609673,1,7,hbr,True,S1_D7 hbr,mild_master_37,,-0.03858011109694243
599,az_itd=15_az=0,7.0,2.694664133094337e-17,8.874101261591488e-07,3.849044164768569e-09,-16.045082533359523,-0.06175823129825757,1,7,hbr,True,S1_D7 hbr,mild_master_37,,-0.026376762201335092
600,az_itd=5_az=0,7.0,2.694664133094337e-17,7.760312323821265e-05,3.856569253579442e-09,-8.203693756719387,-0.03163811310794562,1,7,hbr,True,S1_D7 hbr,mild_master_37,,-0.04389405591459226
601,constant,7.0,2.694664133094337e-17,0.40252742319978946,4.625349547642136e-09,0.8909735575507023,0.004121064141378246,1,7,hbr,False,S1_D7 hbr,mild_master_37,,
861,Linear,7.0,6.471061661550603e-16,0.5499439838078819,2.2826660671213827e-12,-0.6279853762541728,-1.4334809090238546e-06,2,6,hbr,False,S2_D6 hbr,mild_master_37,,
862,ShortHbO,7.0,6.471061661550603e-16,0.13550044499024652,0.0050513742386853085,-1.6868123618268258,-8520.72051002795,2,6,hbr,False,S2_D6 hbr,mild_master_37,,
863,az_itd=0_az=15,7.0,6.471061661550603e-16,6.186152168454909e-06,1.9020748431562858e-08,-12.049172779862607,-0.22918428425420156,2,6,hbr,True,S2_D6 hbr,mild_master_37,,-0.364187412542937
864,az_itd=0_az=5,7.0,6.471061661550603e-16,0.004027910119731286,1.884295006969771e-08,-4.201526834532414,-0.07916916035958935,2,6,hbr,True,S2_D6 hbr,mild_master_37,,-0.21050079076044426
865,az_itd=15_az=0,7.0,6.471061661550603e-16,0.7141725916693138,1.8862026144636946e-08,0.3814657154668491,0.007195216298418346,2,6,hbr,False,S2_D6 hbr,mild_master_37,,-0.09049963175483723
866,az_itd=5_az=0,7.0,6.471061661550603e-16,0.0031134950506953875,1.8898902422438748e-08,4.411409877009919,0.08337080481099299,2,6,hbr,True,S2_D6 hbr,mild_master_37,,0.04983438573315251
867,constant,7.0,6.471061661550603e-16,0.3061032753195743,2.2666267353925344e-08,1.1039724034451692,0.02502293364784374,2,6,hbr,False,S2_D6 hbr,mild_master_37,,
875,Linear,7.0,6.953051760126643e-17,0.09683982349390861,7.482424528088314e-13,1.9164111471226168,1.433940177313213e-06,3,5,hbr,False,S3_D5 hbr,mild_master_37,,
876,ShortHbO,7.0,6.953051760126643e-17,1.2967450000509657e-05,0.0016558062104877528,-10.78564616564203,-17858.93990519349,3,5,hbr,True,S3_D5 hbr,mild_master_37,,
877,az_itd=0_az=15,7.0,6.953051760126643e-17,5.316979814533399e-06,6.23487231254992e-09,-12.323749761797615,-0.07683700617662562,3,5,hbr,True,S3_D5 hbr,mild_master_37,,-0.12912704530863278
878,az_itd=0_az=5,7.0,6.953051760126643e-17,0.0002856451598074816,6.17659121558897e-09,-6.668339213970101,-0.041187605411575186,3,5,hbr,True,S3_D5 hbr,mild_master_37,,-0.0421244261517025
879,az_itd=15_az=0,7.0,6.953051760126643e-17,0.00015965557200774814,6.18284422355544e-09,-7.322436148330047,-0.04527348204205598,3,5,hbr,True,S3_D5 hbr,mild_master_37,,0.03416188431762359
880,az_itd=5_az=0,7.0,6.953051760126643e-17,0.0004181200697833843,6.194932017276261e-09,-6.264807079914571,-0.03881005396142178,3,5,hbr,True,S3_D5 hbr,mild_master_37,,-0.05227350597221049
881,constant,7.0,6.953051760126643e-17,0.9301654830818353,7.4298486866760724e-09,-0.09083871523424465,-0.0006749179090824943,3,5,hbr,False,S3_D5 hbr,mild_master_37,,
889,Linear,7.0,2.6078934092286338e-17,0.37150363574276457,4.582468963221179e-13,0.954750598615904,4.3751149857742213e-07,5,1,hbr,False,S5_D1 hbr,mild_master_37,,
890,ShortHbO,7.0,2.6078934092286338e-17,6.615005052018032e-05,0.001014067103541849,-8.410114824768014,-8528.420780806866,5,1,hbr,True,S5_D1 hbr,mild_master_37,,
891,az_itd=0_az=15,7.0,2.6078934092286338e-17,0.004847645051026152,3.8184292744489205e-09,-4.053767471517791,-0.015479024385052314,5,1,hbr,True,S5_D1 hbr,mild_master_37,,-0.06397080351550145
892,az_itd=0_az=5,7.0,2.6078934092286338e-17,0.0011387851615291393,3.7827361221874475e-09,-5.287452358155759,-0.02000103702954099,5,1,hbr,True,S5_D1 hbr,mild_master_37,,-0.022987275904408907
893,az_itd=15_az=0,7.0,2.6078934092286338e-17,4.790291685486422e-07,3.786565658299113e-09,-17.556495834989605,-0.06647882420884305,5,1,hbr,True,S5_D1 hbr,mild_master_37,,-0.0789078839464768
894,az_itd=5_az=0,7.0,2.6078934092286338e-17,0.036676435681161905,3.793968598262162e-09,2.5761709181064583,0.009773911567052106,5,1,hbr,True,S5_D1 hbr,mild_master_37,,-0.003136649378546903
895,constant,7.0,2.6078934092286338e-17,0.5381674697404266,4.550269886493787e-09,0.647154301348413,0.0029447267293406095,5,1,hbr,False,S5_D1 hbr,mild_master_37,,
903,Linear,7.0,1.1709433164517727e-17,0.05435320609221018,3.0705950808300707e-13,2.307918660420876,7.086683685644269e-07,5,3,hbr,False,S5_D3 hbr,mild_master_37,,
904,ShortHbO,7.0,1.1709433164517727e-17,2.8849313133659048e-09,0.0006795003926395185,-36.72393615900161,-24953.929039310206,5,3,hbr,True,S5_D3 hbr,mild_master_37,,
905,az_itd=0_az=15,7.0,1.1709433164517727e-17,0.0012149841128371462,2.5586316548401845e-09,-5.228092390934641,-0.013376762685874479,5,3,hbr,True,S5_D3 hbr,mild_master_37,,-0.020632629224076195
906,az_itd=0_az=5,7.0,1.1709433164517727e-17,1.598860647731975e-05,2.534714587723519e-09,-10.450547656703549,-0.02648915559514632,5,3,hbr,True,S5_D3 hbr,mild_master_37,,-0.020182773416974772
907,az_itd=15_az=0,7.0,1.1709433164517727e-17,3.370467312892372e-06,2.537280661785497e-09,-13.18573994844941,-0.03345592298253318,5,3,hbr,True,S5_D3 hbr,mild_master_37,,-0.04684966466201622
908,az_itd=5_az=0,7.0,1.1709433164517727e-17,0.0013602277744878318,2.5422411822421893e-09,-5.125627968771276,-0.013030582507062722,5,3,hbr,True,S5_D3 hbr,mild_master_37,,-0.010870116160537556
909,constant,7.0,1.1709433164517727e-17,0.42013923712761614,3.0490193042345424e-09,-0.8563702761097408,-0.002611089503431265,5,3,hbr,False,S5_D3 hbr,mild_master_37,,
917,Linear,7.0,1.2540630157492537e-16,0.29934771170486196,1.0048802110511744e-12,-1.1207970685430269,-1.1262667947830542e-06,6,2,hbr,False,S6_D2 hbr,mild_master_37,,
918,ShortHbO,7.0,1.2540630157492537e-16,3.258609826716464e-07,0.002223726932371592,-18.569390069336226,-41293.25281489655,6,2,hbr,True,S6_D2 hbr,mild_master_37,,
919,az_itd=0_az=15,7.0,1.2540630157492537e-16,0.004511429548574521,8.373355162879283e-09,4.110790526964075,0.03442110908246988,6,2,hbr,True,S6_D2 hbr,mild_master_37,,0.016500099109685386
920,az_itd=0_az=5,7.0,1.2540630157492537e-16,0.018103119716234784,8.295084382072122e-09,3.068599526868333,0.02545429201015941,6,2,hbr,True,S6_D2 hbr,mild_master_37,,0.014237465805883951
921,az_itd=15_az=0,7.0,1.2540630157492537e-16,0.00011933524994988096,8.303482093190307e-09,-7.668221459817899,-0.06367293957821556,6,2,hbr,True,S6_D2 hbr,mild_master_37,,-0.07167900760001993
922,az_itd=5_az=0,7.0,1.2540630157492537e-16,0.01501998238388103,8.31971584825155e-09,3.2021934252175983,0.026641339388949765,6,2,hbr,True,S6_D2 hbr,mild_master_37,,-0.09520938849739632
923,constant,7.0,1.2540630157492537e-16,0.5322012162916361,9.97819341620925e-09,0.6569640408717591,0.00655531426731281,6,2,hbr,False,S6_D2 hbr,mild_master_37,,
931,Linear,7.0,5.035743967631121e-18,0.14569410783122516,2.0136613501852308e-13,1.6367559143503057,3.295872124414298e-07,7,7,hbr,False,S7_D7 hbr,mild_master_37,,
932,ShortHbO,7.0,5.035743967631121e-18,0.058180231404954146,0.00044560863353041027,2.261759290315719,1007.8594667322981,7,7,hbr,False,S7_D7 hbr,mild_master_37,,
933,az_itd=0_az=15,7.0,5.035743967631121e-18,0.0013072719413496539,1.6779215549708246e-09,-5.161513108512551,-0.008660614101037674,7,7,hbr,True,S7_D7 hbr,mild_master_37,,-0.01602852494325995
934,az_itd=0_az=5,7.0,5.035743967631121e-18,0.0025143852262401543,1.6622370142238904e-09,-4.589794762920228,-0.007629326742616968,7,7,hbr,True,S7_D7 hbr,mild_master_37,,0.0017988464758542985
935,az_itd=15_az=0,7.0,5.035743967631121e-18,6.358830743558949e-06,1.6639198164248634e-09,-11.999853673583583,-0.019966794321674416,7,7,hbr,True,S7_D7 hbr,mild_master_37,,-0.013077181309674002
936,az_itd=5_az=0,7.0,5.035743967631121e-18,6.773297195212259e-06,1.6671728693535305e-09,-11.887438074373481,-0.019818414243715644,7,7,hbr,True,S7_D7 hbr,mild_master_37,,-0.013260982494006352
937,constant,7.0,5.035743967631121e-18,0.5998930670309237,1.999512201148328e-09,0.5492740623024343,0.001098280189348024,7,7,hbr,False,S7_D7 hbr,mild_master_37,,
945,Linear,7.0,5.4494233049822765e-18,0.9477481837860623,2.0947388439762116e-13,0.06792063187073506,1.4227598588703738e-08,7,8,hbr,False,S7_D8 hbr,mild_master_37,,
946,ShortHbO,7.0,5.4494233049822765e-18,0.005815534449572924,0.0004635504941193052,3.9110551940847724,1812.9715677458717,7,8,hbr,True,S7_D8 hbr,mild_master_37,,
947,az_itd=0_az=15,7.0,5.4494233049822765e-18,0.9206895950853098,1.7454809161525776e-09,0.10321176095834868,0.0001801541590752993,7,8,hbr,False,S7_D8 hbr,mild_master_37,,-0.0003957171716448643
948,az_itd=0_az=5,7.0,5.4494233049822765e-18,1.4490464298195141e-05,1.7291648574719514e-09,10.606786042988851,0.0183408816762603,7,8,hbr,True,S7_D8 hbr,mild_master_37,,0.027403376279381914
949,az_itd=15_az=0,7.0,5.4494233049822765e-18,0.04163069556754284,1.730915415547063e-09,-2.4894398543442557,-0.004309009819961708,7,8,hbr,True,S7_D8 hbr,mild_master_37,,0.016517070663820577
950,az_itd=5_az=0,7.0,5.4494233049822765e-18,2.3130149441749222e-05,1.7342994484831684e-09,-9.88227256809888,-0.01713881986461423,7,8,hbr,True,S7_D8 hbr,mild_master_37,,-0.00043849514228411684
951,constant,7.0,5.4494233049822765e-18,0.9906752346094251,2.080019997585242e-09,-0.012110692165751957,-2.519048188936299e-05,7,8,hbr,False,S7_D8 hbr,mild_master_37,,
959,Linear,7.0,3.394112722321155e-15,0.16159023966990055,5.2277853167675e-12,1.5648783033731744,8.180847816902318e-06,8,18,hbr,False,S8_D18 hbr,mild_master_37,,
960,ShortHbO,7.0,3.394112722321155e-15,1.6693035104491668e-05,0.011568709262760697,-10.382730571386233,-120114.79133394458,8,18,hbr,True,S8_D18 hbr,mild_master_37,,
961,az_itd=0_az=15,7.0,3.394112722321155e-15,0.003523425731200765,4.356151379156816e-08,4.309925502263864,0.18774687920749863,8,18,hbr,True,S8_D18 hbr,mild_master_37,,0.5185690460274802
962,az_itd=0_az=5,7.0,3.394112722321155e-15,0.0289554974116121,4.315431815358503e-08,-2.7391063790308183,-0.11820426813721022,8,18,hbr,True,S8_D18 hbr,mild_master_37,,-0.13723919541386617
963,az_itd=15_az=0,7.0,3.394112722321155e-15,1.2385799115297918e-05,4.319800637671381e-08,-10.860350064024432,-0.4691454713190717,8,18,hbr,True,S8_D18 hbr,mild_master_37,,-0.7177983715589947
964,az_itd=5_az=0,7.0,3.394112722321155e-15,0.020122211808300487,4.3282460807611985e-08,2.993646477682707,0.12957238634214743,8,18,hbr,True,S8_D18 hbr,mild_master_37,,-0.23226705540921605
965,constant,7.0,3.394112722321155e-15,0.3083026982655041,5.1910518741888504e-08,-1.0985599081373791,-0.05702681470045273,8,18,hbr,False,S8_D18 hbr,mild_master_37,,
1015,Linear,7.0,3.8093329618400635e-18,0.5011514071139604,1.7513747380507072e-13,0.7091666246491277,1.2420165114791701e-07,9,5,hbr,False,S9_D5 hbr,mild_master_37,,
1016,ShortHbO,7.0,3.8093329618400635e-18,4.1414392347444525e-07,0.00038756651099782326,-17.932715233774463,-6950.119875871484,9,5,hbr,True,S9_D5 hbr,mild_master_37,,
1017,az_itd=0_az=15,7.0,3.8093329618400635e-18,1.994642756337041e-05,1.4593662551731172e-09,-10.106790622499489,-0.014749509182575856,9,5,hbr,True,S9_D5 hbr,mild_master_37,,-0.017614006639167987
1018,az_itd=0_az=5,7.0,3.8093329618400635e-18,0.06500711238531844,1.4457246821054406e-09,-2.18656997948367,-0.003161178188490329,9,5,hbr,False,S9_D5 hbr,mild_master_37,,-0.014198708002871523
1019,az_itd=15_az=0,7.0,3.8093329618400635e-18,0.24077647886955278,1.4471882932849715e-09,-1.2816674361685252,-0.0018548141095076531,9,5,hbr,False,S9_D5 hbr,mild_master_37,,-0.015940165745434606
1020,az_itd=5_az=0,7.0,3.8093329618400635e-18,0.002394508734573597,1.4500176244037744e-09,-4.6311249466373186,-0.006715212793440102,9,5,hbr,True,S9_D5 hbr,mild_master_37,,-0.002601301271080382
1021,constant,7.0,3.8093329618400635e-18,0.758755068836411,1.7390685664166998e-09,0.3193847800007732,0.0005554320314912578,9,5,hbr,False,S9_D5 hbr,mild_master_37,,
1029,Linear,7.0,2.2649554250423174e-18,0.11821046436539115,1.3504684529934227e-13,1.7804886801521869,2.404493793457425e-07,9,6,hbr,False,S9_D6 hbr,mild_master_37,,
1030,ShortHbO,7.0,2.2649554250423174e-18,0.00013407385898849079,0.000298848861507408,-7.528339122767176,-2249.8355758806492,9,6,hbr,True,S9_D6 hbr,mild_master_37,,
1031,az_itd=0_az=15,7.0,2.2649554250423174e-18,8.087426909820035e-05,1.125303480834713e-09,-8.151015098342045,-0.009172365662500605,9,6,hbr,True,S9_D6 hbr,mild_master_37,,-0.007955854871776653
1032,az_itd=0_az=5,7.0,2.2649554250423174e-18,1.8160660455013012e-05,1.114784593199274e-09,-10.251317899880153,-0.01142801125477433,9,6,hbr,True,S9_D6 hbr,mild_master_37,,-0.012437373501537051
1033,az_itd=15_az=0,7.0,2.2649554250423174e-18,0.001424356487209937,1.115913169901028e-09,-5.084195068805187,-0.005673520235625572,9,6,hbr,True,S9_D6 hbr,mild_master_37,,-0.004337646907708448
1034,az_itd=5_az=0,7.0,2.2649554250423174e-18,5.436002261738215e-06,1.1180948402974325e-09,-12.28324548606992,-0.013733833400081503,9,6,hbr,True,S9_D6 hbr,mild_master_37,,-0.022251483085704165
1035,constant,7.0,2.2649554250423174e-18,0.568796340565161,1.3409792807404608e-09,0.5978066859906471,0.0008016463798015764,9,6,hbr,False,S9_D6 hbr,mild_master_37,,
1043,Linear,7.0,5.093125752535951e-18,0.00016046115651730485,2.0251015844807895e-13,7.316569172089212,1.4816795823361162e-06,9,7,hbr,True,S9_D7 hbr,mild_master_37,,
1044,ShortHbO,7.0,5.093125752535951e-18,2.3640492178486776e-05,0.000448140274300713,-9.849559740682228,-4413.9844039305935,9,7,hbr,True,S9_D7 hbr,mild_master_37,,
1045,az_itd=0_az=15,7.0,5.093125752535951e-18,1.0833735773285377e-09,1.6874543474220823e-09,-42.2628564790183,-0.07131664089999494,9,7,hbr,True,S9_D7 hbr,mild_master_37,,-0.07855647413072606
1046,az_itd=0_az=5,7.0,5.093125752535951e-18,3.807715033367652e-09,1.671680697937501e-09,-35.2897149898805,-0.058993135384298935,9,7,hbr,True,S9_D7 hbr,mild_master_37,,-0.055024830197104024
1047,az_itd=15_az=0,7.0,5.093125752535951e-18,9.294984834919506e-09,1.673373060659388e-09,-31.0430095361788,-0.05194653587963409,9,7,hbr,True,S9_D7 hbr,mild_master_37,,-0.05462944520518149
1048,az_itd=5_az=0,7.0,5.093125752535951e-18,2.9180764054536444e-09,1.6766445951900764e-09,-36.663777597643374,-0.06147212454833977,9,7,hbr,True,S9_D7 hbr,mild_master_37,,-0.0551912491755989
1049,constant,7.0,5.093125752535951e-18,0.12632182524298738,2.0108720497424626e-09,1.7350240539773776,0.0034889113757739666,9,7,hbr,False,S9_D7 hbr,mild_master_37,,
973,Linear,7.0,5.517947823377059e-18,0.8727510479016322,2.107867989351756e-13,-0.16613026014616253,-3.5018065742477576e-08,9,15,hbr,False,S9_D15 hbr,mild_master_37,,
974,ShortHbO,7.0,5.517947823377059e-18,3.097919022873009e-05,0.0004664558786466887,-9.45212992633147,-4409.001569869606,9,15,hbr,True,S9_D15 hbr,mild_master_37,,
975,az_itd=0_az=15,7.0,5.517947823377059e-18,0.03714900239828062,1.7564210258298798e-09,2.5673900649112413,0.004509417891516845,9,15,hbr,True,S9_D15 hbr,mild_master_37,,-0.019581693162287188
976,az_itd=0_az=5,7.0,5.517947823377059e-18,0.104064782643716,1.7400027033720818e-09,-1.8674634168643103,-0.0032493913937923654,9,15,hbr,False,S9_D15 hbr,mild_master_37,,-0.011564714211676244
977,az_itd=15_az=0,7.0,5.517947823377059e-18,0.043441255780677854,1.7417642333788604e-09,2.460377832567319,0.004285398109363959,9,15,hbr,True,S9_D15 hbr,mild_master_37,,0.0003946649179527369
978,az_itd=5_az=0,7.0,5.517947823377059e-18,0.4475246724206148,1.7451694763385932e-09,0.8045755108507432,0.0014041206229462476,9,15,hbr,False,S9_D15 hbr,mild_master_37,,0.0006667816806427626
979,constant,7.0,5.517947823377059e-18,0.8660040573310164,2.0930568899935093e-09,-0.17503942747883047,-0.0003663674797050853,9,15,hbr,False,S9_D15 hbr,mild_master_37,,
987,Linear,7.0,2.256044470367385e-18,0.03810717795573017,1.3478092786430993e-13,2.5499358380735293,3.4368271825000705e-07,9,16,hbr,True,S9_D16 hbr,mild_master_37,,
988,ShortHbO,7.0,2.256044470367385e-18,6.6118349919402366e-06,0.00029826040553468066,-11.930276940047875,-3558.329238279728,9,16,hbr,True,S9_D16 hbr,mild_master_37,,
989,az_itd=0_az=15,7.0,2.256044470367385e-18,3.067861441713111e-06,1.1230876733155277e-09,-13.370452341624077,-0.015016190211530734,9,16,hbr,True,S9_D16 hbr,mild_master_37,,-0.02549009416853657
990,az_itd=0_az=5,7.0,2.256044470367385e-18,1.3658078442421745e-05,1.1125894981640658e-09,-10.701737153040403,-0.01190664036858496,9,16,hbr,True,S9_D16 hbr,mild_master_37,,-0.02677458911989371
991,az_itd=15_az=0,7.0,2.256044470367385e-18,1.3151710740906955e-05,1.1137158526130816e-09,-10.762771497455333,-0.011986669234768238,9,16,hbr,True,S9_D16 hbr,mild_master_37,,-0.009371808767405183
992,az_itd=5_az=0,7.0,2.256044470367385e-18,2.851254929550621e-07,1.1158932271357497e-09,-18.933425749127,-0.02112768155992843,9,16,hbr,True,S9_D16 hbr,mild_master_37,,-0.02343615046047793
993,constant,7.0,2.256044470367385e-18,0.4544069434310125,1.3383387912867782e-09,0.791910840018543,0.0010598449964373138,9,16,hbr,False,S9_D16 hbr,mild_master_37,,
1001,Linear,7.0,9.664570689127864e-18,0.08714926144231844,2.7896254550647765e-13,1.9879891754744614,5.545745208296794e-07,9,17,hbr,False,S9_D17 hbr,mild_master_37,,
1002,ShortHbO,7.0,9.664570689127864e-18,6.685560637594854e-06,0.0006173238548670146,-11.9105703302677,-7352.679189945547,9,17,hbr,True,S9_D17 hbr,mild_master_37,,
1003,az_itd=0_az=15,7.0,9.664570689127864e-18,1.3700020148376753e-06,2.324508379185961e-09,-15.055908606931673,-0.0349975857130707,9,17,hbr,True,S9_D17 hbr,mild_master_37,,-0.023003835068787816
1004,az_itd=0_az=5,7.0,9.664570689127864e-18,5.9024313570233814e-05,2.302779802970986e-09,-8.560106333871683,-0.019712039976923723,9,17,hbr,True,S9_D17 hbr,mild_master_37,,-0.009440359436047723
1005,az_itd=15_az=0,7.0,9.664570689127864e-18,4.706415137985396e-05,2.3051110727523927e-09,-8.864831977944016,-0.020434422350448248,9,17,hbr,True,S9_D17 hbr,mild_master_37,,-0.012776617040847694
1006,az_itd=5_az=0,7.0,9.664570689127864e-18,0.00012799182337032436,2.3096176891482666e-09,-7.58385359668565,-0.017515802418815882,9,17,hbr,True,S9_D17 hbr,mild_master_37,,-0.03304412491521207
1007,constant,7.0,9.664570689127864e-18,0.6229358600317201,2.7700239335292817e-09,0.5142103110679072,0.0014243748685256396,9,17,hbr,False,S9_D17 hbr,mild_master_37,,
63,Linear,7.0,1.0369133287645032e-18,0.04863747105716205,9.137467438010029e-14,2.3834127467827493,2.1778356365065412e-07,10,5,hbr,True,S10_D5 hbr,mild_master_37,,
64,ShortHbO,7.0,1.0369133287645032e-18,0.0005009092848556742,0.00020220551874850862,-6.079916633902716,-1229.3926969059848,10,5,hbr,True,S10_D5 hbr,mild_master_37,,
65,az_itd=0_az=15,7.0,1.0369133287645032e-18,9.24393342679803e-06,7.613968242808417e-10,-11.347713595035602,-0.00864011309410864,10,5,hbr,True,S10_D5 hbr,mild_master_37,,0.006021788616861672
66,az_itd=0_az=5,7.0,1.0369133287645032e-18,3.6294837440916465e-06,7.542795907727312e-10,-13.042035392377747,-0.009837341118606164,10,5,hbr,True,S10_D5 hbr,mild_master_37,,-0.011852774556664844
67,az_itd=15_az=0,7.0,1.0369133287645032e-18,4.085964434429421e-07,7.550432023062489e-10,-17.967963232849574,-0.013566588498251684,10,5,hbr,True,S10_D5 hbr,mild_master_37,,-0.013595435427384445
68,az_itd=5_az=0,7.0,1.0369133287645032e-18,0.005226866035808734,7.565193524646201e-10,-3.9944281505786283,-0.0030218621979421945,10,5,hbr,True,S10_D5 hbr,mild_master_37,,-0.008409836549203992
69,constant,7.0,1.0369133287645032e-18,0.5912467735483512,9.073262308091656e-10,0.5626218467499242,0.0005104815595825008,10,5,hbr,False,S10_D5 hbr,mild_master_37,,
77,Linear,7.0,7.534970746501425e-18,0.799589398075577,2.4631757432280006e-13,0.2637215875410563,6.495926173967095e-08,10,6,hbr,False,S10_D6 hbr,mild_master_37,,
78,ShortHbO,7.0,7.534970746501425e-18,0.00010942077101800025,0.0005450829043245608,-7.773772083071159,-4237.350264597618,10,6,hbr,True,S10_D6 hbr,mild_master_37,,
79,az_itd=0_az=15,7.0,7.534970746501425e-18,0.1608464175041341,2.052487958247478e-09,-1.5680922247198137,-0.0032184904086589154,10,6,hbr,False,S10_D6 hbr,mild_master_37,,-0.004493419449565895
80,az_itd=0_az=5,7.0,7.534970746501425e-18,0.00046416835408951654,2.0333021203170004e-09,-6.157388909427637,-0.012519831925155598,10,6,hbr,True,S10_D6 hbr,mild_master_37,,-0.03293741668612943
81,az_itd=15_az=0,7.0,7.534970746501425e-18,0.4947628560921452,2.0353605784394183e-09,0.7201633196016615,0.0014657920307552892,10,6,hbr,False,S10_D6 hbr,mild_master_37,,-0.008792846228334565
82,az_itd=5_az=0,7.0,7.534970746501425e-18,0.4643610038843716,2.0393398180789894e-09,-0.7738255789343617,-0.00157809331536887,10,6,hbr,False,S10_D6 hbr,mild_master_37,,-0.01571793017029566
83,constant,7.0,7.534970746501425e-18,0.8394074424547034,2.4458680461359293e-09,0.21032187037505992,0.000514419542153902,10,6,hbr,False,S10_D6 hbr,mild_master_37,,
7,Linear,7.0,1.805603213609458e-18,0.34652738893381857,1.2057736067009018e-13,1.009101484783279,1.2167479368343698e-07,10,14,hbr,False,S10_D14 hbr,mild_master_37,,
8,ShortHbO,7.0,1.805603213609458e-18,0.00019654990303236863,0.00026682894280093236,-7.083175850490558,-1889.9963238594905,10,14,hbr,True,S10_D14 hbr,mild_master_37,,
9,az_itd=0_az=15,7.0,1.805603213609458e-18,1.0844895800183782e-05,1.0047337527296975e-09,-11.079254359462618,-0.011131700810029739,10,14,hbr,True,S10_D14 hbr,mild_master_37,,0.0015448589163081056
10,az_itd=0_az=5,7.0,1.805603213609458e-18,0.0693360604552561,9.953419027723357e-10,2.1429068054148135,0.002132924937165368,10,14,hbr,False,S10_D14 hbr,mild_master_37,,0.010945181666749071
11,az_itd=15_az=0,7.0,1.805603213609458e-18,0.06246157711068109,9.963495590393861e-10,-2.2136313651767314,-0.0022055506345695906,10,14,hbr,False,S10_D14 hbr,mild_master_37,,-0.005702720640137725
12,az_itd=5_az=0,7.0,1.805603213609458e-18,3.320909930069388e-05,9.982974761319137e-10,-9.352244364413373,-0.009336321945162785,10,14,hbr,True,S10_D14 hbr,mild_master_37,,-0.0006438784078730311
13,constant,7.0,1.805603213609458e-18,0.8576221312612786,1.1973011441071266e-09,0.18612962611867354,0.00022285321430411952,10,14,hbr,False,S10_D14 hbr,mild_master_37,,
21,Linear,7.0,1.2780230296981964e-18,0.26177729750737366,1.0144343667316002e-13,1.220534990196046,1.2381526398532857e-07,10,15,hbr,False,S10_D15 hbr,mild_master_37,,
22,ShortHbO,7.0,1.2780230296981964e-18,0.0018559399947808068,0.00022448695850668912,-4.850178549991795,-1088.8018309020415,10,15,hbr,True,S10_D15 hbr,mild_master_37,,
23,az_itd=0_az=15,7.0,1.2780230296981964e-18,2.1831495887570876e-05,8.452966979207082e-10,-9.969349034448982,-0.008427057819238724,10,15,hbr,True,S10_D15 hbr,mild_master_37,,0.006034325924690409
24,az_itd=0_az=5,7.0,1.2780230296981964e-18,0.0016593295812704874,8.373952018927744e-10,-4.948361508493901,-0.004143734184443684,10,15,hbr,True,S10_D15 hbr,mild_master_37,,0.00693626681398123
25,az_itd=15_az=0,7.0,1.2780230296981964e-18,0.483042433530096,8.382429573432733e-10,0.7405829006513661,0.0006207884007998607,10,15,hbr,False,S10_D15 hbr,mild_master_37,,-0.00047960738126569464
26,az_itd=5_az=0,7.0,1.2780230296981964e-18,0.0008127057620161385,8.398817675073227e-10,-5.603809130007846,-0.004706537116884662,10,15,hbr,True,S10_D15 hbr,mild_master_37,,0.001920923986876424
27,constant,7.0,1.2780230296981964e-18,0.7622698282346657,1.0073063642788933e-09,0.31455229044820554,0.0003168505240669803,10,15,hbr,False,S10_D15 hbr,mild_master_37,,
35,Linear,7.0,2.359558462301291e-18,0.008454932121498988,1.3783832435337007e-13,3.624900796720559,4.996502517671581e-07,10,16,hbr,True,S10_D16 hbr,mild_master_37,,
36,ShortHbO,7.0,2.359558462301291e-18,1.1684947473922832e-06,0.0003050262019359744,-15.411382469890452,-4700.875461373341,10,16,hbr,True,S10_D16 hbr,mild_master_37,,
37,az_itd=0_az=15,7.0,2.359558462301291e-18,7.261276437989104e-08,1.148564010091889e-09,-23.08360773990322,-0.026513001073131405,10,16,hbr,True,S10_D16 hbr,mild_master_37,,-0.03876611364233563
38,az_itd=0_az=5,7.0,2.359558462301291e-18,1.369167667452151e-06,1.1378276923162573e-09,-15.057254818632249,-0.017132561502902176,10,16,hbr,True,S10_D16 hbr,mild_master_37,,-0.02627029844059268
39,az_itd=15_az=0,7.0,2.359558462301291e-18,1.6961863963531997e-07,1.138979597206218e-09,-20.41600350060884,-0.023253411443684195,10,16,hbr,True,S10_D16 hbr,mild_master_37,,-0.02961676609499939
40,az_itd=5_az=0,7.0,2.359558462301291e-18,2.2468905001919757e-06,1.141206363711316e-09,-13.999367905217124,-0.015976167741369736,10,16,hbr,True,S10_D16 hbr,mild_master_37,,-0.03130457896659113
41,constant,7.0,2.359558462301291e-18,0.5114391495452231,1.3686979258208024e-09,0.6916476616983342,0.0009466567199653182,10,16,hbr,False,S10_D16 hbr,mild_master_37,,
49,Linear,7.0,2.2996200504192412e-18,0.023093561587610823,1.360763517253443e-13,2.89672504509324,3.941757760877215e-07,10,21,hbr,True,S10_D21 hbr,mild_master_37,,
50,ShortHbO,7.0,2.2996200504192412e-18,1.0780108555219258e-06,0.00030112708446510314,-15.594492403663706,-4695.92403122845,10,21,hbr,True,S10_D21 hbr,mild_master_37,,
51,az_itd=0_az=15,7.0,2.2996200504192412e-18,1.091572742015438e-07,1.133882038609638e-09,-21.762022267347053,-0.024675566172767813,10,21,hbr,True,S10_D21 hbr,mild_master_37,,-0.02119376936800451
52,az_itd=0_az=5,7.0,2.2996200504192412e-18,1.3207660240304474e-06,1.1232829620413064e-09,-15.136991071496405,-0.01700312416718329,10,21,hbr,True,S10_D21 hbr,mild_master_37,,-0.017098191800185573
53,az_itd=15_az=0,7.0,2.2996200504192412e-18,0.00032881078967351307,1.124420142253673e-09,-6.5170916351656345,-0.007327949103493166,10,21,hbr,True,S10_D21 hbr,mild_master_37,,-0.020028126179310705
54,az_itd=5_az=0,7.0,2.2996200504192412e-18,3.526181134661761e-06,1.1266184442395642e-09,-13.097905423922292,-0.01475634183149628,10,21,hbr,True,S10_D21 hbr,mild_master_37,,-0.009881877189969863
55,constant,7.0,2.2996200504192412e-18,0.6499389584968018,1.3512020059259162e-09,0.47398427388797976,0.0006404485016547771,10,21,hbr,False,S10_D21 hbr,mild_master_37,,
147,Linear,7.0,5.707795859466203e-18,0.013862602325773719,2.1438225256628252e-13,-3.260093430480274,-6.989061732029005e-07,11,3,hbr,True,S11_D3 hbr,mild_master_37,,
148,ShortHbO,7.0,5.707795859466203e-18,0.0015927138015506867,0.0004744123564294705,4.98458822571332,2364.7502459912494,11,3,hbr,True,S11_D3 hbr,mild_master_37,,
149,az_itd=0_az=15,7.0,5.707795859466203e-18,8.241988316139688e-06,1.7863808259073731e-09,11.54416887400057,0.02062228192755133,11,3,hbr,True,S11_D3 hbr,mild_master_37,,0.01461013875976582
150,az_itd=0_az=5,7.0,5.707795859466203e-18,3.072618327686385e-05,1.7696824512005925e-09,9.463975391810948,0.016748231169482083,11,3,hbr,True,S11_D3 hbr,mild_master_37,,0.019719487431174767
151,az_itd=15_az=0,7.0,5.707795859466203e-18,9.765222448732808e-08,1.7714740281528687e-09,22.11559104802925,0.039177195158833895,11,3,hbr,True,S11_D3 hbr,mild_master_37,,0.039228016910268386
152,az_itd=5_az=0,7.0,5.707795859466203e-18,3.390265996413787e-05,1.7749373553627832e-09,9.322719162043512,0.016547242494267454,11,3,hbr,True,S11_D3 hbr,mild_master_37,,0.03756957495439125
153,constant,7.0,5.707795859466203e-18,0.7601029503898709,2.12875878894191e-09,-0.31753057310238375,-0.000675945998249461,11,3,hbr,False,S11_D3 hbr,mild_master_37,,
161,Linear,7.0,8.324936991122504e-19,0.41331689667049,8.187382708269112e-14,-0.8696472020195163,-7.120134464109203e-08,11,4,hbr,False,S11_D4 hbr,mild_master_37,,
162,ShortHbO,7.0,8.324936991122504e-19,1.5228324681092007e-05,0.0001811808336335554,-10.527655492315123,-1907.409398304532,11,4,hbr,True,S11_D4 hbr,mild_master_37,,
163,az_itd=0_az=15,7.0,8.324936991122504e-19,0.04373676675273272,6.822292101765996e-10,2.4557530883327985,0.00167538648984203,11,4,hbr,True,S11_D4 hbr,mild_master_37,,0.0072129522941766465
164,az_itd=0_az=5,7.0,8.324936991122504e-19,0.0013511044555115685,6.758520039156371e-10,5.1316984295246515,0.0034682686670849637,11,4,hbr,True,S11_D4 hbr,mild_master_37,,0.010341147220227834
165,az_itd=15_az=0,7.0,8.324936991122504e-19,0.00013335217500538848,6.765362175566456e-10,7.5347762938640805,0.005097549053986286,11,4,hbr,True,S11_D4 hbr,mild_master_37,,0.0057178154249216614
166,az_itd=5_az=0,7.0,8.324936991122504e-19,0.0006186731372150565,6.778588823281974e-10,5.868830668189546,0.0039782389973124135,11,4,hbr,True,S11_D4 hbr,mild_master_37,,0.011568748246139291
167,constant,7.0,8.324936991122504e-19,0.7836227593684957,8.129853423044064e-10,-0.28536603487320406,-0.000231998403543443,11,4,hbr,False,S11_D4 hbr,mild_master_37,,
91,Linear,7.0,1.3416907849229438e-18,0.021137043517597532,1.0393955000838053e-13,2.958933093284655,3.0755017422091246e-07,11,11,hbr,True,S11_D11 hbr,mild_master_37,,
92,ShortHbO,7.0,1.3416907849229438e-18,4.734630359948609e-05,0.0002300106760490769,-8.856671112606492,-2037.1289101549492,11,11,hbr,True,S11_D11 hbr,mild_master_37,,
93,az_itd=0_az=15,7.0,1.3416907849229438e-18,2.572134194884579e-07,8.660960362425732e-10,-19.218969008721416,-0.016645472879122474,11,11,hbr,True,S11_D11 hbr,mild_master_37,,-0.009226771638368898
94,az_itd=0_az=5,7.0,1.3416907849229438e-18,1.5312393876138042e-07,8.580001163046229e-10,-20.72102161946423,-0.017778638959450914,11,11,hbr,True,S11_D11 hbr,mild_master_37,,-0.02719513004726779
95,az_itd=15_az=0,7.0,1.3416907849229438e-18,1.123010935646829e-05,8.588687315934159e-10,-11.021361276050188,-0.009465902579594015,11,11,hbr,True,S11_D11 hbr,mild_master_37,,-0.004128866616425265
96,az_itd=5_az=0,7.0,1.3416907849229438e-18,2.562327265801557e-05,8.605478662578817e-10,-9.729659132053564,-0.008372837405505209,11,11,hbr,True,S11_D11 hbr,mild_master_37,,-0.00863124655232197
97,constant,7.0,1.3416907849229438e-18,0.5160413295145971,1.032092106274504e-09,0.6838838362197724,0.0007058311089711528,11,11,hbr,False,S11_D11 hbr,mild_master_37,,
105,Linear,7.0,7.047146441967802e-19,0.032691654653241094,7.532883692483189e-14,2.6552499563705827,2.000168909581066e-07,11,12,hbr,True,S11_D12 hbr,mild_master_37,,
106,ShortHbO,7.0,7.047146441967802e-19,1.0299054106203568e-06,0.00016669724571324618,-15.699119576780962,-2616.9999935722894,11,12,hbr,True,S11_D12 hbr,mild_master_37,,
107,az_itd=0_az=15,7.0,7.047146441967802e-19,2.9130035973318926e-06,6.276918369388716e-10,-13.473184011567822,-0.008457007621636441,11,12,hbr,True,S11_D12 hbr,mild_master_37,,0.0006782541015473111
108,az_itd=0_az=5,7.0,7.047146441967802e-19,1.4452079160985043e-06,6.218244242676296e-10,-14.938256412500893,-0.009288972693265592,11,12,hbr,True,S11_D12 hbr,mild_master_37,,-0.009937056761574485
109,az_itd=15_az=0,7.0,7.047146441967802e-19,6.109193627131802e-05,6.224539419000865e-10,-8.514560201317439,-0.005299921560855634,11,12,hbr,True,S11_D12 hbr,mild_master_37,,-0.007233639072871361
110,az_itd=5_az=0,7.0,7.047146441967802e-19,2.0979951444168446e-06,6.236708729076209e-10,-14.141504662424602,-0.008819644557041543,11,12,hbr,True,S11_D12 hbr,mild_master_37,,-0.011540691291739397
111,constant,7.0,7.047146441967802e-19,0.592226230111089,7.479953295804126e-10,0.5611043311210969,0.0004197034190859219,11,12,hbr,False,S11_D12 hbr,mild_master_37,,
119,Linear,7.0,4.2785408440371924e-18,0.8490010128925471,1.8561046336053375e-13,0.19756354240648977,3.6669860649217023e-08,11,13,hbr,False,S11_D13 hbr,mild_master_37,,
120,ShortHbO,7.0,4.2785408440371924e-18,0.00012434500385228144,0.00041074247633260435,7.618586774802389,3129.2771980371626,11,13,hbr,True,S11_D13 hbr,mild_master_37,,
121,az_itd=0_az=15,7.0,4.2785408440371924e-18,2.9527783262528096e-05,1.546634429230683e-09,-9.52162571158553,-0.014726474147786283,11,13,hbr,True,S11_D13 hbr,mild_master_37,,0.0007702300642780253
122,az_itd=0_az=5,7.0,4.2785408440371924e-18,0.0324295232170285,1.5321771081157503e-09,2.660798961799588,0.004076815258567484,11,13,hbr,True,S11_D13 hbr,mild_master_37,,0.019295466614198606
123,az_itd=15_az=0,7.0,4.2785408440371924e-18,0.02835832028565191,1.5337282413102072e-09,-2.7535526819449303,-0.004223201512234402,11,13,hbr,True,S11_D13 hbr,mild_master_37,,-0.004545294104728764
124,az_itd=5_az=0,7.0,4.2785408440371924e-18,0.0004392700217469152,1.536726762692021e-09,6.213903991307575,0.009549072564241118,11,13,hbr,True,S11_D13 hbr,mild_master_37,,0.02267389996942272
125,constant,7.0,4.2785408440371924e-18,0.8512924885225448,1.8430625691655786e-09,0.19452163472247339,0.00035851554384989004,11,13,hbr,False,S11_D13 hbr,mild_master_37,,
133,Linear,7.0,1.4682152024276964e-18,0.33193482833889737,1.0873002104842553e-13,1.0422814974187062,1.133272891527204e-07,11,20,hbr,False,S11_D20 hbr,mild_master_37,,
134,ShortHbO,7.0,1.4682152024276964e-18,0.017951229693456548,0.00024061164057533695,-3.074593325051521,-739.7829440426268,11,20,hbr,True,S11_D20 hbr,mild_master_37,,
135,az_itd=0_az=15,7.0,1.4682152024276964e-18,1.1370912749788607e-06,9.060135457871429e-10,-15.473045054026942,-0.014018788413523166,11,20,hbr,True,S11_D20 hbr,mild_master_37,,-0.0027645251487979907
136,az_itd=0_az=5,7.0,1.4682152024276964e-18,0.0006300130147727329,8.975444929079575e-10,-5.85091923209365,-0.005251460335214913,11,20,hbr,True,S11_D20 hbr,mild_master_37,,-0.00020497483189368102
137,az_itd=15_az=0,7.0,1.4682152024276964e-18,0.25025459297767283,8.98453141816153e-10,-1.253535047902552,-0.0011262425021647097,11,20,hbr,False,S11_D20 hbr,mild_master_37,,-0.0010872319660307236
138,az_itd=5_az=0,7.0,1.4682152024276964e-18,0.9889271102964443,9.002096661362582e-10,0.01438126208715148,1.2946151142092661e-05,11,20,hbr,False,S11_D20 hbr,mild_master_37,,0.009776297554152333
139,constant,7.0,1.4682152024276964e-18,0.6976801996857352,1.079660210479e-09,0.40484079498783376,0.0004370904979270503,11,20,hbr,False,S11_D20 hbr,mild_master_37,,
203,Linear,7.0,2.23398425713271e-18,0.03669783077672711,1.34120346872669e-13,2.5757708432083786,3.4546327895561485e-07,12,2,hbr,True,S12_D2 hbr,mild_master_37,,
204,ShortHbO,7.0,2.23398425713271e-18,0.00016805886748041135,0.00029679858777175735,-7.262816773228646,-2155.5937615392936,12,2,hbr,True,S12_D2 hbr,mild_master_37,,
205,az_itd=0_az=15,7.0,2.23398425713271e-18,9.123249742680804e-08,1.1175832567731116e-09,-22.33420869071229,-0.024960337686016576,12,2,hbr,True,S12_D2 hbr,mild_master_37,,-0.015138807327635758
206,az_itd=0_az=5,7.0,2.23398425713271e-18,5.128861840463964e-06,1.1071365347097228e-09,-12.389917844275526,-0.013717330707449365,12,2,hbr,True,S12_D2 hbr,mild_master_37,,-0.010045286656045255
207,az_itd=15_az=0,7.0,2.23398425713271e-18,5.217973927010873e-06,1.1082573687312519e-09,-12.358235755649346,-0.01369610584071642,12,2,hbr,True,S12_D2 hbr,mild_master_37,,-0.0018142597655740973
208,az_itd=5_az=0,7.0,2.23398425713271e-18,0.45337843228297003,1.1104240716237112e-09,0.7937950041683898,0.0008814490805632241,12,2,hbr,False,S12_D2 hbr,mild_master_37,,0.007923838934047021
209,constant,7.0,2.23398425713271e-18,0.7714085344454192,1.331779397610621e-09,0.3020256632450352,0.0004022315558594213,12,2,hbr,False,S12_D2 hbr,mild_master_37,,
217,Linear,7.0,9.768108849671186e-19,0.41367206127481526,8.868697849635222e-14,0.868952119464229,7.706473793328377e-08,12,3,hbr,False,S12_D3 hbr,mild_master_37,,
218,ShortHbO,7.0,9.768108849671186e-19,0.6029999827699724,0.00019625784293900807,0.544503925910392,106.863165970995,12,3,hbr,False,S12_D3 hbr,mild_master_37,,
219,az_itd=0_az=15,7.0,9.768108849671186e-19,1.733299796989933e-07,7.390010879961263e-10,-20.352032135637504,-0.01504017389116824,12,3,hbr,True,S12_D3 hbr,mild_master_37,,-0.0027446653456929394
220,az_itd=0_az=5,7.0,9.768108849671186e-19,0.21386553868674837,7.320932008887903e-10,1.3671281484622346,0.0010008652222328826,12,3,hbr,False,S12_D3 hbr,mild_master_37,,0.00961249158776691
221,az_itd=15_az=0,7.0,9.768108849671186e-19,0.013713870050562816,7.328343515425363e-10,-3.267907410640166,-0.0023948348081775346,12,3,hbr,True,S12_D3 hbr,mild_master_37,,-0.00032847153331352625
222,az_itd=5_az=0,7.0,9.768108849671186e-19,2.0317038663701166e-05,7.34267082200577e-10,10.078635637233575,0.007400410381914251,12,3,hbr,True,S12_D3 hbr,mild_master_37,,0.019787930716204234
223,constant,7.0,9.768108849671186e-19,0.9837217503036325,8.806381250259559e-10,-0.021142853543781825,-1.8619202902494413e-05,12,3,hbr,False,S12_D3 hbr,mild_master_37,,
231,Linear,7.0,6.0991422437098804e-18,0.7430904633203763,2.2160981685821436e-13,-0.34102676610597066,-7.557487918049326e-08,12,4,hbr,False,S12_D4 hbr,mild_master_37,,
232,ShortHbO,7.0,6.0991422437098804e-18,0.0007676704577195452,0.000490406431339756,-5.658496471335119,-2774.9630612560577,12,4,hbr,True,S12_D4 hbr,mild_master_37,,
233,az_itd=0_az=15,7.0,6.0991422437098804e-18,0.0014303677129869775,1.846605877722835e-09,-5.080417917399811,-0.009381529587558895,12,4,hbr,True,S12_D4 hbr,mild_master_37,,-0.006853270865563188
234,az_itd=0_az=5,7.0,6.0991422437098804e-18,0.0002271526383609636,1.8293445432779265e-09,-6.920297967629407,-0.012659609324940181,12,4,hbr,True,S12_D4 hbr,mild_master_37,,-0.0023427323214937094
235,az_itd=15_az=0,7.0,6.0991422437098804e-18,0.01085816970034427,1.8311965204613387e-09,3.438573863281115,0.00629670449378968,12,4,hbr,True,S12_D4 hbr,mild_master_37,,0.006313431762544822
236,az_itd=5_az=0,7.0,6.0991422437098804e-18,1.0170050461148163e-05,1.8347766083628406e-09,11.186537335985054,0.02052479703264294,12,4,hbr,True,S12_D4 hbr,mild_master_37,,0.054414605870054804
237,constant,7.0,6.0991422437098804e-18,0.9035954241872408,2.200526581401016e-09,0.12557947911822187,0.0002763409818781411,12,4,hbr,False,S12_D4 hbr,mild_master_37,,
175,Linear,7.0,9.90468811923041e-18,0.36156864128791166,2.824067131925847e-13,0.9760230515761371,2.7563546199581343e-07,12,10,hbr,False,S12_D10 hbr,mild_master_37,,
176,ShortHbO,7.0,9.90468811923041e-18,3.53740928423989e-06,0.0006249455478399397,-13.0917431835537,-8181.626616025763,12,10,hbr,True,S12_D10 hbr,mild_master_37,,
177,az_itd=0_az=15,7.0,9.90468811923041e-18,7.659159790228964e-05,2.3532075604009223e-09,-8.220492973188653,-0.019344526214730196,12,10,hbr,True,S12_D10 hbr,mild_master_37,,0.0141840940574207
178,az_itd=0_az=5,7.0,9.90468811923041e-18,0.00792811651373034,2.331210715698761e-09,3.6734388812153385,0.008563560083353666,12,10,hbr,True,S12_D10 hbr,mild_master_37,,0.013854025238116905
179,az_itd=15_az=0,7.0,9.90468811923041e-18,0.0013115904445507398,2.3335707681399836e-09,-5.158526691036998,-0.012037787092873814,12,10,hbr,True,S12_D10 hbr,mild_master_37,,0.014865138107307073
180,az_itd=5_az=0,7.0,9.90468811923041e-18,2.6296840127642156e-06,2.338133024774357e-09,-13.678297916186047,-0.03198168008053687,12,10,hbr,True,S12_D10 hbr,mild_master_37,,-0.036079529330605785
181,constant,7.0,9.90468811923041e-18,0.7247114272959501,2.8042236032529833e-09,0.36665089962570674,0.0010281711068843473,12,10,hbr,False,S12_D10 hbr,mild_master_37,,
189,Linear,7.0,1.2475214074657742e-18,0.07203783162856135,1.0022558901467996e-13,2.1170196933791514,2.121795457246026e-07,12,11,hbr,False,S12_D11 hbr,mild_master_37,,
190,ShortHbO,7.0,1.2475214074657742e-18,0.10129240025579972,0.00022179195007891354,-1.8858429140301558,-418.26477744524914,12,11,hbr,False,S12_D11 hbr,mild_master_37,,
191,az_itd=0_az=15,7.0,1.2475214074657742e-18,6.790310768722605e-08,8.351487510643687e-10,-23.308386883372744,-0.019465970194973863,12,11,hbr,True,S12_D11 hbr,mild_master_37,,-0.0022936419004206928
192,az_itd=0_az=5,7.0,1.2475214074657742e-18,2.269505552855749e-05,8.273421139918458e-10,-9.91081498697527,-0.008199634622706188,12,11,hbr,True,S12_D11 hbr,mild_master_37,,-0.003872696054280788
193,az_itd=15_az=0,7.0,1.2475214074657742e-18,3.043283016579956e-05,8.281796919776984e-10,-9.477848961723815,-0.007849362033731577,12,11,hbr,True,S12_D11 hbr,mild_master_37,,-0.004048410831371711
194,az_itd=5_az=0,7.0,1.2475214074657742e-18,0.5250429710576217,8.297988279155341e-10,-0.6688242619601408,-0.000554989588655997,12,11,hbr,False,S12_D11 hbr,mild_master_37,,0.00888122883709925
195,constant,7.0,1.2475214074657742e-18,0.48110085705904426,9.95213460712726e-10,0.7439971712214353,0.0007404359995317631,12,11,hbr,False,S12_D11 hbr,mild_master_37,,
245,Linear,7.0,1.2563056093339004e-17,0.7716342021797681,3.1805502631218817e-13,0.30171701976054877,9.596261465877633e-08,13,1,hbr,False,S13_D1 hbr,mild_master_37,,
246,ShortHbO,7.0,1.2563056093339004e-17,2.869379205954674e-06,0.000703832675983058,-13.503249772773797,-9504.028422039,13,1,hbr,True,S13_D1 hbr,mild_master_37,,
247,az_itd=0_az=15,7.0,1.2563056093339004e-17,0.009177413919099164,2.650253898288024e-09,-3.563413844696802,-0.009443951433121215,13,1,hbr,True,S13_D1 hbr,mild_master_37,,-0.0496730005118678
248,az_itd=0_az=5,7.0,1.2563056093339004e-17,1.0645136286575865e-05,2.6254803830219046e-09,11.110202957492683,0.029169619916288986,13,1,hbr,True,S13_D1 hbr,mild_master_37,,0.021092282357671632
249,az_itd=15_az=0,7.0,1.2563056093339004e-17,0.001586609634295879,2.6281383458330767e-09,-4.987991556923528,-0.013109131879442354,13,1,hbr,True,S13_D1 hbr,mild_master_37,,-0.0006714198587029946
250,az_itd=5_az=0,7.0,1.2563056093339004e-17,0.0048054121502437465,2.633276497959436e-09,-4.06068847853126,-0.010692915536051026,13,1,hbr,True,S13_D1 hbr,mild_master_37,,0.01605724919538512
251,constant,7.0,1.2563056093339004e-17,0.9144381440426106,3.1582018778344885e-09,-0.11138427904474738,-0.00035177403924036184,13,1,hbr,False,S13_D1 hbr,mild_master_37,,
273,Linear,7.0,6.988212612845427e-17,0.8757831272181797,7.50131958824019e-13,0.16213143558149734,1.2161997135969887e-07,13,3,hbr,False,S13_D3 hbr,mild_master_37,,
274,ShortHbO,7.0,6.988212612845427e-17,3.5256777002490175e-06,0.0016599875500829025,-13.098182241858707,-21742.819450202413,13,3,hbr,True,S13_D3 hbr,mild_master_37,,
275,az_itd=0_az=15,7.0,6.988212612845427e-17,0.0009089869265225276,6.250616980196436e-09,-5.497453009759522,-0.034362473130634875,13,3,hbr,True,S13_D3 hbr,mild_master_37,,-0.05405765332382335
276,az_itd=0_az=5,7.0,6.988212612845427e-17,0.0014184160526660012,6.192188708368749e-09,5.087945173884003,0.031505516654523794,13,3,hbr,True,S13_D3 hbr,mild_master_37,,0.08730050761526835
277,az_itd=15_az=0,7.0,6.988212612845427e-17,0.0065578645149889465,6.19845750680009e-09,3.8181669100200906,0.023666745345629733,13,3,hbr,True,S13_D3 hbr,mild_master_37,,0.01832552371892747
278,az_itd=5_az=0,7.0,6.988212612845427e-17,0.004865648056041984,6.2105758253312314e-09,-4.050837221860702,-0.02515803172244,13,3,hbr,True,S13_D3 hbr,mild_master_37,,0.0031229815406805853
279,constant,7.0,6.988212612845427e-17,0.8107828828720668,7.448610979209338e-09,-0.24863124929570127,-0.0018519574532784942,13,3,hbr,False,S13_D3 hbr,mild_master_37,,
287,Linear,7.0,3.025572828378591e-17,0.9069133754200097,4.935809839823248e-13,0.12123273010078647,5.98381702140098e-08,13,9,hbr,False,S13_D9 hbr,mild_master_37,,
288,ShortHbO,7.0,3.025572828378591e-17,0.030739007855792366,0.0010922588735624644,-2.697748703698577,-2946.639960256406,13,9,hbr,True,S13_D9 hbr,mild_master_37,,
289,az_itd=0_az=15,7.0,3.025572828378591e-17,4.311832243423555e-05,4.1128572690312076e-09,8.985126712736678,0.036954543713645524,13,9,hbr,True,S13_D9 hbr,mild_master_37,,0.12100137322878125
290,az_itd=0_az=5,7.0,3.025572828378591e-17,5.360637460628957e-05,4.074411921433556e-09,8.688568580082173,0.035400807402879826,13,9,hbr,True,S13_D9 hbr,mild_master_37,,0.04846771907437865
291,az_itd=15_az=0,7.0,3.025572828378591e-17,0.10959088067504515,4.078536741955773e-09,-1.8322027444946556,-0.007472706212133659,13,9,hbr,False,S13_D9 hbr,mild_master_37,,0.04947132233628646
292,az_itd=5_az=0,7.0,3.025572828378591e-17,1.4645316349437121e-06,4.086510501125012e-09,-14.909150261701749,-0.06092639910729491,13,9,hbr,True,S13_D9 hbr,mild_master_37,,-0.04360553694982626
293,constant,7.0,3.025572828378591e-17,0.9502380860104674,4.901127985779098e-09,-0.06467878910811838,-0.00031699902338410335,13,9,hbr,False,S13_D9 hbr,mild_master_37,,
259,Linear,7.0,1.9116227678800835e-17,0.1310842944172971,3.923337876398977e-13,1.7096091082217222,6.70737416812296e-07,13,11,hbr,False,S13_D11 hbr,mild_master_37,,
260,ShortHbO,7.0,1.9116227678800835e-17,0.3385877724244936,0.0008682061806566589,-1.027014965811863,-891.6607409447466,13,11,hbr,False,S13_D11 hbr,mild_master_37,,
261,az_itd=0_az=15,7.0,1.9116227678800835e-17,0.006373507756358124,3.2691957809279846e-09,-3.8401247766151103,-0.012554119717947137,13,11,hbr,True,S13_D11 hbr,mild_master_37,,-0.007866918680008038
262,az_itd=0_az=5,7.0,1.9116227678800835e-17,0.0005893991784649657,3.238636644069788e-09,5.9168207542395015,0.019162432511072695,13,11,hbr,True,S13_D11 hbr,mild_master_37,,0.014012351536167153
263,az_itd=15_az=0,7.0,1.9116227678800835e-17,7.69332448541277e-06,3.241915349107732e-09,-11.663617029018107,-0.037812459072488126,13,11,hbr,True,S13_D11 hbr,mild_master_37,,-0.009843882965776846
264,az_itd=5_az=0,7.0,1.9116227678800835e-17,1.8680255058280395e-07,3.248253468358914e-09,-20.1322911155791,-0.06539478444219116,13,11,hbr,True,S13_D11 hbr,mild_master_37,,-0.037161229144638874
265,constant,7.0,1.9116227678800835e-17,0.6632175958123825,3.8957702358271454e-09,0.4545146321894703,0.001770684575831661,13,11,hbr,False,S13_D11 hbr,mild_master_37,,
301,Linear,7.0,2.0978738832258167e-18,0.5778308284052494,1.299703540520001e-13,-0.583553156975238,-7.584461042023407e-08,14,1,hbr,False,S14_D1 hbr,mild_master_37,,
302,ShortHbO,7.0,2.0978738832258167e-18,2.301458283948202e-06,0.0002876149550332675,-13.949942067865832,-4012.2119605659177,14,1,hbr,True,S14_D1 hbr,mild_master_37,,
303,az_itd=0_az=15,7.0,2.0978738832258167e-18,0.6268596108376163,1.083002653603994e-09,-0.5083095655064662,-0.0005505006082957961,14,1,hbr,False,S14_D1 hbr,mild_master_37,,0.010449493518709016
304,az_itd=0_az=5,7.0,2.0978738832258167e-18,8.938738953613019e-07,1.0728791772119255e-09,16.02805486063375,0.017196166311184338,14,1,hbr,True,S14_D1 hbr,mild_master_37,,0.01866868794045639
305,az_itd=15_az=0,7.0,2.0978738832258167e-18,0.9017382951185194,1.0739653300441274e-09,0.12801362410665412,0.00013748219406384764,14,1,hbr,False,S14_D1 hbr,mild_master_37,,0.014762037925666577
306,az_itd=5_az=0,7.0,2.0978738832258167e-18,5.728877288367567e-05,1.0760649901525656e-09,-8.59975295596413,-0.009253893079874039,14,1,hbr,True,S14_D1 hbr,mild_master_37,,-0.0027700051392727403
307,constant,7.0,2.0978738832258167e-18,0.9517703266040556,1.2905710718966565e-09,0.06268420626976426,8.089842327656078e-05,14,1,hbr,False,S14_D1 hbr,mild_master_37,,
329,Linear,7.0,2.0101866917779378e-18,0.7675892976786135,1.272251028213829e-13,0.30725415012232843,3.909044084160985e-08,14,2,hbr,False,S14_D2 hbr,mild_master_37,,
330,ShortHbO,7.0,2.0101866917779378e-18,2.39888405492008e-07,0.0002815399134208311,-19.4146000472247,-5465.984816395705,14,2,hbr,True,S14_D2 hbr,mild_master_37,,
331,az_itd=0_az=15,7.0,2.0101866917779378e-18,1.972522687437001e-05,1.0601273264630173e-09,-10.12387930243515,-0.010732601098324851,14,2,hbr,True,S14_D2 hbr,mild_master_37,,-0.006661438442507371
332,az_itd=0_az=5,7.0,2.0101866917779378e-18,4.362693732338439e-06,1.0502176794955602e-09,12.691183474995654,0.013328505259162335,14,2,hbr,True,S14_D2 hbr,mild_master_37,,0.01973464933137388
333,az_itd=15_az=0,7.0,2.0101866917779378e-18,0.030253729007891104,1.0512808904621267e-09,-2.708748242130978,-0.002847655264025175,14,2,hbr,True,S14_D2 hbr,mild_master_37,,0.002129040067749151
334,az_itd=5_az=0,7.0,2.0101866917779378e-18,0.0002887307966548472,1.0533362012684598e-09,-6.6566991652847936,-0.007011742211748012,14,2,hbr,True,S14_D2 hbr,mild_master_37,,0.001449457812779829
335,constant,7.0,2.0101866917779378e-18,0.9725805625084929,1.2633114568162378e-09,-0.035619055207901,-4.499796052511142e-05,14,2,hbr,False,S14_D2 hbr,mild_master_37,,
343,Linear,7.0,4.155502448880164e-17,0.6903381637898811,5.784507454623434e-13,-0.4153260201248832,-2.4024564595114693e-07,14,9,hbr,False,S14_D9 hbr,mild_master_37,,
344,ShortHbO,7.0,4.155502448880164e-17,1.4426740409782332e-05,0.0012800694924517033,-10.613833679125142,-13586.444690604514,14,9,hbr,True,S14_D9 hbr,mild_master_37,,
345,az_itd=0_az=15,7.0,4.155502448880164e-17,8.820806456078344e-05,4.820050671434528e-09,8.041181463967865,0.038758902114525186,14,9,hbr,True,S14_D9 hbr,mild_master_37,,0.12655179350669998
346,az_itd=0_az=5,7.0,4.155502448880164e-17,1.1498260536223832e-05,4.774994762274509e-09,10.98237696538525,0.052440792487038784,14,9,hbr,True,S14_D9 hbr,mild_master_37,,0.05581300694831392
347,az_itd=15_az=0,7.0,4.155502448880164e-17,0.9303784538337696,4.7798288332444315e-09,-0.09056082119634361,-0.0004328652243165766,14,9,hbr,False,S14_D9 hbr,mild_master_37,,0.06463143304148994
348,az_itd=5_az=0,7.0,4.155502448880164e-17,3.898034646164759e-06,4.789173656252743e-09,-12.90486797726629,-0.061803653754143345,14,9,hbr,True,S14_D9 hbr,mild_master_37,,-0.06064242724429184
349,constant,7.0,4.155502448880164e-17,0.9686134683922545,5.743862160382169e-09,-0.04077554330250505,-0.0002342091002442833,14,9,hbr,False,S14_D9 hbr,mild_master_37,,
315,Linear,7.0,5.019837327957346e-17,0.5045590324522138,6.357691283711745e-13,-0.7033382941468984,-4.4716077421984236e-07,14,10,hbr,False,S14_D10 hbr,mild_master_37,,
316,ShortHbO,7.0,5.019837327957346e-17,9.337135518225404e-06,0.001406910911351796,-11.330680293662798,-15941.257738192966,14,10,hbr,True,S14_D10 hbr,mild_master_37,,
317,az_itd=0_az=15,7.0,5.019837327957346e-17,4.70395927502174e-07,5.2976669805023465e-09,17.60308769088598,0.09325529641489395,14,10,hbr,True,S14_D10 hbr,mild_master_37,,0.18640977613482151
318,az_itd=0_az=5,7.0,5.019837327957346e-17,2.0025274147913567e-05,5.248146504784504e-09,10.100751298961258,0.053010222625341066,14,10,hbr,True,S14_D10 hbr,mild_master_37,,0.06626937664628768
319,az_itd=15_az=0,7.0,5.019837327957346e-17,0.6689317658696404,5.253459581327565e-09,-0.44619525024377193,-0.002344068712535994,14,10,hbr,False,S14_D10 hbr,mild_master_37,,0.06451576123317147
320,az_itd=5_az=0,7.0,5.019837327957346e-17,3.692680367706101e-06,5.263730377977725e-09,-13.00874085698088,-0.06847450442813025,14,10,hbr,True,S14_D10 hbr,mild_master_37,,-0.07478009231374194
321,constant,7.0,5.019837327957346e-17,0.7914253157227373,6.313018468446368e-09,-0.274770679839046,-0.0017346323764114615,14,10,hbr,False,S14_D10 hbr,mild_master_37,,
357,Linear,7.0,5.028574620512211e-15,0.9593021801931254,6.363221827293872e-12,0.05288363941205714,3.3651032861354044e-07,15,18,hbr,False,S15_D18 hbr,mild_master_37,,
358,ShortHbO,7.0,5.028574620512211e-15,0.4057633344998678,0.014081347804835567,-0.8845340751514406,-12455.431957435998,15,18,hbr,False,S15_D18 hbr,mild_master_37,,
359,az_itd=0_az=15,7.0,5.028574620512211e-15,0.001715424782346717,5.3022754109548166e-08,-4.919085499934429,-0.26082346090686703,15,18,hbr,True,S15_D18 hbr,mild_master_37,,-0.06356688133150747
360,az_itd=0_az=5,7.0,5.028574620512211e-15,0.00017792348304020546,5.2527118574691264e-08,7.196974530333404,0.37803633453385566,15,18,hbr,True,S15_D18 hbr,mild_master_37,,-0.41275542501412543
361,az_itd=15_az=0,7.0,5.028574620512211e-15,9.197014109901794e-07,5.2580295558473885e-08,-15.961390249220688,-0.839254616828167,15,18,hbr,True,S15_D18 hbr,mild_master_37,,-0.8375090602261801
362,az_itd=5_az=0,7.0,5.028574620512211e-15,0.22320666119629218,5.268309287044063e-08,-1.3364501147242065,-0.0704083255107264,15,18,hbr,False,S15_D18 hbr,mild_master_37,,0.045604390289157686
363,constant,7.0,5.028574620512211e-15,0.7214264878687535,6.318510151231274e-08,0.37125881954053225,0.023458026200009925,15,18,hbr,False,S15_D18 hbr,mild_master_37,,
371,Linear,7.0,5.82288862970085e-17,0.2708693844614042,6.847370944770349e-13,-1.1953532885765028,-8.185027376934432e-07,15,22,hbr,False,S15_D22 hbr,mild_master_37,,
372,ShortHbO,7.0,5.82288862970085e-17,0.08009271572774258,0.00151527346427654,-2.0452263154918775,-3099.0771643049216,15,22,hbr,False,S15_D22 hbr,mild_master_37,,
373,az_itd=0_az=15,7.0,5.82288862970085e-17,0.0021189551984706935,5.705701856001874e-09,4.7354938772064195,0.027019316204262175,15,22,hbr,True,S15_D22 hbr,mild_master_37,,0.08277437931906977
374,az_itd=0_az=5,7.0,5.82288862970085e-17,0.003182645916704152,5.6523672331852085e-09,4.393294040383957,0.024832511279614132,15,22,hbr,True,S15_D22 hbr,mild_master_37,,0.013486225666281878
375,az_itd=15_az=0,7.0,5.82288862970085e-17,5.366399424998431e-06,5.65808953147319e-09,12.306807930727915,0.06963302111870283,15,22,hbr,True,S15_D22 hbr,mild_master_37,,0.09908511410646953
376,az_itd=5_az=0,7.0,5.82288862970085e-17,0.3347686570839097,5.669151401485993e-09,1.0357494478407252,0.005871820433814591,15,22,hbr,False,S15_D22 hbr,mild_master_37,,0.033892160319815096
377,constant,7.0,5.82288862970085e-17,0.8316808378288311,6.799257357051341e-09,-0.22062558422518158,-0.0015000901266968162,15,22,hbr,False,S15_D22 hbr,mild_master_37,,
385,Linear,7.0,9.463979230219511e-18,0.6200913866121829,2.760523846247485e-13,0.5185003313312756,1.4313325289272082e-07,16,16,hbr,False,S16_D16 hbr,mild_master_37,,
386,ShortHbO,7.0,9.463979230219511e-18,7.181826833379454e-05,0.0006108838801724528,-8.3033013425958,-5072.35294240606,16,16,hbr,True,S16_D16 hbr,mild_master_37,,
387,az_itd=0_az=15,7.0,9.463979230219511e-18,0.0003173559710122525,2.3002589110644367e-09,-6.554952742059408,-0.015078088456528417,16,16,hbr,True,S16_D16 hbr,mild_master_37,,-0.013375194194568637
388,az_itd=0_az=5,7.0,9.463979230219511e-18,0.08551155012559689,2.2787570091953016e-09,-2.0008540811296287,-0.004559460261751166,16,16,hbr,False,S16_D16 hbr,mild_master_37,,-0.030308290046717392
389,az_itd=15_az=0,7.0,9.463979230219511e-18,0.13206506734346704,2.2810639589730663e-09,1.7044841353202507,0.0038880373297203942,16,16,hbr,False,S16_D16 hbr,mild_master_37,,0.021904097897344113
390,az_itd=5_az=0,7.0,9.463979230219511e-18,0.05655648874615615,2.2855235619653298e-09,-2.280956167407896,-0.005213179064420883,16,16,hbr,False,S16_D16 hbr,mild_master_37,,-0.019220896968762693
391,constant,7.0,9.463979230219511e-18,0.9651399750323522,2.7411268094434134e-09,0.0452914538407603,0.00012414961836157692,16,16,hbr,False,S16_D16 hbr,mild_master_37,,
399,Linear,7.0,5.894739280748827e-15,0.2650392270428834,6.889487468085962e-12,1.2114170572991294,8.346042634887924e-06,16,18,hbr,False,S16_D18 hbr,mild_master_37,,
400,ShortHbO,7.0,5.894739280748827e-15,0.0790545672459251,0.015245935450349036,2.0540656217259476,31316.15187961486,16,18,hbr,False,S16_D18 hbr,mild_master_37,,
401,az_itd=0_az=15,7.0,5.894739280748827e-15,0.04096846331355435,5.7407962487532644e-08,2.5003961686711778,0.14354264945504533,16,18,hbr,True,S16_D18 hbr,mild_master_37,,-0.09543451764558068
402,az_itd=0_az=5,7.0,5.894739280748827e-15,0.05603449904965609,5.687133577565407e-08,2.2872463362850084,0.13007875439249927,16,18,hbr,False,S16_D18 hbr,mild_master_37,,-0.35843060508991564
403,az_itd=15_az=0,7.0,5.894739280748827e-15,0.6196551597035743,5.69289107232678e-08,0.5191591743346088,0.029555166286860366,16,18,hbr,False,S16_D18 hbr,mild_master_37,,0.24478213025073625
404,az_itd=5_az=0,7.0,5.894739280748827e-15,0.00016298224689918628,5.704020981227803e-08,-7.298420626288965,-0.4163034438217802,16,18,hbr,True,S16_D18 hbr,mild_master_37,,0.14434797663155305
405,constant,7.0,5.894739280748827e-15,0.3696486217322494,6.84107794532045e-08,-0.958689238563288,-0.06558467806351365,16,18,hbr,False,S16_D18 hbr,mild_master_37,,
413,Linear,7.0,2.250929428846111e-17,0.1757865385467185,4.2573127303148223e-13,-1.5060106849579724,-6.411558461061722e-07,16,22,hbr,False,S16_D22 hbr,mild_master_37,,
414,ShortHbO,7.0,2.250929428846111e-17,0.036607846372329236,0.0009421123904934163,-2.577455128518341,-2428.2524125179298,16,22,hbr,True,S16_D22 hbr,mild_master_37,,
415,az_itd=0_az=15,7.0,2.250929428846111e-17,0.34684856249201,3.547486669389483e-09,1.0083836314032784,0.003577227490033688,16,22,hbr,False,S16_D22 hbr,mild_master_37,,0.035022891675560996
416,az_itd=0_az=5,7.0,2.250929428846111e-17,2.916466419434414e-05,3.514326180420013e-09,9.53961894037727,0.03352533259339847,16,22,hbr,True,S16_D22 hbr,mild_master_37,,0.030976568110870437
417,az_itd=15_az=0,7.0,2.250929428846111e-17,5.2155631773555865e-05,3.5178839858236603e-09,8.725472733749674,0.03069520079879897,16,22,hbr,True,S16_D22 hbr,mild_master_37,,0.07402896485531194
418,az_itd=5_az=0,7.0,2.250929428846111e-17,0.0015036623889195084,3.5247616386347094e-09,5.035732817426413,0.017749757857278503,16,22,hbr,True,S16_D22 hbr,mild_master_37,,-0.01197084848636055
419,constant,7.0,2.250929428846111e-17,0.9835503228553644,4.227398389299941e-09,-0.021365549014658685,-9.032068749107706e-05,16,22,hbr,False,S16_D22 hbr,mild_master_37,,
427,Linear,7.0,1.2021416824160306e-17,0.7186016662803523,3.111232320515253e-13,-0.37522838704277967,-1.1674226853423028e-07,16,23,hbr,False,S16_D23 hbr,mild_master_37,,
428,ShortHbO,7.0,1.2021416824160306e-17,0.00012892308847954736,0.0006884931186730674,-7.575162752259754,-5215.4474277593745,16,23,hbr,True,S16_D23 hbr,mild_master_37,,
429,az_itd=0_az=15,7.0,1.2021416824160306e-17,0.0004118009039434504,2.5924934064182295e-09,-6.280577921926127,-0.016282356851089388,16,23,hbr,True,S16_D23 hbr,mild_master_37,,-0.002344531065384398
430,az_itd=0_az=5,7.0,1.2021416824160306e-17,0.0019624184361197454,2.568259813167899e-09,4.801706169641513,0.012332028990130658,16,23,hbr,True,S16_D23 hbr,mild_master_37,,-0.00309281392622215
431,az_itd=15_az=0,7.0,1.2021416824160306e-17,0.033662312581352015,2.5708598474766565e-09,2.635098364443472,0.006774468579299131,16,23,hbr,True,S16_D23 hbr,mild_master_37,,0.02954573917998355
432,az_itd=5_az=0,7.0,1.2021416824160306e-17,0.022599303710406103,2.5758860170513393e-09,-2.911899058328445,-0.007500720067413204,16,23,hbr,True,S16_D23 hbr,mild_master_37,,-0.023950255366945238
433,constant,7.0,1.2021416824160306e-17,0.7047203634496381,3.0893710031753983e-09,0.3948331579472706,0.0012197861092544699,16,23,hbr,False,S16_D23 hbr,mild_master_37,,
441,Linear,7.0,5.384677243000392e-18,0.5203302011468356,2.082257582470287e-13,0.6766881065462177,1.4090389408233233e-07,17,15,hbr,False,S17_D15 hbr,mild_master_37,,
442,ShortHbO,7.0,5.384677243000392e-18,6.238880398230533e-07,0.00046078848158731756,16.892832839335252,7784.022793745665,17,15,hbr,True,S17_D15 hbr,mild_master_37,,
443,az_itd=0_az=15,7.0,5.384677243000392e-18,0.4300191636875035,1.7350806680115025e-09,0.8374151745240529,0.0014529828804161625,17,15,hbr,False,S17_D15 hbr,mild_master_37,,0.01382925184239067
444,az_itd=0_az=5,7.0,5.384677243000392e-18,0.39985680444546595,1.7188618266979598e-09,0.8963168088953156,0.0015406447474378884,17,15,hbr,False,S17_D15 hbr,mild_master_37,,0.004534476984066287
445,az_itd=15_az=0,7.0,5.384677243000392e-18,0.00014473129369122043,1.7206019542732602e-09,-7.437588924237631,-0.012797130038124422,17,15,hbr,True,S17_D15 hbr,mild_master_37,,-0.011581371073874058
446,az_itd=5_az=0,7.0,5.384677243000392e-18,0.01006017637756762,1.7239658238366657e-09,-3.4950314299121907,-0.0060253147384036095,17,15,hbr,True,S17_D15 hbr,mild_master_37,,0.007858885771233998
447,constant,7.0,5.384677243000392e-18,0.9353224441545201,2.0676264366398903e-09,0.08411186707558403,0.00017391192000061793,17,15,hbr,False,S17_D15 hbr,mild_master_37,,
455,Linear,7.0,4.555485039340607e-17,0.13791316988993393,6.056502853302953e-13,1.6746522893069729,1.0142536368478003e-06,17,17,hbr,False,S17_D17 hbr,mild_master_37,,
456,ShortHbO,7.0,4.555485039340607e-17,0.0002897824472953056,0.001340260098941216,-6.652763894182325,-8916.433995049352,17,17,hbr,True,S17_D17 hbr,mild_master_37,,
457,az_itd=0_az=15,7.0,4.555485039340607e-17,0.0003263165596780667,5.046696001969013e-09,-6.52520822569946,-0.03293074226465278,17,17,hbr,True,S17_D17 hbr,mild_master_37,,0.037321453417441544
458,az_itd=0_az=5,7.0,4.555485039340607e-17,0.23320395389339488,4.99952150275254e-09,-1.3048380164356337,-0.006523565720778922,17,17,hbr,False,S17_D17 hbr,mild_master_37,,0.031220545111369694
459,az_itd=15_az=0,7.0,4.555485039340607e-17,0.0018086930011835432,5.004582878306478e-09,-4.872683181964286,-0.024385746823870395,17,17,hbr,True,S17_D17 hbr,mild_master_37,,-0.02521756366041294
460,az_itd=5_az=0,7.0,4.555485039340607e-17,8.775193729957528e-07,5.014367107587437e-09,-16.071413474345082,-0.08058796709819352,17,17,hbr,True,S17_D17 hbr,mild_master_37,,-0.10431641463678297
461,constant,7.0,4.555485039340607e-17,0.9955030303952909,6.0139463621104655e-09,-0.005840387900211691,-3.5123779565792076e-05,17,17,hbr,False,S17_D17 hbr,mild_master_37,,
469,Linear,7.0,2.677754858686046e-18,0.0035555913502192875,1.468385278592974e-13,4.302518514832288,6.317754848053438e-07,17,21,hbr,True,S17_D21 hbr,mild_master_37,,
470,ShortHbO,7.0,2.677754858686046e-18,8.871204658163601e-05,0.0003249429986972718,-8.034015648589774,-2610.5971364335683,17,21,hbr,True,S17_D21 hbr,mild_master_37,,
471,az_itd=0_az=15,7.0,2.677754858686046e-18,4.509282159130569e-08,1.2235599147425409e-09,-24.7276996623557,-0.0302558220906511,17,21,hbr,True,S17_D21 hbr,mild_master_37,,-0.023287480942753937
472,az_itd=0_az=5,7.0,2.677754858686046e-18,6.942549979900262e-08,1.212122565194082e-09,-23.233830009364183,-0.028162249630233754,17,21,hbr,True,S17_D21 hbr,mild_master_37,,-0.028422690918756745
473,az_itd=15_az=0,7.0,2.677754858686046e-18,2.923777232568078e-06,1.2133496841326588e-09,-13.465837724943027,-0.016338769950141264,17,21,hbr,True,S17_D21 hbr,mild_master_37,,-0.02207388042190945
474,az_itd=5_az=0,7.0,2.677754858686046e-18,1.2261268711219943e-07,1.2157218481663478e-09,-21.39888763080531,-0.02601509521922663,17,21,hbr,True,S17_D21 hbr,mild_master_37,,-0.003543453979020427
475,constant,7.0,2.677754858686046e-18,0.4327569445733298,1.4580675545384825e-09,0.8322176919657583,0.0012134296149681734,17,21,hbr,False,S17_D21 hbr,mild_master_37,,
483,Linear,7.0,9.00558194323984e-18,0.44269700573755333,2.692839722045495e-13,0.8135404748443823,2.1907341061527065e-07,17,22,hbr,False,S17_D22 hbr,mild_master_37,,
484,ShortHbO,7.0,9.00558194323984e-18,9.208687591491501e-07,0.0005959058750105735,-15.958427696418333,-9509.72082022714,17,22,hbr,True,S17_D22 hbr,mild_master_37,,
485,az_itd=0_az=15,7.0,9.00558194323984e-18,6.317315716750736e-07,2.243859829402868e-09,-16.86205332953714,-0.037836084107397264,17,22,hbr,True,S17_D22 hbr,mild_master_37,,-0.026180443471268293
486,az_itd=0_az=5,7.0,9.00558194323984e-18,0.5757020089834168,2.2228851236304694e-09,0.5869000296768544,0.0013046113450269606,17,22,hbr,False,S17_D22 hbr,mild_master_37,,-0.032522826163190806
487,az_itd=15_az=0,7.0,9.00558194323984e-18,0.05414380090302407,2.2251355102760236e-09,-2.3105387955117114,-0.005141261921763501,17,22,hbr,False,S17_D22 hbr,mild_master_37,,0.009978843574900682
488,az_itd=5_az=0,7.0,9.00558194323984e-18,0.004696896943630275,2.229485770136464e-09,-4.078781395074364,-0.009093585079815648,17,22,hbr,True,S17_D22 hbr,mild_master_37,,-0.03620587323031434
489,constant,7.0,9.00558194323984e-18,0.6237950594143175,2.673918273036103e-09,0.5129165214434783,0.0013714968592298308,17,22,hbr,False,S17_D22 hbr,mild_master_37,,
497,Linear,7.0,1.6613813771144046e-18,0.00672115316478105,1.1566162317389034e-13,3.7992724093068984,4.3943001374021294e-07,17,23,hbr,True,S17_D23 hbr,mild_master_37,,
498,ShortHbO,7.0,1.6613813771144046e-18,1.6910834046391737e-05,0.00025595077270408704,-10.362417784952266,-2652.2688391411066,17,23,hbr,True,S17_D23 hbr,mild_master_37,,
499,az_itd=0_az=15,7.0,1.6613813771144046e-18,2.3280614417872105e-08,9.637724366539169e-10,-27.200663324146582,-0.026215249570515586,17,23,hbr,True,S17_D23 hbr,mild_master_37,,-0.026579448676410378
500,az_itd=0_az=5,7.0,1.6613813771144046e-18,4.338475664804444e-07,9.5476347672448e-10,-17.811737743527743,-0.01700599665451519,17,23,hbr,True,S17_D23 hbr,mild_master_37,,-0.0365611257039134
501,az_itd=15_az=0,7.0,1.6613813771144046e-18,1.0332562540532579e-06,9.557300525294298e-10,-15.691652837572455,-0.0149969841907267,17,23,hbr,True,S17_D23 hbr,mild_master_37,,-0.016644355789729563
502,az_itd=5_az=0,7.0,1.6613813771144046e-18,2.7513274023850843e-07,9.575985562972832e-10,-19.031838804139106,-0.018224861362526223,17,23,hbr,True,S17_D23 hbr,mild_master_37,,-0.017797046465137575
503,constant,7.0,1.6613813771144046e-18,0.2905893849381529,1.1484891772866392e-09,1.143078011898059,0.001312812725459249,17,23,hbr,False,S17_D23 hbr,mild_master_37,,
511,Linear,7.0,6.180839120044879e-18,0.04071212292075617,2.2308909083272348e-13,2.5046863189088016,5.587681937065254e-07,18,15,hbr,True,S18_D15 hbr,mild_master_37,,
512,ShortHbO,7.0,6.180839120044879e-18,0.2234600417067487,0.000493679957220051,1.3356337793503141,659.375627051318,18,15,hbr,False,S18_D15 hbr,mild_master_37,,
513,az_itd=0_az=15,7.0,6.180839120044879e-18,1.3914568993109118e-07,1.8589322089965017e-09,-21.01043153915327,-0.03905696791304796,18,15,hbr,True,S18_D15 hbr,mild_master_37,,-0.029513952997060604
514,az_itd=0_az=5,7.0,6.180839120044879e-18,3.2829294404091155e-07,1.8415556529284194e-09,-18.549320662448817,-0.03415960632391456,18,15,hbr,True,S18_D15 hbr,mild_master_37,,-0.04430097245754268
515,az_itd=15_az=0,7.0,6.180839120044879e-18,0.10822651681758347,1.8434199922972603e-09,-1.8407457661204376,-0.003393267546002951,18,15,hbr,False,S18_D15 hbr,mild_master_37,,-0.0021739267872189524
516,az_itd=5_az=0,7.0,6.180839120044879e-18,7.543940050008892e-05,1.847023977745063e-09,-8.239936599537296,-0.015219360474444506,18,15,hbr,True,S18_D15 hbr,mild_master_37,,-0.0011639955641129832
517,constant,7.0,6.180839120044879e-18,0.49930837747041656,2.215215378802824e-09,0.7123296278711481,0.0015779635464370598,18,15,hbr,False,S18_D15 hbr,mild_master_37,,
525,Linear,7.0,4.131845118323399e-18,0.0014178456431405842,1.8240075458034115e-13,5.088306182369212,9.281108871999593e-07,18,16,hbr,True,S18_D16 hbr,mild_master_37,,
526,ShortHbO,7.0,4.131845118323399e-18,2.041473916055132e-05,0.000403639623891996,-10.071310373997402,-4065.1799314598697,18,16,hbr,True,S18_D16 hbr,mild_master_37,,
527,az_itd=0_az=15,7.0,4.131845118323399e-18,1.024181100633289e-08,1.5198889213677603e-09,-30.61301770066653,-0.046528386452878205,18,16,hbr,True,S18_D16 hbr,mild_master_37,,-0.04550285987100652
528,az_itd=0_az=5,7.0,4.131845118323399e-18,1.5037068033750672e-08,1.5056816065815684e-09,-28.96759014186628,-0.043615967663601624,18,16,hbr,True,S18_D16 hbr,mild_master_37,,-0.05614830924597958
529,az_itd=15_az=0,7.0,4.131845118323399e-18,8.614960310477357e-08,1.507205916472299e-09,-22.520142040863572,-0.03394249132378613,18,16,hbr,True,S18_D16 hbr,mild_master_37,,-0.043651095649350206
530,az_itd=5_az=0,7.0,4.131845118323399e-18,9.779118078652683e-08,1.510152585279465e-09,-22.11104192870426,-0.033391047131855395,18,16,hbr,True,S18_D16 hbr,mild_master_37,,-0.03622661121624136
531,constant,7.0,4.131845118323399e-18,0.21961964457748254,1.8111910140625437e-09,1.3480946754235266,0.002441656962232653,18,16,hbr,False,S18_D16 hbr,mild_master_37,,
539,Linear,7.0,4.356377118823048e-18,0.0068900216157414835,1.8729118952840464e-13,3.7802505640763253,7.080076248612776e-07,18,21,hbr,True,S18_D21 hbr,mild_master_37,,
540,ShortHbO,7.0,4.356377118823048e-18,0.32086812627971234,0.00041446180128729376,-1.0682224314191768,-442.73739310148466,18,21,hbr,False,S18_D21 hbr,mild_master_37,,
541,az_itd=0_az=15,7.0,4.356377118823048e-18,4.253417193534809e-08,1.5606393991568061e-09,-24.937014314260313,-0.03891768703617189,18,21,hbr,True,S18_D21 hbr,mild_master_37,,-0.022800881679400222
542,az_itd=0_az=5,7.0,4.356377118823048e-18,3.441488237982137e-08,1.5460511651748118e-09,-25.710679558840322,-0.039750026089381295,18,21,hbr,True,S18_D21 hbr,mild_master_37,,-0.04010938031791256
543,az_itd=15_az=0,7.0,4.356377118823048e-18,2.627744454675336e-06,1.5476163440760817e-09,-13.679787540487386,-0.021171062781146624,18,21,hbr,True,S18_D21 hbr,mild_master_37,,-0.031230892502300166
544,az_itd=5_az=0,7.0,4.356377118823048e-18,1.5146391479803683e-06,1.5506420174473904e-09,-14.835669206308243,-0.023004812028251935,18,21,hbr,True,S18_D21 hbr,mild_master_37,,0.004301750869631301
545,constant,7.0,4.356377118823048e-18,0.30210008041555825,1.8597517333050102e-09,1.1139053532996015,0.0020715874115366634,18,21,hbr,False,S18_D21 hbr,mild_master_37,,
553,Linear,7.0,6.0421204263793345e-18,0.011822567755530674,2.2057145209868103e-13,3.376030402205075,7.446559281436675e-07,18,23,hbr,True,S18_D23 hbr,mild_master_37,,
554,ShortHbO,7.0,6.0421204263793345e-18,1.655673639360234e-05,0.0004881086055332508,-10.395595921809507,-5074.179829081587,18,23,hbr,True,S18_D23 hbr,mild_master_37,,
555,az_itd=0_az=15,7.0,6.0421204263793345e-18,2.2024232111256406e-07,1.8379535062017607e-09,-19.656941761313732,-0.036128545031410386,18,23,hbr,True,S18_D23 hbr,mild_master_37,,-0.0157810795803585
556,az_itd=0_az=5,7.0,6.0421204263793345e-18,3.5782635758401845e-06,1.8207730506711721e-09,-13.069507851415679,-0.023796607681392964,18,23,hbr,True,S18_D23 hbr,mild_master_37,,-0.04464822119407676
557,az_itd=15_az=0,7.0,6.0421204263793345e-18,4.894675701234759e-07,1.8226163503155205e-09,-17.501424013281422,-0.0318983815604114,18,23,hbr,True,S18_D23 hbr,mild_master_37,,-0.027690748561846196
558,az_itd=5_az=0,7.0,6.0421204263793345e-18,8.163148232267577e-06,1.8261796635219044e-09,-11.560767654386668,-0.02111203878514276,18,23,hbr,True,S18_D23 hbr,mild_master_37,,-0.032485841483936954
559,constant,7.0,6.0421204263793345e-18,0.5218400811496027,2.1902158953179847e-09,0.6741638151440807,0.0014765643039767811,18,23,hbr,False,S18_D23 hbr,mild_master_37,,
567,Linear,7.0,4.029121638393032e-17,0.33624910258654067,5.695866519643414e-13,-1.0323543314631758,-5.880152472989962e-07,19,15,hbr,False,S19_D15 hbr,mild_master_37,,
568,ShortHbO,7.0,4.029121638393032e-17,0.06272612159656159,0.0012604538972535975,2.2107677700169224,2786.5708516404748,19,15,hbr,False,S19_D15 hbr,mild_master_37,,
569,az_itd=0_az=15,7.0,4.029121638393032e-17,1.2712181668276406e-05,4.746188929269163e-09,10.817953081623582,0.05134404915335507,19,15,hbr,True,S19_D15 hbr,mild_master_37,,0.062376129412896136
570,az_itd=0_az=5,7.0,4.029121638393032e-17,0.927185517481292,4.7018234501838984e-09,-0.09472796275577153,-0.0004453941566732336,19,15,hbr,False,S19_D15 hbr,mild_master_37,,-0.0030338776702606754
571,az_itd=15_az=0,7.0,4.029121638393032e-17,1.9525858559456162e-05,4.70658344456668e-09,10.13946864172437,0.04772225524584292,19,15,hbr,True,S19_D15 hbr,mild_master_37,,0.06951924756138717
572,az_itd=5_az=0,7.0,4.029121638393032e-17,0.005337019977964688,4.7157850688920996e-09,3.9780707632084122,0.01875972670813443,19,15,hbr,True,S19_D15 hbr,mild_master_37,,0.09348867935176317
573,constant,7.0,4.029121638393032e-17,0.6022325479766443,5.655844067867535e-09,-0.5456809235232671,-0.0030862862142575485,19,15,hbr,False,S19_D15 hbr,mild_master_37,,
581,Linear,7.0,2.2160429993093856e-18,0.010222756277731745,1.335806970358051e-13,3.4831459904518787,4.6528106928203164e-07,19,21,hbr,True,S19_D21 hbr,mild_master_37,,
582,ShortHbO,7.0,2.2160429993093856e-18,2.128803780224548e-05,0.00029560438187230107,-10.007548632723596,-2958.2752276332503,19,21,hbr,True,S19_D21 hbr,mild_master_37,,
583,az_itd=0_az=15,7.0,2.2160429993093856e-18,4.893355311521952e-08,1.113086522039999e-09,-24.43769375931328,-0.027201267553232603,19,21,hbr,True,S19_D21 hbr,mild_master_37,,-0.03126231008516588
584,az_itd=0_az=5,7.0,2.2160429993093856e-18,2.668747269744994e-07,1.1026818336574701e-09,-19.11629480482266,-0.021079191008118624,19,21,hbr,True,S19_D21 hbr,mild_master_37,,-0.014195373225890788
585,az_itd=15_az=0,7.0,2.2160429993093856e-18,3.2360858647931174e-05,1.103798157864411e-09,-9.389318704197802,-0.010363912689295393,19,21,hbr,True,S19_D21 hbr,mild_master_37,,-0.01947312512206936
586,az_itd=5_az=0,7.0,2.2160429993093856e-18,6.2134718174511954e-06,1.1059561427592683e-09,-12.041266478806449,-0.013317112628837257,19,21,hbr,True,S19_D21 hbr,mild_master_37,,-0.0018261082420533321
587,constant,7.0,2.2160429993093856e-18,0.5846353674647693,1.3264208181600205e-09,0.572902592787454,0.0007599099258511319,19,21,hbr,False,S19_D21 hbr,mild_master_37,,
609,Linear,7.0,3.485571662020364e-17,0.11601755144378173,5.297751972444232e-13,-1.7932927370778657,-9.500420135024179e-07,20,12,hbr,False,S20_D12 hbr,mild_master_37,,
610,ShortHbO,7.0,3.485571662020364e-17,3.1175747425439896e-06,0.0011723540390775012,13.338719008751491,15637.701106029654,20,12,hbr,True,S20_D12 hbr,mild_master_37,,
611,az_itd=0_az=15,7.0,3.485571662020364e-17,6.970417204324153e-06,4.414452423509886e-09,11.836685507349905,0.052252485024245135,20,12,hbr,True,S20_D12 hbr,mild_master_37,,0.07025528932078538
612,az_itd=0_az=5,7.0,3.485571662020364e-17,0.0004050336401776871,4.373187884826998e-09,6.297770869169967,0.027541335266470488,20,12,hbr,True,S20_D12 hbr,mild_master_37,,0.014218191404091802
613,az_itd=15_az=0,7.0,3.485571662020364e-17,1.3221403088179826e-05,4.377615177767103e-09,10.754214354838684,0.04707781198470268,20,12,hbr,True,S20_D12 hbr,mild_master_37,,0.07079342656246379
614,az_itd=5_az=0,7.0,3.485571662020364e-17,2.5907602404783454e-05,4.386173651399091e-09,9.713330949792896,0.042604356279300905,20,12,hbr,True,S20_D12 hbr,mild_master_37,,0.08998543912076834
615,constant,7.0,3.485571662020364e-17,0.6426816820971126,5.260526903684897e-09,-0.48470935854593,-0.0025498266210987135,20,12,hbr,False,S20_D12 hbr,mild_master_37,,
623,Linear,7.0,6.858633226956408e-19,0.10285406083457131,7.43144731723923e-14,1.8754306786086952,1.3937164285214734e-07,20,13,hbr,False,S20_D13 hbr,mild_master_37,,
624,ShortHbO,7.0,6.858633226956408e-19,0.012223714644499433,0.00016445253239247948,-3.351615090901993,-551.181589303683,20,13,hbr,True,S20_D13 hbr,mild_master_37,,
625,az_itd=0_az=15,7.0,6.858633226956408e-19,1.559213911899928e-06,6.192394583666607e-10,-14.772591722120115,-0.009147771696677477,20,13,hbr,True,S20_D13 hbr,mild_master_37,,0.0019458515928707104
626,az_itd=0_az=5,7.0,6.858633226956408e-19,7.151384501771628e-06,6.134510551555045e-10,-11.791507802661647,-0.007233512903417152,20,13,hbr,True,S20_D13 hbr,mild_master_37,,-0.0032072751872368977
627,az_itd=15_az=0,7.0,6.858633226956408e-19,0.0005566122463644758,6.140720958235749e-10,-5.973841775567566,-0.003668369539241201,20,13,hbr,True,S20_D13 hbr,mild_master_37,,-0.0035252670851562647
628,az_itd=5_az=0,7.0,6.858633226956408e-19,0.001029651111890279,6.152726398702367e-10,-5.380650204756981,-0.003310566855699158,20,13,hbr,True,S20_D13 hbr,mild_master_37,,0.004046011786511193
629,constant,7.0,6.858633226956408e-19,0.759659344143916,7.379229671187753e-10,0.31814068182654853,0.00023476331589463695,20,13,hbr,False,S20_D13 hbr,mild_master_37,,
637,Linear,7.0,1.0347706905494925e-18,0.09913171476043929,9.128021898639769e-14,1.9005095222112818,1.7347892537317985e-07,20,20,hbr,False,S20_D20 hbr,mild_master_37,,
638,ShortHbO,7.0,1.0347706905494925e-18,3.3998082482813645e-05,0.00020199649582162206,-9.318710581084257,-1882.3468829548913,20,20,hbr,True,S20_D20 hbr,mild_master_37,,
639,az_itd=0_az=15,7.0,1.0347706905494925e-18,3.0482329599170907e-06,7.606097567778463e-10,-13.383143221233809,-0.01017934931042573,20,20,hbr,True,S20_D20 hbr,mild_master_37,,-0.003580851349328666
640,az_itd=0_az=5,7.0,1.0347706905494925e-18,1.3740527274194298e-06,7.534998804624989e-10,-15.04938606506377,-0.011339710601059547,20,20,hbr,True,S20_D20 hbr,mild_master_37,,-0.004365827807435433
641,az_itd=15_az=0,7.0,1.0347706905494925e-18,0.2631214430982254,7.542627026391349e-10,-1.2167661940629138,-0.0009177613580138275,20,20,hbr,False,S20_D20 hbr,mild_master_37,,0.004684066271321687
642,az_itd=5_az=0,7.0,1.0347706905494925e-18,0.0015504610350653308,7.557373268785868e-10,-5.008448410276046,-0.0037850714133913265,20,20,hbr,True,S20_D20 hbr,mild_master_37,,0.01105976243169333
643,constant,7.0,1.0347706905494925e-18,0.7265563669779764,9.06388313854285e-10,0.36406675655180665,0.0003299858536013905,20,20,hbr,False,S20_D20 hbr,mild_master_37,,
651,Linear,7.0,1.8720781312866205e-18,0.003329804165806103,1.227768816771311e-13,4.356143646302182,5.348337330306295e-07,21,11,hbr,True,S21_D11 hbr,mild_master_37,,
652,ShortHbO,7.0,1.8720781312866205e-18,0.001625597543609029,0.00027169632305967735,-4.966499703267705,-1349.3797078548141,21,11,hbr,True,S21_D11 hbr,mild_master_37,,
653,az_itd=0_az=15,7.0,1.8720781312866205e-18,8.577855286130431e-08,1.0230616791607513e-09,-22.534202872925118,-0.023053879429723798,21,11,hbr,True,S21_D11 hbr,mild_master_37,,-0.01093144238641101
654,az_itd=0_az=5,7.0,1.8720781312866205e-18,3.8247781164528306e-07,1.0134985070649597e-09,-18.14158651072971,-0.018386470844414374,21,11,hbr,True,S21_D11 hbr,mild_master_37,,-0.028769609946858152
655,az_itd=15_az=0,7.0,1.8720781312866205e-18,1.1143754548576412e-07,1.0145245445697064e-09,-21.696999358673928,-0.02201213839288788,21,11,hbr,True,S21_D11 hbr,mild_master_37,,-0.012664797506582838
656,az_itd=5_az=0,7.0,1.8720781312866205e-18,3.3378395130253325e-08,1.0165079947386023e-09,-25.824301366436412,-0.026250608797521623,21,11,hbr,True,S21_D11 hbr,mild_master_37,,-0.015201834783880352
657,constant,7.0,1.8720781312866205e-18,0.268945198381951,1.219141803112951e-09,1.2006225517859468,0.0014637291426423916,21,11,hbr,False,S21_D11 hbr,mild_master_37,,
665,Linear,7.0,9.14192313359188e-19,0.05799691135867164,8.579725564171124e-14,2.2638992412668313,1.9423634195004646e-07,21,12,hbr,False,S21_D12 hbr,mild_master_37,,
666,ShortHbO,7.0,9.14192313359188e-19,3.5620297700469825e-06,0.00018986309611417719,-13.078308500810222,-2483.088143900192,21,12,hbr,True,S21_D12 hbr,mild_master_37,,
667,az_itd=0_az=15,7.0,9.14192313359188e-19,1.3847121637040013e-06,7.149219236160387e-10,-15.03232613085444,-0.010746939513894101,21,12,hbr,True,S21_D12 hbr,mild_master_37,,-0.004034562111414564
668,az_itd=0_az=5,7.0,9.14192313359188e-19,0.001018020889083301,7.082391189231653e-10,-5.391226256597201,-0.003818277333887836,21,12,hbr,True,S21_D12 hbr,mild_master_37,,-0.014080912993906774
669,az_itd=15_az=0,7.0,9.14192313359188e-19,6.570977916268335e-06,7.089561203723813e-10,-11.941305762662271,-0.008465861805677403,21,12,hbr,True,S21_D12 hbr,mild_master_37,,-0.008217044966808777
670,az_itd=5_az=0,7.0,9.14192313359188e-19,2.315226546980102e-06,7.10342167801415e-10,-13.937681780520643,-0.009900523090101318,21,12,hbr,True,S21_D12 hbr,mild_master_37,,-0.007459192665058456
671,constant,7.0,9.14192313359188e-19,0.5288998440755073,8.519439451170039e-10,0.6624215043658491,0.0005643459897597821,21,12,hbr,False,S21_D12 hbr,mild_master_37,,
679,Linear,7.0,3.611614829029796e-18,0.9331043298284651,1.705317809238642e-13,-0.08700466910230069,-1.4837061170706838e-08,21,19,hbr,False,S21_D19 hbr,mild_master_37,,
680,ShortHbO,7.0,3.611614829029796e-18,7.694255030042895e-05,0.0003773744471184307,-8.214636166786693,-3099.9937817201935,21,19,hbr,True,S21_D19 hbr,mild_master_37,,
681,az_itd=0_az=15,7.0,3.611614829029796e-18,5.787026446810804e-05,1.4209884447223122e-09,-8.586319780979197,-0.012201061191462054,21,19,hbr,True,S21_D19 hbr,mild_master_37,,0.005349451662506437
682,az_itd=0_az=5,7.0,3.611614829029796e-18,4.262464914101436e-06,1.4077056121035027e-09,12.735013441819175,0.0179271498922624,21,19,hbr,True,S21_D19 hbr,mild_master_37,,0.016264271833560495
683,az_itd=15_az=0,7.0,3.611614829029796e-18,0.0027690053990009063,1.409130733841317e-09,4.508797241265821,0.0063534847653266115,21,19,hbr,True,S21_D19 hbr,mild_master_37,,0.023440724387042734
684,az_itd=5_az=0,7.0,3.611614829029796e-18,2.9360771260672514e-06,1.4118856603800528e-09,-13.457488287250063,-0.01900043473750088,21,19,hbr,True,S21_D19 hbr,mild_master_37,,-0.026228024179134966
685,constant,7.0,3.611614829029796e-18,0.6750767540590912,1.6933352602186774e-09,0.43728674604956164,0.0007404730659120131,21,19,hbr,False,S21_D19 hbr,mild_master_37,,
693,Linear,7.0,4.248565885213811e-17,0.3943763612473706,5.848921499326877e-13,0.9073648197846753,5.307105602171445e-07,22,10,hbr,False,S22_D10 hbr,mild_master_37,,
694,ShortHbO,7.0,4.248565885213811e-17,1.355121709587482e-05,0.001294323852767964,-10.714401309308435,-13867.905182766212,22,10,hbr,True,S22_D10 hbr,mild_master_37,,
695,az_itd=0_az=15,7.0,4.248565885213811e-17,0.002605349900356062,4.873724897262431e-09,4.559858788628217,0.022223497306138252,22,10,hbr,True,S22_D10 hbr,mild_master_37,,0.0158664492209263
696,az_itd=0_az=5,7.0,4.248565885213811e-17,0.034211058731341844,4.828167262870047e-09,-2.6239718808948616,-0.012668975134028112,22,10,hbr,True,S22_D10 hbr,mild_master_37,,-0.033922163703437834
697,az_itd=15_az=0,7.0,4.248565885213811e-17,8.977283068677926e-07,4.833055164190435e-09,-16.01796772458333,-0.07741572163113317,22,10,hbr,True,S22_D10 hbr,mild_master_37,,0.0055225471192992814
698,az_itd=5_az=0,7.0,4.248565885213811e-17,2.2314303338545967e-06,4.8425040475447185e-09,-14.013620026452182,-0.06786101169884841,22,10,hbr,True,S22_D10 hbr,mild_master_37,,-0.10163447023128323
699,constant,7.0,4.248565885213811e-17,0.5596908618335159,5.807823594760397e-09,0.6123071070147668,0.0035561716633598418,22,10,hbr,False,S22_D10 hbr,mild_master_37,,
707,Linear,7.0,9.589101758655108e-19,0.17552539585525392,8.787059708771781e-14,-1.5070536167762678,-1.324257011493353e-07,22,11,hbr,False,S22_D11 hbr,mild_master_37,,
708,ShortHbO,7.0,9.589101758655108e-19,9.781829824485082e-06,0.00019445125016754851,11.251985498248978,2187.96264700164,22,11,hbr,True,S22_D11 hbr,mild_master_37,,
709,az_itd=0_az=15,7.0,9.589101758655108e-19,0.001999458552772253,7.321984348960947e-10,4.7855237141005595,0.003503952973622576,22,11,hbr,True,S22_D11 hbr,mild_master_37,,0.003395511873964781
710,az_itd=0_az=5,7.0,9.589101758655108e-19,1.8777827982547804e-06,7.253541362738214e-10,14.374258269443256,0.010426427691608847,22,11,hbr,True,S22_D11 hbr,mild_master_37,,0.006969127399325455
711,az_itd=15_az=0,7.0,9.589101758655108e-19,0.005223573677121458,7.260884644872841e-10,3.9949228337555023,0.002900667386106722,22,11,hbr,True,S22_D11 hbr,mild_master_37,,0.003921123096498258
712,az_itd=5_az=0,7.0,9.589101758655108e-19,5.0099945232639606e-05,7.275080065725192e-10,8.779803684904401,0.006387377476902858,22,11,hbr,True,S22_D11 hbr,mild_master_37,,0.014505315147024423
713,constant,7.0,9.589101758655108e-19,0.8164485454657008,8.725316746180708e-10,-0.24101778423276596,-0.00021029565088935212,22,11,hbr,False,S22_D11 hbr,mild_master_37,,
721,Linear,7.0,5.774024813371633e-19,0.7452915804324917,6.818579944416068e-14,-0.3379751255163388,-2.3045104125572107e-08,22,12,hbr,False,S22_D12 hbr,mild_master_37,,
722,ShortHbO,7.0,5.774024813371633e-19,0.010261461617511503,0.0001508902224979195,-3.4803464859472646,-525.150255634435,22,12,hbr,True,S22_D12 hbr,mild_master_37,,
723,az_itd=0_az=15,7.0,5.774024813371633e-19,0.09605733836568978,5.681711208279912e-10,-1.921924402156681,-0.0010919819417200282,22,12,hbr,False,S22_D12 hbr,mild_master_37,,0.002349878147652066
724,az_itd=0_az=5,7.0,5.774024813371633e-19,0.86286956630213,5.628600840459332e-10,-0.17918375020651495,-0.00010085538070090451,22,12,hbr,False,S22_D12 hbr,mild_master_37,,-0.010922899292845185
725,az_itd=15_az=0,7.0,5.774024813371633e-19,1.2403285947685682e-05,5.634299078316913e-10,10.858046521801793,0.006117748151011001,22,12,hbr,True,S22_D12 hbr,mild_master_37,,0.0036877414066566797
726,az_itd=5_az=0,7.0,5.774024813371633e-19,0.003290777639476779,5.645314436711458e-10,4.3658172671114235,0.002464641124606828,22,12,hbr,True,S22_D12 hbr,mild_master_37,,0.002856147519958564
727,constant,7.0,5.774024813371633e-19,0.7688527930271841,6.770668658913812e-10,-0.30552340004172535,-0.00020685977092272964,22,12,hbr,False,S22_D12 hbr,mild_master_37,,
735,Linear,7.0,9.235125136039474e-18,0.6260522539254927,2.7269426601519495e-13,0.5095221120377367,1.3894375836064251e-07,22,19,hbr,False,S22_D19 hbr,mild_master_37,,
736,ShortHbO,7.0,9.235125136039474e-18,4.043868892785117e-05,0.0006034526075570324,-9.074158447808808,-5475.824576715899,22,19,hbr,True,S22_D19 hbr,mild_master_37,,
737,az_itd=0_az=15,7.0,9.235125136039474e-18,0.002314812218265642,2.2722767501186534e-09,-4.659887794301611,-0.010588554693153245,22,19,hbr,True,S22_D19 hbr,mild_master_37,,0.02120735941098789
738,az_itd=0_az=5,7.0,9.235125136039474e-18,9.589946545966177e-06,2.2510364143175156e-09,11.285432939695273,0.025403920498592428,22,19,hbr,True,S22_D19 hbr,mild_master_37,,0.025311804353666437
739,az_itd=15_az=0,7.0,9.235125136039474e-18,0.004471874744021213,2.2533153005413632e-09,-4.1178036129724145,-0.009278709885735247,22,19,hbr,True,S22_D19 hbr,mild_master_37,,0.022117257491928572
740,az_itd=5_az=0,7.0,9.235125136039474e-18,1.6644290772349727e-06,2.2577206534107016e-09,-14.631506216715712,-0.03303385377598614,22,19,hbr,True,S22_D19 hbr,mild_master_37,,-0.02682081750516162
741,constant,7.0,9.235125136039474e-18,0.8757192791533692,2.7077815841795525e-09,0.1622156102306424,0.00043924444204898177,22,19,hbr,False,S22_D19 hbr,mild_master_37,,
749,Linear,7.0,1.5936863231818065e-18,0.8604756741319294,1.1328072936888917e-13,-0.1823512325106032,-2.0656880620117022e-08,22,20,hbr,False,S22_D20 hbr,mild_master_37,,
750,ShortHbO,7.0,1.5936863231818065e-18,0.0020323912736449,0.0002506820276147999,-4.7714120047531186,-1196.107235937109,22,20,hbr,True,S22_D20 hbr,mild_master_37,,
751,az_itd=0_az=15,7.0,1.5936863231818065e-18,0.023422255450503367,9.439331869452187e-10,-2.8868225301293755,-0.0027249675910102815,22,20,hbr,True,S22_D20 hbr,mild_master_37,,-0.0022819004215034557
752,az_itd=0_az=5,7.0,1.5936863231818065e-18,4.985045571412634e-05,9.351096764007801e-10,8.786568851372964,0.008216405555280547,22,20,hbr,True,S22_D20 hbr,mild_master_37,,-0.006535005076792353
753,az_itd=15_az=0,7.0,1.5936863231818065e-18,0.0025046509323892055,9.360563552487017e-10,-4.59306889626463,-0.004299371330443647,22,20,hbr,True,S22_D20 hbr,mild_master_37,,0.004247802163996913
754,az_itd=5_az=0,7.0,1.5936863231818065e-18,0.8942176241093653,9.378863958779324e-10,0.13788001408758202,0.00012931578947620085,22,20,hbr,False,S22_D20 hbr,mild_master_37,,0.0011991719284934297
755,constant,7.0,1.5936863231818065e-18,0.9526552040339816,1.124847534602777e-09,-0.06153245395000344,-6.921462912372029e-05,22,20,hbr,False,S22_D20 hbr,mild_master_37,,
805,Linear,7.0,1.2570976805129292e-16,0.840801427679919,1.0060953142511428e-12,-0.2084656721884263,-2.097363359709905e-07,23,9,hbr,False,S23_D9 hbr,mild_master_37,,
806,ShortHbO,7.0,1.2570976805129292e-16,0.0002270200726547761,0.0022264158675119844,-6.920949131141082,-15408.91096381579,23,9,hbr,True,S23_D9 hbr,mild_master_37,,
807,az_itd=0_az=15,7.0,1.2570976805129292e-16,0.0038833380353456505,8.383480241013963e-09,4.230995800918414,0.03547046969681257,23,9,hbr,True,S23_D9 hbr,mild_master_37,,0.1797064343910286
808,az_itd=0_az=5,7.0,1.2570976805129292e-16,8.544722023160064e-06,8.30511481501907e-09,11.482068168965215,0.09535989445713189,23,9,hbr,True,S23_D9 hbr,mild_master_37,,0.09023866725543131
809,az_itd=15_az=0,7.0,1.2570976805129292e-16,0.00703065158272114,8.313522680666661e-09,3.7647925982356867,0.03129868865343835,23,9,hbr,True,S23_D9 hbr,mild_master_37,,0.18575730689120704
810,az_itd=5_az=0,7.0,1.2570976805129292e-16,1.363683616647146e-05,8.32977606561762e-09,-10.704245601083864,-0.08916396880840106,23,9,hbr,True,S23_D9 hbr,mild_master_37,,-0.05941358950282097
811,constant,7.0,1.2570976805129292e-16,0.8342166141878008,9.990259068031825e-09,-0.2172411607124743,-0.0021702954757575554,23,9,hbr,False,S23_D9 hbr,mild_master_37,,
763,Linear,7.0,5.5104490803801083e-17,0.5455274175478888,6.661133084350257e-13,-0.6351447427823664,-4.230783659498755e-07,23,10,hbr,False,S23_D10 hbr,mild_master_37,,
764,ShortHbO,7.0,5.5104490803801083e-17,0.11617435862812367,0.0014740603782301747,-1.792369490938019,-2642.0608497403223,23,10,hbr,False,S23_D10 hbr,mild_master_37,,
765,az_itd=0_az=15,7.0,5.5104490803801083e-17,1.6805038234253853e-05,5.55051562256606e-09,10.372247405362764,0.057571321264586306,23,10,hbr,True,S23_D10 hbr,mild_master_37,,0.16043363270596042
766,az_itd=0_az=5,7.0,5.5104490803801083e-17,4.440799990866481e-05,5.498631618697865e-09,8.944483350740251,0.04918241896529697,23,10,hbr,True,S23_D10 hbr,mild_master_37,,0.07642896020351818
767,az_itd=15_az=0,7.0,5.5104490803801083e-17,0.21751070644536039,5.504198279355224e-09,1.3550191114868657,0.007458293861939451,23,10,hbr,False,S23_D10 hbr,mild_master_37,,0.09766656961575057
768,az_itd=5_az=0,7.0,5.5104490803801083e-17,3.080683014183623e-05,5.514959283675188e-09,-9.460187644044083,-0.05217254967283023,23,10,hbr,True,S23_D10 hbr,mild_master_37,,-0.0414714355599896
769,constant,7.0,5.5104490803801083e-17,0.9759307417884941,6.614328111529755e-09,-0.03126529122441417,-0.0002067988946608072,23,10,hbr,False,S23_D10 hbr,mild_master_37,,
777,Linear,7.0,1.19371576417873e-17,0.9915544865379315,3.100309695076891e-13,-0.010968694221489364,-3.4006349037217345e-09,23,11,hbr,False,S23_D11 hbr,mild_master_37,,
778,ShortHbO,7.0,1.19371576417873e-17,0.0002864547603338952,0.0006860760209839722,-6.665271508152606,-4572.88295509118,23,11,hbr,True,S23_D11 hbr,mild_master_37,,
779,az_itd=0_az=15,7.0,1.19371576417873e-17,0.008457267921370628,2.583391921375467e-09,3.624692957674329,0.009364002504322408,23,11,hbr,True,S23_D11 hbr,mild_master_37,,0.04320471336216044
780,az_itd=0_az=5,7.0,1.19371576417873e-17,8.385203363159112e-06,2.559243405173338e-09,11.514473284407742,0.029468339817165103,23,11,hbr,True,S23_D11 hbr,mild_master_37,,0.026822972138860736
781,az_itd=15_az=0,7.0,1.19371576417873e-17,0.00027223894095247247,2.5618343115231534e-09,-6.720606395867957,-0.01721708005917649,23,11,hbr,True,S23_D11 hbr,mild_master_37,,0.012211962155477943
782,az_itd=5_az=0,7.0,1.19371576417873e-17,4.2203823036562245e-06,2.5668428356885585e-09,-12.753766851013602,-0.03273691506956649,23,11,hbr,True,S23_D11 hbr,mild_master_37,,-0.03827425137003707
783,constant,7.0,1.19371576417873e-17,0.7822500668464538,3.0785251264193247e-09,0.28723377238025094,0.0008842563854288116,23,11,hbr,False,S23_D11 hbr,mild_master_37,,
791,Linear,7.0,3.200051950888662e-17,0.7807238194561499,5.076134586139396e-13,-0.2893117724420635,-1.468585494270449e-07,23,19,hbr,False,S23_D19 hbr,mild_master_37,,
792,ShortHbO,7.0,3.200051950888662e-17,0.6373422690242937,0.0011233117208799578,0.4926396307675708,553.3878714111869,23,19,hbr,False,S23_D19 hbr,mild_master_37,,
793,az_itd=0_az=15,7.0,3.200051950888662e-17,0.004448024126436486,4.229785528352477e-09,4.122065260853881,0.017435451987284224,23,19,hbr,True,S23_D19 hbr,mild_master_37,,0.08393046291231974
794,az_itd=0_az=5,7.0,3.200051950888662e-17,0.0002893247457081772,4.1902471820729985e-09,6.6544746356575075,0.02788389359024011,23,19,hbr,True,S23_D19 hbr,mild_master_37,,0.04697578378822746
795,az_itd=15_az=0,7.0,3.200051950888662e-17,0.5331021503381387,4.194489270969031e-09,0.6554783739591089,0.0027493970069237083,23,19,hbr,False,S23_D19 hbr,mild_master_37,,0.03672956805504064
796,az_itd=5_az=0,7.0,3.200051950888662e-17,0.0002013902140511933,4.202689723582491e-09,-7.055585501993711,-0.02965243668308658,23,19,hbr,True,S23_D19 hbr,mild_master_37,,-0.036419014520172835
797,constant,7.0,3.200051950888662e-17,0.9960314550573222,5.040466729285483e-09,-0.005154094999633256,-2.5979044365228105e-05,23,19,hbr,False,S23_D19 hbr,mild_master_37,,
847,Linear,7.0,5.551422394856041e-17,0.6927404554200531,6.685851871259609e-13,-0.41188973751958347,-2.7538337723479366e-07,24,9,hbr,False,S24_D9 hbr,mild_master_37,,
848,ShortHbO,7.0,5.551422394856041e-17,0.013367290981073653,0.0014795304662646857,-3.2864737892783915,-4862.438097817727,24,9,hbr,True,S24_D9 hbr,mild_master_37,,
849,az_itd=0_az=15,7.0,5.551422394856041e-17,0.0016702776986452063,5.5711130211128e-09,4.942562321105939,0.027535573304774796,24,9,hbr,True,S24_D9 hbr,mild_master_37,,0.1116659202440106
850,az_itd=0_az=5,7.0,5.551422394856041e-17,8.871097510529992e-06,5.519036480986978e-09,11.417858101129651,0.06301557539486724,24,9,hbr,True,S24_D9 hbr,mild_master_37,,0.04917341257985329
851,az_itd=15_az=0,7.0,5.551422394856041e-17,0.045227364816713946,5.5246237989554635e-09,2.4329043949229856,0.01344088152077487,24,9,hbr,True,S24_D9 hbr,mild_master_37,,0.08509590118858315
852,az_itd=5_az=0,7.0,5.551422394856041e-17,5.761389263884495e-06,5.535424736267209e-09,-12.177466011258602,-0.06740744658377404,24,9,hbr,True,S24_D9 hbr,mild_master_37,,-0.05129586390569914
853,constant,7.0,5.551422394856041e-17,0.9489848548023165,6.638873209948755e-09,0.06631039166287411,0.0004402262827518643,24,9,hbr,False,S24_D9 hbr,mild_master_37,,
819,Linear,7.0,5.284395370838192e-17,0.912511405337955,6.523073402058759e-13,0.11390478642758994,7.430092827129955e-08,24,10,hbr,False,S24_D10 hbr,mild_master_37,,
820,ShortHbO,7.0,5.284395370838192e-17,0.23974833905359974,0.001443508773132377,-1.2847760869363287,-1854.5855530032757,24,10,hbr,False,S24_D10 hbr,mild_master_37,,
821,az_itd=0_az=15,7.0,5.284395370838192e-17,0.5007411978910861,5.435474770851832e-09,-0.7098699695316736,-0.0038584803099747707,24,10,hbr,False,S24_D10 hbr,mild_master_37,,0.08592944879118725
822,az_itd=0_az=5,7.0,5.284395370838192e-17,0.00023485305960193445,5.384666122932746e-09,6.88318998913643,0.037063679952212755,24,10,hbr,True,S24_D10 hbr,mild_master_37,,0.055421919073436826
823,az_itd=15_az=0,7.0,5.284395370838192e-17,0.36897972043091076,5.3901174081138824e-09,0.9601131676680812,0.005175122698807088,24,10,hbr,False,S24_D10 hbr,mild_master_37,,0.08028352557750354
824,az_itd=5_az=0,7.0,5.284395370838192e-17,2.7198732751222183e-05,5.4006553781814545e-09,-9.641657577878657,-0.05207126985255435,24,10,hbr,True,S24_D10 hbr,mild_master_37,,-0.029194896282310645
825,constant,7.0,5.284395370838192e-17,0.9575359291297477,6.477238516398418e-09,0.05518135273581149,0.00035742278332736536,24,10,hbr,False,S24_D10 hbr,mild_master_37,,
833,Linear,7.0,9.486586252700541e-17,0.784329212956471,8.739962991406161e-13,-0.2844052459263279,-2.4856913239578735e-07,24,19,hbr,False,S24_D19 hbr,mild_master_37,,
834,ShortHbO,7.0,9.486586252700541e-17,0.0010056325834886062,0.0019340903401401648,-5.402640768697299,-10449.195321984882,24,19,hbr,True,S24_D19 hbr,mild_master_37,,
835,az_itd=0_az=15,7.0,9.486586252700541e-17,0.005449302062043559,7.282740114954632e-09,3.961772644036205,0.02885256056105235,24,19,hbr,True,S24_D19 hbr,mild_master_37,,0.15817467123738338
836,az_itd=0_az=5,7.0,9.486586252700541e-17,0.0003303758435077012,7.2146639681622236e-09,6.512033938888103,0.04698213661834552,24,19,hbr,True,S24_D19 hbr,mild_master_37,,0.046996426275314834
837,az_itd=15_az=0,7.0,9.486586252700541e-17,0.19036134599695337,7.221967891911373e-09,1.4499237167162158,0.010471302527845313,24,19,hbr,False,S24_D19 hbr,mild_master_37,,0.09872442999563683
838,az_itd=5_az=0,7.0,9.486586252700541e-17,0.000131334568810856,7.236087228414018e-09,-7.5529831851608815,-0.054654045162568485,24,19,hbr,True,S24_D19 hbr,mild_master_37,,-0.04212064196880616
839,constant,7.0,9.486586252700541e-17,0.9450766494938794,8.678550957584761e-09,-0.07139986677990429,-0.0006196473822141627,24,19,hbr,False,S24_D19 hbr,mild_master_37,,
