,Condition,df,mse,p_value,se,t,theta,Source,Detector,Chroma,Significant,ch_name,ID,mean_hbo,mean_hbr
588,Linear,7.0,2.1017943551787742e-16,0.10369663343526753,1.1362563082190077e-12,1.869876495923058,2.1246589640830283e-06,1,7,hbo,False,S1_D7 hbo,mild_master_20,,
589,ShortHbO,7.0,2.1017943551787742e-16,4.958864054913265e-10,0.008384698412951004,47.271052119318796,396353.5156833765,1,7,hbo,True,S1_D7 hbo,mild_master_20,,
590,az_itd=0_az=15,7.0,2.1017943551787742e-16,0.012374947418161593,1.0743828021481978e-08,-3.342633274417377,-0.035912677039223476,1,7,hbo,True,S1_D7 hbo,mild_master_20,-0.31557905590210394,
591,az_itd=0_az=5,7.0,2.1017943551787742e-16,0.0005668513719300341,1.0724806512079404e-08,-5.955639415926371,-0.06387308039152392,1,7,hbo,True,S1_D7 hbo,mild_master_20,-0.2690122662086895,
592,az_itd=15_az=0,7.0,2.1017943551787742e-16,0.004048982049419554,1.0903893425300362e-08,-4.197328719335295,-0.045767225026584514,1,7,hbo,True,S1_D7 hbo,mild_master_20,0.008621362664832473,
593,az_itd=5_az=0,7.0,2.1017943551787742e-16,3.842515304546213e-06,1.0727427695678633e-08,-12.932325765392099,-0.13873058958520557,1,7,hbo,True,S1_D7 hbo,mild_master_20,-0.21131485640794306,
594,constant,7.0,2.1017943551787742e-16,0.846445947802491,1.2587594411875382e-08,0.20095781522995,0.002529575472011204,1,7,hbo,False,S1_D7 hbo,mild_master_20,,
602,Linear,7.0,5.693867478848848e-17,0.7767343427297086,5.914048396593106e-13,0.2947501807322178,1.743166833754901e-07,1,8,hbo,False,S1_D8 hbo,mild_master_20,,
603,ShortHbO,7.0,5.693867478848848e-17,8.605879218049378e-11,0.004364113259160177,60.74190598430443,265084.55729276384,1,8,hbo,True,S1_D8 hbo,mild_master_20,,
604,az_itd=0_az=15,7.0,5.693867478848848e-17,0.0004196348371635755,5.592005819823413e-09,6.261066347748755,0.035011919454911555,1,8,hbo,True,S1_D8 hbo,mild_master_20,-0.10274476259492585,
605,az_itd=0_az=5,7.0,5.693867478848848e-17,0.0008281855889297599,5.582105401549001e-09,-5.5857889256546684,-0.031180462533809513,1,8,hbo,True,S1_D8 hbo,mild_master_20,-0.10623185190708459,
606,az_itd=15_az=0,7.0,5.693867478848848e-17,0.9348272448460093,5.6753175284541816e-09,0.08475762137176374,0.0004810264142412535,1,8,hbo,False,S1_D8 hbo,mild_master_20,0.030169781905756175,
607,az_itd=5_az=0,7.0,5.693867478848848e-17,1.0426770701829561e-05,5.583469689390579e-09,-11.144797941547933,-0.06222664150101541,1,8,hbo,True,S1_D8 hbo,mild_master_20,-0.18414759222452196,
608,constant,7.0,5.693867478848848e-17,0.9249681815055101,6.551659340417699e-09,0.09762293606464777,0.0006395922209069493,1,8,hbo,False,S1_D8 hbo,mild_master_20,,
854,Linear,7.0,9.614321083899464e-17,4.833038165340818e-05,7.684940469485526e-13,8.82863287477396,6.784751806958075e-06,4,2,hbo,True,S4_D2 hbo,mild_master_20,,
855,ShortHbO,7.0,9.614321083899464e-17,1.9614132920988397e-10,0.0056708955270062655,53.98594111398144,306148.631984501,4,2,hbo,True,S4_D2 hbo,mild_master_20,,
856,az_itd=0_az=15,7.0,9.614321083899464e-17,4.194226732996881e-09,7.266466039594065e-09,-34.803231354545204,-0.25289649870593806,4,2,hbo,True,S4_D2 hbo,mild_master_20,-0.49211557987944726,
857,az_itd=0_az=5,7.0,9.614321083899464e-17,1.778899702433736e-10,7.2536010577813205e-09,-54.74608863129143,-0.39710628640532547,4,2,hbo,True,S4_D2 hbo,mild_master_20,-0.405860990669864,
858,az_itd=15_az=0,7.0,9.614321083899464e-17,6.1859671312987395e-09,7.374724457230181e-09,-32.91400010912088,-0.24273168159001055,4,2,hbo,True,S4_D2 hbo,mild_master_20,-0.3068942468362403,
859,az_itd=5_az=0,7.0,9.614321083899464e-17,1.5537366974741538e-09,7.255373865533757e-09,-40.133354541467604,-0.2911824916763646,4,2,hbo,True,S4_D2 hbo,mild_master_20,-0.32211718559322555,
860,constant,7.0,9.614321083899464e-17,0.22574977265549642,8.513476493777653e-09,1.3282932743800533,0.011308393568277533,4,2,hbo,False,S4_D2 hbo,mild_master_20,,
868,Linear,7.0,8.851038677706611e-17,0.001349071361039225,7.373578632339395e-13,5.133057414149141,3.784900246754141e-06,4,3,hbo,True,S4_D3 hbo,mild_master_20,,
869,ShortHbO,7.0,8.851038677706611e-17,8.478043076666339e-11,0.0054411344173967,60.872129605536024,331213.43945691467,4,3,hbo,True,S4_D3 hbo,mild_master_20,,
870,az_itd=0_az=15,7.0,8.851038677706611e-17,8.0719761473104e-07,6.972059046510429e-09,-16.26894959841764,-0.11342807722486993,4,3,hbo,True,S4_D3 hbo,mild_master_20,-0.3445645804182858,
871,az_itd=0_az=5,7.0,8.851038677706611e-17,6.018810296519404e-09,6.9597153002736745e-09,-33.04379723443833,-0.2299754211916614,4,3,hbo,True,S4_D3 hbo,mild_master_20,-0.28946860865437024,
872,az_itd=15_az=0,7.0,8.851038677706611e-17,2.274941406730339e-07,7.075931283155871e-09,-19.56471678840374,-0.1384385915691509,4,3,hbo,True,S4_D3 hbo,mild_master_20,-0.18731545453823,
873,az_itd=5_az=0,7.0,8.851038677706611e-17,3.87026066705404e-08,6.961416281226555e-09,-25.278950063391953,-0.17597729454360977,4,3,hbo,True,S4_D3 hbo,mild_master_20,-0.238608245360668,
874,constant,7.0,8.851038677706611e-17,0.4964456020942938,8.168545821623667e-09,0.7172578361918149,0.005858953500851482,4,3,hbo,False,S4_D3 hbo,mild_master_20,,
882,Linear,7.0,1.2490729765997822e-16,0.019109531273231374,8.759415006483932e-13,3.03018783544706,2.6542672798280045e-06,5,1,hbo,True,S5_D1 hbo,mild_master_20,,
883,ShortHbO,7.0,1.2490729765997822e-16,1.8982924797732107e-10,0.0064637751686821765,54.23934232228439,350590.9140684341,5,1,hbo,True,S5_D1 hbo,mild_master_20,,
884,az_itd=0_az=15,7.0,1.2490729765997822e-16,0.0004480140545984388,8.282431324492384e-09,-6.193656383053227,-0.05129853364014225,5,1,hbo,True,S5_D1 hbo,mild_master_20,-0.339470273364505,
885,az_itd=0_az=5,7.0,1.2490729765997822e-16,5.590545704879916e-07,8.267767617571535e-09,-17.16547162374406,-0.14192013043113422,5,1,hbo,True,S5_D1 hbo,mild_master_20,-0.36518678733739857,
886,az_itd=15_az=0,7.0,1.2490729765997822e-16,7.174047153688138e-06,8.405825957383207e-09,-11.785941848143464,-0.09907057591933333,5,1,hbo,True,S5_D1 hbo,mild_master_20,-0.2263079950521086,
887,az_itd=5_az=0,7.0,1.2490729765997822e-16,1.8237892080973864e-07,8.269788291497633e-09,-20.202391984727715,-0.1670695046955469,5,1,hbo,True,S5_D1 hbo,mild_master_20,-0.3676029272000331,
888,constant,7.0,1.2490729765997822e-16,0.6581978401844574,9.70379328936253e-09,0.4618519064507058,0.00448171543049565,5,1,hbo,False,S5_D1 hbo,mild_master_20,,
896,Linear,7.0,4.1698718550419745e-17,0.7125836686425726,5.061072412013804e-13,0.3837073886180788,1.9419708788208182e-07,7,7,hbo,False,S7_D7 hbo,mild_master_20,,
897,ShortHbO,7.0,4.1698718550419745e-17,6.268324108558064e-11,0.003734682528395081,63.55994488878552,237376.21568190155,7,7,hbo,True,S7_D7 hbo,mild_master_20,,
898,az_itd=0_az=15,7.0,4.1698718550419745e-17,6.952379290130126e-06,4.78547764317122e-09,11.841261520775813,0.056666092274616296,7,7,hbo,True,S7_D7 hbo,mild_master_20,-0.04826373401904583,
899,az_itd=0_az=5,7.0,4.1698718550419745e-17,0.006536870146403645,4.777005150145142e-09,-3.820633314328715,-0.018251185019364374,7,7,hbo,True,S7_D7 hbo,mild_master_20,-0.09774197779643545,
900,az_itd=15_az=0,7.0,4.1698718550419745e-17,0.05562485547835125,4.8567734057138144e-09,2.2922244805791006,0.011132814897202737,7,7,hbo,False,S7_D7 hbo,mild_master_20,0.03190363975633707,
901,az_itd=5_az=0,7.0,4.1698718550419745e-17,5.356636875566743e-07,4.7781726684158804e-09,-17.27280952689352,-0.08253246638815606,7,7,hbo,True,S7_D7 hbo,mild_master_20,-0.18070714671952567,
902,constant,7.0,4.1698718550419745e-17,0.9482047964120843,5.606721507352235e-09,-0.06732606415395524,-0.00037747849189735726,7,7,hbo,False,S7_D7 hbo,mild_master_20,,
924,Linear,7.0,1.7677653646135914e-15,0.20922738004957048,3.295288987462576e-12,-1.382802092031836,-4.556732505712721e-06,8,8,hbo,False,S8_D8 hbo,mild_master_20,,
925,ShortHbO,7.0,1.7677653646135914e-15,0.0007245846284396651,0.024316700504572106,5.714278627339798,138952.40198069927,8,8,hbo,True,S8_D8 hbo,mild_master_20,,
926,az_itd=0_az=15,7.0,1.7677653646135914e-15,3.1594771634950296e-06,3.1158478862814336e-08,13.312415563130292,0.4147946189367958,8,8,hbo,True,S8_D8 hbo,mild_master_20,0.4585147289552974,
927,az_itd=0_az=5,7.0,1.7677653646135914e-15,4.6351632123851144e-05,3.110331404656133e-08,8.88568956840581,0.27637439316637996,8,8,hbo,True,S8_D8 hbo,mild_master_20,-0.18826108116718895,
928,az_itd=15_az=0,7.0,1.7677653646135914e-15,0.09498663786529682,3.162268905787431e-08,1.9295399011408847,0.06101724031853973,8,8,hbo,False,S8_D8 hbo,mild_master_20,0.048207649798491015,
929,az_itd=5_az=0,7.0,1.7677653646135914e-15,0.28822633189106556,3.111091581509381e-08,1.1491840536351885,0.0357521683486926,8,8,hbo,False,S8_D8 hbo,mild_master_20,0.027388189251810316,
930,constant,7.0,1.7677653646135914e-15,0.4759779794558736,3.650563780729602e-08,-0.7530502112052433,-0.027490578260966382,8,8,hbo,False,S8_D8 hbo,mild_master_20,,
910,Linear,7.0,8.454305933766342e-19,0.6803700725232528,7.2064300658591e-14,0.4296437813100291,3.096197863241986e-08,8,16,hbo,False,S8_D16 hbo,mild_master_20,,
911,ShortHbO,7.0,8.454305933766342e-19,0.00035553924466216833,0.0005317791619653196,6.434222194187376,3421.5852863236228,8,16,hbo,True,S8_D16 hbo,mild_master_20,,
912,az_itd=0_az=15,7.0,8.454305933766342e-19,0.05083031258826764,6.814012359393124e-10,-2.353429499515679,-0.0016036297696660207,8,16,hbo,False,S8_D16 hbo,mild_master_20,-0.006915194657548441,
913,az_itd=0_az=5,7.0,8.454305933766342e-19,6.419136328859839e-06,6.801948428371118e-10,-11.98298736183095,-0.0081507662052997,8,16,hbo,True,S8_D16 hbo,mild_master_20,-0.01620333990585724,
914,az_itd=15_az=0,7.0,8.454305933766342e-19,0.0004342626415670191,6.915529959800439e-10,-6.2257035293771255,-0.004305403927824284,8,16,hbo,True,S8_D16 hbo,mild_master_20,-0.014461071050059615,
915,az_itd=5_az=0,7.0,8.454305933766342e-19,0.00015774126327672958,6.803610850499029e-10,7.336512700073305,0.004991477741104267,8,16,hbo,True,S8_D16 hbo,mild_master_20,-0.006970556150571972,
916,constant,7.0,8.454305933766342e-19,0.881846627292471,7.983376476805841e-10,0.15414342613426502,0.000123058500225455,8,16,hbo,False,S8_D16 hbo,mild_master_20,,
952,Linear,7.0,1.9493232564452908e-16,0.0010435555807787838,1.0942665627001698e-12,5.368179347428896,5.874219162469058e-06,9,5,hbo,True,S9_D5 hbo,mild_master_20,,
953,ShortHbO,7.0,1.9493232564452908e-16,3.2426075448507013e-09,0.008074846357507756,36.113031313732016,291607.1793622525,9,5,hbo,True,S9_D5 hbo,mild_master_20,,
954,az_itd=0_az=15,7.0,1.9493232564452908e-16,5.2313685534602836e-08,1.0346795590280518e-08,-24.203188766619395,-0.25042544680118456,9,5,hbo,True,S9_D5 hbo,mild_master_20,-0.5154123654467324,
955,az_itd=0_az=5,7.0,1.9493232564452908e-16,4.2938069564084294e-08,1.0328477010607286e-08,-24.903031827585917,-0.2572103917256427,9,5,hbo,True,S9_D5 hbo,mild_master_20,-0.497668287993055,
956,az_itd=15_az=0,7.0,1.9493232564452908e-16,2.022997255428025e-06,1.0500945862518038e-08,-14.217516814484156,-0.14929737436833804,9,5,hbo,True,S9_D5 hbo,mild_master_20,-0.36588530182875895,
957,az_itd=5_az=0,7.0,1.9493232564452908e-16,5.534039497132328e-09,1.0331001329765372e-08,-33.44483334201735,-0.3455186177301624,9,5,hbo,True,S9_D5 hbo,mild_master_20,-0.4308777283197943,
958,constant,7.0,1.9493232564452908e-16,0.48650095676451466,1.2122426577623748e-08,0.7345236227025785,0.008904208685742215,9,5,hbo,False,S9_D5 hbo,mild_master_20,,
938,Linear,7.0,1.240196237406893e-16,0.8376652438810446,8.728234410267199e-13,0.21264289979195988,1.8559970750631838e-07,9,17,hbo,False,S9_D17 hbo,mild_master_20,,
939,ShortHbO,7.0,1.240196237406893e-16,0.00025056860155779165,0.006440766284707477,6.811531932038111,43871.48521507945,9,17,hbo,True,S9_D17 hbo,mild_master_20,,
940,az_itd=0_az=15,7.0,1.240196237406893e-16,0.0005740676520047238,8.25294863111267e-09,5.943030499625737,0.04904752542654706,9,17,hbo,True,S9_D17 hbo,mild_master_20,0.06565406834804426,
941,az_itd=0_az=5,7.0,1.240196237406893e-16,1.641793104155254e-06,8.238337122098212e-09,-14.660985306294073,-0.12078213949537889,9,17,hbo,True,S9_D17 hbo,mild_master_20,-0.0937637502037977,
942,az_itd=15_az=0,7.0,1.240196237406893e-16,0.0024617830226012277,8.375904020261687e-09,4.607656650179501,0.03859328986022398,9,17,hbo,True,S9_D17 hbo,mild_master_20,-0.03095061805050478,
943,az_itd=5_az=0,7.0,1.240196237406893e-16,0.005930835327393503,8.240350603099015e-09,3.895806331030356,0.03210281004946295,9,17,hbo,True,S9_D17 hbo,mild_master_20,-0.014021354321691219,
944,constant,7.0,1.240196237406893e-16,0.5843899971670703,9.669251021402593e-09,-0.5732854123497406,-0.005543240558917935,9,17,hbo,False,S9_D17 hbo,mild_master_20,,
28,Linear,7.0,2.0092794422641784e-17,0.01119059638445567,3.513187809326825e-13,3.4163622814827366,1.2002322319549129e-06,10,5,hbo,True,S10_D5 hbo,mild_master_20,,
29,ShortHbO,7.0,2.0092794422641784e-17,2.6436032817796693e-11,0.002592462636835258,71.91535450127903,186437.86955932816,10,5,hbo,True,S10_D5 hbo,mild_master_20,,
30,az_itd=0_az=15,7.0,2.0092794422641784e-17,0.0014612634841673386,3.321881283082765e-09,-5.061278757254494,-0.016812967172188102,10,5,hbo,True,S10_D5 hbo,mild_master_20,-0.1300329230086896,
31,az_itd=0_az=5,7.0,2.0092794422641784e-17,1.4381367520643835e-07,3.316000027730012e-09,-20.91023030897233,-0.06933832428439318,10,5,hbo,True,S10_D5 hbo,mild_master_20,-0.11450744059360711,
32,az_itd=15_az=0,7.0,2.0092794422641784e-17,2.7632823787743072e-06,3.371371862041235e-09,-13.57859636605473,-0.04577849771453228,10,5,hbo,True,S10_D5 hbo,mild_master_20,-0.12066134885750045,
33,az_itd=5_az=0,7.0,2.0092794422641784e-17,4.340794096027716e-08,3.316810470778839e-09,-24.863954734313086,-0.08246902540774073,10,5,hbo,True,S10_D5 hbo,mild_master_20,-0.09571471065247412,
34,constant,7.0,2.0092794422641784e-17,0.6224162776298828,3.891954915160513e-09,0.5149931626337273,0.0020043301705863926,10,5,hbo,False,S10_D5 hbo,mild_master_20,,
42,Linear,7.0,1.5236379444614459e-16,0.00025393964351400815,9.67435648767491e-13,6.796819274772378,6.575485264644804e-06,10,6,hbo,True,S10_D6 hbo,mild_master_20,,
43,ShortHbO,7.0,1.5236379444614459e-16,3.919028033465832e-10,0.00713893167428693,48.89169804973945,349034.49181695754,10,6,hbo,True,S10_D6 hbo,mild_master_20,,
44,az_itd=0_az=15,7.0,1.5236379444614459e-16,4.882476431859945e-08,9.147550739234605e-09,-24.4455458963501,-0.22361687143515083,10,6,hbo,True,S10_D6 hbo,mild_master_20,-0.504762161847477,
45,az_itd=0_az=5,7.0,1.5236379444614459e-16,3.4375082836203266e-09,9.131355373667607e-09,-35.811720965634564,-0.32700955067983206,10,6,hbo,True,S10_D6 hbo,mild_master_20,-0.4716585359764307,
46,az_itd=15_az=0,7.0,1.5236379444614459e-16,1.6901902209299284e-08,9.283834231496127e-09,-28.484231544257625,-0.2644428838684407,10,6,hbo,True,S10_D6 hbo,mild_master_20,-0.4533124591751404,
47,az_itd=5_az=0,7.0,1.5236379444614459e-16,5.173065272642748e-09,9.133587111733671e-09,-33.77046012554148,-0.30844543935996155,10,6,hbo,True,S10_D6 hbo,mild_master_20,-0.4141171678066509,
48,constant,7.0,1.5236379444614459e-16,0.39597462853084314,1.071737730139626e-08,0.9041312110752965,0.009689915319062293,10,6,hbo,False,S10_D6 hbo,mild_master_20,,
0,Linear,7.0,1.0261454947073554e-16,0.0005946569634177981,7.939363164882211e-13,5.908007618051081,4.690581806059824e-06,10,14,hbo,True,S10_D14 hbo,mild_master_20,,
1,ShortHbO,7.0,1.0261454947073554e-16,1.2973037125728594e-10,0.005858639925420653,57.276844426021015,335564.4075563941,10,14,hbo,True,S10_D14 hbo,mild_master_20,,
2,az_itd=0_az=15,7.0,1.0261454947073554e-16,7.511645008662898e-07,7.507034445184559e-09,-16.440940165618237,-0.12342270413451444,10,14,hbo,True,S10_D14 hbo,mild_master_20,-0.3732122811118115,
3,az_itd=0_az=5,7.0,1.0261454947073554e-16,2.1448790731059256e-08,7.493743546819563e-09,-27.52366328436869,-0.2062552741220724,10,14,hbo,True,S10_D14 hbo,mild_master_20,-0.3062231759092435,
4,az_itd=15_az=0,7.0,1.0261454947073554e-16,1.6798963750715688e-08,7.618876937222258e-09,-28.509291354549493,-0.21720878239772703,10,14,hbo,True,S10_D14 hbo,mild_master_20,-0.28008597843007477,
5,az_itd=5_az=0,7.0,1.0261454947073554e-16,3.80016131319193e-09,7.495575046311849e-09,-35.299777407914306,-0.2645921306791252,10,14,hbo,True,S10_D14 hbo,mild_master_20,-0.33848874646282806,
6,constant,7.0,1.0261454947073554e-16,0.4250184447816303,8.795329247919838e-09,0.8469698617089851,0.007449378796795657,10,14,hbo,False,S10_D14 hbo,mild_master_20,,
14,Linear,7.0,1.254016158683997e-16,2.8924435879143078e-05,8.776730499485363e-13,9.551662815204798,8.383237035100817e-06,10,16,hbo,True,S10_D16 hbo,mild_master_20,,
15,ShortHbO,7.0,1.254016158683997e-16,5.365328256606292e-10,0.006476552671930201,46.74054583342121,302717.60700492014,10,16,hbo,True,S10_D16 hbo,mild_master_20,,
16,az_itd=0_az=15,7.0,1.254016158683997e-16,3.182995772735202e-09,8.298803922608572e-09,-36.209340029274806,-0.30049421307001334,10,16,hbo,True,S10_D16 hbo,mild_master_20,-0.4953372000592826,
17,az_itd=0_az=5,7.0,1.254016158683997e-16,2.844917607376352e-10,8.284111228670398e-09,-51.18670843559027,-0.42403638610995115,10,16,hbo,True,S10_D16 hbo,mild_master_20,-0.47518940665427306,
18,az_itd=15_az=0,7.0,1.254016158683997e-16,1.9653165799227286e-09,8.4224424803392e-09,-38.803234075992684,-0.32681800705618635,10,16,hbo,True,S10_D16 hbo,mild_master_20,-0.43805659247903045,
19,az_itd=5_az=0,7.0,1.254016158683997e-16,5.137859660763357e-10,8.28613589703736e-09,-47.03153009918361,-0.3897096498474384,10,16,hbo,True,S10_D16 hbo,mild_master_20,-0.39538535671910974,
20,constant,7.0,1.254016158683997e-16,0.19878578689551105,9.722975616568733e-09,1.4192486733552587,0.013799320244880703,10,16,hbo,False,S10_D16 hbo,mild_master_20,,
112,Linear,7.0,2.7432931460893467e-16,0.0008714474701864965,1.298127367384524e-12,5.537355065871224,7.1881921539327695e-06,11,3,hbo,True,S11_D3 hbo,mild_master_20,,
113,ShortHbO,7.0,2.7432931460893467e-16,3.0048097126357674e-09,0.009579182441836327,36.509978652212254,349735.7464570907,11,3,hbo,True,S11_D3 hbo,mild_master_20,,
114,az_itd=0_az=15,7.0,2.7432931460893467e-16,4.626787108719598e-08,1.2274393624286303e-08,-24.636069330167434,-0.3023928123136825,11,3,hbo,True,S11_D3 hbo,mild_master_20,-0.6875852148951189,
115,az_itd=0_az=5,7.0,2.7432931460893467e-16,3.815885974039183e-08,1.2252662310897033e-08,-25.33059470297174,-0.3103672230297099,11,3,hbo,True,S11_D3 hbo,mild_master_20,-0.5772048646696837,
116,az_itd=15_az=0,7.0,2.7432931460893467e-16,4.278037109768908e-07,1.2457261943489554e-08,-17.848168917788104,-0.2223393154205349,11,3,hbo,True,S11_D3 hbo,mild_master_20,-0.5124815427741851,
117,az_itd=5_az=0,7.0,2.7432931460893467e-16,2.1896813751541316e-08,1.225565690827835e-08,-27.44183138495333,-0.3363176703888129,11,3,hbo,True,S11_D3 hbo,mild_master_20,-0.5942685846332008,
118,constant,7.0,2.7432931460893467e-16,0.5802206770841012,1.4380822951121012e-08,0.5798043676029307,0.008338063956784431,11,3,hbo,False,S11_D3 hbo,mild_master_20,,
126,Linear,7.0,4.8669800948497426e-17,0.6387890156941032,5.467779365513596e-13,0.4904875142738488,2.681877509588606e-07,11,4,hbo,False,S11_D4 hbo,mild_master_20,,
127,ShortHbO,7.0,4.8669800948497426e-17,9.382595500495428e-11,0.004034801007199475,59.995428055257364,242069.61354471603,11,4,hbo,True,S11_D4 hbo,mild_master_20,,
128,az_itd=0_az=15,7.0,4.8669800948497426e-17,0.00023469488322469453,5.170037846000071e-09,6.883938392244867,0.03559022201743885,11,4,hbo,True,S11_D4 hbo,mild_master_20,-0.10810614361787993,
129,az_itd=0_az=5,7.0,4.8669800948497426e-17,0.3208190286448016,5.160884504816397e-09,-1.0683390979014498,-0.005513574696249119,11,4,hbo,False,S11_D4 hbo,mild_master_20,-0.14419598753001778,
130,az_itd=15_az=0,7.0,4.8669800948497426e-17,0.0583004018494594,5.247062924391282e-09,-2.2603602059460424,-0.01186025223238892,11,4,hbo,False,S11_D4 hbo,mild_master_20,-0.08610853974302746,
131,az_itd=5_az=0,7.0,4.8669800948497426e-17,5.170515617969907e-05,5.1621458446649335e-09,-8.73716880769549,-0.045102539654781344,11,4,hbo,True,S11_D4 hbo,mild_master_20,-0.17455082319324275,
132,constant,7.0,4.8669800948497426e-17,0.884759024254982,6.0572767331506475e-09,-0.15031067072791046,-0.0009104733285444401,11,4,hbo,False,S11_D4 hbo,mild_master_20,,
56,Linear,7.0,1.5089545908306134e-16,0.0011589958564199724,9.627627572476206e-13,5.271286639909314,5.074998459681637e-06,11,11,hbo,True,S11_D11 hbo,mild_master_20,,
57,ShortHbO,7.0,1.5089545908306134e-16,1.2700832005481842e-09,0.007104449325694329,41.31034783443237,293487.27281653124,11,11,hbo,True,S11_D11 hbo,mild_master_20,,
58,az_itd=0_az=15,7.0,1.5089545908306134e-16,3.093862739932346e-08,9.103366392367283e-09,-26.108456752114265,-0.23767484775377168,11,11,hbo,True,S11_D11 hbo,mild_master_20,-0.4679332962579856,
59,az_itd=0_az=5,7.0,1.5089545908306134e-16,4.720780750012287e-08,9.087249253384674e-09,-24.564664833147607,-0.22322523216466533,11,11,hbo,True,S11_D11 hbo,mild_master_20,-0.46295958262476533,
60,az_itd=15_az=0,7.0,1.5089545908306134e-16,8.993040311566313e-08,9.23899161037966e-09,-22.38069239286372,-0.2067750292521558,11,11,hbo,True,S11_D11 hbo,mild_master_20,-0.3760682446310404,
61,az_itd=5_az=0,7.0,1.5089545908306134e-16,4.3730480465853506e-08,9.089470211746789e-09,-24.837408993804683,-0.22575888918615947,11,11,hbo,True,S11_D11 hbo,mild_master_20,-0.4955885601173049,
62,constant,7.0,1.5089545908306134e-16,0.4254343235805237,1.0665610404475776e-08,0.8461722049111637,0.009024943072678716,11,11,hbo,False,S11_D11 hbo,mild_master_20,,
70,Linear,7.0,2.715000085474291e-17,0.26191242433631046,4.083815568853568e-13,1.2201553745771916,4.982889515118692e-07,11,12,hbo,False,S11_D12 hbo,mild_master_20,,
71,ShortHbO,7.0,2.715000085474291e-17,9.248174779159545e-11,0.003013542074201732,60.11944755338025,181172.48467987575,11,12,hbo,True,S11_D12 hbo,mild_master_20,,
72,az_itd=0_az=15,7.0,2.715000085474291e-17,0.011257484200925523,3.861436176489547e-09,3.4119789998055152,0.013175139143271637,11,12,hbo,True,S11_D12 hbo,mild_master_20,-0.10087753716623574,
73,az_itd=0_az=5,7.0,2.715000085474291e-17,0.0004050517267329742,3.8545996611998685e-09,-6.297724490094564,-0.024275206685848618,11,12,hbo,True,S11_D12 hbo,mild_master_20,-0.09410554337602474,
74,az_itd=15_az=0,7.0,2.715000085474291e-17,0.0022342433369917773,3.918965237795524e-09,-4.690100004309672,-0.01838033887867424,11,12,hbo,True,S11_D12 hbo,mild_master_20,-0.08766540490332232,
75,az_itd=5_az=0,7.0,2.715000085474291e-17,1.5844912641681713e-05,3.855541740052493e-09,-10.464797864970013,-0.0403474649696041,11,12,hbo,True,S11_D12 hbo,mild_master_20,-0.13383821929798922,
76,constant,7.0,2.715000085474291e-17,0.9906427382816793,4.524103730979922e-09,-0.01215289967556453,-5.498097876444618e-05,11,12,hbo,False,S11_D12 hbo,mild_master_20,,
84,Linear,7.0,8.324574147852656e-17,0.007926393706329693,7.150924778436582e-13,3.6736032936252183,2.626966081853081e-06,11,13,hbo,True,S11_D13 hbo,mild_master_20,,
85,ShortHbO,7.0,8.324574147852656e-17,9.751109124950197e-11,0.00527683298276858,59.66557856619462,314845.29291406577,11,13,hbo,True,S11_D13 hbo,mild_master_20,,
86,az_itd=0_az=15,7.0,8.324574147852656e-17,0.00012108020045277137,6.761529547369384e-09,-7.650670688507592,-0.05173023591753694,11,13,hbo,True,S11_D13 hbo,mild_master_20,-0.28827140021036135,
87,az_itd=0_az=5,7.0,8.324574147852656e-17,3.571586097799828e-07,6.749558535025934e-09,-18.323311160726007,-0.12367426123481418,11,13,hbo,True,S11_D13 hbo,mild_master_20,-0.24352208128231365,
88,az_itd=15_az=0,7.0,8.324574147852656e-17,6.086233319535112e-06,6.862265240016885e-09,-12.0784310655142,-0.08288539765481821,11,13,hbo,True,S11_D13 hbo,mild_master_20,-0.17885325310699188,
89,az_itd=5_az=0,7.0,8.324574147852656e-17,2.9800892077640372e-08,6.751208152864178e-09,-26.249850025842125,-0.17721820150592732,11,13,hbo,True,S11_D13 hbo,mild_master_20,-0.3481728999650287,
90,constant,7.0,8.324574147852656e-17,0.676859077838039,7.921887001171215e-09,0.43471011708911483,0.0034437244258458755,11,13,hbo,False,S11_D13 hbo,mild_master_20,,
98,Linear,7.0,5.597362548620971e-17,0.00016766534922928815,5.863715834482623e-13,7.265533045395901,4.2603021164244695e-06,11,20,hbo,True,S11_D20 hbo,mild_master_20,,
99,ShortHbO,7.0,5.597362548620971e-17,5.906781004118578e-10,0.004326971696064346,46.10113534235353,199478.3077827954,11,20,hbo,True,S11_D20 hbo,mild_master_20,,
100,az_itd=0_az=15,7.0,5.597362548620971e-17,1.3813749016781286e-08,5.544414058415004e-09,-29.32347378860669,-0.16258148031511482,11,20,hbo,True,S11_D20 hbo,mild_master_20,-0.3107092150805063,
101,az_itd=0_az=5,7.0,5.597362548620971e-17,3.7075563863870862e-09,5.53459789941348e-09,-35.425026897079846,-0.19606327945124413,11,20,hbo,True,S11_D20 hbo,mild_master_20,-0.26345142222948736,
102,az_itd=15_az=0,7.0,5.597362548620971e-17,1.4152502929138004e-08,5.627016727912511e-09,-29.22142641715334,-0.1644294552627864,11,20,hbo,True,S11_D20 hbo,mild_master_20,-0.25353635764747245,
103,az_itd=5_az=0,7.0,5.597362548620971e-17,3.7971900134829135e-09,5.5359505762404155e-09,-35.303741780586506,-0.1954397696536807,11,20,hbo,True,S11_D20 hbo,mild_master_20,-0.32535177921593605,
104,constant,7.0,5.597362548620971e-17,0.3419862909008555,6.495900276817837e-09,1.0193073230126435,0.006621318721720279,11,20,hbo,False,S11_D20 hbo,mild_master_20,,
182,Linear,7.0,5.335149927369007e-17,0.05410735074556499,5.724723440226603e-13,2.3109959225740275,1.322981252822764e-06,12,2,hbo,False,S12_D2 hbo,mild_master_20,,
183,ShortHbO,7.0,5.335149927369007e-17,1.2060088345588997e-10,0.004224405989797122,57.87818311577225,244500.943432843,12,2,hbo,True,S12_D2 hbo,mild_master_20,,
184,az_itd=0_az=15,7.0,5.335149927369007e-17,0.712494086474936,5.4129903321501675e-09,0.3838338364776865,0.0020776888460058256,12,2,hbo,False,S12_D2 hbo,mild_master_20,-0.1580374308373059,
185,az_itd=0_az=5,7.0,5.335149927369007e-17,4.1455779522905033e-07,5.403406853496827e-09,-17.930107148565337,-0.09688366385049038,12,2,hbo,True,S12_D2 hbo,mild_master_20,-0.19203582334106736,
186,az_itd=15_az=0,7.0,5.335149927369007e-17,0.0021254195380586874,5.493635003830338e-09,-4.732877025205811,-0.026000698894495043,12,2,hbo,True,S12_D2 hbo,mild_master_20,-0.04855231657512295,
187,az_itd=5_az=0,7.0,5.335149927369007e-17,9.032972126910573e-07,5.404727466731984e-09,-16.00348051870358,-0.08649445072274745,12,2,hbo,True,S12_D2 hbo,mild_master_20,-0.20546404468670126,
188,constant,7.0,5.335149927369007e-17,0.97187593377125,6.341922703925628e-09,0.036534858625501106,0.00023170124940177854,12,2,hbo,False,S12_D2 hbo,mild_master_20,,
196,Linear,7.0,2.3475955116769927e-17,0.29804696339472825,3.797456711913556e-13,1.1240720627776615,4.2686149994695465e-07,12,3,hbo,False,S12_D3 hbo,mild_master_20,,
197,ShortHbO,7.0,2.3475955116769927e-17,8.525403879087743e-12,0.0028022312426620763,84.54840102031032,236924.17085623575,12,3,hbo,True,S12_D3 hbo,mild_master_20,,
198,az_itd=0_az=15,7.0,2.3475955116769927e-17,0.0012815921437758831,3.5906706556174147e-09,5.179501302229795,0.01859788333664871,12,3,hbo,True,S12_D3 hbo,mild_master_20,-0.10348617774179311,
199,az_itd=0_az=5,7.0,2.3475955116769927e-17,3.927649345334733e-06,3.5843135196412236e-09,-12.8904029933245,-0.0462032457225967,12,3,hbo,True,S12_D3 hbo,mild_master_20,-0.06948539030070726,
200,az_itd=15_az=0,7.0,2.3475955116769927e-17,0.06795450670761845,3.6441657550662374e-09,-2.156537161249384,-0.007858778872552763,12,3,hbo,False,S12_D3 hbo,mild_master_20,-0.051061242114552416,
201,az_itd=5_az=0,7.0,2.3475955116769927e-17,2.8652857882209744e-06,3.5851895395304027e-09,-13.506097605445154,-0.04842191985491859,12,3,hbo,True,S12_D3 hbo,mild_master_20,-0.10160485671994157,
202,constant,7.0,2.3475955116769927e-17,0.8272543763998375,4.206871683832128e-09,0.22654035546771795,0.0009530262066624073,12,3,hbo,False,S12_D3 hbo,mild_master_20,,
210,Linear,7.0,9.366586675481e-17,0.0005368624552990642,7.585284506816492e-13,6.010034426016395,4.5587821017095905e-06,12,4,hbo,True,S12_D4 hbo,mild_master_20,,
211,ShortHbO,7.0,9.366586675481e-17,2.9553868160977506e-09,0.0055973570844921935,36.596985783996175,204846.39764911108,12,4,hbo,True,S12_D4 hbo,mild_master_20,,
212,az_itd=0_az=15,7.0,9.366586675481e-17,1.9075842699063168e-08,7.172236725619162e-09,-27.992332702162727,-0.2007676366422018,12,4,hbo,True,S12_D4 hbo,mild_master_20,-0.43517887245415837,
213,az_itd=0_az=5,7.0,9.366586675481e-17,1.9677442385251956e-08,7.159538572964348e-09,-27.867455808629668,-0.19951812479226347,12,4,hbo,True,S12_D4 hbo,mild_master_20,-0.32347739209341486,
214,az_itd=15_az=0,7.0,9.366586675481e-17,6.637087082751701e-08,7.27909128113437e-09,-23.385377392781027,-0.17022429668582917,12,4,hbo,True,S12_D4 hbo,mild_master_20,-0.34722359423429316,
215,az_itd=5_az=0,7.0,9.366586675481e-17,3.366171810589774e-08,7.1612883914868884e-09,-25.79284707797109,-0.1847100163628709,12,4,hbo,True,S12_D4 hbo,mild_master_20,-0.35768731957298755,
216,constant,7.0,9.366586675481e-17,0.5380455258168009,8.40307632880352e-09,0.647354128222525,0.005439766151219939,12,4,hbo,False,S12_D4 hbo,mild_master_20,,
140,Linear,7.0,7.527692513042481e-17,0.934765140970989,6.800050409046098e-13,-0.08483860947182432,-5.769068210417811e-08,12,10,hbo,False,S12_D10 hbo,mild_master_20,,
141,ShortHbO,7.0,7.527692513042481e-17,4.3849146222526365e-10,0.005017914660652957,48.111369932337105,241418.74852757223,12,10,hbo,True,S12_D10 hbo,mild_master_20,,
142,az_itd=0_az=15,7.0,7.527692513042481e-17,0.0007221573667179668,6.429761630693431e-09,5.717530701713278,0.036762359528187724,12,10,hbo,True,S12_D10 hbo,mild_master_20,-0.16824886082920132,
143,az_itd=0_az=5,7.0,7.527692513042481e-17,0.5364007221762097,6.418377999917696e-09,-0.650052162596445,-0.004172280499207944,12,10,hbo,False,S12_D10 hbo,mild_master_20,-0.1698547650425189,
144,az_itd=15_az=0,7.0,7.527692513042481e-17,0.0003934573521703415,6.52555452590872e-09,6.327942121329978,0.041293331349533266,12,10,hbo,True,S12_D10 hbo,mild_master_20,-0.041290697847662934,
145,az_itd=5_az=0,7.0,7.527692513042481e-17,0.0018211434298686176,6.419946675970555e-09,-4.866690146326283,-0.031243891227886074,12,10,hbo,True,S12_D10 hbo,mild_master_20,-0.20965918453267487,
146,constant,7.0,7.527692513042481e-17,0.7530058556443862,7.533183834512213e-09,-0.32730766300177616,-0.0024656687958369513,12,10,hbo,False,S12_D10 hbo,mild_master_20,,
154,Linear,7.0,7.060958120939335e-17,0.047414556680032215,6.585867887451137e-13,2.4007402713990666,1.581095825951784e-06,12,11,hbo,True,S12_D11 hbo,mild_master_20,,
155,ShortHbO,7.0,7.060958120939335e-17,2.378824466149206e-10,0.004859864418299277,52.51506874770085,255216.11403149174,12,11,hbo,True,S12_D11 hbo,mild_master_20,,
156,az_itd=0_az=15,7.0,7.060958120939335e-17,4.927236046587408e-06,6.227242167384094e-09,-12.463973235549,-0.07761617970555751,12,11,hbo,True,S12_D11 hbo,mild_master_20,-0.24388543145004982,
157,az_itd=0_az=5,7.0,7.060958120939335e-17,3.447865121365559e-05,6.2162170890598546e-09,-9.298714367544472,-0.057802827157816344,12,11,hbo,True,S12_D11 hbo,mild_master_20,-0.19192553585825406,
158,az_itd=15_az=0,7.0,7.060958120939335e-17,4.060842741680086e-06,6.3200178549885695e-09,-12.826845442870155,-0.08106589222211813,12,11,hbo,True,S12_D11 hbo,mild_master_20,-0.12563747123414265,
159,az_itd=5_az=0,7.0,7.060958120939335e-17,2.0899883890502994e-06,6.217736356215373e-09,-14.149471022481674,-0.08797768039770022,12,11,hbo,True,S12_D11 hbo,mild_master_20,-0.24499462848232295,
160,constant,7.0,7.060958120939335e-17,0.5925279070480874,7.295909665607845e-09,0.5606372143035774,0.004090358470736927,12,11,hbo,False,S12_D11 hbo,mild_master_20,,
168,Linear,7.0,2.31073135703554e-16,0.00022910999133384576,1.191395418244086e-12,6.910732898228466,8.233415511658067e-06,12,12,hbo,True,S12_D12 hbo,mild_master_20,,
169,ShortHbO,7.0,2.31073135703554e-16,1.9121470815738084e-09,0.00879158267398843,38.95619473959589,342486.6067171504,12,12,hbo,True,S12_D12 hbo,mild_master_20,,
170,az_itd=0_az=15,7.0,2.31073135703554e-16,4.628456993292751e-09,1.1265193765356759e-08,-34.31434336901256,-0.38655772698291135,12,12,hbo,True,S12_D12 hbo,mild_master_20,-0.6923034810795282,
171,az_itd=0_az=5,7.0,2.31073135703554e-16,5.581114949885225e-09,1.1245249199164792e-08,-33.404161942736216,-0.3756381253353254,12,12,hbo,True,S12_D12 hbo,mild_master_20,-0.6381587405563253,
172,az_itd=15_az=0,7.0,2.31073135703554e-16,1.5869092081460152e-08,1.1433026663048233e-08,-28.743929788080706,-0.32863011566791306,12,12,hbo,True,S12_D12 hbo,mild_master_20,-0.559814659743105,
173,az_itd=5_az=0,7.0,2.31073135703554e-16,1.3246333147367821e-08,1.12479975809409e-08,-29.500976451464883,-0.3318269117614715,12,12,hbo,True,S12_D12 hbo,mild_master_20,-0.6198276647649213,
174,constant,7.0,2.31073135703554e-16,0.32829337113211604,1.3198432607630136e-08,1.0507402951961144,0.013868124974267313,12,12,hbo,False,S12_D12 hbo,mild_master_20,,
224,Linear,7.0,4.002032738215496e-17,0.10460608494162928,4.958171163491993e-13,-1.8639303806109642,-9.241685863901937e-07,13,1,hbo,False,S13_D1 hbo,mild_master_20,,
225,ShortHbO,7.0,4.002032738215496e-17,8.685375899376855e-11,0.003658749314301523,60.66203429909854,221947.17639596225,13,1,hbo,True,S13_D1 hbo,mild_master_20,,
226,az_itd=0_az=15,7.0,4.002032738215496e-17,5.694759976257665e-07,4.688179761582604e-09,17.11928572683736,0.08025828887730885,13,1,hbo,True,S13_D1 hbo,mild_master_20,-0.026859906712663122,
227,az_itd=0_az=5,7.0,4.002032738215496e-17,0.00022127754392726337,4.679879530488287e-09,6.949574567891752,0.03252317176587859,13,1,hbo,True,S13_D1 hbo,mild_master_20,-0.08596604397631805,
228,az_itd=15_az=0,7.0,4.002032738215496e-17,0.00030231033125908464,4.758025945383245e-09,6.607082787831824,0.03143667132779888,13,1,hbo,True,S13_D1 hbo,mild_master_20,0.04761557557636772,
229,az_itd=5_az=0,7.0,4.002032738215496e-17,0.039126606442811705,4.6810233108872965e-09,-2.5318576763668723,-0.011851684802922275,13,1,hbo,True,S13_D1 hbo,mild_master_20,-0.12422765794290536,
230,constant,7.0,4.002032738215496e-17,0.836448015874633,5.492726172717008e-09,-0.21426531299171922,-0.0011769006925750178,13,1,hbo,False,S13_D1 hbo,mild_master_20,,
266,Linear,7.0,3.415396386003439e-17,0.1469664367193237,4.580382576258928e-13,-1.6307403645579839,-7.469414752223523e-07,13,2,hbo,False,S13_D2 hbo,mild_master_20,,
267,ShortHbO,7.0,3.415396386003439e-17,3.353831141522237e-11,0.0033799703676069067,69.50878364458084,234937.62900708284,13,2,hbo,True,S13_D2 hbo,mild_master_20,,
268,az_itd=0_az=15,7.0,3.415396386003439e-17,1.8696606329245618e-07,4.3309632092650464e-09,20.129736336122196,0.08718114748395102,13,2,hbo,True,S13_D2 hbo,mild_master_20,0.015251655468132272,
269,az_itd=0_az=5,7.0,3.415396386003439e-17,0.0015020404330595744,4.3232954155101096e-09,5.0366952828009754,0.02177512162545485,13,2,hbo,True,S13_D2 hbo,mild_master_20,-0.06822964708035048,
270,az_itd=15_az=0,7.0,3.415396386003439e-17,0.0006111154414854211,4.395487452730921e-09,5.880973235402275,0.025849744066057067,13,2,hbo,True,S13_D2 hbo,mild_master_20,0.05586255263472831,
271,az_itd=5_az=0,7.0,3.415396386003439e-17,0.008090768812254233,4.324352045391963e-09,-3.658088602602401,-0.015818862930888723,13,2,hbo,True,S13_D2 hbo,mild_master_20,-0.08324567448203708,
272,constant,7.0,3.415396386003439e-17,0.7929945833796395,5.074207087267087e-09,-0.2726439665596801,-0.0013834519474177395,13,2,hbo,False,S13_D2 hbo,mild_master_20,,
280,Linear,7.0,1.472998028326686e-16,0.8555456868407182,9.51222861403394e-13,-0.1888809562071765,-1.796678836279996e-07,13,9,hbo,False,S13_D9 hbo,mild_master_20,,
281,ShortHbO,7.0,1.472998028326686e-16,1.8242021557442387e-09,0.007019293762050095,39.22018246989305,275297.9821573868,13,9,hbo,True,S13_D9 hbo,mild_master_20,,
282,az_itd=0_az=15,7.0,1.472998028326686e-16,7.117706978301924e-06,8.994251349010107e-09,11.799816151050736,0.10613051233465934,13,9,hbo,True,S13_D9 hbo,mild_master_20,0.2054229694359263,
283,az_itd=0_az=5,7.0,1.472998028326686e-16,5.203415091110536e-06,8.97832739376229e-09,-12.363369633594928,-0.11100238026051419,13,9,hbo,True,S13_D9 hbo,mild_master_20,-0.07788735145594182,
284,az_itd=15_az=0,7.0,1.472998028326686e-16,1.1102768856014616e-05,9.128250931965528e-09,11.040246217803057,0.10077813782678965,13,9,hbo,True,S13_D9 hbo,mild_master_20,0.30460547064727955,
285,az_itd=5_az=0,7.0,1.472998028326686e-16,6.494128148169054e-05,8.980521731206657e-09,8.434233155046554,0.07574381413495926,13,9,hbo,True,S13_D9 hbo,mild_master_20,-0.056171825671490073,
286,constant,7.0,1.472998028326686e-16,0.2776944439907964,1.0537769945072657e-08,-1.1769126840974597,-0.012402035110457003,13,9,hbo,False,S13_D9 hbo,mild_master_20,,
238,Linear,7.0,5.533774939763038e-17,0.0005664858106521769,5.830313971433678e-13,-5.956282930003611,-3.4726999584611974e-06,13,10,hbo,True,S13_D10 hbo,mild_master_20,,
239,ShortHbO,7.0,5.533774939763038e-17,2.3292577573398847e-10,0.004302323687857899,52.673634140291,226619.0238873345,13,10,hbo,True,S13_D10 hbo,mild_master_20,,
240,az_itd=0_az=15,7.0,5.533774939763038e-17,1.8390322499813677e-09,5.512831054686079e-09,39.174660033805814,0.2159632823911343,13,10,hbo,True,S13_D10 hbo,mild_master_20,0.12532216233110854,
241,az_itd=0_az=5,7.0,5.533774939763038e-17,1.680365832116972e-08,5.503070812104772e-09,28.508144675262617,0.15688233886969777,13,10,hbo,True,S13_D10 hbo,mild_master_20,-0.03337469194466877,
242,az_itd=15_az=0,7.0,5.533774939763038e-17,4.739701785514275e-09,5.594963189264788e-09,34.19749879651175,0.19133374693141011,13,10,hbo,True,S13_D10 hbo,mild_master_20,0.21179479120560085,
243,az_itd=5_az=0,7.0,5.533774939763038e-17,2.608534196749537e-06,5.504415783591375e-09,13.694609375872627,0.07538082399867171,13,10,hbo,True,S13_D10 hbo,mild_master_20,-0.06918932301642276,
244,constant,7.0,5.533774939763038e-17,0.22132967676010923,6.458897260718402e-09,-1.342522745441445,-0.008671216482983897,13,10,hbo,False,S13_D10 hbo,mild_master_20,,
252,Linear,7.0,1.2317504071283559e-16,0.29715346058153375,8.698463669833118e-13,-1.126328483808048,-9.797327396702525e-07,13,11,hbo,False,S13_D11 hbo,mild_master_20,,
253,ShortHbO,7.0,1.2317504071283559e-16,2.3557997963817475e-10,0.006418797765961801,52.58825117417606,337553.3491526394,13,11,hbo,True,S13_D11 hbo,mild_master_20,,
254,az_itd=0_az=15,7.0,1.2317504071283559e-16,2.4318191441739743e-05,8.224799021470697e-09,9.807336161527575,0.08066336886456618,13,11,hbo,True,S13_D11 hbo,mild_master_20,-0.21251882735119584,
255,az_itd=0_az=5,7.0,1.2317504071283559e-16,0.011915353217707616,8.210237350192233e-09,3.3703047774785446,0.027671002165585667,13,11,hbo,True,S13_D11 hbo,mild_master_20,-0.22640237570900443,
256,az_itd=15_az=0,7.0,1.2317504071283559e-16,3.6146016811801763e-05,8.347335027637629e-09,9.231707736870021,0.07706015735688843,13,11,hbo,True,S13_D11 hbo,mild_master_20,-0.028620229399313583,
257,az_itd=5_az=0,7.0,1.2317504071283559e-16,0.05429019699086446,8.212243963501652e-09,2.308705966499801,0.01895965663688824,13,11,hbo,False,S13_D11 hbo,mild_master_20,-0.23710619958802695,
258,constant,7.0,1.2317504071283559e-16,0.628651995043171,9.636270609921948e-09,-0.5056205723097288,-0.004872296660720155,13,11,hbo,False,S13_D11 hbo,mild_master_20,,
294,Linear,7.0,3.4791251155619994e-17,0.05205413095388316,4.62291832020153e-13,-2.33726492374529,-1.0804984835146534e-06,14,1,hbo,False,S14_D1 hbo,mild_master_20,,
295,ShortHbO,7.0,3.4791251155619994e-17,2.9042646643626013e-11,0.003411358478031415,70.95454825262905,242051.3997364952,14,1,hbo,True,S14_D1 hbo,mild_master_20,,
296,az_itd=0_az=15,7.0,3.4791251155619994e-17,6.762523269188972e-08,4.371182719104461e-09,23.322201214928842,0.10194560292217403,14,1,hbo,True,S14_D1 hbo,mild_master_20,0.03662284233492824,
297,az_itd=0_az=5,7.0,3.4791251155619994e-17,4.3726398104165364e-05,4.363443718347416e-09,8.965794552842413,0.0391217399215937,14,1,hbo,True,S14_D1 hbo,mild_master_20,-0.04798364240898787,
298,az_itd=15_az=0,7.0,3.4791251155619994e-17,1.5820209137105618e-05,4.436306167255197e-09,10.467262498445008,0.046435981176130625,14,1,hbo,True,S14_D1 hbo,mild_master_20,0.06492499470680062,
299,az_itd=5_az=0,7.0,3.4791251155619994e-17,0.01516539163304848,4.364510160627545e-09,-3.1952584616819784,-0.013945738021842135,14,1,hbo,True,S14_D1 hbo,mild_master_20,-0.08742313445180791,
300,constant,7.0,3.4791251155619994e-17,0.7691506318470636,5.1213287348112126e-09,-0.3051155675895663,-0.0015625971237346787,14,1,hbo,False,S14_D1 hbo,mild_master_20,,
322,Linear,7.0,5.1763061512400115e-17,0.749440338715343,5.638858205885541e-13,-0.33223284472182646,-1.873413902724368e-07,14,9,hbo,False,S14_D9 hbo,mild_master_20,,
323,ShortHbO,7.0,5.1763061512400115e-17,1.0470575545684244e-08,0.004161044045058118,30.515920705410046,126978.09013071218,14,9,hbo,True,S14_D9 hbo,mild_master_20,,
324,az_itd=0_az=15,7.0,5.1763061512400115e-17,2.8862914297938684e-06,5.331800788548811e-09,13.49153258221096,0.07193416406056437,14,9,hbo,True,S14_D9 hbo,mild_master_20,0.17810141644511648,
325,az_itd=0_az=5,7.0,5.1763061512400115e-17,0.027820405504635916,5.322361052671687e-09,-2.766840885049996,-0.01472612616552976,14,9,hbo,True,S14_D9 hbo,mild_master_20,-0.005725890996594502,
326,az_itd=15_az=0,7.0,5.1763061512400115e-17,0.33532266226583707,5.411235869284637e-09,-1.034477559564633,-0.005597802076286176,14,9,hbo,False,S14_D9 hbo,mild_master_20,0.09732938677770052,
327,az_itd=5_az=0,7.0,5.1763061512400115e-17,0.00011357294924718127,5.3236618580041395e-09,-7.728304377123131,-0.04114287923953685,14,9,hbo,True,S14_D9 hbo,mild_master_20,-0.051165459378931875,
328,constant,7.0,5.1763061512400115e-17,0.9488258607899307,6.246800086242645e-09,0.0665174029217048,0.00041552091830794234,14,9,hbo,False,S14_D9 hbo,mild_master_20,,
308,Linear,7.0,3.125817109084543e-17,0.02577141404590749,4.3819052104573066e-13,-2.82005014993017,-1.2357192445729922e-06,14,10,hbo,True,S14_D10 hbo,mild_master_20,,
309,ShortHbO,7.0,3.125817109084543e-17,4.924161675546784e-09,0.003233509323385994,34.01049260217529,109973.24492208417,14,10,hbo,True,S14_D10 hbo,mild_master_20,,
310,az_itd=0_az=15,7.0,3.125817109084543e-17,1.8382543877585372e-07,4.143293695889868e-09,20.179257654904877,0.08360859102930475,14,10,hbo,True,S14_D10 hbo,mild_master_20,0.13190212884082245,
311,az_itd=0_az=5,7.0,3.125817109084543e-17,7.785562927249371e-05,4.135958163355616e-09,8.199538763739497,0.033912949285639184,14,10,hbo,True,S14_D10 hbo,mild_master_20,0.021405199360818538,
312,az_itd=15_az=0,7.0,3.125817109084543e-17,4.544414044098148e-06,4.2050219716259214e-09,12.614563403824308,0.05304451627554948,14,10,hbo,True,S14_D10 hbo,mild_master_20,0.11103611611591868,
313,az_itd=5_az=0,7.0,3.125817109084543e-17,0.0007845306505223086,4.13696900729883e-09,5.637613159237366,0.023322630914905027,14,10,hbo,True,S14_D10 hbo,mild_master_20,-0.009196747147511668,
314,constant,7.0,3.125817109084543e-17,0.8342224780636442,4.854331293172337e-09,-0.21723333766534858,-0.0010545225889491746,14,10,hbo,False,S14_D10 hbo,mild_master_20,,
336,Linear,7.0,4.688900053115027e-17,0.3034560311664671,5.366815735617806e-13,-1.1105289638547822,-5.960004318075184e-07,15,18,hbo,False,S15_D18 hbo,mild_master_20,,
337,ShortHbO,7.0,4.688900053115027e-17,0.006631551858956107,0.003960297606758082,3.8095777053014515,15087.061469064285,15,18,hbo,True,S15_D18 hbo,mild_master_20,,
338,az_itd=0_az=15,7.0,4.688900053115027e-17,7.081182062905771e-06,5.074572072285234e-09,11.808877616008125,0.05992500055522907,15,18,hbo,True,S15_D18 hbo,mild_master_20,0.12485275925825196,
339,az_itd=0_az=5,7.0,4.688900053115027e-17,0.480598836646824,5.065587749361039e-09,0.7448814714386337,0.003773262456445568,15,18,hbo,False,S15_D18 hbo,mild_master_20,0.032212173342507484,
340,az_itd=15_az=0,7.0,4.688900053115027e-17,0.7542825810235614,5.150174867334796e-09,0.32554625209112564,0.001676620125674753,15,18,hbo,False,S15_D18 hbo,mild_master_20,0.026692236179768115,
341,az_itd=5_az=0,7.0,4.688900053115027e-17,0.005319367898473885,5.06682579831923e-09,-3.980667064682343,-0.020169346577852177,15,18,hbo,True,S15_D18 hbo,mild_master_20,-0.011981075335817512,
342,constant,7.0,4.688900053115027e-17,0.6951716773331182,5.945427917501745e-09,0.40841758886629437,0.0024282173348444164,15,18,hbo,False,S15_D18 hbo,mild_master_20,,
350,Linear,7.0,1.5028073792456626e-17,0.0005304506059100798,3.0383154086357104e-13,6.022106002750369,1.829705746059405e-06,16,16,hbo,True,S16_D16 hbo,mild_master_20,,
351,ShortHbO,7.0,1.5028073792456626e-17,2.342435465639659e-10,0.002242043296090742,52.63110466606633,118001.21538240419,16,16,hbo,True,S16_D16 hbo,mild_master_20,,
352,az_itd=0_az=15,7.0,1.5028073792456626e-17,6.388312535612893e-08,2.8728675026294337e-09,-23.514804131833465,-0.06755491662104068,16,16,hbo,True,S16_D16 hbo,mild_master_20,-0.08672274400010925,
353,az_itd=0_az=5,7.0,1.5028073792456626e-17,4.305993547191602e-09,2.8677812078651887e-09,-34.67205004768145,-0.09943185356490221,16,16,hbo,True,S16_D16 hbo,mild_master_20,-0.1125040723247939,
354,az_itd=15_az=0,7.0,1.5028073792456626e-17,1.2090337983185315e-08,2.915668513219481e-09,-29.891083474507585,-0.08715249091263694,16,16,hbo,True,S16_D16 hbo,mild_master_20,-0.09116908398813742,
355,az_itd=5_az=0,7.0,1.5028073792456626e-17,1.5506212782813525e-08,2.8684821045256336e-09,-28.839790365573297,-0.08272642256191778,16,16,hbo,True,S16_D16 hbo,mild_master_20,-0.10503116195562505,
356,constant,7.0,1.5028073792456626e-17,0.3133999554837869,3.365885124915512e-09,1.0861353418853188,0.0036558067908968187,16,16,hbo,False,S16_D16 hbo,mild_master_20,,
364,Linear,7.0,2.0477006148672858e-17,0.3551496148434566,3.5466181072346147e-13,0.990006871136478,3.5111762954593186e-07,16,17,hbo,False,S16_D17 hbo,mild_master_20,,
365,ShortHbO,7.0,2.0477006148672858e-17,0.0002549762201962826,0.002617131627782492,6.792339318453175,17776.44605695438,16,17,hbo,True,S16_D17 hbo,mild_master_20,,
366,az_itd=0_az=15,7.0,2.0477006148672858e-17,0.480465572243315,3.35349117328361e-09,0.745116317977028,0.002498740995405547,16,17,hbo,False,S16_D17 hbo,mild_master_20,0.08251541068342393,
367,az_itd=0_az=5,7.0,2.0477006148672858e-17,1.414854615465273e-05,3.347553953909238e-09,-10.645020333466984,-0.03563477990674164,16,17,hbo,True,S16_D17 hbo,mild_master_20,-0.009859126343161896,
368,az_itd=15_az=0,7.0,2.0477006148672858e-17,5.3707792244090514e-05,3.403452687725181e-09,-8.686031075548243,-0.029562495809739107,16,17,hbo,True,S16_D17 hbo,mild_master_20,0.010335443841388401,
369,az_itd=5_az=0,7.0,2.0477006148672858e-17,5.454216684654169e-06,3.3483721088579206e-09,-12.27713601184323,-0.04110841979871104,16,17,hbo,True,S16_D17 hbo,mild_master_20,-0.0032527954538855773,
370,constant,7.0,2.0477006148672858e-17,0.41691674578842197,3.928989431764518e-09,0.862621976194459,0.0033892326280758533,16,17,hbo,False,S16_D17 hbo,mild_master_20,,
378,Linear,7.0,1.7467124900639153e-19,0.03000388404353286,3.2756078976167265e-14,2.7144834590604074,8.89158345644824e-08,16,18,hbo,True,S16_D18 hbo,mild_master_20,,
379,ShortHbO,7.0,1.7467124900639153e-19,1.4385864568696066e-05,0.00024171469185192855,10.618373030538862,2566.61676504553,16,18,hbo,True,S16_D18 hbo,mild_master_20,,
380,az_itd=0_az=15,7.0,1.7467124900639153e-19,0.10550524136439533,3.0972385071255476e-10,1.8581006470515373,0.0005754980874162918,16,18,hbo,False,S16_D18 hbo,mild_master_20,0.001063027585696967,
381,az_itd=0_az=5,7.0,1.7467124900639153e-19,9.843245342673254e-07,3.0917549726471935e-10,-15.80352562126264,-0.004886062892489609,16,18,hbo,True,S16_D18 hbo,mild_master_20,-0.00853602051090432,
382,az_itd=15_az=0,7.0,1.7467124900639153e-19,0.0009823299740122928,3.1433822774254485e-10,-5.42454247844663,-0.0017051410689890656,16,18,hbo,True,S16_D18 hbo,mild_master_20,-0.004820620607571195,
383,az_itd=5_az=0,7.0,1.7467124900639153e-19,2.43160295614189e-07,3.0925106093496375e-10,-19.37644425977457,-0.005992185944482475,16,18,hbo,True,S16_D18 hbo,mild_master_20,-0.005570793344270708,
384,constant,7.0,1.7467124900639153e-19,0.7234520352803304,3.6287608147287754e-10,-0.36841646327316135,-0.00013368952254266112,16,18,hbo,False,S16_D18 hbo,mild_master_20,,
392,Linear,7.0,2.0935663961403046e-17,0.000407016175947349,3.586117920027173e-13,6.292700861077208,2.2566367323279398e-06,16,22,hbo,True,S16_D22 hbo,mild_master_20,,
393,ShortHbO,7.0,2.0935663961403046e-17,1.782752501506994e-08,0.0026462794543105355,28.266435073103317,74800.88638055602,16,22,hbo,True,S16_D22 hbo,mild_master_20,,
394,az_itd=0_az=15,7.0,2.0935663961403046e-17,4.523014924245009e-09,3.390840070046978e-09,-34.428092697513236,-0.11674015625401962,16,22,hbo,True,S16_D22 hbo,mild_master_20,-0.12439173829436734,
395,az_itd=0_az=5,7.0,2.0935663961403046e-17,2.9762323982300652e-09,3.384836725973892e-09,-36.560086765590924,-0.12374992438896419,16,22,hbo,True,S16_D22 hbo,mild_master_20,-0.10798436566994139,
396,az_itd=15_az=0,7.0,2.0935663961403046e-17,1.8167364718066656e-08,3.4413580217500773e-09,-28.189692842094463,-0.09701082559281252,16,22,hbo,True,S16_D22 hbo,mild_master_20,-0.08487548236378559,
397,az_itd=5_az=0,7.0,2.0935663961403046e-17,3.56097109462465e-08,3.385663992974205e-09,-25.58445052833655,-0.08662035293381894,16,22,hbo,True,S16_D22 hbo,mild_master_20,-0.10263942968156572,
398,constant,7.0,2.0935663961403046e-17,0.172992443268332,3.972747835496248e-09,1.517243687628773,0.006027626575947554,16,22,hbo,False,S16_D22 hbo,mild_master_20,,
406,Linear,7.0,2.6127183991953593e-17,6.781090421811521e-05,4.0061526954220957e-13,8.37777670762947,3.356265273891425e-06,16,23,hbo,True,S16_D23 hbo,mild_master_20,,
407,ShortHbO,7.0,2.6127183991953593e-17,1.5937567223839386e-09,0.0029562328415140165,39.98725072502756,118211.62383518164,16,23,hbo,True,S16_D23 hbo,mild_master_20,,
408,az_itd=0_az=15,7.0,2.6127183991953593e-17,1.125510295106312e-09,3.788002343844013e-09,-42.032308107688664,-0.15921848162909838,16,23,hbo,True,S16_D23 hbo,mild_master_20,-0.2139095960635133,
409,az_itd=0_az=5,7.0,2.6127183991953593e-17,5.603120847808827e-10,3.781295840160565e-09,-46.45105090446906,-0.17564516555615547,16,23,hbo,True,S16_D23 hbo,mild_master_20,-0.23121134245552313,
410,az_itd=15_az=0,7.0,2.6127183991953593e-17,6.815115536373447e-09,3.844437361569544e-09,-32.45908799347211,-0.12478693060457757,16,23,hbo,True,S16_D23 hbo,mild_master_20,-0.15433776328001583,
411,az_itd=5_az=0,7.0,2.6127183991953593e-17,2.79650722724395e-09,3.782220003279862e-09,-36.88836888688686,-0.13951992669235,16,23,hbo,True,S16_D23 hbo,mild_master_20,-0.18161928412501427,
412,constant,7.0,2.6127183991953593e-17,0.14302034842950595,4.4380677948495896e-09,1.6495593269489004,0.007320856124625679,16,23,hbo,False,S16_D23 hbo,mild_master_20,,
420,Linear,7.0,1.083411042701596e-16,0.01353773022083308,8.157889634628671e-13,3.2772796211548423,2.6735685451198868e-06,17,15,hbo,True,S17_D15 hbo,mild_master_20,,
421,ShortHbO,7.0,1.083411042701596e-16,5.201522343994204e-10,0.006019895667704969,46.948629890757665,282625.8536840561,17,15,hbo,True,S17_D15 hbo,mild_master_20,,
422,az_itd=0_az=15,7.0,1.083411042701596e-16,2.187053710997897e-05,7.713661312038004e-09,-9.966646449291638,-0.07687933512666184,17,15,hbo,True,S17_D15 hbo,mild_master_20,-0.37227375952639036,
423,az_itd=0_az=5,7.0,1.083411042701596e-16,9.61527608110268e-07,7.700004589231028e-09,-15.857830891510703,-0.12210537063988197,17,15,hbo,True,S17_D15 hbo,mild_master_20,-0.2962401551881668,
424,az_itd=15_az=0,7.0,1.083411042701596e-16,3.3799833725403605e-06,7.828582205257897e-09,-13.180240828444715,-0.1031825988105759,17,15,hbo,True,S17_D15 hbo,mild_master_20,-0.21346948489793013,
425,az_itd=5_az=0,7.0,1.083411042701596e-16,4.4689991958333844e-07,7.701886499708437e-09,-17.734997229025716,-0.13659293573059972,17,15,hbo,True,S17_D15 hbo,mild_master_20,-0.2920482540148456,
426,constant,7.0,1.083411042701596e-16,0.7911472342253281,9.037415698796307e-09,0.27514768958272323,0.002486624049322436,17,15,hbo,False,S17_D15 hbo,mild_master_20,,
434,Linear,7.0,6.666612366495998e-17,0.003487082924396584,6.399319568705612e-13,4.318384367467985,2.7634721587930277e-06,17,17,hbo,True,S17_D17 hbo,mild_master_20,,
435,ShortHbO,7.0,6.666612366495998e-17,6.269682615512197e-10,0.004722206094133318,45.70897263248418,215847.18912168988,17,17,hbo,True,S17_D17 hbo,mild_master_20,,
436,az_itd=0_az=15,7.0,6.666612366495998e-17,1.3131267738879497e-06,6.050852118783175e-09,-15.149879656303458,-0.0916696814176539,17,17,hbo,True,S17_D17 hbo,mild_master_20,-0.15513149322463893,
437,az_itd=0_az=5,7.0,6.666612366495998e-17,2.9701259401647634e-08,6.0401393318471885e-09,-26.262524554064992,-0.1586293075126105,17,17,hbo,True,S17_D17 hbo,mild_master_20,-0.1615925591191045,
438,az_itd=15_az=0,7.0,6.666612366495998e-17,3.9863654306734725e-08,6.140999884170131e-09,-25.17139446677642,-0.15457753050487466,17,17,hbo,True,S17_D17 hbo,mild_master_20,-0.17012121388656976,
439,az_itd=5_az=0,7.0,6.666612366495998e-17,3.1489990330857934e-08,6.041615564927558e-09,-26.04205521888838,-0.15733608615313896,17,17,hbo,True,S17_D17 hbo,mild_master_20,-0.19645818446168395,
440,constant,7.0,6.666612366495998e-17,0.2908329385683051,7.089249024201459e-09,1.142451007774273,0.00809911969206174,17,17,hbo,False,S17_D17 hbo,mild_master_20,,
448,Linear,7.0,1.626088839776985e-16,0.006679909601395006,9.994321855020512e-13,3.803997257278987,3.8018372924861464e-06,17,21,hbo,True,S17_D21 hbo,mild_master_20,,
449,ShortHbO,7.0,1.626088839776985e-16,8.529788981953406e-10,0.007375041528056372,43.73640212456616,322557.78195644834,17,21,hbo,True,S17_D21 hbo,mild_master_20,,
450,az_itd=0_az=15,7.0,1.626088839776985e-16,2.454577157462621e-06,9.450092767360257e-09,-13.818076825466504,-0.1305821078671694,17,21,hbo,True,S17_D21 hbo,mild_master_20,-0.4980948982210418,
451,az_itd=0_az=5,7.0,1.626088839776985e-16,3.8906699441661536e-07,9.433361763469455e-09,-18.09653732752301,-0.17071118327665327,17,21,hbo,True,S17_D21 hbo,mild_master_20,-0.37745155720389806,
452,az_itd=15_az=0,7.0,1.626088839776985e-16,1.1069423618157592e-06,9.590883639282654e-09,-15.53409739979595,-0.1489857206027262,17,21,hbo,True,S17_D21 hbo,mild_master_20,-0.2976959892541903,
453,az_itd=5_az=0,7.0,1.626088839776985e-16,4.782349134783147e-07,9.435667313048568e-09,-17.560742134926954,-0.16569732055540498,17,21,hbo,True,S17_D21 hbo,mild_master_20,-0.3768580679897745,
454,constant,7.0,1.626088839776985e-16,0.7840380703860927,1.1071839075633279e-08,0.28480116880828876,0.0031532727095976414,17,21,hbo,False,S17_D21 hbo,mild_master_20,,
462,Linear,7.0,1.932559680760785e-17,0.001354380638181548,3.445463503499061e-13,5.129513300065314,1.7673550866088063e-06,17,22,hbo,True,S17_D22 hbo,mild_master_20,,
463,ShortHbO,7.0,1.932559680760785e-17,1.0512112600726469e-09,0.0025424873033224947,42.44583465166965,107917.99568079607,17,22,hbo,True,S17_D22 hbo,mild_master_20,,
464,az_itd=0_az=15,7.0,1.932559680760785e-17,4.326503434867672e-08,3.2578448249857153e-09,-24.8757883439418,-0.08104145832375076,17,22,hbo,True,S17_D22 hbo,mild_master_20,-0.06674402418647625,
465,az_itd=0_az=5,7.0,1.932559680760785e-17,8.488170948254272e-09,3.252076943570759e-09,-31.45090946232011,-0.10228077751674264,17,22,hbo,True,S17_D22 hbo,mild_master_20,-0.12126935823806392,
466,az_itd=15_az=0,7.0,1.932559680760785e-17,2.9701324948038454e-07,3.306381365820724e-09,-18.82135020351562,-0.062230561592490144,17,22,hbo,True,S17_D22 hbo,mild_master_20,-0.05428084761167783,
467,az_itd=5_az=0,7.0,1.932559680760785e-17,4.0119629417360525e-08,3.2528717635741144e-09,-25.14816268326825,-0.08180374829817152,17,22,hbo,True,S17_D22 hbo,mild_master_20,-0.10261162858534573,
468,constant,7.0,1.932559680760785e-17,0.34182174871414345,3.81692905282476e-09,1.0196791075433898,0.0038920428101407866,17,22,hbo,False,S17_D22 hbo,mild_master_20,,
476,Linear,7.0,3.4879044911444316e-17,0.0007795829043067786,4.628747481671154e-13,5.643689171160359,2.6123212038343278e-06,17,23,hbo,True,S17_D23 hbo,mild_master_20,,
477,ShortHbO,7.0,3.4879044911444316e-17,1.2769951373764132e-10,0.003415659951261501,57.40633910707977,196080.5334365893,17,23,hbo,True,S17_D23 hbo,mild_master_20,,
478,az_itd=0_az=15,7.0,3.4879044911444316e-17,5.615879617993092e-08,4.376694460415475e-09,-23.956593550555997,-0.10485069028314352,17,23,hbo,True,S17_D23 hbo,mild_master_20,-0.17155785850630312,
479,az_itd=0_az=5,7.0,3.4879044911444316e-17,3.5001955000520902e-09,4.368945701345194e-09,-35.718936479331646,-0.15605409398799805,17,23,hbo,True,S17_D23 hbo,mild_master_20,-0.2148910565758718,
480,az_itd=15_az=0,7.0,3.4879044911444316e-17,1.748077601497381e-07,4.441900024465397e-09,-20.326993687095477,-0.09029047375601737,17,23,hbo,True,S17_D23 hbo,mild_master_20,-0.10789779084566115,
481,az_itd=5_az=0,7.0,3.4879044911444316e-17,2.420640725795563e-08,4.370013488330945e-09,-27.048278978392975,-0.11820134397171565,17,23,hbo,True,S17_D23 hbo,mild_master_20,-0.1960771602225193,
482,constant,7.0,3.4879044911444316e-17,0.35542693886312765,5.127786355315514e-09,0.9893987088459568,0.005073425199187085,17,23,hbo,False,S17_D23 hbo,mild_master_20,,
490,Linear,7.0,3.94720632126956e-15,0.197738761489959,4.924091455346016e-12,1.422996943569557,7.0069670908143526e-06,18,16,hbo,False,S18_D16 hbo,mild_master_20,,
491,ShortHbO,7.0,3.94720632126956e-15,4.275431521102606e-07,0.0363360110850161,17.84975268848101,648588.8115534419,18,16,hbo,True,S18_D16 hbo,mild_master_20,,
492,az_itd=0_az=15,7.0,3.94720632126956e-15,0.18873345797090743,4.6559558240172684e-08,1.4559915140786435,0.06779032169694181,18,16,hbo,False,S18_D16 hbo,mild_master_20,-0.3048193278554428,
493,az_itd=0_az=5,7.0,3.94720632126956e-15,0.054086891136231226,4.64771264409039e-08,-2.3112526469411803,-0.10742038150875906,18,16,hbo,False,S18_D16 hbo,mild_master_20,-0.44204247703950084,
494,az_itd=15_az=0,7.0,3.94720632126956e-15,0.0001480710325976989,4.725321924036904e-08,-7.410692650045875,-0.35017908451560914,18,16,hbo,True,S18_D16 hbo,mild_master_20,-0.6308690214977977,
495,az_itd=5_az=0,7.0,3.94720632126956e-15,0.21257142677658106,4.6488485627797294e-08,-1.3714709304033155,-0.06375760663699631,18,16,hbo,False,S18_D16 hbo,mild_master_20,-0.31977676152126006,
496,constant,7.0,3.94720632126956e-15,0.5158260502507803,5.454972231047892e-08,-0.6842460236403997,-0.03732543058163319,18,16,hbo,False,S18_D16 hbo,mild_master_20,,
504,Linear,7.0,3.9382392159393415e-17,0.018520324892028886,4.918495098205228e-13,3.0524072484517712,1.5013250089236145e-06,18,21,hbo,True,S18_D21 hbo,mild_master_20,,
505,ShortHbO,7.0,3.9382392159393415e-17,5.614780879526248e-10,0.0036294714269766533,46.437218372777856,168542.55723227252,18,21,hbo,True,S18_D21 hbo,mild_master_20,,
506,az_itd=0_az=15,7.0,3.9382392159393415e-17,0.0002648336985869325,4.650664209948109e-09,-6.750733135405622,-0.031395392983741714,18,21,hbo,True,S18_D21 hbo,mild_master_20,-0.19283485737627043,
507,az_itd=0_az=5,7.0,3.9382392159393415e-17,4.964566058634225e-07,4.6424303986081605e-09,-17.465293714446993,-0.08108141046056876,18,21,hbo,True,S18_D21 hbo,mild_master_20,-0.18021698175056727,
508,az_itd=15_az=0,7.0,3.9382392159393415e-17,1.921333339365883e-05,4.719951473603171e-09,-10.164273150850445,-0.047974876036461694,18,21,hbo,True,S18_D21 hbo,mild_master_20,-0.12444395182128339,
509,az_itd=5_az=0,7.0,3.9382392159393415e-17,3.046388501143873e-07,4.643565026296566e-09,-18.75211756205474,-0.087076677280159,18,21,hbo,True,S18_D21 hbo,mild_master_20,-0.2048691471272395,
510,constant,7.0,3.9382392159393415e-17,0.8358706436586022,5.44877251419152e-09,0.21503510185984256,0.0011716773526002841,18,21,hbo,False,S18_D21 hbo,mild_master_20,,
518,Linear,7.0,3.243586947715969e-18,0.12249664847722204,1.4115425322920236e-13,1.7561059846991929,2.4788182886154763e-07,18,22,hbo,False,S18_D22 hbo,mild_master_20,,
519,ShortHbO,7.0,3.243586947715969e-18,7.265520910277284e-10,0.0010416099206413,44.753577941455546,46615.77076801375,18,22,hbo,True,S18_D22 hbo,mild_master_20,,
520,az_itd=0_az=15,7.0,3.243586947715969e-18,2.0428579845739686e-06,1.334678637403844e-09,-14.197078973746505,-0.018948538019794747,18,22,hbo,True,S18_D22 hbo,mild_master_20,-0.025563748046120494,
521,az_itd=0_az=5,7.0,3.243586947715969e-18,0.0040347369808069085,1.3323156433015527e-09,-4.200164100031438,-0.005595944334905473,18,22,hbo,True,S18_D22 hbo,mild_master_20,-0.018566941052224544,
522,az_itd=15_az=0,7.0,3.243586947715969e-18,0.03410304894810673,1.3545631585109073e-09,-2.6261471645002046,-0.00355728219785986,18,22,hbo,True,S18_D22 hbo,mild_master_20,-0.009284620593432203,
523,az_itd=5_az=0,7.0,3.243586947715969e-18,1.8641427008356134e-06,1.3326412663241485e-09,-14.389686202961713,-0.019176289643522023,18,22,hbo,True,S18_D22 hbo,mild_master_20,-0.05200917648907023,
524,constant,7.0,3.243586947715969e-18,0.6562892966046228,1.5637250823674918e-09,0.46464881454451884,0.0007265830057955851,18,22,hbo,False,S18_D22 hbo,mild_master_20,,
532,Linear,7.0,2.5176316996548333e-17,0.10188187780915059,3.9325775512935167e-13,1.8818944126406336,7.400695721055253e-07,18,23,hbo,False,S18_D23 hbo,mild_master_20,,
533,ShortHbO,7.0,2.5176316996548333e-17,7.452040996532109e-10,0.0029019400389354777,44.5913088725767,129401.30460586913,18,23,hbo,True,S18_D23 hbo,mild_master_20,,
534,az_itd=0_az=15,7.0,2.5176316996548333e-17,2.6184831372252203e-06,3.7184336479912075e-09,-13.686917736435456,-0.05089389544844925,18,23,hbo,True,S18_D23 hbo,mild_master_20,-0.0735582318645683,
535,az_itd=0_az=5,7.0,2.5176316996548333e-17,4.686067512440665e-05,3.7118503128469097e-09,-8.870751690774997,-0.03292690243859043,18,23,hbo,True,S18_D23 hbo,mild_master_20,-0.023781182989053504,
536,az_itd=15_az=0,7.0,2.5176316996548333e-17,0.0008854616276900274,3.7738322063307034e-09,-5.522238529686157,-0.02084000161436993,18,23,hbo,True,S18_D23 hbo,mild_master_20,-0.022919176585849094,
537,az_itd=5_az=0,7.0,2.5176316996548333e-17,1.3883969060943e-06,3.7127575032145743e-09,-15.026463633061114,-0.05578961560042859,18,23,hbo,True,S18_D23 hbo,mild_master_20,-0.09674654359817896,
538,constant,7.0,2.5176316996548333e-17,0.5096538321424688,4.356560298135448e-09,0.6946714950254187,0.0030263782554741355,18,23,hbo,False,S18_D23 hbo,mild_master_20,,
546,Linear,7.0,1.2695883194338254e-16,0.34303598560165827,8.831056345646755e-13,-1.0169388215691881,-8.980644033353113e-07,19,14,hbo,False,S19_D14 hbo,mild_master_20,,
547,ShortHbO,7.0,1.2695883194338254e-16,5.2734447449131514e-11,0.0065166409717967696,65.15114571545502,424566.6255288357,19,14,hbo,True,S19_D14 hbo,mild_master_20,,
548,az_itd=0_az=15,7.0,1.2695883194338254e-16,3.78150087863064e-07,8.350171518463274e-09,18.17165863709056,0.15173646639467073,19,14,hbo,True,S19_D14 hbo,mild_master_20,-0.12502357700573558,
549,az_itd=0_az=5,7.0,1.2695883194338254e-16,0.00045695612845646764,8.335387880291295e-09,6.173403186888394,0.05145771010414117,19,14,hbo,True,S19_D14 hbo,mild_master_20,-0.11948640483042974,
550,az_itd=15_az=0,7.0,1.2695883194338254e-16,0.17607450683030984,8.474575369063185e-09,1.5048622560443428,0.012753068608906244,19,14,hbo,False,S19_D14 hbo,mild_master_20,-0.061017014505363384,
551,az_itd=5_az=0,7.0,1.2695883194338254e-16,0.0005160122546987391,8.3374250808674e-09,-6.049897850441564,-0.05044057007495727,19,14,hbo,True,S19_D14 hbo,mild_master_20,-0.17384295862320656,
552,constant,7.0,1.2695883194338254e-16,0.814051560773066,9.783158491912536e-09,-0.24423686936155334,-0.0023894080025326134,19,14,hbo,False,S19_D14 hbo,mild_master_20,,
560,Linear,7.0,7.827490990757425e-17,0.0006483757499588601,6.93413806958561e-13,5.82266625990869,4.037517177932451e-06,19,15,hbo,True,S19_D15 hbo,mild_master_20,,
561,ShortHbO,7.0,7.827490990757425e-17,3.6037853940306926e-10,0.005116861050335421,49.48245944493272,253194.86940857832,19,15,hbo,True,S19_D15 hbo,mild_master_20,,
562,az_itd=0_az=15,7.0,7.827490990757425e-17,2.3657612581493293e-07,6.5565477047701e-09,-19.453836250634435,-0.12755000541807057,19,15,hbo,True,S19_D15 hbo,mild_master_20,-0.3262122934155618,
563,az_itd=0_az=5,7.0,7.827490990757425e-17,2.3530733965673313e-08,6.544939604420267e-09,-27.158820850977378,-0.17775284219691678,19,15,hbo,True,S19_D15 hbo,mild_master_20,-0.2920656758761497,
564,az_itd=15_az=0,7.0,7.827490990757425e-17,2.947502450979086e-08,6.654229504396838e-09,-26.291485604620476,-0.17494957922469032,19,15,hbo,True,S19_D15 hbo,mild_master_20,-0.2462481110335504,
565,az_itd=5_az=0,7.0,7.827490990757425e-17,4.182352495228415e-09,6.546539212611774e-09,-34.81740241773521,-0.2279334902089875,19,15,hbo,True,S19_D15 hbo,mild_master_20,-0.3012041515737699,
566,constant,7.0,7.827490990757425e-17,0.36209520670985357,7.681727879926947e-09,0.9748844349271589,0.007488796943486784,19,15,hbo,False,S19_D15 hbo,mild_master_20,,
574,Linear,7.0,3.972801747322862e-17,0.7785324359329963,4.940030647889562e-13,-0.2922978333686932,-1.4439602551530608e-07,19,21,hbo,False,S19_D21 hbo,mild_master_20,,
575,ShortHbO,7.0,3.972801747322862e-17,1.3816126071308335e-10,0.003645363007771774,56.762985991653466,206921.68934464094,19,21,hbo,True,S19_D21 hbo,mild_master_20,,
576,az_itd=0_az=15,7.0,3.972801747322862e-17,5.127451489655766e-06,4.671027066504589e-09,12.390424287648589,0.0578760072130824,19,21,hbo,True,S19_D21 hbo,mild_master_20,-0.0893245528188397,
577,az_itd=0_az=5,7.0,3.972801747322862e-17,0.044819368259380085,4.662757203557459e-09,2.439080591830496,0.011372840599614834,19,21,hbo,True,S19_D21 hbo,mild_master_20,-0.09512616669846821,
578,az_itd=15_az=0,7.0,3.972801747322862e-17,0.8928887934487729,4.740617703301057e-09,-0.1396248711557208,-0.0006619081360219392,19,21,hbo,False,S19_D21 hbo,mild_master_20,-0.07618155452528014,
579,az_itd=5_az=0,7.0,3.972801747322862e-17,2.543211034970496e-05,4.663896799194488e-09,-9.74075289740527,-0.04542986625995288,19,21,hbo,True,S19_D21 hbo,mild_master_20,-0.12640329588866434,
580,constant,7.0,3.972801747322862e-17,0.9545376073948824,5.472629874797782e-09,-0.05908263446080885,-0.0003233373904319795,19,21,hbo,False,S19_D21 hbo,mild_master_20,,
616,Linear,7.0,9.424319914784545e-17,5.2142402060466304e-05,7.608625469811966e-13,8.725814596355134,6.63914551826847e-06,20,12,hbo,True,S20_D12 hbo,mild_master_20,,
617,ShortHbO,7.0,9.424319914784545e-17,2.3775711805202415e-10,0.005614580921576245,52.51903137135855,294872.351557294,20,12,hbo,True,S20_D12 hbo,mild_master_20,,
618,az_itd=0_az=15,7.0,9.424319914784545e-17,3.285505363251039e-09,7.194306683820073e-09,-36.044968463027026,-0.25931855753163907,20,12,hbo,True,S20_D12 hbo,mild_master_20,-0.44979070715542163,
619,az_itd=0_az=5,7.0,9.424319914784545e-17,1.0779998110653493e-09,7.181569457204227e-09,-42.29299376486748,-0.30373007227550114,20,12,hbo,True,S20_D12 hbo,mild_master_20,-0.3782322111918215,
620,az_itd=15_az=0,7.0,9.424319914784545e-17,1.5817217522540381e-09,7.3014900454893454e-09,-40.03074295963216,-0.2922840712332969,20,12,hbo,True,S20_D12 hbo,mild_master_20,-0.3663804934736999,
621,az_itd=5_az=0,7.0,9.424319914784545e-17,1.3165811147023557e-09,7.183324660158868e-09,-41.09792550637527,-0.2952197417713176,20,12,hbo,True,S20_D12 hbo,mild_master_20,-0.433419755285137,
622,constant,7.0,9.424319914784545e-17,0.21489967520165906,8.428933749637568e-09,1.3636744353919104,0.011494321471992827,20,12,hbo,False,S20_D12 hbo,mild_master_20,,
630,Linear,7.0,8.906907166511562e-17,0.21093636914196012,7.396813344507484e-13,1.3769913918174523,1.0185348302267264e-06,20,13,hbo,False,S20_D13 hbo,mild_master_20,,
631,ShortHbO,7.0,8.906907166511562e-17,5.881760612015669e-11,0.005458279849534851,64.14143848282045,350101.9211909581,20,13,hbo,True,S20_D13 hbo,mild_master_20,,
632,az_itd=0_az=15,7.0,8.906907166511562e-17,0.001096000921708717,6.994028539648281e-09,5.322753201049774,0.03722748779764636,20,13,hbo,True,S20_D13 hbo,mild_master_20,-0.1984011970279082,
633,az_itd=0_az=5,7.0,8.906907166511562e-17,0.0005114596036157633,6.981645897319794e-09,-6.058842037402501,-0.04230068965293987,20,13,hbo,True,S20_D13 hbo,mild_master_20,-0.15714493667926202,
634,az_itd=15_az=0,7.0,8.906907166511562e-17,0.00010741986223869667,7.0982280856832415e-09,-7.796383259019682,-0.05534050661592414,20,13,hbo,True,S20_D13 hbo,mild_master_20,-0.11956183764467634,
635,az_itd=5_az=0,7.0,8.906907166511562e-17,3.13984610031153e-06,6.983352238194201e-09,-13.324688850828622,-0.09305099570967537,20,13,hbo,True,S20_D13 hbo,mild_master_20,-0.21029964815287275,
636,constant,7.0,8.906907166511562e-17,0.9713833849298916,8.194285536416273e-09,0.03717504331008792,0.00030462291971150194,20,13,hbo,False,S20_D13 hbo,mild_master_20,,
644,Linear,7.0,3.809264794100519e-17,0.7840099235765357,4.837286141752319e-13,-0.2848394481437778,-1.3778499151302748e-07,20,20,hbo,False,S20_D20 hbo,mild_master_20,,
645,ShortHbO,7.0,3.809264794100519e-17,8.386906544861961e-11,0.003569545457513357,60.96634577051343,217622.14260632487,20,20,hbo,True,S20_D20 hbo,mild_master_20,,
646,az_itd=0_az=15,7.0,3.809264794100519e-17,1.49406046332173e-05,4.573877392077621e-09,10.557983059792559,0.04829092002312369,20,20,hbo,True,S20_D20 hbo,mild_master_20,-0.07595976285686787,
647,az_itd=0_az=5,7.0,3.809264794100519e-17,0.5751307588290837,4.565779528667517e-09,0.587799352235165,0.002683762249399343,20,20,hbo,False,S20_D20 hbo,mild_master_20,-0.07133653540158293,
648,az_itd=15_az=0,7.0,3.809264794100519e-17,0.8210877945022742,4.642020658175593e-09,0.23479539656490028,0.0010899250812987978,20,20,hbo,False,S20_D20 hbo,mild_master_20,-0.023082097608992828,
649,az_itd=5_az=0,7.0,3.809264794100519e-17,0.0005369332544044285,4.566895422591081e-09,-6.009902035102183,-0.02744659409432898,20,20,hbo,True,S20_D20 hbo,mild_master_20,-0.13471410031979353,
650,constant,7.0,3.809264794100519e-17,0.9267872332957577,5.358808181404395e-09,-0.09524789852320034,-0.0005104152178677017,20,20,hbo,False,S20_D20 hbo,mild_master_20,,
658,Linear,7.0,1.504034611299762e-16,0.007183599941861637,9.611919212254252e-13,3.7483577088491993,3.6028911476088947e-06,21,11,hbo,True,S21_D11 hbo,mild_master_20,,
659,ShortHbO,7.0,1.504034611299762e-16,7.125736702889072e-10,0.007092857762939484,44.878339366139166,318315.6777609528,21,11,hbo,True,S21_D11 hbo,mild_master_20,,
660,az_itd=0_az=15,7.0,1.504034611299762e-16,4.6980254084936884e-07,9.088513412497918e-09,-17.60632582120318,-0.16001532837081353,21,11,hbo,True,S21_D11 hbo,mild_master_20,-0.4591917814032202,
661,az_itd=0_az=5,7.0,1.504034611299762e-16,5.856152912826525e-07,9.072422570110494e-09,-17.04962783431903,-0.15468142837606008,21,11,hbo,True,S21_D11 hbo,mild_master_20,-0.4143971264177367,
662,az_itd=15_az=0,7.0,1.504034611299762e-16,1.5019057614342558e-06,9.223917345488239e-09,-14.854077071652826,-0.13701277915243765,21,11,hbo,True,S21_D11 hbo,mild_master_20,-0.3250399872296845,
663,az_itd=5_az=0,7.0,1.504034611299762e-16,6.043221135067703e-07,9.074639904774693e-09,-16.971576121063908,-0.15401094191512782,21,11,hbo,True,S21_D11 hbo,mild_master_20,-0.43834416749362304,
664,constant,7.0,1.504034611299762e-16,0.6873689832345303,1.0648208479758673e-08,0.41958076835609137,0.004467783495552991,21,11,hbo,False,S21_D11 hbo,mild_master_20,,
672,Linear,7.0,2.763720267772449e-17,0.0034013028115144547,4.120294308908901e-13,4.3387404152293225,1.7876887440702418e-06,21,12,hbo,True,S21_D12 hbo,mild_master_20,,
673,ShortHbO,7.0,2.763720267772449e-17,1.6909720285584794e-10,0.0030404605812001943,55.14480208922031,167665.59701036048,21,12,hbo,True,S21_D12 hbo,mild_master_20,,
674,az_itd=0_az=15,7.0,2.763720267772449e-17,3.5412529877615086e-06,3.895928509492225e-09,-13.089638790996888,-0.050996296944800124,21,12,hbo,True,S21_D12 hbo,mild_master_20,-0.18472642945183249,
675,az_itd=0_az=5,7.0,2.763720267772449e-17,6.910921454626275e-08,3.889030926933486e-09,-23.24916506644444,-0.09041672196878406,21,12,hbo,True,S21_D12 hbo,mild_master_20,-0.1595598997337138,
676,az_itd=15_az=0,7.0,2.763720267772449e-17,3.068777147021269e-07,3.953971449948137e-09,-18.732165645230122,-0.07406644815693922,21,12,hbo,True,S21_D12 hbo,mild_master_20,-0.15004861070405445,
677,az_itd=5_az=0,7.0,2.763720267772449e-17,1.105310305083572e-07,3.889981420918724e-09,-21.72266562013709,-0.08450076567516318,21,12,hbo,True,S21_D12 hbo,mild_master_20,-0.1859333826590083,
678,constant,7.0,2.763720267772449e-17,0.6418896638916238,4.5645153512412425e-09,0.48588355068906414,0.0022178229260358356,21,12,hbo,False,S21_D12 hbo,mild_master_20,,
686,Linear,7.0,4.297271821115967e-17,0.0001303656839468768,5.137804910206046e-13,7.561838857134222,3.8851252810371085e-06,21,19,hbo,True,S21_D19 hbo,mild_master_20,,
687,ShortHbO,7.0,4.297271821115967e-17,8.747217751816174e-10,0.003791305215649747,43.57890294061674,165220.92201105435,21,19,hbo,True,S21_D19 hbo,mild_master_20,,
688,az_itd=0_az=15,7.0,4.297271821115967e-17,4.1521423512319974e-09,4.858031763071185e-09,-34.85366425174526,-0.16932020799439715,21,19,hbo,True,S21_D19 hbo,mild_master_20,-0.29617450840055964,
689,az_itd=0_az=5,7.0,4.297271821115967e-17,1.4555470160794104e-09,4.8494308159344195e-09,-40.510828534265265,-0.19645446027310137,21,19,hbo,True,S21_D19 hbo,mild_master_20,-0.2995792462322502,
690,az_itd=15_az=0,7.0,4.297271821115967e-17,7.375493931602797e-09,4.930408462918179e-09,-32.0925695734033,-0.1582294766214981,21,19,hbo,True,S21_D19 hbo,mild_master_20,-0.23190829268650479,
691,az_itd=5_az=0,7.0,4.297271821115967e-17,6.677255094490591e-09,4.8506160353139954e-09,-32.55454787615726,-0.15790961195048558,21,19,hbo,True,S21_D19 hbo,mild_master_20,-0.2626515090694841,
692,constant,7.0,4.297271821115967e-17,0.2795150204477064,5.6917267617536694e-09,1.1720576721028475,0.0066710320186264835,21,19,hbo,False,S21_D19 hbo,mild_master_20,,
700,Linear,7.0,4.552459844404804e-17,0.1258299148352018,5.288156002910477e-13,1.7377008081148109,9.189232959694724e-07,21,20,hbo,False,S21_D20 hbo,mild_master_20,,
701,ShortHbO,7.0,4.552459844404804e-17,1.557959178578993e-10,0.003902252768527166,55.7953192280954,217727.4389286923,21,20,hbo,True,S21_D20 hbo,mild_master_20,,
702,az_itd=0_az=15,7.0,4.552459844404804e-17,0.018504355179016798,5.00019566316783e-09,-3.0530198871481136,-0.015265696799283133,21,20,hbo,True,S21_D20 hbo,mild_master_20,-0.18396127826309677,
703,az_itd=0_az=5,7.0,4.552459844404804e-17,0.0002494971883585136,4.991343020643072e-09,-6.816254694354003,-0.03402226529558943,21,20,hbo,True,S21_D20 hbo,mild_master_20,-0.1282536996604263,
704,az_itd=15_az=0,7.0,4.552459844404804e-17,1.9559742473367988e-05,5.07469037179455e-09,-10.136806432664637,-0.05144115400458829,21,20,hbo,True,S21_D20 hbo,mild_master_20,-0.12096739646061848,
705,az_itd=5_az=0,7.0,4.552459844404804e-17,3.2627882924923845e-05,4.992562923906511e-09,-9.377530174395858,-0.04681790946650331,21,20,hbo,True,S21_D20 hbo,mild_master_20,-0.17745469307442532,
706,constant,7.0,4.552459844404804e-17,0.8998397790991256,5.858287647766446e-09,0.13050290949625815,0.0007645235826995117,21,20,hbo,False,S21_D20 hbo,mild_master_20,,
714,Linear,7.0,9.660552612286192e-17,0.6349837934696092,7.703395254566721e-13,0.49615341171842653,3.822065837368815e-07,22,10,hbo,False,S22_D10 hbo,mild_master_20,,
715,ShortHbO,7.0,9.660552612286192e-17,1.0671154637399513e-09,0.005684513740261705,42.3545649073425,240765.10617859464,22,10,hbo,True,S22_D10 hbo,mild_master_20,,
716,az_itd=0_az=15,7.0,9.660552612286192e-17,0.21520079260913358,7.283915890974565e-09,-1.3626715472592452,-0.009925584937260513,22,10,hbo,False,S22_D10 hbo,mild_master_20,-0.21036890882365514,
717,az_itd=0_az=5,7.0,9.660552612286192e-17,0.02201756249452085,7.271020014911517e-09,-2.930214445676151,-0.021305647882494148,22,10,hbo,True,S22_D10 hbo,mild_master_20,-0.2630401779547888,
718,az_itd=15_az=0,7.0,9.660552612286192e-17,0.6299037697661818,7.392434282756042e-09,-0.5037450080700905,-0.0037239018674245557,22,10,hbo,False,S22_D10 hbo,mild_master_20,-0.1588583521021009,
719,az_itd=5_az=0,7.0,9.660552612286192e-17,0.03407129430792246,7.272797079923485e-09,-2.6267880562463355,-0.019104096505046235,22,10,hbo,True,S22_D10 hbo,mild_master_20,-0.275403762709646,
720,constant,7.0,9.660552612286192e-17,0.9409640536611439,8.533920943492042e-09,-0.07675779475527912,-0.0006550449522383401,22,10,hbo,False,S22_D10 hbo,mild_master_20,,
728,Linear,7.0,1.9385403795537252e-17,0.6497290472559416,3.4507907287492035e-13,0.4742936363648008,1.6366880830724008e-07,22,11,hbo,False,S22_D11 hbo,mild_master_20,,
729,ShortHbO,7.0,1.9385403795537252e-17,1.9977867875000805e-10,0.0025464183861932522,53.844113832212784,137109.64145062905,22,11,hbo,True,S22_D11 hbo,mild_master_20,,
730,az_itd=0_az=15,7.0,1.9385403795537252e-17,0.01625082442859118,3.262881962426029e-09,3.145633418712143,0.010263830542320376,22,11,hbo,True,S22_D11 hbo,mild_master_20,-0.04769243206588464,
731,az_itd=0_az=5,7.0,1.9385403795537252e-17,0.006702404370014351,3.257105162964638e-09,-3.8014163418660716,-0.012381612793670128,22,11,hbo,True,S22_D11 hbo,mild_master_20,-0.07290241578093291,
732,az_itd=15_az=0,7.0,1.9385403795537252e-17,0.0017548848761187357,3.311493548341512e-09,-4.899120270344131,-0.016223405167793716,22,11,hbo,True,S22_D11 hbo,mild_master_20,-0.019445590948515376,
733,az_itd=5_az=0,7.0,1.9385403795537252e-17,0.01875631274166004,3.257901211883983e-09,-3.043419036246676,-0.00991515856645883,22,11,hbo,True,S22_D11 hbo,mild_master_20,-0.1196803274311579,
734,constant,7.0,1.9385403795537252e-17,0.9558380699241945,3.822830621890158e-09,0.05739040879422641,0.00021939381214136294,22,11,hbo,False,S22_D11 hbo,mild_master_20,,
742,Linear,7.0,3.420802412808028e-17,0.0002534175564563281,4.58400614984891e-13,6.799083463223552,3.116704040875279e-06,22,19,hbo,True,S22_D19 hbo,mild_master_20,,
743,ShortHbO,7.0,3.420802412808028e-17,1.5580282448409956e-09,0.0033826442864674116,40.1174824771848,135703.17288890565,22,19,hbo,True,S22_D19 hbo,mild_master_20,,
744,az_itd=0_az=15,7.0,3.420802412808028e-17,1.6002853560724205e-08,4.334389465400424e-09,-28.709224099648402,-0.124436958497336,22,19,hbo,True,S22_D19 hbo,mild_master_20,-0.20656149626604506,
745,az_itd=0_az=5,7.0,3.420802412808028e-17,4.454063080177609e-09,4.326715605598715e-09,-34.50412727628941,-0.1492895459438857,22,19,hbo,True,S22_D19 hbo,mild_master_20,-0.22947122008950083,
746,az_itd=15_az=0,7.0,3.420802412808028e-17,1.3876734750665473e-08,4.398964754459247e-09,-29.30428494835828,-0.1289085166424587,22,19,hbo,True,S22_D19 hbo,mild_master_20,-0.17231309476072407,
747,az_itd=5_az=0,7.0,3.420802412808028e-17,4.040065618771985e-09,4.3277730713880646e-09,-34.99087383440446,-0.15143256152487286,22,19,hbo,True,S22_D19 hbo,mild_master_20,-0.22665668533235991,
748,constant,7.0,3.420802412808028e-17,0.2780165281747992,5.078221328978429e-09,1.1760518407519895,0.005972251541691096,22,19,hbo,False,S22_D19 hbo,mild_master_20,,
798,Linear,7.0,1.1948810504282498e-16,0.19663003952368438,8.567291295328104e-13,-1.4269854979047845,-1.2225400434759102e-06,23,9,hbo,False,S23_D9 hbo,mild_master_20,,
799,ShortHbO,7.0,1.1948810504282498e-16,0.043433839632158085,0.006322002633351351,-2.460494311065845,-15555.25151390429,23,9,hbo,True,S23_D9 hbo,mild_master_20,,
800,az_itd=0_az=15,7.0,1.1948810504282498e-16,1.972151799104137e-05,8.100769484942952e-09,10.124167679417443,0.08201354859787052,23,9,hbo,True,S23_D9 hbo,mild_master_20,0.2205429432751692,
801,az_itd=0_az=5,7.0,1.1948810504282498e-16,0.1546531400746418,8.086427402901261e-09,1.5953992340300247,0.012901080084628074,23,9,hbo,False,S23_D9 hbo,mild_master_20,-0.024067597333614365,
802,az_itd=15_az=0,7.0,1.1948810504282498e-16,0.053544308183306716,8.221457654583645e-09,-2.318097190206889,-0.01905813788849527,23,9,hbo,False,S23_D9 hbo,mild_master_20,0.1653265472645359,
803,az_itd=5_az=0,7.0,1.1948810504282498e-16,0.00010951227265749858,8.088403756587545e-09,7.772749254413633,0.06286913426841227,23,9,hbo,True,S23_D9 hbo,mild_master_20,0.089720928970345,
804,constant,7.0,1.1948810504282498e-16,0.7390584927855977,9.490956156099485e-09,0.3466260106111176,0.0032898122692737917,23,9,hbo,False,S23_D9 hbo,mild_master_20,,
756,Linear,7.0,2.5635782890795302e-17,0.02802048169160188,3.9682999279887895e-13,-2.7618671621143975,-1.0959917260533165e-06,23,10,hbo,True,S23_D10 hbo,mild_master_20,,
757,ShortHbO,7.0,2.5635782890795302e-17,6.191924591721486e-08,0.0029283004078959956,23.621107480380942,69169.69866975467,23,10,hbo,True,S23_D10 hbo,mild_master_20,,
758,az_itd=0_az=15,7.0,2.5635782890795302e-17,3.543513163319086e-07,3.752210804514472e-09,18.344360834556106,0.06883190892533353,23,10,hbo,True,S23_D10 hbo,mild_master_20,0.10044050495528317,
759,az_itd=0_az=5,7.0,2.5635782890795302e-17,3.636566449054e-05,3.745567668291908e-09,9.223142358418443,0.03454590381774569,23,10,hbo,True,S23_D10 hbo,mild_master_20,-0.004911985258608087,
760,az_itd=15_az=0,7.0,2.5635782890795302e-17,1.2538728189248211e-06,3.8081125870481685e-09,15.252844731757508,0.058084550011297115,23,10,hbo,True,S23_D10 hbo,mild_master_20,0.07056833609020922,
761,az_itd=5_az=0,7.0,2.5635782890795302e-17,0.5488235845740714,3.746483099309788e-09,-0.6297982640000314,-0.002359528552050762,23,10,hbo,False,S23_D10 hbo,mild_master_20,-0.03026703244115848,
762,constant,7.0,2.5635782890795302e-17,0.8901241855994874,4.3961340092792946e-09,-0.1432565744817008,-0.0006297750991318572,23,10,hbo,False,S23_D10 hbo,mild_master_20,,
770,Linear,7.0,4.343255809849379e-17,0.5267795855404743,5.165220919887406e-13,-0.6659376941219504,-3.439715309020279e-07,23,11,hbo,False,S23_D11 hbo,mild_master_20,,
771,ShortHbO,7.0,4.343255809849379e-17,8.118602591687311e-10,0.0038115361240462046,44.047193022040936,167887.46736634496,23,11,hbo,True,S23_D11 hbo,mild_master_20,,
772,az_itd=0_az=15,7.0,4.343255809849379e-17,0.0001276342579070073,4.883954866064866e-09,7.58720947138415,0.03705558861762006,23,11,hbo,True,S23_D11 hbo,mild_master_20,-0.07442048691218675,
773,az_itd=0_az=5,7.0,4.343255809849379e-17,0.006661345993466814,4.875308023131338e-09,3.8061342685911574,0.018556076936777594,23,11,hbo,True,S23_D11 hbo,mild_master_20,-0.1350169400744063,
774,az_itd=15_az=0,7.0,4.343255809849379e-17,0.00012571528426257118,4.956717777599223e-09,7.605402744479042,0.03769783498936119,23,11,hbo,True,S23_D11 hbo,mild_master_20,-0.03909381284479593,
775,az_itd=5_az=0,7.0,4.343255809849379e-17,0.0005368983319558189,4.876499566999008e-09,-6.009967335955177,-0.029307603111463604,23,11,hbo,True,S23_D11 hbo,mild_master_20,-0.17715885458067587,
776,constant,7.0,4.343255809849379e-17,0.791043799217998,5.7220985720366795e-09,-0.2752879331541151,-0.0015752246892000907,23,11,hbo,False,S23_D11 hbo,mild_master_20,,
784,Linear,7.0,4.1584020666898085e-17,0.906789589950938,5.054107041783238e-13,0.1213948502718579,6.135425675952188e-08,23,19,hbo,False,S23_D19 hbo,mild_master_20,,
785,ShortHbO,7.0,4.1584020666898085e-17,0.00011698789648370095,0.0037295426204099385,7.69229343344683,28688.736208739454,23,19,hbo,True,S23_D19 hbo,mild_master_20,,
786,az_itd=0_az=15,7.0,4.1584020666898085e-17,0.6814663781769208,4.778891564016206e-09,0.42806434039137065,0.002045673065152483,23,19,hbo,False,S23_D19 hbo,mild_master_20,0.08733750851201652,
787,az_itd=0_az=5,7.0,4.1584020666898085e-17,0.056312951656008366,4.770430731374706e-09,-2.2838835168445883,-0.010895108115635564,23,19,hbo,False,S23_D19 hbo,mild_master_20,-0.01516585676429504,
788,az_itd=15_az=0,7.0,4.1584020666898085e-17,0.0659609614177662,4.850089204789035e-09,2.1767034616580436,0.0105572059614146,23,19,hbo,False,S23_D19 hbo,mild_master_20,0.04061512415994056,
789,az_itd=5_az=0,7.0,4.1584020666898085e-17,3.6805762789326837e-06,4.771596642832433e-09,-13.015067347962669,-0.06210265166377668,23,19,hbo,True,S23_D19 hbo,mild_master_20,-0.08852160660871423,
790,constant,7.0,4.1584020666898085e-17,0.6578608232994294,5.599005180080236e-09,0.4623455017859779,0.0025886748594864863,23,19,hbo,False,S23_D19 hbo,mild_master_20,,
840,Linear,7.0,5.322946356570022e-17,0.2685141330104199,5.718172353099564e-13,-1.201807338098299,-6.872141494465875e-07,24,9,hbo,False,S24_D9 hbo,mild_master_20,,
841,ShortHbO,7.0,5.322946356570022e-17,3.859321252207556e-08,0.004219571790907324,25.289273408705775,106709.90468791759,24,9,hbo,True,S24_D9 hbo,mild_master_20,,
842,az_itd=0_az=15,7.0,5.322946356570022e-17,9.222101873994989e-06,5.406795976797635e-09,11.351731665868737,0.0613764971007054,24,9,hbo,True,S24_D9 hbo,mild_master_20,0.1775440432474289,
843,az_itd=0_az=5,7.0,5.322946356570022e-17,0.18295068651828722,5.397223464997853e-09,-1.477935376707775,-0.007976747494917644,24,9,hbo,False,S24_D9 hbo,mild_master_20,0.01135703837284951,
844,az_itd=15_az=0,7.0,5.322946356570022e-17,0.11234441811936757,5.487348362749765e-09,1.8152695237811585,0.009961016249270085,24,9,hbo,False,S24_D9 hbo,mild_master_20,0.08597123086466482,
845,az_itd=5_az=0,7.0,5.322946356570022e-17,0.015393169636491314,5.398542566989287e-09,3.1845367056061606,0.017191856961354692,24,9,hbo,True,S24_D9 hbo,mild_master_20,0.03926471520053692,
846,constant,7.0,5.322946356570022e-17,0.8141070215367721,6.3346653248364595e-09,0.24416235478919393,0.001546686802513524,24,9,hbo,False,S24_D9 hbo,mild_master_20,,
812,Linear,7.0,4.4373844957075e-17,0.13483917309521348,5.220892216935258e-13,-1.6901808221927137,-8.824251899799175e-07,24,10,hbo,False,S24_D10 hbo,mild_master_20,,
813,ShortHbO,7.0,4.4373844957075e-17,0.004957065733093725,0.003852617263277519,4.036138448129136,15549.696662240447,24,10,hbo,True,S24_D10 hbo,mild_master_20,,
814,az_itd=0_az=15,7.0,4.4373844957075e-17,1.4005028828326967e-05,4.936594647854282e-09,10.661382564156467,0.05263092410494178,24,10,hbo,True,S24_D10 hbo,mild_master_20,0.14684837603340176,
815,az_itd=0_az=5,7.0,4.4373844957075e-17,0.048487225343471385,4.927854608333629e-09,-2.385517411015605,-0.011755482967133357,24,10,hbo,True,S24_D10 hbo,mild_master_20,0.006138048909554306,
816,az_itd=15_az=0,7.0,4.4373844957075e-17,0.0006174385324655099,5.0101418057403294e-09,5.870802871842164,0.02941355490147681,24,10,hbo,True,S24_D10 hbo,mild_master_20,0.0860603911591601,
817,az_itd=5_az=0,7.0,4.4373844957075e-17,0.012575046807582254,4.929058994787054e-09,3.330928806781818,0.016418344596063228,24,10,hbo,True,S24_D10 hbo,mild_master_20,0.05441546457945373,
818,constant,7.0,4.4373844957075e-17,0.6628558336982291,5.783771955282384e-09,0.45504250026862925,0.0026318620515152743,24,10,hbo,False,S24_D10 hbo,mild_master_20,,
826,Linear,7.0,7.315347437508939e-17,0.11071089258471921,6.703454646381503e-13,1.8252661352849897,1.2235588755458973e-06,24,19,hbo,False,S24_D19 hbo,mild_master_20,,
827,ShortHbO,7.0,7.315347437508939e-17,2.7190730803410342e-06,0.004946634410584985,-13.610970053364078,-67328.4928274125,24,19,hbo,True,S24_D19 hbo,mild_master_20,,
828,az_itd=0_az=15,7.0,7.315347437508939e-17,0.0001849325724244482,6.338425877116936e-09,-7.152642583031799,-0.04533649483805728,24,19,hbo,True,S24_D19 hbo,mild_master_20,0.0647443100136934,
829,az_itd=0_az=5,7.0,7.315347437508939e-17,2.2027268954679223e-07,6.3272039525684395e-09,-19.656548363500896,-0.12437099049939555,24,19,hbo,True,S24_D19 hbo,mild_master_20,-0.04218032984645541,
830,az_itd=15_az=0,7.0,7.315347437508939e-17,2.1946086174199656e-05,6.4328580195120895e-09,-9.961432152983546,-0.06408047871114578,24,19,hbo,True,S24_D19 hbo,mild_master_20,-0.01649713605005692,
831,az_itd=5_az=0,7.0,7.315347437508939e-17,1.844864589652244e-05,6.32875034533653e-09,-10.226946703365675,-0.0647237924806638,24,19,hbo,True,S24_D19 hbo,mild_master_20,0.03527470628791565,
832,constant,7.0,7.315347437508939e-17,0.27321578312860284,7.426173798701408e-09,1.1889701506003736,0.008829498979826562,24,19,hbo,False,S24_D19 hbo,mild_master_20,,
595,Linear,7.0,1.056910447290386e-16,0.04438065649449104,8.057499589980949e-13,-2.445786519335131,-1.970692387672375e-06,1,7,hbr,True,S1_D7 hbr,mild_master_20,,
596,ShortHbO,7.0,1.056910447290386e-16,6.688471278608946e-06,0.00594581552910022,-11.9097974011042,-70813.4583359228,1,7,hbr,True,S1_D7 hbr,mild_master_20,,
597,az_itd=0_az=15,7.0,1.056910447290386e-16,1.1478958423016824e-06,7.61873788965854e-09,15.451613058509752,0.11772178986521091,1,7,hbr,True,S1_D7 hbr,mild_master_20,,0.2330720659498029
598,az_itd=0_az=5,7.0,1.056910447290386e-16,0.015621849641104617,7.60524922490012e-09,3.1739416617816447,0.02413861736314305,1,7,hbr,True,S1_D7 hbr,mild_master_20,,0.10740357998544071
599,az_itd=15_az=0,7.0,1.056910447290386e-16,0.0005175028823240638,7.732244579681525e-09,6.04698853568466,0.04675679432844404,1,7,hbr,True,S1_D7 hbr,mild_master_20,,0.038928184362784175
600,az_itd=5_az=0,7.0,1.056910447290386e-16,1.9627035596107005e-05,7.607107976805238e-09,10.131534789132804,0.07707167911169192,1,7,hbr,True,S1_D7 hbr,mild_master_20,,0.12296544687529384
601,constant,7.0,1.056910447290386e-16,0.7557391460237165,8.926202308307299e-09,-0.32353811604640076,-0.002887966678278777,1,7,hbr,False,S1_D7 hbr,mild_master_20,,
609,Linear,7.0,3.2702809900992466e-18,0.0003152140847637082,1.4173389807904675e-13,-6.562202458468662,-9.300865344226674e-07,1,8,hbr,True,S1_D8 hbr,mild_master_20,,
610,ShortHbO,7.0,3.2702809900992466e-18,0.004287587985129472,0.0010458872542124407,-4.151399193342922,-4341.89550346517,1,8,hbr,True,S1_D8 hbr,mild_master_20,,
611,az_itd=0_az=15,7.0,3.2702809900992466e-18,1.2797576997975435e-08,1.3401594470901964e-09,29.647622105063274,0.03973254084786068,1,8,hbr,True,S1_D8 hbr,mild_master_20,,0.058699391287484366
612,az_itd=0_az=5,7.0,3.2702809900992466e-18,1.0620991958346864e-08,1.337786749437851e-09,30.453388611314157,0.04074013975969764,1,8,hbr,True,S1_D8 hbr,mild_master_20,,0.022855551197974965
613,az_itd=15_az=0,7.0,3.2702809900992466e-18,1.736381248506709e-08,1.3601256232660067e-09,28.37388819001909,0.03859205235892971,1,8,hbr,True,S1_D8 hbr,mild_master_20,,0.05964653587403981
614,az_itd=5_az=0,7.0,3.2702809900992466e-18,3.778371056776645e-08,1.3381137096196446e-09,25.366718237786156,0.03394355344204032,1,8,hbr,True,S1_D8 hbr,mild_master_20,,0.03798745813020957
615,constant,7.0,3.2702809900992466e-18,0.5270225758908604,1.5701464630190196e-09,-0.6655342758456918,-0.0010449862892370375,1,8,hbr,False,S1_D8 hbr,mild_master_20,,
861,Linear,7.0,2.285254135184695e-17,6.05788679059663e-05,3.7466959287845034e-13,-8.525697782652694,-3.1943197172311916e-06,4,2,hbr,True,S4_D2 hbr,mild_master_20,,
862,ShortHbO,7.0,2.285254135184695e-17,1.8297056294783672e-05,0.0027647736853606405,-10.239720957250364,-28310.511048041673,4,2,hbr,True,S4_D2 hbr,mild_master_20,,
863,az_itd=0_az=15,7.0,2.285254135184695e-17,2.2562509273198266e-09,3.542673991464315e-09,38.04230748244696,0.13477149329335317,4,2,hbr,True,S4_D2 hbr,mild_master_20,,0.204058833974355
864,az_itd=0_az=5,7.0,2.285254135184695e-17,2.655163671962e-10,3.5364018316248098e-09,51.69516183725451,0.18281486500740782,4,2,hbr,True,S4_D2 hbr,mild_master_20,,0.16958921053787385
865,az_itd=15_az=0,7.0,2.285254135184695e-17,8.618478138508123e-09,3.595454019393542e-09,31.382103029932686,0.11283290847599373,4,2,hbr,True,S4_D2 hbr,mild_master_20,,0.1740628919297562
866,az_itd=5_az=0,7.0,2.285254135184695e-17,1.5175241927173645e-08,3.537266141714777e-09,28.929482343115986,0.10233127838963965,4,2,hbr,True,S4_D2 hbr,mild_master_20,,0.12018171445880885
867,constant,7.0,2.285254135184695e-17,0.39234937795086,4.1506382314467945e-09,-0.9114798128741123,-0.0037832229585072603,4,2,hbr,False,S4_D2 hbr,mild_master_20,,
875,Linear,7.0,1.2932764868678243e-17,7.049159613355337e-05,2.8185574251124623e-13,-8.327425555596468,-2.34713271317977e-06,4,3,hbr,True,S4_D3 hbr,mild_master_20,,
876,ShortHbO,7.0,1.2932764868678243e-17,0.03443397901655464,0.002079878791273266,-2.6195048271104366,-5448.252533544941,4,3,hbr,True,S4_D3 hbr,mild_master_20,,
877,az_itd=0_az=15,7.0,1.2932764868678243e-17,9.840365899026315e-10,2.6650761826391235e-09,42.849529202757594,0.11419725971556884,4,3,hbr,True,S4_D3 hbr,mild_master_20,,0.16233286671820474
878,az_itd=0_az=5,7.0,1.2932764868678243e-17,3.4213851509365367e-10,2.6603577739336523e-09,49.851912682260775,0.13262392344971408,4,3,hbr,True,S4_D3 hbr,mild_master_20,,0.1196446282264022
879,az_itd=15_az=0,7.0,1.2932764868678243e-17,5.648876472146116e-09,2.7047814436064384e-09,33.346301339308454,0.09019445707547002,4,3,hbr,True,S4_D3 hbr,mild_master_20,,0.14585586041470192
880,az_itd=5_az=0,7.0,1.2932764868678243e-17,3.076817709002804e-08,2.661007975516055e-09,26.129258100751738,0.06953016420041787,4,3,hbr,True,S4_D3 hbr,mild_master_20,,0.08986062692136774
881,constant,7.0,1.2932764868678243e-17,0.2771381917717422,3.1224343871415606e-09,-1.1784013573672558,-0.00367948092009781,4,3,hbr,False,S4_D3 hbr,mild_master_20,,
889,Linear,7.0,2.9067002627079607e-17,0.0011326432028153104,4.2255312862940275e-13,-5.292428404721345,-2.236332180462123e-06,5,1,hbr,True,S5_D1 hbr,mild_master_20,,
890,ShortHbO,7.0,2.9067002627079607e-17,1.4235272479742387e-08,0.0031181173837087667,-29.196916315298097,-91039.41231342111,5,1,hbr,True,S5_D1 hbr,mild_master_20,,
891,az_itd=0_az=15,7.0,2.9067002627079607e-17,6.929864315507567e-08,3.9954349305653535e-09,23.239971045562346,0.09285379210076722,5,1,hbr,True,S5_D1 hbr,mild_master_20,,0.21568641167603486
892,az_itd=0_az=5,7.0,2.9067002627079607e-17,8.39983174120597e-09,3.988361175945756e-09,31.498245125468628,0.1256263779688417,5,1,hbr,True,S5_D1 hbr,mild_master_20,,0.19372967184430212
893,az_itd=15_az=0,7.0,2.9067002627079607e-17,5.737339248059577e-08,4.054960353376692e-09,23.882682717568052,0.09684333155201316,5,1,hbr,True,S5_D1 hbr,mild_master_20,,0.1964509212486937
894,az_itd=5_az=0,7.0,2.9067002627079607e-17,8.243435963871259e-08,3.989335946622543e-09,22.66414959143149,0.09041490666472825,5,1,hbr,True,S5_D1 hbr,mild_master_20,,0.18454612290424202
895,constant,7.0,2.9067002627079607e-17,0.29500982061467346,4.681098236535144e-09,-1.1317647042050647,-0.005297901761027047,5,1,hbr,False,S5_D1 hbr,mild_master_20,,
903,Linear,7.0,7.522043210348926e-18,0.0009795611978933563,2.1495577067662944e-13,-5.427183228456261,-1.1666043534760937e-06,7,7,hbr,True,S7_D7 hbr,mild_master_20,,
904,ShortHbO,7.0,7.522043210348926e-18,0.0022992266854526986,0.0015862084075660885,-4.66564056638949,-7400.678293088416,7,7,hbr,True,S7_D7 hbr,mild_master_20,,
905,az_itd=0_az=15,7.0,7.522043210348926e-18,1.7757114133514288e-08,2.032506060181706e-09,28.2825440861428,0.0574844422524415,7,7,hbr,True,S7_D7 hbr,mild_master_20,,0.08417746338343103
906,az_itd=0_az=5,7.0,7.522043210348926e-18,3.304174839625867e-08,2.02890759108324e-09,25.86207422459221,0.05247175871543333,7,7,hbr,True,S7_D7 hbr,mild_master_20,,0.04857940573350105
907,az_itd=15_az=0,7.0,7.522043210348926e-18,3.023462157604529e-07,2.062787064553314e-09,18.772722689507308,0.038724129530362174,7,7,hbr,True,S7_D7 hbr,mild_master_20,,0.051290652473544716
908,az_itd=5_az=0,7.0,7.522043210348926e-18,1.376659428195358e-07,2.029403463833588e-09,21.042998062472616,0.04270473315742541,7,7,hbr,True,S7_D7 hbr,mild_master_20,,0.08653770545118653
909,constant,7.0,7.522043210348926e-18,0.6139034762108531,2.381307842427381e-09,-0.527869450463536,-0.0012570196621666501,7,7,hbr,False,S7_D7 hbr,mild_master_20,,
931,Linear,7.0,6.438315629583891e-16,0.9386411647316719,1.9886910922996233e-12,-0.07978517707426207,-1.586680709451331e-07,8,8,hbr,False,S8_D8 hbr,mild_master_20,,
932,ShortHbO,7.0,6.438315629583891e-16,9.330889684497924e-08,0.01467501207680029,-22.26162721682499,-326689.6482561327,8,8,hbr,True,S8_D8 hbr,mild_master_20,,
933,az_itd=0_az=15,7.0,6.438315629583891e-16,0.00011554893377262805,1.880399248740811e-08,-7.707320930127035,-0.14492840486815206,8,8,hbr,True,S8_D8 hbr,mild_master_20,,-0.21243126604294607
934,az_itd=0_az=5,7.0,6.438315629583891e-16,0.0022803466550074805,1.877070078549423e-08,4.67266737321399,0.0877092411327411,8,8,hbr,True,S8_D8 hbr,mild_master_20,,0.3707314558557724
935,az_itd=15_az=0,7.0,6.438315629583891e-16,0.01307597704485482,1.9084141112728315e-08,-3.302483356878627,-0.06302505840510843,8,8,hbr,True,S8_D8 hbr,mild_master_20,,0.03090606876425287
936,az_itd=5_az=0,7.0,6.438315629583891e-16,0.0569724401990493,1.8775288416328367e-08,2.2759858164581885,0.04273229013547509,8,8,hbr,False,S8_D8 hbr,mild_master_20,,0.13562680992348417
937,constant,7.0,6.438315629583891e-16,0.49163460548234195,2.2030977253375242e-08,0.7255819260198672,0.01598527890760389,8,8,hbr,False,S8_D8 hbr,mild_master_20,,
917,Linear,7.0,3.1637081792260603e-19,0.2742747381618288,4.408383876757119e-14,1.1861043977974837,5.2288035034011396e-08,8,16,hbr,False,S8_D16 hbr,mild_master_20,,
918,ShortHbO,7.0,3.1637081792260603e-19,9.97964689271629e-08,0.00032530485443958284,22.04620284697679,7171.736808081302,8,16,hbr,True,S8_D16 hbr,mild_master_20,,
919,az_itd=0_az=15,7.0,3.1637081792260603e-19,0.1265353183756438,4.168330497437689e-10,-1.7338654056676115,-0.0007227324048896475,8,16,hbr,False,S8_D16 hbr,mild_master_20,,-0.012112484724066439
920,az_itd=0_az=5,7.0,3.1637081792260603e-19,0.0001822695029012529,4.1609506382672415e-10,-7.169259823318095,-0.002983093623773912,8,16,hbr,True,S8_D16 hbr,mild_master_20,,-0.008717729644851731
921,az_itd=15_az=0,7.0,3.1637081792260603e-19,1.2514347031964262e-05,4.230431780424237e-10,-10.843501987067853,-0.0045872695417185205,8,16,hbr,True,S8_D16 hbr,mild_master_20,,-0.006260839762993893
922,az_itd=5_az=0,7.0,3.1637081792260603e-19,0.2070870311200045,4.1619675904666066e-10,1.3901390790427737,0.000578571379321712,8,16,hbr,False,S8_D16 hbr,mild_master_20,,-0.0024070362476776956
923,constant,7.0,3.1637081792260603e-19,0.7736038206913844,4.883664702328221e-10,-0.29902456453913756,-0.00014603357109688533,8,16,hbr,False,S8_D16 hbr,mild_master_20,,
959,Linear,7.0,8.852122170157863e-17,0.0011192135741231346,7.374029933739965e-13,-5.303414156316697,-3.910753473969961e-06,9,5,hbr,True,S9_D5 hbr,mild_master_20,,
960,ShortHbO,7.0,8.852122170157863e-17,6.075356353976795e-08,0.005441467443150639,-23.68604134778185,-128886.8228510748,9,5,hbr,True,S9_D5 hbr,mild_master_20,,
961,az_itd=0_az=15,7.0,8.852122170157863e-17,2.5501128476295827e-08,6.9724857728219574e-09,26.845978420755262,0.18718320259620136,9,5,hbr,True,S9_D5 hbr,mild_master_20,,0.2993356195867256
962,az_itd=0_az=5,7.0,8.852122170157863e-17,2.9281625267317636e-08,6.96014127108367e-09,26.316445171733776,0.18316617614799482,9,5,hbr,True,S9_D5 hbr,mild_master_20,,0.27589528432429405
963,az_itd=15_az=0,7.0,8.852122170157863e-17,8.585534059471884e-07,7.076364366989062e-09,16.12286346544081,0.11409125652067513,9,5,hbr,True,S9_D5 hbr,mild_master_20,,0.22484214212861017
964,az_itd=5_az=0,7.0,8.852122170157863e-17,1.791735241780798e-08,6.961842356145441e-09,28.2459889679931,0.1966441223885912,9,5,hbr,True,S9_D5 hbr,mild_master_20,,0.20520307821002304
965,constant,7.0,8.852122170157863e-17,0.6558487037594185,8.169045779154972e-09,-0.46529506101800133,-0.003801016654270759,9,5,hbr,False,S9_D5 hbr,mild_master_20,,
945,Linear,7.0,1.4319220837064038e-16,0.49771344069042234,9.378662122919198e-13,0.715072996643201,6.706428028739915e-07,9,17,hbr,False,S9_D17 hbr,mild_master_20,,
946,ShortHbO,7.0,1.4319220837064038e-16,0.003361496477493433,0.006920731955354509,4.3483793083834,30093.967633531338,9,17,hbr,True,S9_D17 hbr,mild_master_20,,
947,az_itd=0_az=15,7.0,1.4319220837064038e-16,1.721178544602446e-05,8.867958064687762e-09,-10.334833165069472,-0.09164886711338038,9,17,hbr,True,S9_D17 hbr,mild_master_20,,-0.14990166062158983
948,az_itd=0_az=5,7.0,1.4319220837064038e-16,0.00012188146562534177,8.852257706549879e-09,7.642706888440667,0.06765521095210074,9,17,hbr,True,S9_D17 hbr,mild_master_20,,0.061618475408379066
949,az_itd=15_az=0,7.0,1.4319220837064038e-16,0.00047716198091139864,9.000076084990264e-09,-6.129228984336201,-0.05516352720135341,9,17,hbr,True,S9_D17 hbr,mild_master_20,,0.011658946371552563
950,az_itd=5_az=0,7.0,1.4319220837064038e-16,4.719063637769118e-07,8.854421232082057e-09,-17.59486615933787,-0.1557923564968833,9,17,hbr,True,S9_D17 hbr,mild_master_20,,-0.16188937279595086
951,constant,7.0,1.4319220837064038e-16,0.3045994920271349,1.0389803257890519e-08,1.1076912162982473,0.01150869380783224,9,17,hbr,False,S9_D17 hbr,mild_master_20,,
35,Linear,7.0,4.279001407411112e-18,0.0007136192361753241,1.6212590424459456e-13,-5.729067985024891,-9.288303275509178e-07,10,5,hbr,True,S10_D5 hbr,mild_master_20,,
36,ShortHbO,7.0,4.279001407411112e-18,1.8732927216246256e-07,0.0011963645897364605,-20.124070541084773,-24075.725396712478,10,5,hbr,True,S10_D5 hbr,mild_master_20,,
37,az_itd=0_az=15,7.0,4.279001407411112e-18,1.8156829019499558e-07,1.5329752806929593e-09,20.215448193655245,0.030989782369002628,10,5,hbr,True,S10_D5 hbr,mild_master_20,,0.08296262323302797
38,az_itd=0_az=5,7.0,4.279001407411112e-18,1.6711822561062574e-08,1.5302612104698217e-09,28.5306428269888,0.043659336027910015,10,5,hbr,True,S10_D5 hbr,mild_master_20,,0.06501001818760699
39,az_itd=15_az=0,7.0,4.279001407411112e-18,6.854059210061517e-08,1.5558140963233934e-09,23.27693715688107,0.036214586947909334,10,5,hbr,True,S10_D5 hbr,mild_master_20,,0.05655016542190865
40,az_itd=5_az=0,7.0,4.279001407411112e-18,2.6034250187807127e-08,1.530635212143689e-09,26.766060981987444,0.04096907542941527,10,5,hbr,True,S10_D5 hbr,mild_master_20,,0.037732772356707175
41,constant,7.0,4.279001407411112e-18,0.6256661904470963,1.7960517460081308e-09,-0.5101022216447025,-0.0009161699858275946,10,5,hbr,False,S10_D5 hbr,mild_master_20,,
49,Linear,7.0,5.0299104710766355e-17,3.5354680586460555e-05,5.558547537606718e-13,-9.263062785507671,-5.148917483708009e-06,10,6,hbr,True,S10_D6 hbr,mild_master_20,,
50,ShortHbO,7.0,5.0299104710766355e-17,2.2244393925113573e-08,0.004101780943239484,-27.37965133559895,-112305.33208090127,10,6,hbr,True,S10_D6 hbr,mild_master_20,,
51,az_itd=0_az=15,7.0,5.0299104710766355e-17,1.577174343057774e-09,5.255863343622287e-09,40.0472749814116,0.21048300458676317,10,6,hbr,True,S10_D6 hbr,mild_master_20,,0.3453070479721794
52,az_itd=0_az=5,7.0,5.0299104710766355e-17,4.304107497529547e-10,5.246558051894845e-09,48.23972472416623,0.2530925161727651,10,6,hbr,True,S10_D6 hbr,mild_master_20,,0.2785676785066666
53,az_itd=15_az=0,7.0,5.0299104710766355e-17,2.2939447898262806e-09,5.3341670810638236e-09,37.9519841292185,0.20244222440313403,10,6,hbr,True,S10_D6 hbr,mild_master_20,,0.3236585923171662
54,az_itd=5_az=0,7.0,5.0299104710766355e-17,1.4826205818643254e-09,5.247840330684914e-09,40.403908839447205,0.21203326232496775,10,6,hbr,True,S10_D6 hbr,mild_master_20,,0.2435455442710887
55,constant,7.0,5.0299104710766355e-17,0.23616382266434183,6.15783088871845e-09,-1.2957049185409286,-0.007978731770055753,10,6,hbr,False,S10_D6 hbr,mild_master_20,,
7,Linear,7.0,1.871617923353196e-17,1.9277679229400106e-05,3.3907033428384623e-13,-10.159128907434516,-3.444659234676507e-06,10,14,hbr,True,S10_D14 hbr,mild_master_20,,
8,ShortHbO,7.0,1.871617923353196e-17,3.5349494049064367e-07,0.002502078512729856,-18.350819992361565,-45915.19239386133,10,14,hbr,True,S10_D14 hbr,mild_master_20,,
9,az_itd=0_az=15,7.0,1.871617923353196e-17,7.928903150831505e-10,3.206066564719036e-09,44.19669618021692,0.14169754989443897,10,14,hbr,True,S10_D14 hbr,mild_master_20,,0.19241225933640035
10,az_itd=0_az=5,7.0,1.871617923353196e-17,4.850943669637964e-10,3.2003903546024793e-09,47.42028890299101,0.15176343521759542,10,14,hbr,True,S10_D14 hbr,mild_master_20,,0.1268193720219702
11,az_itd=15_az=0,7.0,1.871617923353196e-17,6.122974234058952e-10,3.25383169445904e-09,45.864307091255206,0.1492347360579287,10,14,hbr,True,S10_D14 hbr,mild_master_20,,0.18302783343104867
12,az_itd=5_az=0,7.0,1.871617923353196e-17,6.500351301287063e-10,3.201172542206439e-09,45.472951257946804,0.14556676298003107,10,14,hbr,True,S10_D14 hbr,mild_master_20,,0.14529080790957236
13,constant,7.0,1.871617923353196e-17,0.1860277485930731,3.756265038258788e-09,-1.466182050488108,-0.005507368375971062,10,14,hbr,False,S10_D14 hbr,mild_master_20,,
21,Linear,7.0,3.8250824631206465e-17,0.0001444068582294445,4.847318960363811e-13,-7.440238954402817,-3.6065211353314192e-06,10,16,hbr,True,S10_D16 hbr,mild_master_20,,
22,ShortHbO,7.0,3.8250824631206465e-17,1.2608705450993753e-08,0.003576948906689455,-29.711107611518702,-106275.11388755456,10,16,hbr,True,S10_D16 hbr,mild_master_20,,
23,az_itd=0_az=15,7.0,3.8250824631206465e-17,3.091592958225826e-08,4.5833638853056805e-09,26.11121917900367,0.11967721898634646,10,16,hbr,True,S10_D16 hbr,mild_master_20,,0.19831209029222324
24,az_itd=0_az=5,7.0,3.8250824631206465e-17,1.5078900696878842e-09,4.575249226446153e-09,40.30610719915171,0.18441048578397462,10,16,hbr,True,S10_D16 hbr,mild_master_20,,0.22105585770550254
25,az_itd=15_az=0,7.0,3.8250824631206465e-17,7.132763331202144e-09,4.6516484845826956e-09,32.24728469186379,0.15000303296881495,10,16,hbr,True,S10_D16 hbr,mild_master_20,,0.21565741589831502
26,az_itd=5_az=0,7.0,3.8250824631206465e-17,3.014732398460528e-09,4.576367434799958e-09,36.4927071747699,0.16700403672230774,10,16,hbr,True,S10_D16 hbr,mild_master_20,,0.1802460836153827
27,constant,7.0,3.8250824631206465e-17,0.2976546833113028,5.369922667684988e-09,-1.1250620306328711,-0.006041496100847157,10,16,hbr,False,S10_D16 hbr,mild_master_20,,
119,Linear,7.0,9.530179392330666e-17,0.00019899477226408813,7.651238407991118e-13,-7.069145375553516,-5.408771660910786e-06,11,3,hbr,True,S11_D3 hbr,mild_master_20,,
120,ShortHbO,7.0,9.530179392330666e-17,2.2469954945985273e-07,0.005646025995415433,-19.599854502807048,-110661.28802920882,11,3,hbr,True,S11_D3 hbr,mild_master_20,,
121,az_itd=0_az=15,7.0,9.530179392330666e-17,3.1155778738166555e-09,7.234599184374323e-09,36.32077422027376,0.2627662435498365,11,3,hbr,True,S11_D3 hbr,mild_master_20,,0.43275180530952795
122,az_itd=0_az=5,7.0,9.530179392330666e-17,5.853123692001701e-09,7.221790621529285e-09,33.17658061576016,0.23959431874530704,11,3,hbr,True,S11_D3 hbr,mild_master_20,,0.3432658117920402
123,az_itd=15_az=0,7.0,9.530179392330666e-17,2.0157221959286453e-08,7.34238283817031e-09,27.770950158924496,0.20390494784657023,11,3,hbr,True,S11_D3 hbr,mild_master_20,,0.38278631179294376
124,az_itd=5_az=0,7.0,9.530179392330666e-17,8.862776979716237e-09,7.223555654689827e-09,31.25625012552503,0.2257812623386359,11,3,hbr,True,S11_D3 hbr,mild_master_20,,0.31474960626240117
125,constant,7.0,9.530179392330666e-17,0.2810837269472468,8.476140913955822e-09,-1.1678954008325018,-0.009899245990217203,11,3,hbr,False,S11_D3 hbr,mild_master_20,,
133,Linear,7.0,6.546112535537138e-18,6.632796668823536e-05,2.0052703400803045e-13,-8.406606999226764,-1.6857519676260918e-06,11,4,hbr,True,S11_D4 hbr,mild_master_20,,
134,ShortHbO,7.0,6.546112535537138e-18,1.8240541026989808e-07,0.001479735418530967,-20.2019664567066,-29893.5652899633,11,4,hbr,True,S11_D4 hbr,mild_master_20,,
135,az_itd=0_az=15,7.0,6.546112535537138e-18,1.9768533368157958e-09,1.8960756930071907e-09,38.77066848436237,0.07351212211483943,11,4,hbr,True,S11_D4 hbr,mild_master_20,,0.12263162969474317
136,az_itd=0_az=5,7.0,6.546112535537138e-18,1.6484668589271592e-09,1.8927187683104796e-09,39.79415924873765,0.0753191520792218,11,4,hbr,True,S11_D4 hbr,mild_master_20,,0.0977638691352423
137,az_itd=15_az=0,7.0,6.546112535537138e-18,7.463218416577451e-09,1.924324108829241e-09,32.03807969582928,0.06165164915927688,11,4,hbr,True,S11_D4 hbr,mild_master_20,,0.11391990017740902
138,az_itd=5_az=0,7.0,6.546112535537138e-18,2.8101174118684476e-09,1.893181355993331e-09,36.86267585801711,0.06978773066642346,11,4,hbr,True,S11_D4 hbr,mild_master_20,,0.09028489235646471
139,constant,7.0,6.546112535537138e-18,0.3175824284988787,2.221464430561305e-09,-1.0760616965408323,-0.002390432783954912,11,4,hbr,False,S11_D4 hbr,mild_master_20,,
63,Linear,7.0,4.047439631738563e-17,9.477818763644873e-05,4.986219429029969e-13,-7.951208619942889,-3.9646470905029805e-06,11,11,hbr,True,S11_D11 hbr,mild_master_20,,
64,ShortHbO,7.0,4.047439631738563e-17,1.087654158304663e-08,0.0036794467789352655,-30.349433863030843,-111669.1266698377,11,11,hbr,True,S11_D11 hbr,mild_master_20,,
65,az_itd=0_az=15,7.0,4.047439631738563e-17,1.5320144652311665e-09,4.714700691680956e-09,40.21446878312975,0.1895991837874041,11,11,hbr,True,S11_D11 hbr,mild_master_20,,0.29521079592043264
66,az_itd=0_az=5,7.0,4.047439631738563e-17,2.565878863858318e-09,4.706353506361364e-09,37.346811586675315,0.1757672976623666,11,11,hbr,True,S11_D11 hbr,mild_master_20,,0.2375733851591848
67,az_itd=15_az=0,7.0,4.047439631738563e-17,9.409113569814533e-09,4.784941993811613e-09,30.9885872706342,0.14827859256015355,11,11,hbr,True,S11_D11 hbr,mild_master_20,,0.25066639814497177
68,az_itd=5_az=0,7.0,4.047439631738563e-17,5.2865407737766214e-09,4.707503757101008e-09,33.665369197665356,0.1584798519822022,11,11,hbr,True,S11_D11 hbr,mild_master_20,,0.2636761649171682
69,constant,7.0,4.047439631738563e-17,0.31543750290940425,5.523798404219249e-09,-1.0812144086179598,-0.005972410424942745,11,11,hbr,False,S11_D11 hbr,mild_master_20,,
77,Linear,7.0,4.093841224858425e-18,2.4522191917935615e-05,1.5857937219904821e-13,-9.7948868082501,-1.55326700081304e-06,11,12,hbr,True,S11_D12 hbr,mild_master_20,,
78,ShortHbO,7.0,4.093841224858425e-18,4.669523391953045e-07,0.001170193908527762,-17.621944719272584,-20621.09236690574,11,12,hbr,True,S11_D12 hbr,mild_master_20,,
79,az_itd=0_az=15,7.0,4.093841224858425e-18,3.8168631845727036e-10,1.4994411827131218e-09,49.077021218022715,0.07358810673918895,11,12,hbr,True,S11_D12 hbr,mild_master_20,,0.09651885007782278
80,az_itd=0_az=5,7.0,4.093841224858425e-18,5.19196065262997e-10,1.4967864832430114e-09,46.961006720911435,0.07029060009934446,11,12,hbr,True,S11_D12 hbr,mild_master_20,,0.07719947576419045
81,az_itd=15_az=0,7.0,4.093841224858425e-18,2.0606238747378365e-09,1.5217803953227244e-09,38.54052929459759,0.05865022190587976,11,12,hbr,True,S11_D12 hbr,mild_master_20,,0.08831349314177449
82,az_itd=5_az=0,7.0,4.093841224858425e-18,1.1970920955827657e-09,1.4971523035659242e-09,41.662392836378245,0.06237494740705215,11,12,hbr,True,S11_D12 hbr,mild_master_20,,0.07957215071324424
83,constant,7.0,4.093841224858425e-18,0.20144410782524633,1.7567628050930045e-09,-1.409810779837774,-0.0024767031402381638,11,12,hbr,False,S11_D12 hbr,mild_master_20,,
91,Linear,7.0,1.0206761145932098e-17,0.0001465540330630615,2.503947233128339e-13,-7.422823993943324,-1.8586359601633032e-06,11,13,hbr,True,S11_D13 hbr,mild_master_20,,
92,ShortHbO,7.0,1.0206761145932098e-17,6.674168108244003e-08,0.0018477206454089574,-23.366560536801003,-43174.876316045425,11,13,hbr,True,S11_D13 hbr,mild_master_20,,
93,az_itd=0_az=15,7.0,1.0206761145932098e-17,3.6437955343968135e-09,2.367597720074553e-09,35.51335978469083,0.08408134965842133,11,13,hbr,True,S11_D13 hbr,mild_master_20,,0.13960214416793626
94,az_itd=0_az=5,7.0,1.0206761145932098e-17,4.0192525027247906e-09,2.3634059848565413e-09,35.01683273520996,0.08275899205711566,11,13,hbr,True,S11_D13 hbr,mild_master_20,,0.09040426051642196
95,az_itd=15_az=0,7.0,1.0206761145932098e-17,9.378030423384142e-09,2.4028710401970903e-09,31.003334261643285,0.0744970140468529,11,13,hbr,True,S11_D13 hbr,mild_master_20,,0.1221496867094541
96,az_itd=5_az=0,7.0,1.0206761145932098e-17,8.752409233605585e-09,2.3639836102895824e-09,31.312610157639575,0.07402249720804706,11,13,hbr,True,S11_D13 hbr,mild_master_20,,0.10392585046447769
97,constant,7.0,1.0206761145932098e-17,0.31384161202206284,2.773905145464947e-09,-1.0850665029081181,-0.003009871555588484,11,13,hbr,False,S11_D13 hbr,mild_master_20,,
105,Linear,7.0,1.8184903412071585e-17,1.2214973895566031e-05,3.3422327926080414e-13,-10.883049010985571,-3.637368328807649e-06,11,20,hbr,True,S11_D20 hbr,mild_master_20,,
106,ShortHbO,7.0,1.8184903412071585e-17,2.136696415667395e-08,0.0024663109713175765,-27.538819705771928,-67919.29317748197,11,20,hbr,True,S11_D20 hbr,mild_master_20,,
107,az_itd=0_az=15,7.0,1.8184903412071585e-17,3.7540732214487204e-10,3.1602354215152205e-09,49.19375438860543,0.1554638451361907,11,20,hbr,True,S11_D20 hbr,mild_master_20,,0.21515914079848175
108,az_itd=0_az=5,7.0,1.8184903412071585e-17,2.3393808573681363e-10,3.154640353568814e-09,52.64093866745469,0.1660632293700935,11,20,hbr,True,S11_D20 hbr,mild_master_20,,0.1683630220055389
109,az_itd=15_az=0,7.0,1.8184903412071585e-17,7.096858608576527e-10,3.2073177424435316e-09,44.904462411864976,0.1440228790084632,11,20,hbr,True,S11_D20 hbr,mild_master_20,,0.19197460832195412
110,az_itd=5_az=0,7.0,1.8184903412071585e-17,3.849636512654812e-10,3.1554113596981016e-09,49.0169603070908,0.15466867337086526,11,20,hbr,True,S11_D20 hbr,mild_master_20,,0.18992824038597372
111,constant,7.0,1.8184903412071585e-17,0.15161925904922502,3.7025687355137414e-09,-1.6091483464425471,-0.005957982358341809,11,20,hbr,False,S11_D20 hbr,mild_master_20,,
189,Linear,7.0,1.5672590169401266e-17,0.0009777505862642265,3.102784299961983e-13,-5.428914621385951,-1.6844751053070382e-06,12,2,hbr,True,S12_D2 hbr,mild_master_20,,
190,ShortHbO,7.0,1.5672590169401266e-17,3.3961469706057845e-09,0.0022896163838595908,-35.87400523822871,-82137.71014811324,12,2,hbr,True,S12_D2 hbr,mild_master_20,,
191,az_itd=0_az=15,7.0,1.5672590169401266e-17,1.4631981830085158e-07,2.933825816007755e-09,20.857953472748083,0.061193602367436935,12,2,hbr,True,S12_D2 hbr,mild_master_20,,0.15239113785444192
192,az_itd=0_az=5,7.0,1.5672590169401266e-17,8.355211138511942e-09,2.928631597035418e-09,31.522371211896722,0.09231741234464037,12,2,hbr,True,S12_D2 hbr,mild_master_20,,0.118161820289771
193,az_itd=15_az=0,7.0,1.5672590169401266e-17,3.4133009987787653e-07,2.977535005417072e-09,18.444547293134328,0.05491928522437816,12,2,hbr,True,S12_D2 hbr,mild_master_20,,0.11161045148117368
194,az_itd=5_az=0,7.0,1.5672590169401266e-17,9.891386148736744e-08,2.9293473657629647e-09,22.074556252340233,0.06466404320817924,12,2,hbr,True,S12_D2 hbr,mild_master_20,,0.12783478367682058
195,constant,7.0,1.5672590169401266e-17,0.7081399526215026,3.4373045969420625e-09,-0.3899881617678951,-0.0013405081011977702,12,2,hbr,False,S12_D2 hbr,mild_master_20,,
203,Linear,7.0,2.7914046266432103e-18,0.03230456135931731,1.309461076640074e-13,-2.6634607286949756,-3.487698153385479e-07,12,3,hbr,True,S12_D3 hbr,mild_master_20,,
204,ShortHbO,7.0,2.7914046266432103e-18,1.1410472744716239e-08,0.000966281650689759,-30.14096306895166,-29124.659547645668,12,3,hbr,True,S12_D3 hbr,mild_master_20,,
205,az_itd=0_az=15,7.0,2.7914046266432103e-18,0.00019561783120740532,1.2381559078247979e-09,7.08857658063197,0.008776762971377979,12,3,hbr,True,S12_D3 hbr,mild_master_20,,0.06305186076769216
206,az_itd=0_az=5,7.0,2.7914046266432103e-18,1.0511690149264286e-05,1.2359638032792437e-09,11.131247486793567,0.013757818979019901,12,3,hbr,True,S12_D3 hbr,mild_master_20,,0.03020617139434307
207,az_itd=15_az=0,7.0,2.7914046266432103e-18,0.0014377230716311974,1.2566023986826027e-09,5.07582009491968,0.006378287706557426,12,3,hbr,True,S12_D3 hbr,mild_master_20,,0.02815819864043733
208,az_itd=5_az=0,7.0,2.7914046266432103e-18,6.116700994338549e-07,1.2362658775448026e-09,16.941667812995508,0.02094440582590543,12,3,hbr,True,S12_D3 hbr,mild_master_20,,0.038912814125597786
209,constant,7.0,2.7914046266432103e-18,0.9367807639447738,1.4506379248814615e-09,0.08221040708893156,0.00011925753434314785,12,3,hbr,False,S12_D3 hbr,mild_master_20,,
217,Linear,7.0,3.124214965000871e-17,0.00035232760301354165,4.380782089193414e-13,-6.443803333288343,-2.822889822875439e-06,12,4,hbr,True,S12_D4 hbr,mild_master_20,,
218,ShortHbO,7.0,3.124214965000871e-17,1.7345230487316343e-08,0.0032326805461980663,-28.378262147772613,-91737.85598001348,12,4,hbr,True,S12_D4 hbr,mild_master_20,,
219,az_itd=0_az=15,7.0,3.124214965000871e-17,1.0364520699806165e-08,4.142231732878596e-09,30.560630345961318,0.12658921279581356,12,4,hbr,True,S12_D4 hbr,mild_master_20,,0.25560807742241387
220,az_itd=0_az=5,7.0,3.124214965000871e-17,1.0854817136241911e-08,4.13489808050655e-09,30.358162130746177,0.125527906322129,12,4,hbr,True,S12_D4 hbr,mild_master_20,,0.17638487015946955
221,az_itd=15_az=0,7.0,3.124214965000871e-17,3.109338771710661e-08,4.203944187108767e-09,26.08968317286591,0.10967957191807905,12,4,hbr,True,S12_D4 hbr,mild_master_20,,0.2176163165161698
222,az_itd=5_az=0,7.0,3.124214965000871e-17,4.263608777302164e-08,4.135908665361475e-09,24.92840484557866,0.10310160561446775,12,4,hbr,True,S12_D4 hbr,mild_master_20,,0.17468123658995002
223,constant,7.0,3.124214965000871e-17,0.5107212381056703,4.853087084903219e-09,-0.692862790311246,-0.003362523459269515,12,4,hbr,False,S12_D4 hbr,mild_master_20,,
147,Linear,7.0,2.1108758341505024e-17,0.5989177178599294,3.600912270131078e-13,-0.5507743671175739,-1.9832901766273505e-07,12,10,hbr,False,S12_D10 hbr,mild_master_20,,
148,ShortHbO,7.0,2.1108758341505024e-17,6.719418290982468e-10,0.002657196547834204,-45.25749570560824,-120258.06135256353,12,10,hbr,True,S12_D10 hbr,mild_master_20,,
149,az_itd=0_az=15,7.0,2.1108758341505024e-17,0.1549960518020729,3.4048288111484542e-09,-1.5938610065824659,-0.005426823876178056,12,10,hbr,False,S12_D10 hbr,mild_master_20,,0.09850929270743534
150,az_itd=0_az=5,7.0,2.1108758341505024e-17,0.00071841867684645,3.3988007005796775e-09,5.7225638086419055,0.019449853881924016,12,10,hbr,True,S12_D10 hbr,mild_master_20,,0.08809572324400768
151,az_itd=15_az=0,7.0,2.1108758341505024e-17,0.027807352306619466,3.455555172134431e-09,-2.7671666784194175,-0.009562097127770272,12,10,hbr,True,S12_D10 hbr,mild_master_20,,0.051128056950692946
152,az_itd=5_az=0,7.0,2.1108758341505024e-17,0.199352628521537,3.3996313804286215e-09,1.4172267851093086,0.0048180486518415765,12,10,hbr,False,S12_D10 hbr,mild_master_20,,0.10662138418816294
153,constant,7.0,2.1108758341505024e-17,0.7147743873980322,3.9891372079774565e-09,0.38061725495699206,0.0015183344537471788,12,10,hbr,False,S12_D10 hbr,mild_master_20,,
161,Linear,7.0,1.032472539602578e-17,0.0004818281161542498,2.5183753019347907e-13,-6.119325543785318,-1.5410758313967628e-06,12,11,hbr,True,S12_D11 hbr,mild_master_20,,
162,ShortHbO,7.0,1.032472539602578e-17,2.3705067897924826e-09,0.0018583674514815259,-37.773633050333245,-70197.29018494612,12,11,hbr,True,S12_D11 hbr,mild_master_20,,
163,az_itd=0_az=15,7.0,1.032472539602578e-17,4.989188047606105e-09,2.3812401252975083e-09,33.94646840877012,0.08083469268710768,12,11,hbr,True,S12_D11 hbr,mild_master_20,,0.14610523706778122
164,az_itd=0_az=5,7.0,1.032472539602578e-17,2.2424715132378024e-08,2.377024236757356e-09,27.3478284012306,0.06500645093240631,12,11,hbr,True,S12_D11 hbr,mild_master_20,,0.08880301673698046
165,az_itd=15_az=0,7.0,1.032472539602578e-17,8.067805633833244e-08,2.41671669486677e-09,22.734827486899434,0.05494363714250579,12,11,hbr,True,S12_D11 hbr,mild_master_20,,0.09293563635794523
166,az_itd=5_az=0,7.0,1.032472539602578e-17,4.107296412243041e-08,2.3776051905430808e-09,25.063104963723404,0.05959016845287481,12,11,hbr,True,S12_D11 hbr,mild_master_20,,0.1191289255780109
167,constant,7.0,1.032472539602578e-17,0.4332831060491291,2.789888746785226e-09,-0.83122148829672,-0.0023190154762850867,12,11,hbr,False,S12_D11 hbr,mild_master_20,,
175,Linear,7.0,7.173096361324116e-17,8.590783368478438e-05,6.637958443506253e-13,-8.074484859625572,-5.359809495091496e-06,12,12,hbr,True,S12_D12 hbr,mild_master_20,,
176,ShortHbO,7.0,7.173096361324116e-17,7.693363469637328e-09,0.00489830324583544,-31.898533115620786,-156248.68829763457,12,12,hbr,True,S12_D12 hbr,mild_master_20,,
177,az_itd=0_az=15,7.0,7.173096361324116e-17,1.4910289595514728e-09,6.276496193236479e-09,40.371155490952816,0.25338940375552327,12,12,hbr,True,S12_D12 hbr,mild_master_20,,0.4187672595284626
178,az_itd=0_az=5,7.0,7.173096361324116e-17,1.5840484488565294e-09,6.265383912667937e-09,40.02230528001919,0.25075510764931724,12,12,hbr,True,S12_D12 hbr,mild_master_20,,0.3323055614548582
179,az_itd=15_az=0,7.0,7.173096361324116e-17,1.1691718114066351e-08,6.3700056849861775e-09,30.035583817293325,0.19132683966803732,12,12,hbr,True,S12_D12 hbr,mild_master_20,,0.3521327016018405
180,az_itd=5_az=0,7.0,7.173096361324116e-17,5.124147128518859e-09,6.2669151963825905e-09,33.81657886338893,0.2119256319686424,12,12,hbr,True,S12_D12 hbr,mild_master_20,,0.33487155111114286
181,constant,7.0,7.173096361324116e-17,0.29508655857621724,7.353616257647683e-09,-1.1315695405123756,-0.008321128169770722,12,12,hbr,False,S12_D12 hbr,mild_master_20,,
231,Linear,7.0,3.802222258797641e-18,0.019434797620894943,1.5282695026731113e-13,-3.0182313678702015,-4.612670951527377e-07,13,1,hbr,True,S13_D1 hbr,mild_master_20,,
232,ShortHbO,7.0,3.802222258797641e-18,6.0150521872127875e-09,0.001127745455046997,-33.046762557027726,-37268.33627770529,13,1,hbr,True,S13_D1 hbr,mild_master_20,,
233,az_itd=0_az=15,7.0,3.802222258797641e-18,2.2426591320364454e-06,1.4450493773655625e-09,14.003257516095431,0.020235398554723335,13,1,hbr,True,S13_D1 hbr,mild_master_20,,0.05573957464210478
234,az_itd=0_az=5,7.0,3.802222258797641e-18,1.1093471780326603e-06,1.442490976368843e-09,15.529158435876282,0.022400670914353632,13,1,hbr,True,S13_D1 hbr,mild_master_20,,0.04656628606553985
235,az_itd=15_az=0,7.0,3.802222258797641e-18,5.15513347626047e-07,1.4665782413480316e-09,17.369651916395263,0.02547395356037443,13,1,hbr,True,S13_D1 hbr,mild_master_20,,0.030784914480834955
236,az_itd=5_az=0,7.0,3.802222258797641e-18,2.505869544483988e-05,1.4428435266628773e-09,9.76269864015753,0.014086046535711768,13,1,hbr,True,S13_D1 hbr,mild_master_20,,0.04467360775098554
237,constant,7.0,3.802222258797641e-18,0.7092636474442637,1.6930367305806625e-09,-0.388398309402386,-0.0006575726039136723,13,1,hbr,False,S13_D1 hbr,mild_master_20,,
273,Linear,7.0,2.792807556761239e-18,0.0006486265788046431,1.30979009587268e-13,-5.8222865518868945,-7.625973260994151e-07,13,2,hbr,True,S13_D2 hbr,mild_master_20,,
274,ShortHbO,7.0,2.792807556761239e-18,4.809215487060352e-07,0.0009665244416003576,-17.546410924325322,-16959.035020723946,13,2,hbr,True,S13_D2 hbr,mild_master_20,,
275,az_itd=0_az=15,7.0,2.792807556761239e-18,2.4093919731757227e-08,1.2384670107005582e-09,27.066436006084736,0.03352088809077372,13,2,hbr,True,S13_D2 hbr,mild_master_20,,0.0550379493583324
276,az_itd=0_az=5,7.0,2.792807556761239e-18,8.074608454940705e-09,1.2362743553600485e-09,31.677543776640555,0.03916213501185602,13,2,hbr,True,S13_D2 hbr,mild_master_20,,0.04027226007774867
277,az_itd=15_az=0,7.0,2.792807556761239e-18,2.1484205569867844e-08,1.256918136480603e-09,27.51712398552355,0.03458677220118996,13,2,hbr,True,S13_D2 hbr,mild_master_20,,0.03956781841774006
278,az_itd=5_az=0,7.0,2.792807556761239e-18,2.559086619701207e-07,1.23657650552572e-09,19.23317167431158,0.023783288219196473,13,2,hbr,True,S13_D2 hbr,mild_master_20,,0.04197995815404994
279,constant,7.0,2.792807556761239e-18,0.4273442360043338,1.4510024166447893e-09,-0.8425161317335377,-0.0012224929432075827,13,2,hbr,False,S13_D2 hbr,mild_master_20,,
287,Linear,7.0,1.622375614555532e-16,0.1709446721951993,9.982904158326988e-13,1.5255820643555462,1.5229739534124054e-06,13,9,hbr,False,S13_D9 hbr,mild_master_20,,
288,ShortHbO,7.0,1.622375614555532e-16,2.7805911413719546e-05,0.007366616145274929,-9.609273419532965,-70787.82871669278,13,9,hbr,True,S13_D9 hbr,mild_master_20,,
289,az_itd=0_az=15,7.0,1.622375614555532e-16,1.0447408500801637e-06,9.439296807963655e-09,-15.66626928258996,-0.14787856563185045,13,9,hbr,True,S13_D9 hbr,mild_master_20,,-0.1670478777393971
290,az_itd=0_az=5,7.0,1.622375614555532e-16,0.2165438466574205,9.422584917878728e-09,-1.358213437630665,-0.012797881452678923,13,9,hbr,False,S13_D9 hbr,mild_master_20,,0.0763519565281047
291,az_itd=15_az=0,7.0,1.622375614555532e-16,2.3971225857345787e-06,9.579926837810305e-09,-13.86642981882205,-0.13283938316594643,13,9,hbr,True,S13_D9 hbr,mild_master_20,,-0.2833564526004858
292,az_itd=5_az=0,7.0,1.622375614555532e-16,7.580972524730103e-06,9.424887833555692e-09,-11.68927152527268,-0.11017007298167147,13,9,hbr,True,S13_D9 hbr,mild_master_20,,-0.015388515184760301
293,constant,7.0,1.622375614555532e-16,0.2100613800707776,1.1059190403493349e-08,1.3799611950907775,0.01526125360594114,13,9,hbr,False,S13_D9 hbr,mild_master_20,,
245,Linear,7.0,7.872462586676413e-18,0.02694454956717944,2.199057065071869e-13,2.7890646964430066,6.133312425655521e-07,13,10,hbr,True,S13_D10 hbr,mild_master_20,,
246,ShortHbO,7.0,7.872462586676413e-18,1.8575414438637908e-09,0.0016227351302803836,-39.118428989400755,-63478.84896247917,13,10,hbr,True,S13_D10 hbr,mild_master_20,,
247,az_itd=0_az=15,7.0,7.872462586676413e-18,1.4323801223951185e-07,2.079309988922254e-09,-20.92238517412607,-0.043504124484639216,13,10,hbr,True,S13_D10 hbr,mild_master_20,,0.001435228608397369
248,az_itd=0_az=5,7.0,7.872462586676413e-18,1.7712995903953965e-05,2.0756286553765133e-09,-10.290086271486384,-0.021358397931393602,13,10,hbr,True,S13_D10 hbr,mild_master_20,,0.015202955259878078
249,az_itd=15_az=0,7.0,7.872462586676413e-18,2.3567720513197846e-07,2.110288295013432e-09,-19.464592745417278,-0.041075902237857446,13,10,hbr,True,S13_D10 hbr,mild_master_20,,-0.03544123553900055
250,az_itd=5_az=0,7.0,7.872462586676413e-18,8.000510241812349e-05,2.076135946933096e-09,-8.164774100091307,-0.016951181007787884,13,10,hbr,True,S13_D10 hbr,mild_master_20,,0.04268896005691206
251,constant,7.0,7.872462586676413e-18,0.38344836709628877,2.436143872070666e-09,0.9297396044979258,0.0022649794401190266,13,10,hbr,False,S13_D10 hbr,mild_master_20,,
259,Linear,7.0,3.9351137261645806e-17,0.39451978072093735,4.916542987560087e-13,-0.9070742578589492,-4.459669581672687e-07,13,11,hbr,False,S13_D11 hbr,mild_master_20,,
260,ShortHbO,7.0,3.9351137261645806e-17,1.1211088048286494e-09,0.0036280309193279987,-42.05592558421125,-152580.19836047586,13,11,hbr,True,S13_D11 hbr,mild_master_20,,
261,az_itd=0_az=15,7.0,3.9351137261645806e-17,0.00927247309643684,4.648818399201134e-09,3.5557158042633388,0.016529877053189666,13,11,hbr,True,S13_D11 hbr,mild_master_20,,0.16138704035037532
262,az_itd=0_az=5,7.0,3.9351137261645806e-17,0.0004442774064353008,4.6405878557938445e-09,6.20225425752875,0.028782105786033584,13,11,hbr,True,S13_D11 hbr,mild_master_20,,0.124811320292775
263,az_itd=15_az=0,7.0,3.9351137261645806e-17,0.15891774632783678,4.71807816330557e-09,-1.576490076641945,-0.007438003405272284,13,11,hbr,False,S13_D11 hbr,mild_master_20,,0.08465855548935744
264,az_itd=5_az=0,7.0,3.9351137261645806e-17,0.011048297615045059,4.641722033157761e-09,3.425781993269482,0.01590152775895407,13,11,hbr,True,S13_D11 hbr,mild_master_20,,0.15477230717163618
265,constant,7.0,3.9351137261645806e-17,0.8443551501576547,5.446609940758889e-09,0.2037372891438689,0.0011096775443542645,13,11,hbr,False,S13_D11 hbr,mild_master_20,,
301,Linear,7.0,1.536260891004655e-18,0.38769399417192785,9.714348598897104e-14,-0.9209909571287509,-8.946827213980584e-08,14,1,hbr,False,S14_D1 hbr,mild_master_20,,
302,ShortHbO,7.0,1.536260891004655e-18,0.603697729613579,0.0007168442779225999,-0.5434345245226209,-389.5579293296296,14,1,hbr,False,S14_D1 hbr,mild_master_20,,
303,az_itd=0_az=15,7.0,1.536260891004655e-18,0.0019141720749752847,9.185365126893381e-10,4.823299130238526,0.004430376362746813,14,1,hbr,True,S14_D1 hbr,mild_master_20,,0.01972791511442013
304,az_itd=0_az=5,7.0,1.536260891004655e-18,0.0010366361727547355,9.169102812495018e-10,5.374362042795866,0.0049278078121966044,14,1,hbr,True,S14_D1 hbr,mild_master_20,,0.020862688087187897
305,az_itd=15_az=0,7.0,1.536260891004655e-18,0.05504534479735692,9.322211991466766e-10,2.2993308658086304,0.0021434849769590876,14,1,hbr,False,S14_D1 hbr,mild_master_20,,0.007556314745267097
306,az_itd=5_az=0,7.0,1.536260891004655e-18,0.009435488246550841,9.171343776179042e-10,3.5427111474386814,0.0032491421832861857,14,1,hbr,True,S14_D1 hbr,mild_master_20,,0.026709921821989953
307,constant,7.0,1.536260891004655e-18,0.9884061183736726,1.0761681079698588e-09,0.015057973790625912,1.620491116411761e-05,14,1,hbr,False,S14_D1 hbr,mild_master_20,,
329,Linear,7.0,2.5622261627154264e-17,0.008212015490957335,3.967253275605939e-13,3.6468620962410974,1.4468025596995636e-06,14,9,hbr,True,S14_D9 hbr,mild_master_20,,
330,ShortHbO,7.0,2.5622261627154264e-17,0.2208817118824719,0.0029275280588661233,-1.3439787222675723,-3934.535419957358,14,9,hbr,False,S14_D9 hbr,mild_master_20,,
331,az_itd=0_az=15,7.0,2.5622261627154264e-17,4.557144790537527e-08,3.751221146360913e-09,-24.69005109418309,-0.09261784176923102,14,9,hbr,True,S14_D9 hbr,mild_master_20,,-0.06957203534924933
332,az_itd=0_az=5,7.0,2.5622261627154264e-17,2.0729308855104713e-07,3.744579762287754e-09,-19.83057398783569,-0.07425716602939948,14,9,hbr,True,S14_D9 hbr,mild_master_20,,-0.031047181553979432
333,az_itd=15_az=0,7.0,2.5622261627154264e-17,3.5013379117634523e-07,3.807108184612434e-09,-18.376344795488176,-0.06996073267416315,14,9,hbr,True,S14_D9 hbr,mild_master_20,,-0.04040962010639186
334,az_itd=5_az=0,7.0,2.5622261627154264e-17,4.693666488008548e-05,3.7454949518576404e-09,-8.868537531378136,-0.033217062554136825,14,9,hbr,True,S14_D9 hbr,mild_master_20,,-0.02027098040678092
335,constant,7.0,2.5622261627154264e-17,0.38511990571804505,4.394974514226089e-09,0.9262865743661498,0.004071005887209016,14,9,hbr,False,S14_D9 hbr,mild_master_20,,
315,Linear,7.0,6.372782491426737e-18,0.012795085129173643,1.978544144972649e-13,3.318286751915773,6.565376824343262e-07,14,10,hbr,True,S14_D10 hbr,mild_master_20,,
316,ShortHbO,7.0,6.372782491426737e-18,1.0109267511285597e-09,0.0014600135402819809,-42.68425755595333,-62319.59398857531,14,10,hbr,True,S14_D10 hbr,mild_master_20,,
317,az_itd=0_az=15,7.0,6.372782491426737e-18,4.96149289793145e-08,1.870804841542762e-09,-24.38896243730775,-0.0456269890079199,14,10,hbr,True,S14_D10 hbr,mild_master_20,,-0.02456803694224538
318,az_itd=0_az=5,7.0,6.372782491426737e-18,1.402449115468801e-05,1.86749265785808e-09,-10.659152560589428,-0.019905889145889907,14,10,hbr,True,S14_D10 hbr,mild_master_20,,-0.0020042726214052043
319,az_itd=15_az=0,7.0,6.372782491426737e-18,3.7371499512004033e-07,1.8986767631547043e-09,-18.202886733305323,-0.03456139806286386,14,10,hbr,True,S14_D10 hbr,mild_master_20,,-0.029609656553322403
320,az_itd=5_az=0,7.0,6.372782491426737e-18,0.0022259519470236022,1.867949080183363e-09,-4.693277324644359,-0.008766803061614866,14,10,hbr,True,S14_D10 hbr,mild_master_20,,0.03164914107573479
321,constant,7.0,6.372782491426737e-18,0.6352012254996746,2.1918568057891155e-09,0.4958291875640139,0.0010867865792710716,14,10,hbr,False,S14_D10 hbr,mild_master_20,,
343,Linear,7.0,3.87845020580566e-17,0.038608887136607886,4.881016847674821e-13,2.540977011664489,1.2402551603488793e-06,15,18,hbr,True,S15_D18 hbr,mild_master_20,,
344,ShortHbO,7.0,3.87845020580566e-17,2.6387950204476215e-09,0.0036018153580536986,-37.19694276382942,-133976.51971940522,15,18,hbr,True,S15_D18 hbr,mild_master_20,,
345,az_itd=0_az=15,7.0,3.87845020580566e-17,6.374498939449787e-06,4.615226793642291e-09,-11.995454150997865,-0.05536174139959299,15,18,hbr,True,S15_D18 hbr,mild_master_20,,0.033666725072165435
346,az_itd=0_az=5,7.0,3.87845020580566e-17,2.0123042538589887e-06,4.607055722802852e-09,-14.22861536130065,-0.06555202382784073,15,18,hbr,True,S15_D18 hbr,mild_master_20,,-0.02536723870325506
347,az_itd=15_az=0,7.0,3.87845020580566e-17,1.1718028017761797e-05,4.683986097957354e-09,-10.951188824910266,-0.05129521621198563,15,18,hbr,True,S15_D18 hbr,mild_master_20,,0.033410597397917546
348,az_itd=5_az=0,7.0,3.87845020580566e-17,0.1843532611400291,4.608181704785627e-09,-1.472555999998535,-0.006785805618465552,15,18,hbr,False,S15_D18 hbr,mild_master_20,,0.03692696950588331
349,constant,7.0,3.87845020580566e-17,0.8553527954287388,5.4072536232924364e-09,0.18913662334500436,0.0010227096918795715,15,18,hbr,False,S15_D18 hbr,mild_master_20,,
357,Linear,7.0,5.314872892803285e-18,0.6465898504190414,1.8068730404007488e-13,-0.47892613771784265,-8.653587265856261e-08,16,16,hbr,False,S16_D16 hbr,mild_master_20,,
358,ShortHbO,7.0,5.314872892803285e-18,6.856235409233013e-09,0.0013333334569555597,-32.43104139758141,-43241.392539306085,16,16,hbr,True,S16_D16 hbr,mild_master_20,,
359,az_itd=0_az=15,7.0,5.314872892803285e-18,0.00011325129410673791,1.7084818858472024e-09,-7.73175907732562,-0.0132095703293455,16,16,hbr,True,S16_D16 hbr,mild_master_20,,0.018521060506454738
360,az_itd=0_az=5,7.0,5.314872892803285e-18,0.5491730602211182,1.7054570883364092e-09,-0.6292325468823022,-0.0010731291072923943,16,16,hbr,False,S16_D16 hbr,mild_master_20,,0.012973795978451337
361,az_itd=15_az=0,7.0,5.314872892803285e-18,0.0009852128824007337,1.7339354618377837e-09,5.421801673984407,0.009401054189573023,16,16,hbr,True,S16_D16 hbr,mild_master_20,,0.026123787867787088
362,az_itd=5_az=0,7.0,5.314872892803285e-18,0.000167318749782221,1.7058739085507507e-09,7.2679314145755,0.012398174569260696,16,16,hbr,True,S16_D16 hbr,mild_master_20,,0.044207905944201126
363,constant,7.0,5.314872892803285e-18,0.9150504223160189,2.00167733475262e-09,0.11058348305861893,0.00022135245163643785,16,16,hbr,False,S16_D16 hbr,mild_master_20,,
371,Linear,7.0,3.610422193566264e-18,0.18201713339978007,1.4892245663633903e-13,1.4815366449416092,2.2063407676146398e-07,16,17,hbr,False,S16_D17 hbr,mild_master_20,,
372,ShortHbO,7.0,3.610422193566264e-18,1.85530394138626e-08,0.0010989332924088828,-28.104561362645477,-30885.038149959473,16,17,hbr,True,S16_D17 hbr,mild_master_20,,
373,az_itd=0_az=15,7.0,3.610422193566264e-18,1.7101743647032952e-06,1.4081305873190738e-09,-14.573301092723637,-0.020521111026874636,16,17,hbr,True,S16_D17 hbr,mild_master_20,,-0.02415721506478412
374,az_itd=0_az=5,7.0,3.610422193566264e-18,0.26157467256882294,1.4056375495346652e-09,-1.2211045409612356,-0.0017164303946824034,16,17,hbr,False,S16_D17 hbr,mild_master_20,,-0.013073995117088127
375,az_itd=15_az=0,7.0,3.610422193566264e-18,0.004354133624344124,1.4291094219241678e-09,-4.1390884338103975,-0.005915210278935786,16,17,hbr,True,S16_D17 hbr,mild_master_20,,0.007890152412827941
376,az_itd=5_az=0,7.0,3.610422193566264e-18,0.004259028065846859,1.4059810927106798e-09,4.156747085062788,0.005844307808778511,16,17,hbr,True,S16_D17 hbr,mild_master_20,,0.019831769166356004
377,constant,7.0,3.610422193566264e-18,0.7609183468124332,1.6497822449026349e-09,-0.3164094740932728,-0.0005220067324780616,16,17,hbr,False,S16_D17 hbr,mild_master_20,,
385,Linear,7.0,9.3886479894735e-20,0.47324315127997985,2.4015007400856985e-14,0.7579099460105191,1.8201212962625734e-08,16,18,hbr,False,S16_D18 hbr,mild_master_20,,
386,ShortHbO,7.0,9.3886479894735e-20,1.3343375001016651e-05,0.00017721230059139202,-10.739360617552999,-1903.1468019171596,16,18,hbr,True,S16_D18 hbr,mild_master_20,,
387,az_itd=0_az=15,7.0,9.3886479894735e-20,0.00023385667859290274,2.2707298307882627e-10,-6.887913805251592,-0.0015640591349483084,16,18,hbr,True,S16_D18 hbr,mild_master_20,,-0.0015056898184305858
388,az_itd=0_az=5,7.0,9.3886479894735e-20,3.6419380081781074e-06,2.2667095962181746e-10,-13.035422057931486,-0.002954751626946736,16,18,hbr,True,S16_D18 hbr,mild_master_20,,-0.0009542316852158909
389,az_itd=15_az=0,7.0,9.3886479894735e-20,0.0002357072143753948,2.3045599783484096e-10,-6.879158374346557,-0.0015853433074239382,16,18,hbr,True,S16_D18 hbr,mild_master_20,,-0.0029553798855804147
390,az_itd=5_az=0,7.0,9.3886479894735e-20,0.0702155052524558,2.2672635886851835e-10,-2.1343712247847275,-0.0004839182162691812,16,18,hbr,False,S16_D18 hbr,mild_master_20,,-0.001106233863814323
391,constant,7.0,9.3886479894735e-20,0.35677499353272635,2.660413594833994e-10,0.9864476822770882,0.000262435882452245,16,18,hbr,False,S16_D18 hbr,mild_master_20,,
399,Linear,7.0,1.737274415803356e-18,0.3839722050751128,1.0330358865000142e-13,-0.928656258571887,-9.593352413275957e-08,16,22,hbr,False,S16_D22 hbr,mild_master_20,,
400,ShortHbO,7.0,1.737274415803356e-18,3.70322812646796e-08,0.0007623011019084792,-25.440321505267754,-19393.18511637159,16,22,hbr,True,S16_D22 hbr,mild_master_20,,
401,az_itd=0_az=15,7.0,1.737274415803356e-18,0.15683711058634492,9.767831275649206e-10,1.5856560186885325,0.0015488420451767247,16,22,hbr,False,S16_D22 hbr,mild_master_20,,0.0015204273992344153
402,az_itd=0_az=5,7.0,1.737274415803356e-18,1.4119803978696204e-05,9.75053772868615e-10,10.648282061381718,0.010382647598519435,16,22,hbr,True,S16_D22 hbr,mild_master_20,,-0.0007237098800595155
403,az_itd=15_az=0,7.0,1.737274415803356e-18,0.00029418422665170117,9.91335592984513e-10,6.636464839709687,0.006578963807194474,16,22,hbr,True,S16_D22 hbr,mild_master_20,,0.0033962591779666267
404,az_itd=5_az=0,7.0,1.737274415803356e-18,5.652399515720148e-06,9.752920797280375e-10,12.212123941302151,0.011910387756609133,16,22,hbr,True,S16_D22 hbr,mild_master_20,,0.02096609606384344
405,constant,7.0,1.737274415803356e-18,0.4309906577766316,1.14441052235443e-09,-0.8355681771485913,-0.0009562330140733584,16,22,hbr,False,S16_D22 hbr,mild_master_20,,
413,Linear,7.0,3.806674622002107e-18,0.0001873841195771672,1.5291640348215269e-13,-7.137581710690358,-1.0914533247587604e-06,16,23,hbr,True,S16_D23 hbr,mild_master_20,,
414,ShortHbO,7.0,3.806674622002107e-18,2.4066376691511494e-09,0.0011284055510333425,-37.691737377953906,-42531.5656853741,16,23,hbr,True,S16_D23 hbr,mild_master_20,,
415,az_itd=0_az=15,7.0,3.806674622002107e-18,2.592543215799842e-09,1.4458951988138349e-09,37.29144898310314,0.053919527041479884,16,23,hbr,True,S16_D23 hbr,mild_master_20,,0.07551502512980994
416,az_itd=0_az=5,7.0,3.806674622002107e-18,4.294354577116813e-09,1.443335300324732e-09,34.68552833412715,0.05006284745505941,16,23,hbr,True,S16_D23 hbr,mild_master_20,,0.06377124322066328
417,az_itd=15_az=0,7.0,3.806674622002107e-18,5.2154728446256045e-08,1.4674366641476476e-09,24.213824732200475,0.03553225419127607,16,23,hbr,True,S16_D23 hbr,mild_master_20,,0.05421500157281113
418,az_itd=5_az=0,7.0,3.806674622002107e-18,2.4493714780590382e-09,1.4436880569747598e-09,37.59666922459823,0.05427786234158298,16,23,hbr,True,S16_D23 hbr,mild_master_20,,0.07120251453071284
419,constant,7.0,3.806674622002107e-18,0.23589148560931975,1.6940277048697546e-09,-1.296541097715066,-0.002196376540031566,16,23,hbr,False,S16_D23 hbr,mild_master_20,,
427,Linear,7.0,1.6736878506961132e-17,0.0008407151491609021,3.206405379454407e-13,-5.571476257408841,-1.786441144325821e-06,17,15,hbr,True,S17_D15 hbr,mild_master_20,,
428,ShortHbO,7.0,1.6736878506961132e-17,1.0669291742794463e-08,0.0023660807778949663,-30.433523347032263,-72008.17459503071,17,15,hbr,True,S17_D15 hbr,mild_master_20,,
429,az_itd=0_az=15,7.0,1.6736878506961132e-17,6.59700834636829e-08,3.0318043310148053e-09,23.40585083802072,0.07096195994179773,17,15,hbr,True,S17_D15 hbr,mild_master_20,,0.16612733440333646
430,az_itd=0_az=5,7.0,1.6736878506961132e-17,8.898953003046394e-08,3.0264366450769948e-09,22.414761360333635,0.06783685517156958,17,15,hbr,True,S17_D15 hbr,mild_master_20,,0.08840846119642924
431,az_itd=15_az=0,7.0,1.6736878506961132e-17,1.606878209519603e-07,3.076973239486897e-09,20.576720736760404,0.06331401906340688,17,15,hbr,True,S17_D15 hbr,mild_master_20,,0.1240444239710753
432,az_itd=5_az=0,7.0,1.6736878506961132e-17,1.7540511041525917e-08,3.027176317731158e-09,28.33256082806162,0.08576765715938564,17,15,hbr,True,S17_D15 hbr,mild_master_20,,0.13910656556020845
433,constant,7.0,1.6736878506961132e-17,0.6420974049161212,3.552097369641013e-09,-0.4855754964300502,-0.0017248114436313104,17,15,hbr,False,S17_D15 hbr,mild_master_20,,
441,Linear,7.0,5.98140500024424e-17,0.06591076070344881,6.061537571267109e-13,-2.177219147027613,-1.3197295660590006e-06,17,17,hbr,False,S17_D17 hbr,mild_master_20,,
442,ShortHbO,7.0,5.98140500024424e-17,6.915507181678144e-08,0.004472948936451591,-23.246936722694734,-103982.36088953484,17,17,hbr,True,S17_D17 hbr,mild_master_20,,
443,az_itd=0_az=15,7.0,5.98140500024424e-17,0.10004876496960746,5.731463644283068e-09,1.894246999629935,0.010856807811671252,17,17,hbr,False,S17_D17 hbr,mild_master_20,,0.09210999204920935
444,az_itd=0_az=5,7.0,5.98140500024424e-17,7.33237530074969e-06,5.72131632161723e-09,11.74760552211106,0.0672117672135747,17,17,hbr,True,S17_D17 hbr,mild_master_20,,0.005270657661596138
445,az_itd=15_az=0,7.0,5.98140500024424e-17,3.859282145738598e-06,5.816853045608017e-09,12.92398619055797,0.0751769284339431,17,17,hbr,True,S17_D17 hbr,mild_master_20,,0.14555383415449327
446,az_itd=5_az=0,7.0,5.98140500024424e-17,2.122247189626481e-06,5.722714633138406e-09,14.117584555592797,0.08079090772085966,17,17,hbr,True,S17_D17 hbr,mild_master_20,,0.10988194342390534
447,constant,7.0,5.98140500024424e-17,0.9128445988386319,6.715049756603689e-09,-0.11346885318767125,-0.0007619489949799715,17,17,hbr,False,S17_D17 hbr,mild_master_20,,
455,Linear,7.0,3.2574396069669616e-17,0.0015460648734151512,4.4732109876103777e-13,-5.010972290206325,-2.241513630716207e-06,17,21,hbr,True,S17_D21 hbr,mild_master_20,,
456,ShortHbO,7.0,3.2574396069669616e-17,2.9946677421606092e-09,0.0033008859706486694,-36.5276992687908,-120573.77005642522,17,21,hbr,True,S17_D21 hbr,mild_master_20,,
457,az_itd=0_az=15,7.0,3.2574396069669616e-17,1.5263374592569226e-07,4.22962752391833e-09,20.730652599849204,0.08768293882511129,17,21,hbr,True,S17_D21 hbr,mild_master_20,,0.224593293206031
458,az_itd=0_az=5,7.0,3.2574396069669616e-17,1.0180248152565049e-07,4.222139140862056e-09,21.982810982454886,0.09281448667519503,17,21,hbr,True,S17_D21 hbr,mild_master_20,,0.13914276023074382
459,az_itd=15_az=0,7.0,3.2574396069669616e-17,2.7677503234008537e-07,4.292642031993448e-09,19.01538748388662,0.08162625156797383,17,21,hbr,True,S17_D21 hbr,mild_master_20,,0.17411582683124577
460,az_itd=5_az=0,7.0,3.2574396069669616e-17,9.005743174478037e-08,4.223171047764733e-09,22.37612387138363,0.09449819849482466,17,21,hbr,True,S17_D21 hbr,mild_master_20,,0.17432915419664935
461,constant,7.0,3.2574396069669616e-17,0.6971840671896231,4.955481014582061e-09,-0.40554774869712357,-0.0020096841691750926,17,21,hbr,False,S17_D21 hbr,mild_master_20,,
469,Linear,7.0,1.2487911206057576e-18,0.006269617888426403,8.75842666034104e-14,-3.852805519830647,-3.374451458199386e-07,17,22,hbr,True,S17_D22 hbr,mild_master_20,,
470,ShortHbO,7.0,1.2487911206057576e-18,0.0004895597898839904,0.0006463045845176924,-6.1031499657124515,-3944.4938028389543,17,22,hbr,True,S17_D22 hbr,mild_master_20,,
471,az_itd=0_az=15,7.0,1.2487911206057576e-18,6.817396061568302e-07,8.281496797580794e-10,16.675525769772452,0.01380983132603466,17,22,hbr,True,S17_D22 hbr,mild_master_20,,0.022600090818475783
472,az_itd=0_az=5,7.0,1.2487911206057576e-18,1.1747406915566064e-06,8.266834745201735e-10,15.399343281853978,0.012730382609571936,17,22,hbr,True,S17_D22 hbr,mild_master_20,,0.02483448955994674
473,az_itd=15_az=0,7.0,1.2487911206057576e-18,6.403503898651181e-07,8.404877507554462e-10,16.828729769552858,0.014144341232082702,17,22,hbr,True,S17_D22 hbr,mild_master_20,,0.0290600736496124
474,az_itd=5_az=0,7.0,1.2487911206057576e-18,1.535031540085188e-07,8.26885519113027e-10,20.713595150349796,0.01712777187859407,17,22,hbr,True,S17_D22 hbr,mild_master_20,,0.026754914272521163
475,constant,7.0,1.2487911206057576e-18,0.6280760398401348,9.702698386716421e-10,-0.5064841986547409,-0.0004914263417184714,17,22,hbr,False,S17_D22 hbr,mild_master_20,,
483,Linear,7.0,3.918073613705445e-18,0.00011860945111661837,1.5513775138731e-13,-7.675607017514199,-1.1907764132298098e-06,17,23,hbr,True,S17_D23 hbr,mild_master_20,,
484,ShortHbO,7.0,3.918073613705445e-18,1.9045479565329168e-08,0.0011447973916068645,-27.998754122169792,-32052.900687301924,17,23,hbr,True,S17_D23 hbr,mild_master_20,,
485,az_itd=0_az=15,7.0,3.918073613705445e-18,4.263621360261867e-09,1.4668990688880943e-09,34.72131983602423,0.05093267173802966,17,23,hbr,True,S17_D23 hbr,mild_master_20,,0.08003242777357963
486,az_itd=0_az=5,7.0,3.918073613705445e-18,1.903192654940448e-09,1.464301983903516e-09,38.98243300553672,0.057082053987393314,17,23,hbr,True,S17_D23 hbr,mild_master_20,,0.06299958198369845
487,az_itd=15_az=0,7.0,3.918073613705445e-18,1.1921917450138439e-08,1.4887534574126415e-09,29.95146260699324,0.04459034351072663,17,23,hbr,True,S17_D23 hbr,mild_master_20,,0.06296141778241893
488,az_itd=5_az=0,7.0,3.918073613705445e-18,3.3883484056692003e-09,1.4646598648909446e-09,35.88584584067194,0.05256055812049583,17,23,hbr,True,S17_D23 hbr,mild_master_20,,0.06656438505102114
489,constant,7.0,3.918073613705445e-18,0.3079569153683861,1.7186360844013206e-09,-1.0994087567556519,-0.0018894835608670574,17,23,hbr,False,S17_D23 hbr,mild_master_20,,
497,Linear,7.0,2.8875672528358944e-15,0.7937214306215971,4.211601295955048e-12,-0.2716593968173944,-1.144121067694505e-06,18,16,hbr,False,S18_D16 hbr,mild_master_20,,
498,ShortHbO,7.0,2.8875672528358944e-15,2.7494650807749632e-05,0.031078381212709873,-9.625773395986739,-299153.45506763674,18,16,hbr,True,S18_D16 hbr,mild_master_20,,
499,az_itd=0_az=15,7.0,2.8875672528358944e-15,0.0035976937812027218,3.982263481530454e-08,-4.292933844926389,-0.17095593679276477,18,16,hbr,True,S18_D16 hbr,mild_master_20,,0.2273404624987859
500,az_itd=0_az=5,7.0,2.8875672528358944e-15,0.0028361078102716697,3.9752130464242704e-08,4.488815543105309,0.1784399810994427,18,16,hbr,True,S18_D16 hbr,mild_master_20,,0.16595853908664226
501,az_itd=15_az=0,7.0,2.8875672528358944e-15,0.10494119020851067,4.041592671369297e-08,-1.8617520488700394,-0.07524443436619925,18,16,hbr,False,S18_D16 hbr,mild_master_20,,0.4441367420051618
502,az_itd=5_az=0,7.0,2.8875672528358944e-15,0.6818478196316016,3.9761846036480756e-08,-0.4275150789719154,-0.016998788748355212,18,16,hbr,False,S18_D16 hbr,mild_master_20,,-0.13524292720799086
503,constant,7.0,2.8875672528358944e-15,0.8419404090976353,4.665666412986172e-08,0.2069496368122692,0.00965557969654691,18,16,hbr,False,S18_D16 hbr,mild_master_20,,
511,Linear,7.0,6.8980469647104946e-18,0.0006813513500731457,2.0584687113625046e-13,-5.774106891592231,-1.1885818372405216e-06,18,21,hbr,True,S18_D21 hbr,mild_master_20,,
512,ShortHbO,7.0,6.8980469647104946e-18,2.65240140953692e-07,0.0015189917285760655,-19.133365321888515,-29063.423663772784,18,21,hbr,True,S18_D21 hbr,mild_master_20,,
513,az_itd=0_az=15,7.0,6.8980469647104946e-18,1.7854172450689133e-08,1.9463772093063406e-09,28.260357455669094,0.05500531567856485,18,21,hbr,True,S18_D21 hbr,mild_master_20,,0.11374414316139773
514,az_itd=0_az=5,7.0,6.8980469647104946e-18,1.5657658411505528e-07,1.942931227826206e-09,20.654167369185057,0.04012962676633868,18,21,hbr,True,S18_D21 hbr,mild_master_20,,0.048473090167675745
515,az_itd=15_az=0,7.0,6.8980469647104946e-18,9.401181748460132e-08,1.9753750351620403e-09,22.23747297407426,0.043927348958076866,18,21,hbr,True,S18_D21 hbr,mild_master_20,,0.08014977081920824
516,az_itd=5_az=0,7.0,6.8980469647104946e-18,4.249585836280025e-08,1.9434060876255948e-09,24.94025699323833,0.048469047267606175,18,21,hbr,True,S18_D21 hbr,mild_master_20,,0.0821164502016351
517,constant,7.0,6.8980469647104946e-18,0.7551092495470654,2.2803982746446266e-09,-0.32440636049179783,-0.0007397757047492386,18,21,hbr,False,S18_D21 hbr,mild_master_20,,
525,Linear,7.0,7.665697779779252e-19,0.00159430849039978,6.86210000982331e-14,-4.9837015033153875,-3.4198658134856967e-07,18,22,hbr,True,S18_D22 hbr,mild_master_20,,
526,ShortHbO,7.0,7.665697779779252e-19,9.349909687027642e-08,0.0005063702497903904,-22.255070994613995,-11269.30585864556,18,22,hbr,True,S18_D22 hbr,mild_master_20,,
527,az_itd=0_az=15,7.0,7.665697779779252e-19,1.0669731953355766e-07,6.488432393155195e-10,21.833929926000735,0.014166797820174378,18,22,hbr,True,S18_D22 hbr,mild_master_20,,0.01981390460286662
528,az_itd=0_az=5,7.0,7.665697779779252e-19,4.4064315992180925e-08,6.476944888186985e-10,24.81016789482514,0.01606940901214485,18,22,hbr,True,S18_D22 hbr,mild_master_20,,0.01908360671277583
529,az_itd=15_az=0,7.0,7.665697779779252e-19,3.0062132928574837e-07,6.585099386435623e-10,18.788342968769584,0.012372310575578664,18,22,hbr,True,S18_D22 hbr,mild_master_20,,0.018195711421757636
530,az_itd=5_az=0,7.0,7.665697779779252e-19,6.975221694304536e-09,6.478527878210619e-10,32.3509543632577,0.020958655972908448,18,22,hbr,True,S18_D22 hbr,mild_master_20,,0.024466427290732635
531,constant,7.0,7.665697779779252e-19,0.3255123583110141,7.601923185163351e-10,-1.0572506858475852,-0.0008037138501274612,18,22,hbr,False,S18_D22 hbr,mild_master_20,,
539,Linear,7.0,1.1027289477226158e-18,8.92267100276217e-05,8.230298456279835e-14,-8.026745257719256,-6.606250910355828e-07,18,23,hbr,True,S18_D23 hbr,mild_master_20,,
540,ShortHbO,7.0,1.1027289477226158e-18,0.05164883720063887,0.0006073327813919743,-2.342574857731737,-1422.7225039651244,18,23,hbr,False,S18_D23 hbr,mild_master_20,,
541,az_itd=0_az=15,7.0,1.1027289477226158e-18,7.117021962352276e-10,7.782127196137485e-10,44.886209936239865,0.034931019507634886,18,23,hbr,True,S18_D23 hbr,mild_master_20,,0.043407334116495416
542,az_itd=0_az=5,7.0,1.1027289477226158e-18,6.7783441624634356e-09,7.768349257274598e-10,32.48433278405539,0.025234964245607755,18,23,hbr,True,S18_D23 hbr,mild_master_20,,0.022881882479927045
543,az_itd=15_az=0,7.0,1.1027289477226158e-18,4.6095541343735984e-09,7.898068118658316e-10,34.334516404707976,0.027117634938557497,18,23,hbr,True,S18_D23 hbr,mild_master_20,,0.04001810742846951
544,az_itd=5_az=0,7.0,1.1027289477226158e-18,1.2117048155898653e-08,7.770247871449437e-10,29.881596091324337,0.023218740842412475,18,23,hbr,True,S18_D23 hbr,mild_master_20,,0.016687560557459066
545,constant,7.0,1.1027289477226158e-18,0.3801339783812292,9.117631128377975e-10,-0.9366199623162939,-0.0008539755323875248,18,23,hbr,False,S18_D23 hbr,mild_master_20,,
553,Linear,7.0,8.704742820838568e-18,0.0001042645886995747,2.3123798108865907e-13,-7.833023088482289,-1.8112924448014976e-06,19,14,hbr,True,S19_D14 hbr,mild_master_20,,
554,ShortHbO,7.0,8.704742820838568e-18,1.6880500419209158e-07,0.0017063586085494084,-20.430241376218863,-34861.31824705337,19,14,hbr,True,S19_D14 hbr,mild_master_20,,
555,az_itd=0_az=15,7.0,8.704742820838568e-18,5.5880526223421115e-09,2.1864618773781125e-09,33.398201192797934,0.0730238936810569,19,14,hbr,True,S19_D14 hbr,mild_master_20,,0.11583557348649903
556,az_itd=0_az=5,7.0,8.704742820838568e-18,6.365106481394031e-09,2.182590835783277e-09,32.77927210743078,0.0715437389053248,19,14,hbr,True,S19_D14 hbr,mild_master_20,,0.05943407265336138
557,az_itd=15_az=0,7.0,8.704742820838568e-18,5.3370670241980976e-09,2.2190365707403168e-09,33.61940214170494,0.07460268283886859,19,14,hbr,True,S19_D14 hbr,mild_master_20,,0.09936814878252173
558,az_itd=5_az=0,7.0,8.704742820838568e-18,1.0182663279453307e-09,2.183124269304538e-09,42.64001851058848,0.09308845925406045,19,14,hbr,True,S19_D14 hbr,mild_master_20,,0.09182316096274672
559,constant,7.0,8.704742820838568e-18,0.2852201977487472,2.5616842762591917e-09,-1.1570118286759608,-0.0029638990089651024,19,14,hbr,False,S19_D14 hbr,mild_master_20,,
567,Linear,7.0,1.2459138653021114e-17,3.566585083896097e-05,2.76646516599104e-13,-9.250639367441744,-2.5591571573172976e-06,19,15,hbr,True,S19_D15 hbr,mild_master_20,,
568,ShortHbO,7.0,1.2459138653021114e-17,1.2393510775438046e-08,0.0020414387070050396,-29.784778037971243,-60803.79876626812,19,15,hbr,True,S19_D15 hbr,mild_master_20,,
569,az_itd=0_az=15,7.0,1.2459138653021114e-17,1.2237782121869538e-09,2.6158205464589138e-09,41.53090675441539,0.10863739920126905,19,15,hbr,True,S19_D15 hbr,mild_master_20,,0.17497424943106946
570,az_itd=0_az=5,7.0,1.2459138653021114e-17,1.1581065850220394e-09,2.6111893428487644e-09,41.860622571538435,0.1093060115438156,19,15,hbr,True,S19_D15 hbr,mild_master_20,,0.1130913703761045
571,az_itd=15_az=0,7.0,1.2459138653021114e-17,1.7397178224406494e-09,2.6547919792897627e-09,39.487846231672385,0.10483201745527132,19,15,hbr,True,S19_D15 hbr,mild_master_20,,0.1508909606491143
572,az_itd=5_az=0,7.0,1.2459138653021114e-17,6.963584746553758e-10,2.611827527479158e-09,45.02661551473663,0.11760175387060928,19,15,hbr,True,S19_D15 hbr,mild_master_20,,0.13722391181085267
573,constant,7.0,1.2459138653021114e-17,0.19231528669312423,3.064725908422832e-09,-1.4427019984577367,-0.004421486192806822,19,15,hbr,False,S19_D15 hbr,mild_master_20,,
581,Linear,7.0,3.210974462882391e-18,0.00017680758714849653,1.4044284627485818e-13,-7.204213765351071,-1.0117802863784177e-06,19,21,hbr,True,S19_D21 hbr,mild_master_20,,
582,ShortHbO,7.0,3.210974462882391e-18,1.2872195193112697e-05,0.0010363602839898638,-10.797616535998179,-11190.220939660721,19,21,hbr,True,S19_D21 hbr,mild_master_20,,
583,az_itd=0_az=15,7.0,3.210974462882391e-18,3.7691473871814785e-09,1.3279519561828258e-09,35.34133228317255,0.04693159133954623,19,21,hbr,True,S19_D21 hbr,mild_master_20,,0.07346080882986927
584,az_itd=0_az=5,7.0,3.210974462882391e-18,2.3902576447164098e-08,1.3256008713953375e-09,27.097544873056822,0.03592052909639838,19,21,hbr,True,S19_D21 hbr,mild_master_20,,0.026442364597747913
585,az_itd=15_az=0,7.0,3.210974462882391e-18,6.376166834694826e-09,1.3477362607801083e-09,32.77109611987762,0.04416679454626938,19,21,hbr,True,S19_D21 hbr,mild_master_20,,0.06577124704261704
586,az_itd=5_az=0,7.0,3.210974462882391e-18,2.717808546403364e-09,1.3259248533020796e-09,37.03979086297608,0.04911197926633126,19,21,hbr,True,S19_D21 hbr,mild_master_20,,0.04501679133273663
587,constant,7.0,3.210974462882391e-18,0.29539041802522953,1.5558440240725476e-09,-1.130797159055497,-0.0017593440023547095,19,21,hbr,False,S19_D21 hbr,mild_master_20,,
623,Linear,7.0,3.070417514050225e-17,1.1014706588831687e-05,4.3429008463795726e-13,-11.053450544137238,-4.800403972354836e-06,20,12,hbr,True,S20_D12 hbr,mild_master_20,,
624,ShortHbO,7.0,3.070417514050225e-17,3.7893699690136535e-09,0.003204727099937365,-35.31419241028568,-113172.3494296449,20,12,hbr,True,S20_D12 hbr,mild_master_20,,
625,az_itd=0_az=15,7.0,3.070417514050225e-17,3.020226356292085e-10,4.1064132687620055e-09,50.75026887262003,0.2084015774917663,20,12,hbr,True,S20_D12 hbr,mild_master_20,,0.2918706157648524
626,az_itd=0_az=5,7.0,3.070417514050225e-17,1.5794034994544553e-10,4.099143031520081e-09,55.686243558761184,0.2282658772354259,20,12,hbr,True,S20_D12 hbr,mild_master_20,,0.23039772757520177
627,az_itd=15_az=0,7.0,3.070417514050225e-17,4.779614174848158e-10,4.167592086665208e-09,47.52102377825946,0.1980482426485033,20,12,hbr,True,S20_D12 hbr,mild_master_20,,0.25831863764797564
628,az_itd=5_az=0,7.0,3.070417514050225e-17,4.885776432848429e-10,4.10014487770472e-09,47.37170955956121,0.1942308722987506,20,12,hbr,True,S20_D12 hbr,mild_master_20,,0.25566123241780375
629,constant,7.0,3.070417514050225e-17,0.12776457356890283,4.811121753937902e-09,-1.727230065662234,-0.008309914142963164,20,12,hbr,False,S20_D12 hbr,mild_master_20,,
637,Linear,7.0,6.475492462026372e-18,3.103101640077832e-05,1.9944244873704874e-13,-9.449717017609576,-1.884674701864215e-06,20,13,hbr,True,S20_D13 hbr,mild_master_20,,
638,ShortHbO,7.0,6.475492462026372e-18,1.4489235730964483e-06,0.0014717320126668763,-14.932625451646658,-21976.82291035256,20,13,hbr,True,S20_D13 hbr,mild_master_20,,
639,az_itd=0_az=15,7.0,6.475492462026372e-18,1.7874333002658971e-09,1.8858204385001118e-09,39.33489596616095,0.07417855075926191,20,13,hbr,True,S20_D13 hbr,mild_master_20,,0.10869812987168588
640,az_itd=0_az=5,7.0,6.475492462026372e-18,6.533323948866198e-10,1.882481670313319e-09,45.439996285277466,0.08553996010614015,20,13,hbr,True,S20_D13 hbr,mild_master_20,,0.0812044524663884
641,az_itd=15_az=0,7.0,6.475492462026372e-18,1.1538814881747685e-09,1.913916067861819e-09,41.88256279347486,0.08015970989366314,20,13,hbr,True,S20_D13 hbr,mild_master_20,,0.10566308597500762
642,az_itd=5_az=0,7.0,6.475492462026372e-18,6.630452063148451e-10,1.882941756010391e-09,45.34401365535536,0.08538013669677398,20,13,hbr,True,S20_D13 hbr,mild_master_20,,0.096688618357394
643,constant,7.0,6.475492462026372e-18,0.1661427159918969,2.2094492545860794e-09,-1.545500109272133,-0.003414704064394018,20,13,hbr,False,S20_D13 hbr,mild_master_20,,
651,Linear,7.0,2.9998808818131174e-18,2.419997096202306e-05,1.3574792561955726e-13,-9.814605010468636,-1.3323122709464303e-06,20,20,hbr,True,S20_D20 hbr,mild_master_20,,
652,ShortHbO,7.0,2.9998808818131174e-18,1.7217888165177708e-06,0.0010017153773057947,-14.558805101058095,-14583.778944927939,20,20,hbr,True,S20_D20 hbr,mild_master_20,,
653,az_itd=0_az=15,7.0,2.9998808818131174e-18,4.677487576815154e-10,1.2835593136688145e-09,47.66828161593385,0.06118506683471982,20,20,hbr,True,S20_D20 hbr,mild_master_20,,0.08745962863134962
654,az_itd=0_az=5,7.0,2.9998808818131174e-18,5.594082994687381e-10,1.2812868242446638e-09,46.46179533592885,0.0595308861946778,20,20,hbr,True,S20_D20 hbr,mild_master_20,,0.05243832438880891
655,az_itd=15_az=0,7.0,2.9998808818131174e-18,1.94799312048776e-09,1.3026822407536905e-09,38.852546564837795,0.05061252241807,20,20,hbr,True,S20_D20 hbr,mild_master_20,,0.06360734239738397
656,az_itd=5_az=0,7.0,2.9998808818131174e-18,6.853021411701029e-10,1.2815999756293376e-09,45.12999771283794,0.05783860396892517,20,20,hbr,True,S20_D20 hbr,mild_master_20,,0.06785345841545669
657,constant,7.0,2.9998808818131174e-18,0.17279316357570781,1.503833085539238e-09,-1.5180511629299014,-0.002282895564355302,20,20,hbr,False,S20_D20 hbr,mild_master_20,,
665,Linear,7.0,3.684738472511998e-17,0.0009005024175616513,4.75756281545329e-13,-5.506308674459299,-2.6196609400015457e-06,21,11,hbr,True,S21_D11 hbr,mild_master_20,,
666,ShortHbO,7.0,3.684738472511998e-17,1.2553652168697655e-09,0.0035107157689422634,-41.3794427135272,-145271.46204442295,21,11,hbr,True,S21_D11 hbr,mild_master_20,,
667,az_itd=0_az=15,7.0,3.684738472511998e-17,2.00635671855546e-08,4.498495306111488e-09,27.78958102633298,0.12501129980576378,21,11,hbr,True,S21_D11 hbr,mild_master_20,,0.25936047976072546
668,az_itd=0_az=5,7.0,3.684738472511998e-17,3.383051248018075e-08,4.490530903610672e-09,25.77425098003818,0.1157400705432791,21,11,hbr,True,S21_D11 hbr,mild_master_20,,0.2114780344534417
669,az_itd=15_az=0,7.0,3.684738472511998e-17,2.1027596031410902e-07,4.565515502852177e-09,19.789501435164148,0.09034927559595732,21,11,hbr,True,S21_D11 hbr,mild_master_20,,0.19406725212814627
670,az_itd=5_az=0,7.0,3.684738472511998e-17,5.501682473653239e-08,4.491628406483392e-09,24.027768396759342,0.10792380707528816,21,11,hbr,True,S21_D11 hbr,mild_master_20,,0.22740738928732052
671,constant,7.0,3.684738472511998e-17,0.5316097372404731,5.27048964892551e-09,-0.6579402566284595,-0.0034676673121716893,21,11,hbr,False,S21_D11 hbr,mild_master_20,,
679,Linear,7.0,5.569807469194042e-18,6.085797091618916e-05,1.8496999647975695e-13,-8.519625900171897,-1.575875172763642e-06,21,12,hbr,True,S21_D12 hbr,mild_master_20,,
680,ShortHbO,7.0,5.569807469194042e-18,1.4155088542628828e-07,0.00136493643617989,-20.958331639078786,-28606.79049572043,21,12,hbr,True,S21_D12 hbr,mild_master_20,,
681,az_itd=0_az=15,7.0,5.569807469194042e-18,1.9992637014794108e-09,1.7489767202503365e-09,38.70802517818039,0.06769943492350139,21,12,hbr,True,S21_D12 hbr,mild_master_20,,0.10184350433776497
682,az_itd=0_az=5,7.0,5.569807469194042e-18,1.445581997901751e-09,1.745880228286522e-09,40.55075593230833,0.0707967630242895,21,12,hbr,True,S21_D12 hbr,mild_master_20,,0.08216491967606655
683,az_itd=15_az=0,7.0,5.569807469194042e-18,4.3985340053045154e-09,1.7750336028098926e-09,34.56634417001114,0.06135642242806161,21,12,hbr,True,S21_D12 hbr,mild_master_20,,0.09288820978702748
684,az_itd=5_az=0,7.0,5.569807469194042e-18,2.568676889653859e-09,1.7463069280703778e-09,37.3409713164914,0.06520879691086619,21,12,hbr,True,S21_D12 hbr,mild_master_20,,0.09395557877798218
685,constant,7.0,5.569807469194042e-18,0.3216412332391613,2.0491215557717492e-09,-1.0663872444752482,-0.0021851570894542696,21,12,hbr,False,S21_D12 hbr,mild_master_20,,
693,Linear,7.0,8.891637147488335e-18,0.0023109530358392813,2.337071839732888e-13,-4.6613082600001565,-1.0893812270760672e-06,21,19,hbr,True,S21_D19 hbr,mild_master_20,,
694,ShortHbO,7.0,8.891637147488335e-18,1.2700423879307074e-09,0.001724579428410431,-41.31053816610786,-71243.3042978336,21,19,hbr,True,S21_D19 hbr,mild_master_20,,
695,az_itd=0_az=15,7.0,8.891637147488335e-18,2.0140450972308414e-07,2.2098093307217957e-09,19.913672425750537,0.04400541913536087,21,19,hbr,True,S21_D19 hbr,mild_master_20,,0.11102406905604266
696,az_itd=0_az=5,7.0,8.891637147488335e-18,4.3249625857823396e-08,2.205896953412872e-09,24.87706693256567,0.054876246156394706,21,19,hbr,True,S21_D19 hbr,mild_master_20,,0.10741660088163833
697,az_itd=15_az=0,7.0,8.891637147488335e-18,3.3017991190351306e-07,2.242731862818957e-09,18.53386518161583,0.04156648998400067,21,19,hbr,True,S21_D19 hbr,mild_master_20,,0.09181061496875725
698,az_itd=5_az=0,7.0,8.891637147488335e-18,1.663990248714725e-07,2.2064360830381355e-09,20.47280622078594,0.045171938366589705,21,19,hbr,True,S21_D19 hbr,mild_master_20,,0.10084040180689507
699,constant,7.0,8.891637147488335e-18,0.6038519705063742,2.5890384253253205e-09,-0.543198219279716,-0.001406361062283474,21,19,hbr,False,S21_D19 hbr,mild_master_20,,
707,Linear,7.0,8.297332473137605e-18,7.916707161721545e-05,2.2576179163407759e-13,-8.178201088150384,-1.8463253300045934e-06,21,20,hbr,True,S21_D20 hbr,mild_master_20,,
708,ShortHbO,7.0,8.297332473137605e-18,8.286715137456563e-06,0.001665948538482719,-11.53483221954271,-19216.436877790555,21,20,hbr,True,S21_D20 hbr,mild_master_20,,
709,az_itd=0_az=15,7.0,8.297332473137605e-18,9.926370988031878e-10,2.134681977642906e-09,42.79611340966608,0.09135609200877606,21,20,hbr,True,S21_D20 hbr,mild_master_20,,0.13795917380964942
710,az_itd=0_az=5,7.0,8.297332473137605e-18,4.641450416191815e-09,2.130902610249082e-09,34.300531345405474,0.07309109177685498,21,20,hbr,True,S21_D20 hbr,mild_master_20,,0.07378379248426768
711,az_itd=15_az=0,7.0,8.297332473137605e-18,6.265200532054389e-09,2.1664852354847146e-09,32.853867501673044,0.07117741887094572,21,20,hbr,True,S21_D20 hbr,mild_master_20,,0.10102955003291805
712,az_itd=5_az=0,7.0,8.297332473137605e-18,5.3075149962118085e-09,2.131423410970964e-09,33.646226910460385,0.07171435572779652,21,20,hbr,True,S21_D20 hbr,mild_master_20,,0.09177660939519755
713,constant,7.0,8.297332473137605e-18,0.3438655463681768,2.501018340872742e-09,-1.0150710348746688,-0.002538711275510221,21,20,hbr,False,S21_D20 hbr,mild_master_20,,
721,Linear,7.0,2.091438387435348e-17,0.45328194424676993,3.584294899185762e-13,-0.793971915443258,-2.8458294866200185e-07,22,10,hbr,False,S22_D10 hbr,mild_master_20,,
722,ShortHbO,7.0,2.091438387435348e-17,3.706526306581869e-10,0.0026449342050172916,-49.28364322793233,-130351.99372142703,22,10,hbr,True,S22_D10 hbr,mild_master_20,,
723,az_itd=0_az=15,7.0,2.091438387435348e-17,0.0369421110696434,3.3891163196697065e-09,2.571220020628758,0.008714163733374402,22,10,hbr,True,S22_D10 hbr,mild_master_20,,0.08255531260405166
724,az_itd=0_az=5,7.0,2.091438387435348e-17,0.002057146143483744,3.3831160274263724e-09,4.760970117023542,0.016106914309000357,22,10,hbr,True,S22_D10 hbr,mild_master_20,,0.08977419330686374
725,az_itd=15_az=0,7.0,2.091438387435348e-17,0.24293838094283587,3.439608590321353e-09,1.2751679190097778,0.004386078528328235,22,10,hbr,False,S22_D10 hbr,mild_master_20,,0.07187287738279285
726,az_itd=5_az=0,7.0,2.091438387435348e-17,0.08153422851528194,3.3839428738814006e-09,2.033139081129527,0.006880026505198041,22,10,hbr,False,S22_D10 hbr,mild_master_20,,0.1122867726812425
727,constant,7.0,2.091438387435348e-17,0.8883570759635591,3.9707282694185875e-09,0.1455790478829534,0.0005780548408638852,22,10,hbr,False,S22_D10 hbr,mild_master_20,,
735,Linear,7.0,2.423392540566086e-18,0.001648210743359376,1.2200934062024295e-13,-4.954294724272902,-6.044702325468851e-07,22,11,hbr,True,S22_D11 hbr,mild_master_20,,
736,ShortHbO,7.0,2.423392540566086e-18,5.3740348561648756e-09,0.0009003351772517238,-33.586083790249866,-30238.73270248586,22,11,hbr,True,S22_D11 hbr,mild_master_20,,
737,az_itd=0_az=15,7.0,2.423392540566086e-18,2.842544662844963e-07,1.153654649181183e-09,18.94184637830446,0.021852349138406696,22,11,hbr,True,S22_D11 hbr,mild_master_20,,0.04767814106095086
738,az_itd=0_az=5,7.0,2.423392540566086e-18,2.431798365952928e-07,1.1516121506682837e-09,19.376218141114375,0.022313888245306543,22,11,hbr,True,S22_D11 hbr,mild_master_20,,0.04443362433893399
739,az_itd=15_az=0,7.0,2.423392540566086e-18,1.4881754659806532e-07,1.1708422099759873e-09,20.80685875886719,0.024361548491890293,22,11,hbr,True,S22_D11 hbr,mild_master_20,,0.03349735119957352
740,az_itd=5_az=0,7.0,2.423392540566086e-18,2.5677013930602697e-08,1.1518936090683589e-09,26.81940318933844,0.03089309913282651,22,11,hbr,True,S22_D11 hbr,mild_master_20,,0.06542630934414395
741,constant,7.0,2.423392540566086e-18,0.6000059584172679,1.3516352631698232e-09,-0.5491004976423907,-0.0007421835956375536,22,11,hbr,False,S22_D11 hbr,mild_master_20,,
749,Linear,7.0,6.144858431488931e-18,0.002242789760865086,1.9428404530141436e-13,-4.686838567894883,-9.105779566453055e-07,22,19,hbr,True,S22_D19 hbr,mild_master_20,,
750,ShortHbO,7.0,6.144858431488931e-18,1.635694700195505e-09,0.0014336669592213923,-39.83857490126395,-57115.24853840876,22,19,hbr,True,S22_D19 hbr,mild_master_20,,
751,az_itd=0_az=15,7.0,6.144858431488931e-18,1.1472411664150316e-06,1.8370453523008142e-09,15.45290512513372,0.02838768753967233,22,19,hbr,True,S22_D19 hbr,mild_master_20,,0.07039281994561454
752,az_itd=0_az=5,7.0,6.144858431488931e-18,2.4100785826391065e-08,1.8337929384151976e-09,27.065324953466945,0.049632201775580316,22,19,hbr,True,S22_D19 hbr,mild_master_20,,0.0860525266108709
753,az_itd=15_az=0,7.0,6.144858431488931e-18,1.9880350148508764e-07,1.864414312932051e-09,19.951264227103103,0.03719742258610024,22,19,hbr,True,S22_D19 hbr,mild_master_20,,0.07861752798656112
754,az_itd=5_az=0,7.0,6.144858431488931e-18,6.140077901649783e-08,1.834241124400571e-09,23.64981469690917,0.043379462701523826,22,19,hbr,True,S22_D19 hbr,mild_master_20,,0.09128236398302424
755,constant,7.0,6.144858431488931e-18,0.5211182294657182,2.152303793838437e-09,-0.6753700660952946,-0.0014536015555018187,22,19,hbr,False,S22_D19 hbr,mild_master_20,,
805,Linear,7.0,1.124300522454482e-16,0.0021891183415057545,8.310409088709305e-13,4.707552189526143,3.912168450141145e-06,23,9,hbr,True,S23_D9 hbr,mild_master_20,,
806,ShortHbO,7.0,1.124300522454482e-16,0.0024229545992168096,0.006132443304653054,-4.621113981644797,-28338.71949677625,23,9,hbr,True,S23_D9 hbr,mild_master_20,,
807,az_itd=0_az=15,7.0,1.124300522454482e-16,1.4548069020629532e-08,7.857875497932477e-09,-29.105737546334854,-0.228709261914598,23,9,hbr,True,S23_D9 hbr,mild_master_20,,-0.20446447622463892
808,az_itd=0_az=5,7.0,1.124300522454482e-16,8.268558646884233e-08,7.84396344979011e-09,-22.65418022156108,-0.1776985616428831,23,9,hbr,True,S23_D9 hbr,mild_master_20,,-0.07673339014629812
809,az_itd=15_az=0,7.0,1.124300522454482e-16,9.681686754038658e-08,7.974944945825377e-09,-22.14309536862985,-0.17658996649498393,23,9,hbr,True,S23_D9 hbr,mild_master_20,,-0.2297969182812725
810,az_itd=5_az=0,7.0,1.124300522454482e-16,3.6397454297091825e-05,7.845880544361876e-09,-9.221907538802691,-0.07235398494059615,23,9,hbr,True,S23_D9 hbr,mild_master_20,,0.011380648796372416
811,constant,7.0,1.124300522454482e-16,0.5499266026557463,9.20637872359983e-09,0.6280134831673754,0.005781729969565944,23,9,hbr,False,S23_D9 hbr,mild_master_20,,
763,Linear,7.0,4.071832936628808e-18,0.0014863200249644686,1.5815254033287778e-13,5.046083965046477,7.980509978051007e-07,23,10,hbr,True,S23_D10 hbr,mild_master_20,,
764,ShortHbO,7.0,4.071832936628808e-18,4.7659972906012375e-09,0.001167044217348942,-34.17033706378658,-39878.29427515636,23,10,hbr,True,S23_D10 hbr,mild_master_20,,
765,az_itd=0_az=15,7.0,4.071832936628808e-18,1.3589974527896555e-08,1.4954052903435461e-09,-29.392464425659107,-0.0439536467983651,23,10,hbr,True,S23_D10 hbr,mild_master_20,,-0.03155084804480164
766,az_itd=0_az=5,7.0,4.071832936628808e-18,9.454043208337375e-08,1.4927577362563015e-09,-22.21944371801147,-0.033168246505373096,23,10,hbr,True,S23_D10 hbr,mild_master_20,,-0.035518353077178086
767,az_itd=15_az=0,7.0,4.071832936628808e-18,1.8025691188378895e-07,1.5176843747808983e-09,-20.23671099169516,-0.0307129400690526,23,10,hbr,True,S23_D10 hbr,mild_master_20,,-0.03472550640864012
768,az_itd=5_az=0,7.0,4.071832936628808e-18,1.1374713158980387e-05,1.4931225719380912e-09,-11.000208817769302,-0.01642466008184377,23,10,hbr,True,S23_D10 hbr,mild_master_20,,-0.0016935602042677952
769,constant,7.0,4.071832936628808e-18,0.7316729849214336,1.7520343064483292e-09,0.3569142648078833,0.0006253260364041951,23,10,hbr,False,S23_D10 hbr,mild_master_20,,
777,Linear,7.0,1.0274318392260274e-17,0.34164493946911434,2.5122202194560335e-13,-1.0200787659847477,-2.562662501344643e-07,23,11,hbr,False,S23_D11 hbr,mild_master_20,,
778,ShortHbO,7.0,1.0274318392260274e-17,8.880264312267337e-10,0.001853825473591686,-43.48471760045212,-80613.07719965887,23,11,hbr,True,S23_D11 hbr,mild_master_20,,
779,az_itd=0_az=15,7.0,1.0274318392260274e-17,0.015739556253700323,2.3754202106240788e-09,3.1685525464655395,0.007526643757298633,23,11,hbr,True,S23_D11 hbr,mild_master_20,,0.06626814459269151
780,az_itd=0_az=5,7.0,1.0274318392260274e-17,0.0005251255042017281,2.3712146260055327e-09,6.032256401931102,0.014303774608074539,23,11,hbr,True,S23_D11 hbr,mild_master_20,,0.06945613068627925
781,az_itd=15_az=0,7.0,1.0274318392260274e-17,0.4116644259270835,2.4108100730168546e-09,-0.8728869210530216,-0.002104364581879292,23,11,hbr,False,S23_D11 hbr,mild_master_20,,0.03631164905383683
782,az_itd=5_az=0,7.0,1.0274318392260274e-17,0.0003528788011157661,2.371794159900241e-09,6.442152018977349,0.015279458535800022,23,11,hbr,True,S23_D11 hbr,mild_master_20,,0.08412903035441217
783,constant,7.0,1.0274318392260274e-17,0.8769743729610812,2.783070066769651e-09,0.1605611855193684,0.00044685302930400295,23,11,hbr,False,S23_D11 hbr,mild_master_20,,
791,Linear,7.0,1.1919201316726074e-17,0.04925584423455455,2.705856583218062e-13,2.3748199213849803,6.42592211823695e-07,23,19,hbr,True,S23_D19 hbr,mild_master_20,,
792,ShortHbO,7.0,1.1919201316726074e-17,9.909187860267969e-10,0.0019967142303080223,-42.80674308903027,-85472.83307900633,23,19,hbr,True,S23_D19 hbr,mild_master_20,,
793,az_itd=0_az=15,7.0,1.1919201316726074e-17,1.9541878180866242e-07,2.5585123330542034e-09,-20.00103159733469,-0.051172886015587615,23,19,hbr,True,S23_D19 hbr,mild_master_20,,-0.03481903060820483
794,az_itd=0_az=5,7.0,1.1919201316726074e-17,0.002207499263370046,2.553982591298985e-09,-4.700395741483184,-0.012004728895963936,23,19,hbr,True,S23_D19 hbr,mild_master_20,,-0.0034881913879046935
795,az_itd=15_az=0,7.0,1.1919201316726074e-17,7.002428207614236e-06,2.596629967564529e-09,-11.828597721584336,-0.030714491318131393,23,19,hbr,True,S23_D19 hbr,mild_master_20,,-0.01961152545599852
796,az_itd=5_az=0,7.0,1.1919201316726074e-17,0.327298918112859,2.5546067943812028e-09,-1.0530632672010884,-0.0026901625773051684,23,19,hbr,False,S23_D19 hbr,mild_master_20,,0.04970240554152144
797,constant,7.0,1.1919201316726074e-17,0.8922615551030589,2.9975829361632863e-09,0.14044865141754012,0.0004210064808963638,23,19,hbr,False,S23_D19 hbr,mild_master_20,,
847,Linear,7.0,1.1855904357977229e-17,0.005386403393500934,2.69866228892199e-13,3.970856895756297,1.0716001759283356e-06,24,9,hbr,True,S24_D9 hbr,mild_master_20,,
848,ShortHbO,7.0,1.1855904357977229e-17,1.1262132235869899e-07,0.0019914053939539145,-21.663839324969846,-43141.48648549589,24,9,hbr,True,S24_D9 hbr,mild_master_20,,
849,az_itd=0_az=15,7.0,1.1855904357977229e-17,7.89603370473718e-08,2.551709795625472e-09,-22.805671895025977,-0.058193456370358304,24,9,hbr,True,S24_D9 hbr,mild_master_20,,-0.0437770970788497
850,az_itd=0_az=5,7.0,1.1855904357977229e-17,2.4447983441820246e-07,2.5471920974853784e-09,-19.361221574014646,-0.049316750590993524,24,9,hbr,True,S24_D9 hbr,mild_master_20,,-0.03170946347221933
851,az_itd=15_az=0,7.0,1.1855904357977229e-17,2.6113890742929107e-08,2.5897260834930227e-09,-26.754283008161433,-0.06928626455138982,24,9,hbr,True,S24_D9 hbr,mild_master_20,,-0.06100548874115303
852,az_itd=5_az=0,7.0,1.1855904357977229e-17,0.0002732181115070072,2.54781464094502e-09,-6.716691888713322,-0.017112885932780462,24,9,hbr,True,S24_D9 hbr,mild_master_20,,-0.0016026753140324056
853,constant,7.0,1.1855904357977229e-17,0.4222830092651685,2.9896130038492855e-09,0.8522304226893879,0.002547839153948167,24,9,hbr,False,S24_D9 hbr,mild_master_20,,
819,Linear,7.0,8.758118581557391e-18,0.00122314228140272,2.319458503928632e-13,5.221983721668039,1.2112174550599818e-06,24,10,hbr,True,S24_D10 hbr,mild_master_20,,
820,ShortHbO,7.0,8.758118581557391e-18,1.6609701687657423e-09,0.0017115821400612732,-39.7510576695633,-68037.20035577026,24,10,hbr,True,S24_D10 hbr,mild_master_20,,
821,az_itd=0_az=15,7.0,8.758118581557391e-18,5.243339152618113e-09,2.193155108483668e-09,-33.705072262827436,-0.07392045141503117,24,10,hbr,True,S24_D10 hbr,mild_master_20,,-0.06257247101892816
822,az_itd=0_az=5,7.0,8.758118581557391e-18,4.664939221578735e-07,2.189272216796095e-09,-17.62446695545245,-0.03858475584141292,24,10,hbr,True,S24_D10 hbr,mild_master_20,,-0.023025991595762085
823,az_itd=15_az=0,7.0,8.758118581557391e-18,1.0498244279183735e-07,2.225829520003834e-09,-21.885186254609465,-0.048712693616291894,24,10,hbr,True,S24_D10 hbr,mild_master_20,,-0.04799054721975703
824,az_itd=5_az=0,7.0,8.758118581557391e-18,1.501895425122199e-06,2.1898072832723482e-09,-14.85409208632645,-0.03252759903703581,24,10,hbr,True,S24_D10 hbr,mild_master_20,,-0.021200330055204008
825,constant,7.0,8.758118581557391e-18,0.640143586071195,2.569526144008119e-09,0.4884747880554171,0.001255148738597219,24,10,hbr,False,S24_D10 hbr,mild_master_20,,
833,Linear,7.0,1.8962390352878038e-17,0.0017371716878132632,3.412932806066243e-13,4.908020223665823,1.6750743234185668e-06,24,19,hbr,True,S24_D19 hbr,mild_master_20,,
834,ShortHbO,7.0,1.8962390352878038e-17,1.6508121058096218e-09,0.0025184821483971356,-39.786046287927135,-100200.44733144662,24,19,hbr,True,S24_D19 hbr,mild_master_20,,
835,az_itd=0_az=15,7.0,1.8962390352878038e-17,4.670205878278225e-09,3.227085548569914e-09,-34.270120634687466,-0.11059261104794753,24,19,hbr,True,S24_D19 hbr,mild_master_20,,-0.10516619034882753
836,az_itd=0_az=5,7.0,1.8962390352878038e-17,9.131031262738811e-07,3.2213721251995568e-09,-15.978216647128779,-0.05147178171746017,24,19,hbr,True,S24_D19 hbr,mild_master_20,,-0.02634960696140409
837,az_itd=15_az=0,7.0,1.8962390352878038e-17,4.07849248485953e-07,3.275163826671118e-09,-17.972752484262617,-0.0588637088021704,24,19,hbr,True,S24_D19 hbr,mild_master_20,,-0.05442198247749114
838,az_itd=5_az=0,7.0,1.8962390352878038e-17,2.5913600119231416e-06,3.222159440828242e-09,-13.707965827957924,-0.04416925150710556,24,19,hbr,True,S24_D19 hbr,mild_master_20,,-0.006666539773038132
839,constant,7.0,1.8962390352878038e-17,0.725078486337801,3.780891125267589e-09,0.3661365545186687,0.0013843224496156875,24,19,hbr,False,S24_D19 hbr,mild_master_20,,
