OriginalVariableNames,Var1,Var2,Var3,Var4,Var5,Var6,Var7,Var8
all_hit_rates_collapsed1,0.827586206896552,0.742857142857143,0.833333333333333,0.866666666666667,0.363636363636364,0.730769230769231,0.666666666666667,0.636363636363636
all_hit_rates_collapsed2,0.548387096774194,0.777777777777778,0.612903225806452,0.862068965517241,0.633333333333333,0.764705882352941,0.766666666666667,0.75
all_hit_rates_collapsed3,0.935483870967742,0.870967741935484,0.935483870967742,0.90625,0.9375,0.9,0.888888888888889,0.96551724137931
all_hit_rates_collapsed4,0.833333333333333,0.821428571428571,0.970588235294118,0.90625,0.607142857142857,0.645161290322581,0.806451612903226,0.833333333333333
all_hit_rates_collapsed5,0.838709677419355,0.777777777777778,0.925925925925926,0.96551724137931,0.821428571428571,0.75,0.903225806451613,0.892857142857143
