OriginalVariableNames,Var1,Var2,Var3,Var4
all_hit_rates_collapsed1,0.181818181818182,0.256410256410256,0.118421052631579,0.0675675675675676
all_hit_rates_collapsed2,0.0886075949367089,0.0103092783505155,0.125,0.0493827160493827
