OriginalVariableNames,Var1,Var2,Var3,Var4
all_hit_rates_collapsed1,0.706766917293233,0.647482014388489,0.601449275362319,0.659574468085106
all_hit_rates_collapsed2,0.642458100558659,0.857142857142857,0.883977900552486,0.883333333333333
all_hit_rates_collapsed3,0.553672316384181,0.828571428571429,0.834254143646409,0.932584269662921
all_hit_rates_collapsed4,0.733333333333333,0.777777777777778,0.943661971830986,0.934210526315789
all_hit_rates_collapsed5,0.387096774193548,0.542857142857143,0.5,0.558823529411765
