,Condition,df,mse,p_value,se,t,theta,Source,Detector,Chroma,Significant,ch_name,ID,mean_hbo,mean_hbr
686,Linear,7.0,1.5942320980428308e-17,0.15496336463852006,4.4633594078258954e-13,1.5940074977880232,7.114628361397189e-07,1,7,hbo,False,S1_D7 hbo,mild_master_44,,
687,ShortHbO,7.0,1.5942320980428308e-17,1.6851467362777113e-15,0.0029207789648891167,286.04324643268933,835469.0972291928,1,7,hbo,True,S1_D7 hbo,mild_master_44,,
688,az_itd=0_az=15,7.0,1.5942320980428308e-17,1.458042587299528e-06,2.990493409307552e-09,-14.918875297138925,-0.0446147982503752,1,7,hbo,True,S1_D7 hbo,mild_master_44,-0.09930393709395346,
689,az_itd=0_az=5,7.0,1.5942320980428308e-17,1.917451510801679e-06,3.0115993949778515e-09,-14.330105247209149,-0.04315653629246401,1,7,hbo,True,S1_D7 hbo,mild_master_44,-0.15579925481626417,
690,az_itd=15_az=0,7.0,1.5942320980428308e-17,0.05627452208977259,3.005111529802254e-09,2.284346618524636,0.006864716361393175,1,7,hbo,False,S1_D7 hbo,mild_master_44,-0.029448386394601362,
691,az_itd=5_az=0,7.0,1.5942320980428308e-17,0.03096633652220773,3.0552749645217854e-09,-2.692658208582822,-0.008226811212697175,1,7,hbo,True,S1_D7 hbo,mild_master_44,-0.08193986735146724,
692,constant,7.0,1.5942320980428308e-17,0.5124763423363166,3.7339183612889625e-09,0.6898940477874811,0.0025760080523776407,1,7,hbo,False,S1_D7 hbo,mild_master_44,,
700,Linear,7.0,1.7687979462112952e-17,0.9261134321310982,4.701378291022119e-13,-0.09612757194629239,-4.5193207991696595e-08,1,8,hbo,False,S1_D8 hbo,mild_master_44,,
701,ShortHbO,7.0,1.7687979462112952e-17,1.2703547017368737e-15,0.0030765362059634047,297.8265209368259,916274.0747582628,1,8,hbo,True,S1_D8 hbo,mild_master_44,,
702,az_itd=0_az=15,7.0,1.7687979462112952e-17,0.00021387794264043572,3.1499683331151703e-09,-6.987717858544213,-0.022011089975157622,1,8,hbo,True,S1_D8 hbo,mild_master_44,-0.08622344204632482,
703,az_itd=0_az=5,7.0,1.7687979462112952e-17,0.7975554640467901,3.1721998439065685e-09,-0.2664708058590047,-0.0008452986487515922,1,8,hbo,False,S1_D8 hbo,mild_master_44,-0.13909304444671264,
704,az_itd=15_az=0,7.0,1.7687979462112952e-17,7.125646372375553e-05,3.165365998431756e-09,8.313455198595763,0.026315128415120743,1,8,hbo,True,S1_D8 hbo,mild_master_44,0.003624234570658631,
705,az_itd=5_az=0,7.0,1.7687979462112952e-17,0.0019172125743321233,3.218204513425642e-09,4.821920627689782,0.01551792672741146,1,8,hbo,True,S1_D8 hbo,mild_master_44,-0.061210394957199155,
706,constant,7.0,1.7687979462112952e-17,0.5503339515790264,3.933038126715332e-09,0.6273549037236178,0.0024674107553268147,1,8,hbo,False,S1_D8 hbo,mild_master_44,,
980,Linear,7.0,1.507838386149299e-17,0.03184808664348982,4.340737093229594e-13,2.673275984360144,1.1603988225751933e-06,2,6,hbo,True,S2_D6 hbo,mild_master_44,,
981,ShortHbO,7.0,1.507838386149299e-17,1.9040423786320896e-15,0.0028405361154177247,281.09565215046393,798462.3518202908,2,6,hbo,True,S2_D6 hbo,mild_master_44,,
982,az_itd=0_az=15,7.0,1.507838386149299e-17,4.122089151401641e-07,2.9083352880074127e-09,-17.944948577675987,-0.0521899271899335,2,6,hbo,True,S2_D6 hbo,mild_master_44,-0.11798071852430073,
983,az_itd=0_az=5,7.0,1.507838386149299e-17,1.0311579923042373e-06,2.928861426845259e-09,-15.696325193599202,-0.045972361402752154,2,6,hbo,True,S2_D6 hbo,mild_master_44,-0.1325374428917508,
984,az_itd=15_az=0,7.0,1.507838386149299e-17,0.012019741286072963,2.922551803431511e-09,-3.363920211254577,-0.009831231080001775,2,6,hbo,True,S2_D6 hbo,mild_master_44,-0.07537953020468909,
985,az_itd=5_az=0,7.0,1.507838386149299e-17,5.338683378840301e-07,2.971337093146044e-09,-17.281268117809972,-0.051348472975050886,2,6,hbo,True,S2_D6 hbo,mild_master_44,-0.12009468249634692,
986,constant,7.0,1.507838386149299e-17,0.5379542027134373,3.631336052731851e-09,0.6475037956748982,0.0023513038775149755,2,6,hbo,False,S2_D6 hbo,mild_master_44,,
994,Linear,7.0,8.932643925722194e-18,0.6588319056228011,3.3409970807394713e-13,0.4609235914764632,1.5399443735668162e-07,2,7,hbo,False,S2_D7 hbo,mild_master_44,,
995,ShortHbO,7.0,8.932643925722194e-18,9.420883927684616e-16,0.0021863159794100187,310.82234758762564,679555.8652885611,2,7,hbo,True,S2_D7 hbo,mild_master_44,,
996,az_itd=0_az=15,7.0,8.932643925722194e-18,0.008287776061160934,2.2384999363817518e-09,-3.639938095999033,-0.00814800119632735,2,7,hbo,True,S2_D7 hbo,mild_master_44,-0.06607418762997265,
997,az_itd=0_az=5,7.0,8.932643925722194e-18,0.010370782853922934,2.254298582663062e-09,-3.472500548610514,-0.007828053065029388,2,7,hbo,True,S2_D7 hbo,mild_master_44,-0.07247087398648323,
998,az_itd=15_az=0,7.0,8.932643925722194e-18,6.216341611293241e-06,2.2494421647429864e-09,12.04043825537957,0.027084269493635287,2,7,hbo,True,S2_D7 hbo,mild_master_44,-0.019506461259280787,
999,az_itd=5_az=0,7.0,8.932643925722194e-18,7.30208770892978e-06,2.2869914350670306e-09,-11.754865903335833,-0.026883277641290525,2,7,hbo,True,S2_D7 hbo,mild_master_44,-0.08034890755096719,
1000,constant,7.0,8.932643925722194e-18,0.4795202489860003,2.794982255498559e-09,0.7467834744211198,0.0020872465597065923,2,7,hbo,False,S2_D7 hbo,mild_master_44,,
1008,Linear,7.0,1.5823100839576964e-17,0.07289209731494592,4.446639103837346e-13,2.109036135084106,9.378122549670969e-07,2,8,hbo,False,S2_D8 hbo,mild_master_44,,
1009,ShortHbO,7.0,1.5823100839576964e-17,2.2948652612030376e-15,0.0029098373606591997,273.6971348534732,796414.1485020154,2,8,hbo,True,S2_D8 hbo,mild_master_44,,
1010,az_itd=0_az=15,7.0,1.5823100839576964e-17,1.051993111303131e-06,2.979290646027565e-09,-15.65040335081172,-0.04662710030963182,2,8,hbo,True,S2_D8 hbo,mild_master_44,-0.10997023337056594,
1011,az_itd=0_az=5,7.0,1.5823100839576964e-17,1.8690801333839056e-05,3.0003175660291294e-09,-10.206785644886168,-0.030623598263045924,2,8,hbo,True,S2_D8 hbo,mild_master_44,-0.13874685401482179,
1012,az_itd=15_az=0,7.0,1.5823100839576964e-17,0.000795628940488209,2.9938540052099727e-09,-5.6241382676601805,-0.01683784887848911,2,8,hbo,True,S2_D8 hbo,mild_master_44,-0.02745394519243251,
1013,az_itd=5_az=0,7.0,1.5823100839576964e-17,8.161385443309506e-06,3.0438295214132072e-09,-11.561140866707575,-0.03519014187130119,2,8,hbo,True,S2_D8 hbo,mild_master_44,-0.08120509731810169,
1014,constant,7.0,1.5823100839576964e-17,0.5135052801123803,3.719930634923097e-09,0.6881566312341829,0.0025598949341535137,2,8,hbo,False,S2_D8 hbo,mild_master_44,,
1022,Linear,7.0,1.3618314188578764e-17,0.48150268931920714,4.1252261276043364e-13,0.74328979444932,3.0662384804439915e-07,3,5,hbo,False,S3_D5 hbo,mild_master_44,,
1023,ShortHbO,7.0,1.3618314188578764e-17,1.6243820901076328e-15,0.0026995078365841803,287.5480158530394,776238.1221895118,3,5,hbo,True,S3_D5 hbo,mild_master_44,,
1024,az_itd=0_az=15,7.0,1.3618314188578764e-17,0.0004853993597703955,2.763940883827049e-09,-6.1118182167154655,-0.016892704243698802,3,5,hbo,True,S3_D5 hbo,mild_master_44,-0.02679779533303903,
1025,az_itd=0_az=5,7.0,1.3618314188578764e-17,0.0012379541093647697,2.7834479312280055e-09,-5.211007900544972,-0.014504569160384695,3,5,hbo,True,S3_D5 hbo,mild_master_44,-0.07769011089254405,
1026,az_itd=15_az=0,7.0,1.3618314188578764e-17,0.0046623123030816805,2.7774515709779607e-09,4.084644066151444,0.011344901078418132,3,5,hbo,True,S3_D5 hbo,mild_master_44,0.010360748084268661,
1027,az_itd=5_az=0,7.0,1.3618314188578764e-17,0.09213543512399697,2.8238147455841896e-09,-1.9502365815309848,-0.005507106816304897,3,5,hbo,False,S3_D5 hbo,mild_master_44,-0.004221580250610085,
1028,constant,7.0,1.3618314188578764e-17,0.6060590009741186,3.451045765062807e-09,0.5398205631106481,0.0018629454682168218,3,5,hbo,False,S3_D5 hbo,mild_master_44,,
1036,Linear,7.0,1.3559023424631514e-17,0.2476736989858987,4.116236226029586e-13,1.2611036862741065,5.191000678220928e-07,3,6,hbo,False,S3_D6 hbo,mild_master_44,,
1037,ShortHbO,7.0,1.3559023424631514e-17,1.3878024983970192e-15,0.0026936249324716606,294.08771532274505,792162.0023269741,3,6,hbo,True,S3_D6 hbo,mild_master_44,,
1038,az_itd=0_az=15,7.0,1.3559023424631514e-17,1.3604787633312443e-05,2.7579175639567124e-09,-10.70803854026788,-0.029531887565730185,3,6,hbo,True,S3_D6 hbo,mild_master_44,-0.023890851639928903,
1039,az_itd=0_az=5,7.0,1.3559023424631514e-17,7.1524979947551475e-06,2.777382100612627e-09,-11.791233860406347,-0.032748761868030114,3,6,hbo,True,S3_D6 hbo,mild_master_44,-0.07460338830557392,
1040,az_itd=15_az=0,7.0,1.3559023424631514e-17,0.05841637898554154,2.7713988079343435e-09,2.259012708376563,0.006260625127103339,3,6,hbo,False,S3_D6 hbo,mild_master_44,0.002011521272395685,
1041,az_itd=5_az=0,7.0,1.3559023424631514e-17,0.0023354436666729113,2.8176609455638083e-09,-4.6523380182187495,-0.013108711139496698,3,6,hbo,True,S3_D6 hbo,mild_master_44,-0.014323256471824568,
1042,constant,7.0,1.3559023424631514e-17,0.4442063675689306,3.4435250714576082e-09,0.8107302807879545,0.002791770048083188,3,6,hbo,False,S3_D6 hbo,mild_master_44,,
1050,Linear,7.0,1.8796873181683043e-17,0.06737046179288299,4.846507516475177e-13,2.1623830797384382,1.048000584945108e-06,3,7,hbo,False,S3_D7 hbo,mild_master_44,,
1051,ShortHbO,7.0,1.8796873181683043e-17,3.141903017604427e-15,0.0031715073588915567,261.6843555066594,829933.8591961645,3,7,hbo,True,S3_D7 hbo,mild_master_44,,
1052,az_itd=0_az=15,7.0,1.8796873181683043e-17,4.1188184668357854e-07,3.2472062995344334e-09,-17.947022809740826,-0.05827768552567857,3,7,hbo,True,S3_D7 hbo,mild_master_44,-0.12542526390003697,
1053,az_itd=0_az=5,7.0,1.8796873181683043e-17,1.8267645772238934e-06,3.270124086082022e-09,-14.432631133486847,-0.047196494695152615,3,7,hbo,True,S3_D7 hbo,mild_master_44,-0.15814183886259894,
1054,az_itd=15_az=0,7.0,1.8796873181683043e-17,0.030931889797142398,3.2630792831731905e-09,2.693427049102014,0.00878886600466308,3,7,hbo,True,S3_D7 hbo,mild_master_44,-0.03679570952816588,
1055,az_itd=5_az=0,7.0,1.8796873181683043e-17,1.3104442614659244e-05,3.317548897023724e-09,-10.768604644163489,-0.035725372459729135,3,7,hbo,True,S3_D7 hbo,mild_master_44,-0.08835491549422114,
1056,constant,7.0,1.8796873181683043e-17,0.5711963047952793,4.054449070841559e-09,0.5940075289234125,0.0024083732737164203,3,7,hbo,False,S3_D7 hbo,mild_master_44,,
1064,Linear,7.0,2.6948650225649695e-17,0.08981180924795838,5.803027033706519e-13,1.9675733655384282,1.1417881431020417e-06,4,2,hbo,False,S4_D2 hbo,mild_master_44,,
1065,ShortHbO,7.0,2.6948650225649695e-17,3.4174256739561733e-15,0.003797444423367404,258.56044941505604,981868.9367345744,4,2,hbo,True,S4_D2 hbo,mild_master_44,,
1066,az_itd=0_az=15,7.0,2.6948650225649695e-17,5.383012980547754e-07,3.888083506765142e-09,-17.260441153828793,-0.06711003656969203,4,2,hbo,True,S4_D2 hbo,mild_master_44,-0.09529148079838316,
1067,az_itd=0_az=5,7.0,2.6948650225649695e-17,2.725374242317952e-06,3.9155244081639905e-09,-13.606319362123708,-0.05327587556766968,4,2,hbo,True,S4_D2 hbo,mild_master_44,-0.10162538508925562,
1068,az_itd=15_az=0,7.0,2.6948650225649695e-17,0.00021103240774867374,3.907089224356246e-09,-7.002783062186569,-0.027360498242773576,4,2,hbo,True,S4_D2 hbo,mild_master_44,-0.04032484301636449,
1069,az_itd=5_az=0,7.0,2.6948650225649695e-17,0.0005328161447659363,3.972309104984862e-09,-6.017633484151138,-0.02390390027955534,4,2,hbo,True,S4_D2 hbo,mild_master_44,-0.06375190960235662,
1070,constant,7.0,2.6948650225649695e-17,0.3870978366701002,4.854645842371789e-09,0.9222150743756791,0.004477027576590481,4,2,hbo,False,S4_D2 hbo,mild_master_44,,
1078,Linear,7.0,2.415633660870374e-17,0.042530063266460194,5.494164030278294e-13,2.474844491234866,1.3597201584274987e-06,4,3,hbo,True,S4_D3 hbo,mild_master_44,,
1079,ShortHbO,7.0,2.415633660870374e-17,9.043325808081604e-16,0.00359532747937587,312.64395652430653,1124057.408152634,4,3,hbo,True,S4_D3 hbo,mild_master_44,,
1080,az_itd=0_az=15,7.0,2.415633660870374e-17,4.953987652167621e-06,3.681142346142598e-09,-12.453951224038358,-0.04584476722760204,4,3,hbo,True,S4_D3 hbo,mild_master_44,-0.04278396232342108,
1081,az_itd=0_az=5,7.0,2.415633660870374e-17,2.378075202788912e-07,3.7071227202729022e-09,-19.43917679663833,-0.07206341396621975,4,3,hbo,True,S4_D3 hbo,mild_master_44,-0.11657910261144895,
1082,az_itd=15_az=0,7.0,2.415633660870374e-17,0.002164688421309667,3.69913649460204e-09,-4.7171672936286,-0.017449445687004694,4,3,hbo,True,S4_D3 hbo,mild_master_44,-0.06453246884454004,
1083,az_itd=5_az=0,7.0,2.415633660870374e-17,9.765570718640318e-07,3.76088508204226e-09,-15.821866336453958,-0.059504221074836314,4,3,hbo,True,S4_D3 hbo,mild_master_44,-0.1348618191554578,
1084,constant,7.0,2.415633660870374e-17,0.42480345464481106,4.596259919517043e-09,0.847382432556585,0.0038947899112626856,4,3,hbo,False,S4_D3 hbo,mild_master_44,,
1092,Linear,7.0,1.9521251736926382e-17,0.10994083648944059,4.939010118820329e-13,1.8300280316358044,9.038526965974087e-07,4,4,hbo,False,S4_D4 hbo,mild_master_44,,
1093,ShortHbO,7.0,1.9521251736926382e-17,2.4874831142673673e-15,0.0032320401617515508,270.5636253942067,874472.5035831778,4,4,hbo,True,S4_D4 hbo,mild_master_44,,
1094,az_itd=0_az=15,7.0,1.9521251736926382e-17,2.5628923225249826e-05,3.3091839261113895e-09,-9.729332640439738,-0.03219615118553406,4,4,hbo,True,S4_D4 hbo,mild_master_44,-0.03280449812695906,
1095,az_itd=0_az=5,7.0,1.9521251736926382e-17,7.5294699465170786e-06,3.332539131746524e-09,-11.701176472128152,-0.03899462848083881,4,4,hbo,True,S4_D4 hbo,mild_master_44,-0.1263463005029699,
1096,az_itd=15_az=0,7.0,1.9521251736926382e-17,0.0023738964595538307,3.3253598685898004e-09,-4.638461475411978,-0.015424553642334827,4,4,hbo,True,S4_D4 hbo,mild_master_44,-0.05655377483010798,
1097,az_itd=5_az=0,7.0,1.9521251736926382e-17,0.00014412458747007557,3.380869113765114e-09,-7.442550043785675,-0.025162287570686184,4,4,hbo,True,S4_D4 hbo,mild_master_44,-0.08853071429820734,
1098,constant,7.0,1.9521251736926382e-17,0.6010640563410454,4.131834092706024e-09,0.5474746065708643,0.0022620742443203146,4,4,hbo,False,S4_D4 hbo,mild_master_44,,
1106,Linear,7.0,1.7783361353337883e-17,0.2107713185462328,4.714037267895075e-13,1.3775507550590809,6.493825597765508e-07,5,1,hbo,False,S5_D1 hbo,mild_master_44,,
1107,ShortHbO,7.0,1.7783361353337883e-17,1.7107603867444532e-15,0.0030848201172484157,285.4274279093689,880492.271629293,5,1,hbo,True,S5_D1 hbo,mild_master_44,,
1108,az_itd=0_az=15,7.0,1.7783361353337883e-17,0.0005263084827811403,3.158449968459341e-09,-6.0299915506311255,-0.01904542662290097,5,1,hbo,True,S5_D1 hbo,mild_master_44,-0.10577091329153328,
1109,az_itd=0_az=5,7.0,1.7783361353337883e-17,1.0727830038005651e-05,3.180741340032735e-09,-11.097311917709819,-0.03529767877989757,5,1,hbo,True,S5_D1 hbo,mild_master_44,-0.1231602804174821,
1110,az_itd=15_az=0,7.0,1.7783361353337883e-17,0.0024127125654988288,3.1738890936791877e-09,-4.624703436967637,-0.01467829580009224,5,1,hbo,True,S5_D1 hbo,mild_master_44,-0.07132189300544271,
1111,az_itd=5_az=0,7.0,1.7783361353337883e-17,0.000872405831330978,3.226869882172015e-09,-5.536312707414668,-0.017864960733842597,5,1,hbo,True,S5_D1 hbo,mild_master_44,-0.1829088529328768,
1112,constant,7.0,1.7783361353337883e-17,0.5862103875493528,3.943628263395382e-09,0.5704474701312252,0.002249632765991893,5,1,hbo,False,S5_D1 hbo,mild_master_44,,
1120,Linear,7.0,2.932091158532536e-17,0.6901008291534259,6.053057774512033e-13,0.4156658043849665,2.5160491288312193e-07,5,2,hbo,False,S5_D2 hbo,mild_master_44,,
1121,ShortHbO,7.0,2.932091158532536e-17,1.4750529944028282e-15,0.003961062107177481,291.53705186435883,1154796.3689781479,5,2,hbo,True,S5_D2 hbo,mild_master_44,,
1122,az_itd=0_az=15,7.0,2.932091158532536e-17,0.79440708833869,4.055606489833044e-09,0.2707308943341779,0.0010979779720599958,5,2,hbo,False,S5_D2 hbo,mild_master_44,-0.09413814846808244,
1123,az_itd=0_az=5,7.0,2.932091158532536e-17,0.00044737593853219886,4.08422971708791e-09,-6.195118958566956,-0.02530228895147387,5,2,hbo,True,S5_D2 hbo,mild_master_44,-0.14906327598071045,
1124,az_itd=15_az=0,7.0,2.932091158532536e-17,0.33422043707662263,4.07543109274404e-09,1.0370096911055224,0.004226261538608338,5,2,hbo,False,S5_D2 hbo,mild_master_44,-0.07854010360614391,
1125,az_itd=5_az=0,7.0,2.932091158532536e-17,0.33221391243528986,4.143461054210485e-09,-1.0416362479186871,-0.004315979225905017,5,2,hbo,False,S5_D2 hbo,mild_master_44,-0.18990615000811978,
1126,constant,7.0,2.932091158532536e-17,0.6489428711557184,5.0638143830775765e-09,0.4754527321525478,0.002407604383547602,5,2,hbo,False,S5_D2 hbo,mild_master_44,,
1134,Linear,7.0,2.026779058306093e-17,0.019330387943361067,5.032563797251631e-13,3.022046068398304,1.5208639637447928e-06,5,3,hbo,True,S5_D3 hbo,mild_master_44,,
1135,ShortHbO,7.0,2.026779058306093e-17,1.2469341952031135e-15,0.003293260778574619,298.61934875084523,983431.3889646542,5,3,hbo,True,S5_D3 hbo,mild_master_44,,
1136,az_itd=0_az=15,7.0,2.026779058306093e-17,2.0398518751279811e-07,3.3718657836993627e-09,-19.87691777573289,-0.06702229893339938,5,3,hbo,True,S5_D3 hbo,mild_master_44,-0.08442642906501327,
1137,az_itd=0_az=5,7.0,2.026779058306093e-17,3.7657436347086624e-07,3.3956633786686193e-09,-18.182705477645055,-0.061742347115556616,5,3,hbo,True,S5_D3 hbo,mild_master_44,-0.09860076384420023,
1138,az_itd=15_az=0,7.0,2.026779058306093e-17,7.998949381018873e-05,3.3883481274372455e-09,-8.165022727527909,-0.027665939469301744,5,3,hbo,True,S5_D3 hbo,mild_master_44,-0.07686928236051346,
1139,az_itd=5_az=0,7.0,2.026779058306093e-17,4.866746918723782e-07,3.444908816919852e-09,-17.516026788420408,-0.06034111512083378,5,3,hbo,True,S5_D3 hbo,mild_master_44,-0.1142518054729896,
1140,constant,7.0,2.026779058306093e-17,0.5233352440795813,4.210098414653361e-09,0.6716686632676963,0.00282779117439567,5,3,hbo,False,S5_D3 hbo,mild_master_44,,
1148,Linear,7.0,1.2684125539630886e-17,0.8586538063158129,3.981221592418587e-13,-0.18476323324195296,-7.355833736679348e-08,6,1,hbo,False,S6_D1 hbo,mild_master_44,,
1149,ShortHbO,7.0,1.2684125539630886e-17,8.667611791911862e-16,0.0026052726700229356,314.5450679030446,819475.6688983105,6,1,hbo,True,S6_D1 hbo,mild_master_44,,
1150,az_itd=0_az=15,7.0,1.2684125539630886e-17,0.03082838060638893,2.6674564706228823e-09,2.6957427342607527,0.007190776399638466,6,1,hbo,True,S6_D1 hbo,mild_master_44,-0.06606453690729872,
1151,az_itd=0_az=5,7.0,1.2684125539630886e-17,0.023267021370359298,2.686282560615219e-09,-2.8914808493819253,-0.007767334580047547,6,1,hbo,True,S6_D1 hbo,mild_master_44,-0.10402587001374218,
1152,az_itd=15_az=0,7.0,1.2684125539630886e-17,0.010220586051159136,2.6804955229680823e-09,3.483303298469231,0.009336978896686728,6,1,hbo,True,S6_D1 hbo,mild_master_44,-0.04766097795083224,
1153,az_itd=5_az=0,7.0,1.2684125539630886e-17,0.014581761154020656,2.725240239045643e-09,3.2235358366855436,0.008784909574141108,6,1,hbo,True,S6_D1 hbo,mild_master_44,-0.13688891889928254,
1154,constant,7.0,1.2684125539630886e-17,0.5346532069323497,3.3305757045303377e-09,0.6529242779782365,0.0021746137371323267,6,1,hbo,False,S6_D1 hbo,mild_master_44,,
1162,Linear,7.0,1.6288192529541304e-17,0.513282034487499,4.5115163126171875e-13,-0.688533404420726,-3.1063296858259523e-07,6,2,hbo,False,S6_D2 hbo,mild_master_44,,
1163,ShortHbO,7.0,1.6288192529541304e-17,3.336187302125626e-15,0.002952292374784352,259.4507300653756,765974.4120042415,6,2,hbo,True,S6_D2 hbo,mild_master_44,,
1164,az_itd=0_az=15,7.0,1.6288192529541304e-17,0.0008127541389802325,3.0227589952109643e-09,5.603752218914373,0.016938792426656822,6,2,hbo,True,S6_D2 hbo,mild_master_44,-0.04190430047157099,
1165,az_itd=0_az=5,7.0,1.6288192529541304e-17,0.046005304027694115,3.0440927014947257e-09,-2.4212849615350662,-0.0073706158796478325,6,2,hbo,True,S6_D2 hbo,mild_master_44,-0.08836248666309415,
1166,az_itd=15_az=0,7.0,1.6288192529541304e-17,0.005921790183967533,3.037534836241381e-09,3.896990841363395,0.011837245437154921,6,2,hbo,True,S6_D2 hbo,mild_master_44,-0.02575353000285498,
1167,az_itd=5_az=0,7.0,1.6288192529541304e-17,7.829131481743156e-05,3.0882395035906574e-09,8.192405227015882,0.02530010945149304,6,2,hbo,True,S6_D2 hbo,mild_master_44,-0.10992493010084198,
1168,constant,7.0,1.6288192529541304e-17,0.5805449769334576,3.774205045508873e-09,0.5792963461469303,0.0021863831924725987,6,2,hbo,False,S6_D2 hbo,mild_master_44,,
1204,Linear,7.0,1.3472090633466919e-17,0.20070565283623712,4.1030195178847636e-13,1.4124213216852668,5.795192250351243e-07,7,7,hbo,False,S7_D7 hbo,mild_master_44,,
1205,ShortHbO,7.0,1.3472090633466919e-17,3.2866116630541563e-15,0.0026849760472694535,260.00628412608853,698110.6450180836,7,7,hbo,True,S7_D7 hbo,mild_master_44,,
1206,az_itd=0_az=15,7.0,1.3472090633466919e-17,0.0002217959011386917,2.749062243336434e-09,-6.94695652091429,-0.019097615877745305,7,7,hbo,True,S7_D7 hbo,mild_master_44,-0.07918620050985255,
1207,az_itd=0_az=5,7.0,1.3472090633466919e-17,0.013115083345044593,2.7684642818542364e-09,-3.300312104059909,-0.00913679617906106,7,7,hbo,True,S7_D7 hbo,mild_master_44,-0.08037502018128875,
1208,az_itd=15_az=0,7.0,1.3472090633466919e-17,0.9049908738119375,2.7625002007636105e-09,0.12375101786104366,0.00034186221168583424,7,7,hbo,False,S7_D7 hbo,mild_master_44,-0.028302056678886807,
1209,az_itd=5_az=0,7.0,1.3472090633466919e-17,1.1715401978526798e-06,2.8086137965850666e-09,-15.40550316664438,-0.04326810873717234,7,7,hbo,True,S7_D7 hbo,mild_master_44,-0.08862648458989825,
1210,constant,7.0,1.3472090633466919e-17,0.6771574156619187,3.4324683528050114e-09,0.43427913700693355,0.0014906493940597713,7,7,hbo,False,S7_D7 hbo,mild_master_44,,
1218,Linear,7.0,1.446294472074643e-17,0.6665704272631534,4.2512284953719294e-13,-0.4496289794030084,-1.9114755295830674e-07,7,8,hbo,False,S7_D8 hbo,mild_master_44,,
1219,ShortHbO,7.0,1.446294472074643e-17,2.870413385684752e-15,0.0027819625599605964,265.0850079755628,737456.5673948718,7,8,hbo,True,S7_D8 hbo,mild_master_44,,
1220,az_itd=0_az=15,7.0,1.446294472074643e-17,0.3676569575190308,2.8483636730170593e-09,-0.9629348131373727,-0.002742788541223963,7,8,hbo,False,S7_D8 hbo,mild_master_44,-0.05407528086356694,
1221,az_itd=0_az=5,7.0,1.446294472074643e-17,0.002500032566817587,2.868466550582143e-09,4.594627202864369,0.013179534443811237,7,8,hbo,True,S7_D8 hbo,mild_master_44,-0.08439110276405716,
1222,az_itd=15_az=0,7.0,1.446294472074643e-17,0.0003775176477764907,2.862287035381043e-09,6.371156131184713,0.01823607759467845,7,8,hbo,True,S7_D8 hbo,mild_master_44,0.0008595142448276144,
1223,az_itd=5_az=0,7.0,1.446294472074643e-17,0.30956632909681875,2.9100663432117073e-09,1.0954644138781366,0.0031878741210129057,7,8,hbo,False,S7_D8 hbo,mild_master_44,-0.041978353105613146,
1224,constant,7.0,1.446294472074643e-17,0.6435153441555839,3.5564557290796802e-09,0.48347422576814275,0.0017194546800954743,7,8,hbo,False,S7_D8 hbo,mild_master_44,,
1176,Linear,7.0,1.393568774944852e-17,0.6527395636236284,4.173018291209634e-13,0.46986159141770245,1.9607410153229401e-07,7,17,hbo,False,S7_D17 hbo,mild_master_44,,
1177,ShortHbO,7.0,1.393568774944852e-17,6.333330364827693e-14,0.0027307825633964868,170.3736652693364,465253.4343794534,7,17,hbo,True,S7_D17 hbo,mild_master_44,,
1178,az_itd=0_az=15,7.0,1.393568774944852e-17,0.06786906917958252,2.7959620896541214e-09,-2.1573891824086764,-0.0060319783666445605,7,17,hbo,False,S7_D17 hbo,mild_master_44,-0.044326846928452894,
1179,az_itd=0_az=5,7.0,1.393568774944852e-17,0.16121009159740257,2.8156951329088817e-09,-1.5665191438341801,-0.004410840328902489,7,17,hbo,False,S7_D17 hbo,mild_master_44,-0.006600982160681418,
1180,az_itd=15_az=0,7.0,1.393568774944852e-17,0.010754868000121416,2.8096293027628256e-09,-3.445625630564087,-0.009680930737983495,7,17,hbo,True,S7_D17 hbo,mild_master_44,-0.05144978461143479,
1181,az_itd=5_az=0,7.0,1.393568774944852e-17,0.13402997176559303,2.856529610693993e-09,-1.6943241140824057,-0.004839887001989259,7,17,hbo,False,S7_D17 hbo,mild_master_44,-0.01380177514293771,
1182,constant,7.0,1.393568774944852e-17,0.5942094954354764,3.4910273172762937e-09,0.5580358873035083,0.0019481185265970624,7,17,hbo,False,S7_D17 hbo,mild_master_44,,
1190,Linear,7.0,1.0416291824313558e-17,0.5023582994938385,3.607801661847905e-13,0.7070994519413025,2.5510745778055743e-07,7,18,hbo,False,S7_D18 hbo,mild_master_44,,
1191,ShortHbO,7.0,1.0416291824313558e-17,3.317886946342389e-14,0.0023609103010931902,186.86174348350806,441163.8150704475,7,18,hbo,True,S7_D18 hbo,mild_master_44,,
1192,az_itd=0_az=15,7.0,1.0416291824313558e-17,0.001381892009995266,2.4172615525713113e-09,-5.111392501087033,-0.012355572572978998,7,18,hbo,True,S7_D18 hbo,mild_master_44,-0.047727916628663984,
1193,az_itd=0_az=5,7.0,1.0416291824313558e-17,0.02040521142946755,2.434321843535721e-09,-2.9837828872455945,-0.007263487858790031,7,18,hbo,True,S7_D18 hbo,mild_master_44,-0.022438853518220704,
1194,az_itd=15_az=0,7.0,1.0416291824313558e-17,0.0007087558500891403,2.4290776029035803e-09,-5.735708864499605,-0.013932481939531517,7,18,hbo,True,S7_D18 hbo,mild_master_44,-0.05049303824279603,
1195,az_itd=5_az=0,7.0,1.0416291824313558e-17,0.7257639403484955,2.469625474273249e-09,0.36517634591727033,0.0009018488064793109,7,18,hbo,False,S7_D18 hbo,mild_master_44,-0.008357337858597361,
1196,constant,7.0,1.0416291824313558e-17,0.6326641043715169,3.0181833095140708e-09,0.49961601612308687,0.0015079327210286136,7,18,hbo,False,S7_D18 hbo,mild_master_44,,
1274,Linear,7.0,2.1470592457634683e-17,0.6454810841974179,5.179741652582765e-13,-0.4805650564331002,-2.489202839582316e-07,8,6,hbo,False,S8_D6 hbo,mild_master_44,,
1275,ShortHbO,7.0,2.1470592457634683e-17,1.7530928777437288e-15,0.0033895725349603906,284.4323918929736,964104.2236135139,8,6,hbo,True,S8_D6 hbo,mild_master_44,,
1276,az_itd=0_az=15,7.0,2.1470592457634683e-17,3.862667822286395e-05,3.4704763516926244e-09,9.138237072861203,0.03171403565752563,8,6,hbo,True,S8_D6 hbo,mild_master_44,0.023815172913639833,
1277,az_itd=0_az=5,7.0,2.1470592457634683e-17,0.10891617243461356,3.494969909819174e-09,1.836414539085478,0.006418213556058193,8,6,hbo,False,S8_D6 hbo,mild_master_44,-0.03573490477845831,
1278,az_itd=15_az=0,7.0,2.1470592457634683e-17,3.888435319887468e-06,3.4874407232993828e-09,12.909583512302998,0.04502140726163975,8,6,hbo,True,S8_D6 hbo,mild_master_44,0.02224092790293042,
1279,az_itd=5_az=0,7.0,2.1470592457634683e-17,0.8882198106695691,3.545655536069735e-09,-0.14575948991699306,-0.0005168129423588872,8,6,hbo,False,S8_D6 hbo,mild_master_44,-0.0036295961918121882,
1280,constant,7.0,2.1470592457634683e-17,0.4685097553993097,4.333223183730323e-09,0.7663660929226769,0.003320835321077371,8,6,hbo,False,S8_D6 hbo,mild_master_44,,
1288,Linear,7.0,1.9801953985909605e-17,0.4423366705011117,4.974393170596716e-13,0.8142123546638518,4.050212376455336e-07,8,7,hbo,False,S8_D7 hbo,mild_master_44,,
1289,ShortHbO,7.0,1.9801953985909605e-17,8.432846136283348e-16,0.003255194486532309,315.78143741517675,1027929.9940231307,8,7,hbo,True,S8_D7 hbo,mild_master_44,,
1290,az_itd=0_az=15,7.0,1.9801953985909605e-17,0.16378020654940187,3.3328909085589477e-09,-1.555494495708161,-0.0051842934630592155,8,7,hbo,False,S8_D7 hbo,mild_master_44,-0.01290021575033387,
1291,az_itd=0_az=5,7.0,1.9801953985909605e-17,2.699922848723546e-06,3.3564134308082127e-09,-13.625179883439882,-0.0457317367579555,8,7,hbo,True,S8_D7 hbo,mild_master_44,-0.059682440757314575,
1292,az_itd=15_az=0,7.0,1.9801953985909605e-17,0.0024624809566481842,3.349182735434531e-09,4.607416906352226,0.015431081157704052,8,7,hbo,True,S8_D7 hbo,mild_master_44,0.008831853577247568,
1293,az_itd=5_az=0,7.0,1.9801953985909605e-17,0.012659268960591344,3.4050896486544234e-09,-3.3260620640062073,-0.011325539504929705,8,7,hbo,True,S8_D7 hbo,mild_master_44,-0.05819597199108484,
1294,constant,7.0,1.9801953985909605e-17,0.712086147307478,4.1614345381630136e-09,0.3844097415027379,0.0015996959750958096,8,7,hbo,False,S8_D7 hbo,mild_master_44,,
1302,Linear,7.0,3.1187909203853146e-17,0.2288947794208642,6.242797036707401e-13,1.3183161748013914,8.229980309493561e-07,8,8,hbo,False,S8_D8 hbo,mild_master_44,,
1303,ShortHbO,7.0,3.1187909203853146e-17,7.050269246223943e-15,0.004085225634063109,233.1459793422316,952453.9312876327,8,8,hbo,True,S8_D8 hbo,mild_master_44,,
1304,az_itd=0_az=15,7.0,3.1187909203853146e-17,0.0001147992369929956,4.182733606705424e-09,-7.715234127927811,-0.032270769070484276,8,8,hbo,True,S8_D8 hbo,mild_master_44,-0.09743275590482461,
1305,az_itd=0_az=5,7.0,3.1187909203853146e-17,0.00014603503318928664,4.212254058177092e-09,-7.427006932440045,-0.03128444009127997,8,8,hbo,True,S8_D8 hbo,mild_master_44,-0.1482676960723585,
1306,az_itd=15_az=0,7.0,3.1187909203853146e-17,0.00329497070698651,4.20317963199e-09,4.364771882735933,0.01834592027579832,8,8,hbo,True,S8_D8 hbo,mild_master_44,-0.025763674941112348,
1307,az_itd=5_az=0,7.0,3.1187909203853146e-17,0.002286282339542149,4.273342061900769e-09,-4.670451309402913,-0.01995843602853099,8,8,hbo,True,S8_D8 hbo,mild_master_44,-0.09647621371098682,
1308,constant,7.0,3.1187909203853146e-17,0.2701556470081145,5.222544803425643e-09,1.1973041357913783,0.006252974492497293,8,8,hbo,False,S8_D8 hbo,mild_master_44,,
1232,Linear,7.0,1.417982825597984e-17,0.11908944946778902,4.2094133137455034e-13,1.7754202417273812,7.473477603020498e-07,8,16,hbo,False,S8_D16 hbo,mild_master_44,,
1233,ShortHbO,7.0,1.417982825597984e-17,4.229990006873465e-15,0.0027545991119950707,250.79940425435876,690851.8162479495,8,16,hbo,True,S8_D16 hbo,mild_master_44,,
1234,az_itd=0_az=15,7.0,1.417982825597984e-17,3.4580738491642774e-05,2.8203471021705418e-09,-9.294507224719858,-0.026213736517341813,8,16,hbo,True,S8_D16 hbo,mild_master_44,-0.06525998622474004,
1235,az_itd=0_az=5,7.0,1.417982825597984e-17,1.7599334140682943e-06,2.8402522473677904e-09,-14.511968772795349,-0.041217651920663186,8,16,hbo,True,S8_D16 hbo,mild_master_44,-0.040044425715347456,
1236,az_itd=15_az=0,7.0,1.417982825597984e-17,0.3734941272038448,2.8341335140208717e-09,-0.9505408972918139,-0.002693959813462201,8,16,hbo,False,S8_D16 hbo,mild_master_44,-0.02863985461381874,
1237,az_itd=5_az=0,7.0,1.417982825597984e-17,2.3151763712097163e-07,2.881442863476657e-09,-19.514982845797046,-0.05623130805189128,8,16,hbo,True,S8_D16 hbo,mild_master_44,-0.08987665721829804,
1238,constant,7.0,1.417982825597984e-17,0.9153138469618892,3.5214743484223697e-09,0.1102389760792236,0.0003882037264593331,8,16,hbo,False,S8_D16 hbo,mild_master_44,,
1246,Linear,7.0,2.1439548669689206e-17,0.5229731015960336,5.175995669150242e-13,0.6722725999953525,3.4796800660643173e-07,8,17,hbo,False,S8_D17 hbo,mild_master_44,,
1247,ShortHbO,7.0,2.1439548669689206e-17,9.200563787873842e-15,0.0033871211998531725,224.44525690858723,760223.2878815676,8,17,hbo,True,S8_D17 hbo,mild_master_44,,
1248,az_itd=0_az=15,7.0,2.1439548669689206e-17,0.013896050749177064,3.4679665070346534e-09,-3.258348514715572,-0.011299843517279714,8,17,hbo,True,S8_D17 hbo,mild_master_44,-0.0069747203737475115,
1249,az_itd=0_az=5,7.0,2.1439548669689206e-17,0.001815887043057435,3.4924423514470643e-09,-4.869214762784087,-0.01700545185583842,8,17,hbo,True,S8_D17 hbo,mild_master_44,-0.01920750146716364,
1250,az_itd=15_az=0,7.0,2.1439548669689206e-17,7.285371197232179e-05,3.4849186100266346e-09,8.28482020575494,0.028871924115760082,8,17,hbo,True,S8_D17 hbo,mild_master_44,-0.0030427019869659695,
1251,az_itd=5_az=0,7.0,2.1439548669689206e-17,0.1599759782706993,3.5430913219087975e-09,-1.5718707149745095,-0.005569281489388761,8,17,hbo,False,S8_D17 hbo,mild_master_44,-0.020060616801059594,
1252,constant,7.0,2.1439548669689206e-17,0.3226682117114151,4.330089401517926e-09,1.0639548690969185,0.0046070197023699595,8,17,hbo,False,S8_D17 hbo,mild_master_44,,
1260,Linear,7.0,2.6977825904766204e-17,0.1962580105789504,5.806167477723602e-13,1.4283283620254652,8.29311368310248e-07,8,18,hbo,False,S8_D18 hbo,mild_master_44,,
1261,ShortHbO,7.0,2.6977825904766204e-17,1.7901715714508228e-13,0.003799499499373479,146.86567440819022,558016.0563890671,8,18,hbo,True,S8_D18 hbo,mild_master_44,,
1262,az_itd=0_az=15,7.0,2.6977825904766204e-17,0.003460044443146351,3.890187634234448e-09,-4.324740757341482,-0.016824053015479557,8,18,hbo,True,S8_D18 hbo,mild_master_44,-0.050814722615525554,
1263,az_itd=0_az=5,7.0,2.6977825904766204e-17,0.0005751166825508256,3.9176433859199e-09,-5.941212315253366,-0.023275551131198207,8,18,hbo,True,S8_D18 hbo,mild_master_44,-0.061047287048415125,
1264,az_itd=15_az=0,7.0,2.6977825904766204e-17,0.006754880283480453,3.90920363721484e-09,-3.795432032151516,-0.01483711670488842,8,18,hbo,True,S8_D18 hbo,mild_master_44,-0.061622223802721046,
1265,az_itd=5_az=0,7.0,2.6977825904766204e-17,0.007018760230661621,3.974458813109655e-09,-3.7660866201393772,-0.014968156158347302,8,18,hbo,True,S8_D18 hbo,mild_master_44,-0.03759672323944898,
1266,constant,7.0,2.6977825904766204e-17,0.25974009204409426,4.857273047691044e-09,1.2262783653786775,0.005956368853120481,8,18,hbo,False,S8_D18 hbo,mild_master_44,,
1358,Linear,7.0,1.1459302361083622e-17,0.19034911347433653,3.7841223895801224e-13,1.449969137632036,5.486860677913569e-07,9,5,hbo,False,S9_D5 hbo,mild_master_44,,
1359,ShortHbO,7.0,1.1459302361083622e-17,3.63005647026242e-16,0.002476292869597808,356.19178297970683,882035.1724019779,9,5,hbo,True,S9_D5 hbo,mild_master_44,,
1360,az_itd=0_az=15,7.0,1.1459302361083622e-17,0.1769955238404645,2.535398123263553e-09,-1.501200664670186,-0.003806141347846788,9,5,hbo,False,S9_D5 hbo,mild_master_44,-0.014797167809957148,
1361,az_itd=0_az=5,7.0,1.1459302361083622e-17,5.633376675501115e-07,2.5532921859261074e-09,-17.146371879438004,-0.043779697336752195,9,5,hbo,True,S9_D5 hbo,mild_master_44,-0.05963376546766314,
1362,az_itd=15_az=0,7.0,1.1459302361083622e-17,0.30377224525790264,2.5477916484097896e-09,-1.1097433406383483,-0.002827394815156764,9,5,hbo,False,S9_D5 hbo,mild_master_44,-0.01437536257796283,
1363,az_itd=5_az=0,7.0,1.1459302361083622e-17,0.00015763286222237021,2.5903211781016152e-09,-7.337315561036394,-0.019006003888167103,9,5,hbo,True,S9_D5 hbo,mild_master_44,-0.05163852441567168,
1364,constant,7.0,1.1459302361083622e-17,0.5154948564804698,3.165688169104988e-09,0.6848034143104237,0.0021678740668452097,9,5,hbo,False,S9_D5 hbo,mild_master_44,,
1372,Linear,7.0,1.422210618780952e-17,0.12890560146397845,4.21568394093486e-13,1.721125028191213,7.255719141686756e-07,9,6,hbo,False,S9_D6 hbo,mild_master_44,,
1373,ShortHbO,7.0,1.422210618780952e-17,2.8866854109405357e-16,0.002758702549410221,368.04493565501383,1015326.5022890074,9,6,hbo,True,S9_D6 hbo,mild_master_44,,
1374,az_itd=0_az=15,7.0,1.422210618780952e-17,0.003965713050396922,2.8245484822451816e-09,-4.214060192421354,-0.011902817320593574,9,6,hbo,True,S9_D6 hbo,mild_master_44,-0.004741868738203007,
1375,az_itd=0_az=5,7.0,1.422210618780952e-17,2.364214600274559e-06,2.844483279494956e-09,-13.894722738620898,-0.039523306503225504,9,6,hbo,True,S9_D6 hbo,mild_master_44,-0.07534534198265269,
1376,az_itd=15_az=0,7.0,1.422210618780952e-17,0.01613092847171541,2.8383554312684023e-09,-3.1509383480201985,-0.008943482973695018,9,6,hbo,True,S9_D6 hbo,mild_master_44,-0.007079617945396986,
1377,az_itd=5_az=0,7.0,1.422210618780952e-17,3.0407231667297108e-06,2.885735255935552e-09,-13.388023326593615,-0.03863429092083877,9,6,hbo,True,S9_D6 hbo,mild_master_44,-0.04503410134853923,
1378,constant,7.0,1.422210618780952e-17,0.3936694617971111,3.5267201751326463e-09,0.9087981149471762,0.003205076647106724,9,6,hbo,False,S9_D6 hbo,mild_master_44,,
1386,Linear,7.0,1.8017394842405715e-17,0.5841845537963224,4.744954835159952e-13,-0.5736060096417983,-2.721734608926657e-07,9,7,hbo,False,S9_D7 hbo,mild_master_44,,
1387,ShortHbO,7.0,1.8017394842405715e-17,1.222690294752986e-15,0.0031050522724171124,299.45818057527384,929833.3040891481,9,7,hbo,True,S9_D7 hbo,mild_master_44,,
1388,az_itd=0_az=15,7.0,1.8017394842405715e-17,0.00045775167996771706,3.1791650336578376e-09,6.1716228673375495,0.019620607620762662,9,7,hbo,True,S9_D7 hbo,mild_master_44,0.0019233376583030165,
1389,az_itd=0_az=5,7.0,1.8017394842405715e-17,0.0012839395713428543,3.2016026058106673e-09,-5.177840404043006,-0.016577387330055846,9,7,hbo,True,S9_D7 hbo,mild_master_44,-0.06341390785571047,
1390,az_itd=15_az=0,7.0,1.8017394842405715e-17,8.314080212108357e-06,3.1947054181943527e-09,11.529147992665742,0.036832231559333795,9,7,hbo,True,S9_D7 hbo,mild_master_44,0.014847508362706895,
1391,az_itd=5_az=0,7.0,1.8017394842405715e-17,0.006981966345895611,3.2480336874131234e-09,3.770105696774886,0.012245430308232956,9,7,hbo,True,S9_D7 hbo,mild_master_44,-0.013332401527192575,
1392,constant,7.0,1.8017394842405715e-17,0.5667750443722037,3.969493012690341e-09,0.6010137017761241,0.002385719689731481,9,7,hbo,False,S9_D7 hbo,mild_master_44,,
1316,Linear,7.0,1.3670137550459866e-17,0.027826110826732624,4.133067776949396e-13,2.766698536859356,1.1434952571226444e-06,9,15,hbo,True,S9_D15 hbo,mild_master_44,,
1317,ShortHbO,7.0,1.3670137550459866e-17,1.0985305119802492e-15,0.0027046393356108837,304.07457811443527,822412.064927586,9,15,hbo,True,S9_D15 hbo,mild_master_44,,
1318,az_itd=0_az=15,7.0,1.3670137550459866e-17,0.00013595952634308362,2.7691948637425776e-09,-7.5117023707023485,-0.020801367622911886,9,15,hbo,True,S9_D15 hbo,mild_master_44,-0.057560795138628155,
1319,az_itd=0_az=5,7.0,1.3670137550459866e-17,7.042002878930175e-08,2.788738992123035e-09,-23.186124955626607,-0.0646600507399929,9,15,hbo,True,S9_D15 hbo,mild_master_44,-0.04128142650778618,
1320,az_itd=15_az=0,7.0,1.3670137550459866e-17,0.00693230845632585,2.782731233381617e-09,-3.7755666071603633,-0.010506387121457806,9,15,hbo,True,S9_D15 hbo,mild_master_44,0.004675452539401913,
1321,az_itd=5_az=0,7.0,1.3670137550459866e-17,1.0640808665485846e-07,2.8291825398251176e-09,-21.842508691462893,-0.0617964442158652,9,15,hbo,True,S9_D15 hbo,mild_master_44,-0.07884962508293872,
1322,constant,7.0,1.3670137550459866e-17,0.3934150452985826,3.457605863812858e-09,0.9093144320210009,0.003144050912205472,9,15,hbo,False,S9_D15 hbo,mild_master_44,,
1330,Linear,7.0,1.2048211268166784e-17,0.054630481197812115,3.8801397892304633e-13,2.3044650652139897,8.941646592428375e-07,9,16,hbo,False,S9_D16 hbo,mild_master_44,,
1331,ShortHbO,7.0,1.2048211268166784e-17,1.1559301649497945e-15,0.002539125721612894,301.8700133289666,766485.9154272062,9,16,hbo,True,S9_D16 hbo,mild_master_44,,
1332,az_itd=0_az=15,7.0,1.2048211268166784e-17,0.00037273556848196936,2.5997306975863233e-09,-6.384521125313634,-0.016598035558866228,9,16,hbo,True,S9_D16 hbo,mild_master_44,-0.051581117682246456,
1333,az_itd=0_az=5,7.0,1.2048211268166784e-17,1.97250159763174e-07,2.618078799835644e-09,-19.973982888105326,-0.05229346114762848,9,16,hbo,True,S9_D16 hbo,mild_master_44,-0.051915722282219454,
1334,az_itd=15_az=0,7.0,1.2048211268166784e-17,0.3473213716610148,2.6124386930203916e-09,1.007327800634461,0.0026315821229325968,9,16,hbo,False,S9_D16 hbo,mild_master_44,0.023474815649846475,
1335,az_itd=5_az=0,7.0,1.2048211268166784e-17,1.605855054244698e-07,2.6560473566378553e-09,-20.578620593813373,-0.054657790831451336,9,16,hbo,True,S9_D16 hbo,mild_master_44,-0.06045730032486812,
1336,constant,7.0,1.2048211268166784e-17,0.47954568672846654,3.2460135695038468e-09,0.7467385840811126,0.0024239235767993805,9,16,hbo,False,S9_D16 hbo,mild_master_44,,
1344,Linear,7.0,5.995192897883004e-18,0.16798408174282867,2.737081098703274e-13,1.5378006030635927,4.209084964219856e-07,9,17,hbo,False,S9_D17 hbo,mild_master_44,,
1345,ShortHbO,7.0,5.995192897883004e-18,9.0196653910868e-16,0.0017911192372881742,312.7609937116781,560192.2325103523,9,17,hbo,True,S9_D17 hbo,mild_master_44,,
1346,az_itd=0_az=15,7.0,5.995192897883004e-18,0.0011618611118692887,1.8338704635931257e-09,-5.2690202511907875,-0.009662700610732817,9,17,hbo,True,S9_D17 hbo,mild_master_44,-0.021023930101511757,
1347,az_itd=0_az=5,7.0,5.995192897883004e-18,4.634105522764229e-06,1.8468133591050555e-09,-12.578020132951288,-0.023229255612626783,9,17,hbo,True,S9_D17 hbo,mild_master_44,-0.028354697374679497,
1348,az_itd=15_az=0,7.0,5.995192897883004e-18,0.12599487391332306,1.8428347834358123e-09,1.7368020673407094,0.003200639261638687,9,17,hbo,False,S9_D17 hbo,mild_master_44,-0.005447124272641869,
1349,az_itd=5_az=0,7.0,5.995192897883004e-18,3.014746780523491e-06,1.8735966774424046e-09,-13.405009999112051,-0.02511558219541855,9,17,hbo,True,S9_D17 hbo,mild_master_44,-0.0462585395634664,
1350,constant,7.0,5.995192897883004e-18,0.5750640212735363,2.2897634801413647e-09,0.5879044513425489,0.0013461621424967144,9,17,hbo,False,S9_D17 hbo,mild_master_44,,
56,Linear,7.0,8.338439544012112e-17,0.21637090931662756,1.0207713615788026e-12,1.3587861140843724,1.387009951768275e-06,10,6,hbo,False,S10_D6 hbo,mild_master_44,,
57,ShortHbO,7.0,8.338439544012112e-17,2.313928566335736e-13,0.0066798284620168055,141.57721135870946,945711.4860068765,10,6,hbo,True,S10_D6 hbo,mild_master_44,,
58,az_itd=0_az=15,7.0,8.338439544012112e-17,0.0006221029629832483,6.839265562748471e-09,-5.863374752089449,-0.04010117702345421,10,6,hbo,True,S10_D6 hbo,mild_master_44,-0.04348004538786434,
59,az_itd=0_az=5,7.0,8.338439544012112e-17,5.353367709982177e-07,6.887535002337761e-09,-17.27434734931508,-0.11897767201094815,10,6,hbo,True,S10_D6 hbo,mild_master_44,-0.13962536596428085,
60,az_itd=15_az=0,7.0,8.338439544012112e-17,4.6944849018028675e-05,6.872697239200375e-09,-8.868299307249588,-0.060949136165336835,10,6,hbo,True,S10_D6 hbo,mild_master_44,-0.057083531282120153,
61,az_itd=5_az=0,7.0,8.338439544012112e-17,0.10310587126672635,6.987421134099683e-09,-1.8737661472754785,-0.013092793177833217,10,6,hbo,False,S10_D6 hbo,mild_master_44,-0.05127022833431368,
62,constant,7.0,8.338439544012112e-17,0.6742529396116654,8.539480201827613e-09,0.43847879040263193,0.0037443809495645948,10,6,hbo,False,S10_D6 hbo,mild_master_44,,
0,Linear,7.0,2.0615307523222568e-17,0.06038724283542031,5.075525262975804e-13,2.2365187723416216,1.135150753013953e-06,10,14,hbo,False,S10_D14 hbo,mild_master_44,,
1,ShortHbO,7.0,2.0615307523222568e-17,3.1132032337072814e-16,0.003321374343699568,364.0942070967614,1209293.1581408207,10,14,hbo,True,S10_D14 hbo,mild_master_44,,
2,az_itd=0_az=15,7.0,2.0615307523222568e-17,2.4565045312542526e-05,3.4006503758334994e-09,-9.792286555980617,-0.03330014295686481,10,14,hbo,True,S10_D14 hbo,mild_master_44,-0.05048082354208216,
3,az_itd=0_az=5,7.0,2.0615307523222568e-17,2.3119984944522284e-07,3.4246511236293825e-09,-19.518874999351315,-0.06684533719850995,10,14,hbo,True,S10_D14 hbo,mild_master_44,-0.03530567225468524,
4,az_itd=15_az=0,7.0,2.0615307523222568e-17,0.0032603953736956254,3.4172734243242828e-09,-4.373436010500251,-0.014945226651665327,10,14,hbo,True,S10_D14 hbo,mild_master_44,-0.019593424661804488,
5,az_itd=5_az=0,7.0,2.0615307523222568e-17,3.5301396240503346e-06,3.474316955201542e-09,-13.095730378516484,-0.04549871809482773,10,14,hbo,True,S10_D14 hbo,mild_master_44,-0.11108023890070134,
6,constant,7.0,2.0615307523222568e-17,0.3570894486909987,4.246038743683129e-09,0.9857605472450378,0.004185577475596714,10,14,hbo,False,S10_D14 hbo,mild_master_44,,
14,Linear,7.0,1.4332651237081022e-17,0.028793121238584882,4.232035981685556e-13,2.7430033116131236,1.1608488712629378e-06,10,15,hbo,True,S10_D15 hbo,mild_master_44,,
15,ShortHbO,7.0,1.4332651237081022e-17,7.103839297200296e-16,0.002769403165760744,323.6140695864698,896217.8287974871,10,15,hbo,True,S10_D15 hbo,mild_master_44,,
16,az_itd=0_az=15,7.0,1.4332651237081022e-17,6.231133416097953e-06,2.8355045056404616e-09,-12.036176218502716,-0.03412863189824702,10,15,hbo,True,S10_D15 hbo,mild_master_44,-0.045203216602789205,
17,az_itd=0_az=5,7.0,1.4332651237081022e-17,1.2639661772584472e-07,2.85551662714451e-09,-21.304913581474388,-0.060836534971777004,10,15,hbo,True,S10_D15 hbo,mild_master_44,-0.05606134848158048,
18,az_itd=15_az=0,7.0,1.4332651237081022e-17,0.0027621787476495084,2.8493650098628468e-09,-4.510859943279039,-0.0128530864867712,10,15,hbo,True,S10_D15 hbo,mild_master_44,-0.03994888407407453,
19,az_itd=5_az=0,7.0,1.4332651237081022e-17,1.919928264583447e-07,2.896928614157353e-09,-20.052416732192103,-0.058090419814495,10,15,hbo,True,S10_D15 hbo,mild_master_44,-0.07996074633753394,
20,constant,7.0,1.4332651237081022e-17,0.37332491367938747,3.540399823044601e-09,0.9508981046936272,0.003366559481590765,10,15,hbo,False,S10_D15 hbo,mild_master_44,,
28,Linear,7.0,1.747816317321853e-17,0.009353934139482553,4.673411035249731e-13,3.54918655864062,1.658680762931109e-06,10,16,hbo,True,S10_D16 hbo,mild_master_44,,
29,ShortHbO,7.0,1.747816317321853e-17,1.3120942175298507e-15,0.0030582347059268087,296.4541330563338,906626.3184283238,10,16,hbo,True,S10_D16 hbo,mild_master_44,,
30,az_itd=0_az=15,7.0,1.747816317321853e-17,8.011323003534026e-07,3.1312300047795444e-09,-16.28689974055521,-0.05099802915246266,10,16,hbo,True,S10_D16 hbo,mild_master_44,-0.07397147282734043,
31,az_itd=0_az=5,7.0,1.747816317321853e-17,1.8346810354220554e-08,3.153329266194266e-09,-28.149828983908527,-0.08876567957332235,10,16,hbo,True,S10_D16 hbo,mild_master_44,-0.06562175177743725,
32,az_itd=15_az=0,7.0,1.747816317321853e-17,0.0008884437184913747,3.146536073458389e-09,-5.519056296411993,-0.01736590972810799,10,16,hbo,True,S10_D16 hbo,mild_master_44,-0.01967433545064252,
33,az_itd=5_az=0,7.0,1.747816317321853e-17,4.430297466469721e-08,3.1990602661042333e-09,-24.790837261946212,-0.07930738244814839,10,16,hbo,True,S10_D16 hbo,mild_master_44,-0.10436431863379726,
34,constant,7.0,1.747816317321853e-17,0.442740488555204,3.909641523327246e-09,0.8134594228625772,0.0031803347371653482,10,16,hbo,False,S10_D16 hbo,mild_master_44,,
42,Linear,7.0,1.0396281398792128e-17,0.010005987805504126,3.6043345761865957e-13,3.4990390236225304,1.2611707336268873e-06,10,21,hbo,True,S10_D21 hbo,mild_master_44,,
43,ShortHbO,7.0,1.0396281398792128e-17,1.6451310004866126e-15,0.0023586414739735846,287.02706181350214,676993.9321461059,10,21,hbo,True,S10_D21 hbo,mild_master_44,,
44,az_itd=0_az=15,7.0,1.0396281398792128e-17,9.05084169491465e-07,2.4149385720823387e-09,-15.998853403072934,-0.03863624819217162,10,21,hbo,True,S10_D21 hbo,mild_master_44,-0.06054794408465658,
45,az_itd=0_az=5,7.0,1.0396281398792128e-17,2.5769588058304857e-08,2.431982468162627e-09,-26.805499141041555,-0.06519050396136142,10,21,hbo,True,S10_D21 hbo,mild_master_44,-0.01669152631727878,
46,az_itd=15_az=0,7.0,1.0396281398792128e-17,0.00014823682088542408,2.426743267228675e-09,-7.409375350282444,-0.017980651745668028,10,21,hbo,True,S10_D21 hbo,mild_master_44,-0.029290465220147905,
47,az_itd=5_az=0,7.0,1.0396281398792128e-17,2.9688502891082736e-08,2.4672521722258546e-09,-26.264150846856406,-0.064800283228574,10,21,hbo,True,S10_D21 hbo,mild_master_44,-0.08739182197961494,
48,constant,7.0,1.0396281398792128e-17,0.34886252221646713,3.0152828451713994e-09,1.0038940114952604,0.003027024391231958,10,21,hbo,False,S10_D21 hbo,mild_master_44,,
126,Linear,7.0,1.0755347493346243e-17,0.05026797518423855,3.66604936143091e-13,2.360990643036492,8.655508239248286e-07,11,3,hbo,False,S11_D3 hbo,mild_master_44,,
127,ShortHbO,7.0,1.0755347493346243e-17,7.716582543743869e-16,0.002399027028909669,319.81141498734974,767236.2287084989,11,3,hbo,True,S11_D3 hbo,mild_master_44,,
128,az_itd=0_az=15,7.0,1.0755347493346243e-17,9.074926430334667e-05,2.456288067309265e-09,-8.005511136056462,-0.019663841476206926,11,3,hbo,True,S11_D3 hbo,mild_master_44,-0.05637932290113389,
129,az_itd=0_az=5,7.0,1.0755347493346243e-17,4.125663832276665e-07,2.473623795450114e-09,-17.942683699538776,-0.044383449353414005,11,3,hbo,True,S11_D3 hbo,mild_master_44,-0.0763589531869509,
130,az_itd=15_az=0,7.0,1.0755347493346243e-17,0.003023535645908053,2.468294886928352e-09,-4.435651619479568,-0.010948496212556882,11,3,hbo,True,S11_D3 hbo,mild_master_44,-0.05280123541930749,
131,az_itd=5_az=0,7.0,1.0755347493346243e-17,4.911740207469525e-07,2.5094974007788555e-09,-17.492548377705457,-0.04389750468685023,11,3,hbo,True,S11_D3 hbo,mild_master_44,-0.11357869227718881,
132,constant,7.0,1.0755347493346243e-17,0.5297678591090123,3.0669116630037046e-09,0.6609845469647657,0.00202718121615146,11,3,hbo,False,S11_D3 hbo,mild_master_44,,
140,Linear,7.0,1.1100620036012562e-17,0.4015416691367744,3.724429034843784e-13,0.8929427635478169,3.325701955011137e-07,11,4,hbo,False,S11_D4 hbo,mild_master_44,,
141,ShortHbO,7.0,1.1100620036012562e-17,2.312856128976599e-16,0.002437230119116218,379.88450363435817,925865.9540431721,11,4,hbo,True,S11_D4 hbo,mild_master_44,,
142,az_itd=0_az=15,7.0,1.1100620036012562e-17,0.6079787920737428,2.4954030057730192e-09,0.5368879867869651,0.0013397518959916178,11,4,hbo,False,S11_D4 hbo,mild_master_44,-0.02756094884256702,
143,az_itd=0_az=5,7.0,1.1100620036012562e-17,3.1810377687672394e-06,2.5130147951578564e-09,-13.29903552330841,-0.03342067303140394,11,4,hbo,True,S11_D4 hbo,mild_master_44,-0.08047326825369298,
144,az_itd=15_az=0,7.0,1.1100620036012562e-17,0.000858185575273696,2.5076010269115034e-09,-5.551912016582915,-0.013921980274105634,11,4,hbo,True,S11_D4 hbo,mild_master_44,-0.03444489970047923,
145,az_itd=5_az=0,7.0,1.1100620036012562e-17,0.4313774466040231,2.549459666488978e-09,0.8348336410608609,0.0021283746961128017,11,4,hbo,False,S11_D4 hbo,mild_master_44,-0.0713554580846917,
146,constant,7.0,1.1100620036012562e-17,0.44772867751784295,3.115750422011142e-09,0.804198163927806,0.0025056807686386472,11,4,hbo,False,S11_D4 hbo,mild_master_44,,
70,Linear,7.0,9.78503507603708e-18,0.03304337149177397,3.496771697393709e-13,2.64787692630333,9.259021094079332e-07,11,11,hbo,True,S11_D11 hbo,mild_master_44,,
71,ShortHbO,7.0,9.78503507603708e-18,4.624874669742436e-16,0.002288253372753161,344.07766166736354,787336.8697993655,11,11,hbo,True,S11_D11 hbo,mild_master_44,,
72,az_itd=0_az=15,7.0,9.78503507603708e-18,5.452515225046838e-05,2.3428704165239323e-09,-8.665776283107816,-0.020302790889908023,11,11,hbo,True,S11_D11 hbo,mild_master_44,-0.05674110160891611,
73,az_itd=0_az=5,7.0,9.78503507603708e-18,2.3967841583647506e-07,2.3594056776566337e-09,-19.417069125020696,-0.04581274313702516,11,11,hbo,True,S11_D11 hbo,mild_master_44,-0.06595217340942731,
74,az_itd=15_az=0,7.0,9.78503507603708e-18,1.98406532085915e-05,2.354322828338526e-09,-10.114935170041168,-0.023813822777992155,11,11,hbo,True,S11_D11 hbo,mild_master_44,-0.057179752184727706,
75,az_itd=5_az=0,7.0,9.78503507603708e-18,2.2712940675033078e-07,2.3936228404468406e-09,-19.56927474508871,-0.04684146300082386,11,11,hbo,True,S11_D11 hbo,mild_master_44,-0.09567859811531994,
76,constant,7.0,9.78503507603708e-18,0.34264786137041026,2.9252988283311575e-09,1.0178139118420289,0.002977409843770639,11,11,hbo,False,S11_D11 hbo,mild_master_44,,
84,Linear,7.0,1.6126838783015794e-17,0.025189534646677936,4.489114752585767e-13,2.8359737839943144,1.2731011751675358e-06,11,12,hbo,True,S11_D12 hbo,mild_master_44,,
85,ShortHbO,7.0,1.6126838783015794e-17,6.827886386466632e-16,0.0029376330118825542,325.45103758711946,956055.7117673521,11,12,hbo,True,S11_D12 hbo,mild_master_44,,
86,az_itd=0_az=15,7.0,1.6126838783015794e-17,5.836738835196965e-06,3.0077497361504658e-09,-12.153938379144495,-0.03655600495306088,11,12,hbo,True,S11_D12 hbo,mild_master_44,-0.06111765636331427,
87,az_itd=0_az=5,7.0,1.6126838783015794e-17,4.587303526453267e-08,3.0289775116852526e-09,-24.66655939319208,-0.07471445369262746,11,12,hbo,True,S11_D12 hbo,mild_master_44,-0.03602480639844173,
88,az_itd=15_az=0,7.0,1.6126838783015794e-17,0.0015217045277311205,3.022452208967865e-09,-5.025103726853406,-0.015188135859520727,11,12,hbo,True,S11_D12 hbo,mild_master_44,-0.09323171967646679,
89,az_itd=5_az=0,7.0,1.6126838783015794e-17,1.6602116433813985e-07,3.0729051064972423e-09,-20.479554816385374,-0.0629317285740608,11,12,hbo,True,S11_D12 hbo,mild_master_44,-0.14836472165706294,
90,constant,7.0,1.6126838783015794e-17,0.38641751209963787,3.755464543416172e-09,0.9236137384216091,0.0034685986464544115,11,12,hbo,False,S11_D12 hbo,mild_master_44,,
98,Linear,7.0,3.266737102865442e-17,0.1156308872643598,6.389151371469102e-13,1.795574459203834,1.1472197018597067e-06,11,13,hbo,False,S11_D13 hbo,mild_master_44,,
99,ShortHbO,7.0,3.266737102865442e-17,4.860014908001679e-16,0.004180998486601671,341.6484938679316,1428431.8358115626,11,13,hbo,True,S11_D13 hbo,mild_master_44,,
100,az_itd=0_az=15,7.0,3.266737102865442e-17,0.00018681043490244637,4.280792408056053e-09,-7.141086126497783,-0.03056950727558612,11,13,hbo,True,S11_D13 hbo,mild_master_44,-0.06939602022037361,
101,az_itd=0_az=5,7.0,3.266737102865442e-17,4.01613299212551e-07,4.311004928485209e-09,-18.013117013938302,-0.07765463622446879,11,13,hbo,True,S11_D13 hbo,mild_master_44,-0.01989079319332297,
102,az_itd=15_az=0,7.0,3.266737102865442e-17,0.08201009891941702,4.301717764065534e-09,-2.0291952806400375,-0.008729025385487197,11,13,hbo,False,S11_D13 hbo,mild_master_44,-0.07220471883980926,
103,az_itd=5_az=0,7.0,3.266737102865442e-17,0.0001379712234634373,4.373525061764649e-09,-7.494238140006742,-0.032776238324151975,11,13,hbo,True,S11_D13 hbo,mild_master_44,-0.20016825020395826,
104,constant,7.0,3.266737102865442e-17,0.4716890408770479,5.344980638833112e-09,0.7606800099231645,0.004065819925386694,11,13,hbo,False,S11_D13 hbo,mild_master_44,,
112,Linear,7.0,1.2973166162183968e-17,0.016636087406149427,4.0263272953268857e-13,3.1288654126947115,1.2597836214536937e-06,11,20,hbo,True,S11_D20 hbo,mild_master_44,,
113,ShortHbO,7.0,1.2973166162183968e-17,9.236178340308422e-16,0.0026347894030962576,311.7028640234427,821271.4030437205,11,20,hbo,True,S11_D20 hbo,mild_master_44,,
114,az_itd=0_az=15,7.0,1.2973166162183968e-17,2.6919038639784693e-06,2.6976777221387118e-09,-13.631164231185009,-0.03677248807328186,11,20,hbo,True,S11_D20 hbo,mild_master_44,-0.07958780573535881,
115,az_itd=0_az=5,7.0,1.2973166162183968e-17,2.6492541510432722e-08,2.7167171044591466e-09,-26.69884013389867,-0.07253319566098285,11,20,hbo,True,S11_D20 hbo,mild_master_44,-0.036320388500493996,
116,az_itd=15_az=0,7.0,1.2973166162183968e-17,0.0002903672304356049,2.7108645019106917e-09,-6.650582574865481,-0.01802882821922864,11,20,hbo,True,S11_D20 hbo,mild_master_44,-0.05552036429966649,
117,az_itd=5_az=0,7.0,1.2973166162183968e-17,6.464835221301618e-08,2.7561161583389114e-09,-23.47438860991819,-0.06469814175492242,11,20,hbo,True,S11_D20 hbo,mild_master_44,-0.1383294023799565,
118,constant,7.0,1.2973166162183968e-17,0.35532916673953624,3.368309840838706e-09,0.9896130779581858,0.003333323469109239,11,20,hbo,False,S11_D20 hbo,mild_master_44,,
196,Linear,7.0,1.5963655680397097e-17,0.9646747790633006,4.466344939132041e-13,-0.04589633587496062,-2.0498886745983472e-08,12,2,hbo,False,S12_D2 hbo,mild_master_44,,
197,ShortHbO,7.0,1.5963655680397097e-17,1.8228504725211974e-15,0.0029227326675245616,282.8511781010371,826698.3782837089,12,2,hbo,True,S12_D2 hbo,mild_master_44,,
198,az_itd=0_az=15,7.0,1.5963655680397097e-17,0.01757825955815208,2.992493743781772e-09,3.089543188204217,0.00924543866184471,12,2,hbo,True,S12_D2 hbo,mild_master_44,-0.0007999492157230564,
199,az_itd=0_az=5,7.0,1.5963655680397097e-17,8.448495193588405e-05,3.013613847199537e-09,-8.095594041328209,-0.02439699430425275,12,2,hbo,True,S12_D2 hbo,mild_master_44,-0.04947220116226176,
200,az_itd=15_az=0,7.0,1.5963655680397097e-17,1.4279846340553799e-05,3.007121642305171e-09,10.630215149286347,0.03196635003777926,12,2,hbo,True,S12_D2 hbo,mild_master_44,0.004260612686283664,
201,az_itd=5_az=0,7.0,1.5963655680397097e-17,0.02235885041385169,3.0573186312360252e-09,-2.919408334655085,-0.00892556149372673,12,2,hbo,True,S12_D2 hbo,mild_master_44,-0.05641979366417473,
202,constant,7.0,1.5963655680397097e-17,0.6137643447960179,3.7364159710809665e-09,0.5280806928208414,0.0019731291346752936,12,2,hbo,False,S12_D2 hbo,mild_master_44,,
210,Linear,7.0,1.6275880938449282e-17,0.11862342550543149,4.5098109532357423e-13,1.7781029681351284,8.018908241676787e-07,12,3,hbo,False,S12_D3 hbo,mild_master_44,,
211,ShortHbO,7.0,1.6275880938449282e-17,1.0723042120871762e-15,0.002951176404199467,305.12610996478185,900480.9760332361,12,3,hbo,True,S12_D3 hbo,mild_master_44,,
212,az_itd=0_az=15,7.0,1.6275880938449282e-17,0.03256047137638277,3.02161638814648e-09,-2.658021128692427,-0.008031520202496643,12,3,hbo,True,S12_D3 hbo,mild_master_44,-0.0034244568974228415,
213,az_itd=0_az=5,7.0,1.6275880938449282e-17,3.404196494568706e-07,3.0429420302598757e-09,-18.4517148271056,-0.056147498577768976,12,3,hbo,True,S12_D3 hbo,mild_master_44,-0.07575623773045237,
214,az_itd=15_az=0,7.0,1.6275880938449282e-17,0.8228088037864153,3.0363866438886315e-09,-0.23248972787428265,-0.0007059287045587743,12,3,hbo,False,S12_D3 hbo,mild_master_44,-0.026342836831108447,
215,az_itd=5_az=0,7.0,1.6275880938449282e-17,6.815772161304425e-07,3.0870721448037966e-09,-16.67610595996596,-0.0514803421928075,12,3,hbo,True,S12_D3 hbo,mild_master_44,-0.1058733801425293,
216,constant,7.0,1.6275880938449282e-17,0.598299445876555,3.772778390802149e-09,0.5517261110100754,0.00208154034926012,12,3,hbo,False,S12_D3 hbo,mild_master_44,,
224,Linear,7.0,1.4318396675320914e-17,0.6252072898794897,4.229930969011258e-13,-0.5107920244256414,-2.1606150028419753e-07,12,4,hbo,False,S12_D4 hbo,mild_master_44,,
225,ShortHbO,7.0,1.4318396675320914e-17,7.196231471748498e-16,0.0027680256659499206,323.01718903691426,894119.869797176,12,4,hbo,True,S12_D4 hbo,mild_master_44,,
226,az_itd=0_az=15,7.0,1.4318396675320914e-17,3.990370376315258e-06,2.83409412705478e-09,12.860173053513936,0.03644694092387198,12,4,hbo,True,S12_D4 hbo,mild_master_44,-0.02338279511069773,
227,az_itd=0_az=5,7.0,1.4318396675320914e-17,0.006763325977573232,2.8540962945391583e-09,-3.7944736196378974,-0.01082979309753511,12,4,hbo,True,S12_D4 hbo,mild_master_44,-0.0683409729058454,
228,az_itd=15_az=0,7.0,1.4318396675320914e-17,0.004116461194917745,2.8479477370689907e-09,4.184044545490148,0.01191594019512452,12,4,hbo,True,S12_D4 hbo,mild_master_44,-0.02463819318020642,
229,az_itd=5_az=0,7.0,1.4318396675320914e-17,0.5263442608276463,2.8954876832494573e-09,0.6666607218553926,0.0019303079090384817,12,4,hbo,False,S12_D4 hbo,mild_master_44,-0.09014465227705946,
230,constant,7.0,1.4318396675320914e-17,0.6827838989731148,3.538638829864996e-09,0.42616776790424654,0.0015080538115428601,12,4,hbo,False,S12_D4 hbo,mild_master_44,,
154,Linear,7.0,6.881546569523589e-18,0.2113759567774463,2.9324398425917553e-13,1.375503498388415,4.033581262298532e-07,12,10,hbo,False,S12_D10 hbo,mild_master_44,,
155,ShortHbO,7.0,6.881546569523589e-18,7.983824935168671e-16,0.0019189600983123092,318.2596245947063,610727.5205010963,12,10,hbo,True,S12_D10 hbo,mild_master_44,,
156,az_itd=0_az=15,7.0,6.881546569523589e-18,0.16616891888533145,1.964762686841999e-09,1.5453899953013526,0.003036324599387029,12,10,hbo,False,S12_D10 hbo,mild_master_44,-0.032631467871903845,
157,az_itd=0_az=5,7.0,6.881546569523589e-18,4.1968753920782233e-07,1.978629379537245e-09,-17.898025470021913,-0.035413559030691266,12,10,hbo,True,S12_D10 hbo,mild_master_44,-0.051967615932555646,
158,az_itd=15_az=0,7.0,6.881546569523589e-18,0.0028259479540972865,1.9743668336394336e-09,4.491807245039276,0.008868475247706863,12,10,hbo,True,S12_D10 hbo,mild_master_44,-0.04066011812935955,
159,az_itd=5_az=0,7.0,6.881546569523589e-18,3.4566895066250423e-06,2.0073243531156562e-09,-13.136547368224905,-0.026369311448095234,12,10,hbo,True,S12_D10 hbo,mild_master_44,-0.060656565557593724,
160,constant,7.0,6.881546569523589e-18,0.5238057047299094,2.453194997568473e-09,0.6708844793831936,0.00164581044876918,12,10,hbo,False,S12_D10 hbo,mild_master_44,,
168,Linear,7.0,7.785269691808836e-18,0.05748156917079814,3.1190541584153887e-13,2.2699518939270242,7.080102894155972e-07,12,11,hbo,False,S12_D11 hbo,mild_master_44,,
169,ShortHbO,7.0,7.785269691808836e-18,4.494782480062321e-16,0.0020410786907001763,345.48305787660235,705158.1074298688,12,11,hbo,True,S12_D11 hbo,mild_master_44,,
170,az_itd=0_az=15,7.0,7.785269691808836e-18,0.005550254479827265,2.0897960598153954e-09,-3.9474291630054363,-0.008249321911249144,12,11,hbo,True,S12_D11 hbo,mild_master_44,-0.03879871043847013,
171,az_itd=0_az=5,7.0,7.785269691808836e-18,2.3026814936018855e-07,2.1045451997248945e-09,-19.530321402681107,-0.041102444157096886,12,11,hbo,True,S12_D11 hbo,mild_master_44,-0.05288477309445612,
172,az_itd=15_az=0,7.0,7.785269691808836e-18,0.0008836227369774429,2.1000113943540553e-09,-5.524206801353983,-0.011600897227611533,12,11,hbo,True,S12_D11 hbo,mild_master_44,-0.04467618955720971,
173,az_itd=5_az=0,7.0,7.785269691808836e-18,2.834915476656708e-07,2.135066261185532e-09,-18.94924608513625,-0.04045789599127643,12,11,hbo,True,S12_D11 hbo,mild_master_44,-0.08156690290952756,
174,constant,7.0,7.785269691808836e-18,0.37164265014393766,2.6093111774825294e-09,0.9544560406116733,0.0024904728151837583,12,11,hbo,False,S12_D11 hbo,mild_master_44,,
182,Linear,7.0,1.0052738588853033e-17,0.03947501728376611,3.544282085516194e-13,2.5257905716275184,8.952114274785121e-07,12,12,hbo,True,S12_D12 hbo,mild_master_44,,
183,ShortHbO,7.0,1.0052738588853033e-17,7.564503822199577e-16,0.0023193437084313862,320.7221635088146,743864.9320886716,12,12,hbo,True,S12_D12 hbo,mild_master_44,,
184,az_itd=0_az=15,7.0,1.0052738588853033e-17,0.001541921249835755,2.3747028300877648e-09,-5.013358488201212,-0.011905236590175937,12,12,hbo,True,S12_D12 hbo,mild_master_44,-0.06380618212171765,
185,az_itd=0_az=5,7.0,1.0052738588853033e-17,1.2521320871560267e-07,2.3914627546363556e-09,-21.333954804205735,-0.05101935832335336,12,12,hbo,True,S12_D12 hbo,mild_master_44,-0.06209768488261942,
186,az_itd=15_az=0,7.0,1.0052738588853033e-17,0.00028531229213031714,2.3863108450064034e-09,-6.669603338253406,-0.015915746777965013,12,12,hbo,True,S12_D12 hbo,mild_master_44,-0.054983702552573614,
187,az_itd=5_az=0,7.0,1.0052738588853033e-17,1.2370807272997538e-07,2.4261448235815233e-09,-21.371347030808227,-0.05184998297175973,12,12,hbo,True,S12_D12 hbo,mild_master_44,-0.10533233070669923,
188,constant,7.0,1.0052738588853033e-17,0.40568290765562764,2.9650446552639977e-09,0.8846936680685077,0.00262315623205243,12,12,hbo,False,S12_D12 hbo,mild_master_44,,
238,Linear,7.0,1.6394634498777768e-17,0.25146896423200177,4.5262334978443e-13,1.2499968956990313,5.657777821514343e-07,13,1,hbo,False,S13_D1 hbo,mild_master_44,,
239,ShortHbO,7.0,1.6394634498777768e-17,2.4197130068992788e-15,0.0029619231575885234,271.6334873264185,804557.5164886476,13,1,hbo,True,S13_D1 hbo,mild_master_44,,
240,az_itd=0_az=15,7.0,1.6394634498777768e-17,0.0012385627849676004,3.0326196497995395e-09,-5.210559990384681,-0.015801646613299886,13,1,hbo,True,S13_D1 hbo,mild_master_44,-0.029666879232990342,
241,az_itd=0_az=5,7.0,1.6394634498777768e-17,1.503321477800587e-05,3.0540229495603497e-09,-10.548149518541013,-0.03221429070501821,13,1,hbo,True,S13_D1 hbo,mild_master_44,-0.07911216651450335,
242,az_itd=15_az=0,7.0,1.6394634498777768e-17,0.5043410677068497,3.047443691650758e-09,-0.7037103320201842,-0.002144517612064371,13,1,hbo,False,S13_D1 hbo,mild_master_44,-0.026356805376464038,
243,az_itd=5_az=0,7.0,1.6394634498777768e-17,1.104720264573283e-05,3.0983137645820053e-09,-11.048564072952244,-0.034231918146094165,13,1,hbo,True,S13_D1 hbo,mild_master_44,-0.09407711054989906,
244,constant,7.0,1.6394634498777768e-17,0.4396818349964038,3.786517020217801e-09,0.8191744327327833,0.0031018179320699457,13,1,hbo,False,S13_D1 hbo,mild_master_44,,
280,Linear,7.0,1.8492289873713852e-17,0.9584381416248655,4.807080901630431e-13,-0.05400762516255438,-2.596190234613303e-08,13,2,hbo,False,S13_D2 hbo,mild_master_44,,
281,ShortHbO,7.0,1.8492289873713852e-17,1.4470753549219295e-15,0.0031457069657855464,292.33573899146063,919602.5704935031,13,2,hbo,True,S13_D2 hbo,mild_master_44,,
282,az_itd=0_az=15,7.0,1.8492289873713852e-17,0.06083170340828349,3.2207900912322772e-09,2.231548649292522,0.007187349777744128,13,2,hbo,False,S13_D2 hbo,mild_master_44,-0.0017391165769472746,
283,az_itd=0_az=5,7.0,1.8492289873713852e-17,2.1081802363722098e-05,3.243521440280236e-09,-10.022335334277413,-0.03250765953840698,13,2,hbo,True,S13_D2 hbo,mild_master_44,-0.09681409066794854,
284,az_itd=15_az=0,7.0,1.8492289873713852e-17,0.0003980742733380159,3.2365339472445454e-09,6.31579117734258,0.020441272549176853,13,2,hbo,True,S13_D2 hbo,mild_master_44,0.007565513485319584,
285,az_itd=5_az=0,7.0,1.8492289873713852e-17,0.014333707003569769,3.290560447682229e-09,3.235922983107811,0.010648000179960456,13,2,hbo,True,S13_D2 hbo,mild_master_44,-0.05859715339206026,
286,constant,7.0,1.8492289873713852e-17,0.4483703679930908,4.02146589659076e-09,0.8030120134058035,0.003229285426464121,13,2,hbo,False,S13_D2 hbo,mild_master_44,,
294,Linear,7.0,1.9264599304315528e-17,0.5107922824852047,4.90643528667104e-13,0.6927424926494925,3.398896210511924e-07,13,3,hbo,False,S13_D3 hbo,mild_master_44,,
295,ShortHbO,7.0,1.9264599304315528e-17,1.953771112153635e-15,0.003210723508568835,280.0621508509349,899202.1315974481,13,3,hbo,True,S13_D3 hbo,mild_master_44,,
296,az_itd=0_az=15,7.0,1.9264599304315528e-17,0.7181696865623324,3.2873584776205186e-09,-0.37583600723379956,-0.0012355076845750777,13,3,hbo,False,S13_D3 hbo,mild_master_44,-0.018641764310252825,
297,az_itd=0_az=5,7.0,1.9264599304315528e-17,6.243922228523027e-07,3.3105596459313567e-09,-16.890841096750854,-0.05591813692074232,13,3,hbo,True,S13_D3 hbo,mild_master_44,-0.07946613799282974,
298,az_itd=15_az=0,7.0,1.9264599304315528e-17,7.236505393086835e-05,3.3034277330101376e-09,8.293504780519061,0.027396993695818824,13,3,hbo,True,S13_D3 hbo,mild_master_44,-0.028038244775194544,
299,az_itd=5_az=0,7.0,1.9264599304315528e-17,0.002975976612910996,3.3585708715566293e-09,-4.448790730403316,-0.014941578960783719,13,3,hbo,True,S13_D3 hbo,mild_master_44,-0.095405249566671,
300,constant,7.0,1.9264599304315528e-17,0.5319936378228244,4.104582923180023e-09,0.6573065651693506,0.002697969302688233,13,3,hbo,False,S13_D3 hbo,mild_master_44,,
308,Linear,7.0,7.894486284853483e-18,0.23795518311157432,3.140855975724417e-13,1.2902254546648926,4.0524123293159803e-07,13,9,hbo,False,S13_D9 hbo,mild_master_44,,
309,ShortHbO,7.0,7.894486284853483e-18,7.425917532303025e-15,0.002055345587800355,231.42321766166884,475654.68933547224,13,9,hbo,True,S13_D9 hbo,mild_master_44,,
310,az_itd=0_az=15,7.0,7.894486284853483e-18,0.059157367933399936,2.1044034855269033e-09,-2.2504668205581844,-0.004735890221245291,13,9,hbo,False,S13_D9 hbo,mild_master_44,-0.030588587522686922,
311,az_itd=0_az=5,7.0,7.894486284853483e-18,3.771077682350008e-07,2.1192557201687928e-09,-18.178960076185017,-0.03852586512817521,13,9,hbo,True,S13_D9 hbo,mild_master_44,-0.03178196003636902,
312,az_itd=15_az=0,7.0,7.894486284853483e-18,0.8412387522576856,2.1146902240380662e-09,0.20788350940201072,0.00043960922507115755,13,9,hbo,False,S13_D9 hbo,mild_master_44,-0.024530976560631294,
313,az_itd=5_az=0,7.0,7.894486284853483e-18,0.00010383536626314637,2.1499901202161444e-09,-7.838103898504301,-0.01685184594301189,13,9,hbo,True,S13_D9 hbo,mild_master_44,-0.04267846972307392,
314,constant,7.0,7.894486284853483e-18,0.4763802976102145,2.6275499520290993e-09,0.7523368861801003,0.0019768027491922444,13,9,hbo,False,S13_D9 hbo,mild_master_44,,
252,Linear,7.0,1.0518597591456784e-17,0.2188517230641336,3.625475756003235e-13,1.3506092567126198,4.896601116045153e-07,13,10,hbo,False,S13_D10 hbo,mild_master_44,,
253,ShortHbO,7.0,1.0518597591456784e-17,1.1745282582369285e-15,0.0023724760563272065,301.18243392456725,714548.1130723867,13,10,hbo,True,S13_D10 hbo,mild_master_44,,
254,az_itd=0_az=15,7.0,1.0518597591456784e-17,0.41829519430266526,2.429103364367673e-09,0.8599435055521419,0.002088891662502839,13,10,hbo,False,S13_D10 hbo,mild_master_44,-0.023713629506056298,
255,az_itd=0_az=5,7.0,1.0518597591456784e-17,9.340283232183658e-08,2.44624723120933e-09,-22.258387343466804,-0.05444951841014046,13,10,hbo,True,S13_D10 hbo,mild_master_44,-0.06725946130229453,
256,az_itd=15_az=0,7.0,1.0518597591456784e-17,0.01268497431338017,2.440977299807188e-09,3.3245836131378295,0.008115233130980403,13,10,hbo,True,S13_D10 hbo,mild_master_44,-0.03825493479167902,
257,az_itd=5_az=0,7.0,1.0518597591456784e-17,1.865968228152747e-05,2.4817238092849224e-09,-10.209359869226079,-0.02533681146501636,13,10,hbo,True,S13_D10 hbo,mild_master_44,-0.06773734154790864,
258,constant,7.0,1.0518597591456784e-17,0.4203745793533923,3.032968949355224e-09,0.8559150635626184,0.0025959638110708244,13,10,hbo,False,S13_D10 hbo,mild_master_44,,
266,Linear,7.0,1.114242011211437e-17,0.03891564918238198,3.7314347306903567e-13,2.535558418797006,9.461270745593473e-07,13,11,hbo,True,S13_D11 hbo,mild_master_44,,
267,ShortHbO,7.0,1.114242011211437e-17,1.0473359673200365e-15,0.0024418145783079203,306.15487767016026,747573.4435150754,13,11,hbo,True,S13_D11 hbo,mild_master_44,,
268,az_itd=0_az=15,7.0,1.114242011211437e-17,0.0183071033547618,2.500096888864767e-09,-3.060633643252122,-0.007651880649449467,13,11,hbo,True,S13_D11 hbo,mild_master_44,-0.049099323444904475,
269,az_itd=0_az=5,7.0,1.114242011211437e-17,3.79065572279654e-08,2.5177418062374354e-09,-25.354844280792506,-0.06383695143639143,13,11,hbo,True,S13_D11 hbo,mild_master_44,-0.08211940411110791,
270,az_itd=15_az=0,7.0,1.114242011211437e-17,0.004422405053344171,2.512317854627844e-09,-4.126670878075193,-0.010367508927161071,13,11,hbo,True,S13_D11 hbo,mild_master_44,-0.08445086766958458,
271,az_itd=5_az=0,7.0,1.114242011211437e-17,2.0621342680419386e-07,2.5542552308102282e-09,-19.84560679063551,-0.05069074495358374,13,11,hbo,True,S13_D11 hbo,mild_master_44,-0.10537724541456582,
272,constant,7.0,1.114242011211437e-17,0.4586549644177763,3.121611186060135e-09,0.7841597748312987,0.0024478419247717788,13,11,hbo,False,S13_D11 hbo,mild_master_44,,
322,Linear,7.0,1.1412962783116533e-17,0.49400746232621073,3.776463447315635e-13,-0.7214697121105103,-2.7246039961306763e-07,14,1,hbo,False,S14_D1 hbo,mild_master_44,,
323,ShortHbO,7.0,1.1412962783116533e-17,1.8424769861951484e-15,0.002471280932306764,282.41873785469494,697936.0417864501,14,1,hbo,True,S14_D1 hbo,mild_master_44,,
324,az_itd=0_az=15,7.0,1.1412962783116533e-17,4.889001580798262e-05,2.5302665588360826e-09,8.812974535201263,0.022299174750293724,14,1,hbo,True,S14_D1 hbo,mild_master_44,-0.0379457037243951,
325,az_itd=0_az=5,7.0,1.1412962783116533e-17,0.30947380779221123,2.5481244044901207e-09,-1.0956907143156438,-0.0027919562489209042,14,1,hbo,False,S14_D1 hbo,mild_master_44,-0.067140815557156,
326,az_itd=15_az=0,7.0,1.1412962783116533e-17,0.0003919757506936335,2.5426349998851955e-09,6.331875369605048,0.016099647929668802,14,1,hbo,True,S14_D1 hbo,mild_master_44,-0.037338146012212865,
327,az_itd=5_az=0,7.0,1.1412962783116533e-17,0.003421979935685203,2.5850784511739168e-09,4.333782400522985,0.011203167495668739,14,1,hbo,True,S14_D1 hbo,mild_master_44,-0.13077265462637808,
328,constant,7.0,1.1412962783116533e-17,0.6489621545971882,3.159280917853996e-09,0.47542429322756863,0.0015019988974780804,14,1,hbo,False,S14_D1 hbo,mild_master_44,,
350,Linear,7.0,1.125273950674844e-17,0.7028643773058274,3.749861414911699e-13,-0.39746712218060143,-1.4904466251610314e-07,14,2,hbo,False,S14_D2 hbo,mild_master_44,,
351,ShortHbO,7.0,1.125273950674844e-17,5.8805575075969355e-15,0.00245387282115791,239.26793441930138,587133.081246117,14,2,hbo,True,S14_D2 hbo,mild_master_44,,
352,az_itd=0_az=15,7.0,1.125273950674844e-17,0.05696664428607879,2.512442943189386e-09,2.2760548207432287,0.005718457872688508,14,2,hbo,False,S14_D2 hbo,mild_master_44,0.0031838260056921853,
353,az_itd=0_az=5,7.0,1.125273950674844e-17,0.7247907434783967,2.530174995228477e-09,-0.3665397478344274,-0.0009274097047280196,14,2,hbo,False,S14_D2 hbo,mild_master_44,-0.0491505321518929,
354,az_itd=15_az=0,7.0,1.125273950674844e-17,0.04021614385506536,2.5247242588964516e-09,2.513066825491249,0.006344800778545653,14,2,hbo,True,S14_D2 hbo,mild_master_44,0.025747324297232782,
355,az_itd=5_az=0,7.0,1.125273950674844e-17,0.0034908144702165277,2.566868731502533e-09,4.317511387592407,0.011082484978717062,14,2,hbo,True,S14_D2 hbo,mild_master_44,-0.041474540566755196,
356,constant,7.0,1.125273950674844e-17,0.6449837715244509,3.1370264211476586e-09,0.48130062124180484,0.0015098527653503238,14,2,hbo,False,S14_D2 hbo,mild_master_44,,
364,Linear,7.0,8.495948128647645e-18,0.6309037280041954,3.2583070721256383e-13,-0.502248149764154,-1.6364786983385596e-07,14,9,hbo,False,S14_D9 hbo,mild_master_44,,
365,ShortHbO,7.0,8.495948128647645e-18,1.4577775195086497e-14,0.0021322044424044364,210.16134207019883,448106.94718375633,14,9,hbo,True,S14_D9 hbo,mild_master_44,,
366,az_itd=0_az=15,7.0,8.495948128647645e-18,6.669333968821411e-05,2.183096841273239e-09,8.39943648173054,0.018336783251741148,14,9,hbo,True,S14_D9 hbo,mild_master_44,0.0013230700647524176,
367,az_itd=0_az=5,7.0,8.495948128647645e-18,0.002600261474795743,2.1985044694945158e-09,-4.561502695954174,-0.010028484064666537,14,9,hbo,True,S14_D9 hbo,mild_master_44,-0.012731549118368766,
368,az_itd=15_az=0,7.0,8.495948128647645e-18,0.004915379757986485,2.193768248398903e-09,4.042803908519171,0.00886897484901234,14,9,hbo,True,S14_D9 hbo,mild_master_44,-0.020348838136716386,
369,az_itd=5_az=0,7.0,8.495948128647645e-18,3.703846757143983e-05,2.2303881705638486e-09,9.197265955796532,0.020513473189338192,14,9,hbo,True,S14_D9 hbo,mild_master_44,-0.020666454367978232,
370,constant,7.0,8.495948128647645e-18,0.8377325471886238,2.7258061678823633e-09,0.21255321145673994,0.0005793788547919859,14,9,hbo,False,S14_D9 hbo,mild_master_44,,
336,Linear,7.0,1.4537579411312897e-17,0.4099043673562426,4.2621834166160986e-13,0.8763479864846283,3.7351558551796917e-07,14,10,hbo,False,S14_D10 hbo,mild_master_44,,
337,ShortHbO,7.0,1.4537579411312897e-17,2.7143489587283002e-14,0.0027891313538237756,192.29992353052182,536349.7460568929,14,10,hbo,True,S14_D10 hbo,mild_master_44,,
338,az_itd=0_az=15,7.0,1.4537579411312897e-17,0.19796573007022356,2.8557035748234725e-09,1.4221829086507318,0.004061332816286739,14,10,hbo,False,S14_D10 hbo,mild_master_44,-0.032406856116054136,
339,az_itd=0_az=5,7.0,1.4537579411312897e-17,2.5728888576476893e-05,2.8758582551652705e-09,-9.723570065032645,-0.027963609241202038,14,10,hbo,True,S14_D10 hbo,mild_master_44,-0.010730106379802148,
340,az_itd=15_az=0,7.0,1.4537579411312897e-17,0.010010763271765167,2.8696628160724223e-09,-3.498684906814874,-0.010040045982240453,14,10,hbo,True,S14_D10 hbo,mild_master_44,-0.037645341532303686,
341,az_itd=5_az=0,7.0,1.4537579411312897e-17,0.08997535945018308,2.917565245620716e-09,-1.9663387755500725,-0.005736921672661286,14,10,hbo,False,S14_D10 hbo,mild_master_44,-0.02995093461089762,
342,constant,7.0,1.4537579411312897e-17,0.7142939951485139,3.5656203017350564e-09,0.3812945262424701,0.0013595515037106015,14,10,hbo,False,S14_D10 hbo,mild_master_44,,
378,Linear,7.0,1.3957190928650318e-17,0.7854340132994603,4.1762365956517983e-13,0.28290329261800645,1.1814710836617078e-07,15,17,hbo,False,S15_D17 hbo,mild_master_44,,
379,ShortHbO,7.0,1.3957190928650318e-17,1.1585996253474733e-10,0.002732888590507098,58.211346041363655,159085.12343450324,15,17,hbo,True,S15_D17 hbo,mild_master_44,,
380,az_itd=0_az=15,7.0,1.3957190928650318e-17,0.18682061646406073,2.798118384351466e-09,1.4631820730686291,0.004094156658306821,15,17,hbo,False,S15_D17 hbo,mild_master_44,-0.007240779766462853,
381,az_itd=0_az=5,7.0,1.3957190928650318e-17,0.7217596551526299,2.8178666460731326e-09,0.3707910710250304,0.001044839791703167,15,17,hbo,False,S15_D17 hbo,mild_master_44,0.034549694349761434,
382,az_itd=15_az=0,7.0,1.3957190928650318e-17,6.990262134647596e-05,2.8117961378531403e-09,-8.338300504818681,-0.023445601155708058,15,17,hbo,True,S15_D17 hbo,mild_master_44,-0.019033099678685463,
383,az_itd=5_az=0,7.0,1.3957190928650318e-17,0.8804071537161391,2.858732616119259e-09,0.156038742476521,0.00044607304249586426,15,17,hbo,False,S15_D17 hbo,mild_master_44,0.012562924582633849,
384,constant,7.0,1.3957190928650318e-17,0.7714042308432734,3.493719658392213e-09,0.30203154955360023,0.001055213562130075,15,17,hbo,False,S15_D17 hbo,mild_master_44,,
392,Linear,7.0,1.3773451842383294e-17,0.7895342291790787,4.1486565453052854e-13,0.2773353999443411,1.1505693222239497e-07,15,18,hbo,False,S15_D18 hbo,mild_master_44,,
393,ShortHbO,7.0,1.3773451842383294e-17,1.1917458572446857e-11,0.002714840473933417,80.59445741718075,218801.09497086558,15,18,hbo,True,S15_D18 hbo,mild_master_44,,
394,az_itd=0_az=15,7.0,1.3773451842383294e-17,0.8439368676067701,2.7796394873473386e-09,0.20429356142191588,0.0005678624503391764,15,18,hbo,False,S15_D18 hbo,mild_master_44,-0.00999879869426777,
395,az_itd=0_az=5,7.0,1.3773451842383294e-17,0.027718928162714023,2.79925733067913e-09,-2.7693778783869765,-0.007752201327495361,15,18,hbo,True,S15_D18 hbo,mild_master_44,0.007399725215121335,
396,az_itd=15_az=0,7.0,1.3773451842383294e-17,0.0002834320020252436,2.7932269123626917e-09,-6.676775336364622,-0.018649748557333125,15,18,hbo,True,S15_D18 hbo,mild_master_44,-0.024078617514634127,
397,az_itd=5_az=0,7.0,1.3773451842383294e-17,0.0006447599612668486,2.8398534200598505e-09,5.828158207095521,0.016551115017070104,15,18,hbo,True,S15_D18 hbo,mild_master_44,0.017250164091077488,
398,constant,7.0,1.3773451842383294e-17,0.8132033614746378,3.4706469799488066e-09,0.24537666334127753,0.0008516157755753199,15,18,hbo,False,S15_D18 hbo,mild_master_44,,
406,Linear,7.0,2.7144918230978277e-17,0.25697239588363135,5.824120526287509e-13,1.2341426670382454,7.187795639464656e-07,15,22,hbo,False,S15_D22 hbo,mild_master_44,,
407,ShortHbO,7.0,2.7144918230978277e-17,2.0865806994787078e-10,0.0038112477996580466,53.50993227586514,203939.6116462421,15,22,hbo,True,S15_D22 hbo,mild_master_44,,
408,az_itd=0_az=15,7.0,2.7144918230978277e-17,3.255971917556814e-05,3.902216348147381e-09,-9.38052903508037,-0.0366048537549618,15,22,hbo,True,S15_D22 hbo,mild_master_44,-0.02685112601111896,
409,az_itd=0_az=5,7.0,2.7144918230978277e-17,3.6520509945512645e-05,3.929756994807919e-09,-9.217139146536825,-0.03622111703322098,15,22,hbo,True,S15_D22 hbo,mild_master_44,0.019769450331267376,
410,az_itd=15_az=0,7.0,2.7144918230978277e-17,0.00021701614435722834,3.921291149849359e-09,-6.971362539838862,-0.02733674222986148,15,22,hbo,True,S15_D22 hbo,mild_master_44,-0.03361373360727392,
411,az_itd=5_az=0,7.0,2.7144918230978277e-17,0.04072593022897467,3.986748099004484e-09,2.504454528461948,0.009984629330388843,15,22,hbo,True,S15_D22 hbo,mild_master_44,0.03694086415842827,
412,constant,7.0,2.7144918230978277e-17,0.8803532069023469,4.8722920527831155e-09,0.15610978516677945,0.0007606124656297791,15,22,hbo,False,S15_D22 hbo,mild_master_44,,
420,Linear,7.0,9.869986887889083e-18,0.9202432955717379,3.5119180471226187e-13,0.1037949400156614,3.645193230410109e-08,16,16,hbo,False,S16_D16 hbo,mild_master_44,,
421,ShortHbO,7.0,9.869986887889083e-18,4.400101447423755e-15,0.0022981649966312395,249.3905911107176,573140.7269798251,16,16,hbo,True,S16_D16 hbo,mild_master_44,,
422,az_itd=0_az=15,7.0,9.869986887889083e-18,2.8623985501350265e-05,2.353018615425404e-09,9.566886480370718,0.022511061979973924,16,16,hbo,True,S16_D16 hbo,mild_master_44,-0.03827991039036163,
423,az_itd=0_az=5,7.0,9.869986887889083e-18,4.477645223948612e-06,2.369625499434761e-09,-12.642303962509905,-0.029957525841168595,16,16,hbo,True,S16_D16 hbo,mild_master_44,-0.04210800489390535,
424,az_itd=15_az=0,7.0,9.869986887889083e-18,0.00034269855930840005,2.3645206336340076e-09,6.473127551351106,0.015305843659314469,16,16,hbo,True,S16_D16 hbo,mild_master_44,-0.007381258595006324,
425,az_itd=5_az=0,7.0,9.869986887889083e-18,0.0217098779172942,2.4039908746789683e-09,-2.94010944757033,-0.007067996282516497,16,16,hbo,True,S16_D16 hbo,mild_master_44,-0.0538709807854554,
426,constant,7.0,9.869986887889083e-18,0.7209060688449693,2.9379698297432595e-09,0.37198964144264973,0.0010928943435355178,16,16,hbo,False,S16_D16 hbo,mild_master_44,,
434,Linear,7.0,1.5159157713219328e-17,0.9207361212878147,4.352348077269687e-13,0.10315096753279374,4.489489152098627e-08,16,17,hbo,False,S16_D17 hbo,mild_master_44,,
435,ShortHbO,7.0,1.5159157713219328e-17,5.723524310297001e-14,0.0028481342303906094,172.85622481906674,492317.73084327875,16,17,hbo,True,S16_D17 hbo,mild_master_44,,
436,az_itd=0_az=15,7.0,1.5159157713219328e-17,0.027882637116167033,2.916114758149699e-09,2.7652898531638193,0.008063902551372626,16,17,hbo,True,S16_D17 hbo,mild_master_44,-0.046052321293277014,
437,az_itd=0_az=5,7.0,1.5159157713219328e-17,2.1902022505950586e-05,2.936695802102813e-09,-9.964470890149205,-0.029262619833276847,16,17,hbo,True,S16_D17 hbo,mild_master_44,-0.0206613503260841,
438,az_itd=15_az=0,7.0,1.5159157713219328e-17,0.0038573424991983148,2.930369301155323e-09,4.236422250961484,0.012414281710948862,16,17,hbo,True,S16_D17 hbo,mild_master_44,0.012317582883362294,
439,az_itd=5_az=0,7.0,1.5159157713219328e-17,0.014803074119060445,2.9792850860387874e-09,3.2126729090677704,0.009571468484306454,16,17,hbo,True,S16_D17 hbo,mild_master_44,-0.00021754079889885257,
440,constant,7.0,1.5159157713219328e-17,0.7118714248549827,3.6410494686902255e-09,0.3847129316152754,0.0014007588152560575,16,17,hbo,False,S16_D17 hbo,mild_master_44,,
448,Linear,7.0,2.2786728165641917e-17,0.7057126855246348,5.336138223093809e-13,0.3934261384987503,2.09937625560738e-07,16,18,hbo,False,S16_D18 hbo,mild_master_44,,
449,ShortHbO,7.0,2.2786728165641917e-17,7.783292924305442e-11,0.003491916928855383,61.621448101635394,215176.977806684,16,18,hbo,True,S16_D18 hbo,mild_master_44,,
450,az_itd=0_az=15,7.0,2.2786728165641917e-17,0.009389406099418053,3.5752635468558743e-09,3.5463626079534274,0.01267918095614862,16,18,hbo,True,S16_D18 hbo,mild_master_44,-0.014609687893401311,
451,az_itd=0_az=5,7.0,2.2786728165641917e-17,0.007871173910461842,3.6004966608806787e-09,-3.678893710066465,-0.013245844518829238,16,18,hbo,True,S16_D18 hbo,mild_master_44,0.0391692687446957,
452,az_itd=15_az=0,7.0,2.2786728165641917e-17,0.00028289456135099087,3.5927401389010496e-09,-6.678835127149632,-0.023995319042412776,16,18,hbo,True,S16_D18 hbo,mild_master_44,-0.039589219811870184,
453,az_itd=5_az=0,7.0,2.2786728165641917e-17,0.5859393021314291,3.6527126835586065e-09,0.5708697670159111,0.002085223238639165,16,18,hbo,False,S16_D18 hbo,mild_master_44,-0.003377693138776614,
454,constant,7.0,2.2786728165641917e-17,0.7601050093489732,4.46406006530654e-09,0.3175277416474096,0.0014174629111151733,16,18,hbo,False,S16_D18 hbo,mild_master_44,,
462,Linear,7.0,1.1583620087715655e-17,0.24538301935609144,3.8045932901011293e-13,1.2678780662476188,4.823760383512086e-07,16,22,hbo,False,S16_D22 hbo,mild_master_44,,
463,ShortHbO,7.0,1.1583620087715655e-17,3.826184754453955e-14,0.0024896888277026515,183.0945044507227,455848.3421447177,16,22,hbo,True,S16_D22 hbo,mild_master_44,,
464,az_itd=0_az=15,7.0,1.1583620087715655e-17,0.007022004625838709,2.5491138220225027e-09,-3.7657333273717337,-0.009599282874854077,16,22,hbo,True,S16_D22 hbo,mild_master_44,-0.034231315729105455,
465,az_itd=0_az=5,7.0,1.1583620087715655e-17,2.102877384998844e-06,2.567104685881998e-09,-14.136664021917403,-0.03629029645340362,16,22,hbo,True,S16_D22 hbo,mild_master_44,-0.031347887638344646,
466,az_itd=15_az=0,7.0,1.1583620087715655e-17,0.000981469122996444,2.5615743922043517e-09,5.425362634846067,0.013897469993844015,16,22,hbo,True,S16_D22 hbo,mild_master_44,-8.952769668708199e-05,
467,az_itd=5_az=0,7.0,1.1583620087715655e-17,2.5173261571312706e-05,2.604333993147024e-09,-9.75592633005148,-0.02540769057599116,16,22,hbo,True,S16_D22 hbo,mild_master_44,-0.019466229819243414,
468,constant,7.0,1.1583620087715655e-17,0.649280568257141,3.1828135368702382e-09,0.47495476314503554,0.001511692449539017,16,22,hbo,False,S16_D22 hbo,mild_master_44,,
476,Linear,7.0,8.966104974246389e-18,0.0239192452335212,3.3472488002521633e-13,2.8721247888291837,9.613716253582984e-07,16,23,hbo,True,S16_D23 hbo,mild_master_44,,
477,ShortHbO,7.0,8.966104974246389e-18,1.0254286416066789e-14,0.002190407043825544,220.9949257673527,484068.8420505126,16,23,hbo,True,S16_D23 hbo,mild_master_44,,
478,az_itd=0_az=15,7.0,8.966104974246389e-18,4.060585506175608e-06,2.2426886481325383e-09,-12.826965894601784,-0.02876689080180665,16,23,hbo,True,S16_D23 hbo,mild_master_44,-0.054239616226086196,
479,az_itd=0_az=5,7.0,8.966104974246389e-18,2.2797217075459785e-08,2.2585168570572283e-09,-27.283004900685402,-0.06161912647937295,16,23,hbo,True,S16_D23 hbo,mild_master_44,-0.05706566676405442,
480,az_itd=15_az=0,7.0,8.966104974246389e-18,0.00035792783566430817,2.253651351741403e-09,-6.427159193571557,-0.014484576004449723,16,23,hbo,True,S16_D23 hbo,mild_master_44,-0.023337003506309694,
481,az_itd=5_az=0,7.0,8.966104974246389e-18,7.3230649103466e-07,2.291270884774542e-09,-16.50213724948705,-0.037810866616303125,16,23,hbo,True,S16_D23 hbo,mild_master_44,-0.05212653561764586,
482,constant,7.0,8.966104974246389e-18,0.46530105051281123,2.800212264589276e-09,0.7721314048680579,0.0021621318297860835,16,23,hbo,False,S16_D23 hbo,mild_master_44,,
490,Linear,7.0,1.737646917934939e-17,0.05768056179918772,4.65979544102236e-13,2.2676082502868145,1.0566590586711187e-06,17,15,hbo,False,S17_D15 hbo,mild_master_44,,
491,ShortHbO,7.0,1.737646917934939e-17,1.1520591854732203e-15,0.003049324793553621,302.0147148555415,920940.9580270299,17,15,hbo,True,S17_D15 hbo,mild_master_44,,
492,az_itd=0_az=15,7.0,1.737646917934939e-17,3.857694215730363e-05,3.122107426676296e-09,-9.140043626684013,-0.028536198087015505,17,15,hbo,True,S17_D15 hbo,mild_master_44,-0.05697625740904972,
493,az_itd=0_az=5,7.0,1.737646917934939e-17,3.291742454106629e-07,3.1441423037315257e-09,-18.54208966443651,-0.05829896851353791,17,15,hbo,True,S17_D15 hbo,mild_master_44,-0.03651099277218785,
494,az_itd=15_az=0,7.0,1.737646917934939e-17,0.7268508253887876,3.137368902397497e-09,0.36365457156306563,0.0011409185440366474,17,15,hbo,False,S17_D15 hbo,mild_master_44,-0.007701101947049092,
495,az_itd=5_az=0,7.0,1.737646917934939e-17,1.1576701138068594e-07,3.189740070178036e-09,-21.57761971823052,-0.06882699823430359,17,15,hbo,True,S17_D15 hbo,mild_master_44,-0.09241677960224459,
496,constant,7.0,1.737646917934939e-17,0.44643352773523837,3.8982511080278865e-09,0.8065958326528392,0.003144313098369606,17,15,hbo,False,S17_D15 hbo,mild_master_44,,
504,Linear,7.0,1.444993079820327e-17,0.2426718230400378,4.24931541298881e-13,1.2759665974630876,5.421984529058787e-07,17,16,hbo,False,S17_D16 hbo,mild_master_44,,
505,ShortHbO,7.0,1.444993079820327e-17,2.278176785198054e-15,0.0027807106574647055,273.98268218343645,761866.5643082472,17,16,hbo,True,S17_D16 hbo,mild_master_44,,
506,az_itd=0_az=15,7.0,1.444993079820327e-17,0.021595075415276055,2.847081889558584e-09,-2.9438394879909215,-0.008381352092026367,17,16,hbo,True,S17_D16 hbo,mild_master_44,-0.0480740061852644,
507,az_itd=0_az=5,7.0,1.444993079820327e-17,1.3269603555937468e-06,2.867175720688982e-09,-15.12660246788065,-0.04337062733242144,17,16,hbo,True,S17_D16 hbo,mild_master_44,-0.03468200603317049,
508,az_itd=15_az=0,7.0,1.444993079820327e-17,6.288040855036519e-05,2.860998986312691e-09,8.47654761256743,0.024251394126986677,17,16,hbo,True,S17_D16 hbo,mild_master_44,0.019503579848797286,
509,az_itd=5_az=0,7.0,1.444993079820327e-17,2.77478968798388e-06,2.9087567931226053e-09,-13.570266388946152,-0.039472604543330486,17,16,hbo,True,S17_D16 hbo,mild_master_44,-0.0472061630584261,
510,constant,7.0,1.444993079820327e-17,0.6338930064835582,3.554855299272378e-09,0.49778081095465165,0.0017695387536982453,17,16,hbo,False,S17_D16 hbo,mild_master_44,,
518,Linear,7.0,1.0426721478228893e-17,0.4893775522450752,3.6096074248284976e-13,-0.7295055885927453,-2.633228789038257e-07,17,17,hbo,False,S17_D17 hbo,mild_master_44,,
519,ShortHbO,7.0,1.0426721478228893e-17,3.3695083040045413e-15,0.00236209197481636,259.0826040107902,611976.9397484125,17,17,hbo,True,S17_D17 hbo,mild_master_44,,
520,az_itd=0_az=15,7.0,1.0426721478228893e-17,1.4771578908190895e-06,2.418471431005651e-09,14.890367360613693,0.03601192805882324,17,17,hbo,True,S17_D17 hbo,mild_master_44,-0.05114721218668963,
521,az_itd=0_az=5,7.0,1.0426721478228893e-17,0.061939489880568896,2.4355402609211305e-09,-2.219318826296162,-0.005405240353264532,17,17,hbo,False,S17_D17 hbo,mild_master_44,-0.039950081259892405,
522,az_itd=15_az=0,7.0,1.0426721478228893e-17,3.669815964481306e-06,2.4302933954618842e-09,13.020711389298464,0.03164414889362739,17,17,hbo,True,S17_D17 hbo,mild_master_44,0.007549419231195786,
523,az_itd=5_az=0,7.0,1.0426721478228893e-17,0.001482111770898687,2.470861561695829e-09,-5.04861597162096,-0.012474431144041872,17,17,hbo,True,S17_D17 hbo,mild_master_44,-0.05835319461759645,
524,constant,7.0,1.0426721478228893e-17,0.8353504050290864,3.0196939589897885e-09,0.21572884055923974,0.0006514350766166075,17,17,hbo,False,S17_D17 hbo,mild_master_44,,
532,Linear,7.0,1.533955490557278e-17,0.04280161591397914,4.3781684202352527e-13,2.470500038488605,1.0816265250700788e-06,17,21,hbo,True,S17_D21 hbo,mild_master_44,,
533,ShortHbO,7.0,1.533955490557278e-17,1.2831747997076515e-15,0.0028650308115773754,297.39957933724565,852058.958151359,17,21,hbo,True,S17_D21 hbo,mild_master_44,,
534,az_itd=0_az=15,7.0,1.533955490557278e-17,1.7310057023270368e-05,2.9334146344108842e-09,-10.32594413566057,-0.030290275641655966,17,21,hbo,True,S17_D21 hbo,mild_master_44,-0.03627092826991778,
535,az_itd=0_az=5,7.0,1.533955490557278e-17,1.1132127348181588e-07,2.954117775586928e-09,-21.70027803759689,-0.06410517708604359,17,21,hbo,True,S17_D21 hbo,mild_master_44,-0.0064149018536034785,
536,az_itd=15_az=0,7.0,1.533955490557278e-17,0.5565108146691287,2.947753742617335e-09,-0.6174042445999616,-0.0018199556727273652,17,21,hbo,False,S17_D21 hbo,mild_master_44,-0.005406449326544919,
537,az_itd=5_az=0,7.0,1.533955490557278e-17,3.4176720218333243e-07,2.9969597208216682e-09,-18.441113940224284,-0.05526727568593513,17,21,hbo,True,S17_D21 hbo,mild_master_44,-0.09346182709900389,
538,constant,7.0,1.533955490557278e-17,0.4896812679406225,3.6626500264505662e-09,0.7289769152003179,0.002669987317740297,17,21,hbo,False,S17_D21 hbo,mild_master_44,,
546,Linear,7.0,1.0754472903957496e-17,0.07893997421120362,3.665900302878596e-13,2.0550483712597,7.533602446631101e-07,17,22,hbo,False,S17_D22 hbo,mild_master_44,,
547,ShortHbO,7.0,1.0754472903957496e-17,1.1842203307960418e-15,0.002398929486443479,300.8290279059191,721667.6254216376,17,22,hbo,True,S17_D22 hbo,mild_master_44,,
548,az_itd=0_az=15,7.0,1.0754472903957496e-17,0.006100491389021805,2.456188196656341e-09,-3.8739468947063314,-0.009515142637251176,17,22,hbo,True,S17_D22 hbo,mild_master_44,-0.06762185570098257,
549,az_itd=0_az=5,7.0,1.0754472903957496e-17,5.513705033102028e-08,2.4735232199407398e-09,-24.02019612458353,-0.05941451286168794,17,22,hbo,True,S17_D22 hbo,mild_master_44,-0.0964442017589378,
550,az_itd=15_az=0,7.0,1.0754472903957496e-17,0.6616480981887101,2.4681945280880163e-09,0.45680579802631643,0.0011274855710874338,17,22,hbo,False,S17_D22 hbo,mild_master_44,-0.037368142008843995,
551,az_itd=5_az=0,7.0,1.0754472903957496e-17,2.156491349254245e-06,2.5093953666781885e-09,-14.084333859705755,-0.03534316213029435,17,22,hbo,True,S17_D22 hbo,mild_master_44,-0.07625722121472013,
552,constant,7.0,1.0754472903957496e-17,0.5539588265133815,3.0667869648975176e-09,0.6215073033222269,0.0019060304964172133,17,22,hbo,False,S17_D22 hbo,mild_master_44,,
560,Linear,7.0,1.8694393780029826e-17,0.8930072071742396,4.833278029128446e-13,0.13946936523316394,6.74094218717942e-08,17,23,hbo,False,S17_D23 hbo,mild_master_44,,
561,ShortHbO,7.0,1.8694393780029826e-17,2.1954070093833652e-15,0.0031628501111039715,275.43514582079325,871160.0815612345,17,23,hbo,True,S17_D23 hbo,mild_master_44,,
562,az_itd=0_az=15,7.0,1.8694393780029826e-17,0.0005610321046619661,3.2383424167268896e-09,5.9659388908146465,0.019319752965725644,17,23,hbo,True,S17_D23 hbo,mild_master_44,-0.057635477249031127,
563,az_itd=0_az=5,7.0,1.8694393780029826e-17,1.7079008059778464e-06,3.2611976447070734e-09,-14.576151840039728,-0.04753571204963024,17,23,hbo,True,S17_D23 hbo,mild_master_44,-0.1136790119500775,
564,az_itd=15_az=0,7.0,1.8694393780029826e-17,3.291635394074135e-06,3.2541720719615352e-09,13.231985755340014,0.043059158501620336,17,23,hbo,True,S17_D23 hbo,mild_master_44,-0.01608327878956908,
565,az_itd=5_az=0,7.0,1.8694393780029826e-17,0.20751547511832893,3.3084930003793592e-09,-1.388665030337348,-0.004594388532742706,17,23,hbo,False,S17_D23 hbo,mild_master_44,-0.05214567336841696,
566,constant,7.0,1.8694393780029826e-17,0.7993709261152542,4.043381661475468e-09,0.2640167821727202,0.00106752061535894,17,23,hbo,False,S17_D23 hbo,mild_master_44,,
574,Linear,7.0,1.557699359104287e-17,0.01505524112287521,4.411922810439249e-13,3.200505269083573,1.4120382201600824e-06,18,15,hbo,True,S18_D15 hbo,mild_master_44,,
575,ShortHbO,7.0,1.557699359104287e-17,1.8962250874180272e-15,0.0028871193560731714,281.26092086181615,812033.8487271138,18,15,hbo,True,S18_D15 hbo,mild_master_44,,
576,az_itd=0_az=15,7.0,1.557699359104287e-17,1.1227392629332533e-06,2.9560303980581624e-09,-15.501875290844549,-0.0458240145866432,18,15,hbo,True,S18_D15 hbo,mild_master_44,-0.059201796422863634,
577,az_itd=0_az=5,7.0,1.557699359104287e-17,1.227615039438938e-07,2.976893154360585e-09,-21.39512957901023,-0.06369101478041322,18,15,hbo,True,S18_D15 hbo,mild_master_44,0.0030033714152596976,
578,az_itd=15_az=0,7.0,1.557699359104287e-17,0.0003701785476690804,2.9704800565694716e-09,-6.39174668331025,-0.018986556049417163,18,15,hbo,True,S18_D15 hbo,mild_master_44,-0.011015358537748897,
579,az_itd=5_az=0,7.0,1.557699359104287e-17,2.088165769129504e-08,3.020065398386452e-09,-27.6300948822822,-0.08344469350811505,18,15,hbo,True,S18_D15 hbo,mild_master_44,-0.11121785357579161,
580,constant,7.0,1.557699359104287e-17,0.3665034358608333,3.6908879803863003e-09,0.9654017731191173,0.0035631898006489725,18,15,hbo,False,S18_D15 hbo,mild_master_44,,
588,Linear,7.0,1.0787249861278672e-17,0.3577197882439852,3.671482428840936e-13,0.9843845587868271,3.614150610808173e-07,18,16,hbo,False,S18_D16 hbo,mild_master_44,,
589,ShortHbO,7.0,1.0787249861278672e-17,2.555454971084764e-15,0.002402582375355265,269.5235277219372,647552.4774483026,18,16,hbo,True,S18_D16 hbo,mild_master_44,,
590,az_itd=0_az=15,7.0,1.0787249861278672e-17,0.6376011227533753,2.4599282743366265e-09,-0.4922543865090437,-0.0012109104835398266,18,16,hbo,False,S18_D16 hbo,mild_master_44,-0.04608800487376445,
591,az_itd=0_az=5,7.0,1.0787249861278672e-17,5.101256116655193e-06,2.477289693942676e-09,-12.399859692060925,-0.030718044621477734,18,16,hbo,True,S18_D16 hbo,mild_master_44,-0.03291479725391957,
592,az_itd=15_az=0,7.0,1.0787249861278672e-17,0.00013916495595888453,2.4719528880042764e-09,7.484010137095062,0.018500120472245418,18,16,hbo,True,S18_D16 hbo,mild_master_44,0.035053608377826506,
593,az_itd=5_az=0,7.0,1.0787249861278672e-17,8.326471533104656e-06,2.5132164637808867e-09,-11.526581076931587,-0.028968793333649687,18,16,hbo,True,S18_D16 hbo,mild_master_44,-0.04220603042560113,
594,constant,7.0,1.0787249861278672e-17,0.6588527891580257,3.071456811244478e-09,0.46089302405673727,0.0014156130179941307,18,16,hbo,False,S18_D16 hbo,mild_master_44,,
602,Linear,7.0,1.7691143792954328e-17,0.013129380690756833,4.701798804033901e-13,3.2995200228330837,1.5513679297242501e-06,18,21,hbo,True,S18_D21 hbo,mild_master_44,,
603,ShortHbO,7.0,1.7691143792954328e-17,2.4656211363546223e-15,0.00307681138558643,270.90507524561247,833523.819928849,18,21,hbo,True,S18_D21 hbo,mild_master_44,,
604,az_itd=0_az=15,7.0,1.7691143792954328e-17,6.027330786129128e-07,3.150250080847171e-09,-16.978098444394757,-0.05348525599708582,18,21,hbo,True,S18_D21 hbo,mild_master_44,-0.061276505672431564,
605,az_itd=0_az=5,7.0,1.7691143792954328e-17,1.0909323408942243e-07,3.1724835801276844e-09,-21.763870715603183,-0.06904552248527286,18,21,hbo,True,S18_D21 hbo,mild_master_44,-0.010388760824179503,
606,az_itd=15_az=0,7.0,1.7691143792954328e-17,0.0014244946684632738,3.1656491234021355e-09,-5.0841080439741235,-0.01609450217268843,18,21,hbo,True,S18_D21 hbo,mild_master_44,-0.008837473919460893,
607,az_itd=5_az=0,7.0,1.7691143792954328e-17,2.9302250335586298e-08,3.2184923645171083e-09,-26.3137744061493,-0.08469068200781722,18,21,hbo,True,S18_D21 hbo,mild_master_44,-0.1080124224463469,
608,constant,7.0,1.7691143792954328e-17,0.4692671437168686,3.933389915830297e-09,0.7650091540741798,0.0030090792921532447,18,21,hbo,False,S18_D21 hbo,mild_master_44,,
616,Linear,7.0,8.841281675225802e-18,0.08090903948429211,3.3238674645800863e-13,2.0383551470896393,6.775222354670609e-07,18,22,hbo,False,S18_D22 hbo,mild_master_44,,
617,ShortHbO,7.0,8.841281675225802e-18,2.2009938750717706e-15,0.002175106525278399,275.3351505929146,598883.2826931592,18,22,hbo,True,S18_D22 hbo,mild_master_44,,
618,az_itd=0_az=15,7.0,8.841281675225802e-18,6.554077874052322e-05,2.227022930040118e-09,-8.422208642856114,-0.01875645176922263,18,22,hbo,True,S18_D22 hbo,mild_master_44,-0.04553441215846174,
619,az_itd=0_az=5,7.0,8.841281675225802e-18,2.2205296995833453e-08,2.2427405751292398e-09,-27.386589983321702,-0.06142101657002359,18,22,hbo,True,S18_D22 hbo,mild_master_44,-0.09420894502593925,
620,az_itd=15_az=0,7.0,8.841281675225802e-18,0.03928039516858203,2.2379090565349856e-09,2.5291727969089237,0.0056600587077444,18,22,hbo,True,S18_D22 hbo,mild_master_44,-0.01931428353199058,
621,az_itd=5_az=0,7.0,8.841281675225802e-18,2.7982615427356108e-05,2.2752658081072402e-09,-9.59999920010317,-0.021842549937851598,18,22,hbo,True,S18_D22 hbo,mild_master_44,-0.045545846373320875,
622,constant,7.0,8.841281675225802e-18,0.5534650188558904,2.780652110319747e-09,0.6223025500473552,0.0017304068990465383,18,22,hbo,False,S18_D22 hbo,mild_master_44,,
630,Linear,7.0,1.0193580907398912e-17,0.9541497662018262,3.5690240305111617e-13,0.05958734962100935,2.1266868271185256e-08,18,23,hbo,False,S18_D23 hbo,mild_master_44,,
631,ShortHbO,7.0,1.0193580907398912e-17,1.3074419368913196e-07,0.0023355345964797556,-21.200825781661436,-49515.26208701024,18,23,hbo,True,S18_D23 hbo,mild_master_44,,
632,az_itd=0_az=15,7.0,1.0193580907398912e-17,5.632453782888652e-06,2.3912801694145437e-09,-12.218548764170883,-0.02921797335878641,18,23,hbo,True,S18_D23 hbo,mild_master_44,0.013903585183288603,
633,az_itd=0_az=5,7.0,1.0193580907398912e-17,3.857405111945644e-05,2.4081570917418932e-09,9.140148718416754,0.02201091395583088,18,23,hbo,True,S18_D23 hbo,mild_master_44,0.00863432097644459,
634,az_itd=15_az=0,7.0,1.0193580907398912e-17,7.375656103269142e-05,2.4029692176312346e-09,8.268946358485865,0.019870023561685424,18,23,hbo,True,S18_D23 hbo,mild_master_44,0.05453472463715129,
635,az_itd=5_az=0,7.0,1.0193580907398912e-17,0.00022112856532830683,2.4430812694756534e-09,-6.950328285188539,-0.01698021685025096,18,23,hbo,True,S18_D23 hbo,mild_master_44,-0.026190543882396344,
636,constant,7.0,1.0193580907398912e-17,0.7277305355054011,2.985743056237204e-09,-0.36242355938279674,-0.0010821036258439574,18,23,hbo,False,S18_D23 hbo,mild_master_44,,
644,Linear,7.0,1.8215848901296282e-17,0.3297972778101206,4.771015116124485e-13,1.0472378711128585,4.996387713257473e-07,19,14,hbo,False,S19_D14 hbo,mild_master_44,,
645,ShortHbO,7.0,1.8215848901296282e-17,4.635689539942527e-16,0.0031221058666956385,343.9628666943297,1073888.4840318165,19,14,hbo,True,S19_D14 hbo,mild_master_44,,
646,az_itd=0_az=15,7.0,1.8215848901296282e-17,0.5222433275747365,3.196625670668716e-09,0.6734904279383399,0.0021528967908973564,19,14,hbo,False,S19_D14 hbo,mild_master_44,-0.016232522725744186,
647,az_itd=0_az=5,7.0,1.8215848901296282e-17,9.859645867522096e-06,3.2191864746445614e-09,-11.23863309469254,-0.03617925565192698,19,14,hbo,True,S19_D14 hbo,mild_master_44,-0.038613568918776535,
648,az_itd=15_az=0,7.0,1.8215848901296282e-17,0.880562111375784,3.2122514062362494e-09,0.15583468334451644,0.0005005801807138035,19,14,hbo,False,S19_D14 hbo,mild_master_44,0.04432613815486479,
649,az_itd=5_az=0,7.0,1.8215848901296282e-17,0.002944408734203751,3.265872565424993e-09,-4.457640362726561,-0.014558085367159792,19,14,hbo,True,S19_D14 hbo,mild_master_44,-0.05922911962538761,
650,constant,7.0,1.8215848901296282e-17,0.5575451807413996,3.991294295693273e-09,0.6157444089838341,0.0024576171471822027,19,14,hbo,False,S19_D14 hbo,mild_master_44,,
658,Linear,7.0,1.3080697192609426e-17,0.010685769651953963,4.0429794238367214e-13,3.4503834178206745,1.3949829162596406e-06,19,15,hbo,True,S19_D15 hbo,mild_master_44,,
659,ShortHbO,7.0,1.3080697192609426e-17,6.122082097464824e-16,0.002645686393956299,330.5640669250152,874568.8541943722,19,15,hbo,True,S19_D15 hbo,mild_master_44,,
660,az_itd=0_az=15,7.0,1.3080697192609426e-17,4.978508339769133e-07,2.708834807197175e-09,-17.458155530162752,-0.04729125936956672,19,15,hbo,True,S19_D15 hbo,mild_master_44,-0.047665148094191194,
661,az_itd=0_az=5,7.0,1.3080697192609426e-17,4.155250241079289e-08,2.7279529328034614e-09,-25.02116760993839,-0.06825656756369841,19,15,hbo,True,S19_D15 hbo,mild_master_44,-0.01674821561139949,
662,az_itd=15_az=0,7.0,1.3080697192609426e-17,0.00010099194892344729,2.72207612499731e-09,-7.872372397819406,-0.021429196951192032,19,15,hbo,True,S19_D15 hbo,mild_master_44,-0.04203335630215136,
663,az_itd=5_az=0,7.0,1.3080697192609426e-17,3.720083246706909e-08,2.7675149337216187e-09,-25.42366433464395,-0.07036037071605282,19,15,hbo,True,S19_D15 hbo,mild_master_44,-0.10755198386220893,
664,constant,7.0,1.3080697192609426e-17,0.2920461619061108,3.3822405335560343e-09,1.139334113064281,0.003853502018469124,19,15,hbo,False,S19_D15 hbo,mild_master_44,,
672,Linear,7.0,1.2229355070112362e-17,0.02401575906446762,3.9091997493125823e-13,2.869307890089472,1.1216697684638378e-06,19,21,hbo,True,S19_D21 hbo,mild_master_44,,
673,ShortHbO,7.0,1.2229355070112362e-17,3.8937973040483413e-16,0.0025581422767170046,352.64055649976234,902104.7160670535,19,21,hbo,True,S19_D21 hbo,mild_master_44,,
674,az_itd=0_az=15,7.0,1.2229355070112362e-17,3.4283223045151954e-06,2.619201148240139e-09,-13.15257621207596,-0.034449242716985295,19,21,hbo,True,S19_D21 hbo,mild_master_44,-0.03288961193412871,
675,az_itd=0_az=5,7.0,1.2229355070112362e-17,1.1808269220790283e-07,2.637686666961007e-09,-21.51584038655501,-0.05675204531607731,19,21,hbo,True,S19_D21 hbo,mild_master_44,-0.025795259490801487,
676,az_itd=15_az=0,7.0,1.2229355070112362e-17,0.005491161390220477,2.6320043190699655e-09,-3.9557902748454294,-0.010411657088728135,19,21,hbo,True,S19_D21 hbo,mild_master_44,-0.013428343048140898,
677,az_itd=5_az=0,7.0,1.2229355070112362e-17,4.1937370463777113e-08,2.6759395858751483e-09,-24.987907152157664,-0.06686612991663143,19,21,hbo,True,S19_D21 hbo,mild_master_44,-0.10581464657627628,
678,constant,7.0,1.2229355070112362e-17,0.388106296271648,3.2703242979517276e-09,0.9201451807486836,0.003009173142245604,19,21,hbo,False,S19_D21 hbo,mild_master_44,,
714,Linear,7.0,3.354098342808985e-17,0.014644307415002972,6.474019169036768e-13,3.2204480311284494,2.0849242286412297e-06,20,12,hbo,True,S20_D12 hbo,mild_master_44,,
715,ShortHbO,7.0,3.354098342808985e-17,3.0109542385325923e-15,0.00423653514750724,263.2808246829062,1115398.467433824,20,12,hbo,True,S20_D12 hbo,mild_master_44,,
716,az_itd=0_az=15,7.0,3.354098342808985e-17,1.356804887361275e-06,4.337654642552239e-09,-15.07731224247321,-0.06540017344577363,20,12,hbo,True,S20_D12 hbo,mild_master_44,-0.10401773502508838,
717,az_itd=0_az=5,7.0,3.354098342808985e-17,3.041092106213255e-08,4.3682684791998886e-09,-26.173286809628948,-0.11433194376756034,20,12,hbo,True,S20_D12 hbo,mild_master_44,-0.0618989913881247,
718,az_itd=15_az=0,7.0,3.354098342808985e-17,0.7108772050029373,4.358857952357865e-09,-0.3861172959654518,-0.0016830304460619249,20,12,hbo,False,S20_D12 hbo,mild_master_44,-0.02429230663154188,
719,az_itd=5_az=0,7.0,3.354098342808985e-17,2.4008300661071822e-08,4.431619074258457e-09,-27.08032108267232,-0.12000966744701408,20,12,hbo,True,S20_D12 hbo,mild_master_44,-0.24238208785236587,
720,constant,7.0,3.354098342808985e-17,0.6420558233074922,5.415978602175351e-09,0.48563715273643326,0.0026302004276418855,20,12,hbo,False,S20_D12 hbo,mild_master_44,,
728,Linear,7.0,3.5339622053972515e-17,0.37087805484141706,6.645337387742757e-13,0.9560771816468762,6.35345544076571e-07,20,13,hbo,False,S20_D13 hbo,mild_master_44,,
729,ShortHbO,7.0,3.5339622053972515e-17,8.801820997174198e-16,0.004348644122782987,313.85534021486274,1364845.1806294178,20,13,hbo,True,S20_D13 hbo,mild_master_44,,
730,az_itd=0_az=15,7.0,3.5339622053972515e-17,0.05141410813868659,4.4524394844442625e-09,-2.345669608225657,-0.010443951981124818,20,13,hbo,False,S20_D13 hbo,mild_master_44,-0.07309113277445548,
731,az_itd=0_az=5,7.0,3.5339622053972515e-17,3.1536915879167684e-06,4.483863437315744e-09,-13.316023651067258,-0.05970723157945218,20,13,hbo,True,S20_D13 hbo,mild_master_44,-0.06241399108052061,
732,az_itd=15_az=0,7.0,3.5339622053972515e-17,0.02981833238573346,4.474203885153657e-09,2.7187752191001446,0.012164354648157353,20,13,hbo,True,S20_D13 hbo,mild_master_44,-0.005356046952875507,
733,az_itd=5_az=0,7.0,3.5339622053972515e-17,0.72622953629251,4.548890442470733e-09,0.3645243377361692,0.0016581812759760336,20,13,hbo,False,S20_D13 hbo,mild_master_44,-0.14144478537779612,
734,constant,7.0,3.5339622053972515e-17,0.6537209576758427,5.559298506310341e-09,0.4684190068417641,0.0026040810850627926,20,13,hbo,False,S20_D13 hbo,mild_master_44,,
742,Linear,7.0,1.1305573655687164e-17,0.0875853325681099,3.7586543281995395e-13,1.984603805963852,7.459439685047311e-07,20,20,hbo,False,S20_D20 hbo,mild_master_44,,
743,ShortHbO,7.0,1.1305573655687164e-17,4.3081706484312027e-16,0.0024596268180523094,347.58235162695047,854922.8735433351,20,20,hbo,True,S20_D20 hbo,mild_master_44,,
744,az_itd=0_az=15,7.0,1.1305573655687164e-17,0.004022992523295758,2.5183342790270945e-09,-4.2025100249856475,-0.010583325053876366,20,20,hbo,True,S20_D20 hbo,mild_master_44,-0.042051129482798745,
745,az_itd=0_az=5,7.0,1.1305573655687164e-17,3.270575511796256e-07,2.536107910308388e-09,-18.559494296558128,-0.04706888029682448,20,20,hbo,True,S20_D20 hbo,mild_master_44,-0.02845053364694906,
746,az_itd=15_az=0,7.0,1.1305573655687164e-17,0.06450565597492999,2.5306443927435064e-09,2.191815541400014,0.005546705709772018,20,20,hbo,False,S20_D20 hbo,mild_master_44,-0.03684561326058467,
747,az_itd=5_az=0,7.0,1.1305573655687164e-17,1.4127549686130974e-07,2.572887688386544e-09,-20.96424554518244,-0.053938649259512354,20,20,hbo,True,S20_D20 hbo,mild_master_44,-0.13399942900186956,
748,constant,7.0,1.1305573655687164e-17,0.4810138652077762,3.144382320006514e-09,0.7441503617061762,0.002339893240775353,20,20,hbo,False,S20_D20 hbo,mild_master_44,,
756,Linear,7.0,9.048668135018972e-18,0.15966485880912695,3.3626248274949704e-13,1.5732258644228496,5.290168350965511e-07,21,11,hbo,False,S21_D11 hbo,mild_master_44,,
757,ShortHbO,7.0,9.048668135018972e-18,2.1580525228842545e-15,0.002200468966433795,276.1112883778809,607574.3213575792,21,11,hbo,True,S21_D11 hbo,mild_master_44,,
758,az_itd=0_az=15,7.0,9.048668135018972e-18,0.00017605233676866577,2.252990733160763e-09,-7.20914262077269,-0.016242131518635166,21,11,hbo,True,S21_D11 hbo,mild_master_44,-0.06278456691506591,
759,az_itd=0_az=5,7.0,9.048668135018972e-18,2.2338013744271674e-06,2.2688916510432134e-09,-14.011426972165152,-0.0317904096763472,21,11,hbo,True,S21_D11 hbo,mild_master_44,-0.0074473302941456,
760,az_itd=15_az=0,7.0,9.048668135018972e-18,0.0015041011026380297,2.264003795389319e-09,5.0354726836125066,0.011400329267277954,21,11,hbo,True,S21_D11 hbo,mild_master_44,-0.02764522143466037,
761,az_itd=5_az=0,7.0,9.048668135018972e-18,2.1620103262592575e-06,2.301796138691219e-09,-14.079031265793695,-0.03240705980411687,21,11,hbo,True,S21_D11 hbo,mild_master_44,-0.08535247612180505,
762,constant,7.0,9.048668135018972e-18,0.5565556195613808,2.813075407616686e-09,0.6173323085127466,0.0017366023354044443,21,11,hbo,False,S21_D11 hbo,mild_master_44,,
770,Linear,7.0,1.6170702621746502e-17,0.03490147546406233,4.4952156411375716e-13,2.6102336001497126,1.1733562906415823e-06,21,12,hbo,True,S21_D12 hbo,mild_master_44,,
771,ShortHbO,7.0,1.6170702621746502e-17,4.9474576736523934e-15,0.002941625373984965,245.24780261365075,721427.1590823713,21,12,hbo,True,S21_D12 hbo,mild_master_44,,
772,az_itd=0_az=15,7.0,1.6170702621746502e-17,1.608594744303675e-06,3.011837389717665e-09,-14.705067672189646,-0.044289272633429286,21,12,hbo,True,S21_D12 hbo,mild_master_44,-0.08786324003179298,
773,az_itd=0_az=5,7.0,1.6170702621746502e-17,8.282647944388946e-08,3.0330940146581537e-09,-22.64860431811905,-0.06869534619764772,21,12,hbo,True,S21_D12 hbo,mild_master_44,-0.028373866310748647,
774,az_itd=15_az=0,7.0,1.6170702621746502e-17,0.17359107285610792,3.026559843790398e-09,1.5148231617350445,0.004584702951750893,21,12,hbo,False,S21_D12 hbo,mild_master_44,-0.046306831149464746,
775,az_itd=5_az=0,7.0,1.6170702621746502e-17,1.1250448246674868e-07,3.077081308848544e-09,-21.66709452276473,-0.06667141157305402,21,12,hbo,True,S21_D12 hbo,mild_master_44,-0.12744901510634918,
776,constant,7.0,1.6170702621746502e-17,0.46471812775615196,3.7605683716545655e-09,0.773181686699911,0.0029076025965462152,21,12,hbo,False,S21_D12 hbo,mild_master_44,,
784,Linear,7.0,8.544778145443776e-18,0.3067732365046947,3.2676571312333227e-13,-1.1023203840480535,-3.6020050638384774e-07,21,19,hbo,False,S21_D19 hbo,mild_master_44,,
785,ShortHbO,7.0,8.544778145443776e-18,6.524166528937769e-15,0.0021383230301019254,235.7436474062373,504096.0704489853,21,19,hbo,True,S21_D19 hbo,mild_master_44,,
786,az_itd=0_az=15,7.0,8.544778145443776e-18,1.21315796620484e-05,2.189361470128612e-09,10.8942615952856,0.023851476582220157,21,19,hbo,True,S21_D19 hbo,mild_master_44,-0.017267338463223505,
787,az_itd=0_az=5,7.0,8.544778145443776e-18,0.04994627262674743,2.204813312179767e-09,-2.3653551608809096,-0.0052151665467433436,21,19,hbo,True,S21_D19 hbo,mild_master_44,-0.028592783342490942,
788,az_itd=15_az=0,7.0,8.544778145443776e-18,2.0542196924325997e-07,2.2000634999933787e-09,19.85668388677272,0.04368596545019531,21,19,hbo,True,S21_D19 hbo,mild_master_44,-0.002853629360727903,
789,az_itd=5_az=0,7.0,8.544778145443776e-18,0.1258247252082589,2.2367885069244873e-09,1.7377291007675553,0.003886932480745092,21,19,hbo,False,S21_D19 hbo,mild_master_44,-0.054478284834847505,
790,constant,7.0,8.544778145443776e-18,0.9318334753503739,2.733628158941409e-09,0.08866245444909876,0.00024237018212291638,21,19,hbo,False,S21_D19 hbo,mild_master_44,,
798,Linear,7.0,2.447185505377953e-17,0.022229299606214066,5.529928687392992e-13,2.9234896111643325,1.6166689068073026e-06,21,20,hbo,True,S21_D20 hbo,mild_master_44,,
799,ShortHbO,7.0,2.447185505377953e-17,1.9436630406417864e-15,0.003618731522976734,280.2697723030564,1014221.0599705819,21,20,hbo,True,S21_D20 hbo,mild_master_44,,
800,az_itd=0_az=15,7.0,2.447185505377953e-17,1.982179490609732e-06,3.7051050078095308e-09,-14.260247300883702,-0.05283571368710655,21,20,hbo,True,S21_D20 hbo,mild_master_44,-0.10493897223786725,
801,az_itd=0_az=5,7.0,2.447185505377953e-17,3.728973342067755e-08,3.73125450305951e-09,-25.41491331206111,-0.0948295097404951,21,20,hbo,True,S21_D20 hbo,mild_master_44,-0.03190869521455204,
802,az_itd=15_az=0,7.0,2.447185505377953e-17,0.9468576115887082,3.7232162904765016e-09,-0.06908034927097347,-0.00025720108175749496,21,20,hbo,False,S21_D20 hbo,mild_master_44,-0.05127790830068235,
803,az_itd=5_az=0,7.0,2.447185505377953e-17,3.425102271489458e-08,3.785366834801326e-09,-25.72838019341224,-0.09739135709730203,21,20,hbo,True,S21_D20 hbo,mild_master_44,-0.18360669838057844,
804,constant,7.0,2.447185505377953e-17,0.4240489921911367,4.626179605046205e-09,0.8488314472231239,0.0039268467292654695,21,20,hbo,False,S21_D20 hbo,mild_master_44,,
812,Linear,7.0,1.3020244983905836e-17,0.1750204894256671,4.033626326390935e-13,1.5090740941757623,6.087040994741908e-07,22,10,hbo,False,S22_D10 hbo,mild_master_44,,
813,ShortHbO,7.0,1.3020244983905836e-17,3.3285697547420133e-15,0.0026395658179999212,259.5354779626943,685060.9761885997,22,10,hbo,True,S22_D10 hbo,mild_master_44,,
814,az_itd=0_az=15,7.0,1.3020244983905836e-17,0.19232799654912766,2.702568142626271e-09,-1.4426552396303405,-0.003898874091417827,22,10,hbo,False,S22_D10 hbo,mild_master_44,-0.06566790872912931,
815,az_itd=0_az=5,7.0,1.3020244983905836e-17,4.356675111516464e-05,2.7216420400352223e-09,-8.970840507584711,-0.024415416659893465,22,10,hbo,True,S22_D10 hbo,mild_master_44,-0.03780653488746153,
816,az_itd=15_az=0,7.0,1.3020244983905836e-17,0.1290355589881988,2.7157788277363246e-09,-1.7204329519436643,-0.004672315385428508,22,10,hbo,False,S22_D10 hbo,mild_master_44,-0.03623904923777976,
817,az_itd=5_az=0,7.0,1.3020244983905836e-17,2.4047504363098725e-07,2.761112517546766e-09,-19.407715342991736,-0.053586885770518906,22,10,hbo,True,S22_D10 hbo,mild_master_44,-0.09282851582806101,
818,constant,7.0,1.3020244983905836e-17,0.5111267853303727,3.3744160007105477e-09,0.6921762314095234,0.0023356905505798227,22,10,hbo,False,S22_D10 hbo,mild_master_44,,
826,Linear,7.0,7.537539520849404e-18,0.06902994865382901,3.069028250013113e-13,2.145903274208179,6.585837770340537e-07,22,11,hbo,False,S22_D11 hbo,mild_master_44,,
827,ShortHbO,7.0,7.537539520849404e-18,1.2884507715044642e-15,0.0020083422230286183,297.2252899572841,596930.0995731376,22,11,hbo,True,S22_D11 hbo,mild_master_44,,
828,az_itd=0_az=15,7.0,7.537539520849404e-18,2.480451467438648e-05,2.056278223651603e-09,-9.777850107015036,-0.020105980249184516,22,11,hbo,True,S22_D11 hbo,mild_master_44,-0.04255500491106598,
829,az_itd=0_az=5,7.0,7.537539520849404e-18,3.2559433818315203e-07,2.070790804949212e-09,-18.571600898834678,-0.03845790037449338,22,11,hbo,True,S22_D11 hbo,mild_master_44,-0.02335020144376964,
830,az_itd=15_az=0,7.0,7.537539520849404e-18,0.028565437328372256,2.0663297164087567e-09,2.7485065243876794,0.005679320707085611,22,11,hbo,True,S22_D11 hbo,mild_master_44,-0.028354826520451577,
831,az_itd=5_az=0,7.0,7.537539520849404e-18,5.016158011225221e-07,2.1008223449884755e-09,-17.438992901341834,-0.03663622596123433,22,11,hbo,True,S22_D11 hbo,mild_master_44,-0.07063913279441843,
832,constant,7.0,7.537539520849404e-18,0.5303152540610955,2.567460938490818e-09,0.6600791152577289,0.0016947273447377974,22,11,hbo,False,S22_D11 hbo,mild_master_44,,
840,Linear,7.0,1.2616387435706871e-17,0.03135648401489743,3.970576734994609e-13,2.6840120420199503,1.0657075770489787e-06,22,12,hbo,True,S22_D12 hbo,mild_master_44,,
841,ShortHbO,7.0,1.2616387435706871e-17,2.4040939276806752e-15,0.002598306778906553,271.8849188927781,706440.4278415636,22,12,hbo,True,S22_D12 hbo,mild_master_44,,
842,az_itd=0_az=15,7.0,1.2616387435706871e-17,1.9682762571685223e-06,2.660324314535786e-09,-14.275031247510645,-0.037976212718510684,22,12,hbo,True,S22_D12 hbo,mild_master_44,-0.06275148892716499,
843,az_itd=0_az=5,7.0,1.2616387435706871e-17,1.0721859601050928e-07,2.679100067957006e-09,-21.818535450397064,-0.058454039807881115,22,12,hbo,True,S22_D12 hbo,mild_master_44,-0.02407053655626373,
844,az_itd=15_az=0,7.0,1.2616387435706871e-17,0.8808092341347561,2.6733285034979924e-09,-0.15550927002132106,-0.0004157273641061634,22,12,hbo,False,S22_D12 hbo,mild_master_44,-0.0500616936978928,
845,az_itd=5_az=0,7.0,1.2616387435706871e-17,9.140551984214516e-08,2.7179535826470217e-09,-22.328088952327004,-0.06068670936163857,22,12,hbo,True,S22_D12 hbo,mild_master_44,-0.1252950537648408,
846,constant,7.0,1.2616387435706871e-17,0.484353868690341,3.3216705223666514e-09,0.7382819048330268,0.0024523292404805665,22,12,hbo,False,S22_D12 hbo,mild_master_44,,
854,Linear,7.0,1.1002527698718836e-17,0.2115722105570428,3.707936774727332e-13,-1.3748401124373333,-5.097820212276647e-07,22,19,hbo,False,S22_D19 hbo,mild_master_44,,
855,ShortHbO,7.0,1.1002527698718836e-17,3.217829488287061e-15,0.002426437744577176,260.7931379801939,632798.3135218659,22,19,hbo,True,S22_D19 hbo,mild_master_44,,
856,az_itd=0_az=15,7.0,1.1002527698718836e-17,2.3019971517068563e-06,2.4843530340641845e-09,13.949460651540527,0.03465538489321367,22,19,hbo,True,S22_D19 hbo,mild_master_44,-0.024238845057684425,
857,az_itd=0_az=5,7.0,1.1002527698718836e-17,0.08591358644910482,2.5018868361363534e-09,-1.997673566326027,-0.004997953198488649,22,19,hbo,False,S22_D19 hbo,mild_master_44,-0.03335321530892562,
858,az_itd=15_az=0,7.0,1.1002527698718836e-17,1.640328984790122e-07,2.496497040765653e-09,20.51535633674686,0.051216526384941424,22,19,hbo,True,S22_D19 hbo,mild_master_44,-0.008373057229183982,
859,az_itd=5_az=0,7.0,1.1002527698718836e-17,0.184800135029771,2.53817032479854e-09,1.4708498628497513,0.003733267474119241,22,19,hbo,False,S22_D19 hbo,mild_master_44,-0.06472244612460208,
860,constant,7.0,1.1002527698718836e-17,0.8062538093224754,3.101953470602747e-09,0.25472911689202393,0.0007901578682067864,22,19,hbo,False,S22_D19 hbo,mild_master_44,,
868,Linear,7.0,1.9099972864943495e-17,0.01666641796269586,4.885426232921865e-13,3.127562943760841,1.5279478050563547e-06,22,20,hbo,True,S22_D20 hbo,mild_master_44,,
869,ShortHbO,7.0,1.9099972864943495e-17,2.805623851142457e-15,0.0031969753882280833,265.9510568607154,850238.9832569547,22,20,hbo,True,S22_D20 hbo,mild_master_44,,
870,az_itd=0_az=15,7.0,1.9099972864943495e-17,1.2160681356833574e-06,3.273282211061626e-09,-15.32147766257593,-0.05015152028008786,22,20,hbo,True,S22_D20 hbo,mild_master_44,-0.08022723684714493,
871,az_itd=0_az=5,7.0,1.9099972864943495e-17,2.1378109020193785e-08,3.296384033398533e-09,-27.536751491032604,-0.09077170794670311,22,20,hbo,True,S22_D20 hbo,mild_master_44,-0.03792732166289721,
872,az_itd=15_az=0,7.0,1.9099972864943495e-17,0.6809347391112979,3.289282658889245e-09,-0.4288301207931228,-0.0014105434799341991,22,20,hbo,False,S22_D20 hbo,mild_master_44,-0.06535233583303682,
873,az_itd=5_az=0,7.0,1.9099972864943495e-17,2.5969187178822323e-08,3.344189677912308e-09,-26.775713663970958,-0.08954306525378722,22,20,hbo,True,S22_D20 hbo,mild_master_44,-0.16761824760730537,
874,constant,7.0,1.9099972864943495e-17,0.47770232982284866,4.087007351871603e-09,0.7499957185797856,0.0030652380157078097,22,20,hbo,False,S22_D20 hbo,mild_master_44,,
924,Linear,7.0,1.8051844471658812e-17,0.8131698999589556,4.749488894475619e-13,0.24542163568142614,1.1656273331329747e-07,23,9,hbo,False,S23_D9 hbo,mild_master_44,,
925,ShortHbO,7.0,1.8051844471658812e-17,7.930968945357881e-12,0.003108019316713733,85.42664750410677,265507.67060485884,23,9,hbo,True,S23_D9 hbo,mild_master_44,,
926,az_itd=0_az=15,7.0,1.8051844471658812e-17,0.018391036602189704,3.182202896680281e-09,3.057383282684632,0.009729213938420902,23,9,hbo,True,S23_D9 hbo,mild_master_44,-0.010076108111802417,
927,az_itd=0_az=5,7.0,1.8051844471658812e-17,0.8274508354072266,3.204661909138988e-09,-0.2262776519577193,-0.0007251433721183122,23,9,hbo,False,S23_D9 hbo,mild_master_44,0.05009636142885429,
928,az_itd=15_az=0,7.0,1.8051844471658812e-17,0.0006370180054121099,3.197758130889285e-09,-5.8400339989831425,-0.01867501620491821,23,9,hbo,True,S23_D9 hbo,mild_master_44,-0.05621882420213778,
929,az_itd=5_az=0,7.0,1.8051844471658812e-17,0.003507569139296637,3.2511373581348945e-09,-4.313604306230312,-0.014024120108196923,23,9,hbo,True,S23_D9 hbo,mild_master_44,-0.00872978039561805,
930,constant,7.0,1.8051844471658812e-17,0.5775174001459237,3.97328607656511e-09,0.5840454725787168,0.002320579744277905,23,9,hbo,False,S23_D9 hbo,mild_master_44,,
882,Linear,7.0,8.329458807174079e-18,0.317071997549378,3.226223700805338e-13,1.0772853531833175,3.4755635389704683e-07,23,10,hbo,False,S23_D10 hbo,mild_master_44,,
883,ShortHbO,7.0,8.329458807174079e-18,9.373285788723027e-15,0.002111209396405955,223.84962559389726,472593.43293579086,23,10,hbo,True,S23_D10 hbo,mild_master_44,,
884,az_itd=0_az=15,7.0,8.329458807174079e-18,0.05365798190594,2.1616006762291472e-09,2.3166574009922547,0.005007688204576116,23,10,hbo,False,S23_D10 hbo,mild_master_44,-0.036186283353386,
885,az_itd=0_az=5,7.0,8.329458807174079e-18,2.3892482370593587e-06,2.1768565911077447e-09,-13.873159443353904,-0.030199878573753596,23,10,hbo,True,S23_D10 hbo,mild_master_44,-0.039164008347828703,
886,az_itd=15_az=0,7.0,8.329458807174079e-18,0.6657945615821755,2.17216700586833e-09,-0.4507584851613096,-0.000979122709082586,23,10,hbo,False,S23_D10 hbo,mild_master_44,-0.02979531926048945,
887,az_itd=5_az=0,7.0,8.329458807174079e-18,5.511020552765594e-05,2.2084263449038987e-09,-8.651488018919371,-0.01910617406360198,23,10,hbo,True,S23_D10 hbo,mild_master_44,-0.038642535399634366,
888,constant,7.0,8.329458807174079e-18,0.6234218576079114,2.6989661403786692e-09,0.5134783755498175,0.0013858607494255997,23,10,hbo,False,S23_D10 hbo,mild_master_44,,
896,Linear,7.0,6.5834904126239655e-18,0.20437341408987902,2.868231418074e-13,1.3995386225249868,4.014200647934176e-07,23,11,hbo,False,S23_D11 hbo,mild_master_44,,
897,ShortHbO,7.0,6.5834904126239655e-18,1.4739248565652022e-15,0.0018769427301005297,291.5689211196176,547258.166818721,23,11,hbo,True,S23_D11 hbo,mild_master_44,,
898,az_itd=0_az=15,7.0,6.5834904126239655e-18,0.007522049910009437,1.9217424294982375e-09,3.7133031280179,0.007136012174700524,23,11,hbo,True,S23_D11 hbo,mild_master_44,-0.015522701096482126,
899,az_itd=0_az=5,7.0,6.5834904126239655e-18,3.2487590293166638e-06,1.9353054984061162e-09,-13.257670909220653,-0.025657643406673543,23,11,hbo,True,S23_D11 hbo,mild_master_44,-0.02186406247851698,
900,az_itd=15_az=0,7.0,6.5834904126239655e-18,0.011281477516233223,1.9311362848087864e-09,3.410413503846023,0.006585973263478924,23,11,hbo,True,S23_D11 hbo,mild_master_44,-0.024920164843466357,
901,az_itd=5_az=0,7.0,6.5834904126239655e-18,9.810208412856696e-08,1.9633721695660817e-09,-22.100890304781295,-0.043392272947040435,23,11,hbo,True,S23_D11 hbo,mild_master_44,-0.06703604048076672,
902,constant,7.0,6.5834904126239655e-18,0.6079820467329846,2.399480072699121e-09,0.5368830194412593,0.0012882401065198365,23,11,hbo,False,S23_D11 hbo,mild_master_44,,
910,Linear,7.0,8.8309499981003e-18,0.6814761142824328,3.3219248071067555e-13,-0.42805031897570905,-1.4219509732953676e-07,23,19,hbo,False,S23_D19 hbo,mild_master_44,,
911,ShortHbO,7.0,8.8309499981003e-18,3.5162732918483657e-14,0.00217383526913126,185.31763271346716,402850.0059844479,23,19,hbo,True,S23_D19 hbo,mild_master_44,,
912,az_itd=0_az=15,7.0,8.8309499981003e-18,3.0203136022871984e-05,2.225721330988885e-09,9.488818108020938,0.021119464868895797,23,19,hbo,True,S23_D19 hbo,mild_master_44,-0.02515492065769514,
913,az_itd=0_az=5,7.0,8.8309499981003e-18,0.026534419781079188,2.241429789790942e-09,-2.799733286691891,-0.0062754055922605075,23,19,hbo,True,S23_D19 hbo,mild_master_44,-0.013356860511601861,
914,az_itd=15_az=0,7.0,8.8309499981003e-18,2.5665371573550343e-05,2.2366010950113567e-09,9.727228601957044,0.021755930142562913,23,19,hbo,True,S23_D19 hbo,mild_master_44,-0.004301713830613867,
915,az_itd=5_az=0,7.0,8.8309499981003e-18,0.5146571911469209,2.2739360131701576e-09,-0.6862142019937245,-0.0015604071866623511,23,19,hbo,False,S23_D19 hbo,mild_master_44,-0.04087548968393387,
916,constant,7.0,8.8309499981003e-18,0.9587785683524339,2.7790269388409174e-09,0.053564771374178435,0.0001488579426216967,23,19,hbo,False,S23_D19 hbo,mild_master_44,,
966,Linear,7.0,1.3124972102103551e-17,0.47120187929308877,4.04981588413621e-13,0.7615496012728552,3.084135671792406e-07,24,9,hbo,False,S24_D9 hbo,mild_master_44,,
967,ShortHbO,7.0,1.3124972102103551e-17,3.560373032559039e-13,0.0026501601070527694,133.12188015819834,352794.2961711169,24,9,hbo,True,S24_D9 hbo,mild_master_44,,
968,az_itd=0_az=15,7.0,1.3124972102103551e-17,4.115080807664658e-05,2.713415300856899e-09,-9.049860335609791,-0.02455602950526156,24,9,hbo,True,S24_D9 hbo,mild_master_44,-0.05796368592133199,
969,az_itd=0_az=5,7.0,1.3124972102103551e-17,0.014887139392951948,2.732565754183167e-09,-3.2085920987030265,-0.008767688888058586,24,9,hbo,True,S24_D9 hbo,mild_master_44,0.00893101949449216,
970,az_itd=15_az=0,7.0,1.3124972102103551e-17,0.00010948104891037926,2.7266790090117606e-09,-7.773098172977405,-0.02119474362324516,24,9,hbo,True,S24_D9 hbo,mild_master_44,-0.06435555595690194,
971,az_itd=5_az=0,7.0,1.3124972102103551e-17,0.484579393244819,2.772194652312587e-09,-0.7378866253794668,-0.002045565356889939,24,9,hbo,False,S24_D9 hbo,mild_master_44,-0.01330919206819773,
972,constant,7.0,1.3124972102103551e-17,0.533092047068283,3.38795972000419e-09,0.655495025910284,0.0022207907444471453,24,9,hbo,False,S24_D9 hbo,mild_master_44,,
938,Linear,7.0,9.07719707629553e-18,0.6765909678579349,3.3679215534482223e-13,-0.43509750657187424,-1.465374270234995e-07,24,10,hbo,False,S24_D10 hbo,mild_master_44,,
939,ShortHbO,7.0,9.07719707629553e-18,2.1964006747000378e-12,0.0022039350923567748,102.63829915249738,226208.14932200158,24,10,hbo,True,S24_D10 hbo,mild_master_44,,
940,az_itd=0_az=15,7.0,9.07719707629553e-18,0.00486495415503439,2.2565395901106054e-09,4.050949944344522,0.009141128926969768,24,10,hbo,True,S24_D10 hbo,mild_master_44,-0.004037982321178133,
941,az_itd=0_az=5,7.0,9.07719707629553e-18,0.23806458823443416,2.2724655547374147e-09,1.2898919602157732,0.002931235048923068,24,10,hbo,False,S24_D10 hbo,mild_master_44,0.038252229877324434,
942,az_itd=15_az=0,7.0,9.07719707629553e-18,0.26511595760122325,2.267569999850562e-09,-1.2112037187502573,-0.002746489216345521,24,10,hbo,False,S24_D10 hbo,mild_master_44,-0.019133650257341994,
943,az_itd=5_az=0,7.0,9.07719707629553e-18,0.0021782134412609393,2.3054218727449293e-09,4.711829390839759,0.010862754538284397,24,10,hbo,True,S24_D10 hbo,mild_master_44,0.011388028866253671,
944,constant,7.0,9.07719707629553e-18,0.7675322855580564,2.817506496508359e-09,0.3073322703983481,0.0008659106684340093,24,10,hbo,False,S24_D10 hbo,mild_master_44,,
952,Linear,7.0,2.782799724036504e-17,0.3766268905198726,5.896944776892811e-13,-0.9439497200740474,-5.566419371440086e-07,24,19,hbo,False,S24_D19 hbo,mild_master_44,,
953,ShortHbO,7.0,2.782799724036504e-17,6.097765997962484e-09,0.0038589032806235347,32.98198191792794,127274.27822455822,24,19,hbo,True,S24_D19 hbo,mild_master_44,,
954,az_itd=0_az=15,7.0,2.782799724036504e-17,8.5605997183274e-05,3.9510092912142274e-09,8.07892959193006,0.031919925880781234,24,19,hbo,True,S24_D19 hbo,mild_master_44,0.02896931135561784,
955,az_itd=0_az=5,7.0,2.782799724036504e-17,0.00042682859689885833,3.978894303508201e-09,6.243505601153837,0.024842248870352548,24,19,hbo,True,S24_D19 hbo,mild_master_44,0.10447252599186335,
956,az_itd=15_az=0,7.0,2.782799724036504e-17,0.008616138032292978,3.970322602427318e-09,-3.610700800126748,-0.014335646997345628,24,19,hbo,True,S24_D19 hbo,mild_master_44,-0.002542846452983683,
957,az_itd=5_az=0,7.0,2.782799724036504e-17,8.150989126955765e-06,4.036598019065665e-09,11.563343807943959,0.04667657070892181,24,19,hbo,True,S24_D19 hbo,mild_master_44,0.0709241465618285,
958,constant,7.0,2.782799724036504e-17,0.9829341075371796,4.9332147304427885e-09,-0.022166063118262257,-0.000109349949090936,24,19,hbo,False,S24_D19 hbo,mild_master_44,,
693,Linear,7.0,1.2379067340644236e-18,0.008093746828093709,1.243741276557076e-13,-3.65781068167896,-4.549370126635498e-07,1,7,hbr,True,S1_D7 hbr,mild_master_44,,
694,ShortHbO,7.0,1.2379067340644236e-18,2.501883060956424e-09,0.0008138921889110722,-37.482410544115446,-30506.641163413573,1,7,hbr,True,S1_D7 hbr,mild_master_44,,
695,az_itd=0_az=15,7.0,1.2379067340644236e-18,7.50592893411565e-08,8.33318527722915e-10,22.9733149464371,0.019144088988079802,1,7,hbr,True,S1_D7 hbr,mild_master_44,,0.019596845910435
696,az_itd=0_az=5,7.0,1.2379067340644236e-18,2.888217073383797e-07,8.391998344163772e-10,18.898016209763703,0.015859212074031712,1,7,hbr,True,S1_D7 hbr,mild_master_44,,0.01844842949424973
697,az_itd=15_az=0,7.0,1.2379067340644236e-18,4.7556041341156465e-08,8.373919527339207e-10,24.538621410184778,0.020548444100073025,1,7,hbr,True,S1_D7 hbr,mild_master_44,,0.014053647744655633
698,az_itd=5_az=0,7.0,1.2379067340644236e-18,6.755879039866712e-05,8.513702880266523e-10,8.382627552997366,0.0071367200342155185,1,7,hbr,True,S1_D7 hbr,mild_master_44,,0.01300053180085051
699,constant,7.0,1.2379067340644236e-18,0.8652579277257512,1.0404782507737927e-09,-0.17602562273530503,-0.00018315083203499776,1,7,hbr,False,S1_D7 hbr,mild_master_44,,
707,Linear,7.0,5.5420145192972165e-19,0.06940608054520683,8.321850596518399e-14,-2.1422232545819284,-1.7827261869018202e-07,1,8,hbr,False,S1_D8 hbr,mild_master_44,,
708,ShortHbO,7.0,5.5420145192972165e-19,7.414036935746861e-09,0.0005445738052965913,32.068538004279134,17463.685771288645,1,8,hbr,True,S1_D8 hbr,mild_master_44,,
709,az_itd=0_az=15,7.0,5.5420145192972165e-19,1.4734984177025224e-05,5.57571933788155e-10,10.580065830067396,0.005899147764476659,1,8,hbr,True,S1_D8 hbr,mild_master_44,,0.00756401989545396
710,az_itd=0_az=5,7.0,5.5420145192972165e-19,0.023481092272820914,5.61507105558829e-10,-2.8850654399896403,-0.0016199847445563925,1,8,hbr,True,S1_D8 hbr,mild_master_44,,-0.0042097228127886
711,az_itd=15_az=0,7.0,5.5420145192972165e-19,1.3536740359624375e-08,5.602974551643971e-10,29.409067828715344,0.01647782586318635,1,8,hbr,True,S1_D8 hbr,mild_master_44,,0.0066906738765166425
712,az_itd=5_az=0,7.0,5.5420145192972165e-19,1.5735589594530666e-05,5.696503342628672e-10,10.475738093172984,0.005967507706426242,1,8,hbr,True,S1_D8 hbr,mild_master_44,,0.0027904147642250363
713,constant,7.0,5.5420145192972165e-19,0.8752030797240649,6.961821332998876e-10,-0.16289619433995972,-0.00011340542008202623,1,8,hbr,False,S1_D8 hbr,mild_master_44,,
987,Linear,7.0,1.858803921431802e-18,0.01816254823047636,1.5240628428182796e-13,-3.0662689360174196,-4.67318655147209e-07,2,6,hbr,True,S2_D6 hbr,mild_master_44,,
988,ShortHbO,7.0,1.858803921431802e-18,3.657611868216387e-12,0.0009973318941485473,-95.42198882830508,-95167.39286155502,2,6,hbr,True,S2_D6 hbr,mild_master_44,,
989,az_itd=0_az=15,7.0,1.858803921431802e-18,2.3014049752017794e-07,1.0211366529944435e-09,19.531893783268476,0.01994473264448975,2,6,hbr,True,S2_D6 hbr,mild_master_44,,0.021943701996527162
990,az_itd=0_az=5,7.0,1.858803921431802e-18,1.2108208623932096e-06,1.0283435224356e-09,15.331195709226726,0.015765735798775767,2,6,hbr,True,S2_D6 hbr,mild_master_44,,0.018062534194427923
991,az_itd=15_az=0,7.0,1.858803921431802e-18,3.0761424539086204e-05,1.0261281699757452e-09,9.462318828488945,0.009709551903204399,2,6,hbr,True,S2_D6 hbr,mild_master_44,,0.023970878759696532
992,az_itd=5_az=0,7.0,1.858803921431802e-18,8.629638260555773e-07,1.0432570229177983e-09,16.11078430242763,0.016807688868221444,2,6,hbr,True,S2_D6 hbr,mild_master_44,,0.031794146058101005
993,constant,7.0,1.858803921431802e-18,0.9626654483706462,1.2749872265673947e-09,-0.048509239155364245,-6.184866029359233e-05,2,6,hbr,False,S2_D6 hbr,mild_master_44,,
1001,Linear,7.0,3.519110388718068e-19,0.02752491909524628,6.631358850404294e-14,-2.7742554444061924,-1.8397083394545302e-07,2,7,hbr,True,S2_D7 hbr,mild_master_44,,
1002,ShortHbO,7.0,3.519110388718068e-19,3.896899287230365e-12,0.00043394967039695896,-94.56144521513063,-41034.907983366036,2,7,hbr,True,S2_D7 hbr,mild_master_44,,
1003,az_itd=0_az=15,7.0,3.519110388718068e-19,2.970946210837775e-07,4.4430737309920216e-10,18.820600774273505,0.008362131690166271,2,7,hbr,True,S2_D7 hbr,mild_master_44,,0.012884610420946747
1004,az_itd=0_az=5,7.0,3.519110388718068e-19,2.0756205433943965e-06,4.47443158324695e-10,14.163853876469004,0.006337519512536765,2,7,hbr,True,S2_D7 hbr,mild_master_44,,0.00833899865003812
1005,az_itd=15_az=0,7.0,3.519110388718068e-19,0.013787622722574486,4.4647923500547955e-10,3.2640213617191858,0.0014573177606219255,2,7,hbr,True,S2_D7 hbr,mild_master_44,,0.010504005959801808
1006,az_itd=5_az=0,7.0,3.519110388718068e-19,1.5790959531137117e-07,4.5393218034102175e-10,20.628804706298,0.009364078298158983,2,7,hbr,True,S2_D7 hbr,mild_master_44,,0.01356163848831993
1007,constant,7.0,3.519110388718068e-19,0.9056995253616285,5.547604463222406e-10,-0.12282265094067692,-6.81371486543307e-05,2,7,hbr,False,S2_D7 hbr,mild_master_44,,
1015,Linear,7.0,1.5800476306276346e-18,0.004639322137944094,1.4051451038195674e-13,-4.08856768798854,-5.745030868411986e-07,2,8,hbr,True,S2_D8 hbr,mild_master_44,,
1016,ShortHbO,7.0,1.5800476306276346e-18,5.820757466300143e-13,0.0009195132829001203,-124.0909850092369,-114103.30900415304,2,8,hbr,True,S2_D8 hbr,mild_master_44,,
1017,az_itd=0_az=15,7.0,1.5800476306276346e-18,4.9348287678435336e-08,9.414606327076013e-10,24.407940854541266,0.02297911544000613,2,8,hbr,True,S2_D8 hbr,mild_master_44,,0.031130628774619865
1018,az_itd=0_az=5,7.0,1.5800476306276346e-18,1.0123822891551653e-07,9.481051732243045e-10,22.000496834163965,0.020858784861975788,2,8,hbr,True,S2_D8 hbr,mild_master_44,,0.03402347660685772
1019,az_itd=15_az=0,7.0,1.5800476306276346e-18,2.693689929077165e-07,9.460626776166802e-10,19.09047484513715,0.01806078574896433,2,8,hbr,True,S2_D8 hbr,mild_master_44,,0.021030858982571
1020,az_itd=5_az=0,7.0,1.5800476306276346e-18,7.919917156928374e-08,9.618550210616946e-10,22.79571685553667,0.021926174716198652,2,8,hbr,True,S2_D8 hbr,mild_master_44,,0.02859578485238811
1021,constant,7.0,1.5800476306276346e-18,0.5402457235192786,1.175504059616574e-09,-0.643752982853087,-0.0007567342447340825,2,8,hbr,False,S2_D8 hbr,mild_master_44,,
1029,Linear,7.0,2.313453887734564e-18,0.009484077841638553,1.7002645839855187e-13,-3.538881822029125,-6.017035428906265e-07,3,5,hbr,True,S3_D5 hbr,mild_master_44,,
1030,ShortHbO,7.0,2.313453887734564e-18,2.9000282830943916e-13,0.0011126365990028655,-137.082303274547,-152522.78769887134,3,5,hbr,True,S3_D5 hbr,mild_master_44,,
1031,az_itd=0_az=15,7.0,2.313453887734564e-18,8.357749249192806e-08,1.1391935015523355e-09,22.619064118047735,0.025767490854475588,3,5,hbr,True,S3_D5 hbr,mild_master_44,,0.024205575967434077
1032,az_itd=0_az=5,7.0,2.313453887734564e-18,2.798920939635862e-07,1.1472335800372533e-09,18.984466945180216,0.021779617978617997,3,5,hbr,True,S3_D5 hbr,mild_master_44,,0.023448283944054765
1033,az_itd=15_az=0,7.0,2.313453887734564e-18,4.211995741255819e-06,1.1447621036501174e-09,12.757529599377628,0.014604336421562173,3,5,hbr,True,S3_D5 hbr,mild_master_44,,0.018286697863185
1034,az_itd=5_az=0,7.0,2.313453887734564e-18,1.1432878423268898e-06,1.1638712776312992e-09,15.46072528765022,0.017994294093644,3,5,hbr,True,S3_D5 hbr,mild_master_44,,0.013921326446046508
1035,constant,7.0,2.313453887734564e-18,0.7272132830869342,1.4223925454135224e-09,-0.36314729581316724,-0.0005165380064517283,3,5,hbr,False,S3_D5 hbr,mild_master_44,,
1043,Linear,7.0,6.323965459685041e-19,0.028768638609896237,8.889571544890787e-14,-2.743592875956791,-2.4389365160870573e-07,3,6,hbr,True,S3_D6 hbr,mild_master_44,,
1044,ShortHbO,7.0,6.323965459685041e-19,1.0411013046053985e-10,0.000581724911726102,-59.109049956058826,-34385.206867902074,3,6,hbr,True,S3_D6 hbr,mild_master_44,,
1045,az_itd=0_az=15,7.0,6.323965459685041e-19,2.1168316833261005e-06,5.956097792607079e-10,14.122898859708522,0.008411736672352295,3,6,hbr,True,S3_D6 hbr,mild_master_44,,0.006198143493211586
1046,az_itd=0_az=5,7.0,6.323965459685041e-19,7.498112228199187e-07,5.998134104832483e-10,16.445273155843186,0.009864095377934912,3,6,hbr,True,S3_D6 hbr,mild_master_44,,0.005231866614247859
1047,az_itd=15_az=0,7.0,6.323965459685041e-19,3.7279976689541926e-05,5.985212371137689e-10,9.188106963488499,0.005499277146520771,3,6,hbr,True,S3_D6 hbr,mild_master_44,,0.013192365091435228
1048,az_itd=5_az=0,7.0,6.323965459685041e-19,9.640161586635209e-07,6.085121744578434e-10,15.85183188174001,0.00964603268749778,3,6,hbr,True,S3_D6 hbr,mild_master_44,,0.015106963605071994
1049,constant,7.0,6.323965459685041e-19,0.8852844115867343,7.436760382159745e-10,-0.1496195231879646,-0.00011126845424418864,3,6,hbr,False,S3_D6 hbr,mild_master_44,,
1057,Linear,7.0,2.2498206435977867e-18,0.011129125347655441,1.6767180271317105e-13,-3.420415542967826,-5.735072401175651e-07,3,7,hbr,True,S3_D7 hbr,mild_master_44,,
1058,ShortHbO,7.0,2.2498206435977867e-18,1.6217259452722127e-12,0.0010972279613221127,-107.18629288426958,-117607.79762308198,3,7,hbr,True,S3_D7 hbr,mild_master_44,,
1059,az_itd=0_az=15,7.0,2.2498206435977867e-18,5.300044196170075e-08,1.1234170836909968e-09,24.157657439908785,0.027139125069948436,3,7,hbr,True,S3_D7 hbr,mild_master_44,,0.035556643373661156
1060,az_itd=0_az=5,7.0,2.2498206435977867e-18,5.006479053859247e-07,1.1313458170553154e-09,17.44390352402011,0.019735087285016627,3,7,hbr,True,S3_D7 hbr,mild_master_44,,0.033126072847401246
1061,az_itd=15_az=0,7.0,2.2498206435977867e-18,7.072712694676328e-05,1.1289085675525192e-09,8.323105383516904,0.009396024976094729,3,7,hbr,True,S3_D7 hbr,mild_master_44,,0.016902784815774403
1062,az_itd=5_az=0,7.0,2.2498206435977867e-18,4.0039135720357685e-07,1.1477531031616409e-09,18.021110220235784,0.020683785177693582,3,7,hbr,True,S3_D7 hbr,mild_master_44,,0.027667591509412115
1063,constant,7.0,2.2498206435977867e-18,0.8192103062164222,1.402694171845978e-09,-0.23731231890997592,-0.00033287660664227734,3,7,hbr,False,S3_D7 hbr,mild_master_44,,
1071,Linear,7.0,4.463519574072076e-18,0.014768854627218025,2.3617004197027297e-13,-3.2143411406703564,-7.591310820988932e-07,4,2,hbr,True,S4_D2 hbr,mild_master_44,,
1072,ShortHbO,7.0,4.463519574072076e-18,2.2022594167570943e-11,0.0015454737736653728,-73.81888004834873,-114085.14311607303,4,2,hbr,True,S4_D2 hbr,mild_master_44,,
1073,az_itd=0_az=15,7.0,4.463519574072076e-18,1.9108860113589548e-08,1.5823618253767542e-09,27.985363166274627,0.04428297034361771,4,2,hbr,True,S4_D2 hbr,mild_master_44,,0.0578703937948975
1074,az_itd=0_az=5,7.0,4.463519574072076e-18,7.985202983325404e-08,1.5935296500265881e-09,22.768678449973965,0.03628256420195493,4,2,hbr,True,S4_D2 hbr,mild_master_44,,0.022446193881660154
1075,az_itd=15_az=0,7.0,4.463519574072076e-18,4.4100354597319256e-07,1.5900967214837244e-09,17.769343795605167,0.028254975312308934,4,2,hbr,True,S4_D2 hbr,mild_master_44,,0.031404275998761166
1076,az_itd=5_az=0,7.0,4.463519574072076e-18,0.0002896796400201529,1.6166397340457705e-09,6.653147890235526,0.01075574323583754,4,2,hbr,True,S4_D2 hbr,mild_master_44,,0.015893512201525153
1077,constant,7.0,4.463519574072076e-18,0.3833620069555382,1.9757307792713282e-09,-0.9299183119471491,-0.001837268231122019,4,2,hbr,False,S4_D2 hbr,mild_master_44,,
1085,Linear,7.0,8.89698440534129e-19,0.013251608486385872,1.0544051042413341e-13,-3.2927860636975774,-3.4719304327374564e-07,4,3,hbr,True,S4_D3 hbr,mild_master_44,,
1086,ShortHbO,7.0,8.89698440534129e-19,5.74664017287746e-10,0.0006899924401203264,-46.28303806922561,-31934.94637356694,4,3,hbr,True,S4_D3 hbr,mild_master_44,,
1087,az_itd=0_az=15,7.0,8.89698440534129e-19,1.595447367999503e-07,7.06461484917674e-10,20.59802504175327,0.01455171135736845,4,3,hbr,True,S4_D3 hbr,mild_master_44,,0.0158311102493946
1088,az_itd=0_az=5,7.0,8.89698440534129e-19,1.3473683240499287e-07,7.114474734943028e-10,21.10865642258019,0.015017700280703962,4,3,hbr,True,S4_D3 hbr,mild_master_44,,0.0050315392940024645
1089,az_itd=15_az=0,7.0,8.89698440534129e-19,1.2842710579693372e-06,7.099148077303076e-10,15.199345871529205,0.0107902407020131,4,3,hbr,True,S4_D3 hbr,mild_master_44,,0.017845692127357867
1090,az_itd=5_az=0,7.0,8.89698440534129e-19,5.488815724567714e-07,7.217652048822402e-10,17.21151299541264,0.012422671203467345,4,3,hbr,True,S4_D3 hbr,mild_master_44,,0.019520840617619033
1091,constant,7.0,8.89698440534129e-19,0.6405209500665863,8.820850438484551e-10,-0.4879144608642467,-0.00043038204860573444,4,3,hbr,False,S4_D3 hbr,mild_master_44,,
1099,Linear,7.0,2.831055823722397e-18,0.004085152287532448,1.8808765915080186e-13,-4.190178183769518,-7.881208060099671e-07,4,4,hbr,True,S4_D4 hbr,mild_master_44,,
1100,ShortHbO,7.0,2.831055823722397e-18,1.8715411643695996e-12,0.0012308273392451063,-105.01358660039791,-129253.59337995332,4,4,hbr,True,S4_D4 hbr,mild_master_44,,
1101,az_itd=0_az=15,7.0,2.831055823722397e-18,9.907946472331541e-09,1.2602052706675037e-09,30.759259664589308,0.0387629811511458,4,4,hbr,True,S4_D4 hbr,mild_master_44,,0.03773549163205865
1102,az_itd=0_az=5,7.0,2.831055823722397e-18,5.812844533285066e-08,1.2690994131195691e-09,23.83763058117328,0.0302523229807281,4,4,hbr,True,S4_D4 hbr,mild_master_44,,0.022246362608484466
1103,az_itd=15_az=0,7.0,2.831055823722397e-18,4.838488293905228e-07,1.2663654021151573e-09,17.530899578594173,0.022200524694286853,4,4,hbr,True,S4_D4 hbr,mild_master_44,,0.042010503344447114
1104,az_itd=5_az=0,7.0,2.831055823722397e-18,1.8266319989556376e-07,1.287504463860482e-09,20.19782898854738,0.026004794983045396,4,4,hbr,True,S4_D4 hbr,mild_master_44,,0.040002910949622224
1105,constant,7.0,2.831055823722397e-18,0.40102220238207703,1.5734873664971819e-09,-0.8939819146209829,-0.0014066692485330788,4,4,hbr,False,S4_D4 hbr,mild_master_44,,
1113,Linear,7.0,1.6226230266779123e-18,0.6540685433156492,1.423950532491737e-13,-0.46790833795123077,-6.662783269829787e-08,5,1,hbr,False,S5_D1 hbr,mild_master_44,,
1114,ShortHbO,7.0,1.6226230266779123e-18,9.44972076308431e-10,0.0009318193724332845,-43.09905034720019,-40160.53004699861,5,1,hbr,True,S5_D1 hbr,mild_master_44,,
1115,az_itd=0_az=15,7.0,1.6226230266779123e-18,0.01435937208147417,9.540604494296698e-10,3.2346307401157697,0.0030860332576538767,5,1,hbr,True,S5_D1 hbr,mild_master_44,,0.007921289344444585
1116,az_itd=0_az=5,7.0,1.6226230266779123e-18,0.10153936723351008,9.6079391559e-10,1.8841859415302964,0.0018103143884625242,5,1,hbr,False,S5_D1 hbr,mild_master_44,,-0.004765360912637729
1117,az_itd=15_az=0,7.0,1.6226230266779123e-18,3.362487644989383e-05,9.587240847232924e-10,9.334461659709527,0.008949173211089682,5,1,hbr,True,S5_D1 hbr,mild_master_44,,0.009521301923017915
1118,az_itd=5_az=0,7.0,1.6226230266779123e-18,0.0084735296955081,9.747277812786825e-10,-3.623247709382961,-0.0035316802007899217,5,1,hbr,True,S5_D1 hbr,mild_master_44,,0.02092513709450316
1119,constant,7.0,1.6226230266779123e-18,0.7260340810563015,1.1912361414399214e-09,-0.36479802686901075,-0.0004345605939323371,5,1,hbr,False,S5_D1 hbr,mild_master_44,,
1127,Linear,7.0,1.073789425537139e-18,0.0754880119990505,1.1583655854847458e-13,-2.085336566527598,-2.4155821128184907e-07,5,2,hbr,False,S5_D2 hbr,mild_master_44,,
1128,ShortHbO,7.0,1.073789425537139e-18,6.382649807112381e-09,0.0007580231674382084,-32.76631132999531,-24837.623099629498,5,2,hbr,True,S5_D2 hbr,mild_master_44,,
1129,az_itd=0_az=15,7.0,1.073789425537139e-18,3.4255611998176903e-06,7.761159997303854e-10,13.154144423850491,0.010209141950114598,5,2,hbr,True,S5_D2 hbr,mild_master_44,,0.015612744689242957
1130,az_itd=0_az=5,7.0,1.073789425537139e-18,1.403327524361207e-06,7.815935885181812e-10,15.002888792903757,0.011726161689784851,5,2,hbr,True,S5_D2 hbr,mild_master_44,,0.0022491282216195677
1131,az_itd=15_az=0,7.0,1.073789425537139e-18,2.6956904487668324e-06,7.799098075236459e-10,13.628335882412443,0.010628872814919884,5,2,hbr,True,S5_D2 hbr,mild_master_44,,0.01707461116492053
1132,az_itd=5_az=0,7.0,1.073789425537139e-18,0.00027443086962818396,7.929286104295764e-10,6.71186535174403,0.005322030066748813,5,2,hbr,True,S5_D2 hbr,mild_master_44,,0.01598674857712397
1133,constant,7.0,1.073789425537139e-18,0.6335606630419426,9.690553983044712e-10,-0.49827693978566395,-0.0004828579583499296,5,2,hbr,False,S5_D2 hbr,mild_master_44,,
1141,Linear,7.0,1.7946313368997574e-18,0.017326591923860345,1.497523714090885e-13,-3.0998228796037,-4.6420582716880356e-07,5,3,hbr,True,S5_D3 hbr,mild_master_44,,
1142,ShortHbO,7.0,1.7946313368997574e-18,1.0628289944773643e-10,0.0009799649465535257,-58.93458157133645,-57753.82407970913,5,3,hbr,True,S5_D3 hbr,mild_master_44,,
1143,az_itd=0_az=15,7.0,1.7946313368997574e-18,1.0179968855751979e-08,1.0033551834114915e-09,30.63969175796162,0.030742493543481148,5,3,hbr,True,S5_D3 hbr,mild_master_44,,0.03416113820900355
1144,az_itd=0_az=5,7.0,1.7946313368997574e-18,5.367102440689953e-07,1.010436556691698e-09,17.26789368790119,0.017448111039321184,5,3,hbr,True,S5_D3 hbr,mild_master_44,,0.008296315301300554
1145,az_itd=15_az=0,7.0,1.7946313368997574e-18,2.9654701617847797e-06,1.008259781069003e-09,13.437695819772943,0.013548688245316123,5,3,hbr,True,S5_D3 hbr,mild_master_44,,0.02272724135866706
1146,az_itd=5_az=0,7.0,1.7946313368997574e-18,2.7293349531671996e-05,1.0250903622991485e-09,9.636557555465073,0.009878342275848289,5,3,hbr,True,S5_D3 hbr,mild_master_44,,0.01398226706546775
1147,constant,7.0,1.7946313368997574e-18,0.549904439275888,1.2527853532712222e-09,-0.6280493241589572,-0.0007868109944382315,5,3,hbr,False,S5_D3 hbr,mild_master_44,,
1155,Linear,7.0,4.782813578118994e-19,0.5717898219357935,7.730860055318638e-14,0.5930694269311259,4.5849367426925567e-08,6,1,hbr,False,S6_D1 hbr,mild_master_44,,
1156,ShortHbO,7.0,4.782813578118994e-19,2.989978345985779e-12,0.0005058999593553901,-98.2111941883181,-49685.03914811446,6,1,hbr,True,S6_D1 hbr,mild_master_44,,
1157,az_itd=0_az=15,7.0,4.782813578118994e-19,1.2211624867486187e-05,5.179750033836222e-10,-10.883497619802396,-0.00563737971644279,6,1,hbr,True,S6_D1 hbr,mild_master_44,,0.0022838517474285587
1158,az_itd=0_az=5,7.0,4.782813578118994e-19,0.21040829053047042,5.216307121589575e-10,-1.378782437324256,-0.0007192152646937149,6,1,hbr,False,S6_D1 hbr,mild_master_44,,0.0035169662544815095
1159,az_itd=15_az=0,7.0,4.782813578118994e-19,0.004322263956945713,5.205069671689757e-10,4.144958308507737,0.00215747967820321,6,1,hbr,True,S6_D1 hbr,mild_master_44,,0.007118777307150034
1160,az_itd=5_az=0,7.0,4.782813578118994e-19,0.00021291229341202598,5.291956354628812e-10,-6.992804909760589,-0.00370056183788871,6,1,hbr,True,S6_D1 hbr,mild_master_44,,0.01539227292872877
1161,constant,7.0,4.782813578118994e-19,0.9233342966273226,6.467415610424818e-10,-0.09975674665166977,-6.451683405402027e-05,6,1,hbr,False,S6_D1 hbr,mild_master_44,,
1169,Linear,7.0,1.1361048207094437e-18,0.4628152824502634,1.191503400852463e-13,-0.7766164099570441,-9.253410936216486e-08,6,2,hbr,False,S6_D2 hbr,mild_master_44,,
1170,ShortHbO,7.0,1.1361048207094437e-18,2.553842915420036e-12,0.0007797082313608452,-100.44981516963392,-78321.54772643906,6,2,hbr,True,S6_D2 hbr,mild_master_44,,
1171,az_itd=0_az=15,7.0,1.1361048207094437e-18,0.010942029506862405,7.983186523516941e-10,3.4329022368414526,0.0027405498873703847,6,2,hbr,True,S6_D2 hbr,mild_master_44,,0.014046579059446682
1172,az_itd=0_az=5,7.0,1.1361048207094437e-18,9.929631348496464e-05,8.039529406548973e-10,7.893330550513412,0.0063458663076463966,6,2,hbr,True,S6_D2 hbr,mild_master_44,,0.005738810076837316
1173,az_itd=15_az=0,7.0,1.1361048207094437e-18,0.0001545503783965563,8.022209910817925e-10,7.3604096916684325,0.005904675157618281,6,2,hbr,True,S6_D2 hbr,mild_master_44,,0.012298566680157996
1174,az_itd=5_az=0,7.0,1.1361048207094437e-18,0.0811037434375118,8.156122279519321e-10,-2.0367264291593896,-0.0016611789806152725,6,2,hbr,False,S6_D2 hbr,mild_master_44,,0.026835683342033748
1175,constant,7.0,1.1361048207094437e-18,0.7067399353873058,9.967775434307568e-10,-0.39197051150880974,-0.00039070740355904855,6,2,hbr,False,S6_D2 hbr,mild_master_44,,
1211,Linear,7.0,1.5105330797563892e-18,0.012998724019667384,1.373887604328672e-13,-3.306793135516564,-4.5431620989653495e-07,7,7,hbr,True,S7_D7 hbr,mild_master_44,,
1212,ShortHbO,7.0,1.5105330797563892e-18,5.508315750526725e-11,0.0008990586793904938,-64.74624414456682,-58210.67275610875,7,7,hbr,True,S7_D7 hbr,mild_master_44,,
1213,az_itd=0_az=15,7.0,1.5105330797563892e-18,3.558182719465987e-08,9.205178096727677e-10,25.587340941105467,0.023553603038456734,7,7,hbr,True,S7_D7 hbr,mild_master_44,,0.03194937959227302
1214,az_itd=0_az=5,7.0,1.5105330797563892e-18,0.0008258554355423907,9.270145421650515e-10,5.588477329810681,0.005180599753294218,7,7,hbr,True,S7_D7 hbr,mild_master_44,,0.017326409197356785
1215,az_itd=15_az=0,7.0,1.5105330797563892e-18,1.3365782490048641e-06,9.250174819400379e-10,15.110581133663775,0.01397755171091231,7,7,hbr,True,S7_D7 hbr,mild_master_44,,0.01709287466628115
1216,az_itd=5_az=0,7.0,1.5105330797563892e-18,9.154161844988678e-08,9.40458524180749e-10,22.323284476017925,0.020994123173182843,7,7,hbr,True,S7_D7 hbr,mild_master_44,,0.016401608656232997
1217,constant,7.0,1.5105330797563892e-18,0.8111222066965983,1.1493549327789739e-09,-0.24817481405254385,-0.00028524094672279583,7,7,hbr,False,S7_D7 hbr,mild_master_44,,
1225,Linear,7.0,6.430672504335642e-19,0.013938779790373532,8.964256635263878e-14,-3.256125987308288,-2.9188748986983465e-07,7,8,hbr,True,S7_D8 hbr,mild_master_44,,
1226,ShortHbO,7.0,6.430672504335642e-19,1.9110307122907357e-11,0.0005866122313663284,-75.3316385153538,-44190.460561973334,7,8,hbr,True,S7_D8 hbr,mild_master_44,,
1227,az_itd=0_az=15,7.0,6.430672504335642e-19,5.64313920215974e-08,6.006137516081432e-10,23.939847748702,0.01437860176927567,7,8,hbr,True,S7_D8 hbr,mild_master_44,,0.017451707624399487
1228,az_itd=0_az=5,7.0,6.430672504335642e-19,8.91455587337506e-05,6.048526993334156e-10,8.027888491019514,0.004855690023740813,7,8,hbr,True,S7_D8 hbr,mild_master_44,,0.016680671871464846
1229,az_itd=15_az=0,7.0,6.430672504335642e-19,2.800583020518793e-08,6.03549669863123e-10,26.485958402353393,0.0159855914497488,7,8,hbr,True,S7_D8 hbr,mild_master_44,,0.015080264377930917
1230,az_itd=5_az=0,7.0,6.430672504335642e-19,4.5056568680586856e-06,6.136245453424255e-10,12.630609005089845,0.007750451708146201,7,8,hbr,True,S7_D8 hbr,mild_master_44,,0.011445436238277987
1231,constant,7.0,6.430672504335642e-19,0.7260380962983466,7.499239784954341e-10,-0.3647924041577204,-0.00027356657105087205,7,8,hbr,False,S7_D8 hbr,mild_master_44,,
1183,Linear,7.0,1.5770768237901524e-18,0.0722322816611666,1.4038235048271014e-13,-2.115194177144665,-2.9693593031491003e-07,7,17,hbr,False,S7_D17 hbr,mild_master_44,,
1184,ShortHbO,7.0,1.5770768237901524e-18,2.7634043655729873e-11,0.0009186484413795282,-71.46091291737623,-65647.45627110587,7,17,hbr,True,S7_D17 hbr,mild_master_44,,
1185,az_itd=0_az=15,7.0,1.5770768237901524e-18,2.3458107731161253e-06,9.4057514876701e-10,13.910741737008077,0.013084097978745827,7,17,hbr,True,S7_D17 hbr,mild_master_44,,0.024706633025858415
1186,az_itd=0_az=5,7.0,1.5770768237901524e-18,2.8912398990130408e-05,9.472134398095283e-10,9.552269265765931,0.009048037829212985,7,17,hbr,True,S7_D17 hbr,mild_master_44,,0.019946402084108018
1187,az_itd=15_az=0,7.0,1.5770768237901524e-18,1.2413172376491043e-05,9.451728652562705e-10,10.856745812655136,0.010261501547106271,7,17,hbr,True,S7_D17 hbr,mild_master_44,,0.0261648964329987
1188,az_itd=5_az=0,7.0,1.5770768237901524e-18,2.4657902134250436e-07,9.609503553276875e-10,19.337196663917315,0.018582086005232715,7,17,hbr,True,S7_D17 hbr,mild_master_44,,0.0343590841087297
1189,constant,7.0,1.5770768237901524e-18,0.5594003393354352,1.1743984478355516e-09,-0.6127720533771726,-0.0007196385483631552,7,17,hbr,False,S7_D17 hbr,mild_master_44,,
1197,Linear,7.0,8.740873192921045e-19,0.4979396707767475,1.045113589491105e-13,-0.7146835213195308,-7.469254603163976e-08,7,18,hbr,False,S7_D18 hbr,mild_master_44,,
1198,ShortHbO,7.0,8.740873192921045e-19,1.1490344914050882e-10,0.000683912163280679,-58.28045263689609,-39858.710439876755,7,18,hbr,True,S7_D18 hbr,mild_master_44,,
1199,az_itd=0_az=15,7.0,8.740873192921045e-19,0.0007762208440662956,7.002360813406451e-10,5.647842523145766,0.0039548231164366525,7,18,hbr,True,S7_D18 hbr,mild_master_44,,0.006321587143700964
1200,az_itd=0_az=5,7.0,8.740873192921045e-19,0.47387575729115017,7.051781329273846e-10,0.7567841396544802,0.0005336676266306035,7,18,hbr,False,S7_D18 hbr,mild_master_44,,0.0046314501832791935
1201,az_itd=15_az=0,7.0,8.740873192921045e-19,0.03846024596814032,7.036589731550583e-10,2.543618622655544,0.001789840068115884,7,18,hbr,True,S7_D18 hbr,mild_master_44,,0.014714397479053804
1202,az_itd=5_az=0,7.0,8.740873192921045e-19,0.0004960206452205329,7.154049435174293e-10,6.089851038644808,0.004356709538331247,7,18,hbr,True,S7_D18 hbr,mild_master_44,,0.015165529816157909
1203,constant,7.0,8.740873192921045e-19,0.9654812138466766,8.743120293183599e-10,-0.04484776207332345,-3.9210937868714404e-05,7,18,hbr,False,S7_D18 hbr,mild_master_44,,
1281,Linear,7.0,1.0776871678148944e-17,0.40146846981776263,3.6697158763598756e-13,-0.8930891329559865,-3.2773833702130595e-07,8,6,hbr,False,S8_D6 hbr,mild_master_44,,
1282,ShortHbO,7.0,1.0776871678148944e-17,2.6684276004980457e-10,0.0024014263606014436,-51.658289066003725,-124053.57710667067,8,6,hbr,True,S8_D6 hbr,mild_master_44,,
1283,az_itd=0_az=15,7.0,1.0776871678148944e-17,0.4547279741416508,2.458744667311267e-09,0.7913233366788595,0.001945662034178104,8,6,hbr,False,S8_D6 hbr,mild_master_44,,-0.004291906322733695
1284,az_itd=0_az=5,7.0,1.0776871678148944e-17,0.5365400141948444,2.4760977333817966e-09,0.6498234790603927,0.001609026443599712,8,6,hbr,False,S8_D6 hbr,mild_master_44,,-0.006562985349791946
1285,az_itd=15_az=0,7.0,1.0776871678148944e-17,0.9742723785674592,2.4707634952747714e-09,-0.03342034569160412,-8.257377013427892e-05,8,6,hbr,False,S8_D6 hbr,mild_master_44,,-0.0006290946481579867
1286,az_itd=5_az=0,7.0,1.0776871678148944e-17,0.00658221901452689,2.5120072168716115e-09,3.8153165069814086,0.009584102600186686,8,6,hbr,True,S8_D6 hbr,mild_master_44,,0.0074299586228781045
1287,constant,7.0,1.0776871678148944e-17,0.31101178737036295,3.069978964147144e-09,-1.0919360107378622,-0.003352220583159987,8,6,hbr,False,S8_D6 hbr,mild_master_44,,
1295,Linear,7.0,2.1389463106964183e-18,0.6433033159532616,1.6348805485926673e-13,-0.483788284013761,-7.909360551711228e-08,8,7,hbr,False,S8_D7 hbr,mild_master_44,,
1296,ShortHbO,7.0,2.1389463106964183e-18,2.1232468020027854e-08,0.0010698499224739348,27.56387645401257,29489.211087406464,8,7,hbr,True,S8_D7 hbr,mild_master_44,,
1297,az_itd=0_az=15,7.0,2.1389463106964183e-18,0.08414491503842433,1.095385573700185e-09,2.0117769606857485,0.0022036714602375732,8,7,hbr,False,S8_D7 hbr,mild_master_44,,0.001427742832062614
1298,az_itd=0_az=5,7.0,2.1389463106964183e-18,0.00022498208951078134,1.1031164692607681e-09,6.931013894779777,0.007645715576006793,8,7,hbr,True,S8_D7 hbr,mild_master_44,,-0.004297402003148336
1299,az_itd=15_az=0,7.0,2.1389463106964183e-18,0.005128285431580321,1.1007400340225754e-09,4.009389628662288,0.004413295676263487,8,7,hbr,True,S8_D7 hbr,mild_master_44,,0.0021797691878326733
1300,az_itd=5_az=0,7.0,2.1389463106964183e-18,2.538222583731855e-05,1.1191143606631245e-09,9.743663414542828,0.010904273652682775,8,7,hbr,True,S8_D7 hbr,mild_master_44,,0.01299054311849852
1301,constant,7.0,2.1389463106964183e-18,0.3605823381200563,1.3676941382315978e-09,0.9781592123616459,0.0013378226210042597,8,7,hbr,False,S8_D7 hbr,mild_master_44,,
1309,Linear,7.0,3.1098446045550745e-17,0.24006817305334624,6.233836810666046e-13,-1.2838078169504317,-8.003048427126418e-07,8,8,hbr,False,S8_D8 hbr,mild_master_44,,
1310,ShortHbO,7.0,3.1098446045550745e-17,6.45573594754667e-08,0.00407936214933088,-23.47916572133525,-95780.01994148208,8,8,hbr,True,S8_D8 hbr,mild_master_44,,
1311,az_itd=0_az=15,7.0,3.1098446045550745e-17,0.005191085001931065,4.176730169725738e-09,3.999822669515803,0.01670618001731959,8,8,hbr,True,S8_D8 hbr,mild_master_44,,0.011117318161176275
1312,az_itd=0_az=5,7.0,3.1098446045550745e-17,0.07068781171696396,4.206208250779711e-09,2.129831240121008,0.00895851373496537,8,8,hbr,False,S8_D8 hbr,mild_master_44,,0.02050245715183576
1313,az_itd=15_az=0,7.0,3.1098446045550745e-17,0.004957408200588659,4.197146849028517e-09,4.036083942857449,0.016940037003178733,8,8,hbr,True,S8_D8 hbr,mild_master_44,,0.01446065470008346
1314,az_itd=5_az=0,7.0,3.1098446045550745e-17,0.02967663739222138,4.267208575484102e-09,2.722071434589993,0.011615646568762728,8,8,hbr,True,S8_D8 hbr,mild_master_44,,0.015271626378388926
1315,constant,7.0,3.1098446045550745e-17,0.2781602011626118,5.215048935519857e-09,-1.1756681100689588,-0.006131166725939765,8,8,hbr,False,S8_D8 hbr,mild_master_44,,
1239,Linear,7.0,9.197269467335743e-18,0.5383030533405038,3.390123662714668e-13,-0.6469321561412081,-2.1931800107053297e-07,8,16,hbr,False,S8_D16 hbr,mild_master_44,,
1240,ShortHbO,7.0,9.197269467335743e-18,1.7104650297653698e-08,0.0022184639366187677,-28.435379353045974,-63082.8636188064,8,16,hbr,True,S8_D16 hbr,mild_master_44,,
1241,az_itd=0_az=15,7.0,9.197269467335743e-18,0.0003602349926354266,2.2714152152546652e-09,6.42038703523413,0.014583364799654594,8,16,hbr,True,S8_D16 hbr,mild_master_44,,0.02750282452772259
1242,az_itd=0_az=5,7.0,9.197269467335743e-18,2.7367315223273242e-05,2.287446167483236e-09,9.632584602091361,0.022034018731011917,8,16,hbr,True,S8_D16 hbr,mild_master_44,,0.019331103778626395
1243,az_itd=15_az=0,7.0,9.197269467335743e-18,0.0024091102606253515,2.2825183399787486e-09,4.625969914637342,0.01055886117034966,8,16,hbr,True,S8_D16 hbr,mild_master_44,,0.017184841104694377
1244,az_itd=5_az=0,7.0,9.197269467335743e-18,6.284602487620114e-05,2.32061974107756e-09,8.47726683147905,0.0196725127595123,8,16,hbr,True,S8_D16 hbr,mild_master_44,,0.028981005306424047
1245,constant,7.0,9.197269467335743e-18,0.4645398788714745,2.836080143816252e-09,0.7735030261820278,0.0021937165737366316,8,16,hbr,False,S8_D16 hbr,mild_master_44,,
1253,Linear,7.0,1.5653343850862555e-17,0.2628062067033525,4.422722060374276e-13,-1.2176486092835512,-5.38532136606242e-07,8,17,hbr,False,S8_D17 hbr,mild_master_44,,
1254,ShortHbO,7.0,1.5653343850862555e-17,6.582923672478789e-08,0.002894186280146438,-23.4130794504292,-67761.8133214107,8,17,hbr,True,S8_D17 hbr,mild_master_44,,
1255,az_itd=0_az=15,7.0,1.5653343850862555e-17,0.2142447275587443,2.963265998601452e-09,1.365860061249299,0.004047406678347745,8,17,hbr,False,S8_D17 hbr,mild_master_44,,-0.01004536000815934
1256,az_itd=0_az=5,7.0,1.5653343850862555e-17,0.011502336823529535,2.9841798215542504e-09,3.396169218319021,0.010134779651891294,8,17,hbr,True,S8_D17 hbr,mild_master_44,,0.0021929459358848683
1257,az_itd=15_az=0,7.0,1.5653343850862555e-17,0.02461637993549997,2.977751026152621e-09,2.85204165235699,0.008492669956936044,8,17,hbr,True,S8_D17 hbr,mild_master_44,,0.012114605544275094
1258,az_itd=5_az=0,7.0,1.5653343850862555e-17,0.0008616478539877111,3.027457740106514e-09,5.5480875544706345,0.016796600609570743,8,17,hbr,True,S8_D17 hbr,mild_master_44,,0.022752837007691932
1259,constant,7.0,1.5653343850862555e-17,0.23856205494688104,3.699922322892943e-09,-1.2883772240562583,-0.0047668956515925925,8,17,hbr,False,S8_D17 hbr,mild_master_44,,
1267,Linear,7.0,3.4864364897881405e-17,0.3793231077478646,6.600501956479443e-13,-0.9383101214809008,-6.19331779261915e-07,8,18,hbr,False,S8_D18 hbr,mild_master_44,,
1268,ShortHbO,7.0,3.4864364897881405e-17,6.888824590234703e-08,0.004319304252844212,-23.259926310077347,-100466.69863196005,8,18,hbr,True,S8_D18 hbr,mild_master_44,,
1269,az_itd=0_az=15,7.0,3.4864364897881405e-17,0.16807435705248513,4.422399317510515e-09,1.5374251217265489,0.0067991078090470095,8,18,hbr,False,S8_D18 hbr,mild_master_44,,0.007578434883600853
1270,az_itd=0_az=5,7.0,3.4864364897881405e-17,0.8546314666079187,4.453611256093363e-09,0.19009283044502004,0.0008465995693725883,8,18,hbr,False,S8_D18 hbr,mild_master_44,,0.011182530246840258
1271,az_itd=15_az=0,7.0,3.4864364897881405e-17,0.07500283625866525,4.444016875970215e-09,2.089703663868829,0.009286678348009865,8,18,hbr,False,S8_D18 hbr,mild_master_44,,0.015648224687853415
1272,az_itd=5_az=0,7.0,3.4864364897881405e-17,0.048101083634278494,4.518199530503806e-09,2.3909573015419605,0.010802822157281532,8,18,hbr,True,S8_D18 hbr,mild_master_44,,0.025186477670820138
1273,constant,7.0,3.4864364897881405e-17,0.25831447198252444,5.521790471502106e-09,-1.2303202797944086,-0.006793570797864569,8,18,hbr,False,S8_D18 hbr,mild_master_44,,
1365,Linear,7.0,1.3159592636544726e-18,0.12318613515212244,1.2823521602949622e-13,-1.7522600272538458,-2.2470144313474787e-07,9,5,hbr,False,S9_D5 hbr,mild_master_44,,
1366,ShortHbO,7.0,1.3159592636544726e-18,3.376622251110065e-12,0.0008391587755183849,-96.51862361210347,-80994.45000505263,9,5,hbr,True,S9_D5 hbr,mild_master_44,,
1367,az_itd=0_az=15,7.0,1.3159592636544726e-18,7.711123098305788e-05,8.591881883967195e-10,8.211831901493989,0.007055508974863008,9,5,hbr,True,S9_D5 hbr,mild_master_44,,0.0073227541545870575
1368,az_itd=0_az=5,7.0,1.3159592636544726e-18,0.00041880657177867,8.652520752242082e-10,6.26310987729816,0.005419168818689469,9,5,hbr,True,S9_D5 hbr,mild_master_44,,-0.0016237273777772023
1369,az_itd=15_az=0,7.0,1.3159592636544726e-18,1.4118460835460103e-05,8.633880694018128e-10,10.64843466863962,0.009193731450708094,9,5,hbr,True,S9_D5 hbr,mild_master_44,,0.0047516484959346985
1370,az_itd=5_az=0,7.0,1.3159592636544726e-18,3.213797149456891e-05,8.778003501533064e-10,9.39924338135696,0.008250659131331287,9,5,hbr,True,S9_D5 hbr,mild_master_44,,0.015536096413877232
1371,constant,7.0,1.3159592636544726e-18,0.9628472397987246,1.0727790077958923e-09,-0.04827282506469599,-5.1786073376409246e-05,9,5,hbr,False,S9_D5 hbr,mild_master_44,,
1379,Linear,7.0,9.7614272395754e-19,0.18863838852715423,1.1044415726015592e-13,-1.4563473328456833,-1.608450538542173e-07,9,6,hbr,False,S9_D6 hbr,mild_master_44,,
1380,ShortHbO,7.0,9.7614272395754e-19,1.5949408772844215e-11,0.0007227358181256107,-77.30489274059966,-55871.01489998988,9,6,hbr,True,S9_D6 hbr,mild_master_44,,
1381,az_itd=0_az=15,7.0,9.7614272395754e-19,0.0026028717623512755,7.399863963540948e-10,4.560658952608829,0.0033748255833410475,9,6,hbr,True,S9_D6 hbr,mild_master_44,,-0.0015923184756778674
1382,az_itd=0_az=5,7.0,9.7614272395754e-19,1.2669759404743062e-05,7.452089934777188e-10,10.823393408784918,0.008065690108173986,9,6,hbr,True,S9_D6 hbr,mild_master_44,,0.001364912076759602
1383,az_itd=15_az=0,7.0,9.7614272395754e-19,0.10656741913714468,7.436035955335603e-10,1.8512756489227327,0.0013766152288626691,9,6,hbr,False,S9_D6 hbr,mild_master_44,,0.004726496369229199
1384,az_itd=5_az=0,7.0,9.7614272395754e-19,7.4376664197637554e-06,7.560163496199989e-10,11.722628364837876,0.008862498704336587,9,6,hbr,True,S9_D6 hbr,mild_master_44,,0.019178868636784106
1385,constant,7.0,9.7614272395754e-19,0.9317307130407531,9.239441169978667e-10,-0.08879651638522125,-8.204301892402986e-05,9,6,hbr,False,S9_D6 hbr,mild_master_44,,
1393,Linear,7.0,2.3053901730362004e-18,0.7328184424234843,1.6972987983581679e-13,-0.3553158538824204,-6.030771718322385e-08,9,7,hbr,False,S9_D7 hbr,mild_master_44,,
1394,ShortHbO,7.0,2.3053901730362004e-18,2.316490661928081e-11,0.0011106958177474844,-73.28690885529649,-81399.4631612189,9,7,hbr,True,S9_D7 hbr,mild_master_44,,
1395,az_itd=0_az=15,7.0,2.3053901730362004e-18,4.548759148741628e-06,1.1372063968713946e-09,12.612774223795606,0.014343327529595003,9,7,hbr,True,S9_D7 hbr,mild_master_44,,0.01408166431230653
1396,az_itd=0_az=5,7.0,2.3053901730362004e-18,0.0004092895537169218,1.1452324509806724e-09,-6.286921049009468,-0.007199986002079093,9,7,hbr,True,S9_D7 hbr,mild_master_44,,-0.004370142482936747
1397,az_itd=15_az=0,7.0,2.3053901730362004e-18,0.7264213961133283,1.1427652856103139e-09,-0.36425571291914105,-0.00041625878380923076,9,7,hbr,False,S9_D7 hbr,mild_master_44,,0.006047107382316521
1398,az_itd=5_az=0,7.0,2.3053901730362004e-18,0.7106880344884545,1.1618411273006994e-09,0.3863846012298183,0.00044891752066448333,9,7,hbr,False,S9_D7 hbr,mild_master_44,,-0.0018652700195066203
1399,constant,7.0,2.3053901730362004e-18,0.8956029035416184,1.4199114542896046e-09,-0.1360615445647285,-0.00019319534561579348,9,7,hbr,False,S9_D7 hbr,mild_master_44,,
1323,Linear,7.0,1.1238967843975534e-18,0.19265311052480438,1.185084449123345e-13,-1.441460107550728,-1.7082519574900322e-07,9,15,hbr,False,S9_D15 hbr,mild_master_44,,
1324,ShortHbO,7.0,1.1238967843975534e-18,8.744186982189631e-10,0.0007755077318101764,-43.581067489079935,-33797.4547983226,9,15,hbr,True,S9_D15 hbr,mild_master_44,,
1325,az_itd=0_az=15,7.0,1.1238967843975534e-18,0.0987591179093553,7.94017893419547e-10,1.9030701178881488,0.001511071726035237,9,15,hbr,False,S9_D15 hbr,mild_master_44,,-0.008467206202043968
1326,az_itd=0_az=5,7.0,1.1238967843975534e-18,2.656785749382037e-05,7.996218282847151e-10,9.67618538637524,0.007737289049475213,9,15,hbr,True,S9_D15 hbr,mild_master_44,,-0.00960878143507286
1327,az_itd=15_az=0,7.0,1.1238967843975534e-18,0.0032557852387591676,7.978992091933355e-10,4.37459888500766,0.003490488990885659,9,15,hbr,True,S9_D15 hbr,mild_master_44,,-0.0037594273515424814
1328,az_itd=5_az=0,7.0,1.1238967843975534e-18,8.168471200049618e-06,8.112183038413034e-10,11.559641247361444,0.00937739256569852,9,15,hbr,True,S9_D15 hbr,mild_master_44,,0.016761527381692128
1329,constant,7.0,1.1238967843975534e-18,0.8338183821108738,9.914076326681246e-10,-0.21777248089510126,-0.00021590129974447672,9,15,hbr,False,S9_D15 hbr,mild_master_44,,
1337,Linear,7.0,6.847895929982762e-19,0.3317939023522104,9.250488354447088e-14,-1.042607485058082,-9.644628398789153e-08,9,16,hbr,False,S9_D16 hbr,mild_master_44,,
1338,ShortHbO,7.0,6.847895929982762e-19,2.573570587745981e-08,0.000605342956546302,-26.810581404744585,-16229.596614273394,9,16,hbr,True,S9_D16 hbr,mild_master_44,,
1339,az_itd=0_az=15,7.0,6.847895929982762e-19,0.18880217157535806,6.197915500227484e-10,1.4557344386031488,0.000902251904123341,9,16,hbr,False,S9_D16 hbr,mild_master_44,,-0.0012123658070037385
1340,az_itd=0_az=5,7.0,6.847895929982762e-19,0.00015111810115633008,6.241658487697842e-10,7.386743295100033,0.004610552898430625,9,16,hbr,True,S9_D16 hbr,mild_master_44,,-0.005258171932399431
1341,az_itd=15_az=0,7.0,6.847895929982762e-19,0.00024163423091107285,6.228212131317295e-10,6.851627777692045,0.004267339124429215,9,16,hbr,True,S9_D16 hbr,mild_master_44,,0.001357371351100485
1342,az_itd=5_az=0,7.0,6.847895929982762e-19,0.009619662833339608,6.332177827621848e-10,3.5283075456947475,0.002234187080987914,9,16,hbr,True,S9_D16 hbr,mild_master_44,,0.006302230370313106
1343,constant,7.0,6.847895929982762e-19,0.8734414261867568,7.738693025033453e-10,-0.1652194989859571,-0.00012785829844021477,9,16,hbr,False,S9_D16 hbr,mild_master_44,,
1351,Linear,7.0,4.896289972500431e-19,0.017222172453171827,7.822033110703786e-14,-3.1041347835664674,-2.428064505714424e-07,9,17,hbr,True,S9_D17 hbr,mild_master_44,,
1352,ShortHbO,7.0,4.896289972500431e-19,1.1577545249795782e-10,0.0005118662353820686,-58.21742546113074,-29799.53440442518,9,17,hbr,True,S9_D17 hbr,mild_master_44,,
1353,az_itd=0_az=15,7.0,4.896289972500431e-19,3.6111817721863905e-07,5.240836851258466e-10,18.29394003370725,0.009587555508336551,9,17,hbr,True,S9_D17 hbr,mild_master_44,,0.007160558792061621
1354,az_itd=0_az=5,7.0,4.896289972500431e-19,1.8425829140001698e-07,5.277825071041452e-10,20.17237533649352,0.010646626829340375,9,17,hbr,True,S9_D17 hbr,mild_master_44,,0.005724817316306462
1355,az_itd=15_az=0,7.0,4.896289972500431e-19,3.1563103068428177e-07,5.266455093501144e-10,18.655722428624053,0.009824952440717065,9,17,hbr,True,S9_D17 hbr,mild_master_44,,0.009592377289426473
1356,az_itd=5_az=0,7.0,4.896289972500431e-19,3.4748967672344174e-06,5.354366465064639e-10,13.126338038699608,0.007028322420351552,9,17,hbr,True,S9_D17 hbr,mild_master_44,,0.007824809438737802
1357,constant,7.0,4.896289972500431e-19,0.5924791017338145,6.543688371466761e-10,-0.5607127754182893,-0.0003669129668237513,9,17,hbr,False,S9_D17 hbr,mild_master_44,,
63,Linear,7.0,3.415241056044912e-17,0.6140219814358233,6.532760945782229e-13,-0.5276895451365016,-3.4472696519653255e-07,10,6,hbr,False,S10_D6 hbr,mild_master_44,,
64,ShortHbO,7.0,3.415241056044912e-17,8.319699694075383e-09,0.004274975194611116,-31.541677417565687,-134839.8885565189,10,6,hbr,True,S10_D6 hbr,mild_master_44,,
65,az_itd=0_az=15,7.0,3.415241056044912e-17,2.0438095898017497e-05,4.37701219370537e-09,10.06956505095747,0.04407460901335028,10,6,hbr,True,S10_D6 hbr,mild_master_44,,0.037374554172521446
66,az_itd=0_az=5,7.0,3.415241056044912e-17,0.00029452897663154577,4.40790380388299e-09,6.635199874335539,0.02924732276560756,10,6,hbr,True,S10_D6 hbr,mild_master_44,,0.015829126745581675
67,az_itd=15_az=0,7.0,3.415241056044912e-17,1.2275354584887197e-05,4.3984078909689795e-09,10.874984774807459,0.047832618847680634,10,6,hbr,True,S10_D6 hbr,mild_master_44,,0.044077701456854294
68,az_itd=5_az=0,7.0,3.415241056044912e-17,0.0004583122688790264,4.471829208254669e-09,-6.170370438428564,-0.02759284275231602,10,6,hbr,True,S10_D6 hbr,mild_master_44,,-0.03063119145944928
69,constant,7.0,3.415241056044912e-17,0.757424820413084,5.46512028643677e-09,-0.3212159434881125,-0.0017554837690838107,10,6,hbr,False,S10_D6 hbr,mild_master_44,,
7,Linear,7.0,1.6795501740109258e-18,0.3348760348132373,1.4487137299030536e-13,-1.0355027997211206,-1.5001471233090395e-07,10,14,hbr,False,S10_D14 hbr,mild_master_44,,
8,ShortHbO,7.0,1.6795501740109258e-18,6.43052092087075e-10,0.0009480241678561116,-45.5433791146237,-43176.22408649654,10,14,hbr,True,S10_D14 hbr,mild_master_44,,
9,az_itd=0_az=15,7.0,1.6795501740109258e-18,6.763895857546645e-05,9.706520280782724e-10,8.381082845398304,0.008135115061377882,10,14,hbr,True,S10_D14 hbr,mild_master_44,,-0.00245944485907887
10,az_itd=0_az=5,7.0,1.6795501740109258e-18,0.019843230121355197,9.775025925141294e-10,-3.0035150363774576,-0.0029359437347141345,10,14,hbr,True,S10_D14 hbr,mild_master_44,,-0.016484635932025225
11,az_itd=15_az=0,7.0,1.6795501740109258e-18,3.3983156706820944e-05,9.753967662745556e-10,9.319336752815973,0.009090050932520318,10,14,hbr,True,S10_D14 hbr,mild_master_44,,0.009072053554781787
12,az_itd=5_az=0,7.0,1.6795501740109258e-18,7.69274354839723e-05,9.91678774953906e-10,8.214887785122691,0.008146529855134277,10,14,hbr,True,S10_D14 hbr,mild_master_44,,0.01629702914152199
13,constant,7.0,1.6795501740109258e-18,0.8091494602046417,1.2119523215746009e-09,-0.25082924131842005,-0.000303993081334655,10,14,hbr,False,S10_D14 hbr,mild_master_44,,
21,Linear,7.0,7.717321304190308e-19,0.1604493626697684,9.820178365216325e-14,-1.5698134507192503,-1.5415848086178767e-07,10,15,hbr,False,S10_D15 hbr,mild_master_44,,
22,ShortHbO,7.0,7.717321304190308e-19,2.6773440674139506e-08,0.0006426229165030277,-26.658291547514036,-17131.22906325148,10,15,hbr,True,S10_D15 hbr,mild_master_44,,
23,az_itd=0_az=15,7.0,7.717321304190308e-19,0.005295836090201431,6.579613245555056e-10,3.984142844475214,0.0026214119031692518,10,15,hbr,True,S10_D15 hbr,mild_master_44,,-0.00625511088258421
24,az_itd=0_az=5,7.0,7.717321304190308e-19,0.000307517551942246,6.626050138692684e-10,6.588717356011664,0.004365717155060797,10,15,hbr,True,S10_D15 hbr,mild_master_44,,-0.009077428258986041
25,az_itd=15_az=0,7.0,7.717321304190308e-19,0.00013349919939778187,6.611775690365235e-10,7.533461705745843,0.0049809558970347785,10,15,hbr,True,S10_D15 hbr,mild_master_44,,0.005740295723086884
26,az_itd=5_az=0,7.0,7.717321304190308e-19,4.459895544717795e-06,6.722144099302672e-10,12.649757666905723,0.008503349385819904,10,15,hbr,True,S10_D15 hbr,mild_master_44,,0.01097330817374603
27,constant,7.0,7.717321304190308e-19,0.9742643166204017,8.215279335274221e-10,-0.03343082267147009,-2.7464354665414513e-05,10,15,hbr,False,S10_D15 hbr,mild_master_44,,
35,Linear,7.0,1.7296381211801911e-18,0.07675115419335106,1.4701569767254454e-13,-2.074096697966507,-3.0492477309186693e-07,10,16,hbr,False,S10_D16 hbr,mild_master_44,,
36,ShortHbO,7.0,1.7296381211801911e-18,1.513046065174704e-09,0.0009620564199189754,-40.286381687466374,-38757.77213773327,10,16,hbr,True,S10_D16 hbr,mild_master_44,,
37,az_itd=0_az=15,7.0,1.7296381211801911e-18,8.224591254449447e-06,9.850192081409136e-10,11.547816046668448,0.01137482061804629,10,16,hbr,True,S10_D16 hbr,mild_master_44,,-0.004038942610049931
38,az_itd=0_az=5,7.0,1.7296381211801911e-18,2.2231249487420396e-06,9.919711717290245e-10,14.021322926158323,0.013908748132252307,10,16,hbr,True,S10_D16 hbr,mild_master_44,,-0.005588560450502899
39,az_itd=15_az=0,7.0,1.7296381211801911e-18,0.0001383030380601768,9.898341759416731e-10,7.4913851407442795,0.007415229037450308,10,16,hbr,True,S10_D16 hbr,mild_master_44,,0.008369549565231305
40,az_itd=5_az=0,7.0,1.7296381211801911e-18,0.00024329164741797613,1.0063571840149472e-09,6.84406490728325,0.006887573887309093,10,16,hbr,True,S10_D16 hbr,mild_master_44,,0.011453563104548632
41,constant,7.0,1.7296381211801911e-18,0.9323125248066877,1.2298911263447015e-09,-0.08803751875437933,-0.00010827656310141638,10,16,hbr,False,S10_D16 hbr,mild_master_44,,
49,Linear,7.0,6.446075149461673e-19,0.07230267988208447,8.97498573745499e-14,-2.1145344815613343,-1.8977916813369756e-07,10,21,hbr,False,S10_D21 hbr,mild_master_44,,
50,ShortHbO,7.0,6.446075149461673e-19,0.1267183240352804,0.0005873143333735518,-1.7328736950574042,-1017.7415590332027,10,21,hbr,False,S10_D21 hbr,mild_master_44,,
51,az_itd=0_az=15,7.0,6.446075149461673e-19,0.000125078513696549,6.013326116966687e-10,7.611509109187547,0.0045770486515807314,10,21,hbr,True,S10_D21 hbr,mild_master_44,,-0.002857028380126925
52,az_itd=0_az=5,7.0,6.446075149461673e-19,6.254048704475265e-06,6.055766329160609e-10,12.029596180742077,0.007284842350473693,10,21,hbr,True,S10_D21 hbr,mild_master_44,,-0.008506423145563671
53,az_itd=15_az=0,7.0,6.446075149461673e-19,8.398009922621048e-07,6.042720438812763e-10,16.1750235114584,0.009774114517096665,10,21,hbr,True,S10_D21 hbr,mild_master_44,,0.011000959144578541
54,az_itd=5_az=0,7.0,6.446075149461673e-19,0.0017300484049131448,6.143589777356319e-10,4.911627703832531,0.0030175025751445626,10,21,hbr,True,S10_D21 hbr,mild_master_44,,0.008171973028718799
55,constant,7.0,6.446075149461673e-19,0.8907360074994952,7.508215443871993e-10,-0.1424526762707126,-0.00010695653839966616,10,21,hbr,False,S10_D21 hbr,mild_master_44,,
133,Linear,7.0,1.3852812325278743e-18,0.1641213496517653,1.315694503055201e-13,-1.5540431527511016,-2.0446460335851986e-07,11,3,hbr,False,S11_D3 hbr,mild_master_44,,
134,ShortHbO,7.0,1.3852812325278743e-18,6.214484119254656e-10,0.0008609776801764943,-45.766924646356564,-39404.30061083249,11,3,hbr,True,S11_D3 hbr,mild_master_44,,
135,az_itd=0_az=15,7.0,1.3852812325278743e-18,2.0706033002394672e-05,8.815278763233829e-10,10.049703919774467,0.008859094154077563,11,3,hbr,True,S11_D3 hbr,mild_master_44,,0.018121548132324018
136,az_itd=0_az=5,7.0,1.3852812325278743e-18,0.0002444684757314181,8.877494298194526e-10,6.838730075026015,0.006071078724793486,11,3,hbr,True,S11_D3 hbr,mild_master_44,,-0.003264364237212953
137,az_itd=15_az=0,7.0,1.3852812325278743e-18,0.01075435174266214,8.858369581208637e-10,3.4456610553286686,0.003052293907967873,11,3,hbr,True,S11_D3 hbr,mild_master_44,,0.009007458009160621
138,az_itd=5_az=0,7.0,1.3852812325278743e-18,0.0381833377426346,9.006239715079405e-10,2.5485680515650926,0.002295301480258807,11,3,hbr,True,S11_D3 hbr,mild_master_44,,0.022546133747138524
139,constant,7.0,1.3852812325278743e-18,0.8554445570243863,1.1006722546678687e-09,0.18901499655922827,0.00020804356242888522,11,3,hbr,False,S11_D3 hbr,mild_master_44,,
147,Linear,7.0,8.2242143242033915e-19,0.3516203956078169,1.013755666443001e-13,-0.9977786211626775,-1.0115037310593487e-07,11,4,hbr,False,S11_D4 hbr,mild_master_44,,
148,ShortHbO,7.0,8.2242143242033915e-19,1.7344084568308832e-10,0.0006633918435724064,-54.94495045311555,-36450.03197608685,11,4,hbr,True,S11_D4 hbr,mild_master_44,,
149,az_itd=0_az=15,7.0,8.2242143242033915e-19,0.0001630474703007909,6.792259735638649e-10,7.297955309227789,0.004956960799935822,11,4,hbr,True,S11_D4 hbr,mild_master_44,,0.00560388814526796
150,az_itd=0_az=5,7.0,8.2242143242033915e-19,5.3479750563847206e-05,6.840197422511042e-10,8.69174439233206,0.005945324758955455,11,4,hbr,True,S11_D4 hbr,mild_master_44,,0.004043554467591144
151,az_itd=15_az=0,7.0,8.2242143242033915e-19,0.003960474253532069,6.825461638354049e-10,4.2151257007166345,0.0028770178771081617,11,4,hbr,True,S11_D4 hbr,mild_master_44,,0.004825857452359387
152,az_itd=5_az=0,7.0,8.2242143242033915e-19,7.964821461520494e-05,6.939397043390006e-10,8.170472662191974,0.005669815383511386,11,4,hbr,True,S11_D4 hbr,mild_master_44,,0.018637796444381138
153,constant,7.0,8.2242143242033915e-19,0.6269687945961495,8.480788910154252e-10,-0.5081456487572473,-0.0004309475982723601,11,4,hbr,False,S11_D4 hbr,mild_master_44,,
77,Linear,7.0,8.017157202422441e-19,0.18575627931761193,1.0009128956075256e-13,-1.4672118664089158,-1.4685512776770697e-07,11,11,hbr,False,S11_D11 hbr,mild_master_44,,
78,ShortHbO,7.0,8.017157202422441e-19,3.341544321503416e-11,0.0006549876593067661,-69.54528502417763,-45551.303453808,11,11,hbr,True,S11_D11 hbr,mild_master_44,,
79,az_itd=0_az=15,7.0,8.017157202422441e-19,0.1129400742083371,6.706211945103572e-10,1.8116591181655717,0.001214937001869776,11,11,hbr,False,S11_D11 hbr,mild_master_44,,0.0024999228837431463
80,az_itd=0_az=5,7.0,8.017157202422441e-19,0.002619959739311063,6.75354233305053e-10,4.555158437455996,0.003076345534111138,11,11,hbr,True,S11_D11 hbr,mild_master_44,,-0.0009039233332113362
81,az_itd=15_az=0,7.0,8.017157202422441e-19,1.8064836051824693e-05,6.738993229279428e-10,10.25952454746458,0.006913886646098988,11,11,hbr,True,S11_D11 hbr,mild_master_44,,0.012064960676982452
82,az_itd=5_az=0,7.0,8.017157202422441e-19,1.0807981502213102e-06,6.851485242830276e-10,15.588593952692461,0.010680502142334567,11,11,hbr,True,S11_D11 hbr,mild_master_44,,0.015368958231438917
83,constant,7.0,8.017157202422441e-19,0.6776191516988838,8.373349975820782e-10,-0.43361228807759516,-0.0003630787441890125,11,11,hbr,False,S11_D11 hbr,mild_master_44,,
91,Linear,7.0,5.78742030375749e-19,0.29604270059780474,8.504104666420838e-14,-1.129141317607174,-9.602335948111743e-08,11,12,hbr,False,S11_D12 hbr,mild_master_44,,
92,ShortHbO,7.0,5.78742030375749e-19,9.895754792340441e-10,0.0005565003342851177,-42.81506761413187,-23826.599439704303,11,12,hbr,True,S11_D12 hbr,mild_master_44,,
93,az_itd=0_az=15,7.0,5.78742030375749e-19,0.012014522888148754,5.697831304465978e-10,3.3642379601089805,0.0019168860364781712,11,12,hbr,True,S11_D12 hbr,mild_master_44,,-0.0008417868591387452
94,az_itd=0_az=5,7.0,5.78742030375749e-19,8.648852125255742e-05,5.738044850996311e-10,8.065983272526013,0.0046282973785140265,11,12,hbr,True,S11_D12 hbr,mild_master_44,,-0.00400167981780694
95,az_itd=15_az=0,7.0,5.78742030375749e-19,0.9519433651597118,5.725683425560086e-10,-0.062458972679858275,-3.576203046505747e-05,11,12,hbr,False,S11_D12 hbr,mild_master_44,,0.003196983816917587
96,az_itd=5_az=0,7.0,5.78742030375749e-19,6.180325623791061e-06,5.821260559351753e-10,12.050864116411297,0.007015121998697239,11,12,hbr,True,S11_D12 hbr,mild_master_44,,0.012823804886749186
97,constant,7.0,5.78742030375749e-19,0.8020539113420686,7.114289856334721e-10,-0.26039338332591405,-0.00018525140056522288,11,12,hbr,False,S11_D12 hbr,mild_master_44,,
105,Linear,7.0,3.912657599077594e-18,0.6606434993611239,2.2111693558786937e-13,-0.4582737171255753,-1.013320799912693e-07,11,13,hbr,False,S11_D13 hbr,mild_master_44,,
106,ShortHbO,7.0,3.912657599077594e-18,5.19355444514845e-10,0.0014469677102708976,-46.95894187873021,-67948.07260701041,11,13,hbr,True,S11_D13 hbr,mild_master_44,,
107,az_itd=0_az=15,7.0,3.912657599077594e-18,0.00022736633813631908,1.4815045756843955e-09,6.919249172648748,0.010250899309579588,11,13,hbr,True,S11_D13 hbr,mild_master_44,,0.006247442162956865
108,az_itd=0_az=5,7.0,3.912657599077594e-18,0.1891707698756137,1.491960580786282e-09,-1.4543568550785213,-0.0021698430981734614,11,13,hbr,False,S11_D13 hbr,mild_master_44,,-0.03211101028903751
109,az_itd=15_az=0,7.0,3.912657599077594e-18,0.06097769234979741,1.488746461700062e-09,2.2299241460443224,0.0033197916822830173,11,13,hbr,False,S11_D13 hbr,mild_master_44,,0.007796426356130634
110,az_itd=5_az=0,7.0,3.912657599077594e-18,0.17710104299279228,1.5135976644606926e-09,1.5007822723767044,0.0022715805423333905,11,13,hbr,False,S11_D13 hbr,mild_master_44,,0.02760459168894494
111,constant,7.0,3.912657599077594e-18,0.7827982520321309,1.8498008122219768e-09,-0.28648775548009764,-0.0005299452827787356,11,13,hbr,False,S11_D13 hbr,mild_master_44,,
119,Linear,7.0,8.071579619693564e-19,0.21884935536272435,1.004304370156925e-13,-1.35061702180043,-1.3564305774025027e-07,11,20,hbr,False,S11_D20 hbr,mild_master_44,,
120,ShortHbO,7.0,8.071579619693564e-19,5.954449539133148e-10,0.0006572070072504863,-46.04807517426919,-30263.11767492687,11,20,hbr,True,S11_D20 hbr,mild_master_44,,
121,az_itd=0_az=15,7.0,8.071579619693564e-19,0.020633725633125755,6.728935148325859e-10,2.975923523025205,0.002002479639281402,11,20,hbr,True,S11_D20 hbr,mild_master_44,,0.00023638133067236614
122,az_itd=0_az=5,7.0,8.071579619693564e-19,1.543269433899029e-05,6.776425909674778e-10,10.506505968793816,0.007119655926708712,11,20,hbr,True,S11_D20 hbr,mild_master_44,,-0.007134868902192541
123,az_itd=15_az=0,7.0,8.071579619693564e-19,0.0002763032382492319,6.761827507992366e-10,6.704460575212899,0.00453344059437249,11,20,hbr,True,S11_D20 hbr,mild_master_44,,0.002748402161840351
124,az_itd=5_az=0,7.0,8.071579619693564e-19,1.0107329365917105e-05,6.874700687379565e-10,11.196917031296193,0.00769754532115839,11,20,hbr,True,S11_D20 hbr,mild_master_44,,0.015128685585202818
125,constant,7.0,8.071579619693564e-19,0.7197887062816088,8.401722078389181e-10,-0.3735595014439016,-0.0003138543110873283,11,20,hbr,False,S11_D20 hbr,mild_master_44,,
203,Linear,7.0,3.1301729650967986e-18,0.6845877150795895,1.97774480785471e-13,-0.42357393763401613,-8.377211558982501e-08,12,2,hbr,False,S12_D2 hbr,mild_master_44,,
204,ShortHbO,7.0,3.1301729650967986e-18,6.111669626732851e-09,0.001294216957427246,-32.971191286912024,-42671.874870099,12,2,hbr,True,S12_D2 hbr,mild_master_44,,
205,az_itd=0_az=15,7.0,3.1301729650967986e-18,0.0008273701393299457,1.3251079002985027e-09,5.586728785811474,0.0074030184509038454,12,2,hbr,True,S12_D2 hbr,mild_master_44,,0.01980171056903507
206,az_itd=0_az=5,7.0,3.1301729650967986e-18,0.0010855703144831844,1.334460105612935e-09,5.331592238736232,0.007114797141989057,12,2,hbr,True,S12_D2 hbr,mild_master_44,,-0.020492758277078724
207,az_itd=15_az=0,7.0,3.1301729650967986e-18,0.00013504516741006718,1.331585288576556e-09,-7.519736804695928,-0.010013170903100777,12,2,hbr,True,S12_D2 hbr,mild_master_44,,0.003679029534984765
208,az_itd=5_az=0,7.0,3.1301729650967986e-18,0.0017065216347004603,1.3538130465264896e-09,4.923660555818905,0.006665715897135501,12,2,hbr,True,S12_D2 hbr,mild_master_44,,0.01351336202925176
209,constant,7.0,3.1301729650967986e-18,0.8552040368961866,1.6545245357217875e-09,-0.18933380433756203,-0.0003132574247180446,12,2,hbr,False,S12_D2 hbr,mild_master_44,,
217,Linear,7.0,1.0703390155939193e-18,0.7724239847807757,1.1565029986644304e-13,0.30063709710255704,3.4768770430887677e-08,12,3,hbr,False,S12_D3 hbr,mild_master_44,,
218,ShortHbO,7.0,1.0703390155939193e-18,1.3998185215122695e-06,0.0007568043087472593,15.0084036004814,11358.424512262203,12,3,hbr,True,S12_D3 hbr,mild_master_44,,
219,az_itd=0_az=15,7.0,1.0703390155939193e-18,1.7145767405416725e-05,7.748680487810062e-10,-10.340837142294326,-0.008012784299211761,12,3,hbr,True,S12_D3 hbr,mild_master_44,,0.0027990625273382626
220,az_itd=0_az=5,7.0,1.0703390155939193e-18,0.040274545547426675,7.803368299135926e-10,2.512074492670525,0.001960264246117314,12,3,hbr,True,S12_D3 hbr,mild_master_44,,-0.002468715819328852
221,az_itd=15_az=0,7.0,1.0703390155939193e-18,0.1255737510454125,7.786557563443538e-10,-1.739098681614828,-0.0013541591992902624,12,3,hbr,False,S12_D3 hbr,mild_master_44,,0.0056010130871982
222,az_itd=5_az=0,7.0,1.0703390155939193e-18,0.014507813486302494,7.916536257462052e-10,3.227204843714281,0.002554828415552126,12,3,hbr,True,S12_D3 hbr,mild_master_44,,0.015343103830114991
223,constant,7.0,1.0703390155939193e-18,0.9255828879430923,9.674972116355516e-10,0.09682027756752097,9.367334857635669e-05,12,3,hbr,False,S12_D3 hbr,mild_master_44,,
231,Linear,7.0,3.249997300870625e-18,0.5068593175274709,2.0152437601017444e-13,0.6994183153318488,1.4094983956733827e-07,12,4,hbr,False,S12_D4 hbr,mild_master_44,,
232,ShortHbO,7.0,3.249997300870625e-18,1.1191997621446696e-11,0.0013187559068868122,-81.32151338525222,-107243.22613377633,12,4,hbr,True,S12_D4 hbr,mild_master_44,,
233,az_itd=0_az=15,7.0,3.249997300870625e-18,0.00689913777357249,1.3502325562592287e-09,-3.779238162215806,-0.005102850404481078,12,4,hbr,True,S12_D4 hbr,mild_master_44,,0.022098337364572763
234,az_itd=0_az=5,7.0,3.249997300870625e-18,0.282096106452786,1.359762083692823e-09,1.1652194812688121,0.0015844212698095505,12,4,hbr,False,S12_D4 hbr,mild_master_44,,-0.0019305974475981305
235,az_itd=15_az=0,7.0,3.249997300870625e-18,0.7619774193254242,1.3568327588016703e-09,0.31495401010704105,0.00042733991842918567,12,4,hbr,False,S12_D4 hbr,mild_master_44,,0.010199464238617612
236,az_itd=5_az=0,7.0,3.249997300870625e-18,0.4181616358343041,1.3794819652775272e-09,-0.8602027446396112,-0.0011866341727125738,12,4,hbr,False,S12_D4 hbr,mild_master_44,,0.017693539813704463
237,constant,7.0,3.249997300870625e-18,0.42662044973393143,1.685895082776277e-09,-0.8439002714506822,-0.0014227273179922705,12,4,hbr,False,S12_D4 hbr,mild_master_44,,
161,Linear,7.0,6.818968167753306e-19,0.03962248060485534,9.230929125442543e-14,-2.5232393468957732,-2.3291843577722813e-07,12,10,hbr,True,S12_D10 hbr,mild_master_44,,
162,ShortHbO,7.0,6.818968167753306e-19,1.1768236658564545e-12,0.0006040630196327351,-112.21339423418414,-67783.96176433982,12,10,hbr,True,S12_D10 hbr,mild_master_44,,
163,az_itd=0_az=15,7.0,6.818968167753306e-19,0.00010180350751925239,6.184810630087142e-10,7.862481600347391,0.004862795978069311,12,10,hbr,True,S12_D10 hbr,mild_master_44,,0.012443957109425882
164,az_itd=0_az=5,7.0,6.818968167753306e-19,2.063323355096198e-06,6.228461127401684e-10,14.17625422340006,0.00882962483626112,12,10,hbr,True,S12_D10 hbr,mild_master_44,,0.009635787826106168
165,az_itd=15_az=0,7.0,6.818968167753306e-19,3.1583107160814594e-06,6.215043201991877e-10,13.313142395267242,0.008274175514085552,12,10,hbr,True,S12_D10 hbr,mild_master_44,,0.017767749880174658
166,az_itd=5_az=0,7.0,6.818968167753306e-19,3.605322656784678e-07,6.318789073268309e-10,18.298262974257426,0.011562286414152788,12,10,hbr,True,S12_D10 hbr,mild_master_44,,0.01484221511104678
167,constant,7.0,6.818968167753306e-19,0.6411069866802922,7.722330335489637e-10,-0.4870446225329465,-0.0003761119463323272,12,10,hbr,False,S12_D10 hbr,mild_master_44,,
175,Linear,7.0,6.476214248762235e-19,0.11949639634867565,8.995942872905447e-14,-1.7730858073630706,-1.5950578631797616e-07,12,11,hbr,False,S12_D11 hbr,mild_master_44,,
176,ShortHbO,7.0,6.476214248762235e-19,3.949370233004915e-10,0.000588685747924679,-48.83771964391313,-28750.06951551279,12,11,hbr,True,S12_D11 hbr,mild_master_44,,
177,az_itd=0_az=15,7.0,6.476214248762235e-19,0.9558699752902553,6.02736759776984e-10,-0.057348894348001216,-3.456628675610685e-05,12,11,hbr,False,S12_D11 hbr,mild_master_44,,0.003523797841019614
178,az_itd=0_az=5,7.0,6.476214248762235e-19,0.0006218369134950264,6.069906910430494e-10,5.863796759315392,0.003559270047072843,12,11,hbr,True,S12_D11 hbr,mild_master_44,,-0.0037699344472541998
179,az_itd=15_az=0,7.0,6.476214248762235e-19,7.48793853598642e-06,6.056830557138295e-10,11.710844160762473,0.0070930598762790715,12,11,hbr,True,S12_D11 hbr,mild_master_44,,0.014878920075196055
180,az_itd=5_az=0,7.0,6.476214248762235e-19,4.667567919780372e-07,6.157935431698562e-10,17.623020285604785,0.010852142103026822,12,11,hbr,True,S12_D11 hbr,mild_master_44,,0.01465801350902657
181,constant,7.0,6.476214248762235e-19,0.7539755149476293,7.525747581822004e-10,-0.32596978614040356,-0.0002453166329793178,12,11,hbr,False,S12_D11 hbr,mild_master_44,,
189,Linear,7.0,9.009710279325693e-19,0.23455921604419905,1.061063799435523e-13,-1.3006437655828265,-1.3800660156214396e-07,12,12,hbr,False,S12_D12 hbr,mild_master_44,,
190,ShortHbO,7.0,9.009710279325693e-19,3.9044966412774744e-11,0.000694349825461667,-68.01352676587327,-47225.180438916526,12,12,hbr,True,S12_D12 hbr,mild_master_44,,
191,az_itd=0_az=15,7.0,9.009710279325693e-19,0.1902837793663341,7.109228742599472e-10,-1.450211776034841,-0.001030988724104312,12,12,hbr,False,S12_D12 hbr,mild_master_44,,0.008672591517166869
192,az_itd=0_az=5,7.0,9.009710279325693e-19,0.0001086481305010497,7.159403499548002e-10,7.782447534974116,0.00557176821169424,12,12,hbr,True,S12_D12 hbr,mild_master_44,,0.0005001102459903373
193,az_itd=15_az=0,7.0,9.009710279325693e-19,9.584722623425505e-05,7.143980052219573e-10,7.937236783401368,0.005670346125036282,12,12,hbr,True,S12_D12 hbr,mild_master_44,,0.01193697218789389
194,az_itd=5_az=0,7.0,9.009710279325693e-19,4.97252979700891e-06,7.263232390588104e-10,12.447040784642851,0.009040574979398914,12,12,hbr,True,S12_D12 hbr,mild_master_44,,0.021082453856647077
195,constant,7.0,9.009710279325693e-19,0.7930228970846017,8.876555171122068e-10,-0.2726056079097034,-0.00024197987185677527,12,12,hbr,False,S12_D12 hbr,mild_master_44,,
245,Linear,7.0,2.5557255175865774e-18,0.983877392833751,1.78707668784041e-13,0.020940664752470278,3.7422573807021e-09,13,1,hbr,False,S13_D1 hbr,mild_master_44,,
246,ShortHbO,7.0,2.5557255175865774e-18,1.263727373039385e-10,0.0011694455950233414,-57.492216479840295,-67234.0193104776,13,1,hbr,True,S13_D1 hbr,mild_master_44,,
247,az_itd=0_az=15,7.0,2.5557255175865774e-18,4.4507114578429256e-05,1.1973584398208025e-09,8.941415253453533,0.010706079017665049,13,1,hbr,True,S13_D1 hbr,mild_master_44,,0.011994658249143742
248,az_itd=0_az=5,7.0,2.5557255175865774e-18,0.1748683703163688,1.2058090286080629e-09,-1.5096838698678963,-0.001820390440630669,13,1,hbr,False,S13_D1 hbr,mild_master_44,,-0.0050743478921950295
249,az_itd=15_az=0,7.0,2.5557255175865774e-18,0.01760295091245288,1.2032113635872192e-09,3.088543088300099,0.003716170140771443,13,1,hbr,True,S13_D1 hbr,mild_master_44,,-0.009050523520599547
250,az_itd=5_az=0,7.0,2.5557255175865774e-18,0.008752675335377498,1.2232962137142552e-09,3.598897016076399,0.00440251709331379,13,1,hbr,True,S13_D1 hbr,mild_master_44,,0.020110726239766407
251,constant,7.0,2.5557255175865774e-18,0.35709438882311234,1.4950170595849669e-09,-0.9857497559892069,-0.0014737127016855825,13,1,hbr,False,S13_D1 hbr,mild_master_44,,
287,Linear,7.0,1.1896360085506218e-18,0.04407549338843152,1.219251042328138e-13,-2.450491382877819,-2.987764172789901e-07,13,2,hbr,True,S13_D2 hbr,mild_master_44,,
288,ShortHbO,7.0,1.1896360085506218e-18,2.369153580323797e-11,0.0007978660179386718,-73.05166477891304,-58285.440880942064,13,2,hbr,True,S13_D2 hbr,mild_master_44,,
289,az_itd=0_az=15,7.0,1.1896360085506218e-18,1.5692214801414524e-05,8.169098370121413e-10,10.48010264081137,0.008561298940175727,13,2,hbr,True,S13_D2 hbr,mild_master_44,,0.01150479490748375
290,az_itd=0_az=5,7.0,1.1896360085506218e-18,1.327363433189477e-08,8.226753361970725e-10,29.492238587858704,0.024262537295470933,13,2,hbr,True,S13_D2 hbr,mild_master_44,,0.018412891405484834
291,az_itd=15_az=0,7.0,1.1896360085506218e-18,0.0025971003158599686,8.209030531127298e-10,4.562525754060108,0.003745391321413402,13,2,hbr,True,S13_D2 hbr,mild_master_44,,0.0018713845123663917
292,az_itd=5_az=0,7.0,1.1896360085506218e-18,8.119512333397328e-06,8.346061440987054e-10,11.570033142148098,0.009656420747862453,13,2,hbr,True,S13_D2 hbr,mild_master_44,,0.031899411165442045
293,constant,7.0,1.1896360085506218e-18,0.49059884469446613,1.0199904238021706e-09,-0.7273810158045234,-0.0007419216705761092,13,2,hbr,False,S13_D2 hbr,mild_master_44,,
301,Linear,7.0,3.1664456277074313e-18,0.18974820427075847,1.989170923920112e-13,-1.4522036339660163,-2.8886812442963246e-07,13,3,hbr,False,S13_D3 hbr,mild_master_44,,
302,ShortHbO,7.0,3.1664456277074313e-18,1.7783832561233516e-11,0.0013016940965963866,-76.11065219582977,-99072.78665141243,13,3,hbr,True,S13_D3 hbr,mild_master_44,,
303,az_itd=0_az=15,7.0,3.1664456277074313e-18,3.8506144241766975e-05,1.3327635071330445e-09,9.142619760831254,0.012184949976829338,13,3,hbr,True,S13_D3 hbr,mild_master_44,,0.019916628179978
304,az_itd=0_az=5,7.0,3.1664456277074313e-18,7.656586222525343e-07,1.3421697433734921e-09,16.39508264439114,0.022004983865409652,13,3,hbr,True,S13_D3 hbr,mild_master_44,,-0.0015566508217603778
305,az_itd=15_az=0,7.0,3.1664456277074313e-18,0.9449543030121209,1.3392783175243916e-09,0.07155922626372398,9.583772015382752e-05,13,3,hbr,False,S13_D3 hbr,mild_master_44,,0.012464137052854313
306,az_itd=5_az=0,7.0,3.1664456277074313e-18,5.448692977895577e-05,1.3616344929229268e-09,8.666715787844629,0.011800899157088944,13,3,hbr,True,S13_D3 hbr,mild_master_44,,0.03468569520427501
307,constant,7.0,3.1664456277074313e-18,0.6522423673852413,1.6640832964391115e-09,-0.47059285057677186,-0.0007831057020684728,13,3,hbr,False,S13_D3 hbr,mild_master_44,,
315,Linear,7.0,8.81345038811737e-19,0.04452796530895482,1.0494435122178931e-13,-2.443527264957463,-2.5643438351371425e-07,13,9,hbr,True,S13_D9 hbr,mild_master_44,,
316,ShortHbO,7.0,8.81345038811737e-19,3.620234868056531e-11,0.0006867456225799288,-68.75294299058943,-47215.78263827469,13,9,hbr,True,S13_D9 hbr,mild_master_44,,
317,az_itd=0_az=15,7.0,8.81345038811737e-19,6.474695521751862e-05,7.031371708999058e-10,8.438157841990503,0.005933182432624057,13,9,hbr,True,S13_D9 hbr,mild_master_44,,0.004739531983931282
318,az_itd=0_az=5,7.0,8.81345038811737e-19,1.751686494019229e-07,7.08099697487351e-10,20.320915712645828,0.01438923426879047,13,9,hbr,True,S13_D9 hbr,mild_master_44,,0.008268897442144627
319,az_itd=15_az=0,7.0,8.81345038811737e-19,0.003385749840001275,7.065742438111945e-10,4.342491642481405,0.00306829274854273,13,9,hbr,True,S13_D9 hbr,mild_master_44,,0.012035500917693388
320,az_itd=5_az=0,7.0,8.81345038811737e-19,1.8843834850549637e-07,7.183688779212496e-10,20.106846999739172,0.014444133117736872,13,9,hbr,True,S13_D9 hbr,mild_master_44,,0.029687244120794647
321,constant,7.0,8.81345038811737e-19,0.6984473335911929,8.779343183825498e-10,-0.4037481278955127,-0.0003544643374621774,13,9,hbr,False,S13_D9 hbr,mild_master_44,,
259,Linear,7.0,6.155345749521441e-19,0.005249798651620692,8.77025682393073e-14,-3.990991900037126,-3.5002023945552873e-07,13,10,hbr,True,S13_D10 hbr,mild_master_44,,
260,ShortHbO,7.0,6.155345749521441e-19,1.958416239058722e-11,0.0005739170724879999,-75.06822077939563,-43082.93350659358,13,10,hbr,True,S13_D10 hbr,mild_master_44,,
261,az_itd=0_az=15,7.0,6.155345749521441e-19,1.3344130218288846e-06,5.876155790616649e-10,15.114176456233285,0.008881325550369704,13,10,hbr,True,S13_D10 hbr,mild_master_44,,0.011454663178143915
262,az_itd=0_az=5,7.0,6.155345749521441e-19,6.958128946530885e-09,5.91762789670028e-10,32.362362744923274,0.01915084205824918,13,10,hbr,True,S13_D10 hbr,mild_master_44,,0.01425848791537694
263,az_itd=15_az=0,7.0,6.155345749521441e-19,2.8545769432373767e-05,5.904879596904108e-10,9.570879370662665,0.005651489032025639,13,10,hbr,True,S13_D10 hbr,mild_master_44,,0.012977652837728393
264,az_itd=5_az=0,7.0,6.155345749521441e-19,5.87933519224025e-09,6.003447999190823e-10,33.15529059509331,0.019904606298570326,13,10,hbr,True,S13_D10 hbr,mild_master_44,,0.03125427569207829
265,constant,7.0,6.155345749521441e-19,0.4096464445849368,7.336945111495302e-10,-0.8768560871048933,-0.0006433444981769146,13,10,hbr,False,S13_D10 hbr,mild_master_44,,
273,Linear,7.0,1.9007500758629218e-18,0.006011028619004121,1.5411630681531498e-13,-3.8853899608254094,-5.988019512997135e-07,13,11,hbr,True,S13_D11 hbr,mild_master_44,,
274,ShortHbO,7.0,1.9007500758629218e-18,6.129999671328272e-13,0.0010085221152105973,-123.17635848105084,-124226.0815992482,13,11,hbr,True,S13_D11 hbr,mild_master_44,,
275,az_itd=0_az=15,7.0,1.9007500758629218e-18,2.59672992682308e-06,1.0325939672030953e-09,13.703778817594094,0.014150439334933228,13,11,hbr,True,S13_D11 hbr,mild_master_44,,0.026674789164559228
276,az_itd=0_az=5,7.0,1.9007500758629218e-18,2.404273942668198e-08,1.0398816988554023e-09,27.074729268942832,0.02815451546823836,13,11,hbr,True,S13_D11 hbr,mild_master_44,,0.023197933979832226
277,az_itd=15_az=0,7.0,1.9007500758629218e-18,1.5068406181412464e-07,1.0376414897917413e-09,20.76931101296468,0.02155109882144069,13,11,hbr,True,S13_D11 hbr,mild_master_44,,0.04547200563791421
278,az_itd=5_az=0,7.0,1.9007500758629218e-18,9.963158061525747e-08,1.05496253116383e-09,22.05147802979393,0.02326348307821499,13,11,hbr,True,S13_D11 hbr,mild_master_44,,0.037442337948185175
279,constant,7.0,1.9007500758629218e-18,0.5440069186917957,1.2892927842260715e-09,-0.6376176550659005,-0.0008220758417716138,13,11,hbr,False,S13_D11 hbr,mild_master_44,,
329,Linear,7.0,5.863699529624436e-19,0.640097735012978,8.559964013667414e-14,-0.4885428813342883,-4.181909483354898e-08,14,1,hbr,False,S14_D1 hbr,mild_master_44,,
330,ShortHbO,7.0,5.863699529624436e-19,8.251687077458239e-13,0.0005601557156139027,-118.05357402130541,-66128.38423668315,14,1,hbr,True,S14_D1 hbr,mild_master_44,,
331,az_itd=0_az=15,7.0,5.863699529624436e-19,0.6638145991262363,5.735257600339935e-10,-0.4536438172924725,-0.0002601764150973874,14,1,hbr,False,S14_D1 hbr,mild_master_44,,0.005545093664247538
332,az_itd=0_az=5,7.0,5.863699529624436e-19,0.00011669005587791995,5.775735290192554e-10,7.695386689237986,0.004444651647270988,14,1,hbr,True,S14_D1 hbr,mild_master_44,,0.008329549308751499
333,az_itd=15_az=0,7.0,5.863699529624436e-19,5.191822758107086e-05,5.763292668536034e-10,8.731622346629402,0.005032289505475464,14,1,hbr,True,S14_D1 hbr,mild_master_44,,0.009317622795821266
334,az_itd=5_az=0,7.0,5.863699529624436e-19,0.0026843273174166527,5.859497602256644e-10,-4.534788644270596,-0.0026571583187844213,14,1,hbr,True,S14_D1 hbr,mild_master_44,,0.019913475561455247
335,constant,7.0,5.863699529624436e-19,0.7574713968226496,7.161020182816585e-10,-0.32115180792227666,-0.00022997745782794583,14,1,hbr,False,S14_D1 hbr,mild_master_44,,
357,Linear,7.0,1.3564420800100795e-18,0.260569821382878,1.3019272347860486e-13,-1.223934569031515,-1.5934737490182545e-07,14,2,hbr,False,S14_D2 hbr,mild_master_44,,
358,ShortHbO,7.0,1.3564420800100795e-18,2.53817616968754e-12,0.0008519685137862589,-100.53821058423767,-85655.3898501829,14,2,hbr,True,S14_D2 hbr,mild_master_44,,
359,az_itd=0_az=15,7.0,1.3564420800100795e-18,2.4553672711535182e-05,8.723036751643003e-10,9.7929761194612,0.008542449059802231,14,2,hbr,True,S14_D2 hbr,mild_master_44,,0.011818217554692156
360,az_itd=0_az=5,7.0,1.3564420800100795e-18,5.05284240909719e-05,8.784601270765051e-10,8.768273522970315,0.0077025786732300575,14,2,hbr,True,S14_D2 hbr,mild_master_44,,0.010233128073374242
361,az_itd=15_az=0,7.0,1.3564420800100795e-18,0.0001326482454453409,8.765676672506348e-10,7.541093062136168,0.006610278353996648,14,2,hbr,True,S14_D2 hbr,mild_master_44,,0.0013697272202661823
362,az_itd=5_az=0,7.0,1.3564420800100795e-18,0.003016409579861529,8.911999511167424e-10,4.437605774384226,0.003954794049206595,14,2,hbr,True,S14_D2 hbr,mild_master_44,,0.02343784508368782
363,constant,7.0,1.3564420800100795e-18,0.5453035933475346,1.0891549532189093e-09,-0.6355085027936443,-0.0006921672336304308,14,2,hbr,False,S14_D2 hbr,mild_master_44,,
371,Linear,7.0,7.677348634833309e-19,0.4530286732703874,9.794713029070442e-14,-0.7944364129849509,-7.781276685031685e-08,14,9,hbr,False,S14_D9 hbr,mild_master_44,,
372,ShortHbO,7.0,7.677348634833309e-19,3.645696849663996e-11,0.0006409564896851847,-68.68404920905138,-44023.48707839806,14,9,hbr,True,S14_D9 hbr,mild_master_44,,
373,az_itd=0_az=15,7.0,7.677348634833309e-19,0.8331202856083822,6.56255122725186e-10,-0.21870404793026674,-0.00014352565181497215,14,9,hbr,False,S14_D9 hbr,mild_master_44,,0.004665254677621005
374,az_itd=0_az=5,7.0,7.677348634833309e-19,0.0003232417199565266,6.608867701895105e-10,6.535310615733977,0.004319100325017648,14,9,hbr,True,S14_D9 hbr,mild_master_44,,0.01022390808723563
375,az_itd=15_az=0,7.0,7.677348634833309e-19,0.6535473606418509,6.594630269557736e-10,-0.4686741043259199,-0.00030907324349455713,14,9,hbr,False,S14_D9 hbr,mild_master_44,,0.00784003103976279
376,az_itd=5_az=0,7.0,7.677348634833309e-19,0.0018529976176423517,6.704712475075138e-10,4.851561433890744,0.0032528324469400694,14,9,hbr,True,S14_D9 hbr,mild_master_44,,0.01945285577993302
377,constant,7.0,7.677348634833309e-19,0.8258780689989063,8.193975766028868e-10,0.22838124209658978,0.00018713503631550285,14,9,hbr,False,S14_D9 hbr,mild_master_44,,
343,Linear,7.0,1.841701033107723e-18,0.019459014143431732,1.5170351752190244e-13,-3.017349702911275,-4.577425635253077e-07,14,10,hbr,True,S14_D10 hbr,mild_master_44,,
344,ShortHbO,7.0,1.841701033107723e-18,1.1322116182454368e-11,0.0009927330568556896,-81.18721312890797,-80597.23026705519,14,10,hbr,True,S14_D10 hbr,mild_master_44,,
345,az_itd=0_az=15,7.0,1.841701033107723e-18,5.181010590654025e-07,1.0164280486186615e-09,17.356976089257195,0.017642117336324457,14,10,hbr,True,S14_D10 hbr,mild_master_44,,0.017708454199176552
346,az_itd=0_az=5,7.0,1.841701033107723e-18,1.1068090968912183e-06,1.0236016861736773e-09,15.534371454032707,0.015901008813996118,14,10,hbr,True,S14_D10 hbr,mild_master_44,,0.01654357104984029
347,az_itd=15_az=0,7.0,1.841701033107723e-18,0.00019047087999679823,1.0213965490148361e-09,7.118930972366346,0.007271251527849818,14,10,hbr,True,S14_D10 hbr,mild_master_44,,0.023214365636223776
348,az_itd=5_az=0,7.0,1.841701033107723e-18,2.3589937555052472e-07,1.038446418412739e-09,19.461929903727672,0.020210171403925784,14,10,hbr,True,S14_D10 hbr,mild_master_44,,0.04663512118791043
349,constant,7.0,1.841701033107723e-18,0.8991735176988436,1.269108081580799e-09,-0.13137671200682055,-0.00016673124693936917,14,10,hbr,False,S14_D10 hbr,mild_master_44,,
385,Linear,7.0,1.7175702836752153e-18,0.7328180523617422,1.4650192921664494e-13,0.3553163980143623,5.205453779141335e-08,15,17,hbr,False,S15_D17 hbr,mild_master_44,,
386,ShortHbO,7.0,1.7175702836752153e-18,3.3305061833483546e-10,0.0009586943691368134,-50.0444863762984,-47977.36729530125,15,17,hbr,True,S15_D17 hbr,mild_master_44,,
387,az_itd=0_az=15,7.0,1.7175702836752153e-18,0.07251566462960778,9.8157691044339e-10,-2.1125425189476745,-0.002073622958928955,15,17,hbr,False,S15_D17 hbr,mild_master_44,,0.009787462099572859
388,az_itd=0_az=5,7.0,1.7175702836752153e-18,8.106820509680945e-05,9.885045793496768e-10,-8.147967865820371,-0.00805430354775745,15,17,hbr,True,S15_D17 hbr,mild_master_44,,-0.007735190167098314
389,az_itd=15_az=0,7.0,1.7175702836752153e-18,0.010895397324651073,9.863750516153517e-10,-3.43605027058822,-0.003389234263004399,15,17,hbr,True,S15_D17 hbr,mild_master_44,,0.01877496682247032
390,az_itd=5_az=0,7.0,1.7175702836752153e-18,1.4503261818359119e-05,1.0028403175530647e-09,10.605374924631432,0.010635497557186695,15,17,hbr,True,S15_D17 hbr,mild_master_44,,0.03300419950831991
391,constant,7.0,1.7175702836752153e-18,0.849653043639077,1.2255930869182303e-09,-0.1966977689230526,-0.00024107142580433278,15,17,hbr,False,S15_D17 hbr,mild_master_44,,
399,Linear,7.0,1.4399041781467315e-18,0.8540852985977079,1.3413832560036825e-13,-0.1908169725006611,-2.559586918737019e-08,15,18,hbr,False,S15_D18 hbr,mild_master_44,,
400,ShortHbO,7.0,1.4399041781467315e-18,3.4722536682586786e-11,0.0008777881501365429,-69.16462227231948,-60711.885839312046,15,18,hbr,True,S15_D18 hbr,mild_master_44,,
401,az_itd=0_az=15,7.0,1.4399041781467315e-18,0.19523575563852955,8.987395860169976e-10,1.4320300449712178,0.0012870220897813348,15,18,hbr,False,S15_D18 hbr,mild_master_44,,0.009255799850933024
402,az_itd=0_az=5,7.0,1.4399041781467315e-18,0.0011419282708497738,9.05082614483393e-10,-5.284917438866458,-0.004783286892898131,15,18,hbr,True,S15_D18 hbr,mild_master_44,,-0.01467225475572303
403,az_itd=15_az=0,7.0,1.4399041781467315e-18,0.42005834989514257,9.031328020397665e-10,-0.8565267752695988,-0.0007735574265713181,15,18,hbr,False,S15_D18 hbr,mild_master_44,,0.016378310609505932
404,az_itd=5_az=0,7.0,1.4399041781467315e-18,5.0386782677625234e-05,9.182085298152247e-10,8.77207274430757,0.008054592017982858,15,18,hbr,True,S15_D18 hbr,mild_master_44,,0.03254705263043214
405,constant,7.0,1.4399041781467315e-18,0.869381233920367,1.1221627279971661e-09,-0.17057805655298344,-0.00019141633727795077,15,18,hbr,False,S15_D18 hbr,mild_master_44,,
413,Linear,7.0,2.8064638820289026e-18,0.2756921177144195,1.8726896647687416e-13,-1.1822831204420146,-2.2140493804822977e-07,15,22,hbr,False,S15_D22 hbr,mild_master_44,,
414,ShortHbO,7.0,2.8064638820289026e-18,8.675632137042456e-10,0.0012254698940514163,-43.63025897387071,-53467.56884214519,15,22,hbr,True,S15_D22 hbr,mild_master_44,,
415,az_itd=0_az=15,7.0,2.8064638820289026e-18,2.6564986613907392e-05,1.254719951601922e-09,9.67634462685573,0.01214110266189194,15,22,hbr,True,S15_D22 hbr,mild_master_44,,0.021383953784494165
416,az_itd=0_az=5,7.0,2.8064638820289026e-18,0.001814471859717017,1.2635753803536882e-09,4.869895852034697,0.00615348050351759,15,22,hbr,True,S15_D22 hbr,mild_master_44,,0.0002298694721835185
417,az_itd=15_az=0,7.0,2.8064638820289026e-18,0.009137466974986706,1.2608532697301403e-09,3.5666745824393327,0.004497053309332015,15,22,hbr,True,S15_D22 hbr,mild_master_44,,0.016175342257003344
418,az_itd=5_az=0,7.0,2.8064638820289026e-18,7.684949801541497e-06,1.281900319085802e-09,11.665514580105127,0.014954026862536834,15,22,hbr,True,S15_D22 hbr,mild_master_44,,0.029518546114909915
419,constant,7.0,2.8064638820289026e-18,0.7862129176022647,1.5666384185902053e-09,-0.2818448217329606,-0.0004415489258075638,15,22,hbr,False,S15_D22 hbr,mild_master_44,,
427,Linear,7.0,1.1043742856650574e-18,0.1562243769560504,1.1747466843325715e-13,1.588376805085317,1.8659403852447395e-07,16,16,hbr,False,S16_D16 hbr,mild_master_44,,
428,ShortHbO,7.0,1.1043742856650574e-18,1.1294517776439456e-08,0.0007687427991247375,-30.185276760019054,-23204.714148851937,16,16,hbr,True,S16_D16 hbr,mild_master_44,,
429,az_itd=0_az=15,7.0,1.1043742856650574e-18,4.0790677735553965e-06,7.870914923281237e-10,-12.818333507052897,-0.010089201249225854,16,16,hbr,True,S16_D16 hbr,mild_master_44,,-6.905531331883767e-05
430,az_itd=0_az=5,7.0,1.1043742856650574e-18,1.2820339691975465e-05,7.926465427778548e-10,-10.804175406558457,-0.008563892283574086,16,16,hbr,True,S16_D16 hbr,mild_master_44,,-0.008804073967075863
431,az_itd=15_az=0,7.0,1.1043742856650574e-18,0.005882981311670007,7.909389504898426e-10,-3.9020955661431973,-0.003086319371796369,16,16,hbr,True,S16_D16 hbr,mild_master_44,,-0.004199024736578356
432,az_itd=5_az=0,7.0,1.1043742856650574e-18,7.30270728464587e-05,8.041418596053798e-10,-8.2817549959035,-0.006659705863201985,16,16,hbr,True,S16_D16 hbr,mild_master_44,,0.0014860503119294268
433,constant,7.0,1.1043742856650574e-18,0.8774744036859438,9.827593553863812e-10,0.15990220058960833,0.0001571453835763073,16,16,hbr,False,S16_D16 hbr,mild_master_44,,
441,Linear,7.0,1.1332919435122232e-18,0.21879722095808216,1.1900274675664031e-13,1.3507880199413578,1.60747484658985e-07,16,17,hbr,False,S16_D17 hbr,mild_master_44,,
442,ShortHbO,7.0,1.1332919435122232e-18,3.491934302705923e-08,0.0007787423949803053,25.656784292675347,19980.025647571078,16,17,hbr,True,S16_D17 hbr,mild_master_44,,
443,az_itd=0_az=15,7.0,1.1332919435122232e-18,0.002170735652145644,7.9732976296116e-10,-4.714776094721039,-0.003759231306018869,16,17,hbr,True,S16_D17 hbr,mild_master_44,,-0.006152251544982761
444,az_itd=0_az=5,7.0,1.1332919435122232e-18,2.3276803477620786e-06,8.029570719862143e-10,-13.926663264303063,-0.01118251275724276,16,17,hbr,True,S16_D17 hbr,mild_master_44,,-0.015512714045421674
445,az_itd=15_az=0,7.0,1.1332919435122232e-18,0.011835777765670007,8.012272678052442e-10,-3.3752122916369873,-0.00270431212269098,16,17,hbr,True,S16_D17 hbr,mild_master_44,,0.01107448762347316
446,az_itd=5_az=0,7.0,1.1332919435122232e-18,0.3901601775991864,8.146019167477086e-10,-0.9159419085382362,-0.0007461280343248017,16,17,hbr,False,S16_D17 hbr,mild_master_44,,0.006735801311721111
447,constant,7.0,1.1332919435122232e-18,0.9667956907252417,9.9554282000983e-10,0.04313872229912575,4.294644524929259e-05,16,17,hbr,False,S16_D17 hbr,mild_master_44,,
455,Linear,7.0,4.789921433698697e-18,0.4933825818523757,2.446528503699211e-13,0.722551383115988,1.7677425541805535e-07,16,18,hbr,False,S16_D18 hbr,mild_master_44,,
456,ShortHbO,7.0,4.789921433698697e-18,1.1362720066056507e-08,0.001600984446396399,-30.15914981698121,-48284.329773525715,16,18,hbr,True,S16_D18 hbr,mild_master_44,,
457,az_itd=0_az=15,7.0,4.789921433698697e-18,0.9334413494592855,1.6391974514011506e-09,0.08656508475038024,0.0001418972663031479,16,18,hbr,False,S16_D18 hbr,mild_master_44,,0.008760717720800695
458,az_itd=0_az=5,7.0,4.789921433698697e-18,0.00023181332160737234,1.6507664044750432e-09,-6.897672524581579,-0.011386446072649827,16,18,hbr,True,S16_D18 hbr,mild_master_44,,-0.003936091441719489
459,az_itd=15_az=0,7.0,4.789921433698697e-18,0.0002503147600767812,1.6472101712368177e-09,-6.812648803475167,-0.01122186440214863,16,18,hbr,True,S16_D18 hbr,mild_master_44,,0.020931130888281458
460,az_itd=5_az=0,7.0,4.789921433698697e-18,0.0009613438785705105,1.6747065616618425e-09,5.444768299062796,0.009118389197168855,16,18,hbr,True,S16_D18 hbr,mild_master_44,,0.03863722697795731
461,constant,7.0,4.789921433698697e-18,0.5797977961646137,2.04669551937988e-09,-0.5804670632895401,-0.0011880393375822988,16,18,hbr,False,S16_D18 hbr,mild_master_44,,
469,Linear,7.0,9.38491916352948e-19,0.8035604375941203,1.0829324139389793e-13,-0.25836050284402684,-2.7978696301137052e-08,16,22,hbr,False,S16_D22 hbr,mild_master_44,,
470,ShortHbO,7.0,9.38491916352948e-19,2.0388486540443853e-09,0.0007086604339958959,38.59930951363419,27353.80343187392,16,22,hbr,True,S16_D22 hbr,mild_master_44,,
471,az_itd=0_az=15,7.0,9.38491916352948e-19,0.0014915890199741495,7.255750547293504e-10,5.042924934810679,0.0036590205355712647,16,22,hbr,True,S16_D22 hbr,mild_master_44,,-0.001885862943430508
472,az_itd=0_az=5,7.0,9.38491916352948e-19,0.04239136748246337,7.30695941021954e-10,2.4770744579361224,0.0018099882520230817,16,22,hbr,True,S16_D22 hbr,mild_master_44,,-0.00426315674822666
473,az_itd=15_az=0,7.0,9.38491916352948e-19,0.5077599731322013,7.291218084339303e-10,0.6978866086268813,0.0005088443461638542,16,22,hbr,False,S16_D22 hbr,mild_master_44,,0.001654758434085621
474,az_itd=5_az=0,7.0,9.38491916352948e-19,0.24332575426836892,7.412928223471375e-10,1.2740085883882375,0.0009444134221808092,16,22,hbr,False,S16_D22 hbr,mild_master_44,,-0.012547729375307947
475,constant,7.0,9.38491916352948e-19,0.9954521002603411,9.05950172274243e-10,-0.005906533705316391,-5.351025227875007e-06,16,22,hbr,False,S16_D22 hbr,mild_master_44,,
483,Linear,7.0,1.285994963967817e-18,0.02939269817138809,1.2676685586875625e-13,-2.7287264749022375,-3.4591207574919123e-07,16,23,hbr,True,S16_D23 hbr,mild_master_44,,
484,ShortHbO,7.0,1.285994963967817e-18,1.842702519344315e-05,0.0008295499695081613,10.228761355453965,8485.268670523095,16,23,hbr,True,S16_D23 hbr,mild_master_44,,
485,az_itd=0_az=15,7.0,1.285994963967817e-18,2.4131144261593867e-07,8.493500351539323e-10,19.397932533555714,0.016475634679289152,16,23,hbr,True,S16_D23 hbr,mild_master_44,,0.014088432905398464
486,az_itd=0_az=5,7.0,1.285994963967817e-18,1.4231349566656393e-06,8.553444873119721e-10,14.972050815761124,0.012806261129015992,16,23,hbr,True,S16_D23 hbr,mild_master_44,,0.007694163480504118
487,az_itd=15_az=0,7.0,1.285994963967817e-18,6.093717538243176e-07,8.535018253292312e-10,16.950978499588825,0.014467691090515614,16,23,hbr,True,S16_D23 hbr,mild_master_44,,0.011865953789757853
488,az_itd=5_az=0,7.0,1.285994963967817e-18,5.203884891538625e-07,8.677490779430873e-10,17.345831129164985,0.015051828968489419,16,23,hbr,True,S16_D23 hbr,mild_master_44,,0.009735651869644887
489,constant,7.0,1.285994963967817e-18,0.5730931738281229,1.0604951281792094e-09,-0.5910113632318547,-0.000626764671405935,16,23,hbr,False,S16_D23 hbr,mild_master_44,,
497,Linear,7.0,7.730936236547807e-19,0.4005862833162426,9.828836949061067e-14,-0.8948547000636956,-8.795380940027011e-08,17,15,hbr,False,S17_D15 hbr,mild_master_44,,
498,ShortHbO,7.0,7.730936236547807e-19,1.4771556660442182e-11,0.0006431895258044232,78.15767718928859,50270.19932935371,17,15,hbr,True,S17_D15 hbr,mild_master_44,,
499,az_itd=0_az=15,7.0,7.730936236547807e-19,0.0763193772632374,6.585414579383615e-10,-2.0779179559052383,-0.0013683951201581355,17,15,hbr,False,S17_D15 hbr,mild_master_44,,-0.005770648978110403
500,az_itd=0_az=5,7.0,7.730936236547807e-19,0.5544087695485739,6.631892416556857e-10,0.6207830683543961,0.0004116966523346417,17,15,hbr,False,S17_D15 hbr,mild_master_44,,-0.019326303076569316
501,az_itd=15_az=0,7.0,7.730936236547807e-19,1.2307036624388168e-05,6.617605382255601e-10,10.870771427347035,0.007193847550688214,17,15,hbr,True,S17_D15 hbr,mild_master_44,,0.007778977070889927
502,az_itd=5_az=0,7.0,7.730936236547807e-19,8.873796229969326e-05,6.72807110450926e-10,8.033648412453168,0.005405095774761284,17,15,hbr,True,S17_D15 hbr,mild_master_44,,0.004037230081012206
503,constant,7.0,7.730936236547807e-19,0.9388672137381704,8.222522857976864e-10,-0.07949053501549838,-6.536127411577457e-05,17,15,hbr,False,S17_D15 hbr,mild_master_44,,
511,Linear,7.0,6.308603162588913e-19,0.26972936279678345,8.878767621545494e-14,-1.1984713564394667,-1.0640948674904444e-07,17,16,hbr,False,S17_D16 hbr,mild_master_44,,
512,ShortHbO,7.0,6.308603162588913e-19,0.0005643449078060506,0.0005810179134953551,-5.960061012589901,-3462.902213839998,17,16,hbr,True,S17_D16 hbr,mild_master_44,,
513,az_itd=0_az=15,7.0,6.308603162588913e-19,0.3764514161560755,5.948859060834299e-10,0.944317810183288,0.0005617613561416056,17,16,hbr,False,S17_D16 hbr,mild_master_44,,-0.0016291117486760074
514,az_itd=0_az=5,7.0,6.308603162588913e-19,0.007117989226947634,5.990844284310071e-10,3.7553607920735446,0.002249778173671593,17,16,hbr,True,S17_D16 hbr,mild_master_44,,-0.012352862883240934
515,az_itd=15_az=0,7.0,6.308603162588913e-19,3.119647977494904e-05,5.977938255018984e-10,9.442043872772578,0.005644395527261479,17,16,hbr,True,S17_D16 hbr,mild_master_44,,0.00984537707340275
516,az_itd=5_az=0,7.0,6.308603162588913e-19,0.00021263356371837517,6.077726203798632e-10,6.994278091066072,0.004250930723072694,17,16,hbr,True,S17_D16 hbr,mild_master_44,,0.004110437254951069
517,constant,7.0,6.308603162588913e-19,0.8934400588433475,7.427722130012222e-10,-0.13890095874890415,-0.00010317177251791501,17,16,hbr,False,S17_D16 hbr,mild_master_44,,
525,Linear,7.0,1.5027391410338125e-18,0.10443205111441146,1.3703385777373533e-13,1.8650643477119953,2.5557696256323e-07,17,17,hbr,False,S17_D17 hbr,mild_master_44,,
526,ShortHbO,7.0,1.5027391410338125e-18,2.2966023331224717e-10,0.0008967362309236327,-52.78022133109222,-47329.93674375876,17,17,hbr,True,S17_D17 hbr,mild_master_44,,
527,az_itd=0_az=15,7.0,1.5027391410338125e-18,1.2823980376633754e-07,9.181399279785025e-10,-21.26029354584192,-0.019519924384981124,17,17,hbr,True,S17_D17 hbr,mild_master_44,,-0.0030254020205217635
528,az_itd=0_az=5,7.0,1.5027391410338125e-18,1.2475100814744387e-05,9.24619878110789e-10,-10.848624859389998,-0.010030854195158857,17,17,hbr,True,S17_D17 hbr,mild_master_44,,-0.018363199181976528
529,az_itd=15_az=0,7.0,1.5027391410338125e-18,8.723538667391748e-05,9.226279766919402e-10,-8.055143057997297,-0.007431900341564174,17,17,hbr,True,S17_D17 hbr,mild_master_44,,0.0036930724030218177
530,az_itd=5_az=0,7.0,1.5027391410338125e-18,0.38080333731891874,9.380291316308535e-10,-0.9352268113089853,-0.0008772699936900596,17,17,hbr,False,S17_D17 hbr,mild_master_44,,0.0046080949250687136
531,constant,7.0,1.5027391410338125e-18,0.9128745696343623,1.1463859190063452e-09,0.11342964214716694,0.00013003414455544084,17,17,hbr,False,S17_D17 hbr,mild_master_44,,
539,Linear,7.0,7.321427860365322e-19,0.20140682388188538,9.564978071719847e-14,-1.4099423789360315,-1.3486067936911658e-07,17,21,hbr,False,S17_D21 hbr,mild_master_44,,
540,ShortHbO,7.0,7.321427860365322e-19,1.7383430424950082e-10,0.0006259228576242577,54.92713039667205,34380.1464189852,17,21,hbr,True,S17_D21 hbr,mild_master_44,,
541,az_itd=0_az=15,7.0,7.321427860365322e-19,0.34428780062811887,6.408626612837007e-10,1.0141216672580031,0.0006499127105444274,17,21,hbr,False,S17_D21 hbr,mild_master_44,,-0.004830281043559961
542,az_itd=0_az=5,7.0,7.321427860365322e-19,0.0028682912388085205,6.453856734741257e-10,4.479416129585367,0.0028909509955633134,17,21,hbr,True,S17_D21 hbr,mild_master_44,,-0.015101319325318283
543,az_itd=15_az=0,7.0,7.321427860365322e-19,2.211707567260456e-06,6.439953241325947e-10,14.03196571244297,0.009036520307202167,17,21,hbr,True,S17_D21 hbr,mild_master_44,,0.009480356626298111
544,az_itd=5_az=0,7.0,7.321427860365322e-19,0.0004507811405102265,6.547453469125928e-10,6.187341064853615,0.004051132771974111,17,21,hbr,True,S17_D21 hbr,mild_master_44,,0.003257730114577304
545,constant,7.0,7.321427860365322e-19,0.8838742946775343,8.001786095177522e-10,-0.1514747184038216,-0.00012120682954946303,17,21,hbr,False,S17_D21 hbr,mild_master_44,,
553,Linear,7.0,5.986730049022582e-19,0.003285939929927288,8.649299241474927e-14,-4.3670251913400735,-3.77717076749596e-07,17,22,hbr,True,S17_D22 hbr,mild_master_44,,
554,ShortHbO,7.0,5.986730049022582e-19,2.042483937499368e-06,0.0005660017259922349,-14.197461796553117,-8035.78788155788,17,22,hbr,True,S17_D22 hbr,mild_master_44,,
555,az_itd=0_az=15,7.0,5.986730049022582e-19,9.480502808444403e-07,5.795113055741742e-10,15.890630245442477,0.00920879987993283,17,22,hbr,True,S17_D22 hbr,mild_master_44,,0.011847155002291443
556,az_itd=0_az=5,7.0,5.986730049022582e-19,3.3157057417123193e-08,5.83601318704836e-10,25.849086904562213,0.015085561204818417,17,22,hbr,True,S17_D22 hbr,mild_master_44,,0.007535226153284705
557,az_itd=15_az=0,7.0,5.986730049022582e-19,2.7323441933712367e-08,5.823440709187021e-10,26.580285532292528,0.01547887168305671,17,22,hbr,True,S17_D22 hbr,mild_master_44,,0.017067176099161294
558,az_itd=5_az=0,7.0,5.986730049022582e-19,5.720211565549301e-08,5.920649676295669e-10,23.892996565626383,0.014146206238200938,17,22,hbr,True,S17_D22 hbr,mild_master_44,,0.011523883143421601
559,constant,7.0,5.986730049022582e-19,0.7765167400788516,7.235755470061331e-10,-0.29504709573624155,-0.00021348886368992187,17,22,hbr,False,S17_D22 hbr,mild_master_44,,
567,Linear,7.0,9.011084515865316e-19,0.04293661881764842,1.0611447175228241e-13,-2.468350734649847,-2.6192773430672667e-07,17,23,hbr,True,S17_D23 hbr,mild_master_44,,
568,ShortHbO,7.0,9.011084515865316e-19,2.6467419226036736e-09,0.0006944027774706075,37.18089541804587,25818.517047135236,17,23,hbr,True,S17_D23 hbr,mild_master_44,,
569,az_itd=0_az=15,7.0,9.011084515865316e-19,0.48314745143644156,7.109770901508618e-10,0.7403984871066029,0.000526406361915153,17,23,hbr,False,S17_D23 hbr,mild_master_44,,-0.008248633884287478
570,az_itd=0_az=5,7.0,9.011084515865316e-19,1.8526677277091627e-07,7.159949484848517e-10,20.156411855406997,0.014431889068051585,17,23,hbr,True,S17_D23 hbr,mild_master_44,,-0.0026633062944466917
571,az_itd=15_az=0,7.0,9.011084515865316e-19,5.446301706254334e-07,7.144524861308198e-10,17.231043189751723,0.01231076164554565,17,23,hbr,True,S17_D23 hbr,mild_master_44,,0.01937229393647223
572,az_itd=5_az=0,7.0,9.011084515865316e-19,3.909595770549266e-06,7.263786294013122e-10,12.899206241144844,0.009369707749807644,17,23,hbr,True,S17_D23 hbr,mild_master_44,,0.004943487807353909
573,constant,7.0,9.011084515865316e-19,0.8518463726325334,8.877232108613152e-10,-0.19378666804856245,-0.00017202892318218569,17,23,hbr,False,S17_D23 hbr,mild_master_44,,
581,Linear,7.0,1.02899612245726e-18,0.2476705078175283,1.1339475161820628e-13,-1.2611130862964042,-1.4300360518305028e-07,18,15,hbr,False,S18_D15 hbr,mild_master_44,,
582,ShortHbO,7.0,1.02899612245726e-18,6.940845096800476e-08,0.0007420442204913343,23.23465458546171,17241.141150254338,18,15,hbr,True,S18_D15 hbr,mild_master_44,,
583,az_itd=0_az=15,7.0,1.02899612245726e-18,0.8235420911885656,7.597556602090701e-10,0.23150775535400414,0.0001758893275125013,18,15,hbr,False,S18_D15 hbr,mild_master_44,,-0.006677539895861121
584,az_itd=0_az=5,7.0,1.02899612245726e-18,0.0016933846862104388,7.651177827362067e-10,4.930459794588008,0.0037723824659051893,18,15,hbr,True,S18_D15 hbr,mild_master_44,,-0.014193880436436067
585,az_itd=15_az=0,7.0,1.02899612245726e-18,1.0237446983296898e-06,7.634694954420457e-10,15.712920089130257,0.011996335172369461,18,15,hbr,True,S18_D15 hbr,mild_master_44,,0.006505968065675434
586,az_itd=5_az=0,7.0,1.02899612245726e-18,0.0026718116311327863,7.762138650985959e-10,4.538706865684831,0.003523007198762756,18,15,hbr,True,S18_D15 hbr,mild_master_44,,0.006675519146567196
587,constant,7.0,1.02899612245726e-18,0.719168758774737,9.486279424386827e-10,-0.3744309534974992,-0.0003551956650016868,18,15,hbr,False,S18_D15 hbr,mild_master_44,,
595,Linear,7.0,7.145853161102859e-19,0.5518499436798415,9.449593549135592e-14,-0.6249065119807224,-5.9051125444258584e-08,18,16,hbr,False,S18_D16 hbr,mild_master_44,,
596,ShortHbO,7.0,7.145853161102859e-19,3.6611782889651424e-08,0.0006183722067435117,-25.482257604233084,-15757.519867536243,18,16,hbr,True,S18_D16 hbr,mild_master_44,,
597,az_itd=0_az=15,7.0,7.145853161102859e-19,0.08708163752380081,6.331317881275013e-10,-1.9885156566569,-0.0012589924734187157,18,16,hbr,False,S18_D16 hbr,mild_master_44,,0.0019834136188485725
598,az_itd=0_az=5,7.0,7.145853161102859e-19,0.019634489286737788,6.376002381852876e-10,3.0109956544123717,0.0019198115464281944,18,16,hbr,True,S18_D16 hbr,mild_master_44,,-0.009318220365139516
599,az_itd=15_az=0,7.0,7.145853161102859e-19,0.00021129671134250587,6.362266609465044e-10,7.00137414806662,0.004454460896261602,18,16,hbr,True,S18_D16 hbr,mild_master_44,,0.002091599710330453
600,az_itd=5_az=0,7.0,7.145853161102859e-19,0.025688327006285115,6.468470037380132e-10,2.8223006220123037,0.0018255967009965898,18,16,hbr,True,S18_D16 hbr,mild_master_44,,0.005022713018844603
601,constant,7.0,7.145853161102859e-19,0.7604685703285236,7.905258715659193e-10,-0.3170278220414167,-0.00025061869532993613,18,16,hbr,False,S18_D16 hbr,mild_master_44,,
609,Linear,7.0,1.3720545437926244e-18,0.14620304063025702,1.3093983012177515e-13,-1.6343438153158905,-2.1400070153803656e-07,18,21,hbr,False,S18_D21 hbr,mild_master_44,,
610,ShortHbO,7.0,1.3720545437926244e-18,6.843821554983451e-10,0.0008568575069604913,-45.138685792821974,-38677.421775910385,18,21,hbr,True,S18_D21 hbr,mild_master_44,,
611,az_itd=0_az=15,7.0,1.3720545437926244e-18,0.0009883162732988245,8.773093609903919e-10,5.418861226392169,0.004754017679821724,18,21,hbr,True,S18_D21 hbr,mild_master_44,,-0.0003099261033801081
612,az_itd=0_az=5,7.0,1.3720545437926244e-18,5.816727310961092e-05,8.835011414985357e-10,8.579517292385432,0.0075800133213289565,18,21,hbr,True,S18_D21 hbr,mild_master_44,,-0.012787355891713417
613,az_itd=15_az=0,7.0,1.3720545437926244e-18,2.7542528501625955e-06,8.815978218544662e-10,13.58516040427518,0.01197664782195254,18,21,hbr,True,S18_D21 hbr,mild_master_44,,0.009406301848849883
614,az_itd=5_az=0,7.0,1.3720545437926244e-18,0.00773492269936745,8.963140725982074e-10,3.692121647672643,0.003309300590553471,18,21,hbr,True,S18_D21 hbr,mild_master_44,,0.004272520097816987
615,constant,7.0,1.3720545437926244e-18,0.7917684161185192,1.0954050329411098e-09,-0.27430558138502537,-0.000300475714412994,18,21,hbr,False,S18_D21 hbr,mild_master_44,,
623,Linear,7.0,7.681601352713217e-19,0.0005255102707311068,9.797425448841167e-14,-6.031519127481984,-5.909335899476426e-07,18,22,hbr,True,S18_D22 hbr,mild_master_44,,
624,ShortHbO,7.0,7.681601352713217e-19,9.482577798573055e-12,0.0006411339877956079,-83.27179541333057,-53388.37826424864,18,22,hbr,True,S18_D22 hbr,mild_master_44,,
625,az_itd=0_az=15,7.0,7.681601352713217e-19,1.9574421384373624e-08,6.564368574390297e-10,27.88852851231953,0.01830705801522581,18,22,hbr,True,S18_D22 hbr,mild_master_44,,0.020440555422920236
626,az_itd=0_az=5,7.0,7.681601352713217e-19,1.3842181539791563e-09,6.61069787531249e-10,40.803765311527634,0.026974136464966526,18,22,hbr,True,S18_D22 hbr,mild_master_44,,0.02850534124730275
627,az_itd=15_az=0,7.0,7.681601352713217e-19,4.680437333623567e-09,6.59645650024675e-10,34.25935177406884,0.02259903237042964,18,22,hbr,True,S18_D22 hbr,mild_master_44,,0.02468764023442029
628,az_itd=5_az=0,7.0,7.681601352713217e-19,1.0823768087450031e-08,6.706569190490939e-10,30.370671447682145,0.020368300942554794,18,22,hbr,True,S18_D22 hbr,mild_master_44,,0.018176947466587153
629,constant,7.0,7.681601352713217e-19,0.4999712542109449,8.19624489854992e-10,-0.711191127173096,-0.0005829096647986454,18,22,hbr,False,S18_D22 hbr,mild_master_44,,
637,Linear,7.0,4.499915568312218e-18,0.6172204870358842,2.3713096439753503e-13,-0.522840883288775,-1.239817628807263e-07,18,23,hbr,False,S18_D23 hbr,mild_master_44,,
638,ShortHbO,7.0,4.499915568312218e-18,2.3209392345360096e-13,0.0015517619565249385,-141.5160201992965,-219599.17638408302,18,23,hbr,True,S18_D23 hbr,mild_master_44,,
639,az_itd=0_az=15,7.0,4.499915568312218e-18,3.2934428102123047e-05,1.5888000973665572e-09,9.364130916839255,0.014877732112427397,18,23,hbr,True,S18_D23 hbr,mild_master_44,,0.016811332312453943
640,az_itd=0_az=5,7.0,4.499915568312218e-18,0.0005095243764804984,1.6000133613662774e-09,6.062671045485337,0.009700354678344998,18,23,hbr,True,S18_D23 hbr,mild_master_44,,0.022330284117122543
641,az_itd=15_az=0,7.0,4.499915568312218e-18,3.325153591227232e-06,1.5965664650144553e-09,-13.212170333770802,-0.021094108084957302,18,23,hbr,True,S18_D23 hbr,mild_master_44,,-0.010627618820463482
642,az_itd=5_az=0,7.0,4.499915568312218e-18,3.073786059296589e-06,1.623217475084759e-09,13.366639899899683,0.021696963468682363,18,23,hbr,True,S18_D23 hbr,mild_master_44,,0.0434857215178573
643,constant,7.0,4.499915568312218e-18,0.651944991304551,1.9837695804681063e-09,-0.47103035435020624,-0.0009344156884370521,18,23,hbr,False,S18_D23 hbr,mild_master_44,,
651,Linear,7.0,5.834010611706135e-19,0.18766418163604218,8.538266229845248e-14,-1.460002875105015,-1.246589324398612e-07,19,14,hbr,False,S19_D14 hbr,mild_master_44,,
652,ShortHbO,7.0,5.834010611706135e-19,1.1565692250338007e-11,0.0005587358337540334,-80.9404861536672,-45224.350015526026,19,14,hbr,True,S19_D14 hbr,mild_master_44,,
653,az_itd=0_az=15,7.0,5.834010611706135e-19,0.08257508823281544,5.720719878057702e-10,-2.024542200777166,-0.0011581838811952619,19,14,hbr,False,S19_D14 hbr,mild_master_44,,-0.006096088071581906
654,az_itd=0_az=5,7.0,5.834010611706135e-19,1.4462509561480467e-06,5.761094965123365e-10,14.936674055101061,0.008605159769453153,19,14,hbr,True,S19_D14 hbr,mild_master_44,,0.0018561812767346453
655,az_itd=15_az=0,7.0,5.834010611706135e-19,0.007989682438449027,5.748683883005383e-10,3.6675887728855887,0.0021083808468178875,19,14,hbr,True,S19_D14 hbr,mild_master_44,,0.006620347290870569
656,az_itd=5_az=0,7.0,5.834010611706135e-19,0.00036353469081310853,5.84464495660565e-10,6.410785610041949,0.003746876578361175,19,14,hbr,True,S19_D14 hbr,mild_master_44,,0.014620712902439235
657,constant,7.0,5.834010611706135e-19,0.9718761298477667,7.142868439698876e-10,-0.036534603780733185,-2.609618683023023e-05,19,14,hbr,False,S19_D14 hbr,mild_master_44,,
665,Linear,7.0,1.2052207507716728e-18,0.04713230985140045,1.2272114120302573e-13,-2.4048044206899335,-2.951203428771498e-07,19,15,hbr,True,S19_D15 hbr,mild_master_44,,
666,ShortHbO,7.0,1.2052207507716728e-18,4.4462814334977734e-08,0.0008030752064118034,-24.777957071173702,-19898.562989395625,19,15,hbr,True,S19_D15 hbr,mild_master_44,,
667,az_itd=0_az=15,7.0,1.2052207507716728e-18,4.165268774048457e-05,8.222433607001732e-10,9.033020035648079,0.007427340751383274,19,15,hbr,True,S19_D15 hbr,mild_master_44,,-0.002910493998975793
668,az_itd=0_az=5,7.0,1.2052207507716728e-18,8.207375907795082e-07,8.280465022601658e-10,16.229426949459093,0.013438720219186476,19,15,hbr,True,S19_D15 hbr,mild_master_44,,-0.010225625447030323
669,az_itd=15_az=0,7.0,1.2052207507716728e-18,5.434425357677352e-07,8.262626481145088e-10,17.23653004292321,0.014241900957571019,19,15,hbr,True,S19_D15 hbr,mild_master_44,,0.017923000369981252
670,az_itd=5_az=0,7.0,1.2052207507716728e-18,0.00028001922005870146,8.400552052288889e-10,6.689930355305992,0.005619910817593549,19,15,hbr,True,S19_D15 hbr,mild_master_44,,0.012110264255930928
671,constant,7.0,1.2052207507716728e-18,0.7734199526908576,1.0266498405951081e-09,-0.29927580703233286,-0.0003072514595837169,19,15,hbr,False,S19_D15 hbr,mild_master_44,,
679,Linear,7.0,6.025886163299811e-19,0.06338064759739466,8.677538445436255e-14,-2.20373476029547,-1.912299310600819e-07,19,21,hbr,False,S19_D21 hbr,mild_master_44,,
680,ShortHbO,7.0,6.025886163299811e-19,7.344926569881394e-12,0.000567849672020754,-86.36943205914176,-49044.853667402436,19,21,hbr,True,S19_D21 hbr,mild_master_44,,
681,az_itd=0_az=15,7.0,6.025886163299811e-19,0.006955800699075849,5.814033591959903e-10,3.7729778660265496,0.002193622005479955,19,21,hbr,True,S19_D21 hbr,mild_master_44,,-0.003127420392268985
682,az_itd=0_az=5,7.0,6.025886163299811e-19,2.9958606809396055e-07,5.855067258610571e-10,18.797767278455968,0.011006219172706869,19,21,hbr,True,S19_D21 hbr,mild_master_44,,-0.0006448914161070646
683,az_itd=15_az=0,7.0,6.025886163299811e-19,9.9661151575797e-05,5.842453732710922e-10,7.888787186882738,0.004608987414656515,19,21,hbr,True,S19_D21 hbr,mild_master_44,,0.007603848729824833
684,az_itd=5_az=0,7.0,6.025886163299811e-19,1.5393094802596185e-06,5.939980078577365e-10,14.800501194186536,0.008791468224642851,19,21,hbr,True,S19_D21 hbr,mild_master_44,,0.01608350174595618
685,constant,7.0,6.025886163299811e-19,0.7824311513747078,7.259379577498098e-10,-0.2869873172439032,-0.0002083349869801359,19,21,hbr,False,S19_D21 hbr,mild_master_44,,
721,Linear,7.0,5.4345945559699885e-18,0.36328865595401005,2.605971487261345e-13,-0.9723084809826489,-2.5338081782631723e-07,20,12,hbr,False,S20_D12 hbr,mild_master_44,,
722,ShortHbO,7.0,5.4345945559699885e-18,3.897369808688711e-07,0.0017053223833483062,-18.092005518640974,-30852.70197059953,20,12,hbr,True,S20_D12 hbr,mild_master_44,,
723,az_itd=0_az=15,7.0,5.4345945559699885e-18,3.166976542796106e-05,1.746025772388895e-09,9.42034795195567,0.016448170308985544,20,12,hbr,True,S20_D12 hbr,mild_master_44,,4.777941626390722e-05
724,az_itd=0_az=5,7.0,5.4345945559699885e-18,0.16712264953002243,1.7583486870013524e-09,1.5413929008093477,0.0027103061832913222,20,12,hbr,False,S20_D12 hbr,mild_master_44,,-0.007349461667874485
725,az_itd=15_az=0,7.0,5.4345945559699885e-18,0.018094665086622712,1.7545606900878259e-09,3.068931750608548,0.005384627010180173,20,12,hbr,True,S20_D12 hbr,mild_master_44,,-0.015608787761135001
726,az_itd=5_az=0,7.0,5.4345945559699885e-18,0.00017127307667086134,1.7838490508577403e-09,7.240895372901451,0.012916664338310456,20,12,hbr,True,S20_D12 hbr,mild_master_44,,0.04929701004101718
727,constant,7.0,5.4345945559699885e-18,0.8492962983375528,2.1800809426683306e-09,-0.19717143838881387,-0.000429849695269956,20,12,hbr,False,S20_D12 hbr,mild_master_44,,
735,Linear,7.0,4.078842678423871e-19,0.3240219381973117,7.139282419845103e-14,-1.060758029194291,-7.573051149536341e-08,20,13,hbr,False,S20_D13 hbr,mild_master_44,,
736,ShortHbO,7.0,4.078842678423871e-19,4.2777386981283817e-10,0.00046718769453619677,-48.28220597338692,-22556.85249582842,20,13,hbr,True,S20_D13 hbr,mild_master_44,,
737,az_itd=0_az=15,7.0,4.078842678423871e-19,0.22515258072696784,4.783387371023216e-10,-1.3302014773079898,-0.0006362868947471463,20,13,hbr,False,S20_D13 hbr,mild_master_44,,-0.0030389576269211353
738,az_itd=0_az=5,7.0,4.078842678423871e-19,1.0427244680432806e-06,4.817147052617594e-10,15.670702867459527,0.007548808013042873,20,13,hbr,True,S20_D13 hbr,mild_master_44,,0.001891555556753924
739,az_itd=15_az=0,7.0,4.078842678423871e-19,0.10416262112361958,4.806769510152773e-10,1.8668235154290762,0.00089733903548007,20,13,hbr,False,S20_D13 hbr,mild_master_44,,0.00256608773369945
740,az_itd=5_az=0,7.0,4.078842678423871e-19,0.36039118391555325,4.887007486728056e-10,-0.9785737384979021,-0.000478229718635471,20,13,hbr,False,S20_D13 hbr,mild_master_44,,0.005899028592885672
741,constant,7.0,4.078842678423871e-19,0.9516497264700289,5.97251874163367e-10,0.0628411861553735,3.753201620594585e-05,20,13,hbr,False,S20_D13 hbr,mild_master_44,,
749,Linear,7.0,7.757589621092442e-19,0.07715543543966406,9.845765452671454e-14,-2.070538108822394,-2.0386032580283216e-07,20,20,hbr,False,S20_D20 hbr,mild_master_44,,
750,ShortHbO,7.0,7.757589621092442e-19,1.8450351981451967e-14,0.000644297310608075,-203.20505256283914,-130924.46886820978,20,20,hbr,True,S20_D20 hbr,mild_master_44,,
751,az_itd=0_az=15,7.0,7.757589621092442e-19,0.008813495220008436,6.596756838397651e-10,3.593703104552342,0.0023706785530126532,20,20,hbr,True,S20_D20 hbr,mild_master_44,,0.005993194213203606
752,az_itd=0_az=5,7.0,7.757589621092442e-19,3.8830927748686087e-07,6.643314725757753e-10,18.101673281956447,0.012025511267487694,20,20,hbr,True,S20_D20 hbr,mild_master_44,,0.0022670240891311724
753,az_itd=15_az=0,7.0,7.757589621092442e-19,0.11130531234040306,6.629003084464541e-10,1.8216121390966695,0.0012075472488769874,20,20,hbr,False,S20_D20 hbr,mild_master_44,,0.012326837644934216
754,az_itd=5_az=0,7.0,7.757589621092442e-19,5.215042418262251e-07,6.73965906517784e-10,17.34041513385583,0.011686848605083847,20,20,hbr,True,S20_D20 hbr,mild_master_44,,0.026039475367271595
755,constant,7.0,7.757589621092442e-19,0.6073903020124045,8.236684758170054e-10,-0.5377863948718025,-0.00044295770017917983,20,20,hbr,False,S20_D20 hbr,mild_master_44,,
763,Linear,7.0,5.64132403370696e-19,0.7972260670422019,8.396080772511031e-14,-0.2669162575112842,-2.2410504575610966e-08,21,11,hbr,False,S21_D11 hbr,mild_master_44,,
764,ShortHbO,7.0,5.64132403370696e-19,1.5437941082915695e-08,0.0005494313557824239,-28.858111701900246,-15855.551437695683,21,11,hbr,True,S21_D11 hbr,mild_master_44,,
765,az_itd=0_az=15,7.0,5.64132403370696e-19,0.0006784802510405517,5.625454264378504e-10,-5.778229350773692,-0.00325051649418669,21,11,hbr,True,S21_D11 hbr,mild_master_44,,-2.041006214951905e-05
766,az_itd=0_az=5,7.0,5.64132403370696e-19,0.05285974731090471,5.665156995948941e-10,2.32683414995693,0.001318188076304141,21,11,hbr,False,S21_D11 hbr,mild_master_44,,-0.00245057294599205
767,az_itd=15_az=0,7.0,5.64132403370696e-19,0.011172804459246921,5.652952592252486e-10,3.417532970354599,0.0019319151863874367,21,11,hbr,True,S21_D11 hbr,mild_master_44,,0.005436894302436641
768,az_itd=5_az=0,7.0,5.64132403370696e-19,0.9235151014791516,5.747315651833414e-10,0.09952059497367303,5.719762731719648e-05,21,11,hbr,False,S21_D11 hbr,mild_master_44,,0.0028063908521255843
769,constant,7.0,5.64132403370696e-19,0.9044757342041646,7.023920167480953e-10,-0.12442595131860602,-8.739579488247603e-05,21,11,hbr,False,S21_D11 hbr,mild_master_44,,
777,Linear,7.0,6.12746245343383e-19,0.7275987383741462,8.750369944434119e-14,-0.3626079488919255,-3.172953697596808e-08,21,12,hbr,False,S21_D12 hbr,mild_master_44,,
778,ShortHbO,7.0,6.12746245343383e-19,3.229079394347602e-11,0.000572615694445059,69.88669166737469,40018.216481581476,21,12,hbr,True,S21_D12 hbr,mild_master_44,,
779,az_itd=0_az=15,7.0,6.12746245343383e-19,0.012280453284506792,5.862831391518957e-10,-3.3482314206861807,-0.0019630116279269055,21,12,hbr,True,S21_D12 hbr,mild_master_44,,-0.006611268373657791
780,az_itd=0_az=5,7.0,6.12746245343383e-19,0.00031578779649236945,5.904209458078693e-10,6.560255184137537,0.0038733120705594626,21,12,hbr,True,S21_D12 hbr,mild_master_44,,-0.008401534364364098
781,az_itd=15_az=0,7.0,6.12746245343383e-19,0.05267332391602686,5.891490065520579e-10,2.3292334090043703,0.001372265548942788,21,12,hbr,False,S21_D12 hbr,mild_master_44,,-0.0013019059477804142
782,az_itd=5_az=0,7.0,6.12746245343383e-19,0.9575467016913379,5.989834960334503e-10,-0.05516733773212894,-3.304432482164867e-05,21,12,hbr,False,S21_D12 hbr,mild_master_44,,-0.0023164038220041382
783,constant,7.0,6.12746245343383e-19,0.8948700141206898,7.320308318954926e-10,-0.13702355117423373,-0.00010030546415534893,21,12,hbr,False,S21_D12 hbr,mild_master_44,,
791,Linear,7.0,6.241872726339077e-19,0.6967354079823237,8.831684365482404e-14,-0.40618725125183464,-3.587317596339101e-08,21,19,hbr,False,S21_D19 hbr,mild_master_44,,
792,ShortHbO,7.0,6.241872726339077e-19,8.604932316850079e-08,0.00057793683103387,-22.52393529300053,-13017.411785648666,21,19,hbr,True,S21_D19 hbr,mild_master_44,,
793,az_itd=0_az=15,7.0,6.241872726339077e-19,0.0009540011380257948,5.917312829827552e-10,-5.451961504078242,-0.0032260961755808102,21,19,hbr,True,S21_D19 hbr,mild_master_44,,0.0031439268394504094
794,az_itd=0_az=5,7.0,6.241872726339077e-19,0.00020645521755288584,5.959075409676186e-10,7.027502392169749,0.004187741669661932,21,19,hbr,True,S21_D19 hbr,mild_master_44,,0.0006141469956141021
795,az_itd=15_az=0,7.0,6.241872726339077e-19,0.0038193143968448975,5.946237819824869e-10,4.244433204124806,0.0025238409242087367,21,19,hbr,True,S21_D19 hbr,mild_master_44,,0.005997072269335325
796,az_itd=5_az=0,7.0,6.241872726339077e-19,0.2571584951802165,6.045496602649885e-10,1.2336116237709476,0.0007457794880496671,21,19,hbr,False,S21_D19 hbr,mild_master_44,,0.007145279730086962
797,constant,7.0,6.241872726339077e-19,0.9833853255231406,7.388333629499582e-10,-0.021579892487564475,-1.59439445386858e-05,21,19,hbr,False,S21_D19 hbr,mild_master_44,,
805,Linear,7.0,1.1386140849247878e-18,0.5808233407534602,1.192818485409133e-13,-0.578860414303609,-6.904754026529342e-08,21,20,hbr,False,S21_D20 hbr,mild_master_44,,
806,ShortHbO,7.0,1.1386140849247878e-18,2.1042820788397852e-06,0.0007805688098980427,14.135273666849923,11033.553743716186,21,20,hbr,True,S21_D20 hbr,mild_master_44,,
807,az_itd=0_az=15,7.0,1.1386140849247878e-18,0.7551812977116275,7.991997715581172e-10,-0.32430703592356863,-0.00025918610902480617,21,20,hbr,False,S21_D20 hbr,mild_master_44,,-0.004943014953602803
808,az_itd=0_az=5,7.0,1.1386140849247878e-18,0.0005629843997469699,8.048402785305496e-10,5.9624702656537405,0.004798836229338877,21,20,hbr,True,S21_D20 hbr,mild_master_44,,-0.010404806146119527
809,az_itd=15_az=0,7.0,1.1386140849247878e-18,0.005722003962405985,8.031064173723542e-10,3.923669164801128,0.0031511238858978113,21,20,hbr,True,S21_D20 hbr,mild_master_44,,0.0030095012506625657
810,az_itd=5_az=0,7.0,1.1386140849247878e-18,0.7021826239523772,8.165124344007293e-10,0.39843542113818947,0.00032532747566502287,21,20,hbr,False,S21_D20 hbr,mild_master_44,,0.00015711182911982158
811,constant,7.0,1.1386140849247878e-18,0.8728595327951127,9.978777054217875e-10,-0.1659871342878486,-0.00016563486069269646,21,20,hbr,False,S21_D20 hbr,mild_master_44,,
819,Linear,7.0,2.3961756321584507e-18,0.7746971088750817,1.7303956258348636e-13,-0.29753110340577116,-5.148465198831669e-08,22,10,hbr,False,S22_D10 hbr,mild_master_44,,
820,ShortHbO,7.0,2.3961756321584507e-18,4.286146255572678e-11,0.0011323540595930776,-67.11219117159085,-75994.7621213376,22,10,hbr,True,S22_D10 hbr,mild_master_44,,
821,az_itd=0_az=15,7.0,2.3961756321584507e-18,0.02314090624593556,1.1593815872144594e-09,-2.895289563998414,-0.0033567454101539416,22,10,hbr,True,S22_D10 hbr,mild_master_44,,0.010851403909106681
822,az_itd=0_az=5,7.0,2.3961756321584507e-18,0.0030221711818862367,1.167564147018804e-09,-4.436025398456091,-0.005179344210502136,22,10,hbr,True,S22_D10 hbr,mild_master_44,,0.0012202553511823583
823,az_itd=15_az=0,7.0,2.3961756321584507e-18,0.7913665669225405,1.1650488726491943e-09,0.2748503250031447,0.0003202140612921784,22,10,hbr,False,S22_D10 hbr,mild_master_44,,0.007721774475690485
824,az_itd=5_az=0,7.0,2.3961756321584507e-18,0.0598059279537248,1.1844966876432846e-09,2.2430753333585254,0.0026569153024975298,22,10,hbr,False,S22_D10 hbr,mild_master_44,,0.02010985561503596
825,constant,7.0,2.3961756321584507e-18,0.9083622745109545,1.447599310122806e-09,0.11933539523291548,0.00017274983581240083,22,10,hbr,False,S22_D10 hbr,mild_master_44,,
833,Linear,7.0,5.495764012475289e-19,0.10054184836399989,8.287053124160278e-14,-1.8909028053933004,-1.5670012000917986e-07,22,11,hbr,False,S22_D11 hbr,mild_master_44,,
834,ShortHbO,7.0,5.495764012475289e-19,5.356060987496592e-11,0.0005422966925658374,-65.00641198103773,-35252.76221288899,22,11,hbr,True,S22_D11 hbr,mild_master_44,,
835,az_itd=0_az=15,7.0,5.495764012475289e-19,0.011091806347638674,5.552404699234019e-10,3.4228880537321857,0.0019005259714494572,22,11,hbr,True,S22_D11 hbr,mild_master_44,,0.000536651361032461
836,az_itd=0_az=5,7.0,5.495764012475289e-19,5.048492605369047e-06,5.591591869368887e-10,12.419033142200114,0.00694421647433489,22,11,hbr,True,S22_D11 hbr,mild_master_44,,-0.0023544147134594803
837,az_itd=15_az=0,7.0,5.495764012475289e-19,3.776624325978638e-06,5.579545946453e-10,12.965504663847788,0.007234162899088939,22,11,hbr,True,S22_D11 hbr,mild_master_44,,0.01532959468277414
838,az_itd=5_az=0,7.0,5.495764012475289e-19,6.268446668319927e-05,5.672683650685874e-10,8.48065218517404,0.004810805699799022,22,11,hbr,True,S22_D11 hbr,mild_master_44,,0.006422226169191548
839,constant,7.0,5.495764012475289e-19,0.8010857749820165,6.932710766474341e-10,-0.2617004123787401,-0.0001814293266488866,22,11,hbr,False,S22_D11 hbr,mild_master_44,,
847,Linear,7.0,4.71904609645755e-19,0.8148656799347289,7.67915077517614e-14,-0.2431432097135842,-1.867133367350885e-08,22,12,hbr,False,S22_D12 hbr,mild_master_44,,
848,ShortHbO,7.0,4.71904609645755e-19,4.1029159591006704e-11,0.0005025161543795921,67.5329564911095,33936.40158979665,22,12,hbr,True,S22_D12 hbr,mild_master_44,,
849,az_itd=0_az=15,7.0,4.71904609645755e-19,3.511925132413389e-05,5.145104322537454e-10,-9.272544847865436,-0.004770821057767485,22,12,hbr,True,S22_D12 hbr,mild_master_44,,-0.003332286363674563
850,az_itd=0_az=5,7.0,4.71904609645755e-19,0.0001359450249475499,5.181416891481993e-10,7.511829317864755,0.0038921919313514093,22,12,hbr,True,S22_D12 hbr,mild_master_44,,-0.0074142111652752245
851,az_itd=15_az=0,7.0,4.71904609645755e-19,0.6554758140800114,5.170254605333789e-10,-0.4658421711599396,-0.00024085226307983692,22,12,hbr,False,S22_D12 hbr,mild_master_44,,0.005543834301835928
852,az_itd=5_az=0,7.0,4.71904609645755e-19,0.472560404523379,5.256560130704785e-10,0.7591261239855327,0.0003990392117518809,22,12,hbr,False,S22_D12 hbr,mild_master_44,,-0.004966372730177668
853,constant,7.0,4.71904609645755e-19,0.8498105121609069,6.424157110955882e-10,0.19648870566218754,0.00012622743157022592,22,12,hbr,False,S22_D12 hbr,mild_master_44,,
861,Linear,7.0,9.337105391697783e-19,0.47094855986810047,1.0801702589703662e-13,0.7620020208348038,8.230919201810723e-08,22,19,hbr,False,S22_D19 hbr,mild_master_44,,
862,ShortHbO,7.0,9.337105391697783e-19,2.3569384767643055e-07,0.000706852906662125,-19.46439317566176,-13758.462892630943,22,19,hbr,True,S22_D19 hbr,mild_master_44,,
863,az_itd=0_az=15,7.0,9.337105391697783e-19,1.0808664545818555e-06,7.237243845335691e-10,-15.588449625155276,-0.01128174111079805,22,19,hbr,True,S22_D19 hbr,mild_master_44,,-0.0019418673375165149
864,az_itd=0_az=5,7.0,9.337105391697783e-19,0.013041796988018451,7.288322093633015e-10,3.3043868091214215,0.0024083435386829154,22,19,hbr,True,S22_D19 hbr,mild_master_44,,-0.004610539940338691
865,az_itd=15_az=0,7.0,9.337105391697783e-19,0.009762329482649072,7.272620917979082e-10,3.51735345098171,0.0025580378283535494,22,19,hbr,True,S22_D19 hbr,mild_master_44,,0.006126597517238472
866,az_itd=5_az=0,7.0,9.337105391697783e-19,0.00034918965126054893,7.394020620133548e-10,-6.453259787421605,-0.004771553593527399,22,19,hbr,True,S22_D19 hbr,mild_master_44,,0.0012521312915515714
867,constant,7.0,9.337105391697783e-19,0.9309055781476037,9.036394327142727e-10,-0.08987303941318926,-8.121282235164181e-05,22,19,hbr,False,S22_D19 hbr,mild_master_44,,
875,Linear,7.0,1.0723486130675675e-18,0.559577469075115,1.157588176162815e-13,-0.6124885614153219,-7.090095167293488e-08,22,20,hbr,False,S22_D20 hbr,mild_master_44,,
876,ShortHbO,7.0,1.0723486130675675e-18,1.8138394486150475e-11,0.0007575144383426704,75.89607926084403,57492.37585368906,22,20,hbr,True,S22_D20 hbr,mild_master_44,,
877,az_itd=0_az=15,7.0,1.0723486130675675e-18,0.0007800417592201284,7.755951280637452e-10,-5.643123871845945,-0.004376779382063933,22,20,hbr,True,S22_D20 hbr,mild_master_44,,-0.00831296711603207
878,az_itd=0_az=5,7.0,1.0723486130675675e-18,3.579321067992543e-06,7.810690406990043e-10,13.068936141764542,0.010207741415204577,22,20,hbr,True,S22_D20 hbr,mild_master_44,,-0.0005768906425932118
879,az_itd=15_az=0,7.0,1.0723486130675675e-18,0.2271195561316666,7.7938638973376e-10,1.323933014344871,0.0010318553722995834,22,20,hbr,False,S22_D20 hbr,mild_master_44,,0.0017874603944080974
880,az_itd=5_az=0,7.0,1.0723486130675675e-18,0.004148792910018606,7.923964553818971e-10,4.177764006371566,0.0033104453900709026,22,20,hbr,True,S22_D20 hbr,mild_master_44,,-0.0029504388580597327
881,constant,7.0,1.0723486130675675e-18,0.9686861689229366,9.684050399810286e-10,0.04068103540293844,3.939571971585224e-05,22,20,hbr,False,S22_D20 hbr,mild_master_44,,
931,Linear,7.0,2.720673726802027e-18,0.5886522806715688,1.8438446024154042e-13,0.5666484792461655,1.0448117399249393e-07,23,9,hbr,False,S23_D9 hbr,mild_master_44,,
932,ShortHbO,7.0,2.720673726802027e-18,5.711984280687195e-10,0.001206593965929916,-46.32316594250188,-55893.25250899296,23,9,hbr,True,S23_D9 hbr,mild_master_44,,
933,az_itd=0_az=15,7.0,2.720673726802027e-18,0.00016428827671575001,1.2353934844777477e-09,-7.289142877364304,-0.009004959618123243,23,9,hbr,True,S23_D9 hbr,mild_master_44,,0.002745514238429426
934,az_itd=0_az=5,7.0,2.720673726802027e-18,0.00032601095215796413,1.2441125129495765e-09,-6.526207505823087,-0.00811933642009995,23,9,hbr,True,S23_D9 hbr,mild_master_44,,0.004897080260267845
935,az_itd=15_az=0,7.0,2.720673726802027e-18,0.00010540461308734373,1.2414323310300452e-09,-7.819642160749923,-0.009707556595440597,23,9,hbr,True,S23_D9 hbr,mild_master_44,,0.012986144523401563
936,az_itd=5_az=0,7.0,2.720673726802027e-18,4.2398134271454635e-05,1.2621551924209633e-09,9.008426423731906,0.011370032186255433,23,9,hbr,True,S23_D9 hbr,mild_master_44,,0.033514128625890566
937,constant,7.0,2.720673726802027e-18,0.9949231382234343,1.5425074674136531e-09,0.006593527994481248,1.0170566168088294e-05,23,9,hbr,False,S23_D9 hbr,mild_master_44,,
889,Linear,7.0,4.967654603154437e-19,0.4054088644037534,7.878830927105228e-14,0.8852376326746332,6.974637638154318e-08,23,10,hbr,False,S23_D10 hbr,mild_master_44,,
890,ShortHbO,7.0,4.967654603154437e-19,6.1263957393268245e-06,0.0005155830292191523,-12.066605512872988,-6221.337022719577,23,10,hbr,True,S23_D10 hbr,mild_master_44,,
891,az_itd=0_az=15,7.0,4.967654603154437e-19,9.631116211075091e-05,5.278891930424568e-10,-7.931228011074116,-0.004186809554601644,23,10,hbr,True,S23_D10 hbr,mild_master_44,,-0.00220315439213131
892,az_itd=0_az=5,7.0,4.967654603154437e-19,0.0019288823156021094,5.316148731289546e-10,-4.81665218443875,-0.0025606039399367077,23,10,hbr,True,S23_D10 hbr,mild_master_44,,-0.0042095980220872705
893,az_itd=15_az=0,7.0,4.967654603154437e-19,0.00012219110420568126,5.30469619338575e-10,-7.639645189478504,-0.004052599675544437,23,10,hbr,True,S23_D10 hbr,mild_master_44,,0.007170643910998848
894,az_itd=5_az=0,7.0,4.967654603154437e-19,7.828456350791798e-05,5.393245912278002e-10,-8.192515424629109,-0.0044184250325155425,23,10,hbr,True,S23_D10 hbr,mild_master_44,,0.0009908812019579502
895,constant,7.0,4.967654603154437e-19,0.5344605816059861,6.591203794305133e-10,0.6532412207730979,0.000430564601295616,23,10,hbr,False,S23_D10 hbr,mild_master_44,,
903,Linear,7.0,4.942715383081242e-19,0.10251636359319098,7.859028913055397e-14,-1.8776691666436442,-1.4756656269805032e-07,23,11,hbr,False,S23_D11 hbr,mild_master_44,,
904,ShortHbO,7.0,4.942715383081242e-19,5.686871955538564e-10,0.0005142872046884685,-46.352417564501934,-23838.45525980037,23,11,hbr,True,S23_D11 hbr,mild_master_44,,
905,az_itd=0_az=15,7.0,4.942715383081242e-19,0.6956850634098775,5.265624391986322e-10,-0.4076851005458931,-0.00021467166096838508,23,11,hbr,False,S23_D11 hbr,mild_master_44,,0.00314954763657805
906,az_itd=0_az=5,7.0,4.942715383081242e-19,5.956735265609965e-06,5.302787554632507e-10,12.117173804042476,0.006425479844539548,23,11,hbr,True,S23_D11 hbr,mild_master_44,,0.005651503588718777
907,az_itd=15_az=0,7.0,4.942715383081242e-19,7.769575766742587e-06,5.291363800607764e-10,11.646447121203447,0.006162558870282842,23,11,hbr,True,S23_D11 hbr,mild_master_44,,0.008041522146789562
908,az_itd=5_az=0,7.0,4.942715383081242e-19,1.019790125323064e-06,5.379690965825006e-10,15.721828619076353,0.008457857938829407,23,11,hbr,True,S23_D11 hbr,mild_master_44,,0.012214373987629435
909,constant,7.0,4.942715383081242e-19,0.8597189401769237,6.574637997761496e-10,-0.1833529376092564,-0.00012054791906070101,23,11,hbr,False,S23_D11 hbr,mild_master_44,,
917,Linear,7.0,8.421181739860498e-19,0.09708807944788451,1.0258234082294736e-13,1.9146710653046173,1.9641143978491394e-07,23,19,hbr,False,S23_D19 hbr,mild_master_44,,
918,ShortHbO,7.0,8.421181739860498e-19,3.021172102538228e-12,0.000671288856369951,-98.06559288323908,-65830.33969583077,23,19,hbr,True,S23_D19 hbr,mild_master_44,,
919,az_itd=0_az=15,7.0,8.421181739860498e-19,2.2162103183608418e-07,6.873114757563156e-10,-19.639143787170724,-0.013498208898950788,23,19,hbr,True,S23_D19 hbr,mild_master_44,,-0.005015658603695019
920,az_itd=0_az=5,7.0,8.421181739860498e-19,0.00019346981271860166,6.921623094392108e-10,-7.101134008191316,-0.004915137314747021,23,19,hbr,True,S23_D19 hbr,mild_master_44,,-0.006078502572509359
921,az_itd=15_az=0,7.0,8.421181739860498e-19,3.7857803628421705e-06,6.906711895542883e-10,-12.960854980665918,-0.008951689127137152,23,19,hbr,True,S23_D19 hbr,mild_master_44,,-0.00024489562734091724
922,az_itd=5_az=0,7.0,8.421181739860498e-19,7.883709937782809e-06,7.022003587003492e-10,-11.621101545593275,-0.00816034167380878,23,19,hbr,True,S23_D19 hbr,mild_master_44,,0.0020169819091665304
923,constant,7.0,8.421181739860498e-19,0.6510918560035466,8.581744173933362e-10,0.4722860535736973,0.0004053038088686057,23,19,hbr,False,S23_D19 hbr,mild_master_44,,
973,Linear,7.0,1.2206420181517528e-18,0.3774196154553402,1.235037779467721e-13,-0.9422884456402749,-1.1637618295216553e-07,24,9,hbr,False,S24_D9 hbr,mild_master_44,,
974,ShortHbO,7.0,1.2206420181517528e-18,6.873761455547604e-10,0.0008081967051068797,-45.1104601945199,-36458.125295066035,24,9,hbr,True,S24_D9 hbr,mild_master_44,,
975,az_itd=0_az=15,7.0,1.2206420181517528e-18,0.5523586439434818,8.274871015917351e-10,0.6240858479132874,0.0005164229894341866,24,9,hbr,False,S24_D9 hbr,mild_master_44,,0.008040029582800869
976,az_itd=0_az=5,7.0,1.2206420181517528e-18,0.000246161445923815,8.333272518673369e-10,6.831105899519186,0.005692546706461075,24,9,hbr,True,S24_D9 hbr,mild_master_44,,-0.00011939157429236038
977,az_itd=15_az=0,7.0,1.2206420181517528e-18,0.013628505561355404,8.315320214438341e-10,-3.2724333492244115,-0.002721133117920791,24,9,hbr,True,S24_D9 hbr,mild_master_44,,0.004478952183256908
978,az_itd=5_az=0,7.0,1.2206420181517528e-18,5.822481501715141e-07,8.45412538643022e-10,17.063978451487763,0.014426101342022095,24,9,hbr,True,S24_D9 hbr,mild_master_44,,0.023546895951971798
979,constant,7.0,1.2206420181517528e-18,0.901305986737027,1.0331971549399268e-09,-0.12858037558973617,-0.00013284887824042263,24,9,hbr,False,S24_D9 hbr,mild_master_44,,
945,Linear,7.0,8.184994801381146e-19,0.9766047891594823,1.0113355855787979e-13,0.030389410077574158,3.073389183619768e-09,24,10,hbr,False,S24_D10 hbr,mild_master_44,,
946,ShortHbO,7.0,8.184994801381146e-19,9.601230253741755e-11,0.0006618081662039424,-59.79798511610383,-39574.794872379316,24,10,hbr,True,S24_D10 hbr,mild_master_44,,
947,az_itd=0_az=15,7.0,8.184994801381146e-19,0.001152689657695244,6.776044962833885e-10,-5.276296821360828,-0.003575242449879847,24,10,hbr,True,S24_D10 hbr,mild_master_44,,0.010672900457143445
948,az_itd=0_az=5,7.0,8.184994801381146e-19,0.5756606964070499,6.823868210810878e-10,-0.5869650509648402,-0.00040053721521359604,24,10,hbr,False,S24_D10 hbr,mild_master_44,,0.005168112585603069
949,az_itd=15_az=0,7.0,8.184994801381146e-19,0.4855719152186352,6.809167604547768e-10,0.7361484715316325,0.0005012558324490546,24,10,hbr,False,S24_D10 hbr,mild_master_44,,0.012279726879137837
950,az_itd=5_az=0,7.0,8.184994801381146e-19,0.00018498289321876342,6.922831018114171e-10,7.152331186230437,0.004951438018786139,24,10,hbr,True,S24_D10 hbr,mild_master_44,,0.015757982716521023
951,constant,7.0,8.184994801381146e-19,0.8138508948378527,8.460543208320768e-10,-0.24450648787437573,-0.00020686577053759142,24,10,hbr,False,S24_D10 hbr,mild_master_44,,
959,Linear,7.0,2.7355529197304456e-18,0.1017601772351512,1.848879662584332e-13,1.8827077779582493,3.480900121256345e-07,24,19,hbr,False,S24_D19 hbr,mild_master_44,,
960,ShortHbO,7.0,2.7355529197304456e-18,3.988877570318184e-11,0.0012098888603098241,-67.8058217886225,-82037.50844620752,24,19,hbr,True,S24_D19 hbr,mild_master_44,,
961,az_itd=0_az=15,7.0,2.7355529197304456e-18,8.628089190082909e-06,1.2387670228542998e-09,-11.46540503710577,-0.014202965663634208,24,19,hbr,True,S24_D19 hbr,mild_master_44,,0.00998367275688551
962,az_itd=0_az=5,7.0,2.7355529197304456e-18,1.455244435194187e-05,1.2475098607257455e-09,-10.599964936586755,-0.013223560781739129,24,19,hbr,True,S24_D19 hbr,mild_master_44,,-0.005755218339853413
963,az_itd=15_az=0,7.0,2.7355529197304456e-18,1.8969297369451216e-06,1.2448223599262982e-09,-14.352815642733505,-0.01786670583997461,24,19,hbr,True,S24_D19 hbr,mild_master_44,,0.0012753081823740169
964,az_itd=5_az=0,7.0,2.7355529197304456e-18,0.003262121775768961,1.2656018100632738e-09,-4.373001003180844,-0.005534477985034189,24,19,hbr,True,S24_D19 hbr,mild_master_44,,0.022307758695104176
965,constant,7.0,2.7355529197304456e-18,0.9646196548710392,1.5467196542211931e-09,0.04596801367302566,7.109963021357732e-05,24,19,hbr,False,S24_D19 hbr,mild_master_44,,
