OriginalVariableNames,Var1,Var2,Var3,Var4,Var5,Var6,Var7,Var8
all_hit_rates_collapsed1,0.793103448275862,0.771428571428571,0.8,0.866666666666667,0.393939393939394,0.730769230769231,0.666666666666667,0.636363636363636
all_hit_rates_collapsed2,0.645161290322581,0.814814814814815,0.612903225806452,0.896551724137931,0.7,0.794117647058823,0.8,0.892857142857143
all_hit_rates_collapsed3,0.935483870967742,0.870967741935484,0.967741935483871,0.9375,0.9375,0.9,0.925925925925926,0.96551724137931
all_hit_rates_collapsed4,0.833333333333333,0.821428571428571,0.970588235294118,0.875,0.607142857142857,0.612903225806452,0.838709677419355,0.8
all_hit_rates_collapsed5,0.838709677419355,0.814814814814815,0.888888888888889,0.96551724137931,0.821428571428571,0.78125,0.903225806451613,0.892857142857143
all_hit_rates_collapsed6,0.642857142857143,0.75,0.909090909090909,0.852941176470588,0.774193548387097,0.714285714285714,0.766666666666667,0.9
