OriginalVariableNames,Var1,Var2,Var3,Var4
all_hit_rates_collapsed,0.863636363636364,0.887640449438202,0.78021978021978,0.850574712643678
