,Condition,df,mse,p_value,se,t,theta,Source,Detector,Chroma,Significant,ch_name,ID,mean_hbo,mean_hbr
630,Linear,7.0,3.8865031033349464e-17,0.008423901294833763,6.255817091278768e-13,3.627667831708106,2.269402642308176e-06,1,7,hbo,True,S1_D7 hbo,mild_master_3,,
631,ShortHbO,7.0,3.8865031033349464e-17,1.0930261196420512e-07,0.0021868662299880733,21.757831837295395,47581.46768274066,1,7,hbo,True,S1_D7 hbo,mild_master_3,,
632,az_itd=0_az=15,7.0,3.8865031033349464e-17,0.06236544521501666,4.635141706560684e-09,-2.2146749871910907,-0.010265332399606173,1,7,hbo,False,S1_D7 hbo,mild_master_3,-0.0014344997244952658,
633,az_itd=0_az=5,7.0,3.8865031033349464e-17,3.910968768173669e-07,4.725732315159859e-09,-18.082834391178164,-0.0854546348320747,1,7,hbo,True,S1_D7 hbo,mild_master_3,-0.029188043709569293,
634,az_itd=15_az=0,7.0,3.8865031033349464e-17,7.045003756184001e-07,4.652021521770355e-09,-16.59572768332846,-0.07720368235228406,1,7,hbo,True,S1_D7 hbo,mild_master_3,-0.035997463526943135,
635,az_itd=5_az=0,7.0,3.8865031033349464e-17,1.1060400402626619e-08,4.646141914631117e-09,-30.276352502404993,-0.14066823038357054,1,7,hbo,True,S1_D7 hbo,mild_master_3,-0.07665172742167019,
636,constant,7.0,3.8865031033349464e-17,0.8475977188183538,5.679371480223016e-09,0.19942742351024692,0.0011326224214584532,1,7,hbo,False,S1_D7 hbo,mild_master_3,,
644,Linear,7.0,3.1753736478339127e-17,0.008116328675329796,5.654600809088149e-13,3.6557068505123835,2.067156291469641e-06,1,8,hbo,True,S1_D8 hbo,mild_master_3,,
645,ShortHbO,7.0,3.1753736478339127e-17,2.7160868683672025e-07,0.0019766971081519222,19.067521419389536,37690.714449332125,1,8,hbo,True,S1_D8 hbo,mild_master_3,,
646,az_itd=0_az=15,7.0,3.1753736478339127e-17,0.00028710563487376923,4.189680686268057e-09,-6.662812296579188,-0.02791505599520714,1,8,hbo,True,S1_D8 hbo,mild_master_3,-0.05536990453143484,
647,az_itd=0_az=5,7.0,3.1753736478339127e-17,1.0424811259970141e-07,4.271565070227239e-09,-21.90742772298295,-0.09357900304002181,1,8,hbo,True,S1_D8 hbo,mild_master_3,-0.020668547288022903,
648,az_itd=15_az=0,7.0,3.1753736478339127e-17,1.900426756145552e-06,4.204938264191e-09,-14.348925954350094,-0.060336347795490075,1,8,hbo,True,S1_D8 hbo,mild_master_3,-0.042216573861750054,
649,az_itd=5_az=0,7.0,3.1753736478339127e-17,2.4419441934914118e-08,4.199623717617539e-09,-27.014154752763748,-0.11344928501109719,1,8,hbo,True,S1_D8 hbo,mild_master_3,-0.07736836995256081,
650,constant,7.0,3.1753736478339127e-17,0.7318113372007083,5.133554593843887e-09,0.35672114899533786,0.0018312474931462862,1,8,hbo,False,S1_D8 hbo,mild_master_3,,
882,Linear,7.0,5.813853177655012e-17,0.002823849633478232,7.651323471509726e-13,4.492426600260835,3.4373009090610367e-06,2,6,hbo,True,S2_D6 hbo,mild_master_3,,
883,ShortHbO,7.0,5.813853177655012e-17,2.6318789411613567e-08,0.0026746979124256036,26.724168218795064,71479.07694612182,2,6,hbo,True,S2_D6 hbo,mild_master_3,,
884,az_itd=0_az=15,7.0,5.813853177655012e-17,6.933572572019338e-07,5.669118520524378e-09,-16.634421820135298,-0.09430250881874386,2,6,hbo,True,S2_D6 hbo,mild_master_3,-0.13294694773112478,
885,az_itd=0_az=5,7.0,5.813853177655012e-17,1.463645167933875e-07,5.7799174840745635e-09,-20.85703037828912,-0.12055191454934759,2,6,hbo,True,S2_D6 hbo,mild_master_3,-0.03812551640339308,
886,az_itd=15_az=0,7.0,5.813853177655012e-17,4.3547844420768206e-08,5.68976377348239e-09,-24.852412802861643,-0.1414043580493521,2,6,hbo,True,S2_D6 hbo,mild_master_3,-0.17168038607215574,
887,az_itd=5_az=0,7.0,5.813853177655012e-17,6.775161861231558e-08,5.68257258239555e-09,-23.315910024654855,-0.13249435103970522,2,6,hbo,True,S2_D6 hbo,mild_master_3,-0.09380054024981148,
888,constant,7.0,5.813853177655012e-17,0.6607367772588448,6.946288178826949e-09,0.4581373734242458,0.0031823542212956663,2,6,hbo,False,S2_D6 hbo,mild_master_3,,
896,Linear,7.0,7.431433277730948e-17,0.0037936445107308323,8.650492307877446e-13,4.249890465953895,3.676364478505586e-06,2,8,hbo,True,S2_D8 hbo,mild_master_3,,
897,ShortHbO,7.0,7.431433277730948e-17,4.4437898796151345e-08,0.0030239805967539573,24.779961333377468,74934.12226044679,2,8,hbo,True,S2_D8 hbo,mild_master_3,,
898,az_itd=0_az=15,7.0,7.431433277730948e-17,0.0005150576147454909,6.4094357449202454e-09,-6.051766005321459,-0.03878840535440056,2,8,hbo,True,S2_D8 hbo,mild_master_3,-0.08326431241579693,
899,az_itd=0_az=5,7.0,7.431433277730948e-17,3.076587017851348e-08,6.534703691763767e-09,-26.12954053230863,-0.17074880498056821,2,8,hbo,True,S2_D8 hbo,mild_master_3,-0.0755561733696924,
900,az_itd=15_az=0,7.0,7.431433277730948e-17,7.296497330305707e-08,6.4327770142539065e-09,-23.067470490307272,-0.1483878939470289,2,8,hbo,True,S2_D8 hbo,mild_master_3,-0.13599542140205503,
901,az_itd=5_az=0,7.0,7.431433277730948e-17,1.2758023321199208e-08,6.424646741966657e-09,-29.66082835717203,-0.1905603442689375,2,8,hbo,True,S2_D8 hbo,mild_master_3,-0.11084988701616416,
902,constant,7.0,7.431433277730948e-17,0.5709915663347063,7.853388068480927e-09,0.5943312666130728,0.004667514077944262,2,8,hbo,False,S2_D8 hbo,mild_master_3,,
910,Linear,7.0,3.1020497844417225e-17,0.05509339492075684,5.588933144756165e-13,2.298738757395384,1.2847497232342662e-06,3,5,hbo,False,S3_D5 hbo,mild_master_3,,
911,ShortHbO,7.0,3.1020497844417225e-17,1.3434766262717649e-08,0.0019537414501724056,29.441082112854566,57520.262461813356,3,5,hbo,True,S3_D5 hbo,mild_master_3,,
912,az_itd=0_az=15,7.0,3.1020497844417225e-17,0.08196329151176235,4.141025342725174e-09,-2.0295821937392455,-0.00840455129941797,3,5,hbo,False,S3_D5 hbo,mild_master_3,-0.03717648290483853,
913,az_itd=0_az=5,7.0,3.1020497844417225e-17,6.663778880527095e-07,4.221958791963868e-09,-16.731119132455426,-0.07063809552066508,3,5,hbo,True,S3_D5 hbo,mild_master_3,-0.05026839439452994,
914,az_itd=15_az=0,7.0,3.1020497844417225e-17,2.4148382580479758e-06,4.156105732277198e-09,-13.851381091093875,-0.05756780435265124,3,5,hbo,True,S3_D5 hbo,mild_master_3,-0.08692829039146369,
915,az_itd=5_az=0,7.0,3.1020497844417225e-17,0.00014855908531411462,4.150852904271014e-09,-7.406819486941068,-0.03074461817878047,3,5,hbo,True,S3_D5 hbo,mild_master_3,-0.044204138042160106,
916,constant,7.0,3.1020497844417225e-17,0.8974992093848728,5.073937911556316e-09,-0.13357307568207444,-0.0006777414926664586,3,5,hbo,False,S3_D5 hbo,mild_master_3,,
924,Linear,7.0,5.632792697436635e-17,0.6992116304217961,7.531238775439571e-13,0.40266003691598606,3.032528883341603e-07,3,6,hbo,False,S3_D6 hbo,mild_master_3,,
925,ShortHbO,7.0,5.632792697436635e-17,1.663934137366602e-08,0.002632719516519446,28.54849934926772,75160.19140415984,3,6,hbo,True,S3_D6 hbo,mild_master_3,,
926,az_itd=0_az=15,7.0,5.632792697436635e-17,0.006735496807104778,5.5801437990846466e-09,3.797636597055792,0.021191358308237797,3,6,hbo,True,S3_D6 hbo,mild_master_3,0.027821042466827945,
927,az_itd=0_az=5,7.0,5.632792697436635e-17,0.00033077389114633226,5.689203813822595e-09,-6.510751881121832,-0.03704099443293096,3,6,hbo,True,S3_D6 hbo,mild_master_3,0.009037124689614597,
928,az_itd=15_az=0,7.0,5.632792697436635e-17,0.7084745766887838,5.600465032422264e-09,-0.3895146059667534,-0.002181462930334539,3,6,hbo,False,S3_D6 hbo,mild_master_3,-0.013587017308477905,
929,az_itd=5_az=0,7.0,5.632792697436635e-17,0.007933706152416068,5.593386704423654e-09,-3.6729057128423657,-0.02054398198081417,3,6,hbo,True,S3_D6 hbo,mild_master_3,-0.05699206281661271,
930,constant,7.0,5.632792697436635e-17,0.8581524006615281,6.837268751289197e-09,-0.18542726633429016,-0.0012678160537444214,3,6,hbo,False,S3_D6 hbo,mild_master_3,,
938,Linear,7.0,2.946370238060996e-17,0.02187505294606807,5.446884827050635e-13,2.934779193082084,1.598540425754271e-06,3,7,hbo,True,S3_D7 hbo,mild_master_3,,
939,ShortHbO,7.0,2.946370238060996e-17,1.2071694831901368e-07,0.0019040851599573508,21.447220864996524,40837.334971367534,3,7,hbo,True,S3_D7 hbo,mild_master_3,,
940,az_itd=0_az=15,7.0,2.946370238060996e-17,0.7430012702993001,4.0357770478762764e-09,0.3411504988788958,0.001376807353246989,3,7,hbo,False,S3_D7 hbo,mild_master_3,0.005586122544983738,
941,az_itd=0_az=5,7.0,2.946370238060996e-17,1.6571106696165598e-07,4.114653492671958e-09,-20.48510626398969,-0.08428911403688137,3,7,hbo,True,S3_D7 hbo,mild_master_3,-0.0511537319495592,
942,az_itd=15_az=0,7.0,2.946370238060996e-17,4.915375543752183e-07,4.050474154266608e-09,-17.49066209895126,-0.07084547477281262,3,7,hbo,True,S3_D7 hbo,mild_master_3,-0.06802931762300869,
943,az_itd=5_az=0,7.0,2.946370238060996e-17,6.885299648235202e-06,4.045354832130354e-09,-11.85839803888978,-0.047971427807947886,3,7,hbo,True,S3_D7 hbo,mild_master_3,-0.028413831673566488,
944,constant,7.0,2.946370238060996e-17,0.9444087724384493,4.944978712043413e-09,-0.07226981938957003,-0.000357372718404646,3,7,hbo,False,S3_D7 hbo,mild_master_3,,
952,Linear,7.0,1.8985135136802683e-17,0.029825772146929268,4.3723143601034755e-13,2.718602602656479,1.1886585199009607e-06,4,2,hbo,True,S4_D2 hbo,mild_master_3,,
953,ShortHbO,7.0,1.8985135136802683e-17,2.8581645086627443e-09,0.001528444083560582,36.77309716932115,56205.62280264729,4,2,hbo,True,S4_D2 hbo,mild_master_3,,
954,az_itd=0_az=15,7.0,1.8985135136802683e-17,0.0011014338038245078,3.2395922625300292e-09,-5.318186324025717,-0.017228755266006732,4,2,hbo,True,S4_D2 hbo,mild_master_3,-0.030023413222633626,
955,az_itd=0_az=5,7.0,1.8985135136802683e-17,7.619426269556044e-08,3.3029078315579146e-09,-22.923533446967774,-0.07571431814896966,4,2,hbo,True,S4_D2 hbo,mild_master_3,-0.05875709683719749,
956,az_itd=15_az=0,7.0,1.8985135136802683e-17,5.099267075934469e-05,3.2513898994110737e-09,-8.755905088293249,-0.028468861364278692,4,2,hbo,True,S4_D2 hbo,mild_master_3,-0.030177845549406633,
957,az_itd=5_az=0,7.0,1.8985135136802683e-17,7.410254709664137e-06,3.2472805256311886e-09,-11.729092097793535,-0.03808765235249961,4,2,hbo,True,S4_D2 hbo,mild_master_3,-0.059349231438465586,
958,constant,7.0,1.8985135136802683e-17,0.9439943085523452,3.969425115379333e-09,0.07280971648962659,0.0002890127172775726,4,2,hbo,False,S4_D2 hbo,mild_master_3,,
966,Linear,7.0,3.7434605300801737e-17,0.010420591221776672,6.139615333450973e-13,3.468955359952063,2.1298051519018627e-06,4,3,hbo,True,S4_D3 hbo,mild_master_3,,
967,ShortHbO,7.0,3.7434605300801737e-17,4.094269830620261e-09,0.002146245205371941,34.92397890129755,74955.4222694207,4,3,hbo,True,S4_D3 hbo,mild_master_3,,
968,az_itd=0_az=15,7.0,3.7434605300801737e-17,4.373158020732218e-06,4.549043982438578e-09,-12.68667358927193,-0.057712236148439906,4,3,hbo,True,S4_D3 hbo,mild_master_3,-0.09837271358629703,
969,az_itd=0_az=5,7.0,3.7434605300801737e-17,3.612574574293244e-07,4.637951871129496e-09,-18.2929135805228,-0.08484165276919588,4,3,hbo,True,S4_D3 hbo,mild_master_3,-0.06784233897684455,
970,az_itd=15_az=0,7.0,3.7434605300801737e-17,8.373036112810743e-08,4.565610255201188e-09,-22.61308831569309,-0.10324254791589853,4,3,hbo,True,S4_D3 hbo,mild_master_3,-0.14498905431414094,
971,az_itd=5_az=0,7.0,3.7434605300801737e-17,2.672701024734166e-06,4.559839861722603e-09,-13.645577635010378,-0.06222164883635077,4,3,hbo,True,S4_D3 hbo,mild_master_3,-0.10213569423793874,
972,constant,7.0,3.7434605300801737e-17,0.7340732573461589,5.573877195506956e-09,0.35356601058045967,0.0019707335234807953,4,3,hbo,False,S4_D3 hbo,mild_master_3,,
980,Linear,7.0,4.168013995006153e-17,0.06734204001579697,6.478420252735237e-13,2.1626688595080883,1.4010677739397016e-06,4,4,hbo,False,S4_D4 hbo,mild_master_3,,
981,ShortHbO,7.0,4.168013995006153e-17,6.2225701876384235e-09,0.0022646823376802857,32.886112292615934,74476.59766405783,4,4,hbo,True,S4_D4 hbo,mild_master_3,,
982,az_itd=0_az=15,7.0,4.168013995006153e-17,0.0015033906276753287,4.800075748369158e-09,-5.035893999603502,-0.024172672658854536,4,4,hbo,True,S4_D4 hbo,mild_master_3,-0.04897147737629022,
983,az_itd=0_az=5,7.0,4.168013995006153e-17,3.1368017009800895e-06,4.893889877665662e-09,-13.32660002008513,-0.06521891294199363,4,4,hbo,True,S4_D4 hbo,mild_master_3,-0.05479934930753987,
984,az_itd=15_az=0,7.0,4.168013995006153e-17,2.5198985400409418e-06,4.817556204578342e-09,-13.764644266735615,-0.06631194739102586,4,4,hbo,True,S4_D4 hbo,mild_master_3,-0.160974475860436,
985,az_itd=5_az=0,7.0,4.168013995006153e-17,0.01620806835302225,4.8114673811020184e-09,-3.1475204040676483,-0.015144191755524535,4,4,hbo,True,S4_D4 hbo,mild_master_3,-0.025545070117201783,
986,constant,7.0,4.168013995006153e-17,0.960561657029344,5.881462754334247e-09,-0.051245383509524706,-0.000301397814442844,4,4,hbo,False,S4_D4 hbo,mild_master_3,,
994,Linear,7.0,3.228633471104252e-17,0.009548622417180574,5.701825280762289e-13,3.5338277548321715,2.014926843036152e-06,5,1,hbo,True,S5_D1 hbo,mild_master_3,,
995,ShortHbO,7.0,3.228633471104252e-17,1.571718325349963e-08,0.0019932055195754556,28.78375133685122,57371.932038699255,5,1,hbo,True,S5_D1 hbo,mild_master_3,,
996,az_itd=0_az=15,7.0,3.228633471104252e-17,0.032684477196076506,4.224670858620163e-09,-2.655401276221185,-0.01121819638959443,5,1,hbo,True,S5_D1 hbo,mild_master_3,-0.044760330482259914,
997,az_itd=0_az=5,7.0,3.228633471104252e-17,5.775526366519858e-07,4.307239101069341e-09,-17.08414925198637,-0.07358551566666025,5,1,hbo,True,S5_D1 hbo,mild_master_3,-0.05233462538923054,
998,az_itd=15_az=0,7.0,3.228633471104252e-17,2.557717431630311e-07,4.240055860402149e-09,-19.234666861564822,-0.08155606194926093,5,1,hbo,True,S5_D1 hbo,mild_master_3,-0.09951411446793754,
999,az_itd=5_az=0,7.0,3.228633471104252e-17,1.8235520406626552e-08,4.234696929324353e-09,-28.174499319562234,-0.11931046575380126,5,1,hbo,True,S5_D1 hbo,mild_master_3,-0.08984087510119154,
1000,constant,7.0,3.228633471104252e-17,0.7833655851123326,5.17642754132322e-09,0.2857158701028925,0.0014789874989937402,5,1,hbo,False,S5_D1 hbo,mild_master_3,,
1008,Linear,7.0,3.344852606998395e-17,0.3368886614696297,5.803540578434369e-13,1.0308912710270213,5.982819323359101e-07,5,2,hbo,False,S5_D2 hbo,mild_master_3,,
1009,ShortHbO,7.0,3.344852606998395e-17,4.7378658645164236e-09,0.0020287624654238817,34.19940162071679,69382.46234806688,5,2,hbo,True,S5_D2 hbo,mild_master_3,,
1010,az_itd=0_az=15,7.0,3.344852606998395e-17,0.18781632760913156,4.300035085475895e-09,1.4594308468811126,0.006275603846414582,5,2,hbo,False,S5_D2 hbo,mild_master_3,0.022376538061710305,
1011,az_itd=0_az=5,7.0,3.344852606998395e-17,0.014025514173305649,4.384076269122923e-09,-3.251636902537525,-0.01425542418021913,5,2,hbo,True,S5_D2 hbo,mild_master_3,0.025169109001789466,
1012,az_itd=15_az=0,7.0,3.344852606998395e-17,0.00037854042773833403,4.315694541482428e-09,-6.368322312627299,-0.027483733843006387,5,2,hbo,True,S5_D2 hbo,mild_master_3,-0.058911186810149986,
1013,az_itd=5_az=0,7.0,3.344852606998395e-17,0.003067676549161366,4.310240012022896e-09,-4.423658955722968,-0.01906703183050056,5,2,hbo,True,S5_D2 hbo,mild_master_3,-0.0024692263899756197,
1014,constant,7.0,3.344852606998395e-17,0.6905914028785403,5.268770228500975e-09,-0.41496352494756417,-0.002186347466157548,5,2,hbo,False,S5_D2 hbo,mild_master_3,,
1022,Linear,7.0,2.7267778604675344e-17,0.02058810065245893,5.239977382555715e-13,2.9774853263225394,1.560195576682163e-06,5,3,hbo,True,S5_D3 hbo,mild_master_3,,
1023,ShortHbO,7.0,2.7267778604675344e-17,2.629496476490891e-09,0.0018317558548486908,37.21578973687973,68170.24074334727,5,3,hbo,True,S5_D3 hbo,mild_master_3,,
1024,az_itd=0_az=15,7.0,2.7267778604675344e-17,4.843236193353679e-05,3.882472481680871e-09,-8.825764266673472,-0.03426578689516211,5,3,hbo,True,S5_D3 hbo,mild_master_3,-0.04893513891847322,
1025,az_itd=0_az=5,7.0,2.7267778604675344e-17,1.168339798125011e-06,3.9583526957608835e-09,-15.411682069079454,-0.06100487326435033,5,3,hbo,True,S5_D3 hbo,mild_master_3,-0.055384584393946966,
1026,az_itd=15_az=0,7.0,2.7267778604675344e-17,6.290772406214682e-07,3.896611298182349e-09,-16.87242043571296,-0.06574526409748187,5,3,hbo,True,S5_D3 hbo,mild_master_3,-0.07758167733727425,
1027,az_itd=5_az=0,7.0,2.7267778604675344e-17,5.162422334637973e-06,3.891686440569284e-09,-12.377913099232282,-0.0481709565708272,5,3,hbo,True,S5_D3 hbo,mild_master_3,-0.04161546457467068,
1028,constant,7.0,2.7267778604675344e-17,0.9626751352138485,4.75713686466132e-09,0.04849664163946162,0.00023070516175535208,5,3,hbo,False,S5_D3 hbo,mild_master_3,,
1036,Linear,7.0,3.5385497498126977e-17,0.06688749560702414,5.969214507139559e-13,2.167255805973376,1.2936814797698715e-06,6,2,hbo,False,S6_D2 hbo,mild_master_3,,
1037,ShortHbO,7.0,3.5385497498126977e-17,3.5481342718070863e-07,0.002086677636949584,18.340882783618277,38271.509946489896,6,2,hbo,True,S6_D2 hbo,mild_master_3,,
1038,az_itd=0_az=15,7.0,3.5385497498126977e-17,0.016518671654333798,4.422788376601006e-09,3.1339315151260783,0.013860715878163198,6,2,hbo,True,S6_D2 hbo,mild_master_3,-0.01059909792349741,
1039,az_itd=0_az=5,7.0,3.5385497498126977e-17,2.6931817321809077e-06,4.509228687622033e-09,-13.630209235351957,-0.06146173050233982,6,2,hbo,True,S6_D2 hbo,mild_master_3,-0.02441810983725087,
1040,az_itd=15_az=0,7.0,3.5385497498126977e-17,3.979557282601469e-06,4.4388948637884065e-09,-12.865345966727519,-0.05710791813256767,6,2,hbo,True,S6_D2 hbo,mild_master_3,-0.07609401967620275,
1041,az_itd=5_az=0,7.0,3.5385497498126977e-17,5.206728413198354e-07,4.433284623635965e-09,-17.344449594146738,-0.07689288169115979,6,2,hbo,True,S6_D2 hbo,mild_master_3,-0.07649585843368079,
1042,constant,7.0,3.5385497498126977e-17,0.8433831537531074,5.419178044454625e-09,0.2050300537568452,0.001111094365772447,6,2,hbo,False,S6_D2 hbo,mild_master_3,,
1078,Linear,7.0,2.6854352667732965e-17,0.005573312496568078,5.200102173138734e-13,3.944193000672184,2.051020659407401e-06,7,7,hbo,True,S7_D7 hbo,mild_master_3,,
1079,ShortHbO,7.0,2.6854352667732965e-17,1.798079526694264e-08,0.001817816548821143,28.2316187870684,51319.90383114282,7,7,hbo,True,S7_D7 hbo,mild_master_3,,
1080,az_itd=0_az=15,7.0,2.6854352667732965e-17,0.0004042201336853773,3.8529276207091275e-09,-6.299859336353209,-0.024272902043617553,7,7,hbo,True,S7_D7 hbo,mild_master_3,-0.01611392023322532,
1081,az_itd=0_az=5,7.0,2.6854352667732965e-17,9.920187978205291e-08,3.928230401108392e-09,-22.065272156391405,-0.08667747289346724,7,7,hbo,True,S7_D7 hbo,mild_master_3,-0.017995375459645323,
1082,az_itd=15_az=0,7.0,2.6854352667732965e-17,1.103324393083002e-06,3.866958843565109e-09,-15.5415509872539,-0.060098538032879525,7,7,hbo,True,S7_D7 hbo,mild_master_3,-0.020542015995981825,
1083,az_itd=5_az=0,7.0,2.6854352667732965e-17,1.6895679687228765e-08,3.862071463161264e-09,-28.48574142940752,-0.11001396908150532,7,7,hbo,True,S7_D7 hbo,mild_master_3,-0.0782547880188504,
1084,constant,7.0,2.6854352667732965e-17,0.7548050869551802,4.72093597773858e-09,0.32482571442069835,0.0015334814017033125,7,7,hbo,False,S7_D7 hbo,mild_master_3,,
1092,Linear,7.0,5.102000643165019e-17,0.10030733106752902,7.167616942398824e-13,1.8924913552406095,1.3564653101165905e-06,7,8,hbo,False,S7_D8 hbo,mild_master_3,,
1093,ShortHbO,7.0,5.102000643165019e-17,4.413631818551588e-08,0.002505607055339635,24.8043233704318,62149.88763987972,7,8,hbo,True,S7_D8 hbo,mild_master_3,,
1094,az_itd=0_az=15,7.0,5.102000643165019e-17,0.8563691447462445,5.31072436127965e-09,0.18778966490460627,0.0009972991482054346,7,8,hbo,False,S7_D8 hbo,mild_master_3,-0.0316934678034441,
1095,az_itd=0_az=5,7.0,5.102000643165019e-17,3.378556327987005e-05,5.414518761202705e-09,-9.327655749426699,-0.05050476705331113,7,8,hbo,True,S7_D8 hbo,mild_master_3,-0.0041919753679909855,
1096,az_itd=15_az=0,7.0,5.102000643165019e-17,0.0008827932362400963,5.330064448708049e-09,-5.5250961600700945,-0.029449118618482966,7,8,hbo,True,S7_D8 hbo,mild_master_3,-0.0015974613564445348,
1097,az_itd=5_az=0,7.0,5.102000643165019e-17,1.4027249205230984e-06,5.3233278751908014e-09,-15.00383473745008,-0.07987033169262406,7,8,hbo,True,S7_D8 hbo,mild_master_3,-0.07966677056483676,
1098,constant,7.0,5.102000643165019e-17,0.9232646609878319,6.507153046493889e-09,-0.09984770040096112,-0.0006497242678495232,7,8,hbo,False,S7_D8 hbo,mild_master_3,,
1050,Linear,7.0,2.1889164845391434e-17,0.6891956575654556,4.694821975912055e-13,0.41696220096330683,1.9575633042071918e-07,7,17,hbo,False,S7_D17 hbo,mild_master_3,,
1051,ShortHbO,7.0,2.1889164845391434e-17,2.4947500735752903e-07,0.001641184114740359,19.304432660795783,31682.128226973007,7,17,hbo,True,S7_D17 hbo,mild_master_3,,
1052,az_itd=0_az=15,7.0,2.1889164845391434e-17,0.0005886041612876229,3.47854881751016e-09,5.9181610199868935,0.020586612017910132,7,17,hbo,True,S7_D17 hbo,mild_master_3,0.013646605325921386,
1053,az_itd=0_az=5,7.0,2.1889164845391434e-17,0.10706715020778444,3.546534625575996e-09,1.8480873869317416,0.006554305908843685,7,17,hbo,False,S7_D17 hbo,mild_master_3,0.04708392862478775,
1054,az_itd=15_az=0,7.0,2.1889164845391434e-17,0.13748038749672026,3.491216663490852e-09,-1.6768186655030612,-0.0058541372666567814,7,17,hbo,False,S7_D17 hbo,mild_master_3,0.003967551868558152,
1055,az_itd=5_az=0,7.0,2.1889164845391434e-17,0.000345211455212058,3.4868041769356573e-09,-6.465386429258505,-0.02254353640704167,7,17,hbo,True,S7_D17 hbo,mild_master_3,-0.02664849981071931,
1056,constant,7.0,2.1889164845391434e-17,0.7911613997377493,4.2622150944743825e-09,-0.27512848358249037,-0.0011726567756451377,7,17,hbo,False,S7_D17 hbo,mild_master_3,,
1064,Linear,7.0,1.5775382708844654e-17,0.3315078195033956,3.985607109022024e-13,1.0432695844309066,4.158062672334273e-07,7,18,hbo,False,S7_D18 hbo,mild_master_3,,
1065,ShortHbO,7.0,1.5775382708844654e-17,1.6182246925314023e-07,0.0013932615780713304,20.55574394900977,28639.528252827557,7,18,hbo,True,S7_D18 hbo,mild_master_3,,
1066,az_itd=0_az=15,7.0,1.5775382708844654e-17,0.773730547666111,2.9530680752714346e-09,0.29885141357683176,0.0008825285686834822,7,18,hbo,False,S7_D18 hbo,mild_master_3,-0.017476789641154598,
1067,az_itd=0_az=5,7.0,1.5775382708844654e-17,0.011238923731299505,3.0107837290981515e-09,3.413192484464878,0.01027638439650695,7,18,hbo,True,S7_D18 hbo,mild_master_3,0.042886846444850385,
1068,az_itd=15_az=0,7.0,1.5775382708844654e-17,0.01943842740227459,2.9638222758046367e-09,-3.0180991420642083,-0.008945109467836764,7,18,hbo,True,S7_D18 hbo,mild_master_3,-0.027697965980158556,
1069,az_itd=5_az=0,7.0,1.5775382708844654e-17,6.856096037919267e-06,2.9600763536220536e-09,-11.865917933237114,-0.03512402308819505,7,18,hbo,True,S7_D18 hbo,mild_master_3,-0.07669611615545784,
1070,constant,7.0,1.5775382708844654e-17,0.7986584844239295,3.6183512107331693e-09,-0.2649795991836022,-0.0009587892535255771,7,18,hbo,False,S7_D18 hbo,mild_master_3,,
1134,Linear,7.0,3.551852634988582e-17,0.0065708720653623485,5.980424365556693e-13,3.816643100730744,2.2825145394243987e-06,8,6,hbo,True,S8_D6 hbo,mild_master_3,,
1135,ShortHbO,7.0,3.551852634988582e-17,3.4076718213536514e-08,0.0020905963034415368,25.74731553022023,53827.24267102129,8,6,hbo,True,S8_D6 hbo,mild_master_3,,
1136,az_itd=0_az=15,7.0,3.551852634988582e-17,0.0003504016825332021,4.431094131311503e-09,-6.449595976672583,-0.028578766881564164,8,6,hbo,True,S8_D6 hbo,mild_master_3,-0.07879038224223789,
1137,az_itd=0_az=5,7.0,3.551852634988582e-17,8.171288399158378e-08,4.517696772509628e-09,-22.69297360539806,-0.10251997361575299,8,6,hbo,True,S8_D6 hbo,mild_master_3,-0.0871548606352598,
1138,az_itd=15_az=0,7.0,3.551852634988582e-17,3.2282580685743543e-07,4.4472308656010565e-09,-18.594678355710247,-0.0826948275194385,8,6,hbo,True,S8_D6 hbo,mild_master_3,-0.10753084079692211,
1139,az_itd=5_az=0,7.0,3.551852634988582e-17,5.586224627344012e-08,4.441610089724405e-09,-23.97491655440613,-0.10648723126835093,8,6,hbo,True,S8_D6 hbo,mild_master_3,-0.11422634206167874,
1140,constant,7.0,3.551852634988582e-17,0.7930057202963394,5.429354964473652e-09,0.2726288785087695,0.001480198954990472,8,6,hbo,False,S8_D6 hbo,mild_master_3,,
1148,Linear,7.0,3.6255434900735936e-17,0.0101335450605367,6.042144291428925e-13,3.489642320541318,2.1084922426187515e-06,8,8,hbo,True,S8_D8 hbo,mild_master_3,,
1149,ShortHbO,7.0,3.6255434900735936e-17,4.626988151216993e-08,0.002112171937709284,24.635914841718765,52035.28798847403,8,8,hbo,True,S8_D8 hbo,mild_master_3,,
1150,az_itd=0_az=15,7.0,3.6255434900735936e-17,0.0008336282580402319,4.476824464913335e-09,-5.579542216821005,-0.024978631099281057,8,8,hbo,True,S8_D8 hbo,mild_master_3,-0.013647235736856448,
1151,az_itd=0_az=5,7.0,3.6255434900735936e-17,1.1002696170918862e-07,4.564320873554766e-09,-21.737041500468838,-0.09921483224991612,8,8,hbo,True,S8_D8 hbo,mild_master_3,-0.03308283487304143,
1152,az_itd=15_az=0,7.0,3.6255434900735936e-17,1.3030627485149902e-05,4.493127735552701e-09,-10.777761783019177,-0.048425860394463394,8,8,hbo,True,S8_D8 hbo,mild_master_3,-0.035484420725334205,
1153,az_itd=5_az=0,7.0,3.6255434900735936e-17,4.498639818003437e-08,4.487448951439636e-09,-24.73613288385999,-0.11100213357234902,8,8,hbo,True,S8_D8 hbo,mild_master_3,-0.08039691188901539,
1154,constant,7.0,3.6255434900735936e-17,0.8594160723333193,5.485387674772825e-09,0.18375390890165144,0.0010079614270804473,8,8,hbo,False,S8_D8 hbo,mild_master_3,,
1106,Linear,7.0,1.6416426637941563e-17,0.8280842599023484,4.0657797450431945e-13,-0.2254307620080945,-9.165518260821636e-08,8,16,hbo,False,S8_D16 hbo,mild_master_3,,
1107,ShortHbO,7.0,1.6416426637941563e-17,1.0496984566403043e-08,0.001421287785955229,30.504867819469133,43356.1960439902,8,16,hbo,True,S8_D16 hbo,mild_master_3,,
1108,az_itd=0_az=15,7.0,1.6416426637941563e-17,3.728447427945639e-06,3.0124706318878526e-09,12.990183326016844,0.039132545772465006,8,16,hbo,True,S8_D16 hbo,mild_master_3,0.008433627072381324,
1109,az_itd=0_az=5,7.0,1.6416426637941563e-17,5.907923313591466e-05,3.07134726721134e-09,8.558873354590308,0.026287272288028893,8,16,hbo,True,S8_D16 hbo,mild_master_3,0.0642293848632632,
1110,az_itd=15_az=0,7.0,1.6416426637941563e-17,0.0412499431049571,3.023441158963401e-09,2.4957170649912603,0.007545653695421913,8,16,hbo,True,S8_D16 hbo,mild_master_3,0.028710505716257707,
1111,az_itd=5_az=0,7.0,1.6416426637941563e-17,0.00026822252370880135,3.019619885536329e-09,-6.736830390882224,-0.020342667013793447,8,16,hbo,True,S8_D16 hbo,mild_master_3,-0.02120723810645129,
1112,constant,7.0,1.6416426637941563e-17,0.5443473559363636,3.691136296337369e-09,-0.6370636084663875,-0.0023514886082859417,8,16,hbo,False,S8_D16 hbo,mild_master_3,,
1120,Linear,7.0,2.929712793858214e-17,0.7645089175875102,5.431465892091561e-13,0.3114780554150902,1.6917824341220677e-07,8,17,hbo,False,S8_D17 hbo,mild_master_3,,
1121,ShortHbO,7.0,2.929712793858214e-17,1.1635678615671002e-07,0.0018986951129543158,21.56175234189782,40939.19379829267,8,17,hbo,True,S8_D17 hbo,mild_master_3,,
1122,az_itd=0_az=15,7.0,2.929712793858214e-17,3.714086602313689e-06,4.024352649199533e-09,12.997609922187458,0.05230696592361723,8,17,hbo,True,S8_D17 hbo,mild_master_3,0.03620186607043679,
1123,az_itd=0_az=5,7.0,2.929712793858214e-17,0.04872668736927554,4.103005812099099e-09,2.3821661360475237,0.009774041501588643,8,17,hbo,True,S8_D17 hbo,mild_master_3,0.05394542170727925,
1124,az_itd=15_az=0,7.0,2.929712793858214e-17,0.017069132451156634,4.039008151308754e-09,-3.1105049994121137,-0.01256335504731216,8,17,hbo,True,S8_D17 hbo,mild_master_3,-0.006312787293139923,
1125,az_itd=5_az=0,7.0,2.929712793858214e-17,1.3845015984035725e-05,4.033903320849406e-09,-10.679851344710087,-0.043081487805604016,8,17,hbo,True,S8_D17 hbo,mild_master_3,-0.04986256825242642,
1126,constant,7.0,2.929712793858214e-17,0.7925720794051487,4.930980563091127e-09,-0.27321641757500076,-0.0013472248445797175,8,17,hbo,False,S8_D17 hbo,mild_master_3,,
56,Linear,7.0,5.058696753242198e-17,0.040492691773696736,7.13713408513882e-13,2.508380952324108,1.7902651193345363e-06,10,6,hbo,True,S10_D6 hbo,mild_master_3,,
57,ShortHbO,7.0,5.058696753242198e-17,1.0178668518476955e-07,0.0024949510642576097,21.983304577483626,54847.26915149196,10,6,hbo,True,S10_D6 hbo,mild_master_3,,
58,az_itd=0_az=15,7.0,5.058696753242198e-17,0.00013944080692615267,5.288138604541661e-09,-7.4816606907360335,-0.03956405872476305,10,6,hbo,True,S10_D6 hbo,mild_master_3,-0.11223976460794866,
59,az_itd=0_az=5,7.0,5.058696753242198e-17,5.435724030938281e-07,5.39149158161767e-09,-17.235929392780267,-0.09292736822253136,10,6,hbo,True,S10_D6 hbo,mild_master_3,-0.059531889703664964,
60,az_itd=15_az=0,7.0,5.058696753242198e-17,4.2459438733686454e-05,5.307396441323964e-09,-9.006425699272565,-0.047800671705367906,10,6,hbo,True,S10_D6 hbo,mild_master_3,-0.07284334271555842,
61,az_itd=5_az=0,7.0,5.058696753242198e-17,1.8150602009891569e-06,5.300688517497485e-09,-14.4462847115883,-0.07657525549121556,10,6,hbo,True,S10_D6 hbo,mild_master_3,-0.0691906763692695,
62,constant,7.0,5.058696753242198e-17,0.8840484357150284,6.47947904841624e-09,0.15124558084980827,0.0009799925722818771,10,6,hbo,False,S10_D6 hbo,mild_master_3,,
0,Linear,7.0,4.4851006556606434e-17,0.023741161938620144,6.720330469904134e-13,2.877354005464114,1.933676979562119e-06,10,14,hbo,True,S10_D14 hbo,mild_master_3,,
1,ShortHbO,7.0,4.4851006556606434e-17,2.3088803818957065e-09,0.0023492476753327017,37.91666282343554,89075.6319943298,10,14,hbo,True,S10_D14 hbo,mild_master_3,,
2,az_itd=0_az=15,7.0,4.4851006556606434e-17,7.687499488286538e-05,4.979315026065735e-09,-8.21576120406184,-0.04090886321395303,10,14,hbo,True,S10_D14 hbo,mild_master_3,-0.08203086155766975,
3,az_itd=0_az=5,7.0,4.4851006556606434e-17,8.729122196832461e-07,5.076632261907704e-09,-16.083794227962823,-0.08165150867156097,10,14,hbo,True,S10_D14 hbo,mild_master_3,-0.01239205710763887,
4,az_itd=15_az=0,7.0,4.4851006556606434e-17,2.6073659093026824e-07,4.997448218712632e-09,-19.181025066804043,-0.09585617955318221,10,14,hbo,True,S10_D14 hbo,mild_master_3,-0.14152767107548955,
5,az_itd=5_az=0,7.0,4.4851006556606434e-17,2.4483870584832806e-06,4.9911320329238924e-09,-13.82322408426543,-0.06899353652526223,10,14,hbo,True,S10_D14 hbo,mild_master_3,-0.08026739045242483,
6,constant,7.0,4.4851006556606434e-17,0.712360141132286,6.101082025185204e-09,0.3840229170772416,0.0023429553166391466,10,14,hbo,False,S10_D14 hbo,mild_master_3,,
14,Linear,7.0,1.1338255066603894e-17,0.0025649501426358704,3.3789179362398346e-13,4.573009377730617,1.5451823409006947e-06,10,15,hbo,True,S10_D15 hbo,mild_master_3,,
15,ShortHbO,7.0,1.1338255066603894e-17,1.7640708168784806e-08,0.001181179280155941,28.309336736036723,33438.40198756399,10,15,hbo,True,S10_D15 hbo,mild_master_3,,
16,az_itd=0_az=15,7.0,1.1338255066603894e-17,8.128777754074216e-08,2.5035520094002223e-09,-22.710093541712734,-0.05685590032002192,10,15,hbo,True,S10_D15 hbo,mild_master_3,-0.08315546833422886,
17,az_itd=0_az=5,7.0,1.1338255066603894e-17,4.6830453735992505e-08,2.5524821855521695e-09,-24.593134757174138,-0.06277353835457088,10,15,hbo,True,S10_D15 hbo,mild_master_3,-0.02794254589214794,
18,az_itd=15_az=0,7.0,1.1338255066603894e-17,8.648487882469418e-08,2.5126692053700155e-09,-22.507496178443358,-0.05655389253755794,10,15,hbo,True,S10_D15 hbo,mild_master_3,-0.07600295083211982,
19,az_itd=5_az=0,7.0,1.1338255066603894e-17,6.572454107555161e-08,2.5094934875171854e-09,-23.418464143048286,-0.0587684832546344,10,15,hbo,True,S10_D15 hbo,mild_master_3,-0.0745925962727895,
20,constant,7.0,1.1338255066603894e-17,0.44445812861419953,3.067565736192556e-09,0.8102621921123511,0.002485532537856118,10,15,hbo,False,S10_D15 hbo,mild_master_3,,
28,Linear,7.0,1.966434664890081e-17,0.026415026811362114,4.449838954568167e-13,2.8028715869483793,1.2472327172255194e-06,10,16,hbo,True,S10_D16 hbo,mild_master_3,,
29,ShortHbO,7.0,1.966434664890081e-17,1.8215178000735805e-08,0.0015555446069861634,28.17902732841138,43833.73399082603,10,16,hbo,True,S10_D16 hbo,mild_master_3,,
30,az_itd=0_az=15,7.0,1.966434664890081e-17,7.326967557760146e-05,3.2970327976103217e-09,-8.277479294145971,-0.027291120714339603,10,16,hbo,True,S10_D16 hbo,mild_master_3,-0.042219359393931885,
31,az_itd=0_az=5,7.0,1.966434664890081e-17,1.1814322991027824e-06,3.361471001793853e-09,-15.386525709693185,-0.051721359991489226,10,16,hbo,True,S10_D16 hbo,mild_master_3,-0.0016862458804966021,
32,az_itd=15_az=0,7.0,1.966434664890081e-17,4.264428712256909e-06,3.3090396159315642e-09,-12.734143456861968,-0.04213778517371197,10,16,hbo,True,S10_D16 hbo,mild_master_3,-0.027436615935443266,
33,az_itd=5_az=0,7.0,1.966434664890081e-17,7.219051128633351e-07,3.30485737970183e-09,-16.536664783705575,-0.05465131864608474,10,16,hbo,True,S10_D16 hbo,mild_master_3,-0.047371159199057725,
34,constant,7.0,1.966434664890081e-17,0.8939840345986596,4.039806164632264e-09,0.13818670028858038,0.0005582474836959981,10,16,hbo,False,S10_D16 hbo,mild_master_3,,
42,Linear,7.0,1.3960246189428115e-17,0.003460410301154277,3.7493075933624937e-13,4.324654384898706,1.6214459523969123e-06,10,21,hbo,True,S10_D21 hbo,mild_master_3,,
43,ShortHbO,7.0,1.3960246189428115e-17,2.206449540698873e-09,0.0013106575915067659,38.16432228956977,50020.35873353549,10,21,hbo,True,S10_D21 hbo,mild_master_3,,
44,az_itd=0_az=15,7.0,1.3960246189428115e-17,8.992295694321597e-06,2.7779859518186072e-09,-11.394694416579519,-0.03165430101452382,10,21,hbo,True,S10_D21 hbo,mild_master_3,-0.03802030804423941,
45,az_itd=0_az=5,7.0,1.3960246189428115e-17,1.686909061163757e-08,2.832279747777208e-09,-28.492200387109087,-0.08069788212601899,10,21,hbo,True,S10_D21 hbo,mild_master_3,-0.0475780768090015,
46,az_itd=15_az=0,7.0,1.3960246189428115e-17,1.2908587135600373e-06,2.788102555040336e-09,-15.18794215689377,-0.04234554033344035,10,21,hbo,True,S10_D21 hbo,mild_master_3,-0.06286651603985192,
47,az_itd=5_az=0,7.0,1.3960246189428115e-17,4.358889590235338e-08,2.784578721882895e-09,-24.849034115999277,-0.06919409165875373,10,21,hbo,True,S10_D21 hbo,mild_master_3,-0.0741184695147844,
48,constant,7.0,1.3960246189428115e-17,0.6954186350519329,3.403825640300784e-09,0.40806520434636717,0.0013889828054687433,10,21,hbo,False,S10_D21 hbo,mild_master_3,,
112,Linear,7.0,5.606340050440009e-18,0.008198532038405329,2.3759880440067016e-13,3.6481016484912154,8.667845900136267e-07,11,3,hbo,True,S11_D3 hbo,mild_master_3,,
113,ShortHbO,7.0,5.606340050440009e-18,5.300915710627276e-09,0.0008305818313545912,33.65224047118896,27950.93951974522,11,3,hbo,True,S11_D3 hbo,mild_master_3,,
114,az_itd=0_az=15,7.0,5.606340050440009e-18,2.3484957400677138e-06,1.760448094369364e-09,-13.908395801233471,-0.024485008884016328,11,3,hbo,True,S11_D3 hbo,mild_master_3,-0.05498722662541673,
115,az_itd=0_az=5,7.0,5.606340050440009e-18,8.798871284543343e-08,1.7948548233050612e-09,-22.451455010865033,-0.04029710231646769,11,3,hbo,True,S11_D3 hbo,mild_master_3,-0.03302794070793857,
116,az_itd=15_az=0,7.0,5.606340050440009e-18,2.0940505981972465e-07,1.7668591256604057e-09,-19.801424236282035,-0.03498632711294804,11,3,hbo,True,S11_D3 hbo,mild_master_3,-0.04968958878983163,
117,az_itd=5_az=0,7.0,5.606340050440009e-18,4.855615754305015e-07,1.7646260238829e-09,-17.521873448127486,-0.03091955387374856,11,3,hbo,True,S11_D3 hbo,mild_master_3,-0.037534268890073656,
118,constant,7.0,5.606340050440009e-18,0.5308270961245978,2.1570513551770357e-09,0.6592330170575756,0.0014219994728214894,11,3,hbo,False,S11_D3 hbo,mild_master_3,,
126,Linear,7.0,1.491324236804628e-17,0.0002510208000970064,3.8751683181038794e-13,6.809545462227383,2.6388134835911595e-06,11,4,hbo,True,S11_D4 hbo,mild_master_3,,
127,ShortHbO,7.0,1.491324236804628e-17,1.8238249324227274e-07,0.0013546551324518925,20.202334592879016,27367.196243753977,11,4,hbo,True,S11_D4 hbo,mild_master_3,,
128,az_itd=0_az=15,7.0,1.491324236804628e-17,5.436937051395287e-09,2.871240323862196e-09,-33.52998855208096,-0.09627265518937264,11,4,hbo,True,S11_D4 hbo,mild_master_3,-0.09793476998202372,
129,az_itd=0_az=5,7.0,1.491324236804628e-17,5.103582677497502e-09,2.9273567114162177e-09,-33.836116835398514,-0.09905038370636712,11,4,hbo,True,S11_D4 hbo,mild_master_3,-0.08038221386108023,
130,az_itd=15_az=0,7.0,1.491324236804628e-17,1.0986516873396147e-09,2.881696531926073e-09,-42.17809770404887,-0.12154447787699668,11,4,hbo,True,S11_D4 hbo,mild_master_3,-0.09611930876787295,
131,az_itd=5_az=0,7.0,1.491324236804628e-17,5.500889602785492e-09,2.8780544070083483e-09,-33.473711405009816,-0.09633916262811411,11,4,hbo,True,S11_D4 hbo,mild_master_3,-0.09385650904592786,
132,constant,7.0,1.491324236804628e-17,0.22110987227725926,3.5180888612592324e-09,1.34323683134358,0.0047256265343829955,11,4,hbo,False,S11_D4 hbo,mild_master_3,,
70,Linear,7.0,2.5645691803097018e-17,0.7255725383514431,5.081731821358264e-13,-0.36544443067341836,-1.8570905922912642e-07,11,11,hbo,False,S11_D11 hbo,mild_master_3,,
71,ShortHbO,7.0,2.5645691803097018e-17,3.408457488669013e-08,0.0017764374417974739,25.746459653697762,45736.974922556736,11,11,hbo,True,S11_D11 hbo,mild_master_3,,
72,az_itd=0_az=15,7.0,2.5645691803097018e-17,8.284024244093528e-07,3.765223113631576e-09,16.207381549979246,0.06102440762342781,11,11,hbo,True,S11_D11 hbo,mild_master_3,0.008029060829615983,
73,az_itd=0_az=5,7.0,2.5645691803097018e-17,0.07224310810734552,3.838811770671505e-09,2.1150926816920133,0.00811944268254046,11,11,hbo,False,S11_D11 hbo,mild_master_3,-0.0010156502784411285,
74,az_itd=15_az=0,7.0,2.5645691803097018e-17,0.015956929334650573,3.778934942612193e-09,3.158712440896073,0.01193656881656602,11,11,hbo,True,S11_D11 hbo,mild_master_3,-0.03637537671256206,
75,az_itd=5_az=0,7.0,2.5645691803097018e-17,0.005252468887279721,3.774158814048875e-09,-3.9905928552803536,-0.015061131198036813,11,11,hbo,True,S11_D11 hbo,mild_master_3,-0.05501055509782888,
76,constant,7.0,2.5645691803097018e-17,0.6149987595389486,4.6134729253192275e-09,-0.5262073913907972,-0.002427643553284301,11,11,hbo,False,S11_D11 hbo,mild_master_3,,
84,Linear,7.0,9.76607323472525e-17,0.004109760954762102,9.916639399388864e-13,4.185352856585452,4.150463503796002e-06,11,13,hbo,True,S11_D13 hbo,mild_master_3,,
85,ShortHbO,7.0,9.76607323472525e-17,8.00342630347818e-09,0.003466591733912052,31.717887909181595,109952.96804311794,11,13,hbo,True,S11_D13 hbo,mild_master_3,,
86,az_itd=0_az=15,7.0,9.76607323472525e-17,2.787632126223155e-06,7.3475659851228776e-09,-13.561016228033363,-0.09964046156079728,11,13,hbo,True,S11_D13 hbo,mild_master_3,-0.19498600547366968,
87,az_itd=0_az=5,7.0,9.76607323472525e-17,2.4987989311934715e-07,7.491169032549182e-09,-19.299886528039394,-0.14457871229056185,11,13,hbo,True,S11_D13 hbo,mild_master_3,-0.06383419117611334,
88,az_itd=15_az=0,7.0,9.76607323472525e-17,7.265528283051444e-08,7.374323647330743e-09,-23.08165492524927,-0.17021159373479383,11,13,hbo,True,S11_D13 hbo,mild_master_3,-0.209429567662891,
89,az_itd=5_az=0,7.0,9.76607323472525e-17,7.35946935536294e-07,7.365003371024842e-09,-16.49018457633412,-0.12145026499352263,11,13,hbo,True,S11_D13 hbo,mild_master_3,-0.053856656046394946,
90,constant,7.0,9.76607323472525e-17,0.9082326159173841,9.002865359196816e-09,-0.11950516322166624,-0.0010758888942135004,11,13,hbo,False,S11_D13 hbo,mild_master_3,,
98,Linear,7.0,1.9496815476396558e-17,0.013850722941741184,4.4308431203402643e-13,3.2607142321651197,1.4447713222984407e-06,11,20,hbo,True,S11_D20 hbo,mild_master_3,,
99,ShortHbO,7.0,1.9496815476396558e-17,1.5807480069004661e-09,0.0015489041717276961,40.03427842074049,62009.260857993024,11,20,hbo,True,S11_D20 hbo,mild_master_3,,
100,az_itd=0_az=15,7.0,1.9496815476396558e-17,0.000151209514008187,3.2829581560094012e-09,-7.386033239005728,-0.02424803806255039,11,20,hbo,True,S11_D20 hbo,mild_master_3,-0.04643729566818829,
101,az_itd=0_az=5,7.0,1.9496815476396558e-17,3.5160056184809946e-08,3.347121281149149e-09,-25.631379469267426,-0.08579133568679438,11,20,hbo,True,S11_D20 hbo,mild_master_3,-0.041954942148984375,
102,az_itd=15_az=0,7.0,1.9496815476396558e-17,1.3246551666076937e-05,3.2949137186486377e-09,-10.751139064367164,-0.03542407559428265,11,20,hbo,True,S11_D20 hbo,mild_master_3,-0.07044189752607405,
103,az_itd=5_az=0,7.0,1.9496815476396558e-17,4.8279080275073464e-08,3.2907493358888673e-09,-24.485235800250834,-0.08057477344875776,11,20,hbo,True,S11_D20 hbo,mild_master_3,-0.07016815323917025,
104,constant,7.0,1.9496815476396558e-17,0.5639362724602368,4.022560711706955e-09,0.6055291157750233,0.0024357776309112612,11,20,hbo,False,S11_D20 hbo,mild_master_3,,
182,Linear,7.0,3.0250890665699607e-17,0.032441738995482625,5.519168024169627e-13,2.6605393317720742,1.4683963606962057e-06,12,2,hbo,True,S12_D2 hbo,mild_master_3,,
183,ShortHbO,7.0,3.0250890665699607e-17,2.202325645491102e-08,0.0019293534311469707,27.419081953782776,52901.09984643078,12,2,hbo,True,S12_D2 hbo,mild_master_3,,
184,az_itd=0_az=15,7.0,3.0250890665699607e-17,0.002663219971057547,4.0893340583772485e-09,-4.541408352177465,-0.018571335847558205,12,2,hbo,True,S12_D2 hbo,mild_master_3,-0.02357998980287357,
185,az_itd=0_az=5,7.0,3.0250890665699607e-17,1.2147483204525415e-06,4.169257237551982e-09,-15.323917482190152,-0.06388935387027064,12,2,hbo,True,S12_D2 hbo,mild_master_3,-0.04203461038076251,
186,az_itd=15_az=0,7.0,3.0250890665699607e-17,4.461019792660783e-06,4.104226203559848e-09,-12.649284556216262,-0.05191552513190768,12,2,hbo,True,S12_D2 hbo,mild_master_3,-0.07551684680125513,
187,az_itd=5_az=0,7.0,3.0250890665699607e-17,7.993068016132906e-07,4.099038945165928e-09,-16.29233259225339,-0.06678290580324282,12,2,hbo,True,S12_D2 hbo,mild_master_3,-0.061653833043260504,
188,constant,7.0,3.0250890665699607e-17,0.9054904051843262,5.0106013353118015e-09,0.12309659563009243,0.000616787966436478,12,2,hbo,False,S12_D2 hbo,mild_master_3,,
196,Linear,7.0,1.1135517654634056e-17,0.13504413255222625,3.3485727463866035e-13,-1.6891351119999265,-5.656191801007637e-07,12,3,hbo,False,S12_D3 hbo,mild_master_3,,
197,ShortHbO,7.0,1.1135517654634056e-17,4.873163309265635e-09,0.0011705714139149152,34.06138435857714,39871.28284851902,12,3,hbo,True,S12_D3 hbo,mild_master_3,,
198,az_itd=0_az=15,7.0,1.1135517654634056e-17,0.015857896536546505,2.481068254995334e-09,3.16317762503651,0.007848059590389618,12,3,hbo,True,S12_D3 hbo,mild_master_3,-0.047517671445153384,
199,az_itd=0_az=5,7.0,1.1135517654634056e-17,2.7858887886227203e-06,2.5295590018646233e-09,13.562269072408839,0.03430655981782195,12,3,hbo,True,S12_D3 hbo,mild_master_3,0.0031206670708881783,
200,az_itd=15_az=0,7.0,1.1135517654634056e-17,1.4875077824624006e-06,2.4901035717813615e-09,14.875106654525444,0.03704055621106251,12,3,hbo,True,S12_D3 hbo,mild_master_3,-0.019473234864218408,
201,az_itd=5_az=0,7.0,1.1135517654634056e-17,3.423844584839553e-05,2.486956374230883e-09,9.308669443943108,0.023150254809222563,12,3,hbo,True,S12_D3 hbo,mild_master_3,-0.006297838313850619,
202,constant,7.0,1.1135517654634056e-17,0.6108083013166448,3.040016720084867e-09,-0.5325749821194068,-0.0016190368503418958,12,3,hbo,False,S12_D3 hbo,mild_master_3,,
140,Linear,7.0,1.1082465959904469e-17,0.21110741813936224,3.3405866088483295e-13,1.3764121082767236,4.5980238571659194e-07,12,10,hbo,False,S12_D10 hbo,mild_master_3,,
141,ShortHbO,7.0,1.1082465959904469e-17,5.3556840754694315e-09,0.0011677796739654146,33.6025901433937,39240.42176204574,12,10,hbo,True,S12_D10 hbo,mild_master_3,,
142,az_itd=0_az=15,7.0,1.1082465959904469e-17,0.014117811947452727,2.4751510616634526e-09,3.2468924117053413,0.008036549199939484,12,10,hbo,True,S12_D10 hbo,mild_master_3,-0.019616274214835864,
143,az_itd=0_az=5,7.0,1.1082465959904469e-17,0.000550500718396145,2.523526161120199e-09,-5.984885903938278,-0.015103016149907757,12,10,hbo,True,S12_D10 hbo,mild_master_3,0.005880553558967542,
144,az_itd=15_az=0,7.0,1.1082465959904469e-17,0.04306891697812029,2.484164829781429e-09,-2.466251229204474,-0.006126574564994972,12,10,hbo,True,S12_D10 hbo,mild_master_3,-0.017782268198869744,
145,az_itd=5_az=0,7.0,1.1082465959904469e-17,3.775826016391004e-06,2.4810251381011833e-09,-12.965910674737609,-0.032168750322398486,12,10,hbo,True,S12_D10 hbo,mild_master_3,-0.02020916493553312,
146,constant,7.0,1.1082465959904469e-17,0.7127841074763692,3.0327664694604932e-09,-0.38342448818606456,-0.0011628369313407476,12,10,hbo,False,S12_D10 hbo,mild_master_3,,
154,Linear,7.0,2.7512646335509524e-17,0.3232888748086609,5.263452592123785e-13,1.0624878397903,5.592354374444256e-07,12,11,hbo,False,S12_D11 hbo,mild_master_3,,
155,ShortHbO,7.0,2.7512646335509524e-17,1.1933813525066414e-08,0.001839962159844064,29.947165956603016,55101.65215471991,12,11,hbo,True,S12_D11 hbo,mild_master_3,,
156,az_itd=0_az=15,7.0,2.7512646335509524e-17,0.0006996807620890115,3.899866040563995e-09,5.748238006437973,0.022417358194386727,12,11,hbo,True,S12_D11 hbo,mild_master_3,-0.02417868445893266,
157,az_itd=0_az=5,7.0,2.7512646335509524e-17,0.8100941027934293,3.976086199608947e-09,-0.24955792983113337,-0.0009922638408045473,12,11,hbo,False,S12_D11 hbo,mild_master_3,-0.015430932678450783,
158,az_itd=15_az=0,7.0,2.7512646335509524e-17,0.0022189269226274505,3.91406819926262e-09,-4.695979621630353,-0.018380384501408678,12,11,hbo,True,S12_D11 hbo,mild_master_3,-0.06534481866262946,
159,az_itd=5_az=0,7.0,2.7512646335509524e-17,3.1036276349283624e-06,3.909121278183224e-09,-13.347563388656818,-0.052177244054497744,12,11,hbo,True,S12_D11 hbo,mild_master_3,-0.061238924371580516,
160,constant,7.0,2.7512646335509524e-17,0.8551348561413457,4.778448938490815e-09,-0.1894255070034585,-0.0009051601128637608,12,11,hbo,False,S12_D11 hbo,mild_master_3,,
168,Linear,7.0,2.905294890282237e-17,0.149231105350931,5.408784059330844e-13,-1.620152443419048,-8.763054709650864e-07,12,12,hbo,False,S12_D12 hbo,mild_master_3,,
169,ShortHbO,7.0,2.905294890282237e-17,3.378115583817047e-08,0.0018907661512575613,25.779677631216202,48743.341855435305,12,12,hbo,True,S12_D12 hbo,mild_master_3,,
170,az_itd=0_az=15,7.0,2.905294890282237e-17,7.502139497260274e-08,4.007546929422815e-09,22.97499183847882,0.09207335799581003,12,12,hbo,True,S12_D12 hbo,mild_master_3,0.037460533887171354,
171,az_itd=0_az=5,7.0,2.905294890282237e-17,2.4105026597393335e-05,4.085871636262371e-09,9.820471927007876,0.04012518770127235,12,12,hbo,True,S12_D12 hbo,mild_master_3,0.019384274218213097,
172,az_itd=15_az=0,7.0,2.905294890282237e-17,9.756149705349974e-06,4.022141230071055e-09,11.256418432116503,0.04527490467874757,12,12,hbo,True,S12_D12 hbo,mild_master_3,-0.0044894698191529315,
173,az_itd=5_az=0,7.0,2.905294890282237e-17,0.21715876945822543,4.0170577174130244e-09,1.3561803969116328,0.005447854929618134,12,12,hbo,False,S12_D12 hbo,mild_master_3,-0.0402340484006881,
174,constant,7.0,2.905294890282237e-17,0.4006938997185968,4.910388759938826e-09,-0.8946391684184212,-0.004393026116802834,12,12,hbo,False,S12_D12 hbo,mild_master_3,,
210,Linear,7.0,3.9976724291073103e-17,0.006848544526038843,6.344656806633049e-13,3.784875302902945,2.4013734852820495e-06,13,1,hbo,True,S13_D1 hbo,mild_master_3,,
211,ShortHbO,7.0,3.9976724291073103e-17,1.6274317969926737e-08,0.002217922216848827,28.63979731137403,63520.84274294376,13,1,hbo,True,S13_D1 hbo,mild_master_3,,
212,az_itd=0_az=15,7.0,3.9976724291073103e-17,0.00041795950724812846,4.700965988797401e-09,-6.265204481039212,-0.029452513178226405,13,1,hbo,True,S13_D1 hbo,mild_master_3,-0.04200847499095643,
213,az_itd=0_az=5,7.0,3.9976724291073103e-17,3.184666967571535e-07,4.7928430870372244e-09,-18.631475584863768,-0.08929773895821713,13,1,hbo,True,S13_D1 hbo,mild_master_3,-0.08717735301209159,
214,az_itd=15_az=0,7.0,3.9976724291073103e-17,2.960275610540197e-07,4.718085516574844e-09,-18.830446994425014,-0.08884365923502696,13,1,hbo,True,S13_D1 hbo,mild_master_3,-0.09329075135731289,
215,az_itd=5_az=0,7.0,3.9976724291073103e-17,2.6280112672081164e-08,4.712122412329309e-09,-26.729832158887465,-0.12595424119369433,13,1,hbo,True,S13_D1 hbo,mild_master_3,-0.10878590062123608,
216,constant,7.0,3.9976724291073103e-17,0.8161619029512639,5.7600250125006194e-09,0.24140258760056157,0.0013904849426616065,13,1,hbo,False,S13_D1 hbo,mild_master_3,,
252,Linear,7.0,5.569693166639455e-17,0.03161980302047033,7.488936845175251e-13,2.6782397844140067,2.0057168601712276e-06,13,2,hbo,True,S13_D2 hbo,mild_master_3,,
253,ShortHbO,7.0,5.569693166639455e-17,2.5690852796077633e-08,0.002617931893830267,26.817321044507462,70205.9200695017,13,2,hbo,True,S13_D2 hbo,mild_master_3,,
254,az_itd=0_az=15,7.0,5.569693166639455e-17,0.106525678753342,5.548800900407267e-09,-1.8515426050738315,-0.010273841274176094,13,2,hbo,False,S13_D2 hbo,mild_master_3,-0.017032373029031718,
255,az_itd=0_az=5,7.0,5.569693166639455e-17,3.638934228921061e-06,5.657248340072825e-09,-13.037014736744165,-0.07375362997895088,13,2,hbo,True,S13_D2 hbo,mild_master_3,-0.05752753449896516,
256,az_itd=15_az=0,7.0,5.569693166639455e-17,5.321022775028154e-06,5.569007992177852e-09,-12.322357058111388,-0.0686233049390915,13,2,hbo,True,S13_D2 hbo,mild_master_3,-0.11675560875941972,
257,az_itd=5_az=0,7.0,5.569693166639455e-17,2.1763143695223578e-07,5.561969422172091e-09,-19.690996877043066,-0.10952072252219966,13,2,hbo,True,S13_D2 hbo,mild_master_3,-0.12131689753290967,
258,constant,7.0,5.569693166639455e-17,0.9888218963521517,6.798864755009242e-09,-0.014517922911293448,-9.870539439753419e-05,13,2,hbo,False,S13_D2 hbo,mild_master_3,,
266,Linear,7.0,9.374111995487038e-17,0.09306371276949592,9.715599453556352e-13,1.9434302252947424,1.8881589634898498e-06,13,9,hbo,False,S13_D9 hbo,mild_master_3,,
267,ShortHbO,7.0,9.374111995487038e-17,1.325518859522162e-06,0.0033963135493032563,15.12901508341753,51382.87891542429,13,9,hbo,True,S13_D9 hbo,mild_master_3,,
268,az_itd=0_az=15,7.0,9.374111995487038e-17,1.0247730541122677e-05,7.198608842671884e-09,-11.173782418214468,-0.08043568892185031,13,9,hbo,True,S13_D9 hbo,mild_master_3,-0.15533072467996487,
269,az_itd=0_az=5,7.0,9.374111995487038e-17,0.00022765734945755608,7.339300626744422e-09,-6.9178227303057485,-0.05077198070023979,13,9,hbo,True,S13_D9 hbo,mild_master_3,-0.1006628122371993,
270,az_itd=15_az=0,7.0,9.374111995487038e-17,1.3166945208475399e-05,7.224824047022383e-09,-10.760896550627725,-0.07774558416649541,13,9,hbo,True,S13_D9 hbo,mild_master_3,-0.025963486160150456,
271,az_itd=5_az=0,7.0,9.374111995487038e-17,9.02287981223107e-08,7.215692720598415e-09,-22.369972402320236,-0.16141484702340958,13,9,hbo,True,S13_D9 hbo,mild_master_3,-0.19764467279252476,
272,constant,7.0,9.374111995487038e-17,0.2184719917520125,8.820350346675352e-09,1.3518555641357144,0.011923839693779451,13,9,hbo,False,S13_D9 hbo,mild_master_3,,
224,Linear,7.0,3.2306038219291256e-17,0.0018190528416531127,5.703564853049343e-13,4.867693277203339,2.776320429128154e-06,13,10,hbo,True,S13_D10 hbo,mild_master_3,,
225,ShortHbO,7.0,3.2306038219291256e-17,1.678734050334719e-08,0.001993813627490645,28.512131983180378,56847.87729687691,13,10,hbo,True,S13_D10 hbo,mild_master_3,,
226,az_itd=0_az=15,7.0,3.2306038219291256e-17,3.1521515815873974e-07,4.225959765239659e-09,-18.659299296489706,-0.07885344807453017,13,10,hbo,True,S13_D10 hbo,mild_master_3,-0.10322888091991733,
227,az_itd=0_az=5,7.0,3.2306038219291256e-17,2.4093199591611347e-07,4.308553198468856e-09,-19.40236587204657,-0.08359612553586922,13,10,hbo,True,S13_D10 hbo,mild_master_3,-0.05371759982257731,
228,az_itd=15_az=0,7.0,3.2306038219291256e-17,5.538790985476991e-08,4.241349460838347e-09,-24.00445652872148,-0.10181128875581039,13,10,hbo,True,S13_D10 hbo,mild_master_3,-0.09909265527973987,
229,az_itd=5_az=0,7.0,3.2306038219291256e-17,8.45354309100492e-09,4.235988894802002e-09,-31.469397109830197,-0.13330401668335493,13,10,hbo,True,S13_D10 hbo,mild_master_3,-0.11730360209731597,
230,constant,7.0,3.2306038219291256e-17,0.5558019342082126,5.178006819791681e-09,0.6185428424522347,0.003202819056551002,13,10,hbo,False,S13_D10 hbo,mild_master_3,,
238,Linear,7.0,3.08236635028654e-17,0.22612581350425814,5.5711732002497e-13,1.3270939753525948,7.393470389697212e-07,13,11,hbo,False,S13_D11 hbo,mild_master_3,,
239,ShortHbO,7.0,3.08236635028654e-17,8.23732285625854e-09,0.0019475330488842996,31.58682723554854,61516.389950629484,13,11,hbo,True,S13_D11 hbo,mild_master_3,,
240,az_itd=0_az=15,7.0,3.08236635028654e-17,0.0006446634397388203,4.1278664126786284e-09,5.828305283191913,0.024058465621325298,13,11,hbo,True,S13_D11 hbo,mild_master_3,-0.012260232466947657,
241,az_itd=0_az=5,7.0,3.08236635028654e-17,0.001273185931431137,4.208542679816559e-09,-5.185476897507453,-0.02182330083836287,13,11,hbo,True,S13_D11 hbo,mild_master_3,-0.002549705749017916,
242,az_itd=15_az=0,7.0,3.08236635028654e-17,0.00021783989690645858,4.142898881299297e-09,-6.9671134740408025,-0.028864046617488898,13,11,hbo,True,S13_D11 hbo,mild_master_3,-0.04559704671089362,
243,az_itd=5_az=0,7.0,3.08236635028654e-17,3.9860508464123505e-06,4.137662745196822e-09,-12.862237573478474,-0.05321960122765266,13,11,hbo,True,S13_D11 hbo,mild_master_3,-0.05376291019523389,
244,constant,7.0,3.08236635028654e-17,0.8273955317819361,5.057814466633193e-09,-0.22635160175772354,-0.0011448444059158093,13,11,hbo,False,S13_D11 hbo,mild_master_3,,
280,Linear,7.0,4.0085575560481085e-17,0.007564218992515999,6.353288760343679e-13,3.7090559073219627,2.3564703207474953e-06,14,1,hbo,True,S14_D1 hbo,mild_master_3,,
281,ShortHbO,7.0,4.0085575560481085e-17,2.7465346567275427e-08,0.0022209397168481333,26.560450046420158,58989.158405455375,14,1,hbo,True,S14_D1 hbo,mild_master_3,,
282,az_itd=0_az=15,7.0,4.0085575560481085e-17,3.577646179257287e-05,4.707361688682715e-09,-9.246252794152936,-0.04352545616707103,14,1,hbo,True,S14_D1 hbo,mild_master_3,-0.07523330833199421,
283,az_itd=0_az=5,7.0,4.0085575560481085e-17,4.5911017227892957e-07,4.799363786411596e-09,-17.665486445436244,-0.08478309591557162,14,1,hbo,True,S14_D1 hbo,mild_master_3,-0.07197417289902508,
284,az_itd=15_az=0,7.0,4.0085575560481085e-17,1.4018163000456126e-06,4.724504507707553e-09,-15.005261930681161,-0.07089242763083568,14,1,hbo,True,S14_D1 hbo,mild_master_3,-0.08266324061668152,
285,az_itd=5_az=0,7.0,4.0085575560481085e-17,1.710222187332729e-08,4.718533290613461e-09,-28.435960563217545,-0.1341760265681135,14,1,hbo,True,S14_D1 hbo,mild_master_3,-0.12633926220392597,
286,constant,7.0,4.0085575560481085e-17,0.7668783142893121,5.767861570220809e-09,0.308228519287455,0.001777819431244175,14,1,hbo,False,S14_D1 hbo,mild_master_3,,
308,Linear,7.0,4.433550179710522e-17,0.006153695144141397,6.681598066429578e-13,3.8672280830451156,2.583926368211641e-06,14,2,hbo,True,S14_D2 hbo,mild_master_3,,
309,ShortHbO,7.0,4.433550179710522e-17,3.162205890904128e-08,0.002335707863677584,26.026346921414273,60789.943167148194,14,2,hbo,True,S14_D2 hbo,mild_master_3,,
310,az_itd=0_az=15,7.0,4.433550179710522e-17,0.0009164986860430363,4.950616907799053e-09,-5.489689238943612,-0.027177348364876758,14,2,hbo,True,S14_D2 hbo,mild_master_3,-0.005823200208062854,
311,az_itd=0_az=5,7.0,4.433550179710522e-17,2.3220122421024562e-07,5.047373258955285e-09,-19.506631119012006,-0.0984572482824062,14,2,hbo,True,S14_D2 hbo,mild_master_3,-0.08654311827214739,
312,az_itd=15_az=0,7.0,4.433550179710522e-17,6.180196862945085e-07,4.968645590386954e-09,-16.91615123191364,-0.08405036022476654,14,2,hbo,True,S14_D2 hbo,mild_master_3,-0.09506627714665107,
313,az_itd=5_az=0,7.0,4.433550179710522e-17,1.8124552882746025e-08,4.962365807727121e-09,-28.199269934077016,-0.1399350929237312,14,2,hbo,True,S14_D2 hbo,mild_master_3,-0.12582864454579312,
314,constant,7.0,4.433550179710522e-17,0.9228744235180231,6.065918639740231e-09,0.10035742182619688,0.0006087599556918007,14,2,hbo,False,S14_D2 hbo,mild_master_3,,
322,Linear,7.0,2.1246182712962123e-17,0.007807703326597489,4.625354126846306e-13,3.685024575275201,1.7044543626779205e-06,14,9,hbo,True,S14_D9 hbo,mild_master_3,,
323,ShortHbO,7.0,2.1246182712962123e-17,1.0628158874174738e-08,0.0016169000138826814,30.450434413214598,49235.30782546036,14,9,hbo,True,S14_D9 hbo,mild_master_3,,
324,az_itd=0_az=15,7.0,2.1246182712962123e-17,4.3742854390484086e-07,3.427077791460084e-09,-17.79042423478794,-0.060969167795695015,14,9,hbo,True,S14_D9 hbo,mild_master_3,-0.04163855230782078,
325,az_itd=0_az=5,7.0,2.1246182712962123e-17,1.7926714136831732e-05,3.4940576342566162e-09,-10.271440973876684,-0.03588900674959004,14,9,hbo,True,S14_D9 hbo,mild_master_3,0.01789870232069637,
326,az_itd=15_az=0,7.0,2.1246182712962123e-17,9.145605956624741e-07,3.439558195186929e-09,-15.974488034407246,-0.05494518123266098,14,9,hbo,True,S14_D9 hbo,mild_master_3,-0.034796780346718285,
327,az_itd=5_az=0,7.0,2.1246182712962123e-17,1.673587847696215e-08,3.4352109988496797e-09,-28.524735928641608,-0.09798848660135229,14,9,hbo,True,S14_D9 hbo,mild_master_3,-0.08785923613501875,
328,constant,7.0,2.1246182712962123e-17,0.6262546627122112,4.199148397507415e-09,0.5092180425240496,0.0021382821272467253,14,9,hbo,False,S14_D9 hbo,mild_master_3,,
294,Linear,7.0,3.209594964516762e-17,0.006467316657770324,5.684989250512862e-13,3.828866457504815,2.1767064652564137e-06,14,10,hbo,True,S14_D10 hbo,mild_master_3,,
295,ShortHbO,7.0,3.209594964516762e-17,1.714375762421708e-08,0.001987320093984791,28.426032503424484,56491.625586320275,14,10,hbo,True,S14_D10 hbo,mild_master_3,,
296,az_itd=0_az=15,7.0,3.209594964516762e-17,3.075583416198414e-07,4.212196487192197e-09,-18.72613303849829,-0.07887815180345624,14,10,hbo,True,S14_D10 hbo,mild_master_3,-0.0845888449328927,
297,az_itd=0_az=5,7.0,3.209594964516762e-17,0.00020009301036892855,4.294520926760883e-09,-7.062905899497752,-0.030331797189135985,14,10,hbo,True,S14_D10 hbo,mild_master_3,0.04481431664215434,
298,az_itd=15_az=0,7.0,3.209594964516762e-17,1.1781529507103779e-07,4.227536061002851e-09,-21.522903284064327,-0.09098884977085864,14,10,hbo,True,S14_D10 hbo,mild_master_3,-0.06723185248438406,
299,az_itd=5_az=0,7.0,3.209594964516762e-17,2.8798685048356328e-08,4.2221929534765135e-09,-26.379602818479622,-0.11137977313569383,14,10,hbo,True,S14_D10 hbo,mild_master_3,-0.09583323417381565,
300,constant,7.0,3.209594964516762e-17,0.6679400488491165,5.1611428760838766e-09,0.44763663633696543,0.0023103166367046783,14,10,hbo,False,S14_D10 hbo,mild_master_3,,
336,Linear,7.0,2.1046163788726022e-17,0.31940351151841934,4.603530298071859e-13,-1.0717088330657834,-4.933644083729569e-07,15,17,hbo,False,S15_D17 hbo,mild_master_3,,
337,ShortHbO,7.0,2.1046163788726022e-17,7.016259096375555e-06,0.0016092709874166722,11.825116249671211,19029.816503425325,15,17,hbo,True,S15_D17 hbo,mild_master_3,,
338,az_itd=0_az=15,7.0,2.1046163788726022e-17,2.770526530297985e-05,3.410907795203272e-09,9.614585688003675,0.03279446527086155,15,17,hbo,True,S15_D17 hbo,mild_master_3,0.03252142966329219,
339,az_itd=0_az=5,7.0,2.1046163788726022e-17,1.696227245297553e-05,3.4775716067121576e-09,10.357663758456786,0.03601951739828085,15,17,hbo,True,S15_D17 hbo,mild_master_3,0.084568865281524,
340,az_itd=15_az=0,7.0,2.1046163788726022e-17,0.0024627534852875916,3.4233293125861744e-09,4.607323311775634,0.01577238494576314,15,17,hbo,True,S15_D17 hbo,mild_master_3,0.019523706454680597,
341,az_itd=5_az=0,7.0,2.1046163788726022e-17,0.6765680936074241,3.419002627644574e-09,-0.4351305607155674,-0.001487712530454982,15,17,hbo,False,S15_D17 hbo,mild_master_3,-0.01234414924937274,
342,constant,7.0,2.1046163788726022e-17,0.8048693107032917,4.179335537105269e-09,-0.2565953131335418,-0.0010723979108336653,15,17,hbo,False,S15_D17 hbo,mild_master_3,,
350,Linear,7.0,2.8696639317740264e-17,0.4529150716679512,5.375514682884723e-13,-0.7946448160667905,-4.271624876445262e-07,15,18,hbo,False,S15_D18 hbo,mild_master_3,,
351,ShortHbO,7.0,2.8696639317740264e-17,2.2795145843838587e-06,0.0018791360676439896,13.969655982125136,26250.884408589962,15,18,hbo,True,S15_D18 hbo,mild_master_3,,
352,az_itd=0_az=15,7.0,2.8696639317740264e-17,2.7807167501493737e-05,3.982896548494692e-09,9.609207258900312,0.03827247842524419,15,18,hbo,True,S15_D18 hbo,mild_master_3,0.029721351590771484,
353,az_itd=0_az=5,7.0,2.8696639317740264e-17,1.678847779242856e-05,4.060739480848839e-09,10.373792411400391,0.042125268411103645,15,18,hbo,True,S15_D18 hbo,mild_master_3,0.08201652089883082,
354,az_itd=15_az=0,7.0,2.8696639317740264e-17,0.033787654759542034,3.997401079746167e-09,2.6325403589180243,0.010523319673214272,15,18,hbo,True,S15_D18 hbo,mild_master_3,-0.006174851833584124,
355,az_itd=5_az=0,7.0,2.8696639317740264e-17,0.013117838365346869,3.99234883572346e-09,-3.300159402310577,-0.013175387547516461,15,18,hbo,True,S15_D18 hbo,mild_master_3,-0.027202229734211745,
356,constant,7.0,2.8696639317740264e-17,0.787834712796665,4.8801850079755025e-09,-0.2796420699170291,-0.0013647050372083227,15,18,hbo,False,S15_D18 hbo,mild_master_3,,
364,Linear,7.0,3.107741260756597e-17,0.866119455936668,5.594057934121714e-13,-0.17488691693406597,-9.783275452490969e-08,15,22,hbo,False,S15_D22 hbo,mild_master_3,,
365,ShortHbO,7.0,3.107741260756597e-17,2.191589482114937e-06,0.0019555329393792986,14.050871993784877,27476.943010848405,15,22,hbo,True,S15_D22 hbo,mild_master_3,,
366,az_itd=0_az=15,7.0,3.107741260756597e-17,0.005107788749777562,4.144822468596822e-09,4.01253986420379,0.01663126538529231,15,22,hbo,True,S15_D22 hbo,mild_master_3,0.01771570682962461,
367,az_itd=0_az=5,7.0,3.107741260756597e-17,0.00011425490023738137,4.225830130009689e-09,7.721016338482481,0.03262770347745635,15,22,hbo,True,S15_D22 hbo,mild_master_3,0.08649589740066162,
368,az_itd=15_az=0,7.0,3.107741260756597e-17,0.005662550307274733,4.1599166861582355e-09,-3.9318048979149816,-0.01635598080155521,15,22,hbo,True,S15_D22 hbo,mild_master_3,-0.015940626027252235,
369,az_itd=5_az=0,7.0,3.107741260756597e-17,0.1991212817582182,4.1546590415553225e-09,1.4180513628354006,0.005891519915993944,15,22,hbo,False,S15_D22 hbo,mild_master_3,0.010513465641622423,
370,constant,7.0,3.107741260756597e-17,0.8583297385698245,5.078590474465392e-09,-0.1851923994973403,-0.0009405163560305818,15,22,hbo,False,S15_D22 hbo,mild_master_3,,
378,Linear,7.0,2.1644774896283e-17,0.2236565354969424,4.668539843383667e-13,-1.3350012778908733,-6.232506656801653e-07,16,16,hbo,False,S16_D16 hbo,mild_master_3,,
379,ShortHbO,7.0,2.1644774896283e-17,9.400589163384159e-08,0.0016319965846000471,22.237675739948216,36291.810857038814,16,16,hbo,True,S16_D16 hbo,mild_master_3,,
380,az_itd=0_az=15,7.0,2.1644774896283e-17,1.1397247118659463e-05,3.4590755166060274e-09,10.996940092744923,0.038039246232397184,16,16,hbo,True,S16_D16 hbo,mild_master_3,0.04190469152904422,
381,az_itd=0_az=5,7.0,2.1644774896283e-17,1.7048540790924222e-06,3.526680732601109e-09,14.57997882263662,0.051418930395524774,16,16,hbo,True,S16_D16 hbo,mild_master_3,0.07913749781033155,
382,az_itd=15_az=0,7.0,2.1644774896283e-17,0.02662056898253408,3.4716724465842336e-09,2.7974780125398397,0.009711927336059783,16,16,hbo,True,S16_D16 hbo,mild_master_3,0.041900783409006395,
383,az_itd=5_az=0,7.0,2.1644774896283e-17,0.005711515079926634,3.4672846616166642e-09,3.9250977590413973,0.013609431255270178,16,16,hbo,True,S16_D16 hbo,mild_master_3,0.019239639781455188,
384,constant,7.0,2.1644774896283e-17,0.6343687063342919,4.238354743101696e-09,-0.497070912069383,-0.0021067628578271555,16,16,hbo,False,S16_D16 hbo,mild_master_3,,
392,Linear,7.0,3.584427977343468e-17,0.4335532808090057,6.00778610452358e-13,-0.8307102883353713,-4.990729727146021e-07,16,17,hbo,False,S16_D17 hbo,mild_master_3,,
393,ShortHbO,7.0,3.584427977343468e-17,6.255620704028236e-06,0.002100161235099122,12.029145791996578,25263.145683706938,16,17,hbo,True,S16_D17 hbo,mild_master_3,,
394,az_itd=0_az=15,7.0,3.584427977343468e-17,6.519378674912059e-05,4.4513673483187985e-09,8.42915325394147,0.037521257568570214,16,17,hbo,True,S16_D17 hbo,mild_master_3,0.026407936933022364,
395,az_itd=0_az=5,7.0,3.584427977343468e-17,4.241821402410079e-06,4.538366215389449e-09,12.74418643222907,0.057837785146653,16,17,hbo,True,S16_D17 hbo,mild_master_3,0.10670860483825986,
396,az_itd=15_az=0,7.0,3.584427977343468e-17,0.021393625023791087,4.467577911668704e-09,2.9504357794425276,0.01318130171803447,16,17,hbo,True,S16_D17 hbo,mild_master_3,0.01822150603170178,
397,az_itd=5_az=0,7.0,3.584427977343468e-17,0.03736720594913474,4.461931419522951e-09,-2.5633745729917305,-0.01143760154723803,16,17,hbo,True,S16_D17 hbo,mild_master_3,-0.006551063034058715,
398,constant,7.0,3.584427977343468e-17,0.8306363323313808,5.454195441372264e-09,-0.22202048590409476,-0.0012109431221093685,16,17,hbo,False,S16_D17 hbo,mild_master_3,,
406,Linear,7.0,6.107820595087687e-16,0.8201079633671275,2.4799770901807325e-12,0.23610872656736118,5.855442326788027e-07,16,22,hbo,False,S16_D22 hbo,mild_master_3,,
407,ShortHbO,7.0,6.107820595087687e-16,5.177398488529147e-08,0.00866933618826717,24.23945180244084,210139.9566946583,16,22,hbo,True,S16_D22 hbo,mild_master_3,,
408,az_itd=0_az=15,7.0,6.107820595087687e-16,0.004972800943375845,1.8374970166626126e-08,-4.033638360734875,-0.07411798454146203,16,22,hbo,True,S16_D22 hbo,mild_master_3,-0.00799258402730366,
409,az_itd=0_az=5,7.0,6.107820595087687e-16,1.5776457208613247e-05,1.8734096129923047e-08,10.471638302624184,0.19617667859914567,16,22,hbo,True,S16_D22 hbo,mild_master_3,0.15478574597960812,
410,az_itd=15_az=0,7.0,6.107820595087687e-16,0.01140715252475516,1.8441886373407216e-08,3.4022716970716886,0.06274430804885542,16,22,hbo,True,S16_D22 hbo,mild_master_3,0.05878008713829493,
411,az_itd=5_az=0,7.0,6.107820595087687e-16,7.411367397212755e-05,1.8418578001708018e-08,8.262728128924321,0.15218770254949956,16,22,hbo,True,S16_D22 hbo,mild_master_3,0.13957594489466923,
412,constant,7.0,6.107820595087687e-16,0.7088028946616902,2.251458275085185e-08,0.38905006941966885,0.00875929998217379,16,22,hbo,False,S16_D22 hbo,mild_master_3,,
420,Linear,7.0,1.579877455484938e-17,0.5147869141121715,3.988560957250802e-13,0.6859956281928637,2.736135379454794e-07,16,23,hbo,False,S16_D23 hbo,mild_master_3,,
421,ShortHbO,7.0,1.579877455484938e-17,7.300754515192779e-08,0.0013942941643579454,23.065525988030412,32160.128282957336,16,23,hbo,True,S16_D23 hbo,mild_master_3,,
422,az_itd=0_az=15,7.0,1.579877455484938e-17,0.009321181805015632,2.9552566790813432e-09,-3.5518042974596415,-0.010496493372857423,16,23,hbo,True,S16_D23 hbo,mild_master_3,-0.0360171801492358,
423,az_itd=0_az=5,7.0,1.579877455484938e-17,6.898243259974459e-06,3.013015107641536e-09,11.85507666087835,0.035719525081475044,16,23,hbo,True,S16_D23 hbo,mild_master_3,0.05950936593784937,
424,az_itd=15_az=0,7.0,1.579877455484938e-17,0.0002607509945838337,2.9660188498623213e-09,-6.76775056585924,-0.020073275749504897,16,23,hbo,True,S16_D23 hbo,mild_master_3,-0.02453395338222079,
425,az_itd=5_az=0,7.0,1.579877455484938e-17,0.0001248631636223383,2.962270151468912e-09,-7.613582165471027,-0.022553487194530868,16,23,hbo,True,S16_D23 hbo,mild_master_3,-0.027186712563437285,
426,constant,7.0,1.579877455484938e-17,0.7609878376952642,3.6210328750373926e-09,-0.316313950925865,-0.0011453832151355216,16,23,hbo,False,S16_D23 hbo,mild_master_3,,
434,Linear,7.0,1.9792916980559113e-17,0.09138447060064823,4.4643623243068073e-13,1.9557922101029988,8.731365056956572e-07,17,15,hbo,False,S17_D15 hbo,mild_master_3,,
435,ShortHbO,7.0,1.9792916980559113e-17,6.316220967292115e-09,0.0015606215883562458,32.81560440973986,51212.74067679845,17,15,hbo,True,S17_D15 hbo,mild_master_3,,
436,az_itd=0_az=15,7.0,1.9792916980559113e-17,0.24668431224878895,3.307793642406955e-09,-1.2640230453100207,-0.004181127393132365,17,15,hbo,False,S17_D15 hbo,mild_master_3,0.0035407614800584556,
437,az_itd=0_az=5,7.0,1.9792916980559113e-17,9.470772845837815e-06,3.3724421597892796e-09,-11.306591295501315,-0.03813082516845512,17,15,hbo,True,S17_D15 hbo,mild_master_3,0.02919964013446513,
438,az_itd=15_az=0,7.0,1.9792916980559113e-17,0.013813622513811567,3.319839648542328e-09,-3.2626567329312874,-0.010831497181568867,17,15,hbo,True,S17_D15 hbo,mild_master_3,0.03540804257781991,
439,az_itd=5_az=0,7.0,1.9792916980559113e-17,1.990334627587941e-07,3.3156437623437478e-09,-19.947918101224225,-0.06614019022406804,17,15,hbo,True,S17_D15 hbo,mild_master_3,-0.0475228018305967,
440,constant,7.0,1.9792916980559113e-17,0.978606728451835,4.05299127070024e-09,0.02778817298099385,0.00011262522252067634,17,15,hbo,False,S17_D15 hbo,mild_master_3,,
448,Linear,7.0,9.245841671437184e-18,0.09847017305564298,3.051249764697168e-13,1.9050623222686411,5.812820962555631e-07,17,16,hbo,False,S17_D16 hbo,mild_master_3,,
449,ShortHbO,7.0,9.245841671437184e-18,1.4068634298193508e-08,0.0010666352568040494,29.246429501720776,31195.272842169466,17,16,hbo,True,S17_D16 hbo,mild_master_3,,
450,az_itd=0_az=15,7.0,9.245841671437184e-18,0.09046540792230598,2.2607718280635205e-09,-1.962652705163157,-0.004437109944105524,17,16,hbo,False,S17_D16 hbo,mild_master_3,0.005918429117355903,
451,az_itd=0_az=5,7.0,9.245841671437184e-18,0.00011252646898972225,2.304957035069869e-09,-7.739584734393585,-0.017839410282059858,17,16,hbo,True,S17_D16 hbo,mild_master_3,0.01093084484523389,
452,az_itd=15_az=0,7.0,9.245841671437184e-18,3.756310024038405e-06,2.2690048904173486e-09,-12.97586676601912,-0.02944230514950133,17,16,hbo,True,S17_D16 hbo,mild_master_3,-0.009992192817270065,
453,az_itd=5_az=0,7.0,9.245841671437184e-18,5.042321637322266e-07,2.2661371355520214e-09,-17.425772652105618,-0.039489190522623376,17,16,hbo,True,S17_D16 hbo,mild_master_3,-0.0345873645772114,
454,constant,7.0,9.245841671437184e-18,0.774557506594723,2.7700907235310452e-09,0.2977217621016042,0.0008247162913909706,17,16,hbo,False,S17_D16 hbo,mild_master_3,,
462,Linear,7.0,2.4540908271907813e-17,0.15471252672150998,4.971069659288112e-13,-1.5951326118686422,-7.929515329401208e-07,17,17,hbo,False,S17_D17 hbo,mild_master_3,,
463,ShortHbO,7.0,2.4540908271907813e-17,1.6472075310291878e-07,0.0017377529116014015,20.502914805043627,35628.99989878004,17,17,hbo,True,S17_D17 hbo,mild_master_3,,
464,az_itd=0_az=15,7.0,2.4540908271907813e-17,1.6348216228767963e-06,3.68322985915094e-09,14.67015766898915,0.05403356276487299,17,17,hbo,True,S17_D17 hbo,mild_master_3,0.024438323150288155,
465,az_itd=0_az=5,7.0,2.4540908271907813e-17,3.218314530794529e-07,3.75521601527619e-09,18.603022059507254,0.0698583663703979,17,17,hbo,True,S17_D17 hbo,mild_master_3,0.10071388467407165,
466,az_itd=15_az=0,7.0,2.4540908271907813e-17,0.0001137925897114063,3.6966430929489945e-09,7.7259516914025115,0.0285600859564807,17,17,hbo,True,S17_D17 hbo,mild_master_3,0.030888498995104586,
467,az_itd=5_az=0,7.0,2.4540908271907813e-17,0.9820039467997255,3.6919709715886773e-09,0.023374448935450907,8.629778694656662e-05,17,17,hbo,False,S17_D17 hbo,mild_master_3,-0.014338497780221216,
468,constant,7.0,2.4540908271907813e-17,0.5667686001118712,4.513007787347529e-09,-0.601023937059695,-0.002712425708332675,17,17,hbo,False,S17_D17 hbo,mild_master_3,,
476,Linear,7.0,2.1273656294760803e-17,0.12460690545279128,4.628343698968704e-13,1.744399289698879,8.07367946096329e-07,17,21,hbo,False,S17_D21 hbo,mild_master_3,,
477,ShortHbO,7.0,2.1273656294760803e-17,1.6507933340656392e-08,0.0016179450882864233,28.581100742802867,46242.651564637345,17,21,hbo,True,S17_D21 hbo,mild_master_3,,
478,az_itd=0_az=15,7.0,2.1273656294760803e-17,0.21779906016860998,3.4292928642838433e-09,1.3540688631578517,0.004643498690176157,17,21,hbo,False,S17_D21 hbo,mild_master_3,-0.007122194215375055,
479,az_itd=0_az=5,7.0,2.1273656294760803e-17,3.888366987500838e-05,3.496315999132248e-09,-9.128944194480772,-0.03191767364234857,17,21,hbo,True,S17_D21 hbo,mild_master_3,-0.000991451944793348,
480,az_itd=15_az=0,7.0,2.1273656294760803e-17,0.015547603381401615,3.4417813346507845e-09,-3.1773633250885585,-0.010935789785693753,17,21,hbo,True,S17_D21 hbo,mild_master_3,-0.006662450811480124,
481,az_itd=5_az=0,7.0,2.1273656294760803e-17,1.3929007783190296e-06,3.4374313285271653e-09,-15.01932190485543,-0.05162788764898436,17,21,hbo,True,S17_D21 hbo,mild_master_3,-0.050152536490561735,
482,constant,7.0,2.1273656294760803e-17,0.777163885608673,4.201862493907978e-09,-0.294164163059386,-0.0012360373638110648,17,21,hbo,False,S17_D21 hbo,mild_master_3,,
490,Linear,7.0,1.6286734935032825e-17,0.5498922457779181,4.0496878307235663e-13,0.6280690429613335,2.543483560134709e-07,17,22,hbo,False,S17_D22 hbo,mild_master_3,,
491,ShortHbO,7.0,1.6286734935032825e-17,1.7548999539736753e-08,0.0014156624833787652,28.33058746419806,40106.54980514594,17,22,hbo,True,S17_D22 hbo,mild_master_3,,
492,az_itd=0_az=15,7.0,1.6286734935032825e-17,0.44140220066136804,3.000547600553497e-09,0.8159565545050445,0.00244831648177601,17,22,hbo,False,S17_D22 hbo,mild_master_3,-0.015976010818107903,
493,az_itd=0_az=5,7.0,1.6286734935032825e-17,0.0006193967408298612,3.0591912085537002e-09,5.86767680159805,0.017950345286083247,17,22,hbo,True,S17_D22 hbo,mild_master_3,0.05544561540514236,
494,az_itd=15_az=0,7.0,1.6286734935032825e-17,0.3815446035270599,3.011474707475272e-09,-0.9336861468720744,-0.002811772216025294,17,22,hbo,False,S17_D22 hbo,mild_master_3,0.008414497805156162,
495,az_itd=5_az=0,7.0,1.6286734935032825e-17,0.00011874772917072897,3.0076685582330885e-09,-7.674196007596366,-0.02308143804176549,17,22,hbo,True,S17_D22 hbo,mild_master_3,-0.04001840673001761,
496,constant,7.0,1.6286734935032825e-17,0.7318081640671035,3.6765271800675697e-09,-0.35672557797277166,-0.0013115112832422083,17,22,hbo,False,S17_D22 hbo,mild_master_3,,
504,Linear,7.0,9.966942861439147e-18,0.021538334314296834,3.1680025107891995e-13,2.945690811681468,9.331955887415567e-07,17,23,hbo,True,S17_D23 hbo,mild_master_3,,
505,ShortHbO,7.0,9.966942861439147e-18,3.76557479543411e-08,0.0011074488921711996,25.37913363679237,28106.093430330537,17,23,hbo,True,S17_D23 hbo,mild_master_3,,
506,az_itd=0_az=15,7.0,9.966942861439147e-18,0.0031997525349898135,2.3472777976068287e-09,-4.3888793500262135,-0.010301919054691619,17,23,hbo,True,S17_D23 hbo,mild_master_3,-0.01244367634978042,
507,az_itd=0_az=5,7.0,9.966942861439147e-18,3.856691883944612e-06,2.393153703393173e-09,-12.925271852966787,-0.03093216220229101,17,23,hbo,True,S17_D23 hbo,mild_master_3,0.013751168797011621,
508,az_itd=15_az=0,7.0,9.966942861439147e-18,8.102828270725165e-07,2.3558258891168005e-09,-16.259877868810655,-0.038305441237221446,17,23,hbo,True,S17_D23 hbo,mild_master_3,-0.03184160597328359,
509,az_itd=5_az=0,7.0,9.966942861439147e-18,8.059914245598325e-08,2.3528484027376784e-09,-22.738044291330077,-0.05349917119223456,17,23,hbo,True,S17_D23 hbo,mild_master_3,-0.06571524534729267,
510,constant,7.0,9.966942861439147e-18,0.8364391003562285,2.876085225403104e-09,0.21427719862320213,0.0006162794851009581,17,23,hbo,False,S17_D23 hbo,mild_master_3,,
518,Linear,7.0,3.2556012434412067e-17,0.09378772984505844,5.72558854973522e-13,1.938167567348919,1.1097150031081136e-06,18,15,hbo,False,S18_D15 hbo,mild_master_3,,
519,ShortHbO,7.0,3.2556012434412067e-17,3.0346133432695994e-09,0.002001512522429403,36.45829685097565,72971.73769367623,18,15,hbo,True,S18_D15 hbo,mild_master_3,,
520,az_itd=0_az=15,7.0,3.2556012434412067e-17,0.031140891143845138,4.242277850239884e-09,-2.6887758795105188,-0.011406534357906738,18,15,hbo,True,S18_D15 hbo,mild_master_3,-0.020932857944496567,
521,az_itd=0_az=5,7.0,3.2556012434412067e-17,1.6125933987692866e-05,4.325190209047829e-09,-10.437063976773342,-0.045142286923545855,18,15,hbo,True,S18_D15 hbo,mild_master_3,0.028340911080488775,
522,az_itd=15_az=0,7.0,3.2556012434412067e-17,0.008501625150095385,4.25772697147792e-09,-3.6207578211548026,-0.01541619823232043,18,15,hbo,True,S18_D15 hbo,mild_master_3,0.01808479837273896,
523,az_itd=5_az=0,7.0,3.2556012434412067e-17,2.071402677437417e-06,4.2523457061975945e-09,-14.16809767942212,-0.06024764933207876,18,15,hbo,True,S18_D15 hbo,mild_master_3,-0.05634362121365882,
524,constant,7.0,3.2556012434412067e-17,0.8955382349592833,5.198001131169681e-09,-0.13614642416574863,-0.0007076892668182685,18,15,hbo,False,S18_D15 hbo,mild_master_3,,
532,Linear,7.0,1.1747195804767966e-17,0.37202864741602143,3.4393124887816153e-13,0.9536385886730141,3.2798611078071713e-07,18,16,hbo,False,S18_D16 hbo,mild_master_3,,
533,ShortHbO,7.0,1.1747195804767966e-17,6.200020805654636e-09,0.0012022915993784749,32.90327040182893,39559.325596197334,18,16,hbo,True,S18_D16 hbo,mild_master_3,,
534,az_itd=0_az=15,7.0,1.1747195804767966e-17,0.007594878484515238,2.548300330083341e-09,3.7059840285172156,0.00944396032315401,18,16,hbo,True,S18_D16 hbo,mild_master_3,-0.013777696141017344,
535,az_itd=0_az=5,7.0,1.1747195804767966e-17,0.1324758506750437,2.598105080921697e-09,1.7023483103415105,0.0044228797945967445,18,16,hbo,False,S18_D16 hbo,mild_master_3,0.04987522955429638,
536,az_itd=15_az=0,7.0,1.1747195804767966e-17,0.0026228201894328116,2.5575804862023366e-09,-4.554241545189892,-0.011647839305429643,18,16,hbo,True,S18_D16 hbo,mild_master_3,-0.001783421436846268,
537,az_itd=5_az=0,7.0,1.1747195804767966e-17,1.3975121397581845e-05,2.554348005781625e-09,-10.664816238728253,-0.027241652091423003,18,16,hbo,True,S18_D16 hbo,mild_master_3,-0.016193993841554764,
538,constant,7.0,1.1747195804767966e-17,0.7507803388113234,3.1223952003955292e-09,-0.33038079586701774,-0.0010315794113180314,18,16,hbo,False,S18_D16 hbo,mild_master_3,,
546,Linear,7.0,4.017494125672214e-17,0.4742366626969714,6.360366742600636e-13,0.7561423143251401,4.809342428706699e-07,18,21,hbo,False,S18_D21 hbo,mild_master_3,,
547,ShortHbO,7.0,4.017494125672214e-17,1.5933328140171714e-08,0.0022234139900163454,28.727221615105304,63872.50643332508,18,21,hbo,True,S18_D21 hbo,mild_master_3,,
548,az_itd=0_az=15,7.0,4.017494125672214e-17,0.0003047421805095375,4.712605999742138e-09,6.598461994447914,0.031095951584105712,18,21,hbo,True,S18_D21 hbo,mild_master_3,-0.0023163794913333103,
549,az_itd=0_az=5,7.0,4.017494125672214e-17,0.0029269264702387844,4.804710593869324e-09,-4.462586378386167,-0.021441436048288954,18,21,hbo,True,S18_D21 hbo,mild_master_3,0.008262318812370264,
550,az_itd=15_az=0,7.0,4.017494125672214e-17,0.01415849871411789,4.729767916996802e-09,3.2448114800972547,0.015347205235266902,18,21,hbo,True,S18_D21 hbo,mild_master_3,-0.025937178936807193,
551,az_itd=5_az=0,7.0,4.017494125672214e-17,3.333508384855548e-05,4.7237900475734614e-09,-9.346829515618476,-0.04415246024224443,18,21,hbo,True,S18_D21 hbo,mild_master_3,-0.05464493526962988,
552,constant,7.0,4.017494125672214e-17,0.6497499173218559,5.774287348017882e-09,-0.4742628762801676,-0.0027385301261391415,18,21,hbo,False,S18_D21 hbo,mild_master_3,,
560,Linear,7.0,1.1319634897947523e-17,0.21563512277737695,3.3761422942403215e-13,1.361227163662352,4.595696599309259e-07,18,22,hbo,False,S18_D22 hbo,mild_master_3,,
561,ShortHbO,7.0,1.1319634897947523e-17,2.2066424354776822e-08,0.0011802089899977243,27.41134935806867,32351.120940360994,18,22,hbo,True,S18_D22 hbo,mild_master_3,,
562,az_itd=0_az=15,7.0,1.1319634897947523e-17,0.5831511216034541,2.5014954444772545e-09,-0.5752196726695108,-0.001438909390756479,18,22,hbo,False,S18_D22 hbo,mild_master_3,-0.027172028476178296,
563,az_itd=0_az=5,7.0,1.1319634897947523e-17,0.5027532208558739,2.5503854265035874e-09,-0.7064237278661452,-0.0018016527804861529,18,22,hbo,False,S18_D22 hbo,mild_master_3,0.050047500360028516,
564,az_itd=15_az=0,7.0,1.1319634897947523e-17,0.0003602887392690685,2.5106051510458466e-09,-6.420229854309772,-0.01611866214312844,18,22,hbo,True,S18_D22 hbo,mild_master_3,-0.01284399103639285,
565,az_itd=5_az=0,7.0,1.1319634897947523e-17,1.409550649579816e-05,2.5074320419145115e-09,-10.651045279565022,-0.026706772213863642,18,22,hbo,True,S18_D22 hbo,mild_master_3,-0.031750603738752006,
566,constant,7.0,1.1319634897947523e-17,0.8230967553824955,3.06504585720931e-09,-0.23210409088930495,-0.0007114096822215973,18,22,hbo,False,S18_D22 hbo,mild_master_3,,
574,Linear,7.0,1.0523378149699002e-17,0.5794775798561698,3.255233312335659e-13,0.5809690584854679,1.891189832618179e-07,18,23,hbo,False,S18_D23 hbo,mild_master_3,,
575,ShortHbO,7.0,1.0523378149699002e-17,2.5919630849253106e-05,0.0011379424458242762,9.712644677648093,11052.43063990501,18,23,hbo,True,S18_D23 hbo,mild_master_3,,
576,az_itd=0_az=15,7.0,1.0523378149699002e-17,0.5457675527703367,2.411909982411014e-09,-0.6347545749872181,-0.0015309708957927319,18,23,hbo,False,S18_D23 hbo,mild_master_3,-0.010738593122758032,
577,az_itd=0_az=5,7.0,1.0523378149699002e-17,7.997993813392169e-05,2.459049079125959e-09,8.165174965676119,0.020078565980248195,18,23,hbo,True,S18_D23 hbo,mild_master_3,0.033847930826091624,
578,az_itd=15_az=0,7.0,1.0523378149699002e-17,0.0003073598740564291,2.420693445222482e-09,6.589268329439274,0.015950598653885744,18,23,hbo,True,S18_D23 hbo,mild_master_3,-0.0032464545879957027,
579,az_itd=5_az=0,7.0,1.0523378149699002e-17,0.003295946768191914,2.4176339738946233e-09,4.36452874844547,0.010551832982281547,18,23,hbo,True,S18_D23 hbo,mild_master_3,0.029015826634766432,
580,constant,7.0,1.0523378149699002e-17,0.12300372861883632,2.9552780980960436e-09,-1.7532754890443751,-0.005181416652701471,18,23,hbo,False,S18_D23 hbo,mild_master_3,,
588,Linear,7.0,1.5135206579409915e-16,0.27346219959208645,1.234521646346187e-12,1.1883024675493694,1.466985118596284e-06,19,14,hbo,False,S19_D14 hbo,mild_master_3,,
589,ShortHbO,7.0,1.5135206579409915e-16,3.740986666514374e-09,0.004315557279236078,35.37940392069679,152681.84412499648,19,14,hbo,True,S19_D14 hbo,mild_master_3,,
590,az_itd=0_az=15,7.0,1.5135206579409915e-16,0.036153421962594925,9.146979023105493e-09,-2.586026949790953,-0.02365433426292333,19,14,hbo,True,S19_D14 hbo,mild_master_3,0.028100701124549432,
591,az_itd=0_az=5,7.0,1.5135206579409915e-16,3.3012410856654994e-05,9.325750342086776e-09,-9.3607447849075,-0.08729596888003813,19,14,hbo,True,S19_D14 hbo,mild_master_3,0.012838791152205289,
592,az_itd=15_az=0,7.0,1.5135206579409915e-16,0.002117992104629261,9.1802896154048e-09,-4.735884506387575,-0.04347679135374634,19,14,hbo,True,S19_D14 hbo,mild_master_3,-0.13087831271510575,
593,az_itd=5_az=0,7.0,1.5135206579409915e-16,0.0004442278606214665,9.16868681087984e-09,-6.202368804250479,-0.05686757705174394,19,14,hbo,True,S19_D14 hbo,mild_master_3,-0.0718916573289422,
594,constant,7.0,1.5135206579409915e-16,0.8496620075184123,1.1207659891065163e-08,0.19668586775633826,0.0022043883111920594,19,14,hbo,False,S19_D14 hbo,mild_master_3,,
602,Linear,7.0,4.457137394039656e-17,0.05788059701296974,6.699348088440814e-13,2.265260569542832,1.517576906638712e-06,19,15,hbo,False,S19_D15 hbo,mild_master_3,,
603,ShortHbO,7.0,4.457137394039656e-17,6.9913008913814666e-09,0.0023419127963269152,32.34025157073049,75738.04898992534,19,15,hbo,True,S19_D15 hbo,mild_master_3,,
604,az_itd=0_az=15,7.0,4.457137394039656e-17,0.5890365837117308,4.963768485940836e-09,-0.566051411757354,-0.002809748159103474,19,15,hbo,False,S19_D15 hbo,mild_master_3,-0.028350103394577976,
605,az_itd=0_az=5,7.0,4.457137394039656e-17,2.620094875421799e-06,5.060781875509986e-09,-13.685674814295512,-0.06926021505431021,19,15,hbo,True,S19_D15 hbo,mild_master_3,-0.03975802402776012,
606,az_itd=15_az=0,7.0,4.457137394039656e-17,0.0001274981673822846,4.981845062686629e-09,-7.588489514653516,-0.037804679021825875,19,15,hbo,True,S19_D15 hbo,mild_master_3,-0.08631844635684395,
607,az_itd=5_az=0,7.0,4.457137394039656e-17,7.618682776000073e-07,4.975548597448867e-09,-16.406978677325487,-0.08163371974634029,19,15,hbo,True,S19_D15 hbo,mild_master_3,-0.11251502876599248,
608,constant,7.0,4.457137394039656e-17,0.9715890065879973,6.082033076481753e-09,0.03690778682822262,0.00022447438026898758,19,15,hbo,False,S19_D15 hbo,mild_master_3,,
616,Linear,7.0,6.705203142166168e-17,0.40315289048931074,8.216947322175042e-13,0.8897259205663907,7.310831020467728e-07,19,21,hbo,False,S19_D21 hbo,mild_master_3,,
617,ShortHbO,7.0,6.705203142166168e-17,4.733074632919157e-08,0.0028724248727646797,24.555445617629744,70533.67275390013,19,21,hbo,True,S19_D21 hbo,mild_master_3,,
618,az_itd=0_az=15,7.0,6.705203142166168e-17,0.0009822093596127152,6.088207931578169e-09,5.424657342834823,0.033026441860740725,19,21,hbo,True,S19_D21 hbo,mild_master_3,-0.0070688797217729,
619,az_itd=0_az=5,7.0,6.705203142166168e-17,7.760159354779809e-05,6.207197705077291e-09,-8.203718974346561,-0.05092210559066301,19,21,hbo,True,S19_D21 hbo,mild_master_3,-0.04002470889523382,
620,az_itd=15_az=0,7.0,6.705203142166168e-17,0.6134059465082244,6.110379384221706e-09,-0.5286249660406248,-0.0032300990944795333,19,21,hbo,False,S19_D21 hbo,mild_master_3,-0.10646973256052923,
621,az_itd=5_az=0,7.0,6.705203142166168e-17,0.00015113141365015367,6.1026565845564865e-09,-7.386639859205857,-0.04507812637453003,19,21,hbo,True,S19_D21 hbo,mild_master_3,-0.10899544825149758,
622,constant,7.0,6.705203142166168e-17,0.9101069986538703,7.459792317316054e-09,-0.1170513264967872,-0.0008731785861323862,19,21,hbo,False,S19_D21 hbo,mild_master_3,,
658,Linear,7.0,9.211522605826698e-17,0.0828563873564599,9.630974743601198e-13,2.0222372365562666,1.9476115750843284e-06,20,12,hbo,False,S20_D12 hbo,mild_master_3,,
659,ShortHbO,7.0,9.211522605826698e-17,3.133575877045147e-08,0.003366731015523383,26.06049506409392,87738.67701217903,20,12,hbo,True,S20_D12 hbo,mild_master_3,,
660,az_itd=0_az=15,7.0,9.211522605826698e-17,0.012426101669794715,7.135907597287716e-09,-3.339621855229831,-0.02383123296880265,20,12,hbo,True,S20_D12 hbo,mild_master_3,-0.04475797422797126,
661,az_itd=0_az=5,7.0,9.211522605826698e-17,7.199399309032424e-05,7.2753739292945185e-09,-8.300143777879876,-0.060386649650983365,20,12,hbo,True,S20_D12 hbo,mild_master_3,-0.027527067231365936,
662,az_itd=15_az=0,7.0,9.211522605826698e-17,1.4334386811839427e-05,7.161894462246993e-09,-10.624110621587374,-0.07608875902704607,20,12,hbo,True,S20_D12 hbo,mild_master_3,-0.07590698640983268,
663,az_itd=5_az=0,7.0,9.211522605826698e-17,3.6267353346788497e-07,7.1528426714043165e-09,-18.28250307250333,-0.13077186811708236,20,12,hbo,True,S20_D12 hbo,mild_master_3,-0.047748020090122266,
664,constant,7.0,9.211522605826698e-17,0.7578001726209403,8.743523425870476e-09,0.3206991270042668,0.002804040329618017,20,12,hbo,False,S20_D12 hbo,mild_master_3,,
672,Linear,7.0,5.517121439525931e-17,0.07545849122745925,7.453509418493609e-13,2.085601485193187,1.554505031311168e-06,20,13,hbo,False,S20_D13 hbo,mild_master_3,,
673,ShortHbO,7.0,5.517121439525931e-17,4.4407754414314505e-09,0.0026055474136104932,34.51893430629652,89940.72000236141,20,13,hbo,True,S20_D13 hbo,mild_master_3,,
674,az_itd=0_az=15,7.0,5.517121439525931e-17,0.001350318761450271,5.522551548712326e-09,-5.132223342677953,-0.02834296796944368,20,13,hbo,True,S20_D13 hbo,mild_master_3,-0.016409397938705175,
675,az_itd=0_az=5,7.0,5.517121439525931e-17,4.4140859242889e-06,5.630485963125167e-09,-12.669151678291614,-0.07133348068932459,20,13,hbo,True,S20_D13 hbo,mild_master_3,0.012018699706047343,
676,az_itd=15_az=0,7.0,5.517121439525931e-17,0.00010060423130726741,5.542663048107523e-09,-7.8771293946123695,-0.04366027402067957,20,13,hbo,True,S20_D13 hbo,mild_master_3,-0.06986328227686986,
677,az_itd=5_az=0,7.0,5.517121439525931e-17,4.081506544743908e-06,5.535657775007315e-09,-12.817197770178499,-0.07095162049029502,20,13,hbo,True,S20_D13 hbo,mild_master_3,-0.03128182808279685,
678,constant,7.0,5.517121439525931e-17,0.8736856588941748,6.766701807503325e-09,0.1648973396008435,0.0011158111259295172,20,13,hbo,False,S20_D13 hbo,mild_master_3,,
686,Linear,7.0,4.1333802748959156e-17,0.371824398735049,6.45144819364962e-13,0.9540710592835457,6.155140012028211e-07,20,20,hbo,False,S20_D20 hbo,mild_master_3,,
687,ShortHbO,7.0,4.1333802748959156e-17,1.3630440442658907e-07,0.0022552536276801475,21.073317771832578,47525.676352181945,20,20,hbo,True,S20_D20 hbo,mild_master_3,,
688,az_itd=0_az=15,7.0,4.1333802748959156e-17,0.002166257380177217,4.780091258069106e-09,4.716546186085369,0.02254552119238585,20,20,hbo,True,S20_D20 hbo,mild_master_3,-0.023715204033573113,
689,az_itd=0_az=5,7.0,4.1333802748959156e-17,0.0015435438647838887,4.873514804455002e-09,-5.012423222346972,-0.024428118780302013,20,20,hbo,True,S20_D20 hbo,mild_master_3,-0.04950758220698713,
690,az_itd=15_az=0,7.0,4.1333802748959156e-17,0.008169483939261783,4.797498936675214e-09,-3.65077960586941,-0.017514611277194052,20,20,hbo,True,S20_D20 hbo,mild_master_3,-0.07485688332323781,
691,az_itd=5_az=0,7.0,4.1333802748959156e-17,4.191228212548553e-05,4.7914354632225304e-09,-9.024399394654758,-0.043239827293832744,20,20,hbo,True,S20_D20 hbo,mild_master_3,-0.05133979051290972,
692,constant,7.0,4.1333802748959156e-17,0.9229312183684157,5.856976050055874e-09,-0.10028323552946897,-0.000587356508718212,20,20,hbo,False,S20_D20 hbo,mild_master_3,,
700,Linear,7.0,2.3862733865790894e-17,0.07042223161217803,4.901902081450158e-13,2.13238034628951,1.045271965791996e-06,21,11,hbo,False,S21_D11 hbo,mild_master_3,,
701,ShortHbO,7.0,2.3862733865790894e-17,3.2510687829488538e-09,0.0017135737775287696,36.099525364987585,61859.20004667741,21,11,hbo,True,S21_D11 hbo,mild_master_3,,
702,az_itd=0_az=15,7.0,2.3862733865790894e-17,0.8601340316582731,3.6319813139808087e-09,0.18280344620202918,0.000663938700737066,21,11,hbo,False,S21_D11 hbo,mild_master_3,-0.03082204645829282,
703,az_itd=0_az=5,7.0,2.3862733865790894e-17,1.8493766423025546e-05,3.7029658530702273e-09,-10.223167441637235,-0.037856039946602,21,11,hbo,True,S21_D11 hbo,mild_master_3,-0.01980871615637161,
704,az_itd=15_az=0,7.0,2.3862733865790894e-17,0.0004300203027574402,3.6452079157345802e-09,-6.235820274036223,-0.022730861424015023,21,11,hbo,True,S21_D11 hbo,mild_master_3,-0.04764035790856962,
705,az_itd=5_az=0,7.0,2.3862733865790894e-17,3.6797947100910955e-07,3.640600802378577e-09,-18.24390378292535,-0.06641877075063558,21,11,hbo,True,S21_D11 hbo,mild_master_3,-0.03262066300890143,
706,constant,7.0,2.3862733865790894e-17,0.9760394097466323,4.450213692955508e-09,0.031124082378440124,0.00013850881758120946,21,11,hbo,False,S21_D11 hbo,mild_master_3,,
714,Linear,7.0,1.769905036534876e-17,0.008537042486056981,4.22162366223965e-13,3.6176317204479904,1.527227967231197e-06,21,12,hbo,True,S21_D12 hbo,mild_master_3,,
715,ShortHbO,7.0,1.769905036534876e-17,3.828056554319531e-09,0.0014757666485391604,35.262730727664284,52039.561944304,21,12,hbo,True,S21_D12 hbo,mild_master_3,,
716,az_itd=0_az=15,7.0,1.769905036534876e-17,0.00013163819679817018,3.1279405424960317e-09,-7.550223159111503,-0.02361664912427734,21,12,hbo,True,S21_D12 hbo,mild_master_3,-0.0355842056789353,
717,az_itd=0_az=5,7.0,1.769905036534876e-17,9.822178974529142e-08,3.1890739566062565e-09,-22.09699145801547,-0.07046893997810805,21,12,hbo,True,S21_D12 hbo,mild_master_3,-0.04185359342964451,
718,az_itd=15_az=0,7.0,1.769905036534876e-17,6.065194579513675e-07,3.1393315768347315e-09,-16.962589074991666,-0.05325119150799317,21,12,hbo,True,S21_D12 hbo,mild_master_3,-0.04947932591699254,
719,az_itd=5_az=0,7.0,1.769905036534876e-17,5.686837782355127e-08,3.13536383157276e-09,-23.91319502508553,-0.07497656677899882,21,12,hbo,True,S21_D12 hbo,mild_master_3,-0.03989753064385433,
720,constant,7.0,1.769905036534876e-17,0.6320790667292009,3.83261989244917e-09,0.5004903460594916,0.0019181892562863767,21,12,hbo,False,S21_D12 hbo,mild_master_3,,
728,Linear,7.0,1.8839784146836004e-17,0.6384530579244921,4.3555448905360156e-13,-0.49098704613738225,-2.1385161201230463e-07,21,19,hbo,False,S21_D19 hbo,mild_master_3,,
729,ShortHbO,7.0,1.8839784146836004e-17,2.002328028586231e-08,0.0015225819258029621,27.79762591794459,42324.16280289441,21,19,hbo,True,S21_D19 hbo,mild_master_3,,
730,az_itd=0_az=15,7.0,1.8839784146836004e-17,2.903424248397151e-06,3.227167208111895e-09,13.479741958249482,0.04350138122147275,21,19,hbo,True,S21_D19 hbo,mild_master_3,0.03617098906190629,
731,az_itd=0_az=5,7.0,1.8839784146836004e-17,0.00025914617070068756,3.2902399381258136e-09,6.774521939914834,0.022289802648417352,21,19,hbo,True,S21_D19 hbo,mild_master_3,0.038000275144633326,
732,az_itd=15_az=0,7.0,1.8839784146836004e-17,0.01336527737055063,3.2389195966195723e-09,3.286583161270669,0.010644978606959475,21,19,hbo,True,S21_D19 hbo,mild_master_3,0.006822861139774937,
733,az_itd=5_az=0,7.0,1.8839784146836004e-17,5.991759111648507e-05,3.2348259838332633e-09,-8.540211033844585,-0.027626096559699997,21,19,hbo,True,S21_D19 hbo,mild_master_3,-0.017207918173404724,
734,constant,7.0,1.8839784146836004e-17,0.7430768390117499,3.954200877552323e-09,-0.3410456660107526,-0.0013485630718251343,21,19,hbo,False,S21_D19 hbo,mild_master_3,,
742,Linear,7.0,5.4767472389294545e-17,0.16223902013508873,7.426187013083551e-13,-1.562086171457236,-1.1600344039793133e-06,22,10,hbo,False,S22_D10 hbo,mild_master_3,,
743,ShortHbO,7.0,5.4767472389294545e-17,5.604148733526518e-08,0.0025959962319116875,23.963828510436983,62210.00851527228,22,10,hbo,True,S22_D10 hbo,mild_master_3,,
744,az_itd=0_az=15,7.0,5.4767472389294545e-17,6.473201994469257e-06,5.502307475237692e-09,11.968018658483821,0.0658517185283597,22,10,hbo,True,S22_D10 hbo,mild_master_3,-0.04542471121758097,
745,az_itd=0_az=5,7.0,5.4767472389294545e-17,3.608876469305003e-07,5.609846233368009e-09,18.29563996475693,0.10263572694334888,22,10,hbo,True,S22_D10 hbo,mild_master_3,0.04095550890252873,
746,az_itd=15_az=0,7.0,5.4767472389294545e-17,7.717149843988855e-06,5.522345251704665e-09,11.658231448196373,0.06438077908122124,22,10,hbo,True,S22_D10 hbo,mild_master_3,0.009397962768444193,
747,az_itd=5_az=0,7.0,5.4767472389294545e-17,0.1544131594829067,5.515365657905429e-09,-1.596477619631919,-0.008805157836932491,22,10,hbo,False,S22_D10 hbo,mild_master_3,-0.06493784269858399,
748,constant,7.0,5.4767472389294545e-17,0.6219826221457283,6.741897039749917e-09,-0.5156468148107907,-0.003476437734329343,22,10,hbo,False,S22_D10 hbo,mild_master_3,,
756,Linear,7.0,3.0260094673287616e-17,0.5440267403193941,5.5200075796325e-13,0.6375853904459672,3.5194761879246853e-07,22,11,hbo,False,S22_D11 hbo,mild_master_3,,
757,ShortHbO,7.0,3.0260094673287616e-17,8.12022315881831e-09,0.001929646917267676,31.651903523837294,61076.99806042653,22,11,hbo,True,S22_D11 hbo,mild_master_3,,
758,az_itd=0_az=15,7.0,3.0260094673287616e-17,2.737471708601443e-05,4.089956112776244e-09,9.632187692471518,0.03939522493223199,22,11,hbo,True,S22_D11 hbo,mild_master_3,-0.007900020421743214,
759,az_itd=0_az=5,7.0,3.0260094673287616e-17,0.0007179027659135788,4.169891449569914e-09,-5.723260636274312,-0.02386537559086032,22,11,hbo,True,S22_D11 hbo,mild_master_3,-0.05219852324914099,
760,az_itd=15_az=0,7.0,3.0260094673287616e-17,0.6004088051559267,4.104850523296986e-09,0.5484812892961531,0.0022514337073859195,22,11,hbo,False,S22_D11 hbo,mild_master_3,-0.05071524204189452,
761,az_itd=5_az=0,7.0,3.0260094673287616e-17,5.326310530309151e-05,4.0996624758364705e-09,-8.697197774004653,-0.035655575359015354,22,11,hbo,True,S22_D11 hbo,mild_master_3,-0.021406719394090636,
762,constant,7.0,3.0260094673287616e-17,0.788172510390987,5.011363529487613e-09,-0.2791834603663401,-0.0013990898113160274,22,11,hbo,False,S22_D11 hbo,mild_master_3,,
770,Linear,7.0,1.6808890977715237e-17,0.39690897003954484,4.114092604353586e-13,0.9022453277313486,3.711920830132119e-07,22,12,hbo,False,S22_D12 hbo,mild_master_3,,
771,ShortHbO,7.0,1.6808890977715237e-17,2.558137004911051e-08,0.0014381766685677578,26.833828530598268,38591.78612105427,22,12,hbo,True,S22_D12 hbo,mild_master_3,,
772,az_itd=0_az=15,7.0,1.6808890977715237e-17,6.046894637789939e-05,3.048267226622852e-09,8.528097813233185,0.025995921069512727,22,12,hbo,True,S22_D12 hbo,mild_master_3,0.007751951817984038,
773,az_itd=0_az=5,7.0,1.6808890977715237e-17,0.0007588713293402812,3.1078434813988006e-09,-5.669599599605226,-0.01762022815777435,22,12,hbo,True,S22_D12 hbo,mild_master_3,-0.019486926084660416,
774,az_itd=15_az=0,7.0,1.6808890977715237e-17,0.00514632203403607,3.059368114309255e-09,-4.006628859307297,-0.012257752578036006,22,12,hbo,True,S22_D12 hbo,mild_master_3,-0.024256453149889882,
775,az_itd=5_az=0,7.0,1.6808890977715237e-17,1.9384024948318865e-05,3.0555014334432547e-09,-10.150669460147967,-0.03101538508589078,22,12,hbo,True,S22_D12 hbo,mild_master_3,-0.022156620052517846,
776,constant,7.0,1.6808890977715237e-17,0.956940527888057,3.734997341392216e-09,-0.05595598362548204,-0.0002089954500761618,22,12,hbo,False,S22_D12 hbo,mild_master_3,,
784,Linear,7.0,3.793031011516508e-17,0.9607782395849562,6.1801316926234e-13,0.05096368119978788,3.149622613555644e-08,22,19,hbo,False,S22_D19 hbo,mild_master_3,,
785,ShortHbO,7.0,3.793031011516508e-17,5.761069284818662e-08,0.0021604086401948307,23.86845102662948,51565.607825997504,22,19,hbo,True,S22_D19 hbo,mild_master_3,,
786,az_itd=0_az=15,7.0,3.793031011516508e-17,8.524690441436744e-05,4.57906389246119e-09,8.08424057452075,0.03701825411275768,22,19,hbo,True,S22_D19 hbo,mild_master_3,0.012729208519413279,
787,az_itd=0_az=5,7.0,3.793031011516508e-17,1.4120489713926835e-05,4.668558499334896e-09,10.648204154844278,0.04971176400975141,22,19,hbo,True,S22_D19 hbo,mild_master_3,0.08015223316044862,
788,az_itd=15_az=0,7.0,3.793031011516508e-17,0.05945666320883063,4.595739488857438e-09,-2.2470456912965937,-0.010326836616758716,22,19,hbo,False,S22_D19 hbo,mild_master_3,-0.008599204042894376,
789,az_itd=5_az=0,7.0,3.793031011516508e-17,1.3674859573902863e-05,4.589931015577099e-09,-10.699758639918464,-0.0491111540405508,22,19,hbo,True,S22_D19 hbo,mild_master_3,-0.0526751461475851,
790,constant,7.0,3.793031011516508e-17,0.8606260879772107,5.6106601530980815e-09,-0.18215215128035425,-0.0010219938169897774,22,19,hbo,False,S22_D19 hbo,mild_master_3,,
840,Linear,7.0,8.803999026840796e-16,0.7104304035039162,2.977450333387055e-12,0.3867486934876543,1.1515250263618242e-06,23,9,hbo,False,S23_D9 hbo,mild_master_3,,
841,ShortHbO,7.0,8.803999026840796e-16,1.5469298565060768e-06,0.010408369507203561,14.789767808562697,153937.36827726482,23,9,hbo,True,S23_D9 hbo,mild_master_3,,
842,az_itd=0_az=15,7.0,8.803999026840796e-16,0.0013622133376357177,2.2060913895221115e-08,-5.124312812648111,-0.11304702373200833,23,9,hbo,True,S23_D9 hbo,mild_master_3,-0.17514261956862046,
843,az_itd=0_az=5,7.0,8.803999026840796e-16,3.676331520424434e-08,2.2492079055326865e-08,25.467082284933166,0.5728076280612311,23,9,hbo,True,S23_D9 hbo,mild_master_3,0.4050478285670683,
844,az_itd=15_az=0,7.0,8.803999026840796e-16,0.02127800676404728,2.2141253218910124e-08,-2.954251331710693,-0.06541082680770889,23,9,hbo,True,S23_D9 hbo,mild_master_3,0.34940803252776803,
845,az_itd=5_az=0,7.0,8.803999026840796e-16,0.13444893601553323,2.211326928334827e-08,-1.6921759820953401,-0.03741954316688858,23,9,hbo,False,S23_D9 hbo,mild_master_3,-0.07256122564337845,
846,constant,7.0,8.803999026840796e-16,0.168928766539744,2.703091580281853e-08,-1.5338805211163797,-0.04146219521788027,23,9,hbo,False,S23_D9 hbo,mild_master_3,,
798,Linear,7.0,1.8221374019587883e-17,0.13306525618224618,4.283463733169181e-13,1.699294679691726,7.278867132426848e-07,23,10,hbo,False,S23_D10 hbo,mild_master_3,,
799,ShortHbO,7.0,1.8221374019587883e-17,1.0720200389917366e-07,0.0014973842823034838,21.81902413613957,32671.46379665574,23,10,hbo,True,S23_D10 hbo,mild_master_3,,
800,az_itd=0_az=15,7.0,1.8221374019587883e-17,0.003351945579987526,3.173759895542933e-09,-4.350710688032024,-0.013808111098786038,23,10,hbo,True,S23_D10 hbo,mild_master_3,-0.02482903131600924,
801,az_itd=0_az=5,7.0,1.8221374019587883e-17,0.042775212275798745,3.2357888169193682e-09,-2.470921211511441,-0.007995379223697576,23,10,hbo,True,S23_D10 hbo,mild_master_3,0.01128492605412449,
802,az_itd=15_az=0,7.0,1.8221374019587883e-17,1.965485113686811e-05,3.1853177904139363e-09,-10.129361746721912,-0.03226523617737169,23,10,hbo,True,S23_D10 hbo,mild_master_3,-0.020237282114715018,
803,az_itd=5_az=0,7.0,1.8221374019587883e-17,1.670808422526567e-06,3.1812919239957317e-09,-14.623280719543798,-0.046520924855407174,23,10,hbo,True,S23_D10 hbo,mild_master_3,-0.03686794294226032,
804,constant,7.0,1.8221374019587883e-17,0.8702878242907987,3.888761676975091e-09,0.1693810800349648,0.0006586826528446218,23,10,hbo,False,S23_D10 hbo,mild_master_3,,
812,Linear,7.0,2.2966390097564724e-17,0.10641717774229614,4.808957085385289e-13,-1.8522370115987625,-8.907328300740743e-07,23,11,hbo,False,S23_D11 hbo,mild_master_3,,
813,ShortHbO,7.0,2.2966390097564724e-17,1.079533830582572e-07,0.0016810826944016748,21.796979947550177,36642.52578004693,23,11,hbo,True,S23_D11 hbo,mild_master_3,,
814,az_itd=0_az=15,7.0,2.2966390097564724e-17,1.5320964277151795e-07,3.5631152935408896e-09,20.719341377019674,0.07382540213255337,23,11,hbo,True,S23_D11 hbo,mild_master_3,0.035928915615244965,
815,az_itd=0_az=5,7.0,2.2966390097564724e-17,9.496711716261772e-07,3.632753894340089e-09,15.886657520762327,0.0577123169765966,23,11,hbo,True,S23_D11 hbo,mild_master_3,0.059152338804343646,
816,az_itd=15_az=0,7.0,2.2966390097564724e-17,0.0002680764246920422,3.5760911056159754e-09,6.737425684149527,0.024093648063835748,23,11,hbo,True,S23_D11 hbo,mild_master_3,0.0163437700413999,
817,az_itd=5_az=0,7.0,2.2966390097564724e-17,0.3456718884779921,3.5715713477651684e-09,-1.0110161456192333,-0.0036109162978216302,23,11,hbo,False,S23_D11 hbo,mild_master_3,-0.03845101997419638,
818,constant,7.0,2.2966390097564724e-17,0.5734073464397587,4.3658331632536145e-09,-0.5905156751968725,-0.002578092918195606,23,11,hbo,False,S23_D11 hbo,mild_master_3,,
826,Linear,7.0,3.663635172746465e-17,0.3288956026467803,6.073802175008404e-13,1.0493362418354322,6.373460747975192e-07,23,19,hbo,False,S23_D19 hbo,mild_master_3,,
827,ShortHbO,7.0,3.663635172746465e-17,2.5302468004187176e-07,0.0021232386865452386,19.264859829609264,40903.8956810977,23,19,hbo,True,S23_D19 hbo,mild_master_3,,
828,az_itd=0_az=15,7.0,3.663635172746465e-17,0.0017315064611596162,4.50028083749898e-09,-4.910887954323543,-0.022100374955946807,23,19,hbo,True,S23_D19 hbo,mild_master_3,-0.052942659927023454,
829,az_itd=0_az=5,7.0,3.663635172746465e-17,0.06809123239236878,4.5882356845663725e-09,2.1551759043438454,0.009888454990828034,23,19,hbo,False,S23_D19 hbo,mild_master_3,0.058628167230514366,
830,az_itd=15_az=0,7.0,3.663635172746465e-17,8.5900793342535e-05,4.516669529309866e-09,-8.074588332043332,-0.03647024708106109,23,19,hbo,True,S23_D19 hbo,mild_master_3,-0.05694085425130038,
831,az_itd=5_az=0,7.0,3.663635172746465e-17,0.00021278292457337366,4.510960991143e-09,-6.993488398042578,-0.03154735335558122,23,19,hbo,True,S23_D19 hbo,mild_master_3,-0.023413295428921656,
832,constant,7.0,3.663635172746465e-17,0.9695669346289425,5.514128425741418e-09,0.03953610648695068,0.00021800716862283443,23,19,hbo,False,S23_D19 hbo,mild_master_3,,
868,Linear,7.0,2.174173963986039e-17,0.9599264464551189,4.678985272308032e-13,-0.05207160937670533,-2.4364229337898108e-08,24,9,hbo,False,S24_D9 hbo,mild_master_3,,
869,ShortHbO,7.0,2.174173963986039e-17,1.6859824615413626e-07,0.0016356480269998383,20.43387192924658,33422.62230503955,24,9,hbo,True,S24_D9 hbo,mild_master_3,,
870,az_itd=0_az=15,7.0,2.174173963986039e-17,0.7901555287826386,3.466814880232521e-09,-0.27649255747513013,-0.0009585485125283267,24,9,hbo,False,S24_D9 hbo,mild_master_3,0.005047790398567715,
871,az_itd=0_az=5,7.0,2.174173963986039e-17,0.002943891116162471,3.5345713566863934e-09,4.457786339898751,0.015756363911234004,24,9,hbo,True,S24_D9 hbo,mild_master_3,0.05936687772583691,
872,az_itd=15_az=0,7.0,2.174173963986039e-17,0.2956738623643207,3.4794399946840673e-09,1.130077258041758,0.003932036008713399,24,9,hbo,False,S24_D9 hbo,mild_master_3,-0.002086609029357548,
873,az_itd=5_az=0,7.0,2.174173963986039e-17,0.003050384666457547,3.4750423924508106e-09,-4.428334211991518,-0.015388649114610778,24,9,hbo,True,S24_D9 hbo,mild_master_3,-0.0186243038659288,
874,constant,7.0,2.174173963986039e-17,0.9101411057363991,4.24783767239233e-09,0.11700668291508955,0.0004970253956083813,24,9,hbo,False,S24_D9 hbo,mild_master_3,,
854,Linear,7.0,2.1947485209038702e-17,0.9513795380487646,4.701072136487962e-13,-0.06319288495672008,-2.9707431069432605e-08,24,10,hbo,False,S24_D10 hbo,mild_master_3,,
855,ShortHbO,7.0,2.1947485209038702e-17,5.920950790705842e-07,0.001643369003603959,17.022274035417652,27973.877520657843,24,10,hbo,True,S24_D10 hbo,mild_master_3,,
856,az_itd=0_az=15,7.0,2.1947485209038702e-17,0.040642078762131204,3.483179768117471e-09,2.5058634375291122,0.008728372827266703,24,10,hbo,True,S24_D10 hbo,mild_master_3,0.00466051805123867,
857,az_itd=0_az=5,7.0,2.1947485209038702e-17,1.3672417873138856e-05,3.5512560848797977e-09,10.700046347620596,0.037998604700483496,24,10,hbo,True,S24_D10 hbo,mild_master_3,0.08663944791812209,
858,az_itd=15_az=0,7.0,2.1947485209038702e-17,0.019514830437273832,3.495864478650629e-09,-3.0153219935748994,-0.01054115704903249,24,10,hbo,True,S24_D10 hbo,mild_master_3,-0.00786581740979422,
859,az_itd=5_az=0,7.0,2.1947485209038702e-17,0.00046973936373699885,3.491446117804641e-09,-6.145208539503103,-0.021455664498348036,24,10,hbo,True,S24_D10 hbo,mild_master_3,-0.005462060763718198,
860,constant,7.0,2.1947485209038702e-17,0.9694865998572879,4.267889330661867e-09,-0.03964053314438464,-0.00016918140846866733,24,10,hbo,False,S24_D10 hbo,mild_master_3,,
637,Linear,7.0,8.139440476349088e-19,0.033661661280713365,9.053193618189351e-14,-2.635111682172121,-2.3856176264256854e-07,1,7,hbr,True,S1_D7 hbr,mild_master_3,,
638,ShortHbO,7.0,8.139440476349088e-19,0.053396957382341334,0.0003164754197299404,2.3199681685714686,734.2128999087566,1,7,hbr,False,S1_D7 hbr,mild_master_3,,
639,az_itd=0_az=15,7.0,8.139440476349088e-19,3.169308411945088e-05,6.707810459442437e-10,9.419288510039495,0.006318280198814889,1,7,hbr,True,S1_D7 hbr,mild_master_3,,0.0040985680093043675
640,az_itd=0_az=5,7.0,8.139440476349088e-19,2.647912952860283e-07,6.838909931768968e-10,19.138073766174465,0.013088356275441769,1,7,hbr,True,S1_D7 hbr,mild_master_3,,0.006185742628043333
641,az_itd=15_az=0,7.0,8.139440476349088e-19,0.00028615895696002956,6.732238321239332e-10,6.6663912236208365,0.004487973446003376,1,7,hbr,True,S1_D7 hbr,mild_master_3,,-0.002150111256962552
642,az_itd=5_az=0,7.0,8.139440476349088e-19,9.087139378769392e-07,6.72372956514021e-10,15.989486505988673,0.010750898315172647,1,7,hbr,True,S1_D7 hbr,mild_master_3,,0.009668698075704325
643,constant,7.0,8.139440476349088e-19,0.7481190344803481,8.218982251217233e-10,-0.3340603098323464,-0.0002745635757348185,1,7,hbr,False,S1_D7 hbr,mild_master_3,,
651,Linear,7.0,9.413154836384437e-19,0.08261063099706524,9.735810992308034e-14,-2.024250535240086,-1.9707720612175854e-07,1,8,hbr,False,S1_D8 hbr,mild_master_3,,
652,ShortHbO,7.0,9.413154836384437e-19,0.908634168731406,0.00034033789623272027,-0.11897940429531297,-40.493200152889095,1,8,hbr,False,S1_D8 hbr,mild_master_3,,
653,az_itd=0_az=15,7.0,9.413154836384437e-19,1.334301776277909e-07,7.213584239946892e-10,21.13847341659205,0.015248415869446473,1,8,hbr,True,S1_D8 hbr,mild_master_3,,0.004329097832142634
654,az_itd=0_az=5,7.0,9.413154836384437e-19,1.1521762749606504e-05,7.354568707703995e-10,10.979009476161991,0.008074587953496661,1,8,hbr,True,S1_D8 hbr,mild_master_3,,0.008443650561587088
655,az_itd=15_az=0,7.0,9.413154836384437e-19,4.60705000465421e-05,7.239853980265156e-10,8.894019204380633,0.006439140033738987,1,8,hbr,True,S1_D8 hbr,mild_master_3,,-0.001524864119239654
656,az_itd=5_az=0,7.0,9.413154836384437e-19,8.879514205927335e-05,7.230703657776276e-10,8.032838580598419,0.005808307530705937,1,8,hbr,True,S1_D8 hbr,mild_master_3,,0.013616550014457109
657,constant,7.0,9.413154836384437e-19,0.4856824600304269,8.83869948238102e-10,-0.7359550259745643,-0.0006504885307137092,1,8,hbr,False,S1_D8 hbr,mild_master_3,,
889,Linear,7.0,2.364656268866135e-18,0.16688755788205736,1.5430803565655233e-13,1.5423762215154138,2.3800104498541893e-07,2,6,hbr,False,S2_D6 hbr,mild_master_3,,
890,ShortHbO,7.0,2.364656268866135e-18,0.00385382634089758,0.0005394195950254846,-4.237159314519856,-2285.60676149676,2,6,hbr,True,S2_D6 hbr,mild_master_3,,
891,az_itd=0_az=15,7.0,2.364656268866135e-18,0.11190478715134126,1.1433192519747007e-09,-1.8179460683973638,-0.002078492739050422,2,6,hbr,False,S2_D6 hbr,mild_master_3,,-0.011540200295526786
892,az_itd=0_az=5,7.0,2.364656268866135e-18,6.322581326218366e-05,1.1656646285384722e-09,-8.469347204378424,-0.009872418462955125,2,6,hbr,True,S2_D6 hbr,mild_master_3,,-0.017323315053498396
893,az_itd=15_az=0,7.0,2.364656268866135e-18,8.30948874063719e-06,1.1474828825432498e-09,-11.53010023983406,-0.013230592659217402,2,6,hbr,True,S2_D6 hbr,mild_master_3,,-0.020228909664957096
894,az_itd=5_az=0,7.0,2.364656268866135e-18,7.44088726359629e-06,1.1460325993670474e-09,-11.721870661621493,-0.01343364590378241,2,6,hbr,True,S2_D6 hbr,mild_master_3,,-0.009547739107235767
895,constant,7.0,2.364656268866135e-18,0.652809713063042,1.4008923919767576e-09,0.4697584404442289,0.0006580810252851871,2,6,hbr,False,S2_D6 hbr,mild_master_3,,
903,Linear,7.0,9.294099154822363e-18,0.22191659105036216,3.0592022046915066e-13,1.3406190605975425,4.101224785831458e-07,2,8,hbr,False,S2_D8 hbr,mild_master_3,,
904,ShortHbO,7.0,9.294099154822363e-18,0.00018264910337173734,0.0010694152169940414,7.1668745119865,7664.364661405108,2,8,hbr,True,S2_D8 hbr,mild_master_3,,
905,az_itd=0_az=15,7.0,9.294099154822363e-18,1.5285070838800133e-07,2.2666640537710256e-09,-20.726385520607998,-0.046979753024162414,2,8,hbr,True,S2_D8 hbr,mild_master_3,,-0.04500363253216896
906,az_itd=0_az=5,7.0,9.294099154822363e-18,0.19808924781580498,2.31096442021513e-09,1.4217402565405677,0.0032855911476527833,2,8,hbr,False,S2_D8 hbr,mild_master_3,,0.02159008307362477
907,az_itd=15_az=0,7.0,9.294099154822363e-18,0.033221044117860234,2.2749185738682004e-09,-2.6441833936027104,-0.0060153019148206565,2,8,hbr,True,S2_D8 hbr,mild_master_3,,0.00014258349247334327
908,az_itd=5_az=0,7.0,9.294099154822363e-18,0.0010298219897095034,2.2720433448036946e-09,5.380495808995396,0.01222471969457216,2,8,hbr,True,S2_D8 hbr,mild_master_3,,0.010784573678629167
909,constant,7.0,9.294099154822363e-18,0.7885420623508369,2.777310381689689e-09,-0.27868181563253774,-0.0007739858997443791,2,8,hbr,False,S2_D8 hbr,mild_master_3,,
917,Linear,7.0,2.4422953684938237e-18,0.006610664107940366,1.5682078583226647e-13,-3.812001848689158,-5.978011255054863e-07,3,5,hbr,True,S3_D5 hbr,mild_master_3,,
918,ShortHbO,7.0,2.4422953684938237e-18,5.557600587050168e-05,0.0005482034971496794,-8.640234321526288,-4736.606671253398,3,5,hbr,True,S3_D5 hbr,mild_master_3,,
919,az_itd=0_az=15,7.0,2.4422953684938237e-18,1.222189298641993e-06,1.1619370487671569e-09,15.310201338338617,0.017789490159100148,3,5,hbr,True,S3_D5 hbr,mild_master_3,,0.01651255991461861
920,az_itd=0_az=5,7.0,2.4422953684938237e-18,7.345106481001714e-08,1.1846462971710962e-09,23.045344519511055,0.027300582052070987,3,5,hbr,True,S3_D5 hbr,mild_master_3,,0.006941818580612084
921,az_itd=15_az=0,7.0,2.4422953684938237e-18,3.074223780259921e-07,1.16616847984524e-09,18.727336908273763,0.02183923001387127,3,5,hbr,True,S3_D5 hbr,mild_master_3,,-0.0017464040084129123
922,az_itd=5_az=0,7.0,2.4422953684938237e-18,3.37645743613223e-05,1.1646945802754368e-09,9.328542653172649,0.010864903070018427,3,5,hbr,True,S3_D5 hbr,mild_master_3,,-0.008003776750489322
923,constant,7.0,2.4422953684938237e-18,0.9912784192221039,1.4237045066480309e-09,-0.011327256629223036,-1.612666631098362e-05,3,5,hbr,False,S3_D5 hbr,mild_master_3,,
931,Linear,7.0,3.292028201269088e-18,0.0630517568537556,1.820691255319513e-13,-2.207259559413294,-4.018738178044185e-07,3,6,hbr,False,S3_D6 hbr,mild_master_3,,
932,ShortHbO,7.0,3.292028201269088e-18,0.0006518701162591426,0.0006364649354987687,5.817391177647302,3702.565500652396,3,6,hbr,True,S3_D6 hbr,mild_master_3,,
933,az_itd=0_az=15,7.0,3.292028201269088e-18,1.098934994387934e-05,1.3490103449582684e-09,11.057274839217856,0.014916378145151662,3,6,hbr,True,S3_D6 hbr,mild_master_3,,0.021199959909928213
934,az_itd=0_az=5,7.0,3.292028201269088e-18,9.294311278106741e-06,1.3753758103297752e-09,11.338482608816351,0.015594674706010852,3,6,hbr,True,S3_D6 hbr,mild_master_3,,0.01852067246815125
935,az_itd=15_az=0,7.0,3.292028201269088e-18,2.4412763917451127e-06,1.3539230416524384e-09,13.829155135638075,0.018723611784726542,3,6,hbr,True,S3_D6 hbr,mild_master_3,,0.024567074685702253
936,az_itd=5_az=0,7.0,3.292028201269088e-18,0.051007463681278654,1.3522118424362644e-09,-2.3510652140805353,-0.0031791382248196514,3,6,hbr,False,S3_D6 hbr,mild_master_3,,-0.006166464072458713
937,constant,7.0,3.292028201269088e-18,0.9206304941005826,1.6529226860178834e-09,0.10328898584079926,0.00017072870791203705,3,6,hbr,False,S3_D6 hbr,mild_master_3,,
945,Linear,7.0,1.428787912326523e-18,0.0010357731748090388,1.1994673106485865e-13,-5.375136379946044,-6.447300378023261e-07,3,7,hbr,True,S3_D7 hbr,mild_master_3,,
946,ShortHbO,7.0,1.428787912326523e-18,0.0024739230521351957,0.00041930167032678026,-4.603497154310641,-1930.2540461470312,3,7,hbr,True,S3_D7 hbr,mild_master_3,,
947,az_itd=0_az=15,7.0,1.428787912326523e-18,1.9155143553107823e-07,8.887249860604494e-10,20.05911304301057,0.017827034959534544,3,7,hbr,True,S3_D7 hbr,mild_master_3,,0.015350557384538898
948,az_itd=0_az=5,7.0,1.428787912326523e-18,3.54847411339223e-09,9.060944954436368e-10,35.64876285252493,0.03230114779004844,3,7,hbr,True,S3_D7 hbr,mild_master_3,,0.023894804327817994
949,az_itd=15_az=0,7.0,1.428787912326523e-18,1.5197096493941378e-08,8.919614596111252e-10,28.923491239475126,0.025798639463011825,3,7,hbr,True,S3_D7 hbr,mild_master_3,,0.010327783410503557
950,az_itd=5_az=0,7.0,1.428787912326523e-18,6.171967294016686e-07,8.908341254100016e-10,16.919441488557112,0.015072415860884472,3,7,hbr,True,S3_D7 hbr,mild_master_3,,0.0036156477682764876
951,constant,7.0,1.428787912326523e-18,0.5516440279915162,1.0889417539164143e-09,-0.6252388363708962,-0.0006808486750943817,3,7,hbr,False,S3_D7 hbr,mild_master_3,,
959,Linear,7.0,8.957970921521211e-19,0.0014979191012602668,9.497501198239647e-14,-5.039146072935176,-4.785929586580644e-07,4,2,hbr,True,S4_D2 hbr,mild_master_3,,
960,ShortHbO,7.0,8.957970921521211e-19,7.628243609573303e-08,0.00033200722362322047,22.919701510618683,7609.506464813441,4,2,hbr,True,S4_D2 hbr,mild_master_3,,
961,az_itd=0_az=15,7.0,8.957970921521211e-19,4.5857292315973285e-08,7.037012634759107e-10,24.66778130086416,0.017358748868565553,4,2,hbr,True,S4_D2 hbr,mild_master_3,,0.01286876491296469
962,az_itd=0_az=5,7.0,8.957970921521211e-19,2.248447901559631e-08,7.174546133767476e-10,27.337345732206845,0.019613304813046944,4,2,hbr,True,S4_D2 hbr,mild_master_3,,0.008756023947221709
963,az_itd=15_az=0,7.0,8.957970921521211e-19,2.4463784496534887e-08,7.062639353513947e-10,27.007094623935107,0.019074136931507904,4,2,hbr,True,S4_D2 hbr,mild_master_3,,0.008376263826582547
964,az_itd=5_az=0,7.0,8.957970921521211e-19,6.393558777864839e-07,7.053713009435259e-10,16.83254875382777,0.01187319681268282,4,2,hbr,True,S4_D2 hbr,mild_master_3,,-0.0018971402296841672
965,constant,7.0,8.957970921521211e-19,0.7771617970865066,8.62234887171872e-10,-0.2941670121167881,-0.0002536410605022055,4,2,hbr,False,S4_D2 hbr,mild_master_3,,
973,Linear,7.0,6.51732757757603e-19,0.7387322411098187,8.101012606280632e-14,0.3470796119822928,2.8116963120515445e-08,4,3,hbr,False,S4_D3 hbr,mild_master_3,,
974,ShortHbO,7.0,6.51732757757603e-19,2.1093168763923195e-06,0.00028318971988615865,14.13029893009496,4001.555395921279,4,3,hbr,True,S4_D3 hbr,mild_master_3,,
975,az_itd=0_az=15,7.0,6.51732757757603e-19,0.10379590966138888,6.002308067653184e-10,1.869224960280757,0.001121966405935189,4,3,hbr,False,S4_D3 hbr,mild_master_3,,-0.0035450732435938484
976,az_itd=0_az=5,7.0,6.51732757757603e-19,0.00014101186091781113,6.119618988283463e-10,-7.468379037684376,-0.004570363417071149,4,3,hbr,True,S4_D3 hbr,mild_master_3,,-0.009076490053164337
977,az_itd=15_az=0,7.0,6.51732757757603e-19,6.834636142373691e-05,6.024166698397978e-10,-8.367541434437575,-0.005040746445680408,4,3,hbr,True,S4_D3 hbr,mild_master_3,,-0.00694589248211584
978,az_itd=5_az=0,7.0,6.51732757757603e-19,0.038318957565364534,6.016552861410745e-10,2.546139372570452,0.0015318982127589312,4,3,hbr,True,S4_D3 hbr,mild_master_3,,-0.008616651962364549
979,constant,7.0,6.51732757757603e-19,0.7129634270341163,7.354540467811631e-10,0.38317142472037236,0.00028180497492150163,4,3,hbr,False,S4_D3 hbr,mild_master_3,,
987,Linear,7.0,3.100594290993117e-18,0.014951114499295886,1.7669611644330331e-13,-3.205503009896077,-5.663999330959565e-07,4,4,hbr,True,S4_D4 hbr,mild_master_3,,
988,ShortHbO,7.0,3.100594290993117e-18,0.0003023739520202567,0.0006176823337092055,-6.606856264156362,-4080.938395725385,4,4,hbr,True,S4_D4 hbr,mild_master_3,,
989,az_itd=0_az=15,7.0,3.100594290993117e-18,8.27902065392342e-06,1.3091999442493963e-09,11.536434347076439,0.015103499204029293,4,4,hbr,True,S4_D4 hbr,mild_master_3,,0.001252322666043404
990,az_itd=0_az=5,7.0,3.100594290993117e-18,7.219197528018837e-07,1.3347873431329489e-09,16.536615788604887,0.022072865452882295,4,4,hbr,True,S4_D4 hbr,mild_master_3,,0.0031951997477108383
991,az_itd=15_az=0,7.0,3.100594290993117e-18,3.3017410764683e-06,1.3139676632384755e-09,13.225987350258983,0.017378519692641432,4,4,hbr,True,S4_D4 hbr,mild_master_3,,-0.013987473636384971
992,az_itd=5_az=0,7.0,3.100594290993117e-18,4.9450937427042866e-06,1.3123069629133906e-09,12.457276325107081,0.016347770460374157,4,4,hbr,True,S4_D4 hbr,mild_master_3,,-0.014264383018884302
993,constant,7.0,3.100594290993117e-18,0.9497794943791105,1.604143583087288e-09,-0.06527581410386832,-0.00010471177832551906,4,4,hbr,False,S4_D4 hbr,mild_master_3,,
1001,Linear,7.0,9.308558592736337e-19,0.381766050691823,9.681569138867948e-14,0.9332263228135882,9.035095166531252e-08,5,1,hbr,False,S5_D1 hbr,mild_master_3,,
1002,ShortHbO,7.0,9.308558592736337e-19,0.0008929698551494694,0.0003384417462045256,-5.5142490816557945,-1866.2520882022889,5,1,hbr,True,S5_D1 hbr,mild_master_3,,
1003,az_itd=0_az=15,7.0,9.308558592736337e-19,1.4653542944289842e-05,7.173394657442665e-10,-10.588909165688849,-0.007595842443729807,5,1,hbr,True,S5_D1 hbr,mild_master_3,,-0.009055291121209562
1004,az_itd=0_az=5,7.0,9.308558592736337e-19,0.02958490987790183,7.313593647868352e-10,-2.7242140578117926,-0.001992379462864599,5,1,hbr,True,S5_D1 hbr,mild_master_3,,0.0006894736677457833
1005,az_itd=15_az=0,7.0,9.308558592736337e-19,1.8618938547907968e-05,7.199518039187886e-10,-10.212737637199016,-0.007352678884850738,5,1,hbr,True,S5_D1 hbr,mild_master_3,,-0.008266441971402144
1006,az_itd=5_az=0,7.0,9.308558592736337e-19,0.0010158455859557288,7.190418696576467e-10,-5.393219329353697,-0.003877950510052242,5,1,hbr,True,S5_D1 hbr,mild_master_3,,-0.01798391051097956
1007,constant,7.0,9.308558592736337e-19,0.6854674649797121,8.789455773530976e-10,0.42231003748138696,0.000371187539716086,5,1,hbr,False,S5_D1 hbr,mild_master_3,,
1015,Linear,7.0,9.668258052796025e-19,0.007440016214654439,9.866852809965225e-14,-3.7216400438494746,-3.6720874524335295e-07,5,2,hbr,True,S5_D2 hbr,mild_master_3,,
1016,ShortHbO,7.0,9.668258052796025e-19,0.020992032974094844,0.00034491876746935336,-2.9637838883030403,-1022.2646857990123,5,2,hbr,True,S5_D2 hbr,mild_master_3,,
1017,az_itd=0_az=15,7.0,9.668258052796025e-19,6.140206200586812e-08,7.310677455023966e-10,23.649743317488543,0.017289564528826722,5,2,hbr,True,S5_D2 hbr,mild_master_3,,0.01649466948043111
1018,az_itd=0_az=5,7.0,9.668258052796025e-19,4.886437682646011e-08,7.453559541883465e-10,24.44268444257352,0.018218500385619035,5,2,hbr,True,S5_D2 hbr,mild_master_3,,0.011326810715623322
1019,az_itd=15_az=0,7.0,9.668258052796025e-19,5.562469483038595e-07,7.337300780115332e-10,17.178082467751636,0.012604075789151958,5,2,hbr,True,S5_D2 hbr,mild_master_3,,0.011824096324712804
1020,az_itd=5_az=0,7.0,9.668258052796025e-19,2.740341976273212e-05,7.328027296351852e-10,9.630649720272931,0.007057366403176337,5,2,hbr,True,S5_D2 hbr,mild_master_3,,-0.007999385693833976
1021,constant,7.0,9.668258052796025e-19,0.5424486052483872,8.957666381678056e-10,-0.6401564460907672,-0.0005734307876161767,5,2,hbr,False,S5_D2 hbr,mild_master_3,,
1029,Linear,7.0,1.3310564501498532e-18,0.04857716151913073,1.15771795820276e-13,-2.3842567716639627,-2.7602968815219075e-07,5,3,hbr,True,S5_D3 hbr,mild_master_3,,
1030,ShortHbO,7.0,1.3310564501498532e-18,0.00042222473501107,0.0004047072140542448,-6.254705508696224,-2531.3244411541873,5,3,hbr,True,S5_D3 hbr,mild_master_3,,
1031,az_itd=0_az=15,7.0,1.3310564501498532e-18,5.223124315473537e-07,8.57791510557572e-10,17.33650032789082,0.014871102804043312,5,3,hbr,True,S5_D3 hbr,mild_master_3,,0.006824450188665718
1032,az_itd=0_az=5,7.0,1.3310564501498532e-18,2.4777662388902274e-07,8.745564467584711e-10,19.323594532647974,0.01689957417307403,5,3,hbr,True,S5_D3 hbr,mild_master_3,,0.01008557606765834
1033,az_itd=15_az=0,7.0,1.3310564501498532e-18,0.0012301659509750711,8.609153335393251e-10,5.2167607372371725,0.004491189310093396,5,3,hbr,True,S5_D3 hbr,mild_master_3,,-0.006906427184998269
1034,az_itd=5_az=0,7.0,1.3310564501498532e-18,0.0889797202554904,8.59827237983948e-10,1.9738889624242373,0.0016972034946482325,5,3,hbr,False,S5_D3 hbr,mild_master_3,,-0.012858301960194827
1035,constant,7.0,1.3310564501498532e-18,0.745454584521442,1.051039417876385e-09,-0.33774927684406236,-0.0003549878033223533,5,3,hbr,False,S5_D3 hbr,mild_master_3,,
1043,Linear,7.0,1.2072925754162775e-17,0.7362414570974285,3.4866696206679963e-13,0.350545307826897,1.222235675467753e-07,6,2,hbr,False,S6_D2 hbr,mild_master_3,,
1044,ShortHbO,7.0,1.2072925754162775e-17,0.08205050768413716,0.0012188463852618083,-2.028861434862105,-2472.870426078762,6,2,hbr,False,S6_D2 hbr,mild_master_3,,
1045,az_itd=0_az=15,7.0,1.2072925754162775e-17,1.4627744119179237e-05,2.5833887947725777e-09,-10.591722184080739,-0.027362536407698316,6,2,hbr,True,S6_D2 hbr,mild_master_3,,-0.04192352178914981
1046,az_itd=0_az=5,7.0,1.2072925754162775e-17,0.1306400782052927,2.633879325156036e-09,1.7119422974351992,0.004509049423074696,6,2,hbr,False,S6_D2 hbr,mild_master_3,,-0.018788303254934528
1047,az_itd=15_az=0,7.0,1.2072925754162775e-17,3.5826255355761505e-05,2.5927967327022366e-09,9.244283108649968,0.023968547040282114,6,2,hbr,True,S6_D2 hbr,mild_master_3,,0.01575095886231928
1048,az_itd=5_az=0,7.0,1.2072925754162775e-17,6.634787378892654e-05,2.5895197430948483e-09,8.406215169297688,0.021768060145599764,6,2,hbr,True,S6_D2 hbr,mild_master_3,,0.03655531687048932
1049,constant,7.0,1.2072925754162775e-17,0.480231013459947,3.165388584040909e-09,-0.74552977729265,-0.002359891446104716,6,2,hbr,False,S6_D2 hbr,mild_master_3,,
1085,Linear,7.0,1.3688707830844532e-18,0.00034496625636189514,1.174047748155749e-13,-6.466138989289445,-7.591555919637364e-07,7,7,hbr,True,S7_D7 hbr,mild_master_3,,
1086,ShortHbO,7.0,1.3688707830844532e-18,0.12005820215190101,0.00041041567158583964,-1.7698755012662357,-726.3846424755067,7,7,hbr,False,S7_D7 hbr,mild_master_3,,
1087,az_itd=0_az=15,7.0,1.3688707830844532e-18,1.2142284825586406e-08,8.698907918130928e-10,29.87265400747802,0.025985946648123613,7,7,hbr,True,S7_D7 hbr,mild_master_3,,0.016650393782122682
1088,az_itd=0_az=5,7.0,1.3688707830844532e-18,4.711925890937264e-10,8.868922000189359e-10,47.618217426373825,0.04223222561425671,7,7,hbr,True,S7_D7 hbr,mild_master_3,,0.03496381665139147
1089,az_itd=15_az=0,7.0,1.3688707830844532e-18,2.855940332294627e-08,8.730586767987054e-10,26.411344987160412,0.023058653906964387,7,7,hbr,True,S7_D7 hbr,mild_master_3,,0.006397583999057927
1090,az_itd=5_az=0,7.0,1.3688707830844532e-18,3.811650792666e-08,8.719552334880806e-10,25.33465246256208,0.0220906828033327,7,7,hbr,True,S7_D7 hbr,mild_master_3,,0.028021624582478075
1091,constant,7.0,1.3688707830844532e-18,0.31517468772059487,1.0658644906021095e-09,-1.081847700113501,-0.0011531030477905403,7,7,hbr,False,S7_D7 hbr,mild_master_3,,
1099,Linear,7.0,2.5789778292526894e-18,0.14865621440560525,1.611492680159701e-13,-1.6228259285518267,-2.6151721050346386e-07,7,8,hbr,False,S7_D8 hbr,mild_master_3,,
1100,ShortHbO,7.0,2.5789778292526894e-18,0.08089815392189457,0.0005633347124274451,2.03844632045918,1148.327571734656,7,8,hbr,False,S7_D8 hbr,mild_master_3,,
1101,az_itd=0_az=15,7.0,2.5789778292526894e-18,1.3228135862938155e-05,1.1940082043061504e-09,10.753390387829723,0.012839636347175585,7,8,hbr,True,S7_D8 hbr,mild_master_3,,0.0032478814933874912
1102,az_itd=0_az=5,7.0,2.5789778292526894e-18,4.179588947371615e-07,1.2173442610544053e-09,17.90878632143832,0.021801158250852576,7,8,hbr,True,S7_D8 hbr,mild_master_3,,0.013054857437325752
1103,az_itd=15_az=0,7.0,2.5789778292526894e-18,0.0005702910519739516,1.1983564290473686e-09,5.949607039238073,0.007129749845776424,7,8,hbr,True,S7_D8 hbr,mild_master_3,,0.009966430289772725
1104,az_itd=5_az=0,7.0,2.5789778292526894e-18,0.0952477155547374,1.1968418477019028e-09,1.9276752442920655,0.0023071224011477326,7,8,hbr,False,S7_D8 hbr,mild_master_3,,0.008220058429444307
1105,constant,7.0,2.5789778292526894e-18,0.6169445049878071,1.4630008254311535e-09,-0.523258714361979,-0.0007655279310256195,7,8,hbr,False,S7_D8 hbr,mild_master_3,,
1057,Linear,7.0,2.1317657307562288e-18,0.5520606525425098,1.4651236239277313e-13,-0.6245665292715817,-9.150671767503452e-08,7,17,hbr,False,S7_D17 hbr,mild_master_3,,
1058,ShortHbO,7.0,2.1317657307562288e-18,0.0028717230483223393,0.0005121680076599485,-4.478420708902486,-2293.7038119416407,7,17,hbr,True,S7_D17 hbr,mild_master_3,,
1059,az_itd=0_az=15,7.0,2.1317657307562288e-18,1.589413867197289e-05,1.0855585314350328e-09,-10.45989963102331,-0.011354833282411506,7,17,hbr,True,S7_D17 hbr,mild_master_3,,-0.012093316432455899
1060,az_itd=0_az=5,7.0,2.1317657307562288e-18,0.0001113309997118279,1.1067750150418946e-09,7.752616862388412,0.008580402644483981,7,17,hbr,True,S7_D17 hbr,mild_master_3,,0.00025797145577148356
1061,az_itd=15_az=0,7.0,2.1317657307562288e-18,0.0010558497091645118,1.0895118145426386e-09,5.357306005858217,0.005836848187502762,7,17,hbr,True,S7_D17 hbr,mild_master_3,,-8.984477665168974e-05
1062,az_itd=5_az=0,7.0,2.1317657307562288e-18,0.28383107627942356,1.0881347999666976e-09,1.1606520955844253,0.001262945935859687,7,17,hbr,False,S7_D17 hbr,mild_master_3,,0.023410191451088087
1063,constant,7.0,2.1317657307562288e-18,0.7488769005113971,1.330119024153763e-09,0.33301196993042603,0.00044294555647538057,7,17,hbr,False,S7_D17 hbr,mild_master_3,,
1071,Linear,7.0,1.3242756891558635e-18,0.30698561127371016,1.154765329074965e-13,-1.1017973122088003,-1.272317335806707e-07,7,18,hbr,False,S7_D18 hbr,mild_master_3,,
1072,ShortHbO,7.0,1.3242756891558635e-18,1.1752244934817496e-07,0.00040367505393270676,-21.530659381924554,-8691.390087205134,7,18,hbr,True,S7_D18 hbr,mild_master_3,,
1073,az_itd=0_az=15,7.0,1.3242756891558635e-18,1.6066318639721943e-05,8.556038100198873e-10,-10.442901319176809,-0.008934986156349385,7,18,hbr,True,S7_D18 hbr,mild_master_3,,-0.005244813421364853
1074,az_itd=0_az=5,7.0,1.3242756891558635e-18,0.0017338662521578269,8.723259891411352e-10,4.909692168883876,0.004282852077600113,7,18,hbr,True,S7_D18 hbr,mild_master_3,,-0.017570671743733127
1075,az_itd=15_az=0,7.0,1.3242756891558635e-18,0.042951904706107484,8.587196660433147e-10,2.468107815307941,0.0021194127189201302,7,18,hbr,True,S7_D18 hbr,mild_master_3,,0.0004529772054239218
1076,az_itd=5_az=0,7.0,1.3242756891558635e-18,1.8500484928875547e-05,8.576343455529763e-10,10.222605599444446,0.008767257663125728,7,18,hbr,True,S7_D18 hbr,mild_master_3,,0.026388875304409063
1077,constant,7.0,1.3242756891558635e-18,0.5579023636248348,1.0483588603384333e-09,0.6151716687762241,0.0006449206695907344,7,18,hbr,False,S7_D18 hbr,mild_master_3,,
1141,Linear,7.0,1.088697374351848e-18,0.283734554178671,1.0470275774012349e-13,-1.1609055850919858,-1.215500162350425e-07,8,6,hbr,False,S8_D6 hbr,mild_master_3,,
1142,ShortHbO,7.0,1.088697374351848e-18,0.045928082362294224,0.0003660128193449049,2.422429309130273,886.6401810985013,8,6,hbr,True,S8_D6 hbr,mild_master_3,,
1143,az_itd=0_az=15,7.0,1.088697374351848e-18,0.0014540878852802904,7.757773478859209e-10,-5.065683527414215,-0.003929842532126797,8,6,hbr,True,S8_D6 hbr,mild_master_3,,-0.008304876198055035
1144,az_itd=0_az=5,7.0,1.088697374351848e-18,1.6671554238423907e-06,7.909393745361453e-10,14.6279864931858,0.011569850487643559,8,6,hbr,True,S8_D6 hbr,mild_master_3,,0.00018858929549679348
1145,az_itd=15_az=0,7.0,1.088697374351848e-18,0.007696762347309561,7.786024995436638e-10,-3.6958718060375575,-0.0028776150261737975,8,6,hbr,True,S8_D6 hbr,mild_master_3,,-0.016377727526977727
1146,az_itd=5_az=0,7.0,1.088697374351848e-18,0.0017824837738343099,7.776184377130119e-10,4.8854498342370105,0.0037990158676246767,8,6,hbr,True,S8_D6 hbr,mild_master_3,,0.005569160880990701
1147,constant,7.0,1.088697374351848e-18,0.7117193415894624,9.50548661403404e-10,0.3849276985547542,0.0003658925085983146,8,6,hbr,False,S8_D6 hbr,mild_master_3,,
1155,Linear,7.0,6.4565474809495455e-18,0.04866639971303751,2.5497917254197765e-13,-2.383008273471263,-6.076174777303894e-07,8,8,hbr,True,S8_D8 hbr,mild_master_3,,
1156,ShortHbO,7.0,6.4565474809495455e-18,0.03629057508543685,0.0008913389468495018,2.583428105623178,2302.710086927567,8,8,hbr,True,S8_D8 hbr,mild_master_3,,
1157,az_itd=0_az=15,7.0,6.4565474809495455e-18,3.273837123846146e-05,1.8892249880535835e-09,9.372684292284855,0.017707109370121866,8,8,hbr,True,S8_D8 hbr,mild_master_3,,-0.015647709801035796
1158,az_itd=0_az=5,7.0,6.4565474809495455e-18,6.925679673243988e-07,1.926148571469879e-09,16.637189443039,0.03204569867898332,8,8,hbr,True,S8_D8 hbr,mild_master_3,,0.021358561147924036
1159,az_itd=15_az=0,7.0,6.4565474809495455e-18,6.188178475394816e-05,1.896104986704477e-09,8.497619474012101,0.01611237865979142,8,8,hbr,True,S8_D8 hbr,mild_master_3,,0.022680304002555995
1160,az_itd=5_az=0,7.0,6.4565474809495455e-18,5.1244615585155325e-05,1.8937085333853338e-09,8.749246009377579,0.0165685218286459,8,8,hbr,True,S8_D8 hbr,mild_master_3,,0.017970980713524588
1161,constant,7.0,6.4565474809495455e-18,0.883825447665195,2.3148398034280716e-09,-0.1515389937080384,-0.00035078849440680336,8,8,hbr,False,S8_D8 hbr,mild_master_3,,
1113,Linear,7.0,1.6796828794155843e-18,0.22073486340434523,1.3005234295865293e-13,1.3444565734049532,1.748497273774763e-07,8,16,hbr,False,S8_D16 hbr,mild_master_3,,
1114,ShortHbO,7.0,1.6796828794155843e-18,7.02500619125802e-05,0.00045462818493142494,-8.33187282294565,-3787.9042185752483,8,16,hbr,True,S8_D16 hbr,mild_master_3,,
1115,az_itd=0_az=15,7.0,1.6796828794155843e-18,7.315107109221185e-07,9.636008055989433e-10,-16.50475905415558,-0.015903999120800774,8,16,hbr,True,S8_D16 hbr,mild_master_3,,-0.02149556810110969
1116,az_itd=0_az=5,7.0,1.6796828794155843e-18,1.918308992498699e-05,9.824337105999505e-10,-10.166697775248467,-0.009988106619885613,8,16,hbr,True,S8_D16 hbr,mild_master_3,,-0.016426564200333255
1117,az_itd=15_az=0,7.0,1.6796828794155843e-18,1.7345385547532523e-05,9.671099547391687e-10,-10.322762523144517,-0.009983246396541481,8,16,hbr,True,S8_D16 hbr,mild_master_3,,-0.023561199821906718
1118,az_itd=5_az=0,7.0,1.6796828794155843e-18,0.513906770170973,9.65887641693603e-10,-0.6874792966765112,-0.0006640277565800523,8,16,hbr,False,S8_D16 hbr,mild_master_3,,0.00921186657464658
1119,constant,7.0,1.6796828794155843e-18,0.41118362072950787,1.1806860027369719e-09,0.8738313291266903,0.001031720419052927,8,16,hbr,False,S8_D16 hbr,mild_master_3,,
1127,Linear,7.0,1.3815811436215008e-18,0.8973529975011094,1.1794858399580346e-13,-0.1337649116617807,-1.577738191883077e-08,8,17,hbr,False,S8_D17 hbr,mild_master_3,,
1128,ShortHbO,7.0,1.3815811436215008e-18,0.0008827247364926116,0.0004123166829396678,-5.525169644520484,-2278.1196205076294,8,17,hbr,True,S8_D17 hbr,mild_master_3,,
1129,az_itd=0_az=15,7.0,1.3815811436215008e-18,2.99423258423136e-06,8.739200538182142e-10,-13.418542928538177,-0.011726733758270103,8,17,hbr,True,S8_D17 hbr,mild_master_3,,-0.012298295291096346
1130,az_itd=0_az=5,7.0,1.3815811436215008e-18,0.0036699595927788126,8.910002111368909e-10,4.276766331196725,0.003810599704079428,8,17,hbr,True,S8_D17 hbr,mild_master_3,,-0.005666596663109098
1131,az_itd=15_az=0,7.0,1.3815811436215008e-18,0.09124182114341634,8.771026121843582e-10,-1.9568525889421744,-0.0017163605174209053,8,17,hbr,False,S8_D17 hbr,mild_master_3,,-0.008632895480722535
1132,az_itd=5_az=0,7.0,1.3815811436215008e-18,0.028905720038952868,8.759940578158306e-10,2.74029856972389,0.002400485263719347,8,17,hbr,True,S8_D17 hbr,mild_master_3,,0.027794676001286295
1133,constant,7.0,1.3815811436215008e-18,0.5621423248219738,1.0708014865273567e-09,0.6083895323631731,0.000651464415642169,8,17,hbr,False,S8_D17 hbr,mild_master_3,,
63,Linear,7.0,2.050964234370858e-17,0.08211328362841884,4.544473511186925e-13,-2.0283431203357507,-9.217751581964052e-07,10,6,hbr,False,S10_D6 hbr,mild_master_3,,
64,ShortHbO,7.0,2.050964234370858e-17,0.9435424359522291,0.001588626315265002,-0.07339837128887239,-116.60258412709385,10,6,hbr,False,S10_D6 hbr,mild_master_3,,
65,az_itd=0_az=15,7.0,2.050964234370858e-17,0.0004586164524411864,3.367150669323195e-09,6.169691570847649,0.02077428110229734,10,6,hbr,True,S10_D6 hbr,mild_master_3,,0.03228779684978377
66,az_itd=0_az=5,7.0,2.050964234370858e-17,2.0809008325449517e-07,3.4329592783560875e-09,19.81953411491289,0.06803965353248521,10,6,hbr,True,S10_D6 hbr,mild_master_3,,0.057580802215263946
67,az_itd=15_az=0,7.0,2.050964234370858e-17,0.0016381099756361047,3.3794128361952126e-09,4.9597232913461005,0.016760952554751383,10,6,hbr,True,S10_D6 hbr,mild_master_3,,0.002679495641607088
68,az_itd=5_az=0,7.0,2.050964234370858e-17,0.0007881212153113647,3.37514165650588e-09,5.633230542206889,0.019012951063703674,10,6,hbr,True,S10_D6 hbr,mild_master_3,,-0.019819158174309532
69,constant,7.0,2.050964234370858e-17,0.905254026774517,4.125720569427347e-09,0.12340626093234104,0.0005091397491246779,10,6,hbr,False,S10_D6 hbr,mild_master_3,,
7,Linear,7.0,2.087390600334507e-18,0.6830205892532579,1.4497943221435656e-13,0.4258272330864867,6.17361904742893e-08,10,14,hbr,False,S10_D14 hbr,mild_master_3,,
8,ShortHbO,7.0,2.087390600334507e-18,0.1711041035495244,0.0005068092940159991,1.5249295987351628,772.8484933590687,10,14,hbr,False,S10_D14 hbr,mild_master_3,,
9,az_itd=0_az=15,7.0,2.087390600334507e-18,0.00012179875017600138,1.074200544940943e-09,-7.643526262119353,-0.008210680076039019,10,14,hbr,True,S10_D14 hbr,mild_master_3,,-0.005479545211437141
10,az_itd=0_az=5,7.0,2.087390600334507e-18,0.5175164143183477,1.095195044631433e-09,0.6814047223097907,0.0007462710752621403,10,14,hbr,False,S10_D14 hbr,mild_master_3,,-0.019833543889577844
11,az_itd=15_az=0,7.0,2.087390600334507e-18,0.008559382642541299,1.0781124656209658e-09,-3.6156670899593206,-0.003898095761220625,10,14,hbr,True,S10_D14 hbr,mild_master_3,,-0.012100741312682592
12,az_itd=5_az=0,7.0,2.087390600334507e-18,0.7012150436439906,1.076749858479081e-09,-0.3998103994116497,-0.00043049579098495866,10,14,hbr,False,S10_D14 hbr,mild_master_3,,-0.002158391695729593
13,constant,7.0,2.087390600334507e-18,0.7531428209680704,1.3162022490795537e-09,0.3271186466484101,0.0004305542984344972,10,14,hbr,False,S10_D14 hbr,mild_master_3,,
21,Linear,7.0,1.7780682970949316e-19,0.2553814459390938,4.2313480732791736e-14,1.2386959118428662,5.241353559955101e-08,10,15,hbr,False,S10_D15 hbr,mild_master_3,,
22,ShortHbO,7.0,1.7780682970949316e-19,0.0023096520792925115,0.00014791660423830923,4.661787699524468,689.5558061935789,10,15,hbr,True,S10_D15 hbr,mild_master_3,,
23,az_itd=0_az=15,7.0,1.7780682970949316e-19,6.898112849991542e-06,3.1351456801340667e-10,-11.855110089221283,-0.0037167497183735894,10,15,hbr,True,S10_D15 hbr,mild_master_3,,-0.0033090635308590404
24,az_itd=0_az=5,7.0,1.7780682970949316e-19,0.004322755649069834,3.1964199136291113e-10,-4.1448673869369825,-0.001324873665495723,10,15,hbr,True,S10_D15 hbr,mild_master_3,,-0.005344956317540411
25,az_itd=15_az=0,7.0,1.7780682970949316e-19,5.528000187477559e-07,3.1465629534530584e-10,-17.193664440368707,-0.005410094756216738,10,15,hbr,True,S10_D15 hbr,mild_master_3,,-0.005844877591950579
26,az_itd=5_az=0,7.0,1.7780682970949316e-19,0.17695953011561447,3.142586068582985e-10,-1.5013434347893098,-0.0004718100962327412,10,15,hbr,False,S10_D15 hbr,mild_master_3,,-0.005056889735201395
27,constant,7.0,1.7780682970949316e-19,0.4790894008937403,3.8414482424335113e-10,0.7475440402208398,0.0002871651739447991,10,15,hbr,False,S10_D15 hbr,mild_master_3,,
35,Linear,7.0,2.0883424482910185e-18,0.4942826708183089,1.450124836825566e-13,-0.7209936096738914,-1.0455307405806275e-07,10,16,hbr,False,S10_D16 hbr,mild_master_3,,
36,ShortHbO,7.0,2.0883424482910185e-18,0.33354625003488586,0.0005069248331032256,-1.0385617468096757,-526.4727401688893,10,16,hbr,False,S10_D16 hbr,mild_master_3,,
37,az_itd=0_az=15,7.0,2.0883424482910185e-18,9.137841379691742e-05,1.0744454341959862e-09,-7.996853971050863,-0.00859218323712764,10,16,hbr,True,S10_D16 hbr,mild_master_3,,-0.0032517246944850165
38,az_itd=0_az=5,7.0,2.0883424482910185e-18,4.727720868393407e-06,1.095444720075995e-09,12.540726305452651,0.013737672417226244,10,16,hbr,True,S10_D16 hbr,mild_master_3,,0.006935791682345985
39,az_itd=15_az=0,7.0,2.0883424482910185e-18,0.013256929669894694,1.078358246690248e-09,3.292494416050487,0.003550488505729635,10,16,hbr,True,S10_D16 hbr,mild_master_3,,-0.0013298153716339081
40,az_itd=5_az=0,7.0,2.0883424482910185e-18,0.010770499528490806,1.0769953289100473e-09,3.4445538870434578,0.0037097684465247503,10,16,hbr,True,S10_D16 hbr,mild_master_3,,-0.0030381675441029316
41,constant,7.0,2.0883424482910185e-18,0.8420396696781358,1.3165023083094448e-09,0.20681754217272033,0.00027227577166927226,10,16,hbr,False,S10_D16 hbr,mild_master_3,,
49,Linear,7.0,2.3980917984940664e-18,0.4005614819827819,1.553951409556185e-13,-0.8949043776463766,-1.3906379190615875e-07,10,21,hbr,False,S10_D21 hbr,mild_master_3,,
50,ShortHbO,7.0,2.3980917984940664e-18,0.06614767952980709,0.0005432198242078293,-2.1747888603152963,-1181.3884223896207,10,21,hbr,False,S10_D21 hbr,mild_master_3,,
51,az_itd=0_az=15,7.0,2.3980917984940664e-18,0.11449344828388246,1.1513739745434748e-09,-1.8023292708357879,-0.002075155015998244,10,21,hbr,False,S10_D21 hbr,mild_master_3,,-0.007902214325133244
52,az_itd=0_az=5,7.0,2.3980917984940664e-18,1.1124654046181553e-06,1.1738767750363942e-09,15.522772414300125,0.018221822021322533,10,21,hbr,True,S10_D21 hbr,mild_master_3,,0.008504279225696567
53,az_itd=15_az=0,7.0,2.3980917984940664e-18,0.9803766705318032,1.1555669380293615e-09,-0.02548856305514155,-2.945374076439823e-05,10,21,hbr,False,S10_D21 hbr,mild_master_3,,0.0015622200823159293
54,az_itd=5_az=0,7.0,2.3980917984940664e-18,0.00010997895508785434,1.1541064375594238e-09,7.767547520055661,0.008964576596944976,10,21,hbr,True,S10_D21 hbr,mild_master_3,,0.004885228031260091
55,constant,7.0,2.3980917984940664e-18,0.7401980870670686,1.4107617259765046e-09,-0.3450422127916321,-0.0004867723476526753,10,21,hbr,False,S10_D21 hbr,mild_master_3,,
119,Linear,7.0,4.397618016286465e-19,0.27083580484313713,6.654467133869991e-14,1.1954449744481024,7.95504929281495e-08,11,3,hbr,False,S11_D3 hbr,mild_master_3,,
120,ShortHbO,7.0,4.397618016286465e-19,0.003179772898260098,0.00023262236157628943,4.394038039180853,1022.1515055302984,11,3,hbr,True,S11_D3 hbr,mild_master_3,,
121,az_itd=0_az=15,7.0,4.397618016286465e-19,0.0018940485965094891,4.930514702889619e-10,-4.832484297937388,-0.0023826634882463506,11,3,hbr,True,S11_D3 hbr,mild_master_3,,-0.0023569473437463073
122,az_itd=0_az=5,7.0,4.397618016286465e-19,4.835458791357903e-05,5.026878170485387e-10,-8.82795135613111,-0.004437703596224234,11,3,hbr,True,S11_D3 hbr,mild_master_3,,-0.0055827698177201785
123,az_itd=15_az=0,7.0,4.397618016286465e-19,3.4148567442895934e-05,4.948470179192652e-10,-9.31241472420217,-0.0046082206558989,11,3,hbr,True,S11_D3 hbr,mild_master_3,,-0.001230471455615998
124,az_itd=5_az=0,7.0,4.397618016286465e-19,0.0008526253184043205,4.942215895875661e-10,-5.5580900879591475,-0.002746928118342065,11,3,hbr,True,S11_D3 hbr,mild_master_3,,-0.0017573570548839739
125,constant,7.0,4.397618016286465e-19,0.5176048647325365,6.0412877014691e-10,0.6812562100495195,0.00041156647633216125,11,3,hbr,False,S11_D3 hbr,mild_master_3,,
133,Linear,7.0,1.891237980342584e-18,0.00016879693284321001,1.3799953508992616e-13,7.257741522771344,1.0015649559452982e-06,11,4,hbr,True,S11_D4 hbr,mild_master_3,,
134,ShortHbO,7.0,1.891237980342584e-18,0.023985688049082955,0.0004824094417065583,-2.8701842754577847,-1384.6039939185325,11,4,hbr,True,S11_D4 hbr,mild_master_3,,
135,az_itd=0_az=15,7.0,1.891237980342584e-18,2.6373133593568534e-09,1.0224841795215424e-09,-37.19994081826284,-0.038036350965811414,11,4,hbr,True,S11_D4 hbr,mild_master_3,,-0.032586437521890325
136,az_itd=0_az=5,7.0,1.891237980342584e-18,6.169365706948508e-09,1.0424679189560408e-09,-32.92671089773306,-0.03432503978762697,11,4,hbr,True,S11_D4 hbr,mild_master_3,,-0.016042621773668064
137,az_itd=15_az=0,7.0,1.891237980342584e-18,6.177764011908992e-10,1.0262077644942967e-09,-45.80580318324644,-0.047006270885545064,11,4,hbr,True,S11_D4 hbr,mild_master_3,,-0.021657214363251204
138,az_itd=5_az=0,7.0,1.891237980342584e-18,4.929337447148979e-09,1.0249107587796356e-09,-34.0053613216806,-0.03485246067477934,11,4,hbr,True,S11_D4 hbr,mild_master_3,,-0.029828644068137778
139,constant,7.0,1.891237980342584e-18,0.20941200662222623,1.2528349413642357e-09,1.3821723255524367,0.0017316337844387564,11,4,hbr,False,S11_D4 hbr,mild_master_3,,
77,Linear,7.0,1.1421820945668915e-18,0.002987728623204954,1.0724380311429266e-13,4.445522600139763,4.7675475046952715e-07,11,11,hbr,True,S11_D11 hbr,mild_master_3,,
78,ShortHbO,7.0,1.1421820945668915e-18,0.4686601069477607,0.0003748956339102234,0.7660966043857927,287.2062721376814,11,11,hbr,False,S11_D11 hbr,mild_master_3,,
79,az_itd=0_az=15,7.0,1.1421820945668915e-18,2.7304310387405933e-09,7.946047931584089e-10,-37.0151695390441,-0.029412431135295576,11,11,hbr,True,S11_D11 hbr,mild_master_3,,-0.020863852168708254
80,az_itd=0_az=5,7.0,1.1421820945668915e-18,1.8644182853897484e-08,8.101347890819757e-10,-28.084737933892956,-0.022752423242496933,11,11,hbr,True,S11_D11 hbr,mild_master_3,,-0.020681863372808435
81,az_itd=15_az=0,7.0,1.1421820945668915e-18,2.5938455849053746e-08,7.974985088034448e-10,-26.780282537482137,-0.021357235388976936,11,11,hbr,True,S11_D11 hbr,mild_master_3,,-0.016360224211425564
82,az_itd=5_az=0,7.0,1.1421820945668915e-18,6.989918554378826e-06,7.964905646432664e-10,-11.831753353950784,-0.009423879909608121,11,11,hbr,True,S11_D11 hbr,mild_master_3,,-0.007039737584102536
83,constant,7.0,1.1421820945668915e-18,0.21157472123591142,9.73617655297308e-10,1.3748316292529537,0.0013385603473018385,11,11,hbr,False,S11_D11 hbr,mild_master_3,,
91,Linear,7.0,3.705121589361487e-17,0.8857734049730155,6.108094747833999e-13,0.1489763250737945,9.099615087348547e-08,11,13,hbr,False,S11_D13 hbr,mild_master_3,,
92,ShortHbO,7.0,3.705121589361487e-17,1.1777275686663447e-06,0.002135226452229157,-15.393611759226873,-32868.84702364703,11,13,hbr,True,S11_D13 hbr,mild_master_3,,
93,az_itd=0_az=15,7.0,3.705121589361487e-17,1.8870713339739835e-06,4.525689338452562e-09,-14.36382511684606,-0.06500621019070733,11,13,hbr,True,S11_D13 hbr,mild_master_3,,0.015024901127294264
94,az_itd=0_az=5,7.0,3.705121589361487e-17,0.0036552113917752496,4.614140776931975e-09,-4.280037264609394,-0.0197486944694226,11,13,hbr,True,S11_D13 hbr,mild_master_3,,-0.015108875311702772
95,az_itd=15_az=0,7.0,3.705121589361487e-17,0.001542185243384561,4.542170560509124e-09,-5.01320624946356,-0.022770837840073742,11,13,hbr,True,S11_D13 hbr,mild_master_3,,-0.03582503269990382
96,az_itd=5_az=0,7.0,3.705121589361487e-17,0.4583511931646935,4.536429792043151e-09,-0.784712399946613,-0.0035597927093034957,11,13,hbr,False,S11_D13 hbr,mild_master_3,,0.01336810192309144
97,constant,7.0,3.705121589361487e-17,0.18152662099528838,5.545261091106694e-09,1.4834355616700619,0.008226037501292999,11,13,hbr,False,S11_D13 hbr,mild_master_3,,
105,Linear,7.0,5.0203700538733326e-18,0.5799940617861384,2.2483938983110238e-13,-0.5801594613504728,-1.3044269929478133e-07,11,20,hbr,False,S11_D20 hbr,mild_master_3,,
106,ShortHbO,7.0,5.0203700538733326e-18,3.9457339869093574e-05,0.0007859783328355804,-9.108448704150804,-7159.043327206851,11,20,hbr,True,S11_D20 hbr,mild_master_3,,
107,az_itd=0_az=15,7.0,5.0203700538733326e-18,0.0002571402376405551,1.6659093734320925e-09,-6.7830523452419405,-0.011299950482419087,11,20,hbr,True,S11_D20 hbr,mild_master_3,,-0.0015142275804677456
108,az_itd=0_az=5,7.0,5.0203700538733326e-18,1.1602973558949298e-05,1.6984684090699187e-09,10.967433037349444,0.018627838542527773,11,20,hbr,True,S11_D20 hbr,mild_master_3,,0.031052579623582165
109,az_itd=15_az=0,7.0,5.0203700538733326e-18,0.0007936603947456314,1.6719761226621736e-09,-5.626512992953667,-0.009407395378067012,11,20,hbr,True,S11_D20 hbr,mild_master_3,,0.01275608586264562
110,az_itd=5_az=0,7.0,5.0203700538733326e-18,5.484141238601799e-06,1.6698629418220946e-09,12.267148922742509,0.020484457387900543,11,20,hbr,True,S11_D20 hbr,mild_master_3,,0.03629007101378173
111,constant,7.0,5.0203700538733326e-18,0.9697351326284211,2.0412144402650425e-09,-0.03931746857379778,-8.025538460750303e-05,11,20,hbr,False,S11_D20 hbr,mild_master_3,,
189,Linear,7.0,3.859473177153321e-18,0.3269403603412896,1.97137182974716e-13,1.053902209349083,2.0776331268190763e-07,12,2,hbr,False,S12_D2 hbr,mild_master_3,,
190,ShortHbO,7.0,3.859473177153321e-18,0.0025541247905491197,0.0006891388316378369,-4.576572017103615,-3153.893492773204,12,2,hbr,True,S12_D2 hbr,mild_master_3,,
191,az_itd=0_az=15,7.0,3.859473177153321e-18,0.02181277760851769,1.4606545642037101e-09,-2.936783825685411,-0.004289626699067029,12,2,hbr,True,S12_D2 hbr,mild_master_3,,0.007798505826571277
192,az_itd=0_az=5,7.0,3.859473177153321e-18,0.0818814977334341,1.4892020378952017e-09,-2.0302588316765253,-0.0030234655895874127,12,2,hbr,False,S12_D2 hbr,mild_master_3,,-0.02675266081357862
193,az_itd=15_az=0,7.0,3.859473177153321e-18,2.4654310920704887e-06,1.4659738361245714e-09,-13.809087011008861,-0.020243760258906653,12,2,hbr,True,S12_D2 hbr,mild_master_3,,-0.02781887713662233
194,az_itd=5_az=0,7.0,3.859473177153321e-18,3.093702997873023e-06,1.4641210179051203e-09,-13.353884557335917,-0.01955170305107413,12,2,hbr,True,S12_D2 hbr,mild_master_3,,-0.026975493857617352
195,constant,7.0,3.859473177153321e-18,0.42576559198804875,1.7897187183413074e-09,0.845537230282606,0.0015132738080912442,12,2,hbr,False,S12_D2 hbr,mild_master_3,,
203,Linear,7.0,1.0653400624051853e-18,0.006696770337456188,1.0357350239239574e-13,-3.802061871315121,-3.937928643246933e-07,12,3,hbr,True,S12_D3 hbr,mild_master_3,,
204,ShortHbO,7.0,1.0653400624051853e-18,0.031171150852456937,0.00036206524487310325,2.688105174114044,973.2694581102571,12,3,hbr,True,S12_D3 hbr,mild_master_3,,
205,az_itd=0_az=15,7.0,1.0653400624051853e-18,4.690010483657911e-06,7.674103216713811e-10,12.555647218561441,0.009635333270788618,12,3,hbr,True,S12_D3 hbr,mild_master_3,,0.006179382531242139
206,az_itd=0_az=5,7.0,1.0653400624051853e-18,3.92061502124868e-07,7.824088206357382e-10,18.076350980429257,0.014143096451995326,12,3,hbr,True,S12_D3 hbr,mild_master_3,,0.0033273811719070523
207,az_itd=15_az=0,7.0,1.0653400624051853e-18,7.187393943294083e-08,7.702050030942753e-10,23.11775081891934,0.017805407341018455,12,3,hbr,True,S12_D3 hbr,mild_master_3,,0.016418053456647676
208,az_itd=5_az=0,7.0,1.0653400624051853e-18,4.5139511448874554e-08,7.692315547098091e-10,24.72400702369594,0.019018486361493867,12,3,hbr,True,S12_D3 hbr,mild_master_3,,0.01731350010923962
209,constant,7.0,1.0653400624051853e-18,0.5740118808120191,9.402966663047698e-10,-0.5895623109152535,-0.000554363475532549,12,3,hbr,False,S12_D3 hbr,mild_master_3,,
147,Linear,7.0,2.779369673801387e-18,0.2594965425033272,1.6729296951121867e-13,1.226967541825089,2.052630435657995e-07,12,10,hbr,False,S12_D10 hbr,mild_master_3,,
148,ShortHbO,7.0,2.779369673801387e-18,1.606253001974395e-05,0.000584811448609225,10.443273119008452,6107.345680949114,12,10,hbr,True,S12_D10 hbr,mild_master_3,,
149,az_itd=0_az=15,7.0,2.779369673801387e-18,1.571297412083325e-07,1.2395289198542211e-09,-20.643612885271352,-0.02558835518156908,12,10,hbr,True,S12_D10 hbr,mild_master_3,,-0.028595165673637107
150,az_itd=0_az=5,7.0,2.779369673801387e-18,0.0014889704457729084,1.2637546472072672e-09,5.04449335167035,0.006375001915979567,12,10,hbr,True,S12_D10 hbr,mild_master_3,,0.009461098607863837
151,az_itd=15_az=0,7.0,2.779369673801387e-18,2.4283346415250574e-06,1.2440429175782966e-09,-13.840000563420801,-0.017217554680203282,12,10,hbr,True,S12_D10 hbr,mild_master_3,,-0.01090618395349271
152,az_itd=5_az=0,7.0,2.779369673801387e-18,8.742250544929937e-06,1.2424705938937475e-09,-11.442881282207523,-0.014217443502560026,12,10,hbr,True,S12_D10 hbr,mild_master_3,,-0.015480162803776145
153,constant,7.0,2.779369673801387e-18,0.2654458543025837,1.5187766937885608e-09,1.2102870800996084,0.001838155810048694,12,10,hbr,False,S12_D10 hbr,mild_master_3,,
161,Linear,7.0,1.1852115387430818e-18,0.0008621662667812965,1.0924522621746862e-13,5.547516387327506,6.060396826787075e-07,12,11,hbr,True,S12_D11 hbr,mild_master_3,,
162,ShortHbO,7.0,1.1852115387430818e-18,3.466270837964534e-06,0.0003818920734358534,-13.131167236831343,-5014.688682706467,12,11,hbr,True,S12_D11 hbr,mild_master_3,,
163,az_itd=0_az=15,7.0,1.1852115387430818e-18,1.2383157916395222e-08,8.094339986205346e-10,-29.78835902509347,-0.024111710558025495,12,11,hbr,True,S12_D11 hbr,mild_master_3,,-0.023063855886439038
164,az_itd=0_az=5,7.0,1.1852115387430818e-18,3.501765406711223e-09,8.252538210117485e-10,-35.71663724823283,-0.02947529136279468,12,11,hbr,True,S12_D11 hbr,mild_master_3,,-0.037610183843954786
165,az_itd=15_az=0,7.0,1.1852115387430818e-18,2.038150747902386e-09,8.123817178459902e-10,-38.601205292246405,-0.03135891346624087,12,11,hbr,True,S12_D11 hbr,mild_master_3,,-0.03908002522093114
166,az_itd=5_az=0,7.0,1.1852115387430818e-18,6.935589649805525e-08,8.113549630630037e-10,-23.237197866528703,-0.018853615816685106,12,11,hbr,True,S12_D11 hbr,mild_master_3,,-0.016644060106169364
167,constant,7.0,1.1852115387430818e-18,0.14148521371622438,9.917876643084145e-10,1.6570121668140905,0.0016434042266551718,12,11,hbr,False,S12_D11 hbr,mild_master_3,,
175,Linear,7.0,4.013759667475943e-18,0.21974737465677718,2.01038953621381e-13,1.3476771689657625,2.7093560786830196e-07,12,12,hbr,False,S12_D12 hbr,mild_master_3,,
176,ShortHbO,7.0,4.013759667475943e-18,2.258243119131901e-06,0.0007027783775833949,-13.988973270243765,-9831.147938919392,12,12,hbr,True,S12_D12 hbr,mild_master_3,,
177,az_itd=0_az=15,7.0,4.013759667475943e-18,2.6647502941276546e-07,1.4895640728896398e-09,-19.12045794216159,-0.028481147207841277,12,12,hbr,True,S12_D12 hbr,mild_master_3,,-0.008902425397680583
178,az_itd=0_az=5,7.0,4.013759667475943e-18,6.311290717771138e-05,1.5186765627450288e-09,-8.471695974150146,-0.012865766122643243,12,12,hbr,True,S12_D12 hbr,mild_master_3,,-0.02020307340545202
179,az_itd=15_az=0,7.0,4.013759667475943e-18,1.075987834987215e-05,1.4949886246908832e-09,-11.09234625507488,-0.016582931472469465,12,12,hbr,True,S12_D12 hbr,mild_master_3,,-0.01395827997380107
180,az_itd=5_az=0,7.0,4.013759667475943e-18,0.0007929908081566535,1.4930991351969766e-09,-5.627322237578135,-0.00840214996640263,12,12,hbr,True,S12_D12 hbr,mild_master_3,,-0.01120315640969186
181,constant,7.0,4.013759667475943e-18,0.28939009011148825,1.8251411173816073e-09,1.1461718063586541,0.0020919252913687287,12,12,hbr,False,S12_D12 hbr,mild_master_3,,
217,Linear,7.0,2.557251599025031e-18,0.018232074929117402,1.6046904287974463e-13,-3.0635525989374193,-4.916053533632418e-07,13,1,hbr,True,S13_D1 hbr,mild_master_3,,
218,ShortHbO,7.0,2.557251599025031e-18,0.1328879322337677,0.0005609568274006046,-1.700212023212926,-953.745542449886,13,1,hbr,False,S13_D1 hbr,mild_master_3,,
219,az_itd=0_az=15,7.0,2.557251599025031e-18,0.00021059885601022147,1.1889681913825547e-09,7.0050984875532825,0.008328839279202896,13,1,hbr,True,S13_D1 hbr,mild_master_3,,-0.0019684004687640973
220,az_itd=0_az=5,7.0,2.557251599025031e-18,9.363792537409443e-07,1.2122057445969369e-09,15.91946580769579,0.01929766790300335,13,1,hbr,True,S13_D1 hbr,mild_master_3,,0.004051699933253098
221,az_itd=15_az=0,7.0,2.557251599025031e-18,3.7034192613629145e-06,1.193298061887335e-09,13.00314763709433,0.015516630873779545,13,1,hbr,True,S13_D1 hbr,mild_master_3,,0.007665738457637016
222,az_itd=5_az=0,7.0,2.557251599025031e-18,1.82325687426735e-07,1.191789873722023e-09,20.20324734171004,0.0240780255981514,13,1,hbr,True,S13_D1 hbr,mild_master_3,,0.010729194072822893
223,constant,7.0,2.557251599025031e-18,0.9372415389067132,1.456825371158049e-09,-0.08160968718060663,-0.00011889106281697951,13,1,hbr,False,S13_D1 hbr,mild_master_3,,
259,Linear,7.0,3.098263007422406e-18,0.45246241782051777,1.766296765652886e-13,-0.7954755728575148,-1.405045931494105e-07,13,2,hbr,False,S13_D2 hbr,mild_master_3,,
260,ShortHbO,7.0,3.098263007422406e-18,0.0003719209209306484,0.0006174500776770438,6.38681708116499,3943.540702874393,13,2,hbr,True,S13_D2 hbr,mild_master_3,,
261,az_itd=0_az=15,7.0,3.098263007422406e-18,0.010800744638348765,1.3087076692274901e-09,3.442484945380265,0.0045052064492193305,13,2,hbr,True,S13_D2 hbr,mild_master_3,,0.007649141860073802
262,az_itd=0_az=5,7.0,3.098263007422406e-18,1.2803248876345586e-05,1.3342854469394246e-09,10.806343716430876,0.014418747155459015,13,2,hbr,True,S13_D2 hbr,mild_master_3,,-0.002243999997305008
263,az_itd=15_az=0,7.0,3.098263007422406e-18,0.0005796572015678012,1.3134735954965344e-09,-5.933385232399314,-0.007793344834665567,13,2,hbr,True,S13_D2 hbr,mild_master_3,,-0.013139057901659902
264,az_itd=5_az=0,7.0,3.098263007422406e-18,0.005431577794308426,1.3118135196148682e-09,-3.9643208670036993,-0.005200449709426788,13,2,hbr,True,S13_D2 hbr,mild_master_3,,-0.008117808278614934
265,constant,7.0,3.098263007422406e-18,0.7593673387863851,1.603540405688012e-09,0.3185423608298969,0.00051079554651399,13,2,hbr,False,S13_D2 hbr,mild_master_3,,
273,Linear,7.0,1.269220326311485e-16,0.35032876004369917,1.1305064438616178e-12,-1.0006380741205818,-1.1312277907665969e-06,13,9,hbr,False,S13_D9 hbr,mild_master_3,,
274,ShortHbO,7.0,1.269220326311485e-16,0.00034211919897489266,0.003951947969053419,-6.474921344583272,-25588.552257506497,13,9,hbr,True,S13_D9 hbr,mild_master_3,,
275,az_itd=0_az=15,7.0,1.269220326311485e-16,8.97440949851e-05,8.376295999420686e-09,8.019484006658715,0.06717357180239357,13,9,hbr,True,S13_D9 hbr,mild_master_3,,0.0663858186512215
276,az_itd=0_az=5,7.0,1.269220326311485e-16,8.335378415471974e-06,8.540004856761619e-09,11.524738657590206,0.09842132410872874,13,9,hbr,True,S13_D9 hbr,mild_master_3,,0.17662622141168915
277,az_itd=15_az=0,7.0,1.269220326311485e-16,0.025317708920941463,8.406799992084298e-09,2.832433189819567,0.02381169931775444,13,9,hbr,True,S13_D9 hbr,mild_master_3,,-0.07893455756364842
278,az_itd=5_az=0,7.0,1.269220326311485e-16,2.792958588292366e-06,8.396174787316802e-09,13.557193899069185,0.11382856960212986,13,9,hbr,True,S13_D9 hbr,mild_master_3,,0.11818422794388472
279,constant,7.0,1.269220326311485e-16,0.20101683389440272,1.02633532307505e-08,-1.4113202097169337,-0.014484877834021765,13,9,hbr,False,S13_D9 hbr,mild_master_3,,
231,Linear,7.0,1.0916140330454368e-18,0.6214829707890108,1.048429151231038e-13,0.5164002439635652,5.414090694742216e-08,13,10,hbr,False,S13_D10 hbr,mild_master_3,,
232,ShortHbO,7.0,1.0916140330454368e-18,5.569044014335524e-05,0.00036650277204532903,-8.637485921707704,-3165.662533808377,13,10,hbr,True,S13_D10 hbr,mild_master_3,,
233,az_itd=0_az=15,7.0,1.0916140330454368e-18,1.5620606900303826e-05,7.768158202738686e-10,-10.487338163817467,-0.008146730198215314,13,10,hbr,True,S13_D10 hbr,mild_master_3,,-0.023403964035009935
234,az_itd=0_az=5,7.0,1.0916140330454368e-18,0.021472263880541295,7.919981431418989e-10,2.947853041107746,0.002334694134812535,13,10,hbr,True,S13_D10 hbr,mild_master_3,,-0.005221741904115306
235,az_itd=15_az=0,7.0,1.0916140330454368e-18,0.017787816415400722,7.796447537409107e-10,-3.0811023910286277,-0.0024021653149040455,13,10,hbr,True,S13_D10 hbr,mild_master_3,,-0.006840565319872735
236,az_itd=5_az=0,7.0,1.0916140330454368e-18,4.223914986720039e-05,7.786593746237435e-10,-9.01363031627,-0.007018547745156415,13,10,hbr,True,S13_D10 hbr,mild_master_3,,0.0022636541605297856
237,constant,7.0,1.0916140330454368e-18,0.6537033773068304,9.51821086463195e-10,0.46844483931663594,0.00044587567590643714,13,10,hbr,False,S13_D10 hbr,mild_master_3,,
245,Linear,7.0,1.916865311532933e-18,0.000581705847379847,1.389313743738043e-13,5.929876143641628,8.238458425025658e-07,13,11,hbr,True,S13_D11 hbr,mild_master_3,,
246,ShortHbO,7.0,1.916865311532933e-18,9.650755005146349e-08,0.0004856669024538207,-22.15334848792042,-10759.148139108342,13,11,hbr,True,S13_D11 hbr,mild_master_3,,
247,az_itd=0_az=15,7.0,1.916865311532933e-18,9.700526688586408e-10,1.0293884848512755e-09,-42.937528929865536,-0.04419939784837209,13,11,hbr,True,S13_D11 hbr,mild_master_3,,-0.04552873039486217
248,az_itd=0_az=5,7.0,1.916865311532933e-18,8.910219479481602e-09,1.049507164113156e-09,-31.232269103518515,-0.03277849017565266,13,11,hbr,True,S13_D11 hbr,mild_master_3,,-0.03406208675188874
249,az_itd=15_az=0,7.0,1.916865311532933e-18,2.6412206074320696e-09,1.0331372132620291e-09,-37.192038878657385,-0.038424479402629136,13,11,hbr,True,S13_D11 hbr,mild_master_3,,-0.05047142318050059
250,az_itd=5_az=0,7.0,1.916865311532933e-18,2.8234028580914868e-08,1.0318314495404985e-09,-26.454998431898794,-0.02729709937957775,13,11,hbr,True,S13_D11 hbr,mild_master_3,,-0.02714008336940078
251,constant,7.0,1.916865311532933e-18,0.0959344028641121,1.2612946859120533e-09,1.922794569730877,0.0024252105729021083,13,11,hbr,False,S13_D11 hbr,mild_master_3,,
287,Linear,7.0,8.037141146064512e-19,0.9970917205545162,8.996121877343615e-14,-0.003777080428857673,-3.3979075878532916e-10,14,1,hbr,False,S14_D1 hbr,mild_master_3,,
288,ShortHbO,7.0,8.037141146064512e-19,0.0005108602834923064,0.00031448034441170316,6.060026105581308,1905.7590968271218,14,1,hbr,True,S14_D1 hbr,mild_master_3,,
289,az_itd=0_az=15,7.0,8.037141146064512e-19,0.000993062639020727,6.665524119800429e-10,-5.414383912664143,-0.0036089706563722274,14,1,hbr,True,S14_D1 hbr,mild_master_3,,-0.012438349566287345
290,az_itd=0_az=5,7.0,8.037141146064512e-19,0.013661519950082596,6.795797135141151e-10,3.270679366472226,0.0022226873468637227,14,1,hbr,True,S14_D1 hbr,mild_master_3,,0.006790089744837031
291,az_itd=15_az=0,7.0,8.037141146064512e-19,8.049489277814128e-05,6.689797987254919e-10,-8.157000017974534,-0.005456868230228438,14,1,hbr,True,S14_D1 hbr,mild_master_3,,-0.0047829843767737065
292,az_itd=5_az=0,7.0,8.037141146064512e-19,0.15187092184668402,6.68134287073797e-10,1.6079981588312535,0.0010743587034666977,14,1,hbr,False,S14_D1 hbr,mild_master_3,,0.006078950997822086
293,constant,7.0,8.037141146064512e-19,0.6312211153310521,8.167169416449762e-10,0.5017733056456788,0.00040980675958602865,14,1,hbr,False,S14_D1 hbr,mild_master_3,,
315,Linear,7.0,3.573327738841317e-18,0.000615231075911511,1.8968848074593912e-13,-5.874340162594853,-1.1142946608274707e-06,14,2,hbr,True,S14_D2 hbr,mild_master_3,,
316,ShortHbO,7.0,3.573327738841317e-18,0.30513790394575874,0.0006631001621504281,1.1063580283548171,733.6261879985072,14,2,hbr,False,S14_D2 hbr,mild_master_3,,
317,az_itd=0_az=15,7.0,3.573327738841317e-18,4.8784858442013044e-08,1.4054646667745034e-09,24.448431222469175,0.034361406241247006,14,2,hbr,True,S14_D2 hbr,mild_master_3,,0.016588050176601404
318,az_itd=0_az=5,7.0,3.573327738841317e-18,9.180706972940554e-09,1.4329334924519418e-09,31.098272904920588,0.04456175680287145,14,2,hbr,True,S14_D2 hbr,mild_master_3,,0.02539694274572297
319,az_itd=15_az=0,7.0,3.573327738841317e-18,4.112251700634844e-08,1.4105829534118454e-09,25.058745558221208,0.035347439318311635,14,2,hbr,True,S14_D2 hbr,mild_master_3,,0.017123798386680426
320,az_itd=5_az=0,7.0,3.573327738841317e-18,9.939690642527073e-09,1.4088001427424287e-09,30.745114445690486,0.04331372161972106,14,2,hbr,True,S14_D2 hbr,mild_master_3,,0.030574167137332284
321,constant,7.0,3.573327738841317e-18,0.6167394846388328,1.7220953425527714e-09,-0.5235691759522167,-0.0009016360394115051,14,2,hbr,False,S14_D2 hbr,mild_master_3,,
329,Linear,7.0,1.4128664859302003e-18,0.5388279176895092,1.1927655705139012e-13,-0.6460725232509903,-7.706130617888231e-08,14,9,hbr,False,S14_D9 hbr,mild_master_3,,
330,ShortHbO,7.0,1.4128664859302003e-18,0.008265450441210423,0.0004169589213351048,3.6419713524340875,1518.55244664427,14,9,hbr,True,S14_D9 hbr,mild_master_3,,
331,az_itd=0_az=15,7.0,1.4128664859302003e-18,0.00023375667229726208,8.837594452283624e-10,-6.888389182226825,-0.006087679002201831,14,9,hbr,True,S14_D9 hbr,mild_master_3,,-0.002908213262649318
332,az_itd=0_az=5,7.0,1.4128664859302003e-18,4.99916799038567e-06,9.010319065827126e-10,12.437164164700588,0.011206281739802362,14,9,hbr,True,S14_D9 hbr,mild_master_3,,0.007178640363653051
333,az_itd=15_az=0,7.0,1.4128664859302003e-18,0.0010306557927720597,8.86977835747932e-10,-5.379742839756689,-0.004771712660887823,14,9,hbr,True,S14_D9 hbr,mild_master_3,,3.370934917163244e-05
334,az_itd=5_az=0,7.0,1.4128664859302003e-18,0.002975251006687532,8.858568002602404e-10,4.448992980952532,0.003941170686486879,14,9,hbr,True,S14_D9 hbr,mild_master_3,,0.020827878431802227
335,constant,7.0,1.4128664859302003e-18,0.5540486838071769,1.0828575492100683e-09,0.621362639486158,0.0006728472249646803,14,9,hbr,False,S14_D9 hbr,mild_master_3,,
301,Linear,7.0,2.494514590867121e-18,0.012124015333138265,1.5848842775591547e-13,-3.357601857733696,-5.321410394625545e-07,14,10,hbr,True,S14_D10 hbr,mild_master_3,,
302,ShortHbO,7.0,2.494514590867121e-18,0.232143758712522,0.0005540331270019086,1.3081338687140704,724.7494978207606,14,10,hbr,False,S14_D10 hbr,mild_master_3,,
303,az_itd=0_az=15,7.0,2.494514590867121e-18,2.1699584668728207e-06,1.1742931591187378e-09,14.071421763782267,0.01652397431628404,14,10,hbr,True,S14_D10 hbr,mild_master_3,,-0.004537852063946797
304,az_itd=0_az=5,7.0,2.494514590867121e-18,4.432090011151982e-06,1.1972438990729968e-09,12.66150226240626,0.015158906336764841,14,10,hbr,True,S14_D10 hbr,mild_master_3,,0.002497973973666134
305,az_itd=15_az=0,7.0,2.494514590867121e-18,2.295143869171172e-07,1.1785695874962887e-09,19.539620474641495,0.023028802442632265,14,10,hbr,True,S14_D10 hbr,mild_master_3,,0.014291985824525047
306,az_itd=5_az=0,7.0,2.494514590867121e-18,8.057826254029022e-06,1.1770800143874146e-09,11.583228320992545,0.013634386558726612,14,10,hbr,True,S14_D10 hbr,mild_master_3,,0.022672284328459
307,constant,7.0,2.494514590867121e-18,0.9675976037123557,1.4388442683165747e-09,0.04209617236659716,6.0569836327744894e-05,14,10,hbr,False,S14_D10 hbr,mild_master_3,,
343,Linear,7.0,3.379251904172232e-18,0.4296274193531514,1.844653568916923e-13,-0.8381607960524969,-1.5461163037644877e-07,15,17,hbr,False,S15_D17 hbr,mild_master_3,,
344,ShortHbO,7.0,3.379251904172232e-18,0.4845711656190156,0.0006448415190263807,0.7379010438840559,475.8292300293466,15,17,hbr,False,S15_D17 hbr,mild_master_3,,
345,az_itd=0_az=15,7.0,3.379251904172232e-18,0.0001518001220609623,1.366764815320882e-09,-7.381457277073562,-0.010088716092098425,15,17,hbr,True,S15_D17 hbr,mild_master_3,,-0.00358960117818789
346,az_itd=0_az=5,7.0,3.379251904172232e-18,0.011544680837733886,1.3934772794202224e-09,3.393471893679282,0.004728725982193196,15,17,hbr,True,S15_D17 hbr,mild_master_3,,-0.01109424863279811
347,az_itd=15_az=0,7.0,3.379251904172232e-18,0.0007416036960726912,1.3717421685450656e-09,5.69181267701972,0.007807699464527325,15,17,hbr,True,S15_D17 hbr,mild_master_3,,0.0008612678241456784
348,az_itd=5_az=0,7.0,3.379251904172232e-18,0.0002289342685527242,1.3700084480518073e-09,6.911587846476648,0.009468933739125206,15,17,hbr,True,S15_D17 hbr,mild_master_3,,0.0398399641504654
349,constant,7.0,3.379251904172232e-18,0.6733897695259132,1.674676979415466e-09,0.43972852560985837,0.000736403239031134,15,17,hbr,False,S15_D17 hbr,mild_master_3,,
357,Linear,7.0,3.782653084265271e-18,0.9256137687676749,1.9516538351030124e-13,-0.09677995653413916,-1.8888097333095556e-08,15,18,hbr,False,S15_D18 hbr,mild_master_3,,
358,ShortHbO,7.0,3.782653084265271e-18,0.0005836139031315133,0.000682245948425109,-5.926620283097796,-4043.4126759975443,15,18,hbr,True,S15_D18 hbr,mild_master_3,,
359,az_itd=0_az=15,7.0,3.782653084265271e-18,2.0392461416967827e-06,1.4460448500750404e-09,-14.200778895541832,-0.020534963188952586,15,18,hbr,True,S15_D18 hbr,mild_master_3,,-0.011604855777999735
360,az_itd=0_az=5,7.0,3.782653084265271e-18,0.034163593822889485,1.474306787103758e-09,-2.624926928482231,-0.003869947586312774,15,18,hbr,True,S15_D18 hbr,mild_master_3,,-0.02658752598647105
361,az_itd=15_az=0,7.0,3.782653084265271e-18,0.358796324214156,1.4513109177380018e-09,0.9820388705680505,0.0014252437344985083,15,18,hbr,False,S15_D18 hbr,mild_master_3,,-0.003584167260090394
362,az_itd=5_az=0,7.0,3.782653084265271e-18,2.348480512868193e-05,1.4494766317199229e-09,9.859453688944388,0.01429104772364968,15,18,hbr,True,S15_D18 hbr,mild_master_3,,0.03658185370896788
363,constant,7.0,3.782653084265271e-18,0.6566693028402384,1.7718176488574697e-09,0.46409160718762826,0.000822285700301668,15,18,hbr,False,S15_D18 hbr,mild_master_3,,
371,Linear,7.0,5.9414888577755e-18,0.4416865896201565,2.4459759152098595e-13,0.8154254648256607,1.9945110476123707e-07,15,22,hbr,False,S15_D22 hbr,mild_master_3,,
372,ShortHbO,7.0,5.9414888577755e-18,0.01967625674077675,0.000855047718034097,3.009492109328192,2573.259360522692,15,22,hbr,True,S15_D22 hbr,mild_master_3,,
373,az_itd=0_az=15,7.0,5.9414888577755e-18,1.1656356310946295e-06,1.8123044220135029e-09,-15.416917959175453,-0.027940148591233064,15,22,hbr,True,S15_D22 hbr,mild_master_3,,-0.023523184573131545
374,az_itd=0_az=5,7.0,5.9414888577755e-18,3.854883501371169e-05,1.8477246466691587e-09,-9.141065724083953,-0.01689017243521258,15,22,hbr,True,S15_D22 hbr,mild_master_3,,-0.0361577013972953
375,az_itd=15_az=0,7.0,5.9414888577755e-18,0.007912372422123212,1.8189042987128405e-09,-3.674942828008682,-0.006684369307388914,15,22,hbr,True,S15_D22 hbr,mild_master_3,,-0.01705535757851696
376,az_itd=5_az=0,7.0,5.9414888577755e-18,0.3354006304055649,1.8166054179681459e-09,1.034298692985982,0.0018789126094757073,15,22,hbr,False,S15_D22 hbr,mild_master_3,,0.036812704822056765
377,constant,7.0,5.9414888577755e-18,0.4637797424953314,2.2205901565634885e-09,0.7748743127034787,0.0017206782713632435,15,22,hbr,False,S15_D22 hbr,mild_master_3,,
385,Linear,7.0,2.751869941070983e-18,0.45260037073794657,1.664632943020171e-13,0.7952223265642985,1.3237532818240756e-07,16,16,hbr,False,S16_D16 hbr,mild_master_3,,
386,ShortHbO,7.0,2.751869941070983e-18,0.009806576744028477,0.0005819111261247479,-3.5139912025781896,-2044.8305778847314,16,16,hbr,True,S16_D16 hbr,mild_master_3,,
387,az_itd=0_az=15,7.0,2.751869941070983e-18,1.029473449096802e-06,1.2333815819302416e-09,-15.70008413727038,-0.019364194609664435,16,16,hbr,True,S16_D16 hbr,mild_master_3,,-0.008791717399808219
388,az_itd=0_az=5,7.0,2.751869941070983e-18,1.3915499499029894e-05,1.2574871638553692e-09,-10.671686392035305,-0.013419508654674414,16,16,hbr,True,S16_D16 hbr,mild_master_3,,-0.021755142466303026
389,az_itd=15_az=0,7.0,2.751869941070983e-18,0.0004615890259094046,1.2378731928677296e-09,-6.163083911486445,-0.0076291163594234615,16,16,hbr,True,S16_D16 hbr,mild_master_3,,-0.01629050606012484
390,az_itd=5_az=0,7.0,2.751869941070983e-18,0.008625410680173109,1.2363086669883466e-09,3.6098927798825726,0.00446294173066748,16,16,hbr,True,S16_D16 hbr,mild_master_3,,0.030188617305733353
391,constant,7.0,2.751869941070983e-18,0.4057473319036735,1.511244450354595e-09,0.8845658276414873,0.001336795197996517,16,16,hbr,False,S16_D16 hbr,mild_master_3,,
399,Linear,7.0,3.617541206733147e-18,0.4951149628285524,1.9085839890145226e-13,-0.7195548261345165,-1.3733308203784669e-07,16,17,hbr,False,S16_D17 hbr,mild_master_3,,
400,ShortHbO,7.0,3.617541206733147e-18,0.18388100103717198,0.0006671898829156155,1.4743631344249197,983.6801670320621,16,17,hbr,False,S16_D17 hbr,mild_master_3,,
401,az_itd=0_az=15,7.0,3.617541206733147e-18,6.897708084819007e-05,1.4141329771754603e-09,-8.355600875127072,-0.01181593074163333,16,17,hbr,True,S16_D17 hbr,mild_master_3,,-0.0033739592943702016
402,az_itd=0_az=5,7.0,3.617541206733147e-18,0.14792390997058413,1.4417712189278456e-09,-1.6262454630194467,-0.0023446739034934266,16,17,hbr,False,S16_D17 hbr,mild_master_3,,-0.024824023155557227
403,az_itd=15_az=0,7.0,3.617541206733147e-18,0.0035320598616822344,1.4192828312355505e-09,4.307929988701096,0.006114171071128225,16,17,hbr,True,S16_D17 hbr,mild_master_3,,-0.0003132358937357055
404,az_itd=5_az=0,7.0,3.617541206733147e-18,2.385989694135203e-05,1.4174890249455152e-09,9.835741236237503,0.013942055254570694,16,17,hbr,True,S16_D17 hbr,mild_master_3,,0.044152228619504526
405,constant,7.0,3.617541206733147e-18,0.6452539845313618,1.7327164967675894e-09,0.48090091910307303,0.0008332649558405906,16,17,hbr,False,S16_D17 hbr,mild_master_3,,
413,Linear,7.0,3.0388205981525192e-16,0.671170562046175,1.7492708682599882e-12,0.44294510633175377,7.748309707444597e-07,16,22,hbr,False,S16_D22 hbr,mild_master_3,,
414,ShortHbO,7.0,3.0388205981525192e-16,3.389575131536818e-08,0.00611498279614457,-25.76709196921521,-157565.32409842592,16,22,hbr,True,S16_D22 hbr,mild_master_3,,
415,az_itd=0_az=15,7.0,3.0388205981525192e-16,0.26642194498548394,1.296092618955726e-08,1.207580564226157,0.015651362560879133,16,22,hbr,False,S16_D22 hbr,mild_master_3,,0.003599923838192944
416,az_itd=0_az=5,7.0,3.0388205981525192e-16,2.5143157566881556e-05,1.3214238443173817e-08,-9.757702468619696,-0.12894060707788646,16,22,hbr,True,S16_D22 hbr,mild_master_3,,-0.09801339388139478
417,az_itd=15_az=0,7.0,3.0388205981525192e-16,0.027339768176316597,1.3008126049426972e-08,-2.778944054128008,-0.03614885454040273,16,22,hbr,True,S16_D22 hbr,mild_master_3,,0.018938215264685265
418,az_itd=5_az=0,7.0,3.0388205981525192e-16,0.0003111179671270741,1.2991685310614736e-08,-6.576222077482656,-0.08543620776337175,16,22,hbr,True,S16_D22 hbr,mild_master_3,,-0.039143839396055244
419,constant,7.0,3.0388205981525192e-16,0.39657782884770004,1.5880833687146596e-08,-0.9029133300493328,-0.014339016428421157,16,22,hbr,False,S16_D22 hbr,mild_master_3,,
427,Linear,7.0,1.8953747756438442e-18,0.7234671454856492,1.381503791400186e-13,-0.3683952723914335,-5.089394655426697e-08,16,23,hbr,False,S16_D23 hbr,mild_master_3,,
428,ShortHbO,7.0,1.8953747756438442e-18,0.002230490749772292,0.000482936752135122,-4.691536405052974,-2265.7153539799697,16,23,hbr,True,S16_D23 hbr,mild_master_3,,
429,az_itd=0_az=15,7.0,1.8953747756438442e-18,5.3367582454189025e-05,1.0236018329592442e-09,-8.694564754533957,-0.0088997724195238,16,23,hbr,True,S16_D23 hbr,mild_master_3,,-0.01394478265280231
430,az_itd=0_az=5,7.0,1.8953747756438442e-18,0.00014141255815495533,1.0436074161498851e-09,-7.465018244404947,-0.0077905484015551975,16,23,hbr,True,S16_D23 hbr,mild_master_3,,-0.006101310403510227
431,az_itd=15_az=0,7.0,1.8953747756438442e-18,0.00017087892084169964,1.0273294880952622e-09,7.243558535399998,0.007441521282160547,16,23,hbr,True,S16_D23 hbr,mild_master_3,,0.0065229898471513125
432,az_itd=5_az=0,7.0,1.8953747756438442e-18,0.0007358320422254524,1.0260310646541222e-09,5.699366411349788,0.005847726986891167,16,23,hbr,True,S16_D23 hbr,mild_master_3,,0.023815272752368593
433,constant,7.0,1.8953747756438442e-18,0.6359703224568816,1.2542043858085925e-09,0.49468280860670305,0.0006204333481386394,16,23,hbr,False,S16_D23 hbr,mild_master_3,,
441,Linear,7.0,4.879439920778664e-19,0.3227181572281192,7.00954003168638e-14,-1.0638367321097648,-7.457006160901817e-08,17,15,hbr,False,S17_D15 hbr,mild_master_3,,
442,ShortHbO,7.0,4.879439920778664e-19,1.7566194811145762e-05,0.0002450347597984366,10.303042054826276,2524.6034350975474,17,15,hbr,True,S17_D15 hbr,mild_master_3,,
443,az_itd=0_az=15,7.0,4.879439920778664e-19,2.219995392690594e-05,5.193599951950454e-10,9.944058525569464,0.0051645461880590075,17,15,hbr,True,S17_D15 hbr,mild_master_3,,0.004589681907556087
444,az_itd=0_az=5,7.0,4.879439920778664e-19,0.1092037744092421,5.295105237064369e-10,-1.8346161421769278,-0.000971448554244388,17,15,hbr,False,S17_D15 hbr,mild_master_3,,-0.0006512045654864136
445,az_itd=15_az=0,7.0,4.879439920778664e-19,8.651261364022319e-06,5.212513506920693e-10,11.4608059387431,0.0059739605755895295,17,15,hbr,True,S17_D15 hbr,mild_master_3,,0.00643883117492178
446,az_itd=5_az=0,7.0,4.879439920778664e-19,0.9641461902361738,5.205925503944945e-10,0.046583669268941294,2.4251111191451786e-05,17,15,hbr,False,S17_D15 hbr,mild_master_3,,-0.0025514259788549385
447,constant,7.0,4.879439920778664e-19,0.7785427309845481,6.363642217247682e-10,-0.2922837980883125,-0.00018599895169322828,17,15,hbr,False,S17_D15 hbr,mild_master_3,,
455,Linear,7.0,5.294581841573013e-19,0.09628001586436409,7.30163914388232e-14,-1.9203510028026534,-1.402171005205752e-07,17,16,hbr,False,S17_D16 hbr,mild_master_3,,
456,ShortHbO,7.0,5.294581841573013e-19,3.8394931306690774e-05,0.0002552457630127301,-9.146677332494583,-2334.650634763823,17,16,hbr,True,S17_D16 hbr,mild_master_3,,
457,az_itd=0_az=15,7.0,5.294581841573013e-19,0.0018565738163320148,5.410025841268135e-10,4.8498809789951265,0.0026237981423438434,17,16,hbr,True,S17_D16 hbr,mild_master_3,,-0.0048429959689437144
458,az_itd=0_az=5,7.0,5.294581841573013e-19,2.5987819620380627e-06,5.515761019289563e-10,13.702181414024498,0.007557795812271027,17,16,hbr,True,S17_D16 hbr,mild_master_3,,0.014261981871443005
459,az_itd=15_az=0,7.0,5.294581841573013e-19,2.5532489886383314e-06,5.429727555317329e-10,13.737968290923368,0.007459342498330233,17,16,hbr,True,S17_D16 hbr,mild_master_3,,0.0033305349861362733
460,az_itd=5_az=0,7.0,5.294581841573013e-19,0.009156958014711593,5.422865019374844e-10,3.5650816708051525,0.0019332956683823684,17,16,hbr,True,S17_D16 hbr,mild_master_3,,0.0007668327991596731
461,constant,7.0,5.294581841573013e-19,0.8307848246485294,6.628825700555852e-10,-0.22182214962252847,-0.0001470420366370362,17,16,hbr,False,S17_D16 hbr,mild_master_3,,
469,Linear,7.0,4.8344982545206526e-18,0.22254352708632025,2.2063796169124247e-13,1.338590431694146,2.953438643883967e-07,17,17,hbr,False,S17_D17 hbr,mild_master_3,,
470,ShortHbO,7.0,4.8344982545206526e-18,0.00633430251628792,0.0007712912644914784,-3.8448835143397027,-2965.525067597509,17,17,hbr,True,S17_D17 hbr,mild_master_3,,
471,az_itd=0_az=15,7.0,4.8344982545206526e-18,4.3049685596550477e-07,1.6347796033092875e-09,-17.83186315765019,-0.02915116617912888,17,17,hbr,True,S17_D17 hbr,mild_master_3,,-0.01373629220477272
472,az_itd=0_az=5,7.0,4.8344982545206526e-18,1.550839527950721e-06,1.666730229323523e-09,-14.784284338534828,-0.024641413625950324,17,17,hbr,True,S17_D17 hbr,mild_master_3,,-0.039295770707429796
473,az_itd=15_az=0,7.0,4.8344982545206526e-18,0.00022461841274138978,1.6407329871234958e-09,-6.932820728443945,-0.011374907662971523,17,17,hbr,True,S17_D17 hbr,mild_master_3,,-0.024204260899745013
474,az_itd=5_az=0,7.0,4.8344982545206526e-18,0.04037158259191675,1.6386592939259193e-09,2.5104289673037186,0.004113737759013086,17,17,hbr,True,S17_D17 hbr,mild_master_3,,0.027534340953142236
475,constant,7.0,4.8344982545206526e-18,0.42602948077235203,2.0030715872922595e-09,0.8450316616396034,0.0016926589117926558,17,17,hbr,False,S17_D17 hbr,mild_master_3,,
483,Linear,7.0,6.3143221396008125e-19,0.38847853267849186,7.973847034653336e-14,-0.9193821691861531,-7.331012783478158e-08,17,21,hbr,False,S17_D21 hbr,mild_master_3,,
484,ShortHbO,7.0,6.3143221396008125e-19,0.2730339119640733,0.0002787443518366907,1.1894632669898817,331.55616739064715,17,21,hbr,False,S17_D21 hbr,mild_master_3,,
485,az_itd=0_az=15,7.0,6.3143221396008125e-19,0.0005100135328719964,5.908086891412269e-10,6.061701672739148,0.0035813060192361984,17,21,hbr,True,S17_D21 hbr,mild_master_3,,-0.0011229910833773418
486,az_itd=0_az=5,7.0,6.3143221396008125e-19,0.009529739440641612,6.023556324934072e-10,3.5353025282111106,0.002129509390436145,17,21,hbr,True,S17_D21 hbr,mild_master_3,,-0.002839771766983193
487,az_itd=15_az=0,7.0,6.3143221396008125e-19,0.00022116214389455177,5.92960239649997e-10,6.9501583535662235,0.0041211675629360565,17,21,hbr,True,S17_D21 hbr,mild_master_3,,0.0008036603413803011
488,az_itd=5_az=0,7.0,6.3143221396008125e-19,0.8932757634429903,5.922108077649519e-10,-0.13911669999672568,-8.238641327865542e-05,17,21,hbr,False,S17_D21 hbr,mild_master_3,,-0.0020996304135878583
489,constant,7.0,6.3143221396008125e-19,0.7285002945306787,7.239092635781316e-10,-0.36134691124424384,-0.00026158237641505305,17,21,hbr,False,S17_D21 hbr,mild_master_3,,
497,Linear,7.0,2.0064662932010734e-18,0.6887143922367985,1.421413601983477e-13,0.41765179258015583,5.936559388662153e-08,17,22,hbr,False,S17_D22 hbr,mild_master_3,,
498,ShortHbO,7.0,2.0064662932010734e-18,0.0014926690230800384,0.0004968881538043769,-5.042278948175044,-2505.448677525373,17,22,hbr,True,S17_D22 hbr,mild_master_3,,
499,az_itd=0_az=15,7.0,2.0064662932010734e-18,4.748619194834859e-06,1.0531723310790565e-09,-12.532515613138997,-0.01319889868257427,17,22,hbr,True,S17_D22 hbr,mild_master_3,,-0.013077853817380383
500,az_itd=0_az=5,7.0,2.0064662932010734e-18,0.0005061692139889711,1.0737558490106057e-09,-6.069348266964498,-0.006516998201335514,17,22,hbr,True,S17_D22 hbr,mild_master_3,,-0.018209229283903405
501,az_itd=15_az=0,7.0,2.0064662932010734e-18,0.04517178660436169,1.0570076732234813e-09,-2.433742356746945,-0.00257248434573052,17,22,hbr,True,S17_D22 hbr,mild_master_3,,-0.00876412562781868
502,az_itd=5_az=0,7.0,2.0064662932010734e-18,0.007907186423375078,1.0556717400527874e-09,3.675438928952853,0.0038800570095854116,17,22,hbr,True,S17_D22 hbr,mild_master_3,,0.021320674208383496
503,constant,7.0,2.0064662932010734e-18,0.6258516628103472,1.2904366855546696e-09,0.5098235021716003,0.0006578949503601939,17,22,hbr,False,S17_D22 hbr,mild_master_3,,
511,Linear,7.0,4.033750644584127e-19,0.7716150608381528,6.373222148535718e-14,-0.3017431979214662,-1.923076432163085e-08,17,23,hbr,False,S17_D23 hbr,mild_master_3,,
512,ShortHbO,7.0,4.033750644584127e-19,7.676888999246795e-05,0.00022279078958806027,-8.217530484096162,-1830.7901050157393,17,23,hbr,True,S17_D23 hbr,mild_master_3,,
513,az_itd=0_az=15,7.0,4.033750644584127e-19,0.04427616050570565,4.722130995012146e-10,-2.4473938364970858,-0.0011556914292324577,17,23,hbr,True,S17_D23 hbr,mild_master_3,,-0.0011012734177095955
514,az_itd=0_az=5,7.0,4.033750644584127e-19,0.0009181123355622961,4.814421748521944e-10,5.488030711567169,0.002642169441432534,17,23,hbr,True,S17_D23 hbr,mild_master_3,,-0.004913130984752283
515,az_itd=15_az=0,7.0,4.033750644584127e-19,0.002756145041544718,4.739327599482478e-10,4.512687739312487,0.002138710555076986,17,23,hbr,True,S17_D23 hbr,mild_master_3,,0.0020863674167872636
516,az_itd=5_az=0,7.0,4.033750644584127e-19,0.4154258026568082,4.733337647746722e-10,0.8655262514033664,0.00040968279908806473,17,23,hbr,False,S17_D23 hbr,mild_master_3,,0.0009968053404465426
517,constant,7.0,4.033750644584127e-19,0.9624787945672548,5.785958185698889e-10,-0.0487519798368053,-2.8207691680579087e-05,17,23,hbr,False,S17_D23 hbr,mild_master_3,,
525,Linear,7.0,1.1015766005310196e-18,0.5633814869866551,1.0532025062935051e-13,-0.6064131354364825,-6.386758340910062e-08,18,15,hbr,False,S18_D15 hbr,mild_master_3,,
526,ShortHbO,7.0,1.1015766005310196e-18,0.688993325655794,0.00036817140922533936,-0.41725208973381706,-153.62028987951717,18,15,hbr,False,S18_D15 hbr,mild_master_3,,
527,az_itd=0_az=15,7.0,1.1015766005310196e-18,0.01097862634390009,7.803525568515906e-10,3.4304417737301716,0.0026769540092608447,18,15,hbr,True,S18_D15 hbr,mild_master_3,,-0.004106273291369205
528,az_itd=0_az=5,7.0,1.1015766005310196e-18,0.5567939234153858,7.956040027668359e-10,0.6169497600894442,0.000490847698633201,18,15,hbr,False,S18_D15 hbr,mild_master_3,,-0.0038469959146226283
529,az_itd=15_az=0,7.0,1.1015766005310196e-18,0.0002826693496626009,7.831943700672265e-10,6.679699579451375,0.0052315031043667385,18,15,hbr,True,S18_D15 hbr,mild_master_3,,0.0010804497518463897
530,az_itd=5_az=0,7.0,1.1015766005310196e-18,0.7808819477732607,7.822045046532106e-10,-0.28909641390534657,-0.0002261325172358512,18,15,hbr,False,S18_D15 hbr,mild_master_3,,-0.0016997912404489199
531,constant,7.0,1.1015766005310196e-18,0.7315524166948424,9.561545981709695e-10,-0.3570825693475775,-0.0003414261406083903,18,15,hbr,False,S18_D15 hbr,mild_master_3,,
539,Linear,7.0,8.983131142542323e-19,0.4854481376734707,9.510829644805731e-14,0.7363651081136591,7.003443099647966e-08,18,16,hbr,False,S18_D16 hbr,mild_master_3,,
540,ShortHbO,7.0,8.983131142542323e-19,0.00016392689830894793,0.0003324731504441022,-7.2917016917616335,-2424.2950335585797,18,16,hbr,True,S18_D16 hbr,mild_master_3,,
541,az_itd=0_az=15,7.0,8.983131142542323e-19,2.8559453919694377e-06,7.046888121471827e-10,-13.512613187737205,-0.009522187336270886,18,16,hbr,True,S18_D16 hbr,mild_master_3,,-0.016579659571851157
542,az_itd=0_az=5,7.0,8.983131142542323e-19,0.11897341147017115,7.184614629973357e-10,-1.7760872881977587,-0.0012760502714895322,18,16,hbr,False,S18_D16 hbr,mild_master_3,,0.00024289157190778335
543,az_itd=15_az=0,7.0,8.983131142542323e-19,0.2321823202260319,7.072550803828508e-10,-1.3080137628330675,-0.0009250993789743763,18,16,hbr,False,S18_D16 hbr,mild_master_3,,-0.006973067062525047
544,az_itd=5_az=0,7.0,8.983131142542323e-19,0.003102555060843137,7.06361193284431e-10,-4.414316439927619,-0.0031181018280423546,18,16,hbr,True,S18_D16 hbr,mild_master_3,,-0.005851269758114577
545,constant,7.0,8.983131142542323e-19,0.8055353228437959,8.634449161448837e-10,0.25569745482441797,0.00022078066743932975,18,16,hbr,False,S18_D16 hbr,mild_master_3,,
553,Linear,7.0,9.582995438882836e-19,0.2644432171170782,9.823249472074545e-14,-1.213075955885265,-1.1916347743236254e-07,18,21,hbr,False,S18_D21 hbr,mild_master_3,,
554,ShortHbO,7.0,9.582995438882836e-19,0.0016093329578805622,0.00034339451147278943,-4.97539519024758,-1708.5234007391339,18,21,hbr,True,S18_D21 hbr,mild_master_3,,
555,az_itd=0_az=15,7.0,9.582995438882836e-19,3.8857663938779454e-05,7.278370300410366e-10,9.129881407648524,0.006645065768369781,18,21,hbr,True,S18_D21 hbr,mild_master_3,,0.006050055393086426
556,az_itd=0_az=5,7.0,9.582995438882836e-19,0.6564134889274416,7.4206209664884e-10,-0.4644666923786453,-0.00034466312757004935,18,21,hbr,False,S18_D21 hbr,mild_master_3,,-0.005058505541070818
557,az_itd=15_az=0,7.0,9.582995438882836e-19,1.557167842427284e-05,7.304875972399766e-10,10.492303757448786,0.0076644977612907415,18,21,hbr,True,S18_D21 hbr,mild_master_3,,0.00442104177106536
558,az_itd=5_az=0,7.0,9.582995438882836e-19,0.8312716910560903,7.295643469773204e-10,-0.22117192765606425,-0.00016135915297011165,18,21,hbr,False,S18_D21 hbr,mild_master_3,,0.002287523685487845
559,constant,7.0,9.582995438882836e-19,0.8449060875550751,8.918080896673373e-10,-0.20300470897317988,-0.0001810412417028453,18,21,hbr,False,S18_D21 hbr,mild_master_3,,
567,Linear,7.0,1.1111283012376587e-18,0.9428667807047189,1.0577587768329884e-13,-0.07427860218000967,-7.85688433867912e-09,18,22,hbr,False,S18_D22 hbr,mild_master_3,,
568,ShortHbO,7.0,1.1111283012376587e-18,0.5098097433422157,0.0003697641594659716,-0.6944071541973947,-256.766877698957,18,22,hbr,False,S18_D22 hbr,mild_master_3,,
569,az_itd=0_az=15,7.0,1.1111283012376587e-18,5.20327210514838e-05,7.837284483292002e-10,-8.72865259526037,-0.006840893354488055,18,22,hbr,True,S18_D22 hbr,mild_master_3,,-0.0055285759270006975
570,az_itd=0_az=5,7.0,1.1111283012376587e-18,0.15479423282619648,7.99045873686474e-10,-1.594765939585802,-0.001274291143521768,18,22,hbr,False,S18_D22 hbr,mild_master_3,,-0.009589752273803433
571,az_itd=15_az=0,7.0,1.1111283012376587e-18,0.01712995362337605,7.865825555431468e-10,3.1079660909294278,0.0024446719103447135,18,22,hbr,True,S18_D22 hbr,mild_master_3,,0.0007932571751008309
572,az_itd=5_az=0,7.0,1.1111283012376587e-18,0.020627399620570846,7.855884078618584e-10,2.9761398522144735,0.0023380209680753947,18,22,hbr,True,S18_D22 hbr,mild_master_3,,0.01088547043391876
573,constant,7.0,1.1111283012376587e-18,0.865207701387812,9.602910287252128e-10,0.1760920162793304,0.00016909958346317513,18,22,hbr,False,S18_D22 hbr,mild_master_3,,
581,Linear,7.0,3.837183653344594e-18,0.21249824071136833,1.9656709783686452e-13,-1.371717225355162,-2.696344740409004e-07,18,23,hbr,False,S18_D23 hbr,mild_master_3,,
582,ShortHbO,7.0,3.837183653344594e-18,5.291696267335682e-08,0.0006871459665684225,-24.16315598229466,-16603.615172797425,18,23,hbr,True,S18_D23 hbr,mild_master_3,,
583,az_itd=0_az=15,7.0,3.837183653344594e-18,0.059557966600185655,1.4564306149414632e-09,-2.245891675484331,-0.003270985394017557,18,23,hbr,False,S18_D23 hbr,mild_master_3,,0.01460389429601746
584,az_itd=0_az=5,7.0,3.837183653344594e-18,0.0008166915187516586,1.484895534493603e-09,-5.599132883579215,-0.008314127415863065,18,23,hbr,True,S18_D23 hbr,mild_master_3,,-0.015226564967011033
585,az_itd=15_az=0,7.0,3.837183653344594e-18,0.08534631130799891,1.461734504488383e-09,2.0021655662678417,0.0029266344919122267,18,23,hbr,False,S18_D23 hbr,mild_master_3,,0.00747227090223433
586,az_itd=5_az=0,7.0,3.837183653344594e-18,0.000587252603675458,1.459887044284676e-09,5.920444174441803,0.00864317974667827,18,23,hbr,True,S18_D23 hbr,mild_master_3,,0.0037856775231437487
587,constant,7.0,3.837183653344594e-18,0.3425950198034385,1.7845431749614884e-09,1.01793311191773,0.0018165455874400943,18,23,hbr,False,S18_D23 hbr,mild_master_3,,
595,Linear,7.0,3.087186190047872e-18,0.4886796924224275,1.7631365328081807e-13,-0.7307211641172581,-1.28836117975126e-07,19,14,hbr,False,S19_D14 hbr,mild_master_3,,
596,ShortHbO,7.0,3.087186190047872e-18,0.01125880280440831,0.0006163453448521951,3.411892871402196,2102.9042884231326,19,14,hbr,True,S19_D14 hbr,mild_master_3,,
597,az_itd=0_az=15,7.0,3.087186190047872e-18,0.24153949741621272,1.3063661482323582e-09,1.2793677873389866,0.0016713227685185867,19,14,hbr,False,S19_D14 hbr,mild_master_3,,0.025976132533580294
598,az_itd=0_az=5,7.0,3.087186190047872e-18,0.0003648257933266824,1.3318981625511915e-09,6.407055362387957,0.008533545264528278,19,14,hbr,True,S19_D14 hbr,mild_master_3,,0.016780223023866808
599,az_itd=15_az=0,7.0,3.087186190047872e-18,0.06498170038826517,1.3111235473744642e-09,-2.1868348249755867,-0.002867210633244007,19,14,hbr,False,S19_D14 hbr,mild_master_3,,0.008067057642852819
600,az_itd=5_az=0,7.0,3.087186190047872e-18,0.30956153814913684,1.3094664416767605e-09,-1.0954761308469279,-0.001434489231001952,19,14,hbr,False,S19_D14 hbr,mild_master_3,,0.005328945517046002
601,constant,7.0,3.087186190047872e-18,0.7537056313880888,1.600671374188657e-09,0.3263420889679546,0.0005223664400039328,19,14,hbr,False,S19_D14 hbr,mild_master_3,,
609,Linear,7.0,2.5519690509373766e-18,0.01894444318833062,1.6030321569688623e-13,-3.036339245919888,-4.867349450676166e-07,19,15,hbr,True,S19_D15 hbr,mild_master_3,,
610,ShortHbO,7.0,2.5519690509373766e-18,0.02220770921064755,0.0005603771399498434,-2.9241722223824347,-1638.6392666994464,19,15,hbr,True,S19_D15 hbr,mild_master_3,,
611,az_itd=0_az=15,7.0,2.5519690509373766e-18,5.414703005239601e-07,1.187739522960615e-09,17.24567200139237,0.02048336623606901,19,15,hbr,True,S19_D15 hbr,mild_master_3,,0.0220037071282873
612,az_itd=0_az=5,7.0,2.5519690509373766e-18,3.395768816094667e-05,1.2109530627084935e-09,9.320405938483551,0.011286574116893086,19,15,hbr,True,S19_D15 hbr,mild_master_3,,-0.0020943789026133587
613,az_itd=15_az=0,7.0,2.5519690509373766e-18,3.2199253961562146e-06,1.1920649190183927e-09,13.27516162254762,0.015824854464538303,19,15,hbr,True,S19_D15 hbr,mild_master_3,,0.009672420365419718
614,az_itd=5_az=0,7.0,2.5519690509373766e-18,1.1337058286383941e-06,1.1905582894003876e-09,15.479808212353847,0.018429613985546066,19,15,hbr,True,S19_D15 hbr,mild_master_3,,0.012550513629942837
615,constant,7.0,2.5519690509373766e-18,0.7973835771615091,1.4553199016738393e-09,-0.26670324524215394,-0.0003881385406419053,19,15,hbr,False,S19_D15 hbr,mild_master_3,,
623,Linear,7.0,7.933577495499767e-19,0.004601340548122574,8.937973588491222e-14,-4.095096697945728,-3.660186612855653e-07,19,21,hbr,True,S19_D21 hbr,mild_master_3,,
624,ShortHbO,7.0,7.933577495499767e-19,6.753809792016416e-06,0.0003124476358563304,-11.892546503114035,-3715.7980392094496,19,21,hbr,True,S19_D21 hbr,mild_master_3,,
625,az_itd=0_az=15,7.0,7.933577495499767e-19,1.6229322351665126e-07,6.622440130148523e-10,20.54709008380404,0.013607187392876067,19,21,hbr,True,S19_D21 hbr,mild_master_3,,0.013717308135049391
626,az_itd=0_az=5,7.0,7.933577495499767e-19,7.266415875977153e-07,6.751871098990879e-10,16.520872150831718,0.011154679920532394,19,21,hbr,True,S19_D21 hbr,mild_master_3,,0.010397351961366782
627,az_itd=15_az=0,7.0,7.933577495499767e-19,8.923420949685078e-07,6.646557098455187e-10,16.03207740843298,0.010655811790200326,19,21,hbr,True,S19_D21 hbr,mild_master_3,,0.004195372996887361
628,az_itd=5_az=0,7.0,7.933577495499767e-19,8.336159366444757e-07,6.638156633327382e-10,16.19251897673185,0.010748847725567204,19,21,hbr,True,S19_D21 hbr,mild_master_3,,0.0104403599205805
629,constant,7.0,7.933577495499767e-19,0.7233341957553852,8.114379232767369e-10,-0.3685817303594694,-0.00029908119384063406,19,21,hbr,False,S19_D21 hbr,mild_master_3,,
665,Linear,7.0,3.3127123810372914e-17,0.007253075744199491,5.775590565145374e-13,-3.741017456927961,-2.160658512827727e-06,20,12,hbr,True,S20_D12 hbr,mild_master_3,,
666,ShortHbO,7.0,3.3127123810372914e-17,1.893498302351918e-05,0.0020189918888073384,-10.186753742767715,-20566.97317992581,20,12,hbr,True,S20_D12 hbr,mild_master_3,,
667,az_itd=0_az=15,7.0,3.3127123810372914e-17,0.00013767989169967336,4.279325996574406e-09,7.496749446418116,0.032081034795861836,20,12,hbr,True,S20_D12 hbr,mild_master_3,,0.03777428204070438
668,az_itd=0_az=5,7.0,3.3127123810372914e-17,5.424537058507732e-07,4.362962435537045e-09,17.24110885863191,0.07522231029721602,20,12,hbr,True,S20_D12 hbr,mild_master_3,,0.04895385519230086
669,az_itd=15_az=0,7.0,3.3127123810372914e-17,2.754613120540105e-07,4.294910036204063e-09,19.028538458075012,0.08172586079788137,20,12,hbr,True,S20_D12 hbr,mild_master_3,,0.05231146735045687
670,az_itd=5_az=0,7.0,3.3127123810372914e-17,6.90627650920155e-07,4.289481775910538e-09,16.644008416595643,0.07139417078108862,20,12,hbr,True,S20_D12 hbr,mild_master_3,,0.036135053536195914
671,constant,7.0,3.3127123810372914e-17,0.7085390859619055,5.2433956841322354e-09,0.3894233244856656,0.002041900578908566,20,12,hbr,False,S20_D12 hbr,mild_master_3,,
679,Linear,7.0,8.81536990269812e-19,0.03194335478480259,9.421603059882877e-14,-2.67121543924213,-2.516713155597003e-07,20,13,hbr,True,S20_D13 hbr,mild_master_3,,
680,ShortHbO,7.0,8.81536990269812e-19,0.0006224546174236216,0.00032935402783329276,-5.862817268030632,-1930.9424816764702,20,13,hbr,True,S20_D13 hbr,mild_master_3,,
681,az_itd=0_az=15,7.0,8.81536990269812e-19,5.3001827496321664e-05,6.980777194781455e-10,8.703808124244132,0.006075934526147699,20,13,hbr,True,S20_D13 hbr,mild_master_3,,0.007130507885950311
682,az_itd=0_az=5,7.0,8.81536990269812e-19,1.8571372777421275e-06,7.117211611376613e-10,14.397659882189693,0.010247119209017172,20,13,hbr,True,S20_D13 hbr,mild_master_3,,0.005045282541423924
683,az_itd=15_az=0,7.0,8.81536990269812e-19,5.100562225251755e-05,7.006199120696042e-10,8.755561864326818,0.006134320983504635,20,13,hbr,True,S20_D13 hbr,mild_master_3,,0.017120525508522066
684,az_itd=5_az=0,7.0,8.81536990269812e-19,1.7946983959160532e-06,6.997344110422295e-10,14.470278103607754,0.010125351526445241,20,13,hbr,True,S20_D13 hbr,mild_master_3,,0.01298758967454024
685,constant,7.0,8.81536990269812e-19,0.9221572948707444,8.553444407905928e-10,-0.10129420054937212,-8.664143132423285e-05,20,13,hbr,False,S20_D13 hbr,mild_master_3,,
693,Linear,7.0,5.444658831176439e-19,0.0056157763090446755,7.404399939819034e-14,-3.938271327215329,-2.916053597822421e-07,20,20,hbr,True,S20_D20 hbr,mild_master_3,,
694,ShortHbO,7.0,5.444658831176439e-19,0.0016600526534784046,0.00025883800541882577,-4.947977192020353,-1280.7245472403906,20,20,hbr,True,S20_D20 hbr,mild_master_3,,
695,az_itd=0_az=15,7.0,5.444658831176439e-19,3.833771627974926e-05,5.48616471235336e-10,9.148769994567465,0.005019165910563327,20,20,hbr,True,S20_D20 hbr,mild_master_3,,0.008036156307655461
696,az_itd=0_az=5,7.0,5.444658831176439e-19,1.8730886657499015e-06,5.593387971453282e-10,14.37955323070572,0.008043042007550157,20,20,hbr,True,S20_D20 hbr,mild_master_3,,0.009868712825874093
697,az_itd=15_az=0,7.0,5.444658831176439e-19,1.537051973224481e-07,5.506143701652279e-10,20.709646919088097,0.011403029194697947,20,20,hbr,True,S20_D20 hbr,mild_master_3,,0.014095165255054616
698,az_itd=5_az=0,7.0,5.444658831176439e-19,9.646004856846317e-08,5.499184584703571e-10,22.15492636710899,0.012183402955324845,20,20,hbr,True,S20_D20 hbr,mild_master_3,,0.01055519242824901
699,constant,7.0,5.444658831176439e-19,0.8055143435499705,6.722117548001584e-10,-0.2557257336775799,-0.00017190184418296395,20,20,hbr,False,S20_D20 hbr,mild_master_3,,
707,Linear,7.0,1.9779893830100834e-18,0.015410533993874547,1.4112908015829375e-13,3.183726311466223,4.4931636581298556e-07,21,11,hbr,True,S21_D11 hbr,mild_master_3,,
708,ShortHbO,7.0,1.9779893830100834e-18,3.7414598786532404e-07,0.0004933494937019721,-18.199833564517633,-8978.878674514932,21,11,hbr,True,S21_D11 hbr,mild_master_3,,
709,az_itd=0_az=15,7.0,1.9779893830100834e-18,4.8711534784299063e-08,1.0456720135922901e-09,-24.453739793018837,-0.02557059132922792,21,11,hbr,True,S21_D11 hbr,mild_master_3,,-0.015868111122847597
710,az_itd=0_az=5,7.0,1.9779893830100834e-18,2.58224423044388e-07,1.066108943054958e-09,-19.20802032303656,-0.02047784224477066,21,11,hbr,True,S21_D11 hbr,mild_master_3,,-0.008580112953115393
711,az_itd=15_az=0,7.0,1.9779893830100834e-18,1.1734726753978546e-07,1.0494800417987156e-09,-21.535309667722096,-0.02260087769022927,21,11,hbr,True,S21_D11 hbr,mild_master_3,,-0.019622019562901112
712,az_itd=5_az=0,7.0,1.9779893830100834e-18,6.296613017728499e-05,1.048153622667297e-09,-8.47475646912082,-0.008882846694332099,21,11,hbr,True,S21_D11 hbr,mild_master_3,,-0.0011802433652127085
713,constant,7.0,1.9779893830100834e-18,0.4295751523107113,1.281246656010014e-09,0.8382603144501095,0.0010740182247551055,21,11,hbr,False,S21_D11 hbr,mild_master_3,,
721,Linear,7.0,6.197309910167594e-19,0.23643046234446966,7.899618898538274e-14,1.2948870407643593,1.0229114138694433e-07,21,12,hbr,False,S21_D12 hbr,mild_master_3,,
722,ShortHbO,7.0,6.197309910167594e-19,0.00031335635225131805,0.00027614953485568774,-6.568535335248796,-1813.8979775121038,21,12,hbr,True,S21_D12 hbr,mild_master_3,,
723,az_itd=0_az=15,7.0,6.197309910167594e-19,5.681493803017468e-06,5.853088811307459e-10,-12.202798307728333,-0.00714240622416063,21,12,hbr,True,S21_D12 hbr,mild_master_3,,-0.003982722439268028
724,az_itd=0_az=5,7.0,6.197309910167594e-19,0.0012460570597042388,5.967483345750895e-10,-5.2050651087292525,-0.0031061139349890885,21,12,hbr,True,S21_D12 hbr,mild_master_3,,0.003582873007369099
725,az_itd=15_az=0,7.0,6.197309910167594e-19,2.7207665363282366e-05,5.874404029653603e-10,-9.641175234275577,-0.005663615864682497,21,12,hbr,True,S21_D12 hbr,mild_master_3,,-0.012147019858939675
726,az_itd=5_az=0,7.0,6.197309910167594e-19,0.00013622034613463858,5.866979475035813e-10,-7.509421722577049,-0.004405762311574763,21,12,hbr,True,S21_D12 hbr,mild_master_3,,-0.002395292241323816
727,constant,7.0,6.197309910167594e-19,0.7187234275031052,7.171704290960668e-10,0.3750571464516788,0.0002689798946562969,21,12,hbr,False,S21_D12 hbr,mild_master_3,,
735,Linear,7.0,3.2337358604716215e-18,0.8597529014571493,1.804499658610157e-13,-0.1833079778516141,-3.307791834537559e-08,21,19,hbr,False,S21_D19 hbr,mild_master_3,,
736,ShortHbO,7.0,3.2337358604716215e-18,5.180030204550084e-06,0.0006308047866266669,-12.371650123652504,-7804.096116470396,21,19,hbr,True,S21_D19 hbr,mild_master_3,,
737,az_itd=0_az=15,7.0,3.2337358604716215e-18,4.1337119279803395e-06,1.3370134556457637e-09,-12.79306917023922,-0.017104505619616822,21,19,hbr,True,S21_D19 hbr,mild_master_3,,0.0015485506437512508
738,az_itd=0_az=5,7.0,3.2337358604716215e-18,0.0015979571994777849,1.363144450191367e-09,4.981676344919564,0.006790744462226718,21,19,hbr,True,S21_D19 hbr,mild_master_3,,0.01991145726702134
739,az_itd=15_az=0,7.0,3.2337358604716215e-18,0.325937331701506,1.3418824632172476e-09,1.0562529589223868,0.0014173673222992787,21,19,hbr,False,S21_D19 hbr,mild_master_3,,0.00121156400028367
740,az_itd=5_az=0,7.0,3.2337358604716215e-18,0.2989927474873985,1.34018648187369e-09,1.1216896332996238,0.0015032732834060125,21,19,hbr,False,S21_D19 hbr,mild_master_3,,0.02157530963641815
741,constant,7.0,3.2337358604716215e-18,0.6329967554512086,1.638223072645461e-09,0.4991190620318111,0.0008176683634176742,21,19,hbr,False,S21_D19 hbr,mild_master_3,,
749,Linear,7.0,1.9233698763445342e-17,0.011424241785861895,4.400843632262591e-13,3.401172038852588,1.4968026309413986e-06,22,10,hbr,True,S22_D10 hbr,mild_master_3,,
750,ShortHbO,7.0,1.9233698763445342e-17,2.917286497069648e-06,0.0015384171535753504,-13.470259906896228,-20722.878903887457,22,10,hbr,True,S22_D10 hbr,mild_master_3,,
751,az_itd=0_az=15,7.0,1.9233698763445342e-17,1.7691691181435802e-08,3.2607305434792735e-09,-28.297577430302212,-0.09227077503345615,22,10,hbr,True,S22_D10 hbr,mild_master_3,,-0.05950657875316758
752,az_itd=0_az=5,7.0,1.9233698763445342e-17,6.118927013694305e-06,3.3244592454504778e-09,-12.06879794571051,-0.04012222691209104,22,10,hbr,True,S22_D10 hbr,mild_master_3,,-0.013756787356835182
753,az_itd=15_az=0,7.0,1.9233698763445342e-17,1.9724579081258861e-07,3.272605159727695e-09,-19.97404707440218,-0.06536716951633244,22,10,hbr,True,S22_D10 hbr,mild_master_3,,-0.02712273141020678
754,az_itd=5_az=0,7.0,1.9233698763445342e-17,9.747747434551135e-07,3.2684689723581833e-09,-15.826098260638688,-0.05172711111838936,22,10,hbr,True,S22_D10 hbr,mild_master_3,,0.009017962482631241
755,constant,7.0,1.9233698763445342e-17,0.3966010691657339,3.995325542499857e-09,0.9028664345174676,0.0036072453272934135,22,10,hbr,False,S22_D10 hbr,mild_master_3,,
763,Linear,7.0,9.103923758711783e-19,0.8147173314722771,9.574560304697581e-14,-0.24334247133193582,-2.329897166461762e-08,22,11,hbr,False,S22_D11 hbr,mild_master_3,,
764,ShortHbO,7.0,9.103923758711783e-19,0.11685770411794731,0.00033470100375085306,-1.7883600138029159,-598.5658916877253,22,11,hbr,False,S22_D11 hbr,mild_master_3,,
765,az_itd=0_az=15,7.0,9.103923758711783e-19,0.7620188158480522,7.094108274385691e-10,0.3148971349104959,0.00022339143703488962,22,11,hbr,False,S22_D11 hbr,mild_master_3,,-0.011464347324185956
766,az_itd=0_az=5,7.0,9.103923758711783e-19,0.00042976869060374864,7.232757667808854e-10,-6.236423807002043,-0.004510654210979971,22,11,hbr,True,S22_D11 hbr,mild_master_3,,-0.01107533855390778
767,az_itd=15_az=0,7.0,9.103923758711783e-19,0.005833316703537203,7.119942918573491e-10,3.9086820425801796,0.002782959303002412,22,11,hbr,True,S22_D11 hbr,mild_master_3,,-0.0069594314532012615
768,az_itd=5_az=0,7.0,9.103923758711783e-19,7.176162357417913e-05,7.110944149539619e-10,8.304321043071011,0.005905156313712455,22,11,hbr,True,S22_D11 hbr,mild_master_3,,0.011847228776636
769,constant,7.0,9.103923758711783e-19,0.7580603440238767,8.692307325606188e-10,-0.3203409577514204,-0.00027845020537543743,22,11,hbr,False,S22_D11 hbr,mild_master_3,,
777,Linear,7.0,4.890940113456782e-19,0.18741200168928154,7.017795448368727e-14,-1.4609519271364737,-1.0252661784543866e-07,22,12,hbr,False,S22_D12 hbr,mild_master_3,,
778,ShortHbO,7.0,4.890940113456782e-19,0.13033696461630873,0.00024532334707158874,1.713538682946313,420.3710450370314,22,12,hbr,False,S22_D12 hbr,mild_master_3,,
779,az_itd=0_az=15,7.0,4.890940113456782e-19,0.01956537304756755,5.19971666310282e-10,3.01349117032899,0.001566930025247287,22,12,hbr,True,S22_D12 hbr,mild_master_3,,7.283848105476495e-05
780,az_itd=0_az=5,7.0,4.890940113456782e-19,0.00014363109035804098,5.301341495065784e-10,7.446602832405863,0.00394769845927076,22,12,hbr,True,S22_D12 hbr,mild_master_3,,0.0028786010745701935
781,az_itd=15_az=0,7.0,4.890940113456782e-19,0.0004726387320263013,5.218652493326002e-10,6.1389332761932245,0.003203695944816773,22,12,hbr,True,S22_D12 hbr,mild_master_3,,-0.0027589418849158923
782,az_itd=5_az=0,7.0,4.890940113456782e-19,5.089494434343407e-05,5.212056731394685e-10,8.75849809371509,0.0045649788946255255,22,12,hbr,True,S22_D12 hbr,mild_master_3,,0.00750683646522502
783,constant,7.0,4.890940113456782e-19,0.5304689970116592,6.371136934145406e-10,-0.6598249177732214,-0.0004203834903694426,22,12,hbr,False,S22_D12 hbr,mild_master_3,,
791,Linear,7.0,7.681911949939136e-18,0.012908520315503326,2.7812446654698007e-13,3.311860322435974,9.211093854556148e-07,22,19,hbr,True,S22_D19 hbr,mild_master_3,,
792,ShortHbO,7.0,7.681911949939136e-18,0.0003544124914178918,0.0009722487002904208,-6.4375724830331285,-6258.921479654336,22,19,hbr,True,S22_D19 hbr,mild_master_3,,
793,az_itd=0_az=15,7.0,7.681911949939136e-18,8.050515541408314e-09,2.0607161234046427e-09,-31.691153368385315,-0.06530647071552097,22,19,hbr,True,S22_D19 hbr,mild_master_3,,-0.05105767364778034
794,az_itd=0_az=5,7.0,7.681911949939136e-18,6.548140869127049e-07,2.100991381333678e-09,-16.77394046979694,-0.035241904358047554,22,19,hbr,True,S22_D19 hbr,mild_master_3,,-0.030098447552990966
795,az_itd=15_az=0,7.0,7.681911949939136e-18,6.606010807084892e-07,2.0682206420504104e-09,-16.75240415028013,-0.03464766806758033,22,19,hbr,True,S22_D19 hbr,mild_master_3,,-0.0324821432561274
796,az_itd=5_az=0,7.0,7.681911949939136e-18,6.657840806167382e-06,2.0656066548202114e-09,-11.917950634932991,-0.02461779814333635,22,19,hbr,True,S22_D19 hbr,mild_master_3,,0.01544651798695971
797,constant,7.0,7.681911949939136e-18,0.38890692691300455,2.524965388552104e-09,0.9185047200841395,0.002319192627434191,22,19,hbr,False,S22_D19 hbr,mild_master_3,,
847,Linear,7.0,1.4466505666605607e-15,0.20837882346381403,3.8166853120426645e-12,-1.3857028923983972,-5.288791876271999e-06,23,9,hbr,False,S23_D9 hbr,mild_master_3,,
848,ShortHbO,7.0,1.4466505666605607e-15,0.00028331125783489873,0.013342110387200352,-6.677237717089554,-89088.4427029865,23,9,hbr,True,S23_D9 hbr,mild_master_3,,
849,az_itd=0_az=15,7.0,1.4466505666605607e-15,0.0033030574692171693,2.827908331164186e-08,4.362759878807681,0.12337485008149096,23,9,hbr,True,S23_D9 hbr,mild_master_3,,0.11287934516753934
850,az_itd=0_az=5,7.0,1.4466505666605607e-15,4.895078893158825e-06,2.8831778251734488e-08,-12.476102554580267,-0.3597082222995564,23,9,hbr,True,S23_D9 hbr,mild_master_3,,0.04924879551532906
851,az_itd=15_az=0,7.0,1.4466505666605607e-15,0.12748788687985127,2.8382067369264904e-08,1.728718271125395,0.049064598433560105,23,9,hbr,False,S23_D9 hbr,mild_master_3,,-0.4100229615379339
852,az_itd=5_az=0,7.0,1.4466505666605607e-15,0.01804371600054204,2.8346195779860224e-08,3.0709372909544292,0.08704938967706782,23,9,hbr,True,S23_D9 hbr,mild_master_3,,0.149465860984753
853,constant,7.0,1.4466505666605607e-15,0.10625851166064221,3.464994803064209e-08,1.8532537095134225,0.06421514472223477,23,9,hbr,False,S23_D9 hbr,mild_master_3,,
805,Linear,7.0,2.4836406382962094e-18,0.05763122280113296,1.581426134057667e-13,2.2681885776017854,3.58697269359055e-07,23,10,hbr,False,S23_D10 hbr,mild_master_3,,
806,ShortHbO,7.0,2.4836406382962094e-18,0.6359652088828871,0.0005528242525844645,0.4946904282824273,273.47686627592145,23,10,hbr,False,S23_D10 hbr,mild_master_3,,
807,az_itd=0_az=15,7.0,2.4836406382962094e-18,2.2077234054448547e-08,1.1717309062687681e-09,-27.40941573774446,-0.03211645954268475,23,10,hbr,True,S23_D10 hbr,mild_master_3,,-0.027054986567684652
808,az_itd=0_az=5,7.0,2.4836406382962094e-18,4.928278101683157e-06,1.1946315687799287e-09,-12.463581691055923,-0.014889388148202932,23,10,hbr,True,S23_D10 hbr,mild_master_3,,-0.020500450854724583
809,az_itd=15_az=0,7.0,2.4836406382962094e-18,3.135804079296761e-05,1.1759980036792492e-09,-9.434596061111405,-0.01109506613338712,23,10,hbr,True,S23_D10 hbr,mild_master_3,,-0.013811433520743382
810,az_itd=5_az=0,7.0,2.4836406382962094e-18,0.0012009585927777557,1.1745116807493563e-09,-5.238701834366502,-0.006152916496426537,23,10,hbr,True,S23_D10 hbr,mild_master_3,,0.022078368282935745
811,constant,7.0,2.4836406382962094e-18,0.41970160588196836,1.4357047772972083e-09,0.8572172562276369,0.0012307109099476234,23,10,hbr,False,S23_D10 hbr,mild_master_3,,
819,Linear,7.0,3.421383211839941e-18,0.03189016237913619,1.8561171899519563e-13,2.6723651409539606,4.96022287595303e-07,23,11,hbr,True,S23_D11 hbr,mild_master_3,,
820,ShortHbO,7.0,3.421383211839941e-18,0.0004782604854501908,0.0006488488941380738,-6.126887775399735,-3975.424357576201,23,11,hbr,True,S23_D11 hbr,mild_master_3,,
821,az_itd=0_az=15,7.0,3.421383211839941e-18,1.053618058048642e-08,1.3752585911446294e-09,-30.48852163599472,-0.041929601311200645,23,11,hbr,True,S23_D11 hbr,mild_master_3,,-0.022841704996003645
822,az_itd=0_az=5,7.0,3.421383211839941e-18,9.653521825524724e-07,1.4021370601624579e-09,-15.848618478115473,-0.022221935320541238,23,11,hbr,True,S23_D11 hbr,mild_master_3,,-0.03059803595678515
823,az_itd=15_az=0,7.0,3.421383211839941e-18,1.4501823200697022e-05,1.3802668761882508e-09,-10.605533483260842,-0.01463846657125034,23,11,hbr,True,S23_D11 hbr,mild_master_3,,-0.02116792652336343
824,az_itd=5_az=0,7.0,3.421383211839941e-18,4.678073062307118e-05,1.378522381468845e-09,-8.873085472849983,-0.012231746917009772,23,11,hbr,True,S23_D11 hbr,mild_master_3,,0.026964991348028
825,constant,7.0,3.421383211839941e-18,0.3244011685533437,1.6850842789602716e-09,1.0598643841104727,0.001785960811494468,23,11,hbr,False,S23_D11 hbr,mild_master_3,,
833,Linear,7.0,5.725612256968168e-18,0.4584097634525761,2.401129037404007e-13,0.7846058284338083,1.8839398375688437e-07,23,19,hbr,False,S23_D19 hbr,mild_master_3,,
834,ShortHbO,7.0,5.725612256968168e-18,0.03744211185298592,0.0008393704497951093,-2.5620017154521566,-2150.4685322749187,23,19,hbr,True,S23_D19 hbr,mild_master_3,,
835,az_itd=0_az=15,7.0,5.725612256968168e-18,2.7259657451793995e-07,1.7790758875640653e-09,-19.057465592266524,-0.0339046775132832,23,19,hbr,True,S23_D19 hbr,mild_master_3,,-0.01584037091147156
836,az_itd=0_az=5,7.0,5.725612256968168e-18,0.00226876571542029,1.8138466837126329e-09,-4.677009484263395,-0.00848337814272369,23,19,hbr,True,S23_D19 hbr,mild_master_3,,-0.0256945381836679
837,az_itd=15_az=0,7.0,5.725612256968168e-18,0.004854640633585461,1.7855547557685814e-09,-4.052627426957248,-0.007236188175561704,23,19,hbr,True,S23_D19 hbr,mild_master_3,,-0.001914412096465331
838,az_itd=5_az=0,7.0,5.725612256968168e-18,0.005090917450804227,1.7832980249171897e-09,4.015143284450944,0.007160197088920887,23,19,hbr,True,S23_D19 hbr,mild_master_3,,0.03470062088503762
839,constant,7.0,5.725612256968168e-18,0.6323381747883934,2.179875718294076e-09,0.50010306093052,0.0010901625191669835,23,19,hbr,False,S23_D19 hbr,mild_master_3,,
875,Linear,7.0,4.2150823748149096e-18,0.04184540752536924,2.0601913815679665e-13,-2.4859260880474854,-5.121483501810399e-07,24,9,hbr,True,S24_D9 hbr,mild_master_3,,
876,ShortHbO,7.0,4.2150823748149096e-18,0.02236444615253561,0.0007201877698669265,-2.919232613823474,-2102.395625872326,24,9,hbr,True,S24_D9 hbr,mild_master_3,,
877,az_itd=0_az=15,7.0,4.2150823748149096e-18,0.195449743345538,1.5264639066118483e-09,1.4312537391929614,0.0021847571740813035,24,9,hbr,False,S24_D9 hbr,mild_master_3,,0.01059191794903951
878,az_itd=0_az=5,7.0,4.2150823748149096e-18,1.7969633668241138e-07,1.5562975779554691e-09,20.245854104324103,0.031508573706199396,24,9,hbr,True,S24_D9 hbr,mild_master_3,,0.02507583771606931
879,az_itd=15_az=0,7.0,4.2150823748149096e-18,0.0002940180806395469,1.5320228366940444e-09,6.637075061739615,0.010168150563437625,24,9,hbr,True,S24_D9 hbr,mild_master_3,,0.015366338840979914
880,az_itd=5_az=0,7.0,4.2150823748149096e-18,1.6260860199131693e-06,1.5300865403192428e-09,14.681714159606365,0.022464293224428142,24,9,hbr,True,S24_D9 hbr,mild_master_3,,0.05148326562081728
881,constant,7.0,4.2150823748149096e-18,0.9589539458233228,1.87035394506501e-09,-0.05333663129435967,-9.975837875788349e-05,24,9,hbr,False,S24_D9 hbr,mild_master_3,,
861,Linear,7.0,2.6690744192900604e-18,0.7404673744873147,1.6393997870416657e-13,-0.3446681017585058,-5.650488126229497e-08,24,10,hbr,False,S24_D10 hbr,mild_master_3,,
862,ShortHbO,7.0,2.6690744192900604e-18,0.003722814737701387,0.0005730902901123997,4.2651613474349945,2444.3225539777145,24,10,hbr,True,S24_D10 hbr,mild_master_3,,
863,az_itd=0_az=15,7.0,2.6690744192900604e-18,8.162802211216749e-07,1.2146855024321415e-09,-16.242355281760922,-0.01972935348610711,24,10,hbr,True,S24_D10 hbr,mild_master_3,,-0.015383903421163482
864,az_itd=0_az=5,7.0,2.6690744192900604e-18,0.010127626448352082,1.238425682536273e-09,-3.490075493068715,-0.004322199124606743,24,10,hbr,True,S24_D10 hbr,mild_master_3,,-0.011661239391898552
865,az_itd=15_az=0,7.0,2.6690744192900604e-18,5.7809021115093155e-05,1.2191090277776343e-09,8.587727368991667,0.01046937596363081,24,10,hbr,True,S24_D10 hbr,mild_master_3,,0.009733755006756429
866,az_itd=5_az=0,7.0,2.6690744192900604e-18,0.00015672476444729178,1.21756821759228e-09,7.344065826789292,0.008941901138604214,24,10,hbr,True,S24_D10 hbr,mild_master_3,,0.031355664248231455
867,constant,7.0,2.6690744192900604e-18,0.5930879349553905,1.4883364170266822e-09,0.5597704211288699,0.0008331267029404591,24,10,hbr,False,S24_D10 hbr,mild_master_3,,
