,Condition,df,mse,p_value,se,t,theta,Source,Detector,Chroma,Significant,ch_name,ID,mean_hbo,mean_hbr
658,Linear,7.0,1.7156642099551976e-16,0.2943623824714811,1.4608532792420896e-12,-1.1334129606873204,-1.6557500403555577e-06,1,7,hbo,False,S1_D7 hbo,mild_master_42,,
659,ShortHbO,7.0,1.7156642099551976e-16,3.1541306428595907e-12,0.0033973168681864186,97.46369870602226,331115.06764980825,1,7,hbo,True,S1_D7 hbo,mild_master_42,,
660,az_itd=0_az=15,7.0,1.7156642099551976e-16,6.576539851691703e-07,9.818152322308253e-09,16.763344789289814,0.16458507257261976,1,7,hbo,True,S1_D7 hbo,mild_master_42,0.0559635389653357,
661,az_itd=0_az=5,7.0,1.7156642099551976e-16,0.010551267417364297,9.829768702907272e-09,-3.459740468538111,-0.034008448577817665,1,7,hbo,True,S1_D7 hbo,mild_master_42,-0.16647853879087,
662,az_itd=15_az=0,7.0,1.7156642099551976e-16,3.314049734467613e-05,9.843101518243412e-09,9.355202689905404,0.09208420980048274,1,7,hbo,True,S1_D7 hbo,mild_master_42,-0.010154265182025437,
663,az_itd=5_az=0,7.0,1.7156642099551976e-16,0.0034276547354148094,9.839514186835334e-09,4.332427442847892,0.04262898128733657,1,7,hbo,True,S1_D7 hbo,mild_master_42,0.1054995547674407,
664,constant,7.0,1.7156642099551976e-16,0.7485412050039045,1.2188499494168648e-08,0.33347627948761904,0.004064575463852087,1,7,hbo,False,S1_D7 hbo,mild_master_42,,
924,Linear,7.0,1.572254088766415e-16,0.615726036684773,1.398465704521101e-12,-0.5251046529769187,-7.343408484726749e-07,2,6,hbo,False,S2_D6 hbo,mild_master_42,,
925,ShortHbO,7.0,1.572254088766415e-16,5.889067961672802e-12,0.003252230182906965,89.14089357236996,289906.704607359,2,6,hbo,True,S2_D6 hbo,mild_master_42,,
926,az_itd=0_az=15,7.0,1.572254088766415e-16,2.1644415068518443e-05,9.398855791757394e-09,9.982376003679812,0.09382291251768604,2,6,hbo,True,S2_D6 hbo,mild_master_42,0.0059579596764738445,
927,az_itd=0_az=5,7.0,1.572254088766415e-16,0.006336662424105508,9.409976080227991e-09,-3.8445961619871336,-0.036177557922435266,2,6,hbo,True,S2_D6 hbo,mild_master_42,-0.15644110971998895,
928,az_itd=15_az=0,7.0,1.572254088766415e-16,0.0014000576695008258,9.422739500933716e-09,5.099645756648831,0.04805263351194395,2,6,hbo,True,S2_D6 hbo,mild_master_42,-0.07316669454551462,
929,az_itd=5_az=0,7.0,1.572254088766415e-16,0.01665846498882488,9.419305371020582e-09,3.1279042195123483,0.029462685014890605,2,6,hbo,True,S2_D6 hbo,mild_master_42,0.07641878083462564,
930,constant,7.0,1.572254088766415e-16,0.7222332844529634,1.1667974309515134e-08,0.37012627802121517,0.004318623903227995,2,6,hbo,False,S2_D6 hbo,mild_master_42,,
938,Linear,7.0,2.2757237123574754e-16,0.4973564060005512,1.682481204620017e-12,-0.7156878989397573,-1.2041314383401317e-06,2,7,hbo,False,S2_D7 hbo,mild_master_42,,
939,ShortHbO,7.0,2.2757237123574754e-16,4.603170864563772e-12,0.00391272816927083,92.33635974557441,361287.0758244341,2,7,hbo,True,S2_D7 hbo,mild_master_42,,
940,az_itd=0_az=15,7.0,2.2757237123574754e-16,3.6575796566337376e-06,1.1307676808550009e-08,13.027152547420956,0.1473068307419151,2,7,hbo,True,S2_D7 hbo,mild_master_42,0.05247349523350314,
941,az_itd=0_az=5,7.0,2.2757237123574754e-16,0.0018818641428250283,1.132105552515439e-08,-4.838098465062002,-0.05477238135913114,2,7,hbo,True,S2_D7 hbo,mild_master_42,-0.21893542961570803,
942,az_itd=15_az=0,7.0,2.2757237123574754e-16,0.0007328422840150641,1.1336411079012176e-08,5.703305364662479,0.06465501412294931,2,7,hbo,True,S2_D7 hbo,mild_master_42,-0.05543392335874913,
943,az_itd=5_az=0,7.0,2.2757237123574754e-16,0.016513510247819264,1.1332279508953365e-08,3.1341550930005657,0.03551712153829214,2,7,hbo,True,S2_D7 hbo,mild_master_42,0.1020534458164384,
944,constant,7.0,2.2757237123574754e-16,0.6708337282792246,1.4037632391186199e-08,0.44343376728506967,0.006224760214986616,2,7,hbo,False,S2_D7 hbo,mild_master_42,,
952,Linear,7.0,1.8302424910327293e-16,0.44183515287986885,1.5088454960215507e-12,-0.8151481218725019,-1.2299325722777504e-06,2,8,hbo,False,S2_D8 hbo,mild_master_42,,
953,ShortHbO,7.0,1.8302424910327293e-16,5.185096289049378e-12,0.003508926137866884,90.77820497943688,318534.0162009838,2,8,hbo,True,S2_D8 hbo,mild_master_42,,
954,az_itd=0_az=15,7.0,1.8302424910327293e-16,7.699222726471366e-07,1.0140700042412252e-08,16.381781079992322,0.16612272809266634,2,8,hbo,True,S2_D8 hbo,mild_master_42,0.06365965948208704,
955,az_itd=0_az=5,7.0,1.8302424910327293e-16,0.0004856120888170806,1.0152698046452736e-08,-6.111372980231374,-0.062046924517539105,2,8,hbo,True,S2_D8 hbo,mild_master_42,-0.18338817253034995,
956,az_itd=15_az=0,7.0,1.8302424910327293e-16,3.7649215098177745e-05,1.0166468873855511e-08,9.174233086676578,0.0932695551171928,2,8,hbo,True,S2_D8 hbo,mild_master_42,-0.02853894383187362,
957,az_itd=5_az=0,7.0,1.8302424910327293e-16,0.24511174055195656,1.016276369078564e-08,1.2686839268977945,0.012893334947360249,2,8,hbo,False,S2_D8 hbo,mild_master_42,0.09769741128014431,
958,constant,7.0,1.8302424910327293e-16,0.721236639078588,1.2588918289301841e-08,0.3715253975021674,0.004677102871555172,2,8,hbo,False,S2_D8 hbo,mild_master_42,,
966,Linear,7.0,1.3048106587992559e-16,0.7456237887354988,1.2739846691025791e-12,-0.3375148581415134,-4.299887548666199e-07,3,5,hbo,False,S3_D5 hbo,mild_master_42,,
967,ShortHbO,7.0,1.3048106587992559e-16,3.0075546563941484e-12,0.002962740795159509,98.12894196988717,290730.6195600248,3,5,hbo,True,S3_D5 hbo,mild_master_42,,
968,az_itd=0_az=15,7.0,1.3048106587992559e-16,3.4721983293947315e-06,8.562239422171136e-09,13.12784728292766,0.11240377153412545,3,5,hbo,True,S3_D5 hbo,mild_master_42,0.02876417039351591,
969,az_itd=0_az=5,7.0,1.3048106587992559e-16,0.0006215224071288195,8.572369865114241e-09,-5.864295889265786,-0.050270913361255345,3,5,hbo,True,S3_D5 hbo,mild_master_42,-0.13536868295594048,
970,az_itd=15_az=0,7.0,1.3048106587992559e-16,0.001276370570299707,8.583997180858798e-09,5.183207934539087,0.04449264229788848,3,5,hbo,True,S3_D5 hbo,mild_master_42,-0.042518246192989044,
971,az_itd=5_az=0,7.0,1.3048106587992559e-16,0.02861047276517005,8.58086873169705e-09,-2.7474143633812775,-0.02357520200375376,3,5,hbo,True,S3_D5 hbo,mild_master_42,0.03889444260662771,
972,constant,7.0,1.3048106587992559e-16,0.6672447651317062,1.0629377854421844e-08,0.448647795247595,0.0047688469392399725,3,5,hbo,False,S3_D5 hbo,mild_master_42,,
980,Linear,7.0,2.042773209071829e-16,0.6259612019313651,1.5940448285081076e-12,-0.5096589122362966,-8.12419153353336e-07,3,6,hbo,False,S3_D6 hbo,mild_master_42,,
981,ShortHbO,7.0,2.042773209071829e-16,2.937395294016201e-12,0.003707063167456175,98.46060658925038,364999.6881324028,3,6,hbo,True,S3_D6 hbo,mild_master_42,,
982,az_itd=0_az=15,7.0,2.042773209071829e-16,6.734377744322939e-06,1.0713310609125694e-08,11.897657131076494,0.12746329636610176,3,6,hbo,True,S3_D6 hbo,mild_master_42,0.01947159344123859,
983,az_itd=0_az=5,7.0,2.042773209071829e-16,0.0037907187901224013,1.0725986099322392e-08,-4.250515029463062,-0.04559096512098171,3,6,hbo,True,S3_D6 hbo,mild_master_42,-0.14276500798303784,
984,az_itd=15_az=0,7.0,2.042773209071829e-16,0.0004768837462767617,1.0740534518138998e-08,6.129822935724183,0.06583757483122571,3,6,hbo,True,S3_D6 hbo,mild_master_42,-0.033930039507804995,
985,az_itd=5_az=0,7.0,2.042773209071829e-16,0.3722476778638974,1.0736620116083402e-08,-0.9531750199200237,-0.010233878093021525,3,6,hbo,False,S3_D6 hbo,mild_master_42,0.06130047721776549,
986,constant,7.0,2.042773209071829e-16,0.7131264569539603,1.3299771347354783e-08,0.38294137372832504,0.005093032710028657,3,6,hbo,False,S3_D6 hbo,mild_master_42,,
994,Linear,7.0,1.5574552299049984e-16,0.4578275803115598,1.39186860711177e-12,-0.785665555544093,-1.0935432224508516e-06,3,7,hbo,False,S3_D7 hbo,mild_master_42,,
995,ShortHbO,7.0,1.5574552299049984e-16,4.735422973662221e-12,0.003236888169695743,91.96320075127377,297674.59655915276,3,7,hbo,True,S3_D7 hbo,mild_master_42,,
996,az_itd=0_az=15,7.0,1.5574552299049984e-16,2.664988715024485e-06,9.354517795484749e-09,13.65139960319612,0.12770226052137154,3,7,hbo,True,S3_D7 hbo,mild_master_42,0.03510764997449829,
997,az_itd=0_az=5,7.0,1.5574552299049984e-16,0.0013462305891313307,9.365585625302966e-09,-5.134960092696412,-0.0480919084306619,3,7,hbo,True,S3_D7 hbo,mild_master_42,-0.16939416670217966,
998,az_itd=15_az=0,7.0,1.5574552299049984e-16,0.00011558937180924699,9.37828883607333e-09,7.706895746484232,0.07227749434003411,3,7,hbo,True,S3_D7 hbo,mild_master_42,-0.051854596820173224,
999,az_itd=5_az=0,7.0,1.5574552299049984e-16,0.00642319764193739,9.37487090626398e-09,3.8341390198825285,0.035944558348068215,3,7,hbo,True,S3_D7 hbo,mild_master_42,0.09838475502532709,
1000,constant,7.0,1.5574552299049984e-16,0.7440568034985678,1.1612932013632876e-08,0.33968658906068966,0.003944757264704638,3,7,hbo,False,S3_D7 hbo,mild_master_42,,
1008,Linear,7.0,1.556874173946013e-16,0.9424436469258628,1.3916089434696481e-12,-0.07482988629240166,-1.0413393900332298e-07,4,2,hbo,False,S4_D2 hbo,mild_master_42,,
1009,ShortHbO,7.0,1.556874173946013e-16,1.556675919792967e-11,0.0032362843036648618,77.57381871896143,251050.9318955183,4,2,hbo,True,S4_D2 hbo,mild_master_42,,
1010,az_itd=0_az=15,7.0,1.556874173946013e-16,2.2067264176795264e-05,9.352772639261914e-09,9.953110973993166,0.09308918399310079,4,2,hbo,True,S4_D2 hbo,mild_master_42,-0.0572034934227197,
1011,az_itd=0_az=5,7.0,1.556874173946013e-16,0.00017568418471723641,9.36383840429256e-09,-7.2115538671858515,-0.06752782505617941,4,2,hbo,True,S4_D2 hbo,mild_master_42,-0.22960392885015207,
1012,az_itd=15_az=0,7.0,1.556874173946013e-16,0.008269072281876112,9.376539245182637e-09,3.6416410970848268,0.034145990663685837,4,2,hbo,True,S4_D2 hbo,mild_master_42,-0.1250548973700143,
1013,az_itd=5_az=0,7.0,1.556874173946013e-16,0.039223316827081876,9.373121953014009e-09,2.5301680137977707,0.023715573354941736,4,2,hbo,True,S4_D2 hbo,mild_master_42,0.06391301528019744,
1014,constant,7.0,1.556874173946013e-16,0.8514821104924124,1.1610765533113833e-08,0.19427000579666995,0.0022556234874218004,4,2,hbo,False,S4_D2 hbo,mild_master_42,,
1022,Linear,7.0,1.562825434021404e-16,0.7130736840509415,1.394266167640364e-12,-0.3830158389170561,-5.340260258724428e-07,4,3,hbo,False,S4_D3 hbo,mild_master_42,,
1023,ShortHbO,7.0,1.562825434021404e-16,3.1851670740557424e-12,0.003242463865039026,97.32736922314167,315580.4777853483,4,3,hbo,True,S4_D3 hbo,mild_master_42,,
1024,az_itd=0_az=15,7.0,1.562825434021404e-16,2.6375656136002165e-06,9.370631401694336e-09,13.672257508399255,0.12811768554025724,4,3,hbo,True,S4_D3 hbo,mild_master_42,0.01873027527804374,
1025,az_itd=0_az=5,7.0,1.562825434021404e-16,0.0017645344550419567,9.381718296381014e-09,-4.8943136617675655,-0.04591707202883233,4,3,hbo,True,S4_D3 hbo,mild_master_42,-0.2070534287484535,
1026,az_itd=15_az=0,7.0,1.562825434021404e-16,0.0013042238715182538,9.394443389042077e-09,5.163627580334851,0.048509406985552075,4,3,hbo,True,S4_D3 hbo,mild_master_42,-0.0928786888408613,
1027,az_itd=5_az=0,7.0,1.562825434021404e-16,0.906925307367039,9.391019571684465e-09,-0.12121710318165642,-0.0011383521884018308,4,3,hbo,False,S4_D3 hbo,mild_master_42,0.0873329748603056,
1028,constant,7.0,1.562825434021404e-16,0.7746570340101031,1.163293584680712e-08,0.29758583350801315,0.0034617969101173414,4,3,hbo,False,S4_D3 hbo,mild_master_42,,
1036,Linear,7.0,1.6372964730369797e-16,0.9191153342479856,1.4270990501836794e-12,0.10526902586064803,1.50229326819492e-07,4,4,hbo,False,S4_D4 hbo,mild_master_42,,
1037,ShortHbO,7.0,1.6372964730369797e-16,6.863474813833018e-12,0.003318819038608174,87.21069353261755,289436.5100662739,4,4,hbo,True,S4_D4 hbo,mild_master_42,,
1038,az_itd=0_az=15,7.0,1.6372964730369797e-16,9.644731805121468e-05,9.591295753529838e-09,7.92947075750541,0.07605389920420066,4,4,hbo,True,S4_D4 hbo,mild_master_42,-0.0370085963436494,
1039,az_itd=0_az=5,7.0,1.6372964730369797e-16,0.00014237178361892888,9.602643728001328e-09,-7.45701629546693,-0.07160707075926923,4,4,hbo,True,S4_D4 hbo,mild_master_42,-0.2403166860835194,
1040,az_itd=15_az=0,7.0,1.6372964730369797e-16,0.016702184756403615,9.615668477558896e-09,3.1260302722508335,0.030058870748777194,4,4,hbo,True,S4_D4 hbo,mild_master_42,-0.15545045900536703,
1041,az_itd=5_az=0,7.0,1.6372964730369797e-16,0.020471290499809936,9.612164034424252e-09,-2.9815006620920257,-0.02865867343277307,4,4,hbo,True,S4_D4 hbo,mild_master_42,0.0258724606881366,
1042,constant,7.0,1.6372964730369797e-16,0.6487397187629111,1.1906874084108348e-08,0.4757523640735713,0.005664723494240886,4,4,hbo,False,S4_D4 hbo,mild_master_42,,
1050,Linear,7.0,2.1613176983937917e-16,0.9133506110858028,1.6396447350937051e-12,-0.11280685979870395,-1.8496317375139867e-07,5,1,hbo,False,S5_D1 hbo,mild_master_42,,
1051,ShortHbO,7.0,2.1613176983937917e-16,6.793979367828403e-12,0.0038131089518154016,87.3376815203076,333028.0952358875,5,1,hbo,True,S5_D1 hbo,mild_master_42,,
1052,az_itd=0_az=15,7.0,2.1613176983937917e-16,7.661570315019618e-06,1.1019780009648038e-08,11.670824409024103,0.12860991751867618,5,1,hbo,True,S5_D1 hbo,mild_master_42,-0.00547714918333578,
1053,az_itd=0_az=5,7.0,2.1613176983937917e-16,2.7120590011123296e-05,1.1032818100167235e-08,-9.645884804493358,-0.10642129246314241,5,1,hbo,True,S5_D1 hbo,mild_master_42,-0.24992799299210003,
1054,az_itd=15_az=0,7.0,2.1613176983937917e-16,0.0013785642001377366,1.1047782697078172e-08,5.113563003882897,0.05649353287471654,5,1,hbo,True,S5_D1 hbo,mild_master_42,-0.10433264443796057,
1055,az_itd=5_az=0,7.0,2.1613176983937917e-16,0.5825452982823469,1.1043756318016107e-08,-0.5761664018025413,-0.006363041340135422,5,1,hbo,False,S5_D1 hbo,mild_master_42,0.09070863786773974,
1056,constant,7.0,2.1613176983937917e-16,0.7041060575153173,1.3680230115014904e-08,0.3957046239758777,0.0054133303135654506,5,1,hbo,False,S5_D1 hbo,mild_master_42,,
1064,Linear,7.0,1.604779349550055e-16,0.572204213468567,1.412856706753018e-12,-0.5924147840786917,-8.369972008652205e-07,5,2,hbo,False,S5_D2 hbo,mild_master_42,,
1065,ShortHbO,7.0,1.604779349550055e-16,2.856333878922288e-12,0.003285697468997437,98.85526854609635,324808.50565897074,5,2,hbo,True,S5_D2 hbo,mild_master_42,,
1066,az_itd=0_az=15,7.0,1.604779349550055e-16,2.354541525833763e-06,9.495575328203206e-09,13.90312457598958,0.1320181667087023,5,2,hbo,True,S5_D2 hbo,mild_master_42,-0.00147800480405999,
1067,az_itd=0_az=5,7.0,1.604779349550055e-16,0.012117755742210039,9.506810050725123e-09,-3.3579794988445406,-0.03192367324974419,5,2,hbo,True,S5_D2 hbo,mild_master_42,-0.1732688360326108,
1068,az_itd=15_az=0,7.0,1.604779349550055e-16,0.003198168904889272,9.519704814241235e-09,4.3892869436151445,0.04178471604821928,5,2,hbo,True,S5_D2 hbo,mild_master_42,-0.06394376106998664,
1069,az_itd=5_az=0,7.0,1.604779349550055e-16,0.3493748954882035,9.516235345191012e-09,1.002755024448189,0.009542452806221733,5,2,hbo,False,S5_D2 hbo,mild_master_42,0.09517224048856943,
1070,constant,7.0,1.604779349550055e-16,0.7143048990323206,1.1788044357559454e-08,0.38127915145186897,0.00449453554992726,5,2,hbo,False,S5_D2 hbo,mild_master_42,,
1078,Linear,7.0,1.705958356563651e-16,0.7661199268567636,1.4567152498690742e-12,-0.3092682172988012,-4.505157284389863e-07,5,3,hbo,False,S5_D3 hbo,mild_master_42,,
1079,ShortHbO,7.0,1.705958356563651e-16,8.253004627344158e-12,0.003387693590346163,84.94187439530357,287757.0434409587,5,3,hbo,True,S5_D3 hbo,mild_master_42,,
1080,az_itd=0_az=15,7.0,1.705958356563651e-16,4.888307550641404e-06,9.790341313991575e-09,12.478668179068412,0.12217042061712549,5,3,hbo,True,S5_D3 hbo,mild_master_42,-0.023806898713000717,
1081,az_itd=0_az=5,7.0,1.705958356563651e-16,0.00013236870781952782,9.801924789900704e-09,-7.543612009665584,-0.07394191756293376,5,3,hbo,True,S5_D3 hbo,mild_master_42,-0.24018327972166795,
1082,az_itd=15_az=0,7.0,1.705958356563651e-16,0.0017720487158304815,9.815219838554678e-09,4.890590823100168,0.048002224069146227,5,3,hbo,True,S5_D3 hbo,mild_master_42,-0.1255034341577585,
1083,az_itd=5_az=0,7.0,1.705958356563651e-16,0.14842904382787078,9.811642668661757e-09,1.6238850279305121,0.015932979629044,5,3,hbo,False,S5_D3 hbo,mild_master_42,0.08015201249224221,
1084,constant,7.0,1.705958356563651e-16,0.7377251274998988,1.2153974213884499e-08,0.3484803509981488,0.004235421200076919,5,3,hbo,False,S5_D3 hbo,mild_master_42,,
1092,Linear,7.0,2.170547676480494e-16,0.6164800144760885,1.6431420834837102e-12,-0.5239621702918976,-8.609442921600752e-07,6,1,hbo,False,S6_D1 hbo,mild_master_42,,
1093,ShortHbO,7.0,2.170547676480494e-16,3.55561910575476e-12,0.0038212422810471043,95.80855384456453,366107.6968368281,6,1,hbo,True,S6_D1 hbo,mild_master_42,,
1094,az_itd=0_az=15,7.0,2.170547676480494e-16,2.1623479589021843e-06,1.104328510745982e-08,14.07870737106474,0.15547517944316402,6,1,hbo,True,S6_D1 hbo,mild_master_42,-0.004278443148164484,
1095,az_itd=0_az=5,7.0,2.170547676480494e-16,0.0010642106150686472,1.1056351008116123e-08,-5.349991589239428,-0.05915138490110013,6,1,hbo,True,S6_D1 hbo,mild_master_42,-0.21446173655185477,
1096,az_itd=15_az=0,7.0,2.170547676480494e-16,0.00027381278426329744,1.1071347524386047e-08,6.714322206812658,0.07433659454232557,6,1,hbo,True,S6_D1 hbo,mild_master_42,-0.06954212885374045,
1097,az_itd=5_az=0,7.0,2.170547676480494e-16,0.7192694527801509,1.1067312557091405e-08,0.37428938760480923,0.004142377639424758,6,1,hbo,False,S6_D1 hbo,mild_master_42,0.09157230205139537,
1098,constant,7.0,2.170547676480494e-16,0.7643046812534464,1.3709409930461274e-08,0.31175833076837384,0.004274022755739975,6,1,hbo,False,S6_D1 hbo,mild_master_42,,
1106,Linear,7.0,1.8528326409424236e-16,0.9645370777732105,1.5181285595430968e-12,0.04607538889499919,6.994836377355311e-08,6,2,hbo,False,S6_D2 hbo,mild_master_42,,
1107,ShortHbO,7.0,1.8528326409424236e-16,5.016141478624778e-12,0.0035305145538552145,91.20915410130333,322015.2459994744,6,2,hbo,True,S6_D2 hbo,mild_master_42,,
1108,az_itd=0_az=15,7.0,1.8528326409424236e-16,1.0821907989224222e-05,1.0203089970933678e-08,11.082782740098468,0.11307862942553554,6,2,hbo,True,S6_D2 hbo,mild_master_42,-0.023797140013693374,
1109,az_itd=0_az=5,7.0,1.8528326409424236e-16,5.195685929310949e-05,1.0215161791832105e-08,-8.730619482998272,-0.08918469056174892,6,2,hbo,True,S6_D2 hbo,mild_master_42,-0.2432116655258837,
1110,az_itd=15_az=0,7.0,1.8528326409424236e-16,0.041634073902837514,1.0229017343261206e-08,2.489384423292169,0.025463956439899894,6,2,hbo,True,S6_D2 hbo,mild_master_42,-0.11337585385290787,
1111,az_itd=5_az=0,7.0,1.8528326409424236e-16,0.19725516153302414,1.0225289364318671e-08,-1.4247341938093567,-0.01456831939893995,6,2,hbo,False,S6_D2 hbo,mild_master_42,0.06199282338274886,
1112,constant,7.0,1.8528326409424236e-16,0.7248039136202645,1.2666370704711693e-08,0.3665212920058516,0.004642494555715999,6,2,hbo,False,S6_D2 hbo,mild_master_42,,
1134,Linear,7.0,1.0323457636287831e-16,0.5485245584104751,1.1331908102835758e-12,-0.6302824886432198,-7.142303240131588e-07,7,7,hbo,False,S7_D7 hbo,mild_master_42,,
1135,ShortHbO,7.0,1.0323457636287831e-16,1.2700983164024772e-11,0.002635314791261967,79.86395808206089,210466.6700223808,7,7,hbo,True,S7_D7 hbo,mild_master_42,,
1136,az_itd=0_az=15,7.0,1.0323457636287831e-16,0.04834912111148332,7.615987275174066e-09,2.3874578887189535,0.01818284890049749,7,7,hbo,True,S7_D7 hbo,mild_master_42,0.02703607434161531,
1137,az_itd=0_az=5,7.0,1.0323457636287831e-16,1.978255811757876e-05,7.624998156643555e-09,-10.119429431374574,-0.07716063076051566,7,7,hbo,True,S7_D7 hbo,mild_master_42,-0.12680623158784973,
1138,az_itd=15_az=0,7.0,1.0323457636287831e-16,3.513710587114033e-05,7.635340484671157e-09,9.271823224841592,0.07079352723534728,7,7,hbo,True,S7_D7 hbo,mild_master_42,0.05672147146683984,
1139,az_itd=5_az=0,7.0,1.0323457636287831e-16,0.005229034454878969,7.632557774701006e-09,3.9941025274402655,0.030485218298767137,7,7,hbo,True,S7_D7 hbo,mild_master_42,0.08948790309114425,
1140,constant,7.0,1.0323457636287831e-16,0.41919453137685647,9.454676807176502e-09,0.8581994311407644,0.008113998257538653,7,7,hbo,False,S7_D7 hbo,mild_master_42,,
1148,Linear,7.0,1.0304971595813515e-16,0.6114102162572439,1.1321757628920023e-12,-0.531658891287025,-6.019313108412038e-07,7,8,hbo,False,S7_D8 hbo,mild_master_42,,
1149,ShortHbO,7.0,1.0304971595813515e-16,2.5986439207333287e-12,0.0026329542272858298,100.20041795515714,263823.1140308379,7,8,hbo,True,S7_D8 hbo,mild_master_42,,
1150,az_itd=0_az=15,7.0,1.0304971595813515e-16,6.44022404193596e-05,7.60916531019891e-09,8.44515271114801,0.06426056304899971,7,8,hbo,True,S7_D8 hbo,mild_master_42,0.04823746444362409,
1151,az_itd=0_az=5,7.0,1.0304971595813515e-16,0.4503826991848814,7.618168120237139e-09,-0.799299906348943,-0.006089201065056048,7,8,hbo,False,S7_D8 hbo,mild_master_42,-0.013971373922862131,
1152,az_itd=15_az=0,7.0,1.0304971595813515e-16,1.495933863926957e-05,7.62850118419995e-09,10.555988271331913,0.08052636902825629,7,8,hbo,True,S7_D8 hbo,mild_master_42,0.14718609384757447,
1153,az_itd=5_az=0,7.0,1.0304971595813515e-16,0.0021810049490534125,7.62572096682193e-09,-4.710732233497548,-0.03592272956206615,7,8,hbo,True,S7_D8 hbo,mild_master_42,0.09225574916660999,
1154,constant,7.0,1.0304971595813515e-16,0.8005756568575038,9.446207849482703e-09,0.2623892989794266,0.002478583855639723,7,8,hbo,False,S7_D8 hbo,mild_master_42,,
1120,Linear,7.0,8.352476967391757e-17,0.4215777536172778,1.0192907834814411e-12,0.8535906753622695,8.700571082624601e-07,7,17,hbo,False,S7_D17 hbo,mild_master_42,,
1121,ShortHbO,7.0,8.352476967391757e-17,1.1988174154569968e-06,0.0023704322819503307,15.353607876147459,36394.687754026796,7,17,hbo,True,S7_D17 hbo,mild_master_42,,
1122,az_itd=0_az=15,7.0,8.352476967391757e-17,0.00129335165830027,6.850484107574282e-09,-5.171214721160715,-0.035425324264165656,7,17,hbo,True,S7_D17 hbo,mild_master_42,0.1218741554624508,
1123,az_itd=0_az=5,7.0,8.352476967391757e-17,0.018937835096519195,6.858589281345145e-09,-3.036586656182821,-0.020826700691971192,7,17,hbo,True,S7_D17 hbo,mild_master_42,-0.04207200676013909,
1124,az_itd=15_az=0,7.0,8.352476967391757e-17,0.5675087006221704,6.8678920744340155e-09,0.5998488977844103,0.0041196974909515315,7,17,hbo,False,S7_D17 hbo,mild_master_42,0.04548716921161254,
1125,az_itd=5_az=0,7.0,8.352476967391757e-17,1.8960100991733678e-05,6.865389062055221e-09,-10.184709782089095,-0.06992199513816129,7,17,hbo,True,S7_D17 hbo,mild_master_42,-0.019541634569996608,
1126,constant,7.0,8.352476967391757e-17,0.9203115796944283,8.504362057030021e-09,0.10370571062717174,0.0008819509105550544,7,17,hbo,False,S7_D17 hbo,mild_master_42,,
1204,Linear,7.0,2.0496664935869988e-16,0.6998620883757962,1.5967320945833988e-12,-0.4017344319249129,-6.41462260953738e-07,8,6,hbo,False,S8_D6 hbo,mild_master_42,,
1205,ShortHbO,7.0,2.0496664935869988e-16,1.0372583084810997e-11,0.003713312593388688,82.21046094427885,305273.1399326796,8,6,hbo,True,S8_D6 hbo,mild_master_42,,
1206,az_itd=0_az=15,7.0,2.0496664935869988e-16,4.6179373551857364e-07,1.0731371278210456e-08,17.650491810242606,0.18941398085872638,8,6,hbo,True,S8_D6 hbo,mild_master_42,0.059805594526805346,
1207,az_itd=0_az=5,7.0,2.0496664935869988e-16,0.004380680404008609,1.0744068136949735e-08,-4.134234783684415,-0.04441850021005301,8,6,hbo,True,S8_D6 hbo,mild_master_42,-0.16698240404136647,
1208,az_itd=15_az=0,7.0,2.0496664935869988e-16,0.004012236394689088,1.075864108172172e-08,4.204665135943154,0.045236483066441055,8,6,hbo,True,S8_D6 hbo,mild_master_42,-0.08246972226116532,
1209,az_itd=5_az=0,7.0,2.0496664935869988e-16,0.9107795373363166,1.0754720080705001e-08,-0.11617107339420804,-0.0012493873758297437,8,6,hbo,False,S8_D6 hbo,mild_master_42,-0.03097560982305881,
1210,constant,7.0,2.0496664935869988e-16,0.932774211452138,1.3322192313008757e-08,0.08743527055837348,0.0011648294893186041,8,6,hbo,False,S8_D6 hbo,mild_master_42,,
1218,Linear,7.0,8.928463542347832e-17,0.19772062974466,1.0538500458255343e-12,-1.4230620101064142,-1.4996939645632214e-06,8,7,hbo,False,S8_D7 hbo,mild_master_42,,
1219,ShortHbO,7.0,8.928463542347832e-17,3.168809211105378e-12,0.0024508022729562593,97.39903200503554,238705.76902168055,8,7,hbo,True,S8_D7 hbo,mild_master_42,,
1220,az_itd=0_az=15,7.0,8.928463542347832e-17,1.0908562944554882e-06,7.0827511713939675e-09,15.567452188718901,0.11026039022526839,8,7,hbo,True,S8_D7 hbo,mild_master_42,0.05188377620990285,
1221,az_itd=0_az=5,7.0,8.928463542347832e-17,0.42492336918727736,7.091131152738127e-09,0.8471522954514913,0.006007268033389684,8,7,hbo,False,S8_D7 hbo,mild_master_42,-0.060055195978576933,
1222,az_itd=15_az=0,7.0,8.928463542347832e-17,3.599294166109741e-06,7.100749358928049e-09,13.0581740790946,0.09272282122090185,8,7,hbo,True,S8_D7 hbo,mild_master_42,0.07298077222748374,
1223,az_itd=5_az=0,7.0,8.928463542347832e-17,0.002501011193566327,7.098161481402966e-09,4.594296734103905,0.03261106011215178,8,7,hbo,True,S8_D7 hbo,mild_master_42,0.048088428900305374,
1224,constant,7.0,8.928463542347832e-17,0.8801137083874762,8.792704190757755e-09,0.15642519218421114,0.0013754004428582006,8,7,hbo,False,S8_D7 hbo,mild_master_42,,
1232,Linear,7.0,8.344325325973764e-17,0.6806304012972795,1.0187932711107832e-12,-0.4292686193120696,-4.373359808541529e-07,8,8,hbo,False,S8_D8 hbo,mild_master_42,,
1233,ShortHbO,7.0,8.344325325973764e-17,2.9235158834495273e-12,0.0023692752820017498,98.52729135526062,233438.27601060364,8,8,hbo,True,S8_D8 hbo,mild_master_42,,
1234,az_itd=0_az=15,7.0,8.344325325973764e-17,3.241448669266057e-05,6.847140409540565e-09,9.38694232161524,0.06427371209235823,8,8,hbo,True,S8_D8 hbo,mild_master_42,0.07660684018724802,
1235,az_itd=0_az=5,7.0,8.344325325973764e-17,0.00024067953968674445,6.8552416272036295e-09,-6.8560106081108145,-0.04699960931727093,8,8,hbo,True,S8_D8 hbo,mild_master_42,-0.09121693302798015,
1236,az_itd=15_az=0,7.0,8.344325325973764e-17,2.1433705428315056e-05,6.864539879630779e-09,9.997202097992632,0.06862619248639892,8,8,hbo,True,S8_D8 hbo,mild_master_42,0.08680355362566543,
1237,az_itd=5_az=0,7.0,8.344325325973764e-17,0.004817804334396633,6.862038088963827e-09,-4.058650804451517,-0.027850616409949982,8,8,hbo,True,S8_D8 hbo,mild_master_42,0.055744717643033175,
1238,constant,7.0,8.344325325973764e-17,0.6006501932458232,8.500211106784523e-09,0.5481103664766689,0.0046590538248687165,8,8,hbo,False,S8_D8 hbo,mild_master_42,,
1162,Linear,7.0,8.252903268132017e-17,0.33094918642846094,1.013196851005124e-12,1.0445637694827818,1.0583487219139967e-06,8,16,hbo,False,S8_D16 hbo,mild_master_42,,
1163,ShortHbO,7.0,8.252903268132017e-17,2.7210474529883457e-10,0.0023562604141183184,51.51404567186855,121380.50658770697,8,16,hbo,True,S8_D16 hbo,mild_master_42,,
1164,az_itd=0_az=15,7.0,8.252903268132017e-17,0.48402409681986736,6.80952779926837e-09,-0.738860120029081,-0.005031288527108792,8,16,hbo,False,S8_D16 hbo,mild_master_42,0.04361563237046332,
1165,az_itd=0_az=5,7.0,8.252903268132017e-17,3.939745967104582e-05,6.81758451544257e-09,-9.11057221894807,-0.062112096086721615,8,16,hbo,True,S8_D16 hbo,mild_master_42,-0.14857369826720654,
1166,az_itd=15_az=0,7.0,8.252903268132017e-17,0.843942256185894,6.826831690847219e-09,0.20428639471601007,0.0013946288334561814,8,16,hbo,False,S8_D16 hbo,mild_master_42,-0.058208461847566166,
1167,az_itd=5_az=0,7.0,8.252903268132017e-17,1.4131092288816839e-06,6.824343642979701e-09,-14.987598234869031,-0.10228052073766225,8,16,hbo,True,S8_D16 hbo,mild_master_42,-0.07301672501869727,
1168,constant,7.0,8.252903268132017e-17,0.5438978367752694,8.453517873044876e-09,0.6377952257973795,0.0053916133406208405,8,16,hbo,False,S8_D16 hbo,mild_master_42,,
1176,Linear,7.0,8.72573025397416e-17,0.7440709429816537,1.0418167737773368e-12,0.33966698469638595,3.538707621550649e-07,8,17,hbo,False,S8_D17 hbo,mild_master_42,,
1177,ShortHbO,7.0,8.72573025397416e-17,3.691378586822173e-10,0.0024228180539455544,49.31255744593718,119475.35446624388,8,17,hbo,True,S8_D17 hbo,mild_master_42,,
1178,az_itd=0_az=15,7.0,8.72573025397416e-17,0.037134524942218756,7.001877548023473e-09,-2.567657350302834,-0.017978422352102855,8,17,hbo,True,S8_D17 hbo,mild_master_42,0.07781388496771709,
1179,az_itd=0_az=5,7.0,8.72573025397416e-17,0.3890864931999898,7.010161843462723e-09,0.918137141821367,0.006436289958662069,8,17,hbo,False,S8_D17 hbo,mild_master_42,-0.0554693633784379,
1180,az_itd=15_az=0,7.0,8.72573025397416e-17,4.9026078230059584e-05,7.019670225212102e-09,8.809198206932603,0.06183766636119664,8,17,hbo,True,S8_D17 hbo,mild_master_42,0.04275453099338909,
1181,az_itd=5_az=0,7.0,8.72573025397416e-17,2.1590130911018656e-06,7.017111897084878e-09,-14.08190907355453,-0.09881433169370697,8,17,hbo,True,S8_D17 hbo,mild_master_42,-0.10731187985241553,
1182,constant,7.0,8.72573025397416e-17,0.8029498538329636,8.692305654945356e-09,0.25918426782801807,0.002252908876914353,8,17,hbo,False,S8_D17 hbo,mild_master_42,,
1190,Linear,7.0,5.602446815903192e-17,0.517464971965228,8.347940119578865e-13,0.681491103764339,5.689046926250408e-07,8,18,hbo,False,S8_D18 hbo,mild_master_42,,
1191,ShortHbO,7.0,5.602446815903192e-17,8.809287493313005e-07,0.0019413720861529153,16.06229908298199,31182.899079140807,8,18,hbo,True,S8_D18 hbo,mild_master_42,,
1192,az_itd=0_az=15,7.0,5.602446815903192e-17,6.042383209416218e-05,5.610511940942907e-09,-8.529084268601043,-0.04785252913429445,8,18,hbo,True,S8_D18 hbo,mild_master_42,0.09009075846820243,
1193,az_itd=0_az=5,7.0,5.602446815903192e-17,0.09938259549318852,5.617150037391386e-09,-1.8987906728671815,-0.010665792099094303,8,18,hbo,False,S8_D18 hbo,mild_master_42,-0.04386246338056396,
1194,az_itd=15_az=0,7.0,5.602446815903192e-17,0.5282377134376267,5.6247689780223876e-09,0.6635186197047819,0.0037321389484556915,8,18,hbo,False,S8_D18 hbo,mild_master_42,0.032052736610545134,
1195,az_itd=5_az=0,7.0,5.602446815903192e-17,1.1622820612343929e-05,5.622719023505446e-09,-10.96461786758585,-0.06165096546954268,8,18,hbo,True,S8_D18 hbo,mild_master_42,-0.017842060978381584,
1196,constant,7.0,5.602446815903192e-17,0.660781641496174,6.9650296419655395e-09,0.45807179902361633,0.003190483658347969,8,18,hbo,False,S8_D18 hbo,mild_master_42,,
1288,Linear,7.0,8.077964866340345e-17,0.8484090119769035,1.0024008676994899e-12,-0.19834975341190134,-1.9882596492806977e-07,9,5,hbo,False,S9_D5 hbo,mild_master_42,,
1289,ShortHbO,7.0,8.077964866340345e-17,4.948454299177247e-12,0.0023311535969491644,91.38647898078867,213035.9191885847,9,5,hbo,True,S9_D5 hbo,mild_master_42,,
1290,az_itd=0_az=15,7.0,8.077964866340345e-17,9.940700717058582e-06,6.736969788090953e-09,11.224851633522075,0.07562148633084159,9,5,hbo,True,S9_D5 hbo,mild_master_42,0.03807565449463697,
1291,az_itd=0_az=5,7.0,8.077964866340345e-17,0.0016875386247980643,6.744940657005335e-09,-4.933504347325277,-0.03327619405378683,9,5,hbo,True,S9_D5 hbo,mild_master_42,-0.06665540527055433,
1292,az_itd=15_az=0,7.0,8.077964866340345e-17,0.011722869933910253,6.7540893003713255e-09,3.3822366911728237,0.022843928647173682,9,5,hbo,True,S9_D5 hbo,mild_master_42,-0.01991008467662436,
1293,az_itd=5_az=0,7.0,8.077964866340345e-17,0.7166919363978093,6.75162776356453e-09,-0.3779157798165195,-0.002551546671298353,9,5,hbo,False,S9_D5 hbo,mild_master_42,0.0575185799587936,
1294,constant,7.0,8.077964866340345e-17,0.8162463711431382,8.363442545885365e-09,0.24128918903218383,0.0020180082694139425,9,5,hbo,False,S9_D5 hbo,mild_master_42,,
1302,Linear,7.0,1.2174044461524172e-16,0.8686507321242597,1.2305744555932552e-12,-0.17154274461713329,-2.110961195682016e-07,9,6,hbo,False,S9_D6 hbo,mild_master_42,,
1303,ShortHbO,7.0,1.2174044461524172e-16,5.96071761400751e-12,0.002861787295788707,88.98690696551287,254661.59984543634,9,6,hbo,True,S9_D6 hbo,mild_master_42,,
1304,az_itd=0_az=15,7.0,1.2174044461524172e-16,4.471033781860644e-05,8.270486585226697e-09,8.935148589084006,0.07389802654302653,9,6,hbo,True,S9_D6 hbo,mild_master_42,0.02151506941113818,
1305,az_itd=0_az=5,7.0,1.2174044461524172e-16,0.001106724822101809,8.280271839799981e-09,-5.313762740279264,-0.043999399981712775,9,6,hbo,True,S9_D6 hbo,mild_master_42,-0.11211060071587713,
1306,az_itd=15_az=0,7.0,1.2174044461524172e-16,0.11646323397520719,8.291502962190525e-09,1.7906717832899415,0.014847360395459539,9,6,hbo,False,S9_D6 hbo,mild_master_42,-0.038711549509505484,
1307,az_itd=5_az=0,7.0,1.2174044461524172e-16,0.1662114553567785,8.28848111293485e-09,1.5452112757603331,0.012807454474633485,9,6,hbo,False,S9_D6 hbo,mild_master_42,0.04098660157984933,
1308,constant,7.0,1.2174044461524172e-16,0.8094158686165008,1.0267188596322869e-08,0.25047065924439305,0.0025716294963075035,9,6,hbo,False,S9_D6 hbo,mild_master_42,,
1316,Linear,7.0,1.3208689302952817e-16,0.9121579708342515,1.2818001448332669e-12,-0.11436722894693405,-1.4659593062835946e-07,9,7,hbo,False,S9_D7 hbo,mild_master_42,,
1317,ShortHbO,7.0,1.3208689302952817e-16,6.735503328380058e-12,0.0029809162327000555,87.44568932310938,260668.27478290268,9,7,hbo,True,S9_D7 hbo,mild_master_42,,
1318,az_itd=0_az=15,7.0,1.3208689302952817e-16,1.6833655396579567e-05,8.614765936835912e-09,10.36958163575913,0.08933151865497699,9,7,hbo,True,S9_D7 hbo,mild_master_42,-0.035155085285947026,
1319,az_itd=0_az=5,7.0,1.3208689302952817e-16,0.00011615603680272933,8.624958526705023e-09,-7.700955171535025,-0.06642041897050414,9,7,hbo,True,S9_D7 hbo,mild_master_42,-0.16291457446112728,
1320,az_itd=15_az=0,7.0,1.3208689302952817e-16,0.0004586404686614436,8.636657172196489e-09,6.169637993673652,0.0532850482279175,9,7,hbo,True,S9_D7 hbo,mild_master_42,-0.048869112232106014,
1321,az_itd=5_az=0,7.0,1.3208689302952817e-16,0.1138950562287057,8.633509531031031e-09,-1.805908822844112,-0.01559133103419767,9,7,hbo,False,S9_D7 hbo,mild_master_42,0.014643810835507467,
1322,constant,7.0,1.3208689302952817e-16,0.782358864566004,1.0694585581538422e-08,0.2870856968665114,0.003070262554374503,9,7,hbo,False,S9_D7 hbo,mild_master_42,,
1246,Linear,7.0,8.063501297791494e-17,0.8691083487049603,1.0015030679747931e-12,-0.17093840286516326,-1.7119533490417216e-07,9,15,hbo,False,S9_D15 hbo,mild_master_42,,
1247,ShortHbO,7.0,8.063501297791494e-17,3.150684240043997e-11,0.0023290657006543717,70.13281197582494,163343.926863336,9,15,hbo,True,S9_D15 hbo,mild_master_42,,
1248,az_itd=0_az=15,7.0,8.063501297791494e-17,4.94824129370039e-05,6.73093582521648e-09,8.796618980028237,0.059209477833451304,9,15,hbo,True,S9_D15 hbo,mild_master_42,0.0354337306569279,
1249,az_itd=0_az=5,7.0,8.063501297791494e-17,7.252065920060014e-05,6.7388995550269886e-09,-8.290732142870622,-0.055870411148438784,9,15,hbo,True,S9_D15 hbo,mild_master_42,-0.07429448723764463,
1250,az_itd=15_az=0,7.0,8.063501297791494e-17,0.0014838615323700774,6.7480400044161376e-09,5.047562213377719,0.034061151740652114,9,15,hbo,True,S9_D15 hbo,mild_master_42,-0.06584105999694341,
1251,az_itd=5_az=0,7.0,8.063501297791494e-17,0.34156380748106435,6.7455806722832795e-09,1.0202622104631522,0.006882261047561255,9,15,hbo,False,S9_D15 hbo,mild_master_42,0.04089951852500674,
1252,constant,7.0,8.063501297791494e-17,0.7676286169983759,8.355951833679133e-09,0.3072002744579296,0.0025669506966634697,9,15,hbo,False,S9_D15 hbo,mild_master_42,,
1260,Linear,7.0,1.1285679358186727e-16,0.9843845356293366,1.1848252680443675e-12,-0.020281863201839775,-2.4030464004559002e-08,9,16,hbo,False,S9_D16 hbo,mild_master_42,,
1261,ShortHbO,7.0,1.1285679358186727e-16,4.413445612424281e-11,0.0027553943480682513,66.83178676683762,184147.92752864695,9,16,hbo,True,S9_D16 hbo,mild_master_42,,
1262,az_itd=0_az=15,7.0,1.1285679358186727e-16,5.647933368150343e-05,7.963013892137447e-09,8.618710996797365,0.06863091539981521,9,16,hbo,True,S9_D16 hbo,mild_master_42,0.0465121386306797,
1263,az_itd=0_az=5,7.0,1.1285679358186727e-16,0.00012159057456553937,7.972435359339191e-09,-7.645591216851506,-0.0609539817602801,9,16,hbo,True,S9_D16 hbo,mild_master_42,-0.11504816761492158,
1264,az_itd=15_az=0,7.0,1.1285679358186727e-16,0.0007267307554103368,7.983248941188166e-09,5.711413341622289,0.0455956345121941,9,16,hbo,True,S9_D16 hbo,mild_master_42,-0.0910167265391156,
1265,az_itd=5_az=0,7.0,1.1285679358186727e-16,0.2925983332703485,7.980339435519435e-09,-1.137919055484166,-0.009080980312909317,9,16,hbo,False,S9_D16 hbo,mild_master_42,0.02579762788819813,
1266,constant,7.0,1.1285679358186727e-16,0.8729394506182988,9.885484316213684e-09,0.16588169989930593,0.001639820942701454,9,16,hbo,False,S9_D16 hbo,mild_master_42,,
1274,Linear,7.0,4.642926908885534e-17,0.1813999269746253,7.599523763630704e-13,1.4839267878342235,1.127713688763436e-06,9,17,hbo,False,S9_D17 hbo,mild_master_42,,
1275,ShortHbO,7.0,4.642926908885534e-17,2.803752893858602e-10,0.00176732260790494,51.29365251551131,90652.43173268322,9,17,hbo,True,S9_D17 hbo,mild_master_42,,
1276,az_itd=0_az=15,7.0,4.642926908885534e-17,0.0029215123456483327,5.1075137351944016e-09,-4.464124726771597,-0.022800578357606887,9,17,hbo,True,S9_D17 hbo,mild_master_42,0.04267857166561869,
1277,az_itd=0_az=5,7.0,4.642926908885534e-17,0.00046888952200531116,5.1135567075903305e-09,-6.147056126440952,-0.031433320087296365,9,17,hbo,True,S9_D17 hbo,mild_master_42,-0.08049752862934693,
1278,az_itd=15_az=0,7.0,4.642926908885534e-17,0.813732757777313,5.120492588723832e-09,0.24466522846229247,0.0012528064890595918,9,17,hbo,False,S9_D17 hbo,mild_master_42,-0.02574511803940673,
1279,az_itd=5_az=0,7.0,4.642926908885534e-17,2.5429836408875856e-07,5.118626418406041e-09,-19.250814523207055,-0.09853772779432232,9,17,hbo,True,S9_D17 hbo,mild_master_42,-0.09323123579427088,
1280,constant,7.0,4.642926908885534e-17,0.7838481927625878,6.340595107332851e-09,0.2850594093216582,0.0018074462960440986,9,17,hbo,False,S9_D17 hbo,mild_master_42,,
56,Linear,7.0,9.078952243949001e-17,0.8267297945108013,1.0626942232524475e-12,0.22724190941507183,2.414886644162528e-07,10,6,hbo,False,S10_D6 hbo,mild_master_42,,
57,ShortHbO,7.0,9.078952243949001e-17,5.3229928279104e-12,0.0024713700285170876,90.43820215966491,223506.2622503652,10,6,hbo,True,S10_D6 hbo,mild_master_42,,
58,az_itd=0_az=15,7.0,9.078952243949001e-17,0.00047239372017376084,7.1421914193482345e-09,6.139461898433217,0.04384921209040515,10,6,hbo,True,S10_D6 hbo,mild_master_42,-0.031204785181173474,
59,az_itd=0_az=5,7.0,9.078952243949001e-17,0.04669043827281719,7.150641727625657e-09,-2.411217398258782,-0.017241751742366217,10,6,hbo,True,S10_D6 hbo,mild_master_42,-0.09294997350607022,
60,az_itd=15_az=0,7.0,9.078952243949001e-17,0.13204897077389652,7.160340652246449e-09,-1.704567955723624,-0.01220528722788449,10,6,hbo,False,S10_D6 hbo,mild_master_42,-0.04719077998738794,
61,az_itd=5_az=0,7.0,9.078952243949001e-17,0.015883593121841535,7.157731056595452e-09,-3.162016165405971,-0.02263286130858318,10,6,hbo,True,S10_D6 hbo,mild_master_42,-0.004409805022976582,
62,constant,7.0,9.078952243949001e-17,0.6174218674023486,8.866494799045396e-09,0.5225360609573292,0.004633063266791827,10,6,hbo,False,S10_D6 hbo,mild_master_42,,
0,Linear,7.0,1.9033774265926524e-16,0.39797104340096895,1.5386963059794202e-12,-0.9001056110240108,-1.3849891786739943e-06,10,14,hbo,False,S10_D14 hbo,mild_master_42,,
1,ShortHbO,7.0,1.9033774265926524e-16,4.092578322454442e-12,0.003578346292265628,93.90144661470194,336011.8933320975,10,14,hbo,True,S10_D14 hbo,mild_master_42,,
2,az_itd=0_az=15,7.0,1.9033774265926524e-16,1.0670412825496544e-06,1.0341322379559412e-08,15.617876040440319,0.16150949101819023,10,14,hbo,True,S10_D14 hbo,mild_master_42,0.07058758997539166,
3,az_itd=0_az=5,7.0,1.9033774265926524e-16,0.18268253606059054,1.035355775060628e-08,-1.4789680832083862,-0.015312581460801502,10,14,hbo,False,S10_D14 hbo,mild_master_42,-0.16265726131058192,
4,az_itd=15_az=0,7.0,1.9033774265926524e-16,0.00012245245424037657,1.0367601018330378e-08,7.637067770112527,0.07917807159047674,10,14,hbo,True,S10_D14 hbo,mild_master_42,-0.019227556220937317,
5,az_itd=5_az=0,7.0,1.9033774265926524e-16,0.01989930364131762,1.0363822532383592e-08,3.001519754801284,0.031107218066204027,10,14,hbo,True,S10_D14 hbo,mild_master_42,0.17785374592928865,
6,constant,7.0,1.9033774265926524e-16,0.775558238147895,1.2837975869034134e-08,0.29635530483862305,0.0038046022521784975,10,14,hbo,False,S10_D14 hbo,mild_master_42,,
14,Linear,7.0,6.079095952274765e-17,0.5337000793922904,8.695808219770781e-13,0.6544932307821815,5.691347616020029e-07,10,15,hbo,False,S10_D15 hbo,mild_master_42,,
15,ShortHbO,7.0,6.079095952274765e-17,5.838733115282411e-12,0.0020222712552535323,89.25035718529126,180488.4318569251,10,15,hbo,True,S10_D15 hbo,mild_master_42,,
16,az_itd=0_az=15,7.0,6.079095952274765e-17,0.0002460839160228641,5.844308314903761e-09,6.831453760185367,0.039925122013531905,10,15,hbo,True,S10_D15 hbo,mild_master_42,0.016339750957030188,
17,az_itd=0_az=5,7.0,6.079095952274765e-17,5.7149828122144376e-05,5.851223028334075e-09,-8.602985586704895,-0.050337987377353816,10,15,hbo,True,S10_D15 hbo,mild_master_42,-0.07729335484775476,
18,az_itd=15_az=0,7.0,6.079095952274765e-17,0.16042668302825416,5.859159458832614e-09,-1.5699118853505618,-0.009198364072585487,10,15,hbo,False,S10_D15 hbo,mild_master_42,-0.04244246841375365,
19,az_itd=5_az=0,7.0,6.079095952274765e-17,0.00013052462957244086,5.857024080393954e-09,-7.560381003793109,-0.04428133359616926,10,15,hbo,True,S10_D15 hbo,mild_master_42,-0.022512282083489134,
20,constant,7.0,6.079095952274765e-17,0.7316480969809238,7.255270299495935e-09,0.35694900564639,0.00258976151910086,10,15,hbo,False,S10_D15 hbo,mild_master_42,,
28,Linear,7.0,1.1113664091014598e-16,0.8395384727900295,1.1757610987662361e-12,-0.21014735850322386,-2.470830891365726e-07,10,16,hbo,False,S10_D16 hbo,mild_master_42,,
29,ShortHbO,7.0,1.1113664091014598e-16,4.540483700587444e-11,0.002734314986011667,66.56102322947065,181998.8033006123,10,16,hbo,True,S10_D16 hbo,mild_master_42,,
30,az_itd=0_az=15,7.0,1.1113664091014598e-16,1.3880718640335272e-05,7.902095115479705e-09,10.675709594770117,0.08436047264311276,10,16,hbo,True,S10_D16 hbo,mild_master_42,0.07733026086216799,
31,az_itd=0_az=5,7.0,1.1113664091014598e-16,0.0008618752251456941,7.911444506421876e-09,-5.547836998546054,-0.04389140454467121,10,16,hbo,True,S10_D16 hbo,mild_master_42,-0.08350501109577875,
32,az_itd=15_az=0,7.0,1.1113664091014598e-16,0.0006123870684918986,7.922175362033468e-09,5.87891846289853,0.046573823002178404,10,16,hbo,True,S10_D16 hbo,mild_master_42,-0.07317371136752494,
33,az_itd=5_az=0,7.0,1.1113664091014598e-16,0.8245866351249252,7.919288114711692e-09,-0.23010940439499672,-0.001822302671308684,10,16,hbo,False,S10_D16 hbo,mild_master_42,0.05297745415744055,
34,constant,7.0,1.1113664091014598e-16,0.8655855241705113,9.809858225468363e-09,0.17559259889082696,0.0017225385005605457,10,16,hbo,False,S10_D16 hbo,mild_master_42,,
42,Linear,7.0,4.922158103900408e-17,0.49010970076692817,7.824709694296517e-13,0.72823151630732,5.69820020534214e-07,10,21,hbo,False,S10_D21 hbo,mild_master_42,,
43,ShortHbO,7.0,4.922158103900408e-17,1.1072685085563832e-11,0.0018196911771240286,81.44623787179478,148207.00046524988,10,21,hbo,True,S10_D21 hbo,mild_master_42,,
44,az_itd=0_az=15,7.0,4.922158103900408e-17,0.0003846285442342219,5.2588574600936435e-09,6.351629774297531,0.03340231562231748,10,21,hbo,True,S10_D21 hbo,mild_master_42,-0.022487060060079434,
45,az_itd=0_az=5,7.0,4.922158103900408e-17,4.8612063558642956e-05,5.2650794953368355e-09,-8.820726028071732,-0.04644182374438441,10,21,hbo,True,S10_D21 hbo,mild_master_42,-0.1197893403995639,
46,az_itd=15_az=0,7.0,4.922158103900408e-17,0.0541472040841302,5.272220897618321e-09,-2.3104961316652752,-0.012181445989231956,10,21,hbo,False,S10_D21 hbo,mild_master_42,-0.09521722512404877,
47,az_itd=5_az=0,7.0,4.922158103900408e-17,0.00011138710834134024,5.270299429717041e-09,-7.752001682035781,-0.040855370043998716,10,21,hbo,True,S10_D21 hbo,mild_master_42,-0.020339258766752008,
48,constant,7.0,4.922158103900408e-17,0.6486321726049327,6.52847698712287e-09,0.475911004344981,0.003106974039784741,10,21,hbo,False,S10_D21 hbo,mild_master_42,,
112,Linear,7.0,7.494249007618562e-17,0.9073741200467164,9.655049695654447e-13,0.12062933092845926,1.1646821848678202e-07,11,3,hbo,False,S11_D3 hbo,mild_master_42,,
113,ShortHbO,7.0,7.494249007618562e-17,2.9814298317336743e-12,0.0022453495953572242,98.25139880646516,220608.73855337783,11,3,hbo,True,S11_D3 hbo,mild_master_42,,
114,az_itd=0_az=15,7.0,7.494249007618562e-17,9.061042194538858e-06,6.488998583113843e-09,11.381712530699172,0.073855916485116,11,3,hbo,True,S11_D3 hbo,mild_master_42,0.008146327004715287,
115,az_itd=0_az=5,7.0,7.494249007618562e-17,0.00014675059540487733,6.496676064046449e-09,-7.421244135224357,-0.04821341913875716,11,3,hbo,True,S11_D3 hbo,mild_master_42,-0.15022942362718042,
116,az_itd=15_az=0,7.0,7.494249007618562e-17,0.14440591607205103,6.505487968464406e-09,1.642896751061338,0.010687845047458795,11,3,hbo,False,S11_D3 hbo,mild_master_42,-0.07742155037826066,
117,az_itd=5_az=0,7.0,7.494249007618562e-17,0.07903635672493003,6.503117034742867e-09,-2.054221700590629,-0.013358844134249379,11,3,hbo,False,S11_D3 hbo,mild_master_42,0.05880089822199823,
118,constant,7.0,7.494249007618562e-17,0.7532343937570766,8.055604899125233e-09,0.3269922807251771,0.0026341206185858702,11,3,hbo,False,S11_D3 hbo,mild_master_42,,
126,Linear,7.0,1.204996881650765e-16,0.9451198494966357,1.2242875002723028e-12,-0.07134359814437864,-8.734507543261302e-08,11,4,hbo,False,S11_D4 hbo,mild_master_42,,
127,ShortHbO,7.0,1.204996881650765e-16,3.811169048371122e-12,0.0028471665397792555,94.86263781268445,270089.72825547354,11,4,hbo,True,S11_D4 hbo,mild_master_42,,
128,az_itd=0_az=15,7.0,1.204996881650765e-16,3.936311535071504e-05,8.228233002432481e-09,9.111791811933722,0.0749739460982471,11,4,hbo,True,S11_D4 hbo,mild_master_42,-0.003274039043089439,
129,az_itd=0_az=5,7.0,1.204996881650765e-16,0.0004630769766044936,8.237968264534342e-09,-6.159794266934508,-0.05074418968706706,11,4,hbo,True,S11_D4 hbo,mild_master_42,-0.17301516050187704,
130,az_itd=15_az=0,7.0,1.204996881650765e-16,0.006784105078994598,8.24914200757303e-09,3.7921211514390185,0.03128174588814182,11,4,hbo,True,S11_D4 hbo,mild_master_42,-0.09616691138450705,
131,az_itd=5_az=0,7.0,1.204996881650765e-16,0.10730709400289566,8.24613559682347e-09,-1.8465616689326523,-0.015226997909915297,11,4,hbo,False,S11_D4 hbo,mild_master_42,0.08425878949548991,
132,constant,7.0,1.204996881650765e-16,0.6547898052040648,1.021473394338945e-08,0.4668490992195129,0.004768739340238347,11,4,hbo,False,S11_D4 hbo,mild_master_42,,
70,Linear,7.0,7.107380894071549e-17,0.8202437757090493,9.40254128880786e-13,-0.23592666113524344,-2.2183101724547074e-07,11,11,hbo,False,S11_D11 hbo,mild_master_42,,
71,ShortHbO,7.0,7.107380894071549e-17,2.400958927640744e-12,0.0021866269924696946,101.34011768287158,221593.0367454224,11,11,hbo,True,S11_D11 hbo,mild_master_42,,
72,az_itd=0_az=15,7.0,7.107380894071549e-17,1.8603462217033502e-05,6.319291875649737e-09,10.214022865919931,0.06454539171430847,11,11,hbo,True,S11_D11 hbo,mild_master_42,0.04711269130137257,
73,az_itd=0_az=5,7.0,7.107380894071549e-17,0.4617694495346084,6.326768567509268e-09,-0.7785082974841193,-0.00492544182606768,11,11,hbo,False,S11_D11 hbo,mild_master_42,-0.091378397786765,
74,az_itd=15_az=0,7.0,7.107380894071549e-17,0.005894237176272177,6.335350014289409e-09,3.9006112534163218,0.024711737560068524,11,11,hbo,True,S11_D11 hbo,mild_master_42,-0.03001521718040694,
75,az_itd=5_az=0,7.0,7.107380894071549e-17,0.0030144371524452006,6.333041087571007e-09,-4.438147564612198,-0.028106970879392245,11,11,hbo,True,S11_D11 hbo,mild_master_42,0.05464427385701402,
76,constant,7.0,7.107380894071549e-17,0.7520505314525832,7.84492675417698e-09,0.3286264063536657,0.002578050087332908,11,11,hbo,False,S11_D11 hbo,mild_master_42,,
84,Linear,7.0,9.344093422354203e-17,0.8288680995359332,1.0780999847094408e-12,-0.2243830205141043,-2.4190733098531396e-07,11,12,hbo,False,S11_D12 hbo,mild_master_42,,
85,ShortHbO,7.0,9.344093422354203e-17,1.702712715186511e-12,0.0025071972084322763,106.4422841815084,266871.7977590329,11,12,hbo,True,S11_D12 hbo,mild_master_42,,
86,az_itd=0_az=15,7.0,9.344093422354203e-17,9.474942420958002e-06,7.245730984050023e-09,11.305845925074738,0.08191911812020973,11,12,hbo,True,S11_D12 hbo,mild_master_42,-0.002364057020642656,
87,az_itd=0_az=5,7.0,9.344093422354203e-17,0.2775091997668216,7.25430379551859e-09,-1.177408168626128,-0.008541276546539111,11,12,hbo,False,S11_D12 hbo,mild_master_42,-0.06518043846326378,
88,az_itd=15_az=0,7.0,9.344093422354203e-17,0.4314508234602644,7.264143324384545e-09,0.83469434666437,0.006063339366223502,11,12,hbo,False,S11_D12 hbo,mild_master_42,-0.07843317929390177,
89,az_itd=5_az=0,7.0,9.344093422354203e-17,0.0013208210368741574,7.261495897711962e-09,-5.1521798558836025,-0.037412532887772985,11,12,hbo,True,S11_D12 hbo,mild_master_42,-0.011332244370468387,
90,constant,7.0,9.344093422354203e-17,0.6187609551134714,8.995031400491961e-09,0.5205104870393121,0.004682008175203977,11,12,hbo,False,S11_D12 hbo,mild_master_42,,
98,Linear,7.0,2.6341135346309467e-16,0.46189514480034877,1.8101213835278787e-12,-0.7782807627634218,-1.4087826510664578e-06,11,13,hbo,False,S11_D13 hbo,mild_master_42,,
99,ShortHbO,7.0,2.6341135346309467e-16,3.4268960516642438e-12,0.0042095643670079395,96.3149236145879,405443.8704590607,11,13,hbo,True,S11_D13 hbo,mild_master_42,,
100,az_itd=0_az=15,7.0,2.6341135346309467e-16,2.454683931712565e-06,1.2165525256967932e-08,13.817988169045956,0.16810308407101265,11,13,hbo,True,S11_D13 hbo,mild_master_42,0.023745843748644233,
101,az_itd=0_az=5,7.0,2.6341135346309467e-16,0.005220503171421029,1.217991893990671e-08,-3.9953844902801454,-0.04866345922537265,11,13,hbo,True,S11_D13 hbo,mild_master_42,-0.18565917641676627,
102,az_itd=15_az=0,7.0,2.6341135346309467e-16,5.289534812298001e-05,1.2196439431379403e-08,8.706512642984864,0.1061884541087039,11,13,hbo,True,S11_D13 hbo,mild_master_42,-0.11205117196292548,
103,az_itd=5_az=0,7.0,2.6341135346309467e-16,0.21101504808591867,1.2191994422846493e-08,1.3767248819596605,0.016785022082646178,11,13,hbo,False,S11_D13 hbo,mild_master_42,0.07969813021789855,
104,constant,7.0,2.6341135346309467e-16,0.6815658380190022,1.5102586879196936e-08,0.4279211080857298,0.006462715712306957,11,13,hbo,False,S11_D13 hbo,mild_master_42,,
182,Linear,7.0,1.358137127756304e-16,0.6804893518468218,1.2997572986439163e-12,0.4294718785134807,5.582092086602098e-07,12,2,hbo,False,S12_D2 hbo,mild_master_42,,
183,ShortHbO,7.0,1.358137127756304e-16,2.992896798664105e-11,0.0030226768546683263,70.6501105863128,213552.4540490054,12,2,hbo,True,S12_D2 hbo,mild_master_42,,
184,az_itd=0_az=15,7.0,1.358137127756304e-16,0.00017703449571293255,8.735452985900514e-09,7.202737563855761,0.0629191753588416,12,2,hbo,True,S12_D2 hbo,mild_master_42,-0.009105353161933527,
185,az_itd=0_az=5,7.0,1.358137127756304e-16,5.1546653629387585e-05,8.745788367065714e-09,-8.741311588673323,-0.07644966120511587,12,2,hbo,True,S12_D2 hbo,mild_master_42,-0.199086366432844,
186,az_itd=15_az=0,7.0,1.358137127756304e-16,0.1403371923933132,8.757650902674772e-09,1.662635419867883,0.014560780585625014,12,2,hbo,False,S12_D2 hbo,mild_master_42,-0.16657705663571887,
187,az_itd=5_az=0,7.0,1.358137127756304e-16,0.1480700535318491,8.754459165183708e-09,1.6255617773995943,0.014230914200728197,12,2,hbo,False,S12_D2 hbo,mild_master_42,-0.001844683050427638,
188,constant,7.0,1.358137127756304e-16,0.9949127274623011,1.0844409498319006e-08,-0.006607049100306516,-7.164954601922403e-05,12,2,hbo,False,S12_D2 hbo,mild_master_42,,
196,Linear,7.0,8.109433000250779e-17,0.9011552531800462,1.0043514223831777e-12,-0.12877799666936895,-1.293383641265368e-07,12,3,hbo,False,S12_D3 hbo,mild_master_42,,
197,ShortHbO,7.0,8.109433000250779e-17,1.8801389635430936e-12,0.0023356897488155935,104.9448097056365,245118.5162208584,12,3,hbo,True,S12_D3 hbo,mild_master_42,,
198,az_itd=0_az=15,7.0,8.109433000250779e-17,3.787285125011969e-06,6.7500791422400405e-09,12.960092045830013,0.08748164700006822,12,3,hbo,True,S12_D3 hbo,mild_master_42,-0.0037333034535905044,
199,az_itd=0_az=5,7.0,8.109433000250779e-17,0.003081789851243061,6.7580655215317515e-09,-4.419864562353347,-0.029869734308680177,12,3,hbo,True,S12_D3 hbo,mild_master_42,-0.11847121351041805,
200,az_itd=15_az=0,7.0,8.109433000250779e-17,0.049097973294373494,6.76723196708621e-09,2.3770031439002453,0.016085731661266166,12,3,hbo,True,S12_D3 hbo,mild_master_42,-0.04942107100866655,
201,az_itd=5_az=0,7.0,8.109433000250779e-17,0.003546284796784989,6.764765640417093e-09,-4.304653998870913,-0.029119975465445994,12,3,hbo,True,S12_D3 hbo,mild_master_42,0.0407670497452666,
202,constant,7.0,8.109433000250779e-17,0.7192088208592963,8.379716825522683e-09,0.3743746291301144,0.0031371533787704336,12,3,hbo,False,S12_D3 hbo,mild_master_42,,
210,Linear,7.0,6.810190914282695e-17,0.9410252336750964,9.203861979810172e-13,-0.07667807086068824,-7.057343810798787e-08,12,4,hbo,False,S12_D4 hbo,mild_master_42,,
211,ShortHbO,7.0,6.810190914282695e-17,4.785447667449855e-12,0.002140422724223971,91.82514596068432,196544.6290694317,12,4,hbo,True,S12_D4 hbo,mild_master_42,,
212,az_itd=0_az=15,7.0,6.810190914282695e-17,1.978675389265063e-05,6.18576281104427e-09,10.119104343108491,0.06259437932667707,12,4,hbo,True,S12_D4 hbo,mild_master_42,-0.01602532166752053,
213,az_itd=0_az=5,7.0,6.810190914282695e-17,0.00023603601149527025,6.193081517532972e-09,-6.877610828637614,-0.04259360450762024,12,4,hbo,True,S12_D4 hbo,mild_master_42,-0.1352618295276874,
214,az_itd=15_az=0,7.0,6.810190914282695e-17,0.004361610337472721,6.2014816350464705e-09,4.137718163660346,0.02565998320293784,12,4,hbo,True,S12_D4 hbo,mild_master_42,-0.08729072361337549,
215,az_itd=5_az=0,7.0,6.810190914282695e-17,0.3623288434159127,6.199221496836498e-09,-0.9743796386330821,-0.006040395201893981,12,4,hbo,False,S12_D4 hbo,mild_master_42,0.043223309433344105,
216,constant,7.0,6.810190914282695e-17,0.7188331410887245,7.679160438583914e-09,0.37490285977531784,0.0028789392090985935,12,4,hbo,False,S12_D4 hbo,mild_master_42,,
140,Linear,7.0,3.990466214764962e-17,0.25333230668834356,7.045345135187686e-13,1.244596182620492,8.768609660498448e-07,12,10,hbo,False,S12_D10 hbo,mild_master_42,,
141,ShortHbO,7.0,3.990466214764962e-17,8.39561571880649e-12,0.0016384444769420095,84.73405651393426,138832.0469041477,12,10,hbo,True,S12_D10 hbo,mild_master_42,,
142,az_itd=0_az=15,7.0,3.990466214764962e-17,0.09988688757327192,4.735059480880492e-09,1.8953483845853618,0.008974587338002443,12,10,hbo,False,S12_D10 hbo,mild_master_42,-0.032735284075527366,
143,az_itd=0_az=5,7.0,3.990466214764962e-17,0.00015040583701363862,4.740661782747811e-09,-7.392292495461184,-0.03504435852012629,12,10,hbo,True,S12_D10 hbo,mild_master_42,-0.10469573909696837,
144,az_itd=15_az=0,7.0,3.990466214764962e-17,0.2836988085233298,4.747091879938377e-09,-1.1609994796469918,-0.005511371202444916,12,10,hbo,False,S12_D10 hbo,mild_master_42,-0.05354456870280226,
145,az_itd=5_az=0,7.0,3.990466214764962e-17,8.475864197802054e-06,4.745361796004328e-09,-11.495971127047964,-0.054552542194262234,12,10,hbo,True,S12_D10 hbo,mild_master_42,-0.04785683349335105,
146,constant,7.0,3.990466214764962e-17,0.8829809868216283,5.878221094251867e-09,0.15265028987725449,0.0008973121540001396,12,10,hbo,False,S12_D10 hbo,mild_master_42,,
154,Linear,7.0,7.056284079632545e-17,0.9218874305755963,9.368681662133e-13,0.10164674807957523,9.522960247485691e-08,12,11,hbo,False,S12_D11 hbo,mild_master_42,,
155,ShortHbO,7.0,7.056284079632545e-17,2.9608139289401262e-12,0.002178752698556162,98.34890209993105,214277.93585026058,12,11,hbo,True,S12_D11 hbo,mild_master_42,,
156,az_itd=0_az=15,7.0,7.056284079632545e-17,0.0001887016359060085,6.2965353827839545e-09,7.129579043288182,0.044891646710419016,12,11,hbo,True,S12_D11 hbo,mild_master_42,-0.011665256297138398,
157,az_itd=0_az=5,7.0,7.056284079632545e-17,0.9137054814106295,6.30398515022089e-09,-0.112342632347158,-0.0007082062860532091,12,11,hbo,False,S12_D11 hbo,mild_master_42,-0.0809997620493278,
158,az_itd=15_az=0,7.0,7.056284079632545e-17,0.8987381077648763,6.312535694229601e-09,-0.13194781432845895,-0.0008329252877239772,12,11,hbo,False,S12_D11 hbo,mild_master_42,-0.03891894228109159,
159,az_itd=5_az=0,7.0,7.056284079632545e-17,0.00032519843677107836,6.310235082220415e-09,-6.528869405127826,-0.04119870076747314,12,11,hbo,True,S12_D11 hbo,mild_master_42,0.004234291000173406,
160,constant,7.0,7.056284079632545e-17,0.790704708122162,7.816676275606443e-09,0.27574773675589037,0.0021554307919519388,12,11,hbo,False,S12_D11 hbo,mild_master_42,,
168,Linear,7.0,5.60162496022363e-17,0.9337473932347284,8.347327793049348e-13,0.08616591963964597,7.192551758216735e-08,12,12,hbo,False,S12_D12 hbo,mild_master_42,,
169,ShortHbO,7.0,5.60162496022363e-17,2.0614519520092473e-12,0.001941229685319298,103.57281961032389,201058.6320197815,12,12,hbo,True,S12_D12 hbo,mild_master_42,,
170,az_itd=0_az=15,7.0,5.60162496022363e-17,0.000107739316371891,5.610100406449799e-09,7.792741546585692,0.043718062517858626,12,12,hbo,True,S12_D12 hbo,mild_master_42,-0.001296032089101578,
171,az_itd=0_az=5,7.0,5.60162496022363e-17,0.01649867007800855,5.61673801598983e-09,-3.134798343529749,-0.01760734102856549,12,12,hbo,True,S12_D12 hbo,mild_master_42,-0.07850346424672038,
172,az_itd=15_az=0,7.0,5.60162496022363e-17,0.5264807661924584,5.624356397766862e-09,-0.6664339607692314,-0.0037482621109415364,12,12,hbo,False,S12_D12 hbo,mild_master_42,-0.06520749733731158,
173,az_itd=5_az=0,7.0,5.60162496022363e-17,0.0003858405419117806,5.622306593615342e-09,-6.348342072231884,-0.03569232549123501,12,12,hbo,True,S12_D12 hbo,mild_master_42,0.02059786472034646,
174,constant,7.0,5.60162496022363e-17,0.5608060685038213,6.964518752768019e-09,0.6105236840873538,0.004252003646835393,12,12,hbo,False,S12_D12 hbo,mild_master_42,,
224,Linear,7.0,1.1333061929101777e-16,0.6762551275704658,1.187309888743842e-12,-0.4355828614509908,-5.171718387681003e-07,13,1,hbo,False,S13_D1 hbo,mild_master_42,,
225,ShortHbO,7.0,1.1333061929101777e-16,1.064157174869452e-11,0.0027611725079514596,81.91005315508123,226167.786896653,13,1,hbo,True,S13_D1 hbo,mild_master_42,,
226,az_itd=0_az=15,7.0,1.1333061929101777e-16,7.842258726035533e-07,7.97971261529961e-09,16.337762920516315,0.13037065288261823,13,1,hbo,True,S13_D1 hbo,mild_master_42,0.027707772799499247,
227,az_itd=0_az=5,7.0,1.1333061929101777e-16,0.0038269968189943884,7.989153839652943e-09,-4.242807795529145,-0.0338964441905611,13,1,hbo,True,S13_D1 hbo,mild_master_42,-0.1462994590244384,
228,az_itd=15_az=0,7.0,1.1333061929101777e-16,0.0006412213297385433,7.999990097967403e-09,5.83356640414944,0.04666847346903084,13,1,hbo,True,S13_D1 hbo,mild_master_42,-0.05866532325946173,
229,az_itd=5_az=0,7.0,1.1333061929101777e-16,0.09373908129747707,7.997074490961873e-09,1.9385199299515141,0.01550248828203645,13,1,hbo,False,S13_D1 hbo,mild_master_42,0.05832268122617328,
230,constant,7.0,1.1333061929101777e-16,0.9646213994686683,9.906214528185728e-09,0.045965745174581865,0.0004553465326473259,13,1,hbo,False,S13_D1 hbo,mild_master_42,,
266,Linear,7.0,6.442192195910471e-17,0.5608197376086091,8.951736554866448e-13,0.6105018377232252,5.465051617560138e-07,13,2,hbo,False,S13_D2 hbo,mild_master_42,,
267,ShortHbO,7.0,6.442192195910471e-17,1.4654764682329134e-11,0.002081789186466889,78.24644817396121,162892.6096879943,13,2,hbo,True,S13_D2 hbo,mild_master_42,,
268,az_itd=0_az=15,7.0,6.442192195910471e-17,4.622452958723251e-06,6.016313499357852e-09,12.582722097972429,0.07570160081669988,13,2,hbo,True,S13_D2 hbo,mild_master_42,-0.007805342737841356,
269,az_itd=0_az=5,7.0,6.442192195910471e-17,9.992069492948194e-05,6.023431721312176e-09,-7.885566484387214,-0.04749817130257408,13,2,hbo,True,S13_D2 hbo,mild_master_42,-0.12040606944805267,
270,az_itd=15_az=0,7.0,6.442192195910471e-17,0.6457561735121888,6.031601730725149e-09,-0.4801583011251473,-0.0028961236400884857,13,2,hbo,False,S13_D2 hbo,mild_master_42,-0.07661549776114085,
271,az_itd=5_az=0,7.0,6.442192195910471e-17,0.020214871503149608,6.029403505471703e-09,-2.9904008392743884,-0.01803033330308652,13,2,hbo,True,S13_D2 hbo,mild_master_42,0.0020001210341275876,
272,constant,7.0,6.442192195910471e-17,0.9046592711872496,7.468801831182357e-09,-0.1241854746447712,-0.0009275167004331173,13,2,hbo,False,S13_D2 hbo,mild_master_42,,
280,Linear,7.0,8.726895809184126e-17,0.7124221857174797,1.0418863527343673e-12,0.38393533147720593,4.0001698219864645e-07,13,3,hbo,False,S13_D3 hbo,mild_master_42,,
281,ShortHbO,7.0,8.726895809184126e-17,2.0158672107037275e-11,0.0024229798646953054,74.75844998939262,181138.21904012928,13,3,hbo,True,S13_D3 hbo,mild_master_42,,
282,az_itd=0_az=15,7.0,8.726895809184126e-17,3.69384671200631e-06,7.002345176640432e-09,13.008132485785818,0.09108743376894204,13,3,hbo,True,S13_D3 hbo,mild_master_42,-0.012222107512834085,
283,az_itd=0_az=5,7.0,8.726895809184126e-17,2.7902825203800503e-05,7.010630025356085e-09,-9.604178705434457,-0.06733134360120434,13,3,hbo,True,S13_D3 hbo,mild_master_42,-0.18021288061877994,
284,az_itd=15_az=0,7.0,8.726895809184126e-17,0.022994956393240434,7.020139042133908e-09,2.8997247329440268,0.020356470809181685,13,3,hbo,True,S13_D3 hbo,mild_master_42,-0.09475934246490311,
285,az_itd=5_az=0,7.0,8.726895809184126e-17,0.036338600611520215,7.017580543145735e-09,-2.582520502286531,-0.018123045629120912,13,3,hbo,True,S13_D3 hbo,mild_master_42,0.011475876368815259,
286,constant,7.0,8.726895809184126e-17,0.9607797466738862,8.692886180789136e-09,0.050961720991500925,0.00044300444015625003,13,3,hbo,False,S13_D3 hbo,mild_master_42,,
294,Linear,7.0,4.940296334070507e-17,0.36585613856748395,7.839113526169599e-13,0.966788703989582,7.578766406392708e-07,13,9,hbo,False,S13_D9 hbo,mild_master_42,,
295,ShortHbO,7.0,4.940296334070507e-17,1.7885813515563956e-09,0.0018230408893562062,39.33127358251953,71702.51997138867,13,9,hbo,True,S13_D9 hbo,mild_master_42,,
296,az_itd=0_az=15,7.0,4.940296334070507e-17,0.016572907324545905,5.268538036327021e-09,-3.1315866694688523,-0.016498883482151304,13,9,hbo,True,S13_D9 hbo,mild_master_42,0.03715623889654129,
297,az_itd=0_az=5,7.0,4.940296334070507e-17,0.00048512104040956906,5.274771525177191e-09,-6.11240106223438,-0.03224151907353672,13,9,hbo,True,S13_D9 hbo,mild_master_42,-0.06763879971273327,
298,az_itd=15_az=0,7.0,4.940296334070507e-17,0.03221697329330158,5.281926073448985e-09,2.665332815768103,0.014078090894024743,13,9,hbo,True,S13_D9 hbo,mild_master_42,-0.0019174907645113455,
299,az_itd=5_az=0,7.0,4.940296334070507e-17,3.106326362582737e-06,5.280001068483497e-09,-13.345848500554728,-0.07046609434274784,13,9,hbo,True,S13_D9 hbo,mild_master_42,-0.011552399964697325,
300,constant,7.0,4.940296334070507e-17,0.719612994665179,6.540494696224377e-09,0.37380646464147116,0.0024448791994019273,13,9,hbo,False,S13_D9 hbo,mild_master_42,,
238,Linear,7.0,4.1453229746527385e-17,0.06344603362416637,7.180747251172222e-13,2.2030361992283534,1.58194461318419e-06,13,10,hbo,False,S13_D10 hbo,mild_master_42,,
239,ShortHbO,7.0,4.1453229746527385e-17,9.843637580888559e-11,0.001669933189679887,59.584992390326704,99502.95639943006,13,10,hbo,True,S13_D10 hbo,mild_master_42,,
240,az_itd=0_az=15,7.0,4.1453229746527385e-17,0.0026520467307042514,4.826060994748383e-09,-4.544935986933372,-0.021934138290167396,13,10,hbo,True,S13_D10 hbo,mild_master_42,-0.014154903996636286,
241,az_itd=0_az=5,7.0,4.1453229746527385e-17,0.0001611359742895361,4.8317709653689956e-09,-7.311680043190881,-0.03532836334075762,13,10,hbo,True,S13_D10 hbo,mild_master_42,-0.062274000018234445,
242,az_itd=15_az=0,7.0,4.1453229746527385e-17,0.0021688399039386354,4.838324640432451e-09,-4.715524918803296,-0.02281524040721922,13,10,hbo,True,S13_D10 hbo,mild_master_42,-0.019574617371754744,
243,az_itd=5_az=0,7.0,4.1453229746527385e-17,8.676164938141186e-08,4.836561306597793e-09,-22.49709908033492,-0.10880859892264469,13,10,hbo,True,S13_D10 hbo,mild_master_42,-0.09986150403924969,
244,constant,7.0,4.1453229746527385e-17,0.9972673567524148,5.991192646264478e-09,-0.003548974655842582,-2.1262590859863082e-05,13,10,hbo,False,S13_D10 hbo,mild_master_42,,
252,Linear,7.0,4.00773669587391e-17,0.2396530688438333,7.060574575261566e-13,1.2850647247546703,9.073295323168326e-07,13,11,hbo,False,S13_D11 hbo,mild_master_42,,
253,ShortHbO,7.0,4.00773669587391e-17,1.2552528522745585e-11,0.0016419861901579233,79.99834210265965,131356.17296809633,13,11,hbo,True,S13_D11 hbo,mild_master_42,,
254,az_itd=0_az=15,7.0,4.00773669587391e-17,0.052859247965072,4.74529493467681e-09,2.3268405649949413,0.01104154474687102,13,11,hbo,False,S13_D11 hbo,mild_master_42,-0.04063482603324902,
255,az_itd=0_az=5,7.0,4.00773669587391e-17,1.0275243286502598e-05,4.750909346656399e-09,-11.169291193616065,-0.05306428992727758,13,11,hbo,True,S13_D11 hbo,mild_master_42,-0.1112402507018993,
256,az_itd=15_az=0,7.0,4.00773669587391e-17,0.0019294063543075694,4.757353343347692e-09,-4.816416429647579,-0.02291339480453866,13,11,hbo,True,S13_D11 hbo,mild_master_42,-0.08280090122257167,
257,az_itd=5_az=0,7.0,4.00773669587391e-17,1.1076946110370055e-05,4.755619519609689e-09,-11.04410579972079,-0.05252156511778676,13,11,hbo,True,S13_D11 hbo,mild_master_42,-0.03847347881070142,
258,constant,7.0,4.00773669587391e-17,0.6164915301864519,5.890927642217674e-09,0.5239447266732306,0.0030865204733535184,13,11,hbo,False,S13_D11 hbo,mild_master_42,,
308,Linear,7.0,1.7343029498366608e-16,0.38266763052273334,1.4687670981408843e-12,-0.9313563038606234,-1.3679454957565876e-06,14,1,hbo,False,S14_D1 hbo,mild_master_42,,
309,ShortHbO,7.0,1.7343029498366608e-16,5.063835353429079e-12,0.0034157210096691253,91.08584132518698,311123.8218978294,14,1,hbo,True,S14_D1 hbo,mild_master_42,,
310,az_itd=0_az=15,7.0,1.7343029498366608e-16,3.963375532514523e-07,9.871339785076478e-09,18.047828304972253,0.17815624558110196,14,1,hbo,True,S14_D1 hbo,mild_master_42,0.03742931839941528,
311,az_itd=0_az=5,7.0,1.7343029498366608e-16,0.297382686184964,9.883019094604519e-09,1.1257490763938394,0.011125799617733715,14,1,hbo,False,S14_D1 hbo,mild_master_42,-0.09049933647274423,
312,az_itd=15_az=0,7.0,1.7343029498366608e-16,1.994599673758997e-05,9.896424137239237e-09,10.106823696324485,0.1000214139791271,14,1,hbo,True,S14_D1 hbo,mild_master_42,0.011168097968520932,
313,az_itd=5_az=0,7.0,1.7343029498366608e-16,0.12871892523407294,9.89281737233192e-09,1.7221203143075898,0.017036621762627827,14,1,hbo,False,S14_D1 hbo,mild_master_42,0.08995795632346841,
314,constant,7.0,1.7343029498366608e-16,0.9294253620886668,1.2254527738767548e-08,-0.09180452159738303,-0.0011250210564594148,14,1,hbo,False,S14_D1 hbo,mild_master_42,,
336,Linear,7.0,1.0253184718927226e-16,0.8430893619003468,1.1293273467423098e-12,-0.2054208762727148,-2.3198741316654527e-07,14,2,hbo,False,S14_D2 hbo,mild_master_42,,
337,ShortHbO,7.0,1.0253184718927226e-16,1.1621455879689614e-11,0.002626330035540862,80.88483611385388,212430.27450561462,14,2,hbo,True,S14_D2 hbo,mild_master_42,,
338,az_itd=0_az=15,7.0,1.0253184718927226e-16,2.444210558593751e-06,7.590021578222272e-09,13.826705348919212,0.10494499195401814,14,2,hbo,True,S14_D2 hbo,mild_master_42,0.025310369640048295,
339,az_itd=0_az=5,7.0,1.0253184718927226e-16,0.022762198833545057,7.599001738288344e-09,-2.9068596911854896,-0.022089231846278853,14,2,hbo,True,S14_D2 hbo,mild_master_42,-0.1141494939475263,
340,az_itd=15_az=0,7.0,1.0253184718927226e-16,0.017977631039590533,7.60930880552235e-09,3.0735476257605807,0.023387573012892297,14,2,hbo,True,S14_D2 hbo,mild_master_42,-0.07611962315769721,
341,az_itd=5_az=0,7.0,1.0253184718927226e-16,0.09971262158842228,7.606535582832205e-09,1.8965360034061889,0.014426068594031557,14,2,hbo,False,S14_D2 hbo,mild_master_42,0.04780445554984016,
342,constant,7.0,1.0253184718927226e-16,0.9648645532405234,9.42244234250604e-09,-0.045649575221036,-0.00043013049048010404,14,2,hbo,False,S14_D2 hbo,mild_master_42,,
350,Linear,7.0,9.445068942980019e-17,0.5990328609301276,1.083909493529278e-12,-0.5505971807190488,-5.967975112918325e-07,14,9,hbo,False,S14_D9 hbo,mild_master_42,,
351,ShortHbO,7.0,9.445068942980019e-17,1.1347119236397097e-11,0.002520707629081604,81.16160856830962,204584.68590667294,14,9,hbo,True,S14_D9 hbo,mild_master_42,,
352,az_itd=0_az=15,7.0,9.445068942980019e-17,1.7506036968096615e-05,7.2847757281878784e-09,10.308386754850183,0.07509428562850602,14,9,hbo,True,S14_D9 hbo,mild_master_42,0.04486076251210449,
353,az_itd=0_az=5,7.0,9.445068942980019e-17,0.9020438944632396,7.293394735579407e-09,0.12761301505764955,0.0009307320922128769,14,9,hbo,False,S14_D9 hbo,mild_master_42,-0.05348408254884998,
354,az_itd=15_az=0,7.0,9.445068942980019e-17,1.105550828076644e-05,7.303287286271296e-09,11.047317763670117,0.08068173537081101,14,9,hbo,True,S14_D9 hbo,mild_master_42,0.021916055188111076,
355,az_itd=5_az=0,7.0,9.445068942980019e-17,0.003962832781781843,7.300625593529867e-09,-4.214645813107508,-0.030769551090836175,14,9,hbo,True,S14_D9 hbo,mild_master_42,0.03489064790822211,
356,constant,7.0,9.445068942980019e-17,0.9120493374913865,9.043502520978948e-09,0.11450937312259941,0.0010355658045099467,14,9,hbo,False,S14_D9 hbo,mild_master_42,,
322,Linear,7.0,7.602209981910616e-17,0.2549520005068268,9.72434558644549e-13,1.2399291049342274,1.205749911907246e-06,14,10,hbo,False,S14_D10 hbo,mild_master_42,,
323,ShortHbO,7.0,7.602209981910616e-17,5.701888455261578e-09,0.0022614648412909266,33.301585066190086,75310.36378644784,14,10,hbo,True,S14_D10 hbo,mild_master_42,,
324,az_itd=0_az=15,7.0,7.602209981910616e-17,0.006622583187510059,6.535571200690434e-09,-3.8106175515064,-0.024904562326470724,14,10,hbo,True,S14_D10 hbo,mild_master_42,0.016052031492106465,
325,az_itd=0_az=5,7.0,7.602209981910616e-17,4.34462934200926e-05,6.543303784175282e-09,-8.974661683662452,-0.058723937756401424,14,10,hbo,True,S14_D10 hbo,mild_master_42,-0.12249624995179542,
326,az_itd=15_az=0,7.0,7.602209981910616e-17,0.0012050431787047967,6.552178933090726e-09,5.2355979286935215,0.03430457445051913,14,10,hbo,True,S14_D10 hbo,mild_master_42,-0.0006510607484180494,
327,az_itd=5_az=0,7.0,7.602209981910616e-17,6.43818963344749e-07,6.549790982785179e-09,-16.81546295680769,-0.1101377676458572,14,10,hbo,True,S14_D10 hbo,mild_master_42,-0.09634180650166622,
328,constant,7.0,7.602209981910616e-17,0.8539103735400677,8.113421309702263e-09,0.19104892258786355,0.00155006039972003,14,10,hbo,False,S14_D10 hbo,mild_master_42,,
364,Linear,7.0,4.9421709869301517e-17,0.05233471140159978,7.840600706467508e-13,2.3336135386484327,1.8296931959749042e-06,15,17,hbo,False,S15_D17 hbo,mild_master_42,,
365,ShortHbO,7.0,4.9421709869301517e-17,0.7316408701427928,0.0018233867435760594,0.35695909361131994,650.8744792898063,15,17,hbo,False,S15_D17 hbo,mild_master_42,,
366,az_itd=0_az=15,7.0,4.9421709869301517e-17,1.1390119968621914e-06,5.2695375455113516e-09,-15.469218189086735,-0.08151562604709967,15,17,hbo,True,S15_D17 hbo,mild_master_42,0.02423473231590529,
367,az_itd=0_az=5,7.0,4.9421709869301517e-17,2.558123772493839e-06,5.2757722169342414e-09,-13.734102343482776,-0.0724579955682779,15,17,hbo,True,S15_D17 hbo,mild_master_42,-0.02225622648570137,
368,az_itd=15_az=0,7.0,4.9421709869301517e-17,1.784175786827764e-05,5.282928122515531e-09,-10.278822409364935,-0.05430227997277686,15,17,hbo,True,S15_D17 hbo,mild_master_42,-0.04471888096390653,
369,az_itd=5_az=0,7.0,4.9421709869301517e-17,1.342391125070099e-06,5.281002752351931e-09,-15.100961670149951,-0.0797482201432229,15,17,hbo,True,S15_D17 hbo,mild_master_42,-0.06848245982944015,
370,constant,7.0,4.9421709869301517e-17,0.7331597202053917,6.541735511887824e-09,0.3548398202709293,0.002321268253298231,15,17,hbo,False,S15_D17 hbo,mild_master_42,,
378,Linear,7.0,5.112270581273181e-17,0.06683898290597208,7.97438813179886e-13,2.167747209192426,1.7286457617724182e-06,15,18,hbo,False,S15_D18 hbo,mild_master_42,,
379,ShortHbO,7.0,5.112270581273181e-17,7.648783795090913e-09,0.001854499948665707,31.925188186839662,59205.259853637195,15,18,hbo,True,S15_D18 hbo,mild_master_42,,
380,az_itd=0_az=15,7.0,5.112270581273181e-17,3.4578939970838805e-06,5.359453852602378e-09,-13.135870088132089,-0.07040108955112387,15,18,hbo,True,S15_D18 hbo,mild_master_42,-0.0013761542458244837,
381,az_itd=0_az=5,7.0,5.112270581273181e-17,3.708547408863301e-05,5.3657949088124405e-09,-9.195477989019926,-0.049341048977579974,15,18,hbo,True,S15_D18 hbo,mild_master_42,-0.017788942972022978,
382,az_itd=15_az=0,7.0,5.112270581273181e-17,3.441919950888926e-05,5.3730729185818494e-09,-9.301170952656822,-0.04997586975682051,15,18,hbo,True,S15_D18 hbo,mild_master_42,-0.03666012056075428,
383,az_itd=5_az=0,7.0,5.112270581273181e-17,9.2597398019078e-08,5.37111469502772e-09,-22.28628860344104,-0.11970221221557097,15,18,hbo,True,S15_D18 hbo,mild_master_42,-0.10904516343703416,
384,constant,7.0,5.112270581273181e-17,0.4970721857913555,6.653359861105379e-09,0.7161776027246529,0.004764987315390881,15,18,hbo,False,S15_D18 hbo,mild_master_42,,
392,Linear,7.0,4.5770296357366075e-17,0.17005272248581077,7.545400841555556e-13,1.5292426429660655,1.1538748725178793e-06,15,22,hbo,False,S15_D22 hbo,mild_master_42,,
393,ShortHbO,7.0,4.5770296357366075e-17,9.662560112662855e-10,0.0017547359423763635,42.961671328055914,75386.38882389978,15,22,hbo,True,S15_D22 hbo,mild_master_42,,
394,az_itd=0_az=15,7.0,4.5770296357366075e-17,0.001320346199441207,5.071138617952106e-09,-5.152505143452112,-0.02612906781215686,15,22,hbo,True,S15_D22 hbo,mild_master_42,0.09583200644958595,
395,az_itd=0_az=5,7.0,4.5770296357366075e-17,1.8474093981625687e-05,5.0771385530032935e-09,-10.224813903095567,-0.051912796864690594,15,22,hbo,True,S15_D22 hbo,mild_master_42,-0.05713622227644692,
396,az_itd=15_az=0,7.0,4.5770296357366075e-17,5.527315076657026e-05,5.084025037600146e-09,-8.647539079128563,-0.04396430519191532,15,22,hbo,True,S15_D22 hbo,mild_master_42,-0.05566581320274013,
397,az_itd=5_az=0,7.0,4.5770296357366075e-17,6.836668782924439e-06,5.082172157929746e-09,-11.870940621860951,-0.06033016391685895,15,22,hbo,True,S15_D22 hbo,mild_master_42,-0.020135459317840998,
398,constant,7.0,4.5770296357366075e-17,0.5840022929682813,6.295438128346015e-09,0.5738904841275606,0.0036128920352715985,15,22,hbo,False,S15_D22 hbo,mild_master_42,,
406,Linear,7.0,6.502788470450637e-17,0.055128544407600816,8.993738738289594e-13,2.2983059521228992,2.0670363274049267e-06,16,16,hbo,False,S16_D16 hbo,mild_master_42,,
407,ShortHbO,7.0,6.502788470450637e-17,5.377150069357372e-09,0.0020915570891215716,33.5832880774443,70241.36425439059,16,16,hbo,True,S16_D16 hbo,mild_master_42,,
408,az_itd=0_az=15,7.0,6.502788470450637e-17,0.0005941021601037579,6.04454246941102e-09,-5.90893346121998,-0.03571679925526802,16,16,hbo,True,S16_D16 hbo,mild_master_42,0.08627428718972281,
409,az_itd=0_az=5,7.0,6.502788470450637e-17,5.989964952113181e-07,6.051694090568096e-09,-16.993513099417836,-0.10283954280173843,16,16,hbo,True,S16_D16 hbo,mild_master_42,-0.13091289292854122,
410,az_itd=15_az=0,7.0,6.502788470450637e-17,4.7456867375303066e-05,6.059902434245246e-09,-8.853488205905876,-0.053651274730530586,16,16,hbo,True,S16_D16 hbo,mild_master_42,-0.08124894613178932,
411,az_itd=5_az=0,7.0,6.502788470450637e-17,2.409151466331958e-07,6.057693894762852e-09,-19.40256291850385,-0.11753478693417287,16,16,hbo,True,S16_D16 hbo,mild_master_42,-0.06102962429785765,
412,constant,7.0,6.502788470450637e-17,0.5591321276755647,7.503845979604475e-09,0.6132014215129491,0.0046013690215076924,16,16,hbo,False,S16_D16 hbo,mild_master_42,,
420,Linear,7.0,6.880148237958467e-16,0.07463814211711381,2.9254275816686968e-12,2.0930048635619087,6.122934156430736e-06,16,18,hbo,False,S16_D18 hbo,mild_master_42,,
421,ShortHbO,7.0,6.880148237958467e-16,0.005756663269373994,0.006803287237043509,3.9189687817651744,26661.87029535496,16,18,hbo,True,S16_D18 hbo,mild_master_42,,
422,az_itd=0_az=15,7.0,6.880148237958467e-16,8.207476034434704e-05,1.9661313023582112e-08,-8.13228349307006,-0.15989137135376022,16,18,hbo,True,S16_D18 hbo,mild_master_42,0.003454763443598012,
423,az_itd=0_az=5,7.0,6.880148237958467e-16,0.00012343140265136594,1.9684575373529507e-08,-7.627468298006186,-0.15014347462130959,16,18,hbo,True,S16_D18 hbo,mild_master_42,-0.030513425826018722,
424,az_itd=15_az=0,7.0,6.880148237958467e-16,6.061295097465244e-07,1.9711274964980523e-08,-16.964181235543467,-0.3343856408895603,16,18,hbo,True,S16_D18 hbo,mild_master_42,-0.19683739070421777,
425,az_itd=5_az=0,7.0,6.880148237958467e-16,0.0029567034856029647,1.9704091164666763e-08,-4.454181320422882,-0.08776559480156824,16,18,hbo,True,S16_D18 hbo,mild_master_42,0.13388523405510266,
426,constant,7.0,6.880148237958467e-16,0.7705477010053462,2.440804501455138e-08,-0.30320331489127544,-0.007400600158427448,16,18,hbo,False,S16_D18 hbo,mild_master_42,,
434,Linear,7.0,8.04628607946537e-17,0.21130626195958693,1.000433414395546e-12,1.375739215078677,1.3763354802590091e-06,16,22,hbo,False,S16_D22 hbo,mild_master_42,,
435,ShortHbO,7.0,8.04628607946537e-17,6.595133294635134e-11,0.002326578146154869,63.09943329468441,146805.76253816969,16,22,hbo,True,S16_D22 hbo,mild_master_42,,
436,az_itd=0_az=15,7.0,8.04628607946537e-17,0.8093832830914733,6.723746861121059e-09,-0.25051451695574783,-0.0016843961970464674,16,22,hbo,False,S16_D22 hbo,mild_master_42,0.07030511047213307,
437,az_itd=0_az=5,7.0,8.04628607946537e-17,7.107051707048233e-06,6.731702085284038e-09,-11.8024541471025,-0.07945060519351914,16,22,hbo,True,S16_D22 hbo,mild_master_42,-0.03774670607691486,
438,az_itd=15_az=0,7.0,8.04628607946537e-17,0.0034976613244860014,6.740832772232395e-09,-4.31591225918668,-0.029092842798805123,16,22,hbo,True,S16_D22 hbo,mild_master_42,-0.09439572237323522,
439,az_itd=5_az=0,7.0,8.04628607946537e-17,5.167541153638953e-06,6.738376066784868e-09,-12.376089875731664,-0.08339474781900877,16,22,hbo,True,S16_D22 hbo,mild_master_42,-0.002340483097048626,
440,constant,7.0,8.04628607946537e-17,0.6603665505886571,8.347027274111898e-09,0.4586785870753616,0.003828602676369152,16,22,hbo,False,S16_D22 hbo,mild_master_42,,
448,Linear,7.0,5.5064529087079685e-17,0.26058926918827485,8.276113131517602e-13,1.223879709287616,1.0128966933433184e-06,16,23,hbo,False,S16_D23 hbo,mild_master_42,,
449,ShortHbO,7.0,5.5064529087079685e-17,2.229258308042377e-08,0.0019246682157780508,27.3711181954428,52680.32122107304,16,23,hbo,True,S16_D23 hbo,mild_master_42,,
450,az_itd=0_az=15,7.0,5.5064529087079685e-17,0.11719668221594744,5.562238214918623e-09,-1.7863794243459854,-0.00993626790044157,16,23,hbo,False,S16_D23 hbo,mild_master_42,0.11739692865753407,
451,az_itd=0_az=5,7.0,5.5064529087079685e-17,2.7378215405995164e-06,5.5688191961425635e-09,-13.59716825811716,-0.07572017160898319,16,23,hbo,True,S16_D23 hbo,mild_master_42,-0.05515088822878944,
452,az_itd=15_az=0,7.0,5.5064529087079685e-17,0.02922261830809488,5.576372582211613e-09,2.732745140428101,0.015238805075255286,16,23,hbo,True,S16_D23 hbo,mild_master_42,0.03027123342579519,
453,az_itd=5_az=0,7.0,5.5064529087079685e-17,2.450641623450567e-06,5.574340265825337e-09,-13.821347630461728,-0.07704489462445242,16,23,hbo,True,S16_D23 hbo,mild_master_42,-0.008688226324524262,
454,constant,7.0,5.5064529087079685e-17,0.7186549233244179,6.90510143287759e-09,0.3751534867408902,0.002590472878843545,16,23,hbo,False,S16_D23 hbo,mild_master_42,,
462,Linear,7.0,8.864379601321634e-17,0.10612781373521038,1.0500612369564617e-12,1.8540922981210057,1.946910451996392e-06,17,15,hbo,False,S17_D15 hbo,mild_master_42,,
463,ShortHbO,7.0,8.864379601321634e-17,8.196556690053995e-11,0.002441991131916885,61.166957341401,149369.16739403966,17,15,hbo,True,S17_D15 hbo,mild_master_42,,
464,az_itd=0_az=15,7.0,8.864379601321634e-17,0.03364052961670328,7.057287216097946e-09,-2.6355439258219713,-0.01859979045516799,17,15,hbo,True,S17_D15 hbo,mild_master_42,-0.06766424445596905,
465,az_itd=0_az=5,7.0,8.864379601321634e-17,1.3757909513759705e-06,7.065637069676049e-09,-15.046593852720541,-0.10631377129814201,17,15,hbo,True,S17_D15 hbo,mild_master_42,-0.12971413892265857,
466,az_itd=15_az=0,7.0,8.864379601321634e-17,1.5923278608654413e-05,7.0752206964255074e-09,-10.457008168216117,-0.07398564061445324,17,15,hbo,True,S17_D15 hbo,mild_master_42,-0.17628243817655306,
467,az_itd=5_az=0,7.0,8.864379601321634e-17,6.174092093907741e-07,7.072642122855345e-09,-16.918591495553628,-0.1196591428708348,17,15,hbo,True,S17_D15 hbo,mild_master_42,-0.1286188402538514,
468,constant,7.0,8.864379601321634e-17,0.40525023218921685,8.761092600709403e-09,0.885552634169372,0.0077584086307600055,17,15,hbo,False,S17_D15 hbo,mild_master_42,,
476,Linear,7.0,6.450556506279252e-17,0.9635607744445228,8.957545975991172e-13,0.0473449251293551,4.24094343576058e-08,17,16,hbo,False,S17_D16 hbo,mild_master_42,,
477,ShortHbO,7.0,6.450556506279252e-17,7.308346752854088e-11,0.0020831402081377074,62.179118566671804,129527.82199279589,17,16,hbo,True,S17_D16 hbo,mild_master_42,,
478,az_itd=0_az=15,7.0,6.450556506279252e-17,9.457393592459634e-06,6.020217914833208e-09,11.30898554557708,0.06808255738007295,17,16,hbo,True,S17_D16 hbo,mild_master_42,0.07350254909855698,
479,az_itd=0_az=5,7.0,6.450556506279252e-17,5.3319571298505304e-05,6.0273407563100954e-09,-8.695774000506137,-0.05241239304091233,17,16,hbo,True,S17_D16 hbo,mild_master_42,-0.08113544990127124,
480,az_itd=15_az=0,7.0,6.450556506279252e-17,0.0012474634190979279,6.0355160678256246e-09,5.204038047421021,0.031409055252785464,17,16,hbo,True,S17_D16 hbo,mild_master_42,-0.04430599755892977,
481,az_itd=5_az=0,7.0,6.450556506279252e-17,0.00333088898187373,6.033316415986829e-09,-4.355876534355026,-0.02628038140073599,17,16,hbo,True,S17_D16 hbo,mild_master_42,-0.012858932553705162,
482,constant,7.0,6.450556506279252e-17,0.8333624292690089,7.473648870063417e-09,0.21838089768463434,0.0016321021492242023,17,16,hbo,False,S17_D16 hbo,mild_master_42,,
490,Linear,7.0,7.403879375153856e-17,0.16789267382941822,9.596660282097094e-13,1.5381809840350262,1.476140035616596e-06,17,17,hbo,False,S17_D17 hbo,mild_master_42,,
491,ShortHbO,7.0,7.403879375153856e-17,5.113052037981671e-09,0.0022317707272791905,33.82710899248858,75494.35163791869,17,17,hbo,True,S17_D17 hbo,mild_master_42,,
492,az_itd=0_az=15,7.0,7.403879375153856e-17,7.311254760638935e-05,6.449756027789343e-09,-8.28024673431982,-0.05340557128626227,17,17,hbo,True,S17_D17 hbo,mild_master_42,0.0504340842966823,
493,az_itd=0_az=5,7.0,7.403879375153856e-17,3.8075318705843275e-06,6.457387078758004e-09,-12.94986008126369,-0.08362225916047623,17,17,hbo,True,S17_D17 hbo,mild_master_42,-0.15711380228689809,
494,az_itd=15_az=0,7.0,7.403879375153856e-17,0.00022792606893947304,6.46614569272718e-09,-6.916507375708013,-0.044723144376150145,17,17,hbo,True,S17_D17 hbo,mild_master_42,-0.0765002367707508,
495,az_itd=5_az=0,7.0,7.403879375153856e-17,9.178072689131314e-06,6.4637890973502326e-09,-11.359868158091412,-0.07342779194760735,17,17,hbo,True,S17_D17 hbo,mild_master_42,-0.04774112733853693,
496,constant,7.0,7.403879375153856e-17,0.4336208963421032,8.006888210890954e-09,0.8305823877383849,0.006650380328556133,17,17,hbo,False,S17_D17 hbo,mild_master_42,,
504,Linear,7.0,6.942689349405008e-17,0.21959996023064587,9.29296540793265e-13,1.3481590358636766,1.2528395284672978e-06,17,21,hbo,False,S17_D21 hbo,mild_master_42,,
505,ShortHbO,7.0,6.942689349405008e-17,6.195694896200241e-11,0.0021611443520339027,63.66601741739901,137591.45395810396,17,21,hbo,True,S17_D21 hbo,mild_master_42,,
506,az_itd=0_az=15,7.0,6.942689349405008e-17,0.8050627766337308,6.245647745566935e-09,0.25633447547974253,0.001600974838891137,17,21,hbo,False,S17_D21 hbo,mild_master_42,-0.08356008342331445,
507,az_itd=0_az=5,7.0,6.942689349405008e-17,1.5830114047045324e-06,6.253037305121339e-09,-14.739751281958364,-0.09216821463429574,17,21,hbo,True,S17_D21 hbo,mild_master_42,-0.17753442083502388,
508,az_itd=15_az=0,7.0,6.942689349405008e-17,0.0014621431204501162,6.261518744939401e-09,-5.060740442272827,-0.031687921142564225,17,21,hbo,True,S17_D21 hbo,mild_master_42,-0.1569868976502809,
509,az_itd=5_az=0,7.0,6.942689349405008e-17,6.307565046161573e-06,6.259236726125072e-09,-12.01433532280975,-0.0752005688925125,17,21,hbo,True,S17_D21 hbo,mild_master_42,-0.053703199171408346,
510,constant,7.0,6.942689349405008e-17,0.41876356606195164,7.75350309188329e-09,0.8590348602910732,0.006660529445302365,17,21,hbo,False,S17_D21 hbo,mild_master_42,,
518,Linear,7.0,8.673538633546974e-17,0.8607489245632649,1.038696366905804e-12,-0.1819895762037773,-1.8903191161759043e-07,17,22,hbo,False,S17_D22 hbo,mild_master_42,,
519,ShortHbO,7.0,8.673538633546974e-17,7.358644143666137e-10,0.0024155613286803287,44.671975069739865,107907.89545423535,17,22,hbo,True,S17_D22 hbo,mild_master_42,,
520,az_itd=0_az=15,7.0,8.673538633546974e-17,5.8897749200402455e-06,6.980905811568062e-09,12.137584173993481,0.08473133189862764,17,22,hbo,True,S17_D22 hbo,mild_master_42,0.1451079712478183,
521,az_itd=0_az=5,7.0,8.673538633546974e-17,6.624968782514014e-05,6.989165294225386e-09,-8.408149046427296,-0.058765943503963934,17,22,hbo,True,S17_D22 hbo,mild_master_42,-0.07957595472205024,
522,az_itd=15_az=0,7.0,8.673538633546974e-17,0.0005012637992693513,6.9986451968597285e-09,6.0792004374605595,0.0425461669423809,17,22,hbo,True,S17_D22 hbo,mild_master_42,0.0031054777163366733,
523,az_itd=5_az=0,7.0,8.673538633546974e-17,0.5515000261751734,6.9960945313319826e-09,0.6254712832632777,0.004375856224343415,17,22,hbo,False,S17_D22 hbo,mild_master_42,0.07179513750786012,
524,constant,7.0,8.673538633546974e-17,0.9894486465152184,8.666270817555654e-09,0.01370385094044109,0.00011876128349327723,17,22,hbo,False,S17_D22 hbo,mild_master_42,,
532,Linear,7.0,1.098705998142941e-16,0.17756794297429312,1.1690449270797674e-12,1.4989336957453792,1.7523208330400632e-06,17,23,hbo,False,S17_D23 hbo,mild_master_42,,
533,ShortHbO,7.0,1.098705998142941e-16,2.8695962424669137e-10,0.0027186960572086905,51.12343865431797,138989.09110044464,17,23,hbo,True,S17_D23 hbo,mild_master_42,,
534,az_itd=0_az=15,7.0,1.098705998142941e-16,0.005151108476824355,7.856956840762112e-09,4.005897998988282,0.03147416768654624,17,23,hbo,True,S17_D23 hbo,mild_master_42,0.038138071014893866,
535,az_itd=0_az=5,7.0,1.098705998142941e-16,6.364381854803145e-07,7.866252826199715e-09,-16.84379205003355,-0.13249752681749669,17,23,hbo,True,S17_D23 hbo,mild_master_42,-0.1742011871993655,
536,az_itd=15_az=0,7.0,1.098705998142941e-16,0.0011692964830368646,7.876922385117017e-09,-5.263167839026817,-0.04145756456785829,17,23,hbo,True,S17_D23 hbo,mild_master_42,-0.0861644972891885,
537,az_itd=5_az=0,7.0,1.098705998142941e-16,8.682158370417487e-05,7.87405163030272e-09,-8.06113609955694,-0.06347380184680843,17,23,hbo,True,S17_D23 hbo,mild_master_42,0.03334813213803182,
538,constant,7.0,1.098705998142941e-16,0.7434921084069295,9.753822443938169e-09,0.34046965774898086,0.003320880589231956,17,23,hbo,False,S17_D23 hbo,mild_master_42,,
546,Linear,7.0,9.75936004305936e-17,0.06463170658245734,1.101795829373331e-12,2.190493119499889,2.4134761833359552e-06,18,15,hbo,False,S18_D15 hbo,mild_master_42,,
547,ShortHbO,7.0,9.75936004305936e-17,1.1812299306812824e-10,0.0025623035588963864,58.050408602496546,148742.7685575663,18,15,hbo,True,S18_D15 hbo,mild_master_42,,
548,az_itd=0_az=15,7.0,9.75936004305936e-17,0.0075592828875444065,7.404986821457959e-09,-3.709551735722069,-0.027469181716538418,18,15,hbo,True,S18_D15 hbo,mild_master_42,-0.13954332742203832,
549,az_itd=0_az=5,7.0,9.75936004305936e-17,2.3566504559533162e-07,7.413748057016846e-09,-19.464738567162637,-0.14430666773264286,18,15,hbo,True,S18_D15 hbo,mild_master_42,-0.23768100920015453,
550,az_itd=15_az=0,7.0,9.75936004305936e-17,5.31470094014643e-06,7.423803851489775e-09,-12.324535310562352,-0.09149493270637453,18,15,hbo,True,S18_D15 hbo,mild_master_42,-0.24149895999282708,
551,az_itd=5_az=0,7.0,9.75936004305936e-17,1.8038898081241804e-06,7.421098236326253e-09,-14.459409198886888,-0.10730469610417907,18,15,hbo,True,S18_D15 hbo,mild_master_42,-0.1490724516224565,
552,constant,7.0,9.75936004305936e-17,0.42085162777729124,9.192735574349561e-09,0.854992891396781,0.00785972356855918,18,15,hbo,False,S18_D15 hbo,mild_master_42,,
560,Linear,7.0,6.080080183862808e-17,0.6732925357525874,8.696512135518009e-13,0.43986935273742445,3.8253291641234635e-07,18,16,hbo,False,S18_D16 hbo,mild_master_42,,
561,ShortHbO,7.0,6.080080183862808e-17,8.791615805837316e-11,0.0020224349558027807,60.556587740687334,122471.7598509042,18,16,hbo,True,S18_D16 hbo,mild_master_42,,
562,az_itd=0_az=15,7.0,6.080080183862808e-17,5.129057211046205e-06,5.844781404989299e-09,12.38984770107192,0.07241595145387457,18,16,hbo,True,S18_D16 hbo,mild_master_42,0.03494711496835994,
563,az_itd=0_az=5,7.0,6.080080183862808e-17,2.2049038068080376e-06,5.85169667815777e-09,-14.038337665502668,-0.08214809388407907,18,16,hbo,True,S18_D16 hbo,mild_master_42,-0.14222486438770235,
564,az_itd=15_az=0,7.0,6.080080183862808e-17,0.6271127542412753,5.859633751101297e-09,0.5079295462312703,0.002976281112278318,18,16,hbo,False,S18_D16 hbo,mild_master_42,-0.09076200483999922,
565,az_itd=5_az=0,7.0,6.080080183862808e-17,0.03348383732649045,5.85749819980619e-09,-2.6387578761188095,-0.015456519509090333,18,16,hbo,True,S18_D16 hbo,mild_master_42,-0.016268090871826627,
566,constant,7.0,6.080080183862808e-17,0.7854810808132618,7.2558576053432045e-09,0.28283932134145207,0.0020522418408454855,18,16,hbo,False,S18_D16 hbo,mild_master_42,,
574,Linear,7.0,9.8515550569234e-17,0.08324339089041036,1.1069878350679726e-12,2.0190787438703017,2.235095607508747e-06,18,21,hbo,False,S18_D21 hbo,mild_master_42,,
575,ShortHbO,7.0,9.8515550569234e-17,7.900972418019192e-11,0.0025743779326728392,61.48927140375469,158296.62339795713,18,21,hbo,True,S18_D21 hbo,mild_master_42,,
576,az_itd=0_az=15,7.0,9.8515550569234e-17,0.6244752554693904,7.439881429624722e-09,-0.5118929468863155,-0.003808422829495373,18,21,hbo,False,S18_D21 hbo,mild_master_42,-0.10980106766538673,
577,az_itd=0_az=5,7.0,9.8515550569234e-17,1.7007046674232857e-07,7.448683950858959e-09,-20.408130543839267,-0.15201371444893008,18,21,hbo,True,S18_D21 hbo,mild_master_42,-0.23597211937751816,
578,az_itd=15_az=0,7.0,9.8515550569234e-17,1.8978853779801815e-05,7.458787131372728e-09,-10.18318578618905,-0.07595421509840457,18,21,hbo,True,S18_D21 hbo,mild_master_42,-0.2317865024609862,
579,az_itd=5_az=0,7.0,9.8515550569234e-17,3.91746989185654e-06,7.456068766506436e-09,-12.895361003642405,-0.09614869841208322,18,21,hbo,True,S18_D21 hbo,mild_master_42,-0.1014719568468495,
580,constant,7.0,9.8515550569234e-17,0.4493444613116008,9.236054612395389e-09,0.8012136797182531,0.007400053302076054,18,21,hbo,False,S18_D21 hbo,mild_master_42,,
588,Linear,7.0,6.586804298243254e-17,0.7977733279204205,9.051651694674589e-13,0.2661762160669978,2.4093343972449106e-07,18,22,hbo,False,S18_D22 hbo,mild_master_42,,
589,ShortHbO,7.0,6.586804298243254e-17,5.885843200578776e-10,0.0021050251537389412,46.124596193669916,97093.43519372659,18,22,hbo,True,S18_D22 hbo,mild_master_42,,
590,az_itd=0_az=15,7.0,6.586804298243254e-17,2.3766602784203563e-05,6.083464805781315e-09,9.841599389630554,0.05987102351941635,18,22,hbo,True,S18_D22 hbo,mild_master_42,0.1024691037059155,
591,az_itd=0_az=5,7.0,6.586804298243254e-17,3.653452109670578e-05,6.0906624780341805e-09,-9.216597370256563,-0.05613518377817016,18,22,hbo,True,S18_D22 hbo,mild_master_42,-0.055266613930496,
592,az_itd=15_az=0,7.0,6.586804298243254e-17,0.09672130061203281,6.098923677310453e-09,-1.9172434370800138,-0.011693121393575371,18,22,hbo,False,S18_D22 hbo,mild_master_42,-0.022985647893863186,
593,az_itd=5_az=0,7.0,6.586804298243254e-17,0.03738730371246279,6.096700916484252e-09,-2.5630059463312906,-0.015625880701952567,18,22,hbo,True,S18_D22 hbo,mild_master_42,0.05334819763892456,
594,constant,7.0,6.586804298243254e-17,0.7552688837045451,7.552165140031766e-09,0.3241862959787296,0.002448308443366582,18,22,hbo,False,S18_D22 hbo,mild_master_42,,
602,Linear,7.0,7.139565505178171e-17,0.03846545303419713,9.423806177009759e-13,2.5435259056795485,2.396969514132727e-06,18,23,hbo,True,S18_D23 hbo,mild_master_42,,
603,ShortHbO,7.0,7.139565505178171e-17,5.579529247027571e-10,0.0021915722915229908,46.47913895210235,101862.39306127446,18,23,hbo,True,S18_D23 hbo,mild_master_42,,
604,az_itd=0_az=15,7.0,7.139565505178171e-17,0.3186355658358621,6.333583653917258e-09,-1.073541989936587,-0.006799367999256173,18,23,hbo,False,S18_D23 hbo,mild_master_42,-0.023056950996256556,
605,az_itd=0_az=5,7.0,7.139565505178171e-17,6.784255880570153e-08,6.34107725514327e-09,-23.311391518192885,-0.14781933454175264,18,23,hbo,True,S18_D23 hbo,mild_master_42,-0.13428207765056335,
606,az_itd=15_az=0,7.0,7.139565505178171e-17,1.8245293353077296e-05,6.349678109815468e-09,-10.244110474392777,-0.06504680403378316,18,23,hbo,True,S18_D23 hbo,mild_master_42,-0.0881859301031528,
607,az_itd=5_az=0,7.0,7.139565505178171e-17,2.95083878849989e-06,6.347363961203641e-09,-13.447520142652658,-0.08535630472103352,18,23,hbo,True,S18_D23 hbo,mild_master_42,0.008849897129728184,
608,constant,7.0,7.139565505178171e-17,0.706500459037011,7.86266892464511e-09,0.392309769610869,0.003084601834354062,18,23,hbo,False,S18_D23 hbo,mild_master_42,,
616,Linear,7.0,2.643058140418971e-16,0.34868813011554906,1.813192075160356e-12,-1.004281975672938,-1.8209561195165565e-06,19,14,hbo,False,S19_D14 hbo,mild_master_42,,
617,ShortHbO,7.0,2.643058140418971e-16,1.5848360102182126e-12,0.004216705475994208,107.53940072298658,453461.97991375305,19,14,hbo,True,S19_D14 hbo,mild_master_42,,
618,az_itd=0_az=15,7.0,2.643058140418971e-16,4.6958005284425704e-07,1.2186162865556623e-08,17.60754114753765,0.21456836408588356,19,14,hbo,True,S19_D14 hbo,mild_master_42,0.09062351976681636,
619,az_itd=0_az=5,7.0,2.643058140418971e-16,0.3429905513490611,1.2200580965952793e-08,1.0170412205317303,0.012408493756808825,19,14,hbo,False,S19_D14 hbo,mild_master_42,-0.1195845572651634,
620,az_itd=15_az=0,7.0,2.643058140418971e-16,0.0002222068123332269,1.2217129482802895e-08,6.944886034350996,0.08484657192497562,19,14,hbo,True,S19_D14 hbo,mild_master_42,0.07069095179813858,
621,az_itd=5_az=0,7.0,2.643058140418971e-16,0.04231873729057849,1.2212676933753291e-08,-2.478245214152309,-0.03026600816306239,19,14,hbo,True,S19_D14 hbo,mild_master_42,0.17625589060997035,
622,constant,7.0,2.643058140418971e-16,0.7080033925276095,1.512820692190829e-08,0.3901814480118525,0.005902745682613106,19,14,hbo,False,S19_D14 hbo,mild_master_42,,
630,Linear,7.0,6.759308915347505e-17,0.1504693608851292,9.169414419909372e-13,1.6144265098603126,1.4803345719397108e-06,19,15,hbo,False,S19_D15 hbo,mild_master_42,,
631,ShortHbO,7.0,6.759308915347505e-17,1.1314778504208199e-11,0.0021324117023108343,81.19473959743482,173140.6128836509,19,15,hbo,True,S19_D15 hbo,mild_master_42,,
632,az_itd=0_az=15,7.0,6.759308915347505e-17,0.07442379098425336,6.162611178019674e-09,2.094952670692718,0.012910378745833112,19,15,hbo,False,S19_D15 hbo,mild_master_42,-0.06078503505609845,
633,az_itd=0_az=5,7.0,6.759308915347505e-17,2.9337832258830816e-06,6.169902492574347e-09,-13.459042414033105,-0.0830409793380067,19,15,hbo,True,S19_D15 hbo,mild_master_42,-0.12475794103997878,
634,az_itd=15_az=0,7.0,6.759308915347505e-17,0.00012130695132926532,6.178271170725558e-09,-7.648410986244265,-0.04725395709817358,19,15,hbo,True,S19_D15 hbo,mild_master_42,-0.13012844362425985,
635,az_itd=5_az=0,7.0,6.759308915347505e-17,1.1508227677134954e-06,6.176019491600104e-09,-15.445846734342549,-0.09539385049556738,19,15,hbo,True,S19_D15 hbo,mild_master_42,-0.06889722027178466,
636,constant,7.0,6.759308915347505e-17,0.5602902419716633,7.650419423151886e-09,0.6113483244426974,0.004677071095627773,19,15,hbo,False,S19_D15 hbo,mild_master_42,,
644,Linear,7.0,8.434059011829237e-17,0.20995273118097904,1.0242566012714937e-12,1.380330724738565,1.4138128567513404e-06,19,21,hbo,False,S19_D21 hbo,mild_master_42,,
645,ShortHbO,7.0,8.434059011829237e-17,1.2420769090704164e-11,0.0023819806398738858,80.11914347153429,190842.2486324729,19,21,hbo,True,S19_D21 hbo,mild_master_42,,
646,az_itd=0_az=15,7.0,8.434059011829237e-17,0.0013932869448652168,6.8838585443916875e-09,5.104004114928231,0.035135242337159034,19,21,hbo,True,S19_D21 hbo,mild_master_42,-0.04413138580095824,
647,az_itd=0_az=5,7.0,8.434059011829237e-17,1.2708743950549887e-05,6.892003205241955e-09,-10.818393174298224,-0.07456040043283105,19,21,hbo,True,S19_D21 hbo,mild_master_42,-0.11731633975649103,
648,az_itd=15_az=0,7.0,8.434059011829237e-17,0.0008474637057340436,6.9013513200154385e-09,-5.563865587409247,-0.03839819111605528,19,21,hbo,True,S19_D21 hbo,mild_master_42,-0.13114836100365973,
649,az_itd=5_az=0,7.0,8.434059011829237e-17,1.4579033898264703e-06,6.898836113370198e-09,-14.919084449970933,-0.10292431858187923,19,21,hbo,True,S19_D21 hbo,mild_master_42,-0.06136796933334241,
650,constant,7.0,8.434059011829237e-17,0.636338428335824,8.545793916397577e-09,0.49413438168996926,0.004222770592929017,19,21,hbo,False,S19_D21 hbo,mild_master_42,,
672,Linear,7.0,2.0598034538864345e-16,0.8282358939935689,1.6006756743313813e-12,-0.22522805412998495,-3.6051706742285854e-07,20,12,hbo,False,S20_D12 hbo,mild_master_42,,
673,ShortHbO,7.0,2.0598034538864345e-16,3.838462216266906e-12,0.0037224836649735154,94.76591667073664,352764.5768030585,20,12,hbo,True,S20_D12 hbo,mild_master_42,,
674,az_itd=0_az=15,7.0,2.0598034538864345e-16,7.422791800511325e-06,1.075787542288469e-08,11.726132461956636,0.12614827221797364,20,12,hbo,True,S20_D12 hbo,mild_master_42,0.028810870634800673,
675,az_itd=0_az=5,7.0,2.0598034538864345e-16,7.760652764154653e-05,1.0770603640093656e-08,-8.203637635631608,-0.08835812938034311,20,12,hbo,True,S20_D12 hbo,mild_master_42,-0.1491784106376523,
676,az_itd=15_az=0,7.0,2.0598034538864345e-16,0.0003175961308497542,1.0785212576858327e-08,6.554143292385653,0.0706878286675694,20,12,hbo,True,S20_D12 hbo,mild_master_42,-0.12640724241704465,
677,az_itd=5_az=0,7.0,2.0598034538864345e-16,0.09977237439636069,1.0781281891824954e-08,-1.8961285618227066,-0.02044269652815124,20,12,hbo,False,S20_D12 hbo,mild_master_42,0.044188818261881445,
678,constant,7.0,2.0598034538864345e-16,0.6742694837636154,1.3355095220129202e-08,0.43845484450457173,0.005855606198085499,20,12,hbo,False,S20_D12 hbo,mild_master_42,,
686,Linear,7.0,4.22168328219498e-16,0.1845757619993174,2.291570792660798e-12,-1.4717060379657776,-3.3725185719849198e-06,20,13,hbo,False,S20_D13 hbo,mild_master_42,,
687,ShortHbO,7.0,4.22168328219498e-16,1.324836531551762e-12,0.0053292087707732805,110.32930343628418,587967.8915459523,20,13,hbo,True,S20_D13 hbo,mild_master_42,,
688,az_itd=0_az=15,7.0,4.22168328219498e-16,2.607576227855618e-07,1.5401266793451812e-08,19.180800316416928,0.29540862298506204,20,13,hbo,True,S20_D13 hbo,mild_master_42,0.09875813224393558,
689,az_itd=0_az=5,7.0,4.22168328219498e-16,0.6291241287181293,1.5419488855088933e-08,-0.5049129330441793,-0.007785499343864986,20,13,hbo,False,S20_D13 hbo,mild_master_42,-0.09320215459327538,
690,az_itd=15_az=0,7.0,4.22168328219498e-16,1.9463440185212185e-06,1.54404034059493e-08,14.298596207807877,0.2207760935873305,20,13,hbo,True,S20_D13 hbo,mild_master_42,0.05186919566032545,
691,az_itd=5_az=0,7.0,4.22168328219498e-16,0.0030145793799491397,1.5434776130441787e-08,4.438108484219866,0.06850121089654795,20,13,hbo,True,S20_D13 hbo,mild_master_42,0.1738485364981864,
692,constant,7.0,4.22168328219498e-16,0.8737934497317461,1.9119517232893277e-08,0.16475516242757143,0.0031500391672420833,20,13,hbo,False,S20_D13 hbo,mild_master_42,,
700,Linear,7.0,2.0150344262207777e-16,0.7391234729667685,1.5831850825425006e-12,-0.34653567551525044,-5.48630112044533e-07,20,20,hbo,False,S20_D20 hbo,mild_master_42,,
701,ShortHbO,7.0,2.0150344262207777e-16,1.5965243799168567e-12,0.0036818080657444437,107.42651256678991,395523.8004432039,20,20,hbo,True,S20_D20 hbo,mild_master_42,,
702,az_itd=0_az=15,7.0,2.0150344262207777e-16,4.4822663504398485e-06,1.0640324059698075e-08,12.64036890425119,0.13449762137536334,20,20,hbo,True,S20_D20 hbo,mild_master_42,0.002666238637487559,
703,az_itd=0_az=5,7.0,2.0150344262207777e-16,0.0006913597801136774,1.0652913195608455e-08,-5.75988664651837,-0.06135957246190448,20,20,hbo,True,S20_D20 hbo,mild_master_42,-0.0958597890553623,
704,az_itd=15_az=0,7.0,2.0150344262207777e-16,0.0005144978313131777,1.0667362500441738e-08,6.052863261472914,0.06456808657573763,20,20,hbo,True,S20_D20 hbo,mild_master_42,-0.08212193541983426,
705,az_itd=5_az=0,7.0,2.0150344262207777e-16,0.01664965388755509,1.0663474766025075e-08,-3.1282825218544157,-0.033358361732791844,20,20,hbo,True,S20_D20 hbo,mild_master_42,0.054011440816147165,
706,constant,7.0,2.0150344262207777e-16,0.6613720898193236,1.320916402210904e-08,0.4572089923003791,0.006039348571678897,20,20,hbo,False,S20_D20 hbo,mild_master_42,,
714,Linear,7.0,4.4638056074742127e-17,0.5633051406702041,7.451489445723062e-13,0.6065348293005351,4.5195878789963764e-07,21,11,hbo,False,S21_D11 hbo,mild_master_42,,
715,ShortHbO,7.0,4.4638056074742127e-17,4.2226958400798877e-11,0.0017328961879184627,67.25553103895254,116546.85335383269,21,11,hbo,True,S21_D11 hbo,mild_master_42,,
716,az_itd=0_az=15,7.0,4.4638056074742127e-17,0.007750030082970498,5.008022328165471e-09,3.6906425345284,0.01848282021819543,21,11,hbo,True,S21_D11 hbo,mild_master_42,-0.02501787326109494,
717,az_itd=0_az=5,7.0,4.4638056074742127e-17,7.3733758176120375e-06,5.013947586961891e-09,-11.737831211687306,-0.05885287048000554,21,11,hbo,True,S21_D11 hbo,mild_master_42,-0.11496545136002781,
718,az_itd=15_az=0,7.0,4.4638056074742127e-17,0.2330957964395877,5.020748361151244e-09,-1.3051736513834387,-0.006552948471201185,21,11,hbo,False,S21_D11 hbo,mild_master_42,-0.12670146242227578,
719,az_itd=5_az=0,7.0,4.4638056074742127e-17,0.0011756905978890777,5.018918542749532e-09,-5.258168027193516,-0.02639031701257426,21,11,hbo,True,S21_D11 hbo,mild_master_42,-0.07146111609753183,
720,constant,7.0,4.4638056074742127e-17,0.5310282251839652,6.217083989921184e-09,0.6589006805429389,0.004096440871951678,21,11,hbo,False,S21_D11 hbo,mild_master_42,,
728,Linear,7.0,4.0574321850642376e-17,0.40905733664122246,7.104214877974212e-13,0.8780174884060669,6.23762490425593e-07,21,12,hbo,False,S21_D12 hbo,mild_master_42,,
729,ShortHbO,7.0,4.0574321850642376e-17,3.112538702661337e-11,0.0016521350489547052,70.25511321787373,116070.93491553016,21,12,hbo,True,S21_D12 hbo,mild_master_42,,
730,az_itd=0_az=15,7.0,4.0574321850642376e-17,0.002335834402903894,4.774624857504289e-09,4.652195746013772,0.022212489450893068,21,12,hbo,True,S21_D12 hbo,mild_master_42,-0.008117762221581356,
731,az_itd=0_az=5,7.0,4.0574321850642376e-17,1.2774275187592318e-06,4.7802739712826815e-09,-15.211263317387246,-0.0727140061064333,21,12,hbo,True,S21_D12 hbo,mild_master_42,-0.10604844760212848,
732,az_itd=15_az=0,7.0,4.0574321850642376e-17,0.8113873059380496,4.786757797305609e-09,-0.2478182614084022,-0.001186245995111389,21,12,hbo,False,S21_D12 hbo,mild_master_42,-0.11933650114315701,
733,az_itd=5_az=0,7.0,4.0574321850642376e-17,0.005556845372422529,4.785013257075347e-09,-3.94650264391718,-0.018884067470226615,21,12,hbo,True,S21_D12 hbo,mild_master_42,-0.04537572583804838,
734,constant,7.0,4.0574321850642376e-17,0.6874005155244463,5.9273385409093226e-09,0.41953553914414526,0.0024867291704502637,21,12,hbo,False,S21_D12 hbo,mild_master_42,,
742,Linear,7.0,6.032174486318289e-17,0.13923816789650817,8.66218393986989e-13,1.668059334002974,1.4449036773750622e-06,21,19,hbo,False,S21_D19 hbo,mild_master_42,,
743,ShortHbO,7.0,6.032174486318289e-17,1.9338422897242882e-10,0.0020144516928846685,54.09546296283987,108972.69694287264,21,19,hbo,True,S21_D19 hbo,mild_master_42,,
744,az_itd=0_az=15,7.0,6.032174486318289e-17,0.013537307772784129,5.821709994696946e-09,-3.277302255961954,-0.019079503299176556,21,19,hbo,True,S21_D19 hbo,mild_master_42,-0.03983644747712113,
745,az_itd=0_az=5,7.0,6.032174486318289e-17,2.7460014830860666e-06,5.828597970847189e-09,-13.591180207895256,-0.07921752538115677,21,19,hbo,True,S21_D19 hbo,mild_master_42,-0.1773627707754201,
746,az_itd=15_az=0,7.0,6.032174486318289e-17,0.00013994072415913464,5.836503713368975e-09,-7.477416176835174,-0.04364196728250374,21,19,hbo,True,S21_D19 hbo,mild_master_42,-0.16213352281758633,
747,az_itd=5_az=0,7.0,6.032174486318289e-17,1.3319833843156112e-05,5.834376591846809e-09,-10.74221542383951,-0.06267413021342498,21,19,hbo,True,S21_D19 hbo,mild_master_42,-0.09555129065322499,
748,constant,7.0,6.032174486318289e-17,0.5165153991141322,7.2272161804144875e-09,0.6830865966491451,0.004936814503926966,21,19,hbo,False,S21_D19 hbo,mild_master_42,,
756,Linear,7.0,1.0819685091077453e-16,0.9178254437359757,1.1601062440650226e-12,0.10695505041867596,1.240792218249953e-07,21,20,hbo,False,S21_D20 hbo,mild_master_42,,
757,ShortHbO,7.0,1.0819685091077453e-16,6.190863681373586e-11,0.002697908522268071,63.67312358705135,171784.26276493398,21,20,hbo,True,S21_D20 hbo,mild_master_42,,
758,az_itd=0_az=15,7.0,1.0819685091077453e-16,0.00011326024100064472,7.796881436444215e-09,7.731662834601284,0.060282858427948414,21,20,hbo,True,S21_D20 hbo,mild_master_42,0.01716636483530391,
759,az_itd=0_az=5,7.0,1.0819685091077453e-16,6.9644095666602325e-06,7.806106343461126e-09,-11.838208080282618,-0.0924103111907069,21,20,hbo,True,S21_D20 hbo,mild_master_42,-0.13244964842405263,
760,az_itd=15_az=0,7.0,1.0819685091077453e-16,0.00013624441449045676,7.81669432142045e-09,7.509211513388471,0.05869721099504873,21,20,hbo,True,S21_D20 hbo,mild_master_42,-0.13655203381253683,
761,az_itd=5_az=0,7.0,1.0819685091077453e-16,0.05977364337477863,7.813845516803876e-09,2.2434413519983916,0.01752990415052506,21,20,hbo,False,S21_D20 hbo,mild_master_42,0.025872039461857795,
762,constant,7.0,1.0819685091077453e-16,0.8819312971712003,9.679243336678148e-09,0.15403196328252933,0.0014909128542378752,21,20,hbo,False,S21_D20 hbo,mild_master_42,,
770,Linear,7.0,6.400941130608904e-17,0.33234405593205846,8.923030355994952e-13,1.041335499519524,9.29186827298788e-07,22,10,hbo,False,S22_D10 hbo,mild_master_42,,
771,ShortHbO,7.0,6.400941130608904e-17,2.0118270700720316e-10,0.0020751133583715273,53.790155393653954,111620.67000625159,22,10,hbo,True,S22_D10 hbo,mild_master_42,,
772,az_itd=0_az=15,7.0,6.400941130608904e-17,0.07819918849521015,5.997020539748586e-09,2.061435718564817,0.012362472345604591,22,10,hbo,False,S22_D10 hbo,mild_master_42,-0.008150418554330728,
773,az_itd=0_az=5,7.0,6.400941130608904e-17,1.903892528652169e-05,6.004115935171568e-09,-10.178315389751223,-0.061111785624807326,22,10,hbo,True,S22_D10 hbo,mild_master_42,-0.1759091527028032,
774,az_itd=15_az=0,7.0,6.400941130608904e-17,0.023146095892951055,6.012259745208191e-09,-2.8951324034052095,-0.017406288006040983,22,10,hbo,True,S22_D10 hbo,mild_master_42,-0.07422417344585833,
775,az_itd=5_az=0,7.0,6.400941130608904e-17,2.3451866602735593e-05,6.010068569167029e-09,-9.861556472114541,-0.059268630596121294,22,10,hbo,True,S22_D10 hbo,mild_master_42,-0.04721202395074865,
776,constant,7.0,6.400941130608904e-17,0.7140397878419282,7.444851069295696e-09,0.381652994486573,0.002841349704103268,22,10,hbo,False,S22_D10 hbo,mild_master_42,,
784,Linear,7.0,4.242420341004013e-17,0.6656941410473927,7.264359059403623e-13,0.4509047241018311,3.2755338174570274e-07,22,11,hbo,False,S22_D11 hbo,mild_master_42,,
785,ShortHbO,7.0,4.242420341004013e-17,4.1659755816340025e-11,0.0016893777027271845,67.3857659782882,113840.01052491218,22,11,hbo,True,S22_D11 hbo,mild_master_42,,
786,az_itd=0_az=15,7.0,4.242420341004013e-17,0.00042611679446550053,4.882255102727893e-09,6.245228341518895,0.03049079793808148,22,11,hbo,True,S22_D11 hbo,mild_master_42,0.009275716696829245,
787,az_itd=0_az=5,7.0,4.242420341004013e-17,0.0031431111822804417,4.888031559600122e-09,-4.403597476188504,-0.021524923439384856,22,11,hbo,True,S22_D11 hbo,mild_master_42,-0.07526353099379979,
788,az_itd=15_az=0,7.0,4.242420341004013e-17,0.022127143200257812,4.894661544914232e-09,2.926725637866582,0.014325331432180134,22,11,hbo,True,S22_D11 hbo,mild_master_42,-0.060398930744256056,
789,az_itd=5_az=0,7.0,4.242420341004013e-17,8.362301939555405e-05,4.892877679019988e-09,-8.108577530215006,-0.039674278006192026,22,11,hbo,True,S22_D11 hbo,mild_master_42,-0.030251060714484034,
790,constant,7.0,4.242420341004013e-17,0.9735822774206221,6.060953415317457e-09,0.034317188506921455,0.00020799488088511857,22,11,hbo,False,S22_D11 hbo,mild_master_42,,
798,Linear,7.0,2.339060296940446e-17,0.6500947479620858,5.394002738468105e-13,0.4737547073408506,2.555434188758704e-07,22,12,hbo,False,S22_D12 hbo,mild_master_42,,
799,ShortHbO,7.0,2.339060296940446e-17,1.3537650595523677e-11,0.001254413208419449,79.13870504540292,99272.63690616432,22,12,hbo,True,S22_D12 hbo,mild_master_42,,
800,az_itd=0_az=15,7.0,2.339060296940446e-17,0.0003408508141434707,3.6252196757708363e-09,6.478860402173894,0.023487292206533353,22,12,hbo,True,S22_D12 hbo,mild_master_42,-0.01632763233594945,
801,az_itd=0_az=5,7.0,2.339060296940446e-17,0.0026945880253538036,3.629508866865694e-09,-4.531591381897803,-0.01644745110161024,22,12,hbo,True,S22_D12 hbo,mild_master_42,-0.03481995663984099,
802,az_itd=15_az=0,7.0,2.339060296940446e-17,0.4064603480199738,3.634431828223726e-09,0.8831519433317163,0.003209755532002426,22,12,hbo,False,S22_D12 hbo,mild_master_42,-0.06579527439987792,
803,az_itd=5_az=0,7.0,2.339060296940446e-17,6.71977093902895e-06,3.6331072547217926e-09,-11.901509768348559,-0.04323946148152943,22,12,hbo,True,S22_D12 hbo,mild_master_42,-0.07250367925904547,
804,constant,7.0,2.339060296940446e-17,0.7359926170619231,4.500438242742084e-09,0.3508918049616462,0.0015791668981141888,22,12,hbo,False,S22_D12 hbo,mild_master_42,,
812,Linear,7.0,7.964949034755124e-17,0.03617492880810258,9.953640579592973e-13,2.5856187521294425,2.5736319734552163e-06,22,19,hbo,True,S22_D19 hbo,mild_master_42,,
813,ShortHbO,7.0,7.964949034755124e-17,2.92334955027234e-10,0.00231478900184008,50.98775471544377,118025.89384382892,22,19,hbo,True,S22_D19 hbo,mild_master_42,,
814,az_itd=0_az=15,7.0,7.964949034755124e-17,8.390948251788149e-06,6.68967655825465e-09,-11.513294130009578,-0.07702021384981593,22,19,hbo,True,S22_D19 hbo,mild_master_42,-0.09309246635974669,
815,az_itd=0_az=5,7.0,7.964949034755124e-17,2.7181675786905135e-07,6.697591472021922e-09,-19.065399975681807,-0.1276922602878134,22,19,hbo,True,S22_D19 hbo,mild_master_42,-0.23561818583101318,
816,az_itd=15_az=0,7.0,7.964949034755124e-17,7.42232464261905e-05,6.706675892316263e-09,-8.260826985117246,-0.055402689191681474,22,19,hbo,True,S22_D19 hbo,mild_master_42,-0.18823155782723083,
817,az_itd=5_az=0,7.0,7.964949034755124e-17,3.2163828463640003e-07,6.704231635388942e-09,-18.60464636167186,-0.12472985870314428,22,19,hbo,True,S22_D19 hbo,mild_master_42,-0.21016417909399132,
818,constant,7.0,7.964949034755124e-17,0.4745812000621722,8.304731549252358e-09,0.7555299044211041,0.006274473033649562,22,19,hbo,False,S22_D19 hbo,mild_master_42,,
868,Linear,7.0,1.3576974954918012e-16,0.8084664642808709,1.2995469143305665e-12,0.2517487115156371,3.2715926123684216e-07,23,9,hbo,False,S23_D9 hbo,mild_master_42,,
869,ShortHbO,7.0,1.3576974954918012e-16,0.00030638279683989334,0.0030221875911764333,6.592689622481729,19924.344769541927,23,9,hbo,True,S23_D9 hbo,mild_master_42,,
870,az_itd=0_az=15,7.0,1.3576974954918012e-16,1.8822570694859958e-05,8.734039027863767e-09,-10.195939072990836,-0.08905172978922309,23,9,hbo,True,S23_D9 hbo,mild_master_42,-0.005186242501931815,
871,az_itd=0_az=5,7.0,1.3576974954918012e-16,0.14477812291929842,8.744372736099666e-09,-1.6411171816115284,-0.014350540339628574,23,9,hbo,False,S23_D9 hbo,mild_master_42,0.01823257164086272,
872,az_itd=15_az=0,7.0,1.3576974954918012e-16,0.0014866752725192682,8.756233351587627e-09,5.0458705854531605,0.04418282030813995,23,9,hbo,True,S23_D9 hbo,mild_master_42,-0.03005888309318183,
873,az_itd=5_az=0,7.0,1.3576974954918012e-16,0.005517633325274937,8.753042130724938e-09,-3.95203265943259,-0.03459230837001438,23,9,hbo,True,S23_D9 hbo,mild_master_42,-0.012531629715194902,
874,constant,7.0,1.3576974954918012e-16,0.8819510028430211,1.0842654175499607e-08,0.15400602225213528,0.0016698340402241999,23,9,hbo,False,S23_D9 hbo,mild_master_42,,
826,Linear,7.0,4.599730316344607e-17,0.21160435754247134,7.564089149463174e-13,1.374731499616575,1.0398591619674973e-06,23,10,hbo,False,S23_D10 hbo,mild_master_42,,
827,ShortHbO,7.0,4.599730316344607e-17,2.0139961981693686e-09,0.0017590820395919137,38.66727905910122,68018.91611275346,23,10,hbo,True,S23_D10 hbo,mild_master_42,,
828,az_itd=0_az=15,7.0,4.599730316344607e-17,0.0014028779539427849,5.083698719386687e-09,-5.097837225161952,-0.025915868573197602,23,10,hbo,True,S23_D10 hbo,mild_master_42,0.021829158863201054,
829,az_itd=0_az=5,7.0,4.599730316344607e-17,0.003412150161902991,5.08971351496497e-09,-4.336135288707796,-0.022069686381652603,23,10,hbo,True,S23_D10 hbo,mild_master_42,-0.026433279912170256,
830,az_itd=15_az=0,7.0,4.599730316344607e-17,0.016574087613363996,5.096617055878279e-09,3.131535731418761,0.01596023841984112,23,10,hbo,True,S23_D10 hbo,mild_master_42,0.04402325539462972,
831,az_itd=5_az=0,7.0,4.599730316344607e-17,1.8884777957293898e-07,5.094759587030111e-09,-20.100517890241203,-0.10240730622557663,23,10,hbo,True,S23_D10 hbo,mild_master_42,-0.15140901450427707,
832,constant,7.0,4.599730316344607e-17,0.9656348463820573,6.311030551946354e-09,0.04464800646945199,0.00028177493291221,23,10,hbo,False,S23_D10 hbo,mild_master_42,,
840,Linear,7.0,3.3692111277741163e-17,0.5144844831876467,6.473729773889382e-13,0.6865052568899712,4.444249521460186e-07,23,11,hbo,False,S23_D11 hbo,mild_master_42,,
841,ShortHbO,7.0,3.3692111277741163e-17,6.103965515138696e-11,0.0015055113113293264,63.80203378645608,96054.68355132549,23,11,hbo,True,S23_D11 hbo,mild_master_42,,
842,az_itd=0_az=15,7.0,3.3692111277741163e-17,0.007242484925702999,4.350886287942889e-09,3.7421314489350235,0.01628158840885125,23,11,hbo,True,S23_D11 hbo,mild_master_42,0.01760779615600366,
843,az_itd=0_az=5,7.0,3.3692111277741163e-17,0.0032082978072571176,4.3560340539791684e-09,-4.386683798787281,-0.0191085440115561,23,11,hbo,True,S23_D11 hbo,mild_master_42,-0.07203074851894489,
844,az_itd=15_az=0,7.0,3.3692111277741163e-17,0.0012248766486886004,4.36194245318926e-09,5.220690904687205,0.022772353292134163,23,11,hbo,True,S23_D11 hbo,mild_master_42,-0.027758169475257582,
845,az_itd=5_az=0,7.0,3.3692111277741163e-17,6.27567635628284e-05,4.360352737474803e-09,-8.4791360297632,-0.0369720239987992,23,11,hbo,True,S23_D11 hbo,mild_master_42,-0.048069636330693645,
846,constant,7.0,3.3692111277741163e-17,0.9630508775249855,5.401298898091412e-09,-0.04800800420318533,-0.0002593055802022328,23,11,hbo,False,S23_D11 hbo,mild_master_42,,
854,Linear,7.0,4.5086839740331616e-17,0.014931686303654665,7.488853790804498e-13,3.206439619081588,2.4012557496344883e-06,23,19,hbo,True,S23_D19 hbo,mild_master_42,,
855,ShortHbO,7.0,4.5086839740331616e-17,5.5512208613779585e-06,0.001741585528704264,12.244984971941115,21325.688626333835,23,19,hbo,True,S23_D19 hbo,mild_master_42,,
856,az_itd=0_az=15,7.0,4.5086839740331616e-17,1.4425652201997244e-06,5.033134284078193e-09,-14.942271377914272,-0.07520645835418062,23,19,hbo,True,S23_D19 hbo,mild_master_42,-0.02456020890338587,
857,az_itd=0_az=5,7.0,4.5086839740331616e-17,3.049248150994886e-06,5.0390892541713916e-09,-13.382484567266264,-0.06743553417702591,23,19,hbo,True,S23_D19 hbo,mild_master_42,-0.07314276768105854,
858,az_itd=15_az=0,7.0,4.5086839740331616e-17,2.9778902608162655e-05,5.04592412979449e-09,-9.509328328318631,-0.04798334927000129,23,19,hbo,True,S23_D19 hbo,mild_master_42,-0.065075641056362,
859,az_itd=5_az=0,7.0,4.5086839740331616e-17,1.2677490838042907e-08,5.0440851360504925e-09,-29.687861771010976,-0.14974810228027813,23,19,hbo,True,S23_D19 hbo,mild_master_42,-0.20884547951259325,
860,constant,7.0,4.5086839740331616e-17,0.7519009862137851,6.248258599144179e-09,0.32883289894223766,0.002054632988497345,23,19,hbo,False,S23_D19 hbo,mild_master_42,,
910,Linear,7.0,7.752826887217762e-17,0.8006804615838456,9.820203719808504e-13,0.2622477544432228,2.575326373694764e-07,24,9,hbo,False,S24_D9 hbo,mild_master_42,,
911,ShortHbO,7.0,7.752826887217762e-17,2.391693147191332e-11,0.0022837573232297004,72.95280051324956,166606.4924222491,24,9,hbo,True,S24_D9 hbo,mild_master_42,,
912,az_itd=0_az=15,7.0,7.752826887217762e-17,0.5260156000351713,6.599995860446716e-09,0.6672068404397994,0.004403562384964409,24,9,hbo,False,S24_D9 hbo,mild_master_42,-0.0031160699977750184,
913,az_itd=0_az=5,7.0,7.752826887217762e-17,0.6052289594741935,6.607804668188749e-09,0.5410900701965818,0.0035754174917555516,24,9,hbo,False,S24_D9 hbo,mild_master_42,-0.026887412049853912,
914,az_itd=15_az=0,7.0,7.752826887217762e-17,0.0004453621292095553,6.616767304246725e-09,6.1997500304775315,0.041022303296166365,24,9,hbo,True,S24_D9 hbo,mild_master_42,0.019264805235363752,
915,az_itd=5_az=0,7.0,7.752826887217762e-17,7.851070034477387e-06,6.614355814623615e-09,-11.628307044047283,-0.07691376031102289,24,9,hbo,True,S24_D9 hbo,mild_master_42,-0.08988154340146132,
916,constant,7.0,7.752826887217762e-17,0.8507986487957004,8.193399691283005e-09,0.19517702729185293,0.0015991633951586025,24,9,hbo,False,S24_D9 hbo,mild_master_42,,
882,Linear,7.0,4.546708141944619e-17,0.3046320166375413,7.52036626492237e-13,1.1076106261893526,8.32963758786395e-07,24,10,hbo,False,S24_D10 hbo,mild_master_42,,
883,ShortHbO,7.0,4.546708141944619e-17,6.6835969513691246e-06,0.0017489139758111822,11.911092008947904,20831.475281621882,24,10,hbo,True,S24_D10 hbo,mild_master_42,,
884,az_itd=0_az=15,7.0,4.546708141944619e-17,2.977991717168235e-05,5.054313294683733e-09,-9.50927888350591,-0.048062874683759214,24,10,hbo,True,S24_D10 hbo,mild_master_42,0.01130656673010965,
885,az_itd=0_az=5,7.0,4.546708141944619e-17,0.04062706835610512,5.06029332279598e-09,-2.5061159654792142,-0.012681681886266866,24,10,hbo,True,S24_D10 hbo,mild_master_42,-0.05171229197753886,
886,az_itd=15_az=0,7.0,4.546708141944619e-17,0.3694849240834737,5.067156959007438e-09,-0.9590375297478371,-0.004859593692811056,24,10,hbo,False,S24_D10 hbo,mild_master_42,0.027780618692122613,
887,az_itd=5_az=0,7.0,4.546708141944619e-17,1.7125648723825476e-06,5.065310226930663e-09,-14.570308357115676,-0.07380313193083134,24,10,hbo,True,S24_D10 hbo,mild_master_42,-0.08601345194679033,
888,constant,7.0,4.546708141944619e-17,0.8396266917582771,6.2745507518403725e-09,0.2100298687573791,0.0013178430709205478,24,10,hbo,False,S24_D10 hbo,mild_master_42,,
896,Linear,7.0,8.228262430715983e-17,0.12327486673066106,1.0116831605312413e-12,1.7517665747979432,1.7722327449045703e-06,24,19,hbo,False,S24_D19 hbo,mild_master_42,,
897,ShortHbO,7.0,8.228262430715983e-17,0.0004641644717119169,0.002352740220644267,-6.15739745481541,-14486.756646436856,24,19,hbo,True,S24_D19 hbo,mild_master_42,,
898,az_itd=0_az=15,7.0,8.228262430715983e-17,3.4735852566934404e-06,6.799354536934238e-09,-13.127071403791058,-0.08925561250602644,24,19,hbo,True,S24_D19 hbo,mild_master_42,0.0008073768130351257,
899,az_itd=0_az=5,7.0,8.228262430715983e-17,0.0004472076139935146,6.80739921657821e-09,-6.195505151710551,-0.04217527691606067,24,19,hbo,True,S24_D19 hbo,mild_master_42,-0.10583355579072287,
900,az_itd=15_az=0,7.0,8.228262430715983e-17,6.806746470838062e-05,6.8166325769366456e-09,-8.372861191917018,-0.05707471836299013,24,19,hbo,True,S24_D19 hbo,mild_master_42,-0.03656118147217602,
901,az_itd=5_az=0,7.0,8.228262430715983e-17,5.4317848593097044e-08,6.814148246149725e-09,-24.072170002594117,-0.16403133500419473,24,19,hbo,True,S24_D19 hbo,mild_master_42,-0.17053744083148517,
902,constant,7.0,8.228262430715983e-17,0.4616723507909444,8.440888531113413e-09,0.778684095545482,0.00657278565145028,24,19,hbo,False,S24_D19 hbo,mild_master_42,,
665,Linear,7.0,1.0998520028243188e-18,0.07262918371930115,1.1696544540105871e-13,-2.111483204771901,-2.4697057350300025e-07,1,7,hbr,False,S1_D7 hbr,mild_master_42,,
666,ShortHbO,7.0,1.0998520028243188e-18,4.394981808355365e-08,0.0002720113554881532,24.819484345216956,6751.1815792594625,1,7,hbr,True,S1_D7 hbr,mild_master_42,,
667,az_itd=0_az=15,7.0,1.0998520028243188e-18,3.462427753704819e-07,7.861053370055214e-10,18.406244678510976,0.014469247176006955,1,7,hbr,True,S1_D7 hbr,mild_master_42,,0.020412940187796255
668,az_itd=0_az=5,7.0,1.0998520028243188e-18,1.0222435263271746e-06,7.870354202315503e-10,15.716297179401746,0.012369282555074383,1,7,hbr,True,S1_D7 hbr,mild_master_42,,0.011855980969981101
669,az_itd=15_az=0,7.0,1.0998520028243188e-18,4.87944087080344e-06,7.881029324221316e-10,12.482033833104436,0.009837127466461867,1,7,hbr,True,S1_D7 hbr,mild_master_42,,0.019199723014990226
670,az_itd=5_az=0,7.0,1.0998520028243188e-18,6.006021460834327e-06,7.878157072627613e-10,12.102316687988868,0.009534395181065868,1,7,hbr,True,S1_D7 hbr,mild_master_42,,0.01414201140841402
671,constant,7.0,1.0998520028243188e-18,0.4372569536969535,9.758907977710482e-10,-0.8237251617833948,-0.000803865805276883,1,7,hbr,False,S1_D7 hbr,mild_master_42,,
931,Linear,7.0,1.4411693332123729e-18,0.08363606607311022,1.3388994403276386e-13,-2.0158887627590887,-2.69907233622092e-07,2,6,hbr,False,S2_D6 hbr,mild_master_42,,
932,ShortHbO,7.0,1.4411693332123729e-18,2.1987099003028392e-09,0.0003113704653345031,38.18356685891888,11889.234980992682,2,6,hbr,True,S2_D6 hbr,mild_master_42,,
933,az_itd=0_az=15,7.0,1.4411693332123729e-18,5.185363500748879e-07,8.998520820797348e-10,17.354850921153254,0.01561679873558316,2,6,hbr,True,S2_D6 hbr,mild_master_42,,0.029779141120965913
934,az_itd=0_az=5,7.0,1.4411693332123729e-18,4.950613273343099e-05,9.0091674515738e-10,8.795968717936464,0.007924435507869452,2,6,hbr,True,S2_D6 hbr,mild_master_42,,0.007333511293268468
935,az_itd=15_az=0,7.0,1.4411693332123729e-18,3.369673476763211e-05,9.021387226992185e-10,9.331413547621258,0.008418229498829224,2,6,hbr,True,S2_D6 hbr,mild_master_42,,0.025923325751967045
936,az_itd=5_az=0,7.0,1.4411693332123729e-18,0.002510707538745234,9.018099370447799e-10,4.5910301069384785,0.004140236571708878,2,6,hbr,True,S2_D6 hbr,mild_master_42,,0.005376839944138429
937,constant,7.0,1.4411693332123729e-18,0.9961141470608347,1.11709884784889e-09,-0.00504669880600757,-5.637661421631426e-06,2,6,hbr,False,S2_D6 hbr,mild_master_42,,
945,Linear,7.0,1.20140540590807e-18,0.018709438839657314,1.2224616532034199e-13,-3.0451947522525886,-3.722633811165078e-07,2,7,hbr,True,S2_D7 hbr,mild_master_42,,
946,ShortHbO,7.0,1.20140540590807e-18,9.403530635667688e-10,0.0002842920404226845,43.12933110731141,12261.325542563121,2,7,hbr,True,S2_D7 hbr,mild_master_42,,
947,az_itd=0_az=15,7.0,1.20140540590807e-18,2.8119159444595292e-08,8.215961787455415e-10,26.470547025347777,0.021748100285329895,2,7,hbr,True,S2_D7 hbr,mild_master_42,,0.031147480316252377
948,az_itd=0_az=5,7.0,1.20140540590807e-18,1.4407548566339395e-06,8.225682530827181e-10,14.945026644691454,0.012293304459398528,2,7,hbr,True,S2_D7 hbr,mild_master_42,,0.011110315022733724
949,az_itd=15_az=0,7.0,1.20140540590807e-18,1.322828442342145e-06,8.236839609850291e-10,15.133526008151389,0.01246524264606409,2,7,hbr,True,S2_D7 hbr,mild_master_42,,0.023468892710699015
950,az_itd=5_az=0,7.0,1.20140540590807e-18,6.228165350754477e-06,8.233837682725904e-10,12.037030499036746,0.009911095531108974,2,7,hbr,True,S2_D7 hbr,mild_master_42,,0.01968208102750566
951,constant,7.0,1.20140540590807e-18,0.6579292676840605,1.0199500150652198e-09,-0.46224524795259236,-0.00047146704761307287,2,7,hbr,False,S2_D7 hbr,mild_master_42,,
959,Linear,7.0,2.932373709131504e-18,0.03019810174060173,1.9098537532396862e-13,-2.7100208765242075,-5.175743542387663e-07,2,8,hbr,True,S2_D8 hbr,mild_master_42,,
960,ShortHbO,7.0,2.932373709131504e-18,1.5761934228756213e-07,0.0004441498995037056,-20.63430637910424,-9164.725104607818,2,8,hbr,True,S2_D8 hbr,mild_master_42,,
961,az_itd=0_az=15,7.0,2.932373709131504e-18,2.0368466295696527e-06,1.2835809953733172e-09,14.203241049594242,0.018231010283965333,2,8,hbr,True,S2_D8 hbr,mild_master_42,,0.026956176455234303
962,az_itd=0_az=5,7.0,2.932373709131504e-18,6.02203243842111e-08,1.2850996686310182e-09,23.716220905730232,0.03047770762713395,2,8,hbr,True,S2_D8 hbr,mild_master_42,,0.03585019675197501
963,az_itd=15_az=0,7.0,2.932373709131504e-18,5.070007481848634e-05,1.286842740832231e-09,8.763685486644691,0.0112774850514255,2,8,hbr,True,S2_D8 hbr,mild_master_42,,0.03433456346389398
964,az_itd=5_az=0,7.0,2.932373709131504e-18,1.5538269764709393e-05,1.2863737492879616e-09,10.495704479121994,0.01350139872222661,2,8,hbr,True,S2_D8 hbr,mild_master_42,,0.01378282403587593
965,constant,7.0,2.932373709131504e-18,0.5773248490514921,1.5934695041636954e-09,-0.5843479975886451,-0.0009311407139766265,2,8,hbr,False,S2_D8 hbr,mild_master_42,,
973,Linear,7.0,1.6639610611896057e-18,0.006441908783571248,1.4386728022686593e-13,-3.8318980927380566,-5.51284756708739e-07,3,5,hbr,True,S3_D5 hbr,mild_master_42,,
974,ShortHbO,7.0,1.6639610611896057e-18,0.00013850348422298048,0.00033457346116812686,7.489665406803172,2505.8432781453243,3,5,hbr,True,S3_D5 hbr,mild_master_42,,
975,az_itd=0_az=15,7.0,1.6639610611896057e-18,2.0615062093343979e-07,9.669081019528571e-10,19.84648403745269,0.019189726211091055,3,5,hbr,True,S3_D5 hbr,mild_master_42,,0.035855856138328236
976,az_itd=0_az=5,7.0,1.6639610611896057e-18,5.3537129788623206e-08,9.680521025904352e-10,24.122541755029356,0.023351877265781733,3,5,hbr,True,S3_D5 hbr,mild_master_42,,0.01674389651306848
977,az_itd=15_az=0,7.0,1.6639610611896057e-18,7.622886207258673e-08,9.693651405987235e-10,22.92202918632513,0.022219816045010103,3,5,hbr,True,S3_D5 hbr,mild_master_42,,0.04180070046099001
978,az_itd=5_az=0,7.0,1.6639610611896057e-18,1.4605967499467485e-07,9.690118541870858e-10,20.863332235153344,0.02021681625370714,3,5,hbr,True,S3_D5 hbr,mild_master_42,,0.021110363562233996
979,constant,7.0,1.6639610611896057e-18,0.377753392505561,1.2003438655949951e-09,-0.9415897540828237,-0.0011302314852204177,3,5,hbr,False,S3_D5 hbr,mild_master_42,,
987,Linear,7.0,9.301847397019806e-19,0.01056818161990531,1.075660099248003e-13,-3.4585567333347518,-3.7202314790337085e-07,3,6,hbr,True,S3_D6 hbr,mild_master_42,,
988,ShortHbO,7.0,9.301847397019806e-19,6.14010714377927e-11,0.0002501523083486008,63.7481658988953,15946.750852598218,3,6,hbr,True,S3_D6 hbr,mild_master_42,,
989,az_itd=0_az=15,7.0,9.301847397019806e-19,1.4234988118553045e-08,7.22933291899464e-10,29.197000242849512,0.02110748349915265,3,6,hbr,True,S3_D6 hbr,mild_master_42,,0.025462035261704374
990,az_itd=0_az=5,7.0,9.301847397019806e-19,1.721499429803604e-05,7.237886329036288e-10,10.334542003847332,0.007480024028649788,3,6,hbr,True,S3_D6 hbr,mild_master_42,,0.001881766301756995
991,az_itd=15_az=0,7.0,9.301847397019806e-19,7.09714346163101e-08,7.247703589723252e-10,23.16000555488312,0.016785685539813685,3,6,hbr,True,S3_D6 hbr,mild_master_42,,0.023684379084439183
992,az_itd=5_az=0,7.0,9.301847397019806e-19,7.642602776103994e-07,7.245062154533779e-10,16.399463534397327,0.011881513260771885,3,6,hbr,True,S3_D6 hbr,mild_master_42,,0.011270006781533375
993,constant,7.0,9.301847397019806e-19,0.7198473541031642,8.97467443300239e-10,-0.3734770774399911,-0.00033518351782131417,3,6,hbr,False,S3_D6 hbr,mild_master_42,,
1001,Linear,7.0,2.7417572197782206e-18,0.10443854523503726,1.8467365803460178e-13,-1.8650220005131688,-3.444204351497778e-07,3,7,hbr,False,S3_D7 hbr,mild_master_42,,
1002,ShortHbO,7.0,2.7417572197782206e-18,9.741155031102909e-06,0.0004294715577981548,11.259012964908576,4835.425837308908,3,7,hbr,True,S3_D7 hbr,mild_master_42,,
1003,az_itd=0_az=15,7.0,2.7417572197782206e-18,3.86828888300453e-06,1.241160991500991e-09,12.919523374311666,0.016035208440980893,3,7,hbr,True,S3_D7 hbr,mild_master_42,,0.03962855997841297
1004,az_itd=0_az=5,7.0,2.7417572197782206e-18,6.046710327256532e-06,1.2426294753855982e-09,12.090155269962253,0.015023583300443621,3,7,hbr,True,S3_D7 hbr,mild_master_42,,0.018629349195476406
1005,az_itd=15_az=0,7.0,2.7417572197782206e-18,9.315896375874164e-06,1.2443149422391224e-09,11.334544842846192,0.014103743511432901,3,7,hbr,True,S3_D7 hbr,mild_master_42,,0.046512747986474486
1006,az_itd=5_az=0,7.0,2.7417572197782206e-18,3.457575108641847e-05,1.2438614500074758e-09,9.294712434791693,0.011561334486542512,3,7,hbr,True,S3_D7 hbr,mild_master_42,,0.018684642551223783
1007,constant,7.0,2.7417572197782206e-18,0.5543155544766958,1.5408082519476646e-09,-0.6209330797376811,-0.0009567388131670961,3,7,hbr,False,S3_D7 hbr,mild_master_42,,
1015,Linear,7.0,7.010187287134718e-18,0.7890874854911691,2.952944362918818e-13,0.2779415810266614,8.207460249134237e-08,4,2,hbr,False,S4_D2 hbr,mild_master_42,,
1016,ShortHbO,7.0,7.010187287134718e-18,2.2505146177508702e-05,0.000686727944380895,9.923468306107749,6814.722990982336,4,2,hbr,True,S4_D2 hbr,mild_master_42,,
1017,az_itd=0_az=15,7.0,7.010187287134718e-18,6.627052678974528e-06,1.9846248741338443e-09,11.926188913869126,0.023669011172083962,4,2,hbr,True,S4_D2 hbr,mild_master_42,,0.014783092476291998
1018,az_itd=0_az=5,7.0,7.010187287134718e-18,0.0006739275253174259,1.986972989861468e-09,5.784806505197764,0.011494254277402872,4,2,hbr,True,S4_D2 hbr,mild_master_42,,0.019751120427315184
1019,az_itd=15_az=0,7.0,7.010187287134718e-18,8.047360341298913e-06,1.9896680628334177e-09,-11.585478456620601,-0.023051256477782604,4,2,hbr,True,S4_D2 hbr,mild_master_42,,-0.0429402807541913
1020,az_itd=5_az=0,7.0,7.010187287134718e-18,0.0005965509968871343,1.9889429256680415e-09,-5.904854163074163,-0.011744417914747842,4,2,hbr,True,S4_D2 hbr,mild_master_42,,-0.005118678903045842
1021,constant,7.0,7.010187287134718e-18,0.7600942552872989,2.4637628833209922e-09,-0.31754253053103254,-0.000782349500598181,4,2,hbr,False,S4_D2 hbr,mild_master_42,,
1029,Linear,7.0,1.6341239155058964e-18,0.26762590572791967,1.4257157487231355e-13,1.204253689557333,1.7169234506598316e-07,4,3,hbr,False,S4_D3 hbr,mild_master_42,,
1030,ShortHbO,7.0,1.6341239155058964e-18,2.189862156324834e-09,0.00033156020739393265,38.205661736138104,12667.477128856388,4,3,hbr,True,S4_D3 hbr,mild_master_42,,
1031,az_itd=0_az=15,7.0,1.6341239155058964e-18,0.6906714648821676,9.581998814103907e-10,0.41484893408569945,0.0003975081994441441,4,3,hbr,False,S4_D3 hbr,mild_master_42,,-0.01803325695363159
1032,az_itd=0_az=5,7.0,1.6341239155058964e-18,4.748249328322454e-07,9.593335788869622e-10,-17.57906460102892,-0.01686418695719018,4,3,hbr,True,S4_D3 hbr,mild_master_42,,-0.019168547610315504
1033,az_itd=15_az=0,7.0,1.6341239155058964e-18,0.00018354866644479975,9.606347913406464e-10,-7.161244110054839,-0.006879340241401964,4,3,hbr,True,S4_D3 hbr,mild_master_42,,-0.019339204863645765
1034,az_itd=5_az=0,7.0,1.6341239155058964e-18,0.7377626634775286,9.602846867163793e-10,-0.3484281305039822,-0.00033459019814419024,4,3,hbr,False,S4_D3 hbr,mild_master_42,,0.0013435509818503666
1035,constant,7.0,1.6341239155058964e-18,0.7013891783262198,1.1895332631320656e-09,0.39956288338368406,0.0004752933404978507,4,3,hbr,False,S4_D3 hbr,mild_master_42,,
1043,Linear,7.0,1.4526536120213492e-18,0.027747870379002604,1.3442235140521362e-13,-2.7686533145141246,-3.721688887628271e-07,4,4,hbr,True,S4_D4 hbr,mild_master_42,,
1044,ShortHbO,7.0,1.4526536120213492e-18,0.002495876090437219,0.00031260861605974827,-4.596032381009281,-1436.7593219931011,4,4,hbr,True,S4_D4 hbr,mild_master_42,,
1045,az_itd=0_az=15,7.0,1.4526536120213492e-18,6.835939747425932e-07,9.034303036263528e-10,16.668911593496112,0.015059199862033024,4,4,hbr,True,S4_D4 hbr,mild_master_42,,0.02033789521929113
1046,az_itd=0_az=5,7.0,1.4526536120213492e-18,1.5327294576608272e-05,9.044992002890951e-10,10.517373467435842,0.009512955890437465,4,4,hbr,True,S4_D4 hbr,mild_master_42,,0.02058354296572345
1047,az_itd=15_az=0,7.0,1.4526536120213492e-18,1.585740025401582e-06,9.057260369699595e-10,14.736021758516106,0.013346798588043888,4,4,hbr,True,S4_D4 hbr,mild_master_42,,0.0338758203496313
1048,az_itd=5_az=0,7.0,1.4526536120213492e-18,6.091995949304065e-06,9.053959439140754e-10,12.076728855738336,0.010934221321735563,4,4,hbr,True,S4_D4 hbr,mild_master_42,,0.028290461302458363
1049,constant,7.0,1.4526536120213492e-18,0.8393525917862718,1.1215409414403573e-09,-0.21039492502893412,-0.00023596652229122416,4,4,hbr,False,S4_D4 hbr,mild_master_42,,
1057,Linear,7.0,2.3299125539294137e-18,0.005303572557464153,1.7023947239703436e-13,-3.9829982661491186,-6.780635233875286e-07,5,1,hbr,True,S5_D1 hbr,mild_master_42,,
1058,ShortHbO,7.0,2.3299125539294137e-18,0.3152923850342171,0.00039590384566591156,1.0815640387682235,428.19536228229475,5,1,hbr,False,S5_D1 hbr,mild_master_42,,
1059,az_itd=0_az=15,7.0,2.3299125539294137e-18,1.359996376090505e-07,1.1441512265561937e-09,21.080151872325704,0.0241188816207123,5,1,hbr,True,S5_D1 hbr,mild_master_42,,0.021059645139259394
1060,az_itd=0_az=5,7.0,2.3299125539294137e-18,6.276566833147677e-09,1.1455049330046373e-09,32.845312541573996,0.03762446754245209,5,1,hbr,True,S5_D1 hbr,mild_master_42,,0.0313962115064944
1061,az_itd=15_az=0,7.0,2.3299125539294137e-18,9.929931154359075e-07,1.147058662924434e-09,15.783250866135223,0.018104314635109985,5,1,hbr,True,S5_D1 hbr,mild_master_42,,0.02626364255172122
1062,az_itd=5_az=0,7.0,2.3299125539294137e-18,2.5989383144240325e-07,1.1466406158728224e-09,19.190048006381485,0.022004088464666293,5,1,hbr,True,S5_D1 hbr,mild_master_42,,0.010549753125543009
1063,constant,7.0,2.3299125539294137e-18,0.43036263979154243,1.4203779069964574e-09,-0.8367618213941953,-0.0011885180045264304,5,1,hbr,False,S5_D1 hbr,mild_master_42,,
1071,Linear,7.0,6.14479065002134e-19,0.07378618626580173,8.742668263196363e-14,-2.100779809265039,-1.8366420966425164e-07,5,2,hbr,False,S5_D2 hbr,mild_master_42,,
1072,ShortHbO,7.0,6.14479065002134e-19,0.0019952888397318297,0.00020331688873590826,4.787328772603954,973.3447914017304,5,2,hbr,True,S5_D2 hbr,mild_master_42,,
1073,az_itd=0_az=15,7.0,6.14479065002134e-19,1.7063091410639646e-06,5.875802172002199e-10,14.57815015388601,0.008565832633797761,5,2,hbr,True,S5_D2 hbr,mild_master_42,,0.009977381559953312
1074,az_itd=0_az=5,7.0,6.14479065002134e-19,3.1431815461310786e-07,5.88275414749757e-10,18.667032667240843,0.01098135638446837,5,2,hbr,True,S5_D2 hbr,mild_master_42,,0.009737644530137623
1075,az_itd=15_az=0,7.0,6.14479065002134e-19,6.754896141581439e-05,5.890733345898577e-10,8.382817083771693,0.004938094012794217,5,2,hbr,True,S5_D2 hbr,mild_master_42,,0.010340758407487414
1076,az_itd=5_az=0,7.0,6.14479065002134e-19,1.4476503733380395e-05,5.888586460314883e-10,10.608327018638175,0.00624680508485453,5,2,hbr,True,S5_D2 hbr,mild_master_42,,-0.00025591439821819495
1077,constant,7.0,6.14479065002134e-19,0.5154116102843698,7.294367560234245e-10,-0.6849435513749397,-0.0004996230021740998,5,2,hbr,False,S5_D2 hbr,mild_master_42,,
1085,Linear,7.0,1.737469357585767e-18,0.10926977336611186,1.470107289222695e-13,-1.8342040909740869,-2.6964768040630925e-07,5,3,hbr,False,S5_D3 hbr,mild_master_42,,
1086,ShortHbO,7.0,1.737469357585767e-18,2.8965962782948276e-09,0.0003418837718125426,36.702674548671105,12548.048810307888,5,3,hbr,True,S5_D3 hbr,mild_master_42,,
1087,az_itd=0_az=15,7.0,1.737469357585767e-18,2.7789103510182655e-07,9.880346986805212e-10,19.004271557034098,0.018776879721496983,5,3,hbr,True,S5_D3 hbr,mild_master_42,,0.012317820437594315
1088,az_itd=0_az=5,7.0,1.737469357585767e-18,0.06837263928582528,9.892036953234873e-10,2.15238278900963,0.002129145008639,5,3,hbr,False,S5_D3 hbr,mild_master_42,,0.0009634856566274813
1089,az_itd=15_az=0,7.0,1.737469357585767e-18,0.0001921230586114517,9.905454227433475e-10,7.1090875288299795,0.007041874111564352,5,3,hbr,True,S5_D3 hbr,mild_master_42,,0.014488363233251624
1090,az_itd=5_az=0,7.0,1.737469357585767e-18,0.0004161781698015765,9.901844171497807e-10,6.269624907580933,0.006208084884860774,5,3,hbr,True,S5_D3 hbr,mild_master_42,,0.015521161321377697
1091,constant,7.0,1.737469357585767e-18,0.9786100328506231,1.2265709503941947e-09,0.02778387956505776,3.407889956375074e-05,5,3,hbr,False,S5_D3 hbr,mild_master_42,,
1099,Linear,7.0,7.59880943000869e-19,0.007361020413786119,9.722170439960415e-14,-3.729763130171701,-3.6261392852209544e-07,6,1,hbr,True,S6_D1 hbr,mild_master_42,,
1100,ShortHbO,7.0,7.59880943000869e-19,0.13476186793400666,0.00022609589957039996,-1.6905756256821842,-382.23221688040525,6,1,hbr,False,S6_D1 hbr,mild_master_42,,
1101,az_itd=0_az=15,7.0,7.59880943000869e-19,4.824819130223416e-07,6.534109320855048e-10,17.53812936888729,0.011459605457960811,6,1,hbr,True,S6_D1 hbr,mild_master_42,,0.013409290478656926
1102,az_itd=0_az=5,7.0,7.59880943000869e-19,1.5508524946336037e-08,6.541840174711755e-10,28.83917148861776,0.01886612506496415,6,1,hbr,True,S6_D1 hbr,mild_master_42,,0.01735598716373887
1103,az_itd=15_az=0,7.0,7.59880943000869e-19,2.3077066098789922e-07,6.55071333842945e-10,19.524141247077466,0.012789705248861095,6,1,hbr,True,S6_D1 hbr,mild_master_42,,0.017294391729042156
1104,az_itd=5_az=0,7.0,7.59880943000869e-19,1.3848362802528448e-06,6.548325922261822e-10,15.032128369939803,0.009843527587164417,6,1,hbr,True,S6_D1 hbr,mild_master_42,,0.005650919468325321
1105,constant,7.0,7.59880943000869e-19,0.5522253588385495,8.111606495565223e-10,-0.6243008269794378,-0.0005064082643313148,6,1,hbr,False,S6_D1 hbr,mild_master_42,,
1113,Linear,7.0,2.9822401012591194e-18,0.04376033119691957,1.9260242762372844e-13,-2.455385689514516,-4.7291324455305807e-07,6,2,hbr,True,S6_D2 hbr,mild_master_42,,
1114,ShortHbO,7.0,2.9822401012591194e-18,0.0003581426199873604,0.0004479104681609248,6.42652667560786,2878.5085719201884,6,2,hbr,True,S6_D2 hbr,mild_master_42,,
1115,az_itd=0_az=15,7.0,2.9822401012591194e-18,3.258780259020345e-08,1.2944489353764488e-09,25.913709888930477,0.03354397417738021,6,2,hbr,True,S6_D2 hbr,mild_master_42,,0.021430544841051676
1116,az_itd=0_az=5,7.0,2.9822401012591194e-18,2.7632196131959778e-08,1.2959804670746443e-09,26.537276864725598,0.034391792466036235,6,2,hbr,True,S6_D2 hbr,mild_master_42,,0.034749895011573474
1117,az_itd=15_az=0,7.0,2.9822401012591194e-18,1.691102336196899e-05,1.2977382976776817e-09,10.362400258008291,0.013447683670682449,6,2,hbr,True,S6_D2 hbr,mild_master_42,,0.02642061082109193
1118,az_itd=5_az=0,7.0,2.9822401012591194e-18,3.019940223164602e-05,1.2972653352332637e-09,9.488997196906714,0.012309747129672689,6,2,hbr,True,S6_D2 hbr,mild_master_42,,-0.0017570750845954553
1119,constant,7.0,2.9822401012591194e-18,0.21782200032710425,1.6069612363025262e-09,-1.3539933131007045,-0.0021758147683656618,6,2,hbr,False,S6_D2 hbr,mild_master_42,,
1141,Linear,7.0,2.6578017946408222e-17,0.3994021099902195,5.749786900705625e-13,0.8972291565831306,5.15887645145284e-07,7,7,hbr,False,S7_D7 hbr,mild_master_42,,
1142,ShortHbO,7.0,2.6578017946408222e-17,0.0075415706087481205,0.0013371533133278758,-3.7113338205856596,-4962.622315061919,7,7,hbr,True,S7_D7 hbr,mild_master_42,,
1143,az_itd=0_az=15,7.0,2.6578017946408222e-17,0.05332781880539954,3.8643363035902356e-09,2.3208478635016743,0.008968536654039355,7,7,hbr,False,S7_D7 hbr,mild_master_42,,0.032716824461397696
1144,az_itd=0_az=5,7.0,2.6578017946408222e-17,0.1324802932897913,3.868908406343532e-09,1.7023252457098246,0.006586140453457559,7,7,hbr,False,S7_D7 hbr,mild_master_42,,-0.034396032789651386
1145,az_itd=15_az=0,7.0,2.6578017946408222e-17,0.00016915023936734733,3.874156082346219e-09,-7.255320877894071,-0.028108245508466828,7,7,hbr,True,S7_D7 hbr,mild_master_42,,-0.031240727051823392
1146,az_itd=5_az=0,7.0,2.6578017946408222e-17,0.003039427765881052,3.872744141021807e-09,-4.431311794426028,-0.017161336788904233,7,7,hbr,True,S7_D7 hbr,mild_master_42,,-0.029093228824858684
1147,constant,7.0,2.6578017946408222e-17,0.6233557263205695,4.797283596281971e-09,-0.5135779546057401,-0.0024637790970421635,7,7,hbr,False,S7_D7 hbr,mild_master_42,,
1155,Linear,7.0,1.3335644448154187e-18,0.14990245936330268,1.2879454165442968e-13,-1.6170424984707368,-2.0826624742627234e-07,7,8,hbr,False,S7_D8 hbr,mild_master_42,,
1156,ShortHbO,7.0,1.3335644448154187e-18,0.00011766929673051035,0.00029952074935269486,7.685249969984515,2301.891829972538,7,8,hbr,True,S7_D8 hbr,mild_master_42,,
1157,az_itd=0_az=15,7.0,1.3335644448154187e-18,2.1751721128612217e-05,8.656067287613703e-10,9.974888435612531,0.008634330548510186,7,8,hbr,True,S7_D8 hbr,mild_master_42,,0.010816074102884892
1158,az_itd=0_az=5,7.0,1.3335644448154187e-18,8.170160890034241e-07,8.666308743317662e-10,16.24021540507015,0.01407427207583216,7,8,hbr,True,S7_D8 hbr,mild_master_42,,0.00939628577163443
1159,az_itd=15_az=0,7.0,1.3335644448154187e-18,0.010483643649305064,8.678063475052749e-10,3.4644936281477645,0.0030065095613982097,7,8,hbr,True,S7_D8 hbr,mild_master_42,,0.0034400797668609423
1160,az_itd=5_az=0,7.0,1.3335644448154187e-18,6.391484862092292e-05,8.674900743305276e-10,8.455115325469967,0.007334728622165125,7,8,hbr,True,S7_D8 hbr,mild_master_42,,-0.0010935150393325882
1161,constant,7.0,1.3335644448154187e-18,0.8194747165580589,1.0745858109865343e-09,-0.23695775309900885,-0.00025463143928344535,7,8,hbr,False,S7_D8 hbr,mild_master_42,,
1127,Linear,7.0,3.301023884945064e-17,0.33043043176893117,6.407886155147413e-13,1.0457671191961704,6.701156644605534e-07,7,17,hbr,False,S7_D17 hbr,mild_master_42,,
1128,ShortHbO,7.0,3.301023884945064e-17,1.0857263901600902e-07,0.0014901989154992275,-21.778943220224892,-32454.95756749839,7,17,hbr,True,S7_D17 hbr,mild_master_42,,
1129,az_itd=0_az=15,7.0,3.301023884945064e-17,0.08687265793624807,4.3066338850872075e-09,-1.9901452011956995,-0.008570826759713096,7,17,hbr,False,S7_D17 hbr,mild_master_42,,-0.04342732690546425
1130,az_itd=0_az=5,7.0,3.301023884945064e-17,0.0011772712427935465,4.311729293741251e-09,-5.256936722068471,-0.022666488059886736,7,17,hbr,True,S7_D17 hbr,mild_master_42,,-0.0027855838703157074
1131,az_itd=15_az=0,7.0,3.301023884945064e-17,2.5584956477770114e-06,4.31757759924979e-09,-13.73380777206715,-0.05929678078907979,7,17,hbr,True,S7_D17 hbr,mild_master_42,,-0.12171449965977336
1132,az_itd=5_az=0,7.0,3.301023884945064e-17,4.1752809904065955e-05,4.316004052365213e-09,-9.029687979502144,-0.038972169911124704,7,17,hbr,True,S7_D17 hbr,mild_master_42,,-0.0048048962133116985
1133,constant,7.0,3.301023884945064e-17,0.6631759856495526,5.346362860014605e-09,0.4545753408331074,0.002430324719308606,7,17,hbr,False,S7_D17 hbr,mild_master_42,,
1211,Linear,7.0,3.046226590429175e-17,0.8713369634752213,6.15561651733092e-13,-0.16799624005722916,-1.0341204301457702e-07,8,6,hbr,False,S8_D6 hbr,mild_master_42,,
1212,ShortHbO,7.0,3.046226590429175e-17,2.243142696466515e-07,0.0014315318400260565,-19.604737881554247,-28064.80649280988,8,6,hbr,True,S8_D6 hbr,mild_master_42,,
1213,az_itd=0_az=15,7.0,3.046226590429175e-17,7.264493338880881e-06,4.1370876503235855e-09,-11.763925580300212,-0.04866839123758573,8,6,hbr,True,S8_D6 hbr,mild_master_42,,-0.03687492475113753
1214,az_itd=0_az=5,7.0,3.046226590429175e-17,0.35373010651363657,4.1419824597683795e-09,0.9931255702619546,0.004113508692372485,8,6,hbr,False,S8_D6 hbr,mild_master_42,,-0.013539065487939591
1215,az_itd=15_az=0,7.0,3.046226590429175e-17,0.16275332046495147,4.1476005255571795e-09,1.559880106917336,0.006469759551256533,8,6,hbr,False,S8_D6 hbr,mild_master_42,,-0.008705044363636798
1216,az_itd=5_az=0,7.0,3.046226590429175e-17,0.027056218090011887,4.146088927042635e-09,-2.786189411750253,-0.011551789068701157,8,6,hbr,True,S8_D6 hbr,mild_master_42,,0.023109949039321297
1217,constant,7.0,3.046226590429175e-17,0.7121179455533458,5.135883929884423e-09,0.3843648454446385,0.0019740532329316288,8,6,hbr,False,S8_D6 hbr,mild_master_42,,
1225,Linear,7.0,2.2326020257008038e-18,0.1102375236455048,1.6664646714090945e-13,1.828189569542383,3.0466133302809814e-07,8,7,hbr,False,S8_D7 hbr,mild_master_42,,
1226,ShortHbO,7.0,2.2326020257008038e-18,4.504069715291163e-08,0.00038754805967592597,24.731827273865772,9584.771672226825,8,7,hbr,True,S8_D7 hbr,mild_master_42,,
1227,az_itd=0_az=15,7.0,2.2326020257008038e-18,0.0007086344525747704,1.12000323483057e-09,-5.735875281666521,-0.006424198870051211,8,7,hbr,True,S8_D7 hbr,mild_master_42,,-0.004963232523639124
1228,az_itd=0_az=5,7.0,2.2326020257008038e-18,4.22666860980071e-05,1.1213283704997694e-09,-9.012727411559965,-0.010106226942163139,8,7,hbr,True,S8_D7 hbr,mild_master_42,,-0.02126106296737919
1229,az_itd=15_az=0,7.0,2.2326020257008038e-18,7.989299028242908e-06,1.1228493080260639e-09,-11.598022137333864,-0.0130228311313763,8,7,hbr,True,S8_D7 hbr,mild_master_42,,-0.016544951597371363
1230,az_itd=5_az=0,7.0,2.2326020257008038e-18,6.996421327067965e-07,1.1224400841059658e-09,-16.612511402512062,-0.018646548695846955,8,7,hbr,True,S8_D7 hbr,mild_master_42,,-0.03174957138592639
1231,constant,7.0,2.2326020257008038e-18,0.5308147415175328,1.390399986989635e-09,0.6592534338026599,0.0009166259657820905,8,7,hbr,False,S8_D7 hbr,mild_master_42,,
1239,Linear,7.0,2.6391043719439995e-18,0.4426552656894789,1.8118353844806565e-13,0.8136182835530177,1.4741423956017734e-07,8,8,hbr,False,S8_D8 hbr,mild_master_42,,
1240,ShortHbO,7.0,2.6391043719439995e-18,1.699716952874377e-06,0.00042135503965645704,-14.586449217619663,-6146.07388853703,8,8,hbr,True,S8_D8 hbr,mild_master_42,,
1241,az_itd=0_az=15,7.0,2.6391043719439995e-18,0.002541630877433395,1.2177044772770155e-09,4.580704560308848,0.005577944452171327,8,8,hbr,True,S8_D8 hbr,mild_master_42,,0.019005276261675336
1242,az_itd=0_az=5,7.0,2.6391043719439995e-18,0.0003588143496455441,1.2191452085063567e-09,6.424551244398803,0.007832460866412351,8,8,hbr,True,S8_D8 hbr,mild_master_42,,0.010546835450227707
1243,az_itd=15_az=0,7.0,2.6391043719439995e-18,3.618400704928071e-07,1.2207988219762388e-09,-18.288624783960135,-0.022326731591823978,8,8,hbr,True,S8_D8 hbr,mild_master_42,,-0.029191224987273237
1244,az_itd=5_az=0,7.0,2.6391043719439995e-18,0.200320739768259,1.220353900225823e-09,-1.413785444442134,-0.001725318581207457,8,8,hbr,False,S8_D8 hbr,mild_master_42,,-0.015688665375315256
1245,constant,7.0,2.6391043719439995e-18,0.6380721074891748,1.5116887493805391e-09,-0.49155364091267917,-0.0007430761086847386,8,8,hbr,False,S8_D8 hbr,mild_master_42,,
1169,Linear,7.0,9.211915814098664e-18,0.9465814213713347,3.3850526982147045e-13,0.06944003007655289,2.3505816117474562e-08,8,16,hbr,False,S8_D16 hbr,mild_master_42,,
1170,ShortHbO,7.0,9.211915814098664e-18,2.0716273404287074e-05,0.0007872177716102449,-10.048950631011794,-7910.712522766469,8,16,hbr,True,S8_D16 hbr,mild_master_42,,
1171,az_itd=0_az=15,7.0,9.211915814098664e-18,8.286510570304004e-05,2.2750377113405438e-09,8.120119698795634,0.018473578535359282,8,16,hbr,True,S8_D16 hbr,mild_master_42,,0.019224081453217492
1172,az_itd=0_az=5,7.0,9.211915814098664e-18,0.0017560086712636702,2.277729430012702e-09,4.898558984764223,0.011157591964250613,8,16,hbr,True,S8_D16 hbr,mild_master_42,,0.008208377334752394
1173,az_itd=15_az=0,7.0,9.211915814098664e-18,1.1819343543063282e-05,2.2808188766511634e-09,-10.937033634480889,-0.024945392768092694,8,16,hbr,True,S8_D16 hbr,mild_master_42,,-0.05006983940812945
1174,az_itd=5_az=0,7.0,9.211915814098664e-18,0.020810358707804514,2.2799876291853947e-09,-2.9699114427206252,-0.0067713613491791735,8,16,hbr,True,S8_D16 hbr,mild_master_42,,-0.023526473990439955
1175,constant,7.0,9.211915814098664e-18,0.9468659211447708,2.824288632280014e-09,-0.06906952794612133,-0.0001950722826151772,8,16,hbr,False,S8_D16 hbr,mild_master_42,,
1183,Linear,7.0,1.0401584346317615e-17,0.46284811897616096,3.596998042722579e-13,0.776557056804574,2.793274213388459e-07,8,17,hbr,False,S8_D17 hbr,mild_master_42,,
1184,ShortHbO,7.0,1.0401584346317615e-17,1.1243033224062096e-06,0.0008365071495554246,-15.498713091475485,-12964.7843099275,8,17,hbr,True,S8_D17 hbr,mild_master_42,,
1185,az_itd=0_az=15,7.0,1.0401584346317615e-17,0.0006793830809922038,2.417482658136434e-09,5.776930926793573,0.0139656303327755,8,17,hbr,True,S8_D17 hbr,mild_master_42,,0.0020177634571039863
1186,az_itd=0_az=5,7.0,1.0401584346317615e-17,0.0716519943756436,2.420342911036018e-09,-2.120656591874463,-0.005132716148885159,8,17,hbr,False,S8_D17 hbr,mild_master_42,,0.00939601283101672
1187,az_itd=15_az=0,7.0,1.0401584346317615e-17,6.987897830813448e-07,2.423625794495263e-09,-16.615469699277696,-0.04026968095082388,8,17,hbr,True,S8_D17 hbr,mild_master_42,,-0.07948137181345108
1188,az_itd=5_az=0,7.0,1.0401584346317615e-17,0.02425207203405995,2.4227425008588106e-09,-2.862460811928269,-0.006935005466101436,8,17,hbr,True,S8_D17 hbr,mild_master_42,,-0.014495630754252855
1189,constant,7.0,1.0401584346317615e-17,0.9490007092595412,3.0011233466919826e-09,0.06628974923251586,0.00019894371406806028,8,17,hbr,False,S8_D17 hbr,mild_master_42,,
1197,Linear,7.0,1.860579620343786e-17,0.06850024877081905,4.810769886202173e-13,2.1511199918399426,1.0348543278351061e-06,8,18,hbr,False,S8_D18 hbr,mild_master_42,,
1198,ShortHbO,7.0,1.860579620343786e-17,1.4459552681537767e-06,0.0011187783137152035,-14.937122500363872,-16711.32872271452,8,18,hbr,True,S8_D18 hbr,mild_master_42,,
1199,az_itd=0_az=15,7.0,1.860579620343786e-17,1.5301115609982333e-05,3.2332385600565945e-09,-10.520085865933495,-0.03401394727684255,8,18,hbr,True,S8_D18 hbr,mild_master_42,,-0.05405879281279836
1200,az_itd=0_az=5,7.0,1.860579620343786e-17,0.005386409392384302,3.2370639773497956e-09,-3.9708560238418045,-0.012853914994020745,8,18,hbr,True,S8_D18 hbr,mild_master_42,,-0.019179071401196797
1201,az_itd=15_az=0,7.0,1.860579620343786e-17,9.446623158047799e-07,3.241454637755519e-09,-15.898959033840615,-0.05153575449572766,8,18,hbr,True,S8_D18 hbr,mild_master_42,,-0.093575634627458
1202,az_itd=5_az=0,7.0,1.860579620343786e-17,6.404933535112317e-07,3.2402732853120515e-09,-16.82818133659457,-0.054527906425354246,8,18,hbr,True,S8_D18 hbr,mild_master_42,,-0.01297186921994696
1203,constant,7.0,1.860579620343786e-17,0.7608044582631112,4.013823096249483e-09,0.31656603396718863,0.0012706400586256,8,18,hbr,False,S8_D18 hbr,mild_master_42,,
1295,Linear,7.0,2.767015395573353e-18,0.007712366404319966,1.8552235208128825e-13,-3.6943359042974815,-6.853818863436219e-07,9,5,hbr,True,S9_D5 hbr,mild_master_42,,
1296,ShortHbO,7.0,2.767015395573353e-18,0.003398753529539994,0.00043144525539099804,4.339353983237602,1872.1936875298918,9,5,hbr,True,S9_D5 hbr,mild_master_42,,
1297,az_itd=0_az=15,7.0,2.767015395573353e-18,3.4696607125501795e-08,1.2468649232673123e-09,25.680470509055997,0.03202007789074258,9,5,hbr,True,S9_D5 hbr,mild_master_42,,0.046461624108551716
1298,az_itd=0_az=5,7.0,2.767015395573353e-18,3.730935555554992e-06,1.248340155778355e-09,12.988899916794196,0.01621456534552033,9,5,hbr,True,S9_D5 hbr,mild_master_42,,0.0007368603435593932
1299,az_itd=15_az=0,7.0,2.767015395573353e-18,6.35497571506914e-08,1.2500333684343921e-09,23.532584129232546,0.029416515407030278,9,5,hbr,True,S9_D5 hbr,mild_master_42,,0.03846499615794884
1300,az_itd=5_az=0,7.0,2.767015395573353e-18,3.6837622253589125e-08,1.2495777921147315e-09,25.45966681752246,0.03181383424981641,9,5,hbr,True,S9_D5 hbr,mild_master_42,,0.013408960598982786
1301,constant,7.0,2.767015395573353e-18,0.42117514651551413,1.5478892552939477e-09,-0.854367932104779,-0.0013224669421726964,9,5,hbr,False,S9_D5 hbr,mild_master_42,,
1309,Linear,7.0,2.0411688799924564e-18,0.01382932757476728,1.5934187495146458e-13,-3.2618337673707805,-5.197467082728595e-07,9,6,hbr,True,S9_D6 hbr,mild_master_42,,
1310,ShortHbO,7.0,2.0411688799924564e-18,9.579430487914367e-08,0.0003705607176799531,22.177134436308926,8217.974852803436,9,6,hbr,True,S9_D6 hbr,mild_master_42,,
1311,az_itd=0_az=15,7.0,2.0411688799924564e-18,2.4890003137739417e-08,1.0709102836167965e-09,26.93996914367235,0.0288502899962779,9,6,hbr,True,S9_D6 hbr,mild_master_42,,0.035945209123508556
1312,az_itd=0_az=5,7.0,2.0411688799924564e-18,2.0704243847490224e-06,1.0721773347923654e-09,14.16908339353703,0.015191770069333296,9,6,hbr,True,S9_D6 hbr,mild_master_42,,-0.004842052780941292
1313,az_itd=15_az=0,7.0,2.0411688799924564e-18,2.2058970821844725e-08,1.073631605268552e-09,27.412683263126997,0.029431123136509404,9,6,hbr,True,S9_D6 hbr,mild_master_42,,0.023506689071643702
1314,az_itd=5_az=0,7.0,2.0411688799924564e-18,4.5159483537318486e-08,1.0732403188055256e-09,24.72242878887455,0.02653310735501863,9,6,hbr,True,S9_D6 hbr,mild_master_42,,0.02086559396152813
1315,constant,7.0,2.0411688799924564e-18,0.20407655812843262,1.3294547712918972e-09,-1.4005736098127597,-0.0018619992681110896,9,6,hbr,False,S9_D6 hbr,mild_master_42,,
1323,Linear,7.0,2.2318696994799153e-18,0.015981031029831883,1.6661913365616041e-13,-3.1576302202514728,-5.261216117048113e-07,9,7,hbr,True,S9_D7 hbr,mild_master_42,,
1324,ShortHbO,7.0,2.2318696994799153e-18,1.6554639326007684e-08,0.00038748449373804313,28.569479486581255,11070.230295217345,9,7,hbr,True,S9_D7 hbr,mild_master_42,,
1325,az_itd=0_az=15,7.0,2.2318696994799153e-18,3.108649750236171e-08,1.1198195310181619e-09,26.090516736438065,0.029216670215819578,9,7,hbr,True,S9_D7 hbr,mild_master_42,,0.04751668931875775
1326,az_itd=0_az=5,7.0,2.2318696994799153e-18,2.320089329052141e-05,1.1211444493375655e-09,9.877689304674881,0.01107431653621728,9,7,hbr,True,S9_D7 hbr,mild_master_42,,0.008053519332138905
1327,az_itd=15_az=0,7.0,2.2318696994799153e-18,8.340055736131274e-07,1.1226651373984895e-09,16.191412463846493,0.01817753429839984,9,7,hbr,True,S9_D7 hbr,mild_master_42,,0.019389455675452954
1328,az_itd=5_az=0,7.0,2.2318696994799153e-18,1.526098736548562e-07,1.122255980599621e-09,20.731122526956387,0.023265626240420334,9,7,hbr,True,S9_D7 hbr,mild_master_42,,0.013044216839107385
1329,constant,7.0,2.2318696994799153e-18,0.5790479458313706,1.3901719324890418e-09,-0.5816428360071731,-0.0008085835453504987,9,7,hbr,False,S9_D7 hbr,mild_master_42,,
1253,Linear,7.0,1.3792942946893117e-18,0.010569592055564306,1.309842035897713e-13,-3.4584581167273267,-4.5300338206810916e-07,9,15,hbr,True,S9_D15 hbr,mild_master_42,,
1254,ShortHbO,7.0,1.3792942946893117e-18,9.92407697328138e-08,0.0003046129619206957,22.064020919472856,6720.986764160819,9,15,hbr,True,S9_D15 hbr,mild_master_42,,
1255,az_itd=0_az=15,7.0,1.3792942946893117e-18,1.3863860116213117e-08,8.803230830462427e-10,29.30819915699864,0.025800684240422332,9,15,hbr,True,S9_D15 hbr,mild_master_42,,0.02575544738342236
1256,az_itd=0_az=5,7.0,1.3792942946893117e-18,2.471112089293199e-06,8.813646403216917e-10,13.804399644243047,0.012166709727305162,9,15,hbr,True,S9_D15 hbr,mild_master_42,,0.001290724913497478
1257,az_itd=15_az=0,7.0,1.3792942946893117e-18,2.2707999427326513e-07,8.825600979513037e-10,19.569892878171128,0.01727160657545523,9,15,hbr,True,S9_D15 hbr,mild_master_42,,0.015524241127150114
1258,az_itd=5_az=0,7.0,1.3792942946893117e-18,1.0578740060040286e-07,8.822384477526313e-10,21.861008645978345,0.01928662233413479,9,15,hbr,True,S9_D15 hbr,mild_master_42,,0.004533972781139129
1259,constant,7.0,1.3792942946893117e-18,0.33510848702958546,1.0928550607260824e-09,-1.034969067540033,-0.0011310711831560797,9,15,hbr,False,S9_D15 hbr,mild_master_42,,
1267,Linear,7.0,1.635201814714295e-18,0.020090546082349833,1.4261858858173729e-13,-2.994759282883135,-4.271083420668484e-07,9,16,hbr,True,S9_D16 hbr,mild_master_42,,
1268,ShortHbO,7.0,1.635201814714295e-18,3.784190743965865e-09,0.0003316695410760558,35.321127443831934,11714.942129584617,9,16,hbr,True,S9_D16 hbr,mild_master_42,,
1269,az_itd=0_az=15,7.0,1.635201814714295e-18,2.0098962818495466e-08,9.58515852745033e-10,27.782528077229713,0.02662999359135866,9,16,hbr,True,S9_D16 hbr,mild_master_42,,0.019437986945256912
1270,az_itd=0_az=5,7.0,1.635201814714295e-18,2.1382299608664514e-05,9.59649924064173e-10,10.000844239465614,0.0095973094149808,9,16,hbr,True,S9_D16 hbr,mild_master_42,,-0.012630232365945904
1271,az_itd=15_az=0,7.0,1.635201814714295e-18,6.642999589663475e-07,9.609515655993502e-10,16.73875109384721,0.01608512906981031,9,16,hbr,True,S9_D16 hbr,mild_master_42,,0.007180536102273131
1272,az_itd=5_az=0,7.0,1.635201814714295e-18,4.82198426944915e-08,9.606013455262842e-10,24.489575185789477,0.023524718874836474,9,16,hbr,True,S9_D16 hbr,mild_master_42,,-0.0003617952144033076
1273,constant,7.0,1.635201814714295e-18,0.43366653954970913,1.1899255178380462e-09,-0.8304960576759125,-0.0009882284514924659,9,16,hbr,False,S9_D16 hbr,mild_master_42,,
1281,Linear,7.0,4.065965920569409e-18,0.9590577345193536,2.2489112711229294e-13,-0.05320161908808266,-1.1964572080917786e-08,9,17,hbr,False,S9_D17 hbr,mild_master_42,,
1282,ShortHbO,7.0,4.065965920569409e-18,1.7225023271548735e-06,0.0005230001058288592,-14.557918201525162,-7613.792760045535,9,17,hbr,True,S9_D17 hbr,mild_master_42,,
1283,az_itd=0_az=15,7.0,4.065965920569409e-18,0.002733285773739489,1.5114559232598825e-09,4.519652769048141,0.006831255948855743,9,17,hbr,True,S9_D17 hbr,mild_master_42,,0.006093205926351066
1284,az_itd=0_az=5,7.0,4.065965920569409e-18,0.005638224000866414,1.513244207520184e-09,3.935160663213341,0.005954859079268874,9,17,hbr,True,S9_D17 hbr,mild_master_42,,0.007023926038279918
1285,az_itd=15_az=0,7.0,4.065965920569409e-18,4.7405160577980665e-05,1.5152967284072098e-09,-8.854975693789344,-0.013417915698924355,9,17,hbr,True,S9_D17 hbr,mild_master_42,,-0.027936093429778795
1286,az_itd=5_az=0,7.0,4.065965920569409e-18,0.10769741392328984,1.5147444765040576e-09,-1.8440867977176525,-0.0027933202910368697,9,17,hbr,False,S9_D17 hbr,mild_master_42,,-0.013744986675079309
1287,constant,7.0,4.065965920569409e-18,0.8759178252596782,1.876359130653635e-09,0.16195385954145056,0.0003038836030951971,9,17,hbr,False,S9_D17 hbr,mild_master_42,,
63,Linear,7.0,1.8864465162813378e-17,0.11225558616239223,4.84409556452309e-13,-1.8158095329360295,-8.795954904514164e-07,10,6,hbr,False,S10_D6 hbr,mild_master_42,,
64,ShortHbO,7.0,1.8864465162813378e-17,2.365432752868135e-05,0.0011265284341901455,-9.84868407735927,-11094.822652500956,10,6,hbr,True,S10_D6 hbr,mild_master_42,,
65,az_itd=0_az=15,7.0,1.8864465162813378e-17,4.1445226589532065e-06,3.25563619509964e-09,12.788115920924488,0.04163345305929173,10,6,hbr,True,S10_D6 hbr,mild_master_42,,0.06909412581127616
66,az_itd=0_az=5,7.0,1.8864465162813378e-17,0.2569935279129427,3.259488112231572e-09,1.23408234933697,0.004022476747178663,10,6,hbr,False,S10_D6 hbr,mild_master_42,,8.250932721647697e-05
67,az_itd=15_az=0,7.0,1.8864465162813378e-17,7.690549263835722e-06,3.26390918808841e-09,11.66424558360475,0.038071038332447196,10,6,hbr,True,S10_D6 hbr,mild_master_42,,-0.002447912487232543
68,az_itd=5_az=0,7.0,1.8864465162813378e-17,4.853467202165015e-06,3.262719652054281e-09,12.491933205003146,0.040757675960113184,10,6,hbr,True,S10_D6 hbr,mild_master_42,,0.04514523550445868
69,constant,7.0,1.8864465162813378e-17,0.5376960342028326,4.041628079756661e-09,-0.647926987075725,-0.0026186799045973814,10,6,hbr,False,S10_D6 hbr,mild_master_42,,
7,Linear,7.0,1.8506212584889923e-18,0.01761120654250815,1.517222334909473e-13,-3.088209034871256,-4.6854997225758976e-07,10,14,hbr,True,S10_D14 hbr,mild_master_42,,
8,ShortHbO,7.0,1.8506212584889923e-18,3.5835467796501643e-06,0.00035284070648431944,13.066653521266613,4610.447259829532,10,14,hbr,True,S10_D14 hbr,mild_master_42,,
9,az_itd=0_az=15,7.0,1.8506212584889923e-18,4.3703544190159376e-07,1.019699938564522e-09,17.792754189025548,0.018143270353442993,10,14,hbr,True,S10_D14 hbr,mild_master_42,,0.007685912050108079
10,az_itd=0_az=5,7.0,1.8506212584889923e-18,5.611223930081637e-07,1.0209064000446773e-09,17.15622977310991,0.01751490477600495,10,14,hbr,True,S10_D14 hbr,mild_master_42,,-0.006000481116959733
11,az_itd=15_az=0,7.0,1.8506212584889923e-18,1.3634044072677548e-05,1.022291128100715e-09,10.704575642377907,0.010943192709285947,10,14,hbr,True,S10_D14 hbr,mild_master_42,,0.006736318596684244
12,az_itd=5_az=0,7.0,1.8506212584889923e-18,1.0208405026190477e-07,1.0219185527427105e-09,21.974027317079106,0.022455666193798265,10,14,hbr,True,S10_D14 hbr,mild_master_42,,0.0034013249875260035
13,constant,7.0,1.8506212584889923e-18,0.6000174430829235,1.2658809700026637e-09,-0.5490828415794389,-0.0006950735201103989,10,14,hbr,False,S10_D14 hbr,mild_master_42,,
21,Linear,7.0,5.366352550367159e-19,0.00606573094564029,8.170150457976188e-14,-3.8783711903463542,-3.168687615700992e-07,10,15,hbr,True,S10_D15 hbr,mild_master_42,,
22,ShortHbO,7.0,5.366352550367159e-19,0.04733577051729802,0.00019000258520762597,2.4018722363819007,456.36193425098315,10,15,hbr,True,S10_D15 hbr,mild_master_42,,
23,az_itd=0_az=15,7.0,5.366352550367159e-19,5.230496053837955e-08,5.491022461489341e-10,24.203771606897714,0.013290345354623331,10,15,hbr,True,S10_D15 hbr,mild_master_42,,0.014937260616679477
24,az_itd=0_az=5,7.0,5.366352550367159e-19,4.069325344132913e-07,5.497519183550323e-10,17.978641975987145,0.009883792915717242,10,15,hbr,True,S10_D15 hbr,mild_master_42,,0.0023346453752420824
25,az_itd=15_az=0,7.0,5.366352550367159e-19,5.4440802529288e-07,5.504975860334536e-10,17.23206845990442,0.009486212089540594,10,15,hbr,True,S10_D15 hbr,mild_master_42,,0.00753382228067878
26,az_itd=5_az=0,7.0,5.366352550367159e-19,3.1494216834426183e-09,5.502969564578277e-10,36.26449363993831,0.0199562404775423,10,15,hbr,True,S10_D15 hbr,mild_master_42,,0.009950746094484169
27,constant,7.0,5.366352550367159e-19,0.24689636640525217,6.81669241800853e-10,-1.2633964983183472,-0.0008612185331025203,10,15,hbr,False,S10_D15 hbr,mild_master_42,,
35,Linear,7.0,2.2783775261217402e-18,0.008757167900470843,1.683461923591109e-13,-3.598512024312015,-6.057957974514041e-07,10,16,hbr,True,S10_D16 hbr,mild_master_42,,
36,ShortHbO,7.0,2.2783775261217402e-18,1.6888886331142634e-08,0.000391500890009492,28.487390551646197,11152.838755017481,10,16,hbr,True,S10_D16 hbr,mild_master_42,,
37,az_itd=0_az=15,7.0,2.2783775261217402e-18,2.6392809299026118e-08,1.1314268057911174e-09,26.71335496673638,0.030224205881978824,10,16,hbr,True,S10_D16 hbr,mild_master_42,,0.02147849960712194
38,az_itd=0_az=5,7.0,2.2783775261217402e-18,1.2751689634710804e-06,1.1327654572974846e-09,15.215212369264858,0.017235266997348647,10,16,hbr,True,S10_D16 hbr,mild_master_42,,-0.003613803565177716
39,az_itd=15_az=0,7.0,2.2783775261217402e-18,3.607985081810615e-06,1.1343019077591153e-09,13.053512366233274,0.014806623979975606,10,16,hbr,True,S10_D16 hbr,mild_master_42,,0.003360530055435069
40,az_itd=5_az=0,7.0,2.2783775261217402e-18,1.3268503660989e-08,1.1338885099238492e-09,29.493879114766656,0.033442770641316906,10,16,hbr,True,S10_D16 hbr,mild_master_42,,0.00603888940639892
41,constant,7.0,2.2783775261217402e-18,0.5320773077742506,1.4045814932754834e-09,-0.657168491774508,-0.0009230467015102356,10,16,hbr,False,S10_D16 hbr,mild_master_42,,
49,Linear,7.0,1.1432988998733121e-18,0.01607318498189646,1.1925328379509858e-13,-3.153508302299419,-3.7606622052431213e-07,10,21,hbr,True,S10_D21 hbr,mild_master_42,,
50,ShortHbO,7.0,1.1432988998733121e-18,1.3722528959049362e-08,0.0002773318843038797,29.351442160127853,8140.090761304595,10,21,hbr,True,S10_D21 hbr,mild_master_42,,
51,az_itd=0_az=15,7.0,1.1432988998733121e-18,1.1128968412970501e-07,8.014815189675883e-10,21.701169480285802,0.017393086278432533,10,21,hbr,True,S10_D21 hbr,mild_master_42,,0.012457798149786778
52,az_itd=0_az=5,7.0,1.1432988998733121e-18,2.0553542244475665e-06,8.0242979457605e-10,14.18433522142004,0.011381933197921915,10,21,hbr,True,S10_D21 hbr,mild_master_42,,-0.0035904896990590655
53,az_itd=15_az=0,7.0,1.1432988998733121e-18,2.554504566618544e-06,8.035181872528924e-10,13.736971752031387,0.011037906640536449,10,21,hbr,True,S10_D21 hbr,mild_master_42,,0.012559497811792802
54,az_itd=5_az=0,7.0,1.1432988998733121e-18,2.7734725132311316e-08,8.032253439834462e-10,26.523116050511057,0.021304039013184606,10,21,hbr,True,S10_D21 hbr,mild_master_42,,0.0062431637495183115
55,constant,7.0,1.1432988998733121e-18,0.289285846621191,9.949791740677848e-10,-1.14644122005703,-0.0011406851382496073,10,21,hbr,False,S10_D21 hbr,mild_master_42,,
119,Linear,7.0,1.864318121672572e-18,0.03572896920290891,1.522826635824136e-13,-2.594134984951033,-3.950417852006677e-07,11,3,hbr,True,S11_D3 hbr,mild_master_42,,
120,ShortHbO,7.0,1.864318121672572e-18,2.1962125578695028e-07,0.000354144026010128,19.66500074413401,6964.24253501978,11,3,hbr,True,S11_D3 hbr,mild_master_42,,
121,az_itd=0_az=15,7.0,1.864318121672572e-18,9.288833348898262e-06,1.023466496152616e-09,11.33948359957632,0.01160558154783843,11,3,hbr,True,S11_D3 hbr,mild_master_42,,0.008890053952517681
122,az_itd=0_az=5,7.0,1.864318121672572e-18,8.26210447317017e-07,1.0246774140483018e-09,16.213662251517846,0.016613773508137874,11,3,hbr,True,S11_D3 hbr,mild_master_42,,0.014468579997384644
123,az_itd=15_az=0,7.0,1.864318121672572e-18,9.681085204444482e-06,1.0260672569991924e-09,11.269452546564514,0.011563216262336013,11,3,hbr,True,S11_D3 hbr,mild_master_42,,0.019823421264938437
124,az_itd=5_az=0,7.0,1.864318121672572e-18,0.008495093235183786,1.0256933054260006e-09,3.621335899378111,0.003714379988690973,11,3,hbr,True,S11_D3 hbr,mild_master_42,,0.007069710356641869
125,constant,7.0,1.864318121672572e-18,0.7231983496661268,1.270556868659576e-09,0.3687722652234387,0.00046854613455079094,11,3,hbr,False,S11_D3 hbr,mild_master_42,,
133,Linear,7.0,6.718044945164637e-19,0.8738071714222859,9.141383028195679e-14,-0.1647370636551134,-1.505924597811645e-08,11,4,hbr,False,S11_D4 hbr,mild_master_42,,
134,ShortHbO,7.0,6.718044945164637e-19,0.930271212527386,0.00021258928053578789,-0.09070075358869621,-19.28200794947471,11,4,hbr,False,S11_D4 hbr,mild_master_42,,
135,az_itd=0_az=15,7.0,6.718044945164637e-19,0.13669125864167062,6.143771745096328e-10,1.6807853981773648,0.0010326361838892575,11,4,hbr,False,S11_D4 hbr,mild_master_42,,0.0015625697149423226
136,az_itd=0_az=5,7.0,6.718044945164637e-19,0.021495485627412828,6.151040769711313e-10,2.9470922820945114,0.0018127684779264894,11,4,hbr,True,S11_D4 hbr,mild_master_42,,0.005079178941107682
137,az_itd=15_az=0,7.0,6.718044945164637e-19,0.05976993126449491,6.159383864364535e-10,-2.243483449966177,-0.001381847576169055,11,4,hbr,False,S11_D4 hbr,mild_master_42,,0.0068752573887618336
138,az_itd=5_az=0,7.0,6.718044945164637e-19,0.018045080605747298,6.157139068742942e-10,3.0708834966975895,0.001890785675307467,11,4,hbr,True,S11_D4 hbr,mild_master_42,,0.0025514658678512684
139,constant,7.0,6.718044945164637e-19,0.7036491690994204,7.627031680619629e-10,-0.3963529924019143,-0.0003022996829757791,11,4,hbr,False,S11_D4 hbr,mild_master_42,,
77,Linear,7.0,8.495687688441842e-19,0.0843770077320554,1.0279919726546745e-13,-2.0099096628036954,-2.0661709991232624e-07,11,11,hbr,False,S11_D11 hbr,mild_master_42,,
78,ShortHbO,7.0,8.495687688441842e-19,4.39800678535199e-06,0.00023906675082879434,-12.676013298236,-3030.4133126718693,11,11,hbr,True,S11_D11 hbr,mild_master_42,,
79,az_itd=0_az=15,7.0,8.495687688441842e-19,1.866121031925792e-06,6.908963355218062e-10,14.387440613017175,0.009940229997071174,11,11,hbr,True,S11_D11 hbr,mild_master_42,,0.011912357841306077
80,az_itd=0_az=5,7.0,8.495687688441842e-19,1.925270899486912e-06,6.917137718911374e-10,14.321524643956772,0.009906395830703216,11,11,hbr,True,S11_D11 hbr,mild_master_42,,0.005913861492831843
81,az_itd=15_az=0,7.0,8.495687688441842e-19,3.165449093865057e-06,6.926519925415745e-10,13.308699134556528,0.009218296973686908,11,11,hbr,True,S11_D11 hbr,mild_master_42,,0.01675336450935276
82,az_itd=5_az=0,7.0,8.495687688441842e-19,9.15679334261137e-06,6.923995546038873e-10,11.363816442269954,0.007868301443228047,11,11,hbr,True,S11_D11 hbr,mild_master_42,,0.00825642164105134
83,constant,7.0,8.495687688441842e-19,0.36318349688189316,8.576959655531935e-10,-0.9725351964867825,-0.0008341395143851958,11,11,hbr,False,S11_D11 hbr,mild_master_42,,
91,Linear,7.0,7.3415782533646165e-19,0.0235335880579711,9.556198671691068e-14,-2.8835016330545056,-2.755531447561449e-07,11,12,hbr,True,S11_D12 hbr,mild_master_42,,
92,ShortHbO,7.0,7.3415782533646165e-19,9.263006120926961e-08,0.00022223610956960865,-22.28515172986876,-4952.565421614468,11,12,hbr,True,S11_D12 hbr,mild_master_42,,
93,az_itd=0_az=15,7.0,7.3415782533646165e-19,1.9817669427456295e-06,6.422562451280527e-10,14.26068428037412,0.009159013538869729,11,12,hbr,True,S11_D12 hbr,mild_master_42,,0.01785690533735754
94,az_itd=0_az=5,7.0,7.3415782533646165e-19,4.892288276441774e-07,6.43016132807586e-10,17.50266857927646,0.011254498263659193,11,12,hbr,True,S11_D12 hbr,mild_master_42,,0.012927565808228505
95,az_itd=15_az=0,7.0,7.3415782533646165e-19,3.8795484336886286e-07,6.438883013820456e-10,18.10407963018012,0.011657005081161971,11,12,hbr,True,S11_D12 hbr,mild_master_42,,0.021918218174827676
96,az_itd=5_az=0,7.0,7.3415782533646165e-19,2.119588200470231e-07,6.436536354363008e-10,19.766621508742443,0.01272285779439545,11,12,hbr,True,S11_D12 hbr,mild_master_42,,0.00792741403603095
97,constant,7.0,7.3415782533646165e-19,0.32959430243332893,7.973129425872999e-10,-1.0477098362238482,-0.0008353526124972945,11,12,hbr,False,S11_D12 hbr,mild_master_42,,
105,Linear,7.0,3.2041998912415646e-18,0.2985803541033626,1.9964123813799067e-13,-1.1227276931633252,-2.2414274675493635e-07,11,13,hbr,False,S11_D13 hbr,mild_master_42,,
106,ShortHbO,7.0,3.2041998912415646e-18,9.585926096656306e-08,0.00046427971621058336,22.1749598707083,10295.384075753524,11,13,hbr,True,S11_D13 hbr,mild_master_42,,
107,az_itd=0_az=15,7.0,3.2041998912415646e-18,2.1960222647660834e-06,1.3417556120830552e-09,14.046689294061615,0.01884722419149414,11,13,hbr,True,S11_D13 hbr,mild_master_42,,0.008476403802202334
108,az_itd=0_az=5,7.0,3.2041998912415646e-18,0.5847363182787157,1.3433431148380705e-09,-0.5727451188911572,-0.0007693932120195482,11,13,hbr,False,S11_D13 hbr,mild_master_42,,-0.0054941423535699585
109,az_itd=15_az=0,7.0,3.2041998912415646e-18,0.0012458650435186063,1.3451651867732843e-09,5.20520543776599,0.007001861144885803,11,13,hbr,True,S11_D13 hbr,mild_master_42,,0.006424186631145313
110,az_itd=5_az=0,7.0,3.2041998912415646e-18,1.992216569896959e-06,1.3446749395362097e-09,14.249647604222746,0.019161144030620518,11,13,hbr,True,S11_D13 hbr,mild_master_42,,0.013957831984731545
111,constant,7.0,3.2041998912415646e-18,0.5122115685496458,1.665688926216153e-09,-0.690341493057422,-0.001149894180293273,11,13,hbr,False,S11_D13 hbr,mild_master_42,,
189,Linear,7.0,3.161113925554282e-17,0.8999970514437008,6.270620644345566e-13,0.13029666325479897,8.170409464948848e-08,12,2,hbr,False,S12_D2 hbr,mild_master_42,,
190,ShortHbO,7.0,3.161113925554282e-17,0.18511805083831245,0.0014582768572135878,1.4696383514103253,2143.1395963352074,12,2,hbr,False,S12_D2 hbr,mild_master_42,,
191,az_itd=0_az=15,7.0,3.161113925554282e-17,0.0036666129336506773,4.214380014503354e-09,4.277507302456412,0.018027041287364456,12,2,hbr,True,S12_D2 hbr,mild_master_42,,-0.001005263735483918
192,az_itd=0_az=5,7.0,3.161113925554282e-17,0.0025902506425768733,4.21936627267396e-09,4.564747263452038,0.019260340646690282,12,2,hbr,True,S12_D2 hbr,mild_master_42,,-0.004582323695464317
193,az_itd=15_az=0,7.0,3.161113925554282e-17,1.4937412678995734e-05,4.2250892996392294e-09,-10.558323220685368,-0.04460985846185016,12,2,hbr,True,S12_D2 hbr,mild_master_42,,-0.04298887017459306
194,az_itd=5_az=0,7.0,3.161113925554282e-17,0.013493797698952762,4.223549460238159e-09,-3.2796375940629727,-0.013851711590181443,12,2,hbr,True,S12_D2 hbr,mild_master_42,,0.03189942466338597
195,constant,7.0,3.161113925554282e-17,0.8016369953941798,5.231836601098096e-09,0.2609561773489407,0.001365280079936834,12,2,hbr,False,S12_D2 hbr,mild_master_42,,
203,Linear,7.0,9.07950287243241e-19,0.31104662500442537,1.0627264483826636e-13,-1.0918511348573825,-1.1603390787095669e-07,12,3,hbr,False,S12_D3 hbr,mild_master_42,,
204,ShortHbO,7.0,9.07950287243241e-19,4.860460749538459e-06,0.0002471444970319949,12.489261830481867,3086.6523333953332,12,3,hbr,True,S12_D3 hbr,mild_master_42,,
205,az_itd=0_az=15,7.0,9.07950287243241e-19,2.6210120338534908e-05,7.142407999097593e-10,9.696179841601326,0.006925407246134215,12,3,hbr,True,S12_D3 hbr,mild_master_42,,0.0056658249695456945
206,az_itd=0_az=5,7.0,9.07950287243241e-19,0.0007732705936518403,7.150858563622089e-10,5.651503722094954,0.0040413103788484814,12,3,hbr,True,S12_D3 hbr,mild_master_42,,0.0015724126599441842
207,az_itd=15_az=0,7.0,9.07950287243241e-19,1.6914445538992728e-05,7.160557782352986e-10,10.362083469293015,0.007419829742743732,12,3,hbr,True,S12_D3 hbr,mild_master_42,,0.008643125429642006
208,az_itd=5_az=0,7.0,9.07950287243241e-19,0.0001651877707329545,7.157948107568633e-10,7.28280126360183,0.005212991352259716,12,3,hbr,True,S12_D3 hbr,mild_master_42,,0.00503813965320672
209,constant,7.0,9.07950287243241e-19,0.5978357849966212,8.866763666555173e-10,-0.5524402118501464,-0.0004898356798376921,12,3,hbr,False,S12_D3 hbr,mild_master_42,,
217,Linear,7.0,1.9196483592558843e-18,0.22201910128901517,1.545259047108068e-13,-1.340287016543591,-2.0710906380354648e-07,12,4,hbr,False,S12_D4 hbr,mild_master_42,,
218,ShortHbO,7.0,1.9196483592558843e-18,0.0011578726691698906,0.0003593608407533948,5.2721767716679855,1894.6138772671259,12,4,hbr,True,S12_D4 hbr,mild_master_42,,
219,az_itd=0_az=15,7.0,1.9196483592558843e-18,0.00022891485672792963,1.0385429472974274e-09,6.911682336569512,0.007178078944604469,12,4,hbr,True,S12_D4 hbr,mild_master_42,,0.008246236810972528
220,az_itd=0_az=5,7.0,1.9196483592558843e-18,9.192964844102579e-06,1.0397717029480015e-09,11.357111168468698,0.011808802820208467,12,4,hbr,True,S12_D4 hbr,mild_master_42,,0.01654440866128748
221,az_itd=15_az=0,7.0,1.9196483592558843e-18,0.004626705142398828,1.0411820193578932e-09,4.090730028569065,0.004259194551793511,12,4,hbr,True,S12_D4 hbr,mild_master_42,,0.017049075843677423
222,az_itd=5_az=0,7.0,1.9196483592558843e-18,0.0007261221026263604,1.0408025591895057e-09,5.712224990354342,0.005945298388627048,12,4,hbr,True,S12_D4 hbr,mild_master_42,,0.004963140506990207
223,constant,7.0,1.9196483592558843e-18,0.7913404785519969,1.2892731516342111e-09,-0.2748856933796354,-0.000354402744242718,12,4,hbr,False,S12_D4 hbr,mild_master_42,,
147,Linear,7.0,1.717234892868086e-18,0.3282941007436693,1.4615218285861945e-13,-1.0507385929292996,-1.5356773897041152e-07,12,10,hbr,False,S12_D10 hbr,mild_master_42,,
148,ShortHbO,7.0,1.717234892868086e-18,5.903370414069884e-08,0.00033988716266253506,-23.784488380257912,-8084.042270945895,12,10,hbr,True,S12_D10 hbr,mild_master_42,,
149,az_itd=0_az=15,7.0,1.717234892868086e-18,6.567006093778303e-06,9.822645531440664e-10,11.942382058403371,0.011730578576073304,12,10,hbr,True,S12_D10 hbr,mild_master_42,,0.019120518464554172
150,az_itd=0_az=5,7.0,1.717234892868086e-18,0.02768335811045235,9.83426722819548e-10,2.770269456508554,0.0027243570129412975,12,10,hbr,True,S12_D10 hbr,mild_master_42,,0.0005130762293728305
151,az_itd=15_az=0,7.0,1.717234892868086e-18,0.1999359563267006,9.84760614520184e-10,-1.4151514494568513,-0.001393585411006258,12,10,hbr,False,S12_D10 hbr,mild_master_42,,0.00862259959030096
152,az_itd=5_az=0,7.0,1.717234892868086e-18,0.00046432719177436456,9.84401717207649e-10,6.15703936509492,0.006061000123914533,12,10,hbr,True,S12_D10 hbr,mild_master_42,,0.0038869599365653432
153,constant,7.0,1.717234892868086e-18,0.9215268069572051,1.2194077476200272e-09,-0.10211788503394764,-0.00012452334018096697,12,10,hbr,False,S12_D10 hbr,mild_master_42,,
161,Linear,7.0,9.252413949646543e-19,0.33982718012304286,1.0727980644825987e-13,-1.024197053833131,-1.098756617000963e-07,12,11,hbr,False,S12_D11 hbr,mild_master_42,,
162,ShortHbO,7.0,9.252413949646543e-19,4.4309757720239174e-07,0.0002494867220694031,-17.757086362397278,-4430.157270057798,12,11,hbr,True,S12_D11 hbr,mild_master_42,,
163,az_itd=0_az=15,7.0,9.252413949646543e-19,4.6322215236017683e-05,7.210097658563106e-10,8.886558476356187,0.0064072954463059864,12,11,hbr,True,S12_D11 hbr,mild_master_42,,0.017109133643795914
164,az_itd=0_az=5,7.0,9.252413949646543e-19,2.649181274619057e-06,7.218628310340391e-10,13.663392688556169,0.009863095327690946,12,11,hbr,True,S12_D11 hbr,mild_master_42,,0.007647563770295576
165,az_itd=15_az=0,7.0,9.252413949646543e-19,6.8033604195041985e-06,7.228419450005105e-10,11.879589975045358,0.008587065923370352,12,11,hbr,True,S12_D11 hbr,mild_master_42,,0.013009400546226516
166,az_itd=5_az=0,7.0,9.252413949646543e-19,0.0018663525477965075,7.225785042945938e-10,4.845304201713089,0.0035011126629261543,12,11,hbr,True,S12_D11 hbr,mild_master_42,,0.0015071769703963293
167,constant,7.0,9.252413949646543e-19,0.2735797803482186,8.950795300315963e-10,-1.1879840515460132,-0.0010633402065428372,12,11,hbr,False,S12_D11 hbr,mild_master_42,,
175,Linear,7.0,1.1685274508492119e-18,0.05130021881438796,1.2056185278333046e-13,-2.347176360390926,-2.829799308179643e-07,12,12,hbr,False,S12_D12 hbr,mild_master_42,,
176,ShortHbO,7.0,1.1685274508492119e-18,2.6893389927502453e-06,0.00028037505336135843,-13.633082607694366,-3822.3762636121155,12,12,hbr,True,S12_D12 hbr,mild_master_42,,
177,az_itd=0_az=15,7.0,1.1685274508492119e-18,1.5571802252522252e-07,8.102761938560719e-10,20.670633642299133,0.016748922352275413,12,12,hbr,True,S12_D12 hbr,mild_master_42,,0.021487645557764046
178,az_itd=0_az=5,7.0,1.1685274508492119e-18,3.1842306270653843e-06,8.11234874914296e-10,13.297062879893634,0.01078704114209804,12,12,hbr,True,S12_D12 hbr,mild_master_42,,0.014686921499315822
179,az_itd=15_az=0,7.0,1.1685274508492119e-18,8.43017032424643e-05,8.123352105486706e-10,8.098341795751066,0.006578568187746542,12,12,hbr,True,S12_D12 hbr,mild_master_42,,0.017563227911687507
180,az_itd=5_az=0,7.0,1.1685274508492119e-18,2.5417302196836556e-05,8.12039153903386e-10,9.741616204721025,0.007910573780533175,12,12,hbr,True,S12_D12 hbr,mild_master_42,,0.013809580754580901
181,constant,7.0,1.1685274508492119e-18,0.5392866717686579,1.0058971031149948e-09,-0.6453215885406521,-0.0006491271164906086,12,12,hbr,False,S12_D12 hbr,mild_master_42,,
231,Linear,7.0,1.3980352592035783e-18,0.2612767662854226,1.318710658180611e-13,-1.2219425927682401,-1.6113887207683283e-07,13,1,hbr,False,S13_D1 hbr,mild_master_42,,
232,ShortHbO,7.0,1.3980352592035783e-18,0.001603909837324473,0.0003066754222996665,-4.9783834151160145,-1526.7478362003596,13,1,hbr,True,S13_D1 hbr,mild_master_42,,
233,az_itd=0_az=15,7.0,1.3980352592035783e-18,2.4377833478715208e-05,8.862835368234821e-10,9.803684228325286,0.008688843931780725,13,1,hbr,True,S13_D1 hbr,mild_master_42,,0.008664394655127274
234,az_itd=0_az=5,7.0,1.3980352592035783e-18,1.7001667792316033e-06,8.873321462302636e-10,14.585881756135915,0.012942521763332928,13,1,hbr,True,S13_D1 hbr,mild_master_42,,0.010803929487348301
235,az_itd=15_az=0,7.0,1.3980352592035783e-18,0.0031305848736847765,8.885356980131259e-10,4.406891842122524,0.003915680719008686,13,1,hbr,True,S13_D1 hbr,mild_master_42,,0.009642435930314457
236,az_itd=5_az=0,7.0,1.3980352592035783e-18,0.1485711447987679,8.882118699990826e-10,1.6232223572989117,0.0014417653654007854,13,1,hbr,False,S13_D1 hbr,mild_master_42,,0.006461327795342879
237,constant,7.0,1.3980352592035783e-18,0.6746313844676495,1.100254516903171e-09,-0.43793110170494415,-0.0004818356727432467,13,1,hbr,False,S13_D1 hbr,mild_master_42,,
273,Linear,7.0,9.280779113456984e-19,0.30984407330586694,1.0744412468059398e-13,-1.0947854001256094,-1.1762825902958994e-07,13,2,hbr,False,S13_D2 hbr,mild_master_42,,
274,ShortHbO,7.0,9.280779113456984e-19,0.020185435040520665,0.0002498688556555692,2.9914302131616726,747.4652441362026,13,2,hbr,True,S13_D2 hbr,mild_master_42,,
275,az_itd=0_az=15,7.0,9.280779113456984e-19,9.683452579915842e-06,7.221141214115966e-10,11.26903972720954,0.008137532721766295,13,2,hbr,True,S13_D2 hbr,mild_master_42,,0.013399268716197213
276,az_itd=0_az=5,7.0,9.280779113456984e-19,4.1550072070519776e-07,7.229684932113887e-10,17.924176208587472,0.012958614665577906,13,2,hbr,True,S13_D2 hbr,mild_master_42,,0.008418215650729241
277,az_itd=15_az=0,7.0,9.280779113456984e-19,0.12245845505413568,7.239491068662128e-10,1.7563196310673537,0.001271486028282807,13,2,hbr,False,S13_D2 hbr,mild_master_42,,-0.009052206930495476
278,az_itd=5_az=0,7.0,9.280779113456984e-19,2.3205019571158085e-05,7.236852626536852e-10,9.877422465657919,0.007148145071401062,13,2,hbr,True,S13_D2 hbr,mild_master_42,,0.007759966096732507
279,constant,7.0,9.280779113456984e-19,0.46913151171153533,8.964505045984097e-10,-0.7652520434832627,-0.000686010580525535,13,2,hbr,False,S13_D2 hbr,mild_master_42,,
287,Linear,7.0,4.173707144990868e-18,0.023672549739495254,2.2785126304886327e-13,-2.8793797712762546,-6.560703176826416e-07,13,3,hbr,True,S13_D3 hbr,mild_master_42,,
288,ShortHbO,7.0,4.173707144990868e-18,0.00021685009255781388,0.0005298841097821189,6.9722212631943155,3694.4692572516806,13,3,hbr,True,S13_D3 hbr,mild_master_42,,
289,az_itd=0_az=15,7.0,4.173707144990868e-18,1.4621469114505141e-06,1.5313505053736075e-09,14.912718496139503,0.02283659900555757,13,3,hbr,True,S13_D3 hbr,mild_master_42,,0.031070108070778653
290,az_itd=0_az=5,7.0,4.173707144990868e-18,3.1367884494893522e-06,1.5331623279769805e-09,13.326608343528484,0.020431853872001582,13,3,hbr,True,S13_D3 hbr,mild_master_42,,0.025621734450777752
291,az_itd=15_az=0,7.0,4.173707144990868e-18,7.445968834385332e-05,1.535241865229286e-09,8.25673536968263,0.01267608580965618,13,3,hbr,True,S13_D3 hbr,mild_master_42,,0.033565376273916904
292,az_itd=5_az=0,7.0,4.173707144990868e-18,3.5307744867278128e-06,1.5346823442945559e-09,13.09538180286672,0.020097251244655768,13,3,hbr,True,S13_D3 hbr,mild_master_42,,0.024203468178182978
293,constant,7.0,4.173707144990868e-18,0.923424360896791,1.9010567617424168e-09,0.0996391116907409,0.00018941960701369086,13,3,hbr,False,S13_D3 hbr,mild_master_42,,
301,Linear,7.0,7.662549702379905e-18,0.9360768940520392,3.0872877252844435e-13,-0.08312811934354662,-2.566404224753118e-08,13,9,hbr,False,S13_D9 hbr,mild_master_42,,
302,ShortHbO,7.0,7.662549702379905e-18,5.740604334920921e-07,0.0007179704365311273,-17.099272508427095,-12276.772147240108,13,9,hbr,True,S13_D9 hbr,mild_master_42,,
303,az_itd=0_az=15,7.0,7.662549702379905e-18,5.0135802778530426e-05,2.0749148172745468e-09,8.778834504458004,0.018215333791700965,13,9,hbr,True,S13_D9 hbr,mild_master_42,,-0.0002820313218187896
304,az_itd=0_az=5,7.0,7.662549702379905e-18,0.6931516600628851,2.0773697598581158e-09,0.4113020875307539,0.000854426518802904,13,9,hbr,False,S13_D9 hbr,mild_master_42,,0.0018151286956882681
305,az_itd=15_az=0,7.0,7.662549702379905e-18,1.6197502364636356e-06,2.080187444406978e-09,-14.690140206955014,-0.03055824521508594,13,9,hbr,True,S13_D9 hbr,mild_master_42,,-0.036892920458296535
306,az_itd=5_az=0,7.0,7.662549702379905e-18,0.013854705919386553,2.079429317332887e-09,3.260506023213847,0.006779991814011336,13,9,hbr,True,S13_D9 hbr,mild_master_42,,-0.002624433438014227
307,constant,7.0,7.662549702379905e-18,0.9087727887306345,2.5758510736619054e-09,0.11879791583651107,0.00030600573905627373,13,9,hbr,False,S13_D9 hbr,mild_master_42,,
245,Linear,7.0,3.632232773180912e-18,0.45750657594820154,2.1255791935571806e-13,0.7862502647893765,1.6712372037651226e-07,13,10,hbr,False,S13_D10 hbr,mild_master_42,,
246,ShortHbO,7.0,3.632232773180912e-18,2.4979362329293506e-08,0.000494318365269672,-26.926062287832476,-13310.047093270714,13,10,hbr,True,S13_D10 hbr,mild_master_42,,
247,az_itd=0_az=15,7.0,3.632232773180912e-18,0.014508253830623,1.4285664817962275e-09,3.2271829362976425,0.004610245373419542,13,10,hbr,True,S13_D10 hbr,mild_master_42,,0.010762272120564742
248,az_itd=0_az=5,7.0,3.632232773180912e-18,0.0013791106763963753,1.4302566951295287e-09,-5.11320617553656,-0.007313197366138818,13,10,hbr,True,S13_D10 hbr,mild_master_42,,-0.011267150891283143
249,az_itd=15_az=0,7.0,3.632232773180912e-18,1.4483639471836282e-06,1.4321966541433961e-09,-14.933472494411479,-0.021387669341238556,13,10,hbr,True,S13_D10 hbr,mild_master_42,,-0.026687241805916376
250,az_itd=5_az=0,7.0,3.632232773180912e-18,0.4201743950215684,1.4316746881725658e-09,0.8563022600146288,0.0012259462710879072,13,10,hbr,False,S13_D10 hbr,mild_master_42,,-0.007110149960586481
251,constant,7.0,3.632232773180912e-18,0.9912387660627965,1.773458107916787e-09,-0.011378759175366715,-2.0179752717586633e-05,13,10,hbr,False,S13_D10 hbr,mild_master_42,,
259,Linear,7.0,3.0830523566440134e-18,0.036926633395737714,1.958307575555607e-13,-2.571507435281256,-5.035802491108854e-07,13,11,hbr,True,S13_D11 hbr,mild_master_42,,
260,ShortHbO,7.0,3.0830523566440134e-18,0.00028299380076283375,0.00045541817608021353,-6.678454452132883,-3041.4895456251393,13,11,hbr,True,S13_D11 hbr,mild_master_42,,
261,az_itd=0_az=15,7.0,3.0830523566440134e-18,2.803138413360346e-07,1.3161460048000396e-09,18.980313484889923,0.02498086376299019,13,11,hbr,True,S13_D11 hbr,mild_master_42,,0.024929558662045468
262,az_itd=0_az=5,7.0,3.0830523566440134e-18,6.063877949584328e-07,1.3177032074603503e-09,16.963126525180876,0.022352366230786586,13,11,hbr,True,S13_D11 hbr,mild_master_42,,0.026495305940674105
263,az_itd=15_az=0,7.0,3.0830523566440134e-18,1.0251106146240432e-05,1.3194905021631963e-09,11.17323064238501,0.014742971711105808,13,11,hbr,True,S13_D11 hbr,mild_master_42,,0.020120574885534676
264,az_itd=5_az=0,7.0,3.0830523566440134e-18,4.545653982278366e-05,1.3190096120989928e-09,8.912411930762552,0.01175555700366155,13,11,hbr,True,S13_D11 hbr,mild_master_42,,0.0015936172019969403
265,constant,7.0,3.0830523566440134e-18,0.5379827485287811,1.6338965201535927e-09,-0.647457010877436,-0.0010578777570216895,13,11,hbr,False,S13_D11 hbr,mild_master_42,,
315,Linear,7.0,8.015799224628502e-19,0.012530799541478062,9.985363271223925e-14,-3.333499662312946,-3.328620509269705e-07,14,1,hbr,True,S14_D1 hbr,mild_master_42,,
316,ShortHbO,7.0,8.015799224628502e-19,7.535394721246656e-09,0.0002322166336505614,31.99379315989806,7429.490945303886,14,1,hbr,True,S14_D1 hbr,mild_master_42,,
317,az_itd=0_az=15,7.0,8.015799224628502e-19,5.221802561361233e-09,6.710996852560173e-10,33.72500456922407,0.02263283995166402,14,1,hbr,True,S14_D1 hbr,mild_master_42,,0.012364066867551114
318,az_itd=0_az=5,7.0,8.015799224628502e-19,1.4237715715484992e-07,6.718936991506788e-10,20.94066611271642,0.014069901617152302,14,1,hbr,True,S14_D1 hbr,mild_master_42,,0.005384228596618061
319,az_itd=15_az=0,7.0,8.015799224628502e-19,7.355074491786587e-07,6.728050364249366e-10,16.49162396187239,0.011095647660373908,14,1,hbr,True,S14_D1 hbr,mild_master_42,,0.008542422200768894
320,az_itd=5_az=0,7.0,8.015799224628502e-19,9.268652054586117e-06,6.725598317367388e-10,11.343177154649375,0.007628965318491002,14,1,hbr,True,S14_D1 hbr,mild_master_42,,0.004412002354658006
321,constant,7.0,8.015799224628502e-19,0.5284100665524469,8.331199095062169e-10,-0.6632329571053301,-0.0005525525812051333,14,1,hbr,False,S14_D1 hbr,mild_master_42,,
343,Linear,7.0,6.815119647093913e-18,0.8215048066144361,2.911569734818675e-13,0.23423658813073064,6.819961607886227e-08,14,2,hbr,False,S14_D2 hbr,mild_master_42,,
344,ShortHbO,7.0,6.815119647093913e-18,8.234253633949903e-07,0.0006771059841226765,16.221669834695692,10983.78971753476,14,2,hbr,True,S14_D2 hbr,mild_master_42,,
345,az_itd=0_az=15,7.0,6.815119647093913e-18,1.1572603488136624e-05,1.95681767359302e-09,10.971751428681687,0.02146971710591379,14,2,hbr,True,S14_D2 hbr,mild_master_42,,0.006170685411560314
346,az_itd=0_az=5,7.0,6.815119647093913e-18,0.2117015808152036,1.9591328891359378e-09,-1.374403106775741,-0.0026926383294149665,14,2,hbr,False,S14_D2 hbr,mild_master_42,,-0.026689135675123803
347,az_itd=15_az=0,7.0,6.815119647093913e-18,0.1902495415884189,1.961790200596591e-09,1.4503389585736914,0.0028452607564733333,14,2,hbr,False,S14_D2 hbr,mild_master_42,,-0.011603548077321352
348,az_itd=5_az=0,7.0,6.815119647093913e-18,0.0002027940738428094,1.961075223555095e-09,-7.047722786019245,-0.01382111453814703,14,2,hbr,True,S14_D2 hbr,mild_master_42,,-0.013710159813593024
349,constant,7.0,6.815119647093913e-18,0.7552550871887784,2.4292423301048853e-09,-0.3242053145405764,-0.000787573273726937,14,2,hbr,False,S14_D2 hbr,mild_master_42,,
357,Linear,7.0,5.41188659231386e-18,0.8246835494557767,2.594566447536226e-13,-0.22997968924176027,-5.966975853214792e-08,14,9,hbr,False,S14_D9 hbr,mild_master_42,,
358,ShortHbO,7.0,5.41188659231386e-18,9.210889141046525e-07,0.0006033846439676987,-15.957869456089163,-9628.733380245374,14,9,hbr,True,S14_D9 hbr,mild_master_42,,
359,az_itd=0_az=15,7.0,5.41188659231386e-18,3.230658500188098e-05,1.7437650278936328e-09,9.391728241925112,0.01637696725974996,14,9,hbr,True,S14_D9 hbr,mild_master_42,,0.005357333092212139
360,az_itd=0_az=5,7.0,5.41188659231386e-18,0.1352851466035851,1.745828169467964e-09,1.6879073655379533,0.0029467962262086185,14,9,hbr,False,S14_D9 hbr,mild_master_42,,0.002441665721647156
361,az_itd=15_az=0,7.0,5.41188659231386e-18,2.803850410402126e-05,1.7481961605464583e-09,-9.597079721813587,-0.016777577922132785,14,9,hbr,True,S14_D9 hbr,mild_master_42,,-0.03558254723284229
362,az_itd=5_az=0,7.0,5.41188659231386e-18,0.1888036409517018,1.7475590281362536e-09,1.4557289422054929,0.002543972255470448,14,9,hbr,False,S14_D9 hbr,mild_master_42,,-0.022370613355661408
363,constant,7.0,5.41188659231386e-18,0.8903861227278417,2.164753454897889e-09,0.14291239152691895,0.00030937009330561763,14,9,hbr,False,S14_D9 hbr,mild_master_42,,
329,Linear,7.0,9.428425803438335e-18,0.7032674306220045,3.4246015414525834e-13,0.39689485870275387,1.3592067449080564e-07,14,10,hbr,False,S14_D10 hbr,mild_master_42,,
330,ShortHbO,7.0,9.428425803438335e-18,9.38712102072281e-07,0.0007964151327798084,-15.913669418811066,-12673.88714319639,14,10,hbr,True,S14_D10 hbr,mild_master_42,,
331,az_itd=0_az=15,7.0,9.428425803438335e-18,0.00011931275009379068,2.3016178321916976e-09,7.6684496510988645,0.01764984046223335,14,10,hbr,True,S14_D10 hbr,mild_master_42,,-0.004984286195571923
332,az_itd=0_az=5,7.0,9.428425803438335e-18,0.055079839731517116,2.3043409992250176e-09,-2.298905741111632,-0.005297462752597308,14,10,hbr,False,S14_D10 hbr,mild_master_42,,-0.011199682300903404
333,az_itd=15_az=0,7.0,9.428425803438335e-18,4.712520577893196e-07,2.3074665410299916e-09,-17.598423956863243,-0.04060777445532257,14,10,hbr,True,S14_D10 hbr,mild_master_42,,-0.060338870848180105
334,az_itd=5_az=0,7.0,9.428425803438335e-18,0.005946574426448371,2.306625581787584e-09,3.8937499001408558,0.008981423128747749,14,10,hbr,True,S14_D10 hbr,mild_master_42,,0.0017016186610692933
335,constant,7.0,9.428425803438335e-18,0.9389330945748519,2.8572858581239353e-09,0.07940466456571964,0.00022688182513270547,14,10,hbr,False,S14_D10 hbr,mild_master_42,,
371,Linear,7.0,1.0246528712248568e-17,0.1670609935223782,3.5700872876195753e-13,1.541650667130023,5.503827448671133e-07,15,17,hbr,False,S15_D17 hbr,mild_master_42,,
372,ShortHbO,7.0,1.0246528712248568e-17,3.793654653544864e-07,0.0008302488645143353,-18.163173852151207,-15079.954466725005,15,17,hbr,True,S15_D17 hbr,mild_master_42,,
373,az_itd=0_az=15,7.0,1.0246528712248568e-17,0.049842819922615425,2.3993963864715135e-09,2.366764800229152,0.005678806909297802,15,17,hbr,True,S15_D17 hbr,mild_master_42,,-0.0329707232082765
374,az_itd=0_az=5,7.0,1.0246528712248568e-17,6.513924912311434e-07,2.4022352405367365e-09,-16.786776248135524,-0.04032578547827621,15,17,hbr,True,S15_D17 hbr,mild_master_42,,-0.04261766057629903
375,az_itd=15_az=0,7.0,1.0246528712248568e-17,3.3485324992305224e-07,2.4054935632729133e-09,-18.496017168339513,-0.044492050244626,15,17,hbr,True,S15_D17 hbr,mild_master_42,,-0.07756443006452195
376,az_itd=5_az=0,7.0,1.0246528712248568e-17,0.016621931849829897,2.404616877952188e-09,-3.129474153923912,-0.007525186369640582,15,17,hbr,True,S15_D17 hbr,mild_master_42,,-0.016170031680001112
377,constant,7.0,1.0246528712248568e-17,0.674328713007242,2.9786705973555927e-09,0.4383691187746266,0.0013057572048826617,15,17,hbr,False,S15_D17 hbr,mild_master_42,,
385,Linear,7.0,4.871568115307461e-18,0.8444638797293567,2.4616417192429517e-13,0.2035927018610648,5.011722886345892e-08,15,18,hbr,False,S15_D18 hbr,mild_master_42,,
386,ShortHbO,7.0,4.871568115307461e-18,8.81204809963174e-05,0.0005724720651312992,-8.042431477614004,-4604.067356666655,15,18,hbr,True,S15_D18 hbr,mild_master_42,,
387,az_itd=0_az=15,7.0,4.871568115307461e-18,5.1684172212621505e-05,1.6544285251572392e-09,8.737716439746677,0.014455927322652256,15,18,hbr,True,S15_D18 hbr,mild_master_42,,-0.013673639294930217
388,az_itd=0_az=5,7.0,4.871568115307461e-18,8.457457282246211e-07,1.6563859679419096e-09,-16.158345660311827,-0.02676445701689556,15,18,hbr,True,S15_D18 hbr,mild_master_42,,-0.030834992048201032
389,az_itd=15_az=0,7.0,4.871568115307461e-18,6.96812024707903e-05,1.6586326421926894e-09,-8.342415643989922,-0.013837002901860629,15,18,hbr,True,S15_D18 hbr,mild_master_42,,-0.03495858721731183
390,az_itd=5_az=0,7.0,4.871568115307461e-18,0.006171049754354695,1.658028151325581e-09,3.8650501496118017,0.006408361954341516,15,18,hbr,True,S15_D18 hbr,mild_master_42,,-0.015887293355453483
391,constant,7.0,4.871568115307461e-18,0.6263461590951112,2.053848889286369e-09,0.5090806086977618,0.0010455746427311269,15,18,hbr,False,S15_D18 hbr,mild_master_42,,
399,Linear,7.0,9.41591146105795e-18,0.9117183622728932,3.422328051294175e-13,0.11494246270058128,3.933708143850337e-08,15,22,hbr,False,S15_D22 hbr,mild_master_42,,
400,ShortHbO,7.0,9.41591146105795e-18,1.3911020273539329e-06,0.0007958864166811715,-15.02217100063493,-11955.941848467144,15,22,hbr,True,S15_D22 hbr,mild_master_42,,
401,az_itd=0_az=15,7.0,9.41591146105795e-18,3.739615860183449e-05,2.3000898572064132e-09,9.183724789529746,0.02112339223977247,15,22,hbr,True,S15_D22 hbr,mild_master_42,,0.005819195963844458
402,az_itd=0_az=5,7.0,9.41591146105795e-18,6.005483687259246e-05,2.3028112164108884e-09,-8.53718400850453,-0.019659523091347903,15,22,hbr,True,S15_D22 hbr,mild_master_42,,-0.03347206852702113
403,az_itd=15_az=0,7.0,9.41591146105795e-18,0.04937338584502847,2.3059346832624854e-09,-2.3731990598803794,-0.005472442022464091,15,22,hbr,True,S15_D22 hbr,mild_master_42,,-0.047553108008551635
404,az_itd=5_az=0,7.0,9.41591146105795e-18,0.01695960186064291,2.3050942823076734e-09,-3.1151016261464575,-0.007180602947237534,15,22,hbr,True,S15_D22 hbr,mild_master_42,,-0.026995327760295524
405,constant,7.0,9.41591146105795e-18,0.7790188738769934,2.855388991817133e-09,0.2916347417609317,0.0008327306312555966,15,22,hbr,False,S15_D22 hbr,mild_master_42,,
413,Linear,7.0,1.034423694093436e-17,0.841557836182858,3.587068612498915e-13,-0.20745879807650516,-7.441689429669821e-08,16,16,hbr,False,S16_D16 hbr,mild_master_42,,
414,ShortHbO,7.0,1.034423694093436e-17,0.0004282292656919569,0.000834197990841838,6.24012501672093,5205.499751550491,16,16,hbr,True,S16_D16 hbr,mild_master_42,,
415,az_itd=0_az=15,7.0,1.034423694093436e-17,0.00016085485952387776,2.410809252956398e-09,7.313713941714617,0.017631969244161813,16,16,hbr,True,S16_D16 hbr,mild_master_42,,-0.010041761922544662
416,az_itd=0_az=5,7.0,1.034423694093436e-17,0.0010907763003704244,2.413661610193752e-09,5.327168851629492,0.012857982948198038,16,16,hbr,True,S16_D16 hbr,mild_master_42,,-0.023350137890024446
417,az_itd=15_az=0,7.0,1.034423694093436e-17,2.8858186563213494e-05,2.416935431328844e-09,-9.555004183379616,-0.023093828157305523,16,16,hbr,True,S16_D16 hbr,mild_master_42,,-0.071861072028326
418,az_itd=5_az=0,7.0,1.034423694093436e-17,0.09605828090667247,2.4160545760041244e-09,1.9219177348247187,0.004643458137926743,16,16,hbr,False,S16_D16 hbr,mild_master_42,,-0.03322850593866136
419,constant,7.0,1.034423694093436e-17,0.9833718965506526,2.992838814838017e-09,0.021597337744185176,6.463735069796355e-05,16,16,hbr,False,S16_D16 hbr,mild_master_42,,
427,Linear,7.0,1.0619436591774855e-15,0.7665143180188001,3.6344708668846203e-12,0.30872748665920485,1.1220610560693904e-06,16,18,hbr,False,S16_D18 hbr,mild_master_42,,
428,ShortHbO,7.0,1.0619436591774855e-15,9.874735194180887e-07,0.008452217179130583,-15.796137084890798,-133512.3812328157,16,18,hbr,True,S16_D18 hbr,mild_master_42,,
429,az_itd=0_az=15,7.0,1.0619436591774855e-15,0.00016650014898725112,2.4426675210379892e-08,-7.273618189775572,-0.17767030912595924,16,18,hbr,True,S16_D18 hbr,mild_master_42,,-0.28764556302035393
430,az_itd=0_az=5,7.0,1.0619436591774855e-15,0.10165906605727905,2.445557571494506e-08,1.8833842569273145,0.046059246295621484,16,18,hbr,False,S16_D18 hbr,mild_master_42,,-0.1589348575592274
431,az_itd=15_az=0,7.0,1.0619436591774855e-15,0.4658388339047057,2.4488746553934375e-08,0.7711632478326971,0.0188848213278838,16,18,hbr,False,S16_D18 hbr,mild_master_42,,-0.10732636079905249
432,az_itd=5_az=0,7.0,1.0619436591774855e-15,4.735940667412951e-06,2.447982159776131e-08,-12.537491933248443,-0.3069155658092934,16,18,hbr,True,S16_D18 hbr,mild_master_42,,-0.44542487696622374
433,constant,7.0,1.0619436591774855e-15,0.5747809352374642,3.032388464471714e-08,0.5883503373022444,0.017841067759033682,16,18,hbr,False,S16_D18 hbr,mild_master_42,,
441,Linear,7.0,4.5509921657153154e-18,0.1576544365511331,2.3792687357832183e-13,-1.5820420533733266,-3.7641031962854415e-07,16,22,hbr,False,S16_D22 hbr,mild_master_42,,
442,ShortHbO,7.0,4.5509921657153154e-18,0.020840096932285695,0.0005533156494825093,2.9689045565642296,1642.741352966918,16,22,hbr,True,S16_D22 hbr,mild_master_42,,
443,az_itd=0_az=15,7.0,4.5509921657153154e-18,2.1831206886594185e-06,1.5990670107366923e-09,14.058889848360593,0.022481106964094406,16,22,hbr,True,S16_D22 hbr,mild_master_42,,-0.0030541664276398347
444,az_itd=0_az=5,7.0,4.5509921657153154e-18,0.5258200253861633,1.6009589523556715e-09,0.6675319181806534,0.0010686912003944706,16,22,hbr,False,S16_D22 hbr,mild_master_42,,-0.027228672898533604
445,az_itd=15_az=0,7.0,4.5509921657153154e-18,0.013424019942603454,1.6031304469978784e-09,3.283399717261776,0.005263718056406579,16,22,hbr,True,S16_D22 hbr,mild_master_42,,-0.024293269995474917
446,az_itd=5_az=0,7.0,4.5509921657153154e-18,3.210930905909344e-06,1.6025461839794488e-09,13.280654246610347,0.021282861783655873,16,22,hbr,True,S16_D22 hbr,mild_master_42,,-0.0017048245966221076
447,constant,7.0,4.5509921657153154e-18,0.8877398396004437,1.985121722670909e-09,-0.14639047824060966,-0.0002906029183476173,16,22,hbr,False,S16_D22 hbr,mild_master_42,,
455,Linear,7.0,6.67196180871401e-18,0.7102814101412652,2.8808273386741643e-13,0.3869592818025623,1.1147628779705415e-07,16,23,hbr,False,S16_D23 hbr,mild_master_42,,
456,ShortHbO,7.0,6.67196180871401e-18,0.023379888715397437,0.0006699566240552233,-2.888090647040017,-1934.8954598563953,16,23,hbr,True,S16_D23 hbr,mild_master_42,,
457,az_itd=0_az=15,7.0,6.67196180871401e-18,0.02214158777558668,1.9361562196066113e-09,2.9262671171667063,0.005665710279132627,16,23,hbr,True,S16_D23 hbr,mild_master_42,,-0.005218079363607165
458,az_itd=0_az=5,7.0,6.67196180871401e-18,0.05666742702969907,1.9384469894793706e-09,-2.27962691046286,-0.00441893592172289,16,23,hbr,False,S16_D23 hbr,mild_master_42,,-0.03405177305411292
459,az_itd=15_az=0,7.0,6.67196180871401e-18,3.622609781817675e-05,1.9410762431811367e-09,-9.22857808688642,-0.017913373682797256,16,23,hbr,True,S16_D23 hbr,mild_master_42,,-0.04364948439600144
460,az_itd=5_az=0,7.0,6.67196180871401e-18,0.00032473900346011966,1.9403688153689037e-09,-6.530377871949044,-0.01267134157530507,16,23,hbr,True,S16_D23 hbr,mild_master_42,,-0.021151102558792524
461,constant,7.0,6.67196180871401e-18,0.6992691522178363,2.4035926851212835e-09,0.40257816758564385,0.0009676339387983837,16,23,hbr,False,S16_D23 hbr,mild_master_42,,
469,Linear,7.0,2.411211088900178e-18,0.01931394237370778,1.731841211560513e-13,-3.022648914967126,-5.234747959018738e-07,17,15,hbr,True,S17_D15 hbr,mild_master_42,,
470,ShortHbO,7.0,2.411211088900178e-18,9.289790115340926e-10,0.0004027518331004078,43.20462589222542,17400.74227651113,17,15,hbr,True,S17_D15 hbr,mild_master_42,,
471,az_itd=0_az=15,7.0,2.411211088900178e-18,5.057665503148526e-08,1.1639417219211518e-09,24.321465483893814,0.028308768414969227,17,15,hbr,True,S17_D15 hbr,mild_master_42,,0.0239420775030575
472,az_itd=0_az=5,7.0,2.411211088900178e-18,0.0009903610109474148,1.1653188435620733e-09,5.416929465073942,0.006312449979897286,17,15,hbr,True,S17_D15 hbr,mild_master_42,,-0.004455325579910903
473,az_itd=15_az=0,7.0,2.411211088900178e-18,6.334644860051342e-07,1.1668994484998416e-09,16.855311780829393,0.019668454021342704,17,15,hbr,True,S17_D15 hbr,mild_master_42,,0.0052693809286149884
474,az_itd=5_az=0,7.0,2.411211088900178e-18,2.411522409015369e-08,1.1664741704476023e-09,27.0629897716407,0.03156827854370653,17,15,hbr,True,S17_D15 hbr,mild_master_42,,0.009651304286335241
475,constant,7.0,2.411211088900178e-18,0.42741603651269733,1.4449463221958285e-09,-0.8423789146414089,-0.0012171923146064177,17,15,hbr,False,S17_D15 hbr,mild_master_42,,
483,Linear,7.0,2.2542797329483046e-18,0.008714847581234792,1.6745354931980034e-13,-3.6021471870289625,-6.031923316403345e-07,17,16,hbr,True,S17_D16 hbr,mild_master_42,,
484,ShortHbO,7.0,2.2542797329483046e-18,4.6122814272826e-09,0.00038942498594861857,34.33160002488504,13369.58285728445,17,16,hbr,True,S17_D16 hbr,mild_master_42,,
485,az_itd=0_az=15,7.0,2.2542797329483046e-18,8.247946463146286e-09,1.1254275001428826e-09,31.58097566371792,0.03554209849329127,17,16,hbr,True,S17_D16 hbr,mild_master_42,,0.02099298666171409
486,az_itd=0_az=5,7.0,2.2542797329483046e-18,3.054344616065852e-06,1.1267590535501929e-09,13.37918175730443,0.015075114174136347,17,16,hbr,True,S17_D16 hbr,mild_master_42,,-0.007939127975360876
487,az_itd=15_az=0,7.0,2.2542797329483046e-18,1.8933645050679846e-07,1.1282873570986645e-09,20.092984324491614,0.02267066017970554,17,16,hbr,True,S17_D16 hbr,mild_master_42,,-7.902414978659496e-05
488,az_itd=5_az=0,7.0,2.2542797329483046e-18,1.2183944875997861e-08,1.1278761512743667e-09,29.85793897568967,0.033676057296885775,17,16,hbr,True,S17_D16 hbr,mild_master_42,,0.004788082814408709
489,constant,7.0,2.2542797329483046e-18,0.32424374776501763,1.3971338054154442e-09,-1.0602352403130306,-0.0014812904959341025,17,16,hbr,False,S17_D16 hbr,mild_master_42,,
497,Linear,7.0,1.5939158995166867e-17,0.8071626313201603,4.4526971266881266e-13,0.2535046420319772,1.128779391177887e-07,17,17,hbr,False,S17_D17 hbr,mild_master_42,,
498,ShortHbO,7.0,1.5939158995166867e-17,0.9495821056228861,0.0010355059794417533,0.06553279604277151,67.85960215182676,17,17,hbr,False,S17_D17 hbr,mild_master_42,,
499,az_itd=0_az=15,7.0,1.5939158995166867e-17,9.432218359516611e-05,2.9925838040086694e-09,7.957222620273725,0.023812655538322573,17,17,hbr,True,S17_D17 hbr,mild_master_42,,0.007163748938481027
500,az_itd=0_az=5,7.0,1.5939158995166867e-17,0.3751140196849765,2.9961244898017423e-09,-0.9471275203454799,-0.00283771195867229,17,17,hbr,False,S17_D17 hbr,mild_master_42,,-0.035036824933401996
501,az_itd=15_az=0,7.0,1.5939158995166867e-17,0.0021649223000928058,3.000188346821572e-09,-4.717074675897539,-0.01415211247371494,17,17,hbr,True,S17_D17 hbr,mild_master_42,,-0.0598254042773803
502,az_itd=5_az=0,7.0,1.5939158995166867e-17,0.00022777215887178208,2.9990949241979456e-09,-6.917260536276946,-0.02074552096370295,17,17,hbr,True,S17_D17 hbr,mild_master_42,,-0.03432774331947844
503,constant,7.0,1.5939158995166867e-17,0.9456364244366038,3.7150682719130636e-09,0.07067077165571767,0.0002625467415297698,17,17,hbr,False,S17_D17 hbr,mild_master_42,,
511,Linear,7.0,2.1238871171018875e-18,0.03861749946216415,1.6253847071110663e-13,-2.5408242783267276,-4.129816925448775e-07,17,21,hbr,True,S17_D21 hbr,mild_master_42,,
512,ShortHbO,7.0,2.1238871171018875e-18,6.247472661947529e-10,0.0003779946255537399,45.73222015689076,17286.533433945122,17,21,hbr,True,S17_D21 hbr,mild_master_42,,
513,az_itd=0_az=15,7.0,2.1238871171018875e-18,1.5175765013234194e-07,1.0923940729383996e-09,20.747953751248403,0.02266494170346379,17,21,hbr,True,S17_D21 hbr,mild_master_42,,0.018110846377589983
514,az_itd=0_az=5,7.0,2.1238871171018875e-18,0.0005218250445978394,1.0936865427329994e-09,6.03860556654914,0.0066043416450073745,17,21,hbr,True,S17_D21 hbr,mild_master_42,,-0.011591917912889828
515,az_itd=15_az=0,7.0,2.1238871171018875e-18,1.5587513574389798e-06,1.0951699876797323e-09,14.773235689446905,0.01617920434800135,17,21,hbr,True,S17_D21 hbr,mild_master_42,,0.012057866313605562
516,az_itd=5_az=0,7.0,2.1238871171018875e-18,4.5865603186373094e-08,1.094770851524659e-09,24.667136183122906,0.027004861683872193,17,21,hbr,True,S17_D21 hbr,mild_master_42,,0.0073045886090073444
517,constant,7.0,2.1238871171018875e-18,0.30928300083820126,1.3561252838978395e-09,-1.0961575872956846,-0.001486527019268131,17,21,hbr,False,S17_D21 hbr,mild_master_42,,
525,Linear,7.0,7.92649032310406e-18,0.5243334237005579,3.1400092021578636e-13,-0.6700053817093847,-2.1038230640627603e-07,17,22,hbr,False,S17_D22 hbr,mild_master_42,,
526,ShortHbO,7.0,7.92649032310406e-18,2.1302013946517415e-07,0.0007302311861384182,19.752298240183368,14423.744172888893,17,22,hbr,True,S17_D22 hbr,mild_master_42,,
527,az_itd=0_az=15,7.0,7.92649032310406e-18,4.384492550753922e-07,2.1103480464670666e-09,17.784385508468436,0.03753124321541357,17,22,hbr,True,S17_D22 hbr,mild_master_42,,0.03173472168517789
528,az_itd=0_az=5,7.0,7.92649032310406e-18,0.13125856926442703,2.1128449119973e-09,-1.7086957973386678,-0.0036102092215581742,17,22,hbr,False,S17_D22 hbr,mild_master_42,,-0.034587641900651105
529,az_itd=15_az=0,7.0,7.92649032310406e-18,0.47733871952113804,2.115710714021434e-09,0.7506391968632765,0.0015881353911680787,17,22,hbr,False,S17_D22 hbr,mild_master_42,,-0.04289882339819428
530,az_itd=5_az=0,7.0,7.92649032310406e-18,0.023879643292474297,2.1149396404446003e-09,2.873284098425456,0.006076822438019122,17,22,hbr,True,S17_D22 hbr,mild_master_42,,-0.0008803599615554564
531,constant,7.0,7.92649032310406e-18,0.9086930743920105,2.6198387693007785e-09,-0.11890228141789756,-0.00031150480661691957,17,22,hbr,False,S17_D22 hbr,mild_master_42,,
539,Linear,7.0,1.6913105486025657e-18,0.1542428902478329,1.4504478970941403e-13,-1.5972436921066697,-2.3167187543629993e-07,17,23,hbr,False,S17_D23 hbr,mild_master_42,,
540,ShortHbO,7.0,1.6913105486025657e-18,3.7601390072461955e-09,0.0003373118421433782,35.353475643712244,11925.145995551633,17,23,hbr,True,S17_D23 hbr,mild_master_42,,
541,az_itd=0_az=15,7.0,1.6913105486025657e-18,2.392809698622061e-07,9.748219476654241e-10,19.421749092627945,0.018932747277544754,17,23,hbr,True,S17_D23 hbr,mild_master_42,,0.01994957063789784
542,az_itd=0_az=5,7.0,1.6913105486025657e-18,0.00015173844708344863,9.759753115967036e-10,7.381934188443534,0.007204585519752538,17,23,hbr,True,S17_D23 hbr,mild_master_42,,-0.00313008923931327
543,az_itd=15_az=0,7.0,1.6913105486025657e-18,7.957370605837652e-05,9.772990964176324e-10,8.171666008886127,0.007986161806711092,17,23,hbr,True,S17_D23 hbr,mild_master_42,,-0.011275088707362971
544,az_itd=5_az=0,7.0,1.6913105486025657e-18,0.00020535017076798415,9.769429184652699e-10,7.033562736114979,0.006871389306628736,17,23,hbr,True,S17_D23 hbr,mild_master_42,,0.003577109785974146
545,constant,7.0,1.6913105486025657e-18,0.6014209779755998,1.2101683113051503e-09,-0.5469265125560602,-0.0006618731341079824,17,23,hbr,False,S17_D23 hbr,mild_master_42,,
553,Linear,7.0,3.268471645386573e-18,0.0319191308774741,2.0163355851871537e-13,-2.6717387674686757,-5.387121951171157e-07,18,15,hbr,True,S18_D15 hbr,mild_master_42,,
554,ShortHbO,7.0,3.268471645386573e-18,3.443204869446568e-09,0.00046891299713786396,35.80320981529898,16788.590421647634,18,15,hbr,True,S18_D15 hbr,mild_master_42,,
555,az_itd=0_az=15,7.0,3.268471645386573e-18,4.192694701269647e-08,1.3551456665469386e-09,24.988803354021382,0.03386346857739568,18,15,hbr,True,S18_D15 hbr,mild_master_42,,0.021961136220154477
556,az_itd=0_az=5,7.0,3.268471645386573e-18,0.00020043872571191482,1.3567490117908243e-09,7.060949743717474,0.009579936587093357,18,15,hbr,True,S18_D15 hbr,mild_master_42,,-0.006386171208600482
557,az_itd=15_az=0,7.0,3.268471645386573e-18,2.6968587197300618e-06,1.3585892670987999e-09,13.627464167628714,0.018514126555913852,18,15,hbr,True,S18_D15 hbr,mild_master_42,,0.02022126201384252
558,az_itd=5_az=0,7.0,3.268471645386573e-18,1.1249927043955494e-07,1.35809412743784e-09,21.667239821414675,0.02942615115925058,18,15,hbr,True,S18_D15 hbr,mild_master_42,,0.024258809331967564
559,constant,7.0,3.268471645386573e-18,0.2952207188978286,1.6823116742345464e-09,-1.13122843750059,-0.0019030788066333475,18,15,hbr,False,S18_D15 hbr,mild_master_42,,
567,Linear,7.0,1.3851755270133046e-18,0.01627980722425535,1.3126316113369854e-13,-3.144357309083439,-4.127382801241422e-07,18,16,hbr,True,S18_D16 hbr,mild_master_42,,
568,ShortHbO,7.0,1.3851755270133046e-18,1.2080761468542423e-09,0.00030526169727486044,41.60787137839894,12701.289436964149,18,16,hbr,True,S18_D16 hbr,mild_master_42,,
569,az_itd=0_az=15,7.0,1.3851755270133046e-18,1.7527337186046465e-07,8.821979103794542e-10,20.319154686011466,0.01792551580467621,18,16,hbr,True,S18_D16 hbr,mild_master_42,,0.011517746796431461
570,az_itd=0_az=5,7.0,1.3851755270133046e-18,0.0011236135603162618,8.832416858632937e-10,5.299798774982094,0.004681003204751403,18,16,hbr,True,S18_D16 hbr,mild_master_42,,-0.0009571561174462018
571,az_itd=15_az=0,7.0,1.3851755270133046e-18,1.9693283764035699e-07,8.844396894634508e-10,19.978649039102148,0.017669910152042775,18,16,hbr,True,S18_D16 hbr,mild_master_42,,0.013921202074280818
572,az_itd=5_az=0,7.0,1.3851755270133046e-18,1.8612368430992859e-07,8.841173542451579e-10,20.142925305793753,0.017808709828116213,18,16,hbr,True,S18_D16 hbr,mild_master_42,,0.00011294636365355752
573,constant,7.0,1.3851755270133046e-18,0.848902360880505,1.0951825181999882e-09,-0.19769454825771585,-0.00021651161319529433,18,16,hbr,False,S18_D16 hbr,mild_master_42,,
581,Linear,7.0,2.6243346319953526e-18,0.03605245075164224,1.806758305317293e-13,-2.587946746714075,-4.675794278344524e-07,18,21,hbr,True,S18_D21 hbr,mild_master_42,,
582,ShortHbO,7.0,2.6243346319953526e-18,7.523978255912231e-10,0.000420174329250566,44.529960586244215,18710.346320879304,18,21,hbr,True,S18_D21 hbr,mild_master_42,,
583,az_itd=0_az=15,7.0,2.6243346319953526e-18,7.005461317404533e-08,1.2142922566737129e-09,23.20356315641095,0.028175907068069276,18,21,hbr,True,S18_D21 hbr,mild_master_42,,0.016198196519927145
584,az_itd=0_az=5,7.0,2.6243346319953526e-18,0.0091496343761002,1.2157289507225424e-09,3.565679767076973,0.004334900121841088,18,21,hbr,True,S18_D21 hbr,mild_master_42,,-0.011361080669640694
585,az_itd=15_az=0,7.0,2.6243346319953526e-18,1.3537608658565182e-07,1.2173779304786978e-09,21.094189004798164,0.02567960015578769,18,21,hbr,True,S18_D21 hbr,mild_master_42,,0.014914897007833652
586,az_itd=5_az=0,7.0,2.6243346319953526e-18,2.860030399267701e-07,1.2169342554767268e-09,18.92497169879811,0.023030446344195005,18,21,hbr,True,S18_D21 hbr,mild_master_42,,-0.0014424341580940685
587,constant,7.0,2.6243346319953526e-18,0.29930503524083657,1.5074527335058571e-09,-1.1209043336256623,-0.001689710301722566,18,21,hbr,False,S18_D21 hbr,mild_master_42,,
595,Linear,7.0,3.746916630171745e-18,0.43499774516980616,2.1588748597301875e-13,-0.8279810269936224,-1.7875074235101133e-07,18,22,hbr,False,S18_D22 hbr,mild_master_42,,
596,ShortHbO,7.0,3.746916630171745e-18,2.0658642641302658e-07,0.0005020615062089008,19.840403155558104,9961.10269207133,18,22,hbr,True,S18_D22 hbr,mild_master_42,,
597,az_itd=0_az=15,7.0,3.746916630171745e-18,2.797921405915902e-06,1.4509439461729997e-09,13.55363998385691,0.019665571883185497,18,22,hbr,True,S18_D22 hbr,mild_master_42,,0.03147019477746056
598,az_itd=0_az=5,7.0,3.746916630171745e-18,0.025103431609343353,1.4526606354800388e-09,2.838362893565926,0.0041231780446904405,18,22,hbr,True,S18_D22 hbr,mild_master_42,,-0.003652766513770716
599,az_itd=15_az=0,7.0,3.746916630171745e-18,0.005351612698697683,1.4546309825537402e-09,3.9759315116549057,0.005783513161364953,18,22,hbr,True,S18_D22 hbr,mild_master_42,,-0.00900035573965852
600,az_itd=5_az=0,7.0,3.746916630171745e-18,0.045846714060551866,1.454100840362155e-09,2.4236372433793596,0.0035242129523309434,18,22,hbr,True,S18_D22 hbr,mild_master_42,,0.011894185490815917
601,constant,7.0,3.746916630171745e-18,0.7805419627056656,1.8012380510551047e-09,-0.2895594660070506,-0.0005215655282150966,18,22,hbr,False,S18_D22 hbr,mild_master_42,,
609,Linear,7.0,1.079706290624184e-18,0.019587632054076466,1.1588928136339744e-13,-3.012686465341761,-3.491380694416907e-07,18,23,hbr,True,S18_D23 hbr,mild_master_42,,
610,ShortHbO,7.0,1.079706290624184e-18,6.112049959771862e-07,0.0002695086604605053,16.943548743349083,4566.433125267289,18,23,hbr,True,S18_D23 hbr,mild_master_42,,
611,az_itd=0_az=15,7.0,1.079706290624184e-18,5.818152042190212e-07,7.788726172001275e-10,17.065830510668658,0.013292108074538286,18,23,hbr,True,S18_D23 hbr,mild_master_42,,0.015347879829889133
612,az_itd=0_az=5,7.0,1.079706290624184e-18,9.886480805072942e-06,7.797941430089086e-10,11.234056241682516,0.008760251259496699,18,23,hbr,True,S18_D23 hbr,mild_master_42,,0.012067789274765648
613,az_itd=15_az=0,7.0,1.079706290624184e-18,2.0202217915346002e-07,7.808518333394925e-10,19.90482672193861,0.015542720438130682,18,23,hbr,True,S18_D23 hbr,mild_master_42,,0.0047696273914477234
614,az_itd=5_az=0,7.0,1.079706290624184e-18,1.804097132736522e-06,7.805672508528035e-10,14.459164763889309,0.011286350489376804,18,23,hbr,True,S18_D23 hbr,mild_master_42,,0.008106957621359408
615,constant,7.0,1.079706290624184e-18,0.6762524589893476,9.669119187726848e-10,-0.43558671852956254,-0.0004211739898053167,18,23,hbr,False,S18_D23 hbr,mild_master_42,,
623,Linear,7.0,1.0869255230489748e-18,0.08821043091103047,1.1627607072908325e-13,-1.97977978250362,-2.3020101401839997e-07,19,14,hbr,False,S19_D14 hbr,mild_master_42,,
624,ShortHbO,7.0,1.0869255230489748e-18,2.336399500926712e-07,0.00027040816628710093,-19.489144736138336,-5270.023890603074,19,14,hbr,True,S19_D14 hbr,mild_master_42,,
625,az_itd=0_az=15,7.0,1.0869255230489748e-18,0.00026752633963728095,7.814721643024366e-10,6.739670329911944,0.005266864759401205,19,14,hbr,True,S19_D14 hbr,mild_master_42,,0.008330672175217976
626,az_itd=0_az=5,7.0,1.0869255230489748e-18,1.6704927271838745e-06,7.823967657742889e-10,14.623686933911047,0.01144152536078773,19,14,hbr,True,S19_D14 hbr,mild_master_42,,0.005660127160564429
627,az_itd=15_az=0,7.0,1.0869255230489748e-18,6.27171306540573e-06,7.834579862274798e-10,12.024542605917219,0.009420723935338436,19,14,hbr,True,S19_D14 hbr,mild_master_42,,0.009010642149044023
628,az_itd=5_az=0,7.0,1.0869255230489748e-18,3.304109125539162e-07,7.83172453924913e-10,18.531980059533637,0.014513736299312513,19,14,hbr,True,S19_D14 hbr,mild_master_42,,0.009061119176644249
629,constant,7.0,1.0869255230489748e-18,0.37741953094581254,9.701390614673006e-10,-0.942288622602149,-0.0009141509999625642,19,14,hbr,False,S19_D14 hbr,mild_master_42,,
637,Linear,7.0,1.4292295699479095e-18,0.008422910160693714,1.3333416650368695e-13,-3.6277563935703143,-4.837038750151191e-07,19,15,hbr,True,S19_D15 hbr,mild_master_42,,
638,ShortHbO,7.0,1.4292295699479095e-18,8.01324902972186e-09,0.00031007796566919,31.712296332814415,9833.284333577607,19,15,hbr,True,S19_D15 hbr,mild_master_42,,
639,az_itd=0_az=15,7.0,1.4292295699479095e-18,8.957889599837567e-08,8.961167935909248e-10,22.393372651228447,0.020067077297905543,19,15,hbr,True,S19_D15 hbr,mild_master_42,,0.011794209885042518
640,az_itd=0_az=5,7.0,1.4292295699479095e-18,1.274196746032372e-07,8.971770372491813e-10,21.280056361071853,0.01909197791852204,19,15,hbr,True,S19_D15 hbr,mild_master_42,,0.0005557348702117403
641,az_itd=15_az=0,7.0,1.4292295699479095e-18,6.390434241458841e-07,8.98393942358854e-10,16.833749991894493,0.015123339019901417,19,15,hbr,True,S19_D15 hbr,mild_master_42,,0.015793950377203735
642,az_itd=5_az=0,7.0,1.4292295699479095e-18,7.659250389394441e-08,8.98066521494579e-10,22.906266274848818,0.020571350873882066,19,15,hbr,True,S19_D15 hbr,mild_master_42,,0.009643959962920737
643,constant,7.0,1.4292295699479095e-18,0.36440473982692817,1.112461767432752e-09,-0.9699053775386849,-0.001078982650539216,19,15,hbr,False,S19_D15 hbr,mild_master_42,,
651,Linear,7.0,1.5535080290700561e-18,0.0044472315742007705,1.390103718395417e-13,-4.122207304237698,-5.730295701617571e-07,19,21,hbr,True,S19_D21 hbr,mild_master_42,,
652,ShortHbO,7.0,1.5535080290700561e-18,0.0025557367783628584,0.0003232783797072061,4.5760404544771776,1479.334943598009,19,21,hbr,True,S19_D21 hbr,mild_master_42,,
653,az_itd=0_az=15,7.0,1.5535080290700561e-18,1.0734651076524098e-07,9.342656271473203e-10,21.814770884750075,0.020380790601716135,19,21,hbr,True,S19_D21 hbr,mild_master_42,,0.013202743136325069
654,az_itd=0_az=5,7.0,1.5535080290700561e-18,4.874862217576107e-08,9.353710067288597e-10,24.451053558329157,0.02287080658243561,19,21,hbr,True,S19_D21 hbr,mild_master_42,,0.009938764873885706
655,az_itd=15_az=0,7.0,1.5535080290700561e-18,1.6293349359796845e-07,9.366397170393888e-10,20.535365861738907,0.019234239270039456,19,21,hbr,True,S19_D21 hbr,mild_master_42,,0.01651146351815389
656,az_itd=5_az=0,7.0,1.5535080290700561e-18,1.0252060449798115e-08,9.362983574517873e-10,30.608614630561988,0.028658795602469936,19,21,hbr,True,S19_D21 hbr,mild_master_42,,0.010209999624169453
657,constant,7.0,1.5535080290700561e-18,0.2365130609326447,1.1598206821491957e-09,-1.2946338437582567,-0.0015015431078011367,19,21,hbr,False,S19_D21 hbr,mild_master_42,,
679,Linear,7.0,3.470768431354429e-18,0.02404692889511836,2.0777977577418238e-13,-2.868400700940819,-5.959956544719909e-07,20,12,hbr,True,S20_D12 hbr,mild_master_42,,
680,ShortHbO,7.0,3.470768431354429e-18,0.00010418477509890631,0.00048320645689473263,-7.833966072417302,-3785.422989286309,20,12,hbr,True,S20_D12 hbr,mild_master_42,,
681,az_itd=0_az=15,7.0,3.470768431354429e-18,1.3559776975437036e-05,1.396453372171888e-09,10.713382706176297,0.014960739407407875,20,12,hbr,True,S20_D12 hbr,mild_master_42,,0.018333977763616012
682,az_itd=0_az=5,7.0,3.470768431354429e-18,1.3251816770323253e-06,1.3981055907693806e-09,15.12957985318441,0.021152750178728905,20,12,hbr,True,S20_D12 hbr,mild_master_42,,0.03228923590479296
683,az_itd=15_az=0,7.0,3.470768431354429e-18,6.876179465009533e-05,1.4000019409507067e-09,8.359662673708181,0.011703543968884627,20,12,hbr,True,S20_D12 hbr,mild_master_42,,0.021860219912397005
684,az_itd=5_az=0,7.0,3.470768431354429e-18,1.839787225884494e-08,1.3994917083858152e-09,28.138566890510294,0.039379691049128786,20,12,hbr,True,S20_D12 hbr,mild_master_42,,0.027294420583474876
685,constant,7.0,3.470768431354429e-18,0.5715781587076934,1.7335920916274388e-09,-0.5934039126412335,-0.0010287203300956217,20,12,hbr,False,S20_D12 hbr,mild_master_42,,
693,Linear,7.0,9.6362313899241e-19,0.8947055180498139,1.0948233817708375e-13,0.1372394921249565,1.5025300488075707e-08,20,13,hbr,False,S20_D13 hbr,mild_master_42,,
694,ShortHbO,7.0,9.6362313899241e-19,7.157815680958462e-11,0.0002546088642457422,-62.36456052886002,-15878.569925437894,20,13,hbr,True,S20_D13 hbr,mild_master_42,,
695,az_itd=0_az=15,7.0,9.6362313899241e-19,3.5079807519645404e-05,7.358126158862117e-10,-9.274140513016706,-0.006824029590979115,20,13,hbr,True,S20_D13 hbr,mild_master_42,,-0.0027324995488773015
696,az_itd=0_az=5,7.0,9.6362313899241e-19,0.9956041013537131,7.366831951067309e-10,-0.0057091214989752476,-4.205813867117614e-06,20,13,hbr,False,S20_D13 hbr,mild_master_42,,0.0015257330102899746
697,az_itd=15_az=0,7.0,9.6362313899241e-19,0.15024810489847307,7.376824109884525e-10,-1.6154464092081562,-0.001191686401967311,20,13,hbr,False,S20_D13 hbr,mild_master_42,,0.00863170022181062
698,az_itd=5_az=0,7.0,9.6362313899241e-19,0.0009255472435294302,7.374135616550163e-10,5.480430789892881,0.004041343988178724,20,13,hbr,True,S20_D13 hbr,mild_master_42,,0.002172014801130021
699,constant,7.0,9.6362313899241e-19,0.7850738879204776,9.134561577491916e-10,-0.28339279625640224,-0.00025886689480217264,20,13,hbr,False,S20_D13 hbr,mild_master_42,,
707,Linear,7.0,1.2184760160756364e-18,0.09443895278991297,1.2311159176092956e-13,-1.9334678926970459,-2.380323098885835e-07,20,20,hbr,False,S20_D20 hbr,mild_master_42,,
708,ShortHbO,7.0,1.2184760160756364e-18,3.2810149458856437e-09,0.0002863046503723354,-36.05204538208014,-10321.868248324023,20,20,hbr,True,S20_D20 hbr,mild_master_42,,
709,az_itd=0_az=15,7.0,1.2184760160756364e-18,0.0017512123571320306,8.27412566152941e-10,4.9009573122497905,0.004055113666334619,20,20,hbr,True,S20_D20 hbr,mild_master_42,,0.010942170007590046
710,az_itd=0_az=5,7.0,1.2184760160756364e-18,6.323173802241034e-07,8.283915221688305e-10,16.859772005451486,0.013966492195015391,20,20,hbr,True,S20_D20 hbr,mild_master_42,,0.008874783012658908
711,az_itd=15_az=0,7.0,1.2184760160756364e-18,0.0026029297026095096,8.295151285857174e-10,4.560640234728393,0.0037831200707439195,20,20,hbr,True,S20_D20 hbr,mild_master_42,,0.010356150738731858
712,az_itd=5_az=0,7.0,1.2184760160756364e-18,1.477341594372476e-06,8.292128106965098e-10,14.890095433056427,0.012347057885583984,20,20,hbr,True,S20_D20 hbr,mild_master_42,,0.0004495263325945669
713,constant,7.0,1.2184760160756364e-18,0.6162081467943126,1.0271706236528355e-09,-0.5243740374500148,-0.000538621607074887,20,20,hbr,False,S20_D20 hbr,mild_master_42,,
721,Linear,7.0,1.5489042870777662e-18,0.07280175131646267,1.3880424393221367e-13,-2.1098760359184396,-2.9285974795635507e-07,21,11,hbr,False,S21_D11 hbr,mild_master_42,,
722,ShortHbO,7.0,1.5489042870777662e-18,4.222887824851941e-05,0.00032279901478636145,9.013967290221059,2909.6997605998463,21,11,hbr,True,S21_D11 hbr,mild_master_42,,
723,az_itd=0_az=15,7.0,1.5489042870777662e-18,4.193940872992608e-06,9.328802757086904e-10,12.76565916988624,0.011908831646006647,21,11,hbr,True,S21_D11 hbr,mild_master_42,,0.013812873392715693
724,az_itd=0_az=5,7.0,1.5489042870777662e-18,7.182490732321046e-05,9.339840162069232e-10,8.303181889194791,0.00775503916816674,21,11,hbr,True,S21_D11 hbr,mild_master_42,,0.011839807070237792
725,az_itd=15_az=0,7.0,1.5489042870777662e-18,6.836058455573912e-05,9.352508452434304e-10,8.367270796231397,0.007825497084556085,21,11,hbr,True,S21_D11 hbr,mild_master_42,,0.020078052118868237
726,az_itd=5_az=0,7.0,1.5489042870777662e-18,0.006441384750603098,9.349099918319976e-10,3.831960756660559,0.003582538399710059,21,11,hbr,True,S21_D11 hbr,mild_master_42,,0.01270953354979618
727,constant,7.0,1.5489042870777662e-18,0.8113673045887293,1.15810087227513e-09,0.2478451615374645,0.0002870296977657081,21,11,hbr,False,S21_D11 hbr,mild_master_42,,
735,Linear,7.0,1.0195118108297226e-18,0.042282103050711214,1.1261249603135423e-13,-2.4788365221427804,-2.791479680121798e-07,21,12,hbr,True,S21_D12 hbr,mild_master_42,,
736,ShortHbO,7.0,1.0195118108297226e-18,1.1346776365931696e-06,0.0002618882661059458,15.477864464853194,4053.471087723236,21,12,hbr,True,S21_D12 hbr,mild_master_42,,
737,az_itd=0_az=15,7.0,1.0195118108297226e-18,3.7314129306148215e-07,7.56849887077499e-10,18.206957094878195,0.01377993342128343,21,12,hbr,True,S21_D12 hbr,mild_master_42,,0.008454978147604725
738,az_itd=0_az=5,7.0,1.0195118108297226e-18,0.00027276342553656923,7.577453566175916e-10,6.718507658272059,0.005090917981455381,21,12,hbr,True,S21_D12 hbr,mild_master_42,,0.0066136265643079095
739,az_itd=15_az=0,7.0,1.0195118108297226e-18,0.00012302678504199916,7.587731406089495e-10,7.63142548921341,0.005790520685773648,21,12,hbr,True,S21_D12 hbr,mild_master_42,,0.009447202202362661
740,az_itd=5_az=0,7.0,1.0195118108297226e-18,2.0308262334398323e-06,7.584966047311201e-10,14.20943317980365,0.010777806822034792,21,12,hbr,True,S21_D12 hbr,mild_master_42,,0.01149212716245126
741,constant,7.0,1.0195118108297226e-18,0.9523128013459335,9.395723515966927e-10,-0.06197811253150678,-5.823292093875227e-05,21,12,hbr,False,S21_D12 hbr,mild_master_42,,
749,Linear,7.0,2.749209068771853e-18,0.08138484420727042,1.8492445092055903e-13,-2.0343818114494185,-3.7620693944505596e-07,21,19,hbr,False,S21_D19 hbr,mild_master_42,,
750,ShortHbO,7.0,2.749209068771853e-18,7.892689657881254e-09,0.0004300547942627542,-31.78147212708766,-13667.774456982143,21,19,hbr,True,S21_D19 hbr,mild_master_42,,
751,az_itd=0_az=15,7.0,2.749209068771853e-18,5.105470163031907e-06,1.2428465288445885e-09,12.39833810590582,0.015409231478366639,21,19,hbr,True,S21_D19 hbr,mild_master_42,,0.03013250656291478
752,az_itd=0_az=5,7.0,2.749209068771853e-18,1.7369676165441152e-05,1.2443170069784856e-09,10.320579224023135,0.012842072250320809,21,19,hbr,True,S21_D19 hbr,mild_master_42,,0.01758206505033867
753,az_itd=15_az=0,7.0,2.749209068771853e-18,9.657796944401763e-07,1.24600476275129e-09,15.847591296825252,0.019746174233980156,21,19,hbr,True,S21_D19 hbr,mild_master_42,,0.026181332479591306
754,az_itd=5_az=0,7.0,2.749209068771853e-18,3.522076563446239e-07,1.2455506546623155e-09,18.36056289089949,0.022869011128728477,21,19,hbr,True,S21_D19 hbr,mild_master_42,,0.016066183020828004
755,constant,7.0,2.749209068771853e-18,0.2837797767491269,1.542900720101083e-09,-1.1607868111937287,-0.0017909788068746436,21,19,hbr,False,S21_D19 hbr,mild_master_42,,
763,Linear,7.0,2.2050796343590824e-18,0.12164389495035043,1.6561611509507693e-13,-1.7608913294231003,-2.9163198108365923e-07,21,20,hbr,False,S21_D20 hbr,mild_master_42,,
764,ShortHbO,7.0,2.2050796343590824e-18,9.871442122637634e-07,0.00038515190365176087,15.796908488135427,6084.209376018019,21,20,hbr,True,S21_D20 hbr,mild_master_42,,
765,az_itd=0_az=15,7.0,2.2050796343590824e-18,5.723334305290106e-07,1.1130784098154018e-09,17.106790230505357,0.019041198866816555,21,20,hbr,True,S21_D20 hbr,mild_master_42,,0.004078052973698289
766,az_itd=0_az=5,7.0,2.2050796343590824e-18,0.002121952551688823,1.1143953523541306e-09,4.734279411632769,0.005275858973069405,21,20,hbr,True,S21_D20 hbr,mild_master_42,,0.0013217936696901817
767,az_itd=15_az=0,7.0,2.2050796343590824e-18,0.0006724999054591055,1.1159068861341672e-09,5.786879167761412,0.006457618312531318,21,20,hbr,True,S21_D20 hbr,mild_master_42,,0.004365617630633385
768,az_itd=5_az=0,7.0,2.2050796343590824e-18,7.590214086866546e-07,1.1155001923889387e-09,16.415958041241907,0.018312004353254096,21,20,hbr,True,S21_D20 hbr,mild_master_42,,0.008083649875424431
769,constant,7.0,2.2050796343590824e-18,0.5805707850205089,1.3818033362733079e-09,-0.5792559243265893,-0.0008004177687905597,21,20,hbr,False,S21_D20 hbr,mild_master_42,,
777,Linear,7.0,8.184807396658115e-18,0.5125061497993968,3.190764018805076e-13,-0.6898436849564925,-2.201128408559081e-07,22,10,hbr,False,S22_D10 hbr,mild_master_42,,
778,ShortHbO,7.0,8.184807396658115e-18,0.030825365697735824,0.0007420345751020753,2.6958103047803497,2000.384454063483,22,10,hbr,True,S22_D10 hbr,mild_master_42,,
779,az_itd=0_az=15,7.0,8.184807396658115e-18,0.05450991435949786,2.1444595159769746e-09,2.3059645888399136,0.004945047706043685,22,10,hbr,False,S22_D10 hbr,mild_master_42,,0.004813155331387445
780,az_itd=0_az=5,7.0,8.184807396658115e-18,4.478741083169879e-06,2.1469967406093704e-09,12.641844875195128,0.027141999742333212,22,10,hbr,True,S22_D10 hbr,mild_master_42,,0.03921246573084118
781,az_itd=15_az=0,7.0,8.184807396658115e-18,8.601885148872592e-06,2.149908865190834e-09,11.47062282383964,0.024660793698233163,22,10,hbr,True,S22_D10 hbr,mild_master_42,,0.010052078570434959
782,az_itd=5_az=0,7.0,8.184807396658115e-18,0.6833230917826991,2.1491253280524323e-09,0.4253920918779695,0.0009142209190081517,22,10,hbr,False,S22_D10 hbr,mild_master_42,,-0.007817270256182583
783,constant,7.0,8.184807396658115e-18,0.6592632883771381,2.6621855994596647e-09,-0.46029226954821323,-0.0012253834515338596,22,10,hbr,False,S22_D10 hbr,mild_master_42,,
791,Linear,7.0,1.3121168632546113e-18,0.017247986789374666,1.2775464881593717e-13,-3.1030662192187886,-3.9643113508889425e-07,22,11,hbr,True,S22_D11 hbr,mild_master_42,,
792,ShortHbO,7.0,1.3121168632546113e-18,8.021435198159682e-07,0.00029710240554533477,16.28389632675221,4837.984770328922,22,11,hbr,True,S22_D11 hbr,mild_master_42,,
793,az_itd=0_az=15,7.0,1.3121168632546113e-18,6.432724786592612e-08,8.586177816629362e-10,23.49128093141529,0.02017003152175263,22,11,hbr,True,S22_D11 hbr,mild_master_42,,0.021145740155920103
794,az_itd=0_az=5,7.0,1.3121168632546113e-18,4.3986170791486143e-08,8.596336582365986e-10,24.816523404288397,0.0213331187987426,22,11,hbr,True,S22_D11 hbr,mild_master_42,,0.013709253819184742
795,az_itd=15_az=0,7.0,1.3121168632546113e-18,1.304954720331201e-05,8.607996405875983e-10,10.775409094056513,0.009275468275348185,22,11,hbr,True,S22_D11 hbr,mild_master_42,,0.010618242934415186
796,az_itd=5_az=0,7.0,1.3121168632546113e-18,1.0669365523157407e-05,8.604859210164837e-10,11.106414139889782,0.009556913000353556,22,11,hbr,True,S22_D11 hbr,mild_master_42,,0.002665519317913663
797,constant,7.0,1.3121168632546113e-18,0.6775568531836482,1.0659095575146378e-09,-0.4337022483780688,-0.00046228737166177083,22,11,hbr,False,S22_D11 hbr,mild_master_42,,
805,Linear,7.0,6.656639833277384e-19,0.04103440290436377,9.099509519813827e-14,-2.4992970719195857,-2.2742377498775094e-07,22,12,hbr,True,S22_D12 hbr,mild_master_42,,
806,ShortHbO,7.0,6.656639833277384e-19,0.08843289771707082,0.0002116154826987483,-1.9780710692217576,-418.5904641257914,22,12,hbr,False,S22_D12 hbr,mild_master_42,,
807,az_itd=0_az=15,7.0,6.656639833277384e-19,1.0442342800031247e-07,6.115629255401828e-10,21.902101543342223,0.01339451329532452,22,12,hbr,True,S22_D12 hbr,mild_master_42,,0.022640267571065395
808,az_itd=0_az=5,7.0,6.656639833277384e-19,1.0756911298587884e-07,6.122864983133594e-10,21.808231829468674,0.013352885901271323,22,12,hbr,True,S22_D12 hbr,mild_master_42,,0.013863452622757663
809,az_itd=15_az=0,7.0,6.656639833277384e-19,8.387014207148834e-07,6.131169860960891e-10,16.178123081226936,0.009919082064253433,22,12,hbr,True,S22_D12 hbr,mild_master_42,,0.014088368832517888
810,az_itd=5_az=0,7.0,6.656639833277384e-19,6.739835409180682e-08,6.128935347970274e-10,23.333528427066373,0.014300968716951634,22,12,hbr,True,S22_D12 hbr,mild_master_42,,0.013636079096932754
811,constant,7.0,6.656639833277384e-19,0.10977153270943489,7.592094891074543e-10,-1.8310792920539631,-0.0013901727738355287,22,12,hbr,False,S22_D12 hbr,mild_master_42,,
819,Linear,7.0,4.335919233519628e-18,0.029708408677888057,2.322368038373666e-13,-2.7213309176401084,-6.319931944965467e-07,22,19,hbr,True,S22_D19 hbr,mild_master_42,,
820,ShortHbO,7.0,4.335919233519628e-18,6.392022554970766e-08,0.0005400829927970045,-23.51283196488602,-12698.880656728714,22,19,hbr,True,S22_D19 hbr,mild_master_42,,
821,az_itd=0_az=15,7.0,4.335919233519628e-18,4.9198193790688256e-08,1.5608249968157328e-09,24.41867546944571,0.038113279061842004,22,19,hbr,True,S22_D19 hbr,mild_master_42,,0.04746248652293139
822,az_itd=0_az=5,7.0,4.335919233519628e-18,1.3547365987394114e-07,1.562671692264761e-09,21.091987611275957,0.03295985197373997,22,19,hbr,True,S22_D19 hbr,mild_master_42,,0.026503832335782383
823,az_itd=15_az=0,7.0,4.335919233519628e-18,9.365871860257824e-06,1.5647912551694118e-09,11.325467465020424,0.017721992449969647,22,19,hbr,True,S22_D19 hbr,mild_master_42,,0.024427445621016976
824,az_itd=5_az=0,7.0,4.335919233519628e-18,6.597049844539464e-08,1.564220964920312e-09,23.405829566136273,0.03661188930870205,22,19,hbr,True,S22_D19 hbr,mild_master_42,,0.0421302644354251
825,constant,7.0,4.335919233519628e-18,0.17056085762230655,1.9376471315227833e-09,-1.5271550968420788,-0.0029590876927864523,22,19,hbr,False,S22_D19 hbr,mild_master_42,,
875,Linear,7.0,6.764703707609206e-17,0.23489868263105743,9.173072872293277e-13,1.299596479537041,1.1921293211369076e-06,23,9,hbr,False,S23_D9 hbr,mild_master_42,,
876,ShortHbO,7.0,6.764703707609206e-17,7.122007656169968e-07,0.002133262501098906,-16.569393630151655,-35346.86609714961,23,9,hbr,True,S23_D9 hbr,mild_master_42,,
877,az_itd=0_az=15,7.0,6.764703707609206e-17,0.27216725165155464,6.1650699631201e-09,1.1918168723642097,0.007347634401352331,23,9,hbr,False,S23_D9 hbr,mild_master_42,,-0.059576844940797104
878,az_itd=0_az=5,7.0,6.764703707609206e-17,2.2750612521844993e-05,6.172364186794799e-09,-9.907136012708452,-0.06115045151854667,23,9,hbr,True,S23_D9 hbr,mild_master_42,,-0.13239206824026617
879,az_itd=15_az=0,7.0,6.764703707609206e-17,4.3980657592056895e-06,6.180736203917195e-09,-12.675988079598426,-0.0783469384439968,23,9,hbr,True,S23_D9 hbr,mild_master_42,,-0.05169388084405844
880,az_itd=5_az=0,7.0,6.764703707609206e-17,6.430056717866815e-06,6.1784836264071234e-09,-11.979952403831803,-0.07401793977221145,23,9,hbr,True,S23_D9 hbr,mild_master_42,,-0.03956954649451352
881,constant,7.0,6.764703707609206e-17,0.4801755164836491,7.653471820381934e-09,0.7456276221568937,0.005706639994676175,23,9,hbr,False,S23_D9 hbr,mild_master_42,,
833,Linear,7.0,6.718056199958199e-18,0.5790975826635156,2.8907615547653046e-13,0.581564977883969,1.681165679664912e-07,23,10,hbr,False,S23_D10 hbr,mild_master_42,,
834,ShortHbO,7.0,6.718056199958199e-18,3.910211565702855e-06,0.0006722668957558932,-12.898905207169502,-8671.506962273368,23,10,hbr,True,S23_D10 hbr,mild_master_42,,
835,az_itd=0_az=15,7.0,6.718056199958199e-18,0.06311653007502581,1.9428328412887104e-09,-2.206563906923878,-0.004286984824774035,23,10,hbr,False,S23_D10 hbr,mild_master_42,,-0.022999364512127553
836,az_itd=0_az=5,7.0,6.718056199958199e-18,0.00014443392598177825,1.945131510629316e-09,-7.440017605047476,-0.014471812683214702,23,10,hbr,True,S23_D10 hbr,mild_master_42,,-0.029684988090925443
837,az_itd=15_az=0,7.0,6.718056199958199e-18,2.560855255540296e-06,1.947769831023168e-09,-13.73193980452258,-0.02674665807267526,23,10,hbr,True,S23_D10 hbr,mild_master_42,,-0.0407688871779872
838,az_itd=5_az=0,7.0,6.718056199958199e-18,0.00039384993395463573,1.947059963723965e-09,6.3269027073834385,0.012318858955923053,23,10,hbr,True,S23_D10 hbr,mild_master_42,,-0.00019401264490257326
839,constant,7.0,6.718056199958199e-18,0.7370932214856165,2.4118812100212407e-09,0.3493596265070199,0.00084261391871232,23,10,hbr,False,S23_D10 hbr,mild_master_42,,
847,Linear,7.0,1.5452562306379123e-18,0.05933669396292126,1.386406882411853e-13,-2.248414917264677,-3.117217915813225e-07,23,11,hbr,False,S23_D11 hbr,mild_master_42,,
848,ShortHbO,7.0,1.5452562306379123e-18,0.09576950891511482,0.00032241865454354034,1.9239634418109552,620.3217042996472,23,11,hbr,False,S23_D11 hbr,mild_master_42,,
849,az_itd=0_az=15,7.0,1.5452562306379123e-18,5.063348485465142e-06,9.31781045066904e-10,12.413611778644837,0.011566768156160515,23,11,hbr,True,S23_D11 hbr,mild_master_42,,0.007778600262311279
850,az_itd=0_az=5,7.0,1.5452562306379123e-18,1.4057135309100644e-05,9.328834850066322e-10,10.655420052443953,0.009940265392733467,23,11,hbr,True,S23_D11 hbr,mild_master_42,,-0.0038447770115683133
851,az_itd=15_az=0,7.0,1.5452562306379123e-18,0.21076580771996553,9.341488213142964e-10,-1.3775694381622283,-0.0012868548669378432,23,11,hbr,False,S23_D11 hbr,mild_master_42,,0.0005461583026893219
852,az_itd=5_az=0,7.0,1.5452562306379123e-18,1.9774422912416668e-07,9.338083695369467e-10,19.966734726182683,0.018645103999633383,23,11,hbr,True,S23_D11 hbr,mild_master_42,,0.010083572367743827
853,constant,7.0,1.5452562306379123e-18,0.8273187883592934,1.156736259903926e-09,-0.22645422232558174,-0.0002619478101723456,23,11,hbr,False,S23_D11 hbr,mild_master_42,,
861,Linear,7.0,6.469716819005693e-18,0.543007218405831,2.836828555615989e-13,-0.6392458467841408,-1.813430872216174e-07,23,19,hbr,False,S23_D19 hbr,mild_master_42,,
862,ShortHbO,7.0,6.469716819005693e-18,2.4096328311221763e-07,0.0006597243981371787,-19.402000020939383,-12799.972786471762,23,19,hbr,True,S23_D19 hbr,mild_master_42,,
863,az_itd=0_az=15,7.0,6.469716819005693e-18,0.0004422341125462939,1.906585368091291e-09,6.206990140470921,0.011834156581708766,23,19,hbr,True,S23_D19 hbr,mild_master_42,,-0.01572742304748907
864,az_itd=0_az=5,7.0,6.469716819005693e-18,0.005225303487686781,1.9088411511096443e-09,3.9946628839460905,0.007625176897686626,23,19,hbr,True,S23_D19 hbr,mild_master_42,,0.0004474782728395272
865,az_itd=15_az=0,7.0,6.469716819005693e-18,0.00012453191969742964,1.9114302483043976e-09,-7.616778753492396,-0.01455894130406763,23,19,hbr,True,S23_D19 hbr,mild_master_42,,-0.03899825932725138
866,az_itd=5_az=0,7.0,6.469716819005693e-18,1.15654826122131e-05,1.9107336250143317e-09,10.972765825275273,0.020966032621761596,23,19,hbr,True,S23_D19 hbr,mild_master_42,,0.016193104873238627
867,constant,7.0,6.469716819005693e-18,0.9173835506907895,2.36688269153953e-09,-0.10753273130131238,-0.00025451736049104733,23,19,hbr,False,S23_D19 hbr,mild_master_42,,
917,Linear,7.0,5.3391249786579935e-18,0.976226110984586,2.577065740285116e-13,0.030881474648806292,7.958359032692204e-09,24,9,hbr,False,S24_D9 hbr,mild_master_42,,
918,ShortHbO,7.0,5.3391249786579935e-18,3.731644465441342e-07,0.0005993147316230289,-18.206792684980122,-10911.599071714987,24,9,hbr,True,S24_D9 hbr,mild_master_42,,
919,az_itd=0_az=15,7.0,5.3391249786579935e-18,4.1969764315992194e-06,1.7320030931407693e-09,12.764289567372478,0.02210778901243358,24,9,hbr,True,S24_D9 hbr,mild_master_42,,0.0007384832229273318
920,az_itd=0_az=5,7.0,5.3391249786579935e-18,0.0006402634133854062,1.734052318541651e-09,-5.835036157277923,-0.01011825797730215,24,9,hbr,True,S24_D9 hbr,mild_master_42,,0.00436303865012676
921,az_itd=15_az=0,7.0,5.3391249786579935e-18,8.940517726044723e-06,1.7364043371948957e-09,-11.404546682985847,-0.019802904324078288,24,9,hbr,True,S24_D9 hbr,mild_master_42,,-0.045297525037213335
922,az_itd=5_az=0,7.0,5.3391249786579935e-18,0.0036861815242305736,1.735771502330357e-09,4.273185183520179,0.007417273065734645,24,9,hbr,True,S24_D9 hbr,mild_master_42,,0.0008924717892829941
923,constant,7.0,5.3391249786579935e-18,0.9438254677771485,2.150151895349868e-09,0.07302966211917891,0.000157024866422313,24,9,hbr,False,S24_D9 hbr,mild_master_42,,
889,Linear,7.0,1.0062675065732837e-17,0.7569985510338775,3.5379132396834387e-13,0.32180298422713366,1.138511038466817e-07,24,10,hbr,False,S24_D10 hbr,mild_master_42,,
890,ShortHbO,7.0,1.0062675065732837e-17,2.5531158307430107e-06,0.0008227665637710339,-13.738074009641636,-11303.227945744999,24,10,hbr,True,S24_D10 hbr,mild_master_42,,
891,az_itd=0_az=15,7.0,1.0062675065732837e-17,0.005288688549373975,2.3777727430878246e-09,3.9852019183935123,0.009475904497257402,24,10,hbr,True,S24_D10 hbr,mild_master_42,,-0.02414237557741437
892,az_itd=0_az=5,7.0,1.0062675065732837e-17,3.565127337671676e-05,2.380586013065203e-09,-9.251218624744483,-0.022023321661875022,24,10,hbr,True,S24_D10 hbr,mild_master_42,,-0.008476614754776304
893,az_itd=15_az=0,7.0,1.0062675065732837e-17,1.5263814813933974e-06,2.3838149714123723e-09,-14.818849573376125,-0.03532539547212186,24,10,hbr,True,S24_D10 hbr,mild_master_42,,-0.05115944204025155
894,az_itd=5_az=0,7.0,1.0062675065732837e-17,0.0002567672421697928,2.3829461868832133e-09,6.784646789370974,0.016167448196081,24,10,hbr,True,S24_D10 hbr,mild_master_42,,0.007761647345056261
895,constant,7.0,1.0062675065732837e-17,0.6408798308121509,2.9518264664242226e-09,0.4873817354766849,0.001438666306031848,24,10,hbr,False,S24_D10 hbr,mild_master_42,,
903,Linear,7.0,1.8079370984267956e-17,0.6890978569149616,4.742224524756012e-13,0.4171023188660471,1.9779928458591705e-07,24,19,hbr,False,S24_D19 hbr,mild_master_42,,
904,ShortHbO,7.0,1.8079370984267956e-17,4.1179907211553417e-07,0.0011028376086501613,-17.947548054695716,-19793.230977774478,24,19,hbr,True,S24_D19 hbr,mild_master_42,,
905,az_itd=0_az=15,7.0,1.8079370984267956e-17,0.18050946026986456,3.1871703607905297e-09,-1.4873881765011612,-0.0047405595111347735,24,19,hbr,False,S24_D19 hbr,mild_master_42,,-0.05399435415746016
906,az_itd=0_az=5,7.0,1.8079370984267956e-17,0.00036026708972941476,3.190941272335743e-09,-6.4202931647779575,-0.02048677843998505,24,19,hbr,True,S24_D19 hbr,mild_master_42,,-0.012945871005219904
907,az_itd=15_az=0,7.0,1.8079370984267956e-17,2.9531848794913653e-06,3.1952693732319458e-09,-13.445941118890039,-0.04296340385146942,24,19,hbr,True,S24_D19 hbr,mild_master_42,,-0.08389480885495695
908,az_itd=5_az=0,7.0,1.8079370984267956e-17,0.00411221574367471,3.194104853069412e-09,4.184873254976301,0.01336692397320019,24,19,hbr,True,S24_D19 hbr,mild_master_42,,-0.0082806341366423
909,constant,7.0,1.8079370984267956e-17,0.5775862045330431,3.956632883160624e-09,0.5839373852786627,0.0023104258603003913,24,19,hbr,False,S24_D19 hbr,mild_master_42,,
