,Condition,df,mse,p_value,se,t,theta,Source,Detector,Chroma,Significant,ch_name,ID,mean_hbo,mean_hbr
602,Linear,7.0,3.0921485188539597e-16,0.8853889635337014,1.6939918108705331e-12,0.14948199472612017,2.532212749386398e-07,1,7,hbo,False,S1_D7 hbo,mild_master_25,,
603,ShortHbO,7.0,3.0921485188539597e-16,2.8429655564260203e-05,0.003924125558729551,-9.576829848415985,-37580.68277977322,1,7,hbo,True,S1_D7 hbo,mild_master_25,,
604,az_itd=0_az=15,7.0,3.0921485188539597e-16,0.006753030852526958,1.3124178652407106e-08,-3.7956420785326683,-0.04981468473925658,1,7,hbo,True,S1_D7 hbo,mild_master_25,-0.11701036020491326,
605,az_itd=0_az=5,7.0,3.0921485188539597e-16,0.432453215138764,1.3098504424841709e-08,0.8327931468892672,0.010908344719506918,1,7,hbo,False,S1_D7 hbo,mild_master_25,0.005242995821674656,
606,az_itd=15_az=0,7.0,3.0921485188539597e-16,3.3463861289428577e-06,1.3115409991730173e-08,-13.199735218702454,-0.17311993917556284,1,7,hbo,True,S1_D7 hbo,mild_master_25,0.11519055948842553,
607,az_itd=5_az=0,7.0,3.0921485188539597e-16,0.0016921929443697453,1.3073222692399334e-08,4.931079491470784,0.06446510030592081,1,7,hbo,True,S1_D7 hbo,mild_master_25,0.22608544748368037,
608,constant,7.0,3.0921485188539597e-16,0.9174815120817352,1.5897937536126524e-08,-0.10740466415722143,-0.0017075126418601534,1,7,hbo,False,S1_D7 hbo,mild_master_25,,
616,Linear,7.0,1.4827689543841424e-17,0.6354968579664002,3.7095213590365665e-13,0.49538844697842926,1.837654025086437e-07,1,8,hbo,False,S1_D8 hbo,mild_master_25,,
617,ShortHbO,7.0,1.4827689543841424e-17,0.1785030758534097,0.000859309205761036,-1.495244535565484,-1284.877394275305,1,8,hbo,False,S1_D8 hbo,mild_master_25,,
618,az_itd=0_az=15,7.0,1.4827689543841424e-17,0.4232285156019422,2.873946657740762e-09,-0.8504093472508124,-0.0024440311012429755,1,8,hbo,False,S1_D8 hbo,mild_master_25,-0.017171528113334555,
619,az_itd=0_az=5,7.0,1.4827689543841424e-17,0.48155532513594246,2.868324487968781e-09,-0.743197164684933,-0.00213173062685476,1,8,hbo,False,S1_D8 hbo,mild_master_25,0.023674153104148027,
620,az_itd=15_az=0,7.0,1.4827689543841424e-17,0.0002881171977187486,2.872026487060922e-09,-6.659002696258374,-0.019124832121064146,1,8,hbo,True,S1_D8 hbo,mild_master_25,0.01783899961192757,
621,az_itd=5_az=0,7.0,1.4827689543841424e-17,0.9126797697618666,2.8627882671980176e-09,-0.1136845039940978,-0.00032545466419652935,1,8,hbo,False,S1_D8 hbo,mild_master_25,0.02258027957591872,
622,constant,7.0,1.4827689543841424e-17,0.8584722290626586,3.481347340432786e-09,-0.18500369309614847,-0.0006440621149305199,1,8,hbo,False,S1_D8 hbo,mild_master_25,,
868,Linear,7.0,5.2095050644859495e-17,0.3478234116022878,6.953114259587627e-13,1.006207920190533,6.996278637986803e-07,4,2,hbo,False,S4_D2 hbo,mild_master_25,,
869,ShortHbO,7.0,5.2095050644859495e-17,0.004351800799847605,0.0016106862621014175,4.139516502487411,6667.462362298581,4,2,hbo,True,S4_D2 hbo,mild_master_25,,
870,az_itd=0_az=15,7.0,5.2095050644859495e-17,1.6934363977358992e-05,5.386915872192587e-09,-10.360241074725538,-0.055809747085180585,4,2,hbo,True,S4_D2 hbo,mild_master_25,-0.0257044081688103,
871,az_itd=0_az=5,7.0,5.2095050644859495e-17,0.003939902524998094,5.376377696231919e-09,-4.219324758043161,-0.022684683522302386,4,2,hbo,True,S4_D2 hbo,mild_master_25,0.04351928550269984,
872,az_itd=15_az=0,7.0,5.2095050644859495e-17,0.0887042682749995,5.3833167107799395e-09,-1.9759924540174056,-0.010637393198086962,4,2,hbo,False,S4_D2 hbo,mild_master_25,0.037710010848223986,
873,az_itd=5_az=0,7.0,5.2095050644859495e-17,0.22443300026531232,5.366000622787754e-09,1.332506632962776,0.007150231422347069,4,2,hbo,False,S4_D2 hbo,mild_master_25,0.038851941537247664,
874,constant,7.0,5.2095050644859495e-17,0.8715145992272404,6.525425652658187e-09,0.16776180126594853,0.0010947171615169652,4,2,hbo,False,S4_D2 hbo,mild_master_25,,
882,Linear,7.0,8.171789030832994e-18,0.004861359508836699,2.7538463601624754e-13,4.051534167375832,1.115730261990184e-06,4,3,hbo,True,S4_D3 hbo,mild_master_25,,
883,ShortHbO,7.0,8.171789030832994e-18,0.04150256547951516,0.0006379274573455313,2.4915456174979327,1589.4253606308578,4,3,hbo,True,S4_D3 hbo,mild_master_25,,
884,az_itd=0_az=15,7.0,8.171789030832994e-18,4.2819013468779675e-06,2.1335387444098804e-09,-12.726422887999412,-0.02715231630929143,4,3,hbo,True,S4_D3 hbo,mild_master_25,0.010800971759101621,
885,az_itd=0_az=5,7.0,8.171789030832994e-18,3.089908412819385e-07,2.1293650006127002e-09,-18.713485940596822,-0.03984784200136471,4,3,hbo,True,S4_D3 hbo,mild_master_25,0.0032191870566625853,
886,az_itd=15_az=0,7.0,8.171789030832994e-18,6.370849426152208e-06,2.13211326264936e-09,-11.996477810437895,-0.02557784944471339,4,3,hbo,True,S4_D3 hbo,mild_master_25,-0.0009687985388280157,
887,az_itd=5_az=0,7.0,8.171789030832994e-18,1.3316476709551399e-05,2.1252550629838246e-09,-10.74262300580478,-0.022830813932813124,4,3,hbo,True,S4_D3 hbo,mild_master_25,0.031146047338214498,
888,constant,7.0,8.171789030832994e-18,0.4695725371343775,2.5844562610638517e-09,-0.764462430579534,-0.0019757197150593667,4,3,hbo,False,S4_D3 hbo,mild_master_25,,
896,Linear,7.0,3.5059702016773005e-17,0.042473959746172824,5.704075222575273e-13,-2.4757456267600064,-1.4121839287000843e-06,4,4,hbo,True,S4_D4 hbo,mild_master_25,,
897,ShortHbO,7.0,3.5059702016773005e-17,0.5211778643495797,0.001321346846318036,0.6752703732233458,892.2663780706711,4,4,hbo,False,S4_D4 hbo,mild_master_25,,
898,az_itd=0_az=15,7.0,3.5059702016773005e-17,0.005326451116545913,4.419224566934352e-09,3.9796241223492244,0.01758685268865025,4,4,hbo,True,S4_D4 hbo,mild_master_25,-0.035419298713934816,
899,az_itd=0_az=5,7.0,3.5059702016773005e-17,7.866602912632437e-08,4.4105794410031185e-09,22.81798652844243,0.1006405422674343,4,4,hbo,True,S4_D4 hbo,mild_master_25,0.09726620765482437,
900,az_itd=15_az=0,7.0,3.5059702016773005e-17,9.483201863228834e-05,4.4162719493489835e-09,7.950500827773929,0.03511157378897388,4,4,hbo,True,S4_D4 hbo,mild_master_25,0.047712431188478226,
901,az_itd=5_az=0,7.0,3.5059702016773005e-17,3.3760234495407642e-06,4.402066477558849e-09,13.182527037530225,0.05803036036142496,4,4,hbo,True,S4_D4 hbo,mild_master_25,0.05162673482914769,
902,constant,7.0,3.5059702016773005e-17,0.5139107960997591,5.353215464676135e-09,-0.6874725064359094,-0.003680188452992374,4,4,hbo,False,S4_D4 hbo,mild_master_25,,
910,Linear,7.0,3.1708798076911226e-17,0.5974569364867632,5.424641274479302e-13,-0.5530239191906253,-2.9999563778157725e-07,5,1,hbo,False,S5_D1 hbo,mild_master_25,,
911,ShortHbO,7.0,3.1708798076911226e-17,0.002969798062702926,0.001256616078987077,4.4505146384789445,5592.58825448,5,1,hbo,True,S5_D1 hbo,mild_master_25,,
912,az_itd=0_az=15,7.0,3.1708798076911226e-17,0.0003031521368236917,4.202733493434159e-09,-6.604089838033411,-0.027755229555951184,5,1,hbo,True,S5_D1 hbo,mild_master_25,-0.04484509875423356,
913,az_itd=0_az=5,7.0,3.1708798076911226e-17,0.0008909970343737643,4.194511879040991e-09,5.516341067910955,0.023138358138194162,5,1,hbo,True,S5_D1 hbo,mild_master_25,0.07422455842611993,
914,az_itd=15_az=0,7.0,3.1708798076911226e-17,0.015078262837736164,4.199925520082414e-09,-3.19940528959985,-0.013437263924877076,5,1,hbo,True,S5_D1 hbo,mild_master_25,0.0429068962919512,
915,az_itd=5_az=0,7.0,3.1708798076911226e-17,0.03465062292002757,4.186415952696059e-09,2.6151922591659837,0.010948282593139722,5,1,hbo,True,S5_D1 hbo,mild_master_25,0.051967003000185044,
916,constant,7.0,3.1708798076911226e-17,0.499585514058845,5.090969601160417e-09,0.7118535220304986,0.0036240246411362452,5,1,hbo,False,S5_D1 hbo,mild_master_25,,
924,Linear,7.0,3.322072236197296e-17,0.22373396585017308,5.552462954881396e-13,1.334752167909051,7.41116196626264e-07,5,3,hbo,False,S5_D3 hbo,mild_master_25,,
925,ShortHbO,7.0,3.322072236197296e-17,2.7373096583674876e-05,0.0012862259224235605,9.632274578164983,12389.28125433727,5,3,hbo,True,S5_D3 hbo,mild_master_25,,
926,az_itd=0_az=15,7.0,3.322072236197296e-17,0.004164370675398371,4.301763167514217e-09,-4.174757111153498,-0.01795881637407817,5,3,hbo,True,S5_D3 hbo,mild_master_25,0.005583337560245976,
927,az_itd=0_az=5,7.0,3.322072236197296e-17,0.014728527365333957,4.293347825920636e-09,-3.2163124466075264,-0.013808748050123904,5,3,hbo,True,S5_D3 hbo,mild_master_25,0.09056265672367687,
928,az_itd=15_az=0,7.0,3.322072236197296e-17,0.0034033814539899715,4.298889029442229e-09,-4.3382404962169145,-0.0186496144762689,5,3,hbo,True,S5_D3 hbo,mild_master_25,0.05447257229831199,
929,az_itd=5_az=0,7.0,3.322072236197296e-17,0.003541199200819483,4.285061133982651e-09,4.30582354542987,0.01845071712430892,5,3,hbo,True,S5_D3 hbo,mild_master_25,0.08420006859532218,
930,constant,7.0,3.322072236197296e-17,0.39329966080331713,5.210928923145034e-09,-0.9095486769198126,-0.004739593507569749,5,3,hbo,False,S5_D3 hbo,mild_master_25,,
952,Linear,7.0,1.3818325341149918e-17,0.0724503695163803,3.581037267121005e-13,-2.1131525768249024,-7.567278128722758e-07,7,7,hbo,False,S7_D7 hbo,mild_master_25,,
953,ShortHbO,7.0,1.3818325341149918e-17,8.124121223223844e-06,0.0008295459149505028,11.56905183789496,9597.059691976372,7,7,hbo,True,S7_D7 hbo,mild_master_25,,
954,az_itd=0_az=15,7.0,1.3818325341149918e-17,1.8768458633585812e-06,2.774403781236207e-09,14.375313923255156,0.039882925305136596,7,7,hbo,True,S7_D7 hbo,mild_master_25,0.04675858011179284,
955,az_itd=0_az=5,7.0,1.3818325341149918e-17,3.6856309267728425e-05,2.768976342618958e-09,9.20421899040895,0.025486264636726534,7,7,hbo,True,S7_D7 hbo,mild_master_25,0.02138810313063127,
956,az_itd=15_az=0,7.0,1.3818325341149918e-17,0.0072646273740235015,2.772550118162671e-09,3.7398044158792807,0.010368795175151378,7,7,hbo,True,S7_D7 hbo,mild_master_25,0.059063194565825025,
957,az_itd=5_az=0,7.0,1.3818325341149918e-17,0.3788977226830107,2.763631876047599e-09,0.9391978729692916,0.0025955971796540376,7,7,hbo,False,S7_D7 hbo,mild_master_25,0.02075979625670183,
958,constant,7.0,1.3818325341149918e-17,0.6912713485451727,3.3607663521097174e-09,0.41399052787681323,0.0013913254361805339,7,7,hbo,False,S7_D7 hbo,mild_master_25,,
966,Linear,7.0,4.150953831792104e-17,0.4190450860624093,6.206618983073823e-13,-0.858489061714278,-5.328314507197072e-07,7,8,hbo,False,S7_D8 hbo,mild_master_25,,
967,ShortHbO,7.0,4.150953831792104e-17,7.770164451545985e-06,0.0014377609164627433,11.646315309817556,16744.61697325737,7,8,hbo,True,S7_D8 hbo,mild_master_25,,
968,az_itd=0_az=15,7.0,4.150953831792104e-17,0.3039245891402054,4.808569665954994e-09,-1.1093650849088823,-0.005334459295762437,7,8,hbo,False,S7_D8 hbo,mild_master_25,0.06541190139995946,
969,az_itd=0_az=5,7.0,4.150953831792104e-17,0.13224234068601434,4.799162882099218e-09,1.703561650932782,0.008175669842524273,7,8,hbo,False,S7_D8 hbo,mild_master_25,0.0048020711093154185,
970,az_itd=15_az=0,7.0,4.150953831792104e-17,0.00043915718804990667,4.805356915133867e-09,6.2141682124258155,0.029861296191385455,7,8,hbo,True,S7_D8 hbo,mild_master_25,0.09903561366246239,
971,az_itd=5_az=0,7.0,4.150953831792104e-17,0.0651934470067514,4.789899904586877e-09,2.18463116289966,0.010464164598730598,7,8,hbo,False,S7_D8 hbo,mild_master_25,0.08110077460819937,
972,constant,7.0,4.150953831792104e-17,0.9168790572847662,5.824847574247571e-09,0.10819229887252198,0.0006302036496398778,7,8,hbo,False,S7_D8 hbo,mild_master_25,,
938,Linear,7.0,1.3306503882212042e-16,0.10382340525711202,1.1112534348346774e-12,1.8690446175462507,2.076982251107537e-06,7,18,hbo,False,S7_D18 hbo,mild_master_25,,
939,ShortHbO,7.0,1.3306503882212042e-16,2.084983101224408e-06,0.0025742143367386305,14.154468727379811,36436.636326939704,7,18,hbo,True,S7_D18 hbo,mild_master_25,,
940,az_itd=0_az=15,7.0,1.3306503882212042e-16,0.00011768638222026606,8.609420962534971e-09,-7.685073953415919,-0.06616403679317051,7,18,hbo,True,S7_D18 hbo,mild_master_25,0.06528848580702414,
941,az_itd=0_az=5,7.0,1.3306503882212042e-16,0.0002614654475215386,8.592578747958909e-09,-6.76475106834873,-0.05812665626512562,7,18,hbo,True,S7_D18 hbo,mild_master_25,-0.12031864134204437,
942,az_itd=15_az=0,7.0,1.3306503882212042e-16,4.8983130428190345e-05,8.603668748012085e-09,-8.810388914242733,-0.07580166775930233,7,18,hbo,True,S7_D18 hbo,mild_master_25,-0.10929015722379483,
943,az_itd=5_az=0,7.0,1.3306503882212042e-16,9.320866369617906e-05,8.575994008980316e-09,-7.972047299798507,-0.0683682298823797,7,18,hbo,True,S7_D18 hbo,mild_master_25,0.028273835591337237,
944,constant,7.0,1.3306503882212042e-16,0.962114577951676,1.0428998287027703e-08,-0.04922564795679087,-0.0005133741982192007,7,18,hbo,False,S7_D18 hbo,mild_master_25,,
1008,Linear,7.0,1.6092502623165275e-17,0.0034781448785128097,3.864496587700166e-13,4.320479570084885,1.6696478555821318e-06,8,6,hbo,True,S8_D6 hbo,mild_master_25,,
1009,ShortHbO,7.0,1.6092502623165275e-17,0.04603004180097147,0.0008952091582794762,2.4209187892321666,2167.2286715714968,8,6,hbo,True,S8_D6 hbo,mild_master_25,,
1010,az_itd=0_az=15,7.0,1.6092502623165275e-17,1.7174948288469484e-06,2.994013506625557e-09,-14.564151415954491,-0.043605266051907475,8,6,hbo,True,S8_D6 hbo,mild_master_25,-0.027026311829278393,
1011,az_itd=0_az=5,7.0,1.6092502623165275e-17,2.6156600219463505e-06,2.988156455594872e-09,-13.689096934525216,-0.040905163376165496,8,6,hbo,True,S8_D6 hbo,mild_master_25,0.00781537432021379,
1012,az_itd=15_az=0,7.0,1.6092502623165275e-17,2.8017136757766576e-05,2.992013115652752e-09,-9.598195116659943,-0.028717925675640747,8,6,hbo,True,S8_D6 hbo,mild_master_25,-0.018505254893254053,
1013,az_itd=5_az=0,7.0,1.6092502623165275e-17,4.7442747722368414e-05,2.982388944316025e-09,-8.853894214337132,-0.026405756218982678,8,6,hbo,True,S8_D6 hbo,mild_master_25,0.029194463783469165,
1014,constant,7.0,1.6092502623165275e-17,0.18665516884938177,3.626789985971592e-09,-1.463807126650606,-0.005308921028330268,8,6,hbo,False,S8_D6 hbo,mild_master_25,,
1022,Linear,7.0,1.1620580019771459e-16,0.5408081390396594,1.0384725867478008e-12,-0.6428339019859587,-6.675653850445408e-07,8,8,hbo,False,S8_D8 hbo,mild_master_25,,
1023,ShortHbO,7.0,1.1620580019771459e-16,0.4587070615473363,0.0024056177801726596,-0.7840650242425329,-1886.1607631293443,8,8,hbo,False,S8_D8 hbo,mild_master_25,,
1024,az_itd=0_az=15,7.0,1.1620580019771459e-16,0.11448950785176064,8.045552325959329e-09,1.8023527834276016,0.014500923628905212,8,8,hbo,False,S8_D8 hbo,mild_master_25,-0.01498536113166378,
1025,az_itd=0_az=5,7.0,1.1620580019771459e-16,0.0005083782260221527,8.029813181683958e-09,6.064946486543656,0.04870038724385606,8,8,hbo,True,S8_D8 hbo,mild_master_25,0.06894160338889758,
1026,az_itd=15_az=0,7.0,1.1620580019771459e-16,0.10514264391701389,8.040176849125821e-09,-1.8604457538135553,-0.014958312878866183,8,8,hbo,False,S8_D8 hbo,mild_master_25,0.032051677402971615,
1027,az_itd=5_az=0,7.0,1.1620580019771459e-16,0.2482705847431623,8.014314649802976e-09,-1.259347299672431,-0.010092805512954581,8,8,hbo,False,S8_D8 hbo,mild_master_25,-0.010917116391074214,
1028,constant,7.0,1.1620580019771459e-16,0.8568418776490164,9.74595757261193e-09,0.1871632884719858,0.0018240854685985012,8,8,hbo,False,S8_D8 hbo,mild_master_25,,
980,Linear,7.0,2.890997597819879e-17,0.38439253678624646,5.179704680495724e-13,-0.9277877745633663,-4.80566667841258e-07,8,16,hbo,False,S8_D16 hbo,mild_master_25,,
981,ShortHbO,7.0,2.890997597819879e-17,1.255796812201369e-06,0.0011998766105580539,15.249415036913957,18297.41642748534,8,16,hbo,True,S8_D16 hbo,mild_master_25,,
982,az_itd=0_az=15,7.0,2.890997597819879e-17,0.2795497717314687,4.0129691983930505e-09,-1.171965255774273,-0.00470306047300899,8,16,hbo,False,S8_D16 hbo,mild_master_25,0.03930992978556857,
983,az_itd=0_az=5,7.0,2.890997597819879e-17,0.029623591470311135,4.005118811169498e-09,2.723309665171239,0.010907178768617038,8,16,hbo,True,S8_D16 hbo,mild_master_25,0.038599507209530266,
984,az_itd=15_az=0,7.0,2.890997597819879e-17,0.00014560566531746867,4.010288012305932e-09,7.43048015821819,0.02979836550417949,8,16,hbo,True,S8_D16 hbo,mild_master_25,0.06214831830865633,
985,az_itd=5_az=0,7.0,2.890997597819879e-17,3.510942986023564e-05,3.99738843685349e-09,9.27294197685496,0.037067551033893364,8,16,hbo,True,S8_D16 hbo,mild_master_25,0.08270892998055099,
986,constant,7.0,2.890997597819879e-17,0.799377034508346,4.86109914685985e-09,-0.2640085282892087,-0.001283371631630397,8,16,hbo,False,S8_D16 hbo,mild_master_25,,
994,Linear,7.0,8.016237547093192e-15,0.1636948317394885,8.625145360021129e-12,-1.5558581459422842,-1.341950266832517e-05,8,18,hbo,False,S8_D18 hbo,mild_master_25,,
995,ShortHbO,7.0,8.016237547093192e-15,3.4769488826855e-05,0.0199801162779076,9.286765517027456,185550.65487587126,8,18,hbo,True,S8_D18 hbo,mild_master_25,,
996,az_itd=0_az=15,7.0,8.016237547093192e-15,6.291248180524906e-07,6.682319706712495e-08,16.872234172484607,1.1274566290706187,8,18,hbo,True,S8_D18 hbo,mild_master_25,1.287130116942221,
997,az_itd=0_az=5,7.0,8.016237547093192e-15,0.0013320451271876099,6.669247391761693e-08,5.14452841575147,0.34310132718594405,8,18,hbo,True,S8_D18 hbo,mild_master_25,0.01707784873071984,
998,az_itd=15_az=0,7.0,8.016237547093192e-15,0.04142616908656146,6.677855046820641e-08,2.4928043513813654,0.16646586118608506,8,18,hbo,True,S8_D18 hbo,mild_master_25,-0.9600467629056396,
999,az_itd=5_az=0,7.0,8.016237547093192e-15,0.0008738973125709853,6.656374920013639e-08,-5.534693040737475,-0.3684099194633895,8,18,hbo,True,S8_D18 hbo,mild_master_25,0.011626312710980448,
1000,constant,7.0,8.016237547093192e-15,0.9802833644277829,8.094609507182988e-08,-0.02560978771153555,-0.002073012310867337,8,18,hbo,False,S8_D18 hbo,mild_master_25,,
1078,Linear,7.0,2.2957257320889685e-17,0.031588751940566734,4.615737847369538e-13,2.678917846255473,1.2365182492955077e-06,9,5,hbo,True,S9_D5 hbo,mild_master_25,,
1079,ShortHbO,7.0,2.2957257320889685e-17,3.322509660426831e-06,0.001069233909103143,13.213725109983864,14128.562953162404,9,5,hbo,True,S9_D5 hbo,mild_master_25,,
1080,az_itd=0_az=15,7.0,2.2957257320889685e-17,2.822158667968137e-07,3.576036656896484e-09,-18.961670057403783,-0.06780762720125239,9,5,hbo,True,S9_D5 hbo,mild_master_25,-0.052977828162076745,
1081,az_itd=0_az=5,7.0,2.2957257320889685e-17,1.0609379744747232e-05,3.5690410207242714e-09,-11.115812273225627,-0.03967278998181258,9,5,hbo,True,S9_D5 hbo,mild_master_25,0.023499789395254794,
1082,az_itd=15_az=0,7.0,2.2957257320889685e-17,2.5353704941595948e-06,3.5736473986546478e-09,-13.752219079099183,-0.049145581937751606,9,5,hbo,True,S9_D5 hbo,mild_master_25,-0.04411670511832331,
1083,az_itd=5_az=0,7.0,2.2957257320889685e-17,0.09159747311381077,3.5621523304406168e-09,-1.954211883620767,-0.006961200415414461,9,5,hbo,False,S9_D5 hbo,mild_master_25,0.026693587116527,
1084,constant,7.0,2.2957257320889685e-17,0.9384322552113726,4.331822120374128e-09,0.08005748581643335,0.000346794787961164,9,5,hbo,False,S9_D5 hbo,mild_master_25,,
1092,Linear,7.0,1.8718845500931732e-17,0.0010872266460106085,4.1679323736925456e-13,5.3301823406302695,2.2215839535197205e-06,9,6,hbo,True,S9_D6 hbo,mild_master_25,,
1093,ShortHbO,7.0,1.8718845500931732e-17,3.394639060223707e-05,0.00096549994219029,9.32088050804154,8999.309591676709,9,6,hbo,True,S9_D6 hbo,mild_master_25,,
1094,az_itd=0_az=15,7.0,1.8718845500931732e-17,2.831130791985505e-08,3.2290999715861552e-09,-26.444578542015073,-0.08539218781862871,9,6,hbo,True,S9_D6 hbo,mild_master_25,-0.0673665063146392,
1095,az_itd=0_az=5,7.0,1.8718845500931732e-17,1.9636087217213386e-07,3.2227830317076577e-09,-19.987081364286595,-0.06441402667418318,9,6,hbo,True,S9_D6 hbo,mild_master_25,-0.0040037588662468005,
1096,az_itd=15_az=0,7.0,1.8718845500931732e-17,2.401706801731981e-07,3.2269425122363058e-09,-19.411284916531894,-0.06263910051428814,9,6,hbo,True,S9_D6 hbo,mild_master_25,-0.058520976693705075,
1097,az_itd=5_az=0,7.0,1.8718845500931732e-17,1.2570565080524622e-06,3.2165626621383704e-09,-15.247172753939612,-0.049043486583495624,9,6,hbo,True,S9_D6 hbo,mild_master_25,0.011103838561440715,
1098,constant,7.0,1.8718845500931732e-17,0.6420270858846759,3.911561325536291e-09,-0.48567976515577305,-0.00189976618597887,9,6,hbo,False,S9_D6 hbo,mild_master_25,,
1106,Linear,7.0,3.6564460917592825e-17,0.9942356684672774,5.825198396445039e-13,-0.007486391005493631,-4.3609712880362065e-09,9,7,hbo,False,S9_D7 hbo,mild_master_25,,
1107,ShortHbO,7.0,3.6564460917592825e-17,0.15243391804482356,0.0013494049832751764,1.6054314774423726,2166.3772359675663,9,7,hbo,False,S9_D7 hbo,mild_master_25,,
1108,az_itd=0_az=15,7.0,3.6564460917592825e-17,0.0006956639784118459,4.51306458213469e-09,-5.753841708947359,-0.025967459227859663,9,7,hbo,True,S9_D7 hbo,mild_master_25,-0.0763072017270545,
1109,az_itd=0_az=5,7.0,3.6564460917592825e-17,0.04396045510405055,4.504235881294215e-09,2.4522736860561247,0.01104561912748762,9,7,hbo,True,S9_D7 hbo,mild_master_25,0.05341909412737791,
1110,az_itd=15_az=0,7.0,3.6564460917592825e-17,0.5027545653804503,4.510049267197129e-09,0.7064214279260206,0.003185995443350099,9,7,hbo,False,S9_D7 hbo,mild_master_25,0.0062127206946834546,
1111,az_itd=5_az=0,7.0,3.6564460917592825e-17,0.1031135574752918,4.495542149344767e-09,-1.8737154015714046,-0.008423366563640705,9,7,hbo,False,S9_D7 hbo,mild_master_25,0.02144709198707514,
1112,constant,7.0,3.6564460917592825e-17,0.9226511969611951,5.466888307720717e-09,0.10064900985914377,0.0005502368951826203,9,7,hbo,False,S9_D7 hbo,mild_master_25,,
1036,Linear,7.0,5.1549750205015775e-17,0.12224024317193569,6.916627967876335e-13,1.7575414858915486,1.2156260596020414e-06,9,15,hbo,False,S9_D15 hbo,mild_master_25,,
1037,ShortHbO,7.0,5.1549750205015775e-17,0.021131712112509114,0.0016022342265644828,2.95911081131048,4741.1886220786455,9,15,hbo,True,S9_D15 hbo,mild_master_25,,
1038,az_itd=0_az=15,7.0,5.1549750205015775e-17,5.771647965718986e-06,5.358648167017745e-09,-12.174242260541458,-0.06523748097428045,9,15,hbo,True,S9_D15 hbo,mild_master_25,-0.02675314077567548,
1039,az_itd=0_az=5,7.0,5.1549750205015775e-17,0.015192064838757891,5.3481652898696455e-09,-3.19399406040576,-0.017082008169911896,9,15,hbo,True,S9_D15 hbo,mild_master_25,0.09240317442608133,
1040,az_itd=15_az=0,7.0,5.1549750205015775e-17,0.001252896881430919,5.355067892113835e-09,-5.200082064522699,-0.027846792500082537,9,15,hbo,True,S9_D15 hbo,mild_master_25,0.017859343778173747,
1041,az_itd=5_az=0,7.0,5.1549750205015775e-17,0.0003543378036478984,5.3378426698566566e-09,-6.437794982026373,-0.03436393675484944,9,15,hbo,True,S9_D15 hbo,mild_master_25,0.08859030352108134,
1042,constant,7.0,5.1549750205015775e-17,0.8756952903960791,6.491183646124936e-09,-0.1622472363547195,-0.0010531766072547223,9,15,hbo,False,S9_D15 hbo,mild_master_25,,
1050,Linear,7.0,1.789637310286011e-17,0.03181406138368602,4.0753381171543823e-13,2.6740134717075663,1.0897509027034167e-06,9,16,hbo,True,S9_D16 hbo,mild_master_25,,
1051,ShortHbO,7.0,1.789637310286011e-17,0.8611391752224888,0.0009440505180347952,-0.18147311301714883,-171.31978635322628,9,16,hbo,False,S9_D16 hbo,mild_master_25,,
1052,az_itd=0_az=15,7.0,1.789637310286011e-17,4.788566280933052e-06,3.1573626965181503e-09,-12.516934643603069,-0.03952050251846803,9,16,hbo,True,S9_D16 hbo,mild_master_25,-0.016980614700531693,
1053,az_itd=0_az=5,7.0,1.789637310286011e-17,2.34622114636991e-05,3.1511860929741237e-09,-9.860895699532284,-0.031073517392634472,9,16,hbo,True,S9_D16 hbo,mild_master_25,0.03459840336540946,
1054,az_itd=15_az=0,7.0,1.789637310286011e-17,0.009762530185832244,3.1552531670113502e-09,-3.5173381628685605,-0.01109809237784091,9,16,hbo,True,S9_D16 hbo,mild_master_25,0.025503020283026586,
1055,az_itd=5_az=0,7.0,1.789637310286011e-17,0.0031810614673443024,3.145103914345576e-09,-4.393704258979996,-0.013818656463394816,9,16,hbo,True,S9_D16 hbo,mild_master_25,0.016835989064550267,
1056,constant,7.0,1.789637310286011e-17,0.358069189567214,3.824662575660321e-09,-0.9836226447743497,-0.0037620247180404813,9,16,hbo,False,S9_D16 hbo,mild_master_25,,
1064,Linear,7.0,2.1077759994095125e-17,0.04838959649692588,4.42275988034733e-13,2.3868885895168153,1.0556635092573796e-06,9,17,hbo,True,S9_D17 hbo,mild_master_25,,
1065,ShortHbO,7.0,2.1077759994095125e-17,6.990982833414077e-06,0.001024530636761209,11.8314846336803,12121.718485574938,9,17,hbo,True,S9_D17 hbo,mild_master_25,,
1066,az_itd=0_az=15,7.0,2.1077759994095125e-17,0.0004139478014235554,3.426527237847034e-09,-6.27518961957536,-0.021502108154129937,9,17,hbo,True,S9_D17 hbo,mild_master_25,0.02508361860730344,
1067,az_itd=0_az=5,7.0,2.1077759994095125e-17,1.0688436193189968e-06,3.419824080080481e-09,-15.614015280675464,-0.05339718544359854,9,17,hbo,True,S9_D17 hbo,mild_master_25,-0.05393923438431035,
1068,az_itd=15_az=0,7.0,2.1077759994095125e-17,0.11721142520397793,3.4242378713697317e-09,1.7862934083739663,0.006116693538332254,9,17,hbo,False,S9_D17 hbo,mild_master_25,0.037442330021948855,
1069,az_itd=5_az=0,7.0,2.1077759994095125e-17,0.0001697166964789808,3.413223396934654e-09,-7.251451715177233,-0.024750824655984858,9,17,hbo,True,S9_D17 hbo,mild_master_25,0.022354712224293527,
1070,constant,7.0,2.1077759994095125e-17,0.44398338884115296,4.150714298843919e-09,-0.8111450107449221,-0.0033668311945348525,9,17,hbo,False,S9_D17 hbo,mild_master_25,,
42,Linear,7.0,1.7959729380157597e-17,0.0037201999103323186,4.0825454473004615e-13,4.265731197325165,1.74150414790474e-06,10,5,hbo,True,S10_D5 hbo,mild_master_25,,
43,ShortHbO,7.0,1.7959729380157597e-17,2.250698472931673e-05,0.0009457200933098904,9.923345227003354,9384.706974027868,10,5,hbo,True,S10_D5 hbo,mild_master_25,,
44,az_itd=0_az=15,7.0,1.7959729380157597e-17,1.0804659279035906e-07,3.1629465658047094e-09,-21.79425754256675,-0.06893407204852489,10,5,hbo,True,S10_D5 hbo,mild_master_25,-0.04129272599658524,
45,az_itd=0_az=5,7.0,1.7959729380157597e-17,1.1424565696294613e-06,3.156759038793808e-09,-15.462373567257758,-0.048810987519647395,10,5,hbo,True,S10_D5 hbo,mild_master_25,0.01858755109064374,
46,az_itd=15_az=0,7.0,1.7959729380157597e-17,3.1190116780563107e-07,3.160833305545964e-09,-18.68799623174351,-0.05906964090321236,10,5,hbo,True,S10_D5 hbo,mild_master_25,-0.02866444412736179,
47,az_itd=5_az=0,7.0,1.7959729380157597e-17,4.509515552260433e-05,3.1506661036910435e-09,-8.92337006746166,-0.028114559602242715,10,5,hbo,True,S10_D5 hbo,mild_master_25,0.027869588022424552,
48,constant,7.0,1.7959729380157597e-17,0.787562676785901,3.831426580287104e-09,-0.28001144684093937,-0.0010728433002110246,10,5,hbo,False,S10_D5 hbo,mild_master_25,,
56,Linear,7.0,1.6866825324146384e-17,0.001990367727669234,3.9563782667442447e-13,4.789464489746468,1.8948933216576238e-06,10,6,hbo,True,S10_D6 hbo,mild_master_25,,
57,ShortHbO,7.0,1.6866825324146384e-17,0.0003378918244776267,0.0009164935141306753,6.488114082858332,5946.314475879556,10,6,hbo,True,S10_D6 hbo,mild_master_25,,
58,az_itd=0_az=15,7.0,1.6866825324146384e-17,3.6121294513054875e-08,3.0651987132434053e-09,-25.531874017605883,-0.07826026738545828,10,6,hbo,True,S10_D6 hbo,mild_master_25,-0.050565826220660734,
59,az_itd=0_az=5,7.0,1.6866825324146384e-17,1.1534550001280535e-06,3.0592024058643882e-09,-15.440675233790778,-0.04723615082338343,10,6,hbo,True,S10_D6 hbo,mild_master_25,-0.0007019668869757671,
60,az_itd=15_az=0,7.0,1.6866825324146384e-17,3.4861377654366803e-07,3.0631507612811797e-09,-18.387979795854207,-0.05632515431009377,10,6,hbo,True,S10_D6 hbo,mild_master_25,-0.03905962268482878,
61,az_itd=5_az=0,7.0,1.6866825324146384e-17,4.186498806371605e-05,3.0532977671206356e-09,-9.0259654302508,-0.027558960094292814,10,6,hbo,True,S10_D6 hbo,mild_master_25,0.007599482914432977,
62,constant,7.0,1.6866825324146384e-17,0.482113305481201,3.7130199892563504e-09,-0.7422156325577232,-0.0027558614800253724,10,6,hbo,False,S10_D6 hbo,mild_master_25,,
0,Linear,7.0,4.6503491607136336e-17,0.6153574776000503,6.56937290474866e-13,-0.5256633951067259,-3.453278864832314e-07,10,14,hbo,False,S10_D14 hbo,mild_master_25,,
1,ShortHbO,7.0,4.6503491607136336e-17,0.003373065592760157,0.001521792723844509,4.345565020141912,6613.049228645179,10,14,hbo,True,S10_D14 hbo,mild_master_25,,
2,az_itd=0_az=15,7.0,4.6503491607136336e-17,0.00020511229661677232,5.089612776339058e-09,-7.034872096903134,-0.03580477490430933,10,14,hbo,True,S10_D14 hbo,mild_master_25,0.010446005799766272,
3,az_itd=0_az=5,7.0,4.6503491607136336e-17,0.8982531479444317,5.0796562007620015e-09,-0.1325839661729551,-0.0006734809658920708,10,14,hbo,False,S10_D14 hbo,mild_master_25,0.010776871765781652,
4,az_itd=15_az=0,7.0,4.6503491607136336e-17,0.13208015115182037,5.086212252116194e-09,-1.7044055974920773,-0.008668968632539627,10,14,hbo,False,S10_D14 hbo,mild_master_25,0.04427670221733469,
5,az_itd=5_az=0,7.0,4.6503491607136336e-17,0.06332651902355846,5.069851836477224e-09,2.204313600213827,0.011175543354215793,10,14,hbo,False,S10_D14 hbo,mild_master_25,-0.007026502148512316,
6,constant,7.0,4.6503491607136336e-17,0.42734465124454935,6.1652883692244875e-09,0.8425153381256099,0.005194350015039058,10,14,hbo,False,S10_D14 hbo,mild_master_25,,
14,Linear,7.0,4.766281485481865e-17,0.3411001837288988,6.65075542623328e-13,1.0213111486143442,6.792490663519393e-07,10,15,hbo,False,S10_D15 hbo,mild_master_25,,
15,ShortHbO,7.0,4.766281485481865e-17,2.8435227157099765e-05,0.0015406449538578016,9.576543692788004,14754.053715692597,10,15,hbo,True,S10_D15 hbo,mild_master_25,,
16,az_itd=0_az=15,7.0,4.766281485481865e-17,1.1211872717963614e-05,5.152663774832293e-09,-11.02405085720222,-0.056803227503814765,10,15,hbo,True,S10_D15 hbo,mild_master_25,-0.04209139695324363,
17,az_itd=0_az=5,7.0,4.766281485481865e-17,0.004659845845037905,5.142583855484445e-09,-4.085063989248117,-0.02100778411972825,10,15,hbo,True,S10_D15 hbo,mild_master_25,0.0883953572899401,
18,az_itd=15_az=0,7.0,4.766281485481865e-17,0.13494711684331243,5.149221124330463e-09,1.6896299025334602,0.008700277986425715,10,15,hbo,False,S10_D15 hbo,mild_master_25,0.03103239989025992,
19,az_itd=5_az=0,7.0,4.766281485481865e-17,0.0033257385017675615,5.1326580330485444e-09,-4.357145578548022,-0.02236373825489645,10,15,hbo,True,S10_D15 hbo,mild_master_25,0.03641890949799018,
20,constant,7.0,4.766281485481865e-17,0.953525987272992,6.241665021979974e-09,-0.060399137584313006,-0.00037699118441776244,10,15,hbo,False,S10_D15 hbo,mild_master_25,,
28,Linear,7.0,3.1061884130018136e-17,0.1810032139784457,5.369020120863726e-13,1.4854669657073936,7.975502027761382e-07,10,16,hbo,False,S10_D16 hbo,mild_master_25,,
29,ShortHbO,7.0,3.1061884130018136e-17,0.0003558045466056509,0.0012437314599996487,6.433435078307603,8001.465602756471,10,16,hbo,True,S10_D16 hbo,mild_master_25,,
30,az_itd=0_az=15,7.0,3.1061884130018136e-17,6.708950676400583e-07,4.159641079868791e-09,-16.71462128480099,-0.06952682533070748,10,16,hbo,True,S10_D16 hbo,mild_master_25,-0.049550022719091154,
31,az_itd=0_az=5,7.0,3.1061884130018136e-17,0.0011111094163489463,4.151503765183934e-09,-5.310114780093438,-0.022044961503116762,10,16,hbo,True,S10_D16 hbo,mild_master_25,0.053959352375552425,
32,az_itd=15_az=0,7.0,3.1061884130018136e-17,0.00017154068746557004,4.156861897861808e-09,-7.239091159531911,-0.030091902216206456,10,16,hbo,True,S10_D16 hbo,mild_master_25,0.03183498783964877,
33,az_itd=5_az=0,7.0,3.1061884130018136e-17,0.002589884014200254,4.14349084981431e-09,-4.564866352365392,-0.018914481961651228,10,16,hbo,True,S10_D16 hbo,mild_master_25,0.018147758179022793,
34,constant,7.0,3.1061884130018136e-17,0.6955387102085459,5.038769725092935e-09,0.40789388927574854,0.0020552833803330517,10,16,hbo,False,S10_D16 hbo,mild_master_25,,
112,Linear,7.0,2.619018163935059e-16,0.042371987938968916,1.5590153421972195e-12,-2.477386642637952,-3.862283784427028e-06,11,3,hbo,True,S11_D3 hbo,mild_master_25,,
113,ShortHbO,7.0,2.619018163935059e-16,0.17797334296527667,0.003611453084666163,1.497332199999631,5407.54499245864,11,3,hbo,False,S11_D3 hbo,mild_master_25,,
114,az_itd=0_az=15,7.0,2.619018163935059e-16,6.903239385734206e-05,1.2078450286206057e-08,8.35455959996249,0.1009101327912925,11,3,hbo,True,S11_D3 hbo,mild_master_25,-0.17307475816224901,
115,az_itd=0_az=5,7.0,2.619018163935059e-16,9.927036001463673e-06,1.2054821768986162e-08,11.227166030430894,0.13534148546766028,11,3,hbo,True,S11_D3 hbo,mild_master_25,0.19888337283510182,
116,az_itd=15_az=0,7.0,2.619018163935059e-16,0.00041348898502438703,1.2070380308276923e-08,6.276338524111052,0.07575779292950989,11,3,hbo,True,S11_D3 hbo,mild_master_25,0.14982233206903856,
117,az_itd=5_az=0,7.0,2.619018163935059e-16,2.590662359171904e-06,1.2031554473062971e-08,13.70851052396601,0.16493469111365405,11,3,hbo,True,S11_D3 hbo,mild_master_25,0.06152511055370006,
118,constant,7.0,2.619018163935059e-16,0.8040716682483293,1.4631197370061295e-08,0.2576709320889837,0.0037700342639215806,11,3,hbo,False,S11_D3 hbo,mild_master_25,,
126,Linear,7.0,1.564875696142642e-17,0.06438953819494835,3.810842997408022e-13,2.1930360591075733,8.357316108913382e-07,11,4,hbo,False,S11_D4 hbo,mild_master_25,,
127,ShortHbO,7.0,1.564875696142642e-17,3.586799201881414e-05,0.0008827803245842999,9.242634517508488,8159.215899380198,11,4,hbo,True,S11_D4 hbo,mild_master_25,,
128,az_itd=0_az=15,7.0,1.564875696142642e-17,4.759312363308754e-06,2.9524454600849255e-09,-12.52833027810164,-0.036989211852025694,11,4,hbo,True,S11_D4 hbo,mild_master_25,-0.025969388503178984,
129,az_itd=0_az=5,7.0,1.564875696142642e-17,9.378699474224622e-05,2.9466697267133947e-09,-7.964322966913524,-0.023468229380372282,11,4,hbo,True,S11_D4 hbo,mild_master_25,0.045173360499613,
130,az_itd=15_az=0,7.0,1.564875696142642e-17,3.0044556226666498e-05,2.950472841981172e-09,-9.496446463514063,-0.028019007385926387,11,4,hbo,True,S11_D4 hbo,mild_master_25,0.00819768250566966,
131,az_itd=5_az=0,7.0,1.564875696142642e-17,0.03318839303634467,2.9409822899488178e-09,-2.6448606128620993,-0.007778488221810609,11,4,hbo,True,S11_D4 hbo,mild_master_25,0.0217373179857092,
132,constant,7.0,1.564875696142642e-17,0.8377530724492315,3.5764366476862624e-09,-0.21252585989681613,-0.0007600852739160094,11,4,hbo,False,S11_D4 hbo,mild_master_25,,
70,Linear,7.0,4.344295587108575e-17,0.35988013133125746,6.349518858480553e-13,-0.9796828090471738,-6.220514471374233e-07,11,11,hbo,False,S11_D11 hbo,mild_master_25,,
71,ShortHbO,7.0,4.344295587108575e-17,7.450017745235608e-05,0.0014708636180120888,8.25603618038006,12143.503246712518,11,11,hbo,True,S11_D11 hbo,mild_master_25,,
72,az_itd=0_az=15,7.0,4.344295587108575e-17,0.00021173282017825556,4.919281151229582e-09,-6.9990537283037035,-0.03443031308208754,11,11,hbo,True,S11_D11 hbo,mild_master_25,-0.05018360183994831,
73,az_itd=0_az=5,7.0,4.344295587108575e-17,0.0002757619475124751,4.909657787583e-09,6.706595443532795,0.03292708854750945,11,11,hbo,True,S11_D11 hbo,mild_master_25,0.1091644966905575,
74,az_itd=15_az=0,7.0,4.344295587108575e-17,0.000147016002948852,4.915994430716856e-09,7.419114717879957,0.036472326633947325,11,11,hbo,True,S11_D11 hbo,mild_master_25,0.06576322311233214,
75,az_itd=5_az=0,7.0,4.344295587108575e-17,0.0010531150119492201,4.9001815412465175e-09,5.359712425615126,0.026263563894388837,11,11,hbo,True,S11_D11 hbo,mild_master_25,0.05394472249561865,
76,constant,7.0,4.344295587108575e-17,0.7870887504060604,5.958957625934834e-09,0.2806550584668953,0.0016724116009084926,11,11,hbo,False,S11_D11 hbo,mild_master_25,,
84,Linear,7.0,3.120960352058427e-17,0.5348185262572243,5.381771563697604e-13,0.6526523203954315,3.5124256988853906e-07,11,12,hbo,False,S11_D12 hbo,mild_master_25,,
85,ShortHbO,7.0,3.120960352058427e-17,2.3153797781531483e-05,0.0012466853268609875,9.880738702642091,12318.171959131363,11,12,hbo,True,S11_D12 hbo,mild_master_25,,
86,az_itd=0_az=15,7.0,3.120960352058427e-17,3.128591104804618e-05,4.169520242964731e-09,-9.437915789451658,-0.03935158093551515,11,12,hbo,True,S11_D12 hbo,mild_master_25,-0.00255670913483514,
87,az_itd=0_az=5,7.0,3.120960352058427e-17,0.9778597145792605,4.161363602127114e-09,-0.028758785697734636,-0.00011967576404392673,11,12,hbo,False,S11_D12 hbo,mild_master_25,0.025582458232378206,
88,az_itd=15_az=0,7.0,3.120960352058427e-17,0.004992806553961045,4.166734460390104e-09,4.030472235653958,0.01679390755594489,11,12,hbo,True,S11_D12 hbo,mild_master_25,0.024752782423150838,
89,az_itd=5_az=0,7.0,3.120960352058427e-17,0.0006024629707912722,4.153331656053569e-09,-5.895082645342827,-0.024484233365954376,11,12,hbo,True,S11_D12 hbo,mild_master_25,0.002045759591244175,
90,constant,7.0,3.120960352058427e-17,0.9400708936976094,5.050736822003768e-09,0.07792173842708118,0.0003935621935082049,11,12,hbo,False,S11_D12 hbo,mild_master_25,,
98,Linear,7.0,2.5562357057678483e-17,0.1523452042486342,4.870590106691927e-13,1.6058353346923557,7.821365694128907e-07,11,13,hbo,False,S11_D13 hbo,mild_master_25,,
99,ShortHbO,7.0,2.5562357057678483e-17,3.453489817118153e-05,0.001128270337620057,9.296394618164284,10488.846294485496,11,13,hbo,True,S11_D13 hbo,mild_master_25,,
100,az_itd=0_az=15,7.0,2.5562357057678483e-17,5.7680614174792114e-06,3.773483100253124e-09,-12.175368575950134,-0.04594354756070078,11,13,hbo,True,S11_D13 hbo,mild_master_25,-0.04811571820140906,
101,az_itd=0_az=5,7.0,2.5562357057678483e-17,0.001359595619218054,3.766101208677585e-09,-5.126047130438777,-0.019305212293683746,11,13,hbo,True,S11_D13 hbo,mild_master_25,-0.00820412863055117,
102,az_itd=15_az=0,7.0,2.5562357057678483e-17,0.005743390101152532,3.770961922071037e-09,-3.920765188141876,-0.0147850562298647,11,13,hbo,True,S11_D13 hbo,mild_master_25,0.012573751644885363,
103,az_itd=5_az=0,7.0,2.5562357057678483e-17,0.006872545237846501,3.7588321678756355e-09,-3.782195496812236,-0.014216638098612204,11,13,hbo,True,S11_D13 hbo,mild_master_25,-0.015066815313198732,
104,constant,7.0,2.5562357057678483e-17,0.9047862945375696,4.570998323803703e-09,-0.12401904893575641,-0.000566890864805072,11,13,hbo,False,S11_D13 hbo,mild_master_25,,
182,Linear,7.0,4.4025428313230256e-17,0.10766684243238403,6.391943518867079e-13,-1.8442803266652483,-1.1788535681001993e-06,12,2,hbo,False,S12_D2 hbo,mild_master_25,,
183,ShortHbO,7.0,4.4025428313230256e-17,0.00016515750956033824,0.0014806912743841483,7.283013977934931,10783.895248346038,12,2,hbo,True,S12_D2 hbo,mild_master_25,,
184,az_itd=0_az=15,7.0,4.4025428313230256e-17,0.036309628769420656,4.952149599507047e-09,2.583067873375931,0.012791738534638135,12,2,hbo,True,S12_D2 hbo,mild_master_25,-0.02261392735327674,
185,az_itd=0_az=5,7.0,4.4025428313230256e-17,2.6361746028607166e-06,4.942461936825595e-09,13.673322075900227,0.067579873910094,12,2,hbo,True,S12_D2 hbo,mild_master_25,0.13064443982874,
186,az_itd=15_az=0,7.0,4.4025428313230256e-17,2.6515947412386864e-05,4.9488409185899735e-09,9.679067724368998,0.047900166408160846,12,2,hbo,True,S12_D2 hbo,mild_master_25,0.12748836605849267,
187,az_itd=5_az=0,7.0,4.4025428313230256e-17,4.23898736198263e-06,4.9329223744266645e-09,12.745449707532426,0.0628723140344165,12,2,hbo,True,S12_D2 hbo,mild_master_25,0.08096036679594225,
188,constant,7.0,4.4025428313230256e-17,0.9166105899687352,5.99877272990926e-09,0.10854331113172179,0.000651126654831029,12,2,hbo,False,S12_D2 hbo,mild_master_25,,
196,Linear,7.0,2.320888793402891e-17,0.09155959914844906,4.640965068719259e-13,-1.9544926176957458,-9.070731965795621e-07,12,3,hbo,False,S12_D3 hbo,mild_master_25,,
197,ShortHbO,7.0,2.320888793402891e-17,0.0004161530059650136,0.0010750777852918535,6.269687504045624,6740.401756321379,12,3,hbo,True,S12_D3 hbo,mild_master_25,,
198,az_itd=0_az=15,7.0,2.320888793402891e-17,0.013169161026329786,3.5955814125306573e-09,3.2973210287773536,0.011855786202218317,12,3,hbo,True,S12_D3 hbo,mild_master_25,0.022892337772976203,
199,az_itd=0_az=5,7.0,2.320888793402891e-17,2.262445963092639e-06,3.588547541851193e-09,13.98514015920756,0.0501863403407687,12,3,hbo,True,S12_D3 hbo,mild_master_25,0.11896138913935835,
200,az_itd=15_az=0,7.0,2.320888793402891e-17,1.3782967670606342e-05,3.593179095846483e-09,10.68707829655404,0.03840058633085261,12,3,hbo,True,S12_D3 hbo,mild_master_25,0.09529416685755775,
201,az_itd=5_az=0,7.0,2.320888793402891e-17,3.91037101211081e-06,3.5816212015708655e-09,12.898827269931681,0.04619871322538775,12,3,hbo,True,S12_D3 hbo,mild_master_25,0.09701546809374262,
202,constant,7.0,2.320888793402891e-17,0.6337599191358836,4.355497606091016e-09,-0.4979794701248828,-0.0021689483900114,12,3,hbo,False,S12_D3 hbo,mild_master_25,,
210,Linear,7.0,2.5190509620919668e-17,0.03707929707821966,4.835034871684319e-13,-2.568677969656462,-1.2419647557416268e-06,12,4,hbo,True,S12_D4 hbo,mild_master_25,,
211,ShortHbO,7.0,2.5190509620919668e-17,0.0029456414020921752,0.0011200339810128613,4.457292843048732,4992.319447540006,12,4,hbo,True,S12_D4 hbo,mild_master_25,,
212,az_itd=0_az=15,7.0,2.5190509620919668e-17,0.5449581318581935,3.745936730000699e-09,-0.6360701266526337,-0.0023826784502842973,12,4,hbo,False,S12_D4 hbo,mild_master_25,-0.08254334887934449,
213,az_itd=0_az=5,7.0,2.5190509620919668e-17,4.174358316361039e-06,3.7386087261233685e-09,12.774521739129751,0.047758938445963156,12,4,hbo,True,S12_D4 hbo,mild_master_25,0.009143085000096697,
214,az_itd=15_az=0,7.0,2.5190509620919668e-17,2.7694615770204313e-05,3.743433956381672e-09,9.61514906732676,0.03599367551430256,12,4,hbo,True,S12_D4 hbo,mild_master_25,0.02712763212883525,
215,az_itd=5_az=0,7.0,2.5190509620919668e-17,1.2257528006852653e-07,3.731392749210667e-09,21.399833084421772,0.07985118200552994,12,4,hbo,True,S12_D4 hbo,mild_master_25,0.05285383260710905,
216,constant,7.0,2.5190509620919668e-17,0.9835184201144755,4.537630104334994e-09,0.02140699289556176,9.713701540618638e-05,12,4,hbo,False,S12_D4 hbo,mild_master_25,,
140,Linear,7.0,3.6760739881976043e-17,0.00939836448274836,5.84081237765542e-13,3.5456512480669273,2.07094836965587e-06,12,10,hbo,True,S12_D10 hbo,mild_master_25,,
141,ShortHbO,7.0,3.6760739881976043e-17,0.0002982565577123726,0.001353021956057925,-6.621627845017501,-8959.2078591532,12,10,hbo,True,S12_D10 hbo,mild_master_25,,
142,az_itd=0_az=15,7.0,3.6760739881976043e-17,3.942571313993228e-05,4.525161492967751e-09,-9.109569818975782,-0.04122227456233041,12,10,hbo,True,S12_D10 hbo,mild_master_25,0.002763873242366137,
143,az_itd=0_az=5,7.0,3.6760739881976043e-17,8.154018253520876e-05,4.516309127496536e-09,-8.140586171432144,-0.036765403629211074,12,10,hbo,True,S12_D10 hbo,mild_master_25,0.07064416481090836,
144,az_itd=15_az=0,7.0,3.6760739881976043e-17,0.0699037968900684,4.522138095718211e-09,2.1373842501468747,0.009665546742777285,12,10,hbo,False,S12_D10 hbo,mild_master_25,0.07962047655278309,
145,az_itd=5_az=0,7.0,3.6760739881976043e-17,0.11361119715582878,4.507592092689731e-09,1.8076131824667037,0.008147982887928633,12,10,hbo,False,S12_D10 hbo,mild_master_25,0.03998986724861398,
146,constant,7.0,3.6760739881976043e-17,0.02994702654818769,5.481541867223188e-09,-2.715795602009214,-0.014886747295234109,12,10,hbo,True,S12_D10 hbo,mild_master_25,,
154,Linear,7.0,2.884579782013796e-17,0.052530176091532946,5.173952192140895e-13,-2.3310815910039513,-1.206090470783418e-06,12,11,hbo,False,S12_D11 hbo,mild_master_25,,
155,ShortHbO,7.0,2.884579782013796e-17,4.651153696170791e-05,0.0011985440488281433,8.88097723538027,10644.24241324324,12,11,hbo,True,S12_D11 hbo,mild_master_25,,
156,az_itd=0_az=15,7.0,2.884579782013796e-17,0.18871561884916435,4.008512465817355e-09,1.4560582686785526,0.005836627720954414,12,11,hbo,False,S12_D11 hbo,mild_master_25,-0.008494775804691356,
157,az_itd=0_az=5,7.0,2.884579782013796e-17,1.1795688734362702e-06,4.000670797094928e-09,15.390086720933457,0.06157067050919692,12,11,hbo,True,S12_D11 hbo,mild_master_25,0.12648433031689194,
158,az_itd=15_az=0,7.0,2.884579782013796e-17,7.971954755024925e-06,4.005834257408057e-09,11.601789332495407,0.04647484515534146,12,11,hbo,True,S12_D11 hbo,mild_master_25,0.06089747271805333,
159,az_itd=5_az=0,7.0,2.884579782013796e-17,2.5457408093073698e-06,3.992949007995834e-09,13.743939117085764,0.05487884806352274,12,11,hbo,True,S12_D11 hbo,mild_master_25,0.07723593515015778,
160,constant,7.0,2.884579782013796e-17,0.8815178944643038,4.855700496172431e-09,-0.15457620401051472,-0.0007505757505103073,12,11,hbo,False,S12_D11 hbo,mild_master_25,,
168,Linear,7.0,4.8117222976561696e-17,0.23257319500878024,6.682383732884851e-13,-1.306797298921795,-8.732521012492866e-07,12,12,hbo,False,S12_D12 hbo,mild_master_25,,
169,ShortHbO,7.0,4.8117222976561696e-17,0.00023108003657162877,0.0015479716390114319,6.901198182346007,10682.859061468862,12,12,hbo,True,S12_D12 hbo,mild_master_25,,
170,az_itd=0_az=15,7.0,4.8117222976561696e-17,0.01895382370510845,5.177167762649981e-09,-3.0359881920386074,-0.015717820195608277,12,12,hbo,True,S12_D12 hbo,mild_master_25,-0.013549319199827001,
171,az_itd=0_az=5,7.0,4.8117222976561696e-17,1.387077935995697e-05,5.167039907276865e-09,10.676861402846688,0.055167768952972894,12,12,hbo,True,S12_D12 hbo,mild_master_25,0.12994529777060457,
172,az_itd=15_az=0,7.0,4.8117222976561696e-17,8.851821133797168e-06,5.173708740292806e-09,11.421575374655847,0.059091904343770034,12,12,hbo,True,S12_D12 hbo,mild_master_25,0.062343741491984954,
173,az_itd=5_az=0,7.0,4.8117222976561696e-17,1.7366918481631025e-05,5.157066881638372e-09,10.32082691688979,0.0532251946842142,12,12,hbo,True,S12_D12 hbo,mild_master_25,0.07935809334250155,
174,constant,7.0,4.8117222976561696e-17,0.7283141101841464,6.271347859895331e-09,-0.361607280815353,-0.0022677650466639337,12,12,hbo,False,S12_D12 hbo,mild_master_25,,
224,Linear,7.0,2.7273332662187964e-17,0.3233592512447995,5.030952752624659e-13,-1.062321636648356,-5.34448996206878e-07,13,1,hbo,False,S13_D1 hbo,mild_master_25,,
225,ShortHbO,7.0,2.7273332662187964e-17,0.0017728227639960369,0.0011654182832908657,4.890208325791536,5699.138191978671,13,1,hbo,True,S13_D1 hbo,mild_master_25,,
226,az_itd=0_az=15,7.0,2.7273332662187964e-17,0.0007079925891722711,3.897723843383537e-09,-5.736755706624207,-0.02236028950137574,13,1,hbo,True,S13_D1 hbo,mild_master_25,-0.059163041857800226,
227,az_itd=0_az=5,7.0,2.7273332662187964e-17,4.374601478134312e-05,3.890098905351796e-09,8.96517596854958,0.034875421221540956,13,1,hbo,True,S13_D1 hbo,mild_master_25,0.06358244298194614,
228,az_itd=15_az=0,7.0,2.7273332662187964e-17,0.9126924619681019,3.8951196562035076e-09,0.11366789818724249,0.0004427500645084673,13,1,hbo,False,S13_D1 hbo,mild_master_25,0.05797978111297408,
229,az_itd=5_az=0,7.0,2.7273332662187964e-17,0.043596173101829144,3.8825905336698385e-09,2.457949356643542,0.009543210904344086,13,1,hbo,True,S13_D1 hbo,mild_master_25,0.04671268330607081,
230,constant,7.0,2.7273332662187964e-17,0.4546034371088561,4.721497004600538e-09,0.7915512120733353,0.003737306676792178,13,1,hbo,False,S13_D1 hbo,mild_master_25,,
266,Linear,7.0,1.810225333122497e-17,0.938166113003917,4.098712469586294e-13,-0.08040440586794528,-3.295545409406248e-08,13,2,hbo,False,S13_D2 hbo,mild_master_25,,
267,ShortHbO,7.0,1.810225333122497e-17,0.019533575395280132,0.0009494651778465024,3.0146424018374676,2862.2979842042187,13,2,hbo,True,S13_D2 hbo,mild_master_25,,
268,az_itd=0_az=15,7.0,1.810225333122497e-17,4.64365361313907e-05,3.17547194446328e-09,-8.883185193420605,-0.028208305359178752,13,2,hbo,True,S13_D2 hbo,mild_master_25,-0.042999812802110224,
269,az_itd=0_az=5,7.0,1.810225333122497e-17,0.39919860668593204,3.1692599146297234e-09,0.8976377354880594,0.0028448472929413046,13,2,hbo,False,S13_D2 hbo,mild_master_25,0.0536541365078289,
270,az_itd=15_az=0,7.0,1.810225333122497e-17,0.0010684394966336262,3.173350315620243e-09,-5.346316345762019,-0.016965734663229568,13,2,hbo,True,S13_D2 hbo,mild_master_25,0.027146614873562673,
271,az_itd=5_az=0,7.0,1.810225333122497e-17,0.7707306099871851,3.1631428512915565e-09,-0.3029530490822761,-0.0009582837714815815,13,2,hbo,False,S13_D2 hbo,mild_master_25,0.04494304478135313,
272,constant,7.0,1.810225333122497e-17,0.48898783168655646,3.846599163105745e-09,0.7301842867694233,0.0028087262664002284,13,2,hbo,False,S13_D2 hbo,mild_master_25,,
280,Linear,7.0,2.665860178030898e-17,0.2891699257134797,4.973931701155002e-13,1.1467409076909763,5.703810953775408e-07,13,3,hbo,False,S13_D3 hbo,mild_master_25,,
281,ShortHbO,7.0,2.665860178030898e-17,0.00014852311509523314,0.0011522093785003087,7.407104454977826,8534.535220556869,13,3,hbo,True,S13_D3 hbo,mild_master_25,,
282,az_itd=0_az=15,7.0,2.665860178030898e-17,5.808996396498381e-06,3.8535468608483435e-09,-12.162560478855577,-0.04686899675317203,13,3,hbo,True,S13_D3 hbo,mild_master_25,-0.03301625717762044,
283,az_itd=0_az=5,7.0,2.665860178030898e-17,0.2375631209708952,3.846008344217347e-09,1.291421648537435,0.004966818436177897,13,3,hbo,False,S13_D3 hbo,mild_master_25,0.10304872794686296,
284,az_itd=15_az=0,7.0,2.665860178030898e-17,0.46870785732208375,3.8509721896464055e-09,0.7660110293902191,0.002949887171144149,13,3,hbo,False,S13_D3 hbo,mild_master_25,0.06712087200186113,
285,az_itd=5_az=0,7.0,2.665860178030898e-17,0.21981988472715672,3.838585072767727e-09,1.3474402528746428,0.005172264041130975,13,3,hbo,False,S13_D3 hbo,mild_master_25,0.06536781375676805,
286,constant,7.0,2.665860178030898e-17,0.5572349127232856,4.667983338909142e-09,-0.61624209931842,-0.002876607852352777,13,3,hbo,False,S13_D3 hbo,mild_master_25,,
238,Linear,7.0,5.768392942905223e-17,0.6113102723800521,7.316587189051218e-13,0.5318109679800265,3.8910413153195894e-07,13,10,hbo,False,S13_D10 hbo,mild_master_25,,
239,ShortHbO,7.0,5.768392942905223e-17,0.00016269896575788384,0.0016948846273627824,7.300444049228277,12373.41039195911,13,10,hbo,True,S13_D10 hbo,mild_master_25,,
240,az_itd=0_az=15,7.0,5.768392942905223e-17,0.001894475524489055,5.668516032888908e-09,-4.83228831051952,-0.02739190376372155,13,10,hbo,True,S13_D10 hbo,mild_master_25,-0.034066892055292404,
241,az_itd=0_az=5,7.0,5.768392942905223e-17,0.2563889975439684,5.657426975475033e-09,1.2358095429978369,0.006991502245105435,13,10,hbo,False,S13_D10 hbo,mild_master_25,0.05922293555875654,
242,az_itd=15_az=0,7.0,5.768392942905223e-17,0.0069569937747471665,5.664728725892364e-09,-3.772846648175654,-0.021372152786307348,13,10,hbo,True,S13_D10 hbo,mild_master_25,0.04783887755206927,
243,az_itd=5_az=0,7.0,5.768392942905223e-17,0.01350673323258748,5.6465074421857995e-09,-3.278942456414573,-0.018514572982643872,13,10,hbo,True,S13_D10 hbo,mild_master_25,0.05377660293867839,
244,constant,7.0,5.768392942905223e-17,0.9964409813729906,6.8665412289912e-09,0.004622223562089191,3.17386886587e-05,13,10,hbo,False,S13_D10 hbo,mild_master_25,,
252,Linear,7.0,6.023739114615023e-17,0.0003890160865409962,7.476773271106304e-13,-6.339782640769617,-4.740111739313002e-06,13,11,hbo,True,S13_D11 hbo,mild_master_25,,
253,ShortHbO,7.0,6.023739114615023e-17,0.000477897084713547,0.0017319916720787826,6.127661612797124,10613.058882681458,13,11,hbo,True,S13_D11 hbo,mild_master_25,,
254,az_itd=0_az=15,7.0,6.023739114615023e-17,2.935535624969519e-07,5.792619983393823e-09,18.85343219506327,0.10921076808868395,13,11,hbo,True,S13_D11 hbo,mild_master_25,-0.01779514029414225,
255,az_itd=0_az=5,7.0,6.023739114615023e-17,2.894056518361871e-09,5.781288147124874e-09,36.707295404082096,0.2122154518326312,13,11,hbo,True,S13_D11 hbo,mild_master_25,0.1890100899086983,
256,az_itd=15_az=0,7.0,6.023739114615023e-17,9.452413590286501e-09,5.788749758794627e-09,30.968136610475916,0.17926679333421153,13,11,hbo,True,S13_D11 hbo,mild_master_25,0.1686335805611579,
257,az_itd=5_az=0,7.0,6.023739114615023e-17,5.371476154707699e-09,5.770129546465802e-09,33.58838145268171,0.19380931223808265,13,11,hbo,True,S13_D11 hbo,mild_master_25,0.16216391913795378,
258,constant,7.0,6.023739114615023e-17,0.4561851420724944,7.016874206419226e-09,-0.7886602348875847,-0.00553392965981122,13,11,hbo,False,S13_D11 hbo,mild_master_25,,
294,Linear,7.0,2.1277616362062436e-17,0.4846717871839592,4.4436784055567815e-13,-0.737724720769373,-3.2782114109282697e-07,14,1,hbo,False,S14_D1 hbo,mild_master_25,,
295,ShortHbO,7.0,2.1277616362062436e-17,1.7538834795108383e-05,0.0010293764051349742,10.305470265827408,10608.207935462784,14,1,hbo,True,S14_D1 hbo,mild_master_25,,
296,az_itd=0_az=15,7.0,2.1277616362062436e-17,0.19732907365002667,3.442733836971775e-09,-1.424468430469844,-0.004904065665276608,14,1,hbo,False,S14_D1 hbo,mild_master_25,-0.015256189848021922,
297,az_itd=0_az=5,7.0,2.1277616362062436e-17,0.000386675537436693,3.4359989749801413e-09,6.346083770603021,0.02180513733093009,14,1,hbo,True,S14_D1 hbo,mild_master_25,0.06234127699854222,
298,az_itd=15_az=0,7.0,2.1277616362062436e-17,0.00021495773644029272,3.4404336423754555e-09,-6.982060013044459,-0.024021314161962567,14,1,hbo,True,S14_D1 hbo,mild_master_25,0.0502840305731205,
299,az_itd=5_az=0,7.0,2.1277616362062436e-17,0.12581001215265789,3.4293670722880313e-09,-1.7378093190017645,-0.005959586056499938,14,1,hbo,False,S14_D1 hbo,mild_master_25,0.011759947563313437,
300,constant,7.0,2.1277616362062436e-17,0.37310941667473113,4.170346117899577e-09,0.9513531937363426,0.0039674720982497205,14,1,hbo,False,S14_D1 hbo,mild_master_25,,
322,Linear,7.0,1.339817626882208e-17,0.7016989855536544,3.52617593699415e-13,-0.3991225892262356,-1.4073764700403525e-07,14,2,hbo,False,S14_D2 hbo,mild_master_25,,
323,ShortHbO,7.0,1.339817626882208e-17,6.945276577668508e-06,0.0008168373087839798,11.843067102294706,9673.859059586492,14,2,hbo,True,S14_D2 hbo,mild_master_25,,
324,az_itd=0_az=15,7.0,1.339817626882208e-17,5.901114703806347e-05,2.7319000398914654e-09,-8.560402123750892,-0.023386162903362047,14,2,hbo,True,S14_D2 hbo,mild_master_25,-0.029271890617974555,
325,az_itd=0_az=5,7.0,1.339817626882208e-17,0.00035793437261585106,2.726555749390115e-09,6.427139936630549,0.01752395534635484,14,2,hbo,True,S14_D2 hbo,mild_master_25,0.0509805020223145,
326,az_itd=15_az=0,7.0,1.339817626882208e-17,0.0698540271188779,2.7300747748529775e-09,-2.1378665777409163,-0.005836535615891738,14,2,hbo,False,S14_D2 hbo,mild_master_25,0.04181771081107345,
327,az_itd=5_az=0,7.0,1.339817626882208e-17,0.0023930242764814065,2.7212931598066373e-09,-4.63165097453796,-0.012604080115621898,14,2,hbo,True,S14_D2 hbo,mild_master_25,0.03093276515844228,
328,constant,7.0,1.339817626882208e-17,0.4181337948815197,3.3092795625096346e-09,0.860256791893183,0.002846830219922215,14,2,hbo,False,S14_D2 hbo,mild_master_25,,
308,Linear,7.0,2.1918679469195795e-16,0.5382199572788918,1.426225925741894e-12,0.6470682997306871,9.228655848016326e-07,14,10,hbo,False,S14_D10 hbo,mild_master_25,,
309,ShortHbO,7.0,2.1918679469195795e-16,2.1247088540140926e-07,0.0033038469087110713,19.75970063074081,65283.02584592922,14,10,hbo,True,S14_D10 hbo,mild_master_25,,
310,az_itd=0_az=15,7.0,2.1918679469195795e-16,0.19230614144749514,1.1049666077495513e-08,-1.4427356450081887,-0.01594174711544059,14,10,hbo,False,S14_D10 hbo,mild_master_25,0.020970817143195264,
311,az_itd=0_az=5,7.0,2.1918679469195795e-16,0.023444288498302226,1.1028050123544504e-08,2.8861639952067404,0.03182876120390939,14,10,hbo,True,S14_D10 hbo,mild_master_25,0.06100151615718544,
312,az_itd=15_az=0,7.0,2.1918679469195795e-16,0.0007293650481808997,1.104228346141011e-08,-5.707909202114702,-0.06302835138174175,14,10,hbo,True,S14_D10 hbo,mild_master_25,-0.09463452694938829,
313,az_itd=5_az=0,7.0,2.1918679469195795e-16,3.1164660277338285e-06,1.100676462380029e-08,-13.339420437271103,-0.14682386097095418,14,10,hbo,True,S14_D10 hbo,mild_master_25,-0.04050986267208709,
314,constant,7.0,2.1918679469195795e-16,0.896027208110707,1.3384982462339522e-08,0.1355046588090364,0.0018137274817242525,14,10,hbo,False,S14_D10 hbo,mild_master_25,,
336,Linear,7.0,3.0103889617455685e-17,0.09247999779229148,5.285577441944944e-13,1.947702354047862,1.0294731626178444e-06,15,17,hbo,False,S15_D17 hbo,mild_master_25,,
337,ShortHbO,7.0,3.0103889617455685e-17,0.00016113958028325854,0.001224401995303725,7.311653979379175,8952.403721322282,15,17,hbo,True,S15_D17 hbo,mild_master_25,,
338,az_itd=0_az=15,7.0,3.0103889617455685e-17,7.869535253189455e-06,4.0949939771887155e-09,-11.624226539222805,-0.04760113766759461,15,17,hbo,True,S15_D17 hbo,mild_master_25,-0.021179284593548356,
339,az_itd=0_az=5,7.0,3.0103889617455685e-17,3.701649858969234e-07,4.0869831286599215e-09,-18.228188874204193,-0.07449830039489903,15,17,hbo,True,S15_D17 hbo,mild_master_25,-0.15625843885309595,
340,az_itd=15_az=0,7.0,3.0103889617455685e-17,0.00014037172046894698,4.092257987866179e-09,-7.473770531576375,-0.030584597157322282,15,17,hbo,True,S15_D17 hbo,mild_master_25,-0.016425675075161378,
341,az_itd=5_az=0,7.0,3.0103889617455685e-17,0.0001328331560717018,4.079094746093181e-09,-7.539430097422522,-0.030754049698933014,15,17,hbo,True,S15_D17 hbo,mild_master_25,-0.0025699120466971155,
342,constant,7.0,3.0103889617455685e-17,0.6018564919671188,4.960459635942259e-09,0.5462579747955499,0.0027096906347848894,15,17,hbo,False,S15_D17 hbo,mild_master_25,,
350,Linear,7.0,4.6024148345727336e-17,0.02007559002440475,6.535427696532157e-13,-2.995285519260163,-1.957547194159457e-06,15,18,hbo,True,S15_D18 hbo,mild_master_25,,
351,ShortHbO,7.0,4.6024148345727336e-17,0.12161413994477975,0.0015139293293284328,-1.761058881574618,-2666.1186914901414,15,18,hbo,False,S15_D18 hbo,mild_master_25,,
352,az_itd=0_az=15,7.0,4.6024148345727336e-17,2.8526809395235716e-06,5.063313772166329e-09,13.514896093437716,0.06843015951930011,15,18,hbo,True,S15_D18 hbo,mild_master_25,0.12135319469570086,
353,az_itd=0_az=5,7.0,4.6024148345727336e-17,2.14383994401227e-05,5.053408644122544e-09,9.996870017387641,0.050518269360036186,15,18,hbo,True,S15_D18 hbo,mild_master_25,0.05458176241008329,
354,az_itd=15_az=0,7.0,4.6024148345727336e-17,2.1718622556611917e-07,5.0599308191035234e-09,19.69685049335441,0.09966470085059842,15,18,hbo,True,S15_D18 hbo,mild_master_25,0.12901808390562078,
355,az_itd=5_az=0,7.0,4.6024148345727336e-17,1.0460815295613347e-06,5.043654940866132e-09,15.663326812765787,0.07900041566960712,15,18,hbo,True,S15_D18 hbo,mild_master_25,0.12817384295470163,
356,constant,7.0,4.6024148345727336e-17,0.5487028769345439,6.133431143208771e-09,-0.629993711324485,-0.0038640230490632724,15,18,hbo,False,S15_D18 hbo,mild_master_25,,
364,Linear,7.0,4.59856826296047e-17,0.08449279385299477,6.532696060383475e-13,2.008980002896558,1.3124055750311525e-06,15,22,hbo,False,S15_D22 hbo,mild_master_25,,
365,ShortHbO,7.0,4.59856826296047e-17,8.588851690078053e-06,0.0015132965468580921,11.473224794650699,17362.391463071548,15,22,hbo,True,S15_D22 hbo,mild_master_25,,
366,az_itd=0_az=15,7.0,4.59856826296047e-17,0.00018236461271036898,5.061197440753235e-09,-7.168661652934872,-0.03628201201145982,15,22,hbo,True,S15_D22 hbo,mild_master_25,-0.02735957040673625,
367,az_itd=0_az=5,7.0,4.59856826296047e-17,2.2776787812200323e-06,5.051296452791336e-09,-13.971315026749725,-0.07057325403545117,15,22,hbo,True,S15_D22 hbo,mild_master_25,-0.11522774453484871,
368,az_itd=15_az=0,7.0,4.59856826296047e-17,0.001888217551628723,5.057815901675452e-09,-4.835166031221427,-0.02445537963995272,15,22,hbo,True,S15_D22 hbo,mild_master_25,-0.011115039932719213,
369,az_itd=5_az=0,7.0,4.59856826296047e-17,0.00011321055942040755,5.041546826325249e-09,-7.732197373322805,-0.038982235127996014,15,22,hbo,True,S15_D22 hbo,mild_master_25,0.02093242316131685,
370,constant,7.0,4.59856826296047e-17,0.9962710257908964,6.1308675310009364e-09,-0.0048429528241411765,-2.969150222369643e-05,15,22,hbo,False,S15_D22 hbo,mild_master_25,,
378,Linear,7.0,2.888320442915526e-17,0.449943915461939,5.177305840113373e-13,0.800108337570811,4.1424055688287614e-07,16,16,hbo,False,S16_D16 hbo,mild_master_25,,
379,ShortHbO,7.0,2.888320442915526e-17,2.50476351095408e-07,0.001199320920099854,19.293204668133395,23138.743974260542,16,16,hbo,True,S16_D16 hbo,mild_master_25,,
380,az_itd=0_az=15,7.0,2.888320442915526e-17,0.175959890228603,4.0111107000499915e-09,-1.5053191462557725,-0.006038001734536647,16,16,hbo,False,S16_D16 hbo,mild_master_25,0.04248898731538066,
381,az_itd=0_az=5,7.0,2.888320442915526e-17,9.657917406750426e-06,4.0032639485213395e-09,-11.27349857459591,-0.04513079041738652,16,16,hbo,True,S16_D16 hbo,mild_master_25,-0.10149884946809529,
382,az_itd=15_az=0,7.0,2.888320442915526e-17,0.1157549121847731,4.008430755681824e-09,-1.7948417857898138,-0.007194499015742777,16,16,hbo,False,S16_D16 hbo,mild_master_25,0.005267080787334355,
383,az_itd=5_az=0,7.0,2.888320442915526e-17,0.00020039097944788716,3.995537154319493e-09,-7.061219679523042,-0.028213365584346298,16,16,hbo,True,S16_D16 hbo,mild_master_25,0.020880292399938737,
384,constant,7.0,2.888320442915526e-17,0.6787932760133817,4.858847860028767e-09,0.43191755828328254,0.0020986217037735773,16,16,hbo,False,S16_D16 hbo,mild_master_25,,
392,Linear,7.0,9.156233164012395e-16,0.5433798101675853,2.915006688583847e-12,0.6386388003756709,1.8616363746842448e-06,16,18,hbo,False,S16_D18 hbo,mild_master_25,,
393,ShortHbO,7.0,9.156233164012395e-16,0.003137936752579278,0.006752601858601137,4.404956573812262,29744.91794738198,16,18,hbo,True,S16_D18 hbo,mild_master_25,,
394,az_itd=0_az=15,7.0,9.156233164012395e-16,8.138067822971348e-05,2.2583974909699215e-08,8.143075395189397,0.18390301041274634,16,18,hbo,True,S16_D18 hbo,mild_master_25,0.4479329231656764,
395,az_itd=0_az=5,7.0,9.156233164012395e-16,0.002021519937214017,2.253979491744831e-08,4.776042226871458,0.10765101231075579,16,18,hbo,True,S16_D18 hbo,mild_master_25,0.09929999384304826,
396,az_itd=15_az=0,7.0,9.156233164012395e-16,0.10267516244977495,2.2568885873046763e-08,1.8766156487296892,0.042353124403753974,16,18,hbo,False,S16_D18 hbo,mild_master_25,0.027816986467677513,
397,az_itd=5_az=0,7.0,9.156233164012395e-16,0.059364635507946115,2.2496290327464114e-08,2.2480957664971952,0.05057381504706388,16,18,hbo,False,S16_D18 hbo,mild_master_25,-0.05336766483925363,
398,constant,7.0,9.156233164012395e-16,0.17609123933850862,2.7357035586070404e-08,-1.5047955788010565,-0.041166746199021914,16,18,hbo,False,S16_D18 hbo,mild_master_25,,
406,Linear,7.0,1.2806665038906735e-16,0.08668592599793074,1.0901823816851423e-12,1.9916045371587736,2.171212177694687e-06,16,22,hbo,False,S16_D22 hbo,mild_master_25,,
407,ShortHbO,7.0,1.2806665038906735e-16,1.0605635411319572e-06,0.002525403322610441,15.631813503141013,39476.63375925907,16,22,hbo,True,S16_D22 hbo,mild_master_25,,
408,az_itd=0_az=15,7.0,1.2806665038906735e-16,4.485787050915611e-05,8.446173263133902e-09,-8.93061938470965,-0.07542955867036,16,22,hbo,True,S16_D22 hbo,mild_master_25,0.022238897049804314,
409,az_itd=0_az=5,7.0,1.2806665038906735e-16,1.4436450611358596e-05,8.429650402529998e-09,-10.612757485845153,-0.08946183541250784,16,22,hbo,True,S16_D22 hbo,mild_master_25,-0.11835457966952163,
410,az_itd=15_az=0,7.0,1.2806665038906735e-16,0.00047077415435140484,8.440530119336144e-09,6.142963916850319,0.051849871962170245,16,22,hbo,True,S16_D22 hbo,mild_master_25,0.07672861879528424,
411,az_itd=5_az=0,7.0,1.2806665038906735e-16,0.18062486703678984,8.413380135395122e-09,-1.4869386982294122,-0.012510180506233618,16,22,hbo,False,S16_D22 hbo,mild_master_25,0.16494091439152145,
412,constant,7.0,1.2806665038906735e-16,0.2648862454897353,1.023124863756537e-08,-1.211842556567961,-0.012398662505829683,16,22,hbo,False,S16_D22 hbo,mild_master_25,,
420,Linear,7.0,8.090021115704941e-17,0.031211053678830144,8.664748497830692e-13,2.6872217676766983,2.3284100774814608e-06,16,23,hbo,True,S16_D23 hbo,mild_master_25,,
421,ShortHbO,7.0,8.090021115704941e-17,9.926624642466152e-06,0.002007185679535705,11.227235758525268,22535.146835283107,16,23,hbo,True,S16_D23 hbo,mild_master_25,,
422,az_itd=0_az=15,7.0,8.090021115704941e-17,6.425834593924316e-05,6.7130021841880804e-09,-8.448085117368022,-0.05671201384509835,16,23,hbo,True,S16_D23 hbo,mild_master_25,0.0443277974679171,
423,az_itd=0_az=5,7.0,8.090021115704941e-17,1.0796157317873523e-06,6.69986984651663e-09,-15.591094058350123,-0.1044583009557446,16,23,hbo,True,S16_D23 hbo,mild_master_25,-0.14733003473238226,
424,az_itd=15_az=0,7.0,8.090021115704941e-17,0.40691836913478213,6.708517024405083e-09,-0.8822446614325832,-0.005918553330910983,16,23,hbo,False,S16_D23 hbo,mild_master_25,0.03136523204255761,
425,az_itd=5_az=0,7.0,8.090021115704941e-17,0.6330599576876035,6.686938269646134e-09,-0.49902465832858545,-0.0033369470852745043,16,23,hbo,False,S16_D23 hbo,mild_master_25,0.12206109358309787,
426,constant,7.0,8.090021115704941e-17,0.23330851224657373,8.131776641468453e-09,-1.304513678645037,-0.010608013860481796,16,23,hbo,False,S16_D23 hbo,mild_master_25,,
434,Linear,7.0,2.4408692916904998e-17,0.0536159858741441,4.759413034557112e-13,2.317188960136979,1.1028459340407779e-06,17,15,hbo,False,S17_D15 hbo,mild_master_25,,
435,ShortHbO,7.0,2.4408692916904998e-17,8.117715320800108e-05,0.0011025162113303467,8.146259622146108,8981.383295121908,17,15,hbo,True,S17_D15 hbo,mild_master_25,,
436,az_itd=0_az=15,7.0,2.4408692916904998e-17,2.2918658471004212e-07,3.687348813925079e-09,-19.543675402763128,-0.07206434831611537,17,15,hbo,True,S17_D15 hbo,mild_master_25,-0.06224023325683789,
437,az_itd=0_az=5,7.0,2.4408692916904998e-17,2.4885306843032208e-06,3.6801354228955126e-09,-13.790103737851663,-0.050749449251071714,17,15,hbo,True,S17_D15 hbo,mild_master_25,0.013849714053967592,
438,az_itd=15_az=0,7.0,2.4408692916904998e-17,0.00032278577102259545,3.6848851846646784e-09,-6.536817820038578,-0.024087423139912217,17,15,hbo,True,S17_D15 hbo,mild_master_25,-0.0015495510228272194,
439,az_itd=5_az=0,7.0,2.4408692916904998e-17,0.004927445965321425,3.6730323066850156e-09,-4.040868218862137,-0.014842239514937367,17,15,hbo,True,S17_D15 hbo,mild_master_25,-0.0036511501558864727,
440,constant,7.0,2.4408692916904998e-17,0.9718251237684785,4.466659794130386e-09,0.036600897544975176,0.0001634837574932262,17,15,hbo,False,S17_D15 hbo,mild_master_25,,
448,Linear,7.0,1.239856206253737e-16,0.2131480142424914,1.072671628617725e-12,-1.3695331416901535,-1.4690593455427267e-06,17,17,hbo,False,S17_D17 hbo,mild_master_25,,
449,ShortHbO,7.0,1.239856206253737e-16,1.148601855386911e-06,0.002484839730021913,15.450220613359665,38391.322017679624,17,17,hbo,True,S17_D17 hbo,mild_master_25,,
450,az_itd=0_az=15,7.0,1.239856206253737e-16,2.6826215786875723e-06,8.310508940484743e-09,13.638116732452445,0.11333969103642062,17,17,hbo,True,S17_D17 hbo,mild_master_25,0.1923579450805948,
451,az_itd=0_az=5,7.0,1.239856206253737e-16,6.030468844169518e-05,8.294251473760673e-09,8.531693437734548,0.07076401086960404,17,17,hbo,True,S17_D17 hbo,mild_master_25,-0.05909605915546075,
452,az_itd=15_az=0,7.0,1.239856206253737e-16,0.8329723391814279,8.304956438123894e-09,-0.21890150101672312,-0.0018179674301838187,17,17,hbo,False,S17_D17 hbo,mild_master_25,0.034005957359187135,
453,az_itd=5_az=0,7.0,1.239856206253737e-16,0.06627383450797468,8.278242543292879e-09,-2.1734983424076595,-0.01799274644589564,17,17,hbo,False,S17_D17 hbo,mild_master_25,0.07277704088900397,
454,constant,7.0,1.239856206253737e-16,0.7791178682293068,1.0066912035292612e-08,0.29149981459135066,0.002934502991795233,17,17,hbo,False,S17_D17 hbo,mild_master_25,,
462,Linear,7.0,3.8487890855335584e-17,0.3698712382432283,5.976448617613528e-13,0.9582157771403956,5.72672735666619e-07,17,21,hbo,False,S17_D21 hbo,mild_master_25,,
463,ShortHbO,7.0,3.8487890855335584e-17,4.283572648013954e-06,0.0013844420392303497,12.725686274633247,17617.975056658925,17,21,hbo,True,S17_D21 hbo,mild_master_25,,
464,az_itd=0_az=15,7.0,3.8487890855335584e-17,4.408223018317804e-06,4.630245486498757e-09,-12.671650319823893,-0.0586728516998551,17,21,hbo,True,S17_D21 hbo,mild_master_25,-0.03644340680762222,
465,az_itd=0_az=5,7.0,3.8487890855335584e-17,0.0453761327140277,4.621187550040218e-09,-2.4306665885669614,-0.011232566177384372,17,21,hbo,True,S17_D21 hbo,mild_master_25,0.0324974610885591,
466,az_itd=15_az=0,7.0,3.8487890855335584e-17,0.0005543540187853203,4.6271518794550466e-09,-5.977906732846744,-0.027660682374098793,17,21,hbo,True,S17_D21 hbo,mild_master_25,-0.0020604936741238995,
467,az_itd=5_az=0,7.0,3.8487890855335584e-17,0.03827512430760379,4.612268086915513e-09,-2.5469233640750435,-0.011747093351942824,17,21,hbo,True,S17_D21 hbo,mild_master_25,0.033684940976882086,
468,constant,7.0,3.8487890855335584e-17,0.5963879305150497,5.608835072340923e-09,0.5546720942841663,0.0031110642960698234,17,21,hbo,False,S17_D21 hbo,mild_master_25,,
476,Linear,7.0,6.566014184054404e-17,0.0059605653370881344,7.80606282289537e-13,3.891926860257719,3.038062557328569e-06,17,22,hbo,True,S17_D22 hbo,mild_master_25,,
477,ShortHbO,7.0,6.566014184054404e-17,1.0780288237536786e-05,0.0018082714709601027,11.08919263238687,20052.27067312614,17,22,hbo,True,S17_D22 hbo,mild_master_25,,
478,az_itd=0_az=15,7.0,6.566014184054404e-17,1.6528651304644057e-06,6.047736618451811e-09,-14.64650864111584,-0.08857822664134712,17,22,hbo,True,S17_D22 hbo,mild_master_25,0.014940687904320824,
479,az_itd=0_az=5,7.0,6.566014184054404e-17,5.778671445911031e-07,6.03590570923379e-09,-17.08279236963402,-0.10311012399352941,17,22,hbo,True,S17_D22 hbo,mild_master_25,-0.03823741708345191,
480,az_itd=15_az=0,7.0,6.566014184054404e-17,0.009509796631972225,6.043695942713148e-09,-3.5368635081637336,-0.021375727634219348,17,22,hbo,True,S17_D22 hbo,mild_master_25,0.0347850020318406,
481,az_itd=5_az=0,7.0,6.566014184054404e-17,7.97888292222839e-05,6.024255665210531e-09,-8.168223977990253,-0.04920746957411628,17,22,hbo,True,S17_D22 hbo,mild_master_25,0.0955456670843443,
482,constant,7.0,6.566014184054404e-17,0.25493033804579845,7.325909037169171e-09,-1.2399913575636092,-0.009084063892386916,17,22,hbo,False,S17_D22 hbo,mild_master_25,,
490,Linear,7.0,8.48079578741821e-17,0.005620853329459988,8.87154861459726e-13,3.9375665984893176,3.493231350171235e-06,17,23,hbo,True,S17_D23 hbo,mild_master_25,,
491,ShortHbO,7.0,8.48079578741821e-17,0.344247042198764,0.002055090847585774,-1.0142132660105614,-2084.3004004783807,17,23,hbo,False,S17_D23 hbo,mild_master_25,,
492,az_itd=0_az=15,7.0,8.48079578741821e-17,0.00010818828255171254,6.8732202950647986e-09,-7.787643971214379,-0.05352619259368969,17,23,hbo,True,S17_D23 hbo,mild_master_25,0.01554496564652787,
493,az_itd=0_az=5,7.0,8.48079578741821e-17,3.7412752148362207e-06,6.8597745300659944e-09,-12.983576994453879,-0.08906441077570551,17,23,hbo,True,S17_D23 hbo,mild_master_25,-0.015511783676182191,
494,az_itd=15_az=0,7.0,8.48079578741821e-17,0.19592430662670693,6.86862808871639e-09,-1.4295348316963148,-0.009818943098787765,17,23,hbo,False,S17_D23 hbo,mild_master_25,0.07513567159596893,
495,az_itd=5_az=0,7.0,8.48079578741821e-17,0.006894605944253645,6.846534317392916e-09,-3.7797412659864276,-0.025878128288442225,17,23,hbo,True,S17_D23 hbo,mild_master_25,0.05036709251716864,
496,constant,7.0,8.48079578741821e-17,0.04977229823427958,8.32585640724542e-09,-2.3677274380134623,-0.01971335866039517,17,23,hbo,True,S17_D23 hbo,mild_master_25,,
504,Linear,7.0,8.403283559164171e-17,0.01316046601727143,8.830913750673681e-13,3.297801066033337,2.9122596781020117e-06,18,16,hbo,True,S18_D16 hbo,mild_master_25,,
505,ShortHbO,7.0,8.403283559164171e-17,0.017137694635479785,0.002045677796880643,3.1076436404905503,6357.237595968851,18,16,hbo,True,S18_D16 hbo,mild_master_25,,
506,az_itd=0_az=15,7.0,8.403283559164171e-17,0.00023346418425028233,6.841738489177246e-09,-6.88978082956145,-0.04713807868360611,18,16,hbo,True,S18_D16 hbo,mild_master_25,0.02744630584301092,
507,az_itd=0_az=5,7.0,8.403283559164171e-17,1.437234218568112e-06,6.828354310588528e-09,-14.950396156351,-0.10208660203922551,18,16,hbo,True,S18_D16 hbo,mild_master_25,0.02194465867424704,
508,az_itd=15_az=0,7.0,8.403283559164171e-17,0.014896169869388513,6.8371673167754675e-09,-3.2081551955022305,-0.021934693849831263,18,16,hbo,True,S18_D16 hbo,mild_master_25,-0.027169685476611263,
509,az_itd=5_az=0,7.0,8.403283559164171e-17,0.0036270324565809693,6.815174742822406e-09,-4.286327454230633,-0.029212070605538876,18,16,hbo,True,S18_D16 hbo,mild_master_25,0.01268507133235037,
510,constant,7.0,8.403283559164171e-17,0.1274321874413782,8.287721008697417e-09,-1.7290182309503803,-0.014329620717068309,18,16,hbo,False,S18_D16 hbo,mild_master_25,,
518,Linear,7.0,4.2625797844338796e-17,0.09374727881041575,6.289518433913668e-13,-1.9384605426277932,-1.2191983316271797e-06,18,21,hbo,False,S18_D21 hbo,mild_master_25,,
519,ShortHbO,7.0,4.2625797844338796e-17,3.467423267670276e-05,0.0014569645425816977,9.290666538219604,13536.17172313621,18,21,hbo,True,S18_D21 hbo,mild_master_25,,
520,az_itd=0_az=15,7.0,4.2625797844338796e-17,0.06578483696622621,4.872795903415344e-09,-2.178514433687255,-0.010615456208002454,18,21,hbo,False,S18_D21 hbo,mild_master_25,0.006924795883017313,
521,az_itd=0_az=5,7.0,4.2625797844338796e-17,0.028984312934795215,4.8632634767227925e-09,2.738417214310685,0.013317644422386126,18,21,hbo,True,S18_D21 hbo,mild_master_25,0.05152078793820864,
522,az_itd=15_az=0,7.0,4.2625797844338796e-17,0.00039041775405491486,4.8695402411025515e-09,6.336029454898345,0.030853550399438552,18,21,hbo,True,S18_D21 hbo,mild_master_25,0.05097084849817756,
523,az_itd=5_az=0,7.0,4.2625797844338796e-17,0.15718359935161272,4.85387677714035e-09,1.5841218256405423,0.007689132141637802,18,21,hbo,False,S18_D21 hbo,mild_master_25,-0.021317656972796528,
524,constant,7.0,4.2625797844338796e-17,0.225278688954109,5.902647849477579e-09,1.3297981565733894,0.007849330229137164,18,21,hbo,False,S18_D21 hbo,mild_master_25,,
532,Linear,7.0,5.585142958443644e-17,0.023724380136048405,7.199432774688339e-13,2.8778489150516555,2.0718879799624163e-06,18,22,hbo,True,S18_D22 hbo,mild_master_25,,
533,ShortHbO,7.0,5.585142958443644e-17,2.356398576559101e-06,0.0016677458520293223,13.901508535212823,23184.183196551407,18,22,hbo,True,S18_D22 hbo,mild_master_25,,
534,az_itd=0_az=15,7.0,5.585142958443644e-17,1.2919104984215365e-05,5.577750808750875e-09,-10.791709008282416,-0.06019346364875135,18,22,hbo,True,S18_D22 hbo,mild_master_25,0.03043869549309623,
535,az_itd=0_az=5,7.0,5.585142958443644e-17,8.485698758386433e-07,5.566839311173793e-09,-16.15046930355962,-0.08990706741296134,18,22,hbo,True,S18_D22 hbo,mild_master_25,-0.0011931804916671589,
536,az_itd=15_az=0,7.0,5.585142958443644e-17,0.0221249155662406,5.574024144745623e-09,-2.926796378817271,-0.016314033682281525,18,22,hbo,True,S18_D22 hbo,mild_master_25,0.05142985399309048,
537,az_itd=5_az=0,7.0,5.585142958443644e-17,0.001945175076682891,5.556094623272792e-09,-4.809355368894496,-0.02672123350652284,18,22,hbo,True,S18_D22 hbo,mild_master_25,0.09381158467525891,
538,constant,7.0,5.585142958443644e-17,0.5043671168023276,6.756593025601398e-09,-0.7036658640848756,-0.004754383869629651,18,22,hbo,False,S18_D22 hbo,mild_master_25,,
546,Linear,7.0,7.173805529505852e-17,0.01237590616091187,8.159356965568787e-13,3.3425767109354725,2.727327656931936e-06,18,23,hbo,True,S18_D23 hbo,mild_master_25,,
547,ShortHbO,7.0,7.173805529505852e-17,0.03503341404570413,0.0018901119241498821,2.607640380808617,4928.732177661106,18,23,hbo,True,S18_D23 hbo,mild_master_25,,
548,az_itd=0_az=15,7.0,7.173805529505852e-17,8.033260643350548e-05,6.3214507778438885e-09,-8.159569935349964,-0.051580319714689626,18,23,hbo,True,S18_D23 hbo,mild_master_25,-0.010299807191768486,
549,az_itd=0_az=5,7.0,7.173805529505852e-17,1.9993308155445907e-05,6.309084414194606e-09,-10.10319650579559,-0.06374191960826037,18,23,hbo,True,S18_D23 hbo,mild_master_25,0.02513262768494958,
550,az_itd=15_az=0,7.0,7.173805529505852e-17,0.4428290636065757,6.3172272253972995e-09,-0.8132943362044185,-0.005137765122931977,18,23,hbo,False,S18_D23 hbo,mild_master_25,0.06344234000547107,
551,az_itd=5_az=0,7.0,7.173805529505852e-17,0.005899622527462625,6.296907101507401e-09,-3.8999021793195388,-0.024557321728141394,18,23,hbo,True,S18_D23 hbo,mild_master_25,0.026067298577811843,
552,constant,7.0,7.173805529505852e-17,0.1056028984959229,7.65747192761874e-09,-1.857470382174473,-0.014223527307884279,18,23,hbo,False,S18_D23 hbo,mild_master_25,,
560,Linear,7.0,6.936502409522179e-17,0.8207678577428786,8.023269948664535e-13,-0.23522417754276817,-1.8872670748782228e-07,19,14,hbo,False,S19_D14 hbo,mild_master_25,,
561,ShortHbO,7.0,6.936502409522179e-17,0.0016491254006466716,0.0018585874186700828,4.953804972913936,9207.079597203132,19,14,hbo,True,S19_D14 hbo,mild_master_25,,
562,az_itd=0_az=15,7.0,6.936502409522179e-17,0.034898776471987324,6.216017545483295e-09,-2.610286754405059,-0.016225588264124492,19,14,hbo,True,S19_D14 hbo,mild_master_25,0.05236119307680889,
563,az_itd=0_az=5,7.0,6.936502409522179e-17,0.00020299765661248892,6.203857436021211e-09,7.0465876510259395,0.04371602519739251,19,14,hbo,True,S19_D14 hbo,mild_master_25,0.11023021175966753,
564,az_itd=15_az=0,7.0,6.936502409522179e-17,0.9391909121694952,6.211864436167903e-09,0.07906862618285682,0.0004911635870019426,19,14,hbo,False,S19_D14 hbo,mild_master_25,0.09628848443242392,
565,az_itd=5_az=0,7.0,6.936502409522179e-17,0.0005067208160528558,6.1918832244073504e-09,6.068247106533911,0.037573877460505764,19,14,hbo,True,S19_D14 hbo,mild_master_25,0.0390543853732368,
566,constant,7.0,6.936502409522179e-17,0.6252334427015038,7.529755673010061e-09,-0.5107527052534593,-0.0038458430798874715,19,14,hbo,False,S19_D14 hbo,mild_master_25,,
574,Linear,7.0,4.104848656239392e-17,0.7554897971458499,6.172053879549413e-13,0.3238817837374996,1.999015819832418e-07,19,15,hbo,False,S19_D15 hbo,mild_master_25,,
575,ShortHbO,7.0,4.104848656239392e-17,6.153328241592358e-06,0.0014297539234353943,12.058724678483443,17241.008920688917,19,15,hbo,True,S19_D15 hbo,mild_master_25,,
576,az_itd=0_az=15,7.0,4.104848656239392e-17,7.073726164638e-05,4.781790398730546e-09,-8.322919855092971,-0.0397984582524874,19,15,hbo,True,S19_D15 hbo,mild_master_25,0.036652144557632944,
577,az_itd=0_az=5,7.0,4.104848656239392e-17,0.02723035394139622,4.772436001924578e-09,2.7817304557300986,0.013275630574576385,19,15,hbo,True,S19_D15 hbo,mild_master_25,0.07482854843411021,
578,az_itd=15_az=0,7.0,4.104848656239392e-17,0.0020544005715945417,4.778595539947746e-09,4.762121355835043,0.02275625187168325,19,15,hbo,True,S19_D15 hbo,mild_master_25,0.04068963443779709,
579,az_itd=5_az=0,7.0,4.104848656239392e-17,0.02066012754315689,4.763224610594268e-09,-2.9750214208427126,-0.014170695248803135,19,15,hbo,True,S19_D15 hbo,mild_master_25,0.02132972012617593,
580,constant,7.0,4.104848656239392e-17,0.9436065179209281,5.792408582911573e-09,-0.07331488989471723,-0.0004246697974813769,19,15,hbo,False,S19_D15 hbo,mild_master_25,,
588,Linear,7.0,4.354629750408474e-17,0.13654090593916754,6.357066455962935e-13,-1.68154362746244,-1.068968458837971e-06,19,21,hbo,False,S19_D21 hbo,mild_master_25,,
589,ShortHbO,7.0,4.354629750408474e-17,2.7822749626156903e-05,0.001472612016085654,9.608386799048676,14149.425855477853,19,21,hbo,True,S19_D21 hbo,mild_master_25,,
590,az_itd=0_az=15,7.0,4.354629750408474e-17,0.08987216127238273,4.925128642174909e-09,1.967117529787924,0.00968830688848286,19,21,hbo,False,S19_D21 hbo,mild_master_25,0.07613669404390637,
591,az_itd=0_az=5,7.0,4.354629750408474e-17,1.270308867355768e-06,4.915493839350516e-09,15.223737262897906,0.07483218672766555,19,21,hbo,True,S19_D21 hbo,mild_master_25,0.10398278480607376,
592,az_itd=15_az=0,7.0,4.354629750408474e-17,6.771330960601692e-06,4.9218380147766335e-09,11.887952744975058,0.05851057773808647,19,21,hbo,True,S19_D21 hbo,mild_master_25,0.07890599381449491,
593,az_itd=5_az=0,7.0,4.354629750408474e-17,8.649714748493843e-06,4.906006328712819e-09,11.46111246720277,0.056228290298186184,19,21,hbo,True,S19_D21 hbo,mild_master_25,0.06501017742059075,
594,constant,7.0,4.354629750408474e-17,0.4757570930230516,5.96604096792933e-09,-0.7534420233618861,-0.00449506597833658,19,21,hbo,False,S19_D21 hbo,mild_master_25,,
630,Linear,7.0,4.2176288683484794e-17,0.7486846907005328,6.256267569557706e-13,0.3332778106402611,2.0850751583618597e-07,20,12,hbo,False,S20_D12 hbo,mild_master_25,,
631,ShortHbO,7.0,4.2176288683484794e-17,6.464686127242333e-05,0.001449261992555672,8.440184577630497,12232.038718514428,20,12,hbo,True,S20_D12 hbo,mild_master_25,,
632,az_itd=0_az=15,7.0,4.2176288683484794e-17,0.0006772743354865657,4.8470348412098336e-09,-5.7799666791470665,-0.02801569987485773,20,12,hbo,True,S20_D12 hbo,mild_master_25,0.004660263156632594,
633,az_itd=0_az=5,7.0,4.2176288683484794e-17,0.02439607375355887,4.837552809699405e-09,2.858322802193105,0.013827287502777131,20,12,hbo,True,S20_D12 hbo,mild_master_25,0.020513231297490882,
634,az_itd=15_az=0,7.0,4.2176288683484794e-17,0.0009951531231769575,4.843796390641802e-09,5.412419488039677,0.026216657980805937,20,12,hbo,True,S20_D12 hbo,mild_master_25,0.052440479171706834,
635,az_itd=5_az=0,7.0,4.2176288683484794e-17,0.015342353911877542,4.828215734882013e-09,-3.186913897372744,-0.015387107825009246,20,12,hbo,True,S20_D12 hbo,mild_master_25,-0.037430447893608436,
636,constant,7.0,4.2176288683484794e-17,0.7898319438352635,5.871442257977012e-09,-0.2769314985163608,-0.001625987302953859,20,12,hbo,False,S20_D12 hbo,mild_master_25,,
644,Linear,7.0,4.5742648512308274e-17,0.9222432856475522,6.515410557638239e-13,-0.10118186623415967,-6.59241399503584e-08,20,13,hbo,False,S20_D13 hbo,mild_master_25,,
645,ShortHbO,7.0,4.5742648512308274e-17,0.0009733458759075041,0.0015092923667503256,5.4331415784467305,8200.199111823466,20,13,hbo,True,S20_D13 hbo,mild_master_25,,
646,az_itd=0_az=15,7.0,4.5742648512308274e-17,0.27483851083965544,5.047805520870897e-09,1.1845824852284232,0.005979542008863003,20,13,hbo,False,S20_D13 hbo,mild_master_25,0.010295722607246236,
647,az_itd=0_az=5,7.0,4.5742648512308274e-17,2.009723531708129e-05,5.037930730906427e-09,10.095262865469591,0.05085923502652773,20,13,hbo,True,S20_D13 hbo,mild_master_25,0.08057131628404747,
648,az_itd=15_az=0,7.0,4.5742648512308274e-17,6.124337175977066e-05,5.044432929339804e-09,8.51129307920968,0.04293464708002728,20,13,hbo,True,S20_D13 hbo,mild_master_25,0.0887513257603636,
649,az_itd=5_az=0,7.0,4.5742648512308274e-17,0.00015468647968582097,5.028206901935507e-09,7.3593790981823215,0.03700448077544026,20,13,hbo,True,S20_D13 hbo,mild_master_25,0.02740135825095968,
650,constant,7.0,4.5742648512308274e-17,0.1820013446483961,6.1146452658659535e-09,-1.4815976954490278,-0.009059444334395305,20,13,hbo,False,S20_D13 hbo,mild_master_25,,
658,Linear,7.0,2.9524690637070906e-17,0.04215283233854404,5.2344832173855e-13,-2.480927287026862,-1.298637224749585e-06,20,20,hbo,True,S20_D20 hbo,mild_master_25,,
659,ShortHbO,7.0,2.9524690637070906e-17,0.0003461139347740299,0.0012125660377028354,6.462621714087187,7836.355605023007,20,20,hbo,True,S20_D20 hbo,mild_master_25,,
660,az_itd=0_az=15,7.0,2.9524690637070906e-17,0.0015176333143297979,4.0554087957893e-09,5.027489916554904,0.020388526828338773,20,20,hbo,True,S20_D20 hbo,mild_master_25,0.018046082708510332,
661,az_itd=0_az=5,7.0,2.9524690637070906e-17,5.22310441829701e-07,4.047475385931708e-09,17.33650995744209,0.07016909733070682,20,20,hbo,True,S20_D20 hbo,mild_master_25,0.07899162130895758,
662,az_itd=15_az=0,7.0,2.9524690637070906e-17,8.517622665007134e-07,4.052699254523646e-09,16.1416018283732,0.06541705769666559,20,20,hbo,True,S20_D20 hbo,mild_master_25,0.09134139260162995,
663,az_itd=5_az=0,7.0,2.9524690637070906e-17,8.37426417983889e-05,4.039663258191371e-09,8.106766618026974,0.032748607249575894,20,20,hbo,True,S20_D20 hbo,mild_master_25,0.009090048443490262,
664,constant,7.0,2.9524690637070906e-17,0.7716825388540072,4.912508235865217e-09,-0.3016509143961163,-0.0014818626013271949,20,20,hbo,False,S20_D20 hbo,mild_master_25,,
672,Linear,7.0,3.70031602020924e-17,0.40191557291625496,5.860039478639296e-13,0.8921954112774808,5.228300332746861e-07,21,11,hbo,False,S21_D11 hbo,mild_master_25,,
673,ShortHbO,7.0,3.70031602020924e-17,0.0992953406828489,0.00135747590665597,1.8993879984455866,2578.373445281391,21,11,hbo,False,S21_D11 hbo,mild_master_25,,
674,az_itd=0_az=15,7.0,3.70031602020924e-17,0.3980543003295607,4.540057663460487e-09,-0.8999380550097568,-0.004085770663286772,21,11,hbo,False,S21_D11 hbo,mild_master_25,-0.03191334931496273,
675,az_itd=0_az=5,7.0,3.70031602020924e-17,0.0004443072764040233,4.531176157295503e-09,6.202185207007796,0.028103193733124598,21,11,hbo,True,S21_D11 hbo,mild_master_25,0.02938216413373973,
676,az_itd=15_az=0,7.0,3.70031602020924e-17,4.544346277855819e-06,4.537024313628931e-09,12.614591323278919,0.057232707540209,21,11,hbo,True,S21_D11 hbo,mild_master_25,0.05037933811041777,
677,az_itd=5_az=0,7.0,3.70031602020924e-17,9.325972570792123e-05,4.5224304272837044e-09,7.971363127374353,0.036049935154165165,21,11,hbo,True,S21_D11 hbo,mild_master_25,0.025364433041405933,
678,constant,7.0,3.70031602020924e-17,0.04820610604755615,5.499586302177415e-09,-2.389473354089291,-0.01314111492756739,21,11,hbo,True,S21_D11 hbo,mild_master_25,,
686,Linear,7.0,2.480538272407718e-17,0.8337138058265782,4.797932126334024e-13,0.2179120178599806,1.0455270712046745e-07,21,12,hbo,False,S21_D12 hbo,mild_master_25,,
687,ShortHbO,7.0,2.480538272407718e-17,0.0017209036202011823,0.0011114391442259405,4.916283158606744,5464.149546574283,21,12,hbo,True,S21_D12 hbo,mild_master_25,,
688,az_itd=0_az=15,7.0,2.480538272407718e-17,0.8017080063042319,3.7171914282024687e-09,0.26086031325538045,0.000969667720391111,21,12,hbo,False,S21_D12 hbo,mild_master_25,0.007684824970260984,
689,az_itd=0_az=5,7.0,2.480538272407718e-17,0.0005663501740983803,3.7099196574380327e-09,5.956521815382053,0.022098217372844356,21,12,hbo,True,S21_D12 hbo,mild_master_25,0.027311286299119237,
690,az_itd=15_az=0,7.0,2.480538272407718e-17,1.2098991288574433e-05,3.7147078601889283e-09,10.89866699639617,0.04048536395709451,21,12,hbo,True,S21_D12 hbo,mild_master_25,0.04793723185991864,
691,az_itd=5_az=0,7.0,2.480538272407718e-17,1.4530948442898659e-05,3.702759053973703e-09,10.602326889901374,0.039257861884771164,21,12,hbo,True,S21_D12 hbo,mild_master_25,0.04412297367244885,
692,constant,7.0,2.480538272407718e-17,0.1011799786337477,4.502809562452051e-09,-1.8865984845487922,-0.00849499369673385,21,12,hbo,False,S21_D12 hbo,mild_master_25,,
700,Linear,7.0,2.53323868879794e-17,0.43939094286135527,4.848631626238888e-13,0.8197194099778486,3.9745174558604783e-07,21,19,hbo,False,S21_D19 hbo,mild_master_25,,
701,ShortHbO,7.0,2.53323868879794e-17,2.305849771637767e-07,0.001123183664011384,19.526423096117707,21931.759438133995,21,19,hbo,True,S21_D19 hbo,mild_master_25,,
702,az_itd=0_az=15,7.0,2.53323868879794e-17,7.349381728059383e-06,3.7564707972094055e-09,-11.743543757662707,-0.04411427918141077,21,19,hbo,True,S21_D19 hbo,mild_master_25,-0.00593384210436634,
703,az_itd=0_az=5,7.0,2.53323868879794e-17,0.0798821477035029,3.749122186020496e-09,-2.0470099728143207,-0.007674490504083381,21,19,hbo,False,S21_D19 hbo,mild_master_25,-0.019433388264880683,
704,az_itd=15_az=0,7.0,2.53323868879794e-17,0.0008537055548078071,3.753960985461491e-09,5.556886312044738,0.020860334416060937,21,19,hbo,True,S21_D19 hbo,mild_master_25,0.056363716998004514,
705,az_itd=5_az=0,7.0,2.53323868879794e-17,0.006278852125494018,3.7418859168307876e-09,-3.8516691570819255,-0.014412506575176367,21,19,hbo,True,S21_D19 hbo,mild_master_25,0.0661358754135078,
706,constant,7.0,2.53323868879794e-17,0.9926574243862497,4.550390517532711e-09,0.009536189418584076,4.339338590372075e-05,21,19,hbo,False,S21_D19 hbo,mild_master_25,,
714,Linear,7.0,3.289621426234176e-15,0.4420853231628088,5.525277498810223e-12,0.814681243299421,4.501339942305028e-06,22,10,hbo,False,S22_D10 hbo,mild_master_25,,
715,ShortHbO,7.0,3.289621426234176e-15,0.0008382696909810393,0.012799284219096832,5.574250958866479,71346.4223311051,22,10,hbo,True,S22_D10 hbo,mild_master_25,,
716,az_itd=0_az=15,7.0,3.289621426234176e-15,0.00044690641883467626,4.280701272177079e-08,-6.196196601520951,-0.26524066674790026,22,10,hbo,True,S22_D10 hbo,mild_master_25,-0.237952600997986,
717,az_itd=0_az=5,7.0,3.289621426234176e-15,0.00041763226100639345,4.272327133001429e-08,6.266014963751005,0.2677046574542638,22,10,hbo,True,S22_D10 hbo,mild_master_25,0.1624062115973554,
718,az_itd=15_az=0,7.0,3.289621426234176e-15,0.0015152452662003768,4.277841206194348e-08,-5.028892890636472,-0.21512805229102508,22,10,hbo,True,S22_D10 hbo,mild_master_25,-0.07038854548241824,
719,az_itd=5_az=0,7.0,3.289621426234176e-15,0.020225636286586593,4.26408101359882e-08,-2.9900247985228017,-0.12749707973570715,22,10,hbo,True,S22_D10 hbo,mild_master_25,0.3479633010382806,
720,constant,7.0,3.289621426234176e-15,0.49414233725082624,5.185415654442246e-08,-0.7212363608054719,-0.0373991031587365,22,10,hbo,False,S22_D10 hbo,mild_master_25,,
728,Linear,7.0,4.1584908491195486e-18,0.007709660882815009,1.9644863202259381e-13,3.694601965969552,7.257995020827043e-07,22,11,hbo,True,S22_D11 hbo,mild_master_25,,
729,ShortHbO,7.0,4.1584908491195486e-18,0.00047605999707815716,0.0004550725056345822,6.131583683519621,2790.3151503673953,22,11,hbo,True,S22_D11 hbo,mild_master_25,,
730,az_itd=0_az=15,7.0,4.1584908491195486e-18,2.6325678531065746e-07,1.52198312066253e-09,-19.154239979473683,-0.02915242993787835,22,11,hbo,True,S22_D11 hbo,mild_master_25,-0.02681600062448743,
731,az_itd=0_az=5,7.0,4.1584908491195486e-18,2.0115080783771888e-07,1.5190057350275505e-09,-19.917314684120868,-0.030254515231528042,22,11,hbo,True,S22_D11 hbo,mild_master_25,0.005559695908058726,
732,az_itd=15_az=0,7.0,4.1584908491195486e-18,0.0015497915855735237,1.520966237709732e-09,-5.008832234835303,-0.00761826471953668,22,11,hbo,True,S22_D11 hbo,mild_master_25,0.009286725934361431,
733,az_itd=5_az=0,7.0,4.1584908491195486e-18,7.236032782525045e-06,1.5160738662182713e-09,-11.770819657387484,-0.017845432066533468,22,11,hbo,True,S22_D11 hbo,mild_master_25,0.0071121382521296544,
734,constant,7.0,4.1584908491195486e-18,0.755850593056624,1.8436500465416904e-09,-0.32338452692610153,-0.0005962078981181696,22,11,hbo,False,S22_D11 hbo,mild_master_25,,
742,Linear,7.0,1.9177156638470573e-17,0.499572097528045,4.218647532501152e-13,-0.711876566951696,-3.003156322616163e-07,22,12,hbo,False,S22_D12 hbo,mild_master_25,,
743,ShortHbO,7.0,1.9177156638470573e-17,6.832090960033379e-06,0.0009772480893548037,11.872126526109758,11602.012964219244,22,12,hbo,True,S22_D12 hbo,mild_master_25,,
744,az_itd=0_az=15,7.0,1.9177156638470573e-17,0.00019624316328412268,3.2683914723075968e-09,-7.08495001254138,-0.023156390202715846,22,12,hbo,True,S22_D12 hbo,mild_master_25,-0.008646040048182207,
745,az_itd=0_az=5,7.0,1.9177156638470573e-17,0.00016071538671622056,3.2619976682719108e-09,7.31472453101918,0.02386061436423591,22,12,hbo,True,S22_D12 hbo,mild_master_25,0.017934367236828303,
746,az_itd=15_az=0,7.0,1.9177156638470573e-17,3.2418177498872114e-05,3.2662077611178084e-09,9.386778937320909,0.030659170216974726,22,12,hbo,True,S22_D12 hbo,mild_master_25,0.050295078561519234,
747,az_itd=5_az=0,7.0,1.9177156638470573e-17,0.5176710745153702,3.255701609607343e-09,-0.6811450513574866,-0.0022176050400806455,22,12,hbo,False,S22_D12 hbo,mild_master_25,-0.009547296298193047,
748,constant,7.0,1.9177156638470573e-17,0.8700348634597086,3.959156976335785e-09,0.16971503782026084,0.0006719284759751774,22,12,hbo,False,S22_D12 hbo,mild_master_25,,
756,Linear,7.0,2.1242657483590436e-17,0.9926035671256368,4.4400264487044915e-13,-0.009606139127633995,-4.2651511796630035e-09,22,19,hbo,False,S22_D19 hbo,mild_master_25,,
757,ShortHbO,7.0,2.1242657483590436e-17,1.6719813927065528e-07,0.001028530430725211,20.458591425249477,21042.283850642954,22,19,hbo,True,S22_D19 hbo,mild_master_25,,
758,az_itd=0_az=15,7.0,2.1242657483590436e-17,5.225204424630678e-06,3.4399044883378104e-09,-12.355692117325045,-0.04250240077090652,22,19,hbo,True,S22_D19 hbo,mild_master_25,-0.0020624996399929087,
759,az_itd=0_az=5,7.0,2.1242657483590436e-17,0.00011730761403440933,3.4331751612708847e-09,-7.688982845275501,-0.026397624919837784,22,19,hbo,True,S22_D19 hbo,mild_master_25,-0.0595387072057843,
760,az_itd=15_az=0,7.0,2.1242657483590436e-17,0.0027210565597017965,3.4376061841148824e-09,4.523405338246716,0.015549686164015182,22,19,hbo,True,S22_D19 hbo,mild_master_25,0.039809140760597626,
761,az_itd=5_az=0,7.0,2.1242657483590436e-17,9.524785182885809e-05,3.426548708888241e-09,-7.945048523469132,-0.027224095760147577,22,19,hbo,True,S22_D19 hbo,mild_master_25,0.03406815573854438,
762,constant,7.0,2.1242657483590436e-17,0.24314875347505394,4.166918794251979e-09,1.274538119093072,0.005310896842439489,22,19,hbo,False,S22_D19 hbo,mild_master_25,,
770,Linear,7.0,6.860054421902308e-17,0.053387270580020574,7.978934765863631e-13,-2.3200913501839424,-1.851185753396215e-06,22,20,hbo,False,S22_D20 hbo,mild_master_25,,
771,ShortHbO,7.0,6.860054421902308e-17,0.000697104977590809,0.0018483171905105636,5.751827262206496,10631.20120558358,22,20,hbo,True,S22_D20 hbo,mild_master_25,,
772,az_itd=0_az=15,7.0,6.860054421902308e-17,0.00014466389313737732,6.181668922548267e-09,7.438138909078203,0.045980112135845796,22,20,hbo,True,S22_D20 hbo,mild_master_25,-0.026209490243948683,
773,az_itd=0_az=5,7.0,6.860054421902308e-17,4.392248832311921e-06,6.169576007718711e-09,12.678477391130796,0.07822082992672467,22,20,hbo,True,S22_D20 hbo,mild_master_25,0.05634493417031137,
774,az_itd=15_az=0,7.0,6.860054421902308e-17,1.3602290488051048e-05,6.177538762586674e-09,10.708334502911665,0.06615115147448111,22,20,hbo,True,S22_D20 hbo,mild_master_25,0.10242459310753581,
775,az_itd=5_az=0,7.0,6.860054421902308e-17,8.695899458538027e-05,6.157667963498469e-09,8.059142428360143,0.0496255231443845,22,20,hbo,True,S22_D20 hbo,mild_master_25,0.0030041715283683837,
776,constant,7.0,6.860054421902308e-17,0.7812232863450465,7.48814756355531e-09,0.28863158877555656,0.002161315928254782,22,20,hbo,False,S22_D20 hbo,mild_master_25,,
784,Linear,7.0,3.9628270161416613e-17,0.09146365413145625,6.064342083076556e-13,1.9552043033071027,1.185702773755764e-06,23,10,hbo,False,S23_D10 hbo,mild_master_25,,
785,ShortHbO,7.0,3.9628270161416613e-17,2.2373792031094286e-06,0.0014048025269290203,14.00812273065452,19678.646209555318,23,10,hbo,True,S23_D10 hbo,mild_master_25,,
786,az_itd=0_az=15,7.0,3.9628270161416613e-17,0.6407264574867161,4.698340830036644e-09,-0.48760938532476567,-0.002290955084180417,23,10,hbo,False,S23_D10 hbo,mild_master_25,0.08910713868458461,
787,az_itd=0_az=5,7.0,3.9628270161416613e-17,3.929935516524788e-05,4.6891496817869185e-09,-9.114059183016568,-0.04273718771782928,23,10,hbo,True,S23_D10 hbo,mild_master_25,-0.02945526021305327,
788,az_itd=15_az=0,7.0,3.9628270161416613e-17,0.0045632990758757855,4.695201726434484e-09,-4.1016954283254705,-0.019258287456382178,23,10,hbo,True,S23_D10 hbo,mild_master_25,0.0042641038379765935,
789,az_itd=5_az=0,7.0,3.9628270161416613e-17,7.514313475934636e-07,4.6800990433482e-09,-16.44008681305393,-0.07694123456633507,23,10,hbo,True,S23_D10 hbo,mild_master_25,-0.04487314050617146,
790,constant,7.0,3.9628270161416613e-17,0.8594225474911865,5.691322178523971e-09,-0.18374533599151555,-0.0010457539059288514,23,10,hbo,False,S23_D10 hbo,mild_master_25,,
798,Linear,7.0,3.0028054899310044e-17,0.027219482571664653,5.278915794031394e-13,2.782007953236462,1.4685985723460912e-06,23,11,hbo,True,S23_D11 hbo,mild_master_25,,
799,ShortHbO,7.0,3.0028054899310044e-17,0.6391411950727912,0.0012228588271093416,0.4899640078190835,599.1568119274367,23,11,hbo,False,S23_D11 hbo,mild_master_25,,
800,az_itd=0_az=15,7.0,3.0028054899310044e-17,2.4935082122515508e-05,4.089832874474062e-09,-9.77004523674976,-0.039957852194357886,23,11,hbo,True,S23_D11 hbo,mild_master_25,0.005460391509132289,
801,az_itd=0_az=5,7.0,3.0028054899310044e-17,0.7085831448315671,4.081832122373325e-09,-0.3893609826840578,-0.001589306166318631,23,11,hbo,False,S23_D11 hbo,mild_master_25,0.07909558839404858,
802,az_itd=15_az=0,7.0,3.0028054899310044e-17,0.0007792955744434485,4.087100333440337e-09,5.644043344505842,0.023067771435281548,23,11,hbo,True,S23_D11 hbo,mild_master_25,0.11624637068510206,
803,az_itd=5_az=0,7.0,3.0028054899310044e-17,0.004701630934964355,4.073953681885354e-09,-4.077982583610083,-0.01661351216116265,23,11,hbo,True,S23_D11 hbo,mild_master_25,0.036994686029690624,
804,constant,7.0,3.0028054899310044e-17,0.062167005089072115,4.954207748433851e-09,-2.2168344227204826,-0.010982658274036699,23,11,hbo,False,S23_D11 hbo,mild_master_25,,
812,Linear,7.0,8.09959806329073e-17,0.0166780583279429,8.66987563514716e-13,-3.1270637485945136,-2.7111253803491516e-06,23,19,hbo,True,S23_D19 hbo,mild_master_25,,
813,ShortHbO,7.0,8.09959806329073e-17,7.75138014069783e-07,0.0020083733789364668,16.365622913415482,32868.281389016316,23,19,hbo,True,S23_D19 hbo,mild_master_25,,
814,az_itd=0_az=15,7.0,8.09959806329073e-17,0.537012138932977,6.716974426892263e-09,-0.6490486376379125,-0.004359643100823121,23,19,hbo,False,S23_D19 hbo,mild_master_25,0.05847239199747683,
815,az_itd=0_az=5,7.0,8.09959806329073e-17,0.02174613506450853,6.7038343185049585e-09,2.9389357521309716,0.01970213835501679,23,19,hbo,True,S23_D19 hbo,mild_master_25,-0.054955570320547854,
816,az_itd=15_az=0,7.0,8.09959806329073e-17,4.848549802181005e-05,6.712486613133781e-09,8.824272306645147,0.0592328097290027,23,19,hbo,True,S23_D19 hbo,mild_master_25,0.08373706751260541,
817,az_itd=5_az=0,7.0,8.09959806329073e-17,1.9134987631688373e-05,6.690895089713537e-09,10.170563092206553,0.06805017065326656,23,19,hbo,True,S23_D19 hbo,mild_master_25,0.1767088322288618,
818,constant,7.0,8.09959806329073e-17,0.12267511425013858,8.136588406689117e-09,1.7551085247610776,0.014280595675052223,23,19,hbo,False,S23_D19 hbo,mild_master_25,,
854,Linear,7.0,3.919219529403873e-17,0.5866739076789114,6.030883360382866e-13,0.5697256556863289,3.435948976861899e-07,24,9,hbo,False,S24_D9 hbo,mild_master_25,,
855,ShortHbO,7.0,3.919219529403873e-17,0.013557515216424868,0.0013970518265984631,-3.2762203864379913,-4577.049675212318,24,9,hbo,True,S24_D9 hbo,mild_master_25,,
856,az_itd=0_az=15,7.0,3.919219529403873e-17,0.005716741105527652,4.672418729864998e-09,3.924385612608626,0.018336372839565268,24,9,hbo,True,S24_D9 hbo,mild_master_25,0.0772531791553438,
857,az_itd=0_az=5,7.0,3.919219529403873e-17,0.11538504132000188,4.663278291828568e-09,1.7970290197266612,0.00838004641747731,24,9,hbo,False,S24_D9 hbo,mild_master_25,0.04186733745880524,
858,az_itd=15_az=0,7.0,3.919219529403873e-17,0.4269411603202302,4.6692969456019335e-09,-0.843286750638552,-0.00393755624902317,24,9,hbo,False,S24_D9 hbo,mild_master_25,0.09679829235817926,
859,az_itd=5_az=0,7.0,3.919219529403873e-17,0.02087074376521719,4.654277588370029e-09,2.9678684971270775,0.013813283831407997,24,9,hbo,True,S24_D9 hbo,mild_master_25,0.027413591213065486,
860,constant,7.0,3.919219529403873e-17,0.3489098015064115,5.6599215141282255e-09,-1.0037888568732765,-0.005681366146659236,24,9,hbo,False,S24_D9 hbo,mild_master_25,,
826,Linear,7.0,3.775025508234788e-17,0.4652538659515848,5.91890104287096e-13,0.7722163863410373,4.57067237443601e-07,24,10,hbo,False,S24_D10 hbo,mild_master_25,,
827,ShortHbO,7.0,3.775025508234788e-17,0.00011240463517830369,0.0013711111655247586,7.740905710388047,10613.642250787414,24,10,hbo,True,S24_D10 hbo,mild_master_25,,
828,az_itd=0_az=15,7.0,3.775025508234788e-17,0.00043321937347039647,4.5856605807697215e-09,-6.228181115545294,-0.028560324631450446,24,10,hbo,True,S24_D10 hbo,mild_master_25,0.014999879033594442,
829,az_itd=0_az=5,7.0,3.775025508234788e-17,1.9027717450319765e-05,4.576689863713325e-09,-10.179222759540297,-0.04658714562406806,24,10,hbo,True,S24_D10 hbo,mild_master_25,-0.12063302508320975,
830,az_itd=15_az=0,7.0,3.775025508234788e-17,0.006936685159693296,4.582596762249926e-09,-3.77508359135911,-0.01729968584298508,24,10,hbo,True,S24_D10 hbo,mild_master_25,-0.03349686357665165,
831,az_itd=5_az=0,7.0,3.775025508234788e-17,7.842083178492677e-06,4.5678562866228985e-09,-11.630296936477725,-0.05312552497658082,24,10,hbo,True,S24_D10 hbo,mild_master_25,-0.09107751719277976,
832,constant,7.0,3.775025508234788e-17,0.3093786442145777,5.554827270016143e-09,1.0959235346840224,0.00608766593631529,24,10,hbo,False,S24_D10 hbo,mild_master_25,,
840,Linear,7.0,6.947694990593422e-17,0.5055691323723277,8.029740421678584e-13,0.7016155376683243,5.633790643293096e-07,24,19,hbo,False,S24_D19 hbo,mild_master_25,,
841,ShortHbO,7.0,6.947694990593422e-17,0.00011780956875503462,0.001860086301272027,7.683805725089511,14292.541770874575,24,19,hbo,True,S24_D19 hbo,mild_master_25,,
842,az_itd=0_az=15,7.0,6.947694990593422e-17,8.87541794997204e-06,6.221030535703025e-09,-11.41702620266406,-0.07102566863369467,24,19,hbo,True,S24_D19 hbo,mild_master_25,-0.08924428020750691,
843,az_itd=0_az=5,7.0,6.947694990593422e-17,5.714671761676307e-06,6.208860619558549e-09,-12.192229765973007,-0.07569985525855934,24,19,hbo,True,S24_D19 hbo,mild_master_25,-0.23270613321738318,
844,az_itd=15_az=0,7.0,6.947694990593422e-17,4.539650213126574e-05,6.216874077057256e-09,-8.91422558900701,-0.05541861798133814,24,19,hbo,True,S24_D19 hbo,mild_master_25,-0.13244095021917016,
845,az_itd=5_az=0,7.0,6.947694990593422e-17,0.0001573594388768038,6.196876751182096e-09,-7.339343409166905,-0.04548100654120794,24,19,hbo,True,S24_D19 hbo,mild_master_25,-0.07474320641394917,
846,constant,7.0,6.947694990593422e-17,0.14061679421804069,7.535828144857116e-09,1.6612618999090774,0.012518984181313631,24,19,hbo,False,S24_D19 hbo,mild_master_25,,
609,Linear,7.0,3.979655002057494e-16,0.6993417492768694,1.9217807822147355e-12,-0.40247484631351066,-7.734684249701338e-07,1,7,hbr,False,S1_D7 hbr,mild_master_25,,
610,ShortHbO,7.0,3.979655002057494e-16,1.6309317115878464e-05,0.004451797840680632,10.419260073509315,46384.4394967387,1,7,hbr,True,S1_D7 hbr,mild_master_25,,
611,az_itd=0_az=15,7.0,3.979655002057494e-16,0.0007867709727658745,1.4888970628250866e-08,5.634876018267658,0.08389750352982234,1,7,hbr,True,S1_D7 hbr,mild_master_25,,0.15101609082841183
612,az_itd=0_az=5,7.0,3.979655002057494e-16,0.0002605859075343896,1.4859844019245578e-08,6.768444967254626,0.10057803646625149,1,7,hbr,True,S1_D7 hbr,mild_master_25,,0.05997940584564228
613,az_itd=15_az=0,7.0,3.979655002057494e-16,3.446969021635731e-05,1.4879022856681634e-08,9.299084334829859,0.13836128836414358,1,7,hbr,True,S1_D7 hbr,mild_master_25,,-0.0837119888693679
614,az_itd=5_az=0,7.0,3.979655002057494e-16,0.003873505608460985,1.4831162683694207e-08,-4.233043572869976,-0.06278095787640078,1,7,hbr,True,S1_D7 hbr,mild_master_25,,-0.2127426721823381
615,constant,7.0,3.979655002057494e-16,0.6941465341673749,1.8035713418282437e-08,-0.40988097400985335,-0.007392495782848187,1,7,hbr,False,S1_D7 hbr,mild_master_25,,
623,Linear,7.0,3.3253527220008926e-19,0.251582663957799,5.5552037564252433e-14,-1.249666371607795,-6.942151321833926e-08,1,8,hbr,False,S1_D8 hbr,mild_master_25,,
624,ShortHbO,7.0,3.3253527220008926e-19,5.73098031164047e-06,0.000128686082805419,-12.187060366297434,-1568.3050594519916,1,8,hbr,True,S1_D8 hbr,mild_master_25,,
625,az_itd=0_az=15,7.0,3.3253527220008926e-19,2.6386765476910907e-05,4.3038865998048234e-10,9.686268481724811,0.004168860112060723,1,8,hbr,True,S1_D8 hbr,mild_master_25,,0.0016791806656660968
626,az_itd=0_az=5,7.0,3.3253527220008926e-19,0.002336953081421121,4.2954671042382357e-10,4.651788565822732,0.0019981604760363103,1,8,hbr,True,S1_D8 hbr,mild_master_25,,0.004099266411557417
627,az_itd=15_az=0,7.0,3.3253527220008926e-19,0.0011124190299171368,4.301011043003502e-10,5.309028295758865,0.002283418932767694,1,8,hbr,True,S1_D8 hbr,mild_master_25,,-0.0010367002807107545
628,az_itd=5_az=0,7.0,3.3253527220008926e-19,7.311402458600696e-06,4.2871763218311677e-10,11.752629381977496,0.005038559440567118,1,8,hbr,True,S1_D8 hbr,mild_master_25,,-0.00043893046259895293
629,constant,7.0,3.3253527220008926e-19,0.5501518581971556,5.213501136981216e-10,-0.6276492659319037,-0.00032722501615614055,1,8,hbr,False,S1_D8 hbr,mild_master_25,,
875,Linear,7.0,5.4097307991174904e-17,0.9319300605216609,7.085474851436669e-13,-0.08853645275945755,-6.273228094625472e-08,4,2,hbr,False,S4_D2 hbr,mild_master_25,,
876,ShortHbO,7.0,5.4097307991174904e-17,0.0005230249013219291,0.0016413475426406946,-6.036292188116619,-9907.653349626433,4,2,hbr,True,S4_D2 hbr,mild_master_25,,
877,az_itd=0_az=15,7.0,5.4097307991174904e-17,2.2526417418590214e-06,5.489462061779682e-09,13.994094525619994,0.07682005098734969,4,2,hbr,True,S4_D2 hbr,mild_master_25,,0.032147311999371174
878,az_itd=0_az=5,7.0,5.4097307991174904e-17,0.001084076646826365,5.478723279420918e-09,5.332865730111833,0.02921729562158973,4,2,hbr,True,S4_D2 hbr,mild_master_25,,0.08174649976189176
879,az_itd=15_az=0,7.0,5.4097307991174904e-17,0.00010685876630407342,5.4857943861564294e-09,7.802809326231576,0.04280460759809021,4,2,hbr,True,S4_D2 hbr,mild_master_25,,-0.002338815757031836
880,az_itd=5_az=0,7.0,5.4097307991174904e-17,0.0032682787921240815,5.468148666351853e-09,-4.371451659470462,-0.023903747561754996,4,2,hbr,True,S4_D2 hbr,mild_master_25,,-0.012010347987909778
881,constant,7.0,5.4097307991174904e-17,0.24178165659199907,6.649644695982807e-09,-1.278639256327208,-0.00850249674891162,4,2,hbr,False,S4_D2 hbr,mild_master_25,,
889,Linear,7.0,9.126467248326028e-19,0.010741518474846218,9.203064878464707e-14,3.4465422433246005,3.171875187168559e-07,4,3,hbr,True,S4_D3 hbr,mild_master_25,,
890,ShortHbO,7.0,9.126467248326028e-19,0.8494238214563558,0.00021318864634694337,0.19700211348118743,41.99861390054127,4,3,hbr,False,S4_D3 hbr,mild_master_25,,
891,az_itd=0_az=15,7.0,9.126467248326028e-19,1.8976823164172667e-06,7.130062072295057e-10,-14.351977869424775,-0.010233049306920362,4,3,hbr,True,S4_D3 hbr,mild_master_25,,0.0004322977785822759
892,az_itd=0_az=5,7.0,9.126467248326028e-19,2.1528977905560624e-05,7.11611385953083e-10,-9.990478091542798,-0.0071093379610566824,4,3,hbr,True,S4_D3 hbr,mild_master_25,,-0.008788654951743151
893,az_itd=15_az=0,7.0,9.126467248326028e-19,0.00029330606835855613,7.125298262187524e-10,-6.639694539346001,-0.004730980396265806,4,3,hbr,True,S4_D3 hbr,mild_master_25,,0.0016161614438110108
894,az_itd=5_az=0,7.0,9.126467248326028e-19,3.5434047276619843e-06,7.102378880269767e-10,-13.088461867338237,-0.00929592151417993,4,3,hbr,True,S4_D3 hbr,mild_master_25,,-0.001319988270339856
895,constant,7.0,9.126467248326028e-19,0.47752110962579564,8.636980984197554e-10,-0.7503163814548429,-0.0006480468318757396,4,3,hbr,False,S4_D3 hbr,mild_master_25,,
903,Linear,7.0,1.2274733761610664e-17,0.2674007779416001,3.375104114485147e-13,-1.2048748204527626,-4.0665779639496714e-07,4,4,hbr,False,S4_D4 hbr,mild_master_25,,
904,ShortHbO,7.0,1.2274733761610664e-17,0.3328942498555177,0.0007818415788101267,-1.0400650859461722,-813.1661288614454,4,4,hbr,False,S4_D4 hbr,mild_master_25,,
905,az_itd=0_az=15,7.0,1.2274733761610664e-17,1.3570133804880401e-05,2.614857349647644e-09,10.712151246217868,0.028010747416709957,4,4,hbr,True,S4_D4 hbr,mild_master_25,,0.011763181346633915
906,az_itd=0_az=5,7.0,1.2274733761610664e-17,0.05003925526044455,2.6097420243824252e-09,-2.364090728475206,-0.006169666923554606,4,4,hbr,False,S4_D4 hbr,mild_master_25,,-0.008042892364245461
907,az_itd=15_az=0,7.0,1.2274733761610664e-17,1.3368131392962684e-05,2.613110284370272e-09,10.736364603121599,0.02805530476116601,4,4,hbr,True,S4_D4 hbr,mild_master_25,,0.021606506805778716
908,az_itd=5_az=0,7.0,1.2274733761610664e-17,0.018413620466169334,2.6047048997257406e-09,3.0565114022676805,0.007961310225554222,4,4,hbr,True,S4_D4 hbr,mild_master_25,,0.026181872207623372
909,constant,7.0,1.2274733761610664e-17,0.6524366566040616,3.167500223181973e-09,0.47030706350129703,0.0014896977286044165,4,4,hbr,False,S4_D4 hbr,mild_master_25,,
917,Linear,7.0,2.339740488383079e-18,0.7447504424974498,1.4735503471387374e-13,-0.33872503282995614,-4.991283897111621e-08,5,1,hbr,False,S5_D1 hbr,mild_master_25,,
918,ShortHbO,7.0,2.339740488383079e-18,7.806440921789944e-05,0.0003413473750094683,8.19611476863314,2797.7222615492583,5,1,hbr,True,S5_D1 hbr,mild_master_25,,
919,az_itd=0_az=15,7.0,2.339740488383079e-18,1.3202225128712662e-05,1.1416311392454146e-09,10.756563995561798,0.012280028408619425,5,1,hbr,True,S5_D1 hbr,mild_master_25,,0.009439500449995662
920,az_itd=0_az=5,7.0,2.339740488383079e-18,0.013075914700388384,1.1393978187122967e-09,-3.30248682391623,-0.003762846283496253,5,1,hbr,True,S5_D1 hbr,mild_master_25,,-0.0002882480616733642
921,az_itd=15_az=0,7.0,2.339740488383079e-18,0.0003465439808649447,1.1408683809545232e-09,-6.461307127903257,-0.007371501001860909,5,1,hbr,True,S5_D1 hbr,mild_master_25,,0.001359455468695987
922,az_itd=5_az=0,7.0,2.339740488383079e-18,2.651371337227283e-05,1.137198640098937e-09,-9.679191914299071,-0.01100716388219753,5,1,hbr,True,S5_D1 hbr,mild_master_25,,-0.011332733085516257
923,constant,7.0,2.339740488383079e-18,0.5894189011132194,1.3829117251228327e-09,0.5654576479688876,0.0007819780114365539,5,1,hbr,False,S5_D1 hbr,mild_master_25,,
931,Linear,7.0,1.4768259085126296e-17,0.008649731880262348,3.702079879275908e-13,3.6077778876239925,1.335628192666932e-06,5,3,hbr,True,S5_D3 hbr,mild_master_25,,
932,ShortHbO,7.0,1.4768259085126296e-17,0.38543932293929545,0.0008575853898171701,-0.9256280075390602,-793.8050556710754,5,3,hbr,False,S5_D3 hbr,mild_master_25,,
933,az_itd=0_az=15,7.0,1.4768259085126296e-17,7.671864049613762e-06,2.8681813813568714e-09,-11.668484283186935,-0.033467329369692045,5,3,hbr,True,S5_D3 hbr,mild_master_25,,-0.002005615178963596
934,az_itd=0_az=5,7.0,1.4768259085126296e-17,3.733702873554835e-05,2.862570489930132e-09,-9.185953132529535,-0.026295438359060303,5,3,hbr,True,S5_D3 hbr,mild_master_25,,0.025688733694167687
935,az_itd=15_az=0,7.0,1.4768259085126296e-17,0.38846700930023026,2.866265062632545e-09,-0.9194057816626946,-0.0026352606703621472,5,3,hbr,False,S5_D3 hbr,mild_master_25,,0.014250300199645453
936,az_itd=5_az=0,7.0,1.4768259085126296e-17,2.6999092504480286e-05,2.857045375086746e-09,-9.652484856536807,-0.027577587217463336,5,3,hbr,True,S5_D3 hbr,mild_master_25,,-0.02041787301498631
937,constant,7.0,1.4768259085126296e-17,0.18765192353059204,3.4743635888200492e-09,-1.4600489805302812,-0.005072741015848242,5,3,hbr,False,S5_D3 hbr,mild_master_25,,
959,Linear,7.0,3.260934196528332e-18,0.6349183066024042,1.73961102510067e-13,-0.4962510738582895,-8.632838393019273e-08,7,7,hbr,False,S7_D7 hbr,mild_master_25,,
960,ShortHbO,7.0,3.260934196528332e-18,0.016903412266810205,0.0004029802294225482,-3.1174720034933703,-1256.2795831861292,7,7,hbr,True,S7_D7 hbr,mild_master_25,,
961,az_itd=0_az=15,7.0,3.260934196528332e-18,3.83953300411496e-05,1.347761289789562e-09,-9.146662761019218,-0.012327518000061419,7,7,hbr,True,S7_D7 hbr,mild_master_25,,0.001205122368216837
962,az_itd=0_az=5,7.0,3.260934196528332e-18,0.0004242516817137739,1.3451247263158132e-09,-6.249757728140561,-0.00840670365360521,7,7,hbr,True,S7_D7 hbr,mild_master_25,,-0.012317788619316756
963,az_itd=15_az=0,7.0,3.260934196528332e-18,0.0002084200500869068,1.3468608097110238e-09,7.016816410483222,0.009450675032217033,7,7,hbr,True,S7_D7 hbr,mild_master_25,,-0.0031288734919264465
964,az_itd=5_az=0,7.0,3.260934196528332e-18,0.0004559318110719751,1.3425284693440749e-09,6.175700570587398,0.00829105383415803,7,7,hbr,True,S7_D7 hbr,mild_master_25,,0.003934179709311865
965,constant,7.0,3.260934196528332e-18,0.746319020943222,1.6326069132527326e-09,0.3365518890563853,0.0005494569407417213,7,7,hbr,False,S7_D7 hbr,mild_master_25,,
973,Linear,7.0,3.1097209250115305e-18,0.1572298199560642,1.6987983944090727e-13,-1.5839174056560552,-2.6907563456050903e-07,7,8,hbr,False,S7_D8 hbr,mild_master_25,,
974,ShortHbO,7.0,3.1097209250115305e-18,0.0001505981983641242,0.00039352599911351353,-7.390790906734083,-2908.468375811601,7,8,hbr,True,S7_D8 hbr,mild_master_25,,
975,az_itd=0_az=15,7.0,3.1097209250115305e-18,0.0009755814626184143,1.3161417593388227e-09,5.430993551286532,0.007147957407548056,7,8,hbr,True,S7_D8 hbr,mild_master_25,,-0.003958939332808163
976,az_itd=0_az=5,7.0,3.1097209250115305e-18,0.00021499288939570834,1.3135670516993937e-09,6.981876358356102,0.009171162743375524,7,8,hbr,True,S7_D8 hbr,mild_master_25,,-0.005755209143567531
977,az_itd=15_az=0,7.0,3.1097209250115305e-18,0.0032458571781647733,1.3152624052248595e-09,4.377109334291111,0.005757047350951909,7,8,hbr,True,S7_D8 hbr,mild_master_25,,-0.016889600373696037
978,az_itd=5_az=0,7.0,3.1097209250115305e-18,2.0567875202291067e-06,1.3110317049400185e-09,14.18287917752254,0.018594204269065665,7,8,hbr,True,S7_D8 hbr,mild_master_25,,0.02336277947716584
979,constant,7.0,3.1097209250115305e-18,0.9784582399195543,1.5943046824357739e-09,0.02798110521241782,4.461040705988576e-05,7,8,hbr,False,S7_D8 hbr,mild_master_25,,
945,Linear,7.0,1.2131285580393857e-16,0.31511534014390796,1.061046817569459e-12,-1.0819907655592729,-1.1480428584362091e-06,7,18,hbr,False,S7_D18 hbr,mild_master_25,,
946,ShortHbO,7.0,1.2131285580393857e-16,0.0052306386631589315,0.0024579108996360924,-3.993861724619844,-9816.556264582516,7,18,hbr,True,S7_D18 hbr,mild_master_25,,
947,az_itd=0_az=15,7.0,1.2131285580393857e-16,0.012296115519130839,8.220445874052615e-09,3.347300344548151,0.027516301306555746,7,18,hbr,True,S7_D18 hbr,mild_master_25,,0.045211990408740216
948,az_itd=0_az=5,7.0,1.2131285580393857e-16,0.9031962847077369,8.204364593566484e-09,0.1261025603715479,0.0010345913814704076,7,18,hbr,False,S7_D18 hbr,mild_master_25,,-0.05231876458961758
949,az_itd=15_az=0,7.0,1.2131285580393857e-16,0.0045146276811014316,8.214953545550257e-09,4.11022644216431,0.033765319284072115,7,18,hbr,True,S7_D18 hbr,mild_master_25,,0.1028327571167781
950,az_itd=5_az=0,7.0,1.2131285580393857e-16,0.002160712269861187,8.188529155886983e-09,4.718743574680069,0.03863956934042211,7,18,hbr,True,S7_D18 hbr,mild_master_25,,0.06003471493822974
951,constant,7.0,1.2131285580393857e-16,0.6610462461203922,9.957814388699132e-09,0.45768509244365696,0.004557543199028539,7,18,hbr,False,S7_D18 hbr,mild_master_25,,
1015,Linear,7.0,2.628817292872402e-18,0.014663695535991455,1.5619291687242323e-13,3.2194937354934186,5.028621173992109e-07,8,6,hbr,True,S8_D6 hbr,mild_master_25,,
1016,ShortHbO,7.0,2.628817292872402e-18,0.004646466399299889,0.0003618202952684993,4.0873461352608365,1478.8847855246354,8,6,hbr,True,S8_D6 hbr,mild_master_25,,
1017,az_itd=0_az=15,7.0,2.628817292872402e-18,3.399405476166388e-05,1.210102511782994e-09,-9.318879522862876,-0.011276799517619476,8,6,hbr,True,S8_D6 hbr,mild_master_25,,-0.00477551578955819
1018,az_itd=0_az=5,7.0,2.628817292872402e-18,4.239260338815262e-06,1.2077352438504384e-09,-12.74532798613374,-0.015392981803287048,8,6,hbr,True,S8_D6 hbr,mild_master_25,,-0.000799030692966753
1019,az_itd=15_az=0,7.0,2.628817292872402e-18,2.658124713633882e-06,1.209294005697306e-09,-13.656597340310906,-0.01651484130185975,8,6,hbr,True,S8_D6 hbr,mild_master_25,,-0.012167524690668865
1020,az_itd=5_az=0,7.0,2.628817292872402e-18,0.01730657160351734,1.2054041655604356e-09,-3.100647451960296,-0.003737533354527291,8,6,hbr,True,S8_D6 hbr,mild_master_25,,0.01422530920354246
1021,constant,7.0,2.628817292872402e-18,0.31970053025436784,1.4658543329953363e-09,-1.0710007694518169,-0.001569931118542285,8,6,hbr,False,S8_D6 hbr,mild_master_25,,
1029,Linear,7.0,3.5501600596716094e-17,0.12164018988030563,5.739910236400557e-13,1.7609121907520497,1.0107477909100222e-06,8,8,hbr,False,S8_D8 hbr,mild_master_25,,
1030,ShortHbO,7.0,3.5501600596716094e-17,0.008930717644038147,0.0013296480135814694,-3.5838010788030443,-4765.193985501595,8,8,hbr,True,S8_D8 hbr,mild_master_25,,
1031,az_itd=0_az=15,7.0,3.5501600596716094e-17,9.952971595580975e-05,4.446987695447519e-09,-7.890421800159579,-0.035088608657200517,8,8,hbr,True,S8_D8 hbr,mild_master_25,,-0.015425495773952337
1032,az_itd=0_az=5,7.0,3.5501600596716094e-17,7.759844938399106e-07,4.438288257783853e-09,-16.363012239488707,-0.0726237650844962,8,8,hbr,True,S8_D8 hbr,mild_master_25,,-0.06659471325731119
1033,az_itd=15_az=0,7.0,3.5501600596716094e-17,0.0013143943639632016,4.444016528476341e-09,-5.156593515368584,-0.022915986812931912,8,8,hbr,True,S8_D8 hbr,mild_master_25,,-0.027602062955661935
1034,az_itd=5_az=0,7.0,3.5501600596716094e-17,0.005228919884359956,4.4297218128985404e-09,3.9941197283608725,0.017692839284048547,8,8,hbr,True,S8_D8 hbr,mild_master_25,,0.020220646730079873
1035,constant,7.0,3.5501600596716094e-17,0.7725356028848865,5.386846253664886e-09,-0.3004845061232225,-0.0016186638360942245,8,8,hbr,False,S8_D8 hbr,mild_master_25,,
987,Linear,7.0,1.0594059585337998e-17,0.11898361068883898,3.1355399571117434e-13,1.7760286328478816,5.568808743269075e-07,8,16,hbr,False,S8_D16 hbr,mild_master_25,,
988,ShortHbO,7.0,1.0594059585337998e-17,0.03630499839177231,0.0007263466332695472,-2.5831553980585062,-1876.266226591853,8,16,hbr,True,S8_D16 hbr,mild_master_25,,
989,az_itd=0_az=15,7.0,1.0594059585337998e-17,0.33641175706376386,2.4292553426068786e-09,-1.0319820338848276,-0.0025069478692890303,8,16,hbr,False,S8_D16 hbr,mild_master_25,,0.006386456596388317
990,az_itd=0_az=5,7.0,1.0594059585337998e-17,4.552820317714669e-05,2.424503102018542e-09,-8.910250623367816,-0.02160293027611792,8,16,hbr,True,S8_D16 hbr,mild_master_25,,-0.02904764069519028
991,az_itd=15_az=0,7.0,1.0594059585337998e-17,5.858920890265033e-07,2.427632283643639e-09,-17.048452319219823,-0.041387373236297306,8,16,hbr,True,S8_D16 hbr,mild_master_25,,-0.04151237713322084
992,az_itd=5_az=0,7.0,1.0594059585337998e-17,0.00011850769443468713,2.4198235113765226e-09,-7.676646543816062,-0.018576129795253433,8,16,hbr,True,S8_D16 hbr,mild_master_25,,-0.003010034739829723
993,constant,7.0,1.0594059585337998e-17,0.7274430730453869,2.9426717449462994e-09,0.36282574878884954,0.0010676770792999316,8,16,hbr,False,S8_D16 hbr,mild_master_25,,
1001,Linear,7.0,3.66820474008296e-15,0.04021835254913772,5.834557412975972e-12,2.5130292693847402,1.4662413552714325e-05,8,18,hbr,True,S8_D18 hbr,mild_master_25,,
1002,ShortHbO,7.0,3.66820474008296e-15,0.0014838769659456163,0.013515729958793654,-5.0475529249603035,-68221.36228648252,8,18,hbr,True,S8_D18 hbr,mild_master_25,,
1003,az_itd=0_az=15,7.0,3.66820474008296e-15,2.3529087422344124e-07,4.5203154675388914e-08,-19.469229970802942,-0.8800706137809231,8,18,hbr,True,S8_D18 hbr,mild_master_25,,-1.2188275598547982
1004,az_itd=0_az=5,7.0,3.66820474008296e-15,3.876500061994884e-05,4.511472582124521e-08,-9.133226632159937,-0.41204301537319027,8,18,hbr,True,S8_D18 hbr,mild_master_25,,-0.21358752095025557
1005,az_itd=15_az=0,7.0,3.66820474008296e-15,0.0007438450058627043,4.517295308065501e-08,-5.688897013737756,-0.25698427788225403,8,18,hbr,True,S8_D18 hbr,mild_master_25,,0.3439225718084934
1006,az_itd=5_az=0,7.0,3.66820474008296e-15,0.05085150137433088,4.502764882448054e-08,2.353146268449672,0.10595664380838864,8,18,hbr,False,S8_D18 hbr,mild_master_25,,-0.2833657420563503
1007,constant,7.0,3.66820474008296e-15,0.7918196147774363,5.4756716477140714e-08,-0.27423618349803985,-0.015016272947575302,8,18,hbr,False,S8_D18 hbr,mild_master_25,,
1085,Linear,7.0,3.1449186267242717e-18,0.0417820185283608,1.7083853566815108e-13,-2.4869615136586263,-4.248688632564882e-07,9,5,hbr,True,S9_D5 hbr,mild_master_25,,
1086,ShortHbO,7.0,3.1449186267242717e-18,0.012899313577892405,0.0003957468152616458,3.3123796462512862,1310.8636959414434,9,5,hbr,True,S9_D5 hbr,mild_master_25,,
1087,az_itd=0_az=15,7.0,3.1449186267242717e-18,9.064364089850092e-07,1.3235692453980797e-09,15.995358850438718,0.02117096504354667,9,5,hbr,True,S9_D5 hbr,mild_master_25,,0.0027399131177976645
1088,az_itd=0_az=5,7.0,3.1449186267242717e-18,0.1380219088669193,1.3209800077090091e-09,1.67410898198618,0.0022114644959298256,9,5,hbr,False,S9_D5 hbr,mild_master_25,,-0.008554075695744966
1089,az_itd=15_az=0,7.0,3.1449186267242717e-18,2.6007142703780674e-05,1.3226849287560482e-09,9.70766260999717,0.012840179027691861,9,5,hbr,True,S9_D5 hbr,mild_master_25,,0.02395074769183292
1090,az_itd=5_az=0,7.0,3.1449186267242717e-18,0.3081057136572153,1.318430353028335e-09,1.0990433831723474,0.0014490121556693734,9,5,hbr,False,S9_D5 hbr,mild_master_25,,-0.006746066095334135
1091,constant,7.0,3.1449186267242717e-18,0.6421242421302956,1.603301947144515e-09,0.48553570387526557,0.0007784603394313959,9,5,hbr,False,S9_D5 hbr,mild_master_25,,
1099,Linear,7.0,3.7841288819995374e-19,0.014986674705469792,5.926033381940753e-14,3.203792062320375,1.898577871010735e-07,9,6,hbr,True,S9_D6 hbr,mild_master_25,,
1100,ShortHbO,7.0,3.7841288819995374e-19,0.049708271046892294,0.00013727633691456792,2.3686026319213536,325.153092916368,9,6,hbr,True,S9_D6 hbr,mild_master_25,,
1101,az_itd=0_az=15,7.0,3.7841288819995374e-19,0.2738539075082052,4.591186350821314e-10,1.1872421426797588,0.000545084992059116,9,6,hbr,False,S9_D6 hbr,mild_master_25,,0.004779165880203474
1102,az_itd=0_az=5,7.0,3.7841288819995374e-19,2.928293282154922e-06,4.5822048239549067e-10,-13.46276749540986,-0.006168915816125039,9,6,hbr,True,S9_D6 hbr,mild_master_25,,-0.001870759931901493
1103,az_itd=15_az=0,7.0,3.7841288819995374e-19,0.003343810194966102,4.5881188403674286e-10,-4.352702310899838,-0.0019970715479150393,9,6,hbr,True,S9_D6 hbr,mild_master_25,,-0.001351189920629138
1104,az_itd=5_az=0,7.0,3.7841288819995374e-19,0.005407369281420141,4.573360602309595e-10,-3.967816043793109,-0.0018146253571895326,9,6,hbr,True,S9_D6 hbr,mild_master_25,,0.002702165028334413
1105,constant,7.0,3.7841288819995374e-19,0.0908936989290519,5.561520896295233e-10,-1.959447185692496,-0.0010897506468415701,9,6,hbr,False,S9_D6 hbr,mild_master_25,,
1113,Linear,7.0,2.899664919372188e-18,0.125596244235869,1.6404199452588644e-13,1.738975828697116,2.8526506337178113e-07,9,7,hbr,False,S9_D7 hbr,mild_master_25,,
1114,ShortHbO,7.0,2.899664919372188e-18,0.006560780777658,0.0003800026536687915,3.8178249895261267,1450.7836272629543,9,7,hbr,True,S9_D7 hbr,mild_master_25,,
1115,az_itd=0_az=15,7.0,2.899664919372188e-18,0.0046907288884631216,1.2709131347857876e-09,-4.07982351313055,-0.005185101290445512,9,7,hbr,True,S9_D7 hbr,mild_master_25,,-0.005179297639256581
1116,az_itd=0_az=5,7.0,2.899664919372188e-18,0.003616377437430495,1.2684269058260535e-09,-4.288719904721982,-0.0054399277187011106,9,7,hbr,True,S9_D7 hbr,mild_master_25,,0.01364175033510908
1117,az_itd=15_az=0,7.0,2.899664919372188e-18,1.9163391132158355e-06,1.270063999283754e-09,-14.331329172766965,-0.018201705244216344,9,7,hbr,True,S9_D7 hbr,mild_master_25,,-0.011150523416644378
1118,az_itd=5_az=0,7.0,2.899664919372188e-18,0.005061185674919407,1.2659786851272851e-09,4.019754254714411,0.00508892320591816,9,7,hbr,True,S9_D7 hbr,mild_master_25,,0.009464215756865535
1119,constant,7.0,2.899664919372188e-18,0.6769349505852202,1.5395171130927435e-09,-0.43460050248071763,-0.0006690749109277701,9,7,hbr,False,S9_D7 hbr,mild_master_25,,
1043,Linear,7.0,1.1456628504304674e-17,0.7171314451711823,3.260690282910716e-13,-0.37729702816453414,-1.2302487535071873e-07,9,15,hbr,False,S9_D15 hbr,mild_master_25,,
1044,ShortHbO,7.0,1.1456628504304674e-17,3.7905010478248014e-05,0.0007553376584326913,9.164711801498129,6922.451952354048,9,15,hbr,True,S9_D15 hbr,mild_master_25,,
1045,az_itd=0_az=15,7.0,1.1456628504304674e-17,0.00019763551535372976,2.5262153883197674e-09,7.076921687755053,0.017877828469540714,9,15,hbr,True,S9_D15 hbr,mild_master_25,,0.02029150226799112
1046,az_itd=0_az=5,7.0,1.1456628504304674e-17,0.000821365822025926,2.521273469249881e-09,5.593681151772043,0.014103199883405968,9,15,hbr,True,S9_D15 hbr,mild_master_25,,0.034214402394106926
1047,az_itd=15_az=0,7.0,1.1456628504304674e-17,4.8153606646299114e-06,2.52452754741759e-09,12.506566353952023,0.03157317128415785,9,15,hbr,True,S9_D15 hbr,mild_master_25,,0.010108601189337459
1048,az_itd=5_az=0,7.0,1.1456628504304674e-17,0.00017713535179563188,2.5164070998388246e-09,7.2020821073257,0.018123370548496553,9,15,hbr,True,S9_D15 hbr,mild_master_25,,0.006800323000240896
1049,constant,7.0,1.1456628504304674e-17,0.2074654605418109,3.0601240283286778e-09,-1.388836964639166,-0.004250013366923378,9,15,hbr,False,S9_D15 hbr,mild_master_25,,
1057,Linear,7.0,1.2566607186743116e-18,0.004242651256459124,1.0799164428572735e-13,4.15983143547213,4.4922703666809284e-07,9,16,hbr,True,S9_D16 hbr,mild_master_25,,
1058,ShortHbO,7.0,1.2566607186743116e-18,2.1926071207237556e-07,0.0002501622314532195,-19.66969111621682,-4920.613821628368,9,16,hbr,True,S9_D16 hbr,mild_master_25,,
1059,az_itd=0_az=15,7.0,1.2566607186743116e-18,0.8610767981309932,8.366638040857713e-10,-0.18155566003240592,-0.0001519010491760158,9,16,hbr,False,S9_D16 hbr,mild_master_25,,0.0062454331470683
1060,az_itd=0_az=5,7.0,1.2566607186743116e-18,1.3875166984273644e-06,8.350270771354041e-10,-15.02786244851223,-0.012548672055974064,9,16,hbr,True,S9_D16 hbr,mild_master_25,,-0.011660905390690899
1061,az_itd=15_az=0,7.0,1.2566607186743116e-18,1.9628711132849468e-05,8.361048036947371e-10,-10.131403791785793,-0.008470915378483176,9,16,hbr,True,S9_D16 hbr,mild_master_25,,-0.010152235114609451
1062,az_itd=5_az=0,7.0,1.2566607186743116e-18,6.609566635973048e-08,8.334153716718217e-10,-23.399420442423192,-0.019501436684927348,9,16,hbr,True,S9_D16 hbr,mild_master_25,,-0.0273273043917089
1063,constant,7.0,1.2566607186743116e-18,0.24747615962011218,1.0134903865891839e-09,-1.2616857611743153,-0.0012787063898466256,9,16,hbr,False,S9_D16 hbr,mild_master_25,,
1071,Linear,7.0,3.1003738950943314e-18,0.0028461485621952285,1.6962433951643664e-13,4.485870498628343,7.60912820486101e-07,9,17,hbr,True,S9_D17 hbr,mild_master_25,,
1072,ShortHbO,7.0,3.1003738950943314e-18,5.1247918775536e-06,0.0003929341345145026,-12.391379759862804,-4868.996081382216,9,17,hbr,True,S9_D17 hbr,mild_master_25,,
1073,az_itd=0_az=15,7.0,3.1003738950943314e-18,1.6551525585616988e-06,1.3141622771282766e-09,-14.64353159431007,-0.019243976825178383,9,17,hbr,True,S9_D17 hbr,mild_master_25,,-0.018840962681428583
1074,az_itd=0_az=5,7.0,3.1003738950943314e-18,1.6564055783214878e-06,1.3115914418589274e-09,-14.641902796959025,-0.019204194401021748,9,17,hbr,True,S9_D17 hbr,mild_master_25,,-0.022101317781179443
1075,az_itd=15_az=0,7.0,3.1003738950943314e-18,4.533700327644047e-06,1.3132842455662444e-09,-12.61898330771071,-0.01657231197307989,9,17,hbr,True,S9_D17 hbr,mild_master_25,,-0.02911150822931099
1076,az_itd=5_az=0,7.0,3.1003738950943314e-18,7.391649333820338e-06,1.3090599082707186e-09,-11.733494781207058,-0.015359847601981867,9,17,hbr,True,S9_D17 hbr,mild_master_25,,-0.006829964818882782
1077,constant,7.0,3.1003738950943314e-18,0.2531101271433315,1.5919068421312024e-09,-1.245238365189332,-0.0019823034736291705,9,17,hbr,False,S9_D17 hbr,mild_master_25,,
49,Linear,7.0,3.109302253574354e-18,0.0007945609929025924,1.698684033293866e-13,5.625425755003446,9.555820910504444e-07,10,5,hbr,True,S10_D5 hbr,mild_master_25,,
50,ShortHbO,7.0,3.109302253574354e-18,8.71639998102632e-06,0.00039349950740486255,-11.447952149309113,-4504.763531547574,10,5,hbr,True,S10_D5 hbr,mild_master_25,,
51,az_itd=0_az=15,7.0,3.109302253574354e-18,1.3759495520441787e-05,1.3160531582194295e-09,-10.689821801478425,-0.014068373742638593,10,5,hbr,True,S10_D5 hbr,mild_master_25,,-0.0011377297773774457
52,az_itd=0_az=5,7.0,3.109302253574354e-18,1.1031269718625406e-07,1.3134786239062986e-09,-21.728883214216555,-0.02854042362322983,10,5,hbr,True,S10_D5 hbr,mild_master_25,,-0.03263976748733993
53,az_itd=15_az=0,7.0,3.109302253574354e-18,1.575665952529106e-05,1.3151738633025537e-09,-10.473622875680071,-0.013774635060182162,10,5,hbr,True,S10_D5 hbr,mild_master_25,,-0.013840561285004854
54,az_itd=5_az=0,7.0,3.109302253574354e-18,1.700028873815884e-07,1.310943447823493e-09,-20.409306576205847,-0.02675544673069798,10,5,hbr,True,S10_D5 hbr,mild_master_25,,-0.02421488339449185
55,constant,7.0,3.109302253574354e-18,0.095193598043434,1.594197355714685e-09,-1.9280613489142364,-0.0030737103040947645,10,5,hbr,False,S10_D5 hbr,mild_master_25,,
63,Linear,7.0,2.094171455752998e-18,0.01015826153644082,1.3940785716538405e-13,3.487836312782748,4.862317865086572e-07,10,6,hbr,True,S10_D6 hbr,mild_master_25,,
64,ShortHbO,7.0,2.094171455752998e-18,5.6879501441293273e-08,0.0003229377685770949,23.91251962490628,7722.255728723225,10,6,hbr,True,S10_D6 hbr,mild_master_25,,
65,az_itd=0_az=15,7.0,2.094171455752998e-18,8.692027093479467e-07,1.0800604886321876e-09,-16.093816988205372,-0.017382295840238097,10,6,hbr,True,S10_D6 hbr,mild_master_25,,-0.02380708318071249
66,az_itd=0_az=5,7.0,2.094171455752998e-18,1.5179632495751048e-07,1.077947615933335e-09,-20.74718759875854,-0.02236438140940342,10,6,hbr,True,S10_D6 hbr,mild_master_25,,-0.014460502746863915
67,az_itd=15_az=0,7.0,2.094171455752998e-18,7.614816448412168e-07,1.0793388675550744e-09,-16.408195917296368,-0.017710003599996457,10,6,hbr,True,S10_D6 hbr,mild_master_25,,-0.024866476218157928
68,az_itd=5_az=0,7.0,2.094171455752998e-18,6.842750572412383e-07,1.0758670438062424e-09,-16.66648743589873,-0.01793092456829425,10,6,hbr,True,S10_D6 hbr,mild_master_25,,-0.015825364694260505
69,constant,7.0,2.094171455752998e-18,0.4873384179837391,1.3083282876801989e-09,0.7330607048945263,0.0009590840568002953,10,6,hbr,False,S10_D6 hbr,mild_master_25,,
7,Linear,7.0,2.200830577817613e-18,0.005774127621694899,1.429138896831811e-13,-3.9166120087604033,-5.597382565518066e-07,10,14,hbr,True,S10_D14 hbr,mild_master_25,,
8,ShortHbO,7.0,2.200830577817613e-18,0.2610845317014146,0.0003310594795113137,-1.2224838048005224,-404.71485212827133,10,14,hbr,False,S10_D14 hbr,mild_master_25,,
9,az_itd=0_az=15,7.0,2.200830577817613e-18,4.7163026340659434e-07,1.1072234281632064e-09,17.596366772528363,0.01948310954109599,10,14,hbr,True,S10_D14 hbr,mild_master_25,,0.005754807701394585
10,az_itd=0_az=5,7.0,2.200830577817613e-18,8.787002370899748e-05,1.105057417854044e-09,8.046013822856054,0.008891307259103257,10,14,hbr,True,S10_D14 hbr,mild_master_25,,0.013562955858267167
11,az_itd=15_az=0,7.0,2.200830577817613e-18,1.2000300051190456e-05,1.106483658704694e-09,10.912091030672388,0.012074050407737057,10,14,hbr,True,S10_D14 hbr,mild_master_25,,0.004328972737945611
12,az_itd=5_az=0,7.0,2.200830577817613e-18,1.6524050212758214e-06,1.1029245204586237e-09,14.647108031770932,0.01615465460204661,10,14,hbr,True,S10_D14 hbr,mild_master_25,,-0.0037093601593212434
13,constant,7.0,2.200830577817613e-18,0.4103389087401079,1.3412320394043126e-09,0.8754924787061288,0.001174238562698158,10,14,hbr,False,S10_D14 hbr,mild_master_25,,
21,Linear,7.0,8.735613058045964e-19,0.36308003854535337,9.00384123083829e-14,-0.9727582944510094,-8.758561239217932e-08,10,15,hbr,False,S10_D15 hbr,mild_master_25,,
22,ShortHbO,7.0,8.735613058045964e-19,0.002919062642285578,0.00020857363816014228,-4.464821808665682,-931.244128370148,10,15,hbr,True,S10_D15 hbr,mild_master_25,,
23,az_itd=0_az=15,7.0,8.735613058045964e-19,4.9010685367659835e-05,6.975713820641489e-10,8.809624830927628,0.00614534216877683,10,15,hbr,True,S10_D15 hbr,mild_master_25,,-0.0025858428243190346
24,az_itd=0_az=5,7.0,8.735613058045964e-19,0.2470311325657032,6.962067552268773e-10,1.2629985504887542,0.0008793081226920248,10,15,hbr,False,S10_D15 hbr,mild_master_25,,0.01103108753728976
25,az_itd=15_az=0,7.0,8.735613058045964e-19,0.12118786411412735,6.971053135268896e-10,1.7634635745408334,0.001229319828023537,10,15,hbr,False,S10_D15 hbr,mild_master_25,,-0.0018645617104694522
26,az_itd=5_az=0,7.0,8.735613058045964e-19,0.0005103146612888277,6.948629901419993e-10,6.061105437070134,0.004211637847568483,10,15,hbr,True,S10_D15 hbr,mild_master_25,,0.0016085979972889543
27,constant,7.0,8.735613058045964e-19,0.8595833406903445,8.450011656166598e-10,-0.18353245565888868,-0.00015508513896024886,10,15,hbr,False,S10_D15 hbr,mild_master_25,,
35,Linear,7.0,2.187713359954556e-18,0.5578801634455889,1.4248736111247298e-13,-0.6152072602273974,-8.76592590470363e-08,10,16,hbr,False,S10_D16 hbr,mild_master_25,,
36,ShortHbO,7.0,2.187713359954556e-18,0.00028819165784117913,0.0003300714277066335,-6.658722869457617,-2197.8541642246873,10,16,hbr,True,S10_D16 hbr,mild_master_25,,
37,az_itd=0_az=15,7.0,2.187713359954556e-18,1.6197798494424953e-06,1.1039189038281963e-09,14.690100736985569,0.01621667990269889,10,16,hbr,True,S10_D16 hbr,mild_master_25,,0.003706527968081199
38,az_itd=0_az=5,7.0,2.187713359954556e-18,0.00023592076876640053,1.1017593580081286e-09,-6.878152964148935,-0.007578069394062437,10,16,hbr,True,S10_D16 hbr,mild_master_25,,0.0007408414918199316
39,az_itd=15_az=0,7.0,2.187713359954556e-18,0.233193079057079,1.103181342222332e-09,1.3048717571920316,0.0014395101765271182,10,16,hbr,False,S10_D16 hbr,mild_master_25,,-0.010548080913362894
40,az_itd=5_az=0,7.0,2.187713359954556e-18,0.055698701770004855,1.0996328262758328e-09,-2.2913243283309614,-0.0025196154470771494,10,16,hbr,False,S10_D16 hbr,mild_master_25,,-0.01440668582851892
41,constant,7.0,2.187713359954556e-18,0.7707996440692493,1.3372291129846115e-09,0.3028585985396227,0.0004049913350849022,10,16,hbr,False,S10_D16 hbr,mild_master_25,,
119,Linear,7.0,2.5316786827145293e-16,0.3536110785584025,1.5327997688578351e-12,0.9933875178798617,1.5226641577925106e-06,11,3,hbr,False,S11_D3 hbr,mild_master_25,,
120,ShortHbO,7.0,2.5316786827145293e-16,0.8538466807796445,0.003550724809170568,-0.1911333818933792,-678.6620409494941,11,3,hbr,False,S11_D3 hbr,mild_master_25,,
121,az_itd=0_az=15,7.0,2.5316786827145293e-16,0.10633595537879335,1.1875345486186656e-08,-1.8527572834577237,-0.02200213284310913,11,3,hbr,False,S11_D3 hbr,mild_master_25,,0.21611167071791906
122,az_itd=0_az=5,7.0,2.5316786827145293e-16,0.00011195600860300146,1.1852114293553193e-08,-7.745783884139541,-0.09180391588798423,11,3,hbr,True,S11_D3 hbr,mild_master_25,,-0.05738771364391916
123,az_itd=15_az=0,7.0,2.5316786827145293e-16,0.00016236062093375714,1.1867411208716986e-08,7.302865989864352,0.08666611370387428,11,3,hbr,True,S11_D3 hbr,mild_master_25,,-0.05061060529705074
124,az_itd=5_az=0,7.0,2.5316786827145293e-16,0.00018052448872485436,1.1829238248111105e-08,-7.180297483827028,-0.08493744962850261,11,3,hbr,True,S11_D3 hbr,mild_master_25,,-0.012601520544149808
125,constant,7.0,2.5316786827145293e-16,0.6099009072041237,1.4385166931927651e-08,-0.5339569289761551,-0.007681059557781427,11,3,hbr,False,S11_D3 hbr,mild_master_25,,
133,Linear,7.0,1.7376344395763957e-19,0.0641477492696846,4.0156915030928506e-14,-2.1955846346651917,-8.816790561746232e-08,11,4,hbr,False,S11_D4 hbr,mild_master_25,,
134,ShortHbO,7.0,1.7376344395763957e-19,0.0007184472418009017,9.302334026728118e-05,5.722525243027089,532.328412870215,11,4,hbr,True,S11_D4 hbr,mild_master_25,,
135,az_itd=0_az=15,7.0,1.7376344395763957e-19,8.921927686319802e-07,3.1111515629145924e-10,16.032469964117045,0.0049879443986244,11,4,hbr,True,S11_D4 hbr,mild_master_25,,0.005358571382247879
136,az_itd=0_az=5,7.0,1.7376344395763957e-19,3.0178341506745115e-05,3.105065360087564e-10,9.490007831122847,0.0029467094583379263,11,4,hbr,True,S11_D4 hbr,mild_master_25,,0.009009147059631612
137,az_itd=15_az=0,7.0,1.7376344395763957e-19,0.004467887783145398,3.1090729084637326e-10,4.11851427050399,0.001280476114154523,11,4,hbr,True,S11_D4 hbr,mild_master_25,,0.0028833424638625127
138,az_itd=5_az=0,7.0,1.7376344395763957e-19,0.0007283709175216974,3.099072200173754e-10,5.709229932533432,0.0017693315768314236,11,4,hbr,True,S11_D4 hbr,mild_master_25,,0.000747675382965619
139,constant,7.0,1.7376344395763957e-19,0.9501965996865902,3.7686848466945375e-10,0.06473279766866079,2.439575136580254e-05,11,4,hbr,False,S11_D4 hbr,mild_master_25,,
77,Linear,7.0,2.8684311066395445e-18,0.2299076543859901,1.631561112784675e-13,1.315128404911759,2.1457123637725644e-07,11,11,hbr,False,S11_D11 hbr,mild_master_25,,
78,ShortHbO,7.0,2.8684311066395445e-18,0.2585558060784922,0.0003779505085102735,-1.2296347216902825,-464.7410683447309,11,11,hbr,False,S11_D11 hbr,mild_master_25,,
79,az_itd=0_az=15,7.0,2.8684311066395445e-18,0.4651536042874963,1.2640497663033116e-09,-0.7723969815160853,-0.0009763482239787908,11,11,hbr,False,S11_D11 hbr,mild_master_25,,-0.004106570423045028
80,az_itd=0_az=5,7.0,2.8684311066395445e-18,1.5991135946391088e-06,1.2615769638359279e-09,-14.717847627965899,-0.01856769752468903,11,11,hbr,True,S11_D11 hbr,mild_master_25,,-0.0031345472377306313
81,az_itd=15_az=0,7.0,2.8684311066395445e-18,6.641899629219272e-06,1.2632052164253324e-09,-11.922210751848189,-0.015060198813056815,11,11,hbr,True,S11_D11 hbr,mild_master_25,,-0.02164288529283962
82,az_itd=5_az=0,7.0,2.8684311066395445e-18,2.8561944085927544e-06,1.2591419643718155e-09,-13.512439166676597,-0.017014079195783828,11,11,hbr,True,S11_D11 hbr,mild_master_25,,-0.01271436095361497
83,constant,7.0,2.8684311066395445e-18,0.344241463444149,1.5312031906514477e-09,1.0142258041250394,0.0015529857873172904,11,11,hbr,False,S11_D11 hbr,mild_master_25,,
91,Linear,7.0,8.044164579479931e-19,0.02647807519599515,8.640156472573851e-14,2.8012124783451195,2.420291412582822e-07,11,12,hbr,True,S11_D12 hbr,mild_master_25,,
92,ShortHbO,7.0,8.044164579479931e-19,0.10044846165841134,0.00020014889462792614,-1.8915349464475986,-378.5886286815803,11,12,hbr,False,S11_D12 hbr,mild_master_25,,
93,az_itd=0_az=15,7.0,8.044164579479931e-19,0.4709964216489926,6.693949545868099e-10,0.7619165287716166,0.0005100230801760162,11,12,hbr,False,S11_D12 hbr,mild_master_25,,-0.0004308876570171525
94,az_itd=0_az=5,7.0,8.044164579479931e-19,3.6699438870975683e-06,6.680854479997415e-10,-13.020644180304897,-0.008698902900444226,11,12,hbr,True,S11_D12 hbr,mild_master_25,,-0.002570579437228947
95,az_itd=15_az=0,7.0,8.044164579479931e-19,5.440503885227633e-07,6.689477115728979e-10,-17.23372006768292,-0.011528457601164416,11,12,hbr,True,S11_D12 hbr,mild_master_25,,-0.01591204366913914
96,az_itd=5_az=0,7.0,8.044164579479931e-19,3.4699173767403543e-07,6.667959605134494e-10,-18.400459715930168,-0.012269352210172689,11,12,hbr,True,S11_D12 hbr,mild_master_25,,-0.01147233673311508
97,constant,7.0,8.044164579479931e-19,0.9879991927748144,8.108697280699928e-10,0.015586531239474217,1.2638646347706905e-05,11,12,hbr,False,S11_D12 hbr,mild_master_25,,
105,Linear,7.0,8.404121450073047e-19,0.40227357480040915,8.831354004644576e-14,-0.8914803223231272,-7.872978314610188e-08,11,13,hbr,False,S11_D13 hbr,mild_master_25,,
106,ShortHbO,7.0,8.404121450073047e-19,0.007926838415957118,0.0002045779781544821,-3.673560850009203,-751.5296513223435,11,13,hbr,True,S11_D13 hbr,mild_master_25,,
107,az_itd=0_az=15,7.0,8.404121450073047e-19,0.00045334506532865586,6.842079575345985e-10,6.181528079009439,0.004229450701381818,11,13,hbr,True,S11_D13 hbr,mild_master_25,,-0.0038431826293349814
108,az_itd=0_az=5,7.0,8.404121450073047e-19,0.03938441132242718,6.82869472950607e-10,2.527363011190327,0.0017258590474063975,11,13,hbr,True,S11_D13 hbr,mild_master_25,,0.008463032914679626
109,az_itd=15_az=0,7.0,8.404121450073047e-19,0.013926902114203004,6.837508175054222e-10,-3.2567430648808586,-0.0022268007330174013,11,13,hbr,True,S11_D13 hbr,mild_master_25,,-0.006136924237070659
110,az_itd=5_az=0,7.0,8.404121450073047e-19,2.8558430567215084e-05,6.815514504689364e-10,9.570232185681318,0.006522605627475603,11,13,hbr,True,S11_D13 hbr,mild_master_25,,-0.0006677903960555173
111,constant,7.0,8.404121450073047e-19,0.9635457947386726,8.288134182485175e-10,0.04736440466605805,3.92562541345816e-05,11,13,hbr,False,S11_D13 hbr,mild_master_25,,
189,Linear,7.0,1.8147897331165945e-17,0.44416024581886404,4.1038765739468795e-13,-0.8108160531241166,-3.327489006196131e-07,12,2,hbr,False,S12_D2 hbr,mild_master_25,,
190,ShortHbO,7.0,1.8147897331165945e-17,0.0003242497457456387,0.0009506614406489126,-6.531986898923854,-6209.708075630774,12,2,hbr,True,S12_D2 hbr,mild_master_25,,
191,az_itd=0_az=15,7.0,1.8147897331165945e-17,0.3762509180553518,3.1794728273349138e-09,0.9447385510620145,0.0030037705520374334,12,2,hbr,False,S12_D2 hbr,mild_master_25,,-0.00689509213779438
192,az_itd=0_az=5,7.0,1.8147897331165945e-17,0.00026241233472974084,3.1732529707580595e-09,-6.760789906301947,-0.02145369665484376,12,2,hbr,True,S12_D2 hbr,mild_master_25,,-0.035413787076079416
193,az_itd=15_az=0,7.0,1.8147897331165945e-17,0.4338018578921259,3.1773485253810303e-09,-0.8302401529176479,-0.0026379623255850097,12,2,hbr,False,S12_D2 hbr,mild_master_25,,-0.032439924628303786
194,az_itd=5_az=0,7.0,1.8147897331165945e-17,0.8954091282809277,3.167128200328045e-09,-0.13631588419198315,-0.0004317298809770818,12,2,hbr,False,S12_D2 hbr,mild_master_25,,-0.009638060545009965
195,constant,7.0,1.8147897331165945e-17,0.7488119698156446,3.8514456215140916e-09,0.33310177103253596,0.00128292335756185,12,2,hbr,False,S12_D2 hbr,mild_master_25,,
203,Linear,7.0,6.203287590963723e-19,0.04045646986092085,7.587384479488712e-14,-2.508992818964873,-1.903669317376271e-07,12,3,hbr,True,S12_D3 hbr,mild_master_25,,
204,ShortHbO,7.0,6.203287590963723e-19,0.00038969664394072933,0.00017576147162464114,6.337958449763976,1113.9689042263456,12,3,hbr,True,S12_D3 hbr,mild_master_25,,
205,az_itd=0_az=15,7.0,6.203287590963723e-19,5.5398716745955316e-06,5.878315867544724e-10,12.248713414953627,0.0072001806424129835,12,3,hbr,True,S12_D3 hbr,mild_master_25,,0.006879038345516871
206,az_itd=0_az=5,7.0,6.203287590963723e-19,9.124787962476512e-06,5.866816388355834e-10,11.369774564199757,0.0066704379745158434,12,3,hbr,True,S12_D3 hbr,mild_master_25,,0.0072835386776161455
207,az_itd=15_az=0,7.0,6.203287590963723e-19,0.02746818987320496,5.874388386933594e-10,-2.7756884843994327,-0.0016305472198501337,12,3,hbr,True,S12_D3 hbr,mild_master_25,,-0.009641058198904746
208,az_itd=5_az=0,7.0,6.203287590963723e-19,3.0173467024372677e-05,5.855492707620371e-10,9.490241855236622,0.005557004197689166,12,3,hbr,True,S12_D3 hbr,mild_master_25,,0.002656725040297216
209,constant,7.0,6.203287590963723e-19,0.6306310985792118,7.120681678826978e-10,0.502656131212,0.00035792543042713375,12,3,hbr,False,S12_D3 hbr,mild_master_25,,
217,Linear,7.0,4.587238271964075e-18,0.5868608743788117,2.0632734196147097e-13,0.5694345944688037,1.1748992629765642e-07,12,4,hbr,False,S12_D4 hbr,mild_master_25,,
218,ShortHbO,7.0,4.587238271964075e-18,0.002539559415167097,0.0004779564994707167,4.581391893420106,2189.7060320825926,12,4,hbr,True,S12_D4 hbr,mild_master_25,,
219,az_itd=0_az=15,7.0,4.587238271964075e-18,0.0007564134368421407,1.5985182923564872e-09,5.672726779836081,0.009067957525108488,12,4,hbr,True,S12_D4 hbr,mild_master_25,,0.031596817026258515
220,az_itd=0_az=5,7.0,4.587238271964075e-18,5.405484828996388e-06,1.595391184482359e-09,-12.293533984451253,-0.019612995744927822,12,4,hbr,True,S12_D4 hbr,mild_master_25,,0.01242855823976455
221,az_itd=15_az=0,7.0,4.587238271964075e-18,7.59487298226781e-05,1.5974502739408e-09,-8.231300438123906,-0.01314909313977006,12,4,hbr,True,S12_D4 hbr,mild_master_25,,-0.0009582348437623923
222,az_itd=5_az=0,7.0,4.587238271964075e-18,1.1414295754589045e-05,1.5923118823148142e-09,-10.994471929365373,-0.017506628292905165,12,4,hbr,True,S12_D4 hbr,mild_master_25,,0.003459918279857706
223,constant,7.0,4.587238271964075e-18,0.45728605467680405,1.9363607152344003e-09,0.786652107765277,0.0015232422380330203,12,4,hbr,False,S12_D4 hbr,mild_master_25,,
147,Linear,7.0,7.364596129771445e-18,0.0025277059972823646,2.6143010753691945e-13,4.58533692441504,1.1987451252428316e-06,12,10,hbr,True,S12_D10 hbr,mild_master_25,,
148,ShortHbO,7.0,7.364596129771445e-18,0.018787572931417775,0.0006056018454303178,-3.0422374303317175,-1842.3846020460758,12,10,hbr,True,S12_D10 hbr,mild_master_25,,
149,az_itd=0_az=15,7.0,7.364596129771445e-18,1.966473406898742e-05,2.025426223677747e-09,-10.128590499038442,-0.02051471280564574,12,10,hbr,True,S12_D10 hbr,mild_master_25,,0.0033266557575289714
150,az_itd=0_az=5,7.0,7.364596129771445e-18,1.2201604798405595e-05,2.0214639754364765e-09,-10.884840662221343,-0.022003313277046566,12,10,hbr,True,S12_D10 hbr,mild_master_25,,0.003839971583639137
151,az_itd=15_az=0,7.0,7.364596129771445e-18,4.844570590080473e-06,2.024072975162014e-09,-12.495337839903744,-0.025291475637268464,12,10,hbr,True,S12_D10 hbr,mild_master_25,,-0.0016327429754512473
152,az_itd=5_az=0,7.0,7.364596129771445e-18,0.0005757727949290237,2.0175623001221586e-09,-5.940077023670885,-0.011984475462780217,12,10,hbr,True,S12_D10 hbr,mild_master_25,,0.002378390614473107
153,constant,7.0,7.364596129771445e-18,0.06494283266335987,2.4534944578917044e-09,-2.1872401085232864,-0.0053663814843403325,12,10,hbr,False,S12_D10 hbr,mild_master_25,,
161,Linear,7.0,1.5261772682310473e-18,0.012702220883554603,1.1901004630671696e-13,3.3235934736455106,3.9554101320325453e-07,12,11,hbr,True,S12_D11 hbr,mild_master_25,,
162,ShortHbO,7.0,1.5261772682310473e-18,0.9458996828295156,0.00027568631764387423,-0.07032789797914511,-19.38843922150458,12,11,hbr,False,S12_D11 hbr,mild_master_25,,
163,az_itd=0_az=15,7.0,1.5261772682310473e-18,6.141145019857279e-06,9.220287247775652e-10,-12.062284795876742,-0.011121773068246046,12,11,hbr,True,S12_D11 hbr,mild_master_25,,-0.003999730588858326
164,az_itd=0_az=5,7.0,1.5261772682310473e-18,1.2256904184887515e-07,9.202250023558631e-10,-21.399990785879996,-0.01969280657135187,12,11,hbr,True,S12_D11 hbr,mild_master_25,,-0.005990391845587174
165,az_itd=15_az=0,7.0,1.5261772682310473e-18,4.993151473450996e-08,9.214126895012947e-10,-24.366579775280865,-0.022451675804689392,12,11,hbr,True,S12_D11 hbr,mild_master_25,,-0.02378206437975661
166,az_itd=5_az=0,7.0,1.5261772682310473e-18,6.193043217291086e-08,9.184488543666145e-10,-23.620491130319174,-0.021694213018218424,12,11,hbr,True,S12_D11 hbr,mild_master_25,,-0.010555049131381777
167,constant,7.0,1.5261772682310473e-18,0.16678538376927637,1.1168969473255102e-09,1.5428039832966967,0.001723153059265718,12,11,hbr,False,S12_D11 hbr,mild_master_25,,
175,Linear,7.0,5.601134504586771e-18,0.016897376059809857,2.2799175140573546e-13,3.1177271422580213,7.108160715686047e-07,12,12,hbr,True,S12_D12 hbr,mild_master_25,,
176,ShortHbO,7.0,5.601134504586771e-18,0.673159272848846,0.0005281420211889899,-0.44006237789625435,-232.41543371136083,12,12,hbr,False,S12_D12 hbr,mild_master_25,,
177,az_itd=0_az=15,7.0,5.601134504586771e-18,0.0006756432770332584,1.7663630116289544e-09,-5.78232200731449,-0.010213679715048404,12,12,hbr,True,S12_D12 hbr,mild_master_25,,0.003900628335339534
178,az_itd=0_az=5,7.0,5.601134504586771e-18,1.1681560050413838e-07,1.762907556843954e-09,-21.549471670772938,-0.03798972645440032,12,12,hbr,True,S12_D12 hbr,mild_master_25,,-0.021829187210337796
179,az_itd=15_az=0,7.0,5.601134504586771e-18,1.0137327453721653e-06,1.7651828510801326e-09,-15.735550771843691,-0.02777612437475923,12,12,hbr,True,S12_D12 hbr,mild_master_25,,-0.015605672183747452
180,az_itd=5_az=0,7.0,5.601134504586771e-18,9.256958041884006e-08,1.7595049273736577e-09,-22.28725718248776,-0.039214538830231155,12,12,hbr,True,S12_D12 hbr,mild_master_25,,-0.019566027705600054
181,constant,7.0,5.601134504586771e-18,0.46429876865345987,2.1396789520120567e-09,0.7739378232497024,0.0016559784705734155,12,12,hbr,False,S12_D12 hbr,mild_master_25,,
231,Linear,7.0,1.137750208268646e-18,0.06766671903147893,1.0275538616247199e-13,-2.1594114071759543,-2.2189115302801224e-07,13,1,hbr,False,S13_D1 hbr,mild_master_25,,
232,ShortHbO,7.0,1.137750208268646e-18,0.003927668885781896,0.00023803245951352388,4.22183328871765,1004.9333613695314,13,1,hbr,True,S13_D1 hbr,mild_master_25,,
233,az_itd=0_az=15,7.0,1.137750208268646e-18,0.00013880135662560573,7.960959650686479e-10,7.48711497833204,0.005960462024255174,13,1,hbr,True,S13_D1 hbr,mild_master_25,,-0.0009171256330567409
234,az_itd=0_az=5,7.0,1.137750208268646e-18,0.0002190725704171889,7.945385991174219e-10,6.960788773034957,0.005530615360479472,13,1,hbr,True,S13_D1 hbr,mild_master_25,,0.006725509159158315
235,az_itd=15_az=0,7.0,1.137750208268646e-18,0.0003064070217453774,7.955640692777687e-10,6.59260464947552,0.005244839382076282,13,1,hbr,True,S13_D1 hbr,mild_master_25,,-0.00267198788309198
236,az_itd=5_az=0,7.0,1.137750208268646e-18,0.030780518268579495,7.930050414205652e-10,2.696816246865965,0.002138588879549598,13,1,hbr,True,S13_D1 hbr,mild_master_25,,-0.005889202797162112
237,constant,7.0,1.137750208268646e-18,0.6805871523338758,9.643486469229399e-10,0.42933094109759357,0.0004140247121296168,13,1,hbr,False,S13_D1 hbr,mild_master_25,,
273,Linear,7.0,6.848866430377659e-19,0.037161269420209204,7.972425729971132e-14,-2.567163673414241,-2.04665217229749e-07,13,2,hbr,True,S13_D2 hbr,mild_master_25,,
274,ShortHbO,7.0,6.848866430377659e-19,0.032693751722211443,0.00018468093748325577,2.6552057511237463,490.3658873284658,13,2,hbr,True,S13_D2 hbr,mild_master_25,,
275,az_itd=0_az=15,7.0,6.848866430377659e-19,0.00033753725283204404,6.176626055790595e-10,6.489229039140219,0.004008154116514644,13,2,hbr,True,S13_D2 hbr,mild_master_25,,-0.0065103609942810305
276,az_itd=0_az=5,7.0,6.848866430377659e-19,0.00011510783982879305,6.164543006089527e-10,7.711969722834437,0.004754076901807322,13,2,hbr,True,S13_D2 hbr,mild_master_25,,0.0036325761958704594
277,az_itd=15_az=0,7.0,6.848866430377659e-19,0.0035918236274108516,6.172499265120795e-10,4.2942627752694,0.0026506333824585955,13,2,hbr,True,S13_D2 hbr,mild_master_25,,-0.007496224730770364
278,az_itd=5_az=0,7.0,6.848866430377659e-19,1.978456135450906e-05,6.15264467618448e-10,10.119274211006168,0.006226029860119801,13,2,hbr,True,S13_D2 hbr,mild_master_25,,0.0007836871533282694
279,constant,7.0,6.848866430377659e-19,0.3877115077889073,7.482038900846594e-10,0.9209550168935177,0.0006890621262327132,13,2,hbr,False,S13_D2 hbr,mild_master_25,,
287,Linear,7.0,3.682279854830175e-18,0.0023246781802729525,1.848585447538362e-13,4.656268252669285,8.607509731719317e-07,13,3,hbr,True,S13_D3 hbr,mild_master_25,,
288,ShortHbO,7.0,3.682279854830175e-18,1.7270443428957743e-05,0.0004282241127513456,10.329520426849216,4423.3497199344065,13,3,hbr,True,S13_D3 hbr,mild_master_25,,
289,az_itd=0_az=15,7.0,3.682279854830175e-18,1.2368324268078952e-05,1.4321890762426843e-09,-10.862655719331459,-0.01555737686021163,13,3,hbr,True,S13_D3 hbr,mild_master_25,,0.0008166030339984733
290,az_itd=0_az=5,7.0,3.682279854830175e-18,2.426955210628488e-06,1.429387350570245e-09,-13.841160430850985,-0.0197843796370718,13,3,hbr,True,S13_D3 hbr,mild_master_25,,0.0021040673714875016
291,az_itd=15_az=0,7.0,3.682279854830175e-18,3.358937037737098e-05,1.4312321874066369e-09,-9.335970494326773,-0.013361941472159128,13,3,hbr,True,S13_D3 hbr,mild_master_25,,-0.018779129651031057
292,az_itd=5_az=0,7.0,3.682279854830175e-18,6.363236511253393e-07,1.426628456319303e-09,-16.84423460463691,-0.02403046441189334,13,3,hbr,True,S13_D3 hbr,mild_master_25,,-0.028232367845584597
293,constant,7.0,3.682279854830175e-18,0.2250248710428254,1.7348782790192288e-09,-1.3306101211110264,-0.0023084465969586652,13,3,hbr,False,S13_D3 hbr,mild_master_25,,
245,Linear,7.0,2.7180769541144126e-17,0.11429649437611615,5.022408206833394e-13,1.8035054497347829,9.057940571816725e-07,13,10,hbr,False,S13_D10 hbr,mild_master_25,,
246,ShortHbO,7.0,2.7180769541144126e-17,0.0012985280532914862,0.0011634389425223875,5.167593582484389,6012.179612991114,13,10,hbr,True,S13_D10 hbr,mild_master_25,,
247,az_itd=0_az=15,7.0,2.7180769541144126e-17,3.1506799811256322e-06,3.89110396808375e-09,-13.317904776732501,-0.05182135212330535,13,10,hbr,True,S13_D10 hbr,mild_master_25,,-0.04493125655275445
248,az_itd=0_az=5,7.0,2.7180769541144126e-17,0.00036970299937353604,3.883491980209836e-09,-6.393096649834016,-0.02482753956833677,13,10,hbr,True,S13_D10 hbr,mild_master_25,,0.037250039820884054
249,az_itd=15_az=0,7.0,2.7180769541144126e-17,0.01611714708549702,3.888504203842615e-09,3.1515508149073987,0.012254818592391038,13,10,hbr,True,S13_D10 hbr,mild_master_25,,0.025918661858548315
250,az_itd=5_az=0,7.0,2.7180769541144126e-17,6.529961323700254e-06,3.875996360709981e-09,-11.95245633141867,-0.04632767724212374,13,10,hbr,True,S13_D10 hbr,mild_master_25,,-0.04025640420670628
251,constant,7.0,2.7180769541144126e-17,0.7645312739497501,4.71347803695309e-09,0.3114473772538124,0.0014680003723524882,13,10,hbr,False,S13_D10 hbr,mild_master_25,,
259,Linear,7.0,8.119769402571132e-18,0.0004898071352757772,2.745067207145928e-13,6.102637222932387,1.675214931777979e-06,13,11,hbr,True,S13_D11 hbr,mild_master_25,,
260,ShortHbO,7.0,8.119769402571132e-18,0.11616361868729749,0.0006358937699029382,-1.7924326871763954,-1139.796778745852,13,11,hbr,False,S13_D11 hbr,mild_master_25,,
261,az_itd=0_az=15,7.0,8.119769402571132e-18,9.708712656016513e-08,2.1267371074794886e-09,-22.134167491492306,-0.047073555347322875,13,11,hbr,True,S13_D11 hbr,mild_master_25,,-0.014412412888902534
262,az_itd=0_az=5,7.0,8.119769402571132e-18,1.9375705597124827e-09,2.1225766694120605e-09,-38.88245711246126,-0.08253099631632531,13,11,hbr,True,S13_D11 hbr,mild_master_25,,-0.049002913360897994
263,az_itd=15_az=0,7.0,8.119769402571132e-18,6.866421204583141e-09,2.125316170098306e-09,-32.42412366055526,-0.06891151431704516,13,11,hbr,True,S13_D11 hbr,mild_master_25,,-0.04481296232653583
264,az_itd=5_az=0,7.0,8.119769402571132e-18,2.3387260088852513e-09,2.1184798341014024e-09,-37.84685606105027,-0.08017780134947343,13,11,hbr,True,S13_D11 hbr,mild_master_25,,-0.05957898157395117
265,constant,7.0,8.119769402571132e-18,0.19475220309986618,2.576217116967551e-09,1.433787094475432,0.0036937468548747785,13,11,hbr,False,S13_D11 hbr,mild_master_25,,
301,Linear,7.0,6.713771607960681e-19,0.013745512098118978,7.89340552688424e-14,-3.2662374460722754,-2.5781736708943164e-07,14,1,hbr,True,S14_D1 hbr,mild_master_25,,
302,ShortHbO,7.0,6.713771607960681e-19,0.017236311951980155,0.00018285043749736787,3.1035492789094525,567.485343443234,14,1,hbr,True,S14_D1 hbr,mild_master_25,,
303,az_itd=0_az=15,7.0,6.713771607960681e-19,0.00021396791050848598,6.115405260282208e-10,6.987245223472459,0.0042729836194505206,14,1,hbr,True,S14_D1 hbr,mild_master_25,,-0.0007337394226291431
304,az_itd=0_az=5,7.0,6.713771607960681e-19,1.9608764595429502e-06,6.103441974009942e-10,14.282948353634103,0.008717514649418657,14,1,hbr,True,S14_D1 hbr,mild_master_25,,0.013122262690862833
305,az_itd=15_az=0,7.0,6.713771607960681e-19,0.00039804383591826034,6.11131937307741e-10,6.315870764900937,0.0038598303363392337,14,1,hbr,True,S14_D1 hbr,mild_master_25,,-0.004865376352327306
306,az_itd=5_az=0,7.0,6.713771607960681e-19,0.00013468041874806908,6.091661576648557e-10,7.522958967976239,0.004582732008792454,14,1,hbr,True,S14_D1 hbr,mild_master_25,,0.00032446774483849757
307,constant,7.0,6.713771607960681e-19,0.3329357359298663,7.407879259418229e-10,1.0399693607631628,0.0007703967458027867,14,1,hbr,False,S14_D1 hbr,mild_master_25,,
329,Linear,7.0,1.390271908473908e-18,0.8959438743261177,1.1358762203613836e-13,0.13561402786730703,1.5404074940190005e-08,14,2,hbr,False,S14_D2 hbr,mild_master_25,,
330,ShortHbO,7.0,1.390271908473908e-18,0.0005086057339565847,0.0002631252925350703,6.064494360613426,1595.7218527136918,14,2,hbr,True,S14_D2 hbr,mild_master_25,,
331,az_itd=0_az=15,7.0,1.390271908473908e-18,5.1935369812434944e-05,8.800185660509709e-10,8.731177237062218,0.0076835980720963695,14,2,hbr,True,S14_D2 hbr,mild_master_25,,0.0017384202470771613
332,az_itd=0_az=5,7.0,1.390271908473908e-18,0.06499967547221423,8.782970261721745e-10,2.186647476698164,0.0019205259760708868,14,2,hbr,False,S14_D2 hbr,mild_master_25,,0.014479142037760436
333,az_itd=15_az=0,7.0,1.390271908473908e-18,0.007220676295869464,8.794305990322739e-10,-3.7444309692525106,-0.0032929671703247334,14,2,hbr,True,S14_D2 hbr,mild_master_25,,-0.002197600798191199
334,az_itd=5_az=0,7.0,1.390271908473908e-18,0.8586555373253635,8.766018043590256e-10,0.18476094095216256,0.00016196177421373708,14,2,hbr,False,S14_D2 hbr,mild_master_25,,-0.009599466262686207
335,constant,7.0,1.390271908473908e-18,0.5172097241991485,1.0660080576656866e-09,-0.6819197937494376,-0.0007269319948186235,14,2,hbr,False,S14_D2 hbr,mild_master_25,,
315,Linear,7.0,1.442695552847031e-16,0.7491392009274364,1.1570935705049765e-12,0.3326492313215828,3.8490628679562614e-07,14,10,hbr,False,S14_D10 hbr,mild_master_25,,
316,ShortHbO,7.0,1.442695552847031e-16,0.000116621756349494,0.002680402835906764,-7.696097277052495,-20628.64096682583,14,10,hbr,True,S14_D10 hbr,mild_master_25,,
317,az_itd=0_az=15,7.0,1.442695552847031e-16,0.001096666415127656,8.964566793894344e-09,-5.322192434663493,-0.047711149570500044,14,10,hbr,True,S14_D10 hbr,mild_master_25,,-0.06770666500835637
318,az_itd=0_az=5,7.0,1.442695552847031e-16,0.00015636725479632933,8.947029823849409e-09,-7.346735445193379,-0.06573146113607672,14,10,hbr,True,S14_D10 hbr,mild_master_25,,-0.11174434340360098
319,az_itd=15_az=0,7.0,1.442695552847031e-16,0.1441998598143245,8.958577295700722e-09,-1.6438837813722913,-0.014726859920572459,14,10,hbr,False,S14_D10 hbr,mild_master_25,,0.10282757692713912
320,az_itd=5_az=0,7.0,1.442695552847031e-16,0.014733787972580242,8.929760950486162e-09,3.2160549666483553,0.02871860205579356,14,10,hbr,True,S14_D10 hbr,mild_master_25,,0.05495394186018921
321,constant,7.0,1.442695552847031e-16,0.6736241865011464,1.0859203208242448e-08,0.43938905104421294,0.004771414992765921,14,10,hbr,False,S14_D10 hbr,mild_master_25,,
343,Linear,7.0,8.214793362872994e-18,0.4383955069393043,2.7610829594208355e-13,-0.8215862517750058,-2.2684677994704047e-07,15,17,hbr,False,S15_D17 hbr,mild_master_25,,
344,ShortHbO,7.0,8.214793362872994e-18,0.0001527236216429214,0.0006396038127993054,-7.374342179573086,-4716.657374941686,15,17,hbr,True,S15_D17 hbr,mild_master_25,,
345,az_itd=0_az=15,7.0,8.214793362872994e-18,1.859253319654475e-05,2.139145289901608e-09,10.214931195139595,0.021851221952751868,15,17,hbr,True,S15_D17 hbr,mild_master_25,,0.006588636143966778
346,az_itd=0_az=5,7.0,8.214793362872994e-18,0.26022947766364163,2.1349605782771357e-09,-1.2248951965163228,-0.0026151029570833746,15,17,hbr,False,S15_D17 hbr,mild_master_25,,0.0005623847694604054
347,az_itd=15_az=0,7.0,8.214793362872994e-18,0.0854238173258711,2.137716062238484e-09,2.0015500966023128,0.004278745790881753,15,17,hbr,False,S15_D17 hbr,mild_master_25,,-0.034130369281368325
348,az_itd=5_az=0,7.0,8.214793362872994e-18,0.0014081701505514797,2.1308398404917855e-09,5.094454434085425,0.010855466473719258,15,17,hbr,True,S15_D17 hbr,mild_master_25,,0.0016401011209123716
349,constant,7.0,8.214793362872994e-18,0.9113167166941096,2.5912477344490903e-09,-0.11546805930201544,-0.00029920634706758067,15,17,hbr,False,S15_D17 hbr,mild_master_25,,
357,Linear,7.0,1.054279853500752e-17,0.38798260203177765,3.127944852854404e-13,-0.9203988505892057,-2.8789568472736153e-07,15,18,hbr,False,S15_D18 hbr,mild_master_25,,
358,ShortHbO,7.0,1.054279853500752e-17,0.003071735114072598,0.0007245872302697106,-4.422565835116058,-3204.534729152194,15,18,hbr,True,S15_D18 hbr,mild_master_25,,
359,az_itd=0_az=15,7.0,1.054279853500752e-17,6.72225470485888e-06,2.4233710458518807e-09,11.900853988094331,0.028840184975658684,15,18,hbr,True,S15_D18 hbr,mild_master_25,,0.023920307397999777
360,az_itd=0_az=5,7.0,1.054279853500752e-17,0.032266129595956955,2.4186303164428687e-09,2.6642815080132802,0.006443912026819043,15,18,hbr,True,S15_D18 hbr,mild_master_25,,-0.008176841061914318
361,az_itd=15_az=0,7.0,1.054279853500752e-17,0.000537531388114764,2.421751918365264e-09,6.008784333250618,0.014551784986092827,15,18,hbr,True,S15_D18 hbr,mild_master_25,,-0.008246480024824024
362,az_itd=5_az=0,7.0,1.054279853500752e-17,0.0001060896913756491,2.413962061002854e-09,7.811679462222296,0.0188570978545198,15,18,hbr,True,S15_D18 hbr,mild_master_25,,0.018959511915528568
363,constant,7.0,1.054279853500752e-17,0.5288655500008528,2.935543818335987e-09,-0.6624783067663635,-0.0019447340982096902,15,18,hbr,False,S15_D18 hbr,mild_master_25,,
371,Linear,7.0,9.693264234001093e-18,0.7259091221902676,2.9992741167822654e-13,-0.36497301845929175,-1.0946541275888497e-07,15,22,hbr,False,S15_D22 hbr,mild_master_25,,
372,ShortHbO,7.0,9.693264234001093e-18,0.010420436349958167,0.0006947807034116056,3.468966354846687,2410.170884131575,15,22,hbr,True,S15_D22 hbr,mild_master_25,,
373,az_itd=0_az=15,7.0,9.693264234001093e-18,2.3809700932108354e-05,2.323683567039356e-09,9.838889924049063,0.022862466834421905,15,22,hbr,True,S15_D22 hbr,mild_master_25,,0.01673964742942232
374,az_itd=0_az=5,7.0,9.693264234001093e-18,0.06771760946079729,2.3191378516639256e-09,2.1589022536118945,0.0050067919343938965,15,22,hbr,False,S15_D22 hbr,mild_master_25,,0.0056452784962707885
375,az_itd=15_az=0,7.0,9.693264234001093e-18,0.8935365229418427,2.3221310437722184e-09,0.13877429226416532,0.00032225209214413713,15,22,hbr,False,S15_D22 hbr,mild_master_25,,-0.027887844498148136
376,az_itd=5_az=0,7.0,9.693264234001093e-18,0.3325773762146385,2.3146616289776502e-09,1.0407965532617511,0.0024090918454071682,15,22,hbr,False,S15_D22 hbr,mild_master_25,,0.022048079682577847
377,constant,7.0,9.693264234001093e-18,0.6411872080274582,2.8147876664068314e-09,-0.4869255838580041,-0.0013705921279014552,15,22,hbr,False,S15_D22 hbr,mild_master_25,,
385,Linear,7.0,3.6226198702661285e-18,0.4445217681777168,1.8335489819594243e-13,0.8101438991293465,1.4854385214892518e-07,16,16,hbr,False,S16_D16 hbr,mild_master_25,,
386,ShortHbO,7.0,3.6226198702661285e-18,0.09758105443288084,0.0004247409212440062,-1.9112285290090851,-811.7769661191456,16,16,hbr,False,S16_D16 hbr,mild_master_25,,
387,az_itd=0_az=15,7.0,3.6226198702661285e-18,4.12351710395418e-05,1.420539594864298e-09,-9.047013374868987,-0.012851640714268276,16,16,hbr,True,S16_D16 hbr,mild_master_25,,-0.010769233431431711
388,az_itd=0_az=5,7.0,3.6226198702661285e-18,0.00022931364120015702,1.417760658536918e-09,-6.9097429980157905,-0.009796361783187726,16,16,hbr,True,S16_D16 hbr,mild_master_25,,0.002793032900588906
389,az_itd=15_az=0,7.0,3.6226198702661285e-18,8.188273427594316e-06,1.419590489399079e-09,-11.555458157623411,-0.016404018501211197,16,16,hbr,True,S16_D16 hbr,mild_master_25,,-0.05101148851036528
390,az_itd=5_az=0,7.0,3.6226198702661285e-18,0.0010058320438480473,1.4150242052385948e-09,-5.402455748555946,-0.007644605651937056,16,16,hbr,True,S16_D16 hbr,mild_master_25,,-0.017774040758543316
391,constant,7.0,3.6226198702661285e-18,0.26411841282491927,1.7207667119500101e-09,1.2139813255407972,0.002088978653919552,16,16,hbr,False,S16_D16 hbr,mild_master_25,,
399,Linear,7.0,1.0965957617502976e-15,0.28838001858545137,3.1901008688955618e-12,1.1487856795876377,3.6647421946273014e-06,16,18,hbr,False,S16_D18 hbr,mild_master_25,,
400,ShortHbO,7.0,1.0965957617502976e-15,0.0022141114457483384,0.007389856476416675,4.697837448173599,34716.34449153847,16,18,hbr,True,S16_D18 hbr,mild_master_25,,
401,az_itd=0_az=15,7.0,1.0965957617502976e-15,1.7478566770959542e-07,2.4715263352465108e-08,-20.32736622532399,-0.502396209520887,16,18,hbr,True,S16_D18 hbr,mild_master_25,,-0.7088826448474945
402,az_itd=0_az=5,7.0,1.0965957617502976e-15,1.9889414077578528e-06,2.4666914018578716e-08,-14.25309965637007,-0.35157998372191435,16,18,hbr,True,S16_D18 hbr,mild_master_25,,-0.5693838327923941
403,az_itd=15_az=0,7.0,1.0965957617502976e-15,9.987613258883358e-05,2.469875033754672e-08,-7.886118791385836,-0.19477727916067444,16,18,hbr,True,S16_D18 hbr,mild_master_25,,-0.20258792020793548
404,az_itd=5_az=0,7.0,1.0965957617502976e-15,8.224083776961625e-06,2.4619303825829222e-08,-11.547922567334624,-0.2843018142423609,16,18,hbr,True,S16_D18 hbr,mild_master_25,,-0.0015287060526066052
405,constant,7.0,1.0965957617502976e-15,0.06887489668302729,2.993876595045752e-08,2.1474261304369904,0.06429128831504971,16,18,hbr,False,S16_D18 hbr,mild_master_25,,
413,Linear,7.0,1.2389953406761732e-17,0.017401236312973356,3.390907715193408e-13,3.0967574362486046,1.0500818682657951e-06,16,22,hbr,True,S16_D22 hbr,mild_master_25,,
414,ShortHbO,7.0,1.2389953406761732e-17,0.07416511066652019,0.0007855024768771236,-2.0973107556901636,-1647.4427933756554,16,22,hbr,False,S16_D22 hbr,mild_master_25,,
415,az_itd=0_az=15,7.0,1.2389953406761732e-17,7.218598815786575e-07,2.6271011679303273e-09,-16.536816165220745,-0.04344388906150054,16,22,hbr,True,S16_D22 hbr,mild_master_25,,-0.06479444072523124
416,az_itd=0_az=5,7.0,1.2389953406761732e-17,2.1046990340893244e-05,2.621961890646077e-09,-10.024847472249627,-0.02628476803177818,16,22,hbr,True,S16_D22 hbr,mild_master_25,,0.0008861586452627267
417,az_itd=15_az=0,7.0,1.2389953406761732e-17,9.693066589987492e-06,2.6253459221876668e-09,-11.267364428048298,-0.029580729254978972,16,22,hbr,True,S16_D22 hbr,mild_master_25,,-0.08546624518965867
418,az_itd=5_az=0,7.0,1.2389953406761732e-17,0.7791139942160076,2.616901180137196e-09,-0.29150509467534347,-0.0007628400262719114,16,22,hbr,False,S16_D22 hbr,mild_master_25,,0.022686374991131075
419,constant,7.0,1.2389953406761732e-17,0.477604537360656,3.1823317386174995e-09,-0.7501687488262454,-0.00238728581870874,16,22,hbr,False,S16_D22 hbr,mild_master_25,,
427,Linear,7.0,6.704574565283594e-18,0.013529904110990575,2.4944037252850187e-13,3.27769906783672,8.175904765175148e-07,16,23,hbr,True,S16_D23 hbr,mild_master_25,,
428,ShortHbO,7.0,6.704574565283594e-18,5.519947904025297e-07,0.0005778276700848375,-17.197320465133558,-9937.087616070417,16,23,hbr,True,S16_D23 hbr,mild_master_25,,
429,az_itd=0_az=15,7.0,6.704574565283594e-18,6.256642859198473e-07,1.9325359137980153e-09,-16.88582402938514,-0.032632461370860295,16,23,hbr,True,S16_D23 hbr,mild_master_25,,-0.040935084890374764
430,az_itd=0_az=5,7.0,6.704574565283594e-18,7.318910521714327e-06,1.9287553826011124e-09,-11.75082901152177,-0.02266447470599792,16,23,hbr,True,S16_D23 hbr,mild_master_25,,-0.011089840377926503
431,az_itd=15_az=0,7.0,6.704574565283594e-18,3.126334876519697e-05,1.9312447281076277e-09,-9.438955985943283,-0.0182289339866929,16,23,hbr,True,S16_D23 hbr,mild_master_25,,-0.044281955204032705
432,az_itd=5_az=0,7.0,6.704574565283594e-18,0.1942625846432775,1.9250326463292346e-09,-1.4355701785008894,-0.002763519459710899,16,23,hbr,False,S16_D23 hbr,mild_master_25,,0.004633745385040932
433,constant,7.0,6.704574565283594e-18,0.42562515890145225,2.3409720377623077e-09,-0.8458063689680511,-0.001980009059115477,16,23,hbr,False,S16_D23 hbr,mild_master_25,,
441,Linear,7.0,6.154898822431969e-18,0.024264289134864923,2.3899652861573667e-13,2.86210873967284,6.8403405330257e-07,17,15,hbr,True,S17_D15 hbr,mild_master_25,,
442,ShortHbO,7.0,6.154898822431969e-18,7.993930838739626e-05,0.0005536345455570375,-8.165822496066697,-4520.881426709319,17,15,hbr,True,S17_D15 hbr,mild_master_25,,
443,az_itd=0_az=15,7.0,6.154898822431969e-18,0.009694286093275311,1.8516223742818192e-09,3.522556167681518,0.0065224438147435185,17,15,hbr,True,S17_D15 hbr,mild_master_25,,0.021354793372800072
444,az_itd=0_az=5,7.0,6.154898822431969e-18,1.5073901792619863e-05,1.8480001305238245e-09,-10.54385100192868,-0.019485038027787956,17,15,hbr,True,S17_D15 hbr,mild_master_25,,-0.0003382217794973796
445,az_itd=15_az=0,7.0,6.154898822431969e-18,0.06757072750957563,1.8503852493742796e-09,-2.1603728390743675,-0.003997522034572044,17,15,hbr,False,S17_D15 hbr,mild_master_25,,-0.008368068467456392
446,az_itd=5_az=0,7.0,6.154898822431969e-18,0.00039368749842615613,1.8444332618693563e-09,-6.327332636649541,-0.011670342773947948,17,15,hbr,True,S17_D15 hbr,mild_master_25,,0.004324490868155394
447,constant,7.0,6.154898822431969e-18,0.1810407144597322,2.242957645309683e-09,-1.4853212447085782,-0.0033315126415599996,17,15,hbr,False,S17_D15 hbr,mild_master_25,,
455,Linear,7.0,6.328022637750218e-17,0.08646794467434779,7.663287973583326e-13,1.9933120148225203,1.527532399078857e-06,17,17,hbr,False,S17_D17 hbr,mild_master_25,,
456,ShortHbO,7.0,6.328022637750218e-17,0.004746804441843644,0.001775197731657831,-4.070404025222923,-7225.7719925066385,17,17,hbr,True,S17_D17 hbr,mild_master_25,,
457,az_itd=0_az=15,7.0,6.328022637750218e-17,1.3086793346924367e-05,5.937121996975049e-09,-10.770788788317429,-0.06394748703989164,17,17,hbr,True,S17_D17 hbr,mild_master_25,,-0.025264635499809666
458,az_itd=0_az=5,7.0,6.328022637750218e-17,4.716063205368712e-07,5.9255074780576386e-09,-17.596496949877395,-0.10426817426411693,17,17,hbr,True,S17_D17 hbr,mild_master_25,,-0.10831470191741917
459,az_itd=15_az=0,7.0,6.328022637750218e-17,0.04056428804507182,5.9331552262103525e-09,-2.50717319624416,-0.014875447752310552,17,17,hbr,True,S17_D17 hbr,mild_master_25,,-0.05064675689330967
460,az_itd=5_az=0,7.0,6.328022637750218e-17,0.5008802815740676,5.914070516265159e-09,0.7096314546628186,0.004196810463435731,17,17,hbr,False,S17_D17 hbr,mild_master_25,,-0.02398747563906859
461,constant,7.0,6.328022637750218e-17,0.9723807043173234,7.1919163211756795e-09,-0.035878806669060966,-0.00025803737526752633,17,17,hbr,False,S17_D17 hbr,mild_master_25,,
469,Linear,7.0,4.852742757906139e-18,0.33865433832147585,2.1221436038050428e-13,1.0268634160205041,2.1791516302893092e-07,17,21,hbr,False,S17_D21 hbr,mild_master_25,,
470,ShortHbO,7.0,4.852742757906139e-18,0.0009178367199691893,0.0004915937551496379,-5.488313762131852,-2698.0207717658336,17,21,hbr,True,S17_D21 hbr,mild_master_25,,
471,az_itd=0_az=15,7.0,4.852742757906139e-18,0.018180696803681874,1.6441278879670468e-09,-3.065558824772672,-0.0050401707560122355,17,21,hbr,True,S17_D21 hbr,mild_master_25,,0.011129225921932565
472,az_itd=0_az=5,7.0,4.852742757906139e-18,1.9577776697295816e-06,1.6409115561370516e-09,-14.28627388603699,-0.02344251191373708,17,21,hbr,True,S17_D21 hbr,mild_master_25,,-0.01754101933807708
473,az_itd=15_az=0,7.0,4.852742757906139e-18,0.007625979981763315,1.6430293964011444e-09,3.702881589165981,0.006083943302392292,17,21,hbr,True,S17_D21 hbr,mild_master_25,,-0.014690192385303098
474,az_itd=5_az=0,7.0,4.852742757906139e-18,0.19523474125169232,1.6377443940261483e-09,-1.4320337267863952,-0.0023453052081007916,17,21,hbr,False,S17_D21 hbr,mild_master_25,,-0.01601257137095146
475,constant,7.0,4.852742757906139e-18,0.7736470434083286,1.9916097728149807e-09,-0.2989655068753858,-0.0005954226252276027,17,21,hbr,False,S17_D21 hbr,mild_master_25,,
483,Linear,7.0,3.610530329809082e-18,0.010575042546780239,1.830486931530242e-13,3.4580771557804058,6.329965041879302e-07,17,22,hbr,True,S17_D22 hbr,mild_master_25,,
484,ShortHbO,7.0,3.610530329809082e-18,9.577568640718561e-07,0.0004240315984318081,-15.866954604860517,-6728.090123343943,17,22,hbr,True,S17_D22 hbr,mild_master_25,,
485,az_itd=0_az=15,7.0,3.610530329809082e-18,2.1168380246001703e-07,1.4181672754340988e-09,-19.770346416692284,-0.028037658312148796,17,22,hbr,True,S17_D22 hbr,mild_master_25,,-0.0395525319010283
486,az_itd=0_az=5,7.0,3.610530329809082e-18,9.066986121896463e-05,1.4153929799661981e-09,-8.006608546458228,-0.011332497529994342,17,22,hbr,True,S17_D22 hbr,mild_master_25,,-0.0042853181138356134
487,az_itd=15_az=0,7.0,3.610530329809082e-18,0.0036925226527144226,1.4172197549872379e-09,-4.271790022651379,-0.006054065209258915,17,22,hbr,True,S17_D22 hbr,mild_master_25,,-0.022621447776466786
488,az_itd=5_az=0,7.0,3.610530329809082e-18,1.0226596338767096e-06,1.4126610965801484e-09,-15.715360523240452,-0.022200478429913233,17,22,hbr,True,S17_D22 hbr,mild_master_25,,-0.030403284780436555
489,constant,7.0,3.610530329809082e-18,0.5513780931473218,1.7178930093651911e-09,-0.6256681354490823,-0.0010748309160705319,17,22,hbr,False,S17_D22 hbr,mild_master_25,,
497,Linear,7.0,2.926514461351303e-18,0.01164282054454285,1.647997206219229e-13,3.3872610829341148,5.582196801410542e-07,17,23,hbr,True,S17_D23 hbr,mild_master_25,,
498,ShortHbO,7.0,2.926514461351303e-18,2.898183906349564e-08,0.0003817579232757,-26.355509079669407,-10061.424413128449,17,23,hbr,True,S17_D23 hbr,mild_master_25,,
499,az_itd=0_az=15,7.0,2.926514461351303e-18,0.006115159157976653,1.2767836074705776e-09,-3.8720882245045343,-0.004943818771727244,17,23,hbr,True,S17_D23 hbr,mild_master_25,,-0.015196860791248826
500,az_itd=0_az=5,7.0,2.926514461351303e-18,1.4844207247769756e-05,1.2742858943749124e-09,-10.568292496679922,-0.01346702605614745,17,23,hbr,True,S17_D23 hbr,mild_master_25,,-0.016633623800610065
501,az_itd=15_az=0,7.0,2.926514461351303e-18,0.00025844817754996333,1.2759305497282004e-09,-6.777481769527345,-0.00864759603996588,17,23,hbr,True,S17_D23 hbr,mild_master_25,,-0.011863473654546142
502,az_itd=5_az=0,7.0,2.926514461351303e-18,1.9431720978949605e-05,1.2718263651041065e-09,-10.14689248498549,-0.01290508538628127,17,23,hbr,True,S17_D23 hbr,mild_master_25,,-0.021610919732743022
503,constant,7.0,2.926514461351303e-18,0.18488090360722045,1.5466282939538186e-09,-1.4705418918888922,-0.002274381697439738,17,23,hbr,False,S17_D23 hbr,mild_master_25,,
511,Linear,7.0,1.5771668008902663e-17,0.6471191414572548,3.8257796011374696e-13,0.47814427009129484,1.8292745949160408e-07,18,16,hbr,False,S18_D16 hbr,mild_master_25,,
512,ShortHbO,7.0,1.5771668008902663e-17,0.44596918366369376,0.0008862403831323527,0.8074566393222186,715.6006813956848,18,16,hbr,False,S18_D16 hbr,mild_master_25,,
513,az_itd=0_az=15,7.0,1.5771668008902663e-17,4.883067277325662e-05,2.9640175736304295e-09,-8.814625290979441,-0.0261267042674303,18,16,hbr,True,S18_D16 hbr,mild_master_25,,0.004686731531867315
514,az_itd=0_az=5,7.0,1.5771668008902663e-17,0.00037467207272567655,2.9582192022649755e-09,6.379085916533969,0.018870734451188857,18,16,hbr,True,S18_D16 hbr,mild_master_25,,0.016351462882079622
515,az_itd=15_az=0,7.0,1.5771668008902663e-17,0.00023547276072138473,2.9620372238476367e-09,6.8802633584749255,0.020379596177677685,18,16,hbr,True,S18_D16 hbr,mild_master_25,,-0.0051645657183515565
516,az_itd=5_az=0,7.0,1.5771668008902663e-17,0.0010138862265174793,2.9525094735851332e-09,5.395018623202068,0.01592884359517233,18,16,hbr,True,S18_D16 hbr,mild_master_25,,0.017709217818739027
517,constant,7.0,1.5771668008902663e-17,0.42378336718600174,3.59045449544496e-09,-0.8493420442630781,-0.003049523960994781,18,16,hbr,False,S18_D16 hbr,mild_master_25,,
525,Linear,7.0,3.1111469894064587e-18,0.05391570881384451,1.6991878695880886e-13,-2.3134044973094916,-3.9309088592788173e-07,18,21,hbr,False,S18_D21 hbr,mild_master_25,,
526,ShortHbO,7.0,3.1111469894064587e-18,0.012303186264283452,0.00039361622088995065,3.346880425908547,1317.3864250166707,18,21,hbr,True,S18_D21 hbr,mild_master_25,,
527,az_itd=0_az=15,7.0,3.1111469894064587e-18,0.0004591656122201258,1.3164435047072052e-09,6.168467249613784,0.008120438644753184,18,21,hbr,True,S18_D21 hbr,mild_master_25,,0.006621444659848995
528,az_itd=0_az=5,7.0,3.1111469894064587e-18,0.02513810826438049,1.313868206777179e-09,2.8373996813832894,0.0037279692312892016,18,21,hbr,True,S18_D21 hbr,mild_master_25,,0.00355343145294394
529,az_itd=15_az=0,7.0,3.1111469894064587e-18,0.004370267950137091,1.3155639489880357e-09,-4.136134680724981,-0.005441349674120923,18,21,hbr,True,S18_D21 hbr,mild_master_25,,-0.030417880982714172
530,az_itd=5_az=0,7.0,3.1111469894064587e-18,0.00018884007080669714,1.3113322787512824e-09,7.128741836466118,0.009348149277042717,18,21,hbr,True,S18_D21 hbr,mild_master_25,,-0.004689305105858687
531,constant,7.0,3.1111469894064587e-18,0.19627393462627368,1.5946702008537572e-09,1.4282708363697596,0.002277620941507328,18,21,hbr,False,S18_D21 hbr,mild_master_25,,
539,Linear,7.0,3.2161493294383005e-18,0.0007877573321366483,1.727624031531852e-13,5.633673679265768,9.732870034108009e-07,18,22,hbr,True,S18_D22 hbr,mild_master_25,,
540,ShortHbO,7.0,3.2161493294383005e-18,0.002561020055424183,0.0004002034469414362,-4.574300852966535,-1830.650968704359,18,22,hbr,True,S18_D22 hbr,mild_master_25,,
541,az_itd=0_az=15,7.0,3.2161493294383005e-18,5.680399055748567e-09,1.3384743827282122e-09,-33.31965418935738,-0.04459750357381761,18,22,hbr,True,S18_D22 hbr,mild_master_25,,-0.0359351185832835
542,az_itd=0_az=5,7.0,3.2161493294383005e-18,2.4572037934157703e-08,1.3358559868039603e-09,-26.989919932852317,-0.03605464612566031,18,22,hbr,True,S18_D22 hbr,mild_master_25,,-0.024712665241551853
543,az_itd=15_az=0,7.0,3.2161493294383005e-18,9.906432501854312e-06,1.337580107513149e-09,-11.230662501704028,-0.015021910756473167,18,22,hbr,True,S18_D22 hbr,mild_master_25,,-0.036175162154804444
544,az_itd=5_az=0,7.0,3.2161493294383005e-18,1.2177723170858632e-07,1.3332776196450447e-09,-21.420082345378997,-0.028558916402047753,18,22,hbr,True,S18_D22 hbr,mild_master_25,,-0.02438232134376332
545,constant,7.0,3.2161493294383005e-18,0.9478620292813789,1.6213572440524378e-09,-0.06777238799861111,-0.00010988325222828062,18,22,hbr,False,S18_D22 hbr,mild_master_25,,
553,Linear,7.0,2.939709719714797e-18,0.01372597094495572,1.6517083260769903e-13,3.2672682776029487,5.396574217644017e-07,18,23,hbr,True,S18_D23 hbr,mild_master_25,,
554,ShortHbO,7.0,2.939709719714797e-18,9.569072686406885e-08,0.00038261760277308,-22.18060544929489,-8486.690085064725,18,23,hbr,True,S18_D23 hbr,mild_master_25,,
555,az_itd=0_az=15,7.0,2.939709719714797e-18,0.00029506546760693907,1.279658792563044e-09,-6.633234672931962,-0.008488277072351433,18,23,hbr,True,S18_D23 hbr,mild_master_25,,-0.008740769101651833
556,az_itd=0_az=5,7.0,2.939709719714797e-18,1.5077628586771759e-06,1.277155454874914e-09,-14.845587843495837,-0.01896012349514542,18,23,hbr,True,S18_D23 hbr,mild_master_25,,-0.021779277214512543
557,az_itd=15_az=0,7.0,2.939709719714797e-18,3.081800891015076e-05,1.2788038138225513e-09,-9.459663496700388,-0.012097053757058426,18,23,hbr,True,S18_D23 hbr,mild_master_25,,-0.02198966692307954
558,az_itd=5_az=0,7.0,2.939709719714797e-18,8.466826954778908e-07,1.2746903869976813e-09,-16.155729204112742,-0.020593552711420215,18,23,hbr,True,S18_D23 hbr,mild_master_25,,-0.03765212765906748
559,constant,7.0,2.939709719714797e-18,0.5890304061939591,1.5501111414687335e-09,-0.5660610076343078,-0.0008774574746849583,18,23,hbr,False,S18_D23 hbr,mild_master_25,,
567,Linear,7.0,2.0701565713109674e-18,0.7924434315650528,1.3860622344620503e-13,0.2733907427488461,3.789365837757052e-08,19,14,hbr,False,S19_D14 hbr,mild_master_25,,
568,ShortHbO,7.0,2.0701565713109674e-18,0.0009032069639373018,0.0003210807871289064,-5.50347574964998,-1767.0603256424638,19,14,hbr,True,S19_D14 hbr,mild_master_25,,
569,az_itd=0_az=15,7.0,2.0701565713109674e-18,0.00030106850481506235,1.0738498422307199e-09,6.611515104178476,0.0070997744515280785,19,14,hbr,True,S19_D14 hbr,mild_master_25,,0.0047738053085371514
570,az_itd=0_az=5,7.0,2.0701565713109674e-18,2.1720527991304443e-06,1.0717491191340072e-09,14.069421943784231,0.01507889057497542,19,14,hbr,True,S19_D14 hbr,mild_master_25,,0.024366455416488787
571,az_itd=15_az=0,7.0,2.0701565713109674e-18,0.00048266284913244466,1.0731323706742982e-09,6.117565231931704,0.006564957280097533,19,14,hbr,True,S19_D14 hbr,mild_master_25,,0.0005515984699714086
572,az_itd=5_az=0,7.0,2.0701565713109674e-18,7.87854161843753e-06,1.0696805108718372e-09,11.622240228701635,0.012432083865312782,19,14,hbr,True,S19_D14 hbr,mild_master_25,,0.009211466287793632
573,constant,7.0,2.0701565713109674e-18,0.0478489517330685,1.3008050383276466e-09,-2.394533459333925,-0.0031148211883456987,19,14,hbr,True,S19_D14 hbr,mild_master_25,,
581,Linear,7.0,2.72512694016487e-18,0.05282559792082486,1.590283314997071e-13,-2.3272730054656323,-3.701023430035082e-07,19,15,hbr,False,S19_D15 hbr,mild_master_25,,
582,ShortHbO,7.0,2.72512694016487e-18,0.009333044281272808,0.00036838852242114555,-3.5508550389128963,-1308.0942411168012,19,15,hbr,True,S19_D15 hbr,mild_master_25,,
583,az_itd=0_az=15,7.0,2.72512694016487e-18,1.1595467827828437e-06,1.2320698482738348e-09,15.428758198604447,0.019009307772808265,19,15,hbr,True,S19_D15 hbr,mild_master_25,,-0.003419447044541296
584,az_itd=0_az=5,7.0,2.72512694016487e-18,4.8273983533732815e-06,1.2296596066504289e-09,12.50192961781404,0.01537311785621256,19,15,hbr,True,S19_D15 hbr,mild_master_25,,0.018453398642262645
585,az_itd=15_az=0,7.0,2.72512694016487e-18,0.0021058904572806604,1.2312466651462712e-09,4.740809727142298,0.0058371061666369585,19,15,hbr,True,S19_D15 hbr,mild_master_25,,0.0027911544992040007
586,az_itd=5_az=0,7.0,2.72512694016487e-18,9.38543207425972e-08,1.2272862116304926e-09,22.242867030804522,0.027298364014036864,19,15,hbr,True,S19_D15 hbr,mild_master_25,,0.009908119691168234
587,constant,7.0,2.72512694016487e-18,0.43742113628091916,1.4924644053370752e-09,-0.8234164827618612,-0.0012289197912899272,19,15,hbr,False,S19_D15 hbr,mild_master_25,,
595,Linear,7.0,9.434135863923032e-19,0.1391586128925591,9.356904502428796e-14,1.6684535158197897,1.5611560214267344e-07,19,21,hbr,False,S19_D21 hbr,mild_master_25,,
596,ShortHbO,7.0,9.434135863923032e-19,0.0004805858026096537,0.000216752335359304,-6.121951710398921,-1326.9473301858518,19,21,hbr,True,S19_D21 hbr,mild_master_25,,
597,az_itd=0_az=15,7.0,9.434135863923032e-19,0.602244549055271,7.249249112974213e-10,-0.5456625113615462,-0.000395564347647097,19,21,hbr,False,S19_D21 hbr,mild_master_25,,-0.005902176377532101
598,az_itd=0_az=5,7.0,9.434135863923032e-19,0.19203681226136468,7.235067740079644e-10,1.4437271879434654,0.0010445464002965667,19,21,hbr,False,S19_D21 hbr,mild_master_25,,0.012027445809138296
599,az_itd=15_az=0,7.0,9.434135863923032e-19,0.03373681308576709,7.244405670400185e-10,-2.633576752638701,-0.0019078698360249912,19,21,hbr,True,S19_D21 hbr,mild_master_25,,-0.010377912660540566
600,az_itd=5_az=0,7.0,9.434135863923032e-19,0.10871563290437909,7.221103165127082e-10,1.8376712440855376,0.0013270013637129098,19,21,hbr,False,S19_D21 hbr,mild_master_25,,-0.0035620328300978235
601,constant,7.0,9.434135863923032e-19,0.1810775216999773,8.781357876498198e-10,-1.4851782441835157,-0.001304188167256468,19,21,hbr,False,S19_D21 hbr,mild_master_25,,
637,Linear,7.0,5.408651327137078e-18,0.18227658053401427,2.2404003222796575e-13,-1.4805341257934874,-3.3169891325737606e-07,20,12,hbr,False,S20_D12 hbr,mild_master_25,,
638,ShortHbO,7.0,5.408651327137078e-18,8.060893808219421e-06,0.0005189878788094947,-11.582569436568988,-6011.213143048623,20,12,hbr,True,S20_D12 hbr,mild_master_25,,
639,az_itd=0_az=15,7.0,5.408651327137078e-18,1.29452473918509e-06,1.735747120725361e-09,15.18162466995977,0.02635146130881578,20,12,hbr,True,S20_D12 hbr,mild_master_25,,0.0023387637221724393
640,az_itd=0_az=5,7.0,5.408651327137078e-18,0.7364298013520651,1.7323515584007572e-09,-0.3502830794276066,-0.0006068134385278305,20,12,hbr,False,S20_D12 hbr,mild_master_25,,0.005863264347184388
641,az_itd=15_az=0,7.0,5.408651327137078e-18,0.3255292522837342,1.7345874155791793e-09,1.0572110033985447,0.0018338249021069525,20,12,hbr,False,S20_D12 hbr,mild_master_25,,-0.01049868636676108
642,az_itd=5_az=0,7.0,5.408651327137078e-18,4.083729659834825e-07,1.729007905784008e-09,17.969394595823466,0.031069225318331208,20,12,hbr,True,S20_D12 hbr,mild_master_25,,0.01702588889178676
643,constant,7.0,5.408651327137078e-18,0.4618128110269518,2.1025924771865314e-09,-0.778429799324535,-0.0016367206400775887,20,12,hbr,False,S20_D12 hbr,mild_master_25,,
651,Linear,7.0,1.757938196834651e-18,0.11849730321066096,1.277270657137564e-13,1.7788307425733112,2.272048311503114e-07,20,13,hbr,False,S20_D13 hbr,mild_master_25,,
652,ShortHbO,7.0,1.757938196834651e-18,0.000285596325949027,0.0002958792598007352,-6.66852456560567,-1973.078112434425,20,13,hbr,True,S20_D13 hbr,mild_master_25,,
653,az_itd=0_az=15,7.0,1.757938196834651e-18,0.000358688098537817,9.89563714781852e-10,6.424922208393325,0.006357869887722119,20,13,hbr,True,S20_D13 hbr,mild_master_25,,-0.0030593560122669635
654,az_itd=0_az=5,7.0,1.757938196834651e-18,0.08705299003110106,9.8762787676283e-10,-1.9887388111013553,-0.0019641338894438665,20,13,hbr,False,S20_D13 hbr,mild_master_25,,0.007600304894413912
655,az_itd=15_az=0,7.0,1.757938196834651e-18,0.008040366380683084,9.889025573362747e-10,-3.662809267852075,-0.003622161452013925,20,13,hbr,True,S20_D13 hbr,mild_master_25,,-0.008236521144642277
656,az_itd=5_az=0,7.0,1.757938196834651e-18,9.21101654862978e-06,9.857216328953549e-10,11.353776045274357,0.011191662662876002,20,13,hbr,True,S20_D13 hbr,mild_master_25,,0.015216809769439848
657,constant,7.0,1.757938196834651e-18,0.044114482513714484,1.1987052708044167e-09,-2.449888404136121,-0.0029366941429205895,20,13,hbr,True,S20_D13 hbr,mild_master_25,,
665,Linear,7.0,1.2724795982405542e-18,0.06115798686975134,1.0866921950934272e-13,2.2279233163924177,2.4210668791903047e-07,20,20,hbr,False,S20_D20 hbr,mild_master_25,,
666,ShortHbO,7.0,1.2724795982405542e-18,0.009003137991897045,0.0002517318318703459,-3.5777536209580587,-900.6344729845353,20,20,hbr,True,S20_D20 hbr,mild_master_25,,
667,az_itd=0_az=15,7.0,1.2724795982405542e-18,0.9004966068600497,8.419133089700972e-10,-0.12964159040256554,-0.00010914698035596994,20,20,hbr,False,S20_D20 hbr,mild_master_25,,-0.008316043683936417
668,az_itd=0_az=5,7.0,1.2724795982405542e-18,2.6091524810458706e-05,8.402663126545701e-10,-9.702876683622133,-0.008153000413089173,20,20,hbr,True,S20_D20 hbr,mild_master_25,,0.002499432905066511
669,az_itd=15_az=0,7.0,1.2724795982405542e-18,5.795510208534598e-06,8.413508012260871e-10,-12.166768791325799,-0.010236520670914512,20,20,hbr,True,S20_D20 hbr,mild_master_25,,-0.01401704173081781
670,az_itd=5_az=0,7.0,1.2724795982405542e-18,5.354703367363184e-05,8.386444948188952e-10,8.690055830846017,0.0072878674822078535,20,20,hbr,True,S20_D20 hbr,mild_master_25,,0.0065394549033361655
671,constant,7.0,1.2724795982405542e-18,0.24113216387395595,1.0198493598214857e-09,-1.2805946628135378,-0.001306013647061198,20,20,hbr,False,S20_D20 hbr,mild_master_25,,
679,Linear,7.0,3.3742961633441578e-18,0.0002999584727972892,1.7695903157989613e-13,6.615494439576216,1.170671489449595e-06,21,11,hbr,True,S21_D11 hbr,mild_master_25,,
680,ShortHbO,7.0,3.3742961633441578e-18,1.0908869207826917e-06,0.0004099249206605355,-15.567388153139696,-6381.46035356755,21,11,hbr,True,S21_D11 hbr,mild_master_25,,
681,az_itd=0_az=15,7.0,3.3742961633441578e-18,3.044284608268357e-06,1.3709877047268708e-09,-13.385707279415206,-0.01835164009915122,21,11,hbr,True,S21_D11 hbr,mild_master_25,,-0.0018219729634965727
682,az_itd=0_az=5,7.0,3.3742961633441578e-18,5.340424166466963e-08,1.368305704484969e-09,-24.131199129193156,-0.033018857424537716,21,11,hbr,True,S21_D11 hbr,mild_master_25,,-0.014853623049058217
683,az_itd=15_az=0,7.0,3.3742961633441578e-18,6.58965911249562e-08,1.370071706378068e-09,-23.409620451665244,-0.03207285863787592,21,11,hbr,True,S21_D11 hbr,mild_master_25,,-0.03426714817461121
684,az_itd=5_az=0,7.0,3.3742961633441578e-18,1.457366026851506e-08,1.365664705360324e-09,-29.098377056876988,-0.03973862652984352,21,11,hbr,True,S21_D11 hbr,mild_master_25,,-0.03805567173484248
685,constant,7.0,3.3742961633441578e-18,0.27376722880347626,1.660742166790581e-09,-1.1874766662296166,-0.0019720925716874287,21,11,hbr,False,S21_D11 hbr,mild_master_25,,
693,Linear,7.0,1.3286331786143024e-18,0.08747599182659996,1.1104108088063458e-13,1.9854510939892418,2.2046663551220377e-07,21,12,hbr,False,S21_D12 hbr,mild_master_25,,
694,ShortHbO,7.0,1.3286331786143024e-18,7.472634504380069e-06,0.0002572262396762883,-11.714422010962078,-3013.256723860919,21,12,hbr,True,S21_D12 hbr,mild_master_25,,
695,az_itd=0_az=15,7.0,1.3286331786143024e-18,0.09567579109191589,8.602892728772548e-10,1.924628649539173,0.0016557373814707877,21,12,hbr,False,S21_D12 hbr,mild_master_25,,-0.004431153849945417
696,az_itd=0_az=5,7.0,1.3286331786143024e-18,0.12231912515035265,8.586063285080186e-10,-1.7570995543008399,-0.00150865679714132,21,12,hbr,False,S21_D12 hbr,mild_master_25,,0.008362995879204235
697,az_itd=15_az=0,7.0,1.3286331786143024e-18,0.0002602434724664485,8.597144875960074e-10,-6.769886921254514,-0.0058201698655892375,21,12,hbr,True,S21_D12 hbr,mild_master_25,,-0.021878846915793088
698,az_itd=5_az=0,7.0,1.3286331786143024e-18,0.07074968553265829,8.569491121750224e-10,-2.129238735309328,-0.0018246492438319963,21,12,hbr,False,S21_D12 hbr,mild_master_25,,-0.016760999538965118
699,constant,7.0,1.3286331786143024e-18,0.19060781694312248,1.0421090329103252e-09,-1.44900909831596,-0.0015100254701243074,21,12,hbr,False,S21_D12 hbr,mild_master_25,,
707,Linear,7.0,2.3268275691901536e-18,0.21547916023392735,1.4694784932756067e-13,1.3617455284519546,2.001055767374373e-07,21,19,hbr,False,S21_D19 hbr,mild_master_25,,
708,ShortHbO,7.0,2.3268275691901536e-18,8.771463651690811e-06,0.00034040413161754704,-11.43717128031202,-3893.260357835762,21,19,hbr,True,S21_D19 hbr,mild_master_25,,
709,az_itd=0_az=15,7.0,2.3268275691901536e-18,5.935199988050519e-07,1.1384764759699908e-09,-17.016304634055327,-0.019372662533811133,21,19,hbr,True,S21_D19 hbr,mild_master_25,,-0.022032171912564624
710,az_itd=0_az=5,7.0,2.3268275691901536e-18,2.2709912440126343e-06,1.1362493267596635e-09,-13.97737155882042,-0.01588177902357937,21,19,hbr,True,S21_D19 hbr,mild_master_25,,-0.011170863066850023
711,az_itd=15_az=0,7.0,2.3268275691901536e-18,2.0768367018001397e-05,1.1377158254050414e-09,-10.045125128109865,-0.011428497826424437,21,19,hbr,True,S21_D19 hbr,mild_master_25,,-0.03557167513002679
712,az_itd=5_az=0,7.0,2.3268275691901536e-18,0.07966593672221606,1.1340562251249084e-09,-2.0488462874299866,-0.002323506886584034,21,19,hbr,False,S21_D19 hbr,mild_master_25,,-0.003214507639062808
713,constant,7.0,2.3268275691901536e-18,0.3179848902226879,1.3790903324834537e-09,1.0750979875222921,0.0014826572410644098,21,19,hbr,False,S21_D19 hbr,mild_master_25,,
721,Linear,7.0,3.0996891233150387e-15,0.6894580078949868,5.3634001962520015e-12,-0.41658637964305767,-2.2343194703334862e-06,22,10,hbr,False,S22_D10 hbr,mild_master_25,,
722,ShortHbO,7.0,3.0996891233150387e-15,0.00011495209950257128,0.012424296066101882,7.713615910192141,95836.2478084211,22,10,hbr,True,S22_D10 hbr,mild_master_25,,
723,az_itd=0_az=15,7.0,3.0996891233150387e-15,0.00023410235996345298,4.1552870508738444e-08,6.886746936347621,0.2861641036725039,22,10,hbr,True,S22_D10 hbr,mild_master_25,,0.4981295644546884
724,az_itd=0_az=5,7.0,3.0996891233150387e-15,0.027080990389679947,4.147158253775817e-08,-2.7855532530157867,-0.11552130164576498,22,10,hbr,True,S22_D10 hbr,mild_master_25,,-0.10214877871101148
725,az_itd=15_az=0,7.0,3.0996891233150387e-15,0.9535336236096874,4.152510777925313e-08,0.06038919935680561,0.002507668011994157,22,10,hbr,False,S22_D10 hbr,mild_master_25,,-0.028217028739960397
726,az_itd=5_az=0,7.0,3.0996891233150387e-15,0.0002852659673507966,4.139153725780292e-08,6.6697793962125305,0.27607242237965723,22,10,hbr,True,S22_D10 hbr,mild_master_25,,0.005752986798136668
727,constant,7.0,3.0996891233150387e-15,0.9797427127343807,5.033495484104189e-08,0.026312218836968118,0.001324424346926402,22,10,hbr,False,S22_D10 hbr,mild_master_25,,
735,Linear,7.0,3.711561834993519e-18,0.0015497222697932042,1.855920992033887e-13,5.0088719871045155,9.296070667277759e-07,22,11,hbr,True,S22_D11 hbr,mild_master_25,,
736,ShortHbO,7.0,3.711561834993519e-18,1.9927792358149326e-07,0.0004299233888315111,-19.944365827152055,-8574.549344504596,22,11,hbr,True,S22_D11 hbr,mild_master_25,,
737,az_itd=0_az=15,7.0,3.711561834993519e-18,6.537178109598192e-05,1.4378722794231337e-09,-8.425585713135135,-0.012114916134820606,22,11,hbr,True,S22_D11 hbr,mild_master_25,,0.0028864711602877863
738,az_itd=0_az=5,7.0,3.711561834993519e-18,8.460703566499701e-07,1.4350594359614888e-09,-16.157438770266413,-0.02318688496824081,22,11,hbr,True,S22_D11 hbr,mild_master_25,,-0.0009396407470344649
739,az_itd=15_az=0,7.0,3.711561834993519e-18,0.00016059433670725953,1.4369115934671623e-09,-7.3156024341487,-0.01051187395082486,22,11,hbr,True,S22_D11 hbr,mild_master_25,,0.0011833009617884763
740,az_itd=5_az=0,7.0,3.711561834993519e-18,1.5834044501997764e-05,1.4322895938847035e-09,-10.465881626165478,-0.014990173343985932,22,11,hbr,True,S22_D11 hbr,mild_master_25,,-0.02200720891810817
741,constant,7.0,3.711561834993519e-18,0.041491200184453514,1.741762611483823e-09,-2.491732724769991,-0.004340006897815081,22,11,hbr,True,S22_D11 hbr,mild_master_25,,
749,Linear,7.0,3.3614185059179886e-18,0.285954914061353,1.7662103573506512e-13,-1.1550923983435135,-2.040136157651318e-07,22,12,hbr,False,S22_D12 hbr,mild_master_25,,
750,ShortHbO,7.0,3.3614185059179886e-18,0.399274460342502,0.00040914195457714917,0.8974854241672546,367.1989406482923,22,12,hbr,False,S22_D12 hbr,mild_master_25,,
751,az_itd=0_az=15,7.0,3.3614185059179886e-18,0.638234842463003,1.368369086488655e-09,0.49131158079510057,0.0006722955789938887,22,12,hbr,False,S22_D12 hbr,mild_master_25,,-0.007557764666588881
752,az_itd=0_az=5,7.0,3.3614185059179886e-18,0.00011304997282304694,1.3656922089292722e-09,-7.733926984055683,-0.01056216382655271,22,12,hbr,True,S22_D12 hbr,mild_master_25,,-0.002351001923336553
753,az_itd=15_az=0,7.0,3.3614185059179886e-18,0.003510514805051249,1.3674548377178932e-09,-4.312919516919272,-0.005897722658099178,22,12,hbr,True,S22_D12 hbr,mild_master_25,,-0.024926791423559663
754,az_itd=5_az=0,7.0,3.3614185059179886e-18,0.5714395322475865,1.3630562541740633e-09,-0.5936230194645421,-0.0008091415693028359,22,12,hbr,False,S22_D12 hbr,mild_master_25,,-0.0032370231704352873
755,constant,7.0,3.3614185059179886e-18,0.11731552434528701,1.6575701108254272e-09,1.7856863510686134,0.002959900322840254,22,12,hbr,False,S22_D12 hbr,mild_master_25,,
763,Linear,7.0,6.127377434497255e-18,0.4620844131524373,2.384615981781965e-13,-0.7779382273927672,-1.855083929879925e-07,22,19,hbr,False,S22_D19 hbr,mild_master_25,,
764,ShortHbO,7.0,6.127377434497255e-18,0.09441359594145922,0.0005523953812419425,1.9336502910478428,1068.1394897119665,22,19,hbr,False,S22_D19 hbr,mild_master_25,,
765,az_itd=0_az=15,7.0,6.127377434497255e-18,1.3756217809156736e-05,1.8474780079490916e-09,-10.690205334267407,-0.019749919255519104,22,19,hbr,True,S22_D19 hbr,mild_master_25,,-0.03310943424467833
766,az_itd=0_az=5,7.0,6.127377434497255e-18,0.0007454905078990526,1.8438638716244958e-09,-5.686762661088048,-0.01048561621728343,22,19,hbr,True,S22_D19 hbr,mild_master_25,,0.006031824562627741
767,az_itd=15_az=0,7.0,6.127377434497255e-18,0.00031636755384160026,1.8462436520180386e-09,-6.558291421918749,-0.012108203905801845,22,19,hbr,True,S22_D19 hbr,mild_master_25,,-0.020851306885959087
768,az_itd=5_az=0,7.0,6.127377434497255e-18,0.008257602997910304,1.8403049864609223e-09,3.6426874552455497,0.006703655888007033,22,19,hbr,True,S22_D19 hbr,mild_master_25,,0.024856422605432724
769,constant,7.0,6.127377434497255e-18,0.07733993269580607,2.237937378607321e-09,2.0689202714974897,0.004630114008942639,22,19,hbr,False,S22_D19 hbr,mild_master_25,,
777,Linear,7.0,1.6881983405586928e-17,0.30494774438492117,3.958155650305983e-13,1.1068286731487036,4.3810001665442156e-07,22,20,hbr,False,S22_D20 hbr,mild_master_25,,
778,ShortHbO,7.0,1.6881983405586928e-17,0.00793076267655929,0.0009169052443537806,-3.673186425837806,-3367.9638973398037,22,20,hbr,True,S22_D20 hbr,mild_master_25,,
779,az_itd=0_az=15,7.0,1.6881983405586928e-17,6.980424327029878e-07,3.0665757387548872e-09,-16.618066955016392,-0.05096056094925757,22,20,hbr,True,S22_D20 hbr,mild_master_25,,-0.0014108728891215894
780,az_itd=0_az=5,7.0,1.6881983405586928e-17,0.0002929546544678301,3.0605767375641443e-09,-6.640990017849468,-0.020325259563025774,22,20,hbr,True,S22_D20 hbr,mild_master_25,,-0.006339499625905166
781,az_itd=15_az=0,7.0,1.6881983405586928e-17,0.00011651278960253848,3.0645268667602713e-09,-7.697231939050871,-0.023588374076906653,22,20,hbr,True,S22_D20 hbr,mild_master_25,,-0.031288578038594375
782,az_itd=5_az=0,7.0,1.6881983405586928e-17,5.4546105920069484e-05,3.0546694461903514e-09,-8.665261560021134,-0.0264695097306443,22,20,hbr,True,S22_D20 hbr,mild_master_25,,-0.0209107746276368
783,constant,7.0,1.6881983405586928e-17,0.3125354951142962,3.7146880453036654e-09,1.0882309146199671,0.004042438369068666,22,20,hbr,False,S22_D20 hbr,mild_master_25,,
791,Linear,7.0,5.1611130811399064e-17,0.5585743748119004,6.92074457867135e-13,0.6140946961847149,4.2499925394111956e-07,23,10,hbr,False,S23_D10 hbr,mild_master_25,,
792,ShortHbO,7.0,5.1611130811399064e-17,0.0045833313125881875,0.0016031878378825774,4.0982131299252895,6570.205446946916,23,10,hbr,True,S23_D10 hbr,mild_master_25,,
793,az_itd=0_az=15,7.0,5.1611130811399064e-17,3.602748347305294e-05,5.361837505665636e-09,-9.236354588849874,-0.049523832450122166,23,10,hbr,True,S23_D10 hbr,mild_master_25,,-0.06284347969489207
794,az_itd=0_az=5,7.0,5.1611130811399064e-17,0.021911842799307326,5.351348389360908e-09,-2.9335977671511113,-0.015698703686276856,23,10,hbr,True,S23_D10 hbr,mild_master_25,,-0.010470407545937187
795,az_itd=15_az=0,7.0,5.1611130811399064e-17,6.691234439506826e-05,5.3582550998681194e-09,-8.395159727256617,-0.044983407422780224,23,10,hbr,True,S23_D10 hbr,mild_master_25,,-0.010851574456985338
796,az_itd=5_az=0,7.0,5.1611130811399064e-17,0.06235230020752364,5.341019625572488e-09,-2.2148178173844473,-0.011829385429717957,23,10,hbr,False,S23_D10 hbr,mild_master_25,,0.06294367006371132
797,constant,7.0,5.1611130811399064e-17,0.612768886204747,6.495047042680912e-09,0.5295928479849936,0.003439730461129895,23,10,hbr,False,S23_D10 hbr,mild_master_25,,
805,Linear,7.0,1.3728851974610542e-18,0.0032122129965182203,1.1287512521353892e-13,4.385680011778418,4.950341804760037e-07,23,11,hbr,True,S23_D11 hbr,mild_master_25,,
806,ShortHbO,7.0,1.3728851974610542e-18,1.5030715470863784e-06,0.0002614747963673,-14.852384389576446,-3883.5241838333664,23,11,hbr,True,S23_D11 hbr,mild_master_25,,
807,az_itd=0_az=15,7.0,1.3728851974610542e-18,2.7095550201151615e-06,8.744985065506466e-10,-13.618018344855106,-0.011908936704755098,23,11,hbr,True,S23_D11 hbr,mild_master_25,,-0.006250143261616208
808,az_itd=0_az=5,7.0,1.3728851974610542e-18,3.115975761230822e-07,8.72787765310572e-10,-18.6906425029151,-0.016312964102338068,23,11,hbr,True,S23_D11 hbr,mild_master_25,,0.004153203136926537
809,az_itd=15_az=0,7.0,1.3728851974610542e-18,1.3997905860939931e-05,8.73914227650647e-10,-10.66219959698214,-0.009317847925853686,23,11,hbr,True,S23_D11 hbr,mild_master_25,,-0.0018643149046034216
810,az_itd=5_az=0,7.0,1.3728851974610542e-18,3.3572347351860053e-05,8.711031770518e-10,-9.33669453068296,-0.00813322426884009,23,11,hbr,True,S23_D11 hbr,mild_master_25,,-0.004107817478280155
811,constant,7.0,1.3728851974610542e-18,0.33094807589313274,1.0593213488470924e-09,-1.044566343982695,-0.0011065314284680243,23,11,hbr,False,S23_D11 hbr,mild_master_25,,
819,Linear,7.0,1.2605262012197229e-17,0.056917105268797966,3.420243864700243e-13,-2.2766449070397647,-7.78668077540381e-07,23,19,hbr,False,S23_D19 hbr,mild_master_25,,
820,ShortHbO,7.0,1.2605262012197229e-17,0.15027120299350563,0.0007922981847037939,-1.6153398710505205,-1279.830847512988,23,19,hbr,False,S23_D19 hbr,mild_master_25,,
821,az_itd=0_az=15,7.0,1.2605262012197229e-17,0.08126366574284943,2.649829310099065e-09,2.035391557206493,0.005393440205813943,23,19,hbr,False,S23_D19 hbr,mild_master_25,,-0.019933794248264036
822,az_itd=0_az=5,7.0,1.2605262012197229e-17,0.0010656580714846085,2.6446455707947802e-09,5.348731803433318,0.014145499873319102,23,19,hbr,True,S23_D19 hbr,mild_master_25,,0.0417835929694946
823,az_itd=15_az=0,7.0,1.2605262012197229e-17,4.968958104737909e-05,2.648058878997246e-09,8.790951484534308,0.023278957133455094,23,19,hbr,True,S23_D19 hbr,mild_master_25,,-0.045014751835864605
824,az_itd=5_az=0,7.0,1.2605262012197229e-17,7.337895477259768e-05,2.639541077979635e-09,8.275558549604467,0.021843676734906555,23,19,hbr,True,S23_D19 hbr,mild_master_25,,0.03204076572720094
825,constant,7.0,1.2605262012197229e-17,0.4541061007145931,3.209863410814336e-09,0.7924616585916918,0.002543693682386714,23,19,hbr,False,S23_D19 hbr,mild_master_25,,
861,Linear,7.0,1.913159216793035e-17,0.4432617898564447,4.213632848664306e-13,0.8124881511841078,3.423526762979888e-07,24,9,hbr,False,S24_D9 hbr,mild_master_25,,
862,ShortHbO,7.0,1.913159216793035e-17,2.336308458300208e-05,0.000976086439759638,-9.867241002688818,-9631.280140564848,24,9,hbr,True,S24_D9 hbr,mild_master_25,,
863,az_itd=0_az=15,7.0,1.913159216793035e-17,0.00011387734022228587,3.264506352784717e-09,7.7250452534124685,0.02521845930531443,24,9,hbr,True,S24_D9 hbr,mild_master_25,,0.016870705644145615
864,az_itd=0_az=5,7.0,1.913159216793035e-17,0.5384853946433779,3.2581201490298097e-09,0.6466334556483202,0.002106809490884566,24,9,hbr,False,S24_D9 hbr,mild_master_25,,0.03634737777405254
865,az_itd=15_az=0,7.0,1.913159216793035e-17,0.0014087084576555912,3.262325237360781e-09,-5.094111137828452,-0.016618647326858402,24,9,hbr,True,S24_D9 hbr,mild_master_25,,-0.07250726956806366
866,az_itd=5_az=0,7.0,1.913159216793035e-17,0.05750556198296703,3.2518315744566193e-09,2.2696688821185633,0.007380580934434803,24,9,hbr,False,S24_D9 hbr,mild_master_25,,-0.0032170278229873292
867,constant,7.0,1.913159216793035e-17,0.35700701252159445,3.95445074753999e-09,-0.9859406383379757,-0.0038988536943056627,24,9,hbr,False,S24_D9 hbr,mild_master_25,,
833,Linear,7.0,3.839257380626421e-17,0.3346692014556118,5.96904355375213e-13,1.0359779545003438,6.183797531139594e-07,24,10,hbr,False,S24_D10 hbr,mild_master_25,,
834,ShortHbO,7.0,3.839257380626421e-17,0.734051804468161,0.0013827266590156363,-0.3535959164579696,-488.92650020550036,24,10,hbr,False,S24_D10 hbr,mild_master_25,,
835,az_itd=0_az=15,7.0,3.839257380626421e-17,3.807829169409882e-05,4.6245084232835854e-09,-9.158303130616003,-0.042352649970518144,24,10,hbr,True,S24_D10 hbr,mild_master_25,,-0.07011345359856287
836,az_itd=0_az=5,7.0,3.839257380626421e-17,0.1312043281071876,4.6154617099781625e-09,-1.708979932254405,-0.00788773144044128,24,10,hbr,False,S24_D10 hbr,mild_master_25,,-0.010438336741053293
837,az_itd=15_az=0,7.0,3.839257380626421e-17,0.0001400400072158585,4.621418649345316e-09,-7.476575255459732,-0.03455238431881533,24,10,hbr,True,S24_D10 hbr,mild_master_25,,-0.06724305954775575
838,az_itd=5_az=0,7.0,3.839257380626421e-17,4.3834288462767996e-05,4.60655329843246e-09,-8.962396262827436,-0.04128575606638648,24,10,hbr,True,S24_D10 hbr,mild_master_25,,0.0013189702631575847
839,constant,7.0,3.839257380626421e-17,0.7186162758010771,5.6018854966721335e-09,0.3752078400891826,0.002101871357633269,24,10,hbr,False,S24_D10 hbr,mild_master_25,,
847,Linear,7.0,2.1197000645409322e-17,0.08516900525687583,4.4352524082704367e-13,-2.0035756168677987,-8.886363579864831e-07,24,19,hbr,False,S24_D19 hbr,mild_master_25,,
848,ShortHbO,7.0,2.1197000645409322e-17,0.1223646985505407,0.0010274245260823748,-1.7568443560232625,-1805.0249798876955,24,19,hbr,False,S24_D19 hbr,mild_master_25,,
849,az_itd=0_az=15,7.0,2.1197000645409322e-17,7.048498879406557e-05,3.4362058069659e-09,8.327546984455212,0.028615165305766365,24,19,hbr,True,S24_D19 hbr,mild_master_25,,0.006006318303800568
850,az_itd=0_az=5,7.0,2.1197000645409322e-17,5.555278811000092e-05,3.4294837154593662e-09,8.640792730154224,0.02963345795672359,24,19,hbr,True,S24_D19 hbr,mild_master_25,,0.00526478442148762
851,az_itd=15_az=0,7.0,2.1197000645409322e-17,0.010115369011495054,3.4339099739438572e-09,3.4909734622321222,0.011987688590732204,24,19,hbr,True,S24_D19 hbr,mild_master_25,,-0.07212316081851437
852,az_itd=5_az=0,7.0,2.1197000645409322e-17,0.02103531565453411,3.4228643880233814e-09,-2.9623323207386987,-0.010139661806147149,24,19,hbr,True,S24_D19 hbr,mild_master_25,,-0.021384675482722125
853,constant,7.0,2.1197000645409322e-17,0.3892957262787883,4.162438406795056e-09,0.9177089941905735,0.0038199071636801037,24,19,hbr,False,S24_D19 hbr,mild_master_25,,
