,Condition,df,mse,p_value,se,t,theta,Source,Detector,Chroma,Significant,ch_name,ID,mean_hbo,mean_hbr
434,Linear,7.0,2.6922431976294012e-17,0.47936568627763243,4.1984992903921485e-13,0.7470562676478847,3.136515209602651e-07,1,7,hbo,False,S1_D7 hbo,mild_master_33,,
435,ShortHbO,7.0,2.6922431976294012e-17,6.036846622646219e-05,0.001548465849785509,8.53029602102773,13208.872077122653,1,7,hbo,True,S1_D7 hbo,mild_master_33,,
436,az_itd=0_az=15,7.0,2.6922431976294012e-17,1.8486489359952228e-05,3.825919279876905e-09,-10.223776255070494,-0.0391153426874219,1,7,hbo,True,S1_D7 hbo,mild_master_33,0.07544202167984101,
437,az_itd=0_az=5,7.0,2.6922431976294012e-17,0.00010086193236916914,3.813810403636838e-09,-7.873965299830368,-0.03002981077836851,1,7,hbo,True,S1_D7 hbo,mild_master_33,0.10876619767334865,
438,az_itd=15_az=0,7.0,2.6922431976294012e-17,0.31948711434295024,3.817220716881594e-09,1.0715094787712565,0.004090188180700638,1,7,hbo,False,S1_D7 hbo,mild_master_33,0.0824077874774658,
439,az_itd=5_az=0,7.0,2.6922431976294012e-17,0.004367976077483828,3.884083868845158e-09,4.136553530904442,0.016066720842000424,1,7,hbo,True,S1_D7 hbo,mild_master_33,0.10437324419431689,
440,constant,7.0,2.6922431976294012e-17,0.8732710077811819,4.456125281610993e-09,0.1654443038982614,0.0007372405452995747,1,7,hbo,False,S1_D7 hbo,mild_master_33,,
448,Linear,7.0,3.420486322454477e-17,0.09623807236823656,4.732393716317419e-13,1.9206470961307878,9.089258248992637e-07,1,8,hbo,False,S1_D8 hbo,mild_master_33,,
449,ShortHbO,7.0,3.420486322454477e-17,0.02879604442865125,0.001745373656302943,2.742932953574498,4787.4429181741525,1,8,hbo,True,S1_D8 hbo,mild_master_33,,
450,az_itd=0_az=15,7.0,3.420486322454477e-17,5.811402925726256e-06,4.312435255297141e-09,-12.161810698730125,-0.052447021225453756,1,8,hbo,True,S1_D8 hbo,mild_master_33,0.029191047304392002,
451,az_itd=0_az=5,7.0,3.420486322454477e-17,8.661663879104832e-07,4.298786576122348e-09,-16.10205719575478,-0.06921930732106492,1,8,hbo,True,S1_D8 hbo,mild_master_33,0.07381557257673059,
452,az_itd=15_az=0,7.0,3.420486322454477e-17,0.000623505016458514,4.302630555566881e-09,-5.86115414670522,-0.02521838092250141,1,8,hbo,True,S1_D8 hbo,mild_master_33,0.06175180704472579,
453,az_itd=5_az=0,7.0,3.420486322454477e-17,0.32889849080526534,4.37799623704494e-09,1.0493295132519906,0.0045939606604374125,1,8,hbo,False,S1_D8 hbo,mild_master_33,0.08753792223423451,
454,constant,7.0,3.420486322454477e-17,0.7905874625427448,5.022780241996748e-09,0.2759067357352356,0.0013858189008847594,1,8,hbo,False,S1_D8 hbo,mild_master_33,,
672,Linear,7.0,2.2101817705116917e-17,0.12314010091903947,3.804091340006467e-13,1.7525161655998047,6.666731568779557e-07,2,6,hbo,False,S2_D6 hbo,mild_master_33,,
673,ShortHbO,7.0,2.2101817705116917e-17,0.00036545573678208325,0.0014030026259489077,6.405240705935887,8986.569530262885,2,6,hbo,True,S2_D6 hbo,mild_master_33,,
674,az_itd=0_az=15,7.0,2.2101817705116917e-17,8.10285019263456e-07,3.466511577946254e-09,-16.259871436914175,-0.05636503259198057,2,6,hbo,True,S2_D6 hbo,mild_master_33,-0.01523266974130516,
675,az_itd=0_az=5,7.0,2.2101817705116917e-17,0.00019841494563069246,3.4555402122138697e-09,-7.07245522946163,-0.024439153444486935,2,6,hbo,True,S2_D6 hbo,mild_master_33,0.02459835866494859,
676,az_itd=15_az=0,7.0,2.2101817705116917e-17,0.039026276298026574,3.4586301598794008e-09,-2.533615150289775,-0.008762837772319596,2,6,hbo,True,S2_D6 hbo,mild_master_33,0.06894573365845691,
677,az_itd=5_az=0,7.0,2.2101817705116917e-17,0.3320828722758139,3.5192121725838436e-09,-1.0419391626343186,-0.003666804984234511,2,6,hbo,False,S2_D6 hbo,mild_master_33,0.059148380575493785,
678,constant,7.0,2.2101817705116917e-17,0.9792846554343031,4.037515888725315e-09,-0.02690735240804815,-0.00010863886287102576,2,6,hbo,False,S2_D6 hbo,mild_master_33,,
686,Linear,7.0,9.237521251678861e-17,0.05718743732843822,7.777045954867172e-13,2.2734311454682494,1.7680578493532891e-06,3,5,hbo,False,S3_D5 hbo,mild_master_33,,
687,ShortHbO,7.0,9.237521251678861e-17,0.05963218204812641,0.002868284413166963,-2.245047495953113,-6439.434739461833,3,5,hbo,False,S3_D5 hbo,mild_master_33,,
688,az_itd=0_az=15,7.0,9.237521251678861e-17,4.3569130501770884e-05,7.086901295256832e-09,-8.970765148849525,-0.06357492715282655,3,5,hbo,True,S3_D5 hbo,mild_master_33,-0.028025625248898463,
689,az_itd=0_az=5,7.0,9.237521251678861e-17,6.40642086570361e-07,7.064471545847013e-09,-16.8276109192435,-0.11887817852358021,3,5,hbo,True,S3_D5 hbo,mild_master_33,0.0068644024672583894,
690,az_itd=15_az=0,7.0,9.237521251678861e-17,0.8930883065721693,7.070788603678998e-09,0.13936286428485328,0.0009854053525614034,3,5,hbo,False,S3_D5 hbo,mild_master_33,0.06244349776489404,
691,az_itd=5_az=0,7.0,9.237521251678861e-17,0.00621638541806838,7.194641859221489e-09,-3.8593920541573747,-0.02776694362398745,3,5,hbo,True,S3_D5 hbo,mild_master_33,0.11066801358280741,
692,constant,7.0,9.237521251678861e-17,0.9735627244906715,8.254256747176256e-09,-0.034342599592286534,-0.00028347263440020365,3,5,hbo,False,S3_D5 hbo,mild_master_33,,
700,Linear,7.0,1.1352251186930383e-15,0.5590334627273843,2.726326945864144e-12,-0.6133594006961802,-1.6722182616170785e-06,4,2,hbo,False,S4_D2 hbo,mild_master_33,,
701,ShortHbO,7.0,1.1352251186930383e-15,0.005462560321406533,0.010055078919940333,-3.9598724112824457,-39816.829608339416,4,2,hbo,True,S4_D2 hbo,mild_master_33,,
702,az_itd=0_az=15,7.0,1.1352251186930383e-15,1.0110333648381194e-05,2.4843893267528212e-08,11.196418187043875,0.2781626184175297,4,2,hbo,True,S4_D2 hbo,mild_master_33,0.39669554597005763,
703,az_itd=0_az=5,7.0,1.1352251186930383e-15,0.5659616447943929,2.4765263373144346e-08,0.6023061486836149,0.014916270403413959,4,2,hbo,False,S4_D2 hbo,mild_master_33,0.07667451939495126,
704,az_itd=15_az=0,7.0,1.1352251186930383e-15,0.44980105404361903,2.4787408497508875e-08,-0.8003716688667001,-0.019839139506031802,4,2,hbo,False,S4_D2 hbo,mild_master_33,0.29262826269338227,
705,az_itd=5_az=0,7.0,1.1352251186930383e-15,0.004536358798480181,2.5221589380427753e-08,4.106405074122571,0.10357006260922445,4,2,hbo,True,S4_D2 hbo,mild_master_33,0.24405452959880594,
706,constant,7.0,1.1352251186930383e-15,0.7162273454382411,2.8936183119535e-08,-0.3785700190480917,-0.010954371394741433,4,2,hbo,False,S4_D2 hbo,mild_master_33,,
714,Linear,7.0,1.4700139451194792e-16,0.6766593608501885,9.810647401605939e-13,0.43499867930656405,4.267618662840958e-07,5,1,hbo,False,S5_D1 hbo,mild_master_33,,
715,ShortHbO,7.0,1.4700139451194792e-16,2.791053875717422e-06,0.003618305355067673,13.558559788577975,49059.009490016906,5,1,hbo,True,S5_D1 hbo,mild_master_33,,
716,az_itd=0_az=15,7.0,1.4700139451194792e-16,9.439756861786683e-05,8.940038438918634e-09,-7.956226144066769,-0.07112896755668631,5,1,hbo,True,S5_D1 hbo,mild_master_33,-0.049251649848618954,
717,az_itd=0_az=5,7.0,1.4700139451194792e-16,0.5725350860750613,8.911743587114604e-09,0.5918922801498079,0.005274792231887691,5,1,hbo,False,S5_D1 hbo,mild_master_33,0.06788011593513163,
718,az_itd=15_az=0,7.0,1.4700139451194792e-16,0.00022397147443242838,8.919712477534541e-09,6.936043023177696,0.061867509498554504,5,1,hbo,True,S5_D1 hbo,mild_master_33,0.11149727517505557,
719,az_itd=5_az=0,7.0,1.4700139451194792e-16,4.130471860772938e-06,9.075951829432407e-09,-12.794556571238392,-0.1161227791195075,5,1,hbo,True,S5_D1 hbo,mild_master_33,-0.11420171716715433,
720,constant,7.0,1.4700139451194792e-16,0.5520761514954411,1.041264292108148e-08,0.6245415245056489,0.0065031278840651805,5,1,hbo,False,S5_D1 hbo,mild_master_33,,
728,Linear,7.0,4.978012334418963e-17,0.5573070605386408,5.709064165076469e-13,-0.6161263547096295,-3.517504892831939e-07,5,3,hbo,False,S5_D3 hbo,mild_master_33,,
729,ShortHbO,7.0,4.978012334418963e-17,5.4214950335390514e-08,0.00210558351506341,24.07876152892086,50699.8433384388,5,3,hbo,True,S5_D3 hbo,mild_master_33,,
730,az_itd=0_az=15,7.0,4.978012334418963e-17,2.8754912911661857e-05,5.202434762631645e-09,-9.560230297928127,-0.04973647444070558,5,3,hbo,True,S5_D3 hbo,mild_master_33,-0.016566893991736678,
731,az_itd=0_az=5,7.0,4.978012334418963e-17,4.068706756652693e-06,5.185969271835992e-09,-12.823167263755895,-0.06650055139745129,5,3,hbo,True,S5_D3 hbo,mild_master_33,0.009992044974735215,
732,az_itd=15_az=0,7.0,4.978012334418963e-17,0.00032719490573620283,5.190606570973298e-09,6.52234203637587,0.03385491143214795,5,3,hbo,True,S5_D3 hbo,mild_master_33,0.1061370725641225,
733,az_itd=5_az=0,7.0,4.978012334418963e-17,0.0004820746924512989,5.281526206404175e-09,6.118805200417596,0.03231663001788768,5,3,hbo,True,S5_D3 hbo,mild_master_33,0.09045158867113233,
734,constant,7.0,4.978012334418963e-17,0.5021691653927004,6.059380602624903e-09,0.7074231888975541,0.004286546348652892,5,3,hbo,False,S5_D3 hbo,mild_master_33,,
742,Linear,7.0,5.802474323143491e-17,0.15717719220497922,6.163729251577789e-13,1.5841501669395286,9.764272722857012e-07,6,2,hbo,False,S6_D2 hbo,mild_master_33,,
743,ShortHbO,7.0,5.802474323143491e-17,0.0001141515895504668,0.0022732704219418226,7.722117264503299,17554.46077216165,6,2,hbo,True,S6_D2 hbo,mild_master_33,,
744,az_itd=0_az=15,7.0,5.802474323143491e-17,0.00604810016758499,5.616752308025306e-09,-3.880625805836357,-0.02179651395151392,6,2,hbo,True,S6_D2 hbo,mild_master_33,0.04851169337482396,
745,az_itd=0_az=5,7.0,5.802474323143491e-17,0.0002660892217066743,5.598975519339066e-09,-6.7455591198363365,-0.03776822037621802,6,2,hbo,True,S6_D2 hbo,mild_master_33,0.05991652451254272,
746,az_itd=15_az=0,7.0,5.802474323143491e-17,0.49068523391598073,5.60398212909409e-09,0.7272308643675874,0.0040753887676416075,6,2,hbo,False,S6_D2 hbo,mild_master_33,-0.024335830512812535,
747,az_itd=5_az=0,7.0,5.802474323143491e-17,0.0013199901180172126,5.702142528109429e-09,-5.152749162501387,-0.029381710136179396,6,2,hbo,True,S6_D2 hbo,mild_master_33,0.09664139511639505,
748,constant,7.0,5.802474323143491e-17,0.752633981947338,6.541944596683635e-09,-0.32782092654222483,-0.002144586339072731,6,2,hbo,False,S6_D2 hbo,mild_master_33,,
770,Linear,7.0,1.2697947524542515e-17,0.17714381437726637,2.883392098134926e-13,1.5006127449277527,4.3268549310852435e-07,7,7,hbo,False,S7_D7 hbo,mild_master_33,,
771,ShortHbO,7.0,1.2697947524542515e-17,1.146729248605271e-05,0.0010634357389843207,10.986826143707138,11683.783579225455,7,7,hbo,True,S7_D7 hbo,mild_master_33,,
772,az_itd=0_az=15,7.0,1.2697947524542515e-17,2.188528127219289e-06,2.6275163234977607e-09,-14.05376626352003,-0.036926500264021014,7,7,hbo,True,S7_D7 hbo,mild_master_33,0.038164536379537935,
773,az_itd=0_az=5,7.0,1.2697947524542515e-17,9.749540931860925e-07,2.619200343035932e-09,-15.825672017527127,-0.041450605577081204,7,7,hbo,True,S7_D7 hbo,mild_master_33,0.04279454843843393,
774,az_itd=15_az=0,7.0,1.2697947524542515e-17,0.5977973682307942,2.6215424347172608e-09,0.5524993927333565,0.0014484006032060113,7,7,hbo,False,S7_D7 hbo,mild_master_33,0.06574165112182064,
775,az_itd=5_az=0,7.0,1.2697947524542515e-17,0.336485073501316,2.6674618622777996e-09,-1.0318142672895239,-0.0027523252069489167,7,7,hbo,False,S7_D7 hbo,mild_master_33,0.04757158615628341,
776,constant,7.0,1.2697947524542515e-17,0.65905103029573,3.0603212092233815e-09,0.4606028804894679,0.0014095927641913013,7,7,hbo,False,S7_D7 hbo,mild_master_33,,
784,Linear,7.0,3.5132149217621015e-17,0.004248612994833045,4.796111812231404e-13,4.158707114090683,1.99456243135011e-06,7,8,hbo,True,S7_D8 hbo,mild_master_33,,
785,ShortHbO,7.0,3.5132149217621015e-17,9.140785009420056e-06,0.0017688737902107775,11.366793591201722,20106.423262212564,7,8,hbo,True,S7_D8 hbo,mild_master_33,,
786,az_itd=0_az=15,7.0,3.5132149217621015e-17,8.347406220444271e-08,4.370498928713075e-09,-22.62311439997822,-0.09887429724925816,7,8,hbo,True,S7_D8 hbo,mild_master_33,-0.023852428600690232,
787,az_itd=0_az=5,7.0,3.5132149217621015e-17,7.393608434593471e-09,4.356666480414052e-09,-32.081257359977094,-0.13976733858974882,7,8,hbo,True,S7_D8 hbo,mild_master_33,-0.05346788651484517,
788,az_itd=15_az=0,7.0,3.5132149217621015e-17,5.2052198668052315e-06,4.3605622161294325e-09,-12.36273232975626,-0.05390846348525694,7,8,hbo,True,S7_D8 hbo,mild_master_33,0.07129649314466446,
789,az_itd=5_az=0,7.0,3.5132149217621015e-17,8.810925024694872e-07,4.436942639408133e-09,-16.061862328679243,-0.07126556183442015,7,8,hbo,True,S7_D8 hbo,mild_master_33,-0.021058519409475927,
790,constant,7.0,3.5132149217621015e-17,0.2208231277580916,5.090408172468996e-09,1.3441693240506172,0.0068423705123293885,7,8,hbo,False,S7_D8 hbo,mild_master_33,,
756,Linear,7.0,1.4759629004181692e-17,0.48970757603330095,3.1086702756555683e-13,0.7289311312803886,2.2660065408113307e-07,7,17,hbo,False,S7_D17 hbo,mild_master_33,,
757,ShortHbO,7.0,1.4759629004181692e-17,0.2918491489955722,0.0011465215133206193,1.139839533663279,1306.8505470782916,7,17,hbo,False,S7_D17 hbo,mild_master_33,,
758,az_itd=0_az=15,7.0,1.4759629004181692e-17,6.126135492461901e-06,2.832803037415784e-09,-12.066681856832439,-0.03418253301556486,7,17,hbo,True,S7_D17 hbo,mild_master_33,-0.015329700560508116,
759,az_itd=0_az=5,7.0,1.4759629004181692e-17,1.1038505086625246e-05,2.8238373329972484e-09,-11.049870333920484,-0.031203036373703436,7,17,hbo,True,S7_D17 hbo,mild_master_33,-0.03879976471614954,
760,az_itd=15_az=0,7.0,1.4759629004181692e-17,0.06198354298083487,2.8263624112886526e-09,2.2188370606693195,0.006271237665049964,7,17,hbo,False,S7_D17 hbo,mild_master_33,-0.010574771790894787,
761,az_itd=5_az=0,7.0,1.4759629004181692e-17,0.8137225576009516,2.875869503863714e-09,-0.2446789347512834,-0.0007036646866890755,7,17,hbo,False,S7_D17 hbo,mild_master_33,0.04534789883268217,
762,constant,7.0,1.4759629004181692e-17,0.5315785056611113,3.2994227816690968e-09,0.6579918220269352,0.0021709932077476277,7,17,hbo,False,S7_D17 hbo,mild_master_33,,
798,Linear,7.0,1.185592043433541e-15,0.28496283753371815,2.7861505379109885e-12,1.1576851447013665,3.225485088641273e-06,8,18,hbo,False,S8_D18 hbo,mild_master_33,,
799,ShortHbO,7.0,1.185592043433541e-15,2.2980783453526416e-05,0.010275716778586692,-9.892001931830219,-101647.41022471976,8,18,hbo,True,S8_D18 hbo,mild_master_33,,
800,az_itd=0_az=15,7.0,1.185592043433541e-15,0.0045783266945525775,2.538904099382957e-08,-4.099081542159258,-0.10407174931093152,8,18,hbo,True,S8_D18 hbo,mild_master_33,-0.08223552525341636,
801,az_itd=0_az=5,7.0,1.185592043433541e-15,2.842348495437454e-05,2.5308685729445068e-08,-9.57714684359709,-0.2423849996493455,8,18,hbo,True,S8_D18 hbo,mild_master_33,-0.16758136058904013,
802,az_itd=15_az=0,7.0,1.185592043433541e-15,0.40987530892207114,2.5331316782647966e-08,0.8764052191371391,0.02220049823592888,8,18,hbo,False,S8_D18 hbo,mild_master_33,0.15152776578555593,
803,az_itd=5_az=0,7.0,1.185592043433541e-15,0.03585773795523016,2.577502486480965e-08,2.5916646852328062,0.06680022170312465,8,18,hbo,True,S8_D18 hbo,mild_master_33,-0.08336134806895634,
804,constant,7.0,1.185592043433541e-15,0.7862853605088757,2.957112766166407e-08,-0.2817463955636846,-0.00833155863142742,8,18,hbo,False,S8_D18 hbo,mild_master_33,,
854,Linear,7.0,1.4435886552677808e-17,0.4638383619837748,3.074387956458097e-13,0.7747685085432512,2.3819389717083738e-07,9,5,hbo,False,S9_D5 hbo,mild_master_33,,
855,ShortHbO,7.0,1.4435886552677808e-17,7.392838664276856e-05,0.001133877709700071,8.265950207434916,9372.576689701129,9,5,hbo,True,S9_D5 hbo,mild_master_33,,
856,az_itd=0_az=15,7.0,1.4435886552677808e-17,0.0010228581629793212,2.8015629735489996e-09,-5.386811168153645,-0.015091490714199483,9,5,hbo,True,S9_D5 hbo,mild_master_33,0.03428315275521013,
857,az_itd=0_az=5,7.0,1.4435886552677808e-17,2.5603838004650166e-06,2.792696142640181e-09,-13.732312872101055,-0.03835017718744472,9,5,hbo,True,S9_D5 hbo,mild_master_33,0.039002521350176365,
858,az_itd=15_az=0,7.0,1.4435886552677808e-17,0.0231215472486603,2.7951933744466546e-09,2.8958761502300927,0.00809453382834124,9,5,hbo,True,S9_D5 hbo,mild_master_33,0.07682777857656964,
859,az_itd=5_az=0,7.0,1.4435886552677808e-17,0.007857820571418844,2.8441545043432393e-09,3.6801790936393597,0.010466997945964205,9,5,hbo,True,S9_D5 hbo,mild_master_33,0.0538653158332958,
860,constant,7.0,1.4435886552677808e-17,0.9334447379710333,3.263036849762975e-09,0.0865606651146364,0.000282450640009051,9,5,hbo,False,S9_D5 hbo,mild_master_33,,
868,Linear,7.0,1.3644067581141828e-17,0.11717277075419011,2.988882697206547e-13,1.786518954603118,5.339695591644789e-07,9,6,hbo,False,S9_D6 hbo,mild_master_33,,
869,ShortHbO,7.0,1.3644067581141828e-17,1.2872023154271657e-05,0.0011023421621697736,10.797638246463313,11902.69189093341,9,6,hbo,True,S9_D6 hbo,mild_master_33,,
870,az_itd=0_az=15,7.0,1.3644067581141828e-17,2.9953635295061016e-06,2.7236455565686045e-09,-13.417794115112041,-0.03654531532057729,9,6,hbo,True,S9_D6 hbo,mild_master_33,0.01658954664930357,
871,az_itd=0_az=5,7.0,1.3644067581141828e-17,1.395043479512913e-06,2.715025331061035e-09,-15.0159334799836,-0.040768639767682954,9,6,hbo,True,S9_D6 hbo,mild_master_33,0.03459864355686423,
872,az_itd=15_az=0,7.0,1.3644067581141828e-17,0.1335614550195285,2.717453109546702e-09,-1.6967338430887458,-0.004610794657974639,9,6,hbo,False,S9_D6 hbo,mild_master_33,0.06982626717205698,
873,az_itd=5_az=0,7.0,1.3644067581141828e-17,0.8781052765712345,2.765052526424518e-09,-0.15907089298873167,-0.00043983937453909665,9,6,hbo,False,S9_D6 hbo,mild_master_33,0.04301509440187666,
874,constant,7.0,1.3644067581141828e-17,0.8119496416151262,3.172284864087173e-09,0.2470620503758717,0.0007837512028977204,9,6,hbo,False,S9_D6 hbo,mild_master_33,,
882,Linear,7.0,1.3614627148826055e-17,0.25235113921390484,2.9856563309972646e-13,-1.2474357583502556,-3.724414469430815e-07,9,7,hbo,False,S9_D7 hbo,mild_master_33,,
883,ShortHbO,7.0,1.3614627148826055e-17,1.851076541027295e-05,0.0011011522327334605,10.221746331202288,11255.69879503846,9,7,hbo,True,S9_D7 hbo,mild_master_33,,
884,az_itd=0_az=15,7.0,1.3614627148826055e-17,0.0005686841106810434,2.7207055020800193e-09,5.9524201481697006,0.016194782247817268,9,7,hbo,True,S9_D7 hbo,mild_master_33,0.04809383917354064,
885,az_itd=0_az=5,7.0,1.3614627148826055e-17,0.4231975231115461,2.7120945817232745e-09,0.8504689934648467,0.002306552349099658,9,7,hbo,False,S9_D7 hbo,mild_master_33,0.08277876240155925,
886,az_itd=15_az=0,7.0,1.3614627148826055e-17,1.3305390228239755e-06,2.7145197395298243e-09,15.120625775385024,0.0410452371413261,9,7,hbo,True,S9_D7 hbo,mild_master_33,0.08663401483066369,
887,az_itd=5_az=0,7.0,1.3614627148826055e-17,4.7338353127376176e-05,2.7620677749498326e-09,8.85690031469943,0.02446335894517433,9,7,hbo,True,S9_D7 hbo,mild_master_33,0.07243924863201598,
888,constant,7.0,1.3614627148826055e-17,0.484331429651335,3.1688605233790965e-09,-0.7383212406820998,-0.0023396370331697828,9,7,hbo,False,S9_D7 hbo,mild_master_33,,
812,Linear,7.0,8.070641111676747e-18,0.0027257635735742727,2.298745847041346e-13,4.521958779744375,1.0394833965429537e-06,9,15,hbo,True,S9_D15 hbo,mild_master_33,,
813,ShortHbO,7.0,8.070641111676747e-18,1.229699707146456e-06,0.0008478099423823698,15.296453333279697,12968.485219142469,9,15,hbo,True,S9_D15 hbo,mild_master_33,,
814,az_itd=0_az=15,7.0,8.070641111676747e-18,4.0434131546120465e-08,2.094752302533079e-09,-25.119849670869634,-0.052619862937338974,9,15,hbo,True,S9_D15 hbo,mild_master_33,-0.012618948820166228,
815,az_itd=0_az=5,7.0,8.070641111676747e-18,1.8084392333293625e-08,2.0881224981568133e-09,-28.20827743612738,-0.05890233874862676,9,15,hbo,True,S9_D15 hbo,mild_master_33,0.004823392929850259,
816,az_itd=15_az=0,7.0,8.070641111676747e-18,1.0402376164520063e-06,2.089989699474777e-09,-15.676184383426323,-0.032763063888428375,9,15,hbo,True,S9_D15 hbo,mild_master_33,0.033438173498395764,
817,az_itd=5_az=0,7.0,8.070641111676747e-18,1.3915025593023527e-07,2.126598349915202e-09,-21.010331662268584,-0.044680536644151496,9,15,hbo,True,S9_D15 hbo,mild_master_33,0.006042946832809028,
818,constant,7.0,8.070641111676747e-18,0.25013954021796186,2.4398002182447558e-09,1.2538710222341258,0.0030591947936975954,9,15,hbo,False,S9_D15 hbo,mild_master_33,,
826,Linear,7.0,6.964996493272846e-18,0.002822388908916916,2.1354892572227874e-13,4.492858057730372,9.594450116510045e-07,9,16,hbo,True,S9_D16 hbo,mild_master_33,,
827,ShortHbO,7.0,6.964996493272846e-18,1.3502928351215179e-06,0.000787598605759072,15.087961300520359,11883.257284036667,9,16,hbo,True,S9_D16 hbo,mild_master_33,,
828,az_itd=0_az=15,7.0,6.964996493272846e-18,1.360044677815036e-07,1.945983304052329e-09,-21.0800434241759,-0.04102141255214439,9,16,hbo,True,S9_D16 hbo,mild_master_33,-0.013342159896963635,
829,az_itd=0_az=5,7.0,6.964996493272846e-18,9.252733395120706e-09,1.939824347401586e-09,-31.063350956885714,-0.06025744449804726,9,16,hbo,True,S9_D16 hbo,mild_master_33,-0.0004857441334998532,
830,az_itd=15_az=0,7.0,6.964996493272846e-18,3.85039756835781e-06,1.941558940358313e-09,-12.928400100442047,-0.02510125079954257,9,16,hbo,True,S9_D16 hbo,mild_master_33,0.0262104949395944,
831,az_itd=5_az=0,7.0,6.964996493272846e-18,1.4960231331737648e-07,1.9755676498629206e-09,-20.791006907953584,-0.041074040655429606,9,16,hbo,True,S9_D16 hbo,mild_master_33,0.009280164468331962,
832,constant,7.0,6.964996493272846e-18,0.31406745711285955,2.266525967860847e-09,1.084520410683979,0.0024580936734903483,9,16,hbo,False,S9_D16 hbo,mild_master_33,,
840,Linear,7.0,5.966382333511045e-18,0.12393553390655827,1.9764802544854875e-13,1.74810309927422,3.4550912585203794e-07,9,17,hbo,False,S9_D17 hbo,mild_master_33,,
841,ShortHbO,7.0,5.966382333511045e-18,0.0001024259483430978,0.0007289538392562862,7.854955782689612,5725.900174979958,9,17,hbo,True,S9_D17 hbo,mild_master_33,,
842,az_itd=0_az=15,7.0,5.966382333511045e-18,1.1459680004475685e-06,1.8010849565311574e-09,-15.455420248885929,-0.02783652490713548,9,17,hbo,True,S9_D17 hbo,mild_master_33,-0.01789362517560154,
843,az_itd=0_az=5,7.0,5.966382333511045e-18,1.2665055500299431e-06,1.7953845971557805e-09,-15.230434457713567,-0.02734448743336959,9,17,hbo,True,S9_D17 hbo,mild_master_33,-0.009637687982908542,
844,az_itd=15_az=0,7.0,5.966382333511045e-18,0.07957126749301162,1.7969900319370353e-09,-2.049651884700064,-0.0036832040057469735,9,17,hbo,False,S9_D17 hbo,mild_master_33,0.00934092793616872,
845,az_itd=5_az=0,7.0,5.966382333511045e-18,0.014634078604044913,1.828466445404835e-09,-3.220952044493703,-0.005889402735614836,9,17,hbo,True,S9_D17 hbo,mild_master_33,0.011205619110205648,
846,constant,7.0,5.966382333511045e-18,0.5616681637561864,2.097759942647287e-09,0.6091464762195199,0.0012778430770180572,9,17,hbo,False,S9_D17 hbo,mild_master_33,,
14,Linear,7.0,1.7929403349741856e-15,0.20515278735403203,3.4262563913889706e-12,-1.3968276930790373,-4.785889811081163e-06,10,6,hbo,False,S10_D6 hbo,mild_master_33,,
15,ShortHbO,7.0,1.7929403349741856e-15,8.836756609742576e-08,0.01263651759288404,22.43750909533578,283531.97842370626,10,6,hbo,True,S10_D6 hbo,mild_master_33,,
16,az_itd=0_az=15,7.0,1.7929403349741856e-15,3.191882490120049e-06,3.1222061691457773e-08,13.292344476011646,0.4150143992541435,10,6,hbo,True,S10_D6 hbo,mild_master_33,0.26055485249806126,
17,az_itd=0_az=5,7.0,1.7929403349741856e-15,7.909322966216881e-07,3.11232451578811e-08,16.317438405836548,0.5078516358534754,10,6,hbo,True,S10_D6 hbo,mild_master_33,0.36485769248887184,
18,az_itd=15_az=0,7.0,1.7929403349741856e-15,5.894751195763961e-05,3.115107559619562e-08,-8.561832756832157,-0.2667102994500624,10,6,hbo,True,S10_D6 hbo,mild_master_33,-0.4235840268782079,
19,az_itd=5_az=0,7.0,1.7929403349741856e-15,0.10889582956302403,3.169672366213152e-08,-1.836541918220112,-0.05821236167574383,10,6,hbo,False,S10_D6 hbo,mild_master_33,0.46666540450290256,
20,constant,7.0,1.7929403349741856e-15,0.9002483739028343,3.636496440975602e-08,-0.12996709323074745,-0.004726248719775573,10,6,hbo,False,S10_D6 hbo,mild_master_33,,
0,Linear,7.0,1.1493186770747451e-17,0.011705333257754073,2.743198105042996e-13,3.3833342369080617,9.281156067413287e-07,10,14,hbo,True,S10_D14 hbo,mild_master_33,,
1,ShortHbO,7.0,1.1493186770747451e-17,6.64373748549861e-06,0.001011730213835204,11.921719011104846,12061.563324388322,10,14,hbo,True,S10_D14 hbo,mild_master_33,,
2,az_itd=0_az=15,7.0,1.1493186770747451e-17,2.5490822763377866e-07,2.4997633184369342e-09,-19.244117746529806,-0.04810573963845644,10,14,hbo,True,S10_D14 hbo,mild_master_33,0.014515857777850557,
3,az_itd=0_az=5,7.0,1.1493186770747451e-17,1.617320354615209e-07,2.491851670950899e-09,-20.55740967971805,-0.0512260156608276,10,14,hbo,True,S10_D14 hbo,mild_master_33,0.022018489989018213,
4,az_itd=15_az=0,7.0,1.1493186770747451e-17,1.0197271321537473e-05,2.4940798873166905e-09,-11.182055167007265,-0.027888938890898492,10,14,hbo,True,S10_D14 hbo,mild_master_33,0.03316075944082078,
5,az_itd=5_az=0,7.0,1.1493186770747451e-17,1.613166037339314e-06,2.5377666570592476e-09,-14.698936488340653,-0.03730247091434245,10,14,hbo,True,S10_D14 hbo,mild_master_33,0.009908938337941871,
6,constant,7.0,1.1493186770747451e-17,0.37360004225881965,2.911524709870253e-09,0.9503173745371325,0.0027668725181838848,10,14,hbo,False,S10_D14 hbo,mild_master_33,,
56,Linear,7.0,7.074378240368293e-18,0.07441298953084334,2.152192323723338e-13,2.095050971323339,4.5089526182912133e-07,11,3,hbo,False,S11_D3 hbo,mild_master_33,,
57,ShortHbO,7.0,7.074378240368293e-18,2.8728350208084627e-06,0.0007937589326458685,13.50084912391483,10716.419590411544,11,3,hbo,True,S11_D3 hbo,mild_master_33,,
58,az_itd=0_az=15,7.0,7.074378240368293e-18,3.604373660748144e-06,1.9612041198099407e-09,-13.0554479402953,-0.02560439828647135,11,3,hbo,True,S11_D3 hbo,mild_master_33,0.014443082227410328,
59,az_itd=0_az=5,7.0,7.074378240368293e-18,7.008186401246694e-08,1.9549969899070195e-09,-23.202259125760317,-0.0453603467499041,11,3,hbo,True,S11_D3 hbo,mild_master_33,-0.027352620310753247,
60,az_itd=15_az=0,7.0,7.074378240368293e-18,1.733156666281462e-05,1.956745150256516e-09,-10.324006146504068,-0.020201448958390298,11,3,hbo,True,S11_D3 hbo,mild_master_33,0.022378909034443596,
61,az_itd=5_az=0,7.0,7.074378240368293e-18,8.990835036828871e-05,1.991019864253786e-09,-8.01718864392472,-0.015962381845523992,11,3,hbo,True,S11_D3 hbo,mild_master_33,0.003193259932111295,
62,constant,7.0,7.074378240368293e-18,0.1403915279371478,2.284253958689346e-09,1.6623682999463847,0.0037972713699522074,11,3,hbo,False,S11_D3 hbo,mild_master_33,,
70,Linear,7.0,7.97414120440086e-18,0.0008023529689732726,2.284961573359766e-13,5.616076026627452,1.2832517913910726e-06,11,4,hbo,True,S11_D4 hbo,mild_master_33,,
71,ShortHbO,7.0,7.97414120440086e-18,1.2641715358665011e-05,0.0008427261075205019,10.827001208544056,9124.196584596102,11,4,hbo,True,S11_D4 hbo,mild_master_33,,
72,az_itd=0_az=15,7.0,7.97414120440086e-18,1.7218429771168898e-08,2.082191262316128e-09,-28.40825291251074,-0.05915141599209656,11,4,hbo,True,S11_D4 hbo,mild_master_33,0.0034283167556378997,
73,az_itd=0_az=5,7.0,7.97414120440086e-18,4.855126883598522e-09,2.0756012131124908e-09,-34.07952885098006,-0.07073551142539634,11,4,hbo,True,S11_D4 hbo,mild_master_33,-0.026577082984595643,
74,az_itd=15_az=0,7.0,7.97414120440086e-18,3.267628470265659e-08,2.0774572178842953e-09,-25.90358100690122,-0.05381358133183748,11,4,hbo,True,S11_D4 hbo,mild_master_33,-0.0015115418278117316,
75,az_itd=5_az=0,7.0,7.97414120440086e-18,6.482596964399787e-08,2.1138463470333893e-09,-23.46508577875794,-0.0496015858562526,11,4,hbo,True,S11_D4 hbo,mild_master_33,-0.018067639622893192,
76,constant,7.0,7.97414120440086e-18,0.11622471263891557,2.4251701215857676e-09,1.7920732713135943,0.004346082553282194,11,4,hbo,False,S11_D4 hbo,mild_master_33,,
28,Linear,7.0,1.4421276479633213e-17,0.017856176008001965,3.0728318205410306e-13,3.078371787843724,9.459318785141977e-07,11,11,hbo,True,S11_D11 hbo,mild_master_33,,
29,ShortHbO,7.0,1.4421276479633213e-17,0.0009388278931626621,0.001133303784790588,5.467023276337627,6195.798170611673,11,11,hbo,True,S11_D11 hbo,mild_master_33,,
30,az_itd=0_az=15,7.0,1.4421276479633213e-17,1.178064202465118e-06,2.8001449310544258e-09,-15.39296683059591,-0.04310253804458205,11,11,hbo,True,S11_D11 hbo,mild_master_33,0.0409991118708747,
31,az_itd=0_az=5,7.0,1.4421276479633213e-17,1.0726590957450872e-07,2.791282588191437e-09,-21.817142402588114,-0.060897809712437294,11,11,hbo,True,S11_D11 hbo,mild_master_33,0.011201574335775542,
32,az_itd=15_az=0,7.0,1.4421276479633213e-17,0.010315470166579622,2.7937785559960468e-09,-3.4764591042419886,-0.009712456896228492,11,11,hbo,True,S11_D11 hbo,mild_master_33,0.052443122836853734,
33,az_itd=5_az=0,7.0,1.4421276479633213e-17,6.290313344388428e-07,2.8427149036680554e-09,-16.872600171309127,-0.04796399197061264,11,11,hbo,True,S11_D11 hbo,mild_master_33,0.0029184756648271805,
34,constant,7.0,1.4421276479633213e-17,0.5196083722368889,3.2613852270944823e-09,0.6778965306950716,0.002210881730707508,11,11,hbo,False,S11_D11 hbo,mild_master_33,,
42,Linear,7.0,1.3728203982663891e-17,0.01115113836065619,2.9980840348724604e-13,3.418961289524902,1.025033325797157e-06,11,13,hbo,True,S11_D13 hbo,mild_master_33,,
43,ShortHbO,7.0,1.3728203982663891e-17,4.139270781379271e-08,0.0011057357454867022,25.035080580906186,27682.18348944796,11,13,hbo,True,S11_D13 hbo,mild_master_33,,
44,az_itd=0_az=15,7.0,1.3728203982663891e-17,9.330545850914246e-07,2.7320303561700322e-09,-15.9277550513161,-0.04351511030583615,11,13,hbo,True,S11_D13 hbo,mild_master_33,0.05882948240964603,
45,az_itd=0_az=5,7.0,1.3728203982663891e-17,6.601582257616259e-08,2.723383593118609e-09,-23.403507178434154,-0.06373672747118116,11,13,hbo,True,S11_D13 hbo,mild_master_33,0.014972974684866441,
46,az_itd=15_az=0,7.0,1.3728203982663891e-17,4.882059565979288e-06,2.7258188455709343e-09,-12.481039093797483,-0.034021051574180755,11,13,hbo,True,S11_D13 hbo,mild_master_33,0.05774572271117586,
47,az_itd=5_az=0,7.0,1.3728203982663891e-17,2.5282088418421314e-07,2.7735647982454887e-09,-19.26711463128715,-0.05343859090509864,11,13,hbo,True,S11_D13 hbo,mild_master_33,0.009738345406266861,
48,constant,7.0,1.3728203982663891e-17,0.20949062086915582,3.1820508091455765e-09,1.3819043194601761,0.004397289757900021,11,13,hbo,False,S11_D13 hbo,mild_master_33,,
98,Linear,7.0,1.999101911801136e-17,0.4677832886830319,3.6178820774499016e-13,0.7676690319882381,2.777336032243562e-07,12,2,hbo,False,S12_D2 hbo,mild_master_33,,
99,ShortHbO,7.0,1.999101911801136e-17,0.5074996651579697,0.00133432601937131,0.6983291234648815,931.7987195239515,12,2,hbo,False,S12_D2 hbo,mild_master_33,,
100,az_itd=0_az=15,7.0,1.999101911801136e-17,0.00016677221642505714,3.296826755243739e-09,-7.271724663828778,-0.023973616428476497,12,2,hbo,True,S12_D2 hbo,mild_master_33,0.035745066864063944,
101,az_itd=0_az=5,7.0,1.999101911801136e-17,0.0019233038429507263,3.286392434955238e-09,-4.819166235504725,-0.01583767145915444,12,2,hbo,True,S12_D2 hbo,mild_master_33,0.0193239187046328,
102,az_itd=15_az=0,7.0,1.999101911801136e-17,0.4988632329989663,3.289331130501745e-09,-0.713094722641393,-0.0023456046701808416,12,2,hbo,False,S12_D2 hbo,mild_master_33,0.050616133658124764,
103,az_itd=5_az=0,7.0,1.999101911801136e-17,0.0003918384979341393,3.346947669745746e-09,6.332240581995898,0.021193677860180615,12,2,hbo,True,S12_D2 hbo,mild_master_33,0.05792253719160449,
104,constant,7.0,1.999101911801136e-17,0.9710976424420641,3.839880556394235e-09,-0.0375464417782441,-0.0001441738517460677,12,2,hbo,False,S12_D2 hbo,mild_master_33,,
112,Linear,7.0,1.8580330401110635e-17,0.23765278362681988,3.487897038272309e-13,1.2911479345415093,4.50339105685874e-07,12,4,hbo,False,S12_D4 hbo,mild_master_33,,
113,ShortHbO,7.0,1.8580330401110635e-17,1.1664763845035785e-06,0.0012863857006459652,15.41528858596837,19830.00680832067,12,4,hbo,True,S12_D4 hbo,mild_master_33,,
114,az_itd=0_az=15,7.0,1.8580330401110635e-17,1.3484588295317763e-05,3.178376748922872e-09,-10.722355017396428,-0.03407968388098931,12,4,hbo,True,S12_D4 hbo,mild_master_33,0.03771628068667012,
115,az_itd=0_az=5,7.0,1.8580330401110635e-17,3.7965631954329213e-06,3.1683173180040237e-09,-12.955395543575849,-0.04104680406230351,12,4,hbo,True,S12_D4 hbo,mild_master_33,-0.0031149994260706816,
116,az_itd=15_az=0,7.0,1.8580330401110635e-17,0.013412813834114405,3.1711504306576762e-09,-3.2840058570093875,-0.010414076587737651,12,4,hbo,True,S12_D4 hbo,mild_master_33,0.016723464334453177,
117,az_itd=5_az=0,7.0,1.8580330401110635e-17,0.3713966914602056,3.226696894661362e-09,-0.9549772601758757,-0.003081422159881714,12,4,hbo,False,S12_D4 hbo,mild_master_33,0.035592650750100645,
118,constant,7.0,1.8580330401110635e-17,0.5419827195285873,3.701919447138846e-09,0.6409163282435754,0.002372620619513716,12,4,hbo,False,S12_D4 hbo,mild_master_33,,
84,Linear,7.0,5.7692388572049814e-18,0.045316716070612585,1.9435521574900616e-13,2.431559444913914,4.725862605227774e-07,12,10,hbo,True,S12_D10 hbo,mild_master_33,,
85,ShortHbO,7.0,5.7692388572049814e-18,2.671967216077546e-06,0.0007168094919147199,13.646130758403213,9781.67605553284,12,10,hbo,True,S12_D10 hbo,mild_master_33,,
86,az_itd=0_az=15,7.0,5.7692388572049814e-18,2.6635953938730406e-06,1.7710789395162802e-09,-13.6524534565172,-0.024179572789563855,12,10,hbo,True,S12_D10 hbo,mild_master_33,0.003870604072065215,
87,az_itd=0_az=5,7.0,5.7692388572049814e-18,8.035073952068031e-07,1.765473547943387e-09,-16.279852319615994,-0.028741648634706827,12,10,hbo,True,S12_D10 hbo,mild_master_33,0.013596859523133907,
88,az_itd=15_az=0,7.0,5.7692388572049814e-18,0.6457890099359149,1.7670522362332073e-09,-0.4801097540775435,-0.0008483790145800985,12,10,hbo,False,S12_D10 hbo,mild_master_33,0.033751250955417075,
89,az_itd=5_az=0,7.0,5.7692388572049814e-18,1.0046661773654945e-05,1.7980042536725704e-09,-11.207026738617364,-0.020150281747056253,12,10,hbo,True,S12_D10 hbo,mild_master_33,-0.002666472467932881,
90,constant,7.0,5.7692388572049814e-18,0.8297213157074266,2.0628113299769367e-09,0.2232428624678517,0.0004605079060351675,12,10,hbo,False,S12_D10 hbo,mild_master_33,,
126,Linear,7.0,1.128676415622652e-17,0.19546283900026226,2.7184519754893177e-13,1.4312062554609388,3.8906654724904584e-07,13,1,hbo,False,S13_D1 hbo,mild_master_33,,
127,ShortHbO,7.0,1.128676415622652e-17,0.005230369100956164,0.0010026034916714238,-3.9939021821392084,-4004.300273206889,13,1,hbo,True,S13_D1 hbo,mild_master_33,,
128,az_itd=0_az=15,7.0,1.128676415622652e-17,5.205637971705185e-05,2.47721319097153e-09,-8.72803985448762,-0.021621215458861965,13,1,hbo,True,S13_D1 hbo,mild_master_33,-0.005658153237583586,
129,az_itd=0_az=5,7.0,1.128676415622652e-17,4.641481311012143e-05,2.46937291370601e-09,-8.883825453848859,-0.02193747794582637,13,1,hbo,True,S13_D1 hbo,mild_master_33,0.053187228316264365,
130,az_itd=15_az=0,7.0,1.128676415622652e-17,0.0005091700152669067,2.471581029543604e-09,6.063373942627691,0.014986120011627609,13,1,hbo,True,S13_D1 hbo,mild_master_33,0.04212649360866144,
131,az_itd=5_az=0,7.0,1.128676415622652e-17,0.9700668226289542,2.51487370508573e-09,0.038886316281926056,9.779417430506294e-05,13,1,hbo,False,S13_D1 hbo,mild_master_33,0.04675055144526434,
132,constant,7.0,1.128676415622652e-17,0.5813585197577235,2.8852601220022702e-09,-0.5780226337215695,-0.0016677456546915694,13,1,hbo,False,S13_D1 hbo,mild_master_33,,
154,Linear,7.0,7.739684302716509e-17,0.7390671514808003,7.118665121013485e-13,-0.3466139731564356,-2.4674288011646223e-07,13,9,hbo,False,S13_D9 hbo,mild_master_33,,
155,ShortHbO,7.0,7.739684302716509e-17,1.4575911738208997e-07,0.002625464260807113,20.869560234191336,54792.28453363068,13,9,hbo,True,S13_D9 hbo,mild_master_33,,
156,az_itd=0_az=15,7.0,7.739684302716509e-17,0.0002211783104632963,6.486945989439218e-09,-6.950076549488591,-0.04508477119900057,13,9,hbo,True,S13_D9 hbo,mild_master_33,-0.023259966854577943,
157,az_itd=0_az=5,7.0,7.739684302716509e-17,0.006188266023243666,6.4664150737517755e-09,-3.8628961629884513,-0.024979089976686415,13,9,hbo,True,S13_D9 hbo,mild_master_33,0.02460111582135247,
158,az_itd=15_az=0,7.0,7.739684302716509e-17,0.0017016826959959264,6.472197348862009e-09,4.926158253307595,0.031883068387132125,13,9,hbo,True,S13_D9 hbo,mild_master_33,0.09721575067339953,
159,az_itd=5_az=0,7.0,7.739684302716509e-17,0.00024732325812338966,6.5855655680381505e-09,-6.8259077960960095,-0.04495246335257305,13,9,hbo,True,S13_D9 hbo,mild_master_33,0.01712239566016767,
160,constant,7.0,7.739684302716509e-17,0.46679107178087165,7.555476712753641e-09,0.7694508244803201,0.005813567785970148,13,9,hbo,False,S13_D9 hbo,mild_master_33,,
140,Linear,7.0,6.775759707417959e-17,0.06387052100029132,6.660639643760735e-13,2.1985186854210785,1.4643540713664369e-06,13,11,hbo,False,S13_D11 hbo,mild_master_33,,
141,ShortHbO,7.0,6.775759707417959e-17,2.75831696953174e-07,0.0024565379943479017,-19.024823498190724,-46735.20175906827,13,11,hbo,True,S13_D11 hbo,mild_master_33,,
142,az_itd=0_az=15,7.0,6.775759707417959e-17,0.1560001091324953,6.069566258518163e-09,-1.5893751194931216,-0.009646817597403724,13,11,hbo,False,S13_D11 hbo,mild_master_33,0.0739838057405322,
143,az_itd=0_az=5,7.0,6.775759707417959e-17,0.01067433912612767,6.0503563324118165e-09,-3.4511736661878714,-0.020880830445472693,13,11,hbo,True,S13_D11 hbo,mild_master_33,0.06438011688772453,
144,az_itd=15_az=0,7.0,6.775759707417959e-17,0.01935133487184478,6.055766567361156e-09,-3.021279002946672,-0.018296160376714703,13,11,hbo,True,S13_D11 hbo,mild_master_33,0.07125265184226895,
145,az_itd=5_az=0,7.0,6.775759707417959e-17,0.41234263196607823,6.161840507088729e-09,0.8715561364991661,0.005370389906082315,13,11,hbo,False,S13_D11 hbo,mild_master_33,0.06802501677044828,
146,constant,7.0,6.775759707417959e-17,0.22199748359938334,7.069346129504862e-09,-1.3403570278822006,-0.009475447767213674,13,11,hbo,False,S13_D11 hbo,mild_master_33,,
182,Linear,7.0,3.1080520862626324e-17,0.02159541528455607,4.5110857661198086e-13,2.943828414393874,1.327986245807125e-06,14,9,hbo,True,S14_D9 hbo,mild_master_33,,
183,ShortHbO,7.0,3.1080520862626324e-17,4.134389417517426e-05,0.001663752157890108,9.043354052722922,15045.899819782015,14,9,hbo,True,S14_D9 hbo,mild_master_33,,
184,az_itd=0_az=15,7.0,3.1080520862626324e-17,1.0688681762464235e-07,4.110766445827844e-09,-21.82832370967586,-0.0897311406744039,14,9,hbo,True,S14_D9 hbo,mild_master_33,-0.08264596317033171,
185,az_itd=0_az=5,7.0,3.1080520862626324e-17,1.2508420584595417e-06,4.0977560400918525e-09,-15.258259517974775,-0.06252462510107012,14,9,hbo,True,S14_D9 hbo,mild_master_33,-0.02091655830518894,
186,az_itd=15_az=0,7.0,3.1080520862626324e-17,0.9748891040942821,4.10142025782118e-09,0.03261888650336618,0.00013378376189247595,14,9,hbo,False,S14_D9 hbo,mild_master_33,0.06090497410680723,
187,az_itd=5_az=0,7.0,3.1080520862626324e-17,1.449787640038949e-07,4.1732615020941e-09,-20.88579895441694,-0.08716190071694542,14,9,hbo,True,S14_D9 hbo,mild_master_33,-0.05768925739549016,
188,constant,7.0,3.1080520862626324e-17,0.5595753307471928,4.7878925157670825e-09,0.6124919834401934,0.0029325457834806375,14,9,hbo,False,S14_D9 hbo,mild_master_33,,
168,Linear,7.0,1.464271787168408e-17,0.006038242332234633,3.096333897618838e-13,3.881889546443846,1.2019626189466296e-06,14,10,hbo,True,S14_D10 hbo,mild_master_33,,
169,ShortHbO,7.0,1.464271787168408e-17,9.669410088933224e-07,0.0011419716828267486,-15.844803623651817,-18094.31705816103,14,10,hbo,True,S14_D10 hbo,mild_master_33,,
170,az_itd=0_az=15,7.0,1.464271787168408e-17,9.33379531359993e-09,2.82156140479658e-09,-31.024417546363605,-0.08753729915511335,14,10,hbo,True,S14_D10 hbo,mild_master_33,-0.08653877952760125,
171,az_itd=0_az=5,7.0,1.464271787168408e-17,8.73381419248909e-08,2.8126312796802107e-09,-22.47556369508213,-0.06321547347723294,14,10,hbo,True,S14_D10 hbo,mild_master_33,-0.042979800039479724,
172,az_itd=15_az=0,7.0,1.464271787168408e-17,0.002290194088789774,2.815146337507039e-09,4.668994347169194,0.013143902336274426,14,10,hbo,True,S14_D10 hbo,mild_master_33,0.027990783907948565,
173,az_itd=5_az=0,7.0,1.464271787168408e-17,8.383223770636838e-06,2.864456967236141e-09,-11.514879813952495,-0.03298387770996302,14,10,hbo,True,S14_D10 hbo,mild_master_33,-0.0288625988888394,
174,constant,7.0,1.464271787168408e-17,0.6350946093670741,3.286329425626669e-09,0.4959881612049582,0.001629980488930318,14,10,hbo,False,S14_D10 hbo,mild_master_33,,
196,Linear,7.0,1.5806692298869712e-17,0.15552396031841334,3.2170472496260924e-13,1.5914990877400508,5.119927762996565e-07,15,17,hbo,False,S15_D17 hbo,mild_master_33,,
197,ShortHbO,7.0,1.5806692298869712e-17,0.06378971048247817,0.001186492472344117,-2.1993763589545763,-2609.5434937512177,15,17,hbo,False,S15_D17 hbo,mild_master_33,,
198,az_itd=0_az=15,7.0,1.5806692298869712e-17,5.791117429623571e-07,2.9315625049134708e-09,-17.07743104042502,-0.05006355651835542,15,17,hbo,True,S15_D17 hbo,mild_master_33,-0.05449540363410919,
199,az_itd=0_az=5,7.0,1.5806692298869712e-17,1.773859082333881e-05,2.9222842308660477e-09,-10.287839891835203,-0.030063992285584682,15,17,hbo,True,S15_D17 hbo,mild_master_33,-0.04693549665550657,
200,az_itd=15_az=0,7.0,1.5806692298869712e-17,0.0045453643880346145,2.92489734047631e-09,-4.104827334007649,-0.012006198552353433,15,17,hbo,True,S15_D17 hbo,mild_master_33,-0.03394085306870021,
201,az_itd=5_az=0,7.0,1.5806692298869712e-17,0.0008877997141849454,2.976130389298768e-09,-5.519742513330985,-0.016427473435028705,15,17,hbo,True,S15_D17 hbo,mild_master_33,0.006897546312886669,
202,constant,7.0,1.5806692298869712e-17,0.39458468725885554,3.4144499235718502e-09,0.9069427856341294,0.003096710725092494,15,17,hbo,False,S15_D17 hbo,mild_master_33,,
210,Linear,7.0,1.9989176033616125e-17,0.00588650721813469,3.617715297165715e-13,3.901630271331244,1.4114987516479861e-06,15,18,hbo,True,S15_D18 hbo,mild_master_33,,
211,ShortHbO,7.0,1.9989176033616125e-17,0.00030798729769730405,0.001334264508446425,6.587077803585659,8788.904127699578,15,18,hbo,True,S15_D18 hbo,mild_master_33,,
212,az_itd=0_az=15,7.0,1.9989176033616125e-17,2.894844747748439e-07,3.296674775247879e-09,-18.891721582601992,-0.06227986200236992,15,18,hbo,True,S15_D18 hbo,mild_master_33,-0.00989671330306084,
213,az_itd=0_az=5,7.0,1.9989176033616125e-17,1.073021044785188e-07,3.286240935969777e-09,-21.816077193435,-0.07169288593534275,15,18,hbo,True,S15_D18 hbo,mild_master_33,-0.03770119785166853,
214,az_itd=15_az=0,7.0,1.9989176033616125e-17,2.1249974506406884e-07,3.2891794960457337e-09,-19.759311141126528,-0.06499192106138141,15,18,hbo,True,S15_D18 hbo,mild_master_33,-0.029445399179512607,
215,az_itd=5_az=0,7.0,1.9989176033616125e-17,5.566135993927898e-07,3.3467933792322444e-09,-17.176431487034737,-0.05748596717964411,15,18,hbo,True,S15_D18 hbo,mild_master_33,0.006773471797425897,
216,constant,7.0,1.9989176033616125e-17,0.22216583930051517,3.839703542230498e-09,1.3398119467053542,0.005144480677687288,15,18,hbo,False,S15_D18 hbo,mild_master_33,,
224,Linear,7.0,3.0261402967081317e-17,0.6410816494186766,4.451244697453575e-13,-0.48708222151784725,-2.1681221557552253e-07,15,22,hbo,False,S15_D22 hbo,mild_master_33,,
225,ShortHbO,7.0,3.0261402967081317e-17,0.0031196566945355005,0.001641681926401352,-4.4097777829764615,-7239.45248575868,15,22,hbo,True,S15_D22 hbo,mild_master_33,,
226,az_itd=0_az=15,7.0,3.0261402967081317e-17,0.001885552968688761,4.0562357474751e-09,-4.836394544410354,-0.01961755643993083,15,22,hbo,True,S15_D22 hbo,mild_master_33,-0.05399175738827068,
227,az_itd=0_az=5,7.0,3.0261402967081317e-17,0.8946998834098225,4.0433979291434255e-09,-0.13724688908437097,-0.000554943787105123,15,22,hbo,False,S15_D22 hbo,mild_master_33,-0.03785477904830466,
228,az_itd=15_az=0,7.0,3.0261402967081317e-17,0.0004059657841037762,4.04701353979319e-09,6.295383606608595,0.025477502694137066,15,22,hbo,True,S15_D22 hbo,mild_master_33,-0.023539021165151948,
229,az_itd=5_az=0,7.0,3.0261402967081317e-17,0.375938490587246,4.117901785818129e-09,0.9453945113626285,0.003893041746642826,15,22,hbo,False,S15_D22 hbo,mild_master_33,0.013307894137401338,
230,constant,7.0,3.0261402967081317e-17,0.7240748963940502,4.724379512544134e-09,0.36754310285373337,0.0017364131050990792,15,22,hbo,False,S15_D22 hbo,mild_master_33,,
238,Linear,7.0,7.986779689761224e-18,0.23279715347771465,2.286771612779947e-13,1.3061011047008417,2.986754929650414e-07,16,16,hbo,False,S16_D16 hbo,mild_master_33,,
239,ShortHbO,7.0,7.986779689761224e-18,0.0006284630788959088,0.000843393675628785,5.85334600433271,4936.675001321227,16,16,hbo,True,S16_D16 hbo,mild_master_33,,
240,az_itd=0_az=15,7.0,7.986779689761224e-18,9.71904499100895e-07,2.0838406766034796e-09,-15.832931874534559,-0.03299330747004689,16,16,hbo,True,S16_D16 hbo,mild_master_33,-0.0012790137310092064,
241,az_itd=0_az=5,7.0,7.986779689761224e-18,0.0009078100983977391,2.0772454070718597e-09,-5.498675799567809,-0.011422099049629415,16,16,hbo,True,S16_D16 hbo,mild_master_33,0.011946591879640351,
242,az_itd=15_az=0,7.0,7.986779689761224e-18,0.033057890834410346,2.0791028820836196e-09,2.647574317075586,0.005504579393162421,16,16,hbo,True,S16_D16 hbo,mild_master_33,0.013150872150511287,
243,az_itd=5_az=0,7.0,7.986779689761224e-18,0.009864124285235332,2.1155208369945966e-09,-3.509642726861467,-0.007424722319081968,16,16,hbo,True,S16_D16 hbo,mild_master_33,0.027736995013572588,
244,constant,7.0,7.986779689761224e-18,0.8351350076358692,2.427091227643696e-09,0.21601610767191773,0.0005242907999602475,16,16,hbo,False,S16_D16 hbo,mild_master_33,,
252,Linear,7.0,3.268112352875322e-17,0.8722967649933925,4.625784847828484e-13,-0.1667296449861416,-7.712554654607161e-08,16,18,hbo,False,S16_D18 hbo,mild_master_33,,
253,ShortHbO,7.0,3.268112352875322e-17,4.8824973225175856e-05,0.0017060547995587818,8.814783955810023,15038.504474883435,16,18,hbo,True,S16_D18 hbo,mild_master_33,,
254,az_itd=0_az=15,7.0,3.268112352875322e-17,0.054110995651812745,4.215286989417695e-09,2.3109501971514135,0.00974131829924461,16,18,hbo,False,S16_D18 hbo,mild_master_33,0.03986371389359668,
255,az_itd=0_az=5,7.0,3.268112352875322e-17,0.9122591719706343,4.201945780485325e-09,-0.11423481201040835,-0.0004800084863116697,16,18,hbo,False,S16_D18 hbo,mild_master_33,-0.012464275477079066,
256,az_itd=15_az=0,7.0,3.268112352875322e-17,0.040183976101323834,4.205703164789292e-09,-2.513614039798814,-0.010571514522240671,16,18,hbo,True,S16_D18 hbo,mild_master_33,-0.01523925033589395,
257,az_itd=5_az=0,7.0,3.268112352875322e-17,0.046556740574549955,4.279371047963382e-09,-2.413170044477453,-0.010326850022149319,16,18,hbo,True,S16_D18 hbo,mild_master_33,0.030524413527909158,
258,constant,7.0,3.268112352875322e-17,0.8033793642986451,4.909629699086185e-09,0.25860477593627923,0.0012696536882622848,16,18,hbo,False,S16_D18 hbo,mild_master_33,,
266,Linear,7.0,1.515326298436035e-17,0.7151711188833972,3.1498510703871364e-13,0.3800580784650199,1.197126345262321e-07,16,22,hbo,False,S16_D22 hbo,mild_master_33,,
267,ShortHbO,7.0,1.515326298436035e-17,0.3377064860597044,0.0011617095721717392,-1.0290235924385946,-1195.4265573264659,16,22,hbo,False,S16_D22 hbo,mild_master_33,,
268,az_itd=0_az=15,7.0,1.515326298436035e-17,4.461975924967508e-05,2.8703293975808807e-09,-8.937937710857334,-0.025654825365220568,16,22,hbo,True,S16_D22 hbo,mild_master_33,-0.02162273920414563,
269,az_itd=0_az=5,7.0,1.515326298436035e-17,0.0011084891802627442,2.8612449237849125e-09,-5.3122928719269975,-0.015199771013459897,16,22,hbo,True,S16_D22 hbo,mild_master_33,-0.005788083768568096,
270,az_itd=15_az=0,7.0,1.515326298436035e-17,0.5013289512753999,2.8638034519830545e-09,0.7088623233318797,0.0020300423685385652,16,22,hbo,False,S16_D22 hbo,mild_master_33,-0.01225576446207772,
271,az_itd=5_az=0,7.0,1.515326298436035e-17,0.002962709187097494,2.9139663688290446e-09,4.45249741547178,0.012974427725983007,16,22,hbo,True,S16_D22 hbo,mild_master_33,0.05673836346483471,
272,constant,7.0,1.515326298436035e-17,0.730367993273454,3.343130489549413e-09,0.3587365435959096,0.0011993030766110576,16,22,hbo,False,S16_D22 hbo,mild_master_33,,
280,Linear,7.0,1.0609926550459452e-17,0.5620070795108729,2.635682716310383e-13,-0.6086053974322821,-1.6040907270654773e-07,16,23,hbo,False,S16_D23 hbo,mild_master_33,,
281,ShortHbO,7.0,1.0609926550459452e-17,0.02113619902547761,0.0009720770196189166,2.9589612405756625,2876.3382239066823,16,23,hbo,True,S16_D23 hbo,mild_master_33,,
282,az_itd=0_az=15,7.0,1.0609926550459452e-17,0.0018655159857577487,2.4017889780394288e-09,-4.845694700837665,-0.011638336123415973,16,23,hbo,True,S16_D23 hbo,mild_master_33,0.010609550732637297,
283,az_itd=0_az=5,7.0,1.0609926550459452e-17,0.000718742558925128,2.39418741528749e-09,5.7221266350286495,0.013699843578266946,16,23,hbo,True,S16_D23 hbo,mild_master_33,0.03833139564464717,
284,az_itd=15_az=0,7.0,1.0609926550459452e-17,0.0005533339218872659,2.3963283001739007e-09,5.979749055070385,0.014329441888603304,16,23,hbo,True,S16_D23 hbo,mild_master_33,0.013730230051294397,
285,az_itd=5_az=0,7.0,1.0609926550459452e-17,0.0017876084289270534,2.4383028348348175e-09,4.882937294568451,0.011906079847666907,16,23,hbo,True,S16_D23 hbo,mild_master_33,0.04304896643983395,
286,constant,7.0,1.0609926550459452e-17,0.892802102502249,2.797412021322226e-09,-0.13973871982020336,-0.0003909067746692153,16,23,hbo,False,S16_D23 hbo,mild_master_33,,
294,Linear,7.0,4.562738564760997e-18,0.0019109307138950088,1.7284217894211507e-13,4.824771372618912,8.339239969409921e-07,17,15,hbo,True,S17_D15 hbo,mild_master_33,,
295,ShortHbO,7.0,4.562738564760997e-18,2.447168755762618e-06,0.0006374663730606064,13.824238885212743,8812.487422479968,17,15,hbo,True,S17_D15 hbo,mild_master_33,,
296,az_itd=0_az=15,7.0,4.562738564760997e-18,4.5662384708723107e-08,1.5750395059107111e-09,-24.682949064509543,-0.03887661989898435,17,15,hbo,True,S17_D15 hbo,mild_master_33,-0.007910605945876744,
297,az_itd=0_az=5,7.0,4.562738564760997e-18,1.3584265167851023e-08,1.570054571034902e-09,-29.394241580940243,-0.04615056335625941,17,15,hbo,True,S17_D15 hbo,mild_master_33,-0.005165345680447377,
298,az_itd=15_az=0,7.0,4.562738564760997e-18,6.432465153452842e-07,1.5714585154715428e-09,-16.81764687033641,-0.026428234384583495,17,15,hbo,True,S17_D15 hbo,mild_master_33,0.02788410484545344,
299,az_itd=5_az=0,7.0,4.562738564760997e-18,1.5551859616677483e-07,1.5989844767186168e-09,-20.674473246330027,-0.03305816178521606,17,15,hbo,True,S17_D15 hbo,mild_master_33,0.012356015167990644,
300,constant,7.0,4.562738564760997e-18,0.24866335710381995,1.83448025125366e-09,1.2581935056869853,0.0023081311384383846,17,15,hbo,False,S17_D15 hbo,mild_master_33,,
308,Linear,7.0,7.471769471840793e-18,0.14644146258962532,2.2118143530223515e-13,1.633216509078607,3.612371716373123e-07,17,16,hbo,False,S17_D16 hbo,mild_master_33,,
309,ShortHbO,7.0,7.471769471840793e-18,0.0003617172131639342,0.0008157483793216616,6.416061928476959,5233.892119782493,17,16,hbo,True,S17_D16 hbo,mild_master_33,,
310,az_itd=0_az=15,7.0,7.471769471840793e-18,1.862464270068722e-05,2.015535216619338e-09,-10.212264242643228,-0.02058317822246984,17,16,hbo,True,S17_D16 hbo,mild_master_33,0.00024329135381928932,
311,az_itd=0_az=5,7.0,7.471769471840793e-18,3.832503862862459e-06,2.0091561310427274e-09,-12.93732506896604,-0.025993105981605893,17,16,hbo,True,S17_D16 hbo,mild_master_33,0.01466931160148458,
312,az_itd=15_az=0,7.0,7.471769471840793e-18,0.012605103166466075,2.010952720552773e-09,3.329188006332712,0.00669483967856643,17,16,hbo,True,S17_D16 hbo,mild_master_33,0.07014104196028932,
313,az_itd=5_az=0,7.0,7.471769471840793e-18,0.028775577512623204,2.04617694448911e-09,-2.743425727426256,-0.00561353447237787,17,16,hbo,True,S17_D16 hbo,mild_master_33,0.03321082235469649,
314,constant,7.0,7.471769471840793e-18,0.892801663769029,2.347534481972576e-09,-0.1397392960008561,-0.00032804281584858223,17,16,hbo,False,S17_D16 hbo,mild_master_33,,
322,Linear,7.0,1.3829338512957211e-17,0.9608821002983612,3.0091070877865774e-13,0.05082859438523022,1.5294868362682528e-08,17,17,hbo,False,S17_D17 hbo,mild_master_33,,
323,ShortHbO,7.0,1.3829338512957211e-17,0.7246545181244187,0.0011098012031222314,0.36673065390029636,406.99812092035154,17,17,hbo,False,S17_D17 hbo,mild_master_33,,
324,az_itd=0_az=15,7.0,1.3829338512957211e-17,0.00012939284367405766,2.7420752097594406e-09,-7.570805681178445,-0.02075971857626535,17,17,hbo,True,S17_D17 hbo,mild_master_33,0.016971504187678774,
325,az_itd=0_az=5,7.0,1.3829338512957211e-17,0.008082887110127973,2.7333966551619688e-09,-3.658824691713706,-0.010001019174154266,17,17,hbo,True,S17_D17 hbo,mild_master_33,0.01841177035913622,
326,az_itd=15_az=0,7.0,1.3829338512957211e-17,1.937136492449279e-05,2.7358408613048274e-09,10.151673758650784,0.027773363879552773,17,17,hbo,True,S17_D17 hbo,mild_master_33,0.048900715360947665,
327,az_itd=5_az=0,7.0,1.3829338512957211e-17,0.06858023510097484,2.783762361481268e-09,2.1503296652477033,0.005986006786893172,17,17,hbo,False,S17_D17 hbo,mild_master_33,0.0640357874039491,
328,constant,7.0,1.3829338512957211e-17,0.9701984444352012,3.193750252535632e-09,0.03871522796940163,0.00012364676910425103,17,17,hbo,False,S17_D17 hbo,mild_master_33,,
336,Linear,7.0,7.468237270150987e-18,0.29510065248170175,2.2112914850476727e-13,1.1315337007366766,2.502150837483494e-07,17,21,hbo,False,S17_D21 hbo,mild_master_33,,
337,ShortHbO,7.0,7.468237270150987e-18,0.0003029745327213633,0.0008155555382261328,6.60472051275612,5386.516392613997,17,21,hbo,True,S17_D21 hbo,mild_master_33,,
338,az_itd=0_az=15,7.0,7.468237270150987e-18,0.0031524068133068966,2.0150587485942676e-09,-4.4011620946718635,-0.008868600182850012,17,21,hbo,True,S17_D21 hbo,mild_master_33,0.014319811923293076,
339,az_itd=0_az=5,7.0,7.468237270150987e-18,1.1175939203199881e-05,2.0086811710192443e-09,-11.029364983107339,-0.022154477769866694,17,21,hbo,True,S17_D21 hbo,mild_master_33,0.019751672014256077,
340,az_itd=15_az=0,7.0,7.468237270150987e-18,0.006676232370211668,2.010477335819541e-09,3.80442006018607,0.007648700306941308,17,21,hbo,True,S17_D21 hbo,mild_master_33,0.0637559732925213,
341,az_itd=5_az=0,7.0,7.468237270150987e-18,0.0006024024428079256,2.0456932328279857e-09,-5.8951821438300405,-0.012059734217921489,17,21,hbo,True,S17_D21 hbo,mild_master_33,0.019511965353390698,
342,constant,7.0,7.468237270150987e-18,0.8843827688582815,2.3469795300624396e-09,0.1508056853104366,0.00035393785644063263,17,21,hbo,False,S17_D21 hbo,mild_master_33,,
350,Linear,7.0,6.0260850960155775e-18,0.9485128276844731,1.986344490177971e-13,-0.06692498362629612,-1.329360724813442e-08,17,22,hbo,False,S17_D22 hbo,mild_master_33,,
351,ShortHbO,7.0,6.0260850960155775e-18,4.458398583621171e-05,0.0007325919087300621,8.939041022253189,6548.669124708788,17,22,hbo,True,S17_D22 hbo,mild_master_33,,
352,az_itd=0_az=15,7.0,6.0260850960155775e-18,0.005232492642209148,1.8100738277698605e-09,-3.9935835299884572,-0.007228681026644878,17,22,hbo,True,S17_D22 hbo,mild_master_33,0.022452005330148805,
353,az_itd=0_az=5,7.0,6.0260850960155775e-18,0.02573660195563817,1.8043450189888886e-09,-2.820992130464342,-0.0050900430992101885,17,22,hbo,True,S17_D22 hbo,mild_master_33,0.03280194860051353,
354,az_itd=15_az=0,7.0,6.0260850960155775e-18,0.0004486180484371514,1.8059584661887017e-09,6.192274165626138,0.011182989954374103,17,22,hbo,True,S17_D22 hbo,mild_master_33,0.04891245733043149,
355,az_itd=5_az=0,7.0,6.0260850960155775e-18,0.04193536445221037,1.8375919724281067e-09,2.4844594607281767,0.004565422760857161,17,22,hbo,True,S17_D22 hbo,mild_master_33,0.04262505306764715,
356,constant,7.0,6.0260850960155775e-18,0.9709278614709769,2.1082294621143104e-09,0.03776712016893885,7.962175543936848e-05,17,22,hbo,False,S17_D22 hbo,mild_master_33,,
364,Linear,7.0,6.799498643339168e-18,0.6980141908263465,2.1099656529106573e-13,-0.40436500848158224,-8.531962791350651e-08,17,23,hbo,False,S17_D23 hbo,mild_master_33,,
365,ShortHbO,7.0,6.799498643339168e-18,1.8892814829296008e-05,0.0007781851399211202,10.190192082265572,7929.8560513609245,17,23,hbo,True,S17_D23 hbo,mild_master_33,,
366,az_itd=0_az=15,7.0,6.799498643339168e-18,0.022290375025400197,1.922724695898413e-09,2.9215624120174724,0.0056173602001945286,17,23,hbo,True,S17_D23 hbo,mild_master_33,0.027123471078526404,
367,az_itd=0_az=5,7.0,6.799498643339168e-18,0.9056322347257673,1.916639351780253e-09,0.12291079964295154,0.0002355756753544592,17,23,hbo,False,S17_D23 hbo,mild_master_33,0.04581590232247922,
368,az_itd=15_az=0,7.0,6.799498643339168e-18,1.2343352022971477e-05,1.918353212689689e-09,10.86595701917833,0.020844743556688826,17,23,hbo,True,S17_D23 hbo,mild_master_33,0.06469048412604037,
369,az_itd=5_az=0,7.0,6.799498643339168e-18,0.00404353888041227,1.951955446328578e-09,4.198410849879489,0.008195110924347262,17,23,hbo,True,S17_D23 hbo,mild_master_33,0.036478930887605426,
370,constant,7.0,6.799498643339168e-18,0.5719368428991622,2.239436198258315e-09,-0.5928371361437673,-0.0013276209423521452,17,23,hbo,False,S17_D23 hbo,mild_master_33,,
378,Linear,7.0,1.4579750949490433e-17,0.9314086839115567,3.0896692651002567e-13,0.0892166418441061,2.756499162411921e-08,18,16,hbo,False,S18_D16 hbo,mild_master_33,,
379,ShortHbO,7.0,1.4579750949490433e-17,0.061104223322503676,0.00113951367220376,-2.2285193368370773,-2539.428253096306,18,16,hbo,False,S18_D16 hbo,mild_master_33,,
380,az_itd=0_az=15,7.0,1.4579750949490433e-17,0.0011282392030121722,2.8154881999958823e-09,-5.296014929835103,-0.014910867541952751,18,16,hbo,True,S18_D16 hbo,mild_master_33,0.02621571231659933,
381,az_itd=0_az=5,7.0,1.4579750949490433e-17,0.01669093205586066,2.806577296321455e-09,-3.1265120932107195,-0.008774797857479675,18,16,hbo,True,S18_D16 hbo,mild_master_33,0.04739625354707999,
382,az_itd=15_az=0,7.0,1.4579750949490433e-17,7.484493011047029e-07,2.809086940670043e-09,16.44964282863581,0.04620847684860748,18,16,hbo,True,S18_D16 hbo,mild_master_33,0.08495802971128737,
383,az_itd=5_az=0,7.0,1.4579750949490433e-17,0.022765327024153074,2.8582914328709355e-09,2.9067632897180453,0.008308376608384828,18,16,hbo,True,S18_D16 hbo,mild_master_33,0.04125612377238369,
384,constant,7.0,1.4579750949490433e-17,0.5692043507890285,3.2792558416137675e-09,-0.5971601426711608,-0.001958240886233315,18,16,hbo,False,S18_D16 hbo,mild_master_33,,
392,Linear,7.0,1.2772349505584409e-17,0.2742073369905282,2.891827191613304e-13,1.1862865232826527,3.4305356250731836e-07,18,21,hbo,False,S18_D21 hbo,mild_master_33,,
393,ShortHbO,7.0,1.2772349505584409e-17,0.0005169675934055503,0.0010665467206202844,6.048032198427476,6450.508907438714,18,21,hbo,True,S18_D21 hbo,mild_master_33,,
394,az_itd=0_az=15,7.0,1.2772349505584409e-17,0.0027929637797467987,2.635202876366863e-09,-4.501602238307668,-0.011862635166647874,18,21,hbo,True,S18_D21 hbo,mild_master_33,0.022359493591492384,
395,az_itd=0_az=5,7.0,1.2772349505584409e-17,1.6296899961970548e-05,2.6268625682832018e-09,-10.420458417132643,-0.027373112160317365,18,21,hbo,True,S18_D21 hbo,mild_master_33,0.01849295736312871,
396,az_itd=15_az=0,7.0,1.2772349505584409e-17,0.07609823421742944,2.629211511534346e-09,2.0798834245957076,0.005468453442596513,18,21,hbo,False,S18_D21 hbo,mild_master_33,0.07507742828286702,
397,az_itd=5_az=0,7.0,1.2772349505584409e-17,0.0006261599235918606,2.6752652720786638e-09,-5.85696449985877,-0.01566893372626975,18,21,hbo,True,S18_D21 hbo,mild_master_33,0.019105961948729617,
398,constant,7.0,1.2772349505584409e-17,0.8809662602592668,3.069273892242232e-09,0.15530250644956478,0.0004766659284454301,18,21,hbo,False,S18_D21 hbo,mild_master_33,,
406,Linear,7.0,6.89271886536728e-18,0.5530825763834238,2.1243800903207993e-13,-0.6229187429906414,-1.3233161754969774e-07,18,22,hbo,False,S18_D22 hbo,mild_master_33,,
407,ShortHbO,7.0,6.89271886536728e-18,0.0007561766523299258,0.0007835013880682981,5.673028640221363,4444.825814164648,18,22,hbo,True,S18_D22 hbo,mild_master_33,,
408,az_itd=0_az=15,7.0,6.89271886536728e-18,0.005476603371840829,1.93585997833665e-09,-3.957865183791426,-0.007661872808953851,18,22,hbo,True,S18_D22 hbo,mild_master_33,0.03061350250444877,
409,az_itd=0_az=5,7.0,6.89271886536728e-18,0.0485574133156137,1.9297330615929887e-09,2.384533378418022,0.004601512896805283,18,22,hbo,True,S18_D22 hbo,mild_master_33,0.04769424774023997,
410,az_itd=15_az=0,7.0,6.89271886536728e-18,7.9933256914793e-06,1.9314586309114097e-09,11.597148870835731,0.02239941328054018,18,22,hbo,True,S18_D22 hbo,mild_master_33,0.08413529525496138,
411,az_itd=5_az=0,7.0,6.89271886536728e-18,0.043735347240596065,1.965290421506812e-09,2.455775226782182,0.004826311530568741,18,22,hbo,True,S18_D22 hbo,mild_master_33,0.04198370967990101,
412,constant,7.0,6.89271886536728e-18,0.8775712932531873,2.2547351264040267e-09,-0.15977452006132503,-0.0003602492226866144,18,22,hbo,False,S18_D22 hbo,mild_master_33,,
420,Linear,7.0,1.2106611660822825e-15,0.7524928062334274,2.815452767399665e-12,0.32801580402841063,9.235130032026148e-07,19,21,hbo,False,S19_D21 hbo,mild_master_33,,
421,ShortHbO,7.0,1.2106611660822825e-15,9.808213848957546e-07,0.010383787540417298,15.811776850950723,164186.13145676078,19,21,hbo,True,S19_D21 hbo,mild_master_33,,
422,az_itd=0_az=15,7.0,1.2106611660822825e-15,3.952671041285611e-05,2.5656060128501457e-08,-9.105993193800561,-0.23362390890987222,19,21,hbo,True,S19_D21 hbo,mild_master_33,0.03863736499827692,
423,az_itd=0_az=5,7.0,1.2106611660822825e-15,1.0098502826466837e-05,2.5574859759602475e-08,-11.198383603529532,-0.28639709019449955,19,21,hbo,True,S19_D21 hbo,mild_master_33,-0.10094279446644276,
424,az_itd=15_az=0,7.0,1.2106611660822825e-15,0.7529606168223987,2.559772882590104e-08,0.32737009685711516,0.008379930965057394,19,21,hbo,False,S19_D21 hbo,mild_master_33,0.1197661902729703,
425,az_itd=5_az=0,7.0,1.2106611660822825e-15,0.5107228731678299,2.6046103431236028e-08,0.6928600215810392,0.018046303785468173,19,21,hbo,False,S19_D21 hbo,mild_master_33,0.186552574668025,
426,constant,7.0,1.2106611660822825e-15,0.45819281073524054,2.988213022853568e-08,0.7850006314479471,0.023457491098410298,19,21,hbo,False,S19_D21 hbo,mild_master_33,,
462,Linear,7.0,2.082295725873329e-15,0.5156572053755258,3.6923949115841945e-12,-0.6845301567952727,-2.527555667776796e-06,20,20,hbo,False,S20_D20 hbo,mild_master_33,,
463,ShortHbO,7.0,2.082295725873329e-15,4.9500150310024945e-06,0.013618074052302337,12.455435599328224,169619.04434533452,20,20,hbo,True,S20_D20 hbo,mild_master_33,,
464,az_itd=0_az=15,7.0,2.082295725873329e-15,4.357481786070209e-06,3.3647272284830794e-08,12.693434305456817,0.42709944030531755,20,20,hbo,True,S20_D20 hbo,mild_master_33,0.20836003058434907,
465,az_itd=0_az=5,7.0,2.082295725873329e-15,0.24416024399157277,3.3540780060058625e-08,-1.2715165110894486,-0.042647655641184286,20,20,hbo,False,S20_D20 hbo,mild_master_33,0.2858837818945706,
466,az_itd=15_az=0,7.0,2.082295725873329e-15,0.04167306905526951,3.35707722606067e-08,-2.4887449340231895,-0.08354908939483116,20,20,hbo,True,S20_D20 hbo,mild_master_33,0.1586496671245185,
467,az_itd=5_az=0,7.0,2.082295725873329e-15,0.03196321469155629,3.4158804185841793e-08,-2.670786698627358,-0.09123087986056277,20,20,hbo,True,S20_D20 hbo,mild_master_33,0.26706014141524426,
468,constant,7.0,2.082295725873329e-15,0.901933384803534,3.918965605842772e-08,-0.12775787906203054,-0.005006787339195181,20,20,hbo,False,S20_D20 hbo,mild_master_33,,
476,Linear,7.0,8.815761945495328e-18,0.7163627292265681,2.402519200200348e-13,0.37837935222073416,9.09063658669684e-08,21,11,hbo,False,S21_D11 hbo,mild_master_33,,
477,ShortHbO,7.0,8.815761945495328e-18,0.31419123253084213,0.0008860830210160063,1.0842212565790306,960.710046479318,21,11,hbo,False,S21_D11 hbo,mild_master_33,,
478,az_itd=0_az=15,7.0,8.815761945495328e-18,0.003543156458420292,2.1893166802137093e-09,-4.305373211844438,-0.0094258253872363,21,11,hbo,True,S21_D11 hbo,mild_master_33,0.042211740778633225,
479,az_itd=0_az=5,7.0,8.815761945495328e-18,0.000388435324365485,2.1823875834942735e-09,-6.341342170124208,-0.013839266414767702,21,11,hbo,True,S21_D11 hbo,mild_master_33,0.04793538534725572,
480,az_itd=15_az=0,7.0,8.815761945495328e-18,6.686243748374198e-05,2.184339076749964e-09,8.396132922712392,0.018340001236667562,21,11,hbo,True,S21_D11 hbo,mild_master_33,0.07489282024310824,
481,az_itd=5_az=0,7.0,8.815761945495328e-18,0.8996027989860027,2.2226003685277157e-09,0.13081369610170113,0.0002907465691641135,21,11,hbo,False,S21_D11 hbo,mild_master_33,0.05994637171604988,
482,constant,7.0,8.815761945495328e-18,0.8297287341053837,2.549941254502067e-09,-0.22323295066315366,-0.0005692309102602,21,11,hbo,False,S21_D11 hbo,mild_master_33,,
490,Linear,7.0,5.214067386325827e-18,0.0010691893827507633,1.8476736265507076e-13,5.3456663246752365,9.877046684442687e-07,21,12,hbo,True,S21_D12 hbo,mild_master_33,,
491,ShortHbO,7.0,5.214067386325827e-18,6.137749632867353e-06,0.0006814481352445069,12.063278408930403,8220.498576700944,21,12,hbo,True,S21_D12 hbo,mild_master_33,,
492,az_itd=0_az=15,7.0,5.214067386325827e-18,1.2336577651406487e-08,1.6837087877845441e-09,-29.80451323912833,-0.05018212085636115,21,12,hbo,True,S21_D12 hbo,mild_master_33,-0.0037835989532123055,
493,az_itd=0_az=5,7.0,5.214067386325827e-18,1.6261046001044005e-08,1.6783799191273226e-09,-28.64316077132461,-0.0480741058589267,21,12,hbo,True,S21_D12 hbo,mild_master_33,0.0026969212813622583,
494,az_itd=15_az=0,7.0,5.214067386325827e-18,1.1604375976664972e-06,1.679880728203325e-09,-15.427021522497345,-0.025915556149221204,21,12,hbo,True,S21_D12 hbo,mild_master_33,0.034504643308148814,
495,az_itd=5_az=0,7.0,5.214067386325827e-18,1.9484808290826285e-08,1.7093058332054485e-09,-27.906961896761707,-0.04770153275717697,21,12,hbo,True,S21_D12 hbo,mild_master_33,-0.005974880960964151,
496,constant,7.0,5.214067386325827e-18,0.19364623549746693,1.9610495536535995e-09,1.4378205331642466,0.002819637314795726,21,12,hbo,False,S21_D12 hbo,mild_master_33,,
504,Linear,7.0,8.436409733234062e-18,0.005888284719448193,2.350259257393796e-13,-3.9013958193316243,-9.169291641141603e-07,21,19,hbo,True,S21_D19 hbo,mild_master_33,,
505,ShortHbO,7.0,8.436409733234062e-18,0.9167597793430229,0.0008668088158415828,0.108348249010428,93.91721742323804,21,19,hbo,False,S21_D19 hbo,mild_master_33,,
506,az_itd=0_az=15,7.0,8.436409733234062e-18,0.0029636300870582353,2.141694349252168e-09,4.45223954209894,0.00953533626883036,21,19,hbo,True,S21_D19 hbo,mild_master_33,0.00577031091447704,
507,az_itd=0_az=5,7.0,8.436409733234062e-18,2.8337987623201346e-07,2.134915975240059e-09,18.950331114787545,0.04045736463304868,21,19,hbo,True,S21_D19 hbo,mild_master_33,0.043393431431460426,
508,az_itd=15_az=0,7.0,8.436409733234062e-18,3.872469409894923e-09,2.1368250193340854e-09,35.20437927220409,0.07522559841897199,21,19,hbo,True,S21_D19 hbo,mild_master_33,0.07520725116952004,
509,az_itd=5_az=0,7.0,8.436409733234062e-18,4.375428604129387e-08,2.1742540459961853e-09,24.835458602199456,0.05399859635000293,21,19,hbo,True,S21_D19 hbo,mild_master_33,0.05239765585120241,
510,constant,7.0,8.436409733234062e-18,0.1416583949566603,2.4944745659905942e-09,-1.6561676109179773,-0.004131267982452301,21,19,hbo,False,S21_D19 hbo,mild_master_33,,
518,Linear,7.0,8.071351153101192e-17,0.33254954217296445,7.269592400658131e-13,-1.040860831365704,-7.566633989838825e-07,22,10,hbo,False,S22_D10 hbo,mild_master_33,,
519,ShortHbO,7.0,8.071351153101192e-17,0.001980244711352156,0.0026811283736641934,4.793876224385595,12852.997565034393,22,10,hbo,True,S22_D10 hbo,mild_master_33,,
520,az_itd=0_az=15,7.0,8.071351153101192e-17,0.18862625119832524,6.62447979595271e-09,-1.4563927711707727,-0.009647844487592361,22,10,hbo,False,S22_D10 hbo,mild_master_33,0.091037733297275,
521,az_itd=0_az=5,7.0,8.071351153101192e-17,0.004099916935879885,6.603513591457513e-09,-4.187279282378188,-0.027650755652412824,22,10,hbo,True,S22_D10 hbo,mild_master_33,-0.005485755909261436,
522,az_itd=15_az=0,7.0,8.071351153101192e-17,0.00019115476451264906,6.609418460205418e-09,7.114844869718539,0.04702498702341552,22,10,hbo,True,S22_D10 hbo,mild_master_33,0.052282799284245,
523,az_itd=5_az=0,7.0,8.071351153101192e-17,4.738115759899952e-05,6.725190270030584e-09,8.8556668295266,0.059556044396564874,22,10,hbo,True,S22_D10 hbo,mild_master_33,0.1123473875076725,
524,constant,7.0,8.071351153101192e-17,0.5790702858915653,7.71566510865223e-09,0.5816077939085176,0.004487490962380146,22,10,hbo,False,S22_D10 hbo,mild_master_33,,
532,Linear,7.0,1.0473163265220762e-17,0.012724481027130384,2.6186404784829817e-13,3.3223176325032355,8.69995543485072e-07,22,11,hbo,True,S22_D11 hbo,mild_master_33,,
533,ShortHbO,7.0,1.0473163265220762e-17,0.0016808570738608103,0.0009657916015553615,4.936998367392721,4768.111560120421,22,11,hbo,True,S22_D11 hbo,mild_master_33,,
534,az_itd=0_az=15,7.0,1.0473163265220762e-17,9.823476754140034e-07,2.386259089437253e-09,-15.808177743800812,-0.037722407828584374,22,11,hbo,True,S22_D11 hbo,mild_master_33,0.005715860376510788,
535,az_itd=0_az=5,7.0,1.0473163265220762e-17,4.423234252321538e-08,2.378706678140259e-09,-24.796545845615984,-0.05898370919777784,22,11,hbo,True,S22_D11 hbo,mild_master_33,-0.004855450859938354,
536,az_itd=15_az=0,7.0,1.0473163265220762e-17,0.00017849697791489323,2.38083372013535e-09,-7.193273920825134,-0.0171259891088707,22,11,hbo,True,S22_D11 hbo,mild_master_33,0.041134415559164486,
537,az_itd=5_az=0,7.0,1.0473163265220762e-17,3.1591209965703398e-06,2.4225368488345555e-09,-13.312637464080188,-0.032250354811909666,22,11,hbo,True,S22_D11 hbo,mild_master_33,0.037216291742917115,
538,constant,7.0,1.0473163265220762e-17,0.45074224815692343,2.779324047123517e-09,0.7986378677345567,0.0022196734307381037,22,11,hbo,False,S22_D11 hbo,mild_master_33,,
546,Linear,7.0,5.438592237391079e-18,7.042586855052654e-05,1.887036016002464e-13,8.32863406186434,1.5716432438842905e-06,22,12,hbo,True,S22_D12 hbo,mild_master_33,,
547,ShortHbO,7.0,5.438592237391079e-18,5.685791205634753e-05,0.0006959655405401284,8.609806238150584,5992.128452480242,22,12,hbo,True,S22_D12 hbo,mild_master_33,,
548,az_itd=0_az=15,7.0,5.438592237391079e-18,2.933311628387752e-09,1.719578110199371e-09,-36.6363868447775,-0.06299912885507558,22,12,hbo,True,S22_D12 hbo,mild_master_33,-0.018919900465899534,
549,az_itd=0_az=5,7.0,5.438592237391079e-18,2.2712643267147048e-10,1.7141357166206434e-09,-52.864124584758315,-0.09061628407861767,22,12,hbo,True,S22_D12 hbo,mild_master_33,-0.027877041756082955,
550,az_itd=15_az=0,7.0,5.438592237391079e-18,3.294187890275481e-08,1.7156684985680954e-09,-25.873364461744536,-0.04439011635898637,22,12,hbo,True,S22_D12 hbo,mild_master_33,0.009296377935047674,
551,az_itd=5_az=0,7.0,5.438592237391079e-18,1.6235256827352678e-09,1.7457204688488637e-09,-39.881263209826955,-0.06962153750894405,22,12,hbo,True,S22_D12 hbo,mild_master_33,-0.024863917664493407,
552,constant,7.0,5.438592237391079e-18,0.06041246111245486,2.0028272762751045e-09,2.236235784747187,0.004478794025874129,22,12,hbo,False,S22_D12 hbo,mild_master_33,,
560,Linear,7.0,1.0310828115670227e-17,0.05298750280948369,2.598266617307699e-13,-2.3251949139761994,-6.041476323718005e-07,22,19,hbo,False,S22_D19 hbo,mild_master_33,,
561,ShortHbO,7.0,1.0310828115670227e-17,0.5644614653228281,0.0009582774337358287,0.6046927235445991,579.4633913170475,22,19,hbo,False,S22_D19 hbo,mild_master_33,,
562,az_itd=0_az=15,7.0,1.0310828115670227e-17,0.012189597460186063,2.3676932298563248e-09,-3.3536578418352803,-0.007940432967367966,22,19,hbo,True,S22_D19 hbo,mild_master_33,-0.016845130296581093,
563,az_itd=0_az=5,7.0,1.0310828115670227e-17,1.1676413961133907e-05,2.3601995787368224e-09,10.957043205210683,0.025860808757139413,22,19,hbo,True,S22_D19 hbo,mild_master_33,0.032977555388706246,
564,az_itd=15_az=0,7.0,1.0310828115670227e-17,1.467825327541049e-08,2.3623100716643043e-09,29.068446955752734,0.06866868501121427,22,19,hbo,True,S22_D19 hbo,mild_master_33,0.06088034377731328,
565,az_itd=5_az=0,7.0,1.0310828115670227e-17,1.1366366274077858e-07,2.403688736672647e-09,21.634968804202177,0.052003730832924866,22,19,hbo,True,S22_D19 hbo,mild_master_33,0.051250418553579896,
566,constant,7.0,1.0310828115670227e-17,0.21031864129327787,2.7577000163478133e-09,-1.3790868890857795,-0.003803107936576909,22,19,hbo,False,S22_D19 hbo,mild_master_33,,
616,Linear,7.0,8.641823816097532e-15,0.6951851207739004,7.522109374242251e-12,0.4083984049340305,3.072017470179854e-06,23,9,hbo,False,S23_D9 hbo,mild_master_33,,
617,ShortHbO,7.0,8.641823816097532e-15,0.004523533448588733,0.027742602007865647,4.108657951551255,113984.862336339,23,9,hbo,True,S23_D9 hbo,mild_master_33,,
618,az_itd=0_az=15,7.0,8.641823816097532e-15,0.00010894673288751067,6.8545881015424e-08,7.779086502627858,0.53322433781782,23,9,hbo,True,S23_D9 hbo,mild_master_33,1.1547761882236998,
619,az_itd=0_az=5,7.0,8.641823816097532e-15,0.0031094984904670286,6.83289361377974e-08,-4.412470387174938,-0.3014994072951986,23,9,hbo,True,S23_D9 hbo,mild_master_33,-0.5532776147466827,
620,az_itd=15_az=0,7.0,8.641823816097532e-15,0.2351751446809105,6.83900359438309e-08,-1.2987445369482784,-0.08882118556374678,23,9,hbo,False,S23_D9 hbo,mild_master_33,-0.5651475056787559,
621,az_itd=5_az=0,7.0,8.641823816097532e-15,1.2695646663378791e-05,6.958796860354927e-08,-10.820071113243667,-0.7529467689165708,23,9,hbo,True,S23_D9 hbo,mild_master_33,-0.41038737608077297,
622,constant,7.0,8.641823816097532e-15,0.8306069622913068,7.983676889099379e-08,0.22205971566999985,0.01772853019994557,23,9,hbo,False,S23_D9 hbo,mild_master_33,,
574,Linear,7.0,6.778989677799772e-18,0.0004943372304698317,2.106781161295014e-13,6.093297382139389,1.2837244134859492e-06,23,10,hbo,True,S23_D10 hbo,mild_master_33,,
575,ShortHbO,7.0,6.778989677799772e-18,0.4029012314948681,0.0007770106544264968,-0.890227740710643,-691.7164393981984,23,10,hbo,False,S23_D10 hbo,mild_master_33,,
576,az_itd=0_az=15,7.0,6.778989677799772e-18,3.436300118089661e-09,1.919822800000329e-09,-35.81352813127442,-0.06875562785487381,23,10,hbo,True,S23_D10 hbo,mild_master_33,-0.04844712962675607,
577,az_itd=0_az=5,7.0,6.778989677799772e-18,3.683263686102415e-09,1.9137466402626334e-09,-35.458475402832214,-0.06785853817100539,23,10,hbo,True,S23_D10 hbo,mild_master_33,-0.05067068445297466,
578,az_itd=15_az=0,7.0,6.778989677799772e-18,7.794762092456668e-08,1.9154579145064104e-09,-22.848268790295343,-0.04376489728714102,23,10,hbo,True,S23_D10 hbo,mild_master_33,-0.017936832741818814,
579,az_itd=5_az=0,7.0,6.778989677799772e-18,7.486189865143497e-08,1.9490094335608502e-09,-22.98206044091507,-0.0447922526020091,23,10,hbo,True,S23_D10 hbo,mild_master_33,-0.05108572265059057,
580,constant,7.0,6.778989677799772e-18,0.10470780649019452,2.2360563016295312e-09,1.863268431539398,0.004166373117971044,23,10,hbo,False,S23_D10 hbo,mild_master_33,,
588,Linear,7.0,5.99611756990364e-18,0.008694180638473973,1.9813993210490794e-13,3.60392935514936,7.140823177401789e-07,23,11,hbo,True,S23_D11 hbo,mild_master_33,,
589,ShortHbO,7.0,5.99611756990364e-18,1.3029288142498942e-06,0.0007307680604957596,15.167218908802145,11083.719145099954,23,11,hbo,True,S23_D11 hbo,mild_master_33,,
590,az_itd=0_az=15,7.0,5.99611756990364e-18,1.251410472255304e-07,1.8055674990547946e-09,-21.33573578971835,-0.03852311111033563,23,11,hbo,True,S23_D11 hbo,mild_master_33,-0.0031945610004941397,
591,az_itd=0_az=5,7.0,5.99611756990364e-18,8.59492573919154e-08,1.799852952617776e-09,-22.527725475751993,-0.04054659321329492,23,11,hbo,True,S23_D11 hbo,mild_master_33,-0.019919193284127355,
592,az_itd=15_az=0,7.0,5.99611756990364e-18,3.08916956312531e-07,1.8014623830071501e-09,-18.714136611517112,-0.033712813136104976,23,11,hbo,True,S23_D11 hbo,mild_master_33,0.0008659425927081988,
593,az_itd=5_az=0,7.0,5.99611756990364e-18,3.0017411988347244e-07,1.8330171350127015e-09,-18.7924095095393,-0.03444680863916118,23,11,hbo,True,S23_D11 hbo,mild_master_33,-0.005958658573098795,
594,constant,7.0,5.99611756990364e-18,0.14547527233253643,2.1029808502525618e-09,1.637795514859543,0.003444252604379154,23,11,hbo,False,S23_D11 hbo,mild_master_33,,
602,Linear,7.0,6.498554426786087e-18,0.013863458209362437,2.0627439416803835e-13,3.2600487250915067,6.724645757265363e-07,23,19,hbo,True,S23_D19 hbo,mild_master_33,,
603,ShortHbO,7.0,6.498554426786087e-18,0.648508234840235,0.0007607691057262728,0.4760938401591974,362.1974850196997,23,19,hbo,False,S23_D19 hbo,mild_master_33,,
604,az_itd=0_az=15,7.0,6.498554426786087e-18,1.769540971096651e-08,1.8796934976228476e-09,-28.296721260381187,-0.053189162957184705,23,19,hbo,True,S23_D19 hbo,mild_master_33,-0.04805021507322111,
605,az_itd=0_az=5,7.0,6.498554426786087e-18,2.2461300464990253e-07,1.8737443454670014e-09,-19.600950616528458,-0.036727170383498126,23,19,hbo,True,S23_D19 hbo,mild_master_33,-0.024624560914789748,
606,az_itd=15_az=0,7.0,6.498554426786087e-18,0.0011709963333484056,1.875419849617008e-09,-5.261835695190118,-0.009868151108182857,23,19,hbo,True,S23_D19 hbo,mild_master_33,0.006499190226104758,
607,az_itd=5_az=0,7.0,6.498554426786087e-18,2.6034508959144275e-05,1.90827005443903e-09,-9.70610854315563,-0.01852187627803873,23,19,hbo,True,S23_D19 hbo,mild_master_33,-0.03366271548544298,
608,constant,7.0,6.498554426786087e-18,0.37617603119236936,2.1893168945024e-09,0.9448957429950591,0.0020686762136824803,23,19,hbo,False,S23_D19 hbo,mild_master_33,,
658,Linear,7.0,1.778960198025607e-17,0.004739577434817219,3.412872434741474e-13,4.071611150045432,1.3895889458976089e-06,24,9,hbo,True,S24_D9 hbo,mild_master_33,,
659,ShortHbO,7.0,1.778960198025607e-17,0.0006185862769790349,0.0012587155670039168,5.868969277969495,7387.362992447941,24,9,hbo,True,S24_D9 hbo,mild_master_33,,
660,az_itd=0_az=15,7.0,1.778960198025607e-17,2.1223314664121686e-08,3.1100099213350713e-09,-27.5655883142495,-0.08572925314475405,24,9,hbo,True,S24_D9 hbo,mild_master_33,-0.09278277304060753,
661,az_itd=0_az=5,7.0,1.778960198025607e-17,4.232786205329527e-08,3.1001668685971587e-09,-24.95451490546574,-0.07736316033183885,24,9,hbo,True,S24_D9 hbo,mild_master_33,-0.06616425982538038,
662,az_itd=15_az=0,7.0,1.778960198025607e-17,0.1459263895128184,3.102939041047799e-09,-1.6356540336399354,-0.005075334758628666,24,9,hbo,False,S24_D9 hbo,mild_master_33,0.05298653978719454,
663,az_itd=5_az=0,7.0,1.778960198025607e-17,9.122531076933248e-07,3.157290701594362e-09,-15.98039436352846,-0.050454750531779356,24,9,hbo,True,S24_D9 hbo,mild_master_33,-0.057787535300660796,
664,constant,7.0,1.778960198025607e-17,0.42543147083053034,3.6222912253831222e-09,0.846177674592886,0.003065101965792906,24,9,hbo,False,S24_D9 hbo,mild_master_33,,
630,Linear,7.0,8.312187982100807e-18,0.011381089169472006,2.3328919156589043e-13,3.403952238775556,7.941052659128524e-07,24,10,hbo,True,S24_D10 hbo,mild_master_33,,
631,ShortHbO,7.0,8.312187982100807e-18,0.01707861389063049,0.0008604034948642574,-3.1101085743678185,-2675.9482867933643,24,10,hbo,True,S24_D10 hbo,mild_master_33,,
632,az_itd=0_az=15,7.0,8.312187982100807e-18,4.054967025413165e-08,2.1258682068646272e-09,-25.10951139224504,-0.0533795119586789,24,10,hbo,True,S24_D10 hbo,mild_master_33,-0.052874991236725795,
633,az_itd=0_az=5,7.0,8.312187982100807e-18,4.750659366754616e-06,2.1191399219384372e-09,-12.531716257446494,-0.026556460211559812,24,10,hbo,True,S24_D10 hbo,mild_master_33,-0.03423308928632127,
634,az_itd=15_az=0,7.0,8.312187982100807e-18,2.5855187816589852e-05,2.1210348590691304e-09,-9.716325639302328,-0.02060866538302739,24,10,hbo,True,S24_D10 hbo,mild_master_33,-0.0257696452849161,
635,az_itd=5_az=0,7.0,8.312187982100807e-18,2.7528670129434627e-06,2.158187302330995e-09,-13.586170009715877,-0.029321499602278978,24,10,hbo,True,S24_D10 hbo,mild_master_33,-0.05699597358577872,
636,constant,7.0,8.312187982100807e-18,0.46734830037727126,2.476041539038242e-09,0.7684498540258377,0.0019027137592358475,24,10,hbo,False,S24_D10 hbo,mild_master_33,,
644,Linear,7.0,1.8942709515387722e-17,0.19676464393930607,3.5217456730558247e-13,1.426500194749152,5.023770888471118e-07,24,19,hbo,False,S24_D19 hbo,mild_master_33,,
645,ShortHbO,7.0,1.8942709515387722e-17,0.0010049687760752943,0.0012988695553280605,-5.403256813431895,-7018.125774585598,24,19,hbo,True,S24_D19 hbo,mild_master_33,,
646,az_itd=0_az=15,7.0,1.8942709515387722e-17,7.516566263403126e-06,3.209221614066024e-09,-11.70417369110172,-0.03756128718426655,24,19,hbo,True,S24_D19 hbo,mild_master_33,-0.06164683417498241,
647,az_itd=0_az=5,7.0,1.8942709515387722e-17,0.005106916285950278,3.1990645604250695e-09,-4.012674263956702,-0.012836804030353635,24,19,hbo,True,S24_D19 hbo,mild_master_33,-0.05961998343449541,
648,az_itd=15_az=0,7.0,1.8942709515387722e-17,0.01862173577328497,3.201925167294997e-09,-3.0485299243469606,-0.009761164688018447,24,19,hbo,True,S24_D19 hbo,mild_master_33,-0.06561554920892401,
649,az_itd=5_az=0,7.0,1.8942709515387722e-17,0.0005683396185832482,3.258010687341033e-09,-5.953024373378894,-0.019395017030470092,24,19,hbo,True,S24_D19 hbo,mild_master_33,-0.07761119504794763,
650,constant,7.0,1.8942709515387722e-17,0.7590788791458882,3.737845083127879e-09,0.31893921924424534,0.0011921453924687473,24,19,hbo,False,S24_D19 hbo,mild_master_33,,
441,Linear,7.0,1.3929394809400096e-18,0.5223886550463224,9.549993235813945e-14,0.6732478237757816,6.429512163085174e-08,1,7,hbr,False,S1_D7 hbr,mild_master_33,,
442,ShortHbO,7.0,1.3929394809400096e-18,0.0019605908304878464,0.0003522172416506301,-4.802513367597613,-1691.5280113255099,1,7,hbr,True,S1_D7 hbr,mild_master_33,,
443,az_itd=0_az=15,7.0,1.3929394809400096e-18,0.014769395461312214,8.702515045603812e-10,3.2143147423721,0.0027972622406799348,1,7,hbr,True,S1_D7 hbr,mild_master_33,,-0.0065704380572404
444,az_itd=0_az=5,7.0,1.3929394809400096e-18,0.14821749945754903,8.674971945513126e-10,1.6248726373503113,0.0014095724544045873,1,7,hbr,False,S1_D7 hbr,mild_master_33,,-0.0010963578625255391
445,az_itd=15_az=0,7.0,1.3929394809400096e-18,0.00041881350769709983,8.682729114483941e-10,-6.263092745913884,-0.005438073773165966,1,7,hbr,True,S1_D7 hbr,mild_master_33,,-0.007210206924405542
446,az_itd=5_az=0,7.0,1.3929394809400096e-18,1.6921160205706018e-06,8.834817421474603e-10,-14.596063827560272,-0.012895355898868479,1,7,hbr,True,S1_D7 hbr,mild_master_33,,-0.03730106513758917
447,constant,7.0,1.3929394809400096e-18,0.7560169363958753,1.013599463853897e-09,0.3231552992298547,0.00032755003804092644,1,7,hbr,False,S1_D7 hbr,mild_master_33,,
455,Linear,7.0,1.0311073041686397e-18,0.8810510058457026,8.21653806619542e-14,-0.15519092115272184,-1.2751321111792711e-08,1,8,hbr,False,S1_D8 hbr,mild_master_33,,
456,ShortHbO,7.0,1.0311073041686397e-18,0.0007257078035800025,0.0003030375312455493,5.7127778999534975,1731.1861113560417,1,8,hbr,True,S1_D8 hbr,mild_master_33,,
457,az_itd=0_az=15,7.0,1.0311073041686397e-18,0.0017857184438201724,7.487392334026901e-10,4.883862995000068,0.0036567398349201174,1,8,hbr,True,S1_D8 hbr,mild_master_33,,-0.003086022967346122
458,az_itd=0_az=5,7.0,1.0311073041686397e-18,0.13943677745041227,7.463695047047948e-10,1.6670761807397172,0.0012442548233238637,1,8,hbr,False,S1_D8 hbr,mild_master_33,,-0.001771512050555244
459,az_itd=15_az=0,7.0,1.0311073041686397e-18,0.248091226143425,7.470369090951516e-10,1.2598746969785788,0.0009411728994780681,1,8,hbr,False,S1_D8 hbr,mild_master_33,,-0.0035271248394946777
460,az_itd=5_az=0,7.0,1.0311073041686397e-18,1.9098512995811933e-05,7.601221473037575e-10,-10.173501410378961,-0.00773310373765506,1,8,hbr,True,S1_D8 hbr,mild_master_33,,-0.028965150926810606
461,constant,7.0,1.0311073041686397e-18,0.7968037966549248,8.72071673035169e-10,0.2674873917884809,0.00023326817727279428,1,8,hbr,False,S1_D8 hbr,mild_master_33,,
679,Linear,7.0,1.7464868180237433e-17,0.826496381800637,3.38157945298942e-13,-0.22755410661294898,-7.694922913657122e-08,2,6,hbr,False,S2_D6 hbr,mild_master_33,,
680,ShortHbO,7.0,1.7464868180237433e-17,0.0036298018226197776,0.0012471742732631027,4.285706892360449,5345.023378898313,2,6,hbr,True,S2_D6 hbr,mild_master_33,,
681,az_itd=0_az=15,7.0,1.7464868180237433e-17,0.05276319933857399,3.081493917418149e-09,2.328075639470852,0.007173950922318797,2,6,hbr,False,S2_D6 hbr,mild_master_33,,0.013229484091507123
682,az_itd=0_az=5,7.0,1.7464868180237433e-17,0.2942074272450507,3.071741116652908e-09,-1.1338078889899807,-0.0034827643109959596,2,6,hbr,False,S2_D6 hbr,mild_master_33,,-0.03059174166148293
683,az_itd=15_az=0,7.0,1.7464868180237433e-17,0.030777584051382114,3.0744878707664817e-09,-2.696882115632805,-0.008291531353400107,2,6,hbr,True,S2_D6 hbr,mild_master_33,,-0.03053466017118125
684,az_itd=5_az=0,7.0,1.7464868180237433e-17,0.8539707199890829,3.1283411752935332e-09,-0.19096890206285191,-0.0005974158795238178,2,6,hbr,False,S2_D6 hbr,mild_master_33,,-0.03595030521635854
685,constant,7.0,1.7464868180237433e-17,0.656658201380288,3.589078060993307e-09,0.464107883115344,0.0016657194212233272,2,6,hbr,False,S2_D6 hbr,mild_master_33,,
693,Linear,7.0,6.455554039382733e-17,0.2908378209224861,6.501352298386579e-13,-1.142438443071271,-7.427394797626592e-07,3,5,hbr,False,S3_D5 hbr,mild_master_33,,
694,ShortHbO,7.0,6.455554039382733e-17,2.7219075817805887e-06,0.002397790571148544,13.6088764800294,32631.23570773968,3,5,hbr,True,S3_D5 hbr,mild_master_33,,
695,az_itd=0_az=15,7.0,6.455554039382733e-17,0.0038839572103974975,5.924414268829372e-09,-4.230867037629968,-0.02506540904725484,3,5,hbr,True,S3_D5 hbr,mild_master_33,,-0.005595982101518722
696,az_itd=0_az=5,7.0,6.455554039382733e-17,4.8942835830875744e-05,5.90566374276536e-09,8.81150713745601,0.05203779822079214,3,5,hbr,True,S3_D5 hbr,mild_master_33,,-0.013529588268314473
697,az_itd=15_az=0,7.0,6.455554039382733e-17,0.9195734385666129,5.910944593449971e-09,0.10467031706703547,0.0006187004447620875,3,5,hbr,False,S3_D5 hbr,mild_master_33,,0.04124581692325349
698,az_itd=5_az=0,7.0,6.455554039382733e-17,0.0009655939610813321,6.014481804398288e-09,5.440632696714313,0.032722586358802624,3,5,hbr,True,S3_D5 hbr,mild_master_33,,-0.053047481450673596
699,constant,7.0,6.455554039382733e-17,0.7670741183646184,6.900284682147519e-09,0.30796014616659867,0.0021250126793052916,3,5,hbr,False,S3_D5 hbr,mild_master_33,,
707,Linear,7.0,1.6185965092675744e-15,0.2925676123650751,3.255414096187173e-12,1.137997726672693,3.7046538408392425e-06,4,2,hbr,False,S4_D2 hbr,mild_master_33,,
708,ShortHbO,7.0,1.6185965092675744e-15,0.006637986015977258,0.012006427073577915,3.8088326584270966,45730.47154886684,4,2,hbr,True,S4_D2 hbr,mild_master_33,,
709,az_itd=0_az=15,7.0,1.6185965092675744e-15,3.6520051677480954e-06,2.9665246301428424e-08,-13.03009507590915,-0.3865409797578746,4,2,hbr,True,S4_D2 hbr,mild_master_33,,-0.413874782049696
710,az_itd=0_az=5,7.0,1.6185965092675744e-15,0.1928823245952732,2.957135702415474e-08,1.4406185966699494,0.042601046857763857,4,2,hbr,False,S4_D2 hbr,mild_master_33,,0.07144959114133508
711,az_itd=15_az=0,7.0,1.6185965092675744e-15,0.09684936691980418,2.9597799762479826e-08,1.9163441746610779,0.05671957115761326,4,2,hbr,False,S4_D2 hbr,mild_master_33,,-0.15553879853836058
712,az_itd=5_az=0,7.0,1.6185965092675744e-15,0.7433831961446173,3.0116240358422766e-08,-0.3406207145287556,-0.01025821530980571,4,2,hbr,False,S4_D2 hbr,mild_master_33,,-0.22434149778684886
713,constant,7.0,1.6185965092675744e-15,0.6815285937073622,3.455171015350469e-08,-0.4279747425436768,-0.014787259257389912,4,2,hbr,False,S4_D2 hbr,mild_master_33,,
721,Linear,7.0,1.726216020469152e-16,0.7880983897858349,1.0631254416656015e-12,-0.2792840842217911,-2.969140153884647e-07,5,1,hbr,False,S5_D1 hbr,mild_master_33,,
722,ShortHbO,7.0,1.726216020469152e-16,1.2310700240772326e-05,0.003920956814794555,-10.870285002976592,-42621.91806118013,5,1,hbr,True,S5_D1 hbr,mild_master_33,,
723,az_itd=0_az=15,7.0,1.726216020469152e-16,0.010867289324620616,9.687823774328106e-09,3.437954799303847,0.03330630023976122,5,1,hbr,True,S5_D1 hbr,mild_master_33,,0.02715006072635977
724,az_itd=0_az=5,7.0,1.726216020469152e-16,0.01655902380003793,9.657162212873864e-09,-3.1321861350659868,-0.030248029587246678,5,1,hbr,True,S5_D1 hbr,mild_master_33,,-0.00845418463679179
725,az_itd=15_az=0,7.0,1.726216020469152e-16,0.00011767059299598873,9.665797657407213e-09,-7.6852366147061035,-0.0742839420670464,5,1,hbr,True,S5_D1 hbr,mild_master_33,,-0.08849428698864151
726,az_itd=5_az=0,7.0,1.726216020469152e-16,6.00511870691198e-06,9.835105576846635e-09,12.102587571599354,0.11903022651971158,5,1,hbr,True,S5_D1 hbr,mild_master_33,,0.1297958565261528
727,constant,7.0,1.726216020469152e-16,0.812316122783444,1.1283603569901888e-08,-0.24656930439218672,-0.0027821902832679034,5,1,hbr,False,S5_D1 hbr,mild_master_33,,
735,Linear,7.0,3.543132456180616e-17,0.11461959018318904,4.81648968005804e-13,1.8015769917288034,8.67727698849179e-07,5,3,hbr,False,S5_D3 hbr,mild_master_33,,
736,ShortHbO,7.0,3.543132456180616e-17,2.4746979021860464e-08,0.0017763894357399306,-26.962346855257454,-47895.62811643508,5,3,hbr,True,S5_D3 hbr,mild_master_33,,
737,az_itd=0_az=15,7.0,3.543132456180616e-17,0.1506756938354752,4.389068439390169e-09,1.6134766581462723,0.007081659477962524,5,3,hbr,False,S5_D3 hbr,mild_master_33,,0.03838326782528277
738,az_itd=0_az=5,7.0,3.543132456180616e-17,0.27318763868199014,4.375177219358086e-09,1.1890464420685083,0.005202288906096921,5,3,hbr,False,S5_D3 hbr,mild_master_33,,-0.005894465576005551
739,az_itd=15_az=0,7.0,3.543132456180616e-17,0.022173888427582753,4.379089507395557e-09,-2.925242925794781,-0.012809900602931005,5,3,hbr,True,S5_D3 hbr,mild_master_33,,-0.0038009127104980125
740,az_itd=5_az=0,7.0,3.543132456180616e-17,0.00022362728560969982,4.4557944581729996e-09,-6.937761642329789,-0.030913239878018285,5,3,hbr,True,S5_D3 hbr,mild_master_33,,-0.04040145553625586
741,constant,7.0,3.543132456180616e-17,0.47251389702881863,5.112036455749977e-09,-0.7592090109950806,-0.0038811041417407374,5,3,hbr,False,S5_D3 hbr,mild_master_33,,
749,Linear,7.0,3.4670832077055544e-17,0.6724070969025353,4.764519099481656e-13,0.44115221226352747,2.1018781411081625e-07,6,2,hbr,False,S6_D2 hbr,mild_master_33,,
750,ShortHbO,7.0,3.4670832077055544e-17,4.297351742251602e-07,0.0017572219514437645,-17.836462971971528,-31342.624270462256,6,2,hbr,True,S6_D2 hbr,mild_master_33,,
751,az_itd=0_az=15,7.0,3.4670832077055544e-17,0.00015704656436386495,4.341709792297243e-09,-7.341668724509382,-0.0318753949930048,6,2,hbr,True,S6_D2 hbr,mild_master_33,,-0.05514018745117537
752,az_itd=0_az=5,7.0,3.4670832077055544e-17,0.4680519120011545,4.327968460423952e-09,-0.7671870883190195,-0.0033203615214892016,6,2,hbr,False,S6_D2 hbr,mild_master_33,,-0.018280232771460247
753,az_itd=15_az=0,7.0,3.4670832077055544e-17,0.001643908561324922,4.3318385343398946e-09,-4.956602369569417,-0.02147120114390123,6,2,hbr,True,S6_D2 hbr,mild_master_33,,0.038290961571176924
754,az_itd=5_az=0,7.0,3.4670832077055544e-17,0.00031616992804593365,4.407715828236541e-09,6.558960368435696,0.02891003343273019,6,2,hbr,True,S6_D2 hbr,mild_master_33,,-0.02348540632686176
755,constant,7.0,3.4670832077055544e-17,0.9487297409443768,5.05687688515379e-09,0.06664255317666032,0.00033700318672668587,6,2,hbr,False,S6_D2 hbr,mild_master_33,,
777,Linear,7.0,2.1187497662921476e-18,0.3969553467359218,1.177814166940559e-13,-0.9021518061582564,-1.0625671780242076e-07,7,7,hbr,False,S7_D7 hbr,mild_master_33,,
778,ShortHbO,7.0,2.1187497662921476e-18,0.04959001919900415,0.00043439450354907104,2.370222060191829,1029.6114351380859,7,7,hbr,True,S7_D7 hbr,mild_master_33,,
779,az_itd=0_az=15,7.0,2.1187497662921476e-18,0.0003000330438853499,1.0732934836316597e-09,6.615226592951212,0.007100079594961402,7,7,hbr,True,S7_D7 hbr,mild_master_33,,-0.0054198207410790546
780,az_itd=0_az=5,7.0,2.1187497662921476e-18,9.264783844857216e-07,1.0698965541588078e-09,15.944250756862271,0.01705869894341091,7,7,hbr,True,S7_D7 hbr,mild_master_33,,0.003866790243183956
781,az_itd=15_az=0,7.0,2.1187497662921476e-18,0.8094604787670028,1.0708532567745663e-09,-0.25041061815966514,-0.00026815302598720976,7,7,hbr,False,S7_D7 hbr,mild_master_33,,0.006850095793491183
782,az_itd=5_az=0,7.0,2.1187497662921476e-18,0.0026322931238733282,1.0896105226884137e-09,-4.551212938389406,-0.004959049508664751,7,7,hbr,True,S7_D7 hbr,mild_master_33,,-0.017074640258366296
783,constant,7.0,2.1187497662921476e-18,0.6283937495435438,1.2500865483898167e-09,-0.5060077516893402,-0.0006325534837678188,7,7,hbr,False,S7_D7 hbr,mild_master_33,,
791,Linear,7.0,1.4406914770058366e-18,0.40600688918433464,9.712307708890281e-14,-0.8840509249390981,-8.586174613337586e-08,7,8,hbr,False,S7_D8 hbr,mild_master_33,,
792,ShortHbO,7.0,1.4406914770058366e-18,1.048491571230969e-05,0.00035820362871659433,-11.135506378186452,-3988.7787922631674,7,8,hbr,True,S7_D8 hbr,mild_master_33,,
793,az_itd=0_az=15,7.0,1.4406914770058366e-18,8.26783148951226e-06,8.850425531945185e-10,11.53876715055034,0.010212299939640113,7,8,hbr,True,S7_D8 hbr,mild_master_33,,0.0014089153547584984
794,az_itd=0_az=5,7.0,1.4406914770058366e-18,4.7272892185151786e-07,8.822414301284381e-10,17.590401459143212,0.015518980939847875,7,8,hbr,True,S7_D8 hbr,mild_master_33,,0.004164173978621673
795,az_itd=15_az=0,7.0,1.4406914770058366e-18,0.14274312083820204,8.830303313363664e-10,-1.650899652472171,-0.0014577944671255933,7,8,hbr,False,S7_D8 hbr,mild_master_33,,-0.015117592084746412
796,az_itd=5_az=0,7.0,1.4406914770058366e-18,0.04188954406134639,8.984976557620845e-10,-2.4852060953201267,-0.0022329518507307774,7,8,hbr,True,S7_D8 hbr,mild_master_33,,-0.01370745000258612
797,constant,7.0,1.4406914770058366e-18,0.41539735746152584,1.0308268962534216e-09,-0.8655817343485699,-0.0008922649326721901,7,8,hbr,False,S7_D8 hbr,mild_master_33,,
763,Linear,7.0,2.6020441346145226e-18,0.028290127890299967,1.3052517051918195e-13,-2.755222560844491,-3.5962589457252437e-07,7,17,hbr,True,S7_D17 hbr,mild_master_33,,
764,ShortHbO,7.0,2.6020441346145226e-18,0.0006603010464129761,0.0004813952679446701,-5.804792949331054,-2794.3998572065543,7,17,hbr,True,S7_D17 hbr,mild_master_33,,
765,az_itd=0_az=15,7.0,2.6020441346145226e-18,3.192153188969284e-08,1.1894220574035534e-09,25.99100321935796,0.030914272523151123,7,17,hbr,True,S7_D17 hbr,mild_master_33,,0.025818553282025706
766,az_itd=0_az=5,7.0,2.6020441346145226e-18,1.556967016263875e-08,1.1856575857990274e-09,28.82284339821189,0.03417402291938735,7,17,hbr,True,S7_D17 hbr,mild_master_33,,0.04109290186623377
767,az_itd=15_az=0,7.0,2.6020441346145226e-18,6.058125843115998e-07,1.1867178020501392e-09,16.965476104005177,0.02013323251287918,7,17,hbr,True,S7_D17 hbr,mild_master_33,,0.021718678704585083
768,az_itd=5_az=0,7.0,2.6020441346145226e-18,3.794457218416248e-05,1.2075045730077188e-09,9.163245723897187,0.011064661115199277,7,17,hbr,True,S7_D17 hbr,mild_master_33,,0.017547212957379064
769,constant,7.0,2.6020441346145226e-18,0.03482416325024586,1.3853438383760842e-09,-2.6117578893301987,-0.0036181826993137178,7,17,hbr,True,S7_D17 hbr,mild_master_33,,
805,Linear,7.0,2.7577864249977936e-15,0.3923564295192857,4.249298643863144e-12,-0.9114654701018676,-3.873088986031949e-06,8,18,hbr,False,S8_D18 hbr,mild_master_33,,
806,ShortHbO,7.0,2.7577864249977936e-15,1.9894720138306097e-05,0.01567201368979481,10.110765919338082,158456.06190217723,8,18,hbr,True,S8_D18 hbr,mild_master_33,,
807,az_itd=0_az=15,7.0,2.7577864249977936e-15,0.07901076270118002,3.8722106360037775e-08,2.0544411223662347,0.07955228765070071,8,18,hbr,False,S8_D18 hbr,mild_master_33,,0.13553935080533874
808,az_itd=0_az=5,7.0,2.7577864249977936e-15,8.074057379952173e-05,3.859955249536672e-08,8.15312060635495,0.31470680684605407,8,18,hbr,True,S8_D18 hbr,mild_master_33,,0.2201919123421561
809,az_itd=15_az=0,7.0,2.7577864249977936e-15,0.3769386605505824,3.8634068255508086e-08,-0.9432960441049776,-0.03644336375310247,8,18,hbr,False,S8_D18 hbr,mild_master_33,,-0.16201371580870466
810,az_itd=5_az=0,7.0,2.7577864249977936e-15,0.011071077145550882,3.931078982031428e-08,-3.4242653077668175,-0.13461057380261515,8,18,hbr,True,S8_D18 hbr,mild_master_33,,0.22371310305871164
811,constant,7.0,2.7577864249977936e-15,0.75595781510962,4.5100417569119694e-08,0.32323676850818456,0.014578113233412002,8,18,hbr,False,S8_D18 hbr,mild_master_33,,
861,Linear,7.0,2.3353786429948357e-18,0.05072410992871672,1.2365611337259055e-13,2.354850931077136,2.911917137088248e-07,9,5,hbr,False,S9_D5 hbr,mild_master_33,,
862,ShortHbO,7.0,2.3353786429948357e-18,0.0016180796648714332,0.00045606121480796374,4.970599078832441,2266.897454215669,9,5,hbr,True,S9_D5 hbr,mild_master_33,,
863,az_itd=0_az=15,7.0,2.3353786429948357e-18,0.008719868187276129,1.1268271720552087e-09,-3.6017149370090324,-0.004058510257018893,9,5,hbr,True,S9_D5 hbr,mild_master_33,,-0.023553380760197414
864,az_itd=0_az=5,7.0,2.3353786429948357e-18,0.0007526673388846803,1.1232608106732195e-09,-5.677514839573487,-0.006377329921308548,9,5,hbr,True,S9_D5 hbr,mild_master_33,,-0.021581953986223465
865,az_itd=15_az=0,7.0,2.3353786429948357e-18,1.3175529154717434e-06,1.1242652316628683e-09,-15.142401704921808,-0.01702407576071613,9,5,hbr,True,S9_D5 hbr,mild_master_33,,-0.034113338340089866
866,az_itd=5_az=0,7.0,2.3353786429948357e-18,5.69284946286135e-07,1.1439580717178276e-09,-17.120123738153328,-0.019584703739068492,9,5,hbr,True,S9_D5 hbr,mild_master_33,,-0.03273847476842499
867,constant,7.0,2.3353786429948357e-18,0.7760076463070064,1.3124383140574233e-09,0.2957418600411798,0.0003881429481886525,9,5,hbr,False,S9_D5 hbr,mild_master_33,,
875,Linear,7.0,1.3984727826412567e-18,0.17864441046781568,9.568942594434004e-14,1.494688492078641,1.430258837726164e-07,9,6,hbr,False,S9_D6 hbr,mild_master_33,,
876,ShortHbO,7.0,1.3984727826412567e-18,0.3040971740727273,0.0003529161207659761,1.1089367588291645,391.3616591007835,9,6,hbr,False,S9_D6 hbr,mild_master_33,,
877,az_itd=0_az=15,7.0,1.3984727826412567e-18,0.0411787852780226,8.719782814744965e-10,-2.496896820602938,-0.0021772397986484842,9,6,hbr,True,S9_D6 hbr,mild_master_33,,-0.011345873613887041
878,az_itd=0_az=5,7.0,1.3984727826412567e-18,0.48459016516565767,8.692185062879326e-10,0.7378677483703925,0.0006413683020765527,9,6,hbr,False,S9_D6 hbr,mild_master_33,,-0.019012337204042582
879,az_itd=15_az=0,7.0,1.3984727826412567e-18,7.2778205605048275e-06,8.699957623837661e-10,-11.76070783647256,-0.010231765980364679,9,6,hbr,True,S9_D6 hbr,mild_master_33,,-0.02622372902251939
880,az_itd=5_az=0,7.0,1.3984727826412567e-18,1.2924967823395165e-05,8.852347708620194e-10,-10.790972391164745,-0.0095525439720711,9,6,hbr,True,S9_D6 hbr,mild_master_33,,-0.026669015352972034
881,constant,7.0,1.3984727826412567e-18,0.9453360481735742,1.0156106757221566e-09,0.0710620000769748,7.217132591634432e-05,9,6,hbr,False,S9_D6 hbr,mild_master_33,,
889,Linear,7.0,4.102743133722419e-18,0.4633177153056186,1.6389816966995302e-13,0.7757085599470105,1.2713721317263004e-07,9,7,hbr,False,S9_D7 hbr,mild_master_33,,
890,ShortHbO,7.0,4.102743133722419e-18,8.196562336438134e-06,0.0006044796033598204,11.55371059198304,6983.982395976063,9,7,hbr,True,S9_D7 hbr,mild_master_33,,
891,az_itd=0_az=15,7.0,4.102743133722419e-18,0.00013308112129161147,1.4935364374403422e-09,-7.537204154224199,-0.011257089040760558,9,7,hbr,True,S9_D7 hbr,mild_master_33,,-0.005189278040940589
892,az_itd=0_az=5,7.0,4.102743133722419e-18,0.01757228860672255,1.4888094564044074e-09,-3.0897852604511713,-0.004600101514018659,9,7,hbr,True,S9_D7 hbr,mild_master_33,,-0.030466644785079273
893,az_itd=15_az=0,7.0,4.102743133722419e-18,6.497634898431743e-06,1.4901407513747213e-09,-11.961300682184447,-0.017824021585969296,9,7,hbr,True,S9_D7 hbr,mild_master_33,,-0.02838988998705769
894,az_itd=5_az=0,7.0,4.102743133722419e-18,0.005302640483240298,1.5162423354580392e-09,-3.9831360659883024,-0.006039399531141249,9,7,hbr,True,S9_D7 hbr,mild_master_33,,-0.032229564952255714
895,constant,7.0,4.102743133722419e-18,0.521277903803888,1.739551985032798e-09,0.6751031513630716,0.0011743770270555287,9,7,hbr,False,S9_D7 hbr,mild_master_33,,
819,Linear,7.0,1.4173285422558572e-18,0.3319907424193924,9.633236144241367e-14,-1.0421521882597724,-1.0039298127744273e-07,9,15,hbr,False,S9_D15 hbr,mild_master_33,,
820,ShortHbO,7.0,1.4173285422558572e-18,4.061743811960953e-05,0.0003552873577092813,-9.068014087290454,-3221.7507647439656,9,15,hbr,True,S9_D15 hbr,mild_master_33,,
821,az_itd=0_az=15,7.0,1.4173285422558572e-18,8.499806545867392e-05,8.77837087556532e-10,8.087935748973576,0.007099889962223322,9,15,hbr,True,S9_D15 hbr,mild_master_33,,-0.0060296778379764085
822,az_itd=0_az=5,7.0,1.4173285422558572e-18,0.0001378059865699608,8.750587694911011e-10,7.495661762376159,0.006559144558306379,9,15,hbr,True,S9_D15 hbr,mild_master_33,,-0.007117237809602421
823,az_itd=15_az=0,7.0,1.4173285422558572e-18,0.6934646880282489,8.758412479563884e-10,0.41085484745782863,0.00035984362232639624,9,15,hbr,False,S9_D15 hbr,mild_master_33,,-0.016814617349042427
824,az_itd=5_az=0,7.0,1.4173285422558572e-18,0.00040244684567277686,8.911826470531392e-10,6.304428176132482,0.005618396990162139,9,15,hbr,True,S9_D15 hbr,mild_master_33,,-0.004019560523484498
825,constant,7.0,1.4173285422558572e-18,0.8232348040265358,1.0224345452270706e-09,-0.23191922417850275,-0.00023712222650236248,9,15,hbr,False,S9_D15 hbr,mild_master_33,,
833,Linear,7.0,4.0972976679081644e-19,0.24630597408924823,5.179474487564149e-14,1.265142052376271,6.552770983427443e-08,9,16,hbr,False,S9_D16 hbr,mild_master_33,,
834,ShortHbO,7.0,4.0972976679081644e-19,6.6875212354501e-05,0.00019102633605731244,-8.395883731812017,-1603.8349072512449,9,16,hbr,True,S9_D16 hbr,mild_master_33,,
835,az_itd=0_az=15,7.0,4.0972976679081644e-19,0.00032454361695312064,4.719841526935533e-10,-6.531020114914987,-0.0030825379951627033,9,16,hbr,True,S9_D16 hbr,mild_master_33,,-0.011915453492010949
836,az_itd=0_az=5,7.0,4.0972976679081644e-19,0.0015430677386926563,4.704903423765665e-10,-5.012697545501573,-0.0023584257844132097,9,16,hbr,True,S9_D16 hbr,mild_master_33,,-0.015448627798187503
837,az_itd=15_az=0,7.0,4.0972976679081644e-19,1.6918937826416266e-05,4.709110553319367e-10,-10.361667731529225,-0.004879423886453302,9,16,hbr,True,S9_D16 hbr,mild_master_33,,-0.013079415339337964
838,az_itd=5_az=0,7.0,4.0972976679081644e-19,0.023312423613769215,4.791596214456889e-10,-2.8901150181791544,-0.001384826418045224,9,16,hbr,True,S9_D16 hbr,mild_master_33,,-0.012054347219408856
839,constant,7.0,4.0972976679081644e-19,0.6749297286922022,5.497294536243209e-10,0.4374994383309761,0.00024050632719463475,9,16,hbr,False,S9_D16 hbr,mild_master_33,,
847,Linear,7.0,9.299355517079963e-19,0.11889059810884779,7.803031598035189e-14,-1.7765637232657618,-1.3862582868565784e-07,9,17,hbr,False,S9_D17 hbr,mild_master_33,,
848,ShortHbO,7.0,9.299355517079963e-19,2.5182428685663028e-05,0.000287786828546211,-9.755385947846934,-2807.471583175142,9,17,hbr,True,S9_D17 hbr,mild_master_33,,
849,az_itd=0_az=15,7.0,9.299355517079963e-19,2.2803239307561573e-07,7.110580940368129e-10,19.558005633277777,0.013906878208759748,9,17,hbr,True,S9_D17 hbr,mild_master_33,,0.005573760336364519
850,az_itd=0_az=5,7.0,9.299355517079963e-19,2.2631708371728948e-07,7.088076245861175e-10,19.579456142251765,0.013878067798877541,9,17,hbr,True,S9_D17 hbr,mild_master_33,,0.00182438753287328
851,az_itd=15_az=0,7.0,9.299355517079963e-19,6.928630925040785e-05,7.094414411040557e-10,8.349791679452274,0.005923688241989275,9,17,hbr,True,S9_D17 hbr,mild_master_33,,-0.0008629479977866744
852,az_itd=5_az=0,7.0,9.299355517079963e-19,0.0004078445230556921,7.218681500643231e-10,6.290590697108712,0.004540977069333706,9,17,hbr,True,S9_D17 hbr,mild_master_33,,-0.007830623238059489
853,constant,7.0,9.299355517079963e-19,0.11035055098806758,8.281836907007389e-10,-1.8274904358090793,-0.0015134977738486652,9,17,hbr,False,S9_D17 hbr,mild_master_33,,
21,Linear,7.0,2.5516837898221937e-15,0.11435120903288096,4.087430368453266e-12,1.8031785067744908,7.370366588332267e-06,10,6,hbr,False,S10_D6 hbr,mild_master_33,,
22,ShortHbO,7.0,2.5516837898221937e-15,8.166028941206286e-08,0.01507502062322587,-22.695086184370997,-342128.89227528125,10,6,hbr,True,S10_D6 hbr,mild_master_33,,
23,az_itd=0_az=15,7.0,2.5516837898221937e-15,2.6362471991786232e-06,3.7247067511970616e-08,-13.673266500718805,-0.5092890804614395,10,6,hbr,True,S10_D6 hbr,mild_master_33,,-0.0747141408634985
24,az_itd=0_az=5,7.0,2.5516837898221937e-15,1.1738116862848353e-06,3.712918208423039e-08,-15.40112933661365,-0.5718313354419107,10,6,hbr,True,S10_D6 hbr,mild_master_33,,-0.47483584803561374
25,az_itd=15_az=0,7.0,2.5516837898221937e-15,3.508847960490486e-05,3.716238303761497e-08,9.273789517038653,0.34463611824240875,10,6,hbr,True,S10_D6 hbr,mild_master_33,,0.5690534251907385
26,az_itd=5_az=0,7.0,2.5516837898221937e-15,0.21479762853487486,3.7813326288913827e-08,1.3640145885879487,0.051577928701114654,10,6,hbr,False,S10_D6 hbr,mild_master_33,,-0.5493813532452775
27,constant,7.0,2.5516837898221937e-15,0.8053854901513985,4.338241009917593e-08,-0.25589942555380085,-0.011101533823518528,10,6,hbr,False,S10_D6 hbr,mild_master_33,,
7,Linear,7.0,1.3189666516038997e-18,0.10227299053314437,9.29295528613126e-14,1.8792868548602677,1.7464128712030715e-07,10,14,hbr,False,S10_D14 hbr,mild_master_33,,
8,ShortHbO,7.0,1.3189666516038997e-18,0.0005100473894887656,0.0003427373189531715,-6.061634616812683,-2077.548397040114,10,14,hbr,True,S10_D14 hbr,mild_master_33,,
9,az_itd=0_az=15,7.0,1.3189666516038997e-18,9.198488983846394e-06,8.468286960916161e-10,-11.356089772523706,-0.009616662694765587,10,14,hbr,True,S10_D14 hbr,mild_master_33,,-0.023602488245052847
10,az_itd=0_az=5,7.0,1.3189666516038997e-18,0.0001005503034508103,8.441485183023345e-10,-7.877792687199967,-0.006650027024392818,10,14,hbr,True,S10_D14 hbr,mild_master_33,,-0.016166105355398995
11,az_itd=15_az=0,7.0,1.3189666516038997e-18,1.6379990259167933e-05,8.449033567887368e-10,-10.412459270408844,-0.008797521789994434,10,14,hbr,True,S10_D14 hbr,mild_master_33,,-0.016725598616369203
12,az_itd=5_az=0,7.0,1.3189666516038997e-18,0.12740914205440212,8.597028419978713e-10,-1.729142374397009,-0.0014865486134880558,10,14,hbr,False,S10_D14 hbr,mild_master_33,,-0.007105822064716536
13,constant,7.0,1.3189666516038997e-18,0.694594981808982,9.8631844683585e-10,0.4092406975981615,0.00040364164923703847,10,14,hbr,False,S10_D14 hbr,mild_master_33,,
63,Linear,7.0,6.03072462502228e-18,0.16064443967600137,1.9871089939648532e-13,1.5689673040637244,3.1177090411418157e-07,11,3,hbr,False,S11_D3 hbr,mild_master_33,,
64,ShortHbO,7.0,6.03072462502228e-18,0.0008564356334569332,0.0007328738685266799,-5.5538515715280266,-4070.272686448726,11,3,hbr,True,S11_D3 hbr,mild_master_33,,
65,az_itd=0_az=15,7.0,6.03072462502228e-18,0.07328953046180033,1.8107704885468352e-09,-2.105353696523377,-0.0038123123416175203,11,3,hbr,False,S11_D3 hbr,mild_master_33,,-0.0009405667378559729
66,az_itd=0_az=5,7.0,6.03072462502228e-18,0.11638042397973672,1.8050394748633254e-09,1.7911580404409377,0.003233110968714733,11,3,hbr,False,S11_D3 hbr,mild_master_33,,-0.006336242259549623
67,az_itd=15_az=0,7.0,6.03072462502228e-18,9.22068194087478e-05,1.8066535430463064e-09,-7.985557136819547,-0.014427135094433751,11,3,hbr,True,S11_D3 hbr,mild_master_33,,-0.03315907098790425
68,az_itd=5_az=0,7.0,6.03072462502228e-18,0.04005014185955352,1.8382992243819409e-09,-2.515895596234891,-0.004624968923184541,11,3,hbr,True,S11_D3 hbr,mild_master_33,,-0.02086239758611779
69,constant,7.0,6.03072462502228e-18,0.32614048185449007,2.1090408769597078e-09,-1.0557763811825913,-0.0022266755448426792,11,3,hbr,False,S11_D3 hbr,mild_master_33,,
77,Linear,7.0,5.139564293675793e-19,0.014737959733396876,5.800962948603017e-14,3.2158508500809293,1.8655031629552987e-07,11,4,hbr,True,S11_D4 hbr,mild_master_33,,
78,ShortHbO,7.0,5.139564293675793e-19,5.59296175510751e-06,0.00021394770846665622,-12.231346403779588,-2616.868534550519,11,4,hbr,True,S11_D4 hbr,mild_master_33,,
79,az_itd=0_az=15,7.0,5.139564293675793e-19,1.464478587339753e-05,5.286178334649402e-10,-10.589863377027905,-0.005597990635054206,11,4,hbr,True,S11_D4 hbr,mild_master_33,,-0.014829187373673728
80,az_itd=0_az=5,7.0,5.139564293675793e-19,3.31986734117677e-07,5.269447798912838e-10,-18.519160247936505,-0.009758574820620314,11,4,hbr,True,S11_D4 hbr,mild_master_33,,-0.02215401252159176
81,az_itd=15_az=0,7.0,5.139564293675793e-19,2.682631960514784e-08,5.274159744636212e-10,-26.65071264876581,-0.014056011581798776,11,4,hbr,True,S11_D4 hbr,mild_master_33,,-0.019215562247433857
82,az_itd=5_az=0,7.0,5.139564293675793e-19,1.2382103987399835e-05,5.366542913082865e-10,-10.860837296201975,-0.0058285149422078785,11,4,hbr,True,S11_D4 hbr,mild_master_33,,-0.014663326240952318
83,constant,7.0,5.139564293675793e-19,0.24604589249035533,6.156918428475936e-10,1.2659121486731078,0.0007794117836997026,11,4,hbr,False,S11_D4 hbr,mild_master_33,,
35,Linear,7.0,3.982235248469277e-18,0.3656762754369889,1.6147317919307209e-13,-0.9671744205704742,-1.5617272852373185e-07,11,11,hbr,False,S11_D11 hbr,mild_master_33,,
36,ShortHbO,7.0,3.982235248469277e-18,0.0001558687541326088,0.0005955358959067832,7.3504693850977345,4377.468370589561,11,11,hbr,True,S11_D11 hbr,mild_master_33,,
37,az_itd=0_az=15,7.0,3.982235248469277e-18,0.11291857384188635,1.4714384991597571e-09,1.8117891175166583,0.0026659362598726926,11,11,hbr,False,S11_D11 hbr,mild_master_33,,-0.04005033849500107
38,az_itd=0_az=5,7.0,3.982235248469277e-18,0.09062644772531729,1.4667814571842744e-09,1.9614456676330971,0.002877012134558656,11,11,hbr,False,S11_D11 hbr,mild_master_33,,0.0008690967672373997
39,az_itd=15_az=0,7.0,3.982235248469277e-18,0.007506618084654428,1.4680930546946873e-09,-3.7148638692152782,-0.0054537658455311834,11,11,hbr,True,S11_D11 hbr,mild_master_33,,-0.016358761063284148
40,az_itd=5_az=0,7.0,3.982235248469277e-18,6.001464566538163e-06,1.493808447199655e-09,12.103684519346178,0.018080586177239018,11,11,hbr,True,S11_D11 hbr,mild_master_33,,0.01199876121895823
41,constant,7.0,3.982235248469277e-18,0.948310442745584,1.7138140710204663e-09,-0.06718850307121614,-0.00011514860197425204,11,11,hbr,False,S11_D11 hbr,mild_master_33,,
49,Linear,7.0,1.0441395338137807e-17,0.20488725843171257,2.614665941037946e-13,1.397750263845894,3.6546500089546616e-07,11,13,hbr,False,S11_D13 hbr,mild_master_33,,
50,ShortHbO,7.0,1.0441395338137807e-17,4.7135019819031634e-06,0.0009643257359980146,-12.546336360510596,-12098.755044928033,11,13,hbr,True,S11_D13 hbr,mild_master_33,,
51,az_itd=0_az=15,7.0,1.0441395338137807e-17,0.0010207968873206085,2.3826372573520718e-09,-5.388689690402279,-0.012839292824661471,11,13,hbr,True,S11_D13 hbr,mild_master_33,,-0.0308450714373611
52,az_itd=0_az=5,7.0,1.0441395338137807e-17,0.1688125500432289,2.3750963090037897e-09,-1.5343616885811986,-0.0036442567832260272,11,13,hbr,False,S11_D13 hbr,mild_master_33,,-0.010509335011487746
53,az_itd=15_az=0,7.0,1.0441395338137807e-17,2.9146787292186947e-05,2.377220122603029e-09,-9.540511322689953,-0.022679895496220594,11,13,hbr,True,S11_D13 hbr,mild_master_33,,-0.03827047022416081
54,az_itd=5_az=0,7.0,1.0441395338137807e-17,0.1309697377000479,2.4188599548520533e-09,-1.710210085033356,-0.0041367586890713095,11,13,hbr,False,S11_D13 hbr,mild_master_33,,-0.018637218905983518
55,constant,7.0,1.0441395338137807e-17,0.723933971523711,2.7751056263101414e-09,-0.36774067667715654,-0.0010205192208698757,11,13,hbr,False,S11_D13 hbr,mild_master_33,,
105,Linear,7.0,2.717480583624337e-17,0.3294121807640305,4.218131986686945e-13,-1.0481335079339325,-4.4211654761345145e-07,12,2,hbr,False,S12_D2 hbr,mild_master_33,,
106,ShortHbO,7.0,2.717480583624337e-17,1.3239411605367902e-05,0.0015557066655268077,10.752011511494246,16726.975976252565,12,2,hbr,True,S12_D2 hbr,mild_master_33,,
107,az_itd=0_az=15,7.0,2.717480583624337e-17,0.4619642511341888,3.843809746463887e-09,0.7781556838996889,0.002991082402039896,12,2,hbr,False,S12_D2 hbr,mild_master_33,,-0.006513052573998416
108,az_itd=0_az=5,7.0,2.717480583624337e-17,0.01269408408742493,3.831644247637213e-09,3.3240604336975825,0.012736617039575801,12,2,hbr,True,S12_D2 hbr,mild_master_33,,-0.0017948596787925653
109,az_itd=15_az=0,7.0,2.717480583624337e-17,0.11391097764993523,3.8350705079238925e-09,1.8058133477552634,0.006925421512791522,12,2,hbr,False,S12_D2 hbr,mild_master_33,,-0.0295088093803987
110,az_itd=5_az=0,7.0,2.717480583624337e-17,0.2774990104970378,3.9022463201655755e-09,1.177435430516901,0.004594643075967147,12,2,hbr,False,S12_D2 hbr,mild_master_33,,-0.013357785932224557
111,constant,7.0,2.717480583624337e-17,0.9634539017334308,4.47696266855676e-09,0.04748390233323487,0.00021258365810328776,12,2,hbr,False,S12_D2 hbr,mild_master_33,,
119,Linear,7.0,1.9618231093984507e-17,0.3530503971115725,3.583990608541072e-13,0.9946223420529403,3.5647171329628644e-07,12,4,hbr,False,S12_D4 hbr,mild_master_33,,
120,ShortHbO,7.0,1.9618231093984507e-17,3.5312630579712987e-06,0.0013218263668586885,-13.095113598070142,-17309.466430938865,12,4,hbr,True,S12_D4 hbr,mild_master_33,,
121,az_itd=0_az=15,7.0,1.9618231093984507e-17,0.008108130861629016,3.265942857128437e-09,-3.6564698627519356,-0.01194182163056008,12,4,hbr,True,S12_D4 hbr,mild_master_33,,-0.04576614891397346
122,az_itd=0_az=5,7.0,1.9618231093984507e-17,0.13962985903748373,3.255606283099784e-09,-1.6661216539485244,-0.005424236125003421,12,4,hbr,False,S12_D4 hbr,mild_master_33,,-0.0016062080611849213
123,az_itd=15_az=0,7.0,1.9618231093984507e-17,0.001347371375849459,3.2585174496371598e-09,-5.134195486396702,-0.016729865582271995,12,4,hbr,True,S12_D4 hbr,mild_master_33,,-0.004123921590567029
124,az_itd=5_az=0,7.0,1.9618231093984507e-17,0.06477355065044836,3.3155942506844426e-09,-2.1890081047234844,-0.007257862686722833,12,4,hbr,False,S12_D4 hbr,mild_master_33,,-0.02323278184444797
125,constant,7.0,1.9618231093984507e-17,0.7397922174336125,3.803909457915983e-09,-0.34560617500444796,-0.0013146545978135863,12,4,hbr,False,S12_D4 hbr,mild_master_33,,
91,Linear,7.0,1.316184517945196e-18,0.17607029810867153,9.283149165624423e-14,1.5048790282561946,1.3970016495522184e-07,12,10,hbr,False,S12_D10 hbr,mild_master_33,,
92,ShortHbO,7.0,1.316184517945196e-18,0.000193095971732875,0.0003423756553759389,7.103335534534036,2432.009158991286,12,10,hbr,True,S12_D10 hbr,mild_master_33,,
93,az_itd=0_az=15,7.0,1.316184517945196e-18,0.00024143738604198592,8.459351047649781e-10,-6.852529864489555,-0.005796795568822113,12,10,hbr,True,S12_D10 hbr,mild_master_33,,-0.012793127924685259
94,az_itd=0_az=5,7.0,1.316184517945196e-18,0.000449071582874146,8.432577551552769e-10,-6.191237639273554,-0.005220809153326672,12,10,hbr,True,S12_D10 hbr,mild_master_33,,-0.009460205107512505
95,az_itd=15_az=0,7.0,1.316184517945196e-18,9.69544143506582e-08,8.440117971203432e-10,-22.138548027241747,-0.018685195706107334,12,10,hbr,True,S12_D10 hbr,mild_master_33,,-0.026136715974480033
96,az_itd=5_az=0,7.0,1.316184517945196e-18,0.01351876035650683,8.587956656035888e-10,-3.2782967754153116,-0.0028153870612888914,12,10,hbr,True,S12_D10 hbr,mild_master_33,,-0.009705449101957612
97,constant,7.0,1.316184517945196e-18,0.24963273289186633,9.852776630109e-10,1.2553525637000298,0.0012368708402171074,12,10,hbr,False,S12_D10 hbr,mild_master_33,,
133,Linear,7.0,4.327164114093055e-18,0.15554170369625772,1.6832112429736765e-13,-1.5914198312862153,-2.6786957523122286e-07,13,1,hbr,False,S13_D1 hbr,mild_master_33,,
134,ShortHbO,7.0,4.327164114093055e-18,3.4021978992834413e-07,0.00062079208484904,18.453291149992157,11455.657085329969,13,1,hbr,True,S13_D1 hbr,mild_master_33,,
135,az_itd=0_az=15,7.0,4.327164114093055e-18,1.3682817032690171e-05,1.5338409991721267e-09,10.69882141026852,0.01641029092189041,13,1,hbr,True,S13_D1 hbr,mild_master_33,,0.017514995884152028
136,az_itd=0_az=5,7.0,4.327164114093055e-18,0.4416466426559602,1.5289864558657367e-09,0.815500050347345,0.0012468885317389168,13,1,hbr,False,S13_D1 hbr,mild_master_33,,-0.012872780629241076
137,az_itd=15_az=0,7.0,4.327164114093055e-18,0.022581895698084112,1.5303536771509158e-09,-2.912439864682528,-0.004457063056397822,13,1,hbr,True,S13_D1 hbr,mild_master_33,,-0.010765503750343148
138,az_itd=5_az=0,7.0,4.327164114093055e-18,0.8385158980370082,1.557159638362646e-09,0.2115094612961189,0.0003293539962621426,13,1,hbr,False,S13_D1 hbr,mild_master_33,,-0.0094470871523125
139,constant,7.0,4.327164114093055e-18,0.5014372816313312,1.7864955202615484e-09,0.7086766852006324,0.0012660477234247333,13,1,hbr,False,S13_D1 hbr,mild_master_33,,
161,Linear,7.0,1.4015543950627368e-16,0.08384981099729492,9.579479641029605e-13,2.0141585747655197,1.9294591060771503e-06,13,9,hbr,False,S13_D9 hbr,mild_master_33,,
162,ShortHbO,7.0,1.4015543950627368e-16,6.824419476411701e-08,0.0035330474192992924,-23.291517949269586,-82290.03738223006,13,9,hbr,True,S13_D9 hbr,mild_master_33,,
163,az_itd=0_az=15,7.0,1.4015543950627368e-16,0.7247298640410219,8.729384790816588e-09,0.366625062361318,0.0032004112433090728,13,9,hbr,False,S13_D9 hbr,mild_master_33,,-0.02304008331799474
164,az_itd=0_az=5,7.0,1.4015543950627368e-16,0.015224715111092402,8.701756649093921e-09,-3.192449551408106,-0.027779919110862396,13,9,hbr,True,S13_D9 hbr,mild_master_33,,-0.054505914075079834
165,az_itd=15_az=0,7.0,1.4015543950627368e-16,8.83460683689592e-06,8.709537768974644e-09,-11.424902777141716,-0.09950562224437907,13,9,hbr,True,S13_D9 hbr,mild_master_33,,-0.11634804861590388
166,az_itd=5_az=0,7.0,1.4015543950627368e-16,0.27519300842439726,8.86209566137105e-09,1.1836268498660438,0.01048941437088015,13,9,hbr,False,S13_D9 hbr,mild_master_33,,-0.092279793347145
167,constant,7.0,1.4015543950627368e-16,0.5865154043930956,1.0167290372242205e-08,-0.5699724476555116,-0.005795075379491207,13,9,hbr,False,S13_D9 hbr,mild_master_33,,
147,Linear,7.0,8.109714309711788e-17,0.11865715518883062,7.286848118254174e-13,-1.7779084604097737,-1.2955348919165133e-06,13,11,hbr,False,S13_D11 hbr,mild_master_33,,
148,ShortHbO,7.0,8.109714309711788e-17,5.8045776304098194e-09,0.002687492526082216,33.21630076404347,89268.56004746583,13,11,hbr,True,S13_D11 hbr,mild_master_33,,
149,az_itd=0_az=15,7.0,8.109714309711788e-17,0.04495598356012096,6.640204219865295e-09,-2.437006120766602,-0.01618221832695194,13,11,hbr,True,S13_D11 hbr,mild_master_33,,-0.06563114929128178
150,az_itd=0_az=5,7.0,8.109714309711788e-17,0.1740181615085499,6.6191882482189445e-09,-1.5131009098065127,-0.010015499760560662,13,11,hbr,False,S13_D11 hbr,mild_master_33,,-0.017078988879041995
151,az_itd=15_az=0,7.0,8.109714309711788e-17,0.19466838649043158,6.62510713326129e-09,1.4340920507311783,0.009501013475052441,13,11,hbr,False,S13_D11 hbr,mild_master_33,,-0.05644825650096423
152,az_itd=5_az=0,7.0,8.109714309711788e-17,0.07584081844447518,6.741153748817758e-09,-2.0821784479900995,-0.014036285050376,13,11,hbr,False,S13_D11 hbr,mild_master_33,,-0.03874406774425803
153,constant,7.0,8.109714309711788e-17,0.19733430378135786,7.733979662047066e-09,1.4244496280374668,0.011016664452852275,13,11,hbr,False,S13_D11 hbr,mild_master_33,,
189,Linear,7.0,5.197111597559801e-17,0.7422410561828698,5.833349011632824e-13,0.3422053423869805,1.996203195788565e-07,14,9,hbr,False,S14_D9 hbr,mild_master_33,,
190,ShortHbO,7.0,5.197111597559801e-17,1.4142644917532898e-05,0.0021514215222243863,-10.645689405387904,-22903.365305667667,14,9,hbr,True,S14_D9 hbr,mild_master_33,,
191,az_itd=0_az=15,7.0,5.197111597559801e-17,0.00017437672135591043,5.3156904184619665e-09,7.220163448910167,0.038380153665101086,14,9,hbr,True,S14_D9 hbr,mild_master_33,,0.029166403763711678
192,az_itd=0_az=5,7.0,5.197111597559801e-17,0.1441976214418753,5.29886647820107e-09,1.643894510655599,0.008710777516211706,14,9,hbr,False,S14_D9 hbr,mild_master_33,,-0.023263071115609442
193,az_itd=15_az=0,7.0,5.197111597559801e-17,2.574632490510823e-05,5.303604730138178e-09,-9.722567535081524,-0.051564655168146255,14,9,hbr,True,S14_D9 hbr,mild_master_33,,-0.026657186865339428
194,az_itd=5_az=0,7.0,5.197111597559801e-17,0.0031590121312765965,5.396503662457608e-09,4.399436353993972,0.023741574397077612,14,9,hbr,True,S14_D9 hbr,mild_master_33,,-0.0046343614843873115
195,constant,7.0,5.197111597559801e-17,0.9571177581437066,6.191291747192274e-09,-0.05572539894759603,-0.00034501220261324835,14,9,hbr,False,S14_D9 hbr,mild_master_33,,
175,Linear,7.0,1.2060194605570872e-17,0.5043500430245108,2.8100503255992975e-13,-0.7036950102515621,-1.9774183926800032e-07,14,10,hbr,False,S14_D10 hbr,mild_master_33,,
176,ShortHbO,7.0,1.2060194605570872e-17,4.7039535453613566e-07,0.0010363862571863734,17.603090815333893,18243.60140501572,14,10,hbr,True,S14_D10 hbr,mild_master_33,,
177,az_itd=0_az=15,7.0,1.2060194605570872e-17,5.089990747674016e-06,2.5606829904050213e-09,12.40393436157249,0.03176254373377904,14,10,hbr,True,S14_D10 hbr,mild_master_33,,0.01994606639978945
178,az_itd=0_az=5,7.0,1.2060194605570872e-17,1.3163598966823335e-05,2.552578534677493e-09,10.761308170425425,0.027469084240877465,14,10,hbr,True,S14_D10 hbr,mild_master_33,,0.004564838302336613
179,az_itd=15_az=0,7.0,1.2060194605570872e-17,5.146791067168659e-06,2.554861053068231e-09,-12.383493401151785,-0.03163810499153014,14,10,hbr,True,S14_D10 hbr,mild_master_33,,-0.027494334197058337
180,az_itd=5_az=0,7.0,1.2060194605570872e-17,0.00462637185353578,2.5996124770772274e-09,-4.090787236168399,-0.010634461540211635,14,10,hbr,True,S14_D10 hbr,mild_master_33,,-0.057021332529194876
181,constant,7.0,1.2060194605570872e-17,0.9145630259854547,2.9824790794075987e-09,0.11122093991986189,0.00033171412650303747,14,10,hbr,False,S14_D10 hbr,mild_master_33,,
203,Linear,7.0,2.654516524398539e-18,0.08728011229889038,1.3183467610587235e-13,-1.9869715869840952,-2.6195175560161934e-07,15,17,hbr,False,S15_D17 hbr,mild_master_33,,
204,ShortHbO,7.0,2.654516524398539e-18,0.0004347102229900906,0.0004862249095400222,-6.224642643340663,-3026.576306177278,15,17,hbr,True,S15_D17 hbr,mild_master_33,,
205,az_itd=0_az=15,7.0,2.654516524398539e-18,6.151351493066386e-08,1.2013550418456142e-09,23.643549095475485,0.028404296912973782,15,17,hbr,True,S15_D17 hbr,mild_master_33,,0.028168491898912632
206,az_itd=0_az=5,7.0,2.654516524398539e-18,3.080505698721633e-08,1.1975528028390044e-09,26.12474623233811,0.03128576307399422,15,17,hbr,True,S15_D17 hbr,mild_master_33,,0.033997770383191184
207,az_itd=15_az=0,7.0,2.654516524398539e-18,8.985824282581877e-05,1.1986236558056125e-09,8.017888362057061,0.009610430660370109,15,17,hbr,True,S15_D17 hbr,mild_master_33,,0.0030309029809634813
208,az_itd=5_az=0,7.0,2.654516524398539e-18,0.0010000340208865088,1.2196189719241747e-09,5.4078507619335605,0.0065955173865887735,15,17,hbr,True,S15_D17 hbr,mild_master_33,,0.020641794427515448
209,constant,7.0,2.654516524398539e-18,0.055572769536844556,1.3992424258180673e-09,-2.2928601142016865,-0.0032082671482570584,15,17,hbr,False,S15_D17 hbr,mild_master_33,,
217,Linear,7.0,2.8956135972483274e-18,0.25539367765814236,1.3769153566550613e-13,-1.2386608131632129,-1.7055310953312736e-07,15,18,hbr,False,S15_D18 hbr,mild_master_33,,
218,ShortHbO,7.0,2.8956135972483274e-18,6.904216654412985e-06,0.0005078258349845889,-11.853546254050997,-6019.537023991894,15,18,hbr,True,S15_D18 hbr,mild_master_33,,
219,az_itd=0_az=15,7.0,2.8956135972483274e-18,2.5437530013140464e-07,1.254726187959685e-09,19.24996869652452,0.024153439840933478,15,18,hbr,True,S15_D18 hbr,mild_master_33,,0.015158245243817542
220,az_itd=0_az=5,7.0,2.8956135972483274e-18,8.922495930647857e-06,1.2507550314836228e-09,11.407991071676584,0.014268602232019733,15,18,hbr,True,S15_D18 hbr,mild_master_33,,0.017972304898305588
221,az_itd=15_az=0,7.0,2.8956135972483274e-18,0.00017357956507713774,1.251873457938631e-09,7.225448442108801,0.009045347126380039,15,18,hbr,True,S15_D18 hbr,mild_master_33,,0.007027411013040768
222,az_itd=5_az=0,7.0,2.8956135972483274e-18,0.001305599301392663,1.2738015075499944e-09,5.16267275357023,0.00657622033648504,15,18,hbr,True,S15_D18 hbr,mild_master_33,,0.012317971155853825
223,constant,7.0,2.8956135972483274e-18,0.15181295354208066,1.4614048751824244e-09,-1.6082629370469415,-0.0023503232967756046,15,18,hbr,False,S15_D18 hbr,mild_master_33,,
231,Linear,7.0,5.5060559661389155e-18,0.027360010771121816,1.8987039360017984e-13,-2.7784298280316735,-5.275415650388539e-07,15,22,hbr,True,S15_D22 hbr,mild_master_33,,
232,ShortHbO,7.0,5.5060559661389155e-18,0.0001254379193918129,0.0007002688342666139,-7.608058259596165,-5327.686088479889,15,22,hbr,True,S15_D22 hbr,mild_master_33,,
233,az_itd=0_az=15,7.0,5.5060559661389155e-18,2.603332252891237e-08,1.7302106045726986e-09,26.766198414916396,0.0463111603415853,15,22,hbr,True,S15_D22 hbr,mild_master_33,,0.04962733881216069
234,az_itd=0_az=5,7.0,5.5060559661389155e-18,1.5150286842917507e-08,1.7247345595891528e-09,28.936335466177812,0.04990749780638218,15,22,hbr,True,S15_D22 hbr,mild_master_33,,0.05231276005887292
235,az_itd=15_az=0,7.0,5.5060559661389155e-18,1.1584729609015141e-05,1.7262768190330528e-09,10.970025645562721,0.018937300976133026,15,22,hbr,True,S15_D22 hbr,mild_master_33,,0.011171316425395544
236,az_itd=5_az=0,7.0,5.5060559661389155e-18,8.370503407259896e-06,1.7565146066390258e-09,11.517494675570022,0.020230647629525953,15,22,hbr,True,S15_D22 hbr,mild_master_33,,0.03189310838189323
237,constant,7.0,5.5060559661389155e-18,0.03949609247026277,2.0152111567277776e-09,-2.5254253527082766,-0.005089265346260902,15,22,hbr,True,S15_D22 hbr,mild_master_33,,
245,Linear,7.0,1.1217377651689403e-18,0.7965805732797786,8.57003529713405e-14,0.26778934845476965,2.2949641684539055e-08,16,16,hbr,False,S16_D16 hbr,mild_master_33,,
246,ShortHbO,7.0,1.1217377651689403e-18,8.968592723321044e-05,0.0003160750085021213,-8.02029800125889,-2535.01575893745,16,16,hbr,True,S16_D16 hbr,mild_master_33,,
247,az_itd=0_az=15,7.0,1.1217377651689403e-18,1.1323379021501228e-05,7.809519784262789e-10,11.00768276986386,0.008596471637014044,16,16,hbr,True,S16_D16 hbr,mild_master_33,,0.005943756826417114
248,az_itd=0_az=5,7.0,1.1217377651689403e-18,0.0010968111934827442,7.784802977230459e-10,5.322070489894622,0.004143127019476202,16,16,hbr,True,S16_D16 hbr,mild_master_33,,-0.003749337611898122
249,az_itd=15_az=0,7.0,1.1217377651689403e-18,0.00034067005762814846,7.79176415618045e-10,-6.479423093499399,-0.005048613661265647,16,16,hbr,True,S16_D16 hbr,mild_master_33,,-0.007139557797280233
250,az_itd=5_az=0,7.0,1.1217377651689403e-18,0.0719894837539275,7.928246154335525e-10,-2.1174743520736614,-0.001678785788873211,16,16,hbr,False,S16_D16 hbr,mild_master_33,,-0.007903270480065847
251,constant,7.0,1.1217377651689403e-18,0.3753692240098168,9.095905062851796e-10,-0.9465907819768314,-0.0008610099886231902,16,16,hbr,False,S16_D16 hbr,mild_master_33,,
259,Linear,7.0,4.128778852429887e-17,0.09118796214212688,5.19933440458486e-13,1.9572533706734692,1.0176414788632252e-06,16,18,hbr,False,S16_D18 hbr,mild_master_33,,
260,ShortHbO,7.0,4.128778852429887e-17,7.689844573654436e-05,0.001917587978528049,-8.215370537628747,-15753.695782110402,16,18,hbr,True,S16_D18 hbr,mild_master_33,,
261,az_itd=0_az=15,7.0,4.128778852429887e-17,1.139818191595241e-06,4.737939050400684e-09,-15.467614108684028,-0.07328461290206263,16,18,hbr,True,S16_D18 hbr,mild_master_33,,-0.07725600592783753
262,az_itd=0_az=5,7.0,4.128778852429887e-17,0.1327837091617146,4.722943669317755e-09,-1.7007517370934455,-0.008032554649786663,16,18,hbr,False,S16_D18 hbr,mild_master_33,,0.03843718536838328
263,az_itd=15_az=0,7.0,4.128778852429887e-17,0.0006814413700157678,4.727166930477866e-09,-5.773977950789146,-0.027294557626278807,16,18,hbr,True,S16_D18 hbr,mild_master_33,,0.010476443435328192
264,az_itd=5_az=0,7.0,4.128778852429887e-17,0.0035973753192128253,4.809968870494551e-09,-4.293005879636322,-0.020649224641900783,16,18,hbr,True,S16_D18 hbr,mild_master_33,,-0.043326146426319045
265,constant,7.0,4.128778852429887e-17,0.9172691027311886,5.5183730865073955e-09,-0.1076823542588374,-0.0005942314056337233,16,18,hbr,False,S16_D18 hbr,mild_master_33,,
273,Linear,7.0,2.7187303743945343e-18,0.10186017161689305,1.334197153029493e-13,-1.8820394131088038,-2.5110116268590637e-07,16,22,hbr,False,S16_D22 hbr,mild_master_33,,
274,ShortHbO,7.0,2.7187303743945343e-18,0.00019050636721950153,0.0004920707580146467,-7.118718535700193,-3502.9132259549096,16,22,hbr,True,S16_D22 hbr,mild_master_33,,
275,az_itd=0_az=15,7.0,2.7187303743945343e-18,5.796285009696543e-08,1.2157988504639335e-09,23.84745383874608,0.0289937069636392,16,22,hbr,True,S16_D22 hbr,mild_master_33,,0.03241759137990486
276,az_itd=0_az=5,7.0,2.7187303743945343e-18,1.593986544741566e-07,1.2119508974005963e-09,20.600760204137558,0.024967109816539004,16,22,hbr,True,S16_D22 hbr,mild_master_33,,0.021659272984782534
277,az_itd=15_az=0,7.0,2.7187303743945343e-18,9.760849376358917e-05,1.2130346251583938e-09,7.9145972763641925,0.009600680540414084,16,22,hbr,True,S16_D22 hbr,mild_master_33,,0.0022573707623770385
278,az_itd=5_az=0,7.0,2.7187303743945343e-18,0.006140674056019255,1.234282366511241e-09,3.8688665771510955,0.0047752737945623,16,22,hbr,True,S16_D22 hbr,mild_master_33,,0.008664795208258507
279,constant,7.0,2.7187303743945343e-18,0.07735731299421793,1.4160654207739132e-09,-2.0687680632173175,-0.0029295109179234644,16,22,hbr,False,S16_D22 hbr,mild_master_33,,
287,Linear,7.0,1.317900524670826e-18,0.9785884249205562,9.289198757192679e-14,-0.027811954828452393,-2.583507762275589e-09,16,23,hbr,False,S16_D23 hbr,mild_master_33,,
288,ShortHbO,7.0,1.317900524670826e-18,5.202593826421229e-06,0.0003425987728591318,-12.363659722458287,-4235.774648962083,16,23,hbr,True,S16_D23 hbr,mild_master_33,,
289,az_itd=0_az=15,7.0,1.317900524670826e-18,2.2386515994811796e-06,8.464863790993417e-10,14.00694908078302,0.011856691609620872,16,23,hbr,True,S16_D23 hbr,mild_master_33,,0.014924953394125055
290,az_itd=0_az=5,7.0,1.317900524670826e-18,0.0013352129270135843,8.438072847291788e-10,5.142381894032779,0.004339179303044291,16,23,hbr,True,S16_D23 hbr,mild_master_33,,-0.003043479075273938
291,az_itd=15_az=0,7.0,1.317900524670826e-18,0.8093622370225535,8.445618180841637e-10,0.25054284370107804,0.00021159891958415892,16,23,hbr,False,S16_D23 hbr,mild_master_33,,-0.00447483352133451
292,az_itd=5_az=0,7.0,1.317900524670826e-18,0.01536972026707566,8.593553208374752e-10,-3.1856326384944187,-0.002737590358123704,16,23,hbr,True,S16_D23 hbr,mild_master_33,,-0.006221895550699214
293,constant,7.0,1.317900524670826e-18,0.2994950411784834,9.85919743336897e-10,-1.1204268595341824,-0.0011046509617797066,16,23,hbr,False,S16_D23 hbr,mild_master_33,,
301,Linear,7.0,4.3318171227440526e-19,0.039908006084121386,5.325642341044554e-14,2.518327311595781,1.341171055924339e-07,17,15,hbr,True,S17_D15 hbr,mild_master_33,,
302,ShortHbO,7.0,4.3318171227440526e-19,2.811185660504158e-06,0.00019641721298252251,-13.544176441790663,-2660.3093888400604,17,15,hbr,True,S17_D15 hbr,mild_master_33,,
303,az_itd=0_az=15,7.0,4.3318171227440526e-19,4.26827118410022e-06,4.853038264638606e-10,-12.732442515433464,-0.006179103072971003,17,15,hbr,True,S17_D15 hbr,mild_master_33,,-0.012742484871823676
304,az_itd=0_az=5,7.0,4.3318171227440526e-19,4.969579624673417e-07,4.837678599304343e-10,-17.462724235109395,-0.008447904731774203,17,15,hbr,True,S17_D15 hbr,mild_master_33,,-0.02015747122955255
305,az_itd=15_az=0,7.0,4.3318171227440526e-19,4.9862629935548065e-06,4.842004456558637e-10,-12.441941445982463,-0.0060243935929688705,17,15,hbr,True,S17_D15 hbr,mild_master_33,,-0.01572467938301026
306,az_itd=5_az=0,7.0,4.3318171227440526e-19,1.9578160783729258e-05,4.926817912158768e-10,-10.13536152702119,-0.004993508071753285,17,15,hbr,True,S17_D15 hbr,mild_master_33,,-0.02100965659468701
307,constant,7.0,4.3318171227440526e-19,0.33555916946399683,5.652431460701758e-10,1.0339350899314728,0.0005844247230652158,17,15,hbr,False,S17_D15 hbr,mild_master_33,,
315,Linear,7.0,4.0982296448070966e-19,0.0004957000361409868,5.18006351922549e-14,6.0905063894927105,3.154920996182094e-07,17,16,hbr,True,S17_D16 hbr,mild_master_33,,
316,ShortHbO,7.0,4.0982296448070966e-19,0.09307544142777956,0.00019104806037709778,-1.9433446541999109,-371.27222682909473,17,16,hbr,False,S17_D16 hbr,mild_master_33,,
317,az_itd=0_az=15,7.0,4.0982296448070966e-19,8.602801745522332e-08,4.720378287200025e-10,-22.524741866080056,-0.010632530242942969,17,16,hbr,True,S17_D16 hbr,mild_master_33,,-0.014625265332563323
318,az_itd=0_az=5,7.0,4.0982296448070966e-19,3.14744747774555e-09,4.705438485206126e-10,-36.26775763603557,-0.01706557025527301,17,16,hbr,True,S17_D16 hbr,mild_master_33,,-0.020346093669435256
319,az_itd=15_az=0,7.0,4.0982296448070966e-19,1.2664216907792354e-08,4.709646093212328e-10,-29.692336429237344,-0.013984039626230375,17,16,hbr,True,S17_D16 hbr,mild_master_33,,-0.02101467378861613
320,az_itd=5_az=0,7.0,4.0982296448070966e-19,1.3780469199207524e-08,4.792141134966769e-10,-29.333652991349542,-0.014057100513868714,17,16,hbr,True,S17_D16 hbr,mild_master_33,,-0.027578089799990567
321,constant,7.0,4.0982296448070966e-19,0.11175952965294783,5.497919711739552e-10,1.8188326461778364,0.0009999795857776536,17,16,hbr,False,S17_D16 hbr,mild_master_33,,
329,Linear,7.0,5.8832849185634765e-18,0.4500273226961018,1.962668175669392e-13,0.7999546228835221,1.5700454803130988e-07,17,17,hbr,False,S17_D17 hbr,mild_master_33,,
330,ShortHbO,7.0,5.8832849185634765e-18,0.16292649890299138,0.0007238597494680103,-1.5591387137983153,-1128.5977587559244,17,17,hbr,False,S17_D17 hbr,mild_master_33,,
331,az_itd=0_az=15,7.0,5.8832849185634765e-18,0.004585263626561697,1.788498578641656e-09,4.097878108436473,0.007329049172385389,17,17,hbr,True,S17_D17 hbr,mild_master_33,,0.019857573096922657
332,az_itd=0_az=5,7.0,5.8832849185634765e-18,0.0024989625236494684,1.7828380546315927e-09,4.594988705197285,0.008192120724228069,17,17,hbr,True,S17_D17 hbr,mild_master_33,,0.005589623900398597
333,az_itd=15_az=0,7.0,5.8832849185634765e-18,6.4685386293711e-06,1.784432270281423e-09,-11.969304154861964,-0.0213584125867492,17,17,hbr,True,S17_D17 hbr,mild_master_33,,-0.028381542698268893
334,az_itd=5_az=0,7.0,5.8832849185634765e-18,0.01903561044552631,1.8156887196475434e-09,-3.032935222552829,-0.005506866271010884,17,17,hbr,True,S17_D17 hbr,mild_master_33,,-0.010482330672256962
335,constant,7.0,5.8832849185634765e-18,0.5672182070573417,2.083100334690498e-09,-0.6003099998187803,-0.001250505961540554,17,17,hbr,False,S17_D17 hbr,mild_master_33,,
343,Linear,7.0,6.018820867469573e-19,0.17077759331249717,6.277585680689835e-14,1.5262664254218739,9.581268257146016e-08,17,21,hbr,False,S17_D21 hbr,mild_master_33,,
344,ShortHbO,7.0,6.018820867469573e-19,0.0012233958490249308,0.00023152622814288492,-5.221794582274545,-1208.9824037709768,17,21,hbr,True,S17_D21 hbr,mild_master_33,,
345,az_itd=0_az=15,7.0,6.018820867469573e-19,4.3767344212110186e-05,5.720504977050297e-10,-8.964503731222578,-0.005128148821124471,17,21,hbr,True,S17_D21 hbr,mild_master_33,,-0.008285613854509603
346,az_itd=0_az=5,7.0,6.018820867469573e-19,0.021448237483138427,5.702399815458907e-10,-2.9486410776910277,-0.0016814330337279867,17,21,hbr,True,S17_D21 hbr,mild_master_33,,-0.012173958916142678
347,az_itd=15_az=0,7.0,6.018820867469573e-19,2.972264320937239e-06,5.707498907327502e-10,-13.433152578009583,-0.0076669703660953315,17,21,hbr,True,S17_D21 hbr,mild_master_33,,-0.018846040618186632
348,az_itd=5_az=0,7.0,6.018820867469573e-19,0.001840910801343668,5.807472525589816e-10,-4.8572677342034645,-0.0028208448915820515,17,21,hbr,True,S17_D21 hbr,mild_master_33,,-0.018953161577314588
349,constant,7.0,6.018820867469573e-19,0.6303432583361829,6.662787421023556e-10,0.5030869753554319,0.00033519615710789593,17,21,hbr,False,S17_D21 hbr,mild_master_33,,
357,Linear,7.0,1.0896621245746114e-18,0.019066758261406126,8.446618275669873e-14,3.0317761849180735,2.5608256131269685e-07,17,22,hbr,True,S17_D22 hbr,mild_master_33,,
358,ShortHbO,7.0,1.0896621245746114e-18,4.628139333520272e-07,0.000311523214401385,-17.644817410544718,-5496.7702372584135,17,22,hbr,True,S17_D22 hbr,mild_master_33,,
359,az_itd=0_az=15,7.0,1.0896621245746114e-18,0.003223391087989442,7.697054941654544e-10,-4.382821535987629,-0.0033734818161963538,17,22,hbr,True,S17_D22 hbr,mild_master_33,,-0.00445990451384477
360,az_itd=0_az=5,7.0,1.0896621245746114e-18,1.5994873022862796e-05,7.672694081196325e-10,-10.449929510245266,-0.008017911230217768,17,22,hbr,True,S17_D22 hbr,mild_master_33,,-0.015195862534115446
361,az_itd=15_az=0,7.0,1.0896621245746114e-18,4.597315399689575e-07,7.679555012254436e-10,-17.662005627877594,-0.013563634384603344,17,22,hbr,True,S17_D22 hbr,mild_master_33,,-0.024378536055073376
362,az_itd=5_az=0,7.0,1.0896621245746114e-18,5.8253171607709604e-06,7.814071534059441e-10,-12.15748247832287,-0.009499943775968914,17,22,hbr,True,S17_D22 hbr,mild_master_33,,-0.024494129638906265
363,constant,7.0,1.0896621245746114e-18,0.9544503624666132,8.964914994379906e-10,-0.05919616869971435,-5.306886203859116e-05,17,22,hbr,False,S17_D22 hbr,mild_master_33,,
371,Linear,7.0,4.641904744796977e-19,0.0005141683031935639,5.512962673841535e-14,6.053509809333582,3.3372773624589626e-07,17,23,hbr,True,S17_D23 hbr,mild_master_33,,
372,ShortHbO,7.0,4.641904744796977e-19,0.00024364419224137275,0.00020332585148033895,-6.842463701455536,-1391.2497583217585,17,23,hbr,True,S17_D23 hbr,mild_master_33,,
373,az_itd=0_az=15,7.0,4.641904744796977e-19,6.543619226146547e-09,5.02373555983667e-10,-32.64925567103108,-0.01640212267167579,17,23,hbr,True,S17_D23 hbr,mild_master_33,,-0.01795165493572706
374,az_itd=0_az=5,7.0,4.641904744796977e-19,2.5638486188552826e-09,5.007835644624961e-10,-37.35105383746486,-0.018704793877156248,17,23,hbr,True,S17_D23 hbr,mild_master_33,,-0.026598581867040845
375,az_itd=15_az=0,7.0,4.641904744796977e-19,5.114667931657627e-08,5.012313656486834e-10,-24.282147197123145,-0.012170973800496383,17,23,hbr,True,S17_D23 hbr,mild_master_33,,-0.013570465217793483
376,az_itd=5_az=0,7.0,4.641904744796977e-19,1.0524241562727789e-08,5.100110279883689e-10,-30.49349328261766,-0.015552017856024256,17,23,hbr,True,S17_D23 hbr,mild_master_33,,-0.0237570083047014
377,constant,7.0,4.641904744796977e-19,0.06697033680820187,5.8512460401508e-10,2.1664175031612305,0.0012676241836685532,17,23,hbr,False,S17_D23 hbr,mild_master_33,,
385,Linear,7.0,3.3057779042932176e-18,0.3781219021532622,1.4712069783790352e-13,0.9408188983612388,1.3841393286599307e-07,18,16,hbr,False,S18_D16 hbr,mild_master_33,,
386,ShortHbO,7.0,3.3057779042932176e-18,0.1553395984475429,0.0005426019171181719,1.59232309569456,863.9975643954104,18,16,hbr,False,S18_D16 hbr,mild_master_33,,
387,az_itd=0_az=15,7.0,3.3057779042932176e-18,0.2493357564352219,1.3406502547590195e-09,1.2562219058348043,0.0016841542180912911,18,16,hbr,False,S18_D16 hbr,mild_master_33,,-0.015711268147894458
388,az_itd=0_az=5,7.0,3.3057779042932176e-18,2.818455303308695e-05,1.3364071521662713e-09,-9.58948154007513,-0.012815451715722834,18,16,hbr,True,S18_D16 hbr,mild_master_33,,-0.027659907980485326
389,az_itd=15_az=0,7.0,3.3057779042932176e-18,5.196026847191169e-07,1.3376021688370192e-09,-17.349653467087766,-0.023206934106147305,18,16,hbr,True,S18_D16 hbr,mild_master_33,,-0.028916922332676304
390,az_itd=5_az=0,7.0,3.3057779042932176e-18,0.017565922945046605,1.3610318585812386e-09,-3.0900434313497196,-0.004205647554466657,18,16,hbr,True,S18_D16 hbr,mild_master_33,,-0.025570376786729004
391,constant,7.0,3.3057779042932176e-18,0.40488763203630657,1.5614823672448455e-09,0.8862730012280697,0.0013838996639828002,18,16,hbr,False,S18_D16 hbr,mild_master_33,,
399,Linear,7.0,9.3735049373693e-19,0.05741458847359462,7.834078990556293e-14,2.270742611612748,1.7789176986596355e-07,18,21,hbr,False,S18_D21 hbr,mild_master_33,,
400,ShortHbO,7.0,9.3735049373693e-19,6.902963947164432e-05,0.0002889319002425153,-8.354611429342741,-2413.913756067835,18,21,hbr,True,S18_D21 hbr,mild_master_33,,
401,az_itd=0_az=15,7.0,9.3735049373693e-19,4.019639768593282e-05,7.138873148945661e-10,-9.082536288305663,-0.0064839074432909895,18,21,hbr,True,S18_D21 hbr,mild_master_33,,-0.013240416510298766
402,az_itd=0_az=5,7.0,9.3735049373693e-19,5.807584626284493e-07,7.116278910769027e-10,-17.070357651405505,-0.01214774261539817,18,21,hbr,True,S18_D21 hbr,mild_master_33,,-0.022005166113786123
403,az_itd=15_az=0,7.0,9.3735049373693e-19,3.492258019271303e-06,7.122642294800814e-10,-13.116659617847873,-0.009342527456058914,18,21,hbr,True,S18_D21 hbr,mild_master_33,,-0.019775130789939182
404,az_itd=5_az=0,7.0,9.3735049373693e-19,7.996820052456367e-06,7.247403829294537e-10,-11.596391450298672,-0.008404373180289302,18,21,hbr,True,S18_D21 hbr,mild_master_33,,-0.023829202362330534
405,constant,7.0,9.3735049373693e-19,0.32241109586823724,8.314789412455705e-10,1.0645632609064202,0.0008851619330674022,18,21,hbr,False,S18_D21 hbr,mild_master_33,,
413,Linear,7.0,9.350571668528484e-19,0.4758655014060862,7.824489671226503e-14,0.7532497114303319,5.893794586940976e-08,18,22,hbr,False,S18_D22 hbr,mild_master_33,,
414,ShortHbO,7.0,9.350571668528484e-19,5.143672659387493e-06,0.0002885782325989635,-12.384608966500956,-3573.9285669821215,18,22,hbr,True,S18_D22 hbr,mild_master_33,,
415,az_itd=0_az=15,7.0,9.350571668528484e-19,0.004281770562250924,7.130134797652213e-10,4.152485341925574,0.002960778023320428,18,22,hbr,True,S18_D22 hbr,mild_master_33,,0.002413282066727011
416,az_itd=0_az=5,7.0,9.350571668528484e-19,0.018236721325531623,7.107568215995912e-10,-3.0633714617775882,-0.0021773121635519322,18,22,hbr,True,S18_D22 hbr,mild_master_33,,-0.011429032465938743
417,az_itd=15_az=0,7.0,9.350571668528484e-19,6.646429741731948e-05,7.113923810915338e-10,-8.403926270608519,-0.0059784891201658885,18,22,hbr,True,S18_D22 hbr,mild_master_33,,-0.00973136207633254
418,az_itd=5_az=0,7.0,9.350571668528484e-19,0.5708429141982485,7.238532630814814e-10,-0.5945663616424237,-0.00043037880099335257,18,22,hbr,False,S18_D22 hbr,mild_master_33,,-0.014659152346106031
419,constant,7.0,9.350571668528484e-19,0.9545471640337068,8.304611678617163e-10,-0.05907019819520407,-4.905550577901222e-05,18,22,hbr,False,S18_D22 hbr,mild_master_33,,
427,Linear,7.0,1.1741662654026427e-15,0.1487559577722197,2.772692701785954e-12,-1.6223613889049617,-4.498309582676112e-06,19,21,hbr,False,S19_D21 hbr,mild_master_33,,
428,ShortHbO,7.0,1.1741662654026427e-15,1.4567138863444395e-06,0.010226082377791833,-14.920872680796153,-152582.07318236513,19,21,hbr,True,S19_D21 hbr,mild_master_33,,
429,az_itd=0_az=15,7.0,1.1741662654026427e-15,5.505798652692333e-07,2.526640528250762e-08,17.20375948175889,0.4346771594489034,19,21,hbr,True,S19_D21 hbr,mild_master_33,,0.09424216592217242
430,az_itd=0_az=5,7.0,1.1741662654026427e-15,3.0098448830007673e-07,2.5186438155075935e-08,18.785045782779417,0.47312839384824384,19,21,hbr,True,S19_D21 hbr,mild_master_33,,0.4609786601693614
431,az_itd=15_az=0,7.0,1.1741662654026427e-15,0.07081202725957468,2.5208959894370202e-08,2.1286422736853208,0.05366085770679425,19,21,hbr,False,S19_D21 hbr,mild_master_33,,0.02828026934560753
432,az_itd=5_az=0,7.0,1.1741662654026427e-15,5.043883366401316e-05,2.5650524750393946e-08,8.770675187426162,0.22497242097274087,19,21,hbr,True,S19_D21 hbr,mild_master_33,,0.1377953791943232
433,constant,7.0,1.1741662654026427e-15,0.2655504261841675,2.9428291377447517e-08,-1.2099967210907587,-0.035608136074014946,19,21,hbr,False,S19_D21 hbr,mild_master_33,,
469,Linear,7.0,1.0433999895560492e-15,0.9991459965068195,2.613739817835463e-12,0.001109120334281844,2.8989519804834345e-09,20,20,hbr,False,S20_D20 hbr,mild_master_33,,
470,ShortHbO,7.0,1.0433999895560492e-15,2.963047202690689e-07,0.009639841686777532,-18.827885641161025,-181497.83687754418,20,20,hbr,True,S20_D20 hbr,mild_master_33,,
471,az_itd=0_az=15,7.0,1.0433999895560492e-15,0.005290779376002987,2.381793319465973e-08,-3.984891952190854,-0.09491189030521895,20,20,hbr,True,S20_D20 hbr,mild_master_33,,0.027555844881854644
472,az_itd=0_az=5,7.0,1.0433999895560492e-15,0.00028335344211252245,2.374255042146186e-08,6.677076150431888,0.15853081716956957,20,20,hbr,True,S20_D20 hbr,mild_master_33,,-0.005945459707794145
473,az_itd=15_az=0,7.0,1.0433999895560492e-15,4.3163624053842286e-05,2.376378103483723e-08,8.983675856487102,0.21348610594151332,20,20,hbr,True,S20_D20 hbr,mild_master_33,,0.30321779296187473
474,az_itd=5_az=0,7.0,1.0433999895560492e-15,0.001270273885300354,2.4180031867683814e-08,5.187557176442983,0.1254352978418232,20,20,hbr,True,S20_D20 hbr,mild_master_33,,-0.050618798862160794
475,constant,7.0,1.0433999895560492e-15,0.47907787634208554,2.7741226748479575e-08,-0.7475643905195583,-0.020738353266491996,20,20,hbr,False,S20_D20 hbr,mild_master_33,,
483,Linear,7.0,1.5169318953053156e-18,0.730200386873199,9.965979315517733e-14,-0.3589706844574559,-3.5774944161802487e-08,21,11,hbr,False,S21_D11 hbr,mild_master_33,,
484,ShortHbO,7.0,1.5169318953053156e-18,1.4013026348052296e-05,0.0003675593959266001,10.660465778635627,3918.3543618915037,21,11,hbr,True,S21_D11 hbr,mild_master_33,,
485,az_itd=0_az=15,7.0,1.5169318953053156e-18,0.0010268998264942725,9.081586007016427e-10,5.383140051353695,0.00488874493641834,21,11,hbr,True,S21_D11 hbr,mild_master_33,,-0.011218905449290684
486,az_itd=0_az=5,7.0,1.5169318953053156e-18,0.040594735883181986,9.052843163015279e-10,-2.5066602389038337,-0.0022692402005762818,21,11,hbr,True,S21_D11 hbr,mild_master_33,,-0.0035228888063548905
487,az_itd=15_az=0,7.0,1.5169318953053156e-18,0.003792455984510402,9.060938224823302e-10,-4.2501441208632,-0.003851029332573739,21,11,hbr,True,S21_D11 hbr,mild_master_33,,-0.015341695445571393
488,az_itd=5_az=0,7.0,1.5169318953053156e-18,0.0031732250820877272,9.219651313322352e-10,4.395736434822636,0.0040527157194331425,21,11,hbr,True,S21_D11 hbr,mild_master_33,,-0.01031371293882067
489,constant,7.0,1.5169318953053156e-18,0.9655127524853657,1.0577506225978863e-09,0.044806754838897386,4.739437282743456e-05,21,11,hbr,False,S21_D11 hbr,mild_master_33,,
497,Linear,7.0,3.8627612524653653e-19,0.26276532085023135,5.0290490692348203e-14,1.2177631232044863,6.12419050130001e-08,21,12,hbr,False,S21_D12 hbr,mild_master_33,,
498,ShortHbO,7.0,3.8627612524653653e-19,0.13486114490877796,0.0001854784341258843,-1.6900686494395032,-313.4712866632871,21,12,hbr,False,S21_D12 hbr,mild_master_33,,
499,az_itd=0_az=15,7.0,3.8627612524653653e-19,0.08147226889005942,4.5827650459446373e-10,2.0336542503709114,0.0009319759614136555,21,12,hbr,False,S21_D12 hbr,mild_master_33,,-0.008399323395161251
500,az_itd=0_az=5,7.0,3.8627612524653653e-19,7.177338776488504e-05,4.568260784166163e-10,-8.304109193113836,-0.0037935336374335664,21,12,hbr,True,S21_D12 hbr,mild_master_33,,-0.008020402367217823
501,az_itd=15_az=0,7.0,3.8627612524653653e-19,6.977288796779662e-06,4.5723457277288743e-10,-11.834945801742997,-0.005411346387450237,21,12,hbr,True,S21_D12 hbr,mild_master_33,,-0.01219428819663105
502,az_itd=5_az=0,7.0,3.8627612524653653e-19,0.5748206570149601,4.6524357906039506e-10,-0.5882877642496747,-0.00027369710495695653,21,12,hbr,False,S21_D12 hbr,mild_master_33,,-0.013244814778632708
503,constant,7.0,3.8627612524653653e-19,0.8622268075307179,5.337638796596383e-10,0.18003401520520892,9.609565442663464e-05,21,12,hbr,False,S21_D12 hbr,mild_master_33,,
511,Linear,7.0,7.919130672471732e-19,0.00028513904755602467,7.200716201114874e-14,6.67026192126628,4.803066308214173e-07,21,19,hbr,True,S21_D19 hbr,mild_master_33,,
512,ShortHbO,7.0,7.919130672471732e-19,0.21597007112753572,0.0002655725858270227,1.360115028637998,361.2092651775881,21,19,hbr,False,S21_D19 hbr,mild_master_33,,
513,az_itd=0_az=15,7.0,7.919130672471732e-19,7.001366508596376e-07,6.561715755391784e-10,-16.610796933298317,-0.01089953279468371,21,19,hbr,True,S21_D19 hbr,mild_master_33,,-0.0060066750366852325
514,az_itd=0_az=5,7.0,7.919130672471732e-19,2.0725374572958095e-09,6.540948196488374e-10,-38.508669170311734,-0.025188321015871797,21,19,hbr,True,S21_D19 hbr,mild_master_33,,-0.0191683375835017
515,az_itd=15_az=0,7.0,7.919130672471732e-19,4.611865874737253e-09,6.546797119194775e-10,-34.33204426104726,-0.022476492846429167,21,19,hbr,True,S21_D19 hbr,mild_master_33,,-0.014756640505993759
516,az_itd=5_az=0,7.0,7.919130672471732e-19,3.1272804265289277e-09,6.661472041899519e-10,-36.30123480481416,-0.02418196607386993,21,19,hbr,True,S21_D19 hbr,mild_master_33,,-0.026010014267026454
517,constant,7.0,7.919130672471732e-19,0.08362914606650375,7.642562565848817e-10,2.0159448506958966,0.0015406984650744144,21,19,hbr,False,S21_D19 hbr,mild_master_33,,
525,Linear,7.0,5.621656449232882e-17,0.5226555226670426,6.066931489070831e-13,-0.6728024358248531,-4.0818462838293576e-07,22,10,hbr,False,S22_D10 hbr,mild_master_33,,
526,ShortHbO,7.0,5.621656449232882e-17,5.582040270471866e-07,0.0022375700396836482,17.16928432754642,38417.47621412789,22,10,hbr,True,S22_D10 hbr,mild_master_33,,
527,az_itd=0_az=15,7.0,5.621656449232882e-17,0.04661549345667423,5.528544498470162e-09,2.4123112553902164,0.013336570119585231,22,10,hbr,True,S22_D10 hbr,mild_master_33,,-0.051481080706017535
528,az_itd=0_az=5,7.0,5.621656449232882e-17,5.024863925113337e-05,5.5110468838519486e-09,8.775789798990408,0.04836378902506581,22,10,hbr,True,S22_D10 hbr,mild_master_33,,0.04317128806766292
529,az_itd=15_az=0,7.0,5.621656449232882e-17,3.572745489130507e-05,5.515974867729318e-09,-9.248194395939091,-0.05101280785987516,22,10,hbr,True,S22_D10 hbr,mild_master_33,,-0.02389203423229244
530,az_itd=5_az=0,7.0,5.621656449232882e-17,0.11772564989528425,5.612593715095704e-09,-1.7832997060590623,-0.01000893672235911,22,10,hbr,False,S22_D10 hbr,mild_master_33,,-0.04360580175756074
531,constant,7.0,5.621656449232882e-17,0.9845313342513864,6.4392071834136784e-09,0.020091167008856117,0.00012937118692659023,22,10,hbr,False,S22_D10 hbr,mild_master_33,,
539,Linear,7.0,3.136924972847392e-19,0.003758325242754532,4.531990655981554e-14,-4.257465778796254,-1.9294795127665853e-07,22,11,hbr,True,S22_D11 hbr,mild_master_33,,
540,ShortHbO,7.0,3.136924972847392e-19,9.769743061822963e-06,0.00016714621765909606,-11.254070281280411,-1881.0752807856597,22,11,hbr,True,S22_D11 hbr,mild_master_33,,
541,az_itd=0_az=15,7.0,3.136924972847392e-19,2.9149084924664674e-08,4.1298162099539873e-10,26.333659387912235,0.010875317340760695,22,11,hbr,True,S22_D11 hbr,mild_master_33,,0.001692493464406014
542,az_itd=0_az=5,7.0,3.136924972847392e-19,2.2332352226394173e-06,4.1167455125026384e-10,14.011950383877451,0.005768363386423712,22,11,hbr,True,S22_D11 hbr,mild_master_33,,-0.0005814239759931635
543,az_itd=15_az=0,7.0,3.136924972847392e-19,1.8479326184430326e-06,4.1204267106380215e-10,14.40818898355635,0.005936788673976607,22,11,hbr,True,S22_D11 hbr,mild_master_33,,-0.004524569955555397
544,az_itd=5_az=0,7.0,3.136924972847392e-19,9.06712985867239e-09,4.192600875493018e-10,31.153981273892835,0.013061620916401617,22,11,hbr,True,S22_D11 hbr,mild_master_33,,0.00028962367283531326
545,constant,7.0,3.136924972847392e-19,0.13371226310721418,4.810080159917789e-10,-1.6959573187672323,-0.0008157690651069634,22,11,hbr,False,S22_D11 hbr,mild_master_33,,
553,Linear,7.0,2.6527747872058036e-19,0.5296750310831468,4.167610567507291e-14,-0.6611381491843212,-2.755366337122789e-08,22,12,hbr,False,S22_D12 hbr,mild_master_33,,
554,ShortHbO,7.0,2.6527747872058036e-19,3.398811825604407e-06,0.00015370736524258135,-13.169412006933529,-2024.235621379768,22,12,hbr,True,S22_D12 hbr,mild_master_33,,
555,az_itd=0_az=15,7.0,2.6527747872058036e-19,0.3835231227936196,3.7977716603962044e-10,0.9295849348328307,0.00035303513214393764,22,12,hbr,False,S22_D12 hbr,mild_master_33,,-0.011615774060397053
556,az_itd=0_az=5,7.0,2.6527747872058036e-19,0.0415764270524788,3.785751870207309e-10,2.490330917391493,0.000942777492794993,22,12,hbr,True,S22_D12 hbr,mild_master_33,,-0.006456250343625511
557,az_itd=15_az=0,7.0,2.6527747872058036e-19,0.012572924771851355,3.789137093482177e-10,3.331051879411706,0.0012621812236592413,22,12,hbr,True,S22_D12 hbr,mild_master_33,,-0.007995938253289536
558,az_itd=5_az=0,7.0,2.6527747872058036e-19,1.372847158462465e-06,3.8555083274461505e-10,15.051325005863033,0.00580305088992034,22,12,hbr,True,S22_D12 hbr,mild_master_33,,-0.0025856713665703595
559,constant,7.0,2.6527747872058036e-19,0.5810520921806956,4.4233411819973824e-10,-0.578502267769667,-0.0002558912904904445,22,12,hbr,False,S22_D12 hbr,mild_master_33,,
567,Linear,7.0,1.0003910388198019e-18,0.0006106953182250515,8.093229136427379e-14,5.881653147353718,4.76015666225229e-07,22,19,hbr,True,S22_D19 hbr,mild_master_33,,
568,ShortHbO,7.0,1.0003910388198019e-18,0.20861749222266676,0.0002984897237192659,-1.3848859435045915,-413.3742226593804,22,19,hbr,False,S22_D19 hbr,mild_master_33,,
569,az_itd=0_az=15,7.0,1.0003910388198019e-18,8.284338334006027e-06,7.375025990924228e-10,-11.53532693156184,-0.00850733359340768,22,19,hbr,True,S22_D19 hbr,mild_master_33,,-0.00925165569450281
570,az_itd=0_az=5,7.0,1.0003910388198019e-18,2.916075993971912e-09,7.351684338772526e-10,-36.66738617996006,-0.026956704872293652,22,19,hbr,True,S22_D19 hbr,mild_master_33,,-0.027398667950658043
571,az_itd=15_az=0,7.0,1.0003910388198019e-18,4.502752114660047e-09,7.35825822258381e-10,-34.45029880372888,-0.025349419444300726,22,19,hbr,True,S22_D19 hbr,mild_master_33,,-0.020237090168499262
572,az_itd=5_az=0,7.0,1.0003910388198019e-18,6.164059217093416e-09,7.487146849732857e-10,-32.93078202265162,-0.024655760088013543,22,19,hbr,True,S22_D19 hbr,mild_master_33,,-0.03188830008001478
573,constant,7.0,1.0003910388198019e-18,0.0925817260299461,8.589841386238808e-10,1.9469559214137468,0.0016724042550942517,22,19,hbr,False,S22_D19 hbr,mild_master_33,,
623,Linear,7.0,4.543691895389358e-15,0.6271725531968261,5.4543295849254246e-12,0.5078397877515847,2.7699255787357165e-06,23,9,hbr,False,S23_D9 hbr,mild_master_33,,
624,ShortHbO,7.0,4.543691895389358e-15,0.004913231254622339,0.020116338033114047,-4.043149121684971,-81333.35445010304,23,9,hbr,True,S23_D9 hbr,mild_master_33,,
625,az_itd=0_az=15,7.0,4.543691895389358e-15,0.00034077426651362087,4.970305643619647e-08,-6.479098652474165,-0.3220310059796079,23,9,hbr,True,S23_D9 hbr,mild_master_33,,-0.821462109858519
626,az_itd=0_az=5,7.0,4.543691895389358e-15,0.003444798906201058,4.954574831882335e-08,4.328348908093466,0.21445128563645274,23,9,hbr,True,S23_D9 hbr,mild_master_33,,0.001628747667220484
627,az_itd=15_az=0,7.0,4.543691895389358e-15,0.1337008596968977,4.959005217869847e-08,-1.696016007002432,-0.08410552228315843,23,9,hbr,False,S23_D9 hbr,mild_master_33,,0.3795444724919249
628,az_itd=5_az=0,7.0,4.543691895389358e-15,0.6147540838469695,5.045868080686282e-08,0.5265785405352502,0.026570458496611868,23,9,hbr,False,S23_D9 hbr,mild_master_33,,-0.16997502557296543
629,constant,7.0,4.543691895389358e-15,0.7489929298828215,5.7890151400632545e-08,-0.3328515053477724,-0.019268824038511,23,9,hbr,False,S23_D9 hbr,mild_master_33,,
581,Linear,7.0,1.756864613851072e-18,0.05555914538413814,1.0725216995695537e-13,-2.2930264770990165,-2.459320654376224e-07,23,10,hbr,False,S23_D10 hbr,mild_master_33,,
582,ShortHbO,7.0,1.756864613851072e-18,0.000823639185744036,0.00039556115413377833,-5.591042184476967,-2211.59909930235,23,10,hbr,True,S23_D10 hbr,mild_master_33,,
583,az_itd=0_az=15,7.0,1.756864613851072e-18,6.430396818042485e-08,9.773447998097046e-10,23.492509344324585,0.022960281842156528,23,10,hbr,True,S23_D10 hbr,mild_master_33,,0.018171990896395564
584,az_itd=0_az=5,7.0,1.756864613851072e-18,3.93612980338625e-07,9.742515439516904e-10,18.06596128781152,0.017600790677621842,23,10,hbr,True,S23_D10 hbr,mild_master_33,,0.01576180749584211
585,az_itd=15_az=0,7.0,1.756864613851072e-18,5.668891905846731e-05,9.75122720699463e-10,8.613772906453757,0.00839948567202851,23,10,hbr,True,S23_D10 hbr,mild_master_33,,-0.011607892250782603
586,az_itd=5_az=0,7.0,1.756864613851072e-18,0.0004363007976802917,9.922031526401437e-10,6.2208824449056515,0.0061723791740391125,23,10,hbr,True,S23_D10 hbr,mild_master_33,,-0.003325251843806173
587,constant,7.0,1.756864613851072e-18,0.1859864894566358,1.1383331828744653e-09,-1.4663384790025769,-0.0016691817479743056,23,10,hbr,False,S23_D10 hbr,mild_master_33,,
595,Linear,7.0,3.3796468497818164e-18,0.06523769968081078,1.487553523096708e-13,2.18417153157452,3.2490720568412097e-07,23,11,hbr,False,S23_D11 hbr,mild_master_33,,
596,ShortHbO,7.0,3.3796468497818164e-18,0.8461562738899535,0.0005486307537349202,-0.20134279742568215,-110.46285071074935,23,11,hbr,False,S23_D11 hbr,mild_master_33,,
597,az_itd=0_az=15,7.0,3.3796468497818164e-18,0.00011674176612582219,1.3555461869169292e-09,-7.69484900825622,-0.010430723232043233,23,11,hbr,True,S23_D11 hbr,mild_master_33,,-0.0054466785676838755
598,az_itd=0_az=5,7.0,3.3796468497818164e-18,1.2118782346030796e-05,1.3512559393151557e-09,-10.895989973479598,-0.01472327116638269,23,11,hbr,True,S23_D11 hbr,mild_master_33,,-0.009789147748565482
599,az_itd=15_az=0,7.0,3.3796468497818164e-18,1.602136472190876e-05,1.3524642337868752e-09,-10.447319341596579,-0.014129625748459218,23,11,hbr,True,S23_D11 hbr,mild_master_33,,-0.01698944736657911
600,az_itd=5_az=0,7.0,3.3796468497818164e-18,0.8671287230639968,1.3761542502402209e-09,-0.17355326849644306,-0.00023883606808446233,23,11,hbr,False,S23_D11 hbr,mild_master_33,,-0.01764057876832338
601,constant,7.0,3.3796468497818164e-18,0.811796996933602,1.5788319595980225e-09,-0.24726730621351134,-0.0003903935256136024,23,11,hbr,False,S23_D11 hbr,mild_master_33,,
609,Linear,7.0,1.097024058725353e-18,0.764995916776731,8.475103605702956e-14,-0.31080985328668836,-2.6341457082780193e-08,23,19,hbr,False,S23_D19 hbr,mild_master_33,,
610,ShortHbO,7.0,1.097024058725353e-18,0.014080620982665415,0.0003125737936137488,3.2488001754983293,1015.4897955485258,23,19,hbr,True,S23_D19 hbr,mild_master_33,,
611,az_itd=0_az=15,7.0,1.097024058725353e-18,1.7365592332196446e-06,7.723012448332377e-10,14.540530169780087,0.011229669550656409,23,19,hbr,True,S23_D19 hbr,mild_master_33,,0.010316796797249752
612,az_itd=0_az=5,7.0,1.097024058725353e-18,0.0004412645174394724,7.698569433439403e-10,6.2092460257475555,0.004780231165852522,23,19,hbr,True,S23_D19 hbr,mild_master_33,,0.0030235576097159683
613,az_itd=15_az=0,7.0,1.097024058725353e-18,0.90169637309316,7.705453502264504e-10,-0.1280685813599235,-9.86826498769869e-05,23,19,hbr,False,S23_D19 hbr,mild_master_33,,-0.00968727594188193
614,az_itd=5_az=0,7.0,1.097024058725353e-18,0.021440468261874585,7.840423666863994e-10,-2.9488960985286945,-0.002312059476202727,23,19,hbr,True,S23_D19 hbr,mild_master_33,,-0.016045409723806667
615,constant,7.0,1.097024058725353e-18,0.4214044497746755,8.995148225478917e-10,-0.853925183192891,-0.0007681183596289294,23,19,hbr,False,S23_D19 hbr,mild_master_33,,
665,Linear,7.0,4.4654183854039e-18,0.6838225555761981,1.7098893921695067e-13,-0.42467382383793756,-7.261452665125513e-08,24,9,hbr,False,S24_D9 hbr,mild_master_33,,
666,ShortHbO,7.0,4.4654183854039e-18,3.180572095579116e-05,0.0006306313631501605,-9.414183468885756,-5936.879353929132,24,9,hbr,True,S24_D9 hbr,mild_master_33,,
667,az_itd=0_az=15,7.0,4.4654183854039e-18,2.0827013819392577e-06,1.5581516964713575e-09,14.15675152438505,0.02205836640424404,24,9,hbr,True,S24_D9 hbr,mild_master_33,,0.020865516754468284
668,az_itd=0_az=5,7.0,4.4654183854039e-18,9.536263993385837e-06,1.5532202108137644e-09,11.294926671163468,0.017543508385310533,24,9,hbr,True,S24_D9 hbr,mild_master_33,,0.0323529322721294
669,az_itd=15_az=0,7.0,4.4654183854039e-18,0.00019117880921186263,1.5546091019479196e-09,-7.114701506069102,-0.011060579718977597,24,9,hbr,True,S24_D9 hbr,mild_master_33,,-0.02807858892152378
670,az_itd=5_az=0,7.0,4.4654183854039e-18,0.14911085627634657,1.5818399257165803e-09,-1.6207108565217592,-0.0025637051408884345,24,9,hbr,False,S24_D9 hbr,mild_master_33,,-0.02116762273872858
671,constant,7.0,4.4654183854039e-18,0.4757144167070819,1.814810679292342e-09,-0.753517737440152,-0.001367492036942591,24,9,hbr,False,S24_D9 hbr,mild_master_33,,
637,Linear,7.0,1.4880850373762332e-18,0.007588041206935058,9.870765055000488e-14,-3.7066679106865257,-3.658764808329623e-07,24,10,hbr,True,S24_D10 hbr,mild_master_33,,
638,ShortHbO,7.0,1.4880850373762332e-18,0.0548150169521685,0.00036404775949114976,-2.3021764435872476,-838.1021762412408,24,10,hbr,False,S24_D10 hbr,mild_master_33,,
639,az_itd=0_az=15,7.0,1.4880850373762332e-18,3.6949798811438397e-09,8.99482117752943e-10,35.44231207291358,0.031879725921405005,24,10,hbr,True,S24_D10 hbr,mild_master_33,,0.029550411923091126
640,az_itd=0_az=5,7.0,1.4880850373762332e-18,1.0686580998606545e-07,8.966352940624092e-10,21.828944652134037,0.019572602207238256,24,10,hbr,True,S24_D10 hbr,mild_master_33,,0.019071924468534247
641,az_itd=15_az=0,7.0,1.4880850373762332e-18,3.3891662992743e-06,8.974370662784953e-10,13.174950894530904,0.011823689279151051,24,10,hbr,True,S24_D10 hbr,mild_master_33,,-0.002137635757856291
642,az_itd=5_az=0,7.0,1.4880850373762332e-18,9.864292516770858e-05,9.131567417677698e-10,7.901514554431117,0.007215321285554931,24,10,hbr,True,S24_D10 hbr,mild_master_33,,0.002655624015528042
643,constant,7.0,1.4880850373762332e-18,0.14279741682537087,1.0476449480671858e-09,-1.6506369529038796,-0.0017292814648027627,24,10,hbr,False,S24_D10 hbr,mild_master_33,,
651,Linear,7.0,2.9769424600209133e-18,0.025334922591829886,1.3961181084636449e-13,-2.8319591286527244,-3.953749421940993e-07,24,19,hbr,True,S24_D19 hbr,mild_master_33,,
652,ShortHbO,7.0,2.9769424600209133e-18,0.21231849206492104,0.0005149080811256194,-1.3723224564137335,-706.6199227175919,24,19,hbr,False,S24_D19 hbr,mild_master_33,,
653,az_itd=0_az=15,7.0,2.9769424600209133e-18,1.9162571089193403e-08,1.2722248638649726e-09,27.97405481930469,0.03558928808424119,24,19,hbr,True,S24_D19 hbr,mild_master_33,,0.03453888009293821
654,az_itd=0_az=5,7.0,2.9769424600209133e-18,8.252816006870638e-07,1.2681983248036016e-09,16.21632941839875,0.020565521802876657,24,19,hbr,True,S24_D19 hbr,mild_master_33,,0.02049810812967815
655,az_itd=15_az=0,7.0,2.9769424600209133e-18,0.00015868562897767034,1.2693323490697081e-09,7.329544548566274,0.0093036279994427,24,19,hbr,True,S24_D19 hbr,mild_master_33,,-0.0029686666978312277
656,az_itd=5_az=0,7.0,2.9769424600209133e-18,1.5235175736796523e-05,1.2915662118832398e-09,10.526941292931882,0.013596241688429286,24,19,hbr,True,S24_D19 hbr,mild_master_33,,0.008845381249765813
657,constant,7.0,2.9769424600209133e-18,0.1847653848233152,1.4817859356262238e-09,-1.4709824030295549,-0.00217968103636286,24,19,hbr,False,S24_D19 hbr,mild_master_33,,
