,Condition,df,mse,p_value,se,t,theta,Source,Detector,Chroma,Significant,ch_name,ID,mean_hbo,mean_hbr
546,Linear,7.0,7.105215104138809e-18,0.22403919538760855,2.5605810999986123e-13,1.333770913567296,3.415228593008301e-07,1,7,hbo,False,S1_D7 hbo,mild_master_16,,
547,ShortHbO,7.0,7.105215104138809e-18,0.0010121996194317586,0.0010318419286175623,5.396570552064946,5568.407766363437,1,7,hbo,True,S1_D7 hbo,mild_master_16,,
548,az_itd=0_az=15,7.0,7.105215104138809e-18,6.312676553011833e-06,1.9761394385581904e-09,-12.01288541805422,-0.02373913664549754,1,7,hbo,True,S1_D7 hbo,mild_master_16,-0.032523464808691574,
549,az_itd=0_az=5,7.0,7.105215104138809e-18,8.68808398846645e-06,1.9803569470474378e-09,-11.453526282780155,-0.022682070342294094,1,7,hbo,True,S1_D7 hbo,mild_master_16,-0.042153083612770655,
550,az_itd=15_az=0,7.0,7.105215104138809e-18,1.2511635763369077e-05,1.981504419819555e-09,10.843855306430937,0.02148714721757664,1,7,hbo,True,S1_D7 hbo,mild_master_16,0.04493014503867353,
551,az_itd=5_az=0,7.0,7.105215104138809e-18,1.4151305401077024e-05,1.9804786791524233e-09,-10.644707603620573,-0.02108161645478223,1,7,hbo,True,S1_D7 hbo,mild_master_16,-0.03407990459645479,
552,constant,7.0,7.105215104138809e-18,0.8676451565976276,2.3967293040671826e-09,-0.17287098776591647,-0.00041432496220161145,1,7,hbo,False,S1_D7 hbo,mild_master_16,,
770,Linear,7.0,1.0868147570200004e-15,0.12329387047581723,3.1668513896110925e-12,1.7516609355647528,5.547249867920703e-06,2,6,hbo,False,S2_D6 hbo,mild_master_16,,
771,ShortHbO,7.0,1.0868147570200004e-15,8.068537552186753e-07,0.012761517475479642,16.26996312635978,207629.41876244973,2,6,hbo,True,S2_D6 hbo,mild_master_16,,
772,az_itd=0_az=15,7.0,1.0868147570200004e-15,0.7846727516867469,2.4440311330372164e-08,0.2839381346153824,0.006939536408565067,2,6,hbo,False,S2_D6 hbo,mild_master_16,0.08015414951408445,
773,az_itd=0_az=5,7.0,1.0868147570200004e-15,6.716886855975268e-05,2.449247223486324e-08,-8.390170367128603,-0.20549601476266965,2,6,hbo,True,S2_D6 hbo,mild_master_16,-0.11838496921946305,
774,az_itd=15_az=0,7.0,1.0868147570200004e-15,1.0199132977488962e-07,2.4506663840600404e-08,-21.97691671912698,-0.5385809102885156,2,6,hbo,True,S2_D6 hbo,mild_master_16,-0.4527995356895405,
775,az_itd=5_az=0,7.0,1.0868147570200004e-15,0.40302386050508127,2.4493977781732405e-08,0.8899831838198171,0.021799228330598067,2,6,hbo,False,S2_D6 hbo,mild_master_16,0.07589936917669395,
776,constant,7.0,1.0868147570200004e-15,0.9382153389149132,2.9642043078076683e-08,0.08034023838012616,0.002381448806966649,2,6,hbo,False,S2_D6 hbo,mild_master_16,,
784,Linear,7.0,1.285887717470477e-15,0.9694880566100182,3.444700312373893e-12,0.03963863951640606,1.365432339242401e-07,2,8,hbo,False,S2_D8 hbo,mild_master_16,,
785,ShortHbO,7.0,1.285887717470477e-15,1.7831730230727092e-07,0.013881170230582909,20.268485646777123,281350.29957903957,2,8,hbo,True,S2_D8 hbo,mild_master_16,,
786,az_itd=0_az=15,7.0,1.285887717470477e-15,1.2015691014391736e-05,2.658462230038118e-08,-10.909989310425868,-0.2900379451188678,2,8,hbo,True,S2_D8 hbo,mild_master_16,0.024752756737784338,
787,az_itd=0_az=5,7.0,1.285887717470477e-15,0.00014509659491390017,2.664135962774159e-08,-7.434613100755418,-0.19806820131034408,2,8,hbo,True,S2_D8 hbo,mild_master_16,0.045431889980999535,
788,az_itd=15_az=0,7.0,1.285887717470477e-15,0.09448832885124446,2.6656796357382983e-08,1.9331128554051447,0.051530595722374076,2,8,hbo,False,S2_D8 hbo,mild_master_16,0.06519133674610682,
789,az_itd=5_az=0,7.0,1.285887717470477e-15,0.0002636035908455349,2.6642997266245095e-08,6.755829225810863,0.17999553959449752,2,8,hbo,True,S2_D8 hbo,mild_master_16,-0.19850542998891613,
790,constant,7.0,1.285887717470477e-15,0.6151834436625733,3.224273655070079e-08,0.525927296369788,0.016957335261673406,2,8,hbo,False,S2_D8 hbo,mild_master_16,,
798,Linear,7.0,1.6230076655245075e-17,0.7128586499981253,3.8699932356369723e-13,-0.38331928723904435,-1.483443048704287e-07,3,6,hbo,False,S3_D6 hbo,mild_master_16,,
799,ShortHbO,7.0,1.6230076655245075e-17,1.0626323362541193e-08,0.0015594980701836541,30.451190793189294,47488.57327677296,3,6,hbo,True,S3_D6 hbo,mild_master_16,,
800,az_itd=0_az=15,7.0,1.6230076655245075e-17,0.04983210076078326,2.9866838663691556e-09,2.3669110296281834,0.007069214985321703,3,6,hbo,True,S3_D6 hbo,mild_master_16,-0.018633775499075137,
801,az_itd=0_az=5,7.0,1.6230076655245075e-17,1.6599655063517357e-05,2.9930580949864945e-09,-10.391531867688075,-0.03110245857589392,3,6,hbo,True,S3_D6 hbo,mild_master_16,-0.04991067663190658,
802,az_itd=15_az=0,7.0,1.6230076655245075e-17,0.008451172434870473,2.9947923543958823e-09,3.625235463634696,0.010856827449378,3,6,hbo,True,S3_D6 hbo,mild_master_16,0.041036277479323494,
803,az_itd=5_az=0,7.0,1.6230076655245075e-17,8.123635786571394e-06,2.9932420776078045e-09,11.569155165091736,0.03462928204252625,3,6,hbo,True,S3_D6 hbo,mild_master_16,0.052872371490014024,
804,constant,7.0,1.6230076655245075e-17,0.9272983842825528,3.622352049071178e-09,-0.09458062733691518,-0.0003426043292363122,3,6,hbo,False,S3_D6 hbo,mild_master_16,,
812,Linear,7.0,2.771915437552691e-17,0.22993188935668468,5.057546785921887e-13,1.3150522813160317,6.650938438689141e-07,3,7,hbo,False,S3_D7 hbo,mild_master_16,,
813,ShortHbO,7.0,2.771915437552691e-17,3.2444537028017776e-09,0.0020380486404675963,36.11008101955573,73594.1015290803,3,7,hbo,True,S3_D7 hbo,mild_master_16,,
814,az_itd=0_az=15,7.0,2.771915437552691e-17,0.015308598825770122,3.903183408648481e-09,-3.1884976364032673,-0.012445291072924131,3,7,hbo,True,S3_D7 hbo,mild_master_16,-0.06762677273670437,
815,az_itd=0_az=5,7.0,2.771915437552691e-17,5.462447755262777e-06,3.911513645290625e-09,-12.274382755418431,-0.04801141563533913,3,7,hbo,True,S3_D7 hbo,mild_master_16,-0.05756493218174564,
816,az_itd=15_az=0,7.0,2.771915437552691e-17,0.0034845802103579972,3.9137800828701886e-09,-4.318970442815844,-0.01690350049759769,3,7,hbo,True,S3_D7 hbo,mild_master_16,0.007791045425501691,
817,az_itd=5_az=0,7.0,2.771915437552691e-17,0.012158273476172125,3.911754085172148e-09,-3.3555387691324867,-0.013126042488107526,3,7,hbo,True,S3_D7 hbo,mild_master_16,-0.030978149077234046,
818,constant,7.0,2.771915437552691e-17,0.6949257129016188,4.733913949656331e-09,0.4087686123414224,0.0019350754361447207,3,7,hbo,False,S3_D7 hbo,mild_master_16,,
826,Linear,7.0,4.5594188193316374e-17,0.0016622832745118667,6.486413996553556e-13,4.94679277464045,3.208694589147782e-06,4,2,hbo,True,S4_D2 hbo,mild_master_16,,
827,ShortHbO,7.0,4.5594188193316374e-17,2.348164127055988e-07,0.0026138418064631497,19.474936945395935,50904.404366109644,4,2,hbo,True,S4_D2 hbo,mild_master_16,,
828,az_itd=0_az=15,7.0,4.5594188193316374e-17,1.0060247609990267e-06,5.005917802569221e-09,-15.753147826837203,-0.07885896315286899,4,2,hbo,True,S4_D2 hbo,mild_master_16,-0.07911504217087684,
829,az_itd=0_az=5,7.0,4.5594188193316374e-17,1.0902022604227543e-08,5.0166015126439585e-09,-30.339221643382384,-0.1521997851886324,4,2,hbo,True,S4_D2 hbo,mild_master_16,-0.12528126320378646,
830,az_itd=15_az=0,7.0,4.5594188193316374e-17,4.549784831247282e-08,5.019508268243198e-09,-24.69581096763207,-0.12396082734300023,4,2,hbo,True,S4_D2 hbo,mild_master_16,0.031087759568002193,
831,az_itd=5_az=0,7.0,4.5594188193316374e-17,1.6678818787933468e-08,5.016909882033083e-09,-28.538762675168723,-0.14317640048605085,4,2,hbo,True,S4_D2 hbo,mild_master_16,-0.1545515234275552,
832,constant,7.0,4.5594188193316374e-17,0.2742687389027149,6.0713478295453565e-09,1.1861206069471335,0.007201350772567499,4,2,hbo,False,S4_D2 hbo,mild_master_16,,
840,Linear,7.0,2.935098957869462e-16,0.10145107095682111,1.6457402639129107e-12,-1.8847778961713262,-3.1018548722622195e-06,4,4,hbo,False,S4_D4 hbo,mild_master_16,,
841,ShortHbO,7.0,2.935098957869462e-16,2.16631552272989e-06,0.006631868867267646,-14.074905551076615,-93342.92793391757,4,4,hbo,True,S4_D4 hbo,mild_master_16,,
842,az_itd=0_az=15,7.0,2.935098957869462e-16,3.835863930156738e-05,1.2701071023070623e-08,9.148004316878433,0.11618945254802963,4,4,hbo,True,S4_D4 hbo,mild_master_16,0.09891421947631443,
843,az_itd=0_az=5,7.0,2.935098957869462e-16,0.0005334868388281934,1.2728177852587377e-08,6.016369448450551,0.07657742036675164,4,4,hbo,True,S4_D4 hbo,mild_master_16,-0.00967131779384795,
844,az_itd=15_az=0,7.0,2.935098957869462e-16,1.1324371165536007e-05,1.273555290562834e-08,11.007537955064974,0.14018708198744198,4,4,hbo,True,S4_D4 hbo,mild_master_16,0.12526083249742667,
845,az_itd=5_az=0,7.0,2.935098957869462e-16,0.15756001944159517,1.2728960250874182e-08,1.5824586490205526,0.020143053242034668,4,4,hbo,False,S4_D4 hbo,mild_master_16,-0.13580018553624879,
846,constant,7.0,2.935098957869462e-16,0.7433518040342033,1.5404292085907647e-08,0.34066425570287945,0.005247691698075485,4,4,hbo,False,S4_D4 hbo,mild_master_16,,
854,Linear,7.0,5.606468297256146e-17,0.0388160520456179,7.192744038760803e-13,2.5373128281684636,1.8250241719280034e-06,5,1,hbo,True,S5_D1 hbo,mild_master_16,,
855,ShortHbO,7.0,5.606468297256146e-17,2.3146408470044047e-09,0.0028984728821951564,37.903109532714744,109861.13513144641,5,1,hbo,True,S5_D1 hbo,mild_master_16,,
856,az_itd=0_az=15,7.0,5.606468297256146e-17,0.0004176344781488831,5.551031039968719e-09,-6.266009470213195,-0.03478281306589139,5,1,hbo,True,S5_D1 hbo,mild_master_16,-0.08872268836624844,
857,az_itd=0_az=5,7.0,5.606468297256146e-17,3.7303770935194877e-07,5.562878139458938e-09,-18.207692771908107,-0.10128717609083211,5,1,hbo,True,S5_D1 hbo,mild_master_16,-0.11389098050446249,
858,az_itd=15_az=0,7.0,5.606468297256146e-17,5.5391553018910354e-05,5.56610142261966e-09,-8.644677880735067,-0.04811715385004816,5,1,hbo,True,S5_D1 hbo,mild_master_16,0.006638986915548919,
859,az_itd=5_az=0,7.0,5.606468297256146e-17,1.0286683258293334e-05,5.563220088351891e-09,-11.167427733252664,-0.06212685830084924,5,1,hbo,True,S5_D1 hbo,mild_master_16,-0.13904121363467453,
860,constant,7.0,5.606468297256146e-17,0.7078169010110575,6.732479754053445e-09,0.39044543319912983,0.0026286659740757685,5,1,hbo,False,S5_D1 hbo,mild_master_16,,
868,Linear,7.0,5.200744474648965e-17,0.3437177535046391,6.927598006588052e-13,1.0154035376626955,7.034307523394545e-07,5,2,hbo,False,S5_D2 hbo,mild_master_16,,
869,ShortHbO,7.0,5.200744474648965e-17,2.146467281339847e-09,0.002791626513141439,38.31552571078577,106962.63743918203,5,2,hbo,True,S5_D2 hbo,mild_master_16,,
870,az_itd=0_az=15,7.0,5.200744474648965e-17,0.008134111314161741,5.346403453225197e-09,3.6540545982173316,0.01953605012218255,5,2,hbo,True,S5_D2 hbo,mild_master_16,-0.023628622415746547,
871,az_itd=0_az=5,7.0,5.200744474648965e-17,1.195014464641819e-06,5.357813833237332e-09,-15.360761901460046,-0.08230010260470762,5,2,hbo,True,S5_D2 hbo,mild_master_16,-0.050242736704047615,
872,az_itd=15_az=0,7.0,5.200744474648965e-17,0.02518916611391496,5.360918296551828e-09,-2.835983991387524,-0.01520347846815746,5,2,hbo,True,S5_D2 hbo,mild_master_16,0.06430702336691127,
873,az_itd=5_az=0,7.0,5.200744474648965e-17,0.014580359508707145,5.358143176872587e-09,-3.2236051958335916,-0.017272538184986776,5,2,hbo,True,S5_D2 hbo,mild_master_16,-0.09543640275216057,
874,constant,7.0,5.200744474648965e-17,0.7562593382276245,6.484300438363769e-09,0.32282129415110905,0.0020932702591771957,5,2,hbo,False,S5_D2 hbo,mild_master_16,,
882,Linear,7.0,3.9989277778336337e-17,0.002439255161725401,6.07465615834343e-13,4.615435656206977,2.8037184632415565e-06,5,3,hbo,True,S5_D3 hbo,mild_master_16,,
883,ShortHbO,7.0,3.9989277778336337e-17,4.48444488911288e-08,0.002447915016680016,24.74741676325007,60579.5731187986,5,3,hbo,True,S5_D3 hbo,mild_master_16,,
884,az_itd=0_az=15,7.0,3.9989277778336337e-17,2.653342831707297e-07,4.688141926139088e-09,-19.13237891166754,-0.08969530772256794,5,3,hbo,True,S5_D3 hbo,mild_master_16,-0.0980600783019769,
885,az_itd=0_az=5,7.0,3.9989277778336337e-17,5.3302186122763725e-09,4.698147433840869e-09,-33.625603409799155,-0.15797804237109866,5,3,hbo,True,S5_D3 hbo,mild_master_16,-0.16106302147123946,
886,az_itd=15_az=0,7.0,3.9989277778336337e-17,5.638349734165533e-07,4.700869668470219e-09,-17.144164958596285,-0.08059248504511528,5,3,hbo,True,S5_D3 hbo,mild_master_16,0.04110187039126761,
887,az_itd=5_az=0,7.0,3.9989277778336337e-17,2.0886914163924938e-07,4.698436227927969e-09,-19.808789207655067,-0.09307033284463515,5,3,hbo,True,S5_D3 hbo,mild_master_16,-0.09792350290138538,
888,constant,7.0,3.9989277778336337e-17,0.3485541582713945,5.685938409387527e-09,1.0045801208684773,0.00571198069455324,5,3,hbo,False,S5_D3 hbo,mild_master_16,,
896,Linear,7.0,6.457203291592785e-17,0.7588493889636247,7.719197453875558e-13,-0.3192549887870718,-2.464392296582235e-07,6,1,hbo,False,S6_D1 hbo,mild_master_16,,
897,ShortHbO,7.0,6.457203291592785e-17,8.163806017074998e-10,0.0031106187529819115,44.01215638150187,136905.0389994722,6,1,hbo,True,S6_D1 hbo,mild_master_16,,
898,az_itd=0_az=15,7.0,6.457203291592785e-17,0.0017870874403278759,5.957323719459511e-09,4.883192362521125,0.02909075768793063,6,1,hbo,True,S6_D1 hbo,mild_master_16,-0.0004952034464415007,
899,az_itd=0_az=5,7.0,6.457203291592785e-17,0.0009643653463675103,5.970037935303686e-09,-5.441826129381193,-0.032487908429732544,6,1,hbo,True,S6_D1 hbo,mild_master_16,-0.056198147280782505,
900,az_itd=15_az=0,7.0,6.457203291592785e-17,0.0010221692601853213,5.973497137943636e-09,5.387438523000738,0.0321818485979922,6,1,hbo,True,S6_D1 hbo,mild_master_16,0.05920024024612419,
901,az_itd=5_az=0,7.0,6.457203291592785e-17,0.006406928475405469,5.970404912219536e-09,3.836093271313792,0.022903030110784175,6,1,hbo,True,S6_D1 hbo,mild_master_16,-0.05386262854656273,
902,constant,7.0,6.457203291592785e-17,0.9945717135881365,7.225245371683156e-09,-0.00704994590093127,-5.093758899132029e-05,6,1,hbo,False,S6_D1 hbo,mild_master_16,,
910,Linear,7.0,5.5054761588856035e-17,0.2054438610844908,7.127666376467407e-13,1.3958175870918248,9.948922083196267e-07,6,2,hbo,False,S6_D2 hbo,mild_master_16,,
911,ShortHbO,7.0,5.5054761588856035e-17,2.8732133383983263e-09,0.0028722484206575877,36.745393485129185,105541.89840410392,6,2,hbo,True,S6_D2 hbo,mild_master_16,,
912,az_itd=0_az=15,7.0,5.5054761588856035e-17,0.8527138086146071,5.500807075171346e-09,-0.192635878174404,-0.0010596528015936071,6,2,hbo,False,S6_D2 hbo,mild_master_16,-0.045633219959571564,
913,az_itd=0_az=5,7.0,5.5054761588856035e-17,1.393873701496384e-05,5.512546985870245e-09,-10.669004796919978,-0.05881339023549642,6,2,hbo,True,S6_D2 hbo,mild_master_16,-0.0787447309775279,
914,az_itd=15_az=0,7.0,5.5054761588856035e-17,0.0008334495065272742,5.5157411057892516e-09,-5.579746651468768,-0.030776437965396215,6,2,hbo,True,S6_D2 hbo,mild_master_16,0.013314423777592926,
915,az_itd=5_az=0,7.0,5.5054761588856035e-17,6.149366822567799e-05,5.5128858409182834e-09,-8.505913074203228,-0.04689212775085669,6,2,hbo,True,S6_D2 hbo,mild_master_16,-0.13547461157596594,
916,constant,7.0,5.5054761588856035e-17,0.7436891844227961,6.671566416741515e-09,0.34019634370492235,0.002269642501760014,6,2,hbo,False,S6_D2 hbo,mild_master_16,,
938,Linear,7.0,5.409421312589553e-19,0.5367546172088709,7.065214056209961e-14,0.6494712248985869,4.588653227257396e-08,7,7,hbo,False,S7_D7 hbo,mild_master_16,,
939,ShortHbO,7.0,5.409421312589553e-19,0.2436100455608014,0.00028470818978783947,1.2731587712590375,362.4787290776706,7,7,hbo,False,S7_D7 hbo,mild_master_16,,
940,az_itd=0_az=15,7.0,5.409421312589553e-19,0.250807781274873,5.452609229342416e-10,-1.2519214816863697,-0.0006826238625455132,7,7,hbo,False,S7_D7 hbo,mild_master_16,-0.002803225169594463,
941,az_itd=0_az=5,7.0,5.409421312589553e-19,0.0003891192110095343,5.464246275425599e-10,-6.3395059921440575,-0.0034640622005611436,7,7,hbo,True,S7_D7 hbo,mild_master_16,-0.005551627071054084,
942,az_itd=15_az=0,7.0,5.409421312589553e-19,0.24412038181263973,5.467412408596967e-10,-1.2716353867907135,-0.0006952555092950551,7,7,hbo,False,S7_D7 hbo,mild_master_16,-0.0036859170530082457,
943,az_itd=5_az=0,7.0,5.409421312589553e-19,0.09501521687782001,5.464582161439613e-10,1.9293355413520865,0.001054301258270405,7,7,hbo,False,S7_D7 hbo,mild_master_16,-0.0056595417149881274,
944,constant,7.0,5.409421312589553e-19,0.9520800192549073,6.613110425611965e-10,-0.06228110105099592,-4.118717986789334e-05,7,7,hbo,False,S7_D7 hbo,mild_master_16,,
924,Linear,7.0,1.0793580158194857e-16,0.7386423646848734,9.980049169827403e-13,0.3472045850337436,3.465118830626281e-07,7,17,hbo,False,S7_D17 hbo,mild_master_16,,
925,ShortHbO,7.0,1.0793580158194857e-16,0.0031034592217409553,0.004021678197616311,-4.414075792767922,-17751.992378400686,7,17,hbo,True,S7_D17 hbo,mild_master_16,,
926,az_itd=0_az=15,7.0,1.0793580158194857e-16,0.004613918803309973,7.702145721241381e-09,4.092927989139528,0.03152432779890011,7,17,hbo,True,S7_D17 hbo,mild_master_16,0.0656583924018832,
927,az_itd=0_az=5,7.0,1.0793580158194857e-16,9.871094556474637e-05,7.718583764190646e-09,7.9006597161573895,0.0609819038115275,7,17,hbo,True,S7_D17 hbo,mild_master_16,0.201752740448766,
928,az_itd=15_az=0,7.0,1.0793580158194857e-16,4.062008891696615e-06,7.723056121924902e-09,-12.826299496493915,-0.09905823084803962,7,17,hbo,True,S7_D17 hbo,mild_master_16,-0.15331714528782983,
929,az_itd=5_az=0,7.0,1.0793580158194857e-16,0.021772318159021208,7.719058223833148e-09,-2.938089454197974,-0.022679283563784316,7,17,hbo,True,S7_D17 hbo,mild_master_16,0.038893823424220694,
930,constant,7.0,1.0793580158194857e-16,0.8801300362676769,9.341424999727468e-09,-0.15640368865745366,-0.001461033327274329,7,17,hbo,False,S7_D17 hbo,mild_master_16,,
994,Linear,7.0,1.5054990876254066e-17,0.915269443319872,3.7272641206470834e-13,-0.11029704615334805,-4.1110622274072964e-08,8,6,hbo,False,S8_D6 hbo,mild_master_16,,
995,ShortHbO,7.0,1.5054990876254066e-17,3.214995906374647e-08,0.001501982264384289,25.96429783594529,38997.9148567812,8,6,hbo,True,S8_D6 hbo,mild_master_16,,
996,az_itd=0_az=15,7.0,1.5054990876254066e-17,0.0006124178872590097,2.8765320601396325e-09,-5.878868723300625,-0.0169107543599264,8,6,hbo,True,S8_D6 hbo,mild_master_16,-0.03496250618108142,
997,az_itd=0_az=5,7.0,1.5054990876254066e-17,0.003599197054533416,2.8826712010051588e-09,4.292593905657085,0.012374136829447933,8,6,hbo,True,S8_D6 hbo,mild_master_16,0.03339194632062945,
998,az_itd=15_az=0,7.0,1.5054990876254066e-17,0.011203395034191651,2.884341499240562e-09,-3.415521383445735,-0.009851530067816068,8,6,hbo,True,S8_D6 hbo,mild_master_16,-0.011163022411161004,
999,az_itd=5_az=0,7.0,1.5054990876254066e-17,4.913483203557504e-07,2.8828483981684295e-09,17.491643785128147,0.05042575726728945,8,6,hbo,True,S8_D6 hbo,mild_master_16,0.08392224504528369,
1000,constant,7.0,1.5054990876254066e-17,0.5320629536416304,3.4887561819299164e-09,-0.6571921782186503,-0.0022927832744763037,8,6,hbo,False,S8_D6 hbo,mild_master_16,,
1008,Linear,7.0,4.5211600809348936e-17,0.5014123573906226,6.459142450270658e-13,-0.7087193938166663,-4.5777195219313176e-07,8,7,hbo,False,S8_D7 hbo,mild_master_16,,
1009,ShortHbO,7.0,4.5211600809348936e-17,1.2362997088839838e-07,0.0026028521428618123,21.373301469347858,55631.543529523595,8,7,hbo,True,S8_D7 hbo,mild_master_16,,
1010,az_itd=0_az=15,7.0,4.5211600809348936e-17,0.00012984672439804123,4.984870869839722e-09,7.566612762047628,0.0377185875408887,8,7,hbo,True,S8_D7 hbo,mild_master_16,0.047813777618885465,
1011,az_itd=0_az=5,7.0,4.5211600809348936e-17,0.7058793321985992,4.995509661213012e-09,0.3931899346395184,0.001964184117183427,8,7,hbo,False,S8_D7 hbo,mild_master_16,0.024024478309820116,
1012,az_itd=15_az=0,7.0,4.5211600809348936e-17,4.570117875411978e-05,4.998404195618861e-09,-8.90504964897111,-0.04451103752761146,8,7,hbo,True,S8_D7 hbo,mild_master_16,-0.05173581029429062,
1013,az_itd=5_az=0,7.0,4.5211600809348936e-17,3.513641114026885e-05,4.995816734090678e-09,9.271851295848524,0.04632046985980039,8,7,hbo,True,S8_D7 hbo,mild_master_16,0.07512899116091662,
1014,constant,7.0,4.5211600809348936e-17,0.8766679276116253,6.045821391760012e-09,0.16096508565738812,0.0009731661581939199,8,7,hbo,False,S8_D7 hbo,mild_master_16,,
1022,Linear,7.0,3.1287148510490455e-18,0.49815442393117937,1.6991546651822524e-13,0.7143139113647853,1.213729814900057e-07,8,8,hbo,False,S8_D8 hbo,mild_master_16,,
1023,ShortHbO,7.0,3.1287148510490455e-18,6.245948274514133e-05,0.0006847113831864705,8.485383059759167,5810.038371714744,8,8,hbo,True,S8_D8 hbo,mild_master_16,,
1024,az_itd=0_az=15,7.0,3.1287148510490455e-18,9.387409777949314e-07,1.31132989542046e-09,-15.913597774658742,-0.020867976505606515,8,8,hbo,True,S8_D8 hbo,mild_master_16,-0.02783651960489814,
1025,az_itd=0_az=5,7.0,3.1287148510490455e-18,4.541938057175705e-06,1.3141285567184573e-09,12.615583809299752,0.016578498943475822,8,8,hbo,True,S8_D8 hbo,mild_master_16,0.034246740548086095,
1026,az_itd=15_az=0,7.0,3.1287148510490455e-18,0.6193592660417688,1.3148899986090948e-09,-0.5196062101620816,-0.0006832250089572965,8,8,hbo,False,S8_D8 hbo,mild_master_16,-0.006114084540756235,
1027,az_itd=5_az=0,7.0,3.1287148510490455e-18,0.0014634534391470486,1.3142093359111529e-09,-5.059939227143008,-0.006649819371454405,8,8,hbo,True,S8_D8 hbo,mild_master_16,-0.0008817886817759371,
1028,constant,7.0,3.1287148510490455e-18,0.73111186182961,1.5904256179142202e-09,-0.3576976487225251,-0.0005688915039959857,8,8,hbo,False,S8_D8 hbo,mild_master_16,,
952,Linear,7.0,3.926863317786066e-17,0.6306368629514891,6.019671790406552e-13,0.5026475040534817,3.0257730006690073e-07,8,16,hbo,False,S8_D16 hbo,mild_master_16,,
953,ShortHbO,7.0,3.926863317786066e-17,0.0006793098152189184,0.0024257578679547378,5.77703622359648,14013.691072848687,8,16,hbo,True,S8_D16 hbo,mild_master_16,,
954,az_itd=0_az=15,7.0,3.926863317786066e-17,0.4435146515359345,4.645707504521153e-09,0.8120173157062672,0.0037723949373777276,8,16,hbo,False,S8_D16 hbo,mild_master_16,0.032354277527016195,
955,az_itd=0_az=5,7.0,3.926863317786066e-17,0.04837024321387877,4.655622447999622e-09,2.387160738804004,0.011113719122559283,8,16,hbo,True,S8_D16 hbo,mild_master_16,0.05866861300259143,
956,az_itd=15_az=0,7.0,3.926863317786066e-17,2.1436217258729327e-07,4.658320042493535e-09,-19.73430263467526,-0.09192869748774074,8,16,hbo,True,S8_D16 hbo,mild_master_16,-0.07112725350119323,
957,az_itd=5_az=0,7.0,3.926863317786066e-17,0.0228528389248616,4.655908628085216e-09,-2.9040720888804343,-0.013521094295199869,8,16,hbo,True,S8_D16 hbo,mild_master_16,0.06489693796356764,
958,constant,7.0,3.926863317786066e-17,0.5968590781080916,5.634472495693172e-09,0.5539454839627288,0.0031211905935014388,8,16,hbo,False,S8_D16 hbo,mild_master_16,,
966,Linear,7.0,1.33046250274179e-16,0.6623067832991879,1.1080292877452084e-12,0.45584392059764783,5.050884146627951e-07,8,17,hbo,False,S8_D17 hbo,mild_master_16,,
967,ShortHbO,7.0,1.33046250274179e-16,4.932524416716239e-06,0.004465045365024289,12.461987142532623,55643.33792975758,8,17,hbo,True,S8_D17 hbo,mild_master_16,,
968,az_itd=0_az=15,7.0,1.33046250274179e-16,0.01720159262413698,8.551263518238242e-09,-3.104987892340293,-0.026551569688340996,8,17,hbo,True,S8_D17 hbo,mild_master_16,0.07437949639555425,
969,az_itd=0_az=5,7.0,1.33046250274179e-16,0.053230798667486014,8.569513762010652e-09,2.3220842729117286,0.019899133133265558,8,17,hbo,False,S8_D17 hbo,mild_master_16,0.15960652462942973,
970,az_itd=15_az=0,7.0,1.33046250274179e-16,2.296089096990106e-06,8.574479171770169e-09,-13.954745838479427,-0.1196546775393883,8,17,hbo,True,S8_D17 hbo,mild_master_16,-0.07395169098179104,
971,az_itd=5_az=0,7.0,1.33046250274179e-16,0.015413092411820756,8.570040528132541e-09,-3.183606992623395,-0.027283640952428655,8,17,hbo,True,S8_D17 hbo,mild_master_16,0.013013937575284035,
972,constant,7.0,1.33046250274179e-16,0.5990299979752274,1.0371264021690503e-08,0.5506015861099567,0.005710434420307918,8,17,hbo,False,S8_D17 hbo,mild_master_16,,
980,Linear,7.0,1.36166110628697e-17,0.1403957668080269,3.544740414228424e-13,1.6623474652451333,5.892590242544606e-07,8,18,hbo,False,S8_D18 hbo,mild_master_16,,
981,ShortHbO,7.0,1.36166110628697e-17,0.00046201662078791813,0.0014284303611660871,-6.162137345488595,-8802.184073971306,8,18,hbo,True,S8_D18 hbo,mild_master_16,,
982,az_itd=0_az=15,7.0,1.36166110628697e-17,5.5904636337766977e-05,2.735668607415591e-09,-8.6323586409405,-0.023615272541973643,8,18,hbo,True,S8_D18 hbo,mild_master_16,-0.008631734874085684,
983,az_itd=0_az=5,7.0,1.36166110628697e-17,0.041421896301150674,2.741507115240707e-09,2.4928748219558337,0.006834234061796329,8,18,hbo,True,S8_D18 hbo,mild_master_16,0.0429326086561784,
984,az_itd=15_az=0,7.0,1.36166110628697e-17,4.729486254157914e-08,2.7430956191586474e-09,-24.55813372523253,-0.06736530903639759,8,18,hbo,True,S8_D18 hbo,mild_master_16,-0.06610894987924598,
985,az_itd=5_az=0,7.0,1.36166110628697e-17,6.131383808932262e-05,2.741675635078744e-09,-8.509775927276417,-0.023331045319793374,8,18,hbo,True,S8_D18 hbo,mild_master_16,-0.028359316585816093,
986,constant,7.0,1.36166110628697e-17,0.5959238237315638,3.3179121825499347e-09,0.5553881597472914,0.0018427291412695273,8,18,hbo,False,S8_D18 hbo,mild_master_16,,
1050,Linear,7.0,4.2987890116010446e-17,0.07536824608656864,6.298294813679863e-13,2.0864119832165047,1.3140837773092028e-06,9,5,hbo,False,S9_D5 hbo,mild_master_16,,
1051,ShortHbO,7.0,4.2987890116010446e-17,1.735069354461596e-10,0.0025380350841271706,54.94195396865479,139444.6067629459,9,5,hbo,True,S9_D5 hbo,mild_master_16,,
1052,az_itd=0_az=15,7.0,4.2987890116010446e-17,0.00019520630040420782,4.8607360169088306e-09,-7.090970351902965,-0.03446733498432743,9,5,hbo,True,S9_D5 hbo,mild_master_16,-0.005891962348346977,
1053,az_itd=0_az=5,7.0,4.2987890116010446e-17,1.5211114787652e-06,4.871109877687734e-09,-14.826379994891258,-0.07222092604346662,9,5,hbo,True,S9_D5 hbo,mild_master_16,-0.04865318364482655,
1054,az_itd=15_az=0,7.0,4.2987890116010446e-17,3.1987280434558163e-07,4.873932331469601e-09,-18.619543558490484,-0.09075039534693333,9,5,hbo,True,S9_D5 hbo,mild_master_16,-0.0014688094019470641,
1055,az_itd=5_az=0,7.0,4.2987890116010446e-17,0.9171363632268277,4.871409303738129e-09,0.10785589401968067,0.000525410205590466,9,5,hbo,False,S9_D5 hbo,mild_master_16,0.017793976648417052,
1056,constant,7.0,4.2987890116010446e-17,0.4959605290615029,5.8952664087105325e-09,0.7180947168432192,0.004233359662478332,9,5,hbo,False,S9_D5 hbo,mild_master_16,,
1064,Linear,7.0,3.3567660483564313e-17,0.7373345677843554,5.565580354387655e-13,0.3490237656535426,1.9425198133357576e-07,9,6,hbo,False,S9_D6 hbo,mild_master_16,,
1065,ShortHbO,7.0,3.3567660483564313e-17,3.240073458310657e-10,0.0022427718328275116,50.242168341308506,112681.71997606485,9,6,hbo,True,S9_D6 hbo,mild_master_16,,
1066,az_itd=0_az=15,7.0,3.3567660483564313e-17,0.13915865659689,4.29526049254057e-09,-1.668453299213894,-0.007166441539762409,9,6,hbo,False,S9_D6 hbo,mild_master_16,0.01681720158094526,
1067,az_itd=0_az=5,7.0,3.3567660483564313e-17,0.12479672038960556,4.30442750638451e-09,-1.7433555703142216,-0.007504147670269189,9,6,hbo,False,S9_D6 hbo,mild_master_16,0.009281420494657713,
1068,az_itd=15_az=0,7.0,3.3567660483564313e-17,0.07281732717940725,4.30692160896056e-09,-2.1097311608416223,-0.009086446725726229,9,6,hbo,False,S9_D6 hbo,mild_master_16,0.04267925907431924,
1069,az_itd=5_az=0,7.0,3.3567660483564313e-17,0.0036711335559602453,4.30469209859446e-09,4.276506584277136,0.018409044102924974,9,6,hbo,True,S9_D6 hbo,mild_master_16,0.04852946704794722,
1070,constant,7.0,3.3567660483564313e-17,0.7514265637591675,5.209438408144439e-09,0.32948808763283993,0.0017164478987405773,9,6,hbo,False,S9_D6 hbo,mild_master_16,,
1036,Linear,7.0,4.836453548241483e-17,0.006459561664918106,6.680568645128777e-13,3.8297903962210156,2.558517763840943e-06,9,15,hbo,True,S9_D15 hbo,mild_master_16,,
1037,ShortHbO,7.0,4.836453548241483e-17,2.8151211991163764e-09,0.002692080651167592,36.85326552365464,99211.96304857236,9,15,hbo,True,S9_D15 hbo,mild_master_16,,
1038,az_itd=0_az=15,7.0,4.836453548241483e-17,2.895588370292063e-06,5.155757484752733e-09,-13.485124673813937,-0.06952603246983996,9,15,hbo,True,S9_D15 hbo,mild_master_16,-0.027291140654391192,
1039,az_itd=0_az=5,7.0,4.836453548241483e-17,2.2704602809099225e-08,5.166760985080782e-09,-27.299008264489753,-0.14104745083236347,9,15,hbo,True,S9_D15 hbo,mild_master_16,-0.14088875528154401,
1040,az_itd=15_az=0,7.0,4.836453548241483e-17,1.386192489498939e-07,5.169754747169611e-09,-21.021972069617938,-0.10867843990177431,9,15,hbo,True,S9_D15 hbo,mild_master_16,-0.016391446125408892,
1041,az_itd=5_az=0,7.0,4.836453548241483e-17,0.0016949505340976693,5.167078584739576e-09,-4.9296463000959,-0.025471869827566208,9,15,hbo,True,S9_D15 hbo,mild_master_16,-0.003313257671410783,
1042,constant,7.0,4.836453548241483e-17,0.4919379938042915,6.25307850613332e-09,0.7250554209000306,0.004533828468185429,9,15,hbo,False,S9_D15 hbo,mild_master_16,,
0,Linear,7.0,5.098476296529746e-17,0.19529215654208074,6.85914719357815e-13,1.4318253594288024,9.821100895820096e-07,10,14,hbo,False,S10_D14 hbo,mild_master_16,,
1,ShortHbO,7.0,5.098476296529746e-17,2.5316744739971833e-10,0.0027640427670489543,52.04889418310555,143865.36949970928,10,14,hbo,True,S10_D14 hbo,mild_master_16,,
2,az_itd=0_az=15,7.0,5.098476296529746e-17,0.4431815035826,5.293576244905057e-09,0.8126376858077359,0.00430175954930645,10,14,hbo,False,S10_D14 hbo,mild_master_16,0.005324171163898255,
3,az_itd=0_az=5,7.0,5.098476296529746e-17,6.471069876140712e-05,5.304873880241789e-09,-8.43889156536038,-0.044767255443273035,10,14,hbo,True,S10_D14 hbo,mild_master_16,-0.02596070279185921,
4,az_itd=15_az=0,7.0,5.098476296529746e-17,1.3617433288950805e-06,5.307947668705112e-09,-15.06927522476708,-0.07998692429837813,10,14,hbo,True,S10_D14 hbo,mild_master_16,-0.003273391291237121,
5,az_itd=5_az=0,7.0,5.098476296529746e-17,0.0013117761086880626,5.305199969669803e-09,-5.158398542038615,-0.02736633578876801,10,14,hbo,True,S10_D14 hbo,mild_master_16,-0.029002946424946413,
6,constant,7.0,5.098476296529746e-17,0.6499574142864362,6.420229798528092e-09,0.4739570765619696,0.003042913346166418,10,14,hbo,False,S10_D14 hbo,mild_master_16,,
14,Linear,7.0,1.6232595682770957e-17,0.7055902395929203,3.870293549722283e-13,-0.393599708169758,-1.5233464117019874e-07,10,15,hbo,False,S10_D15 hbo,mild_master_16,,
15,ShortHbO,7.0,1.6232595682770957e-17,4.2192866372340744e-09,0.0015596190882857476,34.773473948427124,54233.3737359741,10,15,hbo,True,S10_D15 hbo,mild_master_16,,
16,az_itd=0_az=15,7.0,1.6232595682770957e-17,0.0004788689171475684,2.9869156350516388e-09,6.1255936346242885,0.018296631401232083,10,15,hbo,True,S10_D15 hbo,mild_master_16,0.01629727544965135,
17,az_itd=0_az=5,7.0,1.6232595682770957e-17,0.08605372768182215,2.9932903583134177e-09,-1.9965683556891898,-0.005976308808798125,10,15,hbo,False,S10_D15 hbo,mild_master_16,-0.023251557194857952,
18,az_itd=15_az=0,7.0,1.6232595682770957e-17,0.11556021455859711,2.9950247523025053e-09,-1.7959922936158301,-0.005379041374323959,10,15,hbo,False,S10_D15 hbo,mild_master_16,-0.005847690982561514,
19,az_itd=5_az=0,7.0,1.6232595682770957e-17,0.0007355341852949575,2.993474355211903e-09,-5.699758030077325,-0.017062079493949587,10,15,hbo,True,S10_D15 hbo,mild_master_16,-0.06664663474012208,
20,constant,7.0,1.6232595682770957e-17,0.4861643642629516,3.6226331460333833e-09,0.7351120688653313,0.002663041346720724,10,15,hbo,False,S10_D15 hbo,mild_master_16,,
70,Linear,7.0,8.787229753062017e-15,0.2755572634398217,9.004838148061017e-12,1.1826459820016229,1.0649535654379296e-05,11,3,hbo,False,S11_D3 hbo,mild_master_16,,
71,ShortHbO,7.0,8.787229753062017e-15,1.8490333100873403e-05,0.036286956744269155,-10.223454646261361,-370978.05652588356,11,3,hbo,True,S11_D3 hbo,mild_master_16,,
72,az_itd=0_az=15,7.0,8.787229753062017e-15,0.0006020983666114516,6.949522435444953e-08,5.895682166548548,0.4097217548868184,11,3,hbo,True,S11_D3 hbo,mild_master_16,-0.19396114457083774,
73,az_itd=0_az=5,7.0,8.787229753062017e-15,1.3597811978872901e-05,6.964354217704756e-08,10.708865452131501,0.7458033227838478,11,3,hbo,True,S11_D3 hbo,mild_master_16,0.3993682571437503,
74,az_itd=15_az=0,7.0,8.787229753062017e-15,0.19826803015511074,6.968389554289967e-08,-1.4210999892381302,-0.09902778320608573,11,3,hbo,False,S11_D3 hbo,mild_master_16,0.5229593155040421,
75,az_itd=5_az=0,7.0,8.787229753062017e-15,1.1227731737367736e-05,6.964782315023298e-08,-11.021711651460516,-0.7676382239137842,11,3,hbo,True,S11_D3 hbo,mild_master_16,0.15805622714210626,
76,constant,7.0,8.787229753062017e-15,0.33586379335768585,8.428617811734842e-08,-1.0332368272070307,-0.08708758325537573,11,3,hbo,False,S11_D3 hbo,mild_master_16,,
28,Linear,7.0,7.737553719394757e-17,0.11165257901633233,8.449903690349504e-13,1.8194861283113821,1.5374482550158079e-06,11,11,hbo,False,S11_D11 hbo,mild_master_16,,
29,ShortHbO,7.0,7.737553719394757e-17,4.265555246903929e-09,0.0034050727471540017,34.71905898131946,118220.92154412328,11,11,hbo,True,S11_D11 hbo,mild_master_16,,
30,az_itd=0_az=15,7.0,7.737553719394757e-17,0.030759227143626867,6.521249389260547e-09,-2.6972943495523545,-0.017589729129674218,11,11,hbo,True,S11_D11 hbo,mild_master_16,-0.011078067818269083,
31,az_itd=0_az=5,7.0,7.737553719394757e-17,0.00011953353079180495,6.535167144315207e-09,-7.666212611723297,-0.050099980781468954,11,11,hbo,True,S11_D11 hbo,mild_master_16,-0.07076564237353225,
32,az_itd=15_az=0,7.0,7.737553719394757e-17,3.411647171647875e-07,6.538953798216424e-09,-18.445847649418223,-0.12061654554848479,11,11,hbo,True,S11_D11 hbo,mild_master_16,-0.0011474045780982963,
33,az_itd=5_az=0,7.0,7.737553719394757e-17,0.00030322006746308345,6.535568859598958e-09,-6.603848725082036,-0.04315990808114844,11,11,hbo,True,S11_D11 hbo,mild_master_16,-0.09801534169202963,
34,constant,7.0,7.737553719394757e-17,0.6856757689211802,7.90919365577488e-09,0.42201088598873165,0.0033377658221300124,11,11,hbo,False,S11_D11 hbo,mild_master_16,,
42,Linear,7.0,2.76859453097048e-17,0.9046010613055335,5.054516268878751e-13,0.12426174241167862,6.280829986190503e-08,11,12,hbo,False,S11_D12 hbo,mild_master_16,,
43,ShortHbO,7.0,2.76859453097048e-17,1.748356616561281e-09,0.0020368274276145845,39.45980226134359,80372.80753415263,11,12,hbo,True,S11_D12 hbo,mild_master_16,,
44,az_itd=0_az=15,7.0,2.76859453097048e-17,0.00013980695187660743,3.900844594131664e-09,7.4785502841899705,0.029172662448024266,11,12,hbo,True,S11_D12 hbo,mild_master_16,0.04118665470604079,
45,az_itd=0_az=5,7.0,2.76859453097048e-17,0.002746439553708393,3.909169839238349e-09,-4.515637109504975,-0.017652392393422284,11,12,hbo,True,S11_D12 hbo,mild_master_16,-0.03570914511108487,
46,az_itd=15_az=0,7.0,2.76859453097048e-17,0.0028282196244368164,3.9114349187528255e-09,-4.4911372940004295,-0.017566791236666355,11,12,hbo,True,S11_D12 hbo,mild_master_16,0.07776016565896404,
47,az_itd=5_az=0,7.0,2.76859453097048e-17,0.0020496383692177804,3.9094101350466306e-09,4.764122226373945,0.018624907716387216,11,12,hbo,True,S11_D12 hbo,mild_master_16,-0.015608855974118346,
48,constant,7.0,2.76859453097048e-17,0.8932928262903657,4.731077355648914e-09,-0.13909429391374756,-0.0006580658642353056,11,12,hbo,False,S11_D12 hbo,mild_master_16,,
56,Linear,7.0,8.121587479553659e-17,0.5754159805862471,8.657059126263686e-13,0.587350261230113,5.084725939295511e-07,11,20,hbo,False,S11_D20 hbo,mild_master_16,,
57,ShortHbO,7.0,8.121587479553659e-17,5.706494874891182e-08,0.00348855054229879,23.9012818511609,83380.82976350359,11,20,hbo,True,S11_D20 hbo,mild_master_16,,
58,az_itd=0_az=15,7.0,8.121587479553659e-17,0.00016391987408077832,6.681122484794194e-09,7.2917514912099834,0.048717084841454615,11,20,hbo,True,S11_D20 hbo,mild_master_16,0.12330554918340614,
59,az_itd=0_az=5,7.0,8.121587479553659e-17,0.06664647152493926,6.695381443573884e-09,-2.16970076506584,-0.014526974240529886,11,20,hbo,False,S11_D20 hbo,mild_master_16,-0.11686656472957632,
60,az_itd=15_az=0,7.0,8.121587479553659e-17,0.004704058316073779,6.699260930005306e-09,-4.0775733298811865,-0.027316727698104663,11,20,hbo,True,S11_D20 hbo,mild_master_16,0.05062765737208172,
61,az_itd=5_az=0,7.0,8.121587479553659e-17,2.5881076296195993e-05,6.695793007195293e-09,-9.714845650623653,-0.06504859557342746,11,20,hbo,True,S11_D20 hbo,mild_master_16,-0.06455965886313503,
62,constant,7.0,8.121587479553659e-17,0.9984021133952422,8.103093198246938e-09,-0.00207522519272191,-1.6815743143975597e-05,11,20,hbo,False,S11_D20 hbo,mild_master_16,,
112,Linear,7.0,6.685644769275427e-17,0.000718181037254126,7.854554710105098e-13,5.722884712858707,4.4950711076772815e-06,12,2,hbo,True,S12_D2 hbo,mild_master_16,,
113,ShortHbO,7.0,6.685644769275427e-17,2.0635467777646376e-08,0.003165163907720554,27.67732834554891,87603.28074146245,12,2,hbo,True,S12_D2 hbo,mild_master_16,,
114,az_itd=0_az=15,7.0,6.685644769275427e-17,1.7765905961874935e-07,6.061786262094995e-09,-20.27935866757227,-0.12292913777518666,12,2,hbo,True,S12_D2 hbo,mild_master_16,-0.10783767346373076,
115,az_itd=0_az=5,7.0,6.685644769275427e-17,1.2240227775721873e-09,6.074723423573357e-09,-41.52971693956177,-0.2522815442671272,12,2,hbo,True,S12_D2 hbo,mild_master_16,-0.2429535159407089,
116,az_itd=15_az=0,7.0,6.685644769275427e-17,2.6415994988237205e-08,6.078243283837482e-09,-26.709974986638063,-0.16234972607399992,12,2,hbo,True,S12_D2 hbo,mild_master_16,-0.0632372366462168,
117,az_itd=5_az=0,7.0,6.685644769275427e-17,2.2426307065474916e-08,6.0750968354830945e-09,-27.347548760627625,-0.1661390069339085,12,2,hbo,True,S12_D2 hbo,mild_master_16,-0.17570872734521434,
118,constant,7.0,6.685644769275427e-17,0.19411695934524945,7.3519411059145925e-09,1.4361012925392458,0.010558132124876359,12,2,hbo,False,S12_D2 hbo,mild_master_16,,
126,Linear,7.0,5.611486521748479e-17,0.9874874967934697,7.195962350993084e-13,-0.016251182482413088,-1.1694289730256293e-08,12,4,hbo,False,S12_D4 hbo,mild_master_16,,
127,ShortHbO,7.0,5.611486521748479e-17,1.9002308510153117e-09,0.0028997697712101742,38.99114273357771,113065.33704376989,12,4,hbo,True,S12_D4 hbo,mild_master_16,,
128,az_itd=0_az=15,7.0,5.611486521748479e-17,0.0005143051638556122,5.5535147862276484e-09,6.053241226708081,0.03361676465712612,12,4,hbo,True,S12_D4 hbo,mild_master_16,-0.011262392550902682,
129,az_itd=0_az=5,7.0,5.611486521748479e-17,0.7043007951732555,5.565367186568974e-09,-0.3954283291122551,-0.0022007038474811417,12,4,hbo,False,S12_D4 hbo,mild_master_16,-0.027651114932354073,
130,az_itd=15_az=0,7.0,5.611486521748479e-17,3.7346255704443545e-05,5.568591911951409e-09,-9.185605145832037,-0.05115088652145953,12,4,hbo,True,S12_D4 hbo,mild_master_16,0.008896704711198154,
131,az_itd=5_az=0,7.0,5.611486521748479e-17,0.03352059648494618,5.565709288463105e-09,2.6380024976065304,0.014682355003917538,12,4,hbo,True,S12_D4 hbo,mild_master_16,-0.022236978504435602,
132,constant,7.0,5.611486521748479e-17,0.820071359809025,6.7354921262203525e-09,0.2361577975772205,0.0015906389861269086,12,4,hbo,False,S12_D4 hbo,mild_master_16,,
84,Linear,7.0,1.785513982988459e-17,0.8660424261170614,4.0591168002716967e-13,0.17498871886124354,7.102996485876942e-08,12,10,hbo,False,S12_D10 hbo,mild_master_16,,
85,ShortHbO,7.0,1.785513982988459e-17,1.899205292778292e-09,0.0016357095300276042,38.994162190720246,63783.12271080319,12,10,hbo,True,S12_D10 hbo,mild_master_16,,
86,az_itd=0_az=15,7.0,1.785513982988459e-17,0.0022243144061170985,3.132640787958396e-09,4.693906389392948,0.014704322610270874,12,10,hbo,True,S12_D10 hbo,mild_master_16,0.032816320476318446,
87,az_itd=0_az=5,7.0,1.785513982988459e-17,0.004652660504076019,3.139326520179102e-09,-4.086288707137793,-0.012828194507426048,12,10,hbo,True,S12_D10 hbo,mild_master_16,-0.01987357168825608,
88,az_itd=15_az=0,7.0,1.785513982988459e-17,6.096386450459402e-06,3.14114553149929e-09,-12.075433183989382,-0.03793069298680649,12,10,hbo,True,S12_D10 hbo,mild_master_16,-0.016892586937519934,
89,az_itd=5_az=0,7.0,1.785513982988459e-17,0.08548173743806377,3.1395194938882654e-09,2.00109051672959,0.006282462686307489,12,10,hbo,False,S12_D10 hbo,mild_master_16,-0.004805539024211757,
90,constant,7.0,1.785513982988459e-17,0.6813570335726602,3.799373581195247e-09,0.4282218190493944,0.0016269746661876406,12,10,hbo,False,S12_D10 hbo,mild_master_16,,
98,Linear,7.0,4.2832632302089145e-17,0.12468491301691421,6.286910863402799e-13,1.7439701728752155,1.0964185025299648e-06,12,12,hbo,False,S12_D12 hbo,mild_master_16,,
99,ShortHbO,7.0,4.2832632302089145e-17,3.4468331222242564e-09,0.0025334476733987316,35.797797297952386,90691.84627729688,12,12,hbo,True,S12_D12 hbo,mild_master_16,,
100,az_itd=0_az=15,7.0,4.2832632302089145e-17,0.0028961263384253626,4.851950404490969e-09,-4.4713799562729974,-0.02169491378747158,12,12,hbo,True,S12_D12 hbo,mild_master_16,0.016992326000845943,
101,az_itd=0_az=5,7.0,4.2832632302089145e-17,2.515774436769717e-06,4.862305514874919e-09,-13.76797090568367,-0.06694408086334314,12,12,hbo,True,S12_D12 hbo,mild_master_16,-0.04779383901905027,
102,az_itd=15_az=0,7.0,4.2832632302089145e-17,1.4969830895454102e-07,4.865122867169087e-09,-20.789074363144884,-0.1011414010714148,12,12,hbo,True,S12_D12 hbo,mild_master_16,-0.015696545752039243,
103,az_itd=5_az=0,7.0,4.2832632302089145e-17,0.11232076111691915,4.862604399723073e-09,-1.8154132944334236,-0.008827636672827724,12,12,hbo,False,S12_D12 hbo,mild_master_16,-0.0124995026567603,
104,constant,7.0,4.2832632302089145e-17,0.41786426238493535,5.884610918351294e-09,0.8607801659234241,0.00506535636269322,12,12,hbo,False,S12_D12 hbo,mild_master_16,,
140,Linear,7.0,5.792983025863694e-17,0.3376266124027641,7.31140848459042e-13,1.0292058441311864,7.524944341170801e-07,13,1,hbo,False,S13_D1 hbo,mild_master_16,,
141,ShortHbO,7.0,5.792983025863694e-17,2.2670077568695345e-09,0.002946291305381687,38.016356847444136,112007.26164191224,13,1,hbo,True,S13_D1 hbo,mild_master_16,,
142,az_itd=0_az=15,7.0,5.792983025863694e-17,0.002499673436847073,5.642610834632785e-09,4.594748511930742,0.02592637773583327,13,1,hbo,True,S13_D1 hbo,mild_master_16,-0.03993500927648394,
143,az_itd=0_az=5,7.0,5.792983025863694e-17,1.344171575655844e-06,5.654653385189817e-09,-15.098024772078961,-0.08537409688711602,13,1,hbo,True,S13_D1 hbo,mild_master_16,-0.0901072281052655,
144,az_itd=15_az=0,7.0,5.792983025863694e-17,0.05714585891770231,5.657929845428433e-09,-2.2739244344052563,-0.012865704923670469,13,1,hbo,False,S13_D1 hbo,mild_master_16,0.040642530901823744,
145,az_itd=5_az=0,7.0,5.792983025863694e-17,0.009327981573304962,5.655000975486894e-09,-3.551260007043991,-0.020082378804041366,13,1,hbo,True,S13_D1 hbo,mild_master_16,-0.08745375387431852,
146,constant,7.0,5.792983025863694e-17,0.837070670661684,6.843550852200226e-09,0.21343531207569516,0.0014606554118452447,13,1,hbo,False,S13_D1 hbo,mild_master_16,,
168,Linear,7.0,3.158476454822139e-17,0.4028548116789184,5.39869437400793e-13,0.890320329200887,4.806567352321717e-07,13,2,hbo,False,S13_D2 hbo,mild_master_16,,
169,ShortHbO,7.0,3.158476454822139e-17,3.4577189570912262e-09,0.0021755214919363993,35.78159710893575,77843.63352629906,13,2,hbo,True,S13_D2 hbo,mild_master_16,,
170,az_itd=0_az=15,7.0,3.158476454822139e-17,0.36054758802423004,4.166465521910271e-09,0.9782345568744272,0.004075780553558473,13,2,hbo,False,S13_D2 hbo,mild_master_16,-0.023634424673858966,
171,az_itd=0_az=5,7.0,3.158476454822139e-17,1.3647378945696784e-06,4.175357659461877e-09,-15.064417900015528,-0.06289933266416443,13,2,hbo,True,S13_D2 hbo,mild_master_16,-0.05645431941295699,
172,az_itd=15_az=0,7.0,3.158476454822139e-17,0.04229021542151831,4.1777769754519705e-09,-2.478705536055089,-0.010355478917456284,13,2,hbo,True,S13_D2 hbo,mild_master_16,0.03369660585517184,
173,az_itd=5_az=0,7.0,3.158476454822139e-17,0.05241613039668708,4.17561431777679e-09,-2.3325577107362636,-0.009739861373990993,13,2,hbo,False,S13_D2 hbo,mild_master_16,-0.046688194584264625,
174,constant,7.0,3.158476454822139e-17,0.6082784048826367,5.053231475423471e-09,0.5364307708319549,0.0027107088555537095,13,2,hbo,False,S13_D2 hbo,mild_master_16,,
182,Linear,7.0,1.4456350310730914e-17,0.00498137956830843,3.652407721332535e-13,4.032278988629838,1.4727526912638564e-06,13,3,hbo,True,S13_D3 hbo,mild_master_16,,
183,ShortHbO,7.0,1.4456350310730914e-17,1.2533009588791197e-08,0.0014718172477643772,29.736856774909256,43767.21869561041,13,3,hbo,True,S13_D3 hbo,mild_master_16,,
184,az_itd=0_az=15,7.0,1.4456350310730914e-17,6.106316645567524e-07,2.81876131313458e-09,-16.94586960592223,-0.047766361662596714,13,3,hbo,True,S13_D3 hbo,mild_master_16,-0.048336728665496334,
185,az_itd=0_az=5,7.0,1.4456350310730914e-17,2.0383598146169696e-08,2.824777158745141e-09,-27.726322021000968,-0.07832068114093595,13,3,hbo,True,S13_D3 hbo,mild_master_16,-0.056402401722111056,
186,az_itd=15_az=0,7.0,1.4456350310730914e-17,4.2863605207074745e-07,2.8264139115950716e-09,-17.843117006757428,-0.05043203413411781,13,3,hbo,True,S13_D3 hbo,mild_master_16,-0.01603560675818732,
187,az_itd=5_az=0,7.0,1.4456350310730914e-17,3.179813976353829e-07,2.8249507971743962e-09,-18.63560771465304,-0.05264467486933844,13,3,hbo,True,S13_D3 hbo,mild_master_16,-0.06375020427126608,
188,constant,7.0,1.4456350310730914e-17,0.33361125891710186,3.4186898497859234e-09,1.0384119809959231,0.003550008499326855,13,3,hbo,False,S13_D3 hbo,mild_master_16,,
196,Linear,7.0,3.154712319781184e-17,0.007020282018316134,5.395476450253448e-13,-3.765920885614715,-2.03189374518518e-06,13,9,hbo,True,S13_D9 hbo,mild_master_16,,
197,ShortHbO,7.0,3.154712319781184e-17,1.9473795475897352e-08,0.002174224759466972,27.909233905982965,60680.947376143275,13,9,hbo,True,S13_D9 hbo,mild_master_16,,
198,az_itd=0_az=15,7.0,3.154712319781184e-17,8.587012299327888e-09,4.1639820754607485e-09,31.398608693665995,0.13074324379483124,13,9,hbo,True,S13_D9 hbo,mild_master_16,0.11142391604759148,
199,az_itd=0_az=5,7.0,3.154712319781184e-17,0.00011196942206657884,4.172868912801104e-09,7.745637712164304,0.03232153081891029,13,9,hbo,True,S13_D9 hbo,mild_master_16,0.06863779901609122,
200,az_itd=15_az=0,7.0,3.154712319781184e-17,4.330511464416632e-06,4.175286786743574e-09,12.705130834583388,0.05304756489748438,13,9,hbo,True,S13_D9 hbo,mild_master_16,0.040850775482828436,
201,az_itd=5_az=0,7.0,3.154712319781184e-17,3.396384132466747e-07,4.1731254181333084e-09,18.457882567349262,0.0770270589067249,13,9,hbo,True,S13_D9 hbo,mild_master_16,0.07456342462572624,
202,constant,7.0,3.154712319781184e-17,0.46181468035683115,5.050219466875635e-09,-0.778426415353449,-0.003931224236348207,13,9,hbo,False,S13_D9 hbo,mild_master_16,,
154,Linear,7.0,3.853107828178098e-17,0.21363188688448764,5.962872205895198e-13,-1.3679105176429933,-8.156675605805117e-07,13,11,hbo,False,S13_D11 hbo,mild_master_16,,
155,ShortHbO,7.0,3.853107828178098e-17,2.4425646266433215e-05,0.002402869238171872,9.800763918168503,23549.954129551927,13,11,hbo,True,S13_D11 hbo,mild_master_16,,
156,az_itd=0_az=15,7.0,3.853107828178098e-17,0.030218732123867817,4.601872181731859e-09,2.7095486112990352,0.012468996379387217,13,11,hbo,True,S13_D11 hbo,mild_master_16,0.009171031421095427,
157,az_itd=0_az=5,7.0,3.853107828178098e-17,0.4231866079792824,4.611693571161263e-09,-0.8504900007939051,-0.0039221992689981895,13,11,hbo,False,S13_D11 hbo,mild_master_16,0.014405866925586822,
158,az_itd=15_az=0,7.0,3.853107828178098e-17,0.02683742648803961,4.614365712067046e-09,2.7918347228564633,0.01288254641890707,13,11,hbo,True,S13_D11 hbo,mild_master_16,0.0599677291951926,
159,az_itd=5_az=0,7.0,3.853107828178098e-17,1.4923209287270285e-06,4.611977050948482e-09,14.868050908644792,0.0685711095830035,13,11,hbo,True,S13_D11 hbo,mild_master_16,0.0822341970411406,
160,constant,7.0,3.853107828178098e-17,0.9191376391039686,5.5813075212827625e-09,0.10523987405224684,0.0005873761005866559,13,11,hbo,False,S13_D11 hbo,mild_master_16,,
210,Linear,7.0,1.3540171941929144e-16,0.6084102805179792,1.1177946073137238e-12,0.5362295646300538,5.9939451562566e-07,14,1,hbo,False,S14_D1 hbo,mild_master_16,,
211,ShortHbO,7.0,1.3540171941929144e-16,5.023042316904322e-09,0.0045043968472997355,33.913512022823085,152759.91663646596,14,1,hbo,True,S14_D1 hbo,mild_master_16,,
212,az_itd=0_az=15,7.0,1.3540171941929144e-16,0.002732796755534793,8.626627790549232e-09,4.51980246994617,0.03899065359503069,14,1,hbo,True,S14_D1 hbo,mild_master_16,-0.0757475217260775,
213,az_itd=0_az=5,7.0,1.3540171941929144e-16,9.91456474369712e-06,8.645038877960535e-09,-11.229281451733335,-0.09707757472179582,14,1,hbo,True,S14_D1 hbo,mild_master_16,-0.1538372189404304,
214,az_itd=15_az=0,7.0,1.3540171941929144e-16,0.7765321168661112,8.650048049029998e-09,-0.2950261134156811,-0.002551990056764215,14,1,hbo,False,S14_D1 hbo,mild_master_16,0.08267265425735087,
215,az_itd=5_az=0,7.0,1.3540171941929144e-16,0.9681606713758037,8.645570286594654e-09,0.041364171449942956,0.0003576168516172337,14,1,hbo,False,S14_D1 hbo,mild_master_16,-0.12451194579702338,
216,constant,7.0,1.3540171941929144e-16,0.9296114492798323,1.0462668381323768e-08,0.09156168161106756,0.0009579795111329505,14,1,hbo,False,S14_D1 hbo,mild_master_16,,
238,Linear,7.0,4.0573624149260506e-17,0.05055198790963534,6.118878382250518e-13,2.357161099700335,1.4423182096438238e-06,14,2,hbo,False,S14_D2 hbo,mild_master_16,,
239,ShortHbO,7.0,4.0573624149260506e-17,5.20639500191834e-09,0.0024657353250483282,33.7393221008589,83192.23834727157,14,2,hbo,True,S14_D2 hbo,mild_master_16,,
240,az_itd=0_az=15,7.0,4.0573624149260506e-17,0.0016932138811691267,4.722270616975553e-09,-4.930548582243226,-0.023283384695497657,14,2,hbo,True,S14_D2 hbo,mild_master_16,-0.06192920248269066,
241,az_itd=0_az=5,7.0,4.0573624149260506e-17,1.3547221959037927e-07,4.73234896267678e-09,-21.09202009298686,-0.09981479940780416,14,2,hbo,True,S14_D2 hbo,mild_master_16,-0.10952316413560008,
242,az_itd=15_az=0,7.0,4.0573624149260506e-17,0.00019042075764872935,4.735091014603795e-09,-7.119231095013793,-0.03371020718888775,14,2,hbo,True,S14_D2 hbo,mild_master_16,0.023292653187875916,
243,az_itd=5_az=0,7.0,4.0573624149260506e-17,1.1809873377503202e-05,4.732639859124318e-09,-10.938350900335221,-0.051767275464014835,14,2,hbo,True,S14_D2 hbo,mild_master_16,-0.1086885701183453,
244,constant,7.0,4.0573624149260506e-17,0.5699087476665907,5.727330849536834e-09,0.5960445758790692,0.0034137444871312917,14,2,hbo,False,S14_D2 hbo,mild_master_16,,
252,Linear,7.0,3.9498421293397527e-17,0.5772241639018587,6.03725874513248e-13,-0.584506211408145,-3.5288152364080773e-07,14,9,hbo,False,S14_D9 hbo,mild_master_16,,
253,ShortHbO,7.0,3.9498421293397527e-17,5.546291173314064e-07,0.0024328449144391945,17.185382185591187,41809.369652909445,14,9,hbo,True,S14_D9 hbo,mild_master_16,,
254,az_itd=0_az=15,7.0,3.9498421293397527e-17,1.7291570480936756e-05,4.6592803122084635e-09,10.327611932548221,0.04811923894945114,14,9,hbo,True,S14_D9 hbo,mild_master_16,0.0725199101611563,
255,az_itd=0_az=5,7.0,3.9498421293397527e-17,0.5233422808815216,4.6692242229908215e-09,-0.6716569307596331,-0.003136116810642548,14,9,hbo,False,S14_D9 hbo,mild_master_16,0.07261129481362791,
256,az_itd=15_az=0,7.0,3.9498421293397527e-17,0.017978690712495932,4.67192969872376e-09,-3.0735056885510654,-0.014359202505538142,14,9,hbo,True,S14_D9 hbo,mild_master_16,-0.029268781351395875,
257,az_itd=5_az=0,7.0,3.9498421293397527e-17,0.0011796248172236087,4.669511239174526e-09,-5.255106717925936,-0.024538779882416713,14,9,hbo,True,S14_D9 hbo,mild_master_16,-0.0018947628713599362,
258,constant,7.0,3.9498421293397527e-17,0.7790816663101836,5.650934059734614e-09,0.29154915633209477,0.0016475250576039257,14,9,hbo,False,S14_D9 hbo,mild_master_16,,
224,Linear,7.0,6.116562747929233e-17,0.30855268610580194,7.512831320694027e-13,-1.0979467032181627,-8.248688380390162e-07,14,10,hbo,False,S14_D10 hbo,mild_master_16,,
225,ShortHbO,7.0,6.116562747929233e-17,2.6918678788456113e-08,0.003027459024565773,26.63751604290567,80643.98833611033,14,10,hbo,True,S14_D10 hbo,mild_master_16,,
226,az_itd=0_az=15,7.0,6.116562747929233e-17,4.7094027102488507e-07,5.798059771692735e-09,17.60012128316147,0.10204655518881164,14,10,hbo,True,S14_D10 hbo,mild_master_16,0.08824993492044483,
227,az_itd=0_az=5,7.0,6.116562747929233e-17,0.09086083796376465,5.810434083864814e-09,1.9596926059730733,0.011386664711643802,14,10,hbo,False,S14_D10 hbo,mild_master_16,0.040654928424909434,
228,az_itd=15_az=0,7.0,6.116562747929233e-17,0.01588706003789251,5.813800807684658e-09,-3.1618596178907405,-0.018382422000278693,14,10,hbo,True,S14_D10 hbo,mild_master_16,-0.0025812445117496213,
229,az_itd=5_az=0,7.0,6.116562747929233e-17,0.6281985557812685,5.810791249967098e-09,-0.5063004550790647,-0.002942006254227789,14,10,hbo,False,S14_D10 hbo,mild_master_16,-0.0005304221173692398,
230,constant,7.0,6.116562747929233e-17,0.896643063002627,7.032084624396739e-09,0.13469645472741254,0.0009471968682493891,14,10,hbo,False,S14_D10 hbo,mild_master_16,,
266,Linear,7.0,3.6180410203089445e-17,0.43706845413188344,5.778121418339366e-13,0.8240796599317262,4.7616323334693286e-07,15,17,hbo,False,S15_D17 hbo,mild_master_16,,
267,ShortHbO,7.0,3.6180410203089445e-17,0.0171044715373265,0.0023284198840993428,3.1090286400478515,7239.124105721756,15,17,hbo,True,S15_D17 hbo,mild_master_16,,
268,az_itd=0_az=15,7.0,3.6180410203089445e-17,0.0013649726554448235,4.459289969594948e-09,5.122488685843687,0.02284266241614636,15,17,hbo,True,S15_D17 hbo,mild_master_16,0.021851836034711542,
269,az_itd=0_az=5,7.0,3.6180410203089445e-17,0.8932596786516623,4.468807057780033e-09,-0.13913782181800682,-0.0006217800801444496,15,17,hbo,False,S15_D17 hbo,mild_master_16,0.08122329171096561,
270,az_itd=15_az=0,7.0,3.6180410203089445e-17,1.5546459301246897e-05,4.471396406346863e-09,-10.494870085656544,-0.046926724386081864,15,17,hbo,True,S15_D17 hbo,mild_master_16,-0.07653863708498664,
271,az_itd=5_az=0,7.0,3.6180410203089445e-17,0.000100348819038211,4.469081754364771e-09,-7.880274428724809,-0.03521759066880132,15,17,hbo,True,S15_D17 hbo,mild_master_16,-0.03378691252730071,
272,constant,7.0,3.6180410203089445e-17,0.9782785314814059,5.408378951871393e-09,0.0282146032875487,0.00015259526655577983,15,17,hbo,False,S15_D17 hbo,mild_master_16,,
280,Linear,7.0,1.3131786517916094e-18,0.03605382940331349,1.1008086342682657e-13,-2.587920496435375,-2.8488052272758773e-07,15,18,hbo,True,S15_D18 hbo,mild_master_16,,
281,ShortHbO,7.0,1.3131786517916094e-18,3.15641064169385e-06,0.0004435948169041972,13.31432701645054,5906.166455064983,15,18,hbo,True,S15_D18 hbo,mild_master_16,,
282,az_itd=0_az=15,7.0,1.3131786517916094e-18,2.183623735728236e-05,8.495537815553189e-10,9.969020519198983,0.008469219080488064,15,18,hbo,True,S15_D18 hbo,mild_master_16,0.002135728936325286,
283,az_itd=0_az=5,7.0,1.3131786517916094e-18,5.456261340733202e-07,8.513669128637025e-10,17.22645235928625,0.014666031564719177,15,18,hbo,True,S15_D18 hbo,mild_master_16,0.016583419717108274,
284,az_itd=15_az=0,7.0,1.3131786517916094e-18,2.5385158240998096e-05,8.518602180494416e-10,9.743492143810544,0.008300093342189471,15,18,hbo,True,S15_D18 hbo,mild_master_16,0.005756280269058506,
285,az_itd=5_az=0,7.0,1.3131786517916094e-18,0.0024504887430886113,8.514192462001612e-10,4.611546760484469,0.0039263596666284815,15,18,hbo,True,S15_D18 hbo,mild_master_16,0.0036593366085216263,
286,constant,7.0,1.3131786517916094e-18,0.9866270522885432,1.0303677989040677e-09,0.0173688482132313,1.7896301902965985e-05,15,18,hbo,False,S15_D18 hbo,mild_master_16,,
294,Linear,7.0,5.6001337423158755e-18,0.9317714754657132,2.2732600506013226e-13,-0.08874333821106188,-2.0173668551220884e-08,15,22,hbo,False,S15_D22 hbo,mild_master_16,,
295,ShortHbO,7.0,5.6001337423158755e-18,0.18669948156584587,0.0009160596533587619,-1.4636396661510642,-1340.7812452164778,15,22,hbo,False,S15_D22 hbo,mild_master_16,,
296,az_itd=0_az=15,7.0,5.6001337423158755e-18,0.057121984610764176,1.754398187229647e-09,-2.2742078451815306,-0.00398986612096992,15,22,hbo,False,S15_D22 hbo,mild_master_16,-0.009148018687260027,
297,az_itd=0_az=5,7.0,5.6001337423158755e-18,7.326051538780622e-05,1.7581424519833324e-09,8.277640445177319,0.014553271068920456,15,22,hbo,True,S15_D22 hbo,mild_master_16,0.032957542730695184,
298,az_itd=15_az=0,7.0,5.6001337423158755e-18,0.0010620221168159776,1.7591611676225322e-09,-5.351899965119773,-0.009414854591639089,15,22,hbo,True,S15_D22 hbo,mild_master_16,-0.013230518090700706,
299,az_itd=5_az=0,7.0,5.6001337423158755e-18,6.11212650902705e-05,1.7582505246122915e-09,-8.51392673650849,-0.014969616150976665,15,22,hbo,True,S15_D22 hbo,mild_master_16,-0.015854185183764188,
300,constant,7.0,5.6001337423158755e-18,0.73688772196086,2.1277939523354247e-09,0.349645637388281,0.0007439738726952493,15,22,hbo,False,S15_D22 hbo,mild_master_16,,
308,Linear,7.0,7.688423662755648e-16,0.48197776352730515,2.6635973475490806e-12,0.7424539920267942,1.977598483839795e-06,16,16,hbo,False,S16_D16 hbo,mild_master_16,,
309,ShortHbO,7.0,7.688423662755648e-16,8.689556702900807e-07,0.010733545694597045,-16.094486195610152,-172750.90301164292,16,16,hbo,True,S16_D16 hbo,mild_master_16,,
310,az_itd=0_az=15,7.0,7.688423662755648e-16,0.23421547787292954,2.0556426691322443e-08,1.301705569481132,0.02675841511272502,16,16,hbo,False,S16_D16 hbo,mild_master_16,0.04454080187798755,
311,az_itd=0_az=5,7.0,7.688423662755648e-16,0.10811804902226164,2.060029854691503e-08,1.8414293997997921,0.03793399538894228,16,16,hbo,False,S16_D16 hbo,mild_master_16,0.24248060321709072,
312,az_itd=15_az=0,7.0,7.688423662755648e-16,1.5035339110173154e-06,2.0612234921170854e-08,-14.851713466540785,-0.3061270069542554,16,16,hbo,True,S16_D16 hbo,mild_master_16,-0.1490982669565852,
313,az_itd=5_az=0,7.0,7.688423662755648e-16,1.2942330732998867e-05,2.0601564842725588e-08,-10.788793108928031,-0.2222660208083318,16,16,hbo,True,S16_D16 hbo,mild_master_16,-0.1474624774252477,
314,constant,7.0,7.688423662755648e-16,0.6581788210062622,2.493153533434251e-08,0.46187975863840786,0.011515371522711057,16,16,hbo,False,S16_D16 hbo,mild_master_16,,
322,Linear,7.0,7.819058640555858e-17,0.4027009278109151,8.494291399265294e-13,0.8906273204476002,7.565247988028746e-07,16,17,hbo,False,S16_D17 hbo,mild_master_16,,
323,ShortHbO,7.0,7.819058640555858e-17,0.056530939326279304,0.0034229597413111515,2.281262673953385,7808.670292298264,16,17,hbo,False,S16_D17 hbo,mild_master_16,,
324,az_itd=0_az=15,7.0,7.819058640555858e-17,0.1885725257469575,6.5555057938617455e-09,1.4565939339706397,0.0095487099734484,16,17,hbo,False,S16_D17 hbo,mild_master_16,0.05712229560837458,
325,az_itd=0_az=5,7.0,7.819058640555858e-17,0.0019421335475953475,6.569496659484615e-09,4.810712387036001,0.031603958956374266,16,17,hbo,True,S16_D17 hbo,mild_master_16,0.09097232826030502,
326,az_itd=15_az=0,7.0,7.819058640555858e-17,1.3962337359465309e-05,6.573303204842267e-09,-10.666286520925597,-0.0701127353717661,16,17,hbo,True,S16_D17 hbo,mild_master_16,-0.0701733842830902,
327,az_itd=5_az=0,7.0,7.819058640555858e-17,3.4508459310890425e-07,6.569900484996096e-09,-18.41521859484251,-0.12098615357756493,16,17,hbo,True,S16_D17 hbo,mild_master_16,-0.13427248328635014,
328,constant,7.0,7.819058640555858e-17,0.6019024426511274,7.950740991533523e-09,0.5461874535964593,0.004342594976370683,16,17,hbo,False,S16_D17 hbo,mild_master_16,,
336,Linear,7.0,5.369438621280845e-19,0.09078069610546585,7.039055047696645e-14,-1.9602915064863484,-1.3798599823689592e-07,16,18,hbo,False,S16_D18 hbo,mild_master_16,,
337,ShortHbO,7.0,5.369438621280845e-19,4.552915847284477e-06,0.0002836540555604519,12.611064441846365,3577.1795738639285,16,18,hbo,True,S16_D18 hbo,mild_master_16,,
338,az_itd=0_az=15,7.0,5.369438621280845e-19,5.834996224159681e-05,5.432420902404921e-10,8.575352587755642,0.0046584924643215874,16,18,hbo,True,S16_D18 hbo,mild_master_16,0.004732456798331794,
339,az_itd=0_az=5,7.0,5.369438621280845e-19,2.63327403120421e-06,5.444014862236912e-10,13.675543997661425,0.007444986477244359,16,18,hbo,True,S16_D18 hbo,mild_master_16,0.008778068174574029,
340,az_itd=15_az=0,7.0,5.369438621280845e-19,0.006918078049448888,5.447169272776251e-10,3.777139379325943,0.0020574717566057437,16,18,hbo,True,S16_D18 hbo,mild_master_16,-0.0007544331578054664,
341,az_itd=5_az=0,7.0,5.369438621280845e-19,0.09380182794222866,5.444349504630416e-10,1.938065487930932,0.0010551505879158075,16,18,hbo,False,S16_D18 hbo,mild_master_16,-0.003998903183117954,
342,constant,7.0,5.369438621280845e-19,0.8695285848285936,6.588625334212501e-10,0.17038348941471285,0.00011225929748893046,16,18,hbo,False,S16_D18 hbo,mild_master_16,,
350,Linear,7.0,8.748635800426779e-17,0.09122136588506795,8.985041537419285e-13,1.957004775592049,1.7583769197622466e-06,16,22,hbo,False,S16_D22 hbo,mild_master_16,,
351,ShortHbO,7.0,8.748635800426779e-17,0.0009425064454524526,0.0036207181989606377,-5.463346956116344,-19781.239751246652,16,22,hbo,True,S16_D22 hbo,mild_master_16,,
352,az_itd=0_az=15,7.0,8.748635800426779e-17,0.0006575461277773147,6.9342443163340505e-09,-5.808889712397484,-0.04028026047240359,16,22,hbo,True,S16_D22 hbo,mild_master_16,-0.01774790781858736,
353,az_itd=0_az=5,7.0,8.748635800426779e-17,0.23228494305821729,6.949043491786969e-09,1.307694212323646,0.009087223955395119,16,22,hbo,False,S16_D22 hbo,mild_master_16,0.08438158478696864,
354,az_itd=15_az=0,7.0,8.748635800426779e-17,2.3362271283189786e-07,6.953069956920426e-09,-19.48935351154347,-0.1355108383809145,16,22,hbo,True,S16_D22 hbo,mild_master_16,-0.11508702333809305,
355,az_itd=5_az=0,7.0,8.748635800426779e-17,1.4487694858496314e-06,6.949470647958563e-09,-14.932858638994338,-0.1037754628018056,16,22,hbo,True,S16_D22 hbo,mild_master_16,-0.08405468598481598,
356,constant,7.0,8.748635800426779e-17,0.6821293003449238,8.410087987842027e-09,0.42710984938454627,0.0035920314137979897,16,22,hbo,False,S16_D22 hbo,mild_master_16,,
364,Linear,7.0,2.5397683238376235e-16,0.3815903720098623,1.5309005235544184e-12,0.9335910944396714,1.4292350952634355e-06,16,23,hbo,False,S16_D23 hbo,mild_master_16,,
365,ShortHbO,7.0,2.5397683238376235e-16,0.000152956230397162,0.006169097119192527,-7.372557690258592,-45482.02440805499,16,23,hbo,True,S16_D23 hbo,mild_master_16,,
366,az_itd=0_az=15,7.0,2.5397683238376235e-16,0.001054806343896389,1.1814790404830011e-08,-5.358223303971142,-0.06330628527869481,16,23,hbo,True,S16_D23 hbo,mild_master_16,0.10601711778474442,
367,az_itd=0_az=5,7.0,2.5397683238376235e-16,0.05267682541993941,1.1840005720034391e-08,2.3291882651995595,0.02757760238299976,16,23,hbo,False,S16_D23 hbo,mild_master_16,0.29977183507106303,
368,az_itd=15_az=0,7.0,2.5397683238376235e-16,1.5459363827452786e-06,1.1846866141942528e-08,-14.791163710151041,-0.17522893655771737,16,23,hbo,True,S16_D23 hbo,mild_master_16,-0.1730686715849523,
369,az_itd=5_az=0,7.0,2.5397683238376235e-16,0.00019907324207680234,1.1840733522575995e-08,-7.068698276498033,-0.08369857264350541,16,23,hbo,True,S16_D23 hbo,mild_master_16,-0.002133244097012485,
370,constant,7.0,2.5397683238376235e-16,0.905236685685813,1.4329380726963328e-08,0.12342897899266073,0.0017686608327261942,16,23,hbo,False,S16_D23 hbo,mild_master_16,,
378,Linear,7.0,1.9675835470034128e-17,0.6902028290459336,4.2610488347737597e-13,0.4155197679086404,1.7705500228725754e-07,17,15,hbo,False,S17_D15 hbo,mild_master_16,,
379,ShortHbO,7.0,1.9675835470034128e-17,2.0262326823507277e-08,0.001717082441797667,27.750158843960097,47649.31050806013,17,15,hbo,True,S17_D15 hbo,mild_master_16,,
380,az_itd=0_az=15,7.0,1.9675835470034128e-17,0.21043923121604732,3.2884827010647753e-09,-1.378677388394701,-0.004533756742085136,17,15,hbo,False,S17_D15 hbo,mild_master_16,0.0325466013094049,
381,az_itd=0_az=5,7.0,1.9675835470034128e-17,0.0002095746544266454,3.2955010335963107e-09,-7.010589708571506,-0.023103405630717055,17,15,hbo,True,S17_D15 hbo,mild_master_16,0.030399537042631253,
382,az_itd=15_az=0,7.0,1.9675835470034128e-17,0.002660766758922233,3.2974105366847184e-09,-4.542181483755412,-0.014977437084069322,17,15,hbo,True,S17_D15 hbo,mild_master_16,-0.018654348752365404,
383,az_itd=5_az=0,7.0,1.9675835470034128e-17,0.00044712781473205197,3.2957036073183866e-09,-6.195688295003036,-0.02041915226366181,17,15,hbo,True,S17_D15 hbo,mild_master_16,-0.007248185439885835,
384,constant,7.0,1.9675835470034128e-17,0.3896503642714373,3.988383968142672e-09,0.9169837003436109,0.003657283089498602,17,15,hbo,False,S17_D15 hbo,mild_master_16,,
392,Linear,7.0,5.936488902116541e-17,0.4978211081194187,7.401414907858044e-13,0.7148876231321797,5.291179911293718e-07,17,17,hbo,False,S17_D17 hbo,mild_master_16,,
393,ShortHbO,7.0,5.936488902116541e-17,0.0011701204496596337,0.0029825613541501032,5.262521841438145,15695.79426964425,17,17,hbo,True,S17_D17 hbo,mild_master_16,,
394,az_itd=0_az=15,7.0,5.936488902116541e-17,0.012744171939366335,5.712073677556529e-09,3.3211910427371345,0.01897088793335531,17,17,hbo,True,S17_D17 hbo,mild_master_16,0.04979396803378207,
395,az_itd=0_az=5,7.0,5.936488902116541e-17,0.23986773694151103,5.724264476827191e-09,1.2844144897894543,0.007352328237423893,17,17,hbo,False,S17_D17 hbo,mild_master_16,0.07696696780786547,
396,az_itd=15_az=0,7.0,5.936488902116541e-17,7.529931950823337e-05,5.727581271628932e-09,-8.242323363003049,-0.047208576928645864,17,17,hbo,True,S17_D17 hbo,mild_master_16,-0.07293703613255124,
397,az_itd=5_az=0,7.0,5.936488902116541e-17,4.650440032954464e-06,5.724616346102726e-09,-12.571451527827218,-0.07196673691043778,17,17,hbo,True,S17_D17 hbo,mild_master_16,-0.009920777123948317,
398,constant,7.0,5.936488902116541e-17,0.7517405024893153,6.9277977570141e-09,0.329054512985766,0.0022796231169981565,17,17,hbo,False,S17_D17 hbo,mild_master_16,,
406,Linear,7.0,9.763049007905425e-18,0.08773023097327666,3.0015297694471307e-13,-1.9834825823973745,-5.953482018245591e-07,17,21,hbo,False,S17_D21 hbo,mild_master_16,,
407,ShortHbO,7.0,9.763049007905425e-18,3.1828698394850494e-09,0.001209531799680562,36.20954566184942,43796.596929992214,17,21,hbo,True,S17_D21 hbo,mild_master_16,,
408,az_itd=0_az=15,7.0,9.763049007905425e-18,0.000296676064542179,2.316443464108269e-09,6.6273589804899675,0.015351902394655228,17,21,hbo,True,S17_D21 hbo,mild_master_16,0.005757245227320476,
409,az_itd=0_az=5,7.0,9.763049007905425e-18,0.028724044629210535,2.321387254907701e-09,2.744668091541967,0.006371437526657365,17,21,hbo,True,S17_D21 hbo,mild_master_16,0.020910407344501884,
410,az_itd=15_az=0,7.0,9.763049007905425e-18,4.836011426266626e-06,2.3227323299319377e-09,12.49862005466677,0.02903094888051019,17,21,hbo,True,S17_D21 hbo,mild_master_16,0.03830231686342407,
411,az_itd=5_az=0,7.0,9.763049007905425e-18,0.00024407067146413715,2.321529950070534e-09,6.840530175604441,0.01588049567702696,17,21,hbo,True,S17_D21 hbo,mild_master_16,0.047023853083384706,
412,constant,7.0,9.763049007905425e-18,0.7688372570689526,2.8094616317631383e-09,0.3055446750931077,0.0008584160414636203,17,21,hbo,False,S17_D21 hbo,mild_master_16,,
420,Linear,7.0,4.119188938681189e-17,0.7756885227738889,6.165322184880241e-13,0.2961774526075096,1.8260294192223953e-07,17,22,hbo,False,S17_D22 hbo,mild_master_16,,
421,ShortHbO,7.0,4.119188938681189e-17,0.3243581419226743,0.0024844508669531772,1.0599657331679195,2633.432784709698,17,22,hbo,False,S17_D22 hbo,mild_master_16,,
422,az_itd=0_az=15,7.0,4.119188938681189e-17,0.0024458895628851427,4.758113820712884e-09,4.613136541866972,0.021949828736692878,17,22,hbo,True,S17_D22 hbo,mild_master_16,0.02017969389879929,
423,az_itd=0_az=5,7.0,4.119188938681189e-17,6.159435612261613e-05,4.768268663554491e-09,8.50375581590795,0.040548192379513126,17,22,hbo,True,S17_D22 hbo,mild_master_16,0.16435625831465406,
424,az_itd=15_az=0,7.0,4.119188938681189e-17,1.5488120915514944e-05,4.771031528334868e-09,-10.50082482022736,-0.050099766290826055,17,22,hbo,True,S17_D22 hbo,mild_master_16,-0.041630298743947754,
425,az_itd=5_az=0,7.0,4.119188938681189e-17,8.293651518419602e-05,4.768561767978125e-09,-8.119027133843188,-0.03871608238362164,17,22,hbo,True,S17_D22 hbo,mild_master_16,-0.005092283814863788,
426,constant,7.0,4.119188938681189e-17,0.960020790133046,5.7708027094029525e-09,-0.05194889289263094,-0.0002997868118552784,17,22,hbo,False,S17_D22 hbo,mild_master_16,,
434,Linear,7.0,4.8918806914384387e-17,0.4740320066216698,6.718740207674187e-13,-0.7565062292602831,-5.082768819887052e-07,17,23,hbo,False,S17_D23 hbo,mild_master_16,,
435,ShortHbO,7.0,4.8918806914384387e-17,4.1861837462916664e-06,0.0027074627137451935,12.769164207942469,34572.03597869391,17,23,hbo,True,S17_D23 hbo,mild_master_16,,
436,az_itd=0_az=15,7.0,4.8918806914384387e-17,3.138952619864849e-05,5.1852165517502275e-09,9.433149675829547,0.04891292383424866,17,23,hbo,True,S17_D23 hbo,mild_master_16,0.0233590611280873,
437,az_itd=0_az=5,7.0,4.8918806914384387e-17,0.08493297348546991,5.196282924091619e-09,2.00545719274038,0.01042092296563355,17,23,hbo,False,S17_D23 hbo,mild_master_16,0.08275231188261827,
438,az_itd=15_az=0,7.0,4.8918806914384387e-17,0.0015577268579029843,5.1992937919962675e-09,5.00429439072924,0.026018796759040282,17,23,hbo,True,S17_D23 hbo,mild_master_16,0.02714068801709849,
439,az_itd=5_az=0,7.0,4.8918806914384387e-17,0.9767929447890393,5.196602338457495e-09,0.030144918744143077,0.0001566511552384251,17,23,hbo,False,S17_D23 hbo,mild_master_16,-0.0009952414748190517,
440,constant,7.0,4.8918806914384387e-17,0.9467288991134346,6.288807467240886e-09,-0.06924796945534079,-0.00043548714740201586,17,23,hbo,False,S17_D23 hbo,mild_master_16,,
448,Linear,7.0,7.10818849939364e-17,0.11148139111362024,8.098962507555504e-13,1.8205333648173594,1.4744431465409659e-06,18,16,hbo,False,S18_D16 hbo,mild_master_16,,
449,ShortHbO,7.0,7.10818849939364e-17,5.672577697187529e-06,0.0032636533533743294,12.205650419075473,39835.01192033046,18,16,hbo,True,S18_D16 hbo,mild_master_16,,
450,az_itd=0_az=15,7.0,7.10818849939364e-17,3.7456215568222053e-07,6.250409027307606e-09,-18.196889219269412,-0.11373800064503799,18,16,hbo,True,S18_D16 hbo,mild_master_16,-0.10468475293000636,
451,az_itd=0_az=5,7.0,7.10818849939364e-17,4.951352623727961e-07,6.263748750517205e-09,-17.4720798664762,-0.10944071843257712,18,16,hbo,True,S18_D16 hbo,mild_master_16,-0.09292616579871156,
452,az_itd=15_az=0,7.0,7.10818849939364e-17,0.0008019374806379794,6.267378137205963e-09,-5.61657201552186,-0.035201180656124535,18,16,hbo,True,S18_D16 hbo,mild_master_16,-0.0014547587671460184,
453,az_itd=5_az=0,7.0,7.10818849939364e-17,0.00047422401564412524,6.26413378177212e-09,-6.135520370293497,-0.03843372042030649,18,16,hbo,True,S18_D16 hbo,mild_master_16,-0.01920962518686111,
454,constant,7.0,7.10818849939364e-17,0.3575421450104003,7.580709228233476e-09,0.9847721525135924,0.007465271344267135,18,16,hbo,False,S18_D16 hbo,mild_master_16,,
462,Linear,7.0,2.3359596155677307e-17,0.23847807513118996,4.642827900156898e-13,1.2886327425902884,5.982900050353894e-07,18,21,hbo,False,S18_D21 hbo,mild_master_16,,
463,ShortHbO,7.0,2.3359596155677307e-17,5.5930900560926945e-09,0.0018709286320749293,33.39387839491041,62477.56322506627,18,21,hbo,True,S18_D21 hbo,mild_master_16,,
464,az_itd=0_az=15,7.0,2.3359596155677307e-17,7.459050848403579e-05,3.583122331076851e-09,-8.254477838592312,-0.02957680387483909,18,21,hbo,True,S18_D21 hbo,mild_master_16,-0.02556973941566447,
465,az_itd=0_az=5,7.0,2.3359596155677307e-17,2.0723649282187132e-05,3.5907694882331062e-09,-10.04840831958265,-0.03608151799926508,18,21,hbo,True,S18_D21 hbo,mild_master_16,0.02601057881922092,
466,az_itd=15_az=0,7.0,2.3359596155677307e-17,2.461192804086297e-05,3.5928500779090437e-09,-9.789447696828178,-0.035172017920235624,18,21,hbo,True,S18_D21 hbo,mild_master_16,-0.00861543959781011,
467,az_itd=5_az=0,7.0,2.3359596155677307e-17,0.002732420303873,3.5909902120419997e-09,-4.519917731493559,-0.016230980333028448,18,21,hbo,True,S18_D21 hbo,mild_master_16,-0.03192874740747013,
468,constant,7.0,2.3359596155677307e-17,0.44011512934072183,4.345732959621069e-09,0.8183631395493542,0.003556387668478605,18,21,hbo,False,S18_D21 hbo,mild_master_16,,
476,Linear,7.0,1.3222327688732728e-18,0.22050447295484513,1.1045970484849165e-13,-1.3452068360384242,-1.4859115006897762e-07,18,22,hbo,False,S18_D22 hbo,mild_master_16,,
477,ShortHbO,7.0,1.3222327688732728e-18,1.0874275907169027e-06,0.0004451214409317327,15.574634131172976,6932.60358645226,18,22,hbo,True,S18_D22 hbo,mild_master_16,,
478,az_itd=0_az=15,7.0,1.3222327688732728e-18,0.6960837245030702,8.524775064641383e-10,-0.40711646779643484,-0.0003470576313075925,18,22,hbo,False,S18_D22 hbo,mild_master_16,-0.010145238759493417,
479,az_itd=0_az=5,7.0,1.3222327688732728e-18,8.745003050935325e-05,8.542968776331222e-10,8.05204704068105,0.006878838645408843,18,22,hbo,True,S18_D22 hbo,mild_master_16,0.011182105593678882,
480,az_itd=15_az=0,7.0,1.3222327688732728e-18,0.7541043177770681,8.547918805202788e-10,-0.32579212130591007,-0.00027848446002976966,18,22,hbo,False,S18_D22 hbo,mild_master_16,-0.013689136058356543,
481,az_itd=5_az=0,7.0,1.3222327688732728e-18,0.3115757176199497,8.543493910738694e-10,-1.0905630350915925,-0.0009317218649581728,18,22,hbo,False,S18_D22 hbo,mild_master_16,0.0018405826793316518,
482,constant,7.0,1.3222327688732728e-18,0.5571135220642984,1.0339137921823108e-09,0.6164368629661198,0.0006373425746302683,18,22,hbo,False,S18_D22 hbo,mild_master_16,,
490,Linear,7.0,2.7483293967817275e-17,0.9471930365239759,5.035983656550081e-13,0.06864354117943543,3.4568775150735926e-08,18,23,hbo,False,S18_D23 hbo,mild_master_16,,
491,ShortHbO,7.0,2.7483293967817275e-17,9.413101477269344e-07,0.0020293593078008643,15.907233384770363,32281.492130744384,18,23,hbo,True,S18_D23 hbo,mild_master_16,,
492,az_itd=0_az=15,7.0,2.7483293967817275e-17,0.02101858165951148,3.886541971136354e-09,2.962893152054637,0.011515408591452834,18,23,hbo,True,S18_D23 hbo,mild_master_16,0.012993754909659018,
493,az_itd=0_az=5,7.0,2.7483293967817275e-17,0.02390053032800158,3.894836691355612e-09,-2.8726723977306867,-0.01118858985692598,18,23,hbo,True,S18_D23 hbo,mild_master_16,0.05775668478575848,
494,az_itd=15_az=0,7.0,2.7483293967817275e-17,0.0002893112374805641,3.897093465853684e-09,6.654525171259618,0.02593330656327472,18,23,hbo,True,S18_D23 hbo,mild_master_16,0.030378910951209186,
495,az_itd=5_az=0,7.0,2.7483293967817275e-17,1.4149386600289994e-05,3.895076106108453e-09,-10.644925070984334,-0.04146279329530591,18,23,hbo,True,S18_D23 hbo,mild_master_16,-0.07548700966061732,
496,constant,7.0,2.7483293967817275e-17,0.7415206548261568,4.71373064671278e-09,0.3432053383643896,0.0016177775215636527,18,23,hbo,False,S18_D23 hbo,mild_master_16,,
504,Linear,7.0,1.4036892997363548e-16,0.9832993060592397,1.1381130812427822e-12,-0.021691638443694008,-2.4687537466356975e-08,19,14,hbo,False,S19_D14 hbo,mild_master_16,,
505,ShortHbO,7.0,1.4036892997363548e-16,4.758593074501172e-10,0.004586274563750647,47.55103876434642,218082.119564843,19,14,hbo,True,S19_D14 hbo,mild_master_16,,
506,az_itd=0_az=15,7.0,1.4036892997363548e-16,0.05969696215967973,8.783436483945237e-09,2.2443115085900347,0.019712767585887886,19,14,hbo,False,S19_D14 hbo,mild_master_16,0.017155615136281947,
507,az_itd=0_az=5,7.0,1.4036892997363548e-16,0.02735024579626004,8.802182234985371e-09,-2.778677839507441,-0.024458428715659928,19,14,hbo,True,S19_D14 hbo,mild_master_16,0.045062072586312604,
508,az_itd=15_az=0,7.0,1.4036892997363548e-16,0.2995298009171695,8.807282459197437e-09,1.1203395370721638,0.009867146753201045,19,14,hbo,False,S19_D14 hbo,mild_master_16,0.056608197162904626,
509,az_itd=5_az=0,7.0,1.4036892997363548e-16,0.9196215129252553,8.802723303187005e-09,-0.10460748988746965,-0.0009208307889203281,19,14,hbo,False,S19_D14 hbo,mild_master_16,0.058058949294276116,
510,constant,7.0,1.4036892997363548e-16,0.7735270986048439,1.06528513123769e-08,0.2991293972013233,0.003186580991546628,19,14,hbo,False,S19_D14 hbo,mild_master_16,,
518,Linear,7.0,3.6582160374656804e-17,0.1669166097847885,5.810113215068225e-13,1.542254636865678,8.960674046653521e-07,19,15,hbo,False,S19_D15 hbo,mild_master_16,,
519,ShortHbO,7.0,3.6582160374656804e-17,5.6842999740752375e-11,0.0023413116754339987,64.45557780294484,150910.59685687925,19,15,hbo,True,S19_D15 hbo,mild_master_16,,
520,az_itd=0_az=15,7.0,3.6582160374656804e-17,0.0015002202985456843,4.483979775837081e-09,-5.037776721874209,-0.022589288936066782,19,15,hbo,True,S19_D15 hbo,mild_master_16,0.040178060506681504,
521,az_itd=0_az=5,7.0,3.6582160374656804e-17,1.4896500744635458e-06,4.493549557402699e-09,-14.871962993660196,-0.06682790272787109,19,15,hbo,True,S19_D15 hbo,mild_master_16,-0.04225155340116932,
522,az_itd=15_az=0,7.0,3.6582160374656804e-17,1.5199127463362071e-05,4.496153242447947e-09,-10.530703297581557,-0.047347655776678606,19,15,hbo,True,S19_D15 hbo,mild_master_16,0.021063909667205307,
523,az_itd=5_az=0,7.0,3.6582160374656804e-17,0.052834302185596586,4.4938257749034365e-09,-2.327161119099779,-0.010457856619363715,19,15,hbo,False,S19_D15 hbo,mild_master_16,0.018221818993722237,
524,constant,7.0,3.6582160374656804e-17,0.5472102097352448,5.4383235908870656e-09,0.6324127630154878,0.0034392652482851983,19,15,hbo,False,S19_D15 hbo,mild_master_16,,
532,Linear,7.0,5.830362984690465e-17,0.14437019885912653,7.334959450268601e-13,1.6430677455562792,1.2051835287699556e-06,19,21,hbo,False,S19_D21 hbo,mild_master_16,,
533,ShortHbO,7.0,5.830362984690465e-17,1.7294266616628923e-10,0.002955781679986965,54.9675797856103,162472.16532352875,19,21,hbo,True,S19_D21 hbo,mild_master_16,,
534,az_itd=0_az=15,7.0,5.830362984690465e-17,0.0008528201242207885,5.66078639333421e-09,-5.557872877768455,-0.03146193116235292,19,21,hbo,True,S19_D21 hbo,mild_master_16,0.027482230201059974,
535,az_itd=0_az=5,7.0,5.830362984690465e-17,4.320254903733783e-05,5.672867734460179e-09,-8.982430598421281,-0.05095614071881192,19,21,hbo,True,S19_D21 hbo,mild_master_16,-0.01125366432127207,
536,az_itd=15_az=0,7.0,5.830362984690465e-17,3.033320798404307e-06,5.676154748589032e-09,-13.392847064738545,-0.07601987246364238,19,21,hbo,True,S19_D21 hbo,mild_master_16,-0.02666419792847851,
537,az_itd=5_az=0,7.0,5.830362984690465e-17,0.004630256428294524,5.67321644438929e-09,-4.090120745675649,-0.023204140273904876,19,21,hbo,True,S19_D21 hbo,mild_master_16,0.06492722825554559,
538,constant,7.0,5.830362984690465e-17,0.5754249058382386,6.865594789640835e-09,0.5873362102104491,0.004032412424588254,19,21,hbo,False,S19_D21 hbo,mild_master_16,,
560,Linear,7.0,8.506716710473905e-17,0.05920811892726159,8.859942543773964e-13,2.2498854744645023,1.9933856033827113e-06,20,12,hbo,False,S20_D12 hbo,mild_master_16,,
561,ShortHbO,7.0,8.506716710473905e-17,2.4681693138328826e-09,0.0035703068345749617,37.555448661326146,134084.47503106185,20,12,hbo,True,S20_D12 hbo,mild_master_16,,
562,az_itd=0_az=15,7.0,8.506716710473905e-17,0.002931771983308845,6.837698631814785e-09,-4.461212249859951,-0.03050442489710274,20,12,hbo,True,S20_D12 hbo,mild_master_16,0.0037234033051064984,
563,az_itd=0_az=5,7.0,8.506716710473905e-17,0.0006178877049505348,6.8522917579191015e-09,-5.870084836977537,-0.04022353394670708,20,12,hbo,True,S20_D12 hbo,mild_master_16,-0.030660162224446667,
564,az_itd=15_az=0,7.0,8.506716710473905e-17,1.058391082387295e-06,6.8562621624618485e-09,-15.636509479240043,-0.10720800829548953,20,12,hbo,True,S20_D12 hbo,mild_master_16,-0.013197564700070668,
565,az_itd=5_az=0,7.0,8.506716710473905e-17,6.312439920504277e-06,6.8527129667829434e-09,-12.012952510595005,-0.0823213154387021,20,12,hbo,True,S20_D12 hbo,mild_master_16,-0.10691077827737377,
566,constant,7.0,8.506716710473905e-17,0.7942558720020407,8.292994089125358e-09,0.27093564542626875,0.0022468677060534107,20,12,hbo,False,S20_D12 hbo,mild_master_16,,
574,Linear,7.0,1.1727558696942994e-16,0.9199318477459854,1.0402883335193527e-12,0.10420193237991583,1.0840005458499893e-07,20,13,hbo,False,S20_D13 hbo,mild_master_16,,
575,ShortHbO,7.0,1.1727558696942994e-16,4.417538244184766e-10,0.004192068434690628,48.0603139795769,201472.12519510504,20,13,hbo,True,S20_D13 hbo,mild_master_16,,
576,az_itd=0_az=15,7.0,1.1727558696942994e-16,0.000253504643530349,8.028469800627223e-09,6.79870541951629,0.05458320114394718,20,13,hbo,True,S20_D13 hbo,mild_master_16,0.026511776589017193,
577,az_itd=0_az=5,7.0,1.1727558696942994e-16,0.9370398867148831,8.045604289661314e-09,-0.0818725803126355,-0.0006587143833689807,20,13,hbo,False,S20_D13 hbo,mild_master_16,0.050856673497996184,
578,az_itd=15_az=0,7.0,1.1727558696942994e-16,0.007498833413221818,8.050266131998062e-09,-3.7156525166149117,-0.029911991612778393,20,13,hbo,True,S20_D13 hbo,mild_master_16,0.044247187503396006,
579,az_itd=5_az=0,7.0,1.1727558696942994e-16,0.006469851605636359,8.046098851183428e-09,-3.8285647025258305,-0.03080501005467451,20,13,hbo,True,S20_D13 hbo,mild_master_16,-0.018936319755703705,
580,constant,7.0,1.1727558696942994e-16,0.8308074399982947,9.737201971952378e-09,0.22179194391624413,0.0021596329536644034,20,13,hbo,False,S20_D13 hbo,mild_master_16,,
588,Linear,7.0,5.819577415987955e-17,0.09731661835807616,7.328171851427007e-13,1.9130730196567596,1.4019327852373131e-06,20,20,hbo,False,S20_D20 hbo,mild_master_16,,
589,ShortHbO,7.0,5.819577415987955e-17,8.349366853213347e-10,0.0029530464691868087,43.87061734299074,129551.97164576438,20,20,hbo,True,S20_D20 hbo,mild_master_16,,
590,az_itd=0_az=15,7.0,5.819577415987955e-17,0.058418450318868595,5.655548034836603e-09,-2.2589886669099997,-0.012775818915861008,20,20,hbo,False,S20_D20 hbo,mild_master_16,0.005381425330062385,
591,az_itd=0_az=5,7.0,5.819577415987955e-17,0.0015223467298576946,5.667618196173838e-09,-5.02472797123694,-0.028478239680606133,20,20,hbo,True,S20_D20 hbo,mild_master_16,-0.02335746717407923,
592,az_itd=15_az=0,7.0,5.819577415987955e-17,1.5247636880547674e-06,5.670902168577179e-09,-14.82115811993332,-0.08404933772315513,20,20,hbo,True,S20_D20 hbo,mild_master_16,0.0012376755517102694,
593,az_itd=5_az=0,7.0,5.819577415987955e-17,1.4232403662888094e-05,5.667966583414989e-09,-10.635546808283786,-0.06028192390569845,20,20,hbo,True,S20_D20 hbo,mild_master_16,-0.027105409137204967,
594,constant,7.0,5.819577415987955e-17,0.7524212957141689,6.859241529809342e-09,0.3281145217545846,0.0022506167541525776,20,20,hbo,False,S20_D20 hbo,mild_master_16,,
602,Linear,7.0,3.591450041304674e-17,0.43649528901552337,5.756848959875506e-13,-0.8251582355031747,-4.7503113297891594e-07,21,11,hbo,False,S21_D11 hbo,mild_master_16,,
603,ShortHbO,7.0,3.591450041304674e-17,3.0173314509224934e-08,0.0023198476836063385,26.202897984363194,60786.73219279815,21,11,hbo,True,S21_D11 hbo,mild_master_16,,
604,az_itd=0_az=15,7.0,3.591450041304674e-17,0.00016838738177194962,4.442872858601843e-09,7.260554674953274,0.03225772130374463,21,11,hbo,True,S21_D11 hbo,mild_master_16,0.07648967983221211,
605,az_itd=0_az=5,7.0,3.591450041304674e-17,0.0007824272808489392,4.4523549091252974e-09,5.640190930936544,0.025112131779759305,21,11,hbo,True,S21_D11 hbo,mild_master_16,0.02659775225997724,
606,az_itd=15_az=0,7.0,3.591450041304674e-17,0.013401397991673525,4.45493472486894e-09,-3.284623899871328,-0.014632785069671219,21,11,hbo,True,S21_D11 hbo,mild_master_16,-0.0001356937763155191,
607,az_itd=5_az=0,7.0,3.591450041304674e-17,3.581575994932114e-05,4.452628594400086e-09,9.244698017745923,0.04116320674040929,21,11,hbo,True,S21_D11 hbo,mild_master_16,-0.008780353416069404,
608,constant,7.0,3.591450041304674e-17,0.6582880026064633,5.388467719780399e-09,-0.46171987562079486,-0.0024879626453636738,21,11,hbo,False,S21_D11 hbo,mild_master_16,,
616,Linear,7.0,4.3357651004079905e-17,0.6150932144501339,6.325324246431268e-13,0.5260641338289733,3.3275262208862685e-07,21,12,hbo,False,S21_D12 hbo,mild_master_16,,
617,ShortHbO,7.0,4.3357651004079905e-17,4.433037363858456e-09,0.0025489271828072957,34.52758053724566,88008.2885879536,21,12,hbo,True,S21_D12 hbo,mild_master_16,,
618,az_itd=0_az=15,7.0,4.3357651004079905e-17,0.03148336383676555,4.881596097482704e-09,2.68122440087859,0.013088654571804326,21,12,hbo,True,S21_D12 hbo,mild_master_16,0.019493832499084443,
619,az_itd=0_az=5,7.0,4.3357651004079905e-17,0.0013097050994427678,4.892014478180187e-09,-5.159829136106163,-0.025241958838767318,21,12,hbo,True,S21_D12 hbo,mild_master_16,-0.019731324403265003,
620,az_itd=15_az=0,7.0,4.3357651004079905e-17,0.0008745419860308478,4.894849044657148e-09,-5.533993914995578,-0.02708806482795457,21,12,hbo,True,S21_D12 hbo,mild_master_16,0.02038459738547987,
621,az_itd=5_az=0,7.0,4.3357651004079905e-17,0.0021424124922441944,4.8923151892317665e-09,-4.726039823147255,-0.023121276411697526,21,12,hbo,True,S21_D12 hbo,mild_master_16,-0.054585001994004595,
622,constant,7.0,4.3357651004079905e-17,0.6781698368034227,5.9205662258292486e-09,0.4328172574973451,0.0025625232366948227,21,12,hbo,False,S21_D12 hbo,mild_master_16,,
630,Linear,7.0,9.541734879260189e-18,0.9373688391750604,2.967314597589015e-13,-0.08144372966220204,-2.4166916790874554e-08,21,19,hbo,False,S21_D19 hbo,mild_master_16,,
631,ShortHbO,7.0,9.541734879260189e-18,1.443516905118429e-07,0.0011957440509081923,20.89892043213734,24989.759777131894,21,19,hbo,True,S21_D19 hbo,mild_master_16,,
632,az_itd=0_az=15,7.0,9.541734879260189e-18,0.0023427322335219064,2.29003775858076e-09,4.649688476199107,0.010647962176133794,21,19,hbo,True,S21_D19 hbo,mild_master_16,0.022188452803259023,
633,az_itd=0_az=5,7.0,9.541734879260189e-18,0.04896090732401138,2.2949251938998778e-09,2.3789044794990017,0.005459407823883535,21,19,hbo,True,S21_D19 hbo,mild_master_16,0.012744949647584531,
634,az_itd=15_az=0,7.0,9.541734879260189e-18,0.03691840261919634,2.296254936084979e-09,-2.5716603286038633,-0.00590518772349054,21,19,hbo,True,S21_D19 hbo,mild_master_16,0.0031613122771237795,
635,az_itd=5_az=0,7.0,9.541734879260189e-18,0.0006709613300249124,2.2950662624456545e-09,-5.789118432338908,-0.013286410403363303,21,19,hbo,True,S21_D19 hbo,mild_master_16,-0.03796279535256133,
636,constant,7.0,9.541734879260189e-18,0.8096462166306166,2.777435891576239e-09,0.25016064337820804,0.0006948051495784388,21,19,hbo,False,S21_D19 hbo,mild_master_16,,
644,Linear,7.0,5.647763385452566e-16,0.3177588660740892,2.282906723569642e-12,-1.0756390898326873,-2.4555837103133724e-06,22,12,hbo,False,S22_D12 hbo,mild_master_16,,
645,ShortHbO,7.0,5.647763385452566e-16,2.9463872579903167e-07,0.009199469903544068,18.84332316565299,173348.5843451794,22,12,hbo,True,S22_D12 hbo,mild_master_16,,
646,az_itd=0_az=15,7.0,5.647763385452566e-16,1.0037012039562595e-05,1.7618430484385265e-08,11.208641170696252,0.19747866529033056,22,12,hbo,True,S22_D12 hbo,mild_master_16,0.23857669588821348,
647,az_itd=0_az=5,7.0,5.647763385452566e-16,0.0002001483339678036,1.7656032021344277e-08,7.062592607246436,0.12469736122725243,22,12,hbo,True,S22_D12 hbo,mild_master_16,-0.1273741327176773,
648,az_itd=15_az=0,7.0,5.647763385452566e-16,0.08189654428872896,1.7666262407355414e-08,-2.0301343090554713,-0.03586488542594913,22,12,hbo,False,S22_D12 hbo,mild_master_16,-0.031773063284666545,
649,az_itd=5_az=0,7.0,5.647763385452566e-16,0.8680508219757389,1.7657117333740538e-08,-0.1723351114504,-0.0030429412836029657,22,12,hbo,False,S22_D12 hbo,mild_master_16,-0.32860431443983,
650,constant,7.0,5.647763385452566e-16,0.9533101562016756,2.1368233339042945e-08,0.060680031411697186,0.001296625070225601,22,12,hbo,False,S22_D12 hbo,mild_master_16,,
658,Linear,7.0,3.609230097730937e-16,0.9291614595913418,1.8249762020779835e-12,-0.09214891957058655,-1.681695852635186e-07,22,20,hbo,False,S22_D20 hbo,mild_master_16,,
659,ShortHbO,7.0,3.609230097730937e-16,1.2367730014649569e-06,0.007354139121132783,15.283592653766677,112397.66664652312,22,20,hbo,True,S22_D20 hbo,mild_master_16,,
660,az_itd=0_az=15,7.0,3.609230097730937e-16,0.00010524538317696151,1.408433205790045e-08,7.821501265577979,0.11016062101568885,22,20,hbo,True,S22_D20 hbo,mild_master_16,0.24442027042401732,
661,az_itd=0_az=5,7.0,3.609230097730937e-16,0.7585995520375175,1.4114391065306785e-08,-0.31959879543045266,-0.004510942382706393,22,20,hbo,False,S22_D20 hbo,mild_master_16,-0.03895488179105891,
662,az_itd=15_az=0,7.0,3.609230097730937e-16,2.4189387539829876e-05,1.4122569328052099e-08,-9.815257700483127,-0.13861665734777018,22,20,hbo,True,S22_D20 hbo,mild_master_16,-0.062035914420737796,
663,az_itd=5_az=0,7.0,3.609230097730937e-16,0.4710147801695569,1.4115258673814199e-08,-0.7618837378237163,-0.010754186038754195,22,20,hbo,False,S22_D20 hbo,mild_master_16,-0.2223406163701891,
664,constant,7.0,3.609230097730937e-16,0.6533425542114093,1.7081958242790695e-08,0.4689751068774793,0.008011013192589405,22,20,hbo,False,S22_D20 hbo,mild_master_16,,
714,Linear,7.0,6.226179857144687e-17,0.36974230488631843,7.579852445640155e-13,0.9584899665141111,7.265212516803535e-07,23,9,hbo,False,S23_D9 hbo,mild_master_16,,
715,ShortHbO,7.0,6.226179857144687e-17,5.2806679311625894e-05,0.0030544666467116088,-8.708769487675525,-26600.645934004635,23,9,hbo,True,S23_D9 hbo,mild_master_16,,
716,az_itd=0_az=15,7.0,6.226179857144687e-17,0.009288418984144578,5.849783612122022e-09,3.554432843500962,0.020792662998300206,23,9,hbo,True,S23_D9 hbo,mild_master_16,0.07350215979274734,
717,az_itd=0_az=5,7.0,6.226179857144687e-17,0.592979446425564,5.862268314144054e-09,-0.5599383002391263,-0.0032825085553675106,23,9,hbo,False,S23_D9 hbo,mild_master_16,0.04745623376574822,
718,az_itd=15_az=0,7.0,6.226179857144687e-17,1.105442317284323e-06,5.8656650721292024e-09,-15.537184355872176,-0.09113591959547168,23,9,hbo,True,S23_D9 hbo,mild_master_16,-0.12029895835638398,
719,az_itd=5_az=0,7.0,6.226179857144687e-17,4.0376958459108784e-06,5.862628666485047e-09,-12.837718975225632,-0.07526277927643683,23,9,hbo,True,S23_D9 hbo,mild_master_16,-0.019318954686034236,
720,constant,7.0,6.226179857144687e-17,0.6763146412365616,7.094817062025845e-09,0.43549684424676577,0.003089770441020366,23,9,hbo,False,S23_D9 hbo,mild_master_16,,
672,Linear,7.0,4.6440534999874175e-17,0.1462989422128551,6.546339545096761e-13,1.6338901671031192,1.0695999813251905e-06,23,10,hbo,False,S23_D10 hbo,mild_master_16,,
673,ShortHbO,7.0,4.6440534999874175e-17,1.0144858028510864e-07,0.002637990111542149,21.99389049209779,58019.66563249486,23,10,hbo,True,S23_D10 hbo,mild_master_16,,
674,az_itd=0_az=15,7.0,4.6440534999874175e-17,0.0011469801691047768,5.052165601497958e-09,-5.280859308364563,-0.026679775744069743,23,10,hbo,True,S23_D10 hbo,mild_master_16,0.00045545860965050277,
675,az_itd=0_az=5,7.0,4.6440534999874175e-17,0.00017553582836773705,5.062948014367035e-09,-7.212527150331906,-0.03651665001434125,23,10,hbo,True,S23_D10 hbo,mild_master_16,0.0051962197913454486,
676,az_itd=15_az=0,7.0,4.6440534999874175e-17,1.8357437036607084e-06,5.065881624392134e-09,-14.422224003128031,-0.07306127956031346,23,10,hbo,True,S23_D10 hbo,mild_master_16,-0.09409878581330347,
677,az_itd=5_az=0,7.0,4.6440534999874175e-17,3.078387000679821e-05,5.063259232665403e-09,-9.461264869447003,-0.04790483670292037,23,10,hbo,True,S23_D10 hbo,mild_master_16,0.03080221180112014,
678,constant,7.0,4.6440534999874175e-17,0.651779390034182,6.12743873729121e-09,0.4712740325092191,0.0028877027626764266,23,10,hbo,False,S23_D10 hbo,mild_master_16,,
686,Linear,7.0,1.6594894679457885e-17,0.12146972196653315,3.9132461860860334e-13,-1.7618726642335347,-6.894641483681117e-07,23,11,hbo,False,S23_D11 hbo,mild_master_16,,
687,ShortHbO,7.0,1.6594894679457885e-17,2.5402792490563077e-09,0.0015769277886994173,37.40058532460881,58978.02231199925,23,11,hbo,True,S23_D11 hbo,mild_master_16,,
688,az_itd=0_az=15,7.0,1.6594894679457885e-17,7.44122837262974e-07,3.0200645162600884e-09,16.463584466866415,0.04972108725883402,23,11,hbo,True,S23_D11 hbo,mild_master_16,0.047941727377405714,
689,az_itd=0_az=5,7.0,1.6594894679457885e-17,0.001723142372501002,3.026509986395887e-09,4.9151409167291105,0.01487572306902369,23,11,hbo,True,S23_D11 hbo,mild_master_16,-0.013862055369237151,
690,az_itd=15_az=0,7.0,1.6594894679457885e-17,0.007886533480758781,3.028263628742591e-09,-3.6774181305614424,-0.01113619157245779,23,11,hbo,True,S23_D11 hbo,mild_master_16,-0.001798728074443976,
691,az_itd=5_az=0,7.0,1.6594894679457885e-17,3.42145730817879e-07,3.026696025297588e-09,18.43814471504648,0.0558066593228929,23,11,hbo,True,S23_D11 hbo,mild_master_16,0.060108232998750136,
692,constant,7.0,1.6594894679457885e-17,0.7262838869060397,3.662837239651038e-09,-0.36444823791501846,-0.0013349145777603307,23,11,hbo,False,S23_D11 hbo,mild_master_16,,
700,Linear,7.0,2.0795513545350867e-17,0.4060850012280663,4.380611563927722e-13,-0.8838960155458961,-3.87200510700999e-07,23,19,hbo,False,S23_D19 hbo,mild_master_16,,
701,ShortHbO,7.0,2.0795513545350867e-17,1.6841340362906986e-08,0.0017652628478160783,28.49895382251721,50308.14438451564,23,19,hbo,True,S23_D19 hbo,mild_master_16,,
702,az_itd=0_az=15,7.0,2.0795513545350867e-17,5.774355466716623e-06,3.38075574973444e-09,12.17339252706435,0.041155266779647065,23,19,hbo,True,S23_D19 hbo,mild_master_16,0.053445502964884484,
703,az_itd=0_az=5,7.0,2.0795513545350867e-17,0.6699909204934195,3.3879710128866084e-09,-0.4446569853414386,-0.0015064849770143394,23,19,hbo,False,S23_D19 hbo,mild_master_16,0.0059057111021836904,
704,az_itd=15_az=0,7.0,2.0795513545350867e-17,0.05339990770247909,3.3899340956004635e-09,-2.319930655529015,-0.007864412028606542,23,19,hbo,False,S23_D19 hbo,mild_master_16,0.00685441509323911,
705,az_itd=5_az=0,7.0,2.0795513545350867e-17,0.00014749405862885667,3.3881792707179275e-09,7.415290092295989,0.0251243321770773,23,19,hbo,True,S23_D19 hbo,mild_master_16,0.034471126118621936,
706,constant,7.0,2.0795513545350867e-17,0.9458544730664908,4.100295868389731e-09,0.07038677952274963,0.00028860662126638925,23,19,hbo,False,S23_D19 hbo,mild_master_16,,
756,Linear,7.0,5.371379159585749e-17,0.14959437938543468,7.040326905239032e-13,1.618468015800832,1.1394543916911428e-06,24,9,hbo,False,S24_D9 hbo,mild_master_16,,
757,ShortHbO,7.0,5.371379159585749e-17,2.5674646050667253e-06,0.0028370530783047234,-13.726717968543738,-38943.42746767777,24,9,hbo,True,S24_D9 hbo,mild_master_16,,
758,az_itd=0_az=15,7.0,5.371379159585749e-17,0.0027731719016963305,5.433402463914431e-09,-4.507541068549354,-0.02449128474805155,24,9,hbo,True,S24_D9 hbo,mild_master_16,0.04999908186747235,
759,az_itd=0_az=5,7.0,5.371379159585749e-17,0.061036852778431655,5.44499851861074e-09,2.2292669517964336,0.012138355250119462,24,9,hbo,False,S24_D9 hbo,mild_master_16,0.07284602390007829,
760,az_itd=15_az=0,7.0,5.371379159585749e-17,1.1258722817087527e-06,5.448153499107384e-09,-15.495546016590865,-0.084422113250869,24,9,hbo,True,S24_D9 hbo,mild_master_16,-0.05776625641184619,
761,az_itd=5_az=0,7.0,5.371379159585749e-17,5.055819854601104e-07,5.4453332214693856e-09,-17.41898266505172,-0.09485216499020546,24,9,hbo,True,S24_D9 hbo,mild_master_16,-0.0007311623238678408,
762,constant,7.0,5.371379159585749e-17,0.5641737973925649,6.589815805485776e-09,0.6051507901559674,0.0039878322416719994,24,9,hbo,False,S24_D9 hbo,mild_master_16,,
728,Linear,7.0,5.935165094529755e-17,0.22149570479213213,7.400589622436009e-13,-1.3419837770049563,-9.93147121358036e-07,24,10,hbo,False,S24_D10 hbo,mild_master_16,,
729,ShortHbO,7.0,5.935165094529755e-17,0.007274509405821934,0.002982228787412993,3.7387683622312786,11149.862639315046,24,10,hbo,True,S24_D10 hbo,mild_master_16,,
730,az_itd=0_az=15,7.0,5.935165094529755e-17,1.2660393523253162e-06,5.711436759994905e-09,15.23125695292663,0.08699236086187313,24,10,hbo,True,S24_D10 hbo,mild_master_16,0.14691381487771757,
731,az_itd=0_az=5,7.0,5.935165094529755e-17,8.213596932409584e-07,5.72362619994589e-09,16.22762894275107,0.09288088217973024,24,10,hbo,True,S24_D10 hbo,mild_master_16,0.19216702225293794,
732,az_itd=15_az=0,7.0,5.935165094529755e-17,0.00017043819474680242,5.726942624912616e-09,-7.2465445626838205,-0.04150054493936273,24,10,hbo,True,S24_D10 hbo,mild_master_16,-0.010252749060332723,
733,az_itd=5_az=0,7.0,5.935165094529755e-17,0.08972761524836398,5.723978029986686e-09,-1.968209781537008,-0.01126598954792273,24,10,hbo,False,S24_D10 hbo,mild_master_16,0.05763042087630721,
734,constant,7.0,5.935165094529755e-17,0.8580545817527776,6.927025281674336e-09,-0.18555682295621012,-0.0012853568038048364,24,10,hbo,False,S24_D10 hbo,mild_master_16,,
742,Linear,7.0,9.668756037295568e-17,0.162613670036402,9.445723347288008e-13,1.5604784935331832,1.473984813930721e-06,24,19,hbo,False,S24_D19 hbo,mild_master_16,,
743,ShortHbO,7.0,9.668756037295568e-17,0.2046430018950508,0.0038063599687816474,-1.3985998641169994,-5323.574535118399,24,19,hbo,False,S24_D19 hbo,mild_master_16,,
744,az_itd=0_az=15,7.0,9.668756037295568e-17,0.19653200499544027,7.289777477579534e-09,-1.4273391392377566,-0.010404984710083156,24,19,hbo,False,S24_D19 hbo,mild_master_16,0.03530242054225433,
745,az_itd=0_az=5,7.0,9.668756037295568e-17,4.1205983803111136e-05,7.30533543760833e-09,-9.047997597298876,-0.0660986574869425,24,19,hbo,True,S24_D19 hbo,mild_master_16,-0.014289132309623327,
746,az_itd=15_az=0,7.0,9.668756037295568e-17,4.914511270050983e-06,7.309568348002761e-09,-12.46876208588445,-0.09114126868175786,24,19,hbo,True,S24_D19 hbo,mild_master_16,-0.10869740595832199,
747,az_itd=5_az=0,7.0,9.668756037295568e-17,4.0980027366670224e-07,7.3057844949672935e-09,-17.960268078077412,-0.13121384805027397,24,19,hbo,True,S24_D19 hbo,mild_master_16,-0.012574310269111544,
748,constant,7.0,9.668756037295568e-17,0.5126502496741716,8.841290730673984e-09,0.6896002395248401,0.006096956205581528,24,19,hbo,False,S24_D19 hbo,mild_master_16,,
553,Linear,7.0,4.5457129097372636e-18,0.28245789529323806,2.048098890593179e-13,-1.164265136060791,-2.3845301335224224e-07,1,7,hbr,False,S1_D7 hbr,mild_master_16,,
554,ShortHbO,7.0,4.5457129097372636e-18,0.7423030825284969,0.0008253260594910667,-0.3421192610242852,-282.35994157716897,1,7,hbr,False,S1_D7 hbr,mild_master_16,,
555,az_itd=0_az=15,7.0,4.5457129097372636e-18,2.39134160555951e-05,1.5806290969540667e-09,9.832392359590846,0.015541365456238144,1,7,hbr,True,S1_D7 hbr,mild_master_16,,0.010434396814552776
556,az_itd=0_az=5,7.0,4.5457129097372636e-18,0.01745048120424919,1.5840025009278364e-09,3.0947427370488603,0.004902080235213652,1,7,hbr,True,S1_D7 hbr,mild_master_16,,0.0027633454491695236
557,az_itd=15_az=0,7.0,4.5457129097372636e-18,0.0001518800250244163,1.5849203151347605e-09,-7.380839739606431,-0.01169804284605619,1,7,hbr,True,S1_D7 hbr,mild_master_16,,-0.03334721495314718
558,az_itd=5_az=0,7.0,4.5457129097372636e-18,0.029511275391403396,1.5840998692123915e-09,-2.7259390880248366,-0.0043181597528210896,1,7,hbr,True,S1_D7 hbr,mild_master_16,,0.004539759200521521
559,constant,7.0,4.5457129097372636e-18,0.26446578611051136,1.9170408735403146e-09,1.2130130812478053,0.002325395656891121,1,7,hbr,False,S1_D7 hbr,mild_master_16,,
777,Linear,7.0,1.5538891662763137e-15,0.5965395035448104,3.786691630888517e-12,-0.5544383013035985,-2.099486875390382e-06,2,6,hbr,False,S2_D6 hbr,mild_master_16,,
778,ShortHbO,7.0,1.5538891662763137e-15,2.5404519303126432e-06,0.015259298740813589,-13.748157105458922,-209787.2364078367,2,6,hbr,True,S2_D6 hbr,mild_master_16,,
779,az_itd=0_az=15,7.0,1.5538891662763137e-15,0.0010513332541956728,2.9223954958743887e-08,-5.361284045950222,-0.15667792347988146,2,6,hbr,True,S2_D6 hbr,mild_master_16,,-0.24691838908310537
780,az_itd=0_az=5,7.0,1.5538891662763137e-15,0.25329042599229307,2.9286325192201605e-08,1.2447171968716686,0.03645319259990931,2,6,hbr,False,S2_D6 hbr,mild_master_16,,-0.2858953565381022
781,az_itd=15_az=0,7.0,1.5538891662763137e-15,1.0812062160640643e-07,2.9303294486956037e-08,21.792097269017265,0.6385802437624034,2,6,hbr,True,S2_D6 hbr,mild_master_16,,0.596640439468154
782,az_itd=5_az=0,7.0,1.5538891662763137e-15,0.04895533102776522,2.92881254161553e-08,-2.3789819472737816,-0.06967592163452387,2,6,hbr,True,S2_D6 hbr,mild_master_16,,-0.018429219330711975
783,constant,7.0,1.5538891662763137e-15,0.8638065099311667,3.544380920886036e-08,-0.17794459036596685,-0.00630703411068014,2,6,hbr,False,S2_D6 hbr,mild_master_16,,
791,Linear,7.0,1.4845453687394337e-15,0.7700730985373768,3.701234977068469e-12,0.303852791228213,1.124630578773745e-06,2,8,hbr,False,S2_D8 hbr,mild_master_16,,
792,ShortHbO,7.0,1.4845453687394337e-15,2.45472804206499e-07,0.014914932540145587,-19.349827966775187,-288601.37878787436,2,8,hbr,True,S2_D8 hbr,mild_master_16,,
793,az_itd=0_az=15,7.0,1.4845453687394337e-15,0.019785910140589554,2.8564439570220934e-08,3.0055608613659786,0.08585216159910967,2,8,hbr,True,S2_D8 hbr,mild_master_16,,0.09324453612006402
794,az_itd=0_az=5,7.0,1.4845453687394337e-15,3.2560157348430855e-05,2.8625402255357106e-08,9.38050973497994,0.2685208645240941,2,8,hbr,True,S2_D8 hbr,mild_master_16,,0.012011245159386593
795,az_itd=15_az=0,7.0,1.4845453687394337e-15,0.708542353766498,2.864198859335436e-08,-0.3894187005952182,-0.011153725980487118,2,8,hbr,False,S2_D8 hbr,mild_master_16,,0.12115468284603398
796,az_itd=5_az=0,7.0,1.4845453687394337e-15,0.09026811595048441,2.8627161852523568e-08,-1.964134341654988,-0.05622759169865717,2,8,hbr,False,S2_D8 hbr,mild_master_16,,0.10960557509129748
797,constant,7.0,1.4845453687394337e-15,0.5117222304327478,3.464392645397263e-08,-0.6911688225069097,-0.02394480185420824,2,8,hbr,False,S2_D8 hbr,mild_master_16,,
805,Linear,7.0,8.355243079736733e-18,0.8410350946023901,2.7767032276082703e-13,-0.20815460678414502,-5.779835684990658e-08,3,6,hbr,False,S3_D6 hbr,mild_master_16,,
806,ShortHbO,7.0,8.355243079736733e-18,0.00917092062253524,0.0011189330474928058,-3.56394282505092,-3987.8134063243456,3,6,hbr,True,S3_D6 hbr,mild_master_16,,
807,az_itd=0_az=15,7.0,8.355243079736733e-18,0.00016259492697891432,2.1429326168390044e-09,-7.301188175157006,-0.015645954282223196,3,6,hbr,True,S3_D6 hbr,mild_master_16,,-0.009587213648385308
808,az_itd=0_az=5,7.0,8.355243079736733e-18,3.5076107479940916e-05,2.147506098004887e-09,9.274290299191863,0.019916594972182095,3,6,hbr,True,S3_D6 hbr,mild_master_16,,0.009439211712531882
809,az_itd=15_az=0,7.0,8.355243079736733e-18,0.0006078442584445117,2.1487504215492314e-09,5.886281063216552,0.012648148915943826,3,6,hbr,True,S3_D6 hbr,mild_master_16,,0.013570677678710272
810,az_itd=5_az=0,7.0,8.355243079736733e-18,0.00023801364774302168,2.1476381047313354e-09,-6.868353570574087,-0.014750737844932433,3,6,hbr,True,S3_D6 hbr,mild_master_16,,-0.023496103536849677
811,constant,7.0,8.355243079736733e-18,0.615885804929686,2.5990217588930404e-09,0.5248624974797617,0.0013641290513768441,3,6,hbr,False,S3_D6 hbr,mild_master_16,,
819,Linear,7.0,4.029146175534559e-18,0.7657665902945837,1.9282193299293343e-13,-0.30975274655811297,-5.972712334120554e-08,3,7,hbr,False,S3_D7 hbr,mild_master_16,,
820,ShortHbO,7.0,4.029146175534559e-18,0.015355189732875363,0.0007770179793145496,-3.186312636325265,-2475.822206141873,3,7,hbr,True,S3_D7 hbr,mild_master_16,,
821,az_itd=0_az=15,7.0,4.029146175534559e-18,0.049295980391693264,1.4881115322087124e-09,-2.37426601243222,-0.003533172633631581,3,7,hbr,True,S3_D7 hbr,mild_master_16,,0.020815373519676737
822,az_itd=0_az=5,7.0,4.029146175534559e-18,0.42188983408903535,1.4912874837117177e-09,-0.8529885526671305,-0.0012720511523418648,3,7,hbr,False,S3_D7 hbr,mild_master_16,,0.0029403932522580906
823,az_itd=15_az=0,7.0,4.029146175534559e-18,0.0011595659170494117,1.4921515763115442e-09,5.270835231074381,0.007864885098526059,3,7,hbr,True,S3_D7 hbr,mild_master_16,,-0.0026479313736627067
824,az_itd=5_az=0,7.0,4.029146175534559e-18,2.575480275730406e-05,1.4913791528246024e-09,9.72208036529875,0.014499307978891951,3,7,hbr,True,S3_D7 hbr,mild_master_16,,0.032216019497709414
825,constant,7.0,4.029146175534559e-18,0.7913789584556425,1.8048324158578409e-09,-0.2748335257609412,-0.0004960284562578477,3,7,hbr,False,S3_D7 hbr,mild_master_16,,
833,Linear,7.0,7.758396692386231e-18,0.00033893269925912604,2.675690712711036e-13,-6.484848607391511,-1.7351449192134558e-06,4,2,hbr,True,S4_D2 hbr,mild_master_16,,
834,ShortHbO,7.0,7.758396692386231e-18,0.9621265282932503,0.0010782278543684288,-0.049210106193281956,-53.05970721402493,4,2,hbr,False,S4_D2 hbr,mild_master_16,,
835,az_itd=0_az=15,7.0,7.758396692386231e-18,2.967934264604287e-08,2.064975775528069e-09,26.265319153707573,0.05423724778891954,4,2,hbr,True,S4_D2 hbr,mild_master_16,,0.031350598423797074
836,az_itd=0_az=5,7.0,7.758396692386231e-18,3.782743411501174e-09,2.0693828799527115e-09,35.323067374483585,0.0730969508921725,4,2,hbr,True,S4_D2 hbr,mild_master_16,,0.043877717802201316
837,az_itd=15_az=0,7.0,7.758396692386231e-18,1.0605872024302713e-07,2.0705819367759635e-09,21.85290659037025,0.04524823365207305,4,2,hbr,True,S4_D2 hbr,mild_master_16,,-0.00546919796112987
838,az_itd=5_az=0,7.0,7.758396692386231e-18,9.479430196695899e-10,2.0695100844621677e-09,43.07966301518796,0.08915379704516335,4,2,hbr,True,S4_D2 hbr,mild_master_16,,0.06562659067229386
839,constant,7.0,7.758396692386231e-18,0.28881651643407474,2.5044730431613437e-09,-1.1476551806085356,-0.0028742714626785407,4,2,hbr,False,S4_D2 hbr,mild_master_16,,
847,Linear,7.0,1.6252539883077065e-16,0.10300468473032891,1.2246459219239073e-12,-1.8744345412778165,-2.2955186168891877e-06,4,4,hbr,False,S4_D4 hbr,mild_master_16,,
848,ShortHbO,7.0,1.6252539883077065e-16,8.677581942698248e-08,0.004934977493789523,-22.496567790501828,-111020.05573363682,4,4,hbr,True,S4_D4 hbr,mild_master_16,,
849,az_itd=0_az=15,7.0,1.6252539883077065e-16,1.0918207439245632e-06,9.451257390693852e-09,15.565436635739745,0.1471129480429121,4,4,hbr,True,S4_D4 hbr,mild_master_16,,0.04854792960912138
850,az_itd=0_az=5,7.0,1.6252539883077065e-16,1.0454503893513171e-07,9.471428415825759e-09,21.89841292526721,0.2074092504418619,4,4,hbr,True,S4_D4 hbr,mild_master_16,,0.20261378139248426
851,az_itd=15_az=0,7.0,1.6252539883077065e-16,0.013799990917269857,9.47691641950935e-09,3.2633718593533625,0.030926702356870638,4,4,hbr,True,S4_D4 hbr,mild_master_16,,-0.04922712276838148
852,az_itd=5_az=0,7.0,1.6252539883077065e-16,0.20659830975948504,9.472010622442602e-09,1.391823819802516,0.013183370005738068,4,4,hbr,False,S4_D4 hbr,mild_master_16,,-0.03434817698644377
853,constant,7.0,1.6252539883077065e-16,0.449301917210448,1.1462807283014742e-08,-0.8012921663451033,-0.00918505768020331,4,4,hbr,False,S4_D4 hbr,mild_master_16,,
861,Linear,7.0,4.83559538150364e-18,0.0010699616087059482,2.11239386480947e-13,-5.344997469238035,-1.129073986144057e-06,5,1,hbr,True,S5_D1 hbr,mild_master_16,,
862,ShortHbO,7.0,4.83559538150364e-18,0.4452190574948556,0.0008512351198195173,0.808848555375769,688.5202969511362,5,1,hbr,False,S5_D1 hbr,mild_master_16,,
863,az_itd=0_az=15,7.0,4.83559538150364e-18,4.7746533422283595e-08,1.6302490188733389e-09,24.52446698268474,0.03998098823691339,5,1,hbr,True,S5_D1 hbr,mild_master_16,,0.03766300734767332
864,az_itd=0_az=5,7.0,4.83559538150364e-18,1.6247194845175962e-08,1.6337283224804273e-09,28.64667435643056,0.046800883240974374,5,1,hbr,True,S5_D1 hbr,mild_master_16,,0.0487720725128437
865,az_itd=15_az=0,7.0,4.83559538150364e-18,7.131591313870252e-07,1.6346749491831935e-09,16.56613889755668,0.02708025226052519,5,1,hbr,True,S5_D1 hbr,mild_master_16,,0.015165362017489348
866,az_itd=5_az=0,7.0,4.83559538150364e-18,6.065379018365478e-09,1.6338287474002716e-09,33.00722684867274,0.053928156097323585,5,1,hbr,True,S5_D1 hbr,mild_master_16,,0.055715089811408686
867,constant,7.0,4.83559538150364e-18,0.37513712577963054,1.977221607049795e-09,-0.9470789128942207,-0.0018725848901556838,5,1,hbr,False,S5_D1 hbr,mild_master_16,,
875,Linear,7.0,2.2605964743641444e-18,0.00022441299822639491,1.4443134094004137e-13,-6.933842732266539,-1.0014642036886165e-06,5,2,hbr,True,S5_D2 hbr,mild_master_16,,
876,ShortHbO,7.0,2.2605964743641444e-18,1.628851671051983e-05,0.0005820175482372878,10.42126804655462,6065.3608779793085,5,2,hbr,True,S5_D2 hbr,mild_master_16,,
877,az_itd=0_az=15,7.0,2.2605964743641444e-18,5.885811679494649e-09,1.1146550640228292e-09,33.1500468335283,0.03695086757558628,5,2,hbr,True,S5_D2 hbr,mild_master_16,,0.026450084897119103
878,az_itd=0_az=5,7.0,2.2605964743641444e-18,8.768622259432013e-09,1.1170339787407746e-09,31.304280171032943,0.03496794463106487,5,2,hbr,True,S5_D2 hbr,mild_master_16,,0.025390658284922908
879,az_itd=15_az=0,7.0,2.2605964743641444e-18,1.4273085446086464e-08,1.1176812186628738e-09,29.185773057741425,0.032620390398794503,5,2,hbr,True,S5_D2 hbr,mild_master_16,,0.007428039348037011
880,az_itd=5_az=0,7.0,2.2605964743641444e-18,7.974753437381011e-10,1.1171026425732093e-09,44.16018965449559,0.04933146455957113,5,2,hbr,True,S5_D2 hbr,mild_master_16,,0.03306845202642241
881,constant,7.0,2.2605964743641444e-18,0.22108761653846204,1.3518916751236779e-09,-1.343309168986391,-0.0018160084826700075,5,2,hbr,False,S5_D2 hbr,mild_master_16,,
889,Linear,7.0,4.506761059994757e-18,7.323147271839572e-05,2.0393050139019734e-13,-8.278151530189303,-1.688167592135534e-06,5,3,hbr,True,S5_D3 hbr,mild_master_16,,
890,ShortHbO,7.0,4.506761059994757e-18,0.0004256306341353254,0.0008217823753308253,6.246406826729479,5133.187039352433,5,3,hbr,True,S5_D3 hbr,mild_master_16,,
891,az_itd=0_az=15,7.0,4.506761059994757e-18,4.722939915367856e-09,1.5738423849271295e-09,34.214902812045764,0.05384886424176005,5,3,hbr,True,S5_D3 hbr,mild_master_16,,0.05264754767769088
892,az_itd=0_az=5,7.0,4.506761059994757e-18,5.662988835039089e-10,1.5772013045912247e-09,46.38037460774798,0.07315118733876982,5,3,hbr,True,S5_D3 hbr,mild_master_16,,0.06326620313942004
893,az_itd=15_az=0,7.0,4.506761059994757e-18,3.294590434027978e-09,1.5781151779996853e-09,36.03068407479312,0.05686056941214258,5,3,hbr,True,S5_D3 hbr,mild_master_16,,0.011713555771927177
894,az_itd=5_az=0,7.0,4.506761059994757e-18,2.814806749097762e-10,1.5772982548077402e-09,51.2647597729413,0.08085981612299835,5,3,hbr,True,S5_D3 hbr,mild_master_16,,0.07022006410728489
895,constant,7.0,4.506761059994757e-18,0.07848303664484613,1.9088097177443986e-09,-2.058981196984411,-0.003930203317456838,5,3,hbr,False,S5_D3 hbr,mild_master_16,,
903,Linear,7.0,1.3376345760484138e-18,0.07135839545988532,1.1110117792894059e-13,-2.1234371881501697,-2.3591637286160128e-07,6,1,hbr,False,S6_D1 hbr,mild_master_16,,
904,ShortHbO,7.0,1.3376345760484138e-18,7.547323997099424e-06,0.000447706396434556,-11.697039012726538,-5236.839185342215,6,1,hbr,True,S6_D1 hbr,mild_master_16,,
905,az_itd=0_az=15,7.0,1.3376345760484138e-18,4.425690912947159e-06,8.574281024559982e-10,12.664216999208142,0.010858655550722032,6,1,hbr,True,S6_D1 hbr,mild_master_16,,0.006077884142640636
906,az_itd=0_az=5,7.0,1.3376345760484138e-18,1.9007544161362844e-05,8.59258039266361e-10,10.180857487917221,0.008747983643118,6,1,hbr,True,S6_D1 hbr,mild_master_16,,0.016731793854783274
907,az_itd=15_az=0,7.0,1.3376345760484138e-18,0.33485596472569185,8.597559167857402e-10,1.0355488962438937,0.0008903192906666301,6,1,hbr,False,S6_D1 hbr,mild_master_16,,0.0055151291494153565
908,az_itd=5_az=0,7.0,1.3376345760484138e-18,3.3947517033161993e-07,8.593108576686202e-10,18.459173388475083,0.015862168116304295,6,1,hbr,True,S6_D1 hbr,mild_master_16,,0.015400659706087609
909,constant,7.0,1.3376345760484138e-18,0.6984762211590583,1.0399180438331688e-09,-0.4037069924165741,-0.00041982218583561565,6,1,hbr,False,S6_D1 hbr,mild_master_16,,
917,Linear,7.0,2.6543666560383384e-18,0.0010971891402897476,1.5650577842568822e-13,-5.321752235065733,-8.328849761376087e-07,6,2,hbr,True,S6_D2 hbr,mild_master_16,,
918,ShortHbO,7.0,2.6543666560383384e-18,0.3697605982353425,0.0006306741241300366,-0.9584510594894772,-604.4702824650316,6,2,hbr,False,S6_D2 hbr,mild_master_16,,
919,az_itd=0_az=15,7.0,2.6543666560383384e-18,8.61787428786479e-08,1.2078400528279292e-09,22.519040726098083,0.0271993993402446,6,2,hbr,True,S6_D2 hbr,mild_master_16,,0.028932874891960392
920,az_itd=0_az=5,7.0,2.6543666560383384e-18,7.935948602383472e-08,1.2104178444437734e-09,22.78905386528054,0.02758427745652591,6,2,hbr,True,S6_D2 hbr,mild_master_16,,0.02669351299144536
921,az_itd=15_az=0,7.0,2.6543666560383384e-18,5.978428000577039e-07,1.2111191935220068e-09,16.998294632157528,0.02058696088614808,6,2,hbr,True,S6_D2 hbr,mild_master_16,,0.012774173056061286
922,az_itd=5_az=0,7.0,2.6543666560383384e-18,1.6650394498952548e-09,1.2104922485618474e-09,39.7371098748061,0.04810146348370322,6,2,hbr,True,S6_D2 hbr,mild_master_16,,0.04112853180544165
923,constant,7.0,2.6543666560383384e-18,0.4021947706145764,1.4649096074672102e-09,-0.8916376891595333,-0.0013061686172296625,6,2,hbr,False,S6_D2 hbr,mild_master_16,,
945,Linear,7.0,3.8492538542477785e-19,0.4387082304672343,5.959889353557296e-14,-0.8209994483425528,-4.893065871453194e-08,7,7,hbr,False,S7_D7 hbr,mild_master_16,,
946,ShortHbO,7.0,3.8492538542477785e-19,0.2692163839939045,0.0002401667232850063,1.1998780138575795,288.1707709298962,7,7,hbr,False,S7_D7 hbr,mild_master_16,,
947,az_itd=0_az=15,7.0,3.8492538542477785e-19,0.00016833297150848408,4.599570152655596e-10,7.260928991842656,0.0033397152271431164,7,7,hbr,True,S7_D7 hbr,mild_master_16,,0.008541447766997657
948,az_itd=0_az=5,7.0,3.8492538542477785e-19,0.00010398319436773352,4.609386629057619e-10,7.836351349187875,0.0036120773129544224,7,7,hbr,True,S7_D7 hbr,mild_master_16,,-0.00029597809852048546
949,az_itd=15_az=0,7.0,3.8492538542477785e-19,0.0005607943461124979,4.612057433258292e-10,-5.966362236806028,-0.002751720530377281,7,7,hbr,True,S7_D7 hbr,mild_master_16,,-0.0024229247335632097
950,az_itd=5_az=0,7.0,3.8492538542477785e-19,0.1768259659034537,4.609669967037615e-10,1.5018734523403183,0.0006923140947544264,7,7,hbr,False,S7_D7 hbr,mild_master_16,,-0.004024059815831903
951,constant,7.0,3.8492538542477785e-19,0.94540549285641,5.578515541912159e-10,-0.07097154997215628,-3.959158945532693e-05,7,7,hbr,False,S7_D7 hbr,mild_master_16,,
931,Linear,7.0,8.533707697336877e-17,0.6883105339508071,8.873987281032144e-13,0.4182306407441478,3.7113733865014914e-07,7,17,hbr,False,S7_D17 hbr,mild_master_16,,
932,ShortHbO,7.0,8.533707697336877e-17,0.005310055467784682,0.0035759664673744914,-3.982040550327809,-14239.643479697712,7,17,hbr,True,S7_D17 hbr,mild_master_16,,
933,az_itd=0_az=15,7.0,8.533707697336877e-17,5.054822931294085e-06,6.848537717989439e-09,-12.416720798052351,-0.08503638071920545,7,17,hbr,True,S7_D17 hbr,mild_master_16,,-0.1384821274734199
934,az_itd=0_az=5,7.0,8.533707697336877e-17,3.7338819995218916e-05,6.863153977045341e-09,-9.185885569190411,-0.06304414707687257,7,17,hbr,True,S7_D17 hbr,mild_master_16,,-0.09184621538177708
935,az_itd=15_az=0,7.0,8.533707697336877e-17,3.63069362081784e-05,6.867130675453803e-09,9.2254267750918,0.06335221120138575,7,17,hbr,True,S7_D17 hbr,mild_master_16,,0.11741537614712944
936,az_itd=5_az=0,7.0,8.533707697336877e-17,5.1276638643116355e-06,6.863575853607399e-09,-12.390348015827996,-0.08504209345922939,7,17,hbr,True,S7_D17 hbr,mild_master_16,,-0.08655107248754396
937,constant,7.0,8.533707697336877e-17,0.288965385447492,8.306140102487177e-09,1.147269942702469,0.009529384879459145,7,17,hbr,False,S7_D17 hbr,mild_master_16,,
1001,Linear,7.0,1.8766803558974667e-17,0.8155931034763311,4.1614537705555705e-13,-0.24216629274861373,-1.0077638320601828e-07,8,6,hbr,False,S8_D6 hbr,mild_master_16,,
1002,ShortHbO,7.0,1.8766803558974667e-17,3.600780339151221e-06,0.001676948441299209,-13.05737600487316,-21896.54633882974,8,6,hbr,True,S8_D6 hbr,mild_master_16,,
1003,az_itd=0_az=15,7.0,1.8766803558974667e-17,0.014245309990789197,3.2116197833905777e-09,3.24039282638932,0.01040690970718885,8,6,hbr,True,S8_D6 hbr,mild_master_16,,0.046514623926928254
1004,az_itd=0_az=5,7.0,1.8766803558974667e-17,2.2234042348790064e-05,3.218474073850246e-09,9.941742826845637,0.031997241537089334,8,6,hbr,True,S8_D6 hbr,mild_master_16,,0.06455592318402734
1005,az_itd=15_az=0,7.0,1.8766803558974667e-17,2.8965933633244307e-06,3.2203389454194933e-09,-13.484433385816684,-0.043424445989260305,8,6,hbr,True,S8_D6 hbr,mild_master_16,,-0.008605087989730769
1006,az_itd=5_az=0,7.0,1.8766803558974667e-17,0.00018345405104913578,3.2186719127420864e-09,-7.1618348477413045,-0.023051596668122433,8,6,hbr,True,S8_D6 hbr,mild_master_16,,-0.03597902690205802
1007,constant,7.0,1.8766803558974667e-17,0.4470244744026227,3.8951620003040756e-09,0.8055012315095472,0.003137557788174124,8,6,hbr,False,S8_D6 hbr,mild_master_16,,
1015,Linear,7.0,3.363439660254333e-18,0.007380546988124304,1.7617396990895965e-13,3.7277464453781466,6.567318900962809e-07,8,7,hbr,True,S8_D7 hbr,mild_master_16,,
1016,ShortHbO,7.0,3.363439660254333e-18,3.68845983463364e-05,0.0007099313858216474,-9.2031366385332,-6533.595547699853,8,7,hbr,True,S8_D7 hbr,mild_master_16,,
1017,az_itd=0_az=15,7.0,3.363439660254333e-18,8.356578722386786e-07,1.3596301635775089e-09,-16.186726710313174,-0.022007961884927534,8,7,hbr,True,S8_D7 hbr,mild_master_16,,-0.02030619741207705
1018,az_itd=0_az=5,7.0,3.363439660254333e-18,3.942544376678026e-08,1.3625319080825973e-09,-25.21156360414431,-0.03435155986330051,8,7,hbr,True,S8_D7 hbr,mild_master_16,,-0.034171204189193956
1019,az_itd=15_az=0,7.0,3.363439660254333e-18,3.626684843571175e-07,1.3633213961938174e-09,-18.2825401094631,-0.024924978108002697,8,7,hbr,True,S8_D7 hbr,mild_master_16,,0.002289302207935408
1020,az_itd=5_az=0,7.0,3.363439660254333e-18,6.510796423541623e-08,1.362615662618631e-09,-23.450375716234426,-0.031953849245232625,8,7,hbr,True,S8_D7 hbr,mild_master_16,,-0.0374571461208446
1021,constant,7.0,3.363439660254333e-18,0.20667703196531723,1.6490058303362563e-09,1.3915522063365384,0.002294677701466233,8,7,hbr,False,S8_D7 hbr,mild_master_16,,
1029,Linear,7.0,1.1682833547746239e-18,0.04445542253521827,1.0383027755387415e-13,-2.444638881814554,-2.538275336177977e-07,8,8,hbr,True,S8_D8 hbr,mild_master_16,,
1030,ShortHbO,7.0,1.1682833547746239e-18,4.480826867932007e-05,0.0004184067196315101,-8.932140260393476,-3737.2675056397766,8,8,hbr,True,S8_D8 hbr,mild_master_16,,
1031,az_itd=0_az=15,7.0,1.1682833547746239e-18,1.8429496275057683e-05,8.013146171810968e-10,10.228553832317223,0.008196289698459517,8,8,hbr,True,S8_D8 hbr,mild_master_16,,0.01086298405472051
1032,az_itd=0_az=5,7.0,1.1682833547746239e-18,1.9396438453142711e-07,8.030247956910631e-10,20.022719266759886,0.016078740048369372,8,8,hbr,True,S8_D8 hbr,mild_master_16,,0.003264024558759271
1033,az_itd=15_az=0,7.0,1.1682833547746239e-18,0.004281266247743274,8.034900901369783e-10,-4.152579576732401,-0.0033365565384096923,8,8,hbr,True,S8_D8 hbr,mild_master_16,,0.0030206420576538
1034,az_itd=5_az=0,7.0,1.1682833547746239e-18,7.394935652069177e-07,8.030741574482357e-10,16.47860454700428,0.013233541462508129,8,8,hbr,True,S8_D8 hbr,mild_master_16,,0.020487994535852413
1035,constant,7.0,1.1682833547746239e-18,0.7064566275757844,9.718616952336878e-10,-0.3923718696356426,-0.00038133119038610716,8,8,hbr,False,S8_D8 hbr,mild_master_16,,
959,Linear,7.0,5.540347992562702e-18,0.030070762182602632,2.261093087792749e-13,2.7129433853186367,6.13421753611703e-07,8,16,hbr,True,S8_D16 hbr,mild_master_16,,
960,ShortHbO,7.0,5.540347992562702e-18,1.9215320402755632e-07,0.0009111567106752346,-20.04998800353385,-18268.681118377815,8,16,hbr,True,S8_D16 hbr,mild_master_16,,
961,az_itd=0_az=15,7.0,5.540347992562702e-18,2.9626690312427144e-06,1.7450082815346055e-09,-13.439572380351562,-0.023452165103997225,8,16,hbr,True,S8_D16 hbr,mild_master_16,,-0.019324954722537403
962,az_itd=0_az=5,7.0,5.540347992562702e-18,1.7631172539888235e-07,1.748732506200932e-09,-20.30175827825361,-0.035502344634215956,8,16,hbr,True,S8_D16 hbr,mild_master_16,,-0.027591750265889125
963,az_itd=15_az=0,7.0,5.540347992562702e-18,0.6909060771476554,1.7497457694611612e-09,-0.4145131740520801,-0.0007252926726835451,8,16,hbr,False,S8_D16 hbr,mild_master_16,,0.031338241518582256
964,az_itd=5_az=0,7.0,5.540347992562702e-18,2.5028761003570448e-08,1.748840000402598e-09,-26.918398790811263,-0.047075972552159666,8,16,hbr,True,S8_D16 hbr,mild_master_16,,-0.06070873861285216
965,constant,7.0,5.540347992562702e-18,0.2928026686199603,2.1164055544811955e-09,1.1373959589944331,0.0024071911252602847,8,16,hbr,False,S8_D16 hbr,mild_master_16,,
973,Linear,7.0,2.1670443527285843e-17,0.05033860220593453,4.471814918227524e-13,2.3600362694960726,1.0553645397490572e-06,8,17,hbr,False,S8_D17 hbr,mild_master_16,,
974,ShortHbO,7.0,2.1670443527285843e-17,4.0966997872463906e-05,0.0018020152260153667,-9.056086250768761,-16319.205311993726,8,17,hbr,True,S8_D17 hbr,mild_master_16,,
975,az_itd=0_az=15,7.0,2.1670443527285843e-17,3.005967289037028e-05,3.451142329312307e-09,-9.495717323194413,-0.032771072001260386,8,17,hbr,True,S8_D17 hbr,mild_master_16,,-0.02883535143356187
976,az_itd=0_az=5,7.0,2.1670443527285843e-17,2.897998844262596e-05,3.45850781263169e-09,-9.548867630221222,-0.03302483330090595,8,17,hbr,True,S8_D17 hbr,mild_master_16,,-0.03949429512220136
977,az_itd=15_az=0,7.0,2.1670443527285843e-17,6.048609177729716e-06,3.4605117662891692e-09,-12.089590000017445,-0.04183616844467224,8,17,hbr,True,S8_D17 hbr,mild_master_16,,0.02409689249953525
978,az_itd=5_az=0,7.0,2.1670443527285843e-17,6.347096234529811e-08,3.45872040634454e-09,-23.536802158986575,-0.0814072179273811,8,17,hbr,True,S8_D17 hbr,mild_master_16,,-0.06764801199873505
979,constant,7.0,2.1670443527285843e-17,0.3133055135191342,4.185663112520243e-09,1.0863640554409832,0.00454715395362722,8,17,hbr,False,S8_D17 hbr,mild_master_16,,
987,Linear,7.0,8.78633981332862e-18,0.8829596599662508,2.8474356508158343e-13,0.15267835843148223,4.347418009058408e-08,8,18,hbr,False,S8_D18 hbr,mild_master_16,,
988,ShortHbO,7.0,8.78633981332862e-18,0.5883747005800891,0.0011474362181122897,-0.5670798753226819,-650.6879875078469,8,18,hbr,False,S8_D18 hbr,mild_master_16,,
989,az_itd=0_az=15,7.0,8.78633981332862e-18,0.0098613835517414,2.1975206676081563e-09,-3.5098492033918847,-0.00771296616464169,8,18,hbr,True,S8_D18 hbr,mild_master_16,,-0.030478753350173974
990,az_itd=0_az=5,7.0,8.78633981332862e-18,0.002835147199723744,2.2022106514676436e-09,4.489097901242279,0.00988593921359679,8,18,hbr,True,S8_D18 hbr,mild_master_16,,-0.006705585983692952
991,az_itd=15_az=0,7.0,8.78633981332862e-18,2.5765969315789745e-05,2.20348667232075e-09,9.721438969526789,0.021421061205131844,8,18,hbr,True,S8_D18 hbr,mild_master_16,,0.018589866660263518
992,az_itd=5_az=0,7.0,8.78633981332862e-18,1.3652835084259282e-05,2.2023460208709347e-09,-10.702355916399638,-0.023570290966427248,8,18,hbr,True,S8_D18 hbr,mild_master_16,,-0.0066888875993567475
993,constant,7.0,8.78633981332862e-18,0.916338938790968,2.6652280085015147e-09,-0.10889850171808864,-0.0002902393368629001,8,18,hbr,False,S8_D18 hbr,mild_master_16,,
1057,Linear,7.0,3.3361997230817384e-18,0.8156625479340691,1.7545911779115506e-13,-0.2420730437804,-4.247392270272864e-08,9,5,hbr,False,S9_D5 hbr,mild_master_16,,
1058,ShortHbO,7.0,3.3361997230817384e-18,9.93701335733806e-08,0.0007070507335044362,-22.059862817422296,-15597.442186065671,9,5,hbr,True,S9_D5 hbr,mild_master_16,,
1059,az_itd=0_az=15,7.0,3.3361997230817384e-18,0.17498290006635375,1.3541132617198357e-09,-1.5092247276577526,-0.00204366121863687,9,5,hbr,False,S9_D5 hbr,mild_master_16,,-0.0037832947752157835
1060,az_itd=0_az=5,7.0,3.3361997230817384e-18,3.494886834533511e-05,1.3570032319644823e-09,9.27945215249859,0.01259224656180036,9,5,hbr,True,S9_D5 hbr,mild_master_16,,-0.000703264946303342
1061,az_itd=15_az=0,7.0,3.3361997230817384e-18,0.08990641260479751,1.3577895166101248e-09,-1.9668589649785233,-0.0026705804832984795,9,5,hbr,False,S9_D5 hbr,mild_master_16,,-0.019624720930927916
1062,az_itd=5_az=0,7.0,3.3361997230817384e-18,0.44684710883363654,1.3570866466540138e-09,0.8058296568851021,0.0010935806668365578,9,5,hbr,False,S9_D5 hbr,mild_master_16,,0.005038124563796812
1063,constant,7.0,3.3361997230817384e-18,0.8643791707643234,1.6423147436184107e-09,-0.1771873678713191,-0.0002909974266380065,9,5,hbr,False,S9_D5 hbr,mild_master_16,,
1071,Linear,7.0,1.1297925712770136e-18,0.658762511239257,1.0210553325414495e-13,0.46102516809572186,4.707322063199549e-08,9,6,hbr,False,S9_D6 hbr,mild_master_16,,
1072,ShortHbO,7.0,1.1297925712770136e-18,4.5116264620228325e-08,0.0004114564867933247,24.72584503919918,10173.60933282505,9,6,hbr,True,S9_D6 hbr,mild_master_16,,
1073,az_itd=0_az=15,7.0,1.1297925712770136e-18,0.44135656111287624,7.88003829125506e-10,0.8160418076527534,0.0006430440691568693,9,6,hbr,False,S9_D6 hbr,mild_master_16,,0.0018522388743243072
1074,az_itd=0_az=5,7.0,1.1297925712770136e-18,2.9723417018146427e-07,7.896855995380843e-10,-18.81931607738121,-0.014861342899463491,9,6,hbr,True,S9_D6 hbr,mild_master_16,,-0.02498466869221652
1075,az_itd=15_az=0,7.0,1.1297925712770136e-18,0.13922607916048527,7.901431648903073e-10,1.6681192180242623,0.0013180529983440352,9,6,hbr,False,S9_D6 hbr,mild_master_16,,0.004511744711262057
1076,az_itd=5_az=0,7.0,1.1297925712770136e-18,0.00851760949110869,7.897341413378098e-10,3.619345224694013,0.002858320493228829,9,6,hbr,True,S9_D6 hbr,mild_master_16,,-0.00324430700239895
1077,constant,7.0,1.1297925712770136e-18,0.7583189317887252,9.557179175373436e-10,0.31998501449967043,0.00030581541170078173,9,6,hbr,False,S9_D6 hbr,mild_master_16,,
1043,Linear,7.0,1.2282314482420048e-17,0.02334240022182118,3.366588433110085e-13,-2.889214772172383,-9.726797032766333e-07,9,15,hbr,True,S9_D15 hbr,mild_master_16,,
1044,ShortHbO,7.0,1.2282314482420048e-17,6.169132790638467e-08,0.0013566401398822207,-23.633693249752348,-32062.41691627752,9,15,hbr,True,S9_D15 hbr,mild_master_16,,
1045,az_itd=0_az=15,7.0,1.2282314482420048e-17,0.0003704706570666312,2.598179052429258e-09,6.390918419816527,0.016604750364151596,9,15,hbr,True,S9_D15 hbr,mild_master_16,,-0.01109957783758167
1046,az_itd=0_az=5,7.0,1.2282314482420048e-17,3.974088635947319e-06,2.6037241278406365e-09,12.86796822300204,0.03350463933851701,9,15,hbr,True,S9_D15 hbr,mild_master_16,,0.015758840961252907
1047,az_itd=15_az=0,7.0,1.2282314482420048e-17,4.5071033482087454e-07,2.6052327965416288e-09,17.71307510348234,0.046146684187197196,9,15,hbr,True,S9_D15 hbr,mild_master_16,,0.02189173113979438
1048,az_itd=5_az=0,7.0,1.2282314482420048e-17,0.0011624354853467399,2.603884178188811e-09,5.268566675861052,0.013718737409007413,9,15,hbr,True,S9_D15 hbr,mild_master_16,,0.03862659468813843
1049,constant,7.0,1.2282314482420048e-17,0.9907994798964882,3.1511601614074768e-09,0.01194931772215095,3.76542139620424e-05,9,15,hbr,False,S9_D15 hbr,mild_master_16,,
7,Linear,7.0,6.79040655892307e-18,0.9108198751482774,2.5032130202714254e-13,-0.11611828046958764,-2.9066879156300094e-08,10,14,hbr,False,S10_D14 hbr,mild_master_16,,
8,ShortHbO,7.0,6.79040655892307e-18,1.2970545108723401e-05,0.0010087242113045593,-10.785258889285766,-10879.35176681027,10,14,hbr,True,S10_D14 hbr,mild_master_16,,
9,az_itd=0_az=15,7.0,6.79040655892307e-18,0.03111911688987418,1.93186537714951e-09,-2.6892589261609214,-0.005195286209640555,10,14,hbr,True,S10_D14 hbr,mild_master_16,,0.008326706973222651
10,az_itd=0_az=5,7.0,6.79040655892307e-18,0.0011984037453046368,1.935988395226694e-09,5.240649257379517,0.010145836145740135,10,14,hbr,True,S10_D14 hbr,mild_master_16,,0.027590009982396135
11,az_itd=15_az=0,7.0,6.79040655892307e-18,0.002271051023219132,1.9371101596510163e-09,4.676150702679108,0.009058219034218938,10,14,hbr,True,S10_D14 hbr,mild_master_16,,-0.0028295966951747487
12,az_itd=5_az=0,7.0,6.79040655892307e-18,0.2639199038030295,1.9361074000065796e-09,1.21453511866879,0.0023514704308225136,10,14,hbr,False,S10_D14 hbr,mild_master_16,,-0.026389304002099868
13,constant,7.0,6.79040655892307e-18,0.9610689167419747,2.343032212496724e-09,-0.05058561356382977,-0.00011852372206896436,10,14,hbr,False,S10_D14 hbr,mild_master_16,,
21,Linear,7.0,9.510886118035914e-19,0.04755523988316743,9.368291835695588e-14,-2.3987237797581202,-2.2471944401996855e-07,10,15,hbr,True,S10_D15 hbr,mild_master_16,,
22,ShortHbO,7.0,9.510886118035914e-19,8.702563924687261e-07,0.0003775157254578478,-16.09096508343174,-6074.592356788631,10,15,hbr,True,S10_D15 hbr,mild_master_16,,
23,az_itd=0_az=15,7.0,9.510886118035914e-19,1.4343201311998238e-05,7.230019376637121e-10,10.6231265199351,0.007680541057959844,10,15,hbr,True,S10_D15 hbr,mild_master_16,,0.003380960911619222
24,az_itd=0_az=5,7.0,9.510886118035914e-19,1.3658075940917541e-05,7.245449799968298e-10,10.701737448176072,0.007753890145320057,10,15,hbr,True,S10_D15 hbr,mild_master_16,,-0.007469439966504504
25,az_itd=15_az=0,7.0,9.510886118035914e-19,5.3239513446145426e-05,7.249648010992631e-10,8.697793141630855,0.006305593874924948,10,15,hbr,True,S10_D15 hbr,mild_master_16,,-0.004545808806191437
26,az_itd=5_az=0,7.0,9.510886118035914e-19,0.1654915625697488,7.245895176170318e-10,1.548241632705217,0.001121839657796479,10,15,hbr,False,S10_D15 hbr,mild_master_16,,-0.010017218953311962
27,constant,7.0,9.510886118035914e-19,0.6901858849672697,8.768814067899324e-10,0.41554402659801637,0.0003643828306264217,10,15,hbr,False,S10_D15 hbr,mild_master_16,,
77,Linear,7.0,3.734361366168169e-15,0.19935362362374065,5.870270192603134e-12,-1.4172232401640434,-8.319483342999416e-06,11,3,hbr,False,S11_D3 hbr,mild_master_16,,
78,ShortHbO,7.0,3.734361366168169e-15,0.003800757023862356,0.023655532398661732,4.248374337028903,100497.55677123026,11,3,hbr,True,S11_D3 hbr,mild_master_16,,
79,az_itd=0_az=15,7.0,3.734361366168169e-15,0.0005748517989820028,4.530406181082069e-08,-5.94167106220808,-0.26918183306183946,11,3,hbr,True,S11_D3 hbr,mild_master_16,,0.15727275171187732
80,az_itd=0_az=5,7.0,3.734361366168169e-15,0.031115421388346873,4.5400750466264927e-08,-2.689340943310127,-0.1220980970859326,11,3,hbr,True,S11_D3 hbr,mild_master_16,,0.11841986705468799
81,az_itd=15_az=0,7.0,3.734361366168169e-15,0.21582909544912518,4.5427056898078354e-08,-1.3605829273594154,-0.06180727805571017,11,3,hbr,False,S11_D3 hbr,mild_master_16,,-0.545729805607175
82,az_itd=5_az=0,7.0,3.734361366168169e-15,4.887228281586956e-05,4.540354124038796e-08,8.813467579344055,0.40016263870957,11,3,hbr,True,S11_D3 hbr,mild_master_16,,-0.045873531441928427
83,constant,7.0,3.734361366168169e-15,0.26598725464206474,5.4946311184643446e-08,1.2087848448553984,0.06641826824070567,11,3,hbr,False,S11_D3 hbr,mild_master_16,,
35,Linear,7.0,4.249621035948146e-17,0.7203799965744111,6.262172432321745e-13,-0.3727286285451674,-2.3340909424126388e-07,11,11,hbr,False,S11_D11 hbr,mild_master_16,,
36,ShortHbO,7.0,4.249621035948146e-17,0.2579783843483015,0.0025234787837440896,-1.2312759105827225,-3107.098637290685,11,11,hbr,False,S11_D11 hbr,mild_master_16,,
37,az_itd=0_az=15,7.0,4.249621035948146e-17,0.0008732058430186368,4.832858414275407e-09,-5.535443554960041,-0.026752014961335203,11,11,hbr,True,S11_D11 hbr,mild_master_16,,-0.02873119653004083
38,az_itd=0_az=5,7.0,4.249621035948146e-17,0.04368943059005584,4.843172778227583e-09,2.456491733211982,0.011897213892233366,11,11,hbr,True,S11_D11 hbr,mild_master_16,,-0.030006955830968428
39,az_itd=15_az=0,7.0,4.249621035948146e-17,0.9925417375680987,4.845979044492845e-09,-0.009686443307230574,-4.6940301282507326e-05,11,11,hbr,False,S11_D11 hbr,mild_master_16,,0.019119100151894594
40,az_itd=5_az=0,7.0,4.249621035948146e-17,5.884805366873606e-05,4.843470486990632e-09,8.564072263426112,0.041479831256359435,11,11,hbr,True,S11_D11 hbr,mild_master_16,,0.0670930130628028
41,constant,7.0,4.249621035948146e-17,0.9039441891902479,5.861455501516952e-09,-0.1251224468265892,-0.0007333996543149737,11,11,hbr,False,S11_D11 hbr,mild_master_16,,
49,Linear,7.0,2.0571051611528975e-18,0.8317409963673751,1.3777745786372412e-13,0.22054525940259523,3.038616518438517e-08,11,12,hbr,False,S11_D12 hbr,mild_master_16,,
50,ShortHbO,7.0,2.0571051611528975e-18,0.0012134822981498211,0.0005552042770377673,-5.229221891189585,-2903.28635956798,11,12,hbr,True,S11_D12 hbr,mild_master_16,,
51,az_itd=0_az=15,7.0,2.0571051611528975e-18,0.2044277200346602,1.0633034361963465e-09,-1.3993494298213138,-0.0014879330571684014,11,12,hbr,False,S11_D12 hbr,mild_master_16,,0.010407206020920282
52,az_itd=0_az=5,7.0,2.0571051611528975e-18,0.7193446054232517,1.0655727554464476e-09,0.37418373583872633,0.00039871999444091727,11,12,hbr,False,S11_D12 hbr,mild_master_16,,0.0008164519533570463
53,az_itd=15_az=0,7.0,2.0571051611528975e-18,0.11977915725467084,1.0661901773336524e-09,1.7714682364666907,0.0018887220331793534,11,12,hbr,False,S11_D12 hbr,mild_master_16,,-0.013370557368042855
54,az_itd=5_az=0,7.0,2.0571051611528975e-18,0.018785794031306254,1.0656382559688304e-09,-3.0423046150267936,-0.003241996184083076,11,12,hbr,True,S11_D12 hbr,mild_master_16,,-0.0047911004759728275
55,constant,7.0,2.0571051611528975e-18,0.8768758567797574,1.289610669632952e-09,-0.1606910282511319,-0.00020722886454694985,11,12,hbr,False,S11_D12 hbr,mild_master_16,,
63,Linear,7.0,7.373419590090367e-17,0.14679698472019628,8.248678836967825e-13,1.631538713497334,1.3458038857719171e-06,11,20,hbr,False,S11_D20 hbr,mild_master_16,,
64,ShortHbO,7.0,7.373419590090367e-17,0.06347150075345133,0.00332398480942016,2.202764313688812,7321.955117434435,11,20,hbr,False,S11_D20 hbr,mild_master_16,,
65,az_itd=0_az=15,7.0,7.373419590090367e-17,3.656705414525573e-05,6.365953246214798e-09,-9.215340305450788,-0.058664425532458514,11,20,hbr,True,S11_D20 hbr,mild_master_16,,-0.1258563759578441
66,az_itd=0_az=5,7.0,7.373419590090367e-17,6.663178875295276e-05,6.379539565749846e-09,-8.400641315777746,-0.05359222365167697,11,20,hbr,True,S11_D20 hbr,mild_master_16,,0.013015359245087765
67,az_itd=15_az=0,7.0,7.373419590090367e-17,0.000275063654298057,6.383236044791798e-09,-6.709356502097553,-0.04282740626154732,11,20,hbr,True,S11_D20 hbr,mild_master_16,,0.0014027703059253242
68,az_itd=5_az=0,7.0,7.373419590090367e-17,0.00011450539826051687,6.379931714640649e-09,7.71835157397912,0.049242555991575954,11,20,hbr,True,S11_D20 hbr,mild_master_16,,0.062342060724763636
69,constant,7.0,7.373419590090367e-17,0.5461854844597605,7.720845197369576e-09,-0.634075775274913,-0.004895600904299702,11,20,hbr,False,S11_D20 hbr,mild_master_16,,
119,Linear,7.0,1.6959585661245468e-17,0.0008340200919038748,3.9560114445358406e-13,-5.579094255101258,-2.2070960723324737e-06,12,2,hbr,True,S12_D2 hbr,mild_master_16,,
120,ShortHbO,7.0,1.6959585661245468e-17,0.0003113613025717059,0.001594160981101213,-6.575383445330983,-10482.219724325514,12,2,hbr,True,S12_D2 hbr,mild_master_16,,
121,az_itd=0_az=15,7.0,1.6959585661245468e-17,1.9849555542152614e-07,3.0530687877603525e-09,19.95575201691458,0.06092628361912761,12,2,hbr,True,S12_D2 hbr,mild_master_16,,0.05977288721486516
122,az_itd=0_az=5,7.0,1.6959585661245468e-17,9.129705881195672e-09,3.0595846961418122e-09,31.12319048267025,0.0952240372958844,12,2,hbr,True,S12_D2 hbr,mild_master_16,,0.13323105772661437
123,az_itd=15_az=0,7.0,1.6959585661245468e-17,1.3736399268322099e-08,3.0613575028764998e-09,29.3471758148188,0.08984219686893129,12,2,hbr,True,S12_D2 hbr,mild_master_16,,0.05071605254934275
124,az_itd=5_az=0,7.0,1.6959585661245468e-17,1.304433274777735e-08,3.0597727681386304e-09,29.56627335642267,0.09046607807132484,12,2,hbr,True,S12_D2 hbr,mild_master_16,,0.048289066464624844
125,constant,7.0,1.6959585661245468e-17,0.35237352531020544,3.702865945682929e-09,-0.9961150858469042,-0.0036884806293635292,12,2,hbr,False,S12_D2 hbr,mild_master_16,,
133,Linear,7.0,1.1549543714415976e-17,0.6649333804976711,3.2646177222193796e-13,0.4520129415502503,1.4756494596574596e-07,12,4,hbr,False,S12_D4 hbr,mild_master_16,,
134,ShortHbO,7.0,1.1549543714415976e-17,3.7662809321568626e-06,0.0013155488208109259,-12.970772770301224,-17063.684822976244,12,4,hbr,True,S12_D4 hbr,mild_master_16,,
135,az_itd=0_az=15,7.0,1.1549543714415976e-17,0.04151859469490212,2.5194827192535396e-09,-2.4912818177047584,-0.006276741488497686,12,4,hbr,True,S12_D4 hbr,mild_master_16,,-0.00012134722794341603
136,az_itd=0_az=5,7.0,1.1549543714415976e-17,0.0719908058722112,2.524859839688278e-09,2.117461914946302,0.005346294551117354,12,4,hbr,False,S12_D4 hbr,mild_master_16,,-0.01570738202701763
137,az_itd=15_az=0,7.0,1.1549543714415976e-17,0.5029387832053882,2.52632281227197e-09,0.7061063430901554,0.001783852562438598,12,4,hbr,False,S12_D4 hbr,mild_master_16,,0.011067537352940368
138,az_itd=5_az=0,7.0,1.1549543714415976e-17,0.25728626176795866,2.525015042266044e-09,1.2332472246763617,0.0031139677931406656,12,4,hbr,False,S12_D4 hbr,mild_master_16,,-0.02260614343342462
139,constant,7.0,1.1549543714415976e-17,0.5730488678252219,3.0557145647230173e-09,-0.5910812800546511,-0.0018061756763981221,12,4,hbr,False,S12_D4 hbr,mild_master_16,,
91,Linear,7.0,1.3003393161534474e-18,0.30251425180827485,1.0954139499047052e-13,1.1128727374719165,1.219056321095374e-07,12,10,hbr,False,S12_D10 hbr,mild_master_16,,
92,ShortHbO,7.0,1.3003393161534474e-18,3.520263356615849e-08,0.00044142091133331625,-25.626906527134516,-11312.25243386143,12,10,hbr,True,S12_D10 hbr,mild_master_16,,
93,az_itd=0_az=15,7.0,1.3003393161534474e-18,2.7384892083272023e-05,8.453904107761582e-10,-9.631642277732908,-0.008142498021621635,12,10,hbr,True,S12_D10 hbr,mild_master_16,,-0.005164782659891689
94,az_itd=0_az=5,7.0,1.3003393161534474e-18,0.6705994783471108,8.471946565518399e-10,0.44377367433320797,0.0003759626856134702,12,10,hbr,False,S12_D10 hbr,mild_master_16,,0.0029371530453837676
95,az_itd=15_az=0,7.0,1.3003393161534474e-18,0.04720534004443121,8.476855442185942e-10,-2.4037504529046068,-0.002037624510836134,12,10,hbr,True,S12_D10 hbr,mild_master_16,,-0.009901051136109807
96,az_itd=5_az=0,7.0,1.3003393161534474e-18,2.4324259338339103e-05,8.472467334206228e-10,-9.80696415522926,-0.008308918345291127,12,10,hbr,True,S12_D10 hbr,mild_master_16,,-0.0064793192667612545
97,constant,7.0,1.3003393161534474e-18,0.9760692280825956,1.025318320838192e-09,-0.031085334992428826,-3.187236347712981e-05,12,10,hbr,False,S12_D10 hbr,mild_master_16,,
105,Linear,7.0,6.575427738962683e-18,0.46377253441785704,2.4632694752381386e-13,-0.7748873234198266,-1.908756290529042e-07,12,12,hbr,False,S12_D12 hbr,mild_master_16,,
106,ShortHbO,7.0,6.575427738962683e-18,0.0011445978507459368,0.0009926280897862869,-5.282770512763066,-5243.826402863325,12,12,hbr,True,S12_D12 hbr,mild_master_16,,
107,az_itd=0_az=15,7.0,6.575427738962683e-18,0.007618358083010848,1.901038775072292e-09,3.703640617127154,0.007040764422091393,12,12,hbr,True,S12_D12 hbr,mild_master_16,,-0.016350386396185124
108,az_itd=0_az=5,7.0,6.575427738962683e-18,7.303719638172689e-06,1.9050960025208295e-09,11.75447383417961,0.022393401113231265,12,12,hbr,True,S12_D12 hbr,mild_master_16,,-0.012289687544238023
109,az_itd=15_az=0,7.0,6.575427738962683e-18,4.214669585538607e-07,1.9061998670511213e-09,17.887001196267843,0.03409619930226901,12,12,hbr,True,S12_D12 hbr,mild_master_16,,0.01487837221029468
110,az_itd=5_az=0,7.0,6.575427738962683e-18,0.3821117672606106,1.9052131083521457e-09,-0.9325088601831882,-0.0017766281040755285,12,12,hbr,False,S12_D12 hbr,mild_master_16,,-0.005174253647209063
111,constant,7.0,6.575427738962683e-18,0.2806856496575775,2.305644658206935e-09,-1.1689497921556185,-0.0026951828439957084,12,12,hbr,False,S12_D12 hbr,mild_master_16,,
147,Linear,7.0,5.3128451381504366e-18,0.00905382525341104,2.2141829331741946e-13,-3.5735522126061725,-7.912498319959468e-07,13,1,hbr,True,S13_D1 hbr,mild_master_16,,
148,ShortHbO,7.0,5.3128451381504366e-18,3.6843734387543763e-06,0.0008922532420784448,-13.01308012680003,-11610.962932563907,13,1,hbr,True,S13_D1 hbr,mild_master_16,,
149,az_itd=0_az=15,7.0,5.3128451381504366e-18,1.8596001467386786e-06,1.7088051686511127e-09,14.394852709392847,0.024597998711781966,13,1,hbr,True,S13_D1 hbr,mild_master_16,,0.0373020770041205
150,az_itd=0_az=5,7.0,5.3128451381504366e-18,8.199560541509917e-08,1.712452128053185e-09,22.681643992772894,0.03884122952316867,13,1,hbr,True,S13_D1 hbr,mild_master_16,,0.047331297715475854
151,az_itd=15_az=0,7.0,5.3128451381504366e-18,0.0004778481181466983,1.7134443694738164e-09,6.127765934200676,0.010499586037409607,13,1,hbr,True,S13_D1 hbr,mild_master_16,,-0.007868413792024225
152,az_itd=5_az=0,7.0,5.3128451381504366e-18,7.39143561133829e-08,1.712557392108004e-09,23.024411349510356,0.03943062585553938,13,1,hbr,True,S13_D1 hbr,mild_master_16,,0.052901859124113895
153,constant,7.0,5.3128451381504366e-18,0.6467667770803758,2.0724971845285027e-09,-0.4786647459938565,-0.0009920313384053185,13,1,hbr,False,S13_D1 hbr,mild_master_16,,
175,Linear,7.0,2.0991616257241177e-18,0.02551244259190757,1.3917872692816663e-13,-2.8270899352077445,-3.93470778093647e-07,13,2,hbr,True,S13_D2 hbr,mild_master_16,,
176,ShortHbO,7.0,2.0991616257241177e-18,9.24397057208632e-07,0.0005608509959562474,-15.94949935612584,-8945.292598886703,13,2,hbr,True,S13_D2 hbr,mild_master_16,,
177,az_itd=0_az=15,7.0,2.0991616257241177e-18,9.020530914124306e-07,1.0741177902594842e-09,16.0067081880661,0.01719309002829395,13,2,hbr,True,S13_D2 hbr,mild_master_16,,0.014481023714263807
178,az_itd=0_az=5,7.0,2.0991616257241177e-18,1.6327632026394696e-07,1.0764101896775011e-09,20.52910982029176,0.022097742995570505,13,2,hbr,True,S13_D2 hbr,mild_master_16,,0.017044824733216477
179,az_itd=15_az=0,7.0,2.0991616257241177e-18,0.0017435111061613689,1.0770338910693771e-09,4.904823484401718,0.005282661122413643,13,2,hbr,True,S13_D2 hbr,mild_master_16,,-0.027700138035565775
180,az_itd=5_az=0,7.0,2.0991616257241177e-18,4.403974338847388e-06,1.076476356374577e-09,12.673463376700866,0.013642683678397593,13,2,hbr,True,S13_D2 hbr,mild_master_16,,0.006312624534012423
181,constant,7.0,2.0991616257241177e-18,0.7541399656153518,1.3027266870464756e-09,-0.32574295232544165,-0.00042435403711166064,13,2,hbr,False,S13_D2 hbr,mild_master_16,,
189,Linear,7.0,1.951040410266703e-18,0.005353035284814966,1.3417853713979622e-13,-3.975723305540158,-5.334567372099735e-07,13,3,hbr,True,S13_D3 hbr,mild_master_16,,
190,ShortHbO,7.0,1.951040410266703e-18,1.2469361815479e-05,0.0005407016420666606,-10.849375513645821,-5866.275155626115,13,3,hbr,True,S13_D3 hbr,mild_master_16,,
191,az_itd=0_az=15,7.0,1.951040410266703e-18,5.825962686478651e-07,1.0355286112599204e-09,17.062490406010184,0.01766869699477144,13,3,hbr,True,S13_D3 hbr,mild_master_16,,0.01363788277736374
192,az_itd=0_az=5,7.0,1.951040410266703e-18,6.971757851610537e-08,1.037738653033103e-09,23.219739246814015,0.02409602092976865,13,3,hbr,True,S13_D3 hbr,mild_master_16,,0.027612848547891884
193,az_itd=15_az=0,7.0,1.951040410266703e-18,5.4801320467212174e-05,1.0383399470829988e-09,8.659010157284342,0.008990996148505773,13,3,hbr,True,S13_D3 hbr,mild_master_16,,-0.008273462953498225
194,az_itd=5_az=0,7.0,1.951040410266703e-18,3.535992067808581e-08,1.0378024425993462e-09,25.610436204466318,0.02657857324902987,13,3,hbr,True,S13_D3 hbr,mild_master_16,,0.0243898600871128
195,constant,7.0,1.951040410266703e-18,0.5808309357209378,1.2559244147353533e-09,-0.5788485218814038,-0.0007269899910643265,13,3,hbr,False,S13_D3 hbr,mild_master_16,,
203,Linear,7.0,5.136547453701482e-18,0.0010074121831844844,2.1771360682395063e-13,5.400991448877,1.1758693287603266e-06,13,9,hbr,True,S13_D9 hbr,mild_master_16,,
204,ShortHbO,7.0,5.136547453701482e-18,3.936766040759459e-07,0.0008773244009011574,-18.065536219573968,-15849.335740795888,13,9,hbr,True,S13_D9 hbr,mild_master_16,,
205,az_itd=0_az=15,7.0,5.136547453701482e-18,2.99186826460461e-08,1.6802140918551402e-09,-26.23492784058719,-0.044080295456557346,13,9,hbr,True,S13_D9 hbr,mild_master_16,,-0.030795527466116045
206,az_itd=0_az=5,7.0,5.136547453701482e-18,1.5419550914980445e-07,1.6838000317224817e-09,-20.70009005248611,-0.03485481228703434,13,9,hbr,True,S13_D9 hbr,mild_master_16,,-0.009892234059201623
207,az_itd=15_az=0,7.0,5.136547453701482e-18,1.4896608127643145e-08,1.6847756713378414e-09,-29.00674042426461,-0.04886985057161291,13,9,hbr,True,S13_D9 hbr,mild_master_16,,-0.036289931732677694
208,az_itd=5_az=0,7.0,5.136547453701482e-18,1.0216643723143669e-08,1.6839035345392553e-09,-30.623850723449525,-0.051567610474419184,13,9,hbr,True,S13_D9 hbr,mild_master_16,,-0.051662585283990314
209,constant,7.0,5.136547453701482e-18,0.28301308971774053,2.03782095153872e-09,1.162802587068051,0.0023695834744307006,13,9,hbr,False,S13_D9 hbr,mild_master_16,,
161,Linear,7.0,4.6808695637811265e-17,0.6558526223846723,6.572236606945537e-13,0.46528931236374144,3.057991451537498e-07,13,11,hbr,False,S13_D11 hbr,mild_master_16,,
162,ShortHbO,7.0,4.6808695637811265e-17,9.504261258659415e-05,0.002648425896701847,7.947736204181139,21048.990383308166,13,11,hbr,True,S13_D11 hbr,mild_master_16,,
163,az_itd=0_az=15,7.0,4.6808695637811265e-17,0.011191586866509576,5.072151769974393e-09,3.4162971677765905,0.017327977726296538,13,11,hbr,True,S13_D11 hbr,mild_master_16,,0.04707755991296501
164,az_itd=0_az=5,7.0,4.6808695637811265e-17,0.020969497404793667,5.082976837644833e-09,2.9645409166399608,0.015068692813531305,13,11,hbr,True,S13_D11 hbr,mild_master_16,,-0.041009490703315575
165,az_itd=15_az=0,7.0,4.6808695637811265e-17,0.001004839321057173,5.085922052915846e-09,-5.403377006655046,-0.027481154278365314,13,11,hbr,True,S13_D11 hbr,mild_master_16,,-0.07105837466321452
166,az_itd=5_az=0,7.0,4.6808695637811265e-17,0.00022864433824146214,5.0832892871105536e-09,-6.913000066466177,-0.03514077917966206,13,11,hbr,True,S13_D11 hbr,mild_master_16,,0.0013503336830251941
167,constant,7.0,4.6808695637811265e-17,0.9058772428017458,6.151678644014819e-09,-0.12258985168797061,-0.0007541333726018328,13,11,hbr,False,S13_D11 hbr,mild_master_16,,
217,Linear,7.0,3.1662252812943565e-18,0.38477641255524475,1.7093099730426014e-13,-0.9269952371044768,-1.5845222037456734e-07,14,1,hbr,False,S14_D1 hbr,mild_master_16,,
218,ShortHbO,7.0,3.1662252812943565e-18,2.3564254235056682e-08,0.0006888036856909032,27.153251852921084,18703.25995478539,14,1,hbr,True,S14_D1 hbr,mild_master_16,,
219,az_itd=0_az=15,7.0,3.1662252812943565e-18,0.011371913646736922,1.319167297787269e-09,3.404544854386485,0.004491164235756571,14,1,hbr,True,S14_D1 hbr,mild_master_16,,0.005427862306757417
220,az_itd=0_az=5,7.0,3.1662252812943565e-18,0.525936442460279,1.3219826857951184e-09,0.6673384044257363,0.0008822098162169637,14,1,hbr,False,S14_D1 hbr,mild_master_16,,0.006684192761167729
221,az_itd=15_az=0,7.0,3.1662252812943565e-18,0.17253884824860982,1.322748678582137e-09,-1.5190828785623611,-0.002009364870275112,14,1,hbr,False,S14_D1 hbr,mild_master_16,,0.016679816956723995
222,az_itd=5_az=0,7.0,3.1662252812943565e-18,1.3208185060212312e-05,1.3220639477793967e-09,10.755833383305779,0.014219899544390664,14,1,hbr,True,S14_D1 hbr,mild_master_16,,0.011120067838468799
223,constant,7.0,3.1662252812943565e-18,0.9102259682661271,1.5999310867863975e-09,0.11689560546027822,0.00018702491308461688,14,1,hbr,False,S14_D1 hbr,mild_master_16,,
245,Linear,7.0,3.972498479004579e-18,0.014610995126988371,1.9146164686928028e-13,-3.2220908436526075,-6.169068192881569e-07,14,2,hbr,True,S14_D2 hbr,mild_master_16,,
246,ShortHbO,7.0,3.972498479004579e-18,0.0009072896135467779,0.0007715364100828515,-5.499217176163425,-4242.846278363085,14,2,hbr,True,S14_D2 hbr,mild_master_16,,
247,az_itd=0_az=15,7.0,3.972498479004579e-18,2.364953893993071e-06,1.4776134657476427e-09,13.894082213188726,0.02053008297241247,14,2,hbr,True,S14_D2 hbr,mild_master_16,,0.03032589274878446
248,az_itd=0_az=5,7.0,3.972498479004579e-18,1.8347170359398016e-07,1.4807670121088062e-09,20.18489575342044,0.02988912777452012,14,2,hbr,True,S14_D2 hbr,mild_master_16,,0.0348349708821385
249,az_itd=15_az=0,7.0,3.972498479004579e-18,0.002784079076233063,1.481625008860744e-09,4.50426245884799,0.00667362790550177,14,2,hbr,True,S14_D2 hbr,mild_master_16,,-0.011867075427856364
250,az_itd=5_az=0,7.0,3.972498479004579e-18,5.055099881243869e-08,1.4808580345306207e-09,24.323247040183894,0.03601927580532946,14,2,hbr,True,S14_D2 hbr,mild_master_16,,0.03896900712010102
251,constant,7.0,3.972498479004579e-18,0.5258895693441379,1.7921000028345735e-09,-0.6674163158214865,-0.0011960767814755263,14,2,hbr,False,S14_D2 hbr,mild_master_16,,
259,Linear,7.0,5.3203844096933665e-18,0.012052345010932665,2.2157534107540324e-13,3.3619383185506324,7.449226296073241e-07,14,9,hbr,True,S14_D9 hbr,mild_master_16,,
260,ShortHbO,7.0,5.3203844096933665e-18,4.3494228863059655e-05,0.0008928861002272577,-8.973139633696485,-8011.991654325899,14,9,hbr,True,S14_D9 hbr,mild_master_16,,
261,az_itd=0_az=15,7.0,5.3203844096933665e-18,1.6025145820011642e-07,1.7100171914544093e-09,-20.584833013434526,-0.035200418336191315,14,9,hbr,True,S14_D9 hbr,mild_master_16,,-0.02232931229745098
262,az_itd=0_az=5,7.0,5.3203844096933665e-18,1.6435029927549355e-05,1.7136667375749907e-09,-10.407185883790959,-0.01783444828081255,14,9,hbr,True,S14_D9 hbr,mild_master_16,,-0.012571402753844201
263,az_itd=15_az=0,7.0,5.3203844096933665e-18,2.466747849447679e-06,1.7146596827734725e-09,-13.807999466312117,-0.023676019984643012,14,9,hbr,True,S14_D9 hbr,mild_master_16,,0.007705888840838926
264,az_itd=5_az=0,7.0,5.3203844096933665e-18,5.768684096289694e-08,1.7137720762915892e-09,-23.86389834554033,-0.040897282616048074,14,9,hbr,True,S14_D9 hbr,mild_master_16,,-0.0643843992120263
265,constant,7.0,5.3203844096933665e-18,0.4197591091344316,2.0739671671183844e-09,0.8571059296388488,0.0017776095568134526,14,9,hbr,False,S14_D9 hbr,mild_master_16,,
231,Linear,7.0,1.1024674139565073e-17,0.011253405261576291,3.1895748723270646e-13,3.4122454963252293,1.0883612493290145e-06,14,10,hbr,True,S14_D10 hbr,mild_master_16,,
232,ShortHbO,7.0,1.1024674139565073e-17,0.3828504043952063,0.0012853086698694518,-0.9309776055665745,-1196.593587889021,14,10,hbr,False,S14_D10 hbr,mild_master_16,,
233,az_itd=0_az=15,7.0,1.1024674139565073e-17,4.1303462085683186e-07,2.46156807821597e-09,-17.93972038028038,-0.04415984302021864,14,10,hbr,True,S14_D10 hbr,mild_master_16,,-0.012794063823442748
234,az_itd=0_az=5,7.0,1.1024674139565073e-17,6.135621349829816e-05,2.46682159629479e-09,-8.508864526716756,-0.020989850774451545,14,10,hbr,True,S14_D10 hbr,mild_master_16,,0.007482937486724794
235,az_itd=15_az=0,7.0,1.1024674139565073e-17,9.151075891699483e-07,2.468250939938945e-09,-15.973090419563764,-0.03942559544181802,14,10,hbr,True,S14_D10 hbr,mild_master_16,,-0.022994225493264513
236,az_itd=5_az=0,7.0,1.1024674139565073e-17,1.2877102192565278e-06,2.466973231274529e-09,-15.19338414088543,-0.03748167196803531,14,10,hbr,True,S14_D10 hbr,mild_master_16,,-0.018054826311353342
237,constant,7.0,1.1024674139565073e-17,0.8454835651638608,2.9854737129891187e-09,0.20223697118516115,0.0006037731612678365,14,10,hbr,False,S14_D10 hbr,mild_master_16,,
273,Linear,7.0,8.498525594229594e-18,0.1369452007885043,2.8004106057194755e-13,1.679506550818908,4.703307957288605e-07,15,17,hbr,False,S15_D17 hbr,mild_master_16,,
274,ShortHbO,7.0,8.498525594229594e-18,0.0016404828756974748,0.0011284864518949335,-4.9584446672131435,-5595.537629420714,15,17,hbr,True,S15_D17 hbr,mild_master_16,,
275,az_itd=0_az=15,7.0,8.498525594229594e-18,0.05738874557413204,2.1612288875059986e-09,-2.2710479410726077,-0.004908254415157141,15,17,hbr,False,S15_D17 hbr,mild_master_16,,-0.014562429490513772
276,az_itd=0_az=5,7.0,8.498525594229594e-18,9.424680712120851e-07,2.165841416866231e-09,-15.904371424768959,-0.0344463463409884,15,17,hbr,True,S15_D17 hbr,mild_master_16,,-0.040257225652444086
277,az_itd=15_az=0,7.0,8.498525594229594e-18,0.0014065528849099614,2.1670963643938895e-09,-5.095486695516083,-0.011042410692670337,15,17,hbr,True,S15_D17 hbr,mild_master_16,,0.019163032810051696
278,az_itd=5_az=0,7.0,8.498525594229594e-18,3.4681955685156136e-06,2.165974550660688e-09,-13.130088498572146,-0.028439437535829875,15,17,hbr,True,S15_D17 hbr,mild_master_16,,-0.04621163398472372
279,constant,7.0,8.498525594229594e-18,0.570097722851482,2.6212120999221753e-09,0.5957454295309492,0.0015615751283598576,15,17,hbr,False,S15_D17 hbr,mild_master_16,,
287,Linear,7.0,1.4707864182199627e-19,0.045587954710343596,3.684043298381719e-14,-2.4274932671494653,-8.942990302708733e-08,15,18,hbr,True,S15_D18 hbr,mild_master_16,,
288,ShortHbO,7.0,1.4707864182199627e-19,8.529365604776819e-07,0.00014845654926199598,16.138349525439352,2395.8436813306967,15,18,hbr,True,S15_D18 hbr,mild_master_16,,
289,az_itd=0_az=15,7.0,1.4707864182199627e-19,0.0002866251112951845,2.843176205312169e-10,6.664627261749656,0.0018948709647881418,15,18,hbr,True,S15_D18 hbr,mild_master_16,,0.002152480405622268
290,az_itd=0_az=5,7.0,1.4707864182199627e-19,4.823483364290863e-07,2.8492441575772573e-10,17.538837124183477,0.004997242920677888,15,18,hbr,True,S15_D18 hbr,mild_master_16,,0.005018695253763637
291,az_itd=15_az=0,7.0,1.4707864182199627e-19,5.670533559387456e-06,2.8508950872729415e-10,12.206305022403434,0.0034798895022124985,15,18,hbr,True,S15_D18 hbr,mild_master_16,,0.002311886905058147
292,az_itd=5_az=0,7.0,1.4707864182199627e-19,0.015991762111874936,2.849419299987537e-10,3.157148930720953,0.0008996041096131299,15,18,hbr,True,S15_D18 hbr,mild_master_16,,0.0011170844956459357
293,constant,7.0,1.4707864182199627e-19,0.9942505655990718,3.448301063648627e-10,-0.007467043033433302,-2.5748612434498124e-06,15,18,hbr,False,S15_D18 hbr,mild_master_16,,
301,Linear,7.0,1.717922490013219e-18,0.0824161555355615,1.2590752965730463e-13,2.0258479305689927,2.550695083993047e-07,15,22,hbr,False,S15_D22 hbr,mild_master_16,,
302,ShortHbO,7.0,1.717922490013219e-18,0.0006416930987101614,0.0005073718158317132,-5.832843460131321,-2959.4203778289616,15,22,hbr,True,S15_D22 hbr,mild_master_16,,
303,az_itd=0_az=15,7.0,1.717922490013219e-18,4.4553479595278736e-07,9.716967565189385e-10,-17.742902970820715,-0.017240721267976725,15,22,hbr,True,S15_D22 hbr,mild_master_16,,-0.022270723353772448
304,az_itd=0_az=5,7.0,1.717922490013219e-18,0.0005854568464778061,9.737705673237987e-10,-5.9234868159254725,-0.005768117117278789,15,22,hbr,True,S15_D22 hbr,mild_master_16,,0.0015196991372830265
305,az_itd=15_az=0,7.0,1.717922490013219e-18,4.965076275446063e-05,9.74334796521954e-10,-8.792011397973116,-0.008566362636462838,15,22,hbr,True,S15_D22 hbr,mild_master_16,,0.004061923484852365
306,az_itd=5_az=0,7.0,1.717922490013219e-18,3.136395616136143e-06,9.738304247859146e-10,-13.326855105729459,-0.012978096968672853,15,22,hbr,True,S15_D22 hbr,mild_master_16,,-0.02043052869002753
307,constant,7.0,1.717922490013219e-18,0.5081264751659202,1.17850696442512e-09,0.69726381485176,0.0008217302618444266,15,22,hbr,False,S15_D22 hbr,mild_master_16,,
315,Linear,7.0,3.85363926249006e-16,0.8216836080110326,1.885755788330283e-12,-0.23399701444165438,-4.412612244353546e-07,16,16,hbr,False,S16_D16 hbr,mild_master_16,,
316,ShortHbO,7.0,3.85363926249006e-16,3.61998481807393e-05,0.007599063702897384,9.229603086299086,70136.34180524506,16,16,hbr,True,S16_D16 hbr,mild_master_16,,
317,az_itd=0_az=15,7.0,3.85363926249006e-16,0.005253192297406834,1.455340111981176e-08,-3.9904847857512307,-0.05807512574954376,16,16,hbr,True,S16_D16 hbr,mild_master_16,,0.12732273229627714
318,az_itd=0_az=5,7.0,3.85363926249006e-16,0.00030034697245374654,1.4584461221934418e-08,-6.61409983461406,-0.09646308255593161,16,16,hbr,True,S16_D16 hbr,mild_master_16,,-0.048214811287876455
319,az_itd=15_az=0,7.0,3.85363926249006e-16,1.1533756210329608e-05,1.4592911856136057e-08,10.977294010800652,0.16019068391850416,16,16,hbr,True,S16_D16 hbr,mild_master_16,,0.12339400648027989
320,az_itd=5_az=0,7.0,3.85363926249006e-16,0.01086539314473584,1.4585357725550735e-08,3.4380834708485724,0.050145677312629505,16,16,hbr,True,S16_D16 hbr,mild_master_16,,0.1257001490452701
321,constant,7.0,3.85363926249006e-16,0.950635799565339,1.7650861197905234e-08,-0.0641610405575526,-0.001132497621194529,16,16,hbr,False,S16_D16 hbr,mild_master_16,,
329,Linear,7.0,2.2869323348370034e-17,0.4464889939952529,4.593847541241125e-13,-0.8064930504114256,-3.704906116660583e-07,16,17,hbr,False,S16_D17 hbr,mild_master_16,,
330,ShortHbO,7.0,2.2869323348370034e-17,5.624854660897432e-07,0.0018511909295635509,17.15015890770405,31748.218610515272,16,17,hbr,True,S16_D17 hbr,mild_master_16,,
331,az_itd=0_az=15,7.0,2.2869323348370034e-17,0.00120787481270066,3.545321529154098e-09,5.233453011724968,0.018554273634284878,16,17,hbr,True,S16_D17 hbr,mild_master_16,,-0.021385520101050017
332,az_itd=0_az=5,7.0,2.2869323348370034e-17,5.02414723715288e-05,3.552888011232523e-09,-8.775982955179272,-0.0311800846282374,16,17,hbr,True,S16_D17 hbr,mild_master_16,,-0.11298490579641862
333,az_itd=15_az=0,7.0,2.2869323348370034e-17,0.0003373194399246828,3.5549466513485635e-09,6.489914607506904,0.023071300201494796,16,17,hbr,True,S16_D17 hbr,mild_master_16,,0.041598551682487536
334,az_itd=5_az=0,7.0,2.2869323348370034e-17,1.5711809452262712e-06,3.5531064064753754e-09,14.756006460336158,0.052429661088212426,16,17,hbr,True,S16_D17 hbr,mild_master_16,,0.022999629214923326
335,constant,7.0,2.2869323348370034e-17,0.8322669727519489,4.299886857915006e-09,-0.2198430344669669,-0.0009453001747086666,16,17,hbr,False,S16_D17 hbr,mild_master_16,,
343,Linear,7.0,1.2225079000234021e-19,0.16696469652469886,3.358735136460867e-14,-1.542053432550801,-5.179349046208463e-08,16,18,hbr,False,S16_D18 hbr,mild_master_16,,
344,ShortHbO,7.0,1.2225079000234021e-19,3.814025650246754e-05,0.00013534754829375376,9.156019423452646,1239.2447810943045,16,18,hbr,True,S16_D18 hbr,mild_master_16,,
345,az_itd=0_az=15,7.0,1.2225079000234021e-19,0.028645942954474556,2.5921182370810445e-10,2.746555437409906,0.0007119396438464323,16,18,hbr,True,S16_D18 hbr,mild_master_16,,0.0005995871815639045
346,az_itd=0_az=5,7.0,1.2225079000234021e-19,6.529542752972169e-06,2.597650377403085e-10,11.9525705320228,0.0031048599353446023,16,18,hbr,True,S16_D18 hbr,mild_master_16,,0.0036741431826177663
347,az_itd=15_az=0,7.0,1.2225079000234021e-19,4.814229194859728e-06,2.5991555268075877e-10,12.507002856652884,0.0032507645598667634,16,18,hbr,True,S16_D18 hbr,mild_master_16,,0.001977550748497406
348,az_itd=5_az=0,7.0,1.2225079000234021e-19,0.9099191669534912,2.597810054399159e-10,-0.11729718870348517,-3.047158161666692e-05,16,18,hbr,False,S16_D18 hbr,mild_master_16,,-0.001665009781606227
349,constant,7.0,1.2225079000234021e-19,0.9636523401126915,3.143809397859029e-10,-0.04722585402524518,-1.4846908370648443e-05,16,18,hbr,False,S16_D18 hbr,mild_master_16,,
357,Linear,7.0,1.3904462965978173e-17,0.017521727310828766,3.582011949080982e-13,3.0918386155870063,1.1075002865662658e-06,16,22,hbr,True,S16_D22 hbr,mild_master_16,,
358,ShortHbO,7.0,1.3904462965978173e-17,0.31257752878313827,0.0014434497379805223,1.0881289110653596,1570.6593915663243,16,22,hbr,False,S16_D22 hbr,mild_master_16,,
359,az_itd=0_az=15,7.0,1.3904462965978173e-17,2.9498683257246496e-07,2.764433074183613e-09,-18.840089307575397,-0.052082166002434475,16,22,hbr,True,S16_D22 hbr,mild_master_16,,-0.07157434585122102
360,az_itd=0_az=5,7.0,1.3904462965978173e-17,4.188386613433501e-07,2.77033297159512e-09,-17.90330342677458,-0.04959811178366552,16,22,hbr,True,S16_D22 hbr,mild_master_16,,-0.06305832435644257
361,az_itd=15_az=0,7.0,1.3904462965978173e-17,2.4868317833585947e-05,2.7719381779996238e-09,-9.774030370696384,-0.02709300793746112,16,22,hbr,True,S16_D22 hbr,mild_master_16,,0.008538810600266527
362,az_itd=5_az=0,7.0,1.3904462965978173e-17,4.422457003920959e-06,2.7705032633521924e-09,-12.665590643121355,-0.03509006020905071,16,22,hbr,True,S16_D22 hbr,mild_master_16,,-0.03743799894754045
363,constant,7.0,1.3904462965978173e-17,0.6597019985729315,3.352798708810999e-09,0.45965043267487404,0.0015411153771767347,16,22,hbr,False,S16_D22 hbr,mild_master_16,,
371,Linear,7.0,5.024309470672684e-17,0.18062154442531372,6.809074897486281e-13,1.486951635258863,1.0124765053417302e-06,16,23,hbr,False,S16_D23 hbr,mild_master_16,,
372,ShortHbO,7.0,5.024309470672684e-17,0.002782457063058509,0.0027438650446679792,-4.504749125635748,-12360.423660830571,16,23,hbr,True,S16_D23 hbr,mild_master_16,,
373,az_itd=0_az=15,7.0,5.024309470672684e-17,1.2193006675898849e-05,5.254932735786616e-09,-10.885994112431433,-0.057205166822996305,16,23,hbr,True,S16_D23 hbr,mild_master_16,,-0.07407085172733852
374,az_itd=0_az=5,7.0,5.024309470672684e-17,1.8864570639181488e-06,5.266147897526302e-09,-14.364513275531873,-0.07564565138493083,16,23,hbr,True,S16_D23 hbr,mild_master_16,,-0.13473001646683092
375,az_itd=15_az=0,7.0,5.024309470672684e-17,0.23107906080908935,5.269199247100108e-09,-1.3114569040248183,-0.006910327731291811,16,23,hbr,False,S16_D23 hbr,mild_master_16,,0.047777154019110285
376,az_itd=5_az=0,7.0,5.024309470672684e-17,3.098745295262378e-05,5.266471606476695e-09,-9.451744926342181,-0.04977734628624125,16,23,hbr,True,S16_D23 hbr,mild_master_16,,-0.06117890436957601
377,constant,7.0,5.024309470672684e-17,0.2398158531481697,6.373361632795956e-09,1.2845716010529455,0.008187039356730116,16,23,hbr,False,S16_D23 hbr,mild_master_16,,
385,Linear,7.0,5.157222886593741e-18,0.20754588162198667,2.1815133299736795e-13,-1.3885605203666629,-3.029163284655064e-07,17,15,hbr,False,S17_D15 hbr,mild_master_16,,
386,ShortHbO,7.0,5.157222886593741e-18,0.5450629034646175,0.0008790883138621082,-0.6358997743995051,-559.0120604621559,17,15,hbr,False,S17_D15 hbr,mild_master_16,,
387,az_itd=0_az=15,7.0,5.157222886593741e-18,0.0014312815049832167,1.6835922623594042e-09,5.079845280669654,0.008552388208518367,17,15,hbr,True,S17_D15 hbr,mild_master_16,,0.0016138272718062986
388,az_itd=0_az=5,7.0,5.157222886593741e-18,3.9309863693183864e-08,1.6871854119724257e-09,25.222243381091836,0.042554601089796217,17,15,hbr,True,S17_D15 hbr,mild_master_16,,0.05757792340511335
389,az_itd=15_az=0,7.0,5.157222886593741e-18,0.31232685045752356,1.6881630131693405e-09,1.0887373987418811,0.0018379662076102436,17,15,hbr,False,S17_D15 hbr,mild_master_16,,-0.006976733139964276
390,az_itd=5_az=0,7.0,5.157222886593741e-18,0.0049680937241536995,1.687289122887777e-09,4.034385358714027,0.00680717453329588,17,15,hbr,True,S17_D15 hbr,mild_master_16,,-0.0006235548670746645
391,constant,7.0,5.157222886593741e-18,0.5801370920722755,2.0419181119332377e-09,-0.5799353314519309,-0.001184180457041703,17,15,hbr,False,S17_D15 hbr,mild_master_16,,
399,Linear,7.0,4.946734218223488e-17,0.08484580484526287,6.756304411163482e-13,2.006153380535135,1.3554182934380062e-06,17,17,hbr,False,S17_D17 hbr,mild_master_16,,
400,ShortHbO,7.0,4.946734218223488e-17,0.0004262377944101839,0.002722600027761686,-6.244935263812671,-17002.460922626313,17,17,hbr,True,S17_D17 hbr,mild_master_16,,
401,az_itd=0_az=15,7.0,4.946734218223488e-17,3.1190871823129374e-06,5.214206886793027e-09,-13.337762621184101,-0.06954585371378876,17,17,hbr,True,S17_D17 hbr,mild_master_16,,-0.04656833475391392
402,az_itd=0_az=5,7.0,4.946734218223488e-17,0.0001878605488562402,5.225335130772503e-09,-7.134680560305846,-0.037281096978605786,17,17,hbr,True,S17_D17 hbr,mild_master_16,,-0.021400231261278914
403,az_itd=15_az=0,7.0,4.946734218223488e-17,3.926472341403453e-07,5.228362832317263e-09,-18.072423044333412,-0.09448918493490682,17,17,hbr,True,S17_D17 hbr,mild_master_16,,-0.04457211187776601
404,az_itd=5_az=0,7.0,4.946734218223488e-17,7.586646388025968e-05,5.22565633097112e-09,-8.232690895384946,-0.04302121329839665,17,17,hbr,True,S17_D17 hbr,mild_master_16,,-0.07057081043314879
405,constant,7.0,4.946734218223488e-17,0.45790147801488923,6.323967934248465e-09,0.7855309908674372,0.004967672797604097,17,17,hbr,False,S17_D17 hbr,mild_master_16,,
413,Linear,7.0,1.866251338637779e-18,0.9255325115498948,1.3123056133946614e-13,0.09688605431304417,1.2714411293466791e-08,17,21,hbr,False,S17_D21 hbr,mild_master_16,,
414,ShortHbO,7.0,1.866251338637779e-18,7.089433268201372e-06,0.0005288221314534949,-11.806825937258434,-6243.710857841412,17,21,hbr,True,S17_D21 hbr,mild_master_16,,
415,az_itd=0_az=15,7.0,1.866251338637779e-18,3.680190810359141e-05,1.0127774816708182e-09,-9.206303048494513,-0.009323936416952651,17,21,hbr,True,S17_D21 hbr,mild_master_16,,-0.0071012160583735695
416,az_itd=0_az=5,7.0,1.866251338637779e-18,2.4347425038654845e-05,1.0149389676182782e-09,9.805544895912721,0.009952029613592333,17,21,hbr,True,S17_D21 hbr,mild_master_16,,0.011377353490316504
417,az_itd=15_az=0,7.0,1.866251338637779e-18,0.00820157704441988,1.015527050909242e-09,-3.647821523831092,-0.0037044614343394464,17,21,hbr,True,S17_D21 hbr,mild_master_16,,0.0018495457968181648
418,az_itd=5_az=0,7.0,1.866251338637779e-18,0.22607578713412982,1.0150013556928848e-09,-1.327253422886493,-0.001347164023577812,17,21,hbr,False,S17_D21 hbr,mild_master_16,,-0.012748637875550929
419,constant,7.0,1.866251338637779e-18,0.8088237173894459,1.2283310688798525e-09,0.2512677363390427,0.00030863996715235726,17,21,hbr,False,S17_D21 hbr,mild_master_16,,
427,Linear,7.0,8.605686935385391e-18,0.03501759832730358,2.8180110508516653e-13,2.6079506990082755,7.349233889881646e-07,17,22,hbr,True,S17_D22 hbr,mild_master_16,,
428,ShortHbO,7.0,8.605686935385391e-18,2.5139624491229167e-07,0.0011355789346324402,-19.28293499112162,-21897.294773804493,17,22,hbr,True,S17_D22 hbr,mild_master_16,,
429,az_itd=0_az=15,7.0,8.605686935385391e-18,1.4665627566067012e-05,2.1748121064721615e-09,-10.587593431248731,-0.023026026372684874,17,22,hbr,True,S17_D22 hbr,mild_master_16,,-0.016718146821999465
430,az_itd=0_az=5,7.0,8.605686935385391e-18,2.257674045900409e-06,2.1794536253562016e-09,-13.989492905098748,-0.030489451028912328,17,22,hbr,True,S17_D22 hbr,mild_master_16,,-0.03695296479582904
431,az_itd=15_az=0,7.0,8.605686935385391e-18,1.2425027215848548e-05,2.1807164601683385e-09,-10.855187679325164,-0.02367208645052093,17,22,hbr,True,S17_D22 hbr,mild_master_16,,-0.011109438201148005
432,az_itd=5_az=0,7.0,8.605686935385391e-18,0.00012533942575063508,2.1795875958901142e-09,-7.609002840138475,-0.01658448820745847,17,22,hbr,True,S17_D22 hbr,mild_master_16,,-0.025322837171470037
433,constant,7.0,8.605686935385391e-18,0.8687820433533285,2.6376862911176695e-09,0.17136932390916818,0.0004520185163933164,17,22,hbr,False,S17_D22 hbr,mild_master_16,,
441,Linear,7.0,3.0093894658230613e-18,0.6091273937724853,1.6664378399528565e-13,-0.5351358623833895,-8.917706505914846e-08,17,23,hbr,False,S17_D23 hbr,mild_master_16,,
442,ShortHbO,7.0,3.0093894658230613e-18,0.03269128075957496,0.0006715274258250098,-2.655257838186977,-1783.078460979381,17,23,hbr,True,S17_D23 hbr,mild_master_16,,
443,az_itd=0_az=15,7.0,3.0093894658230613e-18,1.415138801893427e-05,1.2860805453255694e-09,10.644698240874055,0.013689939318449435,17,23,hbr,True,S17_D23 hbr,mild_master_16,,0.019265340362182116
444,az_itd=0_az=5,7.0,3.0093894658230613e-18,0.00011297851126257344,1.2888253190555668e-09,7.734697558095704,0.009968674048111009,17,23,hbr,True,S17_D23 hbr,mild_master_16,,-0.008046571184430223
445,az_itd=15_az=0,7.0,3.0093894658230613e-18,0.002104155536634366,1.2895720995608876e-09,4.741518383897094,0.006114529817428722,17,23,hbr,True,S17_D23 hbr,mild_master_16,,-0.008133124038615498
446,az_itd=5_az=0,7.0,3.0093894658230613e-18,0.0028703128430216615,1.2889045428638208e-09,-4.478829590165061,-0.005772783805476652,17,23,hbr,True,S17_D23 hbr,mild_master_16,,-0.0319868631831553
447,constant,7.0,3.0093894658230613e-18,0.4777267061723828,1.5598023450315999e-09,-0.7499525916965608,-0.0011697778111908214,17,23,hbr,False,S17_D23 hbr,mild_master_16,,
455,Linear,7.0,4.356645522415648e-17,0.24535333823441996,6.340536879519627e-13,-1.2679661996894265,-8.039586451115158e-07,18,16,hbr,False,S18_D16 hbr,mild_master_16,,
456,ShortHbO,7.0,4.356645522415648e-17,2.360272977530478e-05,0.0025550574446706097,-9.851952749255323,-25172.305216527893,18,16,hbr,True,S18_D16 hbr,mild_master_16,,
457,az_itd=0_az=15,7.0,4.356645522415648e-17,0.06903574079794657,4.8933365122698936e-09,2.145846452589138,0.010500348796179256,18,16,hbr,False,S18_D16 hbr,mild_master_16,,-0.008070365516336211
458,az_itd=0_az=5,7.0,4.356645522415648e-17,0.0007354250181959913,4.903779949548945e-09,5.699901606033472,0.02795106321006877,18,16,hbr,True,S18_D16 hbr,mild_master_16,,0.022935352571161357
459,az_itd=15_az=0,7.0,4.356645522415648e-17,2.8221514075082654e-06,4.90662133326058e-09,13.536391088739498,0.06641794529136763,18,16,hbr,True,S18_D16 hbr,mild_master_16,,0.03484102472682527
460,az_itd=5_az=0,7.0,4.356645522415648e-17,0.2647822650328746,4.9040813838214556e-09,1.2121318837046668,0.00594439340561249,18,16,hbr,False,S18_D16 hbr,mild_master_16,,0.007731367270976412
461,constant,7.0,4.356645522415648e-17,0.7915579667084475,5.934805401270679e-09,-0.27459085346436723,-0.0016296432802798521,18,16,hbr,False,S18_D16 hbr,mild_master_16,,
469,Linear,7.0,1.6418328389694554e-18,0.5058881061199229,1.2308762426183486e-13,-0.7010719799549471,-8.629328444919515e-08,18,21,hbr,False,S18_D21 hbr,mild_master_16,,
470,ShortHbO,7.0,1.6418328389694554e-18,3.665246744397453e-05,0.0004960083928111254,-9.212045986828123,-4569.252124428795,18,21,hbr,True,S18_D21 hbr,mild_master_16,,
471,az_itd=0_az=15,7.0,1.6418328389694554e-18,0.0053602656343436795,9.49934015768435e-10,3.9746660233285733,0.0037756704568788673,18,21,hbr,True,S18_D21 hbr,mild_master_16,,-0.000973217587390477
472,az_itd=0_az=5,7.0,1.6418328389694554e-18,7.072554820047144e-05,9.51961380182887e-10,8.323134287158714,0.007923302403451118,18,21,hbr,True,S18_D21 hbr,mild_master_16,,0.004687940097626479
473,az_itd=15_az=0,7.0,1.6418328389694554e-18,0.01128468643338632,9.525129725437974e-10,3.410204402899956,0.003248263932788182,18,21,hbr,True,S18_D21 hbr,mild_master_16,,-0.003781669148305418
474,az_itd=5_az=0,7.0,1.6418328389694554e-18,0.08852215066242451,9.520198970390768e-10,1.97738672744544,0.0018825115086690447,18,21,hbr,False,S18_D21 hbr,mild_master_16,,0.0031596067398099725
475,constant,7.0,1.6418328389694554e-18,0.557801695450604,1.1521123702604466e-09,-0.6153330673266761,-0.0007089328386973679,18,21,hbr,False,S18_D21 hbr,mild_master_16,,
483,Linear,7.0,3.299087349472472e-19,0.8197052538916996,5.5175569901776253e-14,0.23664863746902357,1.3057223438832216e-08,18,22,hbr,False,S18_D22 hbr,mild_master_16,,
484,ShortHbO,7.0,3.299087349472472e-19,0.03762021899090684,0.00022234197721779947,2.5587488015685986,568.917267744437,18,22,hbr,True,S18_D22 hbr,mild_master_16,,
485,az_itd=0_az=15,7.0,3.299087349472472e-19,1.350245544107299e-06,4.2581982553836474e-10,-15.088038848580016,-0.006424786070218412,18,22,hbr,True,S18_D22 hbr,mild_master_16,,-0.009022412381934979
486,az_itd=0_az=5,7.0,3.299087349472472e-19,9.900398760046357e-05,4.2672861704065273e-10,7.8969845343455995,0.0033698692891327205,18,22,hbr,True,S18_D22 hbr,mild_master_16,,0.007853707126192903
487,az_itd=15_az=0,7.0,3.299087349472472e-19,0.4300704252518609,4.2697587522805554e-10,0.8373176422667545,0.00035751443315073947,18,22,hbr,False,S18_D22 hbr,mild_master_16,,-0.002108987498520024
488,az_itd=5_az=0,7.0,3.299087349472472e-19,0.04031509972054755,4.267548479546743e-10,-2.5113862897331374,-0.0010717462742305184,18,22,hbr,True,S18_D22 hbr,mild_master_16,,0.0017813064176273744
489,constant,7.0,3.299087349472472e-19,0.8908444574312352,5.164488062973911e-10,0.14231019036226403,7.349592793654576e-05,18,22,hbr,False,S18_D22 hbr,mild_master_16,,
497,Linear,7.0,2.2850789470098346e-18,0.5485205571306573,1.4521133727882474e-13,-0.6302889691540415,-9.15251040829503e-08,18,23,hbr,False,S18_D23 hbr,mild_master_16,,
498,ShortHbO,7.0,2.2850789470098346e-18,0.0004636224937068797,0.0005851607133825953,-6.158591173382309,-3603.7656044481464,18,23,hbr,True,S18_D23 hbr,mild_master_16,,
499,az_itd=0_az=15,7.0,2.2850789470098346e-18,5.914743012194248e-06,1.120674719197983e-09,12.129942878337813,0.013593720329068802,18,23,hbr,True,S18_D23 hbr,mild_master_16,,0.005587528547255503
500,az_itd=0_az=5,7.0,2.2850789470098346e-18,0.00013321089636706345,1.1230664811605654e-09,7.536041048318194,0.008463475102016293,18,23,hbr,True,S18_D23 hbr,mild_master_16,,-0.007367386692817961
501,az_itd=15_az=0,7.0,2.2850789470098346e-18,0.00022163050147262713,1.1237172164789287e-09,-6.9477911501718,-0.007807352531947988,18,23,hbr,True,S18_D23 hbr,mild_master_16,,-0.01803289032088458
502,az_itd=5_az=0,7.0,2.2850789470098346e-18,0.18611084130095842,1.1231355158095938e-09,1.4658671107340921,0.0016463674135226535,18,23,hbr,False,S18_D23 hbr,mild_master_16,,-0.02195632102354748
503,constant,7.0,2.2850789470098346e-18,0.8139973883628454,1.3591925182105389e-09,-0.24430965444410482,-0.0003320638544470294,18,23,hbr,False,S18_D23 hbr,mild_master_16,,
511,Linear,7.0,3.949977046390141e-18,0.9149452678887586,1.9091814515131004e-13,0.11072100828845753,2.1138649531715134e-08,19,14,hbr,False,S19_D14 hbr,mild_master_16,,
512,ShortHbO,7.0,3.949977046390141e-18,0.0004459794620105183,0.0007693462515251801,-6.198327885917046,-4768.6603247542735,19,14,hbr,True,S19_D14 hbr,mild_master_16,,
513,az_itd=0_az=15,7.0,3.949977046390141e-18,0.22447229874001665,1.4734189679447583e-09,1.332380574699802,0.0019631548112838265,19,14,hbr,False,S19_D14 hbr,mild_master_16,,0.02903488142751112
514,az_itd=0_az=5,7.0,3.949977046390141e-18,0.0002566177031304326,1.4765635623414264e-09,6.785286755494103,0.010018907183200471,19,14,hbr,True,S19_D14 hbr,mild_master_16,,0.006361802211633442
515,az_itd=15_az=0,7.0,3.949977046390141e-18,3.4900996174275314e-06,1.4774191235000417e-09,-13.1178598842771,-0.019380577052425033,19,14,hbr,True,S19_D14 hbr,mild_master_16,,-0.02627460115274344
516,az_itd=5_az=0,7.0,3.949977046390141e-18,0.027068123507387208,1.4766543263781104e-09,2.7858836014456507,0.004113787072860551,19,14,hbr,True,S19_D14 hbr,mild_master_16,,0.030594571442151754
517,constant,7.0,3.949977046390141e-18,0.8479836631866555,1.78701277285279e-09,-0.19891472688538042,-0.0003554631576526991,19,14,hbr,False,S19_D14 hbr,mild_master_16,,
525,Linear,7.0,5.394949304136775e-18,0.04584544849846203,2.231226217748445e-13,-2.4236560483536684,-5.407724917891298e-07,19,15,hbr,True,S19_D15 hbr,mild_master_16,,
526,ShortHbO,7.0,5.394949304136775e-18,0.0001342639166052408,0.0008991212048331031,-7.526650373313218,-6767.370952010906,19,15,hbr,True,S19_D15 hbr,mild_master_16,,
527,az_itd=0_az=15,7.0,5.394949304136775e-18,1.7586605651319543e-05,1.7219583965686993e-09,10.301233378670878,0.01773829531141607,19,15,hbr,True,S19_D15 hbr,mild_master_16,,0.008324506956586363
528,az_itd=0_az=5,7.0,5.394949304136775e-18,4.5099973260760464e-08,1.7256334278007858e-09,24.72713376337998,0.04266996859578994,19,15,hbr,True,S19_D15 hbr,mild_master_16,,0.03844771253613227
529,az_itd=15_az=0,7.0,5.394949304136775e-18,0.011328122162266582,1.72663330682563e-09,3.407380305388228,0.005883296324305002,19,15,hbr,True,S19_D15 hbr,mild_master_16,,-0.02485462559623248
530,az_itd=5_az=0,7.0,5.394949304136775e-18,8.692116226474441e-06,1.7257395021071946e-09,11.45273125880224,0.019764430740332885,19,15,hbr,True,S19_D15 hbr,mild_master_16,,0.03666647335701202
531,constant,7.0,5.394949304136775e-18,0.6355249000014238,2.0884498679161465e-09,-0.4953466463205266,-0.00103450663808081,19,15,hbr,False,S19_D15 hbr,mild_master_16,,
539,Linear,7.0,1.148578827746543e-18,0.4243449432939338,1.0295094173544652e-13,-0.8482628258517614,-8.732945676060991e-08,19,21,hbr,False,S19_D21 hbr,mild_master_16,,
540,ShortHbO,7.0,1.148578827746543e-18,0.6308298417329168,0.0004148632444149299,0.5023587091569804,208.4101639409611,19,21,hbr,False,S19_D21 hbr,mild_master_16,,
541,az_itd=0_az=15,7.0,1.148578827746543e-18,0.013445910751295408,7.945283053141044e-10,3.2822172042735067,0.002607814472984227,19,21,hbr,True,S19_D21 hbr,mild_master_16,,0.005882696575886727
542,az_itd=0_az=5,7.0,1.148578827746543e-18,0.0002415318970907877,7.962240003684243e-10,6.85209664272367,0.00545580379978049,19,21,hbr,True,S19_D21 hbr,mild_master_16,,0.0086183891362848
543,az_itd=15_az=0,7.0,1.148578827746543e-18,0.00018686387928260398,7.966853542482344e-10,-7.140759144083691,-0.005688938228305635,19,21,hbr,True,S19_D21 hbr,mild_master_16,,-0.016868903286611128
544,az_itd=5_az=0,7.0,1.148578827746543e-18,0.00010095915822510863,7.962729440822075e-10,7.8727739157155465,0.006268876863960427,19,21,hbr,True,S19_D21 hbr,mild_master_16,,0.017453806514475825
545,constant,7.0,1.148578827746543e-18,0.8789869888955562,9.636310247654e-10,-0.1579092612659306,-0.00015216626325363598,19,21,hbr,False,S19_D21 hbr,mild_master_16,,
567,Linear,7.0,2.1911622202368896e-17,0.4900148169031342,4.4966303356227274e-13,-0.7283965607248405,-3.2753300713185796e-07,20,12,hbr,False,S20_D12 hbr,mild_master_16,,
568,ShortHbO,7.0,2.1911622202368896e-17,0.08624737310221256,0.0018120151389822046,1.995044105699936,3615.0501224654977,20,12,hbr,False,S20_D12 hbr,mild_master_16,,
569,az_itd=0_az=15,7.0,2.1911622202368896e-17,0.8659059982048095,3.470293734045776e-09,0.17516902584626107,0.0006078879727931824,20,12,hbr,False,S20_D12 hbr,mild_master_16,,-0.050016264234153104
570,az_itd=0_az=5,7.0,2.1911622202368896e-17,0.060429135313673256,3.4777000906003506e-09,-2.2360487402773046,-0.007776306906649182,20,12,hbr,False,S20_D12 hbr,mild_master_16,,-0.08628703446469335
571,az_itd=15_az=0,7.0,2.1911622202368896e-17,0.4115790617739763,3.4797151647866e-09,-0.8730545365932894,-0.0030379811106694067,20,12,hbr,False,S20_D12 hbr,mild_master_16,,0.0060214772224687725
572,az_itd=5_az=0,7.0,2.1911622202368896e-17,0.00156678371045705,3.477913864058297e-09,4.999146408812071,0.017386600603664745,20,12,hbr,True,S20_D12 hbr,mild_master_16,,0.04062728575116719
573,constant,7.0,2.1911622202368896e-17,0.5063322615617853,4.2088905893081386e-09,0.700315470474949,0.0029475511932289143,20,12,hbr,False,S20_D12 hbr,mild_master_16,,
581,Linear,7.0,2.1897113698798475e-18,0.671406636432524,1.4214885214770446e-13,0.44260269193887186,6.291546461659468e-08,20,13,hbr,False,S20_D13 hbr,mild_master_16,,
582,ShortHbO,7.0,2.1897113698798475e-18,3.712508238493368e-06,0.0005728197624786795,-12.998428153575563,-7445.756527527335,20,13,hbr,True,S20_D13 hbr,mild_master_16,,
583,az_itd=0_az=15,7.0,2.1897113698798475e-18,0.03058563375944817,1.097039858940645e-09,-2.701205421355606,-0.002963330014413659,20,13,hbr,True,S20_D13 hbr,mild_master_16,,0.013196363645128611
584,az_itd=0_az=5,7.0,2.1897113698798475e-18,0.01602254554378571,1.0993811790053367e-09,3.1557702025980854,0.003469394366002193,20,13,hbr,True,S20_D13 hbr,mild_master_16,,0.0002813966268724622
585,az_itd=15_az=0,7.0,2.1897113698798475e-18,0.0001808634509439766,1.100018190414299e-09,-7.1781440835046695,-0.007896089065269915,20,13,hbr,True,S20_D13 hbr,mild_master_16,,-0.009983920109938432
586,az_itd=5_az=0,7.0,2.1897113698798475e-18,0.7018754231446854,1.0994487577240628e-09,0.39887187696934445,0.000438539189625011,20,13,hbr,False,S20_D13 hbr,mild_master_16,,0.01803270437053964
587,constant,7.0,2.1897113698798475e-18,0.9099920093902895,1.3305273536624213e-09,-0.11720184067455047,-0.00015594025491707438,20,13,hbr,False,S20_D13 hbr,mild_master_16,,
595,Linear,7.0,5.664311909259951e-19,0.7781953086332403,7.229753670737861e-14,-0.2927574761580881,-2.1165644378898892e-08,20,20,hbr,False,S20_D20 hbr,mild_master_16,,
596,ShortHbO,7.0,5.664311909259951e-19,2.6269704314183626e-08,0.00029133867195411614,-26.731358015824554,-7787.878343860343,20,20,hbr,True,S20_D20 hbr,mild_master_16,,
597,az_itd=0_az=15,7.0,5.664311909259951e-19,7.894894123120939e-05,5.579593382070061e-10,8.181722341129937,0.004565068382850336,20,20,hbr,True,S20_D20 hbr,mild_master_16,,0.003646252224551863
598,az_itd=0_az=5,7.0,5.664311909259951e-19,0.0010045637804616315,5.591501439768963e-10,5.403632891290041,0.0030214421091631187,20,20,hbr,True,S20_D20 hbr,mild_master_16,,-0.005568769440001314
599,az_itd=15_az=0,7.0,5.664311909259951e-19,0.09448765123234545,5.594741308049758e-10,-1.933117726577772,-0.0010815293598207898,20,20,hbr,False,S20_D20 hbr,mild_master_16,,-0.0015126992530827361
600,az_itd=5_az=0,7.0,5.664311909259951e-19,0.0012310447409085144,5.591845148129877e-10,-5.216109581552446,-0.002916767705571781,20,20,hbr,True,S20_D20 hbr,mild_master_16,,-0.009748594301708031
601,constant,7.0,5.664311909259951e-19,0.9682146124210074,6.767121136625629e-10,0.04129404818646319,2.794418262994523e-05,20,20,hbr,False,S20_D20 hbr,mild_master_16,,
609,Linear,7.0,1.1385375382943408e-17,0.025911825212032762,3.2413326021276757e-13,2.816264295491301,9.128449277184083e-07,21,11,hbr,True,S21_D11 hbr,mild_master_16,,
610,ShortHbO,7.0,1.1385375382943408e-17,1.092582706110576e-06,0.0013061655744753468,-15.563845684137494,-20328.959439067097,21,11,hbr,True,S21_D11 hbr,mild_master_16,,
611,az_itd=0_az=15,7.0,1.1385375382943408e-17,2.8131307053608086e-06,2.501512328022891e-09,-13.542792999173775,-0.033877463643295296,21,11,hbr,True,S21_D11 hbr,mild_master_16,,-0.05765536692462922
612,az_itd=0_az=5,7.0,1.1385375382943408e-17,2.7165093530859525e-05,2.5068510957603997e-09,-9.64347564274135,-0.02417475748194488,21,11,hbr,True,S21_D11 hbr,mild_master_16,,-0.040824785348323754
613,az_itd=15_az=0,7.0,1.1385375382943408e-17,1.2846785323099107e-06,2.5083036335871928e-09,-15.198638572273538,-0.03812280035641218,21,11,hbr,True,S21_D11 hbr,mild_master_16,,-0.02404535489259075
614,az_itd=5_az=0,7.0,1.1385375382943408e-17,1.1452799742553783e-07,2.507005191344647e-09,-21.611256810793616,-0.054179533016141944,21,11,hbr,True,S21_D11 hbr,mild_master_16,,-0.049858321630360185
615,constant,7.0,1.1385375382943408e-17,0.4076236626415676,3.033919461387864e-09,0.880849022986044,0.002672424993381845,21,11,hbr,False,S21_D11 hbr,mild_master_16,,
623,Linear,7.0,8.233266220446489e-19,0.6168854643953053,8.716376871036694e-14,0.5233481136344922,4.5616993931843714e-08,21,12,hbr,False,S21_D12 hbr,mild_master_16,,
624,ShortHbO,7.0,8.233266220446489e-19,3.292470460949736e-05,0.00035124539196094556,9.364553762774221,3289.2563569449785,21,12,hbr,True,S21_D12 hbr,mild_master_16,,
625,az_itd=0_az=15,7.0,8.233266220446489e-19,0.13700662244264816,6.726901208558239e-10,-1.679197568431659,-0.0011295796152490981,21,12,hbr,False,S21_D12 hbr,mild_master_16,,0.009200993536549558
626,az_itd=0_az=5,7.0,8.233266220446489e-19,0.08218508885231948,6.741257869024527e-10,2.0277507353623885,0.0013669590601181972,21,12,hbr,False,S21_D12 hbr,mild_master_16,,0.007107608060889488
627,az_itd=15_az=0,7.0,8.233266220446489e-19,3.311403333791342e-05,6.745163937506809e-10,-9.35634575343504,-0.006311008596291501,21,12,hbr,True,S21_D12 hbr,mild_master_16,,-0.009355251934977616
628,az_itd=5_az=0,7.0,8.233266220446489e-19,5.896634137018248e-06,6.741672252659696e-10,-12.135481298879775,-0.008181343754532843,21,12,hbr,True,S21_D12 hbr,mild_master_16,,-0.009652443669843639
629,constant,7.0,8.233266220446489e-19,0.5887245299868558,8.158615195636016e-10,0.5665362131808851,0.0004622150957735654,21,12,hbr,False,S21_D12 hbr,mild_master_16,,
637,Linear,7.0,6.368662564780692e-19,0.03795437766925718,7.666092229798906e-14,2.5526885982404335,1.9569146228067248e-07,21,19,hbr,True,S21_D19 hbr,mild_master_16,,
638,ShortHbO,7.0,6.368662564780692e-19,2.3345848553912202e-06,0.0003089218846206472,-13.92058336913566,-4300.372849412227,21,19,hbr,True,S21_D19 hbr,mild_master_16,,
639,az_itd=0_az=15,7.0,6.368662564780692e-19,3.1180507793236595e-06,5.916339535169703e-10,-13.33841793113898,-0.007891460934261404,21,19,hbr,True,S21_D19 hbr,mild_master_16,,-0.006874049522027947
640,az_itd=0_az=5,7.0,6.368662564780692e-19,6.927632487365785e-06,5.928966281910334e-10,-11.847561506476048,-0.0070243792694755286,21,19,hbr,True,S21_D19 hbr,mild_master_16,,-0.010037165711918733
641,az_itd=15_az=0,7.0,6.368662564780692e-19,3.067165434936262e-05,5.932401686515266e-10,-9.466542845527757,-0.005615933474227789,21,19,hbr,True,S21_D19 hbr,mild_master_16,,-0.008854261496038619
642,az_itd=5_az=0,7.0,6.368662564780692e-19,1.790216836961076e-05,5.929330734160704e-10,-10.273569552001716,-0.0060915391694221395,21,19,hbr,True,S21_D19 hbr,mild_master_16,,-0.011728305137405123
643,constant,7.0,6.368662564780692e-19,0.9261382396147517,7.175538355278311e-10,0.096095183318385,6.895346736585721e-05,21,19,hbr,False,S21_D19 hbr,mild_master_16,,
651,Linear,7.0,4.07778123839067e-16,0.922474633886847,1.939822007284139e-12,0.10087965098034556,1.956885670588173e-07,22,12,hbr,False,S22_D12 hbr,mild_master_16,,
652,ShortHbO,7.0,4.07778123839067e-16,0.001562497227729093,0.0078169353088326,-5.001578749453311,-39097.01752650839,22,12,hbr,True,S22_D12 hbr,mild_master_16,,
653,az_itd=0_az=15,7.0,4.07778123839067e-16,0.032930727524820146,1.4970659481862842e-08,-2.6502293446526957,-0.03967568106763602,22,12,hbr,True,S22_D12 hbr,mild_master_16,,-0.08243651336821382
654,az_itd=0_az=5,7.0,4.07778123839067e-16,0.06592347427720749,1.5002610103475077e-08,-2.1770885099026356,-0.032662010074824784,22,12,hbr,False,S22_D12 hbr,mild_master_16,,0.06879853404793107
655,az_itd=15_az=0,7.0,4.07778123839067e-16,0.00041566924176680516,1.5011303024531605e-08,6.270891720555872,0.09413425585129054,22,12,hbr,True,S22_D12 hbr,mild_master_16,,0.05089057673116296
656,az_itd=5_az=0,7.0,4.07778123839067e-16,0.6980297056279312,1.5003532310610965e-08,0.40434290938293516,0.006066571905493309,22,12,hbr,False,S22_D12 hbr,mild_master_16,,0.37944382646463254
657,constant,7.0,4.07778123839067e-16,0.8311620945573369,1.815692636931062e-08,-0.2213182871876091,-0.004018459844647361,22,12,hbr,False,S22_D12 hbr,mild_master_16,,
665,Linear,7.0,3.5615684407487607e-16,0.8823932226683371,1.8128863024033416e-12,-0.15342390422097493,-2.781400944234477e-07,22,20,hbr,False,S22_D20 hbr,mild_master_16,,
666,ShortHbO,7.0,3.5615684407487607e-16,2.8980699700068834e-05,0.007305420236981516,-9.548831881945338,-69758.22966989777,22,20,hbr,True,S22_D20 hbr,mild_master_16,,
667,az_itd=0_az=15,7.0,3.5615684407487607e-16,0.07212822478540358,1.399102773898907e-08,2.116170462038593,0.02960739963481127,22,20,hbr,False,S22_D20 hbr,mild_master_16,,-0.19267437860479394
668,az_itd=0_az=5,7.0,3.5615684407487607e-16,0.005297409622178809,1.402088761482128e-08,3.9839098989874757,0.0558579529612774,22,20,hbr,True,S22_D20 hbr,mild_master_16,,-0.015475866660682226
669,az_itd=15_az=0,7.0,3.5615684407487607e-16,0.08059607893454736,1.4029011699119779e-08,-2.0409812469484585,-0.028632949791123997,22,20,hbr,False,S22_D20 hbr,mild_master_16,,-0.06837400991596317
670,az_itd=5_az=0,7.0,3.5615684407487607e-16,0.9939960958374636,1.4021749475692203e-08,0.00779754158472486,0.00010933517462730397,22,20,hbr,False,S22_D20 hbr,mild_master_16,,0.20507480814556076
671,constant,7.0,3.5615684407487607e-16,0.7439145484454495,1.696879558282471e-08,-0.33988383356902874,-0.005767419293739663,22,20,hbr,False,S22_D20 hbr,mild_master_16,,
721,Linear,7.0,1.3973023720192958e-17,0.02079997104621008,3.59083226273022e-13,2.970263510550169,1.066571804249387e-06,23,9,hbr,True,S23_D9 hbr,mild_master_16,,
722,ShortHbO,7.0,1.3973023720192958e-17,4.70323074037381e-07,0.0014470040754888504,-17.60348500378016,-25472.314543276752,23,9,hbr,True,S23_D9 hbr,mild_master_16,,
723,az_itd=0_az=15,7.0,1.3973023720192958e-17,4.8090387170640134e-06,2.7712401890462205e-09,-12.509006755167407,-0.03466546224497057,23,9,hbr,True,S23_D9 hbr,mild_master_16,,-0.030050564703628928
724,az_itd=0_az=5,7.0,1.3973023720192958e-17,2.2890820339362952e-07,2.7771546143114603e-09,-19.547124189738945,-0.054285386140052676,23,9,hbr,True,S23_D9 hbr,mild_master_16,,-0.05942419450601287
725,az_itd=15_az=0,7.0,1.3973023720192958e-17,0.003557375814486999,2.778763773361618e-09,-4.302109753219703,-0.011954546731272601,23,9,hbr,True,S23_D9 hbr,mild_master_16,,0.03203520635141909
726,az_itd=5_az=0,7.0,1.3973023720192958e-17,1.986987008329585e-08,2.7773253253934072e-09,-27.828430455893898,-0.07728860467110332,23,9,hbr,True,S23_D9 hbr,mild_master_16,,-0.10648720098239457
727,constant,7.0,1.3973023720192958e-17,0.35786195647772184,3.3610546098618205e-09,0.98407447366984,0.0033075280461753605,23,9,hbr,False,S23_D9 hbr,mild_master_16,,
679,Linear,7.0,4.6244802687758474e-18,0.04722495515646996,2.065767239627597e-13,2.4034676532495376,4.965004739587516e-07,23,10,hbr,True,S23_D10 hbr,mild_master_16,,
680,ShortHbO,7.0,4.6244802687758474e-18,1.4179069441189123e-05,0.0008324459055850537,-10.64156470594184,-8858.5269684797,23,10,hbr,True,S23_D10 hbr,mild_master_16,,
681,az_itd=0_az=15,7.0,4.6244802687758474e-18,0.0006987625432045496,1.5942647210478101e-09,-5.749515812806901,-0.009166250223464565,23,10,hbr,True,S23_D10 hbr,mild_master_16,,-0.004114032751876922
682,az_itd=0_az=5,7.0,4.6244802687758474e-18,1.0337433473057474e-07,1.5976672263892512e-09,-21.93412686914936,-0.03504343563830381,23,10,hbr,True,S23_D10 hbr,mild_master_16,,-0.0537263391913341
683,az_itd=15_az=0,7.0,4.6244802687758474e-18,0.005200723747663642,1.598592958310418e-09,-3.9983654964499427,-0.006391758927376217,23,10,hbr,True,S23_D10 hbr,mild_master_16,,0.009925156595414635
684,az_itd=5_az=0,7.0,4.6244802687758474e-18,8.340606327288372e-08,1.597765434641468e-09,-22.625780327918463,-0.03615068973973902,23,10,hbr,True,S23_D10 hbr,mild_master_16,,-0.07187559273122947
685,constant,7.0,4.6244802687758474e-18,0.32759531621955623,1.9335786234617284e-09,1.0523703159231805,0.0020348407468347277,23,10,hbr,False,S23_D10 hbr,mild_master_16,,
693,Linear,7.0,4.313035440361613e-18,0.5242362598074518,1.9949932646537037e-13,0.6701671998513584,1.3369790498952928e-07,23,11,hbr,False,S23_D11 hbr,mild_master_16,,
694,ShortHbO,7.0,4.313035440361613e-18,2.9804011244856698e-06,0.0008039259907762501,-13.427727039352487,-10794.89876398449,23,11,hbr,True,S23_D11 hbr,mild_master_16,,
695,az_itd=0_az=15,7.0,4.313035440361613e-18,5.443788538863146e-05,1.5396446025249027e-09,-8.66792238705402,-0.013345519918332492,23,11,hbr,True,S23_D11 hbr,mild_master_16,,-0.0006014488413166497
696,az_itd=0_az=5,7.0,4.313035440361613e-18,0.12317778130928181,1.5429305367332246e-09,-1.752306501955959,-0.002703687211584027,23,11,hbr,False,S23_D11 hbr,mild_master_16,,-0.008146224312667285
697,az_itd=15_az=0,7.0,4.313035440361613e-18,2.0617849188632674e-05,1.5438245527250435e-09,10.056208300983187,0.015525021282375236,23,11,hbr,True,S23_D11 hbr,mild_master_16,,0.015998419230176864
698,az_itd=5_az=0,7.0,4.313035440361613e-18,0.9171139038504458,1.5430253803331944e-09,0.107885257120464,0.00016646968990064845,23,11,hbr,False,S23_D11 hbr,mild_master_16,,0.0051782938052865905
699,constant,7.0,4.313035440361613e-18,0.5740250226910346,1.8673334809878817e-09,-0.5895415923580869,-0.0011008707538451652,23,11,hbr,False,S23_D11 hbr,mild_master_16,,
707,Linear,7.0,1.2054523712231715e-18,0.8866941015621888,1.054690291218533e-13,0.14776547585083927,1.5584681275716677e-08,23,19,hbr,False,S23_D19 hbr,mild_master_16,,
708,ShortHbO,7.0,1.2054523712231715e-18,3.0045111935195035e-05,0.00042501042602624046,-9.496419651992827,-4036.077362017434,23,19,hbr,True,S23_D19 hbr,mild_master_16,,
709,az_itd=0_az=15,7.0,1.2054523712231715e-18,9.415197761022829e-06,8.139617526437634e-10,-11.316561871811329,-0.009211248535081137,23,19,hbr,True,S23_D19 hbr,mild_master_16,,-0.0023199209759465753
710,az_itd=0_az=5,7.0,1.2054523712231715e-18,0.0001744730468060196,8.156989228731083e-10,-7.2195266730743635,-0.005888960130880434,23,19,hbr,True,S23_D19 hbr,mild_master_16,,-0.009473571591791862
711,az_itd=15_az=0,7.0,1.2054523712231715e-18,0.004667785976919282,8.161715610536333e-10,4.083713022230057,0.003333010432248557,23,19,hbr,True,S23_D19 hbr,mild_master_16,,0.0010361362708930075
712,az_itd=5_az=0,7.0,1.2054523712231715e-18,0.0006121832938905587,8.157490637060849e-10,5.879247413065542,0.004795990572504638,23,19,hbr,True,S23_D19 hbr,mild_master_16,,-0.0037462031518859483
713,constant,7.0,1.2054523712231715e-18,0.7747543370562197,9.87200572432554e-10,0.29745294882359474,0.000293645721350404,23,19,hbr,False,S23_D19 hbr,mild_master_16,,
763,Linear,7.0,1.767915354787835e-17,0.04071155516795044,4.039063251964112e-13,2.504695851806028,1.0116624972376677e-06,24,9,hbr,True,S24_D9 hbr,mild_master_16,,
764,ShortHbO,7.0,1.767915354787835e-17,2.6063889355367986e-06,0.0016276285159322749,-13.696272277977066,-22292.44332160817,24,9,hbr,True,S24_D9 hbr,mild_master_16,,
765,az_itd=0_az=15,7.0,1.767915354787835e-17,1.37108440824394e-06,3.1171643761026377e-09,-15.054163566110596,-0.046926302380302196,24,9,hbr,True,S24_D9 hbr,mild_master_16,,-0.03165884616217426
766,az_itd=0_az=5,7.0,1.767915354787835e-17,5.401286926854497e-07,3.1238170783169024e-09,-17.251912513460915,-0.053891818943178287,24,9,hbr,True,S24_D9 hbr,mild_master_16,,-0.04511070027515146
767,az_itd=15_az=0,7.0,1.767915354787835e-17,0.3555974956649819,3.125627103043904e-09,0.9890248656334264,0.003091322925608193,24,9,hbr,False,S24_D9 hbr,mild_master_16,,0.060585958441883324
768,az_itd=5_az=0,7.0,1.767915354787835e-17,3.836482216361762e-08,3.1240090986640934e-09,-25.310934306492832,-0.07907158906917276,24,9,hbr,True,S24_D9 hbr,mild_master_16,,-0.11106089154292259
769,constant,7.0,1.767915354787835e-17,0.2877275911135255,3.780603261099024e-09,1.1504780579703322,0.004349501097785509,24,9,hbr,False,S24_D9 hbr,mild_master_16,,
735,Linear,7.0,1.5479851877817586e-17,0.07141664955294239,3.779491045827957e-13,2.122884571145889,8.023423227972209e-07,24,10,hbr,False,S24_D10 hbr,mild_master_16,,
736,ShortHbO,7.0,1.5479851877817586e-17,2.656573013846644e-06,0.0015230282414886373,-13.657774475773746,-20801.176242486083,24,10,hbr,True,S24_D10 hbr,mild_master_16,,
737,az_itd=0_az=15,7.0,1.5479851877817586e-17,0.0001658990332190414,2.91683841349224e-09,-7.27781420356775,-0.021228208035225852,24,10,hbr,True,S24_D10 hbr,mild_master_16,,-0.03527639185146114
738,az_itd=0_az=5,7.0,1.5479851877817586e-17,1.1332550930509711e-06,2.9230635768236507e-09,-15.480710388994401,-0.04525110068142503,24,10,hbr,True,S24_D10 hbr,mild_master_16,,-0.05161274965480019
739,az_itd=15_az=0,7.0,1.5479851877817586e-17,0.003388895385236735,2.9247572795021374e-09,-4.3417314402762335,-0.012698510635591213,24,10,hbr,True,S24_D10 hbr,mild_master_16,,0.044540657320260316
740,az_itd=5_az=0,7.0,1.5479851877817586e-17,1.1229415214181539e-07,2.923243256897359e-09,-21.67296412787526,-0.0633553462437897,24,10,hbr,True,S24_D10 hbr,mild_master_16,,-0.10173181510410544
741,constant,7.0,1.5479851877817586e-17,0.41986619967070515,3.537641101857816e-09,0.8568986310954857,0.003031399817489088,24,10,hbr,False,S24_D10 hbr,mild_master_16,,
749,Linear,7.0,4.5191590337702446e-17,0.08252096402625646,6.457712896913233e-13,2.024986585065509,1.3076781986453825e-06,24,19,hbr,False,S24_D19 hbr,mild_master_16,,
750,ShortHbO,7.0,4.5191590337702446e-17,2.4857157947311837e-07,0.0026022760731980203,-19.31460692413429,-50261.93946189947,24,19,hbr,True,S24_D19 hbr,mild_master_16,,
751,az_itd=0_az=15,7.0,4.5191590337702446e-17,5.408091199941634e-05,4.983767605909072e-09,-8.67674193324511,-0.04324286537173984,24,19,hbr,True,S24_D19 hbr,mild_master_16,,0.007778609834006327
752,az_itd=0_az=5,7.0,4.5191590337702446e-17,3.681562035155774e-05,4.994404042678783e-09,-9.205777416266224,-0.045977371943801075,24,19,hbr,True,S24_D19 hbr,mild_master_16,,-0.04148613434728676
753,az_itd=15_az=0,7.0,4.5191590337702446e-17,0.00011955762339239794,4.99729793645913e-09,-7.665968777881788,-0.03830912995466878,24,19,hbr,True,S24_D19 hbr,mild_master_16,,-0.018550508482810868
754,az_itd=5_az=0,7.0,4.5191590337702446e-17,3.302449612687005e-07,4.994711047594321e-09,-18.533334182566453,-0.09256864899042214,24,19,hbr,True,S24_D19 hbr,mild_master_16,,-0.10909336247894452
755,constant,7.0,4.5191590337702446e-17,0.4326265810527312,6.0444833156399195e-09,0.8324646474978628,0.005031818672660899,24,19,hbr,False,S24_D19 hbr,mild_master_16,,
