OriginalVariableNames,Var1,Var2,Var3,Var4
all_hit_rates_collapsed1,0.831168831168831,0.950819672131147,0.855263157894737,0.849462365591398
all_hit_rates_collapsed2,0.5875,0.630952380952381,0.5625,0.75609756097561
all_hit_rates_collapsed3,0.797297297297297,0.806818181818182,0.707865168539326,0.848837209302326
all_hit_rates_collapsed4,0.769230769230769,0.770833333333333,0.7875,0.731707317073171
