,Condition,df,mse,p_value,se,t,theta,Source,Detector,Chroma,Significant,ch_name,ID,mean_hbo,mean_hbr
462,Linear,7.0,1.15455289403742e-16,0.8129760541508356,8.794774163805603e-13,0.24568217588352292,2.1607192529679515e-07,1,7,hbo,False,S1_D7 hbo,mild_master_6,,
463,ShortHbO,7.0,1.15455289403742e-16,5.130883505446064e-11,0.007026806782784302,65.40709497219413,459603.0185928307,1,7,hbo,True,S1_D7 hbo,mild_master_6,,
464,az_itd=0_az=15,7.0,1.15455289403742e-16,3.4752665765463433e-06,7.9166571445534e-09,-13.126131307160817,-0.10391508119318073,1,7,hbo,True,S1_D7 hbo,mild_master_6,-0.11252359254244734,
465,az_itd=0_az=5,7.0,1.15455289403742e-16,0.09500863759273016,7.929474916400234e-09,-1.92938258248341,-0.015298990791941707,1,7,hbo,False,S1_D7 hbo,mild_master_6,-0.0016103479263963314,
466,az_itd=15_az=0,7.0,1.15455289403742e-16,2.7520611381326852e-05,7.930167801733796e-09,9.624389147469696,0.07632302092862035,1,7,hbo,True,S1_D7 hbo,mild_master_6,-0.05235318283993792,
467,az_itd=5_az=0,7.0,1.15455289403742e-16,0.5121892014235816,7.900346345998099e-09,-0.6903792983795866,-0.0054542355673058976,1,7,hbo,False,S1_D7 hbo,mild_master_6,-0.02925851026804105,
468,constant,7.0,1.15455289403742e-16,0.8101355000308015,9.317045444176968e-09,0.24950222739091188,0.0023246235910245015,1,7,hbo,False,S1_D7 hbo,mild_master_6,,
476,Linear,7.0,6.493935271651192e-17,0.5423601853184603,6.595864914204125e-13,0.6403006325823046,4.2233364769923294e-07,1,8,hbo,False,S1_D8 hbo,mild_master_6,,
477,ShortHbO,7.0,6.493935271651192e-17,1.4765488254939654e-11,0.005269932741218141,78.16226986720059,411909.9051010886,1,8,hbo,True,S1_D8 hbo,mild_master_6,,
478,az_itd=0_az=15,7.0,6.493935271651192e-17,1.3504499308186978e-05,5.93729868726364e-09,-10.719973505645909,-0.06364768462257245,1,8,hbo,True,S1_D8 hbo,mild_master_6,-0.09762129175837292,
479,az_itd=0_az=5,7.0,6.493935271651192e-17,0.002500159973923222,5.946911701768407e-09,-4.594584171155009,-0.02732358637220162,1,8,hbo,True,S1_D8 hbo,mild_master_6,0.02140404017287914,
480,az_itd=15_az=0,7.0,6.493935271651192e-17,0.0020271416364962126,5.94743134877424e-09,4.773644451696951,0.028390922659924666,1,8,hbo,True,S1_D8 hbo,mild_master_6,-0.07329026935175174,
481,az_itd=5_az=0,7.0,6.493935271651192e-17,0.022228326912087853,5.925065988400682e-09,2.923520349205695,0.017322050987475947,1,8,hbo,True,S1_D8 hbo,mild_master_6,-0.02479934005982355,
482,constant,7.0,6.493935271651192e-17,0.9520907904837338,6.9875555647810285e-09,0.062267081105781885,0.00043509468908337783,1,8,hbo,False,S1_D8 hbo,mild_master_6,,
714,Linear,7.0,9.749813884312053e-17,0.5168344344235086,8.081945873269928e-13,0.6825503389467096,5.516334895149349e-07,2,6,hbo,False,S2_D6 hbo,mild_master_6,,
715,ShortHbO,7.0,9.749813884312053e-17,6.125179838205871e-11,0.006457274629530101,63.77037051726186,411782.79565684934,2,6,hbo,True,S2_D6 hbo,mild_master_6,,
716,az_itd=0_az=15,7.0,9.749813884312053e-17,2.605727696208059e-06,7.2750014210518924e-09,-13.696785152633316,-0.09964413144924983,2,6,hbo,True,S2_D6 hbo,mild_master_6,-0.07576395760911893,
717,az_itd=0_az=5,7.0,9.749813884312053e-17,0.008012406601877655,7.28678029522792e-09,-3.6654418254357326,-0.026709269266889355,2,6,hbo,True,S2_D6 hbo,mild_master_6,-0.029755787569247353,
718,az_itd=15_az=0,7.0,9.749813884312053e-17,0.0009203226341669468,7.287417021272037e-09,5.485764209213598,0.039977051472908115,2,6,hbo,True,S2_D6 hbo,mild_master_6,-0.07806379794085154,
719,az_itd=5_az=0,7.0,9.749813884312053e-17,0.020393257859344555,7.260012634686432e-09,-2.9841965735290197,-0.02166530482820864,2,6,hbo,True,S2_D6 hbo,mild_master_6,-0.0945081411884888,
720,constant,7.0,9.749813884312053e-17,0.5997059268227747,8.56188636298664e-09,0.5495618206249048,0.004705285857626482,2,6,hbo,False,S2_D6 hbo,mild_master_6,,
728,Linear,7.0,1.200059074532465e-17,0.1435730791478205,2.835431027661564e-13,-1.6468942687972075,-4.669655109025606e-07,2,7,hbo,False,S2_D7 hbo,mild_master_6,,
729,ShortHbO,7.0,1.200059074532465e-17,3.7061543962821765e-11,0.0022654391808359952,68.52264517977447,155233.88516478383,2,7,hbo,True,S2_D7 hbo,mild_master_6,,
730,az_itd=0_az=15,7.0,1.200059074532465e-17,0.00042037321234321304,2.5523265162856855e-09,-6.259248408096442,-0.015975645684003517,2,7,hbo,True,S2_D7 hbo,mild_master_6,-0.025952664548084096,
731,az_itd=0_az=5,7.0,1.200059074532465e-17,0.00019511680847727014,2.5564589598621876e-09,7.0914916560479275,0.018129107382891665,2,7,hbo,True,S2_D7 hbo,mild_master_6,0.03726874653949618,
732,az_itd=15_az=0,7.0,1.200059074532465e-17,9.658674046072389e-08,2.5566823457657702e-09,22.150719951856544,0.056632354646913234,2,7,hbo,True,S2_D7 hbo,mild_master_6,0.004577834587454897,
733,az_itd=5_az=0,7.0,1.200059074532465e-17,0.001162336114169526,2.547067922551696e-09,5.268645130153949,0.01341959700632333,2,7,hbo,True,S2_D7 hbo,mild_master_6,0.022063602647960288,
734,constant,7.0,1.200059074532465e-17,0.929479978076901,3.0038110412514427e-09,-0.09173324820750069,-0.00027554934381554964,2,7,hbo,False,S2_D7 hbo,mild_master_6,,
742,Linear,7.0,1.067480494090884e-16,0.035687157766829285,8.456638165151087e-13,2.594939083408336,2.1944460888993114e-06,3,5,hbo,True,S3_D5 hbo,mild_master_6,,
743,ShortHbO,7.0,1.067480494090884e-16,5.039360489473397e-11,0.006756644492702146,65.57573328179386,443071.9171333373,3,5,hbo,True,S3_D5 hbo,mild_master_6,,
744,az_itd=0_az=15,7.0,1.067480494090884e-16,3.2525253222700483e-07,7.612282442062954e-09,-18.57443793605042,-0.14139386777178467,3,5,hbo,True,S3_D5 hbo,mild_master_6,-0.10511656849231354,
745,az_itd=0_az=5,7.0,1.067480494090884e-16,2.088425896493371e-05,7.624607404202204e-09,-10.036653482286185,-0.07652554245445108,3,5,hbo,True,S3_D5 hbo,mild_master_6,-0.04664123188854469,
746,az_itd=15_az=0,7.0,1.067480494090884e-16,0.0016293747115372584,7.625273649912068e-09,-4.964448006085031,-0.037855274567158696,3,5,hbo,True,S3_D5 hbo,mild_master_6,-0.15469491032800678,
747,az_itd=5_az=0,7.0,1.067480494090884e-16,0.0002965661838728393,7.59659875093027e-09,-6.627758700951579,-0.050348423469115985,3,5,hbo,True,S3_D5 hbo,mild_master_6,-0.14613072465021393,
748,constant,7.0,1.067480494090884e-16,0.8269226356219517,8.958829484665272e-09,0.2269839970245804,0.0020335109250909852,3,5,hbo,False,S3_D5 hbo,mild_master_6,,
756,Linear,7.0,8.361760273649709e-17,0.2198879122028698,7.484566148578374e-13,1.3472180453916964,1.0083342577292615e-06,3,7,hbo,False,S3_D7 hbo,mild_master_6,,
757,ShortHbO,7.0,8.361760273649709e-17,1.827084658415391e-10,0.005979983021675551,54.537028159670555,326130.5024474713,3,7,hbo,True,S3_D7 hbo,mild_master_6,,
758,az_itd=0_az=15,7.0,8.361760273649709e-17,5.308770879445345e-05,6.737267264675974e-09,-8.701631260233874,-0.05862521543885482,3,7,hbo,True,S3_D7 hbo,mild_master_6,-0.046846496097438454,
759,az_itd=0_az=5,7.0,8.361760273649709e-17,0.8346696579434256,6.748175499438823e-09,-0.21663679556364313,-0.0014619031160995138,3,7,hbo,False,S3_D7 hbo,mild_master_6,0.017556135701940416,
760,az_itd=15_az=0,7.0,8.361760273649709e-17,0.003590567442222694,6.748765161665029e-09,4.294547470136961,0.02898289235157701,3,7,hbo,True,S3_D7 hbo,mild_master_6,-0.10029623467774465,
761,az_itd=5_az=0,7.0,8.361760273649709e-17,3.1597614233985914e-06,6.723386379453736e-09,-13.312238482486004,-0.08950332289318627,3,7,hbo,True,S3_D7 hbo,mild_master_6,-0.09400664396360817,
762,constant,7.0,8.361760273649709e-17,0.8939331324298461,7.929031676929218e-09,0.13825353313419272,0.0010962166436683973,3,7,hbo,False,S3_D7 hbo,mild_master_6,,
770,Linear,7.0,5.631392467767962e-17,0.15607937870233687,6.142224311006171e-13,1.5890221038852914,9.760130197210412e-07,4,2,hbo,False,S4_D2 hbo,mild_master_6,,
771,ShortHbO,7.0,5.631392467767962e-17,1.5379992999689236e-10,0.004907485132203197,55.89839693586759,274320.5518767629,4,2,hbo,True,S4_D2 hbo,mild_master_6,,
772,az_itd=0_az=15,7.0,5.631392467767962e-17,9.059774717077083e-07,5.52895197415002e-09,-15.996544202233908,-0.08844412464651923,4,2,hbo,True,S4_D2 hbo,mild_master_6,-0.09904909471485226,
773,az_itd=0_az=5,7.0,5.631392467767962e-17,0.0015913887853901208,5.537903839017065e-09,-4.985325746975989,-0.027608254592928944,4,2,hbo,True,S4_D2 hbo,mild_master_6,-0.009368569046469492,
774,az_itd=15_az=0,7.0,5.631392467767962e-17,0.0653539090215477,5.538387746512729e-09,2.182966011816242,0.012090112210896838,4,2,hbo,False,S4_D2 hbo,mild_master_6,-0.0768392038105895,
775,az_itd=5_az=0,7.0,5.631392467767962e-17,0.00010640009420742285,5.517560597685734e-09,-7.808090719092371,-0.043081613694819734,4,2,hbo,True,S4_D2 hbo,mild_master_6,-0.1052196685497343,
776,constant,7.0,5.631392467767962e-17,0.6830090668258273,6.506975843619627e-09,0.4258438095431178,0.0027709553818520247,4,2,hbo,False,S4_D2 hbo,mild_master_6,,
784,Linear,7.0,1.995021553748075e-16,0.010785267680348145,1.1560898035976123e-12,3.4435428782164896,3.9810448097572575e-06,4,4,hbo,True,S4_D4 hbo,mild_master_6,,
785,ShortHbO,7.0,1.995021553748075e-16,6.600237024788206e-08,0.009236871262550177,23.404196279635084,216181.5480384451,4,4,hbo,True,S4_D4 hbo,mild_master_6,,
786,az_itd=0_az=15,7.0,1.995021553748075e-16,2.100633900817165e-08,1.0406596500297213e-08,-27.606415701704385,-0.2872888290271069,4,4,hbo,True,S4_D4 hbo,mild_master_6,-0.29625673867399227,
787,az_itd=0_az=5,7.0,1.995021553748075e-16,9.17131671970343e-05,1.0423445705360319e-08,-7.992275121506326,-0.08330704579132324,4,4,hbo,True,S4_D4 hbo,mild_master_6,-0.018064122547730876,
788,az_itd=15_az=0,7.0,1.995021553748075e-16,1.1500530780742585e-05,1.0424356516319502e-08,-10.982051334948919,-0.11448081839603004,4,4,hbo,True,S4_D4 hbo,mild_master_6,-0.222683530470757,
789,az_itd=5_az=0,7.0,1.995021553748075e-16,8.188529508204568e-06,1.0385155645140384e-08,-11.555404137598462,-0.1200046705114592,4,4,hbo,True,S4_D4 hbo,mild_master_6,-0.2537956332389427,
790,constant,7.0,1.995021553748075e-16,0.5499333852057784,1.2247433574812446e-08,0.6280025150995788,0.007691419088497241,4,4,hbo,False,S4_D4 hbo,mild_master_6,,
798,Linear,7.0,6.072019389453354e-17,0.7205367371156177,6.377997573195748e-13,0.3725084272817319,2.3758578451978508e-07,5,1,hbo,False,S5_D1 hbo,mild_master_6,,
799,ShortHbO,7.0,6.072019389453354e-17,1.8932971323398392e-11,0.005095862130531486,75.43214539454297,384391.8131407966,5,1,hbo,True,S5_D1 hbo,mild_master_6,,
800,az_itd=0_az=15,7.0,6.072019389453354e-17,0.0077500949220893935,5.74118438010416e-09,-3.6906361930941074,-0.02118862286443897,5,1,hbo,True,S5_D1 hbo,mild_master_6,-0.06641434281541257,
801,az_itd=0_az=5,7.0,6.072019389453354e-17,0.004296323491740492,5.7504798681076314e-09,-4.149771251209909,-0.0238631760373344,5,1,hbo,True,S5_D1 hbo,mild_master_6,-0.014307435955869743,
802,az_itd=15_az=0,7.0,6.072019389453354e-17,0.0001059723649462097,5.750982350706234e-09,7.813039027207958,0.04493264955085197,5,1,hbo,True,S5_D1 hbo,mild_master_6,-0.07071086160081472,
803,az_itd=5_az=0,7.0,6.072019389453354e-17,0.008652085748837992,5.729355738269248e-09,3.6075735447613377,0.0206690721899067,5,1,hbo,True,S5_D1 hbo,mild_master_6,-0.04484155387408484,
804,constant,7.0,6.072019389453354e-17,0.7636836198193371,6.7567503298574394e-09,-0.312610788691576,-0.0021122330496088004,5,1,hbo,False,S5_D1 hbo,mild_master_6,,
812,Linear,7.0,9.454114626522905e-17,0.07277705632047715,7.958444768278398e-13,2.110105793804873,1.6793160415220326e-06,5,3,hbo,False,S5_D3 hbo,mild_master_6,,
813,ShortHbO,7.0,9.454114626522905e-17,1.4837397453739139e-10,0.00635860030474672,56.18651699298004,357267.60407421965,5,3,hbo,True,S5_D3 hbo,mild_master_6,,
814,az_itd=0_az=15,7.0,9.454114626522905e-17,1.1485862589804664e-07,7.163831323107233e-09,-21.60224034919938,-0.15475480606288547,5,3,hbo,True,S5_D3 hbo,mild_master_6,-0.14576189384621707,
815,az_itd=0_az=5,7.0,9.454114626522905e-17,0.0002775345921930417,7.175430203009715e-09,-6.699621533389983,-0.04807266669942075,5,3,hbo,True,S5_D3 hbo,mild_master_6,-0.026487555758751998,
816,az_itd=15_az=0,7.0,9.454114626522905e-17,0.030095217978492645,7.176057199173026e-09,2.7123811097041117,0.019464201989193113,5,3,hbo,True,S5_D3 hbo,mild_master_6,-0.06767595465496672,
817,az_itd=5_az=0,7.0,9.454114626522905e-17,0.0010986387081501682,7.1490715820370075e-09,-5.320532739189821,-0.038036869407039466,5,3,hbo,True,S5_D3 hbo,mild_master_6,-0.12072448457774727,
818,constant,7.0,9.454114626522905e-17,0.907330696926984,8.431051234513684e-09,0.1206861964591243,0.0010175115056454609,5,3,hbo,False,S5_D3 hbo,mild_master_6,,
826,Linear,7.0,6.568947023145482e-17,0.49192566505740276,6.633850109750681e-13,-0.7250768122464522,-4.8100508904988e-07,6,1,hbo,False,S6_D1 hbo,mild_master_6,,
827,ShortHbO,7.0,6.568947023145482e-17,9.826898073427399e-12,0.0053002819718795035,82.84819872290356,439118.81409369624,6,1,hbo,True,S6_D1 hbo,mild_master_6,,
828,az_itd=0_az=15,7.0,6.568947023145482e-17,0.636406792610653,5.971491238898277e-09,0.4940325464369909,0.0029501110227790977,6,1,hbo,False,S6_D1 hbo,mild_master_6,-0.08844188267591346,
829,az_itd=0_az=5,7.0,6.568947023145482e-17,0.012369959970257194,5.981159614184459e-09,3.3429275976382375,0.0199945835401365,6,1,hbo,True,S6_D1 hbo,mild_master_6,0.0525858849085003,
830,az_itd=15_az=0,7.0,6.568947023145482e-17,4.975287038928852e-06,5.981682253806634e-09,12.446015696077977,0.07444811121982844,6,1,hbo,True,S6_D1 hbo,mild_master_6,-0.025930423220176302,
831,az_itd=5_az=0,7.0,6.568947023145482e-17,0.00014700671393220256,5.959188092646778e-09,7.419189172301371,0.044212343772672226,6,1,hbo,True,S6_D1 hbo,mild_master_6,0.013987035015508428,
832,constant,7.0,6.568947023145482e-17,0.5651008772808217,7.027796483595033e-09,-0.6036750522353171,-0.004242505409333411,6,1,hbo,False,S6_D1 hbo,mild_master_6,,
840,Linear,7.0,1.0250624555878453e-16,0.7143148982513376,8.286916032869306e-13,0.38126505235340563,3.1595114751201924e-07,6,2,hbo,False,S6_D2 hbo,mild_master_6,,
841,ShortHbO,7.0,1.0250624555878453e-16,6.073239042741808e-11,0.0066210407116278885,63.84811798588443,422740.9885453616,6,2,hbo,True,S6_D2 hbo,mild_master_6,,
842,az_itd=0_az=15,7.0,1.0250624555878453e-16,0.00025103535696741,7.45950626997578e-09,-6.809481581996457,-0.05079537055618718,6,2,hbo,True,S6_D2 hbo,mild_master_6,-0.10315326268283483,
843,az_itd=0_az=5,7.0,1.0250624555878453e-16,0.0047597761891327245,7.471583873907936e-09,-4.068242395350711,-0.030396214276250968,6,2,hbo,True,S6_D2 hbo,mild_master_6,-0.02115845305984594,
844,az_itd=15_az=0,7.0,1.0250624555878453e-16,1.1260734067871132e-05,7.472236748270902e-09,11.01685581312925,0.0823205548572663,6,2,hbo,True,S6_D2 hbo,mild_master_6,-0.051740029570128666,
845,az_itd=5_az=0,7.0,1.0250624555878453e-16,0.8238616260636871,7.444137345710153e-09,0.23107993353230133,0.0017201907630520245,6,2,hbo,False,S6_D2 hbo,mild_master_6,-0.08270177949480964,
846,constant,7.0,1.0250624555878453e-16,0.8496827745145952,8.779028526744175e-09,-0.1966582959446184,-0.0017264687901187032,6,2,hbo,False,S6_D2 hbo,mild_master_6,,
868,Linear,7.0,3.504909753194627e-17,0.0191555699476081,4.845696335376265e-13,3.0284824302831006,1.4675106214174225e-06,7,7,hbo,True,S7_D7 hbo,mild_master_6,,
869,ShortHbO,7.0,3.504909753194627e-17,1.1912342683904003e-10,0.0038715913839908354,57.980381141567655,224476.34406819806,7,7,hbo,True,S7_D7 hbo,mild_master_6,,
870,az_itd=0_az=15,7.0,3.504909753194627e-17,2.561602531936838e-07,4.361876245972093e-09,-19.23042661288063,-0.0838807410426336,7,7,hbo,True,S7_D7 hbo,mild_master_6,-0.0798102148465079,
871,az_itd=0_az=5,7.0,3.504909753194627e-17,0.00032163903187637543,4.368938511461696e-09,-6.540619122153404,-0.0285755627715788,7,7,hbo,True,S7_D7 hbo,mild_master_6,0.0030470944902490893,
872,az_itd=15_az=0,7.0,3.504909753194627e-17,0.0010766364136340649,4.369320273614894e-09,5.339238466471462,0.023328842877218255,7,7,hbo,True,S7_D7 hbo,mild_master_6,-0.024469093239464976,
873,az_itd=5_az=0,7.0,3.504909753194627e-17,0.3238670254247672,4.3528894118232685e-09,1.0611233165984786,0.004618952449460308,7,7,hbo,False,S7_D7 hbo,mild_master_6,0.034372328057255735,
874,constant,7.0,3.504909753194627e-17,0.20489431478981396,5.13345449519156e-09,-1.3977257330296142,-0.0071751614472657915,7,7,hbo,False,S7_D7 hbo,mild_master_6,,
882,Linear,7.0,9.241124416101883e-17,0.5629869846612345,7.868286833519482e-13,0.6070420660138827,4.776381095409497e-07,7,8,hbo,False,S7_D8 hbo,mild_master_6,,
883,ShortHbO,7.0,9.241124416101883e-17,2.5500728040202334e-10,0.006286566347343584,51.994957687843375,326869.7512319497,7,8,hbo,True,S7_D8 hbo,mild_master_6,,
884,az_itd=0_az=15,7.0,9.241124416101883e-17,1.8266627366113576e-06,7.082675235974859e-09,-14.432749504251827,-0.10222247750079283,7,8,hbo,True,S7_D8 hbo,mild_master_6,-0.0773287777601872,
885,az_itd=0_az=5,7.0,9.241124416101883e-17,0.0007956923958535587,7.094142716956074e-09,-5.624061828398178,-0.039897897259641595,7,8,hbo,True,S7_D8 hbo,mild_master_6,0.0053243218674519375,
886,az_itd=15_az=0,7.0,9.241124416101883e-17,0.00435133689650093,7.094762610138735e-09,4.139601657812093,0.029369491062713558,7,8,hbo,True,S7_D8 hbo,mild_master_6,-0.056941955633483726,
887,az_itd=5_az=0,7.0,9.241124416101883e-17,0.03278055709959401,7.06808270191696e-09,-2.653378521126141,-0.018754298826809682,7,8,hbo,True,S7_D8 hbo,mild_master_6,-0.0573823337311461,
888,constant,7.0,9.241124416101883e-17,0.47569733752064025,8.335539336236754e-09,0.7535480397151036,0.006281229326789342,7,8,hbo,False,S7_D8 hbo,mild_master_6,,
854,Linear,7.0,7.898443410240044e-17,0.8379443861878518,7.274255151260543e-13,-0.2122709276396608,-1.5441128888456564e-07,7,17,hbo,False,S7_D17 hbo,mild_master_6,,
855,ShortHbO,7.0,7.898443410240044e-17,2.470526542374572e-09,0.0058119497424892665,37.550304959958204,218240.48524242252,7,17,hbo,True,S7_D17 hbo,mild_master_6,,
856,az_itd=0_az=15,7.0,7.898443410240044e-17,8.980325694041066e-06,6.547954835671667e-09,-11.396966319880145,-0.07462682072624632,7,17,hbo,True,S7_D17 hbo,mild_master_6,-0.06614470454544863,
857,az_itd=0_az=5,7.0,7.898443410240044e-17,0.018152626143007063,6.5585565567787595e-09,3.0666574832015714,0.020112846543846312,7,17,hbo,True,S7_D17 hbo,mild_master_6,0.15101916654564854,
858,az_itd=15_az=0,7.0,7.898443410240044e-17,8.76609043602407e-06,6.559129649914866e-09,-11.43821990747181,-0.07502476733734482,7,17,hbo,True,S7_D17 hbo,mild_master_6,-0.10342333267222105,
859,az_itd=5_az=0,7.0,7.898443410240044e-17,0.001481387464756767,6.53446399347354e-09,-5.049052574569822,-0.032992852249681376,7,17,hbo,True,S7_D17 hbo,mild_master_6,0.015057815608718453,
860,constant,7.0,7.898443410240044e-17,0.09247390498899397,7.70623151368176e-09,1.947747085631865,0.015009789971978084,7,17,hbo,False,S7_D17 hbo,mild_master_6,,
924,Linear,7.0,9.316441531496159e-17,0.10223389945374169,7.900285865711776e-13,1.8795470397904315,1.4848958912396754e-06,8,6,hbo,False,S8_D6 hbo,mild_master_6,,
925,ShortHbO,7.0,9.316441531496159e-17,1.5179840144258178e-10,0.006312132781712837,56.00330714044161,353500.3108855141,8,6,hbo,True,S8_D6 hbo,mild_master_6,,
926,az_itd=0_az=15,7.0,9.316441531496159e-17,1.548323657491867e-05,7.1114793146363055e-09,-10.501324530707594,-0.07467995217640987,8,6,hbo,True,S8_D6 hbo,mild_master_6,-0.12648983358752014,
927,az_itd=0_az=5,7.0,9.316441531496159e-17,6.911861517894336e-05,7.122993431982061e-09,-8.352938351014346,-0.059497925012026255,8,6,hbo,True,S8_D6 hbo,mild_master_6,0.02802339745006034,
928,az_itd=15_az=0,7.0,9.316441531496159e-17,0.1340089285352455,7.123615846168637e-09,-1.6944321751416564,-0.012070483893097096,8,6,hbo,False,S8_D6 hbo,mild_master_6,-0.06407489728336323,
929,az_itd=5_az=0,7.0,9.316441531496159e-17,3.102797972482939e-06,7.096827435135496e-09,-13.348090933037687,-0.09472909794026523,8,6,hbo,True,S8_D6 hbo,mild_master_6,-0.13481705636002256,
930,constant,7.0,9.316441531496159e-17,0.5532084219375185,8.369438607730528e-09,0.6227159518349344,0.0052117829289369645,8,6,hbo,False,S8_D6 hbo,mild_master_6,,
896,Linear,7.0,1.0007340396382643e-16,0.015112926252058484,8.187986369437628e-13,3.1977524507363375,2.61831534794649e-06,8,16,hbo,True,S8_D16 hbo,mild_master_6,,
897,ShortHbO,7.0,1.0007340396382643e-16,1.9397092132093546e-09,0.006541998360218664,38.87630466528284,254328.72137164153,8,16,hbo,True,S8_D16 hbo,mild_master_6,,
898,az_itd=0_az=15,7.0,1.0007340396382643e-16,1.9706838551261383e-07,7.370454270205526e-09,-19.976654789386398,-0.14723702059685465,8,16,hbo,True,S8_D16 hbo,mild_master_6,-0.1518530235576517,
899,az_itd=0_az=5,7.0,1.0007340396382643e-16,0.0006758044111093873,7.382387691031767e-09,-5.782089039078151,-0.04268562295054024,8,16,hbo,True,S8_D16 hbo,mild_master_6,0.06080866406516092,
900,az_itd=15_az=0,7.0,1.0007340396382643e-16,2.893895281303107e-05,7.383032771344361e-09,-9.550931793742894,-0.07051484243007858,8,16,hbo,True,S8_D16 hbo,mild_master_6,-0.1425779995870644,
901,az_itd=5_az=0,7.0,1.0007340396382643e-16,7.147161949327063e-05,7.355268821010585e-09,-8.309555893548664,-0.06111901738026324,8,16,hbo,True,S8_D16 hbo,mild_master_6,-0.06426824145530395,
902,constant,7.0,1.0007340396382643e-16,0.8633873213476657,8.674223997053871e-09,-0.17849895192811632,-0.001548339892263832,8,16,hbo,False,S8_D16 hbo,mild_master_6,,
910,Linear,7.0,6.07886745001101e-17,0.5527205910969406,6.381593132019277e-13,-0.623502211246434,-3.978937429089075e-07,8,17,hbo,False,S8_D17 hbo,mild_master_6,,
911,ShortHbO,7.0,6.07886745001101e-17,1.5350462384833558e-10,0.005098734892999118,55.91377700309105,285089.525805032,8,17,hbo,True,S8_D17 hbo,mild_master_6,,
912,az_itd=0_az=15,7.0,6.07886745001101e-17,0.00011057683530870952,5.744420939215149e-09,-7.760919711756201,-0.04458198969977992,8,17,hbo,True,S8_D17 hbo,mild_master_6,-0.047868839639417404,
913,az_itd=0_az=5,7.0,6.07886745001101e-17,0.07156673546547046,5.753721667495608e-09,2.1214628810979654,0.012206306945761023,8,17,hbo,False,S8_D17 hbo,mild_master_6,0.12549900324802532,
914,az_itd=15_az=0,7.0,6.07886745001101e-17,0.9970618930385762,5.7542244333658365e-09,-0.0038158186417951603,-2.1957076861910554e-05,8,17,hbo,False,S8_D17 hbo,mild_master_6,-0.07684314782585688,
915,az_itd=5_az=0,7.0,6.07886745001101e-17,0.5121118617959111,5.732585629052595e-09,-0.6905100273587794,-0.003958407859553653,8,17,hbo,False,S8_D17 hbo,mild_master_6,0.024913300456493846,
916,constant,7.0,6.07886745001101e-17,0.32069045645137834,6.760559408332008e-09,1.0686446806565353,0.007224635849976493,8,17,hbo,False,S8_D17 hbo,mild_master_6,,
42,Linear,7.0,7.027439192862257e-17,0.02825484051552681,6.861456636841663e-13,2.75608832624597,1.8910780537842243e-06,10,6,hbo,True,S10_D6 hbo,mild_master_6,,
43,ShortHbO,7.0,7.027439192862257e-17,1.5041930676251934e-10,0.005482133951086759,56.076516392566084,307418.9743743597,10,6,hbo,True,S10_D6 hbo,mild_master_6,,
44,az_itd=0_az=15,7.0,7.027439192862257e-17,1.0975246801750839e-06,6.176372320013168e-09,-15.55355759630851,-0.09606456261557043,10,6,hbo,True,S10_D6 hbo,mild_master_6,-0.14867258873525735,
45,az_itd=0_az=5,7.0,7.027439192862257e-17,0.00013675294183173163,6.1863724159872005e-09,-7.504779879596702,-0.04642736323519278,10,6,hbo,True,S10_D6 hbo,mild_master_6,-0.0246684491097207,
46,az_itd=15_az=0,7.0,7.027439192862257e-17,0.056351700520312485,6.1869129873062565e-09,-2.2834168919566227,-0.014127301624280917,10,6,hbo,False,S10_D6 hbo,mild_master_6,-0.10631204113636827,
47,az_itd=5_az=0,7.0,7.027439192862257e-17,5.404144775885792e-06,6.163647054427607e-09,-12.293987276198228,-0.0757757984621097,10,6,hbo,True,S10_D6 hbo,mild_master_6,-0.1344928946085478,
48,constant,7.0,7.027439192862257e-17,0.9568699695777299,7.268919259097929e-09,-0.05604778416313899,-0.00040740681773320496,10,6,hbo,False,S10_D6 hbo,mild_master_6,,
0,Linear,7.0,1.0729205907601965e-16,0.7151101472121908,8.478159151079784e-13,0.38014400683620936,3.222921390286544e-07,10,14,hbo,False,S10_D14 hbo,mild_master_6,,
1,ShortHbO,7.0,1.0729205907601965e-16,1.387755280118803e-11,0.006773839227561663,78.85856924757772,534175.2697986298,10,14,hbo,True,S10_D14 hbo,mild_master_6,,
2,az_itd=0_az=15,7.0,1.0729205907601965e-16,0.0007988843428697777,7.6316546583174e-09,-5.620225518093758,-0.04289162025595455,10,14,hbo,True,S10_D14 hbo,mild_master_6,-0.119098495799237,
3,az_itd=0_az=5,7.0,1.0729205907601965e-16,0.5736368640690196,7.644010985797296e-09,-0.5901536519784656,-0.0045111409990317855,10,14,hbo,False,S10_D14 hbo,mild_master_6,0.028206254768130722,
4,az_itd=15_az=0,7.0,1.0729205907601965e-16,0.00024082991014764426,7.644678927011244e-09,6.855318986083394,0.05240671259085181,10,14,hbo,True,S10_D14 hbo,mild_master_6,-0.12254655202844708,
5,az_itd=5_az=0,7.0,1.0729205907601965e-16,0.057275934902936455,7.615931054338785e-09,-2.2723824138587454,-0.017306307793040147,10,14,hbo,False,S10_D14 hbo,mild_master_6,-0.1389054958344755,
6,constant,7.0,1.0729205907601965e-16,0.9582259326808507,8.981628478723172e-09,-0.05428368931749597,-0.0004875559299041826,10,14,hbo,False,S10_D14 hbo,mild_master_6,,
14,Linear,7.0,1.8116652620502202e-17,0.04476285792253623,3.483828384905122e-13,2.4399405874986067,8.500334276209724e-07,10,15,hbo,True,S10_D15 hbo,mild_master_6,,
15,ShortHbO,7.0,1.8116652620502202e-17,2.3544126809213427e-10,0.00278349261381317,52.59268610498509,146391.35331382052,10,15,hbo,True,S10_D15 hbo,mild_master_6,,
16,az_itd=0_az=15,7.0,1.8116652620502202e-17,1.0056338919270727e-08,3.1359844334903025e-09,-30.693575499418703,-0.09625457497433638,10,15,hbo,True,S10_D15 hbo,mild_master_6,-0.1524745341376602,
17,az_itd=0_az=5,7.0,1.8116652620502202e-17,4.063270010903309e-06,3.141061871132194e-09,-12.825709289834336,-0.0402863464205246,10,15,hbo,True,S10_D15 hbo,mild_master_6,-0.0752579143768248,
18,az_itd=15_az=0,7.0,1.8116652620502202e-17,0.0008676652619311875,3.141336340214354e-09,5.541481290774085,0.017407656557326578,10,15,hbo,True,S10_D15 hbo,mild_master_6,-0.05567406767115732,
19,az_itd=5_az=0,7.0,1.8116652620502202e-17,1.6985316687820937e-07,3.1295233212514817e-09,-20.411913949191845,-0.06387956073537432,10,15,hbo,True,S10_D15 hbo,mild_master_6,-0.051541484615773785,
20,constant,7.0,1.8116652620502202e-17,0.1906278575988851,3.6907130049407983e-09,1.4489347771420946,0.005347602425309326,10,15,hbo,False,S10_D15 hbo,mild_master_6,,
28,Linear,7.0,3.9211209618649365e-17,0.32536297235339867,5.125342528963776e-13,1.0576016516822393,5.420570724069315e-07,10,21,hbo,False,S10_D21 hbo,mild_master_6,,
29,ShortHbO,7.0,3.9211209618649365e-17,6.049060856876683e-11,0.004095021768135031,63.88456862525695,261608.69916834345,10,21,hbo,True,S10_D21 hbo,mild_master_6,,
30,az_itd=0_az=15,7.0,3.9211209618649365e-17,5.762711739231152e-06,4.61360107655646e-09,-12.17705006307834,-0.05618005128030014,10,21,hbo,True,S10_D21 hbo,mild_master_6,-0.08752692996900144,
31,az_itd=0_az=5,7.0,3.9211209618649365e-17,0.27779341299738497,4.621070906929536e-09,-1.1766480783333273,-0.005437374202480684,10,21,hbo,False,S10_D21 hbo,mild_master_6,-0.006147473212123556,
32,az_itd=15_az=0,7.0,3.9211209618649365e-17,0.2808006958738586,4.621474700659955e-09,1.1686449404265797,0.005400863026235698,10,21,hbo,False,S10_D21 hbo,mild_master_6,-0.11594110646779142,
33,az_itd=5_az=0,7.0,3.9211209618649365e-17,0.00014409388208349414,4.604095610246604e-09,-7.442801751553735,-0.03426737087226429,10,21,hbo,True,S10_D21 hbo,mild_master_6,-0.071992618977276,
34,constant,7.0,3.9211209618649365e-17,0.6856660225759899,5.429707275014906e-09,0.4220248820664582,0.002291471572393556,10,21,hbo,False,S10_D21 hbo,mild_master_6,,
112,Linear,7.0,1.7650285612352648e-18,0.2074367266808195,1.0874108037220177e-13,1.3889357592086387,1.5103437502393166e-07,11,3,hbo,False,S11_D3 hbo,mild_master_6,,
113,ShortHbO,7.0,1.7650285612352648e-18,4.961611464057622e-09,0.000868814305967402,33.97350292279605,29516.665363150554,11,3,hbo,True,S11_D3 hbo,mild_master_6,,
114,az_itd=0_az=15,7.0,1.7650285612352648e-18,4.582244906753838e-06,9.788379267063974e-10,-12.599050702201684,-0.012332428667811876,11,3,hbo,True,S11_D3 hbo,mild_master_6,-0.023244290362573042,
115,az_itd=0_az=5,7.0,1.7650285612352648e-18,0.1406434171449632,9.804227523456109e-10,-1.6611312509316833,-0.0016286108730457487,11,3,hbo,False,S11_D3 hbo,mild_master_6,-0.004555870095056928,
116,az_itd=15_az=0,7.0,1.7650285612352648e-18,0.15384259900094263,9.80508422652025e-10,-1.599047774658597,-0.0015678798112757316,11,3,hbo,False,S11_D3 hbo,mild_master_6,-0.002677911810880641,
117,az_itd=5_az=0,7.0,1.7650285612352648e-18,7.694408390419925e-05,9.768212133450286e-10,-8.214610639804441,-0.008024205932330756,11,3,hbo,True,S11_D3 hbo,mild_master_6,-0.006507831072810847,
118,constant,7.0,1.7650285612352648e-18,0.7803312686173037,1.1519859050460303e-09,0.2898464618571768,0.0003338990386869295,11,3,hbo,False,S11_D3 hbo,mild_master_6,,
126,Linear,7.0,4.5945922320751155e-17,0.1740155658378083,5.54806143929152e-13,-1.513111365284234,-8.394834819087205e-07,11,4,hbo,False,S11_D4 hbo,mild_master_6,,
127,ShortHbO,7.0,4.5945922320751155e-17,8.79519505877942e-12,0.0044327637102222475,84.17260698348993,373117.27763121383,11,4,hbo,True,S11_D4 hbo,mild_master_6,,
128,az_itd=0_az=15,7.0,4.5945922320751155e-17,0.08279895978391345,4.9941134830439825e-09,2.022707168623467,0.010101629143072175,11,4,hbo,False,S11_D4 hbo,mild_master_6,-0.01669315429148726,
129,az_itd=0_az=5,7.0,4.5945922320751155e-17,0.0003808646786183597,5.0021993968373955e-09,6.3619143211196665,0.03182356397983598,11,4,hbo,True,S11_D4 hbo,mild_master_6,0.07623394198176528,
130,az_itd=15_az=0,7.0,4.5945922320751155e-17,1.1172742100895328e-06,5.002636493950906e-09,15.512964009827586,0.07760571988491045,11,4,hbo,True,S11_D4 hbo,mild_master_6,-0.009456395179982553,
131,az_itd=5_az=0,7.0,4.5945922320751155e-17,0.00014269772818912988,4.983824041743586e-09,7.45431106219788,0.03715097468641697,11,4,hbo,True,S11_D4 hbo,mild_master_6,-0.029613544493980543,
132,constant,7.0,4.5945922320751155e-17,0.7207127610416593,5.877529041018313e-09,-0.3722611593514728,-0.002187975774931427,11,4,hbo,False,S11_D4 hbo,mild_master_6,,
56,Linear,7.0,1.4520810910742166e-17,0.1902460694945096,3.1189844522568736e-13,1.4503518574581262,4.523624893713773e-07,11,11,hbo,False,S11_D11 hbo,mild_master_6,,
57,ShortHbO,7.0,1.4520810910742166e-17,5.231310600369367e-11,0.0024919913458055017,65.22596079741787,162542.52982901424,11,11,hbo,True,S11_D11 hbo,mild_master_6,,
58,az_itd=0_az=15,7.0,1.4520810910742166e-17,5.371570215943722e-07,2.807568459157098e-09,-17.2657984311738,-0.04847491109752766,11,11,hbo,True,S11_D11 hbo,mild_master_6,-0.09342223522011832,
59,az_itd=0_az=5,7.0,1.4520810910742166e-17,1.9945350739435694e-05,2.812114162134598e-09,-10.106873290116406,-0.02842168151403624,11,11,hbo,True,S11_D11 hbo,mild_master_6,-0.01264875599164234,
60,az_itd=15_az=0,7.0,1.4520810910742166e-17,0.00018291425542375756,2.812359887441732e-09,7.165211674333301,0.020151153897924188,11,11,hbo,True,S11_D11 hbo,mild_master_6,-0.024822127017881137,
61,az_itd=5_az=0,7.0,1.4520810910742166e-17,0.3940271747209914,2.801783986906833e-09,0.9080725850113261,0.0025442232276338276,11,11,hbo,False,S11_D11 hbo,mild_master_6,-0.031519029877191705,
62,constant,7.0,1.4520810910742166e-17,0.968953193325379,3.3042030801600726e-09,0.04033391748381056,0.00013327145438492906,11,11,hbo,False,S11_D11 hbo,mild_master_6,,
70,Linear,7.0,2.8718595920396425e-17,0.33794450722904806,4.386310549163348e-13,-1.028480688811142,-4.511235694943098e-07,11,12,hbo,False,S11_D12 hbo,mild_master_6,,
71,ShortHbO,7.0,2.8718595920396425e-17,8.950984009598647e-12,0.0035045535160077843,83.9615582176482,294247.77406115126,11,12,hbo,True,S11_D12 hbo,mild_master_6,,
72,az_itd=0_az=15,7.0,2.8718595920396425e-17,0.04200623523282354,3.948357979466078e-09,2.483306288864082,0.009804982201094792,11,12,hbo,True,S11_D12 hbo,mild_master_6,-0.04370722670983025,
73,az_itd=0_az=5,7.0,2.8718595920396425e-17,0.026309843811182215,3.954750722113175e-09,2.8056487423127963,0.011095641389657454,11,12,hbo,True,S11_D12 hbo,mild_master_6,0.04148996019248471,
74,az_itd=15_az=0,7.0,2.8718595920396425e-17,1.1387805748049427e-06,3.955096292129113e-09,15.469678886978636,0.06118406960631723,11,12,hbo,True,S11_D12 hbo,mild_master_6,-0.00950198861307435,
75,az_itd=5_az=0,7.0,2.8718595920396425e-17,0.4527286609091754,3.940223122739134e-09,0.7949868665654503,0.0031324256339151178,11,12,hbo,False,S11_D12 hbo,mild_master_6,-0.05320653803778165,
76,constant,7.0,2.8718595920396425e-17,0.8439094885365751,4.64678841749177e-09,-0.2043299752393528,-0.0009494781622886049,11,12,hbo,False,S11_D12 hbo,mild_master_6,,
84,Linear,7.0,8.586889488162383e-17,0.8550559968113971,7.584652915221539e-13,-0.1895300413300092,-1.4375195804957132e-07,11,13,hbo,False,S11_D13 hbo,mild_master_6,,
85,ShortHbO,7.0,8.586889488162383e-17,1.1368795696630245e-11,0.006059949869898839,81.13946275089242,491701.0767409322,11,13,hbo,True,S11_D13 hbo,mild_master_6,,
86,az_itd=0_az=15,7.0,8.586889488162383e-17,0.009854094375552947,6.827360836320115e-09,-3.510398644178712,-0.02396675822313697,11,13,hbo,True,S11_D13 hbo,mild_master_6,-0.06915995318464685,
87,az_itd=0_az=5,7.0,8.586889488162383e-17,0.0860753965509393,6.838414940586356e-09,-1.996397624612224,-0.013652195343499344,11,13,hbo,False,S11_D13 hbo,mild_master_6,0.06948082713801418,
88,az_itd=15_az=0,7.0,8.586889488162383e-17,2.4583840037922733e-06,6.8390124880238706e-09,13.814918646915409,0.09448040114728831,11,13,hbo,True,S11_D13 hbo,mild_master_6,-0.01987107879814082,
89,az_itd=5_az=0,7.0,8.586889488162383e-17,0.02485196204571845,6.8132943300622075e-09,2.845390134427008,0.019386480469706473,11,13,hbo,True,S11_D13 hbo,mild_master_6,-0.05122674981697718,
90,constant,7.0,8.586889488162383e-17,0.7852482626628344,8.035062023565383e-09,-0.2831557662570586,-0.0022751741442056483,11,13,hbo,False,S11_D13 hbo,mild_master_6,,
98,Linear,7.0,5.89499555520394e-17,0.6958269274315545,6.284337717665276e-13,-0.4074827350528898,-2.560759121190282e-07,11,20,hbo,False,S11_D20 hbo,mild_master_6,,
99,ShortHbO,7.0,5.89499555520394e-17,2.3373485221487714e-11,0.005021030225145604,73.19301337016944,367504.33240110707,11,20,hbo,True,S11_D20 hbo,mild_master_6,,
100,az_itd=0_az=15,7.0,5.89499555520394e-17,0.000653627017951131,5.656876022591738e-09,-5.814750895149868,-0.032893324916117135,11,20,hbo,True,S11_D20 hbo,mild_master_6,-0.07674391086447309,
101,az_itd=0_az=5,7.0,5.89499555520394e-17,0.5411044086345995,5.6660350078679034e-09,0.642349983592508,0.003639577494338523,11,20,hbo,False,S11_D20 hbo,mild_master_6,0.0473601004109492,
102,az_itd=15_az=0,7.0,5.89499555520394e-17,2.9304057658264433e-06,5.666530111591388e-09,13.46133317580499,0.07627904978286311,11,20,hbo,True,S11_D20 hbo,mild_master_6,-0.028271065613013232,
103,az_itd=5_az=0,7.0,5.89499555520394e-17,0.007024434338170298,5.645221082435552e-09,3.7654688642840526,0.02125690421791099,11,20,hbo,True,S11_D20 hbo,mild_master_6,-0.04776001965198049,
104,constant,7.0,5.89499555520394e-17,0.8579593685695732,6.6575285517856706e-09,-0.18568293181698703,-0.0012361894201508633,11,20,hbo,False,S11_D20 hbo,mild_master_6,,
168,Linear,7.0,7.633311378485479e-17,0.1247308072215526,7.151123264326488e-13,1.743717829985694,1.2469541140431596e-06,12,2,hbo,False,S12_D2 hbo,mild_master_6,,
169,ShortHbO,7.0,7.633311378485479e-17,8.550642246756238e-11,0.00571357041379132,60.797901543453676,347373.09147927456,12,2,hbo,True,S12_D2 hbo,mild_master_6,,
170,az_itd=0_az=15,7.0,7.633311378485479e-17,9.937380825503906e-07,6.437117091090286e-09,-15.781517895130342,-0.10158747856609074,12,2,hbo,True,S12_D2 hbo,mild_master_6,-0.14387459810327902,
171,az_itd=0_az=5,7.0,7.633311378485479e-17,3.8056870209226156e-06,6.447539356033479e-09,-12.950789834933909,-0.0835007271524547,12,2,hbo,True,S12_D2 hbo,mild_master_6,-0.06409437854375498,
172,az_itd=15_az=0,7.0,7.633311378485479e-17,0.032247696087731904,6.448102748377166e-09,2.6646755503836066,0.017182101739961972,12,2,hbo,True,S12_D2 hbo,mild_master_6,-0.10222195601493267,
173,az_itd=5_az=0,7.0,7.633311378485479e-17,0.0001028608923149164,6.423854609435148e-09,-7.849727532898346,-0.05042550839501903,12,2,hbo,True,S12_D2 hbo,mild_master_6,-0.11743043647377577,
174,constant,7.0,7.633311378485479e-17,0.5391276595678091,7.57578752901264e-09,0.6455818311997131,0.00489079078575993,12,2,hbo,False,S12_D2 hbo,mild_master_6,,
140,Linear,7.0,3.39964890871307e-17,0.6893520728489988,4.772377715202849e-13,-0.4167381255010004,-1.9888317432163825e-07,12,10,hbo,False,S12_D10 hbo,mild_master_6,,
141,ShortHbO,7.0,3.39964890871307e-17,1.640462946311483e-10,0.00381301162197043,55.38470450701189,211182.5219646344,12,10,hbo,True,S12_D10 hbo,mild_master_6,,
142,az_itd=0_az=15,7.0,3.39964890871307e-17,0.0060889354302789325,4.295878146712941e-09,-3.8754146765950126,-0.016648309218635114,12,10,hbo,True,S12_D10 hbo,mild_master_6,-0.04035235378618888,
143,az_itd=0_az=5,7.0,3.39964890871307e-17,0.7036775789388583,4.302833555411454e-09,-0.3963126706906821,-0.0017052674578825965,12,10,hbo,False,S12_D10 hbo,mild_master_6,0.01670211622721059,
144,az_itd=15_az=0,7.0,3.39964890871307e-17,0.0035966540816557984,4.303209541248439e-09,4.293169046331193,0.01847440600236485,12,10,hbo,True,S12_D10 hbo,mild_master_6,0.0029917649851489894,
145,az_itd=5_az=0,7.0,3.39964890871307e-17,0.0019460242668281466,4.287027289363717e-09,4.8089769110920315,0.020616215251771573,12,10,hbo,True,S12_D10 hbo,mild_master_6,0.005106908550297733,
146,constant,7.0,3.39964890871307e-17,0.8060847819931881,5.055781901974627e-09,0.25495689858679016,0.001289006473658674,12,10,hbo,False,S12_D10 hbo,mild_master_6,,
154,Linear,7.0,4.3714792846504006e-16,0.9393721641131134,1.7113229996343237e-12,0.07883238925724409,1.349076808520476e-07,12,12,hbo,False,S12_D12 hbo,mild_master_6,,
155,ShortHbO,7.0,4.3714792846504006e-16,4.637812453934737e-08,0.013673047013366201,24.627608341842674,336734.4466847845,12,12,hbo,True,S12_D12 hbo,mild_master_6,,
156,az_itd=0_az=15,7.0,4.3714792846504006e-16,0.44464131781013894,1.540455411288385e-08,-0.8099217127395995,-0.012476482851096728,12,12,hbo,False,S12_D12 hbo,mild_master_6,-0.03315616332844867,
157,az_itd=0_az=5,7.0,4.3714792846504006e-16,0.005042143984562842,1.542949545572791e-08,-4.0227229323526865,-0.06206858520438823,12,12,hbo,True,S12_D12 hbo,mild_master_6,0.03717280088311986,
158,az_itd=15_az=0,7.0,4.3714792846504006e-16,0.0009781247997616566,1.543084370024829e-08,5.428556487864727,0.0837672066822094,12,12,hbo,True,S12_D12 hbo,mild_master_6,0.053270642605729404,
159,az_itd=5_az=0,7.0,4.3714792846504006e-16,0.017467174243324834,1.5372815896313194e-08,3.094061167472551,0.04756443269948739,12,12,hbo,True,S12_D12 hbo,mild_master_6,-0.11738994906812268,
160,constant,7.0,4.3714792846504006e-16,0.855114690614879,1.8129486738700834e-08,-0.18945223779186182,-0.0034346718326647555,12,12,hbo,False,S12_D12 hbo,mild_master_6,,
182,Linear,7.0,4.183994314366336e-17,0.7352877878225248,5.294358159397966e-13,0.35187350097930953,1.8629443409857356e-07,13,1,hbo,False,S13_D1 hbo,mild_master_6,,
183,ShortHbO,7.0,4.183994314366336e-17,2.4574338086694624e-11,0.004230061071727293,72.67041752881319,307400.30425480136,13,1,hbo,True,S13_D1 hbo,mild_master_6,,
184,az_itd=0_az=15,7.0,4.183994314366336e-17,0.0008180396318388471,4.7657412876973714e-09,-5.5975569864160875,-0.026676508440402025,13,1,hbo,True,S13_D1 hbo,mild_master_6,-0.07547647102549886,
185,az_itd=0_az=5,7.0,4.183994314366336e-17,0.006781232025103206,4.77345744660022e-09,-3.792445951618911,-0.01810307936858415,13,1,hbo,True,S13_D1 hbo,mild_master_6,0.021494238349745048,
186,az_itd=15_az=0,7.0,4.183994314366336e-17,0.014976970135847742,4.773874556016669e-09,3.204258558035284,0.015296728401103304,13,1,hbo,True,S13_D1 hbo,mild_master_6,-0.06820948182886871,
187,az_itd=5_az=0,7.0,4.183994314366336e-17,0.026092279006387904,4.755922364799618e-09,2.8114303299504604,0.013370944383287366,13,1,hbo,True,S13_D1 hbo,mild_master_6,-0.030604230488716466,
188,constant,7.0,4.183994314366336e-17,0.8952959611267162,5.6087597759889795e-09,0.1364644263350049,0.0007653961852811868,13,1,hbo,False,S13_D1 hbo,mild_master_6,,
210,Linear,7.0,3.053838093163421e-17,0.12608337957664661,4.523147797222538e-13,1.7363203264980003,7.853633460072149e-07,13,3,hbo,False,S13_D3 hbo,mild_master_6,,
211,ShortHbO,7.0,3.053838093163421e-17,8.516653538158163e-11,0.0036138830888758377,60.832562834852595,219841.77008185058,13,3,hbo,True,S13_D3 hbo,mild_master_6,,
212,az_itd=0_az=15,7.0,3.053838093163421e-17,2.0067804840859324e-07,4.071532669038785e-09,-19.924115831573015,-0.08112168850996239,13,3,hbo,True,S13_D3 hbo,mild_master_6,-0.1301326323177339,
213,az_itd=0_az=5,7.0,3.053838093163421e-17,3.721217074950648e-05,4.078124842460692e-09,-9.190671635957829,-0.037480706317498474,13,3,hbo,True,S13_D3 hbo,mild_master_6,-0.012112053710267415,
214,az_itd=15_az=0,7.0,3.053838093163421e-17,5.5796123164067635e-05,4.078481193028865e-09,8.634953371680432,0.03521749492907982,13,3,hbo,True,S13_D3 hbo,mild_master_6,-0.02202548032186537,
215,az_itd=5_az=0,7.0,3.053838093163421e-17,0.00017506035142532387,4.063144033789915e-09,-7.215652743548811,-0.029318236394850185,13,3,hbo,True,S13_D3 hbo,mild_master_6,-0.055603685670710376,
216,constant,7.0,3.053838093163421e-17,0.7481963552622141,4.791751646208939e-09,0.33395333474591987,0.0016002214415257265,13,3,hbo,False,S13_D3 hbo,mild_master_6,,
224,Linear,7.0,3.040749684280756e-17,0.09559597927603472,4.5134445362264887e-13,1.9251956549012514,8.689263809781029e-07,13,9,hbo,False,S13_D9 hbo,mild_master_6,,
225,ShortHbO,7.0,3.040749684280756e-17,2.4206278541229844e-09,0.0036061304236098247,37.660403099008384,135808.32538074386,13,9,hbo,True,S13_D9 hbo,mild_master_6,,
226,az_itd=0_az=15,7.0,3.040749684280756e-17,1.0726848855966046e-07,4.062798233218252e-09,-21.817066489975815,-0.08863833918947887,13,9,hbo,True,S13_D9 hbo,mild_master_6,-0.14315229697779214,
227,az_itd=0_az=5,7.0,3.040749684280756e-17,1.2935410331400587e-05,4.069376264811921e-09,-10.789661315751152,-0.043907191663677105,13,9,hbo,True,S13_D9 hbo,mild_master_6,0.03964416476277308,
228,az_itd=15_az=0,7.0,3.040749684280756e-17,0.00013755457621714387,4.069731850920756e-09,-7.497831520928619,-0.03051416375356082,13,9,hbo,True,S13_D9 hbo,mild_master_6,-0.017001453331186103,
229,az_itd=5_az=0,7.0,3.040749684280756e-17,0.00019209103117629188,4.054427593648691e-09,-7.1092774365879805,-0.028824050609806338,13,9,hbo,True,S13_D9 hbo,mild_master_6,0.003012829527267357,
230,constant,7.0,3.040749684280756e-17,0.23636704995243057,4.7814721641013754e-09,1.295081476517474,0.006192396030211611,13,9,hbo,False,S13_D9 hbo,mild_master_6,,
196,Linear,7.0,2.1302852459071305e-16,0.5957079981670969,1.1946389065059979e-12,0.5557212609290949,6.638862394784682e-07,13,11,hbo,False,S13_D11 hbo,mild_master_6,,
197,ShortHbO,7.0,2.1302852459071305e-16,3.58727498477468e-08,0.009544869049351427,25.55731056370501,243941.1825841702,13,11,hbo,True,S13_D11 hbo,mild_master_6,,
198,az_itd=0_az=15,7.0,2.1302852459071305e-16,0.00014499447648500086,1.0753598055165723e-08,-7.435444128527129,-0.07995777751982273,13,11,hbo,True,S13_D11 hbo,mild_master_6,-0.13101699247764198,
199,az_itd=0_az=5,7.0,2.1302852459071305e-16,0.00043152256018762664,1.077100908660069e-08,6.232225081776202,0.06712735298555221,13,11,hbo,True,S13_D11 hbo,mild_master_6,0.045009202599882066,
200,az_itd=15_az=0,7.0,2.1302852459071305e-16,0.002809002933551276,1.0771950267990687e-08,4.496823405938389,0.04843955809270482,13,11,hbo,True,S13_D11 hbo,mild_master_6,0.0910781968789537,
201,az_itd=5_az=0,7.0,2.1302852459071305e-16,0.014084312370968247,1.0731442267890894e-08,-3.2486105793816016,-0.03486227688349325,13,11,hbo,True,S13_D11 hbo,mild_master_6,-0.051284811192640896,
202,constant,7.0,2.1302852459071305e-16,0.5938847912761449,1.2655816708864711e-08,-0.5585378648871756,-0.007068752842972737,13,11,hbo,False,S13_D11 hbo,mild_master_6,,
238,Linear,7.0,5.904102298867814e-17,0.9068940669184238,6.289189949246109e-13,-0.12125801794739928,-7.626147077402879e-08,14,1,hbo,False,S14_D1 hbo,mild_master_6,,
239,ShortHbO,7.0,5.904102298867814e-17,6.994566220847449e-11,0.005024907038028889,62.57077548987402,314412.3301339935,14,1,hbo,True,S14_D1 hbo,mild_master_6,,
240,az_itd=0_az=15,7.0,5.904102298867814e-17,0.00012331577041246286,5.661243781569508e-09,-7.628597695055153,-0.04318735126322647,14,1,hbo,True,S14_D1 hbo,mild_master_6,-0.09495747939473259,
241,az_itd=0_az=5,7.0,5.904102298867814e-17,0.9049422140060628,5.670409838635829e-09,0.12381476895188837,0.0007020804840332098,14,1,hbo,False,S14_D1 hbo,mild_master_6,0.008952666757794875,
242,az_itd=15_az=0,7.0,5.904102298867814e-17,0.03617809466849486,5.670905324636339e-09,2.5855586856920043,0.014662458517850523,14,1,hbo,True,S14_D1 hbo,mild_master_6,-0.07254060794980528,
243,az_itd=5_az=0,7.0,5.904102298867814e-17,0.005652519861971466,5.6495798424589e-09,3.9331866677656016,0.022220852114836633,14,1,hbo,True,S14_D1 hbo,mild_master_6,-0.002791522312226507,
244,constant,7.0,5.904102298867814e-17,0.7160134636265704,6.662668929617127e-09,0.3788712694422308,0.00252429383523735,14,1,hbo,False,S14_D1 hbo,mild_master_6,,
252,Linear,7.0,5.1464364050049315e-17,0.7755119043295391,5.871797640220345e-13,0.2964185579290681,1.74050978896542e-07,14,2,hbo,False,S14_D2 hbo,mild_master_6,,
253,ShortHbO,7.0,5.1464364050049315e-17,1.4989579320437093e-10,0.004691420918485927,56.10450816847207,263209.86324293446,14,2,hbo,True,S14_D2 hbo,mild_master_6,,
254,az_itd=0_az=15,7.0,5.1464364050049315e-17,6.6708280777097465e-06,5.285526140185455e-09,-11.91448848093152,-0.06297434031290206,14,2,hbo,True,S14_D2 hbo,mild_master_6,-0.10900137733051861,
255,az_itd=0_az=5,7.0,5.1464364050049315e-17,0.007211240440281624,5.294083876982481e-09,-3.745428234126223,-0.0198286112266826,14,2,hbo,True,S14_D2 hbo,mild_master_6,0.0013600457743489583,
256,az_itd=15_az=0,7.0,5.1464364050049315e-17,0.0025578291553474985,5.2945464792495504e-09,4.575351032343991,0.02422440869962767,14,2,hbo,True,S14_D2 hbo,mild_master_6,-0.07137472806137637,
257,az_itd=5_az=0,7.0,5.1464364050049315e-17,0.11164989256578488,5.274636297344318e-09,1.819502550633478,0.009597214196681912,14,2,hbo,False,S14_D2 hbo,mild_master_6,-0.034711588374711756,
258,constant,7.0,5.1464364050049315e-17,0.6709445780176493,6.220490081267912e-09,0.4432729392469779,0.0027573749218803003,14,2,hbo,False,S14_D2 hbo,mild_master_6,,
266,Linear,7.0,4.5047454315052835e-17,0.7529431918931361,5.493547722227375e-13,0.3273941452916111,1.7985553611373083e-07,14,9,hbo,False,S14_D9 hbo,mild_master_6,,
267,ShortHbO,7.0,4.5047454315052835e-17,5.526111766076624e-09,0.004389208600143631,33.45172146564495,146826.58354661815,14,9,hbo,True,S14_D9 hbo,mild_master_6,,
268,az_itd=0_az=15,7.0,4.5047454315052835e-17,3.3670359981224723e-07,4.945042705371473e-09,-18.4811978511712,-0.09139031262046107,14,9,hbo,True,S14_D9 hbo,mild_master_6,-0.0602171569520426,
269,az_itd=0_az=5,7.0,4.5047454315052835e-17,0.0025936099115974227,4.9530491692125805e-09,-4.563656964787919,-0.02260401733801401,14,9,hbo,True,S14_D9 hbo,mild_master_6,0.08487519862043413,
270,az_itd=15_az=0,7.0,4.5047454315052835e-17,0.47565960309557953,4.953481971530758e-09,0.7536149915702216,0.003733018274218397,14,9,hbo,False,S14_D9 hbo,mild_master_6,-0.02037750271652671,
271,az_itd=5_az=0,7.0,4.5047454315052835e-17,0.39675574049991374,4.934854365275152e-09,0.9025543823547427,0.004453974433661521,14,9,hbo,False,S14_D9 hbo,mild_master_6,0.06922714352849385,
272,constant,7.0,4.5047454315052835e-17,0.2721899434635507,5.819778066432982e-09,1.1917551677958613,0.0069357505860965125,14,9,hbo,False,S14_D9 hbo,mild_master_6,,
280,Linear,7.0,6.084271336102036e-17,0.33351452516763924,6.38442900087102e-13,1.0386348421303173,6.631090407411891e-07,15,17,hbo,False,S15_D17 hbo,mild_master_6,,
281,ShortHbO,7.0,6.084271336102036e-17,9.483492482136197e-09,0.005101000681990554,30.953523843260633,157893.94623448336,15,17,hbo,True,S15_D17 hbo,mild_master_6,,
282,az_itd=0_az=15,7.0,6.084271336102036e-17,4.5052339375094835e-07,5.746973659840831e-09,-17.71414567885443,-0.10180272862295968,15,17,hbo,True,S15_D17 hbo,mild_master_6,-0.08609351163402393,
283,az_itd=0_az=5,7.0,6.084271336102036e-17,0.9258915806294139,5.756278521202966e-09,-0.09641722618510946,-0.0005550044081633137,15,17,hbo,False,S15_D17 hbo,mild_master_6,0.07688347301800533,
284,az_itd=15_az=0,7.0,6.084271336102036e-17,0.05363398442076807,5.756781510493591e-09,-2.3169610940919796,-0.013338238787001709,15,17,hbo,False,S15_D17 hbo,mild_master_6,-0.03468936692039836,
285,az_itd=5_az=0,7.0,6.084271336102036e-17,1.0368687937859364e-06,5.7351330902725545e-09,-15.683633796699814,-0.0899477271631701,15,17,hbo,True,S15_D17 hbo,mild_master_6,-0.05798561800276258,
286,constant,7.0,6.084271336102036e-17,0.2123385051725206,6.763563683197206e-09,1.3722550479486884,0.00928133440638979,15,17,hbo,False,S15_D17 hbo,mild_master_6,,
294,Linear,7.0,1.3782525600421688e-14,0.4520954567805211,9.60908817829078e-12,0.7961494799743802,7.65027055617417e-06,15,22,hbo,False,S15_D22 hbo,mild_master_6,,
295,ShortHbO,7.0,1.3782525600421688e-14,0.026368948434355784,0.07677423516508908,-2.8040867655936315,-215281.6167649995,15,22,hbo,True,S15_D22 hbo,mild_master_6,,
296,az_itd=0_az=15,7.0,1.3782525600421688e-14,0.0004926982967659163,8.649665717668879e-08,6.096665314731916,0.527341169649376,15,22,hbo,True,S15_D22 hbo,mild_master_6,0.5510010558920262,
297,az_itd=0_az=5,7.0,1.3782525600421688e-14,0.1427733734081514,8.663670295572919e-08,-1.6507532702957315,-0.14301582073180982,15,22,hbo,False,S15_D22 hbo,mild_master_6,-0.49305930387423424,
298,az_itd=15_az=0,7.0,1.3782525600421688e-14,0.43642980223267325,8.664427335622343e-08,-0.8252815314295762,-0.07150591860502689,15,22,hbo,False,S15_D22 hbo,mild_master_6,-0.40268722552133646,
299,az_itd=5_az=0,7.0,1.3782525600421688e-14,0.8464796567768476,8.631844691380196e-08,0.2009130175548059,0.017342499640096275,15,22,hbo,False,S15_D22 hbo,mild_master_6,0.5530172316157359,
300,constant,7.0,1.3782525600421688e-14,0.2116174912215661,1.0179716905374056e-07,-1.37468712995224,-0.1399392581637496,15,22,hbo,False,S15_D22 hbo,mild_master_6,,
308,Linear,7.0,2.1893158019027872e-17,0.002130744652377726,3.8297637197404763e-13,4.730727951968918,1.811757027841273e-06,16,16,hbo,True,S16_D16 hbo,mild_master_6,,
309,ShortHbO,7.0,2.1893158019027872e-17,1.1142018369814443e-08,0.0030598863803785164,30.244353796123498,92544.28626410758,16,16,hbo,True,S16_D16 hbo,mild_master_6,,
310,az_itd=0_az=15,7.0,2.1893158019027872e-17,4.3712806761025903e-08,3.447379744963853e-09,-24.83885778505811,-0.08562897521624704,16,16,hbo,True,S16_D16 hbo,mild_master_6,-0.05375696245385281,
311,az_itd=0_az=5,7.0,2.1893158019027872e-17,2.1721492591837578e-08,3.4529613593035308e-09,-27.47362434366711,-0.09486536325870336,16,16,hbo,True,S16_D16 hbo,mild_master_6,-0.05669244449994429,
312,az_itd=15_az=0,7.0,2.1893158019027872e-17,4.994557813126443e-06,3.453263082470378e-09,-12.438869187509392,-0.042954687752904494,16,16,hbo,True,S16_D16 hbo,mild_master_6,-0.06498252433140302,
313,az_itd=5_az=0,7.0,2.1893158019027872e-17,2.4225510804812184e-08,3.440277060644321e-09,-27.045204973890897,-0.09304299827210054,16,16,hbo,True,S16_D16 hbo,mild_master_6,-0.09722426709329167,
314,constant,7.0,2.1893158019027872e-17,0.189613248293495,4.0571914585515844e-09,1.4527063479559466,0.005893907786710532,16,16,hbo,False,S16_D16 hbo,mild_master_6,,
322,Linear,7.0,3.852912351921128e-17,0.09082767806128665,5.080568831911613e-13,1.9599403471802481,9.957611840289995e-07,16,17,hbo,False,S16_D17 hbo,mild_master_6,,
323,ShortHbO,7.0,3.852912351921128e-17,3.698548577765454e-10,0.004059248692865941,49.29885438542015,200116.3102238051,16,17,hbo,True,S16_D17 hbo,mild_master_6,,
324,az_itd=0_az=15,7.0,3.852912351921128e-17,1.6818081023615845e-06,4.5732978235047975e-09,-14.609181434664194,-0.06681213765833645,16,17,hbo,True,S16_D17 hbo,mild_master_6,-0.06966385180787205,
325,az_itd=0_az=5,7.0,3.852912351921128e-17,4.990545719443626e-06,4.580702399327516e-09,-12.440354472889064,-0.05698556158244773,16,17,hbo,True,S16_D17 hbo,mild_master_6,0.006637564246519961,
326,az_itd=15_az=0,7.0,3.852912351921128e-17,0.330991165543031,4.5811026656179536e-09,1.0444664563675787,0.004784808067414053,16,17,hbo,False,S16_D17 hbo,mild_master_6,-0.042535951407365595,
327,az_itd=5_az=0,7.0,3.852912351921128e-17,1.5443381528508136e-06,4.563875394546395e-09,-14.79341148236298,-0.06751528666575653,16,17,hbo,True,S16_D17 hbo,mild_master_6,-0.0535445498220841,
328,constant,7.0,3.852912351921128e-17,0.4289857504513873,5.382274724460554e-09,0.8393831550287015,0.004517790739448936,16,17,hbo,False,S16_D17 hbo,mild_master_6,,
336,Linear,7.0,3.704072793103169e-16,0.07731821602889982,1.5752791733653488e-12,-2.0691105033886426,-3.2594266833796215e-06,16,22,hbo,False,S16_D22 hbo,mild_master_6,,
337,ShortHbO,7.0,3.704072793103169e-16,9.152616253327952e-08,0.012586090528324283,22.323829681677214,280969.7413124821,16,22,hbo,True,S16_D22 hbo,mild_master_6,,
338,az_itd=0_az=15,7.0,3.704072793103169e-16,0.0020151505858599433,1.417994924055291e-08,-4.778767825600747,-0.067762685199406,16,22,hbo,True,S16_D22 hbo,mild_master_6,0.10022777467595327,
339,az_itd=0_az=5,7.0,3.704072793103169e-16,3.448524491834931e-06,1.4202907839219793e-08,13.141145613921314,0.1866424800562918,16,22,hbo,True,S16_D22 hbo,mild_master_6,0.23373288233127315,
340,az_itd=15_az=0,7.0,3.704072793103169e-16,0.013979745994283015,1.4204148903305305e-08,-3.2540019948167482,-0.04622032886602959,16,22,hbo,True,S16_D22 hbo,mild_master_6,-0.12933127446362067,
341,az_itd=5_az=0,7.0,3.704072793103169e-16,0.2925996301971849,1.4150734094391606e-08,1.1379157344171518,0.016102342979561455,16,22,hbo,False,S16_D22 hbo,mild_master_6,-0.07204527729735036,
342,constant,7.0,3.704072793103169e-16,0.23979478067780585,1.668825983720268e-08,1.2846354197666539,0.021438329681139855,16,22,hbo,False,S16_D22 hbo,mild_master_6,,
350,Linear,7.0,2.8622712194510325e-17,0.030794988165373148,4.378982067047643e-13,2.6964915153088653,1.1807887989483646e-06,17,15,hbo,True,S17_D15 hbo,mild_master_6,,
351,ShortHbO,7.0,2.8622712194510325e-17,8.051013281136717e-10,0.0034986982402634595,44.09999858794222,154292.58745525448,17,15,hbo,True,S17_D15 hbo,mild_master_6,,
352,az_itd=0_az=15,7.0,2.8622712194510325e-17,2.1312580292735482e-08,3.9417612119744475e-09,-27.548929723228596,-0.10859130261443242,17,15,hbo,True,S17_D15 hbo,mild_master_6,-0.11850315556340342,
353,az_itd=0_az=5,7.0,2.8622712194510325e-17,6.743529914534976e-06,3.948143273868407e-09,-11.895248025277269,-0.0469641434819949,17,15,hbo,True,S17_D15 hbo,mild_master_6,-0.1219108614161463,
354,az_itd=15_az=0,7.0,2.8622712194510325e-17,0.0003305500868622012,3.948488266519005e-09,-6.511472511228465,-0.02571047280834663,17,15,hbo,True,S17_D15 hbo,mild_master_6,-0.09182630791355904,
355,az_itd=5_az=0,7.0,2.8622712194510325e-17,0.00010390496682491092,3.933639946659094e-09,-7.837278411031048,-0.03082903143072064,17,15,hbo,True,S17_D15 hbo,mild_master_6,-0.053552298360731485,
356,constant,7.0,2.8622712194510325e-17,0.3841712809732192,4.6390247387847195e-09,0.9282448416857666,0.004306150784229576,17,15,hbo,False,S17_D15 hbo,mild_master_6,,
364,Linear,7.0,5.98575317051735e-17,0.27167260827986306,6.332528848310073e-13,1.1931630009017165,7.555739123946337e-07,17,21,hbo,False,S17_D21 hbo,mild_master_6,,
365,ShortHbO,7.0,5.98575317051735e-17,4.754670112134888e-10,0.005059533745233534,47.55665693946222,240614.51059570364,17,21,hbo,True,S17_D21 hbo,mild_master_6,,
366,az_itd=0_az=15,7.0,5.98575317051735e-17,1.0078034022549019e-05,5.700255494493737e-09,-11.201790205072912,-0.06385306616463299,17,21,hbo,True,S17_D21 hbo,mild_master_6,-0.12352141434212242,
367,az_itd=0_az=5,7.0,5.98575317051735e-17,0.00028112921889806745,5.709484714992108e-09,-6.685632037868928,-0.03817151393027418,17,21,hbo,True,S17_D21 hbo,mild_master_6,-0.0558883399974147,
368,az_itd=15_az=0,7.0,5.98575317051735e-17,0.022355532972336434,5.709983615393826e-09,2.9195125329359763,0.016670368728001355,17,21,hbo,True,S17_D21 hbo,mild_master_6,0.008589544080192723,
369,az_itd=5_az=0,7.0,5.98575317051735e-17,8.540460346299973e-05,5.68851117900972e-09,-8.08190509910682,-0.045974007503964805,17,21,hbo,True,S17_D21 hbo,mild_master_6,-0.0755021393779335,
370,constant,7.0,5.98575317051735e-17,0.7504336256226781,6.708581477746143e-09,0.330859874592164,0.002219600426418403,17,21,hbo,False,S17_D21 hbo,mild_master_6,,
378,Linear,7.0,2.405360244559197e-17,0.0036489726117022864,4.014281640686405e-13,4.281425301093368,1.7186846982149367e-06,17,22,hbo,True,S17_D22 hbo,mild_master_6,,
379,ShortHbO,7.0,2.405360244559197e-17,3.342588188664433e-06,0.0032073116302256443,13.20195292817068,42342.777168213324,17,22,hbo,True,S17_D22 hbo,mild_master_6,,
380,az_itd=0_az=15,7.0,2.405360244559197e-17,2.4977975709533046e-06,3.613474415497455e-09,-13.782544495834474,-0.04980287191615313,17,22,hbo,True,S17_D22 hbo,mild_master_6,-0.04160700272875468,
381,az_itd=0_az=5,7.0,2.405360244559197e-17,5.053725943272893e-08,3.6193249518774587e-09,-24.32420152088273,-0.08803718949902649,17,22,hbo,True,S17_D22 hbo,mild_master_6,-0.10046313107427754,
382,az_itd=15_az=0,7.0,2.405360244559197e-17,0.0012311450899960346,3.6196412120589943e-09,5.21603525892847,0.0188801761867703,17,22,hbo,True,S17_D22 hbo,mild_master_6,-0.015184233252523936,
383,az_itd=5_az=0,7.0,2.405360244559197e-17,5.741628440081863e-06,3.606029524023727e-09,-12.183694194456477,-0.04393476097688653,17,22,hbo,True,S17_D22 hbo,mild_master_6,-0.04627134501271072,
384,constant,7.0,2.405360244559197e-17,0.3069493997345625,4.2526668423077e-09,-1.1018864792361314,-0.004685956094234668,17,22,hbo,False,S17_D22 hbo,mild_master_6,,
392,Linear,7.0,2.2781709186073646e-15,0.04683348517598214,3.90670777322976e-12,-2.4091345437994773,-9.411784649017752e-06,18,16,hbo,True,S18_D16 hbo,mild_master_6,,
393,ShortHbO,7.0,2.2781709186073646e-15,5.830476441396869e-06,0.031213627738461872,12.155880597064906,379429.1317899756,18,16,hbo,True,S18_D16 hbo,mild_master_6,,
394,az_itd=0_az=15,7.0,2.2781709186073646e-15,0.013389162342184333,3.516641294998159e-08,3.28528695338679,0.11553175766198677,18,16,hbo,True,S18_D16 hbo,mild_master_6,-0.396861495633729,
395,az_itd=0_az=5,7.0,2.2781709186073646e-15,0.0011608297393624774,3.5223350499459095e-08,5.269835339433818,0.1856212572353134,18,16,hbo,True,S18_D16 hbo,mild_master_6,0.4122978078681522,
396,az_itd=15_az=0,7.0,2.2781709186073646e-15,0.019053704170624054,3.52264283505422e-08,3.0322616941993936,0.10681574931080864,18,16,hbo,True,S18_D16 hbo,mild_master_6,-0.2537652141960814,
397,az_itd=5_az=0,7.0,2.2781709186073646e-15,0.01416597451327067,3.5093959101461153e-08,3.244429825460841,0.1138598876022835,18,16,hbo,True,S18_D16 hbo,mild_master_6,0.5676617382039975,
398,constant,7.0,2.2781709186073646e-15,0.12090443904631501,4.138704778810468e-08,1.76506690013665,0.07305090814515731,18,16,hbo,False,S18_D16 hbo,mild_master_6,,
406,Linear,7.0,1.9010009954619963e-16,0.33828204342739415,1.1285191860464072e-12,1.027711316500512,1.1597919383878393e-06,18,22,hbo,False,S18_D22 hbo,mild_master_6,,
407,ShortHbO,7.0,1.9010009954619963e-16,4.440909816169577e-06,0.009016588855286488,12.657767869036556,114129.88870075841,18,22,hbo,True,S18_D22 hbo,mild_master_6,,
408,az_itd=0_az=15,7.0,1.9010009954619963e-16,1.574935676720677e-07,1.015841829543237e-08,-20.63669399547216,-0.20963616984084374,18,22,hbo,True,S18_D22 hbo,mild_master_6,-0.1482231486174727,
409,az_itd=0_az=5,7.0,1.9010009954619963e-16,0.0005139950164582913,1.01748656779144e-08,-6.053849991290611,-0.06159711049562523,18,22,hbo,True,S18_D22 hbo,mild_master_6,0.012316585564259705,
410,az_itd=15_az=0,7.0,1.9010009954619963e-16,0.7422281058487885,1.0175754767705781e-08,0.34222331547087514,0.0034823805340228374,18,22,hbo,False,S18_D22 hbo,mild_master_6,-0.10207633399124365,
411,az_itd=5_az=0,7.0,1.9010009954619963e-16,0.0013695399356330076,1.0137488765274394e-08,-5.11947833925263,-0.05189865414823915,18,22,hbo,True,S18_D22 hbo,mild_master_6,-0.08881528365134432,
412,constant,7.0,1.9010009954619963e-16,0.30625971241353744,1.1955354788178261e-08,1.1035863916450546,0.013193766851522074,18,22,hbo,False,S18_D22 hbo,mild_master_6,,
420,Linear,7.0,1.6237025843531677e-17,0.11864297511653964,3.29815464984366e-13,1.7779902256592715,5.864086730134704e-07,18,23,hbo,False,S18_D23 hbo,mild_master_6,,
421,ShortHbO,7.0,1.6237025843531677e-17,4.802405665280081e-09,0.002635143897107723,34.13301055968376,89945.39446626413,18,23,hbo,True,S18_D23 hbo,mild_master_6,,
422,az_itd=0_az=15,7.0,1.6237025843531677e-17,1.2727405541192113e-08,2.968849351468573e-09,-29.671083218261966,-0.0880889761699071,18,23,hbo,True,S18_D23 hbo,mild_master_6,-0.11137556913715005,
423,az_itd=0_az=5,7.0,1.6237025843531677e-17,7.051894830961062e-06,2.9736561825514285e-09,-11.816181944629374,-0.0351372624937997,18,23,hbo,True,S18_D23 hbo,mild_master_6,-0.043292597760554406,
424,az_itd=15_az=0,7.0,1.6237025843531677e-17,0.0004862077639790662,2.9739160235595237e-09,6.110127408787071,0.018171005806982107,18,23,hbo,True,S18_D23 hbo,mild_master_6,-0.029939898778759296,
425,az_itd=5_az=0,7.0,1.6237025843531677e-17,1.3645484727210693e-06,2.9627325899581727e-09,-15.064724791259458,-0.04463275109781522,18,23,hbo,True,S18_D23 hbo,mild_master_6,-0.09100338454858649,
426,constant,7.0,1.6237025843531677e-17,0.17614608226976114,3.494013169886801e-09,1.504577076114772,0.00525701211905479,18,23,hbo,False,S18_D23 hbo,mild_master_6,,
434,Linear,7.0,1.2422695296160376e-16,0.9674531520923461,9.122748270922763e-13,-0.04228396693201931,-3.857459862168344e-08,19,15,hbo,False,S19_D15 hbo,mild_master_6,,
435,ShortHbO,7.0,1.2422695296160376e-16,7.875617907012307e-11,0.00728884997315444,61.51755843170457,448392.2541234565,19,15,hbo,True,S19_D15 hbo,mild_master_6,,
436,az_itd=0_az=15,7.0,1.2422695296160376e-16,0.06382554104070567,8.211884572794044e-09,-2.1989959403439046,-0.018057900838146842,19,15,hbo,False,S19_D15 hbo,mild_master_6,-0.0831667636897996,
437,az_itd=0_az=5,7.0,1.2422695296160376e-16,2.837931082923319e-05,8.2251803440981e-09,9.579418427014707,0.07879244415377251,19,15,hbo,True,S19_D15 hbo,mild_master_6,0.10995143929234749,
438,az_itd=15_az=0,7.0,1.2422695296160376e-16,4.175566157728425e-05,8.225899068463383e-09,9.029593208627066,0.07427652236344867,19,15,hbo,True,S19_D15 hbo,mild_master_6,-0.10605897900671603,
439,az_itd=5_az=0,7.0,1.2422695296160376e-16,0.043783157172060924,8.194965513072177e-09,2.455029998275963,0.02011888616942916,19,15,hbo,True,S19_D15 hbo,mild_master_6,-0.12028343310042715,
440,constant,7.0,1.2422695296160376e-16,0.41592896989080386,9.664496055597976e-09,-0.8645452675105468,-0.008355394327741577,19,15,hbo,False,S19_D15 hbo,mild_master_6,,
448,Linear,7.0,9.363697256592283e-17,0.046874196409240496,7.92029680648147e-13,-2.4085429539686105,-1.907637506659103e-06,19,21,hbo,True,S19_D21 hbo,mild_master_6,,
449,ShortHbO,7.0,9.363697256592283e-17,7.382900595991607e-12,0.006328121027881689,86.30577549538542,546153.3927399847,19,21,hbo,True,S19_D21 hbo,mild_master_6,,
450,az_itd=0_az=15,7.0,9.363697256592283e-17,8.091636965106491e-06,7.1294922566701796e-09,11.57598176394906,0.08253087234943002,19,21,hbo,True,S19_D21 hbo,mild_master_6,-0.002980469460750595,
451,az_itd=0_az=5,7.0,9.363697256592283e-17,1.623925239209738e-05,7.141035538570754e-09,10.426035421738158,0.0744526894730297,19,21,hbo,True,S19_D21 hbo,mild_master_6,0.1648322636289846,
452,az_itd=15_az=0,7.0,9.363697256592283e-17,1.5068150522005491e-06,7.1416595292943865e-09,14.846959036759385,0.10603192648591607,19,21,hbo,True,S19_D21 hbo,mild_master_6,-0.03546276685358683,
453,az_itd=5_az=0,7.0,9.363697256592283e-17,1.4978817233069075e-05,7.114803264854975e-09,10.553917203957184,0.07508904457972367,19,21,hbo,True,S19_D21 hbo,mild_master_6,-0.007459904855003896,
454,constant,7.0,9.363697256592283e-17,0.6284225939526165,8.390637883693665e-09,-0.5059645020232695,-0.004245364918480645,19,21,hbo,False,S19_D21 hbo,mild_master_6,,
490,Linear,7.0,1.9348924636232886e-16,0.6912547313309841,1.1385344898906495e-12,-0.414014301768477,-4.7136956187140633e-07,20,12,hbo,False,S20_D12 hbo,mild_master_6,,
491,ShortHbO,7.0,1.9348924636232886e-16,1.7218998826565613e-11,0.009096608653036378,76.4627791701509,695551.9786344044,20,12,hbo,True,S20_D12 hbo,mild_master_6,,
492,az_itd=0_az=15,7.0,1.9348924636232886e-16,0.008936838789475113,1.0248571521946928e-08,-3.5832878831918484,-0.03672358215461747,20,12,hbo,True,S20_D12 hbo,mild_master_6,-0.1055149056296379,
493,az_itd=0_az=5,7.0,1.9348924636232886e-16,0.010921623753211294,1.026516487051889e-08,3.434278001076224,0.03525342989224349,20,12,hbo,True,S20_D12 hbo,mild_master_6,0.09018558592748274,
494,az_itd=15_az=0,7.0,1.9348924636232886e-16,1.4060205052730403e-06,1.026606185074272e-08,14.998667100117364,0.1539772441285048,20,12,hbo,True,S20_D12 hbo,mild_master_6,-0.04227354519983832,
495,az_itd=5_az=0,7.0,1.9348924636232886e-16,0.698254806201846,1.0227456247845526e-08,0.404022303608203,0.0041321204333066575,20,12,hbo,False,S20_D12 hbo,mild_master_6,-0.13103619345875572,
496,constant,7.0,1.9348924636232886e-16,0.7588686722003221,1.2061455342116385e-08,-0.3192284544257353,-0.0038503597469888413,20,12,hbo,False,S20_D12 hbo,mild_master_6,,
504,Linear,7.0,2.301793202504341e-16,0.09900039229852128,1.2417979152514039e-12,-1.9014109371737224,-2.3611681378185467e-06,20,13,hbo,False,S20_D13 hbo,mild_master_6,,
505,ShortHbO,7.0,2.301793202504341e-16,1.3648217647605192e-11,0.00992165785182616,79.04670565070393,784274.367780298,20,13,hbo,True,S20_D13 hbo,mild_master_6,,
506,az_itd=0_az=15,7.0,2.301793202504341e-16,0.00043184799260410705,1.1178102080579863e-08,6.231448108039734,0.0696557630615044,20,13,hbo,True,S20_D13 hbo,mild_master_6,0.0015695104226079656,
507,az_itd=0_az=5,7.0,2.301793202504341e-16,1.2615312186382767e-05,1.1196200421777837e-08,10.83040622859848,0.12125939878465962,20,13,hbo,True,S20_D13 hbo,mild_master_6,0.23954618711532638,
508,az_itd=15_az=0,7.0,2.301793202504341e-16,2.497007436362114e-07,1.1197178756805773e-08,19.301897014811647,0.2161267912203018,20,13,hbo,True,S20_D13 hbo,mild_master_6,0.04449456939608461,
509,az_itd=5_az=0,7.0,2.301793202504341e-16,0.0006343046561754523,1.1155071681771653e-08,5.844234385980708,0.06519285350068954,20,13,hbo,True,S20_D13 hbo,mild_master_6,0.008155287620955716,
510,constant,7.0,2.301793202504341e-16,0.5901121794219806,1.315541183137683e-08,-0.5643814969862369,-0.007424671022862908,20,13,hbo,False,S20_D13 hbo,mild_master_6,,
518,Linear,7.0,2.020626445770633e-16,0.11612760729934753,1.1634850068447431e-12,-1.7926446272523924,-2.085715146408942e-06,20,20,hbo,False,S20_D20 hbo,mild_master_6,,
519,ShortHbO,7.0,2.020626445770633e-16,1.1675251498430164e-11,0.009295957105312195,80.83143849562201,751405.5850159831,20,20,hbo,True,S20_D20 hbo,mild_master_6,,
520,az_itd=0_az=15,7.0,2.020626445770633e-16,0.0009821869872545291,1.0473164768602229e-08,5.424678650371088,0.05681355332205516,20,20,hbo,True,S20_D20 hbo,mild_master_6,-0.014662576202115847,
521,az_itd=0_az=5,7.0,2.020626445770633e-16,1.2789236988460417e-05,1.0490121753610809e-08,10.808123856065368,0.11337853517823125,20,20,hbo,True,S20_D20 hbo,mild_master_6,0.25086407008909906,
522,az_itd=15_az=0,7.0,2.020626445770633e-16,3.111544429290224e-07,1.0491038390788803e-08,18.69451037655263,0.19612482605741324,20,20,hbo,True,S20_D20 hbo,mild_master_6,0.02932227427877555,
523,az_itd=5_az=0,7.0,2.020626445770633e-16,0.0013686774115827102,1.0451586761918604e-08,5.120045983482258,0.053512604821377686,20,20,hbo,True,S20_D20 hbo,mild_master_6,-0.014630660441198942,
524,constant,7.0,2.020626445770633e-16,0.594938958798945,1.2325777195056844e-08,-0.5569087313237636,-0.006864332940278485,20,20,hbo,False,S20_D20 hbo,mild_master_6,,
532,Linear,7.0,5.838214399031877e-17,0.15669124179799165,6.253998815695396e-13,1.5863028405341784,9.920736086034993e-07,21,11,hbo,False,S21_D11 hbo,mild_master_6,,
533,ShortHbO,7.0,5.838214399031877e-17,1.0874078334474578e-10,0.00499679019371631,58.74206612956211,293521.7799948309,21,11,hbo,True,S21_D11 hbo,mild_master_6,,
534,az_itd=0_az=15,7.0,5.838214399031877e-17,3.463330540347387e-07,5.629566317923456e-09,-18.405546612870605,-0.10361524527478652,21,11,hbo,True,S21_D11 hbo,mild_master_6,-0.18414868193524264,
535,az_itd=0_az=5,7.0,5.838214399031877e-17,0.00045859299541367034,5.638681086359451e-09,-6.169743903567957,-0.03478921825673017,21,11,hbo,True,S21_D11 hbo,mild_master_6,-0.04787247148659223,
536,az_itd=15_az=0,7.0,5.838214399031877e-17,5.805492020654902e-05,5.639173799870315e-09,8.582085918924108,0.04839587406223279,21,11,hbo,True,S21_D11 hbo,mild_master_6,-0.05428697530345508,
537,az_itd=5_az=0,7.0,5.838214399031877e-17,0.8562157504933552,5.617967644330709e-09,0.18799293201292142,0.0010561382094114553,21,11,hbo,False,S21_D11 hbo,mild_master_6,-0.04481858925655475,
538,constant,7.0,5.838214399031877e-17,0.8493027406995185,6.625387996142625e-09,-0.19716288408117266,-0.0013062806054762613,21,11,hbo,False,S21_D11 hbo,mild_master_6,,
546,Linear,7.0,5.0505257741031806e-17,0.5581318408748552,5.816825971147518e-13,0.6148038190583545,3.5762068218593155e-07,21,12,hbo,False,S21_D12 hbo,mild_master_6,,
547,ShortHbO,7.0,5.0505257741031806e-17,2.0728615594923965e-11,0.004647499916092072,74.46095241678992,346057.270109167,21,12,hbo,True,S21_D12 hbo,mild_master_6,,
548,az_itd=0_az=15,7.0,5.0505257741031806e-17,1.3885996823087664e-05,5.236043134867997e-09,-10.675098315988825,-0.0558952752514742,21,12,hbo,True,S21_D12 hbo,mild_master_6,-0.13715372375294438,
549,az_itd=0_az=5,7.0,5.0505257741031806e-17,0.004483178292464918,5.244520754279507e-09,-4.115792574710727,-0.021585359578379894,21,12,hbo,True,S21_D12 hbo,mild_master_6,0.01691966500194736,
550,az_itd=15_az=0,7.0,5.0505257741031806e-17,8.302334504751754e-06,5.244979025672065e-09,11.531585183133307,0.06048292241828496,21,12,hbo,True,S21_D12 hbo,mild_master_6,-0.055857230090790085,
551,az_itd=5_az=0,7.0,5.0505257741031806e-17,0.013646183256309804,5.225255242549273e-09,3.271493606053741,0.017094389115998736,21,12,hbo,True,S21_D12 hbo,mild_master_6,-0.06355715430358216,
552,constant,7.0,5.0505257741031806e-17,0.7234469145560898,6.162253959526251e-09,-0.3684236447306778,-0.002270320063524712,21,12,hbo,False,S21_D12 hbo,mild_master_6,,
560,Linear,7.0,1.2936778649914414e-17,0.04257376900966132,2.9439528390493987e-13,2.474143336830952,7.283761300678633e-07,21,19,hbo,True,S21_D19 hbo,mild_master_6,,
561,ShortHbO,7.0,1.2936778649914414e-17,1.2717505841928436e-10,0.0023521454209437125,57.440162790141656,135107.6158850931,21,19,hbo,True,S21_D19 hbo,mild_master_6,,
562,az_itd=0_az=15,7.0,1.2936778649914414e-17,2.28390407383005e-08,2.6500129329533335e-09,-27.275802254215925,-0.07228122873034988,21,19,hbo,True,S21_D19 hbo,mild_master_6,-0.1019990440752524,
563,az_itd=0_az=5,7.0,1.2936778649914414e-17,5.03950571375394e-07,2.6543035395244575e-09,-17.427191753931236,-0.04625705675643112,21,19,hbo,True,S21_D19 hbo,mild_master_6,-0.04793654286757178,
564,az_itd=15_az=0,7.0,1.2936778649914414e-17,2.715341902538678e-05,2.654535475183848e-09,9.64410719948309,0.025600624687503813,21,19,hbo,True,S21_D19 hbo,mild_master_6,-0.011784319021278954,
565,az_itd=5_az=0,7.0,1.2936778649914414e-17,0.8920120110084377,2.6445530745397245e-09,0.14077641904363805,0.0003722907118045456,21,19,hbo,False,S21_D19 hbo,mild_master_6,-0.027795387700832338,
566,constant,7.0,1.2936778649914414e-17,0.9226035056127946,3.11877734164219e-09,0.10071130759416343,0.00031409614417183385,21,19,hbo,False,S21_D19 hbo,mild_master_6,,
574,Linear,7.0,9.327408031685894e-17,0.49819147203331227,7.904934260988816e-13,-0.7142501586823481,-5.646100550284792e-07,21,20,hbo,False,S21_D20 hbo,mild_master_6,,
575,ShortHbO,7.0,9.327408031685894e-17,1.2233381430003248e-11,0.0063158467344367406,80.2934924839374,507121.392301197,21,20,hbo,True,S21_D20 hbo,mild_master_6,,
576,az_itd=0_az=15,7.0,9.327408031685894e-17,0.4201458045689508,7.115663589410768e-09,-0.8563575704949286,-0.006093552383887028,21,20,hbo,False,S21_D20 hbo,mild_master_6,-0.08327450465927223,
577,az_itd=0_az=5,7.0,9.327408031685894e-17,0.08351713046493286,7.127184481469439e-09,2.0168533964073796,0.014374486228273605,21,20,hbo,False,S21_D20 hbo,mild_master_6,0.09504285939912546,
578,az_itd=15_az=0,7.0,9.327408031685894e-17,9.760563854140752e-07,7.1278072618740494e-09,15.823054266776017,0.11278368110775325,21,20,hbo,True,S21_D20 hbo,mild_master_6,-0.03375073418484064,
579,az_itd=5_az=0,7.0,9.327408031685894e-17,0.0005317726965393185,7.1010030889905846e-09,6.019603583395382,0.0427452236401894,21,20,hbo,True,S21_D20 hbo,mild_master_6,-0.029596977777471212,
580,constant,7.0,9.327408031685894e-17,0.6206423177801053,8.37436304458724e-09,-0.5176686017637546,-0.004335144807953536,21,20,hbo,False,S21_D20 hbo,mild_master_6,,
588,Linear,7.0,3.2526574367198026e-17,0.6693146770653287,4.66806546695626e-13,0.4456389933400415,2.0802719955397987e-07,22,10,hbo,False,S22_D10 hbo,mild_master_6,,
589,ShortHbO,7.0,3.2526574367198026e-17,4.960295233136668e-08,0.0037296687185763714,24.38981238586121,90965.92030749308,22,10,hbo,True,S22_D10 hbo,mild_master_6,,
590,az_itd=0_az=15,7.0,3.2526574367198026e-17,1.0605832220086504e-05,4.201980988017912e-09,-11.11636996249814,-0.04671077523819058,22,10,hbo,True,S22_D10 hbo,mild_master_6,-0.07915905812290427,
591,az_itd=0_az=5,7.0,3.2526574367198026e-17,0.34437207424140553,4.208784368867393e-09,-1.0139323012246209,-0.00426742242048393,22,10,hbo,False,S22_D10 hbo,mild_master_6,0.04952021044687477,
592,az_itd=15_az=0,7.0,3.2526574367198026e-17,2.3978864227526214e-06,4.2091521365937626e-09,-13.865778362877045,-0.05836317062163947,22,10,hbo,True,S22_D10 hbo,mild_master_6,-0.05563351322128634,
593,az_itd=5_az=0,7.0,3.2526574367198026e-17,0.7285804241734878,4.1933235882875325e-09,0.36123486237439384,0.0015147746693063462,22,10,hbo,False,S22_D10 hbo,mild_master_6,0.018257756004400633,
594,constant,7.0,3.2526574367198026e-17,0.2117396418735863,4.94527514657692e-09,1.3742745835620096,0.006796165942661551,22,10,hbo,False,S22_D10 hbo,mild_master_6,,
602,Linear,7.0,2.2186270155519185e-16,0.15226182597811735,1.21915780485156e-12,1.6062151022125832,1.9582296781329173e-06,22,12,hbo,False,S22_D12 hbo,mild_master_6,,
603,ShortHbO,7.0,2.2186270155519185e-16,4.618010499807521e-10,0.009740768975821447,47.755745261026725,465177.6818558412,22,12,hbo,True,S22_D12 hbo,mild_master_6,,
604,az_itd=0_az=15,7.0,2.2186270155519185e-16,9.454669224824258e-07,1.0974306066706046e-08,-15.896977954598114,-0.17445830160943834,22,12,hbo,True,S22_D12 hbo,mild_master_6,-0.24597876085371267,
605,az_itd=0_az=5,7.0,2.2186270155519185e-16,9.09798633186052e-05,1.0992074444036514e-08,-8.002330221604364,-0.08796220952163838,22,12,hbo,True,S22_D12 hbo,mild_master_6,-0.16132626325249644,
606,az_itd=15_az=0,7.0,2.2186270155519185e-16,0.5427592422478438,1.0993034942335326e-08,0.6396500038073258,0.007031694842718858,22,12,hbo,False,S22_D12 hbo,mild_master_6,-0.10320009983961272,
607,az_itd=5_az=0,7.0,2.2186270155519185e-16,0.43156188699791653,1.0951695551652805e-08,0.8344835420599124,0.00913900969550502,22,12,hbo,False,S22_D12 hbo,mild_master_6,-0.01904607055014929,
608,constant,7.0,2.2186270155519185e-16,0.7845513137341391,1.2915566062141917e-08,0.28410324639612117,0.0036693542472980858,22,12,hbo,False,S22_D12 hbo,mild_master_6,,
616,Linear,7.0,2.3728382786403617e-16,0.6298655457110789,1.2608163868116349e-12,0.5038022511405453,6.352021339505902e-07,22,20,hbo,False,S22_D20 hbo,mild_master_6,,
617,ShortHbO,7.0,2.3728382786403617e-16,3.3565009736771246e-10,0.01007361073028392,49.9887957978023,503567.6697427129,22,20,hbo,True,S22_D20 hbo,mild_master_6,,
618,az_itd=0_az=15,7.0,2.3728382786403617e-16,1.067087482497994e-06,1.1349297742857832e-08,-15.617776983441264,-0.17725080106662694,22,20,hbo,True,S22_D20 hbo,mild_master_6,-0.2959645121094998,
619,az_itd=0_az=5,7.0,2.3728382786403617e-16,0.0001380603133032207,1.1367673265055335e-08,-7.493471371042533,-0.08518333416705774,22,20,hbo,True,S22_D20 hbo,mild_master_6,-0.02765379818077735,
620,az_itd=15_az=0,7.0,2.3728382786403617e-16,0.4440546145995595,1.1368666583549322e-08,0.8110125183406183,0.009220130916099169,22,20,hbo,False,S22_D20 hbo,mild_master_6,-0.0866600208624743,
621,az_itd=5_az=0,7.0,2.3728382786403617e-16,0.12406159908199872,1.132591462725136e-08,-1.7474061694321175,-0.01979097309412049,22,20,hbo,False,S22_D20 hbo,mild_master_6,-0.10083027879708986,
622,constant,7.0,2.3728382786403617e-16,0.2575981589743646,1.3356890528276972e-08,1.2323583175709514,0.016460475139406787,22,20,hbo,False,S22_D20 hbo,mild_master_6,,
672,Linear,7.0,5.022850963266779e-17,0.29932777808528244,5.80086716830215e-13,1.1208471691085033,6.501885543965924e-07,23,9,hbo,False,S23_D9 hbo,mild_master_6,,
673,ShortHbO,7.0,5.022850963266779e-17,6.127510537867552e-06,0.004634749227786686,12.066278526117632,55924.17508118276,23,9,hbo,True,S23_D9 hbo,mild_master_6,,
674,az_itd=0_az=15,7.0,5.022850963266779e-17,3.109383210168951e-07,5.221677743760601e-09,-18.696399069121547,-0.09762657090769841,23,9,hbo,True,S23_D9 hbo,mild_master_6,0.007947083439051008,
675,az_itd=0_az=5,7.0,5.022850963266779e-17,0.0001380901409435849,5.230132104326571e-09,-7.493214778332419,-0.0391905031767707,23,9,hbo,True,S23_D9 hbo,mild_master_6,0.06826515439736203,
676,az_itd=15_az=0,7.0,5.022850963266779e-17,5.297527548130831e-06,5.230589118424715e-09,-12.330467481513764,-0.0644956090338957,23,9,hbo,True,S23_D9 hbo,mild_master_6,-0.06681083303297662,
677,az_itd=5_az=0,7.0,5.022850963266779e-17,0.0037473716052489406,5.210919448656489e-09,-4.259831020623613,-0.02219763631335781,23,9,hbo,True,S23_D9 hbo,mild_master_6,0.03907979614974644,
678,constant,7.0,5.022850963266779e-17,0.12811397570373745,6.1453474547569905e-09,1.7253551170656864,0.010602906677211565,23,9,hbo,False,S23_D9 hbo,mild_master_6,,
630,Linear,7.0,4.4475202184860877e-17,0.8835543841803595,5.458543056664301e-13,-0.1518956853573925,-8.291291386448603e-08,23,10,hbo,False,S23_D10 hbo,mild_master_6,,
631,ShortHbO,7.0,4.4475202184860877e-17,2.175408021353217e-10,0.004361240739135901,53.19150060509705,231980.93941472116,23,10,hbo,True,S23_D10 hbo,mild_master_6,,
632,az_itd=0_az=15,7.0,4.4475202184860877e-17,9.850747619332672e-05,4.913533091757621e-09,-7.903218777220533,-0.03883272699327329,23,10,hbo,True,S23_D10 hbo,mild_master_6,0.0037397745198163297,
633,az_itd=0_az=5,7.0,4.4475202184860877e-17,0.38409226409943287,4.92148853873253e-09,-0.92840812145216,-0.004569149928993004,23,10,hbo,False,S23_D10 hbo,mild_master_6,0.08138992461071982,
634,az_itd=15_az=0,7.0,4.4475202184860877e-17,0.0002419907205094847,4.92191858325171e-09,6.849996184049597,0.03371512351347702,23,10,hbo,True,S23_D10 hbo,mild_master_6,-0.015437732311564614,
635,az_itd=5_az=0,7.0,4.4475202184860877e-17,0.1794375622920207,4.903409671355412e-09,-1.49157545097661,-0.0073138054918750195,23,10,hbo,False,S23_D10 hbo,mild_master_6,-0.014181628576081563,
636,constant,7.0,4.4475202184860877e-17,0.5822233299146791,5.782694674212227e-09,0.5766697759130541,0.0033347052419515767,23,10,hbo,False,S23_D10 hbo,mild_master_6,,
644,Linear,7.0,7.370146639999519e-17,0.2664369687155536,7.026771630781989e-13,1.2075389715894236,8.48510058862822e-07,23,11,hbo,False,S23_D11 hbo,mild_master_6,,
645,ShortHbO,7.0,7.370146639999519e-17,1.766520411562439e-10,0.005614216537754701,54.80084461331082,307663.80811097525,23,11,hbo,True,S23_D11 hbo,mild_master_6,,
646,az_itd=0_az=15,7.0,7.370146639999519e-17,2.2392651662107676e-06,6.32518138588612e-09,-14.006383402299935,-0.08859291557981186,23,11,hbo,True,S23_D11 hbo,mild_master_6,-0.15174374323322257,
647,az_itd=0_az=5,7.0,7.370146639999519e-17,0.00026177561705306224,6.335422416969539e-09,-6.7634517464998085,-0.04284932381086667,23,11,hbo,True,S23_D11 hbo,mild_master_6,-0.031306855124393566,
648,az_itd=15_az=0,7.0,7.370146639999519e-17,0.012626489061461495,6.3359760124245856e-09,3.3279520927042276,0.021085824629872185,23,11,hbo,True,S23_D11 hbo,mild_master_6,-0.010442503650991326,
649,az_itd=5_az=0,7.0,7.370146639999519e-17,0.004436265569897749,6.3121495269174764e-09,-4.124175513165192,-0.02603241251435031,23,11,hbo,True,S23_D11 hbo,mild_master_6,-0.09568592413893094,
650,constant,7.0,7.370146639999519e-17,0.6660584164490135,7.444051363965915e-09,0.45037429347918306,0.003352609373668898,23,11,hbo,False,S23_D11 hbo,mild_master_6,,
658,Linear,7.0,6.215909182310243e-17,0.246216218427933,6.453125407463485e-13,1.2654077381831224,8.165834826070408e-07,23,19,hbo,False,S23_D19 hbo,mild_master_6,,
659,ShortHbO,7.0,6.215909182310243e-17,2.0337627817720262e-10,0.005155887409813929,53.70670930284204,276905.7463170599,23,19,hbo,True,S23_D19 hbo,mild_master_6,,
660,az_itd=0_az=15,7.0,6.215909182310243e-17,1.5856886585730714e-06,5.808811051901853e-09,-14.73609190002563,-0.08559917349071025,23,19,hbo,True,S23_D19 hbo,mild_master_6,-0.06725907414200268,
661,az_itd=0_az=5,7.0,6.215909182310243e-17,1.1723189279892625e-05,5.8182160335001636e-09,-10.950464370301468,-0.06371216737356028,23,19,hbo,True,S23_D19 hbo,mild_master_6,-0.012588558042546336,
662,az_itd=15_az=0,7.0,6.215909182310243e-17,0.33668320746208813,5.8187244349516595e-09,1.0313610306197554,0.006001205630124097,23,19,hbo,False,S23_D19 hbo,mild_master_6,-0.027307239208599236,
663,az_itd=5_az=0,7.0,6.215909182310243e-17,0.9986478869530329,5.796843077896744e-09,-0.0017560309952629023,-1.0179436119461886e-05,23,19,hbo,False,S23_D19 hbo,mild_master_6,-0.01304386462080228,
664,constant,7.0,6.215909182310243e-17,0.5928414177014424,6.8363395760345385e-09,0.5601519158803187,0.0038293887111241925,23,19,hbo,False,S23_D19 hbo,mild_master_6,,
700,Linear,7.0,2.671573002167786e-17,0.8840871829298794,4.2305935001601703e-13,0.15119459787739284,6.396428830394287e-08,24,9,hbo,False,S24_D9 hbo,mild_master_6,,
701,ShortHbO,7.0,2.671573002167786e-17,1.5148610206542334e-08,0.0033801394496826053,28.93679636322126,97810.40693475632,24,9,hbo,True,S24_D9 hbo,mild_master_6,,
702,az_itd=0_az=15,7.0,2.671573002167786e-17,1.0066464273636393e-05,3.8081885486701035e-09,-11.203719224638148,-0.042665875253782085,24,9,hbo,True,S24_D9 hbo,mild_master_6,-0.016969641114685626,
703,az_itd=0_az=5,7.0,2.671573002167786e-17,0.5762738453416703,3.8143543445452186e-09,-0.5860003017942887,-0.0022352127970538547,24,9,hbo,False,S24_D9 hbo,mild_master_6,0.08496701736204082,
704,az_itd=15_az=0,7.0,2.671573002167786e-17,0.026051615905040727,3.814687646587309e-09,-2.8125165326780928,-0.01072887207302969,24,9,hbo,True,S24_D9 hbo,mild_master_6,-0.02095850354022219,
705,az_itd=5_az=0,7.0,2.671573002167786e-17,0.08284867837930848,3.800342484966222e-09,-2.0223003006989098,-0.007685433750106032,24,9,hbo,False,S24_D9 hbo,mild_master_6,0.031363149243606565,
706,constant,7.0,2.671573002167786e-17,0.3381983158067769,4.4818242245547285e-09,1.027902106984481,0.004606876563553893,24,9,hbo,False,S24_D9 hbo,mild_master_6,,
686,Linear,7.0,2.085959998984402e-15,0.5742498793127895,3.7382708376756075e-12,-0.5891871419832814,-2.2025411108095385e-06,24,19,hbo,False,S24_D19 hbo,mild_master_6,,
687,ShortHbO,7.0,2.085959998984402e-15,0.0015557601207678287,0.0298678583313357,5.005416688625817,149501.07654517936,24,19,hbo,True,S24_D19 hbo,mild_master_6,,
688,az_itd=0_az=15,7.0,2.085959998984402e-15,0.05777707864089876,3.365021998763216e-08,2.266474468047076,0.07626736444613567,24,19,hbo,False,S24_D19 hbo,mild_master_6,0.7812831398439795,
689,az_itd=0_az=5,7.0,2.085959998984402e-15,0.026629670750915758,3.3704702685887444e-08,2.797240187881635,0.09428014887356644,24,19,hbo,True,S24_D19 hbo,mild_master_6,0.206508643110008,
690,az_itd=15_az=0,7.0,2.085959998984402e-15,0.006133411915375814,3.3707647836027815e-08,3.869782046276522,0.13044125041807209,24,19,hbo,True,S24_D19 hbo,mild_master_6,0.19030357281248145,
691,az_itd=5_az=0,7.0,2.085959998984402e-15,0.0031024438693645095,3.3580889972508605e-08,-4.4143460394545775,-0.1482376686515033,24,19,hbo,True,S24_D19 hbo,mild_master_6,-0.071584008220695,
692,constant,7.0,2.085959998984402e-15,0.5371500300871377,3.9602653380918584e-08,0.6488224127642573,0.02569508911847417,24,19,hbo,False,S24_D19 hbo,mild_master_6,,
469,Linear,7.0,1.547230512660379e-17,0.7806586062859695,3.219550825974207e-13,0.28940059214860836,9.317399154894766e-08,1,7,hbr,False,S1_D7 hbr,mild_master_6,,
470,ShortHbO,7.0,1.547230512660379e-17,0.00010230503958778801,0.002572341388205135,7.856413620883497,20209.377919857183,1,7,hbr,True,S1_D7 hbr,mild_master_6,,
471,az_itd=0_az=15,7.0,1.547230512660379e-17,4.334215241292123e-05,2.8980937513547827e-09,8.977974938889712,0.02601901307021611,1,7,hbr,True,S1_D7 hbr,mild_master_6,,0.00229519581346625
472,az_itd=0_az=5,7.0,1.547230512660379e-17,0.4751370901136056,2.902786022829639e-09,0.7545424490962298,0.00219027527486818,1,7,hbr,False,S1_D7 hbr,mild_master_6,,0.03312302861987906
473,az_itd=15_az=0,7.0,1.547230512660379e-17,0.17492335182382357,2.9030396711333275e-09,-1.509463418391193,-0.004382032185714157,1,7,hbr,False,S1_D7 hbr,mild_master_6,,-0.012572410942395565
474,az_itd=5_az=0,7.0,1.547230512660379e-17,0.0025867417095112224,2.892122768589002e-09,4.565887805403117,0.013205108080829224,1,7,hbr,True,S1_D7 hbr,mild_master_6,,-0.002912828894405492
475,constant,7.0,1.547230512660379e-17,0.3752507775836353,3.410741514988402e-09,-0.9468398607153754,-0.003229426020987767,1,7,hbr,False,S1_D7 hbr,mild_master_6,,
483,Linear,7.0,2.1010737918577154e-18,0.6126629063727544,1.1864199136909137e-13,-0.5297539153928065,-6.28510594577757e-08,1,8,hbr,False,S1_D8 hbr,mild_master_6,,
484,ShortHbO,7.0,2.1010737918577154e-18,2.804948456293013e-10,0.0009479201331926266,51.290521263985376,48619.31774807626,1,8,hbr,True,S1_D8 hbr,mild_master_6,,
485,az_itd=0_az=15,7.0,2.1010737918577154e-18,5.214999462726479e-06,1.0679614406491324e-09,-12.359283315081644,-0.013199238014565377,1,8,hbr,True,S1_D8 hbr,mild_master_6,,-0.021888041523344427
486,az_itd=0_az=5,7.0,2.1010737918577154e-18,0.015362825376166655,1.0696905651820643e-09,3.1859552189254297,0.00340798623877709,1,8,hbr,True,S1_D8 hbr,mild_master_6,,0.0053747504918157385
487,az_itd=15_az=0,7.0,2.1010737918577154e-18,1.8958531456972859e-06,1.069784035797947e-09,14.354014764875602,0.01535569584507194,1,8,hbr,True,S1_D8 hbr,mild_master_6,,-0.005980488221074236
488,az_itd=5_az=0,7.0,2.1010737918577154e-18,5.269808423751991e-06,1.065761104875435e-09,12.340088726870665,0.01315158659581058,1,8,hbr,True,S1_D8 hbr,mild_master_6,,0.006821336699808527
489,constant,7.0,2.1010737918577154e-18,0.6554694745680987,1.256874599148501e-09,-0.46585147393659515,-0.0005855168845667963,1,8,hbr,False,S1_D8 hbr,mild_master_6,,
721,Linear,7.0,1.3458912609541206e-17,0.07247141643266956,3.0027747924324875e-13,-2.112955873732186,-6.34473063516517e-07,2,6,hbr,False,S2_D6 hbr,mild_master_6,,
722,ShortHbO,7.0,1.3458912609541206e-17,6.630030869409695e-08,0.002399142705161646,23.38897167228872,56113.48076880386,2,6,hbr,True,S2_D6 hbr,mild_master_6,,
723,az_itd=0_az=15,7.0,1.3458912609541206e-17,1.022575636613962e-07,2.702961789721398e-09,21.968628242477735,0.059380362712011664,2,6,hbr,True,S2_D6 hbr,mild_master_6,,-0.008481954282896168
724,az_itd=0_az=5,7.0,1.3458912609541206e-17,1.9046739951872484e-05,2.707338125199713e-09,10.177683084512529,0.02755442944090098,2,6,hbr,True,S2_D6 hbr,mild_master_6,,0.022995072462479095
725,az_itd=15_az=0,7.0,1.3458912609541206e-17,6.767742319922557e-07,2.707574695073471e-09,16.69333774952109,0.04519845886691803,2,6,hbr,True,S2_D6 hbr,mild_master_6,,0.028397972822151275
726,az_itd=5_az=0,7.0,1.3458912609541206e-17,9.498660656810273e-05,2.6973928400435463e-09,7.948470761190298,0.021440148120530186,2,6,hbr,True,S2_D6 hbr,mild_master_6,,0.023980612399033298
727,constant,7.0,1.3458912609541206e-17,0.08651765172628263,3.1810923940332966e-09,-1.9929222796108141,-0.00633966990556946,2,6,hbr,False,S2_D6 hbr,mild_master_6,,
735,Linear,7.0,3.598589334312076e-19,0.14360239931447252,4.910027437927461e-14,-1.6467531668653552,-8.085603232802834e-08,2,7,hbr,False,S2_D7 hbr,mild_master_6,,
736,ShortHbO,7.0,3.598589334312076e-19,1.5555881219377677e-06,0.0003922990341977851,-14.777645380204785,-5797.256010371697,2,7,hbr,True,S2_D7 hbr,mild_master_6,,
737,az_itd=0_az=15,7.0,3.598589334312076e-19,2.7484247125427913e-05,4.41978418916009e-10,9.626328548503075,0.004254629471833429,2,7,hbr,True,S2_D7 hbr,mild_master_6,,0.0012153409840030861
738,az_itd=0_az=5,7.0,3.598589334312076e-19,0.023209440891112047,4.426940212758748e-10,2.893217087691499,0.0012808099069742246,2,7,hbr,True,S2_D7 hbr,mild_master_6,,0.0011290299416281948
739,az_itd=15_az=0,7.0,3.598589334312076e-19,0.004431160253837504,4.427327043157773e-10,-4.125093648837979,-0.0018263138667058755,2,7,hbr,True,S2_D7 hbr,mild_master_6,,0.0060161492636803685
740,az_itd=5_az=0,7.0,3.598589334312076e-19,0.002659127107359118,4.410678046472467e-10,-4.542698659747384,-0.0020036381250287684,2,7,hbr,True,S2_D7 hbr,mild_master_6,,-0.0003092353646336523
741,constant,7.0,3.598589334312076e-19,0.3150162985374776,5.201605853575519e-10,1.0822295671881452,0.0005629331651598356,2,7,hbr,False,S2_D7 hbr,mild_master_6,,
749,Linear,7.0,1.2082000364688156e-17,0.002619439363157712,2.845032271855844e-13,-4.555325358239206,-1.2960047652993825e-06,3,5,hbr,True,S3_D5 hbr,mild_master_6,,
750,ShortHbO,7.0,1.2082000364688156e-17,0.00012360136054472058,0.0022731103372035104,7.62581045884303,17334.308583550734,3,5,hbr,True,S3_D5 hbr,mild_master_6,,
751,az_itd=0_az=15,7.0,1.2082000364688156e-17,5.393201704559219e-08,2.560969121204418e-09,24.09695972401984,0.06171156976812134,3,5,hbr,True,S3_D5 hbr,mild_master_6,,0.026173394927691145
752,az_itd=0_az=5,7.0,1.2082000364688156e-17,8.11764092416633e-08,2.5651155579267628e-09,22.71459547147815,0.0582655622359014,3,5,hbr,True,S3_D5 hbr,mild_master_6,,0.06794783771276144
753,az_itd=15_az=0,7.0,1.2082000364688156e-17,2.5564052556669136e-08,2.5653397002524167e-09,26.83644699786879,0.06884460289735259,3,5,hbr,True,S3_D5 hbr,mild_master_6,,0.0526350067154721
754,az_itd=5_az=0,7.0,1.2082000364688156e-17,7.009901204976908e-05,2.5556927209916022e-09,8.33466283371768,0.021300837136051513,3,5,hbr,True,S3_D5 hbr,mild_master_6,,0.046109317690494256
755,constant,7.0,1.2082000364688156e-17,0.31892651360343516,3.0139824483635087e-09,-1.0728470545235593,-0.003233542192112496,3,5,hbr,False,S3_D5 hbr,mild_master_6,,
763,Linear,7.0,1.1495665341055838e-17,0.0018799150042599327,2.775139576155348e-13,-4.839000294165129,-1.342890122536502e-06,3,7,hbr,True,S3_D7 hbr,mild_master_6,,
764,ShortHbO,7.0,1.1495665341055838e-17,3.470333955894574e-06,0.0022172678040050446,13.128890812245881,29110.26690029043,3,7,hbr,True,S3_D7 hbr,mild_master_6,,
765,az_itd=0_az=15,7.0,1.1495665341055838e-17,2.5146436565582723e-07,2.4980548839012513e-09,19.28217619736332,0.0481679344220679,3,7,hbr,True,S3_D7 hbr,mild_master_6,,0.026465028527470486
766,az_itd=0_az=5,7.0,1.1495665341055838e-17,4.767216258278534e-06,2.5020994568792216e-09,12.525243540129358,0.03133940505903765,3,7,hbr,True,S3_D7 hbr,mild_master_6,,0.04004967461791104
767,az_itd=15_az=0,7.0,1.1495665341055838e-17,1.3503420531463787e-07,2.502318092795857e-09,21.101916644614896,0.05280370781248989,3,7,hbr,True,S3_D7 hbr,mild_master_6,,0.034263435943724586
768,az_itd=5_az=0,7.0,1.1495665341055838e-17,9.693487250400876e-08,2.49290810676446e-09,22.1391936381431,0.0551909752977551,3,7,hbr,True,S3_D7 hbr,mild_master_6,,0.029882925719274533
769,constant,7.0,1.1495665341055838e-17,0.7132319950959125,2.9399392256577453e-09,-0.3827924612945426,-0.0011253865722459001,3,7,hbr,False,S3_D7 hbr,mild_master_6,,
777,Linear,7.0,4.988214989804903e-18,0.053573465351686,1.8280596230879428e-13,-2.317727589719695,-4.2369442240835115e-07,4,2,hbr,False,S4_D2 hbr,mild_master_6,,
778,ShortHbO,7.0,4.988214989804903e-18,1.381272335824714e-09,0.0014605743728716856,40.81623200743992,59615.14246725179,4,2,hbr,True,S4_D2 hbr,mild_master_6,,
779,az_itd=0_az=15,7.0,4.988214989804903e-18,8.288816963392485e-06,1.6455364295024148e-09,11.534394876133932,0.018980266960944382,4,2,hbr,True,S4_D2 hbr,mild_master_6,,-0.012284271494450542
780,az_itd=0_az=5,7.0,4.988214989804903e-18,0.0002867766312296731,1.6482006992988565e-09,6.664054593405525,0.010983699441016742,4,2,hbr,True,S4_D2 hbr,mild_master_6,,0.0038732543356561544
781,az_itd=15_az=0,7.0,4.988214989804903e-18,3.6207142775535732e-06,1.6483447207004436e-09,13.046707572632542,0.02150547154987135,4,2,hbr,True,S4_D2 hbr,mild_master_6,,-0.000748758693684213
782,az_itd=5_az=0,7.0,4.988214989804903e-18,0.00047044602451472544,1.6421461079655664e-09,6.143675082756599,0.010088812125753776,4,2,hbr,True,S4_D2 hbr,mild_master_6,,-0.006319853768159494
783,constant,7.0,4.988214989804903e-18,0.6365829032423045,1.9366176169787386e-09,-0.49377023853547286,-0.0009562441426875907,4,2,hbr,False,S4_D2 hbr,mild_master_6,,
791,Linear,7.0,8.251152123095701e-17,0.5437120464854474,7.434898977233427e-13,-0.6380977174894779,-4.744192067137503e-07,4,4,hbr,False,S4_D4 hbr,mild_master_6,,
792,ShortHbO,7.0,8.251152123095701e-17,1.597067951605822e-05,0.005940300181617567,10.452317532842095,62089.90373866638,4,4,hbr,True,S4_D4 hbr,mild_master_6,,
793,az_itd=0_az=15,7.0,8.251152123095701e-17,3.9525726261313e-06,6.692559127826262e-09,12.878325299675792,0.0861889535354611,4,4,hbr,True,S4_D4 hbr,mild_master_6,,0.09994921562028349
794,az_itd=0_az=5,7.0,8.251152123095701e-17,0.2377600532024333,6.7033949761402125e-09,1.2908205890074411,0.00865288025145083,4,4,hbr,False,S4_D4 hbr,mild_master_6,,0.005347557287334473
795,az_itd=15_az=0,7.0,8.251152123095701e-17,0.8075515121471463,6.703980725400158e-09,-0.2529808263575907,-0.0016959785837970924,4,4,hbr,False,S4_D4 hbr,mild_master_6,,0.03447344529950123
796,az_itd=5_az=0,7.0,8.251152123095701e-17,0.3783509551890631,6.678770355398683e-09,0.940340046427264,0.006280315226072632,4,4,hbr,False,S4_D4 hbr,mild_master_6,,0.0043611823191829924
797,constant,7.0,8.251152123095701e-17,0.5623783732043379,7.876415056662944e-09,-0.6080128491928797,-0.004788961560027333,4,4,hbr,False,S4_D4 hbr,mild_master_6,,
805,Linear,7.0,1.2282804419161636e-18,0.10757960605038919,9.07123761394224e-14,-1.8448328578052824,-1.6734917211159835e-07,5,1,hbr,False,S5_D1 hbr,mild_master_6,,
806,ShortHbO,7.0,1.2282804419161636e-18,4.8794160236183785e-06,0.0007247694233721583,12.482043274480201,9046.603306551342,5,1,hbr,True,S5_D1 hbr,mild_master_6,,
807,az_itd=0_az=15,7.0,1.2282804419161636e-18,0.00011530425709091474,8.165517013717457e-10,7.709897157006639,0.006295529640954956,5,1,hbr,True,S5_D1 hbr,mild_master_6,,-0.006743007502240367
808,az_itd=0_az=5,7.0,1.2282804419161636e-18,5.5237081211209e-07,8.178737711820481e-10,17.195612435983808,0.014063840390803002,5,1,hbr,True,S5_D1 hbr,mild_master_6,,0.02191905604705973
809,az_itd=15_az=0,7.0,1.2282804419161636e-18,1.988298224884041e-06,8.179452377982781e-10,14.253778337527683,0.011658810111813024,5,1,hbr,True,S5_D1 hbr,mild_master_6,,0.014644217369713351
810,az_itd=5_az=0,7.0,1.2282804419161636e-18,0.0003213197495184534,8.148693485720889e-10,-6.541680213787998,-0.005330614694376349,5,1,hbr,True,S5_D1 hbr,mild_master_6,,0.009351291375002974
811,constant,7.0,1.2282804419161636e-18,0.6765069452251984,9.609926475639682e-10,-0.43521892500223536,-0.0004182421870078423,5,1,hbr,False,S5_D1 hbr,mild_master_6,,
819,Linear,7.0,1.1156482478067625e-17,0.0235076458257397,2.7338924060585486e-13,-2.8842739707765785,-7.885294705698425e-07,5,3,hbr,True,S5_D3 hbr,mild_master_6,,
820,ShortHbO,7.0,1.1156482478067625e-17,9.47217983454089e-09,0.002184312336450272,30.95883651979045,67623.76853232548,5,3,hbr,True,S5_D3 hbr,mild_master_6,,
821,az_itd=0_az=15,7.0,1.1156482478067625e-17,6.773642926872414e-07,2.460926050601211e-09,16.69121327638287,0.0410758415679914,5,3,hbr,True,S5_D3 hbr,mild_master_6,,0.0038703330121854125
822,az_itd=0_az=5,7.0,1.1156482478067625e-17,0.000709596909485449,2.464910508696664e-09,5.734556776431244,0.01413516926094304,5,3,hbr,True,S5_D3 hbr,mild_master_6,,0.027122322066813326
823,az_itd=15_az=0,7.0,1.1156482478067625e-17,1.1677242051539199e-05,2.465125895006353e-09,10.95692647624983,0.027010203186284165,5,3,hbr,True,S5_D3 hbr,mild_master_6,,-0.0008418631942484956
824,az_itd=5_az=0,7.0,1.1156482478067625e-17,0.0040293116434817105,2.455855770514816e-09,4.201246864664289,0.010317656355943073,5,3,hbr,True,S5_D3 hbr,mild_master_6,,0.006741343797783288
825,constant,7.0,1.1156482478067625e-17,0.677524444808979,2.8962426223024084e-09,0.4337490482631018,0.0012562424809626999,5,3,hbr,False,S5_D3 hbr,mild_master_6,,
833,Linear,7.0,6.77565950414457e-19,0.062156204672161784,6.737419070248321e-14,-2.216952152805024,-1.4936535712136636e-07,6,1,hbr,False,S6_D1 hbr,mild_master_6,,
834,ShortHbO,7.0,6.77565950414457e-19,8.084162752958525e-11,0.0005383031006767265,61.28792638301056,32991.48080602153,6,1,hbr,True,S6_D1 hbr,mild_master_6,,
835,az_itd=0_az=15,7.0,6.77565950414457e-19,0.00018059980031287452,6.064719323645688e-10,7.179818641976098,0.004354358485826398,6,1,hbr,True,S6_D1 hbr,mild_master_6,,-0.005908058639283663
836,az_itd=0_az=5,7.0,6.77565950414457e-19,2.4575230648933796e-06,6.074538643490689e-10,13.81563239875435,0.008392359289049526,6,1,hbr,True,S6_D1 hbr,mild_master_6,,0.012079521241466195
837,az_itd=15_az=0,7.0,6.77565950414457e-19,3.139515012904888e-07,6.07506944266448e-10,18.670200958340793,0.011342276733042124,6,1,hbr,True,S6_D1 hbr,mild_master_6,,0.007915519386910486
838,az_itd=5_az=0,7.0,6.77565950414457e-19,0.0008993190921808512,6.052224098277683e-10,5.507551155007459,0.003333293382283323,6,1,hbr,True,S6_D1 hbr,mild_master_6,,0.008254703667674187
839,constant,7.0,6.77565950414457e-19,0.46170746424459463,7.137515811640306e-10,-0.7786205194321222,-0.0005557416268714361,6,1,hbr,False,S6_D1 hbr,mild_master_6,,
847,Linear,7.0,2.1095476900140685e-18,0.027765264421514155,1.1888099975339144e-13,-2.7682182385209755,-3.290885517309458e-07,6,2,hbr,True,S6_D2 hbr,mild_master_6,,
848,ShortHbO,7.0,2.1095476900140685e-18,5.87561453936682e-09,0.0009498297510004992,33.15830604839965,31494.74557754979,6,2,hbr,True,S6_D2 hbr,mild_master_6,,
849,az_itd=0_az=15,7.0,2.1095476900140685e-18,8.938658621699627e-05,1.070112885811834e-09,8.024496405364696,0.008587117005531502,6,2,hbr,True,S6_D2 hbr,mild_master_6,,-0.0027670534626362073
850,az_itd=0_az=5,7.0,2.1095476900140685e-18,5.1542234882569424e-05,1.0718454937257856e-09,8.741427287892428,0.009369459447259115,6,2,hbr,True,S6_D2 hbr,mild_master_6,,0.010486654320138056
851,az_itd=15_az=0,7.0,2.1095476900140685e-18,2.7173131547219602e-05,1.0719391526414485e-09,9.643040988272471,0.010336753185855549,6,2,hbr,True,S6_D2 hbr,mild_master_6,,-0.008560391889305139
852,az_itd=5_az=0,7.0,2.1095476900140685e-18,6.73217660253945e-06,1.0679081173858177e-09,11.898237087990918,0.012706223968846495,6,2,hbr,True,S6_D2 hbr,mild_master_6,,0.017849379411000205
853,constant,7.0,2.1095476900140685e-18,0.9298268614638343,1.2594066163857685e-09,-0.09128058080330272,-0.00011495936741121522,6,2,hbr,False,S6_D2 hbr,mild_master_6,,
875,Linear,7.0,1.6110227568106312e-18,0.002380242335551023,1.0388877190497782e-13,4.636195312883761,4.816486373671083e-07,7,7,hbr,True,S7_D7 hbr,mild_master_6,,
876,ShortHbO,7.0,1.6110227568106312e-18,1.883088756869098e-06,0.0008300455628313109,14.368291286490694,11926.336427819388,7,7,hbr,True,S7_D7 hbr,mild_master_6,,
877,az_itd=0_az=15,7.0,1.6110227568106312e-18,0.00015282417277587718,9.351596448322404e-10,-7.373570412425508,-0.006895465488029354,7,7,hbr,True,S7_D7 hbr,mild_master_6,,-0.007799492552304161
878,az_itd=0_az=5,7.0,1.6110227568106312e-18,7.556955005347775e-05,9.366737514493335e-10,-8.237723536663925,-0.0077160594084894705,7,7,hbr,True,S7_D7 hbr,mild_master_6,,-0.0005719711581285611
879,az_itd=15_az=0,7.0,1.6110227568106312e-18,5.189406575118869e-06,9.367555989249297e-10,-12.36832489517168,-0.011586097594874667,7,7,hbr,True,S7_D7 hbr,mild_master_6,,-0.02448813883417652
880,az_itd=5_az=0,7.0,1.6110227568106312e-18,0.00022695866715603016,9.33232922441035e-10,-6.9212509002842175,-0.006459139204619885,7,7,hbr,True,S7_D7 hbr,mild_master_6,,-0.0036259538910952457
881,constant,7.0,1.6110227568106312e-18,0.06416443510389373,1.1005813122091314e-09,-2.1954084473144597,-0.0024162255097803596,7,7,hbr,False,S7_D7 hbr,mild_master_6,,
889,Linear,7.0,4.096953529576931e-18,0.28942449377787566,1.656716866841978e-13,1.146082908839501,1.8987348858737184e-07,7,8,hbr,False,S7_D8 hbr,mild_master_6,,
890,ShortHbO,7.0,4.096953529576931e-18,9.094696089983529e-07,0.0013236757533795483,15.987541799791904,21162.32143652657,7,8,hbr,True,S7_D8 hbr,mild_master_6,,
891,az_itd=0_az=15,7.0,4.096953529576931e-18,6.166563512886488e-05,1.4913014451654057e-09,-8.502231058442952,-0.012679389464586173,7,8,hbr,True,S7_D8 hbr,mild_master_6,,-0.023113030032317728
892,az_itd=0_az=5,7.0,4.096953529576931e-18,5.976215641169964e-06,1.493715994808008e-09,-12.111284882878085,-0.018090819947231426,7,8,hbr,True,S7_D8 hbr,mild_master_6,,-0.02605741784633194
893,az_itd=15_az=0,7.0,4.096953529576931e-18,0.006789680008559585,1.4938465171838549e-09,-3.7914913295860635,-0.005663906117634924,7,8,hbr,True,S7_D8 hbr,mild_master_6,,-0.017196192173550666
894,az_itd=5_az=0,7.0,4.096953529576931e-18,4.620500699189224e-06,1.4882288961067342e-09,-12.583511179105633,-0.018727144951227126,7,8,hbr,True,S7_D8 hbr,mild_master_6,,-0.02392039343636074
895,constant,7.0,4.096953529576931e-18,0.24235506988070174,1.7550997955156111e-09,1.2769166565598151,0.0022411161628186093,7,8,hbr,False,S7_D8 hbr,mild_master_6,,
861,Linear,7.0,1.4090569404981303e-17,0.7128788993984214,3.0724303503107983e-13,-0.38329071032890144,-1.1776340114067014e-07,7,17,hbr,False,S7_D17 hbr,mild_master_6,,
862,ShortHbO,7.0,1.4090569404981303e-17,0.026612736719592283,0.0024547957711121365,2.797682734024196,6867.739744396036,7,17,hbr,True,S7_D17 hbr,mild_master_6,,
863,az_itd=0_az=15,7.0,1.4090569404981303e-17,0.106383599681199,2.7656625663035414e-09,1.8524520500751016,0.005123257290764962,7,17,hbr,False,S7_D17 hbr,mild_master_6,,0.008037175391933675
864,az_itd=0_az=5,7.0,1.4090569404981303e-17,0.25773413339490947,2.7701404199143425e-09,-1.231971076520192,-0.00341273287523397,7,17,hbr,False,S7_D17 hbr,mild_master_6,,-0.03981567051058569
865,az_itd=15_az=0,7.0,1.4090569404981303e-17,0.014501676133855829,2.7703824775145113e-09,-3.227510255083114,-0.008941437856680648,7,17,hbr,True,S7_D17 hbr,mild_master_6,,-0.01235467611269385
866,az_itd=5_az=0,7.0,1.4090569404981303e-17,4.157252237459125e-06,2.75996443334575e-09,-12.782302302908086,-0.03527869973229979,7,17,hbr,True,S7_D17 hbr,mild_master_6,,-0.03524426696477928
867,constant,7.0,1.4090569404981303e-17,0.2572684670030953,3.254884396659422e-09,1.233297967354257,0.004014242310373153,7,17,hbr,False,S7_D17 hbr,mild_master_6,,
931,Linear,7.0,2.766096458730228e-17,0.27435106075851473,4.304784696659991e-13,-1.1858982108151774,-5.10503646971364e-07,8,6,hbr,False,S8_D6 hbr,mild_master_6,,
932,ShortHbO,7.0,2.766096458730228e-17,3.3603952262755096e-05,0.003439416378581282,9.335350616887814,32108.15781152282,8,6,hbr,True,S8_D6 hbr,mild_master_6,,
933,az_itd=0_az=15,7.0,2.766096458730228e-17,0.3798276164918495,3.874972101595256e-09,-0.9372582160985825,-0.003631849439372945,8,6,hbr,False,S8_D6 hbr,mild_master_6,,0.0005928783732815936
934,az_itd=0_az=5,7.0,2.766096458730228e-17,0.10731971618195599,3.881246025980787e-09,1.8464815003391104,0.007166648985238213,8,6,hbr,False,S8_D6 hbr,mild_master_6,,-0.00633373491129799
935,az_itd=15_az=0,7.0,2.766096458730228e-17,1.590629807367371e-06,3.88158517308393e-09,14.729356571924164,0.05717325207864717,8,6,hbr,True,S8_D6 hbr,mild_master_6,,0.03499770795336489
936,az_itd=5_az=0,7.0,2.766096458730228e-17,2.68594908446462e-06,3.8669884428106875e-09,13.63562126175866,0.05272878982976442,8,6,hbr,True,S8_D6 hbr,mild_master_6,,0.07602460792331416
937,constant,7.0,2.766096458730228e-17,0.4132410006390429,4.560421211409885e-09,-0.8697957921912072,-0.003966635180303845,8,6,hbr,False,S8_D6 hbr,mild_master_6,,
903,Linear,7.0,5.030277598414028e-17,0.05194182189837001,5.80515407742373e-13,-2.3387321023059617,-1.3576700199703225e-06,8,16,hbr,False,S8_D16 hbr,mild_master_6,,
904,ShortHbO,7.0,5.030277598414028e-17,0.0002130551350843499,0.004638174362023408,-6.99205078378108,-32430.350683299082,8,16,hbr,True,S8_D16 hbr,mild_master_6,,
905,az_itd=0_az=15,7.0,5.030277598414028e-17,9.504003189931239e-05,5.2255366250795854e-09,7.947770040906028,0.04153136343646473,8,16,hbr,True,S8_D16 hbr,mild_master_6,,0.022162373922694933
906,az_itd=0_az=5,7.0,5.030277598414028e-17,0.03294946935811949,5.233997233517534e-09,-2.6498373659073375,-0.013869241442430392,8,16,hbr,True,S8_D16 hbr,mild_master_6,,-0.013726450464490302
907,az_itd=15_az=0,7.0,5.030277598414028e-17,2.590390201603734e-05,5.234454585354475e-09,9.713542144817835,0.050845095219975656,8,16,hbr,True,S8_D16 hbr,mild_master_6,,0.06918297618309421
908,az_itd=5_az=0,7.0,5.030277598414028e-17,0.00044062162999286537,5.214770379468752e-09,-6.210744849876458,-0.03238760827757385,8,16,hbr,True,S8_D16 hbr,mild_master_6,,0.008620212272796263
909,constant,7.0,5.030277598414028e-17,0.13455785393960976,6.149888938865268e-09,1.6916185691413144,0.010403266327141262,8,16,hbr,False,S8_D16 hbr,mild_master_6,,
917,Linear,7.0,8.975236802228558e-18,0.6938750835572323,2.45211442815845e-13,0.4102686319389085,1.0060256317982263e-07,8,17,hbr,False,S8_D17 hbr,mild_master_6,,
918,ShortHbO,7.0,8.975236802228558e-18,0.0006860548262600389,0.0019591787094270525,-5.767395195400339,-11299.357875680218,8,17,hbr,True,S8_D17 hbr,mild_master_6,,
919,az_itd=0_az=15,7.0,8.975236802228558e-18,0.11653168562253853,2.207282284385916e-09,1.7902700882052902,0.003951631449961548,8,17,hbr,False,S8_D17 hbr,mild_master_6,,-0.007083517939838118
920,az_itd=0_az=5,7.0,8.975236802228558e-18,0.00038596643984070976,2.2108560706704824e-09,-6.348001222009986,-0.014034517038304418,8,17,hbr,True,S8_D17 hbr,mild_master_6,,-0.029526997047279305
921,az_itd=15_az=0,7.0,8.975236802228558e-18,0.0024034393302849806,2.2110492574529783e-09,-4.627967912515747,-0.010232665016484153,8,17,hbr,True,S8_D17 hbr,mild_master_6,,-0.022520394757725475
922,az_itd=5_az=0,7.0,8.975236802228558e-18,1.693713021435744e-06,2.2027345900702573e-09,-14.59403966551183,-0.03214679598008027,8,17,hbr,True,S8_D17 hbr,mild_master_6,,-0.02685546630607419
923,constant,7.0,8.975236802228558e-18,0.2574432403242323,2.597731463702345e-09,1.2327997214281232,0.0032024826247973215,8,17,hbr,False,S8_D17 hbr,mild_master_6,,
49,Linear,7.0,2.6968950210766734e-17,0.015193770925338076,4.2505956708123906e-13,-3.1939132668082526,-1.357603390484542e-06,10,6,hbr,True,S10_D6 hbr,mild_master_6,,
50,ShortHbO,7.0,2.6968950210766734e-17,1.4826581011692505e-05,0.003396120688744759,10.570185791292516,35897.626649684404,10,6,hbr,True,S10_D6 hbr,mild_master_6,,
51,az_itd=0_az=15,7.0,2.6968950210766734e-17,1.8809859600330826e-05,3.826193596241667e-09,10.196981624824074,0.03901562579389582,10,6,hbr,True,S10_D6 hbr,mild_master_6,,0.03700255546991459
52,az_itd=0_az=5,7.0,2.6968950210766734e-17,2.985353596268648e-05,3.8323885438897655e-09,9.505696153279626,0.036429521039525854,10,6,hbr,True,S10_D6 hbr,mild_master_6,,0.04199449441999932
53,az_itd=15_az=0,7.0,2.6968950210766734e-17,4.502960254544366e-06,3.832723421777969e-09,12.631731248508984,0.04841393221376505,10,6,hbr,True,S10_D6 hbr,mild_master_6,,0.03610308387924525
54,az_itd=5_az=0,7.0,2.6968950210766734e-17,6.367792458272305e-05,3.81831043648846e-09,8.45998928754072,0.0323028653891973,10,6,hbr,True,S10_D6 hbr,mild_master_6,,0.013265759561412814
55,constant,7.0,2.6968950210766734e-17,0.8336692193409974,4.50301420959333e-09,0.21797151142536111,0.000981528813234936,10,6,hbr,False,S10_D6 hbr,mild_master_6,,
7,Linear,7.0,1.6813958498330316e-18,0.027117440719384323,1.0613356696765495e-13,-2.7846183092139474,-2.955414738003166e-07,10,14,hbr,True,S10_D14 hbr,mild_master_6,,
8,ShortHbO,7.0,1.6813958498330316e-18,2.5037400815943004e-07,0.0008479809195313117,19.29434988110321,16361.240553936754,10,14,hbr,True,S10_D14 hbr,mild_master_6,,
9,az_itd=0_az=15,7.0,1.6813958498330316e-18,0.000499668544445533,9.553662727001143e-10,6.082427677746044,0.00581094625945625,10,14,hbr,True,S10_D14 hbr,mild_master_6,,-0.004103249308347367
10,az_itd=0_az=5,7.0,1.6813958498330316e-18,0.0006569575527783483,9.569130956444496e-10,5.809767453566085,0.005559442558966294,10,14,hbr,True,S10_D14 hbr,mild_master_6,,0.016714592450655
11,az_itd=15_az=0,7.0,1.6813958498330316e-18,1.4892184112994446e-07,9.569967116538897e-10,20.80474657959283,0.019910074063462846,10,14,hbr,True,S10_D14 hbr,mild_master_6,,0.018272064737714783
12,az_itd=5_az=0,7.0,1.6813958498330316e-18,2.8414337850110077e-06,9.53397918313154e-10,13.522784311587554,0.012892594412465352,10,14,hbr,True,S10_D14 hbr,mild_master_6,,0.019153387942861547
13,constant,7.0,1.6813958498330316e-18,0.6468133468013323,1.1243623180908982e-09,-0.4785959498331482,-0.0005381152515833137,10,14,hbr,False,S10_D14 hbr,mild_master_6,,
21,Linear,7.0,1.0406805769498958e-18,0.02101032989280484,8.349808194966227e-14,2.9631698798522543,2.4741900145867443e-07,10,15,hbr,True,S10_D15 hbr,mild_master_6,,
22,ShortHbO,7.0,1.0406805769498958e-18,7.08140880287415e-07,0.0006671289991822639,16.583237093553514,11063.15836542455,10,15,hbr,True,S10_D15 hbr,mild_master_6,,
23,az_itd=0_az=15,7.0,1.0406805769498958e-18,2.4173169059822312e-08,7.51611894417611e-10,-27.053634035981112,-0.020333833128664523,10,15,hbr,True,S10_D15 hbr,mild_master_6,,-0.02952586613455054
24,az_itd=0_az=5,7.0,1.0406805769498958e-18,3.7127298433034284e-07,7.528288209061657e-10,-18.220262189964675,-0.013716738501072299,10,15,hbr,True,S10_D15 hbr,mild_master_6,,-0.017949701572750953
25,az_itd=15_az=0,7.0,1.0406805769498958e-18,0.010321729306359885,7.528946038305318e-10,-3.4760100096271875,-0.0026170691791092245,10,15,hbr,True,S10_D15 hbr,mild_master_6,,-0.010495775121635137
26,az_itd=5_az=0,7.0,1.0406805769498958e-18,9.671330712900374e-07,7.50063338003235e-10,-15.844342955763887,-0.011884260765868303,10,15,hbr,True,S10_D15 hbr,mild_master_6,,-0.015205202303190559
27,constant,7.0,1.0406805769498958e-18,0.22959984055640545,8.845655494239382e-10,1.3160958761328274,0.0011641730717660136,10,15,hbr,False,S10_D15 hbr,mild_master_6,,
35,Linear,7.0,9.716233208925626e-18,0.0757174401244886,2.5513306118161365e-13,-2.0832811931041477,-5.315139080987456e-07,10,21,hbr,False,S10_D21 hbr,mild_master_6,,
36,ShortHbO,7.0,9.716233208925626e-18,9.320939844604463e-05,0.002038449983402112,7.972037451991421,16250.599611692927,10,21,hbr,True,S10_D21 hbr,mild_master_6,,
37,az_itd=0_az=15,7.0,9.716233208925626e-18,0.00011368772384214204,2.296592196679226e-09,7.727074325617134,0.0177459385993727,10,21,hbr,True,S10_D21 hbr,mild_master_6,,-0.007143549283043063
38,az_itd=0_az=5,7.0,9.716233208925626e-18,0.001690747970895982,2.3003105836530144e-09,4.93183151636522,0.011344744233888409,10,21,hbr,True,S10_D21 hbr,mild_master_6,,0.014951721920719965
39,az_itd=15_az=0,7.0,9.716233208925626e-18,1.7189374315661953e-05,2.300511587059022e-09,10.336868399970298,0.02378008552803592,10,21,hbr,True,S10_D21 hbr,mild_master_6,,0.06225663141817073
40,az_itd=5_az=0,7.0,9.716233208925626e-18,7.511205483405428e-05,2.291860495912131e-09,8.245521913083243,0.018897585940773304,10,21,hbr,True,S10_D21 hbr,mild_master_6,,0.014741423052782024
41,constant,7.0,9.716233208925626e-18,0.9004297306907206,2.702839528414319e-09,-0.12972928222044097,-0.0003506374319782248,10,21,hbr,False,S10_D21 hbr,mild_master_6,,
119,Linear,7.0,4.397120974237527e-19,0.07215737298979642,5.4275268662509423e-14,2.115896845298265,1.1484086974071948e-07,11,3,hbr,False,S11_D3 hbr,mild_master_6,,
120,ShortHbO,7.0,4.397120974237527e-19,3.086553780022392e-05,0.00043364595710111226,-9.457437376494168,-4101.179482853646,11,3,hbr,True,S11_D3 hbr,mild_master_6,,
121,az_itd=0_az=15,7.0,4.397120974237527e-19,0.0001530657985338005,4.88561372272558e-10,-7.371718182939916,-0.003601536751463693,11,3,hbr,True,S11_D3 hbr,mild_master_6,,0.0016127404984962999
122,az_itd=0_az=5,7.0,4.397120974237527e-19,3.1774261677895754e-07,4.893523965759504e-10,-18.637643479524446,-0.009120375503233424,11,3,hbr,True,S11_D3 hbr,mild_master_6,,-0.010672543767546807
123,az_itd=15_az=0,7.0,4.397120974237527e-19,0.0015767798615507634,4.893951566706735e-10,-4.993502723197572,-0.002443796047554711,11,3,hbr,True,S11_D3 hbr,mild_master_6,,-0.00227975707630449
124,az_itd=5_az=0,7.0,4.397120974237527e-19,0.3247972857143708,4.875547824986758e-10,1.058931834973528,0.000516287280481442,11,3,hbr,False,S11_D3 hbr,mild_master_6,,0.0005615415334787577
125,constant,7.0,4.397120974237527e-19,0.8688492342407496,5.749836609843072e-10,-0.1712805882129254,-9.848353966621342e-05,11,3,hbr,False,S11_D3 hbr,mild_master_6,,
133,Linear,7.0,1.5359162098934952e-18,0.32164917584760044,1.0143820061389088e-13,-1.0663684087784842,-1.0817049257798747e-07,11,4,hbr,False,S11_D4 hbr,mild_master_6,,
134,ShortHbO,7.0,1.5359162098934952e-18,2.5907978960223915e-09,0.0008104661050201339,-37.295052820614856,-30226.376196043882,11,4,hbr,True,S11_D4 hbr,mild_master_6,,
135,az_itd=0_az=15,7.0,1.5359162098934952e-18,1.5555681581813578e-05,9.131007126089868e-10,10.493931067710736,0.009582015935996259,11,4,hbr,True,S11_D4 hbr,mild_master_6,,-0.00043279431526333287
136,az_itd=0_az=5,7.0,1.5359162098934952e-18,0.0812202445229192,9.145791038533844e-10,2.035753736798069,0.0018618578282669563,11,4,hbr,False,S11_D4 hbr,mild_master_6,,0.007687773159591906
137,az_itd=15_az=0,7.0,1.5359162098934952e-18,0.9895360463729043,9.146590206768969e-10,-0.013590330030537478,-1.2430517956407232e-05,11,4,hbr,False,S11_D4 hbr,mild_master_6,,0.0036655913820199757
138,az_itd=5_az=0,7.0,1.5359162098934952e-18,0.005181311902438878,9.112194385418999e-10,-4.0013031765305245,-0.003646065233954065,11,4,hbr,True,S11_D4 hbr,mild_master_6,,0.011379854580872272
139,constant,7.0,1.5359162098934952e-18,0.7837129807241239,1.074620345323573e-09,0.28524331573152245,0.00030652827045264956,11,4,hbr,False,S11_D4 hbr,mild_master_6,,
63,Linear,7.0,8.875576310891094e-19,0.015331709968571137,7.711095041855466e-14,3.1874128933206065,2.457844375803071e-07,11,11,hbr,True,S11_D11 hbr,mild_master_6,,
64,ShortHbO,7.0,8.875576310891094e-19,9.813927730473621e-09,0.000616097399814962,-30.80146002058065,-18976.699429184242,11,11,hbr,True,S11_D11 hbr,mild_master_6,,
65,az_itd=0_az=15,7.0,8.875576310891094e-19,7.033371278711358e-06,6.941178308667336e-10,-11.820819599860288,-0.008205041659721994,11,11,hbr,True,S11_D11 hbr,mild_master_6,,-0.0009005118189944591
66,az_itd=0_az=5,7.0,8.875576310891094e-19,6.912788121079556e-06,6.952416693541678e-10,-11.85135283821917,-0.00823955433134875,11,11,hbr,True,S11_D11 hbr,mild_master_6,,-0.006588842107297579
67,az_itd=15_az=0,7.0,8.875576310891094e-19,8.57982188651447e-06,6.953024202564728e-10,-11.475030116761603,-0.007978616212700258,11,11,hbr,True,S11_D11 hbr,mild_master_6,,-0.002968219388007206
68,az_itd=5_az=0,7.0,8.875576310891094e-19,2.9850190959568407e-06,6.926877302691981e-10,-13.424655315108168,-0.009299094019868604,11,11,hbr,True,S11_D11 hbr,mild_master_6,,0.001549866829557026
69,constant,7.0,8.875576310891094e-19,0.8844910067028382,8.169012824116345e-10,0.15066327956035191,0.00012307702628519407,11,11,hbr,False,S11_D11 hbr,mild_master_6,,
77,Linear,7.0,1.451154426261258e-18,0.009157008245147227,9.85994722111036e-14,3.5650775704457054,3.5151476683759004e-07,11,12,hbr,True,S11_D12 hbr,mild_master_6,,
78,ShortHbO,7.0,1.451154426261258e-18,1.38368921710938e-07,0.0007877853680010075,-21.027477245660325,-16565.138900105332,11,12,hbr,True,S11_D12 hbr,mild_master_6,,
79,az_itd=0_az=15,7.0,1.451154426261258e-18,1.458537872574122e-06,8.875477659695383e-10,-14.918131284682563,-0.013240554094160287,11,12,hbr,True,S11_D12 hbr,mild_master_6,,-0.008971308257595208
80,az_itd=0_az=5,7.0,1.451154426261258e-18,1.094730057624178e-07,8.889847847212209e-10,-21.752927071289967,-0.01933802118952713,11,12,hbr,True,S11_D12 hbr,mild_master_6,,-0.016145649291820885
81,az_itd=15_az=0,7.0,1.451154426261258e-18,1.567641702224663e-06,8.890624650879016e-10,-14.760896519536312,-0.01312335904656638,11,12,hbr,True,S11_D12 hbr,mild_master_6,,-0.006325653981924774
82,az_itd=5_az=0,7.0,1.451154426261258e-18,7.204032723931813e-06,8.857191389929492e-10,-11.778608017972658,-0.010432538552214191,11,12,hbr,True,S11_D12 hbr,mild_master_6,,0.0054188294540739555
83,constant,7.0,1.451154426261258e-18,0.5885211513489732,1.0445473030375156e-09,0.5668522571449869,0.0005921039964215244,11,12,hbr,False,S11_D12 hbr,mild_master_6,,
91,Linear,7.0,1.2174110675664783e-18,0.016017105176195326,9.03101154831783e-14,-3.156013659975911,-2.8501995809891275e-07,11,13,hbr,True,S11_D13 hbr,mild_master_6,,
92,ShortHbO,7.0,1.2174110675664783e-18,1.076405198189318e-06,0.0007215554603355904,15.597898175653722,11254.748598401486,11,13,hbr,True,S11_D13 hbr,mild_master_6,,
93,az_itd=0_az=15,7.0,1.2174110675664783e-18,8.150880598634734e-08,8.129307332389498e-10,22.70117954204842,0.018454486530506468,11,13,hbr,True,S11_D13 hbr,mild_master_6,,0.013132118219476567
94,az_itd=0_az=5,7.0,1.2174110675664783e-18,4.141087466418934e-07,8.142469403798775e-10,17.93293704373858,0.014601839119889102,11,13,hbr,True,S11_D13 hbr,mild_master_6,,0.025429265736022805
95,az_itd=15_az=0,7.0,1.2174110675664783e-18,1.7788522942979406e-06,8.143180900800574e-10,14.489165883651049,0.01179878988922785,11,13,hbr,True,S11_D13 hbr,mild_master_6,,0.014161594901907727
96,az_itd=5_az=0,7.0,1.2174110675664783e-18,0.0001245933462461994,8.112558407701764e-10,7.616185247842645,0.0061786747667,11,13,hbr,True,S11_D13 hbr,mild_master_6,,0.02219378191971942
97,constant,7.0,1.2174110675664783e-18,0.34362553425187115,9.567311614304698e-10,-1.0156110682125343,-0.000971666756852618,11,13,hbr,False,S11_D13 hbr,mild_master_6,,
105,Linear,7.0,4.526965780803664e-18,0.09209979864119218,1.741491586580981e-13,-1.9504992146135847,-3.3967779718823686e-07,11,20,hbr,False,S11_D20 hbr,mild_master_6,,
106,ShortHbO,7.0,4.526965780803664e-18,0.0004905158268155824,0.001391408655279658,-6.101169721913624,-8489.2203584008,11,20,hbr,True,S11_D20 hbr,mild_master_6,,
107,az_itd=0_az=15,7.0,4.526965780803664e-18,1.7806565935931024e-06,1.5676118060910219e-09,14.487005600945844,0.022710001014949466,11,20,hbr,True,S11_D20 hbr,mild_master_6,,0.0237305895402298
108,az_itd=0_az=5,7.0,4.526965780803664e-18,1.0510867966773434e-05,1.5701499089932935e-09,11.131378084287373,0.017477932286013763,11,20,hbr,True,S11_D20 hbr,mild_master_6,,0.030937647982143473
109,az_itd=15_az=0,7.0,4.526965780803664e-18,0.021886196011076667,1.5702871102398957e-09,2.9344211361990227,0.004607883686188835,11,20,hbr,True,S11_D20 hbr,mild_master_6,,0.029963518487556753
110,az_itd=5_az=0,7.0,4.526965780803664e-18,0.01949486937894729,1.5643820337369603e-09,3.016046436549995,0.004718248858255193,11,20,hbr,True,S11_D20 hbr,mild_master_6,,0.020624890216506094
111,constant,7.0,4.526965780803664e-18,0.8867909880565636,1.8449088004558673e-09,-0.1476380704803392,-0.00027237877551150136,11,20,hbr,False,S11_D20 hbr,mild_master_6,,
175,Linear,7.0,4.108383503740536e-18,0.001970323508154726,1.6590262708694014e-13,-4.798224299147971,-7.960380165810405e-07,12,2,hbr,True,S12_D2 hbr,mild_master_6,,
176,ShortHbO,7.0,4.108383503740536e-18,5.350187068489774e-06,0.0013255209100125488,12.312346163956239,16320.272291636787,12,2,hbr,True,S12_D2 hbr,mild_master_6,,
177,az_itd=0_az=15,7.0,4.108383503740536e-18,4.316154043689157e-07,1.493380266014337e-09,17.82512500785108,0.026619689925963457,12,2,hbr,True,S12_D2 hbr,mild_master_6,,0.01227316038030015
178,az_itd=0_az=5,7.0,4.108383503740536e-18,1.2121348883276261e-08,1.495798181452737e-09,29.880070716495652,0.04469455543941338,12,2,hbr,True,S12_D2 hbr,mild_master_6,,0.03988215629613702
179,az_itd=15_az=0,7.0,4.108383503740536e-18,5.848572504945095e-07,1.4959288857721054e-09,17.052850355392998,0.0255098514313815,12,2,hbr,True,S12_D2 hbr,mild_master_6,,0.030004426157706654
180,az_itd=5_az=0,7.0,4.108383503740536e-18,2.1288112478705863e-07,1.4903034339322275e-09,19.75416970528434,0.029439706946265232,12,2,hbr,True,S12_D2 hbr,mild_master_6,,0.014733799846610317
181,constant,7.0,4.108383503740536e-18,0.44936743002020707,1.7575463418250113e-09,-0.8011713085071448,-0.00140809570244189,12,2,hbr,False,S12_D2 hbr,mild_master_6,,
147,Linear,7.0,7.131220627925779e-18,0.3074104881693068,2.1857460957329215e-13,1.1007517351833154,2.40596380754817e-07,12,10,hbr,False,S12_D10 hbr,mild_master_6,,
148,ShortHbO,7.0,7.131220627925779e-18,0.03163976354095859,0.0017463570075680554,2.67780427362834,4676.402258146538,12,10,hbr,True,S12_D10 hbr,mild_master_6,,
149,az_itd=0_az=15,7.0,7.131220627925779e-18,0.0002960709173602654,1.967509582699298e-09,-6.629562433398164,-0.013043727616814165,12,10,hbr,True,S12_D10 hbr,mild_master_6,,-0.03016030761895207
150,az_itd=0_az=5,7.0,7.131220627925779e-18,2.0310484504563826e-05,1.9706951556598315e-09,-10.07912847604179,-0.019862889661008614,12,10,hbr,True,S12_D10 hbr,mild_master_6,,0.021440900153644547
151,az_itd=15_az=0,7.0,7.131220627925779e-18,0.05198740560473222,1.970867356944869e-09,2.338136218237185,0.004608156348614193,12,10,hbr,False,S12_D10 hbr,mild_master_6,,-0.014228492979769573
152,az_itd=5_az=0,7.0,7.131220627925779e-18,1.324765611374022e-07,1.963455895407673e-09,-21.160445371188285,-0.04154760121351164,12,10,hbr,True,S12_D10 hbr,mild_master_6,,-0.03306317967916528
153,constant,7.0,7.131220627925779e-18,0.3189636856046686,2.315545041188865e-09,1.0727583049749687,0.0024840201734789608,12,10,hbr,False,S12_D10 hbr,mild_master_6,,
161,Linear,7.0,6.187892577877165e-16,0.4996956661608325,2.0360533696343305e-12,0.7116643343622874,1.448986566026908e-06,12,12,hbr,False,S12_D12 hbr,mild_master_6,,
162,ShortHbO,7.0,6.187892577877165e-16,0.06926619898069539,0.016267562260707965,-2.143589497155214,-34870.975606372114,12,12,hbr,False,S12_D12 hbr,mild_master_6,,
163,az_itd=0_az=15,7.0,6.187892577877165e-16,0.001002556375744696,1.8327629743744186e-08,-5.405499459315915,-0.09906999267035148,12,12,hbr,True,S12_D12 hbr,mild_master_6,,0.06259557243862827
164,az_itd=0_az=5,7.0,6.187892577877165e-16,0.0004202397467517466,1.835730380594735e-08,6.259576746008865,0.11490895202312808,12,12,hbr,True,S12_D12 hbr,mild_master_6,,0.03893598951852217
165,az_itd=15_az=0,7.0,6.187892577877165e-16,0.003291333583618284,1.8358907885247043e-08,-4.365678579003024,-0.08014909088851273,12,12,hbr,True,S12_D12 hbr,mild_master_6,,-0.23826689643049945
166,az_itd=5_az=0,7.0,6.187892577877165e-16,0.0004603089987354154,1.828986907389479e-08,-6.165923389281861,-0.11277393150963085,12,12,hbr,True,S12_D12 hbr,mild_master_6,,0.008000113464058307
167,constant,7.0,6.187892577877165e-16,0.8227216073131967,2.1569629211995775e-08,-0.23260651282006525,-0.00501723623382415,12,12,hbr,False,S12_D12 hbr,mild_master_6,,
189,Linear,7.0,1.5587813061429368e-18,0.05861784940983366,1.0219046356127497e-13,-2.2566783206985592,-2.3061100370086533e-07,13,1,hbr,False,S13_D1 hbr,mild_master_6,,
190,ShortHbO,7.0,1.5587813061429368e-18,1.8424276979208332e-05,0.0008164764996961792,-10.228992189464591,-8351.731738273606,13,1,hbr,True,S13_D1 hbr,mild_master_6,,
191,az_itd=0_az=15,7.0,1.5587813061429368e-18,5.749234983995378e-06,9.198722427541271e-10,12.18129389588538,0.011205234135655244,13,1,hbr,True,S13_D1 hbr,mild_master_6,,-0.0022835505180431657
192,az_itd=0_az=5,7.0,1.5587813061429368e-18,1.174573016825644e-06,9.213615977079375e-10,15.399665525108452,0.014188660432381768,13,1,hbr,True,S13_D1 hbr,mild_master_6,,0.012628256773311301
193,az_itd=15_az=0,7.0,1.5587813061429368e-18,3.1333522581698854e-07,9.214421071924479e-10,18.675535779311858,0.017208425041437075,13,1,hbr,True,S13_D1 hbr,mild_master_6,,0.030519335387344634
194,az_itd=5_az=0,7.0,1.5587813061429368e-18,0.0001885838295460331,9.179770172095298e-10,-7.130292040622956,-0.006545444219283913,13,1,hbr,True,S13_D1 hbr,mild_master_6,,-0.00157821526337755
195,constant,7.0,1.5587813061429368e-18,0.5970957404697457,1.0825897006887085e-09,-0.5535806208083072,-0.0005993006785879346,13,1,hbr,False,S13_D1 hbr,mild_master_6,,
217,Linear,7.0,4.219916918615203e-18,0.010835445312799919,1.6813948975713154e-13,-3.4401188950758965,-5.784198357219284e-07,13,3,hbr,True,S13_D3 hbr,mild_master_6,,
218,ShortHbO,7.0,4.219916918615203e-18,5.4912727180442945e-06,0.0013433928888607887,12.264777988052803,16476.41553260647,13,3,hbr,True,S13_D3 hbr,mild_master_6,,
219,az_itd=0_az=15,7.0,4.219916918615203e-18,2.340951059566659e-05,1.5135154900798212e-09,9.864265390990996,0.014929718467523155,13,3,hbr,True,S13_D3 hbr,mild_master_6,,0.018270943407130053
220,az_itd=0_az=5,7.0,4.219916918615203e-18,2.0780293273072785e-07,1.5159660062363585e-09,19.823506122334365,0.030051761405877227,13,3,hbr,True,S13_D3 hbr,mild_master_6,,0.01819562518942568
221,az_itd=15_az=0,7.0,4.219916918615203e-18,2.7484958808544814e-07,1.5160984728401337e-09,19.03468653929215,0.028858459193211478,13,3,hbr,True,S13_D3 hbr,mild_master_6,,0.01992231544839483
222,az_itd=5_az=0,7.0,4.219916918615203e-18,1.8447768800137297e-06,1.5103971731162016e-09,14.411812548533396,0.021767560932785444,13,3,hbr,True,S13_D3 hbr,mild_master_6,,0.015391100181002811
223,constant,7.0,4.219916918615203e-18,0.39870194061091235,1.7812433131882175e-09,-0.8986355503373045,-0.0016006885650315377,13,3,hbr,False,S13_D3 hbr,mild_master_6,,
231,Linear,7.0,8.28304174406831e-18,0.968738185473995,2.3556605008290806e-13,0.04061341613785421,9.56714201996775e-09,13,9,hbr,False,S13_D9 hbr,mild_master_6,,
232,ShortHbO,7.0,8.28304174406831e-18,4.880673360403236e-07,0.0018821144098599876,-17.50873333587679,-32953.43930984964,13,9,hbr,True,S13_D9 hbr,mild_master_6,,
233,az_itd=0_az=15,7.0,8.28304174406831e-18,5.004542390983738e-06,2.1204588300606405e-09,12.435178758177546,0.026368284601160086,13,9,hbr,True,S13_D9 hbr,mild_master_6,,0.01670700480799532
234,az_itd=0_az=5,7.0,8.28304174406831e-18,0.7494831338494806,2.1238920414525252e-09,0.3321736766703914,0.0007055010282602686,13,9,hbr,False,S13_D9 hbr,mild_master_6,,-0.04267918898868452
235,az_itd=15_az=0,7.0,8.28304174406831e-18,0.12663357268679143,2.1240776292324355e-09,-1.7333327945133086,-0.0036817334128406605,13,9,hbr,False,S13_D9 hbr,mild_master_6,,0.0127542753656945
236,az_itd=5_az=0,7.0,8.28304174406831e-18,2.442734609832138e-06,2.1160900193125686e-09,-13.827937225434274,-0.0292611599504222,13,9,hbr,True,S13_D9 hbr,mild_master_6,,-0.027151294518297998
237,constant,7.0,8.28304174406831e-18,0.9212209321634828,2.4955496899058687e-09,0.10251751562228903,0.0002558375543211234,13,9,hbr,False,S13_D9 hbr,mild_master_6,,
203,Linear,7.0,1.5374761583269092e-16,0.16156948749578354,1.0148970023442187e-12,1.5649677843754484,1.588281113127916e-06,13,11,hbr,False,S13_D11 hbr,mild_master_6,,
204,ShortHbO,7.0,1.5374761583269092e-16,0.0004109513144696191,0.008108775742359634,6.282718934437713,50945.15889163209,13,11,hbr,True,S13_D11 hbr,mild_master_6,,
205,az_itd=0_az=15,7.0,1.5374761583269092e-16,0.0022330906754509327,9.135642888546355e-09,-4.690540931619329,-0.04285110690538371,13,11,hbr,True,S13_D11 hbr,mild_master_6,,0.0640160812980051
206,az_itd=0_az=5,7.0,1.5374761583269092e-16,0.00037962524789926115,9.150434306701948e-09,-6.365325971393582,-0.05824549714198074,13,11,hbr,True,S13_D11 hbr,mild_master_6,,-0.08035856403836353
207,az_itd=15_az=0,7.0,1.5374761583269092e-16,0.00023184854562284123,9.151233880670422e-09,-6.897503482296144,-0.0631206675592307,13,11,hbr,True,S13_D11 hbr,mild_master_6,,-0.15239592501790564
208,az_itd=5_az=0,7.0,1.5374761583269092e-16,0.00030749784022409516,9.116820596749776e-09,-6.588786217260148,-0.06006878189309836,13,11,hbr,True,S13_D11 hbr,mild_master_6,,-0.07648169024691658
209,constant,7.0,1.5374761583269092e-16,0.8000249051221516,1.0751659242047452e-08,0.26313321730034117,0.002829118687676894,13,11,hbr,False,S13_D11 hbr,mild_master_6,,
245,Linear,7.0,2.149136451020612e-18,0.32582986356006444,1.1999130313665817e-13,1.0565051682280155,1.2677143190629388e-07,14,1,hbr,False,S14_D1 hbr,mild_master_6,,
246,ShortHbO,7.0,2.149136451020612e-18,0.09725418672546299,0.0009587008001021297,1.913509205477352,1834.4828062939278,14,1,hbr,False,S14_D1 hbr,mild_master_6,,
247,az_itd=0_az=15,7.0,2.149136451020612e-18,0.5767589735324768,1.080107333705601e-09,-0.5852374056342364,-0.0006321192137843783,14,1,hbr,False,S14_D1 hbr,mild_master_6,,-0.017260919367573856
248,az_itd=0_az=5,7.0,2.149136451020612e-18,0.0004350233482385461,1.0818561235193744e-09,-6.223901181588166,-0.006733365605480628,14,1,hbr,True,S14_D1 hbr,mild_master_6,,-0.01361554000385836
249,az_itd=15_az=0,7.0,2.149136451020612e-18,0.0014842970394509654,1.0819506571737352e-09,-5.047300152527571,-0.005460929716980299,14,1,hbr,True,S14_D1 hbr,mild_master_6,,-0.009819413136323809
250,az_itd=5_az=0,7.0,2.149136451020612e-18,5.578304174664856e-05,1.0778819735799203e-09,-8.635266555679987,-0.009307798157425025,14,1,hbr,True,S14_D1 hbr,mild_master_6,,-0.002715160569051831
251,constant,7.0,2.149136451020612e-18,0.7661935265978654,1.2711689958238816e-09,0.3091673005221478,0.0003930038869463189,14,1,hbr,False,S14_D1 hbr,mild_master_6,,
259,Linear,7.0,2.213542782001785e-18,0.08301515327285314,1.2177600849608357e-13,-2.020939722840035,-2.461019728586409e-07,14,2,hbr,False,S14_D2 hbr,mild_master_6,,
260,ShortHbO,7.0,2.213542782001785e-18,8.649978917616334e-05,0.0009729601539994619,-8.065818942166226,-7847.720440101829,14,2,hbr,True,S14_D2 hbr,mild_master_6,,
261,az_itd=0_az=15,7.0,2.213542782001785e-18,2.5016536510016714e-07,1.0961724425662293e-09,19.29668624232718,0.021152495691685938,14,2,hbr,True,S14_D2 hbr,mild_master_6,,-0.0023522686374146586
262,az_itd=0_az=5,7.0,2.213542782001785e-18,2.6499533717484726e-06,1.0979472432197183e-09,13.662805009487037,0.01500103909481485,14,2,hbr,True,S14_D2 hbr,mild_master_6,,0.0012211082555456845
263,az_itd=15_az=0,7.0,2.213542782001785e-18,4.7490194887149396e-07,1.098043182931978e-09,17.578649125574476,0.01930211583749023,14,2,hbr,True,S14_D2 hbr,mild_master_6,,0.023221655411482443
264,az_itd=5_az=0,7.0,2.213542782001785e-18,6.458567951300276e-05,1.093913983273866e-09,-8.441425154349806,-0.009234193015103007,14,2,hbr,True,S14_D2 hbr,mild_master_6,,0.0014024432341984898
265,constant,7.0,2.213542782001785e-18,0.46861173558828273,1.2900758837422375e-09,-0.7661832983009913,-0.0009884345956641938,14,2,hbr,False,S14_D2 hbr,mild_master_6,,
273,Linear,7.0,1.0150519825137008e-17,0.3920231205953623,2.6077257573894737e-13,0.9121436244662031,2.378620423959109e-07,14,9,hbr,False,S14_D9 hbr,mild_master_6,,
274,ShortHbO,7.0,1.0150519825137008e-17,2.0097104597670797e-06,0.0020835083082720884,-14.231317648734674,-29651.06855879789,14,9,hbr,True,S14_D9 hbr,mild_master_6,,
275,az_itd=0_az=15,7.0,1.0150519825137008e-17,0.02473150662576963,2.3473565510339602e-09,2.8487827854972494,0.006687108934009742,14,9,hbr,True,S14_D9 hbr,mild_master_6,,0.014705949318116014
276,az_itd=0_az=5,7.0,1.0150519825137008e-17,0.0015571472717791192,2.3511571300112912e-09,-5.004624961961449,-0.011766659662348149,14,9,hbr,True,S14_D9 hbr,mild_master_6,,-0.05232577031749056
277,az_itd=15_az=0,7.0,1.0150519825137008e-17,7.805783884603365e-05,2.351362576438634e-09,-8.196222365088483,-0.01927229053743841,14,9,hbr,True,S14_D9 hbr,mild_master_6,,-0.01540540298748874
278,az_itd=5_az=0,7.0,1.0150519825137008e-17,4.6205372306072386e-06,2.3425202597632533e-09,-12.583496410040244,-0.029477095279177433,14,9,hbr,True,S14_D9 hbr,mild_master_6,,-0.010684176381212997
279,constant,7.0,1.0150519825137008e-17,0.5754817308636698,2.762583658775296e-09,0.5872467535635115,0.0016223182850634004,14,9,hbr,False,S14_D9 hbr,mild_master_6,,
287,Linear,7.0,4.623573422339948e-17,0.653301707732798,5.565531615181627e-13,0.4690351442868311,2.6104299241596344e-07,15,17,hbr,False,S15_D17 hbr,mild_master_6,,
288,ShortHbO,7.0,4.623573422339948e-17,0.009545508524378037,0.004446721948166122,-3.534070734853162,-15715.029903043132,15,17,hbr,True,S15_D17 hbr,mild_master_6,,
289,az_itd=0_az=15,7.0,4.623573422339948e-17,0.002197951997024292,5.009839343674515e-09,-4.704104625045015,-0.023566808427311767,15,17,hbr,True,S15_D17 hbr,mild_master_6,,0.02862684692185384
290,az_itd=0_az=5,7.0,4.623573422339948e-17,0.7892104779283542,5.017950719034594e-09,0.27777468257642113,0.0013938596681639583,15,17,hbr,False,S15_D17 hbr,mild_master_6,,-0.010763028970145347
291,az_itd=15_az=0,7.0,4.623573422339948e-17,0.06978755986848836,5.0183891925141625e-09,-2.1385112602934075,-0.010731881796726279,15,17,hbr,False,S15_D17 hbr,mild_master_6,,-0.01916859567644761
292,az_itd=5_az=0,7.0,4.623573422339948e-17,0.01851770548824633,4.999517502165272e-09,-3.052507696923708,-0.015261065656264283,15,17,hbr,True,S15_D17 hbr,mild_master_6,,-0.026532314818861293
293,constant,7.0,4.623573422339948e-17,0.8868561984308205,5.896036670623602e-09,0.1475523206243451,0.0008699738932367499,15,17,hbr,False,S15_D17 hbr,mild_master_6,,
301,Linear,7.0,6.219627954282411e-15,0.22416430461249798,6.455055464114148e-12,-1.3333690493713561,-8.606971167825258e-06,15,22,hbr,False,S15_D22 hbr,mild_master_6,,
302,ShortHbO,7.0,6.219627954282411e-15,4.513471489730692e-05,0.051574294772862066,-8.92216568514135,-460154.4030577948,15,22,hbr,True,S15_D22 hbr,mild_master_6,,
303,az_itd=0_az=15,7.0,6.219627954282411e-15,0.0017103403796174589,5.810548401433322e-08,-4.921694985684085,-0.2859774693140905,15,22,hbr,True,S15_D22 hbr,mild_master_6,,-0.5994197474334646
304,az_itd=0_az=5,7.0,6.219627954282411e-15,0.0452598588655673,5.819956195955004e-08,-2.4324149664204326,-0.1415654855495228,15,22,hbr,True,S15_D22 hbr,mild_master_6,,0.019781055554962977
305,az_itd=15_az=0,7.0,6.219627954282411e-15,0.983857282520086,5.820464749463611e-08,-0.020966789176255333,-0.0012203645730982933,15,22,hbr,False,S15_D22 hbr,mild_master_6,,0.12984349332314907
306,az_itd=5_az=0,7.0,6.219627954282411e-15,0.07120842968626438,5.798576847942868e-08,2.124861888921903,0.12321174954178696,15,22,hbr,False,S15_D22 hbr,mild_master_6,,-0.002669188630152819
307,constant,7.0,6.219627954282411e-15,0.09306095056914433,6.838384247698544e-08,1.9434503795638085,0.13290060461792905,15,22,hbr,False,S15_D22 hbr,mild_master_6,,
315,Linear,7.0,1.8285645695890056e-17,0.00011086762438903895,3.50003933445497e-13,7.757710768652341,2.7152292835608094e-06,16,16,hbr,True,S16_D16 hbr,mild_master_6,,
316,ShortHbO,7.0,1.8285645695890056e-17,0.003946724174299562,0.002796444761091839,4.217929676070773,11795.207345301911,16,16,hbr,True,S16_D16 hbr,mild_master_6,,
317,az_itd=0_az=15,7.0,1.8285645695890056e-17,1.1877578419930541e-08,3.150576795634399e-09,-29.967520311759927,-0.09441497411693336,16,16,hbr,True,S16_D16 hbr,mild_master_6,,-0.08012259098291663
318,az_itd=0_az=5,7.0,1.8285645695890056e-17,1.9470741894244717e-08,3.1556778596081194e-09,-27.90986413781412,-0.08807454032437069,16,16,hbr,True,S16_D16 hbr,mild_master_6,,-0.1258602650484527
319,az_itd=15_az=0,7.0,1.8285645695890056e-17,2.8747893623465075e-08,3.155953605849758e-09,-26.38631537481045,-0.08327398715222195,16,16,hbr,True,S16_D16 hbr,mild_master_6,,-0.08654386577930633
320,az_itd=5_az=0,7.0,1.8285645695890056e-17,2.591590144862246e-07,3.1440856185493903e-09,-19.197942541119247,-0.06035997504927056,16,16,hbr,True,S16_D16 hbr,mild_master_6,,-0.048610735037767215
321,constant,7.0,1.8285645695890056e-17,0.3979421140616873,3.7078866299635736e-09,-0.9001638378815812,-0.003337705459257812,16,16,hbr,False,S16_D16 hbr,mild_master_6,,
329,Linear,7.0,4.84591423597189e-18,0.00023383192048877845,1.8017960754234576e-13,6.8880314708682775,1.2410828071603728e-06,16,17,hbr,True,S16_D17 hbr,mild_master_6,,
330,ShortHbO,7.0,4.84591423597189e-18,0.03200639279084366,0.0014395904486194534,2.6698555168330107,3843.498501226756,16,17,hbr,True,S16_D17 hbr,mild_master_6,,
331,az_itd=0_az=15,7.0,4.84591423597189e-18,1.3719541094531017e-07,1.6218951740947377e-09,-21.05343736755641,-0.034146468464545554,16,17,hbr,True,S16_D17 hbr,mild_master_6,,-0.030839842447806787
332,az_itd=0_az=5,7.0,4.84591423597189e-18,2.810094834279637e-08,1.6245211665965519e-09,-26.473018723668368,-0.043005979260306096,16,17,hbr,True,S16_D17 hbr,mild_master_6,,-0.04380752848620584
333,az_itd=15_az=0,7.0,4.84591423597189e-18,1.6559462836329695e-07,1.6246631188572325e-09,-20.487193840509047,-0.03328478824155411,16,17,hbr,True,S16_D17 hbr,mild_master_6,,-0.04594845336213394
334,az_itd=5_az=0,7.0,4.84591423597189e-18,2.1482299640803353e-08,1.6185535609644187e-09,-27.517475599143122,-0.0445385081197446,16,17,hbr,True,S16_D17 hbr,mild_master_6,,-0.04158884648840135
335,constant,7.0,4.84591423597189e-18,0.7192649716313566,1.9087944275985765e-09,-0.3742956874816681,-0.0007144535225391863,16,17,hbr,False,S16_D17 hbr,mild_master_6,,
343,Linear,7.0,3.571182406753055e-16,0.2589543258170249,1.5467630595089152e-12,1.228503833681445,1.9002043484035434e-06,16,22,hbr,False,S16_D22 hbr,mild_master_6,,
344,ShortHbO,7.0,3.571182406753055e-16,3.575142998034544e-07,0.012358253839703353,-18.32065759374823,-226411.33705382945,16,22,hbr,True,S16_D22 hbr,mild_master_6,,
345,az_itd=0_az=15,7.0,3.571182406753055e-16,0.0006324521297245834,1.3923260106424255e-08,5.847113738386894,0.08141088545140744,16,22,hbr,True,S16_D22 hbr,mild_master_6,,-0.05199712947836393
346,az_itd=0_az=5,7.0,3.571182406753055e-16,7.798421831998521e-06,1.3945803102558813e-08,-11.640001560971152,-0.16232916988278093,16,22,hbr,True,S16_D22 hbr,mild_master_6,,-0.01619280617125098
347,az_itd=15_az=0,7.0,3.571182406753055e-16,0.0018532576609969294,1.394702170057903e-08,4.851439118496578,0.06766312666470978,16,22,hbr,True,S16_D22 hbr,mild_master_6,,0.18834921670107405
348,az_itd=5_az=0,7.0,3.571182406753055e-16,4.0175699736706855e-06,1.3894573820447453e-08,-12.847231132810816,-0.17850680136319064,16,22,hbr,True,S16_D22 hbr,mild_master_6,,-0.04089870667148931
349,constant,7.0,3.571182406753055e-16,0.8814620958551704,1.6386164611397872e-08,0.1546496663386822,0.0025341148897234035,16,22,hbr,False,S16_D22 hbr,mild_master_6,,
357,Linear,7.0,5.708037473901854e-18,0.759212967850093,1.9555151397011896e-13,-0.3187547349971841,-6.233297101384342e-08,17,15,hbr,False,S17_D15 hbr,mild_master_6,,
358,ShortHbO,7.0,5.708037473901854e-18,0.06809805149014272,0.001562408174622622,2.1551080843888273,3367.1584882444035,17,15,hbr,False,S17_D15 hbr,mild_master_6,,
359,az_itd=0_az=15,7.0,5.708037473901854e-18,6.517755272334193e-06,1.760266109584659e-09,11.955789986641673,0.02104537192679696,17,15,hbr,True,S17_D15 hbr,mild_master_6,,0.00972258147346518
360,az_itd=0_az=5,7.0,5.708037473901854e-18,0.0003438583868470561,1.7631161369346365e-09,6.469546744767508,0.011406562264352542,17,15,hbr,True,S17_D15 hbr,mild_master_6,,0.033202715780810896
361,az_itd=15_az=0,7.0,5.708037473901854e-18,0.0010388401680276403,1.7632701997604259e-09,-5.3723877310370485,-0.009472971187696157,17,15,hbr,True,S17_D15 hbr,mild_master_6,,-0.010116991845399012
362,az_itd=5_az=0,7.0,5.708037473901854e-18,0.00795944211131743,1.7566394088961098e-09,-3.670456131134811,-0.006447667888575756,17,15,hbr,True,S17_D15 hbr,mild_master_6,,-0.019256819134843065
363,constant,7.0,5.708037473901854e-18,0.7869418934317138,2.071641986937412e-09,-0.28085452296605984,-0.0005818300219977672,17,15,hbr,False,S17_D15 hbr,mild_master_6,,
371,Linear,7.0,3.7901321126773517e-17,0.3997553319319799,5.0390068534345e-13,-0.8965203479099286,-4.517572177361612e-07,17,21,hbr,False,S17_D21 hbr,mild_master_6,,
372,ShortHbO,7.0,3.7901321126773517e-17,0.0008237910667164086,0.004026041701210507,5.590866167694725,22509.060337025938,17,21,hbr,True,S17_D21 hbr,mild_master_6,,
373,az_itd=0_az=15,7.0,3.7901321126773517e-17,2.5428962310770662e-05,4.5358856139671465e-09,-9.740936378670886,-0.0441837731865825,17,21,hbr,True,S17_D21 hbr,mild_master_6,,-0.016753593075709634
374,az_itd=0_az=5,7.0,3.7901321126773517e-17,0.0004717679892887805,4.543229616096022e-09,6.1408133314615,0.027899124994413164,17,21,hbr,True,S17_D21 hbr,mild_master_6,,0.008738903867776395
375,az_itd=15_az=0,7.0,3.7901321126773517e-17,0.9226864611968795,4.543626607977726e-09,0.10060294556422524,0.00045710222030654853,17,21,hbr,False,S17_D21 hbr,mild_master_6,,-0.09367082561267531
376,az_itd=5_az=0,7.0,3.7901321126773517e-17,0.7375134017411125,4.526540265903133e-09,-0.34877492636695384,-0.0015787437479374172,17,21,hbr,False,S17_D21 hbr,mild_master_6,,0.018971436087204252
377,constant,7.0,3.7901321126773517e-17,0.42027540765803995,5.33824461805773e-09,0.8561068648185748,0.004570107863600033,17,21,hbr,False,S17_D21 hbr,mild_master_6,,
385,Linear,7.0,1.4197705881781452e-17,0.027941783773344234,3.0840887162009963e-13,2.7638190694504687,8.523863205713328e-07,17,22,hbr,True,S17_D22 hbr,mild_master_6,,
386,ShortHbO,7.0,1.4197705881781452e-17,1.3657730924843955e-05,0.0024641105167767336,10.70177815489127,26370.364099679085,17,22,hbr,True,S17_D22 hbr,mild_master_6,,
387,az_itd=0_az=15,7.0,1.4197705881781452e-17,4.900630344575917e-07,2.7761568989492034e-09,-17.49832286717914,-0.048578089747759984,17,22,hbr,True,S17_D22 hbr,mild_master_6,,-0.07900711453420355
388,az_itd=0_az=5,7.0,1.4197705881781452e-17,6.886662484829982e-08,2.7806517438176885e-09,-23.260981377630916,-0.06468068843062018,17,22,hbr,True,S17_D22 hbr,mild_master_6,,-0.06357401666101442
389,az_itd=15_az=0,7.0,1.4197705881781452e-17,4.5038806704537985e-06,2.7808947199076997e-09,-12.63134811524214,-0.03512644927899294,17,22,hbr,True,S17_D22 hbr,mild_master_6,,-0.045116085268136215
390,az_itd=5_az=0,7.0,1.4197705881781452e-17,3.119689003693884e-06,2.770437144372258e-09,-13.337382207673164,-0.0369503790768274,17,22,hbr,True,S17_D22 hbr,mild_master_6,,-0.04710311325575377
391,constant,7.0,1.4197705881781452e-17,0.20029083092401295,3.2672350861462357e-09,1.4138915386501905,0.0046195160430831895,17,22,hbr,False,S17_D22 hbr,mild_master_6,,
399,Linear,7.0,2.6449522990210198e-15,0.14306842894685826,4.2094630028639766e-12,1.6493271177460396,6.942781481772231e-06,18,16,hbr,False,S18_D16 hbr,mild_master_6,,
400,ShortHbO,7.0,2.6449522990210198e-15,0.05324000744504038,0.033632567055712714,-2.3219668192145946,-78093.70474837482,18,16,hbr,False,S18_D16 hbr,mild_master_6,,
401,az_itd=0_az=15,7.0,2.6449522990210198e-15,0.5601476279054216,3.7891678325866455e-08,-0.6115763979547046,-0.023173656142991758,18,16,hbr,False,S18_D16 hbr,mild_master_6,,0.3941195188732736
402,az_itd=0_az=5,7.0,2.6449522990210198e-15,0.3021979244319363,3.795302832231146e-08,-1.113661303705868,-0.042266819001011105,18,16,hbr,False,S18_D16 hbr,mild_master_6,,-0.24474423248944396
403,az_itd=15_az=0,7.0,2.6449522990210198e-15,0.4912284251366036,3.795634469533313e-08,0.7262871530266012,0.027567205528069835,18,16,hbr,False,S18_D16 hbr,mild_master_6,,0.10094098299780987
404,az_itd=5_az=0,7.0,2.6449522990210198e-15,0.0010834017124315796,3.781360957528014e-08,-5.333441815859927,-0.20167668651740042,18,16,hbr,True,S18_D16 hbr,mild_master_6,,-0.7466967979372507
405,constant,7.0,2.6449522990210198e-15,0.16129004915040365,4.4594389080133536e-08,-1.5661737250504042,-0.06984256046197981,18,16,hbr,False,S18_D16 hbr,mild_master_6,,
413,Linear,7.0,2.67323918196027e-16,0.21606571950334724,1.3382482489906158e-12,1.3597977245778907,1.8197469238977859e-06,18,22,hbr,False,S18_D22 hbr,mild_master_6,,
414,ShortHbO,7.0,2.67323918196027e-16,6.967345493163904e-05,0.010692272135601285,-8.34255990198707,-89200.92077960093,18,22,hbr,True,S18_D22 hbr,mild_master_6,,
415,az_itd=0_az=15,7.0,2.67323918196027e-16,0.0008805333367548534,1.2046304275962545e-08,5.527523874119811,0.06658623448029453,18,22,hbr,True,S18_D22 hbr,mild_master_6,,-0.050258035607669095
416,az_itd=0_az=5,7.0,2.67323918196027e-16,0.01544817812312861,1.206580831371326e-08,-3.1819728056162897,-0.038393073932014535,18,22,hbr,True,S18_D22 hbr,mild_master_6,,-0.10369943763968505
417,az_itd=15_az=0,7.0,2.67323918196027e-16,0.30942068971555475,1.2066862635935888e-08,-1.0958206620386342,-0.013223117402440523,18,22,hbr,False,S18_D22 hbr,mild_master_6,,0.13248495366865823
418,az_itd=5_az=0,7.0,2.67323918196027e-16,0.00013996266171718627,1.2021485108125238e-08,-7.477230309187631,-0.08988741281192177,18,22,hbr,True,S18_D22 hbr,mild_master_6,,-0.016839285161631717
419,constant,7.0,2.67323918196027e-16,0.3901037554083053,1.4177191499412584e-08,-0.9160571560565752,-0.012987117725821345,18,22,hbr,False,S18_D22 hbr,mild_master_6,,
427,Linear,7.0,7.044012362028878e-19,0.3782545637162376,6.869542734193958e-14,0.940541533104449,6.461090254945313e-08,18,23,hbr,False,S18_D23 hbr,mild_master_6,,
428,ShortHbO,7.0,7.044012362028878e-19,0.00032048213656194917,0.0005488594542645232,6.544469543950354,3591.9939823433847,18,23,hbr,True,S18_D23 hbr,mild_master_6,,
429,az_itd=0_az=15,7.0,7.044012362028878e-19,1.790381205190454e-05,6.183651058407504e-10,-10.273426910519188,-0.0063527287188704104,18,23,hbr,True,S18_D23 hbr,mild_master_6,,-0.00858680449958263
430,az_itd=0_az=5,7.0,7.044012362028878e-19,2.914667284763391e-06,6.193662939306203e-10,-13.472047565732444,-0.008344132172444738,18,23,hbr,True,S18_D23 hbr,mild_master_6,,-0.0001753148769944351
431,az_itd=15_az=0,7.0,7.044012362028878e-19,0.0003483043135840665,6.194204147678373e-10,6.455945079467957,0.00399894417884242,18,23,hbr,True,S18_D23 hbr,mild_master_6,,-0.0016325929019958738
432,az_itd=5_az=0,7.0,7.044012362028878e-19,2.7509903790406626e-06,6.17091079633624e-10,-13.587538091069398,-0.008384748550181004,18,23,hbr,True,S18_D23 hbr,mild_master_6,,-0.008892538428930619
433,constant,7.0,7.044012362028878e-19,0.31828058814834126,7.27748554347251e-10,1.0743905519024084,0.0007818861709513228,18,23,hbr,False,S18_D23 hbr,mild_master_6,,
441,Linear,7.0,4.0961120908208485e-17,0.06836834948560423,5.238460712714009e-13,-2.152425281023285,-1.127539527169289e-06,19,15,hbr,False,S19_D15 hbr,mild_master_6,,
442,ShortHbO,7.0,4.0961120908208485e-17,2.831542363576751e-07,0.00418540039594603,18.952524981188134,79323.90556044184,19,15,hbr,True,S19_D15 hbr,mild_master_6,,
443,az_itd=0_az=15,7.0,4.0961120908208485e-17,0.5251187110044764,4.715424939328359e-09,-0.6686982436850063,-0.003153196375157351,19,15,hbr,False,S19_D15 hbr,mild_master_6,,-0.0260307142682817
444,az_itd=0_az=5,7.0,4.0961120908208485e-17,6.496930397027868e-05,4.723059631589191e-09,8.4336682978632,0.039832718283851196,19,15,hbr,True,S19_D15 hbr,mild_master_6,,0.05362683578554722
445,az_itd=15_az=0,7.0,4.0961120908208485e-17,0.00010601225030475243,4.723472337194891e-09,7.812576649790091,0.036902489687498236,19,15,hbr,True,S19_D15 hbr,mild_master_6,,0.0803361329751115
446,az_itd=5_az=0,7.0,4.0961120908208485e-17,0.16768687723658046,4.705709683901269e-09,1.5390380736140634,0.007242266366898453,19,15,hbr,False,S19_D15 hbr,mild_master_6,,-0.017470327387726074
447,constant,7.0,4.0961120908208485e-17,0.4246348512000724,5.5495429000046925e-09,0.847706090940703,0.004704381318270711,19,15,hbr,False,S19_D15 hbr,mild_master_6,,
455,Linear,7.0,6.343231863099653e-19,0.003512652288635161,6.518881221992668e-14,-4.312423003955764,-2.811217334177644e-07,19,21,hbr,True,S19_D21 hbr,mild_master_6,,
456,ShortHbO,7.0,6.343231863099653e-19,0.004827452041156746,0.0005208424677392979,-4.057068377604622,-2113.0935055786613,19,21,hbr,True,S19_D21 hbr,mild_master_6,,
457,az_itd=0_az=15,7.0,6.343231863099653e-19,1.234247609715627e-07,5.868001456247964e-10,21.378443410231128,0.012544873706355094,19,21,hbr,True,S19_D21 hbr,mild_master_6,,0.007939646002945375
458,az_itd=0_az=5,7.0,6.343231863099653e-19,1.333832792313185e-07,5.877502272373977e-10,21.139549792598114,0.012424775194295823,19,21,hbr,True,S19_D21 hbr,mild_master_6,,0.01906005933882344
459,az_itd=15_az=0,7.0,6.343231863099653e-19,1.5269296537138605e-07,5.878015854315459e-10,20.72948722333934,0.012184825455061839,19,21,hbr,True,S19_D21 hbr,mild_master_6,,0.01776554308518106
460,az_itd=5_az=0,7.0,6.343231863099653e-19,4.757315095068725e-06,5.855911531431538e-10,12.52911120158513,0.007336936676395041,19,21,hbr,True,S19_D21 hbr,mild_master_6,,0.009751334205028429
461,constant,7.0,6.343231863099653e-19,0.40488586634489887,6.906000251883225e-10,-0.8862765102314973,-0.0006120625802896907,19,21,hbr,False,S19_D21 hbr,mild_master_6,,
497,Linear,7.0,2.939035538126833e-17,0.13663734032132221,4.4373143222671556e-13,-1.6810572179986123,-7.459379269975822e-07,20,12,hbr,False,S20_D12 hbr,mild_master_6,,
498,ShortHbO,7.0,2.939035538126833e-17,9.32770441431176e-05,0.0035453042677744844,-7.971131176258968,-28260.085378181164,20,12,hbr,True,S20_D12 hbr,mild_master_6,,
499,az_itd=0_az=15,7.0,2.939035538126833e-17,0.0024269930765561725,3.994269264647587e-09,4.619703248694355,0.018452338698052472,20,12,hbr,True,S20_D12 hbr,mild_master_6,,0.011300532375931191
500,az_itd=0_az=5,7.0,2.939035538126833e-17,0.0055806993237728615,4.000736341747711e-09,3.943159359675527,0.015775540951556515,20,12,hbr,True,S20_D12 hbr,mild_master_6,,0.04492346036918442
501,az_itd=15_az=0,7.0,2.939035538126833e-17,7.203701821661078e-05,4.001085930032417e-09,8.2993719950479,0.03320650051749123,20,12,hbr,True,S20_D12 hbr,mild_master_6,,0.0702119887496039
502,az_itd=5_az=0,7.0,2.939035538126833e-17,0.16351971642139093,3.986039816262782e-09,1.5566045891058247,0.006204687870353185,20,12,hbr,False,S20_D12 hbr,mild_master_6,,0.050473025512077684
503,constant,7.0,2.939035538126833e-17,0.8710877692780843,4.700821012642234e-09,0.16832513743867653,0.0007912663430276225,20,12,hbr,False,S20_D12 hbr,mild_master_6,,
511,Linear,7.0,2.1215832054162645e-18,0.15270660968675212,1.1921964086317654e-13,-1.6041914541405546,-1.9125112903841386e-07,20,13,hbr,False,S20_D13 hbr,mild_master_6,,
512,ShortHbO,7.0,2.1215832054162645e-18,0.4097509485483526,0.0009525354096141796,-0.8766501891447813,-835.0403470053724,20,13,hbr,False,S20_D13 hbr,mild_master_6,,
513,az_itd=0_az=15,7.0,2.1215832054162645e-18,3.82359572827155e-05,1.0731611796182319e-09,9.15250062342517,0.009822108365491557,20,13,hbr,True,S20_D13 hbr,mild_master_6,,0.005299105129723025
514,az_itd=0_az=5,7.0,2.1215832054162645e-18,0.008591814840963151,1.0748987229909029e-09,3.6128248107935943,0.0038834207755118846,20,13,hbr,True,S20_D13 hbr,mild_master_6,,0.0193847287364091
515,az_itd=15_az=0,7.0,2.1215832054162645e-18,0.011869935303037246,1.074992648700748e-09,3.373101421694955,0.003626059231644119,20,13,hbr,True,S20_D13 hbr,mild_master_6,,0.017587859116538356
516,az_itd=5_az=0,7.0,2.1215832054162645e-18,0.00035902909503049397,1.0709501307501923e-09,6.423920593771472,0.006879698599828411,20,13,hbr,True,S20_D13 hbr,mild_master_6,,0.01864413278582588
517,constant,7.0,2.1215832054162645e-18,0.9562198984226,1.26299412704877e-09,-0.05689359071036923,-7.18562709339128e-05,20,13,hbr,False,S20_D13 hbr,mild_master_6,,
525,Linear,7.0,1.5985681479573878e-18,0.01883446746167605,1.0348641741988386e-13,-3.040468771916027,-3.1464722048262365e-07,20,20,hbr,True,S20_D20 hbr,mild_master_6,,
526,ShortHbO,7.0,1.5985681479573878e-18,4.1014754832907765e-07,0.0008268308501254664,17.958053008862663,14848.272235916105,20,20,hbr,True,S20_D20 hbr,mild_master_6,,
527,az_itd=0_az=15,7.0,1.5985681479573878e-18,3.9988899137790566e-07,9.31537832094659e-10,18.024404465278096,0.016790414660382447,20,20,hbr,True,S20_D20 hbr,mild_master_6,,0.008561338695865133
528,az_itd=0_az=5,7.0,1.5985681479573878e-18,0.0003137835291944415,9.330460746748874e-10,6.567075393344257,0.006127383917853901,20,20,hbr,True,S20_D20 hbr,mild_master_6,,0.024537690016254735
529,az_itd=15_az=0,7.0,1.5985681479573878e-18,1.5792994506739403e-06,9.331276051605115e-10,14.744836611885875,0.013758814076132097,20,20,hbr,True,S20_D20 hbr,mild_master_6,,0.02391851449994194
530,az_itd=5_az=0,7.0,1.5985681479573878e-18,1.1076415024821009e-05,9.296185717744882e-10,11.044185285325277,0.010266879751356903,20,20,hbr,True,S20_D20 hbr,mild_master_6,,0.016531730453688265
531,constant,7.0,1.5985681479573878e-18,0.6865781605153265,1.096318832067553e-09,-0.42071542009736046,-0.00046123823799394816,20,20,hbr,False,S20_D20 hbr,mild_master_6,,
539,Linear,7.0,8.957977589441512e-18,0.2331931798991355,2.4497556084912147e-13,-1.304871444308658,-3.196616139055167e-07,21,11,hbr,False,S21_D11 hbr,mild_master_6,,
540,ShortHbO,7.0,8.957977589441512e-18,2.009970253025877e-05,0.0019572940709214606,10.095075088064911,19759.030615376392,21,11,hbr,True,S21_D11 hbr,mild_master_6,,
541,az_itd=0_az=15,7.0,8.957977589441512e-18,1.2081337858945487e-05,2.2051589818174224e-09,10.90105907372317,0.024038568327742958,21,11,hbr,True,S21_D11 hbr,mild_master_6,,0.03246220986489249
542,az_itd=0_az=5,7.0,8.957977589441512e-18,0.36588885600636617,2.2087293302863317e-09,0.966718557011753,0.002135219631003938,21,11,hbr,False,S21_D11 hbr,mild_master_6,,0.016416766785962125
543,az_itd=15_az=0,7.0,8.957977589441512e-18,0.0017348130804102314,2.2089223312321568e-09,4.909212886272706,0.010844069973260451,21,11,hbr,True,S21_D11 hbr,mild_master_6,,0.002004030548088539
544,az_itd=5_az=0,7.0,8.957977589441512e-18,0.003944799891305334,2.2006156621715058e-09,4.218322939223867,0.009282907528153384,21,11,hbr,True,S21_D11 hbr,mild_master_6,,-0.010964748604949387
545,constant,7.0,8.957977589441512e-18,0.7963248043002843,2.5952325672412294e-09,-0.26813536387208087,-0.0006958736287499017,21,11,hbr,False,S21_D11 hbr,mild_master_6,,
553,Linear,7.0,1.7087071643589276e-18,0.005058907246367715,1.069920712316582e-13,-4.020108827261233,-4.3011977000535177e-07,21,12,hbr,True,S21_D12 hbr,mild_master_6,,
554,ShortHbO,7.0,1.7087071643589276e-18,2.8068592054123626e-08,0.000854840156019923,26.47741478882147,22633.957389080366,21,12,hbr,True,S21_D12 hbr,mild_master_6,,
555,az_itd=0_az=15,7.0,1.7087071643589276e-18,5.130494074583722e-08,9.630941390314878e-10,24.27131952787731,0.023375565583859136,21,12,hbr,True,S21_D12 hbr,mild_master_6,,0.006704444428730733
556,az_itd=0_az=5,7.0,1.7087071643589276e-18,7.863638279389536e-07,9.646534740785566e-10,16.331262186688022,0.015754008804476364,21,12,hbr,True,S21_D12 hbr,mild_master_6,,0.025077748844945597
557,az_itd=15_az=0,7.0,1.7087071643589276e-18,2.8527447668798062e-09,9.647377664498931e-10,36.78311530851176,0.03548606050580251,21,12,hbr,True,S21_D12 hbr,mild_master_6,,0.03125434798813369
558,az_itd=5_az=0,7.0,1.7087071643589276e-18,6.421240103832886e-05,9.611098628143042e-10,8.449022986467057,0.008120439323438255,21,12,hbr,True,S21_D12 hbr,mild_master_6,,0.015143748168445104
559,constant,7.0,1.7087071643589276e-18,0.16561361586151613,1.133457177256988e-09,-1.547727002219729,-0.001754282279100394,21,12,hbr,False,S21_D12 hbr,mild_master_6,,
567,Linear,7.0,7.324514260013698e-19,0.024224680371939238,7.004984670761375e-14,2.863250864160881,2.005702841199123e-07,21,19,hbr,True,S21_D19 hbr,mild_master_6,,
568,ShortHbO,7.0,7.324514260013698e-19,3.799775419064782e-07,0.0005596809296181729,-18.15891255401991,-10163.197059088974,21,19,hbr,True,S21_D19 hbr,mild_master_6,,
569,az_itd=0_az=15,7.0,7.324514260013698e-19,4.333054357285503e-05,6.305569751807429e-10,-8.978344833376015,-0.0056613579602632315,21,19,hbr,True,S21_D19 hbr,mild_master_6,,0.0028874603514015256
570,az_itd=0_az=5,7.0,7.324514260013698e-19,9.569024377762324e-06,6.315779029911456e-10,-11.289125817892366,-0.0071299624106676614,21,19,hbr,True,S21_D19 hbr,mild_master_6,,-0.005649142350575294
571,az_itd=15_az=0,7.0,7.324514260013698e-19,1.638240840487295e-06,6.316330908907981e-10,-14.66565345781815,-0.009263312023494999,21,19,hbr,True,S21_D19 hbr,mild_master_6,,-0.008991463099680741
572,az_itd=5_az=0,7.0,7.324514260013698e-19,4.438649115117671e-07,6.29257829896058e-10,-17.75261128771948,-0.011170969653898624,21,19,hbr,True,S21_D19 hbr,mild_master_6,,-0.007650443531473187
573,constant,7.0,7.324514260013698e-19,0.5201234376127476,7.4209706011377e-10,0.6770341439627106,0.0005024250478313704,21,19,hbr,False,S21_D19 hbr,mild_master_6,,
581,Linear,7.0,1.880600544652906e-18,0.010229794656598817,1.1224475429019841e-13,-3.4826360641789154,-3.90907629305946e-07,21,20,hbr,True,S21_D20 hbr,mild_master_6,,
582,ShortHbO,7.0,1.880600544652906e-18,0.0005038283770183524,0.0008968077930008315,6.074036267215036,5447.243059408125,21,20,hbr,True,S21_D20 hbr,mild_master_6,,
583,az_itd=0_az=15,7.0,1.880600544652906e-18,9.67927292844155e-07,1.0103764115366788e-09,15.842439095683783,0.016006826763485367,21,20,hbr,True,S21_D20 hbr,mild_master_6,,0.004578697736461054
584,az_itd=0_az=5,7.0,1.880600544652906e-18,1.3627872956568997e-07,1.0120123007871577e-09,21.073892832942207,0.02132703877240784,21,20,hbr,True,S21_D20 hbr,mild_master_6,,0.03249022770598286
585,az_itd=15_az=0,7.0,1.880600544652906e-18,1.5043135049318994e-08,1.0121007314194494e-09,28.96590850462205,0.029316417183756823,21,20,hbr,True,S21_D20 hbr,mild_master_6,,0.03744136842889657
586,az_itd=5_az=0,7.0,1.880600544652906e-18,0.00020042552044256703,1.0082947189974306e-09,7.061024393102667,0.007119593606277457,21,20,hbr,True,S21_D20 hbr,mild_master_6,,0.006216009541154139
587,constant,7.0,1.880600544652906e-18,0.2612821339943856,1.1891032755521387e-09,-1.2219274855037727,-0.0014529979754997245,21,20,hbr,False,S21_D20 hbr,mild_master_6,,
595,Linear,7.0,8.253251450116304e-18,0.17125871490224825,2.3514205710904425e-13,1.524297390222368,3.584264239828352e-07,22,10,hbr,False,S22_D10 hbr,mild_master_6,,
596,ShortHbO,7.0,8.253251450116304e-18,1.8012841634357672e-06,0.0018787268109869428,-14.462483975037362,-27171.056397371703,22,10,hbr,True,S22_D10 hbr,mild_master_6,,
597,az_itd=0_az=15,7.0,8.253251450116304e-18,0.2033036800277924,2.116642237453188e-09,-1.4032745476138238,-0.002970230178222434,22,10,hbr,False,S22_D10 hbr,mild_master_6,,-0.021680753244428457
598,az_itd=0_az=5,7.0,8.253251450116304e-18,4.9924416265902144e-05,2.1200692694422792e-09,-8.784559346045762,-0.018623874315143587,22,10,hbr,True,S22_D10 hbr,mild_master_6,,-0.029439619569704305
599,az_itd=15_az=0,7.0,8.253251450116304e-18,0.000144904283977347,2.1202545231846034e-09,-7.436178653454901,-0.015766591425196548,22,10,hbr,True,S22_D10 hbr,mild_master_6,,0.014320934116526324
600,az_itd=5_az=0,7.0,8.253251450116304e-18,1.9467232585327475e-06,2.112281290083819e-09,-14.298186171517687,-0.030201791132232,22,10,hbr,True,S22_D10 hbr,mild_master_6,,-0.03086428790223934
601,constant,7.0,8.253251450116304e-18,0.5969223410827227,2.4910579750170904e-09,0.5538479433182161,0.0013796673361496556,22,10,hbr,False,S22_D10 hbr,mild_master_6,,
609,Linear,7.0,1.1021152110165398e-16,0.07893570738748062,8.592732124440221e-13,-2.055084990860191,-1.7658794819419302e-06,22,12,hbr,False,S22_D12 hbr,mild_master_6,,
610,ShortHbO,7.0,1.1021152110165398e-16,1.0912534625045213e-05,0.006865380196248063,-11.068921593791751,-75992.35510384044,22,12,hbr,True,S22_D12 hbr,mild_master_6,,
611,az_itd=0_az=15,7.0,1.1021152110165398e-16,0.0019229491317751788,7.734788056768889e-09,4.81932636621182,0.03727646801904659,22,12,hbr,True,S22_D12 hbr,mild_master_6,,0.016209897898813566
612,az_itd=0_az=5,7.0,1.1021152110165398e-16,0.2812983862202794,7.747311366391248e-09,1.1673273456823394,0.009043648413504113,22,12,hbr,False,S22_D12 hbr,mild_master_6,,0.08207552390125385
613,az_itd=15_az=0,7.0,1.1021152110165398e-16,1.8849277029630486e-06,7.747988334094266e-09,14.366227707493413,0.11130936468260078,22,12,hbr,True,S22_D12 hbr,mild_master_6,,0.13231647414126468
614,az_itd=5_az=0,7.0,1.1021152110165398e-16,0.003205340180807087,7.718851965618511e-09,-4.387442977602085,-0.03386602285170298,22,12,hbr,True,S22_D12 hbr,mild_master_6,,-0.0845427270605478
615,constant,7.0,1.1021152110165398e-16,0.7069522734142393,9.103005284948263e-09,0.39166974155316037,0.003565371727312739,22,12,hbr,False,S22_D12 hbr,mild_master_6,,
623,Linear,7.0,1.0471009771059368e-16,0.6029165732139558,8.37552534620545e-13,0.5446318092033469,4.5615775223323627e-07,22,20,hbr,False,S22_D20 hbr,mild_master_6,,
624,ShortHbO,7.0,1.0471009771059368e-16,0.6866188669156021,0.006691837358860823,0.4206570008916086,2814.968233832817,22,20,hbr,False,S22_D20 hbr,mild_master_6,,
625,az_itd=0_az=15,7.0,1.0471009771059368e-16,1.2388711080710592e-06,7.53926835828312e-09,15.279793977119342,0.11519846725278085,22,20,hbr,True,S22_D20 hbr,mild_master_6,,0.13974733752110421
626,az_itd=0_az=5,7.0,1.0471009771059368e-16,0.05075215640291174,7.551475104128493e-09,2.3544752581461497,0.017779761295177155,22,20,hbr,False,S22_D20 hbr,mild_master_6,,-0.009675233363600221
627,az_itd=15_az=0,7.0,1.0471009771059368e-16,0.39599024229307445,7.552134959465899e-09,0.904099669080675,0.006827882717705716,22,20,hbr,False,S22_D20 hbr,mild_master_6,,0.009184420648909768
628,az_itd=5_az=0,7.0,1.0471009771059368e-16,0.34576145893054266,7.523735099080284e-09,-1.0108155083976251,-0.007605108119225895,22,20,hbr,False,S22_D20 hbr,mild_master_6,,-0.019719080725884013
629,constant,7.0,1.0471009771059368e-16,0.12454428804467398,8.872899839839148e-09,-1.7447439310505242,-0.015480938146378522,22,20,hbr,False,S22_D20 hbr,mild_master_6,,
679,Linear,7.0,1.1335026100876634e-17,0.5677706188310039,2.755681604179249e-13,0.5994332723851757,1.6518472416447978e-07,23,9,hbr,False,S23_D9 hbr,mild_master_6,,
680,ShortHbO,7.0,1.1335026100876634e-17,0.00010872144163766966,0.0022017213662097945,-7.781621388952683,-17132.962075812262,23,9,hbr,True,S23_D9 hbr,mild_master_6,,
681,az_itd=0_az=15,7.0,1.1335026100876634e-17,0.039709248781542576,2.480539699316176e-09,2.5217427737022744,0.00625528306163218,23,9,hbr,True,S23_D9 hbr,mild_master_6,,-0.0012706763654566178
682,az_itd=0_az=5,7.0,1.1335026100876634e-17,0.004971330947508623,2.484555913652896e-09,-4.033871554224561,-0.01002237942496483,23,9,hbr,True,S23_D9 hbr,mild_master_6,,-0.03358524499223903
683,az_itd=15_az=0,7.0,1.1335026100876634e-17,1.58020689174754e-05,2.4847730165974328e-09,-10.469075105170011,-0.026013275330058375,23,9,hbr,True,S23_D9 hbr,mild_master_6,,0.0014432866698517843
684,az_itd=5_az=0,7.0,1.1335026100876634e-17,1.3872704384770038e-05,2.475429008957202e-09,-10.67663824925482,-0.026429260040347412,23,9,hbr,True,S23_D9 hbr,mild_master_6,,-0.008561763098644232
685,constant,7.0,1.1335026100876634e-17,0.41996332048404017,2.9193257561386607e-09,0.8567106641897445,0.00250101750752778,23,9,hbr,False,S23_D9 hbr,mild_master_6,,
637,Linear,7.0,6.324755691531888e-18,0.43728919333759586,2.058446822850939e-13,0.8236645417119085,1.6954696589818528e-07,23,10,hbr,False,S23_D10 hbr,mild_master_6,,
638,ShortHbO,7.0,6.324755691531888e-18,1.6969193521672912e-06,0.0016446480406895289,-14.589982268762206,-23995.38575201473,23,10,hbr,True,S23_D10 hbr,mild_master_6,,
639,az_itd=0_az=15,7.0,6.324755691531888e-18,0.145923675725807,1.8529205461433533e-09,-1.6356668976262125,-0.0030307608012581666,23,10,hbr,False,S23_D10 hbr,mild_master_6,,-0.018097926037204837
640,az_itd=0_az=5,7.0,6.324755691531888e-18,0.0005957485224110493,1.8559205892647254e-09,-5.9061888667910045,-0.010961417521963522,23,10,hbr,True,S23_D10 hbr,mild_master_6,,-0.012623179876730251
641,az_itd=15_az=0,7.0,6.324755691531888e-18,0.33932191047201166,1.8560827614350282e-09,-1.0253448560113836,-0.0019031249117688104,23,10,hbr,False,S23_D10 hbr,mild_master_6,,-0.0012201607662186544
642,az_itd=5_az=0,7.0,6.324755691531888e-18,4.919758733987556e-05,1.84910294823362e-09,-8.804454940439177,-0.016280343587956145,23,10,hbr,True,S23_D10 hbr,mild_master_6,,-0.019595936349786545
643,constant,7.0,6.324755691531888e-18,0.7198387226161257,2.1806861933820334e-09,0.37348920800575613,0.0008144627592753429,23,10,hbr,False,S23_D10 hbr,mild_master_6,,
651,Linear,7.0,4.1335357275348895e-18,0.15158358950994538,1.664096942579688e-13,1.6093115125771227,2.678050367737883e-07,23,11,hbr,False,S23_D11 hbr,mild_master_6,,
652,ShortHbO,7.0,4.1335357275348895e-18,4.362173756428593e-06,0.0013295722511503065,12.691407894347083,16874.143764353823,23,11,hbr,True,S23_D11 hbr,mild_master_6,,
653,az_itd=0_az=15,7.0,4.1335357275348895e-18,0.000763619757910222,1.4979446548974683e-09,-5.6635900743855565,-0.0084837444794562,23,11,hbr,True,S23_D11 hbr,mild_master_6,,-0.023933752338988916
654,az_itd=0_az=5,7.0,4.1335357275348895e-18,0.029717960781896233,1.5003699604873249e-09,-2.721108441594373,-0.004082669364996676,23,11,hbr,True,S23_D11 hbr,mild_master_6,,0.007441612571637961
655,az_itd=15_az=0,7.0,4.1335357275348895e-18,0.16198159535438994,1.500501064293251e-09,-1.5631928055009543,-0.0023455724683497346,23,11,hbr,False,S23_D11 hbr,mild_master_6,,-0.016121954946096775
656,az_itd=5_az=0,7.0,4.1335357275348895e-18,0.00010162514847473865,1.494858418741614e-09,-7.864647685172772,-0.011756534802617263,23,11,hbr,True,S23_D11 hbr,mild_master_6,,-0.02701992685993241
657,constant,7.0,4.1335357275348895e-18,0.8106162764426188,1.7629181316944626e-09,-0.24885537836450297,-0.0004387116586884682,23,11,hbr,False,S23_D11 hbr,mild_master_6,,
665,Linear,7.0,3.063352689340971e-18,0.2990727833484212,1.4325713953732487e-13,1.1214883059105019,1.6066120672929885e-07,23,19,hbr,False,S23_D19 hbr,mild_master_6,,
666,ShortHbO,7.0,3.063352689340971e-18,1.440276979440781e-06,0.0011445890719126396,14.945754603472688,17106.747390622866,23,19,hbr,True,S23_D19 hbr,mild_master_6,,
667,az_itd=0_az=15,7.0,3.063352689340971e-18,0.000519095752725451,1.2895358494750708e-09,6.043890022580313,0.007793812854402008,23,19,hbr,True,S23_D19 hbr,mild_master_6,,0.004425782779500639
668,az_itd=0_az=5,7.0,3.063352689340971e-18,0.00033929417771557774,1.2916237226777468e-09,-6.483717195187762,-0.008374522940438136,23,19,hbr,True,S23_D19 hbr,mild_master_6,,-0.00047472717009351104
669,az_itd=15_az=0,7.0,3.063352689340971e-18,0.008057762603761016,1.2917365860316707e-09,3.6611763290128514,0.004729275412099026,23,19,hbr,True,S23_D19 hbr,mild_master_6,,-0.003285362277762841
670,az_itd=5_az=0,7.0,3.063352689340971e-18,4.871070973492351e-06,1.286879000872615e-09,-12.485217303865793,-0.016066963969676294,23,19,hbr,True,S23_D19 hbr,mild_master_6,,-0.022287729072969505
671,constant,7.0,3.063352689340971e-18,0.8415511363718056,1.5176436079110212e-09,-0.2074677153108618,-0.00031486205198943295,23,19,hbr,False,S23_D19 hbr,mild_master_6,,
707,Linear,7.0,5.9508454802332104e-18,0.45110386529406366,1.996673764736361e-13,0.7979723906026167,1.5932905373002007e-07,24,9,hbr,False,S24_D9 hbr,mild_master_6,,
708,ShortHbO,7.0,5.9508454802332104e-18,4.6901662091952983e-07,0.0015952928968656856,-17.610621796414847,-28094.099861208622,24,9,hbr,True,S24_D9 hbr,mild_master_6,,
709,az_itd=0_az=15,7.0,5.9508454802332104e-18,0.06064604908694332,1.7973152386328674e-09,2.233620229079342,0.004014519675042938,24,9,hbr,False,S24_D9 hbr,mild_master_6,,0.016996030909566823
710,az_itd=0_az=5,7.0,5.9508454802332104e-18,0.0005935819320755003,1.800225251817092e-09,-5.909802485044703,-0.010638975666828877,24,9,hbr,True,S24_D9 hbr,mild_master_6,,-0.02412380419719654
711,az_itd=15_az=0,7.0,5.9508454802332104e-18,1.504762615886523e-05,1.8003825572739148e-09,-10.546625471115771,-0.01898796053629762,24,9,hbr,True,S24_D9 hbr,mild_master_6,,-0.008204646692753583
712,az_itd=5_az=0,7.0,5.9508454802332104e-18,5.388034317802584e-06,1.7936122051096986e-09,-12.299446889870984,-0.02206043805777112,24,9,hbr,True,S24_D9 hbr,mild_master_6,,-0.004008240079451107
713,constant,7.0,5.9508454802332104e-18,0.4248792675029657,2.115244787046903e-09,0.8472369289355273,0.0017921134973245016,24,9,hbr,False,S24_D9 hbr,mild_master_6,,
693,Linear,7.0,1.533051125069008e-15,0.2648309454399465,3.204764298726267e-12,1.2119964178311564,3.884162850049413e-06,24,19,hbr,False,S24_D19 hbr,mild_master_6,,
694,ShortHbO,7.0,1.533051125069008e-15,0.10567644006790484,0.025605273190744852,-1.8569961281701433,-47548.89317595196,24,19,hbr,False,S24_D19 hbr,mild_master_6,,
695,az_itd=0_az=15,7.0,1.533051125069008e-15,0.27452579702540136,2.8847835896155205e-08,1.1854263379630507,0.03419698446453831,24,19,hbr,False,S24_D19 hbr,mild_master_6,,-0.5382274294914197
696,az_itd=0_az=5,7.0,1.533051125069008e-15,0.002048743578015223,2.8894543107550137e-08,-4.764498752878204,-0.13766801460090813,24,19,hbr,True,S24_D19 hbr,mild_master_6,,-0.07544125035825547
697,az_itd=15_az=0,7.0,1.533051125069008e-15,0.0004140933953476683,2.8897067941205613e-08,-6.274825341841478,-0.18132405422239192,24,19,hbr,True,S24_D19 hbr,mild_master_6,,-0.1460114601829549
698,az_itd=5_az=0,7.0,1.533051125069008e-15,0.00024594563893818016,2.878840029960644e-08,-6.832074486962769,-0.19668449520741252,24,19,hbr,True,S24_D19 hbr,mild_master_6,,-0.015573182706077158
699,constant,7.0,1.533051125069008e-15,0.7325880155834381,3.3950769005520716e-08,-0.35563731743032095,-0.012074160413819873,24,19,hbr,False,S24_D19 hbr,mild_master_6,,
