,Condition,df,mse,p_value,se,t,theta,Source,Detector,Chroma,Significant,ch_name,ID,mean_hbo,mean_hbr
686,Linear,7.0,1.3308644882848499e-16,0.0009517046693812844,1.2437754683743061e-12,-5.45422388120053,-6.783829862458515e-06,1,7,hbo,True,S1_D7 hbo,mild_master_12,,
687,ShortHbO,7.0,1.3308644882848499e-16,1.8567432407733367e-13,0.0026447730625520018,146.10138514851113,386405.0078423173,1,7,hbo,True,S1_D7 hbo,mild_master_12,,
688,az_itd=0_az=15,7.0,1.3308644882848499e-16,8.74704260756879e-09,8.774254188396563e-09,31.315371324350174,0.27476902800387315,1,7,hbo,True,S1_D7 hbo,mild_master_12,0.024677539275490518,
689,az_itd=0_az=5,7.0,1.3308644882848499e-16,5.70108557465783e-09,8.65348622603067e-09,33.302258759952544,0.28818063747495853,1,7,hbo,True,S1_D7 hbo,mild_master_12,0.04166580979338313,
690,az_itd=15_az=0,7.0,1.3308644882848499e-16,8.689462468471674e-08,8.677040263391802e-09,22.492117212630813,0.19516500666292536,1,7,hbo,True,S1_D7 hbo,mild_master_12,-0.02057960137771209,
691,az_itd=5_az=0,7.0,1.3308644882848499e-16,1.395167494714686e-08,8.660952933187233e-09,29.28158327615858,0.2536064145640119,1,7,hbo,True,S1_D7 hbo,mild_master_12,0.06533795926053455,
692,constant,7.0,1.3308644882848499e-16,0.24803631236220797,1.0669074482462165e-08,-1.2600362342097933,-0.013443420433385424,1,7,hbo,False,S1_D7 hbo,mild_master_12,,
700,Linear,7.0,2.274176707702251e-16,0.01082138380813618,1.6258750697805702e-12,-3.441076687142087,-5.594760798827434e-06,1,8,hbo,True,S1_D8 hbo,mild_master_12,,
701,ShortHbO,7.0,2.274176707702251e-16,7.451171909739868e-14,0.0034572723911744092,166.4621959440155,575505.1542115095,1,8,hbo,True,S1_D8 hbo,mild_master_12,,
702,az_itd=0_az=15,7.0,2.274176707702251e-16,2.7062819584214996e-07,1.1469788159978816e-08,19.077543283251337,0.21881538007171958,1,8,hbo,True,S1_D8 hbo,mild_master_12,-0.01820013820174529,
703,az_itd=0_az=5,7.0,2.274176707702251e-16,1.5319770732075567e-07,1.1311919136001722e-08,20.719575309392734,0.23437816043214849,1,8,hbo,True,S1_D8 hbo,mild_master_12,-0.058531567256307024,
704,az_itd=15_az=0,7.0,2.274176707702251e-16,7.461148851756415e-07,1.1342709196677385e-08,16.45715382954854,0.18666871009355465,1,8,hbo,True,S1_D8 hbo,mild_master_12,-0.07021724157642781,
705,az_itd=5_az=0,7.0,2.274176707702251e-16,3.966906444370785e-07,1.1321679686300303e-08,18.045488766320858,0.2043052435950152,1,8,hbo,True,S1_D8 hbo,mild_master_12,-0.01924359208236114,
706,constant,7.0,2.274176707702251e-16,0.40464853109586485,1.394671519075735e-08,-0.8867482747027187,-0.012367225633174278,1,8,hbo,False,S1_D8 hbo,mild_master_12,,
952,Linear,7.0,6.80676872478834e-17,0.044656908924405735,8.894992079100193e-13,-2.44155596916769,-2.1717621006426395e-06,2,6,hbo,True,S2_D6 hbo,mild_master_12,,
953,ShortHbO,7.0,6.80676872478834e-17,1.7315861880542042e-13,0.0018914374853498757,147.56564480881755,279111.1921412228,2,6,hbo,True,S2_D6 hbo,mild_master_12,,
954,az_itd=0_az=15,7.0,6.80676872478834e-17,1.660751480948486e-06,6.275000873574989e-09,14.636264421907102,0.09184257203334159,2,6,hbo,True,S2_D6 hbo,mild_master_12,-0.09572208591079165,
955,az_itd=0_az=5,7.0,6.80676872478834e-17,2.6313685680117336e-07,6.188632385373676e-09,19.155507963489814,0.11854639694113643,2,6,hbo,True,S2_D6 hbo,mild_master_12,-0.04295278050824006,
956,az_itd=15_az=0,7.0,6.80676872478834e-17,2.2335336094770635e-05,6.205477304821392e-09,9.934885413794571,0.061650705961303294,2,6,hbo,True,S2_D6 hbo,mild_master_12,-0.10710317248737969,
957,az_itd=5_az=0,7.0,6.80676872478834e-17,1.3218317883114067e-05,6.193972280129874e-09,10.754592086003397,0.06661364526480916,2,6,hbo,True,S2_D6 hbo,mild_master_12,-0.03354631112778337,
958,constant,7.0,6.80676872478834e-17,0.5825744123241263,7.63010168844004e-09,-0.5761208919713432,-0.004395860990576128,2,6,hbo,False,S2_D6 hbo,mild_master_12,,
966,Linear,7.0,4.167030323259743e-17,0.01631901281939892,6.959666012141617e-13,-3.142634941652526,-2.1871689591987734e-06,2,7,hbo,True,S2_D7 hbo,mild_master_12,,
967,ShortHbO,7.0,4.167030323259743e-17,1.1784884441571185e-13,0.0014799083645965167,155.90707793346544,230728.18873353655,2,7,hbo,True,S2_D7 hbo,mild_master_12,,
968,az_itd=0_az=15,7.0,4.167030323259743e-17,2.93777648190467e-07,4.9097188527678385e-09,18.85134119776384,0.09255478527862018,2,7,hbo,True,S2_D7 hbo,mild_master_12,-0.02208844452601622,
969,az_itd=0_az=5,7.0,4.167030323259743e-17,2.17417928274383e-07,4.8421419705728464e-09,19.69380237199498,0.09536018702560398,2,7,hbo,True,S2_D7 hbo,mild_master_12,-0.04156893143785554,
970,az_itd=15_az=0,7.0,4.167030323259743e-17,3.709125813515025e-06,4.855321860146103e-09,13.000182952508382,0.06312007247521265,2,7,hbo,True,S2_D7 hbo,mild_master_12,-0.04873750797511245,
971,az_itd=5_az=0,7.0,4.167030323259743e-17,5.9175298834796356e-06,4.846320038828853e-09,12.129092253155735,0.05878146283927244,2,7,hbo,True,S2_D7 hbo,mild_master_12,-0.02271779578776792,
972,constant,7.0,4.167030323259743e-17,0.5288862490713346,5.9699838873372385e-09,-0.6624440219421058,-0.003954780137257248,2,7,hbo,False,S2_D7 hbo,mild_master_12,,
980,Linear,7.0,6.341124634241724e-17,0.02857798185753346,8.585354115273624e-13,-2.7482021240493055,-2.359428841531042e-06,2,8,hbo,True,S2_D8 hbo,mild_master_12,,
981,ShortHbO,7.0,6.341124634241724e-17,9.310039306625153e-14,0.0018255958469919214,161.24797998879322,294373.64260337735,2,8,hbo,True,S2_D8 hbo,mild_master_12,,
982,az_itd=0_az=15,7.0,6.341124634241724e-17,1.3315006028188229e-06,6.056565772539998e-09,15.119022971725865,0.09156935704480083,2,8,hbo,True,S2_D8 hbo,mild_master_12,-0.018620551384636155,
983,az_itd=0_az=5,7.0,6.341124634241724e-17,7.652236108420819e-07,5.973203803353836e-09,16.396444518969474,0.09793930476218861,2,8,hbo,True,S2_D8 hbo,mild_master_12,-0.028978435006301036,
984,az_itd=15_az=0,7.0,6.341124634241724e-17,2.473280354984957e-06,5.989462344925974e-09,13.802613850569493,0.08267023591953969,2,8,hbo,True,S2_D8 hbo,mild_master_12,-0.05012673280101756,
985,az_itd=5_az=0,7.0,6.341124634241724e-17,4.019665582004773e-05,5.978357814398765e-09,9.082527332256381,0.0542985982512853,2,8,hbo,True,S2_D8 hbo,mild_master_12,-0.027668357006117538,
986,constant,7.0,6.341124634241724e-17,0.5887212133030598,7.364495026895128e-09,-0.566541366706451,-0.004172291077640028,2,8,hbo,False,S2_D8 hbo,mild_master_12,,
994,Linear,7.0,9.887382624276046e-17,0.007496288427590649,1.0720517220685778e-12,-3.7159105361928444,-3.983648289378311e-06,3,5,hbo,True,S3_D5 hbo,mild_master_12,,
995,ShortHbO,7.0,9.887382624276046e-17,1.2154341301588225e-13,0.002279618458704143,155.2208947336858,353844.41681148286,3,5,hbo,True,S3_D5 hbo,mild_master_12,,
996,az_itd=0_az=15,7.0,9.887382624276046e-17,4.299350557431372e-08,7.562823477160876e-09,24.898396130394183,0.18830217479859665,3,5,hbo,True,S3_D5 hbo,mild_master_12,0.4589050424072348,
997,az_itd=0_az=5,7.0,9.887382624276046e-17,1.0966711841116774e-07,7.458729526671328e-09,21.747350163535124,0.16220760279161994,3,5,hbo,True,S3_D5 hbo,mild_master_12,0.2073649619962974,
998,az_itd=15_az=0,7.0,9.887382624276046e-17,2.6498323875935133e-06,7.479031540143e-09,13.662897083282646,0.1021852382155987,3,5,hbo,True,S3_D5 hbo,mild_master_12,0.2696457635815438,
999,az_itd=5_az=0,7.0,9.887382624276046e-17,4.149473842864874e-07,7.465165331580584e-09,17.92765479601806,0.1338329070597784,3,5,hbo,True,S3_D5 hbo,mild_master_12,0.37165196192664535,
1000,constant,7.0,9.887382624276046e-17,0.48447590647993644,9.196032533710782e-09,-0.7380679926287047,-0.006787297272304178,3,5,hbo,False,S3_D5 hbo,mild_master_12,,
1008,Linear,7.0,1.742325255024462e-16,0.00328348600844155,1.4231139774775617e-12,-4.367638657502524,-6.215647622063174e-06,3,6,hbo,True,S3_D6 hbo,mild_master_12,,
1009,ShortHbO,7.0,1.742325255024462e-16,1.1566691604285199e-13,0.0030261197525413776,156.32397187354462,473055.05908225616,3,6,hbo,True,S3_D6 hbo,mild_master_12,,
1010,az_itd=0_az=15,7.0,1.742325255024462e-16,2.1154391531591592e-08,1.0039403489577734e-08,27.578505446230093,0.2768717438142209,3,6,hbo,True,S3_D6 hbo,mild_master_12,0.6735351309710743,
1011,az_itd=0_az=5,7.0,1.742325255024462e-16,6.199212254050272e-08,9.901222138003862e-09,23.617094341594065,0.23383809733031694,3,6,hbo,True,S3_D6 hbo,mild_master_12,0.2895167232056459,
1012,az_itd=15_az=0,7.0,1.742325255024462e-16,1.8381585622528936e-06,9.928172404066327e-09,14.419434983028697,0.14315863648073412,3,6,hbo,True,S3_D6 hbo,mild_master_12,0.40027572546241785,
1013,az_itd=5_az=0,7.0,1.742325255024462e-16,3.961648266556549e-08,9.90976546080643e-09,25.193989431116762,0.2496665262844031,3,6,hbo,True,S3_D6 hbo,mild_master_12,0.5692250423656346,
1014,constant,7.0,1.742325255024462e-16,0.4018194526643119,1.220743567372867e-08,-0.8923874858996413,-0.010893762830160322,3,6,hbo,False,S3_D6 hbo,mild_master_12,,
1022,Linear,7.0,8.169663067325688e-17,0.00450943809122666,9.744894488173895e-13,-4.111142000424986,-4.006264502004165e-06,3,7,hbo,True,S3_D7 hbo,mild_master_12,,
1023,ShortHbO,7.0,8.169663067325688e-17,2.6617281738710344e-13,0.002072161342225281,138.77234373401234,287558.6860556191,3,7,hbo,True,S3_D7 hbo,mild_master_12,,
1024,az_itd=0_az=15,7.0,8.169663067325688e-17,8.796098034274988e-08,6.874567271382335e-09,22.452478558633715,0.15435107426059694,3,7,hbo,True,S3_D7 hbo,mild_master_12,-0.06797985697803093,
1025,az_itd=0_az=5,7.0,8.169663067325688e-17,3.7423170999911666e-08,6.77994641088686e-09,25.401822898253474,0.17222299798899732,3,7,hbo,True,S3_D7 hbo,mild_master_12,-0.033832990888052555,
1026,az_itd=15_az=0,7.0,8.169663067325688e-17,2.610206948964749e-06,6.7984008357160254e-09,13.69331381941137,0.09309263611360806,3,7,hbo,True,S3_D7 hbo,mild_master_12,-0.09407630929387689,
1027,az_itd=5_az=0,7.0,8.169663067325688e-17,8.665071002697288e-08,6.78579652413197e-09,22.501262051203316,0.15268898581563808,3,7,hbo,True,S3_D7 hbo,mild_master_12,0.00203094166373804,
1028,constant,7.0,8.169663067325688e-17,0.6080482402007859,8.35914582347861e-09,-0.536781996401547,-0.004487038983338501,3,7,hbo,False,S3_D7 hbo,mild_master_12,,
1036,Linear,7.0,1.1069256942113008e-16,0.002860963404173165,1.134316638715088e-12,-4.481546021477606,-5.083492219329454e-06,4,2,hbo,True,S4_D2 hbo,mild_master_12,,
1037,ShortHbO,7.0,1.1069256942113008e-16,1.2917093903568563e-13,0.002412019023336583,153.87674830390884,371153.6441582034,4,2,hbo,True,S4_D2 hbo,mild_master_12,,
1038,az_itd=0_az=15,7.0,1.1069256942113008e-16,1.3532520230157727e-08,8.002073341438944e-09,29.41038724896287,0.23534407576632163,4,2,hbo,True,S4_D2 hbo,mild_master_12,0.1548241778879855,
1039,az_itd=0_az=5,7.0,1.1069256942113008e-16,1.0426335510938209e-07,7.891933599485033e-09,21.906964241518416,0.17288830716035633,4,2,hbo,True,S4_D2 hbo,mild_master_12,0.1865826873400963,
1040,az_itd=15_az=0,7.0,1.1069256942113008e-16,2.6492368446096135e-07,7.913414756789552e-09,19.13668404216968,0.15143651789532467,4,2,hbo,True,S4_D2 hbo,mild_master_12,0.06395199875943718,
1041,az_itd=5_az=0,7.0,1.1069256942113008e-16,1.797799524738495e-07,7.89874319685969e-09,20.244488248239264,0.1599060138246858,4,2,hbo,True,S4_D2 hbo,mild_master_12,0.2268361802299335,
1042,constant,7.0,1.1069256942113008e-16,0.3933186729369298,9.730139412514404e-09,-0.9095100764103735,-0.008849659840559562,4,2,hbo,False,S4_D2 hbo,mild_master_12,,
1050,Linear,7.0,1.9761251008840521e-16,0.00482422034113414,1.5155919352261321e-12,-4.057598058635028,-6.14966289405646e-06,4,3,hbo,True,S4_D3 hbo,mild_master_12,,
1051,ShortHbO,7.0,1.9761251008840521e-16,8.879705353866945e-14,0.003222765544126998,162.3420843623481,523190.47584473377,4,3,hbo,True,S4_D3 hbo,mild_master_12,,
1052,az_itd=0_az=15,7.0,1.9761251008840521e-16,2.7507230107481645e-08,1.0691792227530846e-08,26.554617902600054,0.28391645729607073,4,3,hbo,True,S4_D3 hbo,mild_master_12,0.1721233985730616,
1053,az_itd=0_az=5,7.0,1.9761251008840521e-16,2.681586568615571e-07,1.0544631462224324e-08,19.102969705367403,0.20143377537713525,4,3,hbo,True,S4_D3 hbo,mild_master_12,0.20303924930238054,
1054,az_itd=15_az=0,7.0,1.9761251008840521e-16,4.960673045119861e-07,1.0573333032543287e-08,17.467290945690944,0.18468748434511834,4,3,hbo,True,S4_D3 hbo,mild_master_12,0.05374725773321004,
1055,az_itd=5_az=0,7.0,1.9761251008840521e-16,3.5961886896633765e-07,1.055372995422463e-08,18.305018150825905,0.1931862183709969,4,3,hbo,True,S4_D3 hbo,mild_master_12,0.25631087692278,
1056,constant,7.0,1.9761251008840521e-16,0.5400194910951747,1.300070925428506e-08,-0.6441228499052052,-0.008374053895659067,4,3,hbo,False,S4_D3 hbo,mild_master_12,,
1064,Linear,7.0,1.4379383199469898e-16,0.007586585083906257,1.292841239895117e-12,-3.7068136422879525,-4.7923215453556915e-06,4,4,hbo,True,S4_D4 hbo,mild_master_12,,
1065,ShortHbO,7.0,1.4379383199469898e-16,1.5283303480431603e-13,0.0027491068704708754,150.22220449862388,412976.8944844478,4,4,hbo,True,S4_D4 hbo,mild_master_12,,
1066,az_itd=0_az=15,7.0,1.4379383199469898e-16,3.148889711397386e-08,9.120390257341624e-09,26.04218556026726,0.23751489546374424,4,4,hbo,True,S4_D4 hbo,mild_master_12,0.1285601149418327,
1067,az_itd=0_az=5,7.0,1.4379383199469898e-16,1.1017016666947065e-07,8.994858112533523e-09,21.732949711255483,0.19548479901956947,4,4,hbo,True,S4_D4 hbo,mild_master_12,0.15573404716474906,
1068,az_itd=15_az=0,7.0,1.4379383199469898e-16,2.3407030773787613e-06,9.019341334498258e-09,13.915212932693086,0.12550605518218347,4,4,hbo,True,S4_D4 hbo,mild_master_12,0.02536810607356083,
1069,az_itd=5_az=0,7.0,1.4379383199469898e-16,4.812941317754238e-07,9.002619374259356e-09,17.54443067736003,0.15794583152635158,4,4,hbo,True,S4_D4 hbo,mild_master_12,0.21377574820065412,
1070,constant,7.0,1.4379383199469898e-16,0.4325986583489745,1.1089959428504102e-08,-0.8325175500364269,-0.009232585853421607,4,4,hbo,False,S4_D4 hbo,mild_master_12,,
1078,Linear,7.0,1.0801204656228285e-16,0.014242242001507048,1.1204982066975977e-12,-3.2405484936642472,-3.6310287758673905e-06,5,1,hbo,True,S5_D1 hbo,mild_master_12,,
1079,ShortHbO,7.0,1.0801204656228285e-16,2.1596419899082882e-13,0.0023826354105416364,142.98017983730296,340669.6394859693,5,1,hbo,True,S5_D1 hbo,mild_master_12,,
1080,az_itd=0_az=15,7.0,1.0801204656228285e-16,2.824218241454984e-07,7.904590766738373e-09,18.95965988983926,0.14986835250572328,5,1,hbo,True,S5_D1 hbo,mild_master_12,-0.017435369159291277,
1081,az_itd=0_az=5,7.0,1.0801204656228285e-16,2.290441679340283e-06,7.795792765251513e-09,13.959812357798263,0.10882780418319238,5,1,hbo,True,S5_D1 hbo,mild_master_12,-0.018616507976384172,
1082,az_itd=15_az=0,7.0,1.0801204656228285e-16,1.629179416628947e-06,7.817012235561643e-09,14.677613780092662,0.11473508650783253,5,1,hbo,True,S5_D1 hbo,mild_master_12,-0.02089519362416215,
1083,az_itd=5_az=0,7.0,1.0801204656228285e-16,7.241319568479428e-07,7.802519406989993e-09,16.52922524751646,0.12896960077625616,5,1,hbo,True,S5_D1 hbo,mild_master_12,0.028808933369219074,
1084,constant,7.0,1.0801204656228285e-16,0.5102511149329346,9.611605252471721e-09,-0.6936591085230936,-0.006667177530905418,5,1,hbo,False,S5_D1 hbo,mild_master_12,,
1092,Linear,7.0,9.926114645159597e-17,0.002109764839138567,1.074149453403756e-12,-4.739229501424322,-5.0906407785098905e-06,5,2,hbo,True,S5_D2 hbo,mild_master_12,,
1093,ShortHbO,7.0,9.926114645159597e-17,9.361950660977827e-14,0.0022840790896369936,161.11991494823621,368010.6286573572,5,2,hbo,True,S5_D2 hbo,mild_master_12,,
1094,az_itd=0_az=15,7.0,9.926114645159597e-17,9.641338735917278e-09,7.577621990575743e-09,30.88014187629046,0.23399804215387748,5,2,hbo,True,S5_D2 hbo,mild_master_12,0.05740576598096625,
1095,az_itd=0_az=5,7.0,9.926114645159597e-17,9.71752960454842e-08,7.473324354818731e-09,22.131260988113468,0.16539409174531802,5,2,hbo,True,S5_D2 hbo,mild_master_12,0.03897592210202478,
1096,az_itd=15_az=0,7.0,9.926114645159597e-17,1.2618041809966726e-07,7.493666094144063e-09,21.310195967403672,0.15969149298049842,5,2,hbo,True,S5_D2 hbo,mild_master_12,0.0314433271447604,
1097,az_itd=5_az=0,7.0,9.926114645159597e-17,1.2733809333928828e-07,7.479772752953992e-09,21.28203017338839,0.1591847494184552,5,2,hbo,True,S5_D2 hbo,mild_master_12,0.1035983828947309,
1098,constant,7.0,9.926114645159597e-17,0.38981074143955396,9.21402682000143e-09,-0.916655863846992,-0.008446091714197764,5,2,hbo,False,S5_D2 hbo,mild_master_12,,
1106,Linear,7.0,6.295150682374963e-17,0.006366887624285702,8.554175050370181e-13,-3.8409260880266523,-3.285595411251353e-06,5,3,hbo,True,S5_D3 hbo,mild_master_12,,
1107,ShortHbO,7.0,6.295150682374963e-17,1.1567661955137157e-13,0.0018189659083037138,156.32209801448914,284344.5670028674,5,3,hbo,True,S5_D3 hbo,mild_master_12,,
1108,az_itd=0_az=15,7.0,6.295150682374963e-17,2.6953815632876242e-08,6.0345704005636635e-09,26.63250913364675,0.16071575131064608,5,3,hbo,True,S5_D3 hbo,mild_master_12,0.10074609193604125,
1109,az_itd=0_az=5,7.0,6.295150682374963e-17,1.3598641509937582e-07,5.951511173490736e-09,21.080448769653824,0.1254605263947938,5,3,hbo,True,S5_D3 hbo,mild_master_12,0.1326707353081656,
1110,az_itd=15_az=0,7.0,6.295150682374963e-17,5.592260539783649e-07,5.9677106696098745e-09,17.164703721120357,0.10243398553722227,5,3,hbo,True,S5_D3 hbo,mild_master_12,0.018378684578380954,
1111,az_itd=5_az=0,7.0,6.295150682374963e-17,6.622149641110437e-06,5.956646466933256e-09,11.92750488266176,0.07104792981863634,5,3,hbo,True,S5_D3 hbo,mild_master_12,0.1204125442986741,
1112,constant,7.0,6.295150682374963e-17,0.4682865537568035,7.337749703948443e-09,-0.7667662654634441,-0.00562633893740204,5,3,hbo,False,S5_D3 hbo,mild_master_12,,
1120,Linear,7.0,1.4390137721033484e-16,0.005694497651396143,1.2933246156438635e-12,-3.927421648116977,-5.079431093522278e-06,6,1,hbo,True,S6_D1 hbo,mild_master_12,,
1121,ShortHbO,7.0,1.4390137721033484e-16,1.2657832627079095e-13,0.002750134724124434,154.3232119998446,424409.6240591891,6,1,hbo,True,S6_D1 hbo,mild_master_12,,
1122,az_itd=0_az=15,7.0,1.4390137721033484e-16,7.421856749300035e-08,9.123800247163622e-09,23.01074725735161,0.20994546151404425,6,1,hbo,True,S6_D1 hbo,mild_master_12,0.01736173568047323,
1123,az_itd=0_az=5,7.0,1.4390137721033484e-16,1.8122718788959628e-07,8.99822116759461e-09,20.220961958248147,0.18195268792183383,6,1,hbo,True,S6_D1 hbo,mild_master_12,0.0035034538562136184,
1124,az_itd=15_az=0,7.0,1.4390137721033484e-16,4.4270868624272827e-07,9.022713543502913e-09,17.75935773962602,0.16023759760123696,6,1,hbo,True,S6_D1 hbo,mild_master_12,-0.01897424316094456,
1125,az_itd=5_az=0,7.0,1.4390137721033484e-16,8.7798673866793e-08,9.005985331150601e-09,22.45847633948538,0.20226070847339817,6,1,hbo,True,S6_D1 hbo,mild_master_12,0.0788278916748839,
1126,constant,7.0,1.4390137721033484e-16,0.29413179842229803,1.1094105813440549e-08,-1.134000703220846,-0.012580723794048057,6,1,hbo,False,S6_D1 hbo,mild_master_12,,
1134,Linear,7.0,1.1455615394402323e-16,0.003522981839064108,1.1539427967908535e-12,-4.310028239517852,-4.9735260409567884e-06,6,2,hbo,True,S6_D2 hbo,mild_master_12,,
1135,ShortHbO,7.0,1.1455615394402323e-16,1.8889670215957036e-13,0.002453752226410622,145.74260169588098,357616.2333941445,6,2,hbo,True,S6_D2 hbo,mild_master_12,,
1136,az_itd=0_az=15,7.0,1.1455615394402323e-16,2.9644090968338524e-08,8.140526707080174e-09,26.26981903132269,0.2138501634146454,6,2,hbo,True,S6_D2 hbo,mild_master_12,0.017015612991909478,
1137,az_itd=0_az=5,7.0,1.1455615394402323e-16,1.3803751875409817e-07,8.028481306765772e-09,21.03478293607499,0.1688773615941537,6,2,hbo,True,S6_D2 hbo,mild_master_12,0.02758875265863471,
1138,az_itd=15_az=0,7.0,1.1455615394402323e-16,1.6707100911007586e-07,8.050334135061016e-09,20.460847649798946,0.16471666026745943,6,2,hbo,True,S6_D2 hbo,mild_master_12,0.017950821260814445,
1139,az_itd=5_az=0,7.0,1.1455615394402323e-16,4.4756726885102155e-08,8.03540872506445e-09,24.7544103908109,0.19891180523814797,6,2,hbo,True,S6_D2 hbo,mild_master_12,0.09964804718111797,
1140,constant,7.0,1.1455615394402323e-16,0.3343177571478665,9.898492099666701e-09,-1.0367858534885375,-0.010262616579802488,6,2,hbo,False,S6_D2 hbo,mild_master_12,,
1176,Linear,7.0,8.053780873854764e-17,0.0026620883373614716,9.675534657984776e-13,-4.541764889684219,-4.394400359855807e-06,7,7,hbo,True,S7_D7 hbo,mild_master_12,,
1177,ShortHbO,7.0,8.053780873854764e-17,9.477220913791979e-14,0.002057412618265712,160.83842256236778,330911.000081768,7,7,hbo,True,S7_D7 hbo,mild_master_12,,
1178,az_itd=0_az=15,7.0,8.053780873854764e-17,1.246354900588323e-08,6.825637155294839e-09,29.76064163299923,0.203135341295614,7,7,hbo,True,S7_D7 hbo,mild_master_12,0.048822441268657375,
1179,az_itd=0_az=5,7.0,8.053780873854764e-17,2.7884324785620313e-08,6.731689764052856e-09,26.50256092307211,0.17840701808703174,7,7,hbo,True,S7_D7 hbo,mild_master_12,0.025621653461803874,
1180,az_itd=15_az=0,7.0,8.053780873854764e-17,2.6477747908855733e-07,6.7500128384837235e-09,19.138218844096546,0.12918322290336282,7,7,hbo,True,S7_D7 hbo,mild_master_12,-0.03348070673426698,
1181,az_itd=5_az=0,7.0,8.053780873854764e-17,3.9483113256682856e-08,6.7374982387905655e-09,25.206248210557916,0.16982705292515182,7,7,hbo,True,S7_D7 hbo,mild_master_12,0.04517329757341212,
1182,constant,7.0,8.053780873854764e-17,0.23249216889880428,8.299649136721643e-09,-1.30704931898183,-0.010848050751940156,7,7,hbo,False,S7_D7 hbo,mild_master_12,,
1190,Linear,7.0,1.8137033682448908e-16,0.06295569177729377,1.4519718549995689e-12,-2.2082926078769165,-3.2063787142408818e-06,7,8,hbo,False,S7_D8 hbo,mild_master_12,,
1191,ShortHbO,7.0,1.8137033682448908e-16,1.165028112324144e-13,0.0030874833499536887,156.16320635239936,482151.2994884152,7,8,hbo,True,S7_D8 hbo,mild_master_12,,
1192,az_itd=0_az=15,7.0,1.8137033682448908e-16,1.2500582618183501e-05,1.0242982318035142e-08,10.845296598800367,0.11108818129535883,7,8,hbo,True,S7_D8 hbo,mild_master_12,-0.04476258421794302,
1193,az_itd=0_az=5,7.0,1.8137033682448908e-16,1.1483755133200934e-05,1.0101998927704957e-08,10.984459259595099,0.11096499566184846,7,8,hbo,True,S7_D8 hbo,mild_master_12,-0.11008753800291116,
1194,az_itd=15_az=0,7.0,1.8137033682448908e-16,4.761564321529187e-06,1.0129495690737816e-08,12.527450218804663,0.12689675300731434,7,8,hbo,True,S7_D8 hbo,mild_master_12,-0.10253304806220143,
1195,az_itd=5_az=0,7.0,1.8137033682448908e-16,1.8025239924401558e-05,1.0110715491840944e-08,10.262930093662007,0.10376556628966908,7,8,hbo,True,S7_D8 hbo,mild_master_12,-0.06903078704171106,
1196,constant,7.0,1.8137033682448908e-16,0.5526439573811479,1.2454977816596702e-08,-0.6236257632584302,-0.007767245047241934,7,8,hbo,False,S7_D8 hbo,mild_master_12,,
1148,Linear,7.0,6.112246656019218e-17,0.19730720787870154,8.428989330985866e-13,-1.4245470432111798,-1.2007491828714494e-06,7,17,hbo,False,S7_D17 hbo,mild_master_12,,
1149,ShortHbO,7.0,6.112246656019218e-17,1.839301279800907e-12,0.0017923463272890964,105.27473847012133,188688.7908532421,7,17,hbo,True,S7_D17 hbo,mild_master_12,,
1150,az_itd=0_az=15,7.0,6.112246656019218e-17,0.008582403111739315,5.946257730747868e-09,3.6136484334826986,0.021487684933801418,7,17,hbo,True,S7_D17 hbo,mild_master_12,0.12601941182712353,
1151,az_itd=0_az=5,7.0,6.112246656019218e-17,0.07419120514214571,5.8644140304827744e-09,2.0970725114740785,0.012298101459228335,7,17,hbo,False,S7_D17 hbo,mild_master_12,-0.014750656840591203,
1152,az_itd=15_az=0,7.0,6.112246656019218e-17,0.027408690936601053,5.8803764557489785e-09,-2.7771948297706968,-0.016330951090011394,7,17,hbo,True,S7_D17 hbo,mild_master_12,0.0573290152567421,
1153,az_itd=5_az=0,7.0,6.112246656019218e-17,4.609283254792738e-06,5.86947417168676e-09,12.588052503793454,0.07388524904285253,7,17,hbo,True,S7_D17 hbo,mild_master_12,0.17016548520947677,
1154,constant,7.0,6.112246656019218e-17,0.8439256947684474,7.230365710758932e-09,0.2043084211185497,0.0014772246024748578,7,17,hbo,False,S7_D17 hbo,mild_master_12,,
1162,Linear,7.0,7.167338906504258e-17,0.15873153526782177,9.127546173090933e-13,1.577305861970014,1.4396932084218297e-06,7,18,hbo,False,S7_D18 hbo,mild_master_12,,
1163,ShortHbO,7.0,7.167338906504258e-17,1.8162011680232216e-12,0.0019408879544266465,105.46509358881849,204695.92975901676,7,18,hbo,True,S7_D18 hbo,mild_master_12,,
1164,az_itd=0_az=15,7.0,7.167338906504258e-17,2.20255964389243e-05,6.4390569098219556e-09,-9.95596639991482,-0.06410703424132674,7,18,hbo,True,S7_D18 hbo,mild_master_12,0.13153059141297607,
1165,az_itd=0_az=5,7.0,7.167338906504258e-17,3.5481415866115458e-06,6.350430370647196e-09,-13.08587384014859,-0.08310093066093725,7,18,hbo,True,S7_D18 hbo,mild_master_12,-0.0685775221068529,
1166,az_itd=15_az=0,7.0,7.167338906504258e-17,4.5173828520793926e-05,6.367715690147624e-09,-8.920976047887173,-0.056806239151562285,7,18,hbo,True,S7_D18 hbo,mild_master_12,0.046140107263926956,
1167,az_itd=5_az=0,7.0,7.167338906504258e-17,2.5726659096976565e-05,6.355909873665659e-09,-9.72369830810183,-0.06180295008501048,7,18,hbo,True,S7_D18 hbo,mild_master_12,0.09380542208075267,
1168,constant,7.0,7.167338906504258e-17,0.7455173792166856,7.829586001571873e-09,0.33766227745664024,0.0026437558408333884,7,18,hbo,False,S7_D18 hbo,mild_master_12,,
1232,Linear,7.0,6.560793064029408e-17,0.003544942022440181,8.732794454435302e-13,-4.304962620656716,-3.759435370022223e-06,8,6,hbo,True,S8_D6 hbo,mild_master_12,,
1233,ShortHbO,7.0,6.560793064029408e-17,1.4603000229141486e-13,0.0018569476662923955,151.2028320014673,280775.7460219258,8,6,hbo,True,S8_D6 hbo,mild_master_12,,
1234,az_itd=0_az=15,7.0,6.560793064029408e-17,4.590340635163487e-08,6.1605780357114914e-09,24.664203456953423,0.1519457500852267,8,6,hbo,True,S8_D6 hbo,mild_master_12,0.44019920689649356,
1235,az_itd=0_az=5,7.0,6.560793064029408e-17,1.6027860812830827e-07,6.075784452075306e-09,20.584327543252975,0.12506593724372192,8,6,hbo,True,S8_D6 hbo,mild_master_12,0.19234386030860676,
1236,az_itd=15_az=0,7.0,6.560793064029408e-17,1.6026396599898083e-06,6.0923222092571315e-09,14.713084673876994,0.08963685252534152,8,6,hbo,True,S8_D6 hbo,mild_master_12,0.27348552752429106,
1237,az_itd=5_az=0,7.0,6.560793064029408e-17,2.1923914138143282e-08,6.081026975384995e-09,27.436942907374657,0.16684478994184332,8,6,hbo,True,S8_D6 hbo,mild_master_12,0.360458162004525,
1238,constant,7.0,6.560793064029408e-17,0.5207682020890783,7.490968976593742e-09,-0.675955359386612,-0.005063560626727384,8,6,hbo,False,S8_D6 hbo,mild_master_12,,
1246,Linear,7.0,9.974467882714229e-17,0.0012921645546251617,1.0767625355010558e-12,-5.172047428997918,-5.569066903379516e-06,8,7,hbo,True,S8_D7 hbo,mild_master_12,,
1247,ShortHbO,7.0,9.974467882714229e-17,1.9381664451178473e-13,0.0022896355661208147,145.20808797161993,332473.60270822106,8,7,hbo,True,S8_D7 hbo,mild_master_12,,
1248,az_itd=0_az=15,7.0,9.974467882714229e-17,1.2493559501987564e-08,7.596056062576556e-09,29.750346843643975,0.22598530250541712,8,7,hbo,True,S8_D7 hbo,mild_master_12,0.5365649174431005,
1249,az_itd=0_az=5,7.0,9.974467882714229e-17,1.163303704790859e-08,7.491504702085128e-09,30.057330244581113,0.22517463085940492,8,7,hbo,True,S8_D7 hbo,mild_master_12,0.22712910632381836,
1250,az_itd=15_az=0,7.0,9.974467882714229e-17,7.955422259683462e-08,7.511895926735514e-09,22.780980853500385,0.17112835728044926,8,7,hbo,True,S8_D7 hbo,mild_master_12,0.361838327707764,
1251,az_itd=5_az=0,7.0,9.974467882714229e-17,1.096376118364629e-08,7.497968787230861e-09,30.3145908151441,0.22729785572962583,8,7,hbo,True,S8_D7 hbo,mild_master_12,0.42507844659701366,
1252,constant,7.0,9.974467882714229e-17,0.3040075948543934,9.236441772083835e-09,-1.1091590543327483,-0.010244683021323999,8,7,hbo,False,S8_D7 hbo,mild_master_12,,
1260,Linear,7.0,4.8616888794875623e-17,0.10001178550768546,7.517417139962225e-13,-1.894498448328363,-1.4241735107095473e-06,8,8,hbo,False,S8_D8 hbo,mild_master_12,,
1261,ShortHbO,7.0,4.8616888794875623e-17,3.377309551383255e-13,0.001598508963818499,134.12987868795872,214407.81339858985,8,8,hbo,True,S8_D8 hbo,mild_master_12,,
1262,az_itd=0_az=15,7.0,4.8616888794875623e-17,0.00010252962587652606,5.303186186205396e-09,7.853707253511853,0.041649671817325186,8,8,hbo,True,S8_D8 hbo,mild_master_12,-0.020474912381735863,
1263,az_itd=0_az=5,7.0,4.8616888794875623e-17,4.9162887760915346e-05,5.230193658749109e-09,8.805413082611748,0.04605401566734241,8,8,hbo,True,S8_D8 hbo,mild_master_12,-0.049593339453501126,
1264,az_itd=15_az=0,7.0,4.8616888794875623e-17,4.446736844132981e-07,5.2444297912887966e-09,17.747904081292273,0.09307763689686521,8,8,hbo,True,S8_D8 hbo,mild_master_12,-0.05239971145505379,
1265,az_itd=5_az=0,7.0,4.8616888794875623e-17,0.2849463711012178,5.234706559492455e-09,1.1577282419750954,0.006060367622376699,8,8,hbo,False,S8_D8 hbo,mild_master_12,-0.06373889297590943,
1266,constant,7.0,4.8616888794875623e-17,0.6644162345739633,6.448421392876182e-09,-0.4527666319710281,-0.0029196300355824748,8,8,hbo,False,S8_D8 hbo,mild_master_12,,
1204,Linear,7.0,4.62808175009622e-17,0.0014233514186285452,7.334585561020666e-13,-5.084828330775321,-3.729510845517348e-06,8,16,hbo,True,S8_D16 hbo,mild_master_12,,
1205,ShortHbO,7.0,4.62808175009622e-17,4.0029791841291616e-13,0.0015596315259477783,130.91130655494308,204173.40080610328,8,16,hbo,True,S8_D16 hbo,mild_master_12,,
1206,az_itd=0_az=15,7.0,4.62808175009622e-17,2.366443011101344e-08,5.174207058694871e-09,27.136662560299815,0.14041071096892416,8,16,hbo,True,S8_D16 hbo,mild_master_12,0.3072555127089429,
1207,az_itd=0_az=5,7.0,4.62808175009622e-17,1.8084626639217767e-08,5.1029897871273155e-09,28.208224818067006,0.1439462831595872,8,16,hbo,True,S8_D16 hbo,mild_master_12,0.15603634285195264,
1208,az_itd=15_az=0,7.0,4.62808175009622e-17,6.168884109020222e-08,5.11687968178479e-09,23.633830865753733,0.12093146895971352,8,16,hbo,True,S8_D16 hbo,mild_master_12,0.21524079657351536,
1209,az_itd=5_az=0,7.0,4.62808175009622e-17,5.134837830263509e-08,5.107392929325519e-09,24.26835435518457,0.12394802144003586,8,16,hbo,True,S8_D16 hbo,mild_master_12,0.26339745471492965,
1210,constant,7.0,4.62808175009622e-17,0.33938869786464543,6.291588927284682e-09,-1.0251930606068835,-0.006450093308443363,8,16,hbo,False,S8_D16 hbo,mild_master_12,,
1218,Linear,7.0,6.168203732645995e-17,0.002220957307278976,8.467484751459849e-13,-4.69519762830304,-3.9756514322746436e-06,8,17,hbo,True,S8_D17 hbo,mild_master_12,,
1219,ShortHbO,7.0,6.168203732645995e-17,5.643389642728113e-13,0.001800532021065022,124.64100098544105,224420.1134118836,8,17,hbo,True,S8_D17 hbo,mild_master_12,,
1220,az_itd=0_az=15,7.0,6.168203732645995e-17,4.860165151800492e-08,5.973414449377269e-09,24.461712347549792,0.14611994599336428,8,17,hbo,True,S8_D17 hbo,mild_master_12,0.3801848100422403,
1221,az_itd=0_az=5,7.0,6.168203732645995e-17,1.2913368993309796e-07,5.891196966736718e-09,21.23891696268869,0.12512264318736466,8,17,hbo,True,S8_D17 hbo,mild_master_12,0.15409587559646978,
1222,az_itd=15_az=0,7.0,6.168203732645995e-17,1.487014850574443e-07,5.907232292827479e-09,20.80921123047198,0.12292484456891231,8,17,hbo,True,S8_D17 hbo,mild_master_12,0.25803570442356355,
1223,az_itd=5_az=0,7.0,6.168203732645995e-17,1.7355856995141244e-08,5.896280217741375e-09,28.375760153107418,0.16731143325414125,8,17,hbo,True,S8_D17 hbo,mild_master_12,0.2990172780292173,
1224,constant,7.0,6.168203732645995e-17,0.4601675487841681,7.263386984993216e-09,-0.7814117953602131,-0.005675696264339555,8,17,hbo,False,S8_D17 hbo,mild_master_12,,
42,Linear,7.0,6.144710439316041e-17,0.006952266238853051,8.451344000258605e-13,-3.7733667397067756,-3.1890020356396235e-06,10,5,hbo,True,S10_D5 hbo,mild_master_12,,
43,ShortHbO,7.0,6.144710439316041e-17,6.853876076850916e-14,0.0017970998401712953,168.4615598538145,302742.2422882971,10,5,hbo,True,S10_D5 hbo,mild_master_12,,
44,az_itd=0_az=15,7.0,6.144710439316041e-17,1.2085444509488747e-07,5.9620279043430205e-09,21.44368624639714,0.1278478557729964,10,5,hbo,True,S10_D5 hbo,mild_master_12,0.42753447432708364,
45,az_itd=0_az=5,7.0,6.144710439316041e-17,8.115642030399993e-08,5.879967144976339e-09,22.715404246302874,0.13356583065311692,10,5,hbo,True,S10_D5 hbo,mild_master_12,0.1543163211190617,
46,az_itd=15_az=0,7.0,6.144710439316041e-17,4.238881371102885e-07,5.895971904468345e-09,17.872085872908727,0.10537331618091547,10,5,hbo,True,S10_D5 hbo,mild_master_12,0.29314244876253526,
47,az_itd=5_az=0,7.0,6.144710439316041e-17,2.0077992663183165e-07,5.885040706268859e-09,19.9226486612023,0.11724559834786832,10,5,hbo,True,S10_D5 hbo,mild_master_12,0.2771974927284005,
48,constant,7.0,6.144710439316041e-17,0.2879116982564401,7.249541489471902e-09,-1.1500001685534649,-0.008336973934828025,10,5,hbo,False,S10_D5 hbo,mild_master_12,,
56,Linear,7.0,5.796413880423353e-17,0.030502376484074268,8.208329132813293e-13,-2.703089449589089,-2.2187847877662364e-06,10,6,hbo,True,S10_D6 hbo,mild_master_12,,
57,ShortHbO,7.0,5.796413880423353e-17,7.579387968669278e-14,0.0017454249847362478,166.05687984369595,289839.826966532,10,6,hbo,True,S10_D6 hbo,mild_master_12,,
58,az_itd=0_az=15,7.0,5.796413880423353e-17,8.628610700485656e-07,5.790592281697103e-09,16.11106492734257,0.09329260821819078,10,6,hbo,True,S10_D6 hbo,mild_master_12,0.38300636583547004,
59,az_itd=0_az=5,7.0,5.796413880423353e-17,1.0300672634440499e-06,5.710891145197429e-09,15.698758281715754,0.0896538996616453,10,6,hbo,True,S10_D6 hbo,mild_master_12,0.12683201174411698,
60,az_itd=15_az=0,7.0,5.796413880423353e-17,1.763091258003059e-05,5.726435694513831e-09,10.297315369622064,0.058966914290269665,10,6,hbo,True,S10_D6 hbo,mild_master_12,0.24292870812030604,
61,az_itd=5_az=0,7.0,5.796413880423353e-17,7.67411470029444e-07,5.7158188183537025e-09,16.3896039876972,0.09368000689824453,10,6,hbo,True,S10_D6 hbo,mild_master_12,0.26208037364160264,
62,constant,7.0,5.796413880423353e-17,0.391666987346397,7.041083951351409e-09,-0.9128686913016913,-0.0064275850920155015,10,6,hbo,False,S10_D6 hbo,mild_master_12,,
0,Linear,7.0,1.188110921858412e-16,0.013910312292004182,1.1751777559389958e-12,-3.25760589548829,-3.828265985993571e-06,10,14,hbo,True,S10_D14 hbo,mild_master_12,,
1,ShortHbO,7.0,1.188110921858412e-16,7.419726725941461e-14,0.0024989063956054893,166.56281814728692,416224.8915383293,10,14,hbo,True,S10_D14 hbo,mild_master_12,,
2,az_itd=0_az=15,7.0,1.188110921858412e-16,1.3591771189942627e-07,8.29032941181558e-09,21.081991956941252,0.17477665798028952,10,14,hbo,True,S10_D14 hbo,mild_master_12,0.038958494902285895,
3,az_itd=0_az=5,7.0,1.188110921858412e-16,2.2130949359291309e-07,8.176222141965678e-09,19.643154414078467,0.1606067940584392,10,14,hbo,True,S10_D14 hbo,mild_master_12,-0.014091010991512592,
4,az_itd=15_az=0,7.0,1.188110921858412e-16,3.1227864515459086e-06,8.198477107972957e-09,13.335425619501153,0.1093301816665563,10,14,hbo,True,S10_D14 hbo,mild_master_12,-0.0023414590946850716,
5,az_itd=5_az=0,7.0,1.188110921858412e-16,1.5002491406981157e-06,8.183277039239035e-09,14.856485005658636,0.12157473263060532,10,14,hbo,True,S10_D14 hbo,mild_master_12,-0.009745390259192159,
6,constant,7.0,1.188110921858412e-16,0.4209557345513182,1.0080645041692238e-08,-0.8547917448019783,-0.00861685216391752,10,14,hbo,False,S10_D14 hbo,mild_master_12,,
14,Linear,7.0,5.5376649148256316e-17,0.3128984445850751,8.023029790643409e-13,-1.0873505057749013,-8.723845500703212e-07,10,15,hbo,False,S10_D15 hbo,mild_master_12,,
15,ShortHbO,7.0,5.5376649148256316e-17,8.536010773602372e-14,0.001706022799925506,163.26037077637525,278525.914868788,10,15,hbo,True,S10_D15 hbo,mild_master_12,,
16,az_itd=0_az=15,7.0,5.5376649148256316e-17,0.0012308602484438125,5.659872262651677e-09,5.216246241775719,0.029523287418987448,10,15,hbo,True,S10_D15 hbo,mild_master_12,0.3447228219127459,
17,az_itd=0_az=5,7.0,5.5376649148256316e-17,0.00018194971055740378,5.581970343498752e-09,7.171273661703625,0.040029836904743335,10,15,hbo,True,S10_D15 hbo,mild_master_12,0.05217574945173906,
18,az_itd=15_az=0,7.0,5.5376649148256316e-17,0.0006531618825129166,5.597163981598504e-09,5.815449130607887,0.032550022410656805,10,15,hbo,True,S10_D15 hbo,mild_master_12,0.21947233065761215,
19,az_itd=5_az=0,7.0,5.5376649148256316e-17,0.0048596971131957345,5.586786776647528e-09,4.051804509546988,0.022636567855497936,10,15,hbo,True,S10_D15 hbo,mild_master_12,0.1926079557534768,
20,constant,7.0,5.5376649148256316e-17,0.4619640453850311,6.882134644709612e-09,-0.7781560562759384,-0.005355374753887238,10,15,hbo,False,S10_D15 hbo,mild_master_12,,
28,Linear,7.0,7.475111079009063e-17,0.17770464319874194,9.321458998451705e-13,-1.4983933022830163,-1.3967211730785788e-06,10,16,hbo,False,S10_D16 hbo,mild_master_12,,
29,ShortHbO,7.0,7.475111079009063e-17,1.5145147107740623e-13,0.001982121716471162,150.4172614936522,298145.3205386895,10,16,hbo,True,S10_D16 hbo,mild_master_12,,
30,az_itd=0_az=15,7.0,7.475111079009063e-17,0.02126441216304204,6.575853338387108e-09,2.9547014120107638,0.019429683144108083,10,16,hbo,True,S10_D16 hbo,mild_master_12,0.321127335279076,
31,az_itd=0_az=5,7.0,7.475111079009063e-17,2.8103650977461686e-05,6.48534394676905e-09,9.59368493324445,0.062218346509026336,10,16,hbo,True,S10_D16 hbo,mild_master_12,0.10199812077999182,
32,az_itd=15_az=0,7.0,7.475111079009063e-17,0.06212875356685957,6.502996489297226e-09,2.2172514768277916,0.014418778569700218,10,16,hbo,False,S10_D16 hbo,mild_master_12,0.20981350394526277,
33,az_itd=5_az=0,7.0,7.475111079009063e-17,3.715117482826059e-05,6.490939860692672e-09,9.192983254354532,0.059671101444370066,10,16,hbo,True,S10_D16 hbo,mild_master_12,0.24907722110123853,
34,constant,7.0,7.475111079009063e-17,0.7309205204508985,7.99592393229042e-09,-0.3579648367235644,-0.002862259604876381,10,16,hbo,False,S10_D16 hbo,mild_master_12,,
126,Linear,7.0,1.4322775678712942e-16,0.12838155125226958,1.290293957265509e-12,-1.723922544579705,-2.2243668420649734e-06,11,3,hbo,False,S11_D3 hbo,mild_master_12,,
127,ShortHbO,7.0,1.4322775678712942e-16,8.644575463439315e-14,0.00274369031044634,162.96580750061443,447127.70697349927,11,3,hbo,True,S11_D3 hbo,mild_master_12,,
128,az_itd=0_az=15,7.0,1.4322775678712942e-16,2.9300879783710952e-06,9.102420369809527e-09,13.461548869736735,0.12253267664107807,11,3,hbo,True,S11_D3 hbo,mild_master_12,0.07038810654516207,
129,az_itd=0_az=5,7.0,1.4322775678712942e-16,6.625949844899587e-06,8.97713556074696e-09,11.926484816566006,0.10706567096150336,11,3,hbo,True,S11_D3 hbo,mild_master_12,0.12567821769717522,
130,az_itd=15_az=0,7.0,1.4322775678712942e-16,0.4142061996039911,9.001570543466146e-09,-0.867907587181189,-0.007812531371220966,11,3,hbo,False,S11_D3 hbo,mild_master_12,-0.06092153101190725,
131,az_itd=5_az=0,7.0,1.4322775678712942e-16,4.889219816393153e-06,8.984881530473614e-09,12.47832229109195,0.11211624748452925,11,3,hbo,True,S11_D3 hbo,mild_master_12,0.13560383543725968,
132,constant,7.0,1.4322775678712942e-16,0.5282019625075994,1.1068108902589893e-08,-0.6635778815299157,-0.007344552258123001,11,3,hbo,False,S11_D3 hbo,mild_master_12,,
140,Linear,7.0,1.0095402868221346e-16,0.01013501262840814,1.0832704480841444e-12,-3.4895349541495957,-3.7801100933869176e-06,11,4,hbo,True,S11_D4 hbo,mild_master_12,,
141,ShortHbO,7.0,1.0095402868221346e-16,4.2242002603158994e-14,0.0023034740380402626,180.52375511898197,415831.7831661129,11,4,hbo,True,S11_D4 hbo,mild_master_12,,
142,az_itd=0_az=15,7.0,1.0095402868221346e-16,1.0210172158846757e-07,7.641966341957222e-09,21.973476974130566,0.1679205714520778,11,4,hbo,True,S11_D4 hbo,mild_master_12,0.17660972041443743,
143,az_itd=0_az=5,7.0,1.0095402868221346e-16,2.593437466967527e-07,7.536783076944521e-09,19.19595546341619,0.14467575228245586,11,4,hbo,True,S11_D4 hbo,mild_master_12,0.14006412230928464,
144,az_itd=15_az=0,7.0,1.0095402868221346e-16,2.3653227947992822e-06,7.557297545395756e-09,13.89376268208963,0.10499929861366712,11,4,hbo,True,S11_D4 hbo,mild_master_12,0.07383734819659821,
145,az_itd=5_az=0,7.0,1.0095402868221346e-16,4.7739787153384e-07,7.543286230779656e-09,17.565225894585392,0.13249952663116024,11,4,hbo,True,S11_D4 hbo,mild_master_12,0.13823408686480054,
146,constant,7.0,1.0095402868221346e-16,0.2929080247557038,9.292266481478593e-09,-1.1371263655792956,-0.010566481212078063,11,4,hbo,False,S11_D4 hbo,mild_master_12,,
70,Linear,7.0,1.222395246147922e-16,0.014933198620991356,1.1920127328009231e-12,-3.2063666653867577,-3.822029891169452e-06,11,11,hbo,True,S11_D11 hbo,mild_master_12,,
71,ShortHbO,7.0,1.222395246147922e-16,1.2911344179692266e-13,0.0025347044109589423,153.8865382820776,390056.8873707842,11,11,hbo,True,S11_D11 hbo,mild_master_12,,
72,az_itd=0_az=15,7.0,1.222395246147922e-16,2.6862075127528725e-07,8.409092299489668e-09,19.098191714600674,0.1605984568814259,11,11,hbo,True,S11_D11 hbo,mild_master_12,0.09179312166988561,
73,az_itd=0_az=5,7.0,1.222395246147922e-16,7.236129880780562e-07,8.293350389060506e-09,16.53095670842088,0.13709701624932472,11,11,hbo,True,S11_D11 hbo,mild_master_12,0.11496317610272085,
74,az_itd=15_az=0,7.0,1.222395246147922e-16,3.6262674417660443e-05,8.315924167975792e-09,9.227151240769606,0.07673229000468379,11,11,hbo,True,S11_D11 hbo,mild_master_12,0.012181940994815798,
75,az_itd=5_az=0,7.0,1.222395246147922e-16,3.220635638251081e-07,8.300506351072165e-09,18.601071771715443,0.1543983143778732,11,11,hbo,True,S11_D11 hbo,mild_master_12,0.1306294936042727,
76,constant,7.0,1.222395246147922e-16,0.42570945244050473,1.022505504704891e-08,-0.8456448135752967,-0.008646764769058821,11,11,hbo,False,S11_D11 hbo,mild_master_12,,
84,Linear,7.0,1.3120507076143383e-16,0.5620574774454694,1.2349528542628294e-12,-0.6085249536807733,-7.514996284382271e-07,11,12,hbo,False,S11_D12 hbo,mild_master_12,,
85,ShortHbO,7.0,1.3120507076143383e-16,6.518913372506423e-14,0.0026260125927271517,169.67201367762118,445560.84455080674,11,12,hbo,True,S11_D12 hbo,mild_master_12,,
86,az_itd=0_az=15,7.0,1.3120507076143383e-16,0.009914519263252052,8.71201477236964e-09,3.505857163282147,0.03054307939633199,11,12,hbo,True,S11_D12 hbo,mild_master_12,0.12584534962786387,
87,az_itd=0_az=5,7.0,1.3120507076143383e-16,0.7069041308363588,8.592103467138475e-09,-0.39173793048500977,-0.0033658528307299036,11,12,hbo,False,S11_D12 hbo,mild_master_12,-0.01136434229340121,
88,az_itd=15_az=0,7.0,1.3120507076143383e-16,0.9766207920532167,8.615490425965185e-09,0.030368615674613134,0.0002616405175944457,11,12,hbo,False,S11_D12 hbo,mild_master_12,0.03279595417251603,
89,az_itd=5_az=0,7.0,1.3120507076143383e-16,0.8695103694134249,8.599517209851212e-09,0.1704075412690573,0.0014654225838316888,11,12,hbo,False,S11_D12 hbo,mild_master_12,0.03271363290060861,
90,constant,7.0,1.3120507076143383e-16,0.801749081439407,1.0593394321951844e-08,-0.26080486342892795,-0.0027628087593854316,11,12,hbo,False,S11_D12 hbo,mild_master_12,,
98,Linear,7.0,1.0560547973095298e-16,0.18942348174074547,1.1079452379760255e-12,-1.4534137783775503,-1.6103028745621492e-06,11,13,hbo,False,S11_D13 hbo,mild_master_12,,
99,ShortHbO,7.0,1.0560547973095298e-16,4.331194294182221e-14,0.002355942687961036,179.87971069339468,423786.28912064974,11,13,hbo,True,S11_D13 hbo,mild_master_12,,
100,az_itd=0_az=15,7.0,1.0560547973095298e-16,1.7805981066117786e-05,7.816035443705648e-09,10.281942822788471,0.08036402953306959,11,13,hbo,True,S11_D13 hbo,mild_master_12,0.09466312241719396,
101,az_itd=0_az=5,7.0,1.0560547973095298e-16,9.74845875249946e-05,7.708456308881377e-09,7.9161748425483545,0.061021487907249906,11,13,hbo,True,S11_D13 hbo,mild_master_12,0.04012823064157826,
102,az_itd=15_az=0,7.0,1.0560547973095298e-16,0.0060407223804962665,7.729438056948402e-09,3.881571401136569,0.03000236570870753,11,13,hbo,True,S11_D13 hbo,mild_master_12,0.00827570742587199,
103,az_itd=5_az=0,7.0,1.0560547973095298e-16,0.009049244478517396,7.715107591888501e-09,3.573930860439551,0.027573261114261782,11,13,hbo,True,S11_D13 hbo,mild_master_12,0.05472003543979133,
104,constant,7.0,1.0560547973095298e-16,0.7308011264475045,9.50392620454716e-09,-0.3581315723548619,-0.00340365603517905,11,13,hbo,False,S11_D13 hbo,mild_master_12,,
112,Linear,7.0,5.407262626104574e-17,0.9982724592992659,7.928002894192255e-13,-0.0022436113235703983,-1.7787357066708633e-09,11,20,hbo,False,S11_D20 hbo,mild_master_12,,
113,ShortHbO,7.0,5.407262626104574e-17,5.468885704902206e-14,0.001685816212615947,173.9839290943543,293304.92840188585,11,20,hbo,True,S11_D20 hbo,mild_master_12,,
114,az_itd=0_az=15,7.0,5.407262626104574e-17,0.0019835607706684914,5.59283523182113e-09,4.792428300677102,0.026803261846003564,11,20,hbo,True,S11_D20 hbo,mild_master_12,0.034189321311509334,
115,az_itd=0_az=5,7.0,5.407262626104574e-17,0.08558655721553135,5.515856003696141e-09,2.0002595815283284,0.01103314382172376,11,20,hbo,False,S11_D20 hbo,mild_master_12,-0.01164857266133504,
116,az_itd=15_az=0,7.0,5.407262626104574e-17,0.13660081026969306,5.5308696843094945e-09,-1.681241435373592,-0.00929872728691278,11,20,hbo,False,S11_D20 hbo,mild_master_12,-0.038693547183184865,
117,az_itd=5_az=0,7.0,5.407262626104574e-17,0.00026518603023621977,5.520615389731041e-09,-6.749278396693672,-0.037260170186366334,11,20,hbo,True,S11_D20 hbo,mild_master_12,-0.013604777727633842,
118,constant,7.0,5.407262626104574e-17,0.76151353711136,6.800620813487345e-09,-0.3155914222165994,-0.002146217594484279,11,20,hbo,False,S11_D20 hbo,mild_master_12,,
196,Linear,7.0,9.051179547979672e-17,0.0014286188317447867,1.0257172477083993e-12,-5.081515004906787,-5.212197585021924e-06,12,2,hbo,True,S12_D2 hbo,mild_master_12,,
197,ShortHbO,7.0,9.051179547979672e-17,9.3241099036791e-14,0.0021810925006262925,161.2131874309665,351620.8741077419,12,2,hbo,True,S12_D2 hbo,mild_master_12,,
198,az_itd=0_az=15,7.0,9.051179547979672e-17,1.1322987287824139e-08,7.23595543219667e-09,30.17434880864675,0.2183402431749246,12,2,hbo,True,S12_D2 hbo,mild_master_12,0.17090159242777053,
199,az_itd=0_az=5,7.0,9.051179547979672e-17,4.578492053466521e-08,7.136360460982769e-09,24.673404689218717,0.1760783096619673,12,2,hbo,True,S12_D2 hbo,mild_master_12,0.1799358081247339,
200,az_itd=15_az=0,7.0,9.051179547979672e-17,2.1542027024805596e-07,7.1557850138774e-09,19.720204739939458,0.14111354554865282,12,2,hbo,True,S12_D2 hbo,mild_master_12,0.07774905463385991,
201,az_itd=5_az=0,7.0,9.051179547979672e-17,1.124197569782671e-08,7.142518108008952e-09,30.205527743969594,0.2157435288732696,12,2,hbo,True,S12_D2 hbo,mild_master_12,0.21545220492216322,
202,constant,7.0,9.051179547979672e-17,0.4268506457325941,8.798576585571992e-09,-0.8434598720957067,-0.007421246281490832,12,2,hbo,False,S12_D2 hbo,mild_master_12,,
210,Linear,7.0,1.7472479558057025e-16,0.010136212850758079,1.4251229660207755e-12,-3.489447159069284,-4.972891285105588e-06,12,3,hbo,True,S12_D3 hbo,mild_master_12,,
211,ShortHbO,7.0,1.7472479558057025e-16,6.23840342271255e-14,0.003030391680165913,170.74170824677222,517414.25212833425,12,3,hbo,True,S12_D3 hbo,mild_master_12,,
212,az_itd=0_az=15,7.0,1.7472479558057025e-16,2.717284664203677e-07,1.0053575964102235e-08,19.06629994842474,0.19168449488584666,12,3,hbo,True,S12_D3 hbo,mild_master_12,0.20091841177903413,
213,az_itd=0_az=5,7.0,1.7472479558057025e-16,1.0284106839334477e-05,9.915199543997949e-09,11.167847201456846,0.1107314334793237,12,3,hbo,True,S12_D3 hbo,mild_master_12,0.13454407462155163,
214,az_itd=15_az=0,7.0,1.7472479558057025e-16,5.8019979074443796e-06,9.942187855344639e-09,12.164742941989454,0.12094415954123698,12,3,hbo,True,S12_D3 hbo,mild_master_12,0.07796705221072664,
215,az_itd=5_az=0,7.0,1.7472479558057025e-16,1.866185318371753e-07,9.923754927280496e-09,20.135169340991297,0.19981648595928955,12,3,hbo,True,S12_D3 hbo,mild_master_12,0.23179869086145713,
216,constant,7.0,1.7472479558057025e-16,0.7966704566009153,1.2224668726596306e-08,-0.26766775899703105,-0.003272149682529123,12,3,hbo,False,S12_D3 hbo,mild_master_12,,
224,Linear,7.0,1.5022665294078263e-16,0.008138859487318299,1.321443393178603e-12,-3.653614089915254,-4.828044200342767e-06,12,4,hbo,True,S12_D4 hbo,mild_master_12,,
225,ShortHbO,7.0,1.5022665294078263e-16,2.170983785583479e-13,0.002809926694031169,142.8731980910743,401463.2131777127,12,4,hbo,True,S12_D4 hbo,mild_master_12,,
226,az_itd=0_az=15,7.0,1.5022665294078263e-16,1.1691672965355585e-07,9.322165070904084e-09,21.54677223922973,0.20086256755927315,12,4,hbo,True,S12_D4 hbo,mild_master_12,0.076465543669782,
227,az_itd=0_az=5,7.0,1.5022665294078263e-16,6.884948801558842e-08,9.193855717621337e-09,23.26181789204058,0.21386579742900358,12,4,hbo,True,S12_D4 hbo,mild_master_12,0.17379560585326376,
228,az_itd=15_az=0,7.0,1.5022665294078263e-16,3.8038848252036805e-05,9.218880593770595e-09,9.159759008204531,0.08444272456435216,12,4,hbo,True,S12_D4 hbo,mild_master_12,0.0023983067173396805,
229,az_itd=5_az=0,7.0,1.5022665294078263e-16,7.64761755364189e-08,9.201788685501574e-09,22.91129949484211,0.21082493646177608,12,4,hbo,True,S12_D4 hbo,mild_master_12,0.20575810269678133,
230,constant,7.0,1.5022665294078263e-16,0.46761171456385076,1.1335307975327567e-08,-0.767976955701259,-0.008705255310828266,12,4,hbo,False,S12_D4 hbo,mild_master_12,,
154,Linear,7.0,7.113960329274033e-17,0.010904214243532313,9.093494068147029e-13,-3.4354539485978814,-3.124028010296712e-06,12,10,hbo,True,S12_D10 hbo,mild_master_12,,
155,ShortHbO,7.0,7.113960329274033e-17,1.833575728914043e-13,0.0019336470904468682,146.36376078304286,283015.86018499226,12,10,hbo,True,S12_D10 hbo,mild_master_12,,
156,az_itd=0_az=15,7.0,7.113960329274033e-17,5.184693960626342e-07,6.41503474247544e-09,17.355177670174044,0.11133406771600048,12,10,hbo,True,S12_D10 hbo,mild_master_12,0.06476464146145035,
157,az_itd=0_az=5,7.0,7.113960329274033e-17,5.534413469945231e-07,6.3267388420239e-09,17.19075692073531,0.10876142953420727,12,10,hbo,True,S12_D10 hbo,mild_master_12,0.09125616093427164,
158,az_itd=15_az=0,7.0,7.113960329274033e-17,1.8060752480691903e-06,6.343959675242642e-09,14.456834179980685,0.09171357306946701,12,10,hbo,True,S12_D10 hbo,mild_master_12,-0.027487972942931593,
159,az_itd=5_az=0,7.0,7.113960329274033e-17,2.142117913059871e-08,6.332197902679401e-09,27.52877028449951,0.17431762145885082,12,10,hbo,True,S12_D10 hbo,mild_master_12,0.10705557054115691,
160,constant,7.0,7.113960329274033e-17,0.27123965912699294,7.800376192151367e-09,-1.19434292151045,-0.009316324090214623,12,10,hbo,False,S12_D10 hbo,mild_master_12,,
168,Linear,7.0,1.4165147566023723e-16,0.004819541313391274,1.2831742028604213e-12,-4.058365647548181,-5.207590104708754e-06,12,11,hbo,True,S12_D11 hbo,mild_master_12,,
169,ShortHbO,7.0,1.4165147566023723e-16,1.7836076537165142e-13,0.0027285508136952307,146.94278736251601,400940.86202463834,12,11,hbo,True,S12_D11 hbo,mild_master_12,,
170,az_itd=0_az=15,7.0,1.4165147566023723e-16,1.3207801627945356e-07,9.052193832546455e-09,21.169681633484604,0.1916320615196013,12,11,hbo,True,S12_D11 hbo,mild_master_12,0.10664787076819422,
171,az_itd=0_az=5,7.0,1.4165147566023723e-16,2.478020276799409e-07,8.927600336549558e-09,19.323306814077476,0.17251076041660846,12,11,hbo,True,S12_D11 hbo,mild_master_12,0.13844327075094534,
172,az_itd=15_az=0,7.0,1.4165147566023723e-16,8.985140449902592e-07,8.951900488693997e-09,16.015917474298938,0.14337289946505938,12,11,hbo,True,S12_D11 hbo,mild_master_12,0.016728498301236246,
173,az_itd=5_az=0,7.0,1.4165147566023723e-16,4.662817774106288e-08,8.935303564541455e-09,24.60850372784041,0.21988445107740412,12,11,hbo,True,S12_D11 hbo,mild_master_12,0.16388830924627615,
174,constant,7.0,1.4165147566023723e-16,0.5406163977048128,1.1007035829534345e-08,-0.6431471734750839,-0.007079143982103989,12,11,hbo,False,S12_D11 hbo,mild_master_12,,
182,Linear,7.0,1.3454870041311297e-16,0.03100775443508882,1.2505896266473714e-12,-2.6917349547862828,-3.3662558121398567e-06,12,12,hbo,True,S12_D12 hbo,mild_master_12,,
183,ShortHbO,7.0,1.3454870041311297e-16,1.7093541931353192e-13,0.002659262737499623,147.83838518081134,393141.1088834481,12,12,hbo,True,S12_D12 hbo,mild_master_12,,
184,az_itd=0_az=15,7.0,1.3454870041311297e-16,1.2995692763927598e-06,8.82232488788221e-09,15.172964893907489,0.1338608258064831,12,12,hbo,True,S12_D12 hbo,mild_master_12,0.05441968774005075,
185,az_itd=0_az=5,7.0,1.3454870041311297e-16,4.534445735650814e-06,8.700895285187494e-09,12.618675408085402,0.10979377336352165,12,12,hbo,True,S12_D12 hbo,mild_master_12,0.07105341644839355,
186,az_itd=15_az=0,7.0,1.3454870041311297e-16,0.00024755276150282445,8.724578365886938e-09,6.824884215194771,0.05954423717357155,12,12,hbo,True,S12_D12 hbo,mild_master_12,-0.0208698809236904,
187,az_itd=5_az=0,7.0,1.3454870041311297e-16,1.4578385348645903e-06,8.708402899505869e-09,14.919181906338421,0.129922246971413,12,12,hbo,True,S12_D12 hbo,mild_master_12,0.11510535407274303,
188,constant,7.0,1.3454870041311297e-16,0.6869582060767121,1.0727526159633162e-08,-0.42017006541135377,-0.004507385368195074,12,12,hbo,False,S12_D12 hbo,mild_master_12,,
238,Linear,7.0,1.075976672965933e-16,0.013389615275160263,1.1183467920265073e-12,-3.2852623972347677,-3.6740626629128156e-06,13,1,hbo,True,S13_D1 hbo,mild_master_12,,
239,ShortHbO,7.0,1.075976672965933e-16,1.1647168461400604e-13,0.00237806062697888,156.16916919457924,371379.75240963185,13,1,hbo,True,S13_D1 hbo,mild_master_12,,
240,az_itd=0_az=15,7.0,1.075976672965933e-16,1.3478863661842106e-07,7.889413542497517e-09,21.107481091310284,0.16652564716979362,13,1,hbo,True,S13_D1 hbo,mild_master_12,0.22311526157115563,
241,az_itd=0_az=5,7.0,1.075976672965933e-16,2.8847440551765724e-06,7.780824438816281e-09,13.49260138878244,0.1049835626290449,13,1,hbo,True,S13_D1 hbo,mild_master_12,0.17452386945945975,
242,az_itd=15_az=0,7.0,1.075976672965933e-16,6.164002803323304e-07,7.802003166642875e-09,16.922630529342772,0.1320304169778597,13,1,hbo,True,S13_D1 hbo,mild_master_12,0.07771814974571088,
243,az_itd=5_az=0,7.0,1.075976672965933e-16,2.1386296899587443e-07,7.78753816505375e-09,19.74098151284624,0.1537336469469106,13,1,hbo,True,S13_D1 hbo,mild_master_12,0.17712624973716212,
244,constant,7.0,1.075976672965933e-16,0.22168617374754832,9.593150471884575e-09,-1.3413659033486791,-0.012867924948679261,13,1,hbo,False,S13_D1 hbo,mild_master_12,,
280,Linear,7.0,7.25617357836518e-17,0.007747170461297079,9.183937084633507e-13,-3.690922270240767,-3.3897197914163877e-06,13,2,hbo,True,S13_D2 hbo,mild_master_12,,
281,ShortHbO,7.0,7.25617357836518e-17,8.246543738246568e-14,0.00195287895823825,164.0671758612593,320403.3354770278,13,2,hbo,True,S13_D2 hbo,mild_master_12,,
282,az_itd=0_az=15,7.0,7.25617357836518e-17,1.9080202248817345e-07,6.478838060388999e-09,20.07052274540601,0.13003366665483956,13,2,hbo,True,S13_D2 hbo,mild_master_12,0.1558151939869585,
283,az_itd=0_az=5,7.0,7.25617357836518e-17,3.7949682372647326e-07,6.389663977412636e-09,18.16225867028984,0.1160507299740013,13,2,hbo,True,S13_D2 hbo,mild_master_12,0.15833046786699145,
284,az_itd=15_az=0,7.0,7.25617357836518e-17,1.0232232091003495e-06,6.407056087380561e-09,15.714092610080762,0.10068107271507984,13,2,hbo,True,S13_D2 hbo,mild_master_12,0.0525153739215485,
285,az_itd=5_az=0,7.0,7.25617357836518e-17,1.080497511669469e-06,6.395177333359822e-09,15.589229327360195,0.0996958860388821,13,2,hbo,True,S13_D2 hbo,mild_master_12,0.14138195608851517,
286,constant,7.0,7.25617357836518e-17,0.580530724652798,7.877957982743687e-09,-0.5793186691709313,-0.004563848134347587,13,2,hbo,False,S13_D2 hbo,mild_master_12,,
294,Linear,7.0,8.363161794949502e-17,0.0055629921288537455,9.859623192297206e-13,-3.9456396401628737,-3.890252010459708e-06,13,3,hbo,True,S13_D3 hbo,mild_master_12,,
295,ShortHbO,7.0,8.363161794949502e-17,6.369871416246549e-14,0.002096557336026592,170.23366846248257,356904.6464537365,13,3,hbo,True,S13_D3 hbo,mild_master_12,,
296,az_itd=0_az=15,7.0,8.363161794949502e-17,4.578919497756752e-08,6.955503006028961e-09,24.67307227720652,0.17161362839207978,13,3,hbo,True,S13_D3 hbo,mild_master_12,0.14770634694277796,
297,az_itd=0_az=5,7.0,8.363161794949502e-17,2.5471314010352515e-07,6.859768154127951e-09,19.24625797009556,0.1320248675093928,13,3,hbo,True,S13_D3 hbo,mild_master_12,0.14100314067511865,
298,az_itd=15_az=0,7.0,8.363161794949502e-17,9.288566798500315e-07,6.87843984680425e-09,15.938269698298452,0.10963042938188881,13,3,hbo,True,S13_D3 hbo,mild_master_12,0.04163252191452975,
299,az_itd=5_az=0,7.0,8.363161794949502e-17,9.818489571780675e-08,6.8656871419937565e-09,22.098192528961864,0.15171927630739596,13,3,hbo,True,S13_D3 hbo,mild_master_12,0.16849615881284707,
300,constant,7.0,8.363161794949502e-17,0.47376779787835643,8.457559815448386e-09,-0.7569761960286467,-0.006402171456782863,13,3,hbo,False,S13_D3 hbo,mild_master_12,,
308,Linear,7.0,6.483191931919595e-17,0.7362566949640867,8.680995033626408e-13,0.35052409140632546,3.04289789666472e-07,13,9,hbo,False,S13_D9 hbo,mild_master_12,,
309,ShortHbO,7.0,6.483191931919595e-17,2.4760718014172506e-12,0.0018459330003583406,100.894856389689,186245.1449761425,13,9,hbo,True,S13_D9 hbo,mild_master_12,,
310,az_itd=0_az=15,7.0,6.483191931919595e-17,0.3956465342316302,6.124035967102998e-09,-0.9047942207111743,-0.00554099235046216,13,9,hbo,False,S13_D9 hbo,mild_master_12,0.10290988392922437,
311,az_itd=0_az=5,7.0,6.483191931919595e-17,2.276036181869735e-05,6.039745344866349e-09,-9.90649146678877,-0.05983268572049569,13,9,hbo,True,S13_D9 hbo,mild_master_12,-0.03701323557513523,
312,az_itd=15_az=0,7.0,6.483191931919595e-17,0.0005866006645369224,6.056185006730808e-09,-5.921547582591443,-0.03586198768633336,13,9,hbo,True,S13_D9 hbo,mild_master_12,-0.0768345127911244,
313,az_itd=5_az=0,7.0,6.483191931919595e-17,0.15319170544891095,6.0449567716384476e-09,1.601990637414386,0.009683964151739485,13,9,hbo,False,S13_D9 hbo,mild_master_12,0.07528389110468628,
314,constant,7.0,6.483191931919595e-17,0.9396362679325914,7.446535564550262e-09,0.07848817531976772,0.0005844649889153064,13,9,hbo,False,S13_D9 hbo,mild_master_12,,
252,Linear,7.0,7.661220658461395e-17,0.11169399670943415,9.43678485452876e-13,-1.8192329893557317,-1.716771032081125e-06,13,10,hbo,False,S13_D10 hbo,mild_master_12,,
253,ShortHbO,7.0,7.661220658461395e-17,3.352813420240801e-13,0.002006644689091535,134.26948653750836,269431.15206753847,13,10,hbo,True,S13_D10 hbo,mild_master_12,,
254,az_itd=0_az=15,7.0,7.661220658461395e-17,0.0008822652110144621,6.657210335807001e-09,5.52566277402412,0.03678549933141736,13,10,hbo,True,S13_D10 hbo,mild_master_12,0.06860652401704677,
255,az_itd=0_az=5,7.0,7.661220658461395e-17,3.7425458123789116e-05,6.565581154564475e-09,9.18262209825669,0.060289250597801415,13,10,hbo,True,S13_D10 hbo,mild_master_12,0.042775995925682445,
256,az_itd=15_az=0,7.0,7.661220658461395e-17,0.00027684385273113313,6.58345209579819e-09,6.7023330604991065,0.04412448863388034,13,10,hbo,True,S13_D10 hbo,mild_master_12,-0.07095644453222337,
257,az_itd=5_az=0,7.0,7.661220658461395e-17,1.0777196703379371e-05,6.571246301594618e-09,11.089669883116162,0.0728729522053323,13,10,hbo,True,S13_D10 hbo,mild_master_12,0.03266930936083514,
258,constant,7.0,7.661220658461395e-17,0.8034176468624182,8.094850159694477e-09,-0.25855313019919585,-0.0020929488472824676,13,10,hbo,False,S13_D10 hbo,mild_master_12,,
266,Linear,7.0,7.98820746285453e-17,0.0023587083840885524,9.636065337017886e-13,-4.643912547696365,-4.474904472899936e-06,13,11,hbo,True,S13_D11 hbo,mild_master_12,,
267,ShortHbO,7.0,7.98820746285453e-17,2.643043253513546e-13,0.00204901983359157,138.91211568359532,284633.6801618534,13,11,hbo,True,S13_D11 hbo,mild_master_12,,
268,az_itd=0_az=15,7.0,7.98820746285453e-17,2.799118902659819e-08,6.797793395419145e-09,26.487954613763556,0.18005964293160395,13,11,hbo,True,S13_D11 hbo,mild_master_12,0.10330109752783224,
269,az_itd=0_az=5,7.0,7.98820746285453e-17,3.7692939829985505e-08,6.704229242920034e-09,25.375520186870368,0.17012330449112395,13,11,hbo,True,S13_D11 hbo,mild_master_12,0.1301276840210326,
270,az_itd=15_az=0,7.0,7.98820746285453e-17,3.3176833917207524e-07,6.7224775721992e-09,18.520932813930944,0.12450655545785899,13,11,hbo,True,S13_D11 hbo,mild_master_12,0.0064120085002278,
271,az_itd=5_az=0,7.0,7.98820746285453e-17,6.496604473035384e-09,6.710014023199312e-09,32.68310147235734,0.21930406920116388,13,11,hbo,True,S13_D11 hbo,mild_master_12,0.16873319874001244,
272,constant,7.0,7.98820746285453e-17,0.37715771227189143,8.2657924531099e-09,-0.9428370113132337,-0.007793295052625621,13,11,hbo,False,S13_D11 hbo,mild_master_12,,
322,Linear,7.0,1.5545617814577883e-16,0.017148851945668866,1.3442469555401335e-12,-3.1071791576333876,-4.176816122966438e-06,14,1,hbo,True,S14_D1 hbo,mild_master_12,,
323,ShortHbO,7.0,1.5545617814577883e-16,1.6738625857755073e-13,0.0028584163523316577,148.28230589585746,423852.56793416396,14,1,hbo,True,S14_D1 hbo,mild_master_12,,
324,az_itd=0_az=15,7.0,1.5545617814577883e-16,2.7777463259909206e-07,9.483033537639921e-09,19.00542860205923,0.18022911683054868,14,1,hbo,True,S14_D1 hbo,mild_master_12,0.09512436800744156,
325,az_itd=0_az=5,7.0,1.5545617814577883e-16,2.202169756798777e-05,9.35251000677359e-09,9.956233896915924,0.0931157771506846,14,1,hbo,True,S14_D1 hbo,mild_master_12,-0.006488138154527044,
326,az_itd=15_az=0,7.0,1.5545617814577883e-16,3.27656237418355e-06,9.377966726107962e-09,13.240971656137262,0.12417339161259387,14,1,hbo,True,S14_D1 hbo,mild_master_12,-0.004837146969838332,
327,az_itd=5_az=0,7.0,1.5545617814577883e-16,9.794825279853398e-08,9.360579870360977e-09,22.105908613834,0.20692412318669387,14,1,hbo,True,S14_D1 hbo,mild_master_12,0.11260993193576214,
328,constant,7.0,1.5545617814577883e-16,0.4075747794327863,1.1530916356009523e-08,-0.8809456963964389,-0.010158111139333898,14,1,hbo,False,S14_D1 hbo,mild_master_12,,
350,Linear,7.0,6.396393046463678e-17,0.003623485227777381,8.622687355149834e-13,-4.287123081256017,-3.6966521982717253e-06,14,2,hbo,True,S14_D2 hbo,mild_master_12,,
351,ShortHbO,7.0,6.396393046463678e-17,1.0243269240898624e-13,0.0018335344138533062,159.0618832826328,291645.4369310251,14,2,hbo,True,S14_D2 hbo,mild_master_12,,
352,az_itd=0_az=15,7.0,6.396393046463678e-17,1.3598878727662535e-08,6.082902627115399e-09,29.38969451190816,0.1787746499566052,14,2,hbo,True,S14_D2 hbo,mild_master_12,0.17540852157063572,
353,az_itd=0_az=5,7.0,6.396393046463678e-17,3.0147205637235434e-08,5.999178160081111e-09,26.20616796665814,0.1572154705249927,14,2,hbo,True,S14_D2 hbo,mild_master_12,0.18591477788819868,
354,az_itd=15_az=0,7.0,6.396393046463678e-17,1.485505525256311e-07,6.015507401594616e-09,20.81227364341115,0.1251963861459523,14,2,hbo,True,S14_D2 hbo,mild_master_12,0.06927315253235256,
355,az_itd=5_az=0,7.0,6.396393046463678e-17,5.185966719470666e-08,6.004354583239518e-09,24.23366598696809,0.14550752343754747,14,2,hbo,True,S14_D2 hbo,mild_master_12,0.19115185577322377,
356,constant,7.0,6.396393046463678e-17,0.21302316206613192,7.396519385554616e-09,-1.3699523503527125,-0.010132879116669945,14,2,hbo,False,S14_D2 hbo,mild_master_12,,
364,Linear,7.0,1.379061470908085e-16,0.839787866682477,1.2660967117063478e-12,0.20981522499907362,2.656463664372546e-07,14,9,hbo,False,S14_D9 hbo,mild_master_12,,
365,ShortHbO,7.0,1.379061470908085e-16,1.4448562752559578e-11,0.002692237114214328,78.40516912139273,211085.3062548647,14,9,hbo,True,S14_D9 hbo,mild_master_12,,
366,az_itd=0_az=15,7.0,1.379061470908085e-16,0.015708400931407487,8.931720119970514e-09,3.1699747727008467,0.02831332745713111,14,9,hbo,True,S14_D9 hbo,mild_master_12,0.38545339988825084,
367,az_itd=0_az=5,7.0,1.379061470908085e-16,0.00014399291081092209,8.808784812176746e-09,-7.44362989129981,-0.0655693339339466,14,9,hbo,True,S14_D9 hbo,mild_master_12,0.0782086814798984,
368,az_itd=15_az=0,7.0,1.379061470908085e-16,0.0003097383708563808,8.832761558791082e-09,-6.5809906938844245,-0.058128321619704194,14,9,hbo,True,S14_D9 hbo,mild_master_12,0.06179294204488062,
369,az_itd=5_az=0,7.0,1.379061470908085e-16,0.17460701562252964,8.816385519554063e-09,-1.5107326522945639,-0.013319201479607296,14,9,hbo,False,S14_D9 hbo,mild_master_12,0.2597592771984804,
370,constant,7.0,1.379061470908085e-16,0.6519025812592597,1.0860545542718715e-08,0.47109275672736567,0.0051163243392824635,14,9,hbo,False,S14_D9 hbo,mild_master_12,,
336,Linear,7.0,7.104890236068634e-17,0.8560162334389821,9.087695248555216e-13,-0.18825733098104977,-1.7108252522621727e-07,14,10,hbo,False,S14_D10 hbo,mild_master_12,,
337,ShortHbO,7.0,7.104890236068634e-17,2.658084749511459e-12,0.0019324140252963656,99.87700501605529,193003.7252976207,14,10,hbo,True,S14_D10 hbo,mild_master_12,,
338,az_itd=0_az=15,7.0,7.104890236068634e-17,0.06721086799283627,6.410943946476889e-09,2.1639893589301398,0.01387321448087358,14,10,hbo,False,S14_D10 hbo,mild_master_12,0.07103449766057782,
339,az_itd=0_az=5,7.0,7.104890236068634e-17,0.001473548517493119,6.3227043513347906e-09,-5.053793016993987,-0.03195363909929326,14,10,hbo,True,S14_D10 hbo,mild_master_12,-0.048029684014745604,
340,az_itd=15_az=0,7.0,7.104890236068634e-17,0.01037497924377314,6.3399142030205484e-09,-3.472201156181643,-0.022013457425820365,14,10,hbo,True,S14_D10 hbo,mild_master_12,-0.1267496121910535,
341,az_itd=5_az=0,7.0,7.104890236068634e-17,0.00038779362512429363,6.32815993080829e-09,6.34306837920001,0.040139951155630585,14,10,hbo,True,S14_D10 hbo,mild_master_12,0.04630643607236506,
342,constant,7.0,7.104890236068634e-17,0.9743295489266769,7.795401979384792e-09,-0.033346049528498733,-0.0002599458604991223,14,10,hbo,False,S14_D10 hbo,mild_master_12,,
378,Linear,7.0,4.130706782025501e-17,0.015866962412584028,6.929266300987133e-13,3.1627676274007506,2.191565913840105e-06,15,17,hbo,True,S15_D17 hbo,mild_master_12,,
379,ShortHbO,7.0,4.130706782025501e-17,1.7767057573971036e-09,0.0014734441482475778,39.368872979244095,58007.8355143694,15,17,hbo,True,S15_D17 hbo,mild_master_12,,
380,az_itd=0_az=15,7.0,4.130706782025501e-17,6.875836657416024e-08,4.888273278409315e-09,-23.266269872899908,-0.11373188530795632,15,17,hbo,True,S15_D17 hbo,mild_master_12,-0.06465120980981938,
381,az_itd=0_az=5,7.0,4.130706782025501e-17,7.978624672605857e-08,4.8209915709678055e-09,-22.771391436754186,-0.1097806861758004,15,17,hbo,True,S15_D17 hbo,mild_master_12,-0.14898186712871345,
382,az_itd=15_az=0,7.0,4.130706782025501e-17,1.2095549674164965e-07,4.8341138909916925e-09,-21.44109144361951,-0.1036486779856242,15,17,hbo,True,S15_D17 hbo,mild_master_12,-0.16766176303561173,
383,az_itd=5_az=0,7.0,4.130706782025501e-17,7.210012569323478e-06,4.825151389487698e-09,-11.777149624794315,-0.05682652987628081,15,17,hbo,True,S15_D17 hbo,mild_master_12,-0.02701609746091168,
384,constant,7.0,4.130706782025501e-17,0.3380812615645535,5.943907092063533e-09,1.0281689012788142,0.0061113404241503145,15,17,hbo,False,S15_D17 hbo,mild_master_12,,
392,Linear,7.0,8.968731420775661e-17,0.008095830404708047,1.0210348782144254e-12,3.65761629949611,3.7345538129111084e-06,15,18,hbo,True,S15_D18 hbo,mild_master_12,,
393,ShortHbO,7.0,8.968731420775661e-17,2.4915599562681327e-08,0.0021711358766041415,26.935979787127565,58481.67208731665,15,18,hbo,True,S15_D18 hbo,mild_master_12,,
394,az_itd=0_az=15,7.0,8.968731420775661e-17,3.522619932897441e-08,7.202923505463286e-09,-25.62443349370244,-0.18457083432597005,15,18,hbo,True,S15_D18 hbo,mild_master_12,-0.07131211652150203,
395,az_itd=0_az=5,7.0,8.968731420775661e-17,2.9525177455500254e-08,7.103783182405109e-09,-26.285043524417983,-0.18672325013754676,15,18,hbo,True,S15_D18 hbo,mild_master_12,-0.17204345132189572,
396,az_itd=15_az=0,7.0,8.968731420775661e-17,5.254843089705849e-08,7.123119062779012e-09,-24.187549009577786,-0.17229079143202514,15,18,hbo,True,S15_D18 hbo,mild_master_12,-0.16656412076011456,
397,az_itd=5_az=0,7.0,8.968731420775661e-17,6.892373300673596e-08,7.1099127199511645e-09,-23.258195423736737,-0.16536373948633581,15,18,hbo,True,S15_D18 hbo,mild_master_12,-0.08557496858543526,
398,constant,7.0,8.968731420775661e-17,0.12898442781106037,8.758411338583391e-09,1.7207051671121978,0.015070643645994503,15,18,hbo,False,S15_D18 hbo,mild_master_12,,
406,Linear,7.0,9.121314059989219e-17,0.04620511796546305,1.0296835462133703e-12,2.418333040185033,2.4901177407426853e-06,15,22,hbo,True,S15_D22 hbo,mild_master_12,,
407,ShortHbO,7.0,9.121314059989219e-17,1.7341730694277654e-09,0.0021895264661696864,39.505930015381345,86499.27933932486,15,22,hbo,True,S15_D22 hbo,mild_master_12,,
408,az_itd=0_az=15,7.0,9.121314059989219e-17,2.20664786086084e-07,7.263935813024698e-09,-19.651474627447627,-0.142747050325063,15,22,hbo,True,S15_D22 hbo,mild_master_12,-0.11470596932283887,
409,az_itd=0_az=5,7.0,9.121314059989219e-17,1.361353650762259e-07,7.16395572263072e-09,-21.0771061597309,-0.1509954552894994,15,22,hbo,True,S15_D22 hbo,mild_master_12,-0.15803561433153793,
410,az_itd=15_az=0,7.0,9.121314059989219e-17,6.971616529617051e-08,7.183455387429024e-09,-23.219807262533745,-0.16679844957511158,15,22,hbo,True,S15_D22 hbo,mild_master_12,-0.22873438606538707,
411,az_itd=5_az=0,7.0,9.121314059989219e-17,4.936615667105512e-05,7.170137180376912e-09,-8.799811175951156,-0.06309585329298366,15,22,hbo,True,S15_D22 hbo,mild_master_12,-0.004238455584140701,
412,constant,7.0,9.121314059989219e-17,0.15372409287827443,8.83259939374373e-09,1.5995827096099104,0.014128473271143449,15,22,hbo,False,S15_D22 hbo,mild_master_12,,
420,Linear,7.0,5.287940414549919e-17,0.18190354947259438,7.840041196032139e-13,-1.4819759480200543,-1.161875248400601e-06,16,16,hbo,False,S16_D16 hbo,mild_master_12,,
421,ShortHbO,7.0,5.287940414549919e-17,1.1379509661350225e-12,0.00166711197413034,112.75341431360863,187972.56712629623,16,16,hbo,True,S16_D16 hbo,mild_master_12,,
422,az_itd=0_az=15,7.0,5.287940414549919e-17,0.00036706416134662476,5.5307823679301375e-09,6.400623249442239,0.035400454211778835,16,16,hbo,True,S16_D16 hbo,mild_master_12,0.08233868099366673,
423,az_itd=0_az=5,7.0,5.287940414549919e-17,4.343902553302184e-06,5.454657229254824e-09,12.699313042833166,0.06927039969566001,16,16,hbo,True,S16_D16 hbo,mild_master_12,0.03998722835055541,
424,az_itd=15_az=0,7.0,5.287940414549919e-17,0.00018496679024175076,5.469504332123441e-09,7.152430824824956,0.039120251381593335,16,16,hbo,True,S16_D16 hbo,mild_master_12,0.04551789194333224,
425,az_itd=5_az=0,7.0,5.287940414549919e-17,4.982545895614204e-06,5.459363809597872e-09,12.443320081452743,0.06793261132392556,16,16,hbo,True,S16_D16 hbo,mild_master_12,0.10940569618510353,
426,constant,7.0,5.287940414549919e-17,0.33190371165964094,6.7251674914741074e-09,-1.0423534665749428,-0.007010001648035147,16,16,hbo,False,S16_D16 hbo,mild_master_12,,
434,Linear,7.0,3.8514199912475246e-17,0.7352403145890072,6.690914934667634e-13,-0.351939636041817,-2.3547981668936852e-07,16,17,hbo,False,S16_D17 hbo,mild_master_12,,
435,ShortHbO,7.0,3.8514199912475246e-17,2.9665478775040378e-12,0.0014227609430314285,98.32170558509182,139888.2825587037,16,17,hbo,True,S16_D17 hbo,mild_master_12,,
436,az_itd=0_az=15,7.0,3.8514199912475246e-17,0.3230630537627556,4.7201275376855144e-09,-1.0630213408120397,-0.005017596303914287,16,17,hbo,False,S16_D17 hbo,mild_master_12,0.030832369113247885,
437,az_itd=0_az=5,7.0,3.8514199912475246e-17,0.017246897310976027,4.655160171503296e-09,3.1031112828940914,0.014445480051871072,16,17,hbo,True,S16_D17 hbo,mild_master_12,-0.04790489965359317,
438,az_itd=15_az=0,7.0,3.8514199912475246e-17,0.005541408345399431,4.667831112871621e-09,3.948674604080936,0.01843174617153502,16,17,hbo,True,S16_D17 hbo,mild_master_12,0.004025929487842374,
439,az_itd=5_az=0,7.0,3.8514199912475246e-17,0.00015181884357650383,4.659176901507783e-09,7.3813125532452455,0.034390840950889685,16,17,hbo,True,S16_D17 hbo,mild_master_12,0.060244595208858207,
440,constant,7.0,3.8514199912475246e-17,0.5019039855328429,5.7394498934034576e-09,-0.7078772250315097,-0.004062825863749834,16,17,hbo,False,S16_D17 hbo,mild_master_12,,
448,Linear,7.0,4.524373259530973e-17,0.01958533887850896,7.251941328098592e-13,3.012769323114833,2.184842636632408e-06,16,18,hbo,True,S16_D18 hbo,mild_master_12,,
449,ShortHbO,7.0,4.524373259530973e-17,9.32280672952967e-09,0.0015420579970781933,31.02967260756334,47849.55479121121,16,18,hbo,True,S16_D18 hbo,mild_master_12,,
450,az_itd=0_az=15,7.0,4.524373259530973e-17,9.539724527436564e-08,5.115905417819839e-09,-22.190463669678138,-0.1135243133116407,16,18,hbo,True,S16_D18 hbo,mild_master_12,-0.08557148197629061,
451,az_itd=0_az=5,7.0,4.524373259530973e-17,1.0672241547322651e-07,5.045490604241291e-09,-21.833186821471614,-0.1101591389683798,16,18,hbo,True,S16_D18 hbo,mild_master_12,-0.14906718275714367,
452,az_itd=15_az=0,7.0,4.524373259530973e-17,7.713436464624306e-08,5.05922399112068e-09,-22.88293579865097,-0.11576989777980923,16,18,hbo,True,S16_D18 hbo,mild_master_12,-0.1853766759098478,
453,az_itd=5_az=0,7.0,4.524373259530973e-17,1.2698483081734713e-06,5.049844132960125e-09,-15.224547037233489,-0.07688158953294899,16,18,hbo,True,S16_D18 hbo,mild_master_12,-0.09149032770537989,
454,constant,7.0,4.524373259530973e-17,0.16807750239883198,6.220696913491867e-09,1.5374120426520044,0.00956377434849055,16,18,hbo,False,S16_D18 hbo,mild_master_12,,
462,Linear,7.0,1.4873125538137897e-16,0.4010888591607733,1.3148499377739983e-12,-0.8938485177740645,-1.1752766679746094e-06,16,22,hbo,False,S16_D22 hbo,mild_master_12,,
463,ShortHbO,7.0,1.4873125538137897e-16,6.160500880738757e-12,0.0027959063232434827,88.56847018551338,247629.14583167876,16,22,hbo,True,S16_D22 hbo,mild_master_12,,
464,az_itd=0_az=15,7.0,1.4873125538137897e-16,0.8893402496470276,9.27565132692787e-09,-0.14428677478803253,-0.0013383538140207566,16,22,hbo,False,S16_D22 hbo,mild_master_12,0.010516212711138487,
465,az_itd=0_az=5,7.0,1.4873125538137897e-16,0.0013509242019012024,9.147982184193098e-09,5.131818824894665,0.04694578718264315,16,22,hbo,True,S16_D22 hbo,mild_master_12,-0.00909825839784129,
466,az_itd=15_az=0,7.0,1.4873125538137897e-16,0.13572560056724006,9.17288219657161e-09,1.685668979943067,0.015462442975432788,16,22,hbo,False,S16_D22 hbo,mild_master_12,-0.0224837098175698,
467,az_itd=5_az=0,7.0,1.4873125538137897e-16,0.00039254065019112694,9.15587556984816e-09,6.330373751477367,0.057960114379159676,16,22,hbo,True,S16_D22 hbo,mild_master_12,0.1990065073050318,
468,constant,7.0,1.4873125538137897e-16,0.9531858228017738,1.1278749481775298e-08,-0.060841847872338595,-0.0006862199601603905,16,22,hbo,False,S16_D22 hbo,mild_master_12,,
476,Linear,7.0,9.705153684279331e-17,0.35067679725391687,1.0621265787730586e-12,-0.9998667764495122,-1.0619850784991671e-06,16,23,hbo,False,S16_D23 hbo,mild_master_12,,
477,ShortHbO,7.0,9.705153684279331e-17,2.7054171640219574e-12,0.0022585135629272007,99.62532850817536,225005.15564679197,16,23,hbo,True,S16_D23 hbo,mild_master_12,,
478,az_itd=0_az=15,7.0,9.705153684279331e-17,0.9062875844498239,7.492806233417542e-09,0.12205235750781487,0.0009145146651378615,16,23,hbo,False,S16_D23 hbo,mild_master_12,-0.008973468583118725,
479,az_itd=0_az=5,7.0,9.705153684279331e-17,0.00016218183492640979,7.389675993310186e-09,7.304148073789951,0.05397528767246843,16,23,hbo,True,S16_D23 hbo,mild_master_12,-0.034517890851287945,
480,az_itd=15_az=0,7.0,9.705153684279331e-17,0.01070860437094099,7.4097900490660626e-09,3.4488074665942086,0.025554939247114505,16,23,hbo,True,S16_D23 hbo,mild_master_12,-0.014536665145986886,
481,az_itd=5_az=0,7.0,9.705153684279331e-17,1.9246014664207244e-06,7.396052215006588e-09,14.322257691717263,0.1059281657247206,16,23,hbo,True,S16_D23 hbo,mild_master_12,0.18580693934075068,
482,constant,7.0,9.705153684279331e-17,0.5200366006375574,9.110894905769453e-09,-0.6771794994008457,-0.006169711251382673,16,23,hbo,False,S16_D23 hbo,mild_master_12,,
490,Linear,7.0,1.1274533376690924e-16,0.6390673207294388,1.144786123859122e-12,0.49007380801051426,5.610296950772361e-07,17,15,hbo,False,S17_D15 hbo,mild_master_12,,
491,ShortHbO,7.0,1.1274533376690924e-16,2.2122502350558154e-13,0.0024342814115182075,142.48927295498777,346858.9884950708,17,15,hbo,True,S17_D15 hbo,mild_master_12,,
492,az_itd=0_az=15,7.0,1.1274533376690924e-16,0.0006118875360132507,8.075930662322969e-09,-5.879725068332788,-0.04748425196537777,17,15,hbo,True,S17_D15 hbo,mild_master_12,0.2730977261121994,
493,az_itd=0_az=5,7.0,1.1274533376690924e-16,0.23065460227244755,7.964774355546857e-09,1.3127853961765494,0.010456039457803401,17,15,hbo,False,S17_D15 hbo,mild_master_12,0.00010749371263238917,
494,az_itd=15_az=0,7.0,1.1274533376690924e-16,0.04159712725567904,7.986453779058183e-09,-2.4899908885925424,-0.01988619714202035,17,15,hbo,True,S17_D15 hbo,mild_master_12,0.12203746738078763,
495,az_itd=5_az=0,7.0,1.1274533376690924e-16,0.005758111995787869,7.971646803959853e-09,-3.9187729830218445,-0.031239074125550305,17,15,hbo,True,S17_D15 hbo,mild_master_12,0.212234786844504,
496,constant,7.0,1.1274533376690924e-16,0.7716127852014786,9.819946391052686e-09,-0.3017463101526379,-0.002963132589396861,17,15,hbo,False,S17_D15 hbo,mild_master_12,,
504,Linear,7.0,8.492681873886782e-17,0.44509494182441023,9.935677729668102e-13,-0.8090790193658953,-8.038748394255433e-07,17,16,hbo,False,S17_D16 hbo,mild_master_12,,
505,ShortHbO,7.0,8.492681873886782e-17,1.3180755723737933e-12,0.0021127296273153336,110.41001391884986,233266.50755865246,17,16,hbo,True,S17_D16 hbo,mild_master_12,,
506,az_itd=0_az=15,7.0,8.492681873886782e-17,0.12504936259983043,7.009155924907107e-09,-1.7419687313071714,-0.012209730454044578,17,16,hbo,False,S17_D16 hbo,mild_master_12,0.1463868581903809,
507,az_itd=0_az=5,7.0,8.492681873886782e-17,7.262257000222367e-05,6.912682599564506e-09,8.28891989653056,0.05729867233793084,17,16,hbo,True,S17_D16 hbo,mild_master_12,0.022409508640615996,
508,az_itd=15_az=0,7.0,8.492681873886782e-17,0.011986268638559424,6.9314983207620516e-09,3.3659609452360666,0.02333115263965444,17,16,hbo,True,S17_D16 hbo,mild_master_12,0.05037649502497221,
509,az_itd=5_az=0,7.0,8.492681873886782e-17,0.0004835915735575531,6.918647244944302e-09,6.115610711472179,0.04231175320007885,17,16,hbo,True,S17_D16 hbo,mild_master_12,0.18067035008467694,
510,constant,7.0,8.492681873886782e-17,0.6631466375327306,8.522799205078727e-09,-0.4546181604421663,-0.0038746192964308483,17,16,hbo,False,S17_D16 hbo,mild_master_12,,
518,Linear,7.0,5.939014610075346e-17,0.2729939660538495,8.308684443221956e-13,-1.1895716111726833,-9.883775139848952e-07,17,17,hbo,False,S17_D17 hbo,mild_master_12,,
519,ShortHbO,7.0,5.939014610075346e-17,1.2458418454095959e-12,0.0017667646098053766,111.3030348314237,196646.26290409456,17,17,hbo,True,S17_D17 hbo,mild_master_12,,
520,az_itd=0_az=15,7.0,5.939014610075346e-17,0.008474344258414836,5.861388259353101e-09,3.623175394996315,0.021236837721808434,17,17,hbo,True,S17_D17 hbo,mild_master_12,0.0278099104348064,
521,az_itd=0_az=5,7.0,5.939014610075346e-17,0.00022786355434150748,5.780712694055077e-09,6.916813222544482,0.03998410999797089,17,17,hbo,True,S17_D17 hbo,mild_master_12,0.028937336915420348,
522,az_itd=15_az=0,7.0,5.939014610075346e-17,0.0006152596947902251,5.7964472915587e-09,5.874294212124055,0.034050036775685424,17,17,hbo,True,S17_D17 hbo,mild_master_12,0.047274805045178184,
523,az_itd=5_az=0,7.0,5.939014610075346e-17,0.00014733800681364218,5.7857006131105085e-09,7.416537027535136,0.04290986282736682,17,17,hbo,True,S17_D17 hbo,mild_master_12,0.1285264725222671,
524,constant,7.0,5.939014610075346e-17,0.6605593313180191,7.1271684825779425e-09,-0.45839675312450945,-0.003267070891385066,17,17,hbo,False,S17_D17 hbo,mild_master_12,,
532,Linear,7.0,1.2422867979840373e-16,0.9914551160054532,1.2016721699684034e-12,-0.011097758704421878,-1.3335867784128375e-08,17,21,hbo,False,S17_D21 hbo,mild_master_12,,
533,ShortHbO,7.0,1.2422867979840373e-16,9.972366921043028e-13,0.002555244307322518,114.90077643337571,293599.5548883206,17,21,hbo,True,S17_D21 hbo,mild_master_12,,
534,az_itd=0_az=15,7.0,1.2422867979840373e-16,0.002306508938119779,8.477235110776257e-09,-4.662947269199373,-0.03952890031015519,17,21,hbo,True,S17_D21 hbo,mild_master_12,-0.16147028254902723,
535,az_itd=0_az=5,7.0,1.2422867979840373e-16,0.0003110541976777701,8.360555289466892e-09,6.576441974574923,0.054982706736404464,17,21,hbo,True,S17_D21 hbo,mild_master_12,-0.13857725161474957,
536,az_itd=15_az=0,7.0,1.2422867979840373e-16,0.07725078708824543,8.38331199427975e-09,-2.0697015005545607,-0.017350953414177844,17,21,hbo,False,S17_D21 hbo,mild_master_12,-0.16460209447810192,
537,az_itd=5_az=0,7.0,1.2422867979840373e-16,0.4763188047335688,8.367769239588512e-09,-0.7524458891230466,-0.006296293565458656,17,21,hbo,False,S17_D21 hbo,mild_master_12,-0.09561179924072855,
538,constant,7.0,1.2422867979840373e-16,0.8420385206294191,1.0307913454550076e-08,-0.20681907128777258,-0.002131873087584782,17,21,hbo,False,S17_D21 hbo,mild_master_12,,
546,Linear,7.0,6.560815578418132e-17,0.24348629022195406,8.732809438398247e-13,-1.2735286017515852,-1.1121482593446365e-06,17,22,hbo,False,S17_D22 hbo,mild_master_12,,
547,ShortHbO,7.0,6.560815578418132e-17,3.2361591286328663e-12,0.001856950852493006,97.10664665781523,180322.2702939671,17,22,hbo,True,S17_D22 hbo,mild_master_12,,
548,az_itd=0_az=15,7.0,6.560815578418132e-17,0.0007683404268021575,6.160588606196516e-09,5.657656903232169,0.03485449665582117,17,22,hbo,True,S17_D22 hbo,mild_master_12,0.03411084840734708,
549,az_itd=0_az=5,7.0,6.560815578418132e-17,8.3965645065777e-06,6.075794877069225e-09,11.512142264455962,0.06994541499447364,17,22,hbo,True,S17_D22 hbo,mild_master_12,-0.006477309242308128,
550,az_itd=15_az=0,7.0,6.560815578418132e-17,0.0002289985015170545,6.0923326626269784e-09,6.911275246721397,0.04210578792600609,17,22,hbo,True,S17_D22 hbo,mild_master_12,0.015615597842054636,
551,az_itd=5_az=0,7.0,6.560815578418132e-17,0.00012917847891848964,6.081037409374177e-09,7.572791739278452,0.04605042985995201,17,22,hbo,True,S17_D22 hbo,mild_master_12,0.11878128106012041,
552,constant,7.0,6.560815578418132e-17,0.43586224409664365,7.490981829799224e-09,-0.826350655344034,-0.00619017774422484,17,22,hbo,False,S17_D22 hbo,mild_master_12,,
560,Linear,7.0,4.6432979415004335e-17,0.5461892276444404,7.34663297948585e-13,0.6340696970655303,4.6582773477542274e-07,17,23,hbo,False,S17_D23 hbo,mild_master_12,,
561,ShortHbO,7.0,4.6432979415004335e-17,4.626289407195691e-12,0.0015621932976372984,92.27025216197384,144143.96949873897,17,23,hbo,True,S17_D23 hbo,mild_master_12,,
562,az_itd=0_az=15,7.0,4.6432979415004335e-17,6.253523276180394e-06,5.182705948937952e-09,-12.029746748279962,-0.06234664003652754,17,23,hbo,True,S17_D23 hbo,mild_master_12,-0.0621310046625389,
563,az_itd=0_az=5,7.0,4.6432979415004335e-17,0.002033099520891339,5.111371699489999e-09,-4.771111306041784,-0.024386923304818744,17,23,hbo,True,S17_D23 hbo,mild_master_12,-0.11779561227034135,
564,az_itd=15_az=0,7.0,4.6432979415004335e-17,0.08916154694485319,5.1252844089843826e-09,-1.9725039465445968,-0.010109643723885186,17,23,hbo,False,S17_D23 hbo,mild_master_12,-0.057904824093129914,
565,az_itd=5_az=0,7.0,4.6432979415004335e-17,0.10571671346770836,5.11578207406639e-09,1.8567365490091177,0.009498659553684735,17,23,hbo,False,S17_D23 hbo,mild_master_12,0.028687067257819755,
566,constant,7.0,4.6432979415004335e-17,0.9136997808458093,6.301923172346971e-09,-0.11235008938407649,-0.0007080216317047651,17,23,hbo,False,S17_D23 hbo,mild_master_12,,
574,Linear,7.0,8.896821069201994e-17,0.9219376088802353,1.016933364798667e-12,-0.1015811946449559,-1.0330130607056333e-07,18,15,hbo,False,S18_D15 hbo,mild_master_12,,
575,ShortHbO,7.0,8.896821069201994e-17,1.8484509448082703e-13,0.0021624143891061836,146.19486461546467,316133.8788579112,18,15,hbo,True,S18_D15 hbo,mild_master_12,,
576,az_itd=0_az=15,7.0,8.896821069201994e-17,0.05844948847376382,7.173989246682623e-09,-2.2586285178492798,-0.016203376699301445,18,15,hbo,False,S18_D15 hbo,mild_master_12,-0.09790594100319414,
577,az_itd=0_az=5,7.0,8.896821069201994e-17,0.04684360969019111,7.075247171885834e-09,2.4089873715560137,0.017044181087710376,18,15,hbo,True,S18_D15 hbo,mild_master_12,-0.1467929172855207,
578,az_itd=15_az=0,7.0,8.896821069201994e-17,0.9537670554061655,7.094505379719405e-09,0.06008540536090525,0.0004262762315755635,18,15,hbo,False,S18_D15 hbo,mild_master_12,-0.13681341795212704,
579,az_itd=5_az=0,7.0,8.896821069201994e-17,0.8131159891978252,7.081352086981655e-09,-0.24549409302911548,-0.0017384301080133953,18,15,hbo,False,S18_D15 hbo,mild_master_12,-0.09346018065401196,
580,constant,7.0,8.896821069201994e-17,0.7193997764667452,8.723228660329784e-09,-0.37410617776389055,-0.0032634137318763986,18,15,hbo,False,S18_D15 hbo,mild_master_12,,
588,Linear,7.0,6.732501056327308e-17,0.7411273202945085,8.8463330013956e-13,0.34375149254678833,3.0409401727956474e-07,18,16,hbo,False,S18_D16 hbo,mild_master_12,,
589,ShortHbO,7.0,6.732501056327308e-17,9.290003169599769e-13,0.0018810905842222999,116.07067201933033,218339.44823991708,18,16,hbo,True,S18_D16 hbo,mild_master_12,,
590,az_itd=0_az=15,7.0,6.732501056327308e-17,0.001169972275236819,6.240674170145866e-09,-5.262637974243285,-0.032842408872688834,18,16,hbo,True,S18_D16 hbo,mild_master_12,0.11995743078176015,
591,az_itd=0_az=5,7.0,6.732501056327308e-17,0.04803628031335151,6.154778151277998e-09,2.3918746157927067,0.01472145762587741,18,16,hbo,True,S18_D16 hbo,mild_master_12,0.00019499104926231614,
592,az_itd=15_az=0,7.0,6.732501056327308e-17,0.5578610845177101,6.171530922443057e-09,-0.6152378483460994,-0.0037969594057252845,18,16,hbo,False,S18_D16 hbo,mild_master_12,0.049428493561685896,
593,az_itd=5_az=0,7.0,6.732501056327308e-17,0.005551399080400399,6.160088834726129e-09,-3.9472681738593898,-0.024315522605461024,18,16,hbo,True,S18_D16 hbo,mild_master_12,0.11698031677323455,
594,constant,7.0,6.732501056327308e-17,0.737800618485845,7.588362054761884e-09,-0.34837532813468786,-0.0026435981208324856,18,16,hbo,False,S18_D16 hbo,mild_master_12,,
602,Linear,7.0,1.3611611455464743e-16,0.08299973339360263,1.257852855864518e-12,-2.0210656341122277,-2.5422031797576987e-06,18,21,hbo,False,S18_D21 hbo,mild_master_12,,
603,ShortHbO,7.0,1.3611611455464743e-16,4.924552724455756e-13,0.0026747073201185087,127.09181133663257,339933.3981092116,18,21,hbo,True,S18_D21 hbo,mild_master_12,,
604,az_itd=0_az=15,7.0,1.3611611455464743e-16,3.425514585243696e-05,8.87356357283805e-09,9.30797477302726,0.0825949058828302,18,21,hbo,True,S18_D21 hbo,mild_master_12,-0.08554706521315615,
605,az_itd=0_az=5,7.0,1.3611611455464743e-16,1.1276858004845786e-06,8.751428725977441e-09,15.491891536514256,0.13557618461237766,18,21,hbo,True,S18_D21 hbo,mild_master_12,-0.1082867960283814,
606,az_itd=15_az=0,7.0,1.3611611455464743e-16,2.850134129574098e-05,8.775249354310435e-09,9.573152930130506,0.08400680406884278,18,21,hbo,True,S18_D21 hbo,mild_master_12,-0.1105058199607373,
607,az_itd=5_az=0,7.0,1.3611611455464743e-16,7.339720654511255e-06,8.758979943347136e-09,11.745849867553975,0.10288166340747189,18,21,hbo,True,S18_D21 hbo,mild_master_12,-0.06717523317146372,
608,constant,7.0,1.3611611455464743e-16,0.42222238341278495,1.078982995599459e-08,-0.8523472898615396,-0.009196682321058844,18,21,hbo,False,S18_D21 hbo,mild_master_12,,
616,Linear,7.0,8.796645575638645e-17,0.38362357983088485,1.0111919776122299e-12,-0.929377124670635,-9.397786926432674e-07,18,22,hbo,False,S18_D22 hbo,mild_master_12,,
617,ShortHbO,7.0,8.796645575638645e-17,3.48264519765241e-12,0.0021502058622792177,96.09299413601128,206619.71931521397,18,22,hbo,True,S18_D22 hbo,mild_master_12,,
618,az_itd=0_az=15,7.0,8.796645575638645e-17,0.015964730673206473,7.133486445454643e-09,3.1583619522934514,0.022530132176524997,18,22,hbo,True,S18_D22 hbo,mild_master_12,0.008115803217792055,
619,az_itd=0_az=5,7.0,8.796645575638645e-17,6.9847836866077605e-06,7.035301847187413e-09,11.833050512691136,0.08324908212979791,18,22,hbo,True,S18_D22 hbo,mild_master_12,-0.016349517356552105,
620,az_itd=15_az=0,7.0,8.796645575638645e-17,0.01735851240319751,7.054451327319133e-09,3.09851027419658,0.021858289916518038,18,22,hbo,True,S18_D22 hbo,mild_master_12,-0.00041361944436665854,
621,az_itd=5_az=0,7.0,8.796645575638645e-17,0.0004201279375279611,7.0413722952448625e-09,6.259851897231575,0.044077947721502406,18,22,hbo,True,S18_D22 hbo,mild_master_12,0.09240100546562553,
622,constant,7.0,8.796645575638645e-17,0.49142824199890034,8.67397918638348e-09,-0.7259401748256575,-0.006296789966997338,18,22,hbo,False,S18_D22 hbo,mild_master_12,,
630,Linear,7.0,7.784495047100801e-17,0.9606175279575648,9.512404104845633e-13,0.051172713457382765,4.8677552954809714e-08,18,23,hbo,False,S18_D23 hbo,mild_master_12,,
631,ShortHbO,7.0,7.784495047100801e-17,2.2245209569788094e-12,0.0020227244206294025,102.45182604998617,207231.81048938257,18,23,hbo,True,S18_D23 hbo,mild_master_12,,
632,az_itd=0_az=15,7.0,7.784495047100801e-17,9.580179624237401e-05,6.71055618002786e-09,-7.9378269451577275,-0.053267233662819866,18,23,hbo,True,S18_D23 hbo,mild_master_12,-0.029414729211838325,
633,az_itd=0_az=5,7.0,7.784495047100801e-17,0.07012009110940963,6.6181927518887994e-09,2.1352920899031846,0.014131774632562745,18,23,hbo,False,S18_D23 hbo,mild_master_12,-0.08280551704019826,
634,az_itd=15_az=0,7.0,7.784495047100801e-17,0.15897350151968437,6.6362068973175215e-09,-1.5762459867909047,-0.010460294489410864,18,23,hbo,False,S18_D23 hbo,mild_master_12,-0.05818442321614588,
635,az_itd=5_az=0,7.0,7.784495047100801e-17,0.006249284292463666,6.623903295118809e-09,3.855314208509534,0.02553722848946467,18,23,hbo,True,S18_D23 hbo,mild_master_12,0.062032760036987135,
636,constant,7.0,7.784495047100801e-17,0.7891136509827531,8.159716161191772e-09,-0.2779060742084293,-0.00226763468501188,18,23,hbo,False,S18_D23 hbo,mild_master_12,,
644,Linear,7.0,4.1611402159949396e-16,0.003616430744159048,2.199283639170044e-12,-4.288707916095656,-9.43208515304823e-06,19,14,hbo,True,S19_D14 hbo,mild_master_12,,
645,ShortHbO,7.0,4.1611402159949396e-16,9.963494585121909e-14,0.004676572479268259,159.69255500876568,746813.8078980262,19,14,hbo,True,S19_D14 hbo,mild_master_12,,
646,az_itd=0_az=15,7.0,4.1611402159949396e-16,2.4496842837719003e-08,1.5514917421294938e-08,27.001840644050173,0.4189313278154037,19,14,hbo,True,S19_D14 hbo,mild_master_12,0.05824695030256995,
647,az_itd=0_az=5,7.0,4.1611402159949396e-16,1.273987070404043e-07,1.5301371640307335e-08,21.280563521646712,0.3256218111598838,19,14,hbo,True,S19_D14 hbo,mild_master_12,0.08767122327639616,
648,az_itd=15_az=0,7.0,4.1611402159949396e-16,2.2328036696614158e-07,1.5343020643943375e-08,19.61788990890492,0.3009976898629366,19,14,hbo,True,S19_D14 hbo,mild_master_12,0.01620600849148078,
649,az_itd=5_az=0,7.0,4.1611402159949396e-16,2.0667187040817633e-08,1.531457451116743e-08,27.671206751347192,0.42377275760742583,19,14,hbo,True,S19_D14 hbo,mild_master_12,0.16218683025011887,
650,constant,7.0,4.1611402159949396e-16,0.25827551736702764,1.8865399383568006e-08,-1.2304309891681389,-0.02321257202457558,19,14,hbo,False,S19_D14 hbo,mild_master_12,,
658,Linear,7.0,1.4594966663438177e-16,0.06372335852084295,1.3024966710549164e-12,-2.20008139657148,-2.865598695084204e-06,19,15,hbo,False,S19_D15 hbo,mild_master_12,,
659,ShortHbO,7.0,1.4594966663438177e-16,6.999315370890814e-14,0.0027696382484310314,167.95686975392164,465179.77055721043,19,15,hbo,True,S19_D15 hbo,mild_master_12,,
660,az_itd=0_az=15,7.0,1.4594966663438177e-16,4.749931356278039e-06,9.188504808117722e-09,12.532001452972482,0.11515035560597593,19,15,hbo,True,S19_D15 hbo,mild_master_12,-0.022864735739706068,
661,az_itd=0_az=5,7.0,1.4594966663438177e-16,2.5771344439867725e-05,9.062035141404272e-09,9.721130340202107,0.08809322475708276,19,15,hbo,True,S19_D15 hbo,mild_master_12,-0.10052227594150899,
662,az_itd=15_az=0,7.0,1.4594966663438177e-16,1.1181686111545129e-05,9.086701213402683e-09,11.028513783449519,0.10021280957809896,19,15,hbo,True,S19_D15 hbo,mild_master_12,-0.0894285990386284,
663,az_itd=5_az=0,7.0,1.4594966663438177e-16,2.2977848220688007e-06,9.069854367190962e-09,13.953227305860011,0.1265537396164626,19,15,hbo,True,S19_D15 hbo,mild_master_12,-0.04482189174873384,
664,constant,7.0,1.4594966663438177e-16,0.5576116670300703,1.117278347257279e-08,-0.6156377821112797,-0.006878387637064274,19,15,hbo,False,S19_D15 hbo,mild_master_12,,
672,Linear,7.0,1.7755596647318485e-16,0.008366768210855387,1.436622631258358e-12,-3.6327914254026186,-5.218950376374711e-06,19,21,hbo,True,S19_D21 hbo,mild_master_12,,
673,ShortHbO,7.0,1.7755596647318485e-16,6.727815843280921e-14,0.003054844650675515,168.90900577579316,515990.7727451014,19,21,hbo,True,S19_D21 hbo,mild_master_12,,
674,az_itd=0_az=15,7.0,1.7755596647318485e-16,1.0307039593777212e-07,1.0134700723708484e-08,21.94347443646922,0.2223905462519632,19,21,hbo,True,S19_D21 hbo,mild_master_12,0.049236901953739726,
675,az_itd=0_az=5,7.0,1.7755596647318485e-16,2.4025518495921506e-07,9.99520771047791e-09,19.410293327562805,0.19400991353029368,19,21,hbo,True,S19_D21 hbo,mild_master_12,-0.012246870618967266,
676,az_itd=15_az=0,7.0,1.7755596647318485e-16,2.1692926733800253e-07,1.0022413797099585e-08,19.700235199394857,0.19744390906852194,19,21,hbo,True,S19_D21 hbo,mild_master_12,-0.013124046601959958,
677,az_itd=5_az=0,7.0,1.7755596647318485e-16,1.052273602896464e-07,1.0003832129237444e-08,21.87780761766017,0.21886191476282452,19,21,hbo,True,S19_D21 hbo,mild_master_12,0.030611343307476228,
678,constant,7.0,1.7755596647318485e-16,0.2874737348934455,1.2323312563898798e-08,-1.1511374104635972,-0.014185826113139973,19,21,hbo,False,S19_D21 hbo,mild_master_12,,
714,Linear,7.0,1.1702675932680527e-16,0.4747281055656154,1.1663198248679344e-12,-0.7552688731694961,-8.808850598832488e-07,20,12,hbo,False,S20_D12 hbo,mild_master_12,,
715,ShortHbO,7.0,1.1702675932680527e-16,1.0570064106339456e-13,0.002480070827544876,158.3496856413443,392718.4359099997,20,12,hbo,True,S20_D12 hbo,mild_master_12,,
716,az_itd=0_az=15,7.0,1.1702675932680527e-16,0.0040401587263994,8.227840851157299e-09,4.199083646952035,0.034549391967818525,20,12,hbo,True,S20_D12 hbo,mild_master_12,-0.037811793537239735,
717,az_itd=0_az=5,7.0,1.1702675932680527e-16,0.02629520917876725,8.114593667644062e-09,2.8060360658315804,0.0227698424909778,20,12,hbo,True,S20_D12 hbo,mild_master_12,-0.0814364915951456,
718,az_itd=15_az=0,7.0,1.1702675932680527e-16,0.5884278482407446,8.13668088630088e-09,-0.566997267923766,-0.004613475832500126,20,12,hbo,False,S20_D12 hbo,mild_master_12,-0.07907546788747567,
719,az_itd=5_az=0,7.0,1.1702675932680527e-16,0.004538228000446997,8.121595388456714e-09,4.106077316102576,0.0333478985951054,20,12,hbo,True,S20_D12 hbo,mild_master_12,-0.014410651580879563,
720,constant,7.0,1.1702675932680527e-16,0.8335186947876358,1.0004661933196621e-08,-0.218172368944156,-0.0021827407944509263,20,12,hbo,False,S20_D12 hbo,mild_master_12,,
728,Linear,7.0,2.0734437573642262e-16,0.03108225078114855,1.5524627844221137e-12,-2.690077580103991,-4.176245330319744e-06,20,13,hbo,True,S20_D13 hbo,mild_master_12,,
729,ShortHbO,7.0,2.0734437573642262e-16,1.0998575542365766e-13,0.003301167981887253,157.4530379312375,519778.9274694804,20,13,hbo,True,S20_D13 hbo,mild_master_12,,
730,az_itd=0_az=15,7.0,2.0734437573642262e-16,1.0403797511917055e-06,1.0951898823306072e-08,15.675870688084377,0.17168054974312943,20,13,hbo,True,S20_D13 hbo,mild_master_12,0.002265828744740918,
731,az_itd=0_az=5,7.0,2.0734437573642262e-16,5.940108801646353e-07,1.0801157976673521e-08,17.01425197195069,0.18377362340396838,20,13,hbo,True,S20_D13 hbo,mild_master_12,0.05944423567315864,
732,az_itd=15_az=0,7.0,2.0734437573642262e-16,6.8801898341018125e-06,1.0830557789867973e-08,11.859711190193835,0.12844728741653821,20,13,hbo,True,S20_D13 hbo,mild_master_12,0.029049670930906206,
733,az_itd=5_az=0,7.0,2.0734437573642262e-16,1.173425742223977e-06,1.081047781395725e-08,15.401871805060956,0.16650159344202517,20,13,hbo,True,S20_D13 hbo,mild_master_12,0.09357160805691374,
734,constant,7.0,2.0734437573642262e-16,0.29810903621647356,1.3316986465330015e-08,-1.123915511949805,-0.014967167660810006,20,13,hbo,False,S20_D13 hbo,mild_master_12,,
742,Linear,7.0,1.5836874759317152e-16,0.07943203039235346,1.3567811757015207e-12,-2.0508384656520247,-2.782539024601257e-06,20,20,hbo,False,S20_D20 hbo,mild_master_12,,
743,ShortHbO,7.0,1.5836874759317152e-16,1.0385512101163456e-13,0.0028850692078396236,158.7487414995911,458001.1058837625,20,20,hbo,True,S20_D20 hbo,mild_master_12,,
744,az_itd=0_az=15,7.0,1.5836874759317152e-16,4.554273812720986e-06,9.571456598349652e-09,12.610506252301354,0.12070091327711933,20,20,hbo,True,S20_D20 hbo,mild_master_12,0.0011374003732545065,
745,az_itd=0_az=5,7.0,1.5836874759317152e-16,6.730714936239407e-06,9.439716021266197e-09,11.898622326976424,0.11231961581095504,20,20,hbo,True,S20_D20 hbo,mild_master_12,-0.01596264561974276,
746,az_itd=15_az=0,7.0,1.5836874759317152e-16,2.094139297050922e-05,9.46541010779222e-09,10.032496614215608,0.09496169485858764,20,20,hbo,True,S20_D20 hbo,mild_master_12,-0.003369019623310669,
747,az_itd=5_az=0,7.0,1.5836874759317152e-16,7.19795978953945e-06,9.447861131032467e-09,11.780090522965317,0.11129665937196795,20,20,hbo,True,S20_D20 hbo,mild_master_12,0.020126426979982605,
748,constant,7.0,1.5836874759317152e-16,0.39733753831252466,1.1638434579259423e-08,-0.9013813998033832,-0.010490668452572958,20,20,hbo,False,S20_D20 hbo,mild_master_12,,
756,Linear,7.0,1.220642401998651e-16,0.0807934141210545,1.1911577875150763e-12,-2.039324203131455,-2.42915690582801e-06,21,11,hbo,False,S21_D11 hbo,mild_master_12,,
757,ShortHbO,7.0,1.220642401998651e-16,4.0430561219614535e-12,0.0025328864491809063,94.06501595269256,238256.00424856078,21,11,hbo,True,S21_D11 hbo,mild_master_12,,
758,az_itd=0_az=15,7.0,1.220642401998651e-16,1.9129194215926914e-06,8.403061060374625e-09,14.33509679127509,0.12045869364346494,21,11,hbo,True,S21_D11 hbo,mild_master_12,-0.17159127165114596,
759,az_itd=0_az=5,7.0,1.220642401998651e-16,1.0643109944563102e-06,8.287402163321052e-09,15.623738725282843,0.12948020611107194,21,11,hbo,True,S21_D11 hbo,mild_master_12,-0.0404716890731381,
760,az_itd=15_az=0,7.0,1.220642401998651e-16,0.0002122385900808067,8.309959751682887e-09,6.996369387059704,0.058139548014372405,21,11,hbo,True,S21_D11 hbo,mild_master_12,-0.1812763764113144,
761,az_itd=5_az=0,7.0,1.220642401998651e-16,6.77028113255584e-06,8.294552992874123e-09,11.888227611674436,0.09860753391638298,21,11,hbo,True,S21_D11 hbo,mild_master_12,0.010644794505016587,
762,constant,7.0,1.220642401998651e-16,0.44415754439961375,1.0217721348029221e-08,-0.8108210771301507,-0.008284743829224788,21,11,hbo,False,S21_D11 hbo,mild_master_12,,
770,Linear,7.0,1.1804341518520866e-16,0.9236734250031183,1.171375000962637e-12,0.0993138116659284,1.1633371623578003e-07,21,12,hbo,False,S21_D12 hbo,mild_master_12,,
771,ShortHbO,7.0,1.1804341518520866e-16,1.5670361844298371e-12,0.002490820190192462,107.71315486452619,268294.1008858892,21,12,hbo,True,S21_D12 hbo,mild_master_12,,
772,az_itd=0_az=15,7.0,1.1804341518520866e-16,0.28694611338467807,8.263502754089027e-09,1.1525093668357027,0.009523764326960229,21,12,hbo,False,S21_D12 hbo,mild_master_12,-0.26328148522513284,
773,az_itd=0_az=5,7.0,1.1804341518520866e-16,0.4262734335393559,8.149764723689127e-09,0.8445644863825603,0.006883001858001216,21,12,hbo,False,S21_D12 hbo,mild_master_12,-0.19036847175993543,
774,az_itd=15_az=0,7.0,1.1804341518520866e-16,0.15090967483291745,8.171947674903491e-09,-1.612400994164863,-0.013176456555277629,21,12,hbo,False,S21_D12 hbo,mild_master_12,-0.2649485696700514,
775,az_itd=5_az=0,7.0,1.1804341518520866e-16,0.014379663240534784,8.156796792036752e-09,3.2336108239279095,0.02637590639531049,21,12,hbo,True,S21_D12 hbo,mild_master_12,-0.09729888724939771,
776,constant,7.0,1.1804341518520866e-16,0.4721883768865234,1.0048025105768953e-08,-0.7597893167245144,-0.007634382129542959,21,12,hbo,False,S21_D12 hbo,mild_master_12,,
784,Linear,7.0,6.123047654555095e-17,0.13120831578725137,8.436433510025548e-13,-1.7089590395459953,-1.4417519308486908e-06,21,19,hbo,False,S21_D19 hbo,mild_master_12,,
785,ShortHbO,7.0,6.123047654555095e-17,1.550374933979271e-11,0.0017939292628508263,77.61882595396418,139242.68322694153,21,19,hbo,True,S21_D19 hbo,mild_master_12,,
786,az_itd=0_az=15,7.0,6.123047654555095e-17,4.205121739997436e-05,5.9515092508798315e-09,9.01981041467611,0.05368148512412712,21,19,hbo,True,S21_D19 hbo,mild_master_12,0.0741973878816866,
787,az_itd=0_az=5,7.0,6.123047654555095e-17,8.022527240967066e-06,5.869593269213717e-09,11.59083082144922,0.06803346257417324,21,19,hbo,True,S21_D19 hbo,mild_master_12,-0.013487003560335168,
788,az_itd=15_az=0,7.0,6.123047654555095e-17,0.0007782564310163833,5.885569791917576e-09,5.645325449076242,0.033225956928626656,21,19,hbo,True,S21_D19 hbo,mild_master_12,-0.025418405767410363,
789,az_itd=5_az=0,7.0,6.123047654555095e-17,1.4073069977354918e-06,5.874657879351712e-09,14.99665355988435,0.08810020899948251,21,19,hbo,True,S21_D19 hbo,mild_master_12,0.0994677771643603,
790,constant,7.0,6.123047654555095e-17,0.40726956419048166,7.236751308694785e-09,-0.8815494940531154,-0.006379554454768109,21,19,hbo,False,S21_D19 hbo,mild_master_12,,
798,Linear,7.0,2.2095043504885252e-16,0.03861517237472418,1.6025902596789186e-12,-2.5408655440577466,-4.071966372060721e-06,21,20,hbo,True,S21_D20 hbo,mild_master_12,,
799,ShortHbO,7.0,2.2095043504885252e-16,1.015804820158542e-12,0.0034077594042331407,114.59821375054905,390523.14061675314,21,20,hbo,True,S21_D20 hbo,mild_master_12,,
800,az_itd=0_az=15,7.0,2.2095043504885252e-16,1.6788940617974276e-06,1.1305524715526517e-08,14.612906377313758,0.16520657421439575,21,20,hbo,True,S21_D20 hbo,mild_master_12,-0.15715110068589425,
801,az_itd=0_az=5,7.0,2.2095043504885252e-16,2.3862666270860337e-06,1.1149916597268787e-08,13.875714197571808,0.15471305603046406,21,20,hbo,True,S21_D20 hbo,mild_master_12,-0.050133759288494575,
802,az_itd=15_az=0,7.0,2.2095043504885252e-16,4.556693837779649e-06,1.1180265701115e-08,12.609511973929603,0.14097769422992407,21,20,hbo,True,S21_D20 hbo,mild_master_12,-0.1733533784012969,
803,az_itd=5_az=0,7.0,2.2095043504885252e-16,3.3952007658080028e-06,1.1159537362805048e-08,13.17148354017758,0.1469876626901834,21,20,hbo,True,S21_D20 hbo,mild_master_12,0.04975426509994227,
804,constant,7.0,2.2095043504885252e-16,0.43926895284088663,1.3746978679143065e-08,-0.8199480300041951,-0.01127180808647303,21,20,hbo,False,S21_D20 hbo,mild_master_12,,
812,Linear,7.0,4.003153096028728e-17,0.1111825198654803,6.821441642364947e-13,-1.8223654204322257,-1.243115936654229e-06,22,10,hbo,False,S22_D10 hbo,mild_master_12,,
813,ShortHbO,7.0,4.003153096028728e-17,1.4144268204848635e-11,0.001450516235625571,78.6441863326888,114074.66911312775,22,10,hbo,True,S22_D10 hbo,mild_master_12,,
814,az_itd=0_az=15,7.0,4.003153096028728e-17,1.8894077582867403e-05,4.812208024946428e-09,10.190088992584027,0.049036828025031114,22,10,hbo,True,S22_D10 hbo,mild_master_12,-0.03674432439331677,
815,az_itd=0_az=5,7.0,4.003153096028728e-17,2.3509218469961527e-05,4.745973272091634e-09,9.857897307051177,0.046785317138288984,22,10,hbo,True,S22_D10 hbo,mild_master_12,-0.05928560280297844,
816,az_itd=15_az=0,7.0,4.003153096028728e-17,0.0011424514383061549,4.758891398826442e-09,5.284496257995681,0.02514834378930617,22,10,hbo,True,S22_D10 hbo,mild_master_12,-0.07405226902916293,
817,az_itd=5_az=0,7.0,4.003153096028728e-17,8.716996189715271e-07,4.75006836066865e-09,16.087065217153853,0.07641465950401566,22,10,hbo,True,S22_D10 hbo,mild_master_12,0.08589270554562863,
818,constant,7.0,4.003153096028728e-17,0.5028386615067846,5.8514153728475414e-09,-0.7062775812398149,-0.0041327234963642314,22,10,hbo,False,S22_D10 hbo,mild_master_12,,
826,Linear,7.0,1.9817901924700747e-16,0.014535163618220402,1.5177628054882234e-12,-3.2258455053952644,-4.8960683243402916e-06,22,11,hbo,True,S22_D11 hbo,mild_master_12,,
827,ShortHbO,7.0,1.9817901924700747e-16,5.2296841235983985e-12,0.003227381698197779,90.66714825900652,292617.49491890235,22,11,hbo,True,S22_D11 hbo,mild_master_12,,
828,az_itd=0_az=15,7.0,1.9817901924700747e-16,4.2793549516252283e-07,1.0707106701866406e-08,17.847368304731503,0.1910936767862688,22,11,hbo,True,S22_D11 hbo,mild_master_12,-0.085577364874349,
829,az_itd=0_az=5,7.0,1.9817901924700747e-16,4.0586752134565877e-07,1.0559735149657603e-08,17.985503249180276,0.18992215084465,22,11,hbo,True,S22_D11 hbo,mild_master_12,-0.0038760875891755064,
830,az_itd=15_az=0,7.0,1.9817901924700747e-16,1.1636689221135898e-05,1.0588477830900972e-08,10.962653937671657,0.11607781818687558,22,11,hbo,True,S22_D11 hbo,mild_master_12,-0.12107984077702734,
831,az_itd=5_az=0,7.0,1.9817901924700747e-16,4.1769051411600194e-07,1.0568846673955887e-08,17.910461546804175,0.1892929219479561,22,11,hbo,True,S22_D11 hbo,mild_master_12,0.16812065021205974,
832,constant,7.0,1.9817901924700747e-16,0.5873959788846908,1.301933092443931e-08,-0.5686018592213031,-0.0074028157694536,22,11,hbo,False,S22_D11 hbo,mild_master_12,,
840,Linear,7.0,3.025170484156372e-16,0.9186598576255849,1.875210367964161e-12,0.10586434313690375,1.985179138480375e-07,22,12,hbo,False,S22_D12 hbo,mild_master_12,,
841,ShortHbO,7.0,3.025170484156372e-16,3.143630999316362e-12,0.003987460754706982,97.51016642117791,388817.9617893935,22,12,hbo,True,S22_D12 hbo,mild_master_12,,
842,az_itd=0_az=15,7.0,3.025170484156372e-16,0.4476655840374125,1.322873206909288e-08,-0.8043148547370613,-0.010640065712507944,22,12,hbo,False,S22_D12 hbo,mild_master_12,-0.3877628971738754,
843,az_itd=0_az=5,7.0,3.025170484156372e-16,0.39054027605799896,1.3046653116014289e-08,-0.9151658457648711,-0.011939851333318107,22,12,hbo,False,S22_D12 hbo,mild_master_12,-0.21885099473997907,
844,az_itd=15_az=0,7.0,3.025170484156372e-16,0.00012401569554355772,1.3082164971803455e-08,-7.621779617523845,-0.09970937833517597,22,12,hbo,True,S22_D12 hbo,mild_master_12,-0.34291544744001334,
845,az_itd=5_az=0,7.0,3.025170484156372e-16,0.00029184683254340955,1.3057910490862533e-08,6.645085432047185,0.08677093077580672,22,12,hbo,True,S22_D12 hbo,mild_master_12,0.06583953259172048,
846,constant,7.0,3.025170484156372e-16,0.7503971230072349,1.608550706683822e-08,-0.3309103178698072,-0.005322860256584465,22,12,hbo,False,S22_D12 hbo,mild_master_12,,
854,Linear,7.0,4.582935993983408e-16,0.8488416317370683,2.3080593078595997e-12,0.19777519600246948,4.564768819972564e-07,22,20,hbo,False,S22_D20 hbo,mild_master_12,,
855,ShortHbO,7.0,4.582935993983408e-16,6.279737480421019e-12,0.004907873840105712,88.32605739389041,433493.1464831504,22,20,hbo,True,S22_D20 hbo,mild_master_12,,
856,az_itd=0_az=15,7.0,4.582935993983408e-16,0.15505777080222344,1.6282278887140913e-08,-1.5935844841100524,-0.02594718700050045,22,20,hbo,False,S22_D20 hbo,mild_master_12,-0.3590994954620026,
857,az_itd=0_az=5,7.0,4.582935993983408e-16,0.0006252399240675127,1.6058171219223835e-08,5.858414076612128,0.09407541631534866,22,20,hbo,True,S22_D20 hbo,mild_master_12,-0.20408606196859413,
858,az_itd=15_az=0,7.0,4.582935993983408e-16,0.007005051151165109,1.6101880165533967e-08,-3.7675814093911364,-0.060665144367909644,22,20,hbo,True,S22_D20 hbo,mild_master_12,-0.4596821837245565,
859,az_itd=5_az=0,7.0,4.582935993983408e-16,0.009059169511707864,1.6072027098673113e-08,3.5731107169477125,0.05742713226934295,22,20,hbo,True,S22_D20 hbo,mild_master_12,0.059217564923815594,
860,constant,7.0,4.582935993983408e-16,0.6136658042255914,1.9798474316011716e-08,-0.5282303220213845,-0.010458154463478978,22,20,hbo,False,S22_D20 hbo,mild_master_12,,
910,Linear,7.0,5.1907984872038294e-17,0.03604458596439761,7.767694793190271e-13,2.588096516468423,2.0103543835245646e-06,23,9,hbo,True,S23_D9 hbo,mild_master_12,,
911,ShortHbO,7.0,5.1907984872038294e-17,1.371677143985154e-08,0.001651728183223224,29.353214552236892,48483.53174412775,23,9,hbo,True,S23_D9 hbo,mild_master_12,,
912,az_itd=0_az=15,7.0,5.1907984872038294e-17,4.0022170694028086e-08,5.4797453645246596e-09,-25.156987841145746,-0.13785388750792163,23,9,hbo,True,S23_D9 hbo,mild_master_12,-0.03930274349771056,
913,az_itd=0_az=5,7.0,5.1907984872038294e-17,2.571184301117978e-06,5.40432269409043e-09,-13.723785879430544,-0.07416776747704427,23,9,hbo,True,S23_D9 hbo,mild_master_12,-0.06794897895279736,
914,az_itd=15_az=0,7.0,5.1907984872038294e-17,2.6325097147255556e-07,5.4190327907293205e-09,-19.15430143301397,-0.10379778754901631,23,9,hbo,True,S23_D9 hbo,mild_master_12,-0.12948052025876414,
915,az_itd=5_az=0,7.0,5.1907984872038294e-17,0.0002981453824177055,5.408985843008949e-09,-6.622029868702085,-0.035818465811791995,23,9,hbo,True,S23_D9 hbo,mild_master_12,0.026537892844649726,
916,constant,7.0,5.1907984872038294e-17,0.44394553022630867,6.663108930255901e-09,0.8112154404641626,0.005405216845718236,23,9,hbo,False,S23_D9 hbo,mild_master_12,,
868,Linear,7.0,4.144149368165712e-17,0.8583908224043194,6.940532121181629e-13,-0.1851115025816556,-1.2847723296681766e-07,23,10,hbo,False,S23_D10 hbo,mild_master_12,,
869,ShortHbO,7.0,4.144149368165712e-17,4.376450506242861e-12,0.0014758397203211214,93.00549345477003,137261.2014486157,23,10,hbo,True,S23_D10 hbo,mild_master_12,,
870,az_itd=0_az=15,7.0,4.144149368165712e-17,0.11847234785139495,4.896220787629487e-09,-1.7789748325704131,-0.008710253555900943,23,10,hbo,False,S23_D10 hbo,mild_master_12,0.14609190858257837,
871,az_itd=0_az=5,7.0,4.144149368165712e-17,0.3302171160828126,4.828829691461164e-09,1.0462623798977142,0.0050522228451089024,23,10,hbo,False,S23_D10 hbo,mild_master_12,0.06023581396598814,
872,az_itd=15_az=0,7.0,4.144149368165712e-17,0.28811984825456466,4.8419733461677585e-09,-1.1494601746557422,-0.00556565552816444,23,10,hbo,False,S23_D10 hbo,mild_master_12,0.024478259518921863,
873,az_itd=5_az=0,7.0,4.144149368165712e-17,3.3848551094378276e-06,4.832996273145503e-09,13.177432373048811,0.0636864815485718,23,10,hbo,True,S23_D10 hbo,mild_master_12,0.1823435873629686,
874,constant,7.0,4.144149368165712e-17,0.41950367324617466,5.9535708841077855e-09,-0.8576005388511971,-0.005105785598299635,23,10,hbo,False,S23_D10 hbo,mild_master_12,,
882,Linear,7.0,5.782196030096032e-17,0.008283786055776402,8.198255969406777e-13,-3.640301040904863,-2.9844119739036e-06,23,11,hbo,True,S23_D11 hbo,mild_master_12,,
883,ShortHbO,7.0,5.782196030096032e-17,2.515044503504193e-12,0.0017432830200561549,100.66987120493134,175496.07710279681,23,11,hbo,True,S23_D11 hbo,mild_master_12,,
884,az_itd=0_az=15,7.0,5.782196030096032e-17,1.4740136557376777e-07,5.783486136057685e-09,20.83570761768111,0.1205030261418102,23,11,hbo,True,S23_D11 hbo,mild_master_12,-0.005081145069185531,
885,az_itd=0_az=5,7.0,5.782196030096032e-17,1.472052177378184e-07,5.703882807840143e-09,20.839728242459962,0.11886736764222804,23,11,hbo,True,S23_D11 hbo,mild_master_12,0.01291548862155755,
886,az_itd=15_az=0,7.0,5.782196030096032e-17,1.1229799494525548e-06,5.719408281071411e-09,15.501388346723289,0.08865876887835304,23,11,hbo,True,S23_D11 hbo,mild_master_12,-0.04604484472977627,
887,az_itd=5_az=0,7.0,5.782196030096032e-17,3.4678727912645884e-08,5.708804433814814e-09,25.682379344592704,0.14661568107332484,23,11,hbo,True,S23_D11 hbo,mild_master_12,0.09783387999264766,
888,constant,7.0,5.782196030096032e-17,0.29614383896927304,7.032443217280765e-09,-1.1288848423004598,-0.007938818552326934,23,11,hbo,False,S23_D11 hbo,mild_master_12,,
896,Linear,7.0,1.3787490405392687e-16,0.01137296838064607,1.2659532846446488e-12,-3.4044767065543793,-4.309908469158713e-06,23,19,hbo,True,S23_D19 hbo,mild_master_12,,
897,ShortHbO,7.0,1.3787490405392687e-16,4.806234324451375e-12,0.002691932129883259,91.7682645793722,247033.93992483983,23,19,hbo,True,S23_D19 hbo,mild_master_12,,
898,az_itd=0_az=15,7.0,1.3787490405392687e-16,2.8017200611213205e-07,8.9307083091342e-09,18.98170951338186,0.16952011087273106,23,19,hbo,True,S23_D19 hbo,mild_master_12,0.26155514423353343,
899,az_itd=0_az=5,7.0,1.3787490405392687e-16,2.815943808187297e-07,8.807786927804194e-09,18.967745988131252,0.16706386516417288,23,19,hbo,True,S23_D19 hbo,mild_master_12,0.12682536932045785,
900,az_itd=15_az=0,7.0,1.3787490405392687e-16,1.369918945963017e-06,8.831760958264003e-09,15.05604259592146,0.13297136918461896,23,19,hbo,True,S23_D19 hbo,mild_master_12,0.12308091724372994,
901,az_itd=5_az=0,7.0,1.3787490405392687e-16,4.54981983009007e-08,8.81538677415161e-09,24.69578355252356,0.2177028837062271,23,19,hbo,True,S23_D19 hbo,mild_master_12,0.31910449462802914,
902,constant,7.0,1.3787490405392687e-16,0.29848323401779964,1.0859315229014211e-08,-1.122972330417903,-0.012194710529468713,23,19,hbo,False,S23_D19 hbo,mild_master_12,,
938,Linear,7.0,5.616986760267496e-17,0.01506028757093199,8.080286662688305e-13,3.2002639955675494,2.5859050480466056e-06,24,9,hbo,True,S24_D9 hbo,mild_master_12,,
939,ShortHbO,7.0,5.616986760267496e-17,5.32895860559512e-09,0.0017181979421984322,33.62674534265778,57777.404650585304,24,9,hbo,True,S24_D9 hbo,mild_master_12,,
940,az_itd=0_az=15,7.0,5.616986760267496e-17,4.4886524929126736e-08,5.700264307850242e-09,-24.744067794609553,-0.14104772648063948,24,9,hbo,True,S24_D9 hbo,mild_master_12,0.033328697835119915,
941,az_itd=0_az=5,7.0,5.616986760267496e-17,5.435453980811199e-07,5.621806436602737e-09,-17.236054280353475,-0.09689776089492533,24,9,hbo,True,S24_D9 hbo,mild_master_12,-0.07658977341435463,
942,az_itd=15_az=0,7.0,5.616986760267496e-17,1.2496512520285366e-07,5.637108505085433e-09,-21.34008255728745,-0.12029636088291036,24,9,hbo,True,S24_D9 hbo,mild_master_12,-0.10564449381129683,
943,az_itd=5_az=0,7.0,5.616986760267496e-17,6.968829415216297e-07,5.626657242538814e-09,-16.622102796516906,-0.09352687508624652,24,9,hbo,True,S24_D9 hbo,mild_master_12,-0.0013787723333884296,
944,constant,7.0,5.616986760267496e-17,0.32436674672716864,6.931249444608203e-09,1.0599454637274328,0.007346746406775752,24,9,hbo,False,S24_D9 hbo,mild_master_12,,
924,Linear,7.0,8.512427507721158e-16,0.33044577779567463,3.145587581160047e-12,-1.0457314996929388,-3.2894400186619794e-06,24,19,hbo,False,S24_D19 hbo,mild_master_12,,
925,ShortHbO,7.0,8.512427507721158e-16,7.237548342343363e-07,0.006688799957941076,16.530483319642745,110569.09613317205,24,19,hbo,True,S24_D19 hbo,mild_master_12,,
926,az_itd=0_az=15,7.0,8.512427507721158e-16,3.0507731407411156e-05,2.2190649124987937e-08,9.47429229044194,0.2102406959247754,24,19,hbo,True,S24_D19 hbo,mild_master_12,0.21019774422390558,
927,az_itd=0_az=5,7.0,8.512427507721158e-16,0.0025072258359908122,2.1885219236491507e-08,4.5922014616110625,0.10050133576549485,24,19,hbo,True,S24_D19 hbo,mild_master_12,-0.049096343576251276,
928,az_itd=15_az=0,7.0,8.512427507721158e-16,0.0002374831350890616,2.1944788901027662e-08,-6.870828370075026,-0.15077887815648838,24,19,hbo,True,S24_D19 hbo,mild_master_12,-0.14346888087132154,
929,az_itd=5_az=0,7.0,8.512427507721158e-16,0.15038316759501344,2.1904103015679197e-08,1.614823659284465,0.03537126378512297,24,19,hbo,False,S24_D19 hbo,mild_master_12,0.11532287098369438,
930,constant,7.0,8.512427507721158e-16,0.831768749702358,2.6982770642976474e-08,0.22050820316734596,0.005949922270959354,24,19,hbo,False,S24_D19 hbo,mild_master_12,,
693,Linear,7.0,3.6410336259215175e-18,0.10523661107589319,2.0572516210682646e-13,-1.8598372678284207,-3.826153234163191e-07,1,7,hbr,False,S1_D7 hbr,mild_master_12,,
694,ShortHbO,7.0,3.6410336259215175e-18,2.773291339655935e-05,0.0004374554578893947,-9.6131241994814,-4205.3136484317565,1,7,hbr,True,S1_D7 hbr,mild_master_12,,
695,az_itd=0_az=15,7.0,3.6410336259215175e-18,2.708391972800749e-06,1.4512947965067562e-09,13.618881533518788,0.019765011903837768,1,7,hbr,True,S1_D7 hbr,mild_master_12,,0.04454195532339342
696,az_itd=0_az=5,7.0,3.6410336259215175e-18,0.5189162600990731,1.431319319206574e-09,-0.6790562033864225,-0.0009719462627340551,1,7,hbr,False,S1_D7 hbr,mild_master_12,,0.019505979359739974
697,az_itd=15_az=0,7.0,3.6410336259215175e-18,1.7451452257164902e-06,1.4352152459856433e-09,14.529988176471315,0.02085366055486277,1,7,hbr,True,S1_D7 hbr,mild_master_12,,0.038664608299104404
698,az_itd=5_az=0,7.0,3.6410336259215175e-18,1.1055567844804698e-07,1.4325543407834152e-09,21.7219645880432,0.031117894660944917,1,7,hbr,True,S1_D7 hbr,mild_master_12,,0.03913420358332133
699,constant,7.0,3.6410336259215175e-18,0.3663773409922877,1.7647052327726042e-09,-0.9656718032441551,-0.0017041260843259172,1,7,hbr,False,S1_D7 hbr,mild_master_12,,
707,Linear,7.0,2.3051187210217195e-18,0.00303853393665702,1.6368983738318403e-13,-4.431555217571103,-7.254005529188145e-07,1,8,hbr,True,S1_D8 hbr,mild_master_12,,
708,ShortHbO,7.0,2.3051187210217195e-18,5.192109136103598e-10,0.00034807124238462434,46.96081432216063,16345.70898450811,1,8,hbr,True,S1_D8 hbr,mild_master_12,,
709,az_itd=0_az=15,7.0,2.3051187210217195e-18,1.9053099015799577e-08,1.1547552414220175e-09,27.99714160649278,0.03232984601493198,1,8,hbr,True,S1_D8 hbr,mild_master_12,,0.014324434674282124
710,az_itd=0_az=5,7.0,2.3051187210217195e-18,4.025690512009032e-06,1.1388613050778555e-09,12.84338658688597,0.014626836009960379,1,8,hbr,True,S1_D8 hbr,mild_master_12,,-0.0064265159215369586
711,az_itd=15_az=0,7.0,2.3051187210217195e-18,2.0483483495087678e-07,1.1419611865624135e-09,19.864932809394606,0.022684982241998886,1,8,hbr,True,S1_D8 hbr,mild_master_12,,-0.0010712395848777694
712,az_itd=5_az=0,7.0,2.3051187210217195e-18,2.1318102435716923e-08,1.1398439776834207e-09,27.547901808276606,0.0314003099739783,1,8,hbr,True,S1_D8 hbr,mild_master_12,,0.017239900069767475
713,constant,7.0,2.3051187210217195e-18,0.6755096192756815,1.4041272813862388e-09,-0.4366606750762219,-0.0006131271665830552,1,8,hbr,False,S1_D8 hbr,mild_master_12,,
959,Linear,7.0,4.476387365318519e-18,0.6055118664918315,2.281071502832783e-13,0.5406572706551909,1.2332778928909068e-07,2,6,hbr,False,S2_D6 hbr,mild_master_12,,
960,ShortHbO,7.0,4.476387365318519e-18,4.844678865827277e-11,0.000485048677823865,-65.9463889316703,-31987.208758565048,2,6,hbr,True,S2_D6 hbr,mild_master_12,,
961,az_itd=0_az=15,7.0,4.476387365318519e-18,0.0010503148885195265,1.6091892545463274e-09,-5.362183640279719,-0.008628768294842234,2,6,hbr,True,S2_D6 hbr,mild_master_12,,0.018364106400547347
962,az_itd=0_az=5,7.0,4.476387365318519e-18,1.4091132078765494e-07,1.5870405336225988e-09,-20.97208636964881,-0.033283551143266685,2,6,hbr,True,S2_D6 hbr,mild_master_12,,-0.010297270494136057
963,az_itd=15_az=0,7.0,4.476387365318519e-18,0.8807543996415739,1.591360320012289e-09,-0.15558147492173924,-0.00024758618571944286,2,6,hbr,False,S2_D6 hbr,mild_master_12,,0.017442222195530783
964,az_itd=5_az=0,7.0,4.476387365318519e-18,0.05218446366993553,1.5884099200872712e-09,-2.335566327175061,-0.00370983672310666,2,6,hbr,False,S2_D6 hbr,mild_master_12,,0.0023608918017870156
965,constant,7.0,4.476387365318519e-18,0.4288100298180655,1.956697360766793e-09,0.8397181244835682,0.0016430742379650394,2,6,hbr,False,S2_D6 hbr,mild_master_12,,
973,Linear,7.0,7.090529967722317e-19,0.7983512836614679,9.078506665289891e-14,-0.26539484606503166,-2.4093888789349747e-08,2,7,hbr,False,S2_D7 hbr,mild_master_12,,
974,ShortHbO,7.0,7.090529967722317e-19,2.8030619602717933e-05,0.00019304601583709378,9.59749118773635,1852.7574358241197,2,7,hbr,True,S2_D7 hbr,mild_master_12,,
975,az_itd=0_az=15,7.0,7.090529967722317e-19,0.6645172968292221,6.404461830753334e-10,0.45261932102044816,0.00028987831653369507,2,7,hbr,False,S2_D7 hbr,mild_master_12,,0.001759995797531655
976,az_itd=0_az=5,7.0,7.090529967722317e-19,3.998690427342527e-05,6.316311454807643e-10,-9.089826285494146,-0.005741417388927828,2,7,hbr,True,S2_D7 hbr,mild_master_12,,0.002174317962004988
977,az_itd=15_az=0,7.0,7.090529967722317e-19,0.00959142244515665,6.333503905584712e-10,3.5304966784925487,0.002236041450188641,2,7,hbr,True,S2_D7 hbr,mild_master_12,,0.005904819918589706
978,az_itd=5_az=0,7.0,7.090529967722317e-19,0.011103227451243558,6.321761518135971e-10,3.422130416443974,0.002163389237671814,2,7,hbr,True,S2_D7 hbr,mild_master_12,,0.004633603485664155
979,constant,7.0,7.090529967722317e-19,0.6078208803090192,7.787520035920012e-10,0.5371290133074533,0.000418290295300574,2,7,hbr,False,S2_D7 hbr,mild_master_12,,
987,Linear,7.0,1.8580432642188782e-18,0.07081287682601264,1.4696129811171777e-13,-2.12863414898866,-3.1282683774030515e-07,2,8,hbr,False,S2_D8 hbr,mild_master_12,,
988,ShortHbO,7.0,1.8580432642188782e-18,1.0044262579300835e-10,0.00031249955668572084,59.41319547017392,18566.597245711426,2,8,hbr,True,S2_D8 hbr,mild_master_12,,
989,az_itd=0_az=15,7.0,1.8580432642188782e-18,1.0805182562127584e-06,1.0367432211654428e-09,15.589185479018205,0.01616198236886288,2,8,hbr,True,S2_D8 hbr,mild_master_12,,0.02261961306262979
990,az_itd=0_az=5,7.0,1.8580432642188782e-18,0.0011191871363143016,1.022473590536052e-09,5.303435927532897,0.005422623175002459,2,8,hbr,True,S2_D8 hbr,mild_master_12,,0.005958882651435845
991,az_itd=15_az=0,7.0,1.8580432642188782e-18,2.9610909175818272e-06,1.0252566747778472e-09,13.440630494981862,0.013780096128202834,2,8,hbr,True,S2_D8 hbr,mild_master_12,,0.01665054205486384
992,az_itd=5_az=0,7.0,1.8580432642188782e-18,2.9855008185633264e-07,1.0233558373758156e-09,18.807235438968988,0.019246494171370223,2,8,hbr,True,S2_D8 hbr,mild_master_12,,0.021872295172403942
993,constant,7.0,1.8580432642188782e-18,0.16513647716266383,1.2606302949861538e-09,-1.5497408176671925,-0.001953650224127876,2,8,hbr,False,S2_D8 hbr,mild_master_12,,
1001,Linear,7.0,4.770032207489139e-18,0.1499726818537909,2.354700760324981e-13,1.6167179541878784,3.806886995957245e-07,3,5,hbr,False,S3_D5 hbr,mild_master_12,,
1002,ShortHbO,7.0,4.770032207489139e-18,4.217534063871181e-12,0.0005007052558624718,-93.49858058212699,-46815.23071315183,3,5,hbr,True,S3_D5 hbr,mild_master_12,,
1003,az_itd=0_az=15,7.0,4.770032207489139e-18,5.516468958213664e-05,1.6611312519056953e-09,-8.65016614235353,-0.01436906131323998,3,5,hbr,True,S3_D5 hbr,mild_master_12,,-0.035333241742219385
1004,az_itd=0_az=5,7.0,4.770032207489139e-18,2.0721380292930027e-07,1.6382676064940711e-09,-19.83167488950603,-0.03248959055399962,3,5,hbr,True,S3_D5 hbr,mild_master_12,,-0.036927624700490935
1005,az_itd=15_az=0,7.0,4.770032207489139e-18,0.0014623438699803376,1.6427268285235483e-09,-5.060617639081318,-0.008313212364618381,3,5,hbr,True,S3_D5 hbr,mild_master_12,,-0.031082301739852925
1006,az_itd=5_az=0,7.0,4.770032207489139e-18,3.715091851318246e-05,1.6396811945142356e-09,-9.192992977229416,-0.015073577706064507,3,5,hbr,True,S3_D5 hbr,mild_master_12,,-0.04169182128145423
1007,constant,7.0,4.770032207489139e-18,0.498819519321258,2.019856351456601e-09,0.7131698797717825,0.0014405007113245754,3,5,hbr,False,S3_D5 hbr,mild_master_12,,
1015,Linear,7.0,7.005231417044738e-18,0.09310346455591909,2.8535554207785996e-13,1.9431402430761546,5.544858373963006e-07,3,6,hbr,False,S3_D6 hbr,mild_master_12,,
1016,ShortHbO,7.0,7.005231417044738e-18,7.33746389818258e-12,0.0006067820680881335,-86.38198609027184,-52415.04016541552,3,6,hbr,True,S3_D6 hbr,mild_master_12,,
1017,az_itd=0_az=15,7.0,7.005231417044738e-18,2.695430842991712e-06,2.0130498823324095e-09,-13.62852964773976,-0.027434910003746284,3,6,hbr,True,S3_D6 hbr,mild_master_12,,-0.06073749229356888
1018,az_itd=0_az=5,7.0,7.005231417044738e-18,1.0969455805141792e-07,1.9853424638772105e-09,-21.746562724069282,-0.04317437441946401,3,6,hbr,True,S3_D6 hbr,mild_master_12,,-0.0504833824749804
1019,az_itd=15_az=0,7.0,7.005231417044738e-18,0.04919205065431131,1.990746393501336e-09,-2.3757012705728315,-0.004729418736429405,3,6,hbr,True,S3_D6 hbr,mild_master_12,,-0.04191012869914518
1020,az_itd=5_az=0,7.0,7.005231417044738e-18,1.9907612476448997e-06,1.987055527305759e-09,-14.251180729511107,-0.028317887439208364,3,6,hbr,True,S3_D6 hbr,mild_master_12,,-0.05821799244772756
1021,constant,7.0,7.005231417044738e-18,0.354228182849463,2.4477726163801764e-09,0.9920301816726361,0.00242826431332093,3,6,hbr,False,S3_D6 hbr,mild_master_12,,
1029,Linear,7.0,2.9895909217496455e-18,0.47444516804386905,1.864150412700514e-13,0.7557716634739968,1.4088720583724052e-07,3,7,hbr,False,S3_D7 hbr,mild_master_12,,
1030,ShortHbO,7.0,2.9895909217496455e-18,2.1793666215925314e-11,0.0003963942786634692,-73.92928441725678,-29305.14536868496,3,7,hbr,True,S3_D7 hbr,mild_master_12,,
1031,az_itd=0_az=15,7.0,2.9895909217496455e-18,0.01871603215262396,1.3150709257690776e-09,-3.044944693425805,-0.004004318236899114,3,7,hbr,True,S3_D7 hbr,mild_master_12,,0.011611132668974391
1032,az_itd=0_az=5,7.0,2.9895909217496455e-18,2.9655628959963695e-07,1.2969704202831767e-09,-18.82556313984497,-0.02441619853755221,3,7,hbr,True,S3_D7 hbr,mild_master_12,,-0.007217470773610175
1033,az_itd=15_az=0,7.0,2.9895909217496455e-18,0.7150260325845259,1.3005006610367516e-09,0.38026255611279197,0.0004945317055922108,3,7,hbr,False,S3_D7 hbr,mild_master_12,,0.011694313546948991
1034,az_itd=5_az=0,7.0,2.9895909217496455e-18,0.0009854805395646976,1.298089518189619e-09,-5.421547663676393,-0.007037654194583743,3,7,hbr,True,S3_D7 hbr,mild_master_12,,-0.0013164515887798033
1035,constant,7.0,2.9895909217496455e-18,0.5776140705828848,1.5990635050561212e-09,0.5838936116083994,0.0009336829651584046,3,7,hbr,False,S3_D7 hbr,mild_master_12,,
1043,Linear,7.0,1.8417200165719264e-18,0.004828339531971203,1.463143331991068e-13,-4.05692298428604,-5.935859812859423e-07,4,2,hbr,True,S4_D2 hbr,mild_master_12,,
1044,ShortHbO,7.0,1.8417200165719264e-18,1.1387831615248807e-09,0.00031112384586266833,41.96172250256574,13055.292484020325,4,2,hbr,True,S4_D2 hbr,mild_master_12,,
1045,az_itd=0_az=15,7.0,1.8417200165719264e-18,6.78290479295335e-08,1.0321791863066094e-09,23.312062389979925,0.02406222558881839,4,2,hbr,True,S4_D2 hbr,mild_master_12,,0.031655298706486514
1046,az_itd=0_az=5,7.0,1.8417200165719264e-18,5.0343727508900184e-05,1.017972374599287e-09,8.77323000070689,0.008930905776725296,4,2,hbr,True,S4_D2 hbr,mild_master_12,,0.03127365036419681
1047,az_itd=15_az=0,7.0,1.8417200165719264e-18,4.562255343581643e-07,1.02074320692254e-09,17.681716439498707,0.018048491942348907,4,2,hbr,True,S4_D2 hbr,mild_master_12,,0.02601647010679102
1048,az_itd=5_az=0,7.0,1.8417200165719264e-18,8.66218214923593e-09,1.0188507375406573e-09,31.35929154954676,0.031950437324008214,4,2,hbr,True,S4_D2 hbr,mild_master_12,,0.018697145721875436
1049,constant,7.0,1.8417200165719264e-18,0.4688863644426857,1.2550806463432136e-09,-0.7656911733597397,-0.0009610041727596357,4,2,hbr,False,S4_D2 hbr,mild_master_12,,
1057,Linear,7.0,1.1180508851519719e-18,0.03726625776690185,1.140002629863799e-13,-2.5652292441543647,-2.924368084539501e-07,4,3,hbr,True,S4_D3 hbr,mild_master_12,,
1058,ShortHbO,7.0,1.1180508851519719e-18,6.48154270019987e-09,0.00024241097556322412,32.69400360207598,7925.385308246803,4,3,hbr,True,S4_D3 hbr,mild_master_12,,
1059,az_itd=0_az=15,7.0,1.1180508851519719e-18,0.0006241503018691191,8.042185349530705e-10,5.860134004175224,0.00471282838346647,4,3,hbr,True,S4_D3 hbr,mild_master_12,,0.004377252328252371
1060,az_itd=0_az=5,7.0,1.1180508851519719e-18,0.008527232073952543,7.931493509885112e-10,-3.6184962247977146,-0.002870007932252685,4,3,hbr,True,S4_D3 hbr,mild_master_12,,0.007699999284664632
1061,az_itd=15_az=0,7.0,1.1180508851519719e-18,2.2285268480071814e-05,7.95308234582726e-10,9.938270487734583,0.007903988356405798,4,3,hbr,True,S4_D3 hbr,mild_master_12,,0.0073306258183869315
1062,az_itd=5_az=0,7.0,1.1180508851519719e-18,4.47223748395706e-06,7.938337241741338e-10,12.64457129492844,0.010037687121638392,4,3,hbr,True,S4_D3 hbr,mild_master_12,,0.005747770368371941
1063,constant,7.0,1.1180508851519719e-18,0.45346540082306364,9.778913700651404e-10,0.7936355692522806,0.0007760893741485403,4,3,hbr,False,S4_D3 hbr,mild_master_12,,
1071,Linear,7.0,4.1435057341680765e-18,0.6114479885628383,2.194618523062823e-13,-0.5316014196741755,-1.166662322503439e-07,4,4,hbr,False,S4_D4 hbr,mild_master_12,,
1072,ShortHbO,7.0,4.1435057341680765e-18,1.646678049090637e-08,0.000466665254297125,-28.59137143740595,-13342.599622540603,4,4,hbr,True,S4_D4 hbr,mild_master_12,,
1073,az_itd=0_az=15,7.0,4.1435057341680765e-18,0.0011918161553630719,1.548200720913531e-09,-5.245692008934415,-0.00812138414992261,4,4,hbr,True,S4_D4 hbr,mild_master_12,,-0.015071988764215982
1074,az_itd=0_az=5,7.0,4.1435057341680765e-18,0.0005871842018604717,1.526891440103614e-09,-5.920559880268075,-0.009040052201802201,4,4,hbr,True,S4_D4 hbr,mild_master_12,,-0.020957528235590706
1075,az_itd=15_az=0,7.0,4.1435057341680765e-18,0.004060514624813836,1.531047505888801e-09,4.195041246663989,0.006422807437805547,4,4,hbr,True,S4_D4 hbr,mild_master_12,,-0.0031458946471292527
1076,az_itd=5_az=0,7.0,4.1435057341680765e-18,0.15850270117417511,1.528208926599267e-09,1.578309591298689,0.0024119868063598973,4,4,hbr,False,S4_D4 hbr,mild_master_12,,-0.008116073017656432
1077,constant,7.0,4.1435057341680765e-18,0.5950042960728608,1.8825382135694217e-09,0.5568078109304782,0.0010482119816905627,4,4,hbr,False,S4_D4 hbr,mild_master_12,,
1085,Linear,7.0,3.87611244339577e-18,0.15312837096532955,2.1226248871425479e-13,-1.6022776096612967,-3.401034330378341e-07,5,1,hbr,False,S5_D1 hbr,mild_master_12,,
1086,ShortHbO,7.0,3.87611244339577e-18,5.434975931904228e-07,0.0004513564760008306,-17.236275376532937,-7779.704513331796,5,1,hbr,True,S5_D1 hbr,mild_master_12,,
1087,az_itd=0_az=15,7.0,3.87611244339577e-18,6.237210307744216e-06,1.4974125780715573e-09,12.034428585264283,0.018020504733478635,5,1,hbr,True,S5_D1 hbr,mild_master_12,,0.02251335902544395
1088,az_itd=0_az=5,7.0,3.87611244339577e-18,0.784370064054754,1.4768023402106674e-09,0.2843496968151685,0.0004199282976948345,5,1,hbr,False,S5_D1 hbr,mild_master_12,,0.015206781258959615
1089,az_itd=15_az=0,7.0,3.87611244339577e-18,2.1099212157122964e-05,1.4808220678196042e-09,10.02108075657938,0.01483943752774512,5,1,hbr,True,S5_D1 hbr,mild_master_12,,0.022993857795325152
1090,az_itd=5_az=0,7.0,3.87611244339577e-18,4.398414915396683e-07,1.478076607056937e-09,17.776174555718324,0.026274547773767996,5,1,hbr,True,S5_D1 hbr,mild_master_12,,0.02174033144356979
1091,constant,7.0,3.87611244339577e-18,0.4197385841522051,1.8207822549235543e-09,-0.8571456648476751,-0.0015606756164392988,5,1,hbr,False,S5_D1 hbr,mild_master_12,,
1099,Linear,7.0,6.430142044350354e-19,0.021500785949131393,8.64540517499956e-14,-2.9469187620975763,-2.5477306716141685e-07,5,2,hbr,True,S5_D2 hbr,mild_master_12,,
1100,ShortHbO,7.0,6.430142044350354e-19,4.1888277721577044e-07,0.0001838365147334245,17.90302883296658,3291.230423824584,5,2,hbr,True,S5_D2 hbr,mild_master_12,,
1101,az_itd=0_az=15,7.0,6.430142044350354e-19,3.6972082890783004e-06,6.098928986457269e-10,13.00638029174292,0.007932498977019744,5,2,hbr,True,S5_D2 hbr,mild_master_12,,0.009158517778231762
1102,az_itd=0_az=5,7.0,6.430142044350354e-19,0.09765892700364469,6.014983934206243e-10,1.9106862828818212,0.00114927472948424,5,2,hbr,False,S5_D2 hbr,mild_master_12,,0.012228873514641359
1103,az_itd=15_az=0,7.0,6.430142044350354e-19,3.613135710659871e-05,6.031356197663106e-10,9.23228150396743,0.005568317826752441,5,2,hbr,True,S5_D2 hbr,mild_master_12,,0.008558630547084969
1104,az_itd=5_az=0,7.0,6.430142044350354e-19,3.4361187229503116e-08,6.020173995461908e-10,25.716469260792618,0.015481761949891922,5,2,hbr,True,S5_D2 hbr,mild_master_12,,0.012134169291888553
1105,constant,7.0,6.430142044350354e-19,0.8774060462274724,7.416006673913237e-10,0.15999228345073732,0.00011865038418452863,5,2,hbr,False,S5_D2 hbr,mild_master_12,,
1113,Linear,7.0,1.215782899868733e-18,0.6332997983679093,1.188784362514038e-13,0.4986664585485986,5.9280688803282875e-08,5,3,hbr,False,S5_D3 hbr,mild_master_12,,
1114,ShortHbO,7.0,1.215782899868733e-18,6.842764981404629e-10,0.0002527839581262746,-45.139684444594295,-11410.58810247557,5,3,hbr,True,S5_D3 hbr,mild_master_12,,
1115,az_itd=0_az=15,7.0,1.215782899868733e-18,0.013502708906720137,8.386317657095073e-10,-3.2791586416024567,-0.0027500066016486577,5,3,hbr,True,S5_D3 hbr,mild_master_12,,0.0025677606762722215
1116,az_itd=0_az=5,7.0,1.215782899868733e-18,2.185163911172148e-05,8.270889214579713e-10,-9.967953958375338,-0.008244384288575374,5,3,hbr,True,S5_D3 hbr,mild_master_12,,0.005968823798855271
1117,az_itd=15_az=0,7.0,1.215782899868733e-18,0.23940740079223202,8.293401856130349e-10,1.2858094763707164,0.0010663734697962891,5,3,hbr,False,S5_D3 hbr,mild_master_12,,0.0007627651410942674
1118,az_itd=5_az=0,7.0,1.215782899868733e-18,0.094063134180532,8.278025795846102e-10,1.936176174282043,0.0016027716316009367,5,3,hbr,False,S5_D3 hbr,mild_master_12,,0.00015166902113827245
1119,constant,7.0,1.215782899868733e-18,0.9381207412600688,1.0197362168451807e-09,-0.08046354966520565,-8.205159572953111e-05,5,3,hbr,False,S5_D3 hbr,mild_master_12,,
1127,Linear,7.0,1.5624949701892408e-18,0.4509208574872552,1.3476725492597144e-13,0.7983091301005982,1.0758593004599783e-07,6,1,hbr,False,S6_D1 hbr,mild_master_12,,
1128,ShortHbO,7.0,1.5624949701892408e-18,8.056541936019136e-08,0.0002865700559347444,22.73942005835429,6516.436878046238,6,1,hbr,True,S6_D1 hbr,mild_master_12,,
1129,az_itd=0_az=15,7.0,1.5624949701892408e-18,0.6956018923535197,9.507199499106473e-10,0.40780375065250907,0.00038770716139372753,6,1,hbr,False,S6_D1 hbr,mild_master_12,,-0.0028897319073693467
1130,az_itd=0_az=5,7.0,1.5624949701892408e-18,5.253272753588864e-06,9.37634335034895e-10,-12.345855664612861,-0.011575898166526072,6,1,hbr,True,S6_D1 hbr,mild_master_12,,-0.0009201320642616769
1131,az_itd=15_az=0,7.0,1.5624949701892408e-18,0.7030907389458372,9.401864941972982e-10,-0.3971457113226437,-0.0003733910340139286,6,1,hbr,False,S6_D1 hbr,mild_master_12,,-0.005219610809799741
1132,az_itd=5_az=0,7.0,1.5624949701892408e-18,4.876780438769323e-06,9.384433778665096e-10,12.483045048499445,0.011714630961373627,6,1,hbr,True,S6_D1 hbr,mild_master_12,,0.00030297517310360657
1133,constant,7.0,1.5624949701892408e-18,0.21972274054681318,1.1560301012219724e-09,-1.3477576729543568,-0.0015580484390881149,6,1,hbr,False,S6_D1 hbr,mild_master_12,,
1141,Linear,7.0,2.3368912444598833e-18,0.21939535000800522,1.6481408322068414e-13,-1.348828334891919,-2.2230590543729355e-07,6,2,hbr,False,S6_D2 hbr,mild_master_12,,
1142,ShortHbO,7.0,2.3368912444598833e-18,0.00023231241736254948,0.000350461846784141,-6.895280023946012,-2416.5325712859158,6,2,hbr,True,S6_D2 hbr,mild_master_12,,
1143,az_itd=0_az=15,7.0,2.3368912444598833e-18,2.2362300828674993e-06,1.1626862699712188e-09,14.009183324592138,0.016288285105013033,6,2,hbr,True,S6_D2 hbr,mild_master_12,,0.020581585098569645
1144,az_itd=0_az=5,7.0,2.3368912444598833e-18,0.10588494313603189,1.1466831717385604e-09,1.8556532720257437,0.0021278463796135173,6,2,hbr,False,S6_D2 hbr,mild_master_12,,0.021418248191199977
1145,az_itd=15_az=0,7.0,2.3368912444598833e-18,7.254456750666163e-05,1.1498043436643057e-09,8.29030673099243,0.009532230689604527,6,2,hbr,True,S6_D2 hbr,mild_master_12,,0.012160624978283489
1146,az_itd=5_az=0,7.0,2.3368912444598833e-18,2.6047391152279435e-07,1.1476725934838651e-09,19.18383385160299,0.02201676034943277,6,2,hbr,True,S6_D2 hbr,mild_master_12,,0.013394911378338472
1147,constant,7.0,2.3368912444598833e-18,0.21301419451689002,1.413771033720866e-09,-1.3699824685076787,-0.0019368415306815646,6,2,hbr,False,S6_D2 hbr,mild_master_12,,
1183,Linear,7.0,3.292403435817969e-18,0.4649540003627134,1.9562825967984983e-13,0.7727565948062132,1.5117302779806636e-07,7,7,hbr,False,S7_D7 hbr,mild_master_12,,
1184,ShortHbO,7.0,3.292403435817969e-18,3.4238462487535264e-11,0.0004159853322653642,-69.30365945243464,-28829.305804526677,7,7,hbr,True,S7_D7 hbr,mild_master_12,,
1185,az_itd=0_az=15,7.0,3.292403435817969e-18,1.0803623098805647e-05,1.38006587242649e-09,-11.085595356889725,-0.015298851827573066,7,7,hbr,True,S7_D7 hbr,mild_master_12,,0.013645896097712228
1186,az_itd=0_az=5,7.0,3.292403435817969e-18,0.00027774485435706905,1.3610707829562003e-09,-6.698797645805349,-0.009117537756641437,7,7,hbr,True,S7_D7 hbr,mild_master_12,,0.011994415034682003
1187,az_itd=15_az=0,7.0,3.292403435817969e-18,0.13853596533944815,1.3647754993254782e-09,-1.671545976598109,-0.0022812849948571786,7,7,hbr,False,S7_D7 hbr,mild_master_12,,0.038610417181233515
1188,az_itd=5_az=0,7.0,3.292403435817969e-18,0.44619161055983325,1.3622451902055143e-09,0.8070442236256219,0.001099392111917147,7,7,hbr,False,S7_D7 hbr,mild_master_12,,0.014779364645338645
1189,constant,7.0,3.292403435817969e-18,0.8862012527245032,1.678094259349588e-09,0.14841361255107374,0.0002490520312312908,7,7,hbr,False,S7_D7 hbr,mild_master_12,,
1197,Linear,7.0,3.484779400421772e-18,0.6174458313274528,2.0126243082275037e-13,-0.5224997911682664,-1.0515957807490473e-07,7,8,hbr,False,S7_D8 hbr,mild_master_12,,
1198,ShortHbO,7.0,3.484779400421772e-18,0.8801383729534695,0.00042796587412958657,-0.1563927094228454,-66.93074259564246,7,8,hbr,False,S7_D8 hbr,mild_master_12,,
1199,az_itd=0_az=15,7.0,3.484779400421772e-18,0.0011972979904083137,1.4198123146146074e-09,5.241493547581607,0.0074419370858293706,7,8,hbr,True,S7_D8 hbr,mild_master_12,,0.022495278997144954
1200,az_itd=0_az=5,7.0,3.484779400421772e-18,0.0031291098370471036,1.400270159065391e-09,-4.407280725373004,-0.006171383682363888,7,8,hbr,True,S7_D8 hbr,mild_master_12,,-0.0005763218964263247
1201,az_itd=15_az=0,7.0,3.484779400421772e-18,0.04315594687010085,1.4040815727292956e-09,-2.4648737245864143,-0.003460883775796409,7,8,hbr,True,S7_D8 hbr,mild_master_12,,0.004751262584014791
1202,az_itd=5_az=0,7.0,3.484779400421772e-18,2.9397437982530506e-05,1.4014783897073216e-09,9.528055570184305,0.013353363977543777,7,8,hbr,True,S7_D8 hbr,mild_master_12,,0.012499163574540409
1203,constant,7.0,3.484779400421772e-18,0.9703205450223487,1.7264240367885289e-09,-0.038556516950236104,-6.656489763773196e-05,7,8,hbr,False,S7_D8 hbr,mild_master_12,,
1155,Linear,7.0,3.3521365548362433e-18,0.0032852060319051813,1.9739489614518053e-13,4.367208608744339,8.620646897674272e-07,7,17,hbr,True,S7_D17 hbr,mild_master_12,,
1156,ShortHbO,7.0,3.3521365548362433e-18,2.6477308781701927e-11,0.0004197419206960202,-71.89930877096975,-30179.153960243053,7,17,hbr,True,S7_D17 hbr,mild_master_12,,
1157,az_itd=0_az=15,7.0,3.3521365548362433e-18,2.862905157551764e-08,1.3925286663948921e-09,-26.40207449270802,-0.0367656455833893,7,17,hbr,True,S7_D17 hbr,mild_master_12,,-0.0431570776633716
1158,az_itd=0_az=5,7.0,3.3521365548362433e-18,5.7796073084723164e-08,1.373362040267397e-09,-23.85737962714052,-0.032764819560163534,7,17,hbr,True,S7_D17 hbr,mild_master_12,,-0.022364480275982267
1159,az_itd=15_az=0,7.0,3.3521365548362433e-18,4.302352776445439e-07,1.3771002123707408e-09,-17.833441788616735,-0.024558436474405348,7,17,hbr,True,S7_D17 hbr,mild_master_12,,-0.0318080655102047
1160,az_itd=5_az=0,7.0,3.3521365548362433e-18,2.1021636046496194e-07,1.3745470530942238e-09,-19.790315572176734,-0.02720271994954026,7,17,hbr,True,S7_D17 hbr,mild_master_12,,-0.06410271582364044
1161,constant,7.0,3.3521365548362433e-18,0.6161862907185893,1.693248422228104e-09,0.5244071526569022,0.0008879515838414321,7,17,hbr,False,S7_D17 hbr,mild_master_12,,
1169,Linear,7.0,4.6004017479958e-18,0.3454088586241815,2.312453179116114e-13,1.0116055654735698,2.3392905058909109e-07,7,18,hbr,False,S7_D18 hbr,mild_master_12,,
1170,ShortHbO,7.0,4.6004017479958e-18,4.470255652380115e-11,0.000491721699940981,-66.70961792440681,-32802.566728202655,7,18,hbr,True,S7_D18 hbr,mild_master_12,,
1171,az_itd=0_az=15,7.0,4.6004017479958e-18,0.045064369760807986,1.6313275593745953e-09,-2.43536490245015,-0.003972877882500552,7,18,hbr,True,S7_D18 hbr,mild_master_12,,-0.052491610355191
1172,az_itd=0_az=5,7.0,4.6004017479958e-18,0.0033300780420452273,1.6088741290240667e-09,4.356076201306683,0.007008378304339756,7,18,hbr,True,S7_D18 hbr,mild_master_12,,-0.016500017348399575
1173,az_itd=15_az=0,7.0,4.6004017479958e-18,3.014122980059322e-05,1.6132533445627011e-09,-9.491790645138817,-0.015312663004159155,7,18,hbr,True,S7_D18 hbr,mild_master_12,,-0.04206856310974549
1174,az_itd=5_az=0,7.0,4.6004017479958e-18,6.877755719286223e-05,1.610262354724023e-09,-8.359364794804529,-0.013460770438479042,7,18,hbr,True,S7_D18 hbr,mild_master_12,,-0.07528336046458899
1175,constant,7.0,4.6004017479958e-18,0.968234150355662,1.9836164832422505e-09,-0.04126864896318199,-8.1861172324506e-05,7,18,hbr,False,S7_D18 hbr,mild_master_12,,
1239,Linear,7.0,1.2297904101307734e-18,0.8413532378317236,1.1956129748418812e-13,-0.20773112039724015,-2.4836602282538128e-08,8,6,hbr,False,S8_D6 hbr,mild_master_12,,
1240,ShortHbO,7.0,1.2297904101307734e-18,5.894091704523818e-12,0.0002542359991415951,-89.13002711229129,-22660.061496410835,8,6,hbr,True,S8_D6 hbr,mild_master_12,,
1241,az_itd=0_az=15,7.0,1.2297904101307734e-18,0.019841197165905173,8.4344903231767e-10,-3.0035874879505493,-0.0025333729601933522,8,6,hbr,True,S8_D6 hbr,mild_master_12,,-0.026269786375899374
1242,az_itd=0_az=5,7.0,1.2297904101307734e-18,0.17012545965150946,8.318398836874426e-10,-1.528943470259642,-0.0012718361584654555,8,6,hbr,False,S8_D6 hbr,mild_master_12,,-0.013532302799581036
1243,az_itd=15_az=0,7.0,1.2297904101307734e-18,0.00013596736204080618,8.341040795487494e-10,7.511633782306736,0.006265484381898251,8,6,hbr,True,S8_D6 hbr,mild_master_12,,-0.006405116746545363
1244,az_itd=5_az=0,7.0,1.2297904101307734e-18,0.5461753427828335,8.325576412074072e-10,-0.6340922435278453,-0.0005279183425794556,8,6,hbr,False,S8_D6 hbr,mild_master_12,,-0.015590078697150608
1245,constant,7.0,1.2297904101307734e-18,0.9158217219943587,1.0255937832138792e-09,0.10957481876107772,0.00011237925291814886,8,6,hbr,False,S8_D6 hbr,mild_master_12,,
1253,Linear,7.0,1.111947820538503e-18,0.013058866740141978,1.1368869262394361e-13,-3.3034355439931917,-3.755632681640519e-07,8,7,hbr,True,S8_D7 hbr,mild_master_12,,
1254,ShortHbO,7.0,1.111947820538503e-18,4.1444295335649067e-07,0.00024174845011340306,17.93083054702009,4334.75049398817,8,7,hbr,True,S8_D7 hbr,mild_master_12,,
1255,az_itd=0_az=15,7.0,1.111947820538503e-18,3.51005534293811e-07,8.020205517743541e-10,18.369697967179565,0.014732875299565585,8,7,hbr,True,S8_D7 hbr,mild_master_12,,0.00573678489545959
1256,az_itd=0_az=5,7.0,1.111947820538503e-18,0.00013531309263448865,7.909816206317564e-10,7.517376218208938,0.00594610642397753,8,7,hbr,True,S8_D7 hbr,mild_master_12,,6.877023743950027e-05
1257,az_itd=15_az=0,7.0,1.111947820538503e-18,6.552880945086415e-06,7.931346038523554e-10,11.9462157350369,0.009474957084543266,8,7,hbr,True,S8_D7 hbr,mild_master_12,,0.006488246333890659
1258,az_itd=5_az=0,7.0,1.111947820538503e-18,1.0803894320997665e-07,7.916641233795755e-10,21.794480865233854,0.017253908588688294,8,7,hbr,True,S8_D7 hbr,mild_master_12,,0.020773963898472657
1259,constant,7.0,1.111947820538503e-18,0.9679657458666441,9.75218727383334e-10,0.04161757620771664,4.058623970606834e-05,8,7,hbr,False,S8_D7 hbr,mild_master_12,,
1267,Linear,7.0,2.8979577776616647e-18,0.7750750469146879,1.83535929308834e-13,0.29701500419406174,5.451292481342435e-08,8,8,hbr,False,S8_D8 hbr,mild_master_12,,
1268,ShortHbO,7.0,2.8979577776616647e-18,2.8978194964196578e-08,0.00039027211437198995,26.355986761026642,10286.006679586044,8,8,hbr,True,S8_D8 hbr,mild_master_12,,
1269,az_itd=0_az=15,7.0,2.8979577776616647e-18,0.0011303902393297383,1.2947601375063106e-09,5.294261227805493,0.00685479839530777,8,8,hbr,True,S8_D8 hbr,mild_master_12,,0.000733393665450832
1270,az_itd=0_az=5,7.0,2.8979577776616647e-18,0.057075235870778465,1.2769391876908828e-09,-2.274763145229972,-0.0029047342028591184,8,8,hbr,False,S8_D8 hbr,mild_master_12,,-0.01506597848946621
1271,az_itd=15_az=0,7.0,2.8979577776616647e-18,0.03651719488292652,1.280414905170422e-09,2.579156246320769,0.0033023901005525087,8,8,hbr,True,S8_D8 hbr,mild_master_12,,-0.0024808862985054776
1272,az_itd=5_az=0,7.0,2.8979577776616647e-18,5.158808677347342e-05,1.2780410015404903e-09,8.74022726058351,0.011170368801807643,8,8,hbr,True,S8_D8 hbr,mild_master_12,,0.013966899067828331
1273,constant,7.0,2.8979577776616647e-18,0.4525204031853707,1.5743665555353803e-09,-0.795369120036273,-0.0012522025418907137,8,8,hbr,False,S8_D8 hbr,mild_master_12,,
1211,Linear,7.0,1.3672730203969418e-18,0.00381440820808355,1.2606736932844185e-13,4.245473110684745,5.352156266186627e-07,8,16,hbr,True,S8_D16 hbr,mild_master_12,,
1212,ShortHbO,7.0,1.3672730203969418e-18,1.5582514656257628e-10,0.00026807055690080306,-55.79382101473928,-14956.680671044887,8,16,hbr,True,S8_D16 hbr,mild_master_12,,
1213,az_itd=0_az=15,7.0,1.3672730203969418e-18,1.541789838301436e-08,8.893463261468103e-10,-28.86350791524591,-0.025669654724133333,8,16,hbr,True,S8_D16 hbr,mild_master_12,,-0.026706388612709294
1214,az_itd=0_az=5,7.0,1.3672730203969418e-18,1.0715050162344341e-08,8.771054517271497e-10,-30.41479782339899,-0.026676984984082303,8,16,hbr,True,S8_D16 hbr,mild_master_12,,-0.015762583370362782
1215,az_itd=15_az=0,7.0,1.3672730203969418e-18,3.388530983953378e-07,8.794928565302553e-10,-18.464098833252137,-0.016239043026113873,8,16,hbr,True,S8_D16 hbr,mild_master_12,,-0.015496335699440214
1216,az_itd=5_az=0,7.0,1.3672730203969418e-18,6.143241819073065e-06,8.77862266886082e-10,-12.061671508449521,-0.010588486292842765,8,16,hbr,True,S8_D16 hbr,mild_master_12,,-0.016664408711206804
1217,constant,7.0,1.3672730203969418e-18,0.24491284811149588,1.0814027027975092e-09,1.2692752434248067,0.0013725976788335522,8,16,hbr,False,S8_D16 hbr,mild_master_12,,
1225,Linear,7.0,1.005668421217592e-18,0.00020606242938076976,1.0811911319208432e-13,7.029652346327213,7.600397777335531e-07,8,17,hbr,True,S8_D17 hbr,mild_master_12,,
1226,ShortHbO,7.0,1.005668421217592e-18,1.034221674889395e-11,0.00022990525652607615,-82.24493254717308,-18908.542315227653,8,17,hbr,True,S8_D17 hbr,mild_master_12,,
1227,az_itd=0_az=15,7.0,1.005668421217592e-18,3.744091841449536e-10,7.62729773896677e-10,-49.21251621266988,-0.03753585136377625,8,17,hbr,True,S8_D17 hbr,mild_master_12,,-0.04906429665725709
1228,az_itd=0_az=5,7.0,1.005668421217592e-18,2.4438247110320307e-09,7.522316371147366e-10,-37.60890145153868,-0.028290605508977735,8,17,hbr,True,S8_D17 hbr,mild_master_12,,-0.025405788959170773
1229,az_itd=15_az=0,7.0,1.005668421217592e-18,7.191283764175528e-09,7.542791462482841e-10,-32.20943985096516,-0.024294908791921463,8,17,hbr,True,S8_D17 hbr,mild_master_12,,-0.022924260299480578
1230,az_itd=5_az=0,7.0,1.005668421217592e-18,3.47446252554965e-08,7.528807042307554e-10,-25.67534950927852,-0.019330475219916394,8,17,hbr,True,S8_D17 hbr,mild_master_12,,-0.024930318711393132
1231,constant,7.0,1.005668421217592e-18,0.3602942751158253,9.274430160066139e-10,0.9787839539977408,0.0009077663423145435,8,17,hbr,False,S8_D17 hbr,mild_master_12,,
49,Linear,7.0,8.316194517702854e-19,0.09274174140796855,9.831898531457927e-14,1.9457834309042974,1.9130745256843127e-07,10,5,hbr,False,S10_D5 hbr,mild_master_12,,
50,ShortHbO,7.0,8.316194517702854e-19,1.1846836144734896e-09,0.00020906619442922662,-41.72467639896237,-8723.219308522031,10,5,hbr,True,S10_D5 hbr,mild_master_12,,
51,az_itd=0_az=15,7.0,8.316194517702854e-19,4.175442539227761e-05,6.935944554549863e-10,-9.02963429039201,-0.0062629042786021185,10,5,hbr,True,S10_D5 hbr,mild_master_12,,-0.007687559855659925
52,az_itd=0_az=5,7.0,8.316194517702854e-19,3.820822897139494e-06,6.840478903230629e-10,-12.943176877493618,-0.008853752837127759,10,5,hbr,True,S10_D5 hbr,mild_master_12,,-0.003018950364754602
53,az_itd=15_az=0,7.0,8.316194517702854e-19,5.3918983924076906e-05,6.859098092242573e-10,-8.680764340891946,-0.00595422141298193,10,5,hbr,True,S10_D5 hbr,mild_master_12,,-0.009502730373680166
54,az_itd=5_az=0,7.0,8.316194517702854e-19,0.00011757779875411694,6.846381247262497e-10,-7.686193083029314,-0.005262260818649061,10,5,hbr,True,S10_D5 hbr,mild_master_12,,-0.00030463560005414714
55,constant,7.0,8.316194517702854e-19,0.9409165846500523,8.433777671563374e-10,-0.07681965217687393,-6.47879867266584e-05,10,5,hbr,False,S10_D5 hbr,mild_master_12,,
63,Linear,7.0,3.1774615620787227e-18,0.08553137757601223,1.9218311178825685e-13,2.000696880504461,3.8450015224040553e-07,10,6,hbr,False,S10_D6 hbr,mild_master_12,,
64,ShortHbO,7.0,3.1774615620787227e-18,1.4932775107980512e-11,0.00040865954511818526,-78.03644761911552,-31890.33918666684,10,6,hbr,True,S10_D6 hbr,mild_master_12,,
65,az_itd=0_az=15,7.0,3.1774615620787227e-18,0.0010808055391998482,1.3557619654223055e-09,-5.335661493249247,-0.007233886912915713,10,6,hbr,True,S10_D6 hbr,mild_master_12,,-0.021746240390507203
66,az_itd=0_az=5,7.0,3.1774615620787227e-18,3.135590972333185e-07,1.3371013925118742e-09,-18.673596441970187,-0.024968491805763115,10,6,hbr,True,S10_D6 hbr,mild_master_12,,-0.02723173942831782
67,az_itd=15_az=0,7.0,3.1774615620787227e-18,0.0002468616498396437,1.3407408662837408e-09,-6.827969799145839,-0.009154538143466012,10,6,hbr,True,S10_D6 hbr,mild_master_12,,-0.025216212907393426
68,az_itd=5_az=0,7.0,3.1774615620787227e-18,2.609952098975853e-06,1.3382551176436582e-09,-13.69351114120404,-0.018325411363226754,10,6,hbr,True,S10_D6 hbr,mild_master_12,,-0.029510788650325023
69,constant,7.0,3.1774615620787227e-18,0.8446996975491816,1.6485418679468648e-09,0.20327913075871848,0.00033511415793559274,10,6,hbr,False,S10_D6 hbr,mild_master_12,,
7,Linear,7.0,1.6527992378750578e-18,0.15118835645150977,1.3860698611471363e-13,1.6111218565221737,2.2331274479608056e-07,10,14,hbr,False,S10_D14 hbr,mild_master_12,,
8,ShortHbO,7.0,1.6527992378750578e-18,1.8984496463862925e-11,0.0002947348878305685,-75.40283248473922,-22223.845374496763,10,14,hbr,True,S10_D14 hbr,mild_master_12,,
9,az_itd=0_az=15,7.0,1.6527992378750578e-18,6.468603002147785e-06,9.778074575209834e-10,-11.96928640278697,-0.011703657505849605,10,14,hbr,True,S10_D14 hbr,mild_master_12,,-0.0027601580083498065
10,az_itd=0_az=5,7.0,1.6527992378750578e-18,5.502113914469343e-06,9.643490128833583e-10,-12.261180417603635,-0.011824057232500827,10,14,hbr,True,S10_D14 hbr,mild_master_12,,-1.0238955293166174e-05
11,az_itd=15_az=0,7.0,1.6527992378750578e-18,0.019450523082233634,9.669738870768709e-10,-3.017658709268176,-0.0029179971719724214,10,14,hbr,True,S10_D14 hbr,mild_master_12,,-0.0008968735982348725
12,az_itd=5_az=0,7.0,1.6527992378750578e-18,6.190995463765605e-07,9.65181106618512e-10,-16.911841420275707,-0.016322989816978495,10,14,hbr,True,S10_D14 hbr,mild_master_12,,0.0027472642546160623
13,constant,7.0,1.6527992378750578e-18,0.37179987639753104,1.1889672181590586e-09,0.9541229943500422,0.0011344209623739608,10,14,hbr,False,S10_D14 hbr,mild_master_12,,
21,Linear,7.0,1.0496748971103408e-18,0.19114859824892394,1.104593476205491e-13,1.4470060621493175,1.5983534562799333e-07,10,15,hbr,False,S10_D15 hbr,mild_master_12,,
22,ShortHbO,7.0,1.0496748971103408e-18,5.400276734419671e-09,0.00023488154777304084,-33.56259098083422,-7883.2333168518435,10,15,hbr,True,S10_D15 hbr,mild_master_12,,
23,az_itd=0_az=15,7.0,1.0496748971103408e-18,3.116568663942264e-07,7.7923903321068e-10,-18.690125465518296,-0.014564075298336785,10,15,hbr,True,S10_D15 hbr,mild_master_12,,-0.0054533533554760255
24,az_itd=0_az=5,7.0,1.0496748971103408e-18,0.0024773033366681015,7.685136646247922e-10,-4.602342990164433,-0.003536963477231493,10,15,hbr,True,S10_D15 hbr,mild_master_12,,0.0012274413239863786
25,az_itd=15_az=0,7.0,1.0496748971103408e-18,0.0002595464250641115,7.706054920220164e-10,-6.772828707737016,-0.005219178998706522,10,15,hbr,True,S10_D15 hbr,mild_master_12,,-0.002000792958715184
26,az_itd=5_az=0,7.0,1.0496748971103408e-18,0.18694208927589762,7.691767807758654e-10,-1.462723472603661,-0.0011250929318225788,10,15,hbr,False,S10_D15 hbr,mild_master_12,,0.0050946849150935785
27,constant,7.0,1.0496748971103408e-18,0.5664411350162375,9.475174876926877e-10,0.6015441331330165,0.0005699735857624714,10,15,hbr,False,S10_D15 hbr,mild_master_12,,
35,Linear,7.0,4.4427071902801574e-18,0.43623031931388134,2.2724739510461377e-13,0.8256571905366163,1.8762844579883983e-07,10,16,hbr,False,S10_D16 hbr,mild_master_12,,
36,ShortHbO,7.0,4.4427071902801574e-18,1.215128484868695e-10,0.000483220488255298,-57.81581247574312,-27937.785133405338,10,16,hbr,True,S10_D16 hbr,mild_master_12,,
37,az_itd=0_az=15,7.0,4.4427071902801574e-18,0.6677967871414461,1.6031240838871466e-09,0.44784494182004936,0.0007179510120787592,10,16,hbr,False,S10_D16 hbr,mild_master_12,,-0.0014337676956348163
38,az_itd=0_az=5,7.0,4.4427071902801574e-18,5.487128507395832e-05,1.5810588433694085e-09,-8.65730214631686,-0.013687704118155232,10,16,hbr,True,S10_D16 hbr,mild_master_12,,-0.008948900242174535
39,az_itd=15_az=0,7.0,4.4427071902801574e-18,0.040315014811500995,1.5853623481181475e-09,2.5113877298900005,0.003981459548493515,10,16,hbr,True,S10_D16 hbr,mild_master_12,,-0.004588665835163815
40,az_itd=5_az=0,7.0,4.4427071902801574e-18,8.800514444923383e-06,1.582423068500457e-09,-11.431514390711484,-0.0180894920797568,10,16,hbr,True,S10_D16 hbr,mild_master_12,,-0.020290936330243644
41,constant,7.0,4.4427071902801574e-18,0.6856038943225966,1.949322402608273e-09,0.4221141024824419,0.0008228364764259085,10,16,hbr,False,S10_D16 hbr,mild_master_12,,
133,Linear,7.0,1.4078846663375074e-17,0.4285981960028714,4.045373337762265e-13,-0.840122065196913,-3.398607403013363e-07,11,3,hbr,False,S11_D3 hbr,mild_master_12,,
134,ShortHbO,7.0,1.4078846663375074e-17,6.498465955010172e-11,0.0008602110834091396,-63.23288419519516,-54393.62782063348,11,3,hbr,True,S11_D3 hbr,mild_master_12,,
135,az_itd=0_az=15,7.0,1.4078846663375074e-17,0.9381905094918305,2.853821678834263e-09,0.08037260424895623,0.0002293690803900381,11,3,hbr,False,S11_D3 hbr,mild_master_12,,0.012213965166275704
136,az_itd=0_az=5,7.0,1.4078846663375074e-17,0.0024058019071218333,2.814541960956451e-09,-4.6271348907209715,-0.013023265308939814,11,3,hbr,True,S11_D3 hbr,mild_master_12,,-0.007315356877041261
137,az_itd=15_az=0,7.0,1.4078846663375074e-17,1.142573379138161e-06,2.822202899539033e-09,15.4621418703656,0.04363730161962969,11,3,hbr,True,S11_D3 hbr,mild_master_12,,0.019291456290715006
138,az_itd=5_az=0,7.0,1.4078846663375074e-17,0.002477350341077168,2.8169705036331706e-09,-4.602326953243517,-0.012964619275362906,11,3,hbr,True,S11_D3 hbr,mild_master_12,,-0.006332647978010544
139,constant,7.0,1.4078846663375074e-17,0.7171521741923176,3.4701110085701855e-09,0.3772678493173246,0.001309161317095646,11,3,hbr,False,S11_D3 hbr,mild_master_12,,
147,Linear,7.0,9.899098278072578e-19,0.0732491330900964,1.0726866761790208e-13,2.1057270896448754,2.2587853927312845e-07,11,4,hbr,False,S11_D4 hbr,mild_master_12,,
148,ShortHbO,7.0,9.899098278072578e-19,1.8742153692164196e-11,0.00022809686296714575,-75.5415018587796,-17230.779597814435,11,4,hbr,True,S11_D4 hbr,mild_master_12,,
149,az_itd=0_az=15,7.0,9.899098278072578e-19,4.4836674081424517e-07,7.56730278142813e-10,-17.726533159266875,-0.01341420436811982,11,4,hbr,True,S11_D4 hbr,mild_master_12,,-0.008151660013760614
150,az_itd=0_az=5,7.0,9.899098278072578e-19,8.52626082156677e-05,7.463147178239952e-10,-8.084007787236896,-0.006033213990618684,11,4,hbr,True,S11_D4 hbr,mild_master_12,,-0.0025608952460333106
151,az_itd=15_az=0,7.0,9.899098278072578e-19,0.7626356668472685,7.483461216175219e-10,0.3140497715139402,0.00023501792850732608,11,4,hbr,False,S11_D4 hbr,mild_master_12,,-0.0005457630247351052
152,az_itd=5_az=0,7.0,9.899098278072578e-19,0.001979685706357432,7.469586794943637e-10,-4.794120572626405,-0.0035810099722657822,11,4,hbr,True,S11_D4 hbr,mild_master_12,,-0.005131554881969653
153,constant,7.0,9.899098278072578e-19,0.7099759626157821,9.20147915399677e-10,-0.38739106363465803,-0.00035645707964789426,11,4,hbr,False,S11_D4 hbr,mild_master_12,,
77,Linear,7.0,3.1173397379503725e-18,0.0814059380622559,1.9035624803633567e-13,2.03420619447853,3.8722385891320556e-07,11,11,hbr,False,S11_D11 hbr,mild_master_12,,
78,ShortHbO,7.0,3.1173397379503725e-18,1.4105782565132362e-10,0.0004047748889540393,-56.594661847189904,-22908.097964587698,11,11,hbr,True,S11_D11 hbr,mild_master_12,,
79,az_itd=0_az=15,7.0,3.1173397379503725e-18,3.667830986859415e-05,1.3428742961166261e-09,-9.211050979448839,-0.012369283600521721,11,11,hbr,True,S11_D11 hbr,mild_master_12,,0.0059011220724192815
80,az_itd=0_az=5,7.0,3.1173397379503725e-18,1.7013360817191384e-06,1.3243911078053043e-09,-14.584407466123174,-0.01931545956074282,11,11,hbr,True,S11_D11 hbr,mild_master_12,,-0.014983973640741294
81,az_itd=15_az=0,7.0,3.1173397379503725e-18,0.0005982737309841275,1.3279959852869555e-09,5.901995622827213,0.007837826492295724,11,11,hbr,True,S11_D11 hbr,mild_master_12,,-0.0013892043352984982
82,az_itd=5_az=0,7.0,3.1173397379503725e-18,7.197044555247259e-06,1.3255338657995321e-09,-11.780314070244682,-0.015615205249864053,11,11,hbr,True,S11_D11 hbr,mild_master_12,,-0.012638781749822737
83,constant,7.0,3.1173397379503725e-18,0.686830076949886,1.6328710769285843e-09,-0.42035391152920937,-0.0006863837442098429,11,11,hbr,False,S11_D11 hbr,mild_master_12,,
91,Linear,7.0,1.1249425728747356e-18,0.5158485221581859,1.1435107315221445e-13,0.6842082122436416,7.823994332961853e-08,11,12,hbr,False,S11_D12 hbr,mild_master_12,,
92,ShortHbO,7.0,1.1249425728747356e-18,1.260859294869797e-11,0.00024315694081198508,-79.94737910728198,-19439.760129662696,11,12,hbr,True,S11_D12 hbr,mild_master_12,,
93,az_itd=0_az=15,7.0,1.1249425728747356e-18,9.921446120098415e-06,8.066933365914475e-10,-11.228113833458844,-0.009057644611941501,11,12,hbr,True,S11_D12 hbr,mild_master_12,,0.001955687464402232
94,az_itd=0_az=5,7.0,1.1249425728747356e-18,0.20220210282373371,7.955900897031674e-10,-1.4071400261777762,-0.0011195066596516943,11,12,hbr,False,S11_D12 hbr,mild_master_12,,0.004320257165277147
95,az_itd=15_az=0,7.0,1.1249425728747356e-18,0.03147245760794636,7.977556167760187e-10,2.6814635576331143,0.0021391526142820225,11,12,hbr,True,S11_D12 hbr,mild_master_12,,0.006917374823966258
96,az_itd=5_az=0,7.0,1.1249425728747356e-18,0.015130958574137312,7.96276568893324e-10,3.196894225785451,0.002545611965223319,11,12,hbr,True,S11_D12 hbr,mild_master_12,,0.004012744272910961
97,constant,7.0,1.1249425728747356e-18,0.9185261814845483,9.809006107871703e-10,-0.10603906870702613,-0.00010401378726202465,11,12,hbr,False,S11_D12 hbr,mild_master_12,,
105,Linear,7.0,8.824104630098531e-19,0.8649832923872869,1.0127689844755639e-13,0.17638867041738138,1.7864097461160628e-08,11,13,hbr,False,S11_D13 hbr,mild_master_12,,
106,ShortHbO,7.0,8.824104630098531e-19,1.7508264540524484e-12,0.00021535592209662616,-106.01917373876681,-22831.85692043454,11,13,hbr,True,S11_D13 hbr,mild_master_12,,
107,az_itd=0_az=15,7.0,8.824104630098531e-19,2.7981331831801185e-05,7.14461149127487e-10,-9.600066329393552,-0.006858874421398613,11,13,hbr,True,S11_D13 hbr,mild_master_12,,-0.0023551994468725052
108,az_itd=0_az=5,7.0,8.824104630098531e-19,3.14254428962147e-05,7.046273768982955e-10,-9.431501730484785,-0.006645694324563229,11,13,hbr,True,S11_D13 hbr,mild_master_12,,-0.004917907451547067
109,az_itd=15_az=0,7.0,8.824104630098531e-19,0.4231477751984325,7.065453113732142e-10,0.8505647417491491,0.00060096253030223,11,13,hbr,False,S11_D13 hbr,mild_master_12,,0.0038608050749631105
110,az_itd=5_az=0,7.0,8.824104630098531e-19,0.0029373751204144517,7.052353684222169e-10,4.459626385246631,0.003145086256824847,11,13,hbr,True,S11_D13 hbr,mild_master_12,,0.005185469675803888
111,constant,7.0,8.824104630098531e-19,0.780257684091864,8.687506711336401e-10,0.289946700984748,0.0002518913910734847,11,13,hbr,False,S11_D13 hbr,mild_master_12,,
119,Linear,7.0,1.6634612604334523e-18,0.2744351569621747,1.3905333649566797e-13,-1.185671078826243,-1.6487151949720723e-07,11,20,hbr,False,S11_D20 hbr,mild_master_12,,
120,ShortHbO,7.0,1.6634612604334523e-18,5.789901708011682e-12,0.0002956840104769179,-89.35758671852923,-26421.609607473696,11,20,hbr,True,S11_D20 hbr,mild_master_12,,
121,az_itd=0_az=15,7.0,1.6634612604334523e-18,0.0644671783217434,9.809562506907826e-10,-2.1922197361424822,-0.002150471653056666,11,20,hbr,False,S11_D20 hbr,mild_master_12,,0.008612380180942127
122,az_itd=0_az=5,7.0,1.6634612604334523e-18,0.0009741720120582457,9.674544663770023e-10,-5.43234715901885,-0.005255548521903206,11,20,hbr,True,S11_D20 hbr,mild_master_12,,-0.008810702108096848
123,az_itd=15_az=0,7.0,1.6634612604334523e-18,6.2894545139033e-06,9.70087793345004e-10,12.019483237567078,0.011659953971078711,11,20,hbr,True,S11_D20 hbr,mild_master_12,,0.013792440804637648
124,az_itd=5_az=0,7.0,1.6634612604334523e-18,8.657803214438949e-06,9.682892396694145e-10,11.459510077701982,0.011096120300122045,11,20,hbr,True,S11_D20 hbr,mild_master_12,,0.013004452072482532
125,constant,7.0,1.6634612604334523e-18,0.9353206215819305,1.1927960004278563e-09,0.08411424368962464,0.00010033113345199831,11,20,hbr,False,S11_D20 hbr,mild_master_12,,
203,Linear,7.0,1.3357874512058542e-18,0.0009409425824994307,1.2460737521611627e-13,5.464907912026186,6.809678307153695e-07,12,2,hbr,True,S12_D2 hbr,mild_master_12,,
204,ShortHbO,7.0,1.3357874512058542e-18,2.852106138989607e-12,0.00026496601496542446,-98.87620219877715,-26198.833271525524,12,2,hbr,True,S12_D2 hbr,mild_master_12,,
205,az_itd=0_az=15,7.0,1.3357874512058542e-18,3.0323117550418114e-09,8.790467505555253e-10,-36.46226728571272,-0.0320520375753928,12,2,hbr,True,S12_D2 hbr,mild_master_12,,-0.015819511870819123
206,az_itd=0_az=5,7.0,1.3357874512058542e-18,1.0018697430679206e-08,8.669476384703817e-10,-30.71013178779833,-0.026624076230545957,12,2,hbr,True,S12_D2 hbr,mild_master_12,,-0.017570744342496863
207,az_itd=15_az=0,7.0,1.3357874512058542e-18,2.9887911436033205e-07,8.69307394588702e-10,-18.804224266379396,-0.01634665120426792,12,2,hbr,True,S12_D2 hbr,mild_master_12,,-0.005032006010245065
208,az_itd=5_az=0,7.0,1.3357874512058542e-18,2.287648043396555e-08,8.676956889054838e-10,-27.269367352809315,-0.023661512491212587,12,2,hbr,True,S12_D2 hbr,mild_master_12,,-0.018661391654390496
209,constant,7.0,1.3357874512058542e-18,0.5296293725184065,1.0688789102606473e-09,0.6612137064130021,0.0007067573859601333,12,2,hbr,False,S12_D2 hbr,mild_master_12,,
217,Linear,7.0,7.807466533127867e-19,0.051184590727109874,9.526428976673981e-14,2.348709610676331,2.2374815292939668e-07,12,3,hbr,False,S12_D3 hbr,mild_master_12,,
218,ShortHbO,7.0,7.807466533127867e-19,6.619349655173141e-13,0.00020257066794181078,-121.83172782367858,-24679.53448174746,12,3,hbr,True,S12_D3 hbr,mild_master_12,,
219,az_itd=0_az=15,7.0,7.807466533127867e-19,3.964421227992077e-07,6.720450071128836e-10,-18.0471351924508,-0.01212848709877777,12,3,hbr,True,S12_D3 hbr,mild_master_12,,-0.012371927246490746
220,az_itd=0_az=5,7.0,7.807466533127867e-19,0.00010986578524179477,6.627950464456252e-10,-7.768806642388311,-0.0051491265593688424,12,3,hbr,True,S12_D3 hbr,mild_master_12,,9.161391475465446e-05
221,az_itd=15_az=0,7.0,7.807466533127867e-19,4.3017681454974574e-05,6.645991169530459e-10,-8.988356084446652,-0.0059736535165827815,12,3,hbr,True,S12_D3 hbr,mild_master_12,,-0.007023252540563262
222,az_itd=5_az=0,7.0,7.807466533127867e-19,2.830415880760777e-06,6.633669427181058e-10,-13.53054627533765,-0.008975717115976592,12,3,hbr,True,S12_D3 hbr,mild_master_12,,-0.012991380238167354
223,constant,7.0,7.807466533127867e-19,0.7076694166982542,8.171746660743205e-10,0.3906542238934855,0.0003192327349606818,12,3,hbr,False,S12_D3 hbr,mild_master_12,,
231,Linear,7.0,1.1634006938004446e-17,0.19163938178509418,3.6773903115868353e-13,1.4451926264651744,5.314537362939765e-07,12,4,hbr,False,S12_D4 hbr,mild_master_12,,
232,ShortHbO,7.0,1.1634006938004446e-17,1.9357487007031182e-10,0.0007819629092127775,-54.08783276045318,-42294.67905837815,12,4,hbr,True,S12_D4 hbr,mild_master_12,,
233,az_itd=0_az=15,7.0,1.1634006938004446e-17,2.2928035087836057e-05,2.594226865238299e-09,-9.895454986471398,-0.02567105516966039,12,4,hbr,True,S12_D4 hbr,mild_master_12,,0.011680952671494245
234,az_itd=0_az=5,7.0,1.1634006938004446e-17,9.054208796618817e-07,2.5585201845674783e-09,-15.997982696957362,-0.04093116164252668,12,4,hbr,True,S12_D4 hbr,mild_master_12,,-0.028414761385064276
235,az_itd=15_az=0,7.0,1.1634006938004446e-17,0.4069235725725439,2.565484254127702e-09,0.8822343583714344,0.0022633583548523706,12,4,hbr,False,S12_D4 hbr,mild_master_12,,-0.011436096026409057
236,az_itd=5_az=0,7.0,1.1634006938004446e-17,0.001735185621580491,2.5607278174767276e-09,-4.909024386152894,-0.012570675302293333,12,4,hbr,True,S12_D4 hbr,mild_master_12,,-0.02658814612251221
237,constant,7.0,1.1634006938004446e-17,0.6635428393862572,3.154456100238614e-09,0.4540401704243272,0.0014322497853483987,12,4,hbr,False,S12_D4 hbr,mild_master_12,,
161,Linear,7.0,4.6849408176843844e-18,0.0031112651258173234,2.333603797504469e-13,4.412001415375665,1.0295863257515744e-06,12,10,hbr,True,S12_D10 hbr,mild_master_12,,
162,ShortHbO,7.0,4.6849408176843844e-18,9.769410006518884e-12,0.0004962191825809107,-82.91773237790551,-41145.36938202699,12,10,hbr,True,S12_D10 hbr,mild_master_12,,
163,az_itd=0_az=15,7.0,4.6849408176843844e-18,2.765398516145108e-08,1.6462483313869079e-09,-26.534262454651305,-0.043681985290551985,12,10,hbr,True,S12_D10 hbr,mild_master_12,,-0.012510099299395071
164,az_itd=0_az=5,7.0,4.6849408176843844e-18,4.3685533538840974e-08,1.6235895330137345e-09,-24.841094803407533,-0.04033174151141434,12,10,hbr,True,S12_D10 hbr,mild_master_12,,-0.03916747431535352
165,az_itd=15_az=0,7.0,4.6849408176843844e-18,3.19830908212351e-05,1.6280088026029913e-09,-9.406185914333854,-0.015313353467455777,12,10,hbr,True,S12_D10 hbr,mild_master_12,,0.011765583890118333
166,az_itd=5_az=0,7.0,4.6849408176843844e-18,4.3804834581344626e-08,1.6249904559792103e-09,-24.831321172134704,-0.04035065991407339,12,10,hbr,True,S12_D10 hbr,mild_master_12,,-0.017548937880448163
167,constant,7.0,4.6849408176843844e-18,0.663317801303591,2.0017594301545612e-09,0.4543684414143774,0.0009095363123658601,12,10,hbr,False,S12_D10 hbr,mild_master_12,,
175,Linear,7.0,1.7992036656094108e-18,0.08282771264541515,1.4461562935736055e-13,2.022471842563599,2.9248103836987545e-07,12,11,hbr,False,S12_D11 hbr,mild_master_12,,
176,ShortHbO,7.0,1.7992036656094108e-18,1.2846123329699185e-08,0.00030751170984926363,-29.631476930671646,-9112.026136309847,12,11,hbr,True,S12_D11 hbr,mild_master_12,,
177,az_itd=0_az=15,7.0,1.7992036656094108e-18,5.444024764687431e-05,1.0201956252240217e-09,-8.667864242151476,-0.008842917179878665,12,11,hbr,True,S12_D11 hbr,mild_master_12,,0.0020337176334952224
178,az_itd=0_az=5,7.0,1.7992036656094108e-18,1.0753783812989924e-06,1.006153754060107e-09,-15.600079200265336,-0.015696078250981963,12,11,hbr,True,S12_D11 hbr,mild_master_12,,-0.0031376850873061192
179,az_itd=15_az=0,7.0,1.7992036656094108e-18,0.5142480175616843,1.0088924171255067e-09,0.6869038599825863,0.000693012095630672,12,11,hbr,False,S12_D11 hbr,mild_master_12,,0.0010439172181207817
180,az_itd=5_az=0,7.0,1.7992036656094108e-18,0.00032171398248594324,1.0070219192411463e-09,-6.540370205382435,-0.00658629615677183,12,11,hbr,True,S12_D11 hbr,mild_master_12,,0.005664412445304083
181,constant,7.0,1.7992036656094108e-18,0.34872247127398515,1.2405092077901408e-09,-1.0042055661261604,-0.001245726251293613,12,11,hbr,False,S12_D11 hbr,mild_master_12,,
189,Linear,7.0,1.0609259483419242e-17,0.31624281967781154,3.5117015890697713e-13,1.0792765197812249,3.79009706956142e-07,12,12,hbr,False,S12_D12 hbr,mild_master_12,,
190,ShortHbO,7.0,1.0609259483419242e-17,1.541836307949196e-09,0.0007467307406080573,-40.1776308211399,-30001.87201894691,12,12,hbr,True,S12_D12 hbr,mild_master_12,,
191,az_itd=0_az=15,7.0,1.0609259483419242e-17,0.00018845054693439065,2.4773412211263736e-09,-7.131099309524827,-0.017666166271431676,12,12,hbr,True,S12_D12 hbr,mild_master_12,,0.007923603193861524
192,az_itd=0_az=5,7.0,1.0609259483419242e-17,5.3914079083767224e-05,2.4432433428410464e-09,-8.680886393759923,-0.02120951789151335,12,12,hbr,True,S12_D12 hbr,mild_master_12,,-0.004257943204919737
193,az_itd=15_az=0,7.0,1.0609259483419242e-17,0.030484859604519812,2.449893638857755e-09,2.7034865229969993,0.0066232544354280195,12,12,hbr,True,S12_D12 hbr,mild_master_12,,0.012444360481356536
194,az_itd=5_az=0,7.0,1.0609259483419242e-17,0.5022507613607936,2.4453515085070804e-09,-0.7072835130575863,-0.001729556805597556,12,12,hbr,False,S12_D12 hbr,mild_master_12,,0.011087139533405782
195,constant,7.0,1.0609259483419242e-17,0.6041389754834461,3.0123287334921775e-09,-0.5427586009092648,-0.001634967328868992,12,12,hbr,False,S12_D12 hbr,mild_master_12,,
245,Linear,7.0,2.9983560890498273e-18,0.0634237635670276,1.8668811594315226e-13,2.2032740431317537,4.1132508001871865e-07,13,1,hbr,False,S13_D1 hbr,mild_master_12,,
246,ShortHbO,7.0,2.9983560890498273e-18,1.648635987186026e-10,0.00039697494660382204,-55.345317275703565,-21970.70437029401,13,1,hbr,True,S13_D1 hbr,mild_master_12,,
247,az_itd=0_az=15,7.0,2.9983560890498273e-18,0.00018103565205635237,1.3169973398648081e-09,-7.177051843724395,-0.009452158186256844,13,1,hbr,True,S13_D1 hbr,mild_master_12,,-0.0023220093680171435
248,az_itd=0_az=5,7.0,2.9983560890498273e-18,1.4260461660004705e-05,1.2988703194068059e-09,-10.632391187562936,-0.013810097337847979,13,1,hbr,True,S13_D1 hbr,mild_master_12,,-0.0076349493933872215
249,az_itd=15_az=0,7.0,2.9983560890498273e-18,0.06348966587732705,1.3024057315206595e-09,-2.2025704510542985,-0.002868640379531163,13,1,hbr,False,S13_D1 hbr,mild_master_12,,0.011149706469310128
250,az_itd=5_az=0,7.0,2.9983560890498273e-18,0.5214577649698167,1.299991056651431e-09,0.6748025537293901,0.0008772372848537539,13,1,hbr,False,S13_D1 hbr,mild_master_12,,0.014828730801509215
251,constant,7.0,2.9983560890498273e-18,0.4021553709961257,1.6014059326892976e-09,-0.8917163761343385,-0.0014279998950177308,13,1,hbr,False,S13_D1 hbr,mild_master_12,,
287,Linear,7.0,9.056391995140354e-19,0.06216450325943625,1.0260125532763411e-13,2.2168616921108866,2.2745279249832008e-07,13,2,hbr,False,S13_D2 hbr,mild_master_12,,
288,ShortHbO,7.0,9.056391995140354e-19,1.9236631858971372e-10,0.00021817204405006292,-54.136349698177916,-11811.038071060484,13,2,hbr,True,S13_D2 hbr,mild_master_12,,
289,az_itd=0_az=15,7.0,9.056391995140354e-19,4.841776334527786e-07,7.238038674857629e-10,-17.529163966865198,-0.012687676673009107,13,2,hbr,True,S13_D2 hbr,mild_master_12,,-0.003880854192090739
290,az_itd=0_az=5,7.0,9.056391995140354e-19,2.220860892458947e-06,7.138415030098845e-10,-14.023428427727687,-0.010010505226200674,13,2,hbr,True,S13_D2 hbr,mild_master_12,,-0.004207673838109444
291,az_itd=15_az=0,7.0,9.056391995140354e-19,1.2319592283294375e-05,7.15784517535203e-10,-10.869105075151346,-0.007779937132256633,13,2,hbr,True,S13_D2 hbr,mild_master_12,,-0.003117096994866
292,az_itd=5_az=0,7.0,9.056391995140354e-19,6.362240062435293e-06,7.144574449921046e-10,-11.998895311877769,-0.008572700087251932,13,2,hbr,True,S13_D2 hbr,mild_master_12,,-0.007111161017425149
293,constant,7.0,9.056391995140354e-19,0.6402656183119895,8.801109709258356e-10,0.48829357050923217,0.0004297525284377233,13,2,hbr,False,S13_D2 hbr,mild_master_12,,
301,Linear,7.0,1.9739024630354447e-18,0.0009803207084545446,1.5147393678108302e-13,5.426458009914906,8.21966957539052e-07,13,3,hbr,True,S13_D3 hbr,mild_master_12,,
302,ShortHbO,7.0,1.9739024630354447e-18,2.720920560566002e-12,0.0003220952638669916,-99.54398592402907,-32062.64641257224,13,3,hbr,True,S13_D3 hbr,mild_master_12,,
303,az_itd=0_az=15,7.0,1.9739024630354447e-18,3.144191724627273e-09,1.0685777763180314e-09,-36.27314555298387,-0.03876067721506779,13,3,hbr,True,S13_D3 hbr,mild_master_12,,-0.024329995003610924
304,az_itd=0_az=5,7.0,1.9739024630354447e-18,2.1256242454091845e-09,1.053869978036319e-09,-38.36920021937731,-0.0404361481924663,13,3,hbr,True,S13_D3 hbr,mild_master_12,,-0.028558328393368956
305,az_itd=15_az=0,7.0,1.9739024630354447e-18,7.232228549360664e-08,1.0567385205159699e-09,-23.09698404793248,-0.024407472751193128,13,3,hbr,True,S13_D3 hbr,mild_master_12,,-0.011148584723219475
306,az_itd=5_az=0,7.0,1.9739024630354447e-18,4.438927725003722e-08,1.0547793154179883e-09,-24.783876256776747,-0.026141520031527112,13,3,hbr,True,S13_D3 hbr,mild_master_12,,-0.03162338567805
307,constant,7.0,1.9739024630354447e-18,0.4284277344765046,1.2993395952578712e-09,0.8404472174717985,0.0010920263473854109,13,3,hbr,False,S13_D3 hbr,mild_master_12,,
315,Linear,7.0,5.587612674812371e-18,0.018237883174903317,2.5485209922265174e-13,3.063326175400282,7.806951064044588e-07,13,9,hbr,True,S13_D9 hbr,mild_master_12,,
316,ShortHbO,7.0,5.587612674812371e-18,9.698414333862036e-11,0.0005419193287675099,-59.71186371647008,-32359.013104686495,13,9,hbr,True,S13_D9 hbr,mild_master_12,,
317,az_itd=0_az=15,7.0,5.587612674812371e-18,3.7786178146102063e-07,1.797862360116157e-09,-18.17367592281128,-0.03267376788657167,13,9,hbr,True,S13_D9 hbr,mild_master_12,,-0.04458064749668963
318,az_itd=0_az=5,7.0,5.587612674812371e-18,7.765569265099633e-05,1.7731167613241024e-09,-8.202827467741256,-0.014544570873301764,13,9,hbr,True,S13_D9 hbr,mild_master_12,,-0.0218007013253408
319,az_itd=15_az=0,7.0,5.587612674812371e-18,0.00018842482703175766,1.7779430310321707e-09,-7.131255164366573,-0.012678965421997725,13,9,hbr,True,S13_D9 hbr,mild_master_12,,-0.0014162016989130624
320,az_itd=5_az=0,7.0,5.587612674812371e-18,1.9343408504833043e-07,1.7746467046631669e-09,-20.030673170160895,-0.035547368133610945,13,9,hbr,True,S13_D9 hbr,mild_master_12,,-0.05242725145612329
321,constant,7.0,5.587612674812371e-18,0.9970151973763577,2.1861148557402107e-09,-0.0038764642182707474,-8.474396015307045e-06,13,9,hbr,False,S13_D9 hbr,mild_master_12,,
259,Linear,7.0,3.0661474338189243e-18,0.005479140367676201,1.8878678266955374e-13,3.957503160643959,7.471242891025631e-07,13,10,hbr,True,S13_D10 hbr,mild_master_12,,
260,ShortHbO,7.0,3.0661474338189243e-18,7.851326792588159e-12,0.00040143756655926764,-85.55001046260024,-34342.988019226126,13,10,hbr,True,S13_D10 hbr,mild_master_12,,
261,az_itd=0_az=15,7.0,3.0661474338189243e-18,3.2312371848909874e-08,1.3318024520272512e-09,-25.945441594742668,-0.03455420273480812,13,10,hbr,True,S13_D10 hbr,mild_master_12,,-0.009249925907455445
262,az_itd=0_az=5,7.0,3.0661474338189243e-18,5.739305094703704e-08,1.3134716554772797e-09,-23.881501184018937,-0.03136767489545597,13,10,hbr,True,S13_D10 hbr,mild_master_12,,-0.02574172518262425
263,az_itd=15_az=0,7.0,3.0661474338189243e-18,7.936879164020283e-06,1.3170468111587942e-09,-11.60943633274892,-0.015290171101398011,13,10,hbr,True,S13_D10 hbr,mild_master_12,,0.011284933729694569
264,az_itd=5_az=0,7.0,3.0661474338189243e-18,6.008550435255823e-05,1.3146049915633065e-09,-8.53650869095013,-0.011222136935646589,13,10,hbr,True,S13_D10 hbr,mild_master_12,,-0.0050466790736140065
265,constant,7.0,3.0661474338189243e-18,0.884016469282635,1.6194082427421795e-09,-0.15128764211304518,-0.00024499645466289423,13,10,hbr,False,S13_D10 hbr,mild_master_12,,
273,Linear,7.0,7.70468215147228e-18,0.004677484797632855,2.99262591094626e-13,4.082066234130567,1.2216097182457956e-06,13,11,hbr,True,S13_D11 hbr,mild_master_12,,
274,ShortHbO,7.0,7.70468215147228e-18,2.179822959258687e-11,0.0006363541167049213,-73.9270707282178,-47043.79579383728,13,11,hbr,True,S13_D11 hbr,mild_master_12,,
275,az_itd=0_az=15,7.0,7.70468215147228e-18,6.688539033795554e-08,2.111157608514764e-09,-23.359300031887635,-0.04931516399189875,13,11,hbr,True,S13_D11 hbr,mild_master_12,,-0.003060576844457905
276,az_itd=0_az=5,7.0,7.70468215147228e-18,2.6270702971479582e-08,2.0820998450696665e-09,-26.731211583533184,-0.05565705149659892,13,11,hbr,True,S13_D11 hbr,mild_master_12,,-0.03937655905017813
277,az_itd=15_az=0,7.0,7.70468215147228e-18,1.1408358289950702e-05,2.0877671398754127e-09,-10.99533103199643,-0.02295569082065456,13,11,hbr,True,S13_D11 hbr,mild_master_12,,0.016050153357470707
278,az_itd=5_az=0,7.0,7.70468215147228e-18,1.2833831340316576e-07,2.083896396125251e-09,-21.257929443450376,-0.0442993225562911,13,11,hbr,True,S13_D11 hbr,mild_master_12,,-0.016295830989787555
279,constant,7.0,7.70468215147228e-18,0.9461631470321965,2.5670669307993738e-09,0.06998476570445707,0.0001796555776996539,13,11,hbr,False,S13_D11 hbr,mild_master_12,,
329,Linear,7.0,2.343188980010649e-18,0.028153731059414558,1.6503601420538211e-13,2.7585753056634648,4.552642733320918e-07,14,1,hbr,True,S14_D1 hbr,mild_master_12,,
330,ShortHbO,7.0,2.343188980010649e-18,1.2263534441660173e-06,0.0003509337624192371,-15.30256691054921,-5370.187380591156,14,1,hbr,True,S14_D1 hbr,mild_master_12,,
331,az_itd=0_az=15,7.0,2.343188980010649e-18,0.00014793251634401085,1.1642518892662884e-09,-7.411794530548705,-0.008629195785044872,14,1,hbr,True,S14_D1 hbr,mild_master_12,,-0.018557788165204286
332,az_itd=0_az=5,7.0,2.343188980010649e-18,0.00011250511662099004,1.148227242005297e-09,-7.73981612952736,-0.008887067728035313,14,1,hbr,True,S14_D1 hbr,mild_master_12,,-0.009274667062141704
333,az_itd=15_az=0,7.0,2.343188980010649e-18,0.00040033389561805905,1.1513526167561004e-09,-6.309901717522107,-0.007264921853942889,14,1,hbr,True,S14_D1 hbr,mild_master_12,,-0.011768174732486019
334,az_itd=5_az=0,7.0,2.343188980010649e-18,3.8606511105210236e-06,1.1492179960599405e-09,-12.923307108737138,-0.014851697097970077,14,1,hbr,True,S14_D1 hbr,mild_master_12,,-0.011838935251155307
335,constant,7.0,2.343188980010649e-18,0.4111921368843393,1.4156747520895869e-09,-0.8738145945229854,-0.0012370372594735903,14,1,hbr,False,S14_D1 hbr,mild_master_12,,
357,Linear,7.0,2.284846207810873e-18,0.9648232544453454,1.6296845748200157e-13,0.04570327518398285,7.448192258609127e-09,14,2,hbr,False,S14_D2 hbr,mild_master_12,,
358,ShortHbO,7.0,2.284846207810873e-18,4.9930693971445694e-09,0.0003465372949969921,-33.94267705800072,-11762.403492636031,14,2,hbr,True,S14_D2 hbr,mild_master_12,,
359,az_itd=0_az=15,7.0,2.284846207810873e-18,0.022464155356466075,1.1496662436243295e-09,2.9161092485125377,0.003352552365735576,14,2,hbr,True,S14_D2 hbr,mild_master_12,,0.003392463747993376
360,az_itd=0_az=5,7.0,2.284846207810873e-18,1.494836457445377e-05,1.1338423517399374e-09,-10.557156440535854,-0.011970151086223601,14,2,hbr,True,S14_D2 hbr,mild_master_12,,0.0033629797272900514
361,az_itd=15_az=0,7.0,2.284846207810873e-18,0.4094159507819426,1.1369285720697485e-09,-0.8773103507505003,-0.0009974392043407766,14,2,hbr,False,S14_D2 hbr,mild_master_12,,0.004043949053265487
362,az_itd=5_az=0,7.0,2.284846207810873e-18,0.018876599662647122,1.1348206937146071e-09,3.0388837126741097,0.003448588122934854,14,2,hbr,True,S14_D2 hbr,mild_master_12,,-0.00024576413681821636
363,constant,7.0,2.284846207810873e-18,0.7978014629655292,1.3979393028550923e-09,-0.2661381745060037,-0.00037204501413204974,14,2,hbr,False,S14_D2 hbr,mild_master_12,,
371,Linear,7.0,1.267760862252747e-17,0.3768928696722638,3.838784552165543e-13,0.9433920264332443,3.6214787377080857e-07,14,9,hbr,False,S14_D9 hbr,mild_master_12,,
372,ShortHbO,7.0,1.267760862252747e-17,6.557330524865125e-09,0.0008162818961028731,-32.63943722365322,-26642.981704654347,14,9,hbr,True,S14_D9 hbr,mild_master_12,,
373,az_itd=0_az=15,7.0,1.267760862252747e-17,0.00027111227386437226,2.7080829532050247e-09,-6.725130188698782,-0.018212210422099664,14,9,hbr,True,S14_D9 hbr,mild_master_12,,-0.08960310141587403
374,az_itd=0_az=5,7.0,1.267760862252747e-17,0.17892239459656867,2.6708091686583127e-09,1.4935960040895357,0.003989109901993751,14,9,hbr,False,S14_D9 hbr,mild_master_12,,-0.029213894246055982
375,az_itd=15_az=0,7.0,1.267760862252747e-17,0.047134821420040544,2.678078879073266e-09,2.40476814609532,0.0064401587811260515,14,9,hbr,True,S14_D9 hbr,mild_master_12,,-0.03898177396281963
376,az_itd=5_az=0,7.0,1.267760862252747e-17,0.0001965091218134836,2.6731136907217376e-09,-7.083411546588287,-0.01893476438220159,14,9,hbr,True,S14_D9 hbr,mild_master_12,,-0.0956865934777988
377,constant,7.0,1.267760862252747e-17,0.5276783165854555,3.292899671249491e-09,-0.6644461802456482,-0.002187954608493875,14,9,hbr,False,S14_D9 hbr,mild_master_12,,
343,Linear,7.0,4.716392943560629e-18,0.029770232705169205,2.3414239630664136e-13,2.7198923101141017,6.368421031861224e-07,14,10,hbr,True,S14_D10 hbr,mild_master_12,,
344,ShortHbO,7.0,4.716392943560629e-18,7.406239654257302e-11,0.0004978820681859759,-62.06084919171834,-30898.98394895068,14,10,hbr,True,S14_D10 hbr,mild_master_12,,
345,az_itd=0_az=15,7.0,4.716392943560629e-18,7.320265135110029e-06,1.6517650924246163e-09,-11.750504410130583,-0.019409073003035206,14,10,hbr,True,S14_D10 hbr,mild_master_12,,-0.03560520883374256
346,az_itd=0_az=5,7.0,4.716392943560629e-18,2.345849352299551e-05,1.6290303619009629e-09,-9.86113314301411,-0.016064085292717852,14,10,hbr,True,S14_D10 hbr,mild_master_12,,-0.027589226160818398
347,az_itd=15_az=0,7.0,4.716392943560629e-18,0.000282925638040813,1.633464440953543e-09,-6.678715903138136,-0.010909444939007073,14,10,hbr,True,S14_D10 hbr,mild_master_12,,0.009602473609770913
348,az_itd=5_az=0,7.0,4.716392943560629e-18,1.7999877181782802e-05,1.6304359795149224e-09,-10.265115930960683,-0.016736614347730112,14,10,hbr,True,S14_D10 hbr,mild_master_12,,-0.02840497970598422
349,constant,7.0,4.716392943560629e-18,0.4963399046362341,2.008467548377429e-09,-0.7174401469783414,-0.0014409552531091316,14,10,hbr,False,S14_D10 hbr,mild_master_12,,
385,Linear,7.0,5.454870328948937e-18,0.012279520267286006,2.51806701390172e-13,3.3482869262200916,8.431210861993195e-07,15,17,hbr,True,S15_D17 hbr,mild_master_12,,
386,ShortHbO,7.0,5.454870328948937e-18,2.3777491964020414e-10,0.0005354435730086154,-52.51846837745369,-28120.676356963784,15,17,hbr,True,S15_D17 hbr,mild_master_12,,
387,az_itd=0_az=15,7.0,5.454870328948937e-18,1.3549214495349659e-05,1.7763785028071724e-09,-10.714639718933194,-0.01903325566203681,15,17,hbr,True,S15_D17 hbr,mild_master_12,,-0.06358276350952982
388,az_itd=0_az=5,7.0,5.454870328948937e-18,0.00044619927532397384,1.751928605691324e-09,-6.19782203636919,-0.010858141718499238,15,17,hbr,True,S15_D17 hbr,mild_master_12,,-0.0299929445035373
389,az_itd=15_az=0,7.0,5.454870328948937e-18,8.492133347317954e-07,1.7566972030813978e-09,-16.14867891801969,-0.028368339088744723,15,17,hbr,True,S15_D17 hbr,mild_master_12,,-0.052215679670555924
390,az_itd=5_az=0,7.0,5.454870328948937e-18,2.7781340839505394e-08,1.753440266716282e-09,-26.51669746163061,-0.04649544506955653,15,17,hbr,True,S15_D17 hbr,mild_master_12,,-0.09546838399760549
391,constant,7.0,5.454870328948937e-18,0.9339226573047115,2.159991510225185e-09,0.08593733423438393,0.00018562391235765345,15,17,hbr,False,S15_D17 hbr,mild_master_12,,
399,Linear,7.0,1.3852549742415505e-17,0.3896418726619491,4.0127298950729343e-13,0.9170010613501054,3.679677572693178e-07,15,18,hbr,False,S15_D18 hbr,mild_master_12,,
400,ShortHbO,7.0,1.3852549742415505e-17,2.9530490767003003e-09,0.0008532697583799084,-36.60114237498525,-31230.647910732292,15,18,hbr,True,S15_D18 hbr,mild_master_12,,
401,az_itd=0_az=15,7.0,1.3852549742415505e-17,0.007544262785734961,2.830793256822136e-09,3.7110626599705734,0.010505251153489117,15,18,hbr,True,S15_D18 hbr,mild_master_12,,-0.08374718498688942
402,az_itd=0_az=5,7.0,1.3852549742415505e-17,0.10961969766725216,2.7918304998555528e-09,1.8320234154441197,0.005114698847686433,15,18,hbr,False,S15_D18 hbr,mild_master_12,,-0.04839231380136589
403,az_itd=15_az=0,7.0,1.3852549742415505e-17,9.770508920690955e-05,2.7994296198150595e-09,-7.913368997090958,-0.02215291956298262,15,18,hbr,True,S15_D18 hbr,mild_master_12,,-0.0766858350523537
404,az_itd=5_az=0,7.0,1.3852549742415505e-17,0.00020028143269000252,2.7942394458258455e-09,-7.061839281109273,-0.01973246987935796,15,18,hbr,True,S15_D18 hbr,mild_master_12,,-0.11593372109945002
405,constant,7.0,1.3852549742415505e-17,0.7621432128092744,3.442109546065729e-09,-0.31472623128688054,-0.001083322165109862,15,18,hbr,False,S15_D18 hbr,mild_master_12,,
413,Linear,7.0,1.1987209054706914e-17,0.6365226822151648,3.7327947275751513e-13,0.4938599304950753,1.8434777447126478e-07,15,22,hbr,False,S15_D22 hbr,mild_master_12,,
414,ShortHbO,7.0,1.1987209054706914e-17,9.025590228496529e-10,0.0007937441439033002,-43.38366427231696,-34435.52945721842,15,22,hbr,True,S15_D22 hbr,mild_master_12,,
415,az_itd=0_az=15,7.0,1.1987209054706914e-17,0.05555768161100052,2.633312089332368e-09,-2.2930443535218066,-0.006038301417504299,15,22,hbr,False,S15_D22 hbr,mild_master_12,,-0.11829625302471715
416,az_itd=0_az=5,7.0,1.1987209054706914e-17,3.9955177489046836e-05,2.5970674435227325e-09,9.09093409100852,0.023609768958969154,15,22,hbr,True,S15_D22 hbr,mild_master_12,,-0.019003603599609703
417,az_itd=15_az=0,7.0,1.1987209054706914e-17,0.00040724721059731244,2.6041364353713706e-09,-6.2921118303781265,-0.016385517672918928,15,22,hbr,True,S15_D22 hbr,mild_master_12,,-0.07901662959548489
418,az_itd=5_az=0,7.0,1.1987209054706914e-17,2.072977259500269e-06,2.599308337141803e-09,-14.166512264917552,-0.0368231334384218,15,22,hbr,True,S15_D22 hbr,mild_master_12,,-0.12854208264653205
419,constant,7.0,1.1987209054706914e-17,0.7020620887532361,3.201981868021226e-09,0.39860666151786806,0.0012763313026526878,15,22,hbr,False,S15_D22 hbr,mild_master_12,,
427,Linear,7.0,1.6738554994992412e-18,0.015558475777005904,1.3948710157286564e-13,-3.176861177839879,-4.431311577962448e-07,16,16,hbr,True,S16_D16 hbr,mild_master_12,,
428,ShortHbO,7.0,1.6738554994992412e-18,5.886149292488922e-10,0.00029660637164323646,-46.124252530694946,-13680.747187885794,16,16,hbr,True,S16_D16 hbr,mild_master_12,,
429,az_itd=0_az=15,7.0,1.6738554994992412e-18,3.3998257326417835e-08,9.840162604290004e-10,25.75587514230756,0.025344199941609732,16,16,hbr,True,S16_D16 hbr,mild_master_12,,0.008399427939716072
430,az_itd=0_az=5,7.0,1.6738554994992412e-18,0.0007625851452681302,9.70472358445391e-10,5.664895899130634,0.005497624883576931,16,16,hbr,True,S16_D16 hbr,mild_master_12,,0.0018696982845573741
431,az_itd=15_az=0,7.0,1.6738554994992412e-18,5.376159820872836e-07,9.731138998532929e-10,17.26364810736438,0.016799495935452272,16,16,hbr,True,S16_D16 hbr,mild_master_12,,0.01570170756661809
432,az_itd=5_az=0,7.0,1.6738554994992412e-18,2.5356454199738097e-06,9.713097357422143e-10,13.751999073222699,0.013357450585739115,16,16,hbr,True,S16_D16 hbr,mild_master_12,,0.003200932874234201
433,constant,7.0,1.6738554994992412e-18,0.9726101664916074,1.1965168262796171e-09,-0.03558057977159018,-4.2572762385491826e-05,16,16,hbr,False,S16_D16 hbr,mild_master_12,,
441,Linear,7.0,1.0671351638936617e-18,0.7649072662197628,1.11374247759875e-13,-0.31093147733815596,-3.4629759393403737e-08,16,17,hbr,False,S16_D17 hbr,mild_master_12,,
442,ShortHbO,7.0,1.0671351638936617e-18,8.795305664483907e-11,0.00023682699798084796,-60.552951635711565,-14340.573754765046,16,17,hbr,True,S16_D17 hbr,mild_master_12,,
443,az_itd=0_az=15,7.0,1.0671351638936617e-18,4.967751432956117e-05,7.856932257748229e-10,8.791280859638368,0.006907249817301727,16,17,hbr,True,S16_D17 hbr,mild_master_12,,-0.008071486968506186
444,az_itd=0_az=5,7.0,1.0671351638936617e-18,0.028182091800430267,7.74879022324119e-10,-2.757876775982466,-0.0021370208598636862,16,17,hbr,True,S16_D17 hbr,mild_master_12,,0.004872863953714256
445,az_itd=15_az=0,7.0,1.0671351638936617e-18,0.35736540806668377,7.769881756717347e-10,-0.9851579162613285,-0.0007654560521044573,16,17,hbr,False,S16_D17 hbr,mild_master_12,,0.0017274969866223069
446,az_itd=5_az=0,7.0,1.0671351638936617e-18,0.0009043480299997034,7.755476308583365e-10,5.502283356250987,0.00426728282125171,16,17,hbr,True,S16_D17 hbr,mild_master_12,,0.004343596863229335
447,constant,7.0,1.0671351638936617e-18,0.9911382412008212,9.553654779278072e-10,0.011509323614013883,1.0995610455128171e-05,16,17,hbr,False,S16_D17 hbr,mild_master_12,,
455,Linear,7.0,4.894128029685631e-18,0.25586803610042363,2.3851337151928057e-13,1.2373007527934359,2.951127741321063e-07,16,18,hbr,False,S16_D18 hbr,mild_master_12,,
456,ShortHbO,7.0,4.894128029685631e-18,5.995510777873584e-10,0.0005071765411784209,-46.00275721493367,-23331.519288940708,16,18,hbr,True,S16_D18 hbr,mild_master_12,,
457,az_itd=0_az=15,7.0,4.894128029685631e-18,0.015946518113364977,1.682600278149099e-09,-3.1591804679930804,-0.005315637934168358,16,18,hbr,True,S16_D18 hbr,mild_master_12,,-0.056545782223727525
458,az_itd=0_az=5,7.0,4.894128029685631e-18,0.9241365223289156,1.6594411351945812e-09,0.0987089969424563,0.00016380176994010813,16,18,hbr,False,S16_D18 hbr,mild_master_12,,-0.02199755670940845
459,az_itd=15_az=0,7.0,4.894128029685631e-18,1.809126877501807e-05,1.6639579897288145e-09,-10.257255857280311,-0.017067642836414255,16,18,hbr,True,S16_D18 hbr,mild_master_12,,-0.04367642147983395
460,az_itd=5_az=0,7.0,4.894128029685631e-18,1.7470219970880796e-06,1.6608729929079244e-09,-14.527691717308276,-0.02412865082256946,16,18,hbr,True,S16_D18 hbr,mild_master_12,,-0.0892925158882584
461,constant,7.0,4.894128029685631e-18,0.6867899604221094,2.0459616631034557e-09,0.4204114759971255,0.0008601457626188576,16,18,hbr,False,S16_D18 hbr,mild_master_12,,
469,Linear,7.0,4.855185831436445e-18,0.013864692852381644,2.3756256013269145e-13,-3.2599842411607405,-7.74450202322375e-07,16,22,hbr,True,S16_D22 hbr,mild_master_12,,
470,ShortHbO,7.0,4.855185831436445e-18,4.637183521850952e-09,0.000505154729037275,-34.30506218411101,-17329.364392221465,16,22,hbr,True,S16_D22 hbr,mild_master_12,,
471,az_itd=0_az=15,7.0,4.855185831436445e-18,1.5883206351708754e-06,1.6758927485319893e-09,14.732501257035054,0.02469009202440346,16,22,hbr,True,S16_D22 hbr,mild_master_12,,-0.03913231595416025
472,az_itd=0_az=5,7.0,4.855185831436445e-18,6.942558220071191e-06,1.6528259273482995e-09,11.843758691755069,0.019575671442989554,16,22,hbr,True,S16_D22 hbr,mild_master_12,,0.00429287691572797
473,az_itd=15_az=0,7.0,4.855185831436445e-18,2.395526742848288e-07,1.6573247758617577e-09,19.41854878710637,0.03218284201615167,16,22,hbr,True,S16_D22 hbr,mild_master_12,,0.003308981255652194
474,az_itd=5_az=0,7.0,4.855185831436445e-18,2.834062845782988e-08,1.6542520770939546e-09,26.440633627460652,0.043739473097907045,16,22,hbr,True,S16_D22 hbr,mild_master_12,,-0.004028460989724448
475,constant,7.0,4.855185831436445e-18,0.5864702641953865,2.037805627098378e-09,-0.5700427385497987,-0.0011616363003033492,16,22,hbr,False,S16_D22 hbr,mild_master_12,,
483,Linear,7.0,6.130622848341642e-18,0.2438221017211369,2.669484281910945e-13,1.2725254379812558,3.396986655022804e-07,16,23,hbr,False,S16_D23 hbr,mild_master_12,,
484,ShortHbO,7.0,6.130622848341642e-18,1.2906971940009429e-10,0.0005676410493070865,-57.31871424385796,-32536.455098316583,16,23,hbr,True,S16_D23 hbr,mild_master_12,,
485,az_itd=0_az=15,7.0,6.130622848341642e-18,0.0003639058661879369,1.883196303270952e-09,-6.409711691070943,-0.012070745361657403,16,23,hbr,True,S16_D23 hbr,mild_master_12,,-0.02892023825411523
486,az_itd=0_az=5,7.0,6.130622848341642e-18,5.006990647161336e-06,1.8572761765686989e-09,-12.434275129126743,-0.023093882970227783,16,23,hbr,True,S16_D23 hbr,mild_master_12,,-0.01293184083682994
487,az_itd=15_az=0,7.0,6.130622848341642e-18,0.000663432357866846,1.8623315208900712e-09,-5.800159601008714,-0.010801820051151706,16,23,hbr,True,S16_D23 hbr,mild_master_12,,-0.020752687504769815
488,az_itd=5_az=0,7.0,6.130622848341642e-18,0.36829246910081087,1.8588787373120885e-09,-0.9615782100008429,-0.0017874572888331851,16,23,hbr,False,S16_D23 hbr,mild_master_12,,-0.02206434076094669
489,constant,7.0,6.130622848341642e-18,0.9470938783816303,2.2898768594219253e-09,0.068772668595299,0.00015748094237706813,16,23,hbr,False,S16_D23 hbr,mild_master_12,,
497,Linear,7.0,6.1366969905064756e-18,0.48286892947565185,2.670806399831435e-13,-0.7408876357367606,-1.9787674390817217e-07,17,15,hbr,False,S17_D15 hbr,mild_master_12,,
498,ShortHbO,7.0,6.1366969905064756e-18,4.674863998714754e-10,0.0005679221854084601,-47.672112855237195,-27074.050515785053,17,15,hbr,True,S17_D15 hbr,mild_master_12,,
499,az_itd=0_az=15,7.0,6.1366969905064756e-18,0.03988050898282566,1.8841289956255115e-09,2.518798775461335,0.0047457418069927326,17,15,hbr,True,S17_D15 hbr,mild_master_12,,0.006040324002898535
500,az_itd=0_az=5,7.0,6.1366969905064756e-18,0.00022869607395603937,1.8581960314384126e-09,-6.912747919639191,-0.012845240750607686,17,15,hbr,True,S17_D15 hbr,mild_master_12,,-0.007846711450538306
501,az_itd=15_az=0,7.0,6.1366969905064756e-18,0.0005161564173807915,1.863253879524788e-09,6.049616071841141,0.011271970615493515,17,15,hbr,True,S17_D15 hbr,mild_master_12,,0.01625335844431024
502,az_itd=5_az=0,7.0,6.1366969905064756e-18,4.044269818447948e-05,1.8597993858835265e-09,9.074020295907468,0.016875857373823362,17,15,hbr,True,S17_D15 hbr,mild_master_12,,-0.0025662060584982563
503,constant,7.0,6.1366969905064756e-18,0.8682152022096223,2.291010968827278e-09,0.17211798430395198,0.0003943241899727952,17,15,hbr,False,S17_D15 hbr,mild_master_12,,
511,Linear,7.0,3.535826956686786e-18,0.025777716612790436,2.0273118997431955e-13,-2.819879751778099,-5.716775776624628e-07,17,16,hbr,True,S17_D16 hbr,mild_master_12,,
512,ShortHbO,7.0,3.535826956686786e-18,1.13369074539632e-06,0.0004310890541071787,-15.479838395837058,-6673.188891793385,17,16,hbr,True,S17_D16 hbr,mild_master_12,,
513,az_itd=0_az=15,7.0,3.535826956686786e-18,4.940830898216601e-07,1.4301737234581556e-09,17.477498392626217,0.024995858952916165,17,16,hbr,True,S17_D16 hbr,mild_master_12,,0.02164678668709005
514,az_itd=0_az=5,7.0,3.535826956686786e-18,0.2989450179402298,1.410488954507685e-09,1.121809716261769,0.0015823002138466255,17,16,hbr,False,S17_D16 hbr,mild_master_12,,-0.005140384921753758
515,az_itd=15_az=0,7.0,3.535826956686786e-18,3.37695115460417e-06,1.4143281828445835e-09,13.181991165730128,0.018643661611700446,17,16,hbr,True,S17_D16 hbr,mild_master_12,,0.018270508395272268
516,az_itd=5_az=0,7.0,3.535826956686786e-18,1.432937728085909e-07,1.4117060024922528e-09,20.92120537919946,0.029534591213189087,17,16,hbr,True,S17_D16 hbr,mild_master_12,,0.017338481477226053
517,constant,7.0,3.535826956686786e-18,0.8021416709367475,1.7390230156101418e-09,0.2602749287199415,0.0004526240914302674,17,16,hbr,False,S17_D16 hbr,mild_master_12,,
525,Linear,7.0,6.596933813770189e-18,0.7780405766288325,2.769147770928714e-13,0.29296846272325533,8.112729655025147e-08,17,17,hbr,False,S17_D17 hbr,mild_master_12,,
526,ShortHbO,7.0,6.596933813770189e-18,1.185290967012734e-09,0.0005888335649802465,-41.72161051920875,-24567.084658743042,17,17,hbr,True,S17_D17 hbr,mild_master_12,,
527,az_itd=0_az=15,7.0,6.596933813770189e-18,0.019997480324434005,1.953504233293673e-09,2.9980406193099713,0.005856685041408414,17,17,hbr,True,S17_D17 hbr,mild_master_12,,0.039568700738452034
528,az_itd=0_az=5,7.0,6.596933813770189e-18,0.008711595380740704,1.9266163952321754e-09,-3.6024273297613716,-0.006940495556150724,17,17,hbr,True,S17_D17 hbr,mild_master_12,,-0.016361247734444962
529,az_itd=15_az=0,7.0,6.596933813770189e-18,0.2844911554302239,1.9318604776018173e-09,1.1589204866975638,0.0022388726849340863,17,17,hbr,False,S17_D17 hbr,mild_master_12,,-0.01762680084910596
530,az_itd=5_az=0,7.0,6.596933813770189e-18,0.23139482587099763,1.928278786556375e-09,1.3104699819980816,0.0025269514667058154,17,17,hbr,False,S17_D17 hbr,mild_master_12,,-0.01389810051995733
531,constant,7.0,6.596933813770189e-18,0.8704777693453977,2.3753679480106443e-09,-0.16913032953837773,-0.0004017467638219404,17,17,hbr,False,S17_D17 hbr,mild_master_12,,
539,Linear,7.0,1.1955166794086214e-17,0.7702866103496714,3.7278024388536146e-13,-0.30356059015186215,-1.1316139083079542e-07,17,21,hbr,False,S17_D21 hbr,mild_master_12,,
540,ShortHbO,7.0,1.1955166794086214e-17,1.6101878305711703e-09,0.0007926825800546048,-39.92847360256071,-31650.60547292,17,21,hbr,True,S17_D21 hbr,mild_master_12,,
541,az_itd=0_az=15,7.0,1.1955166794086214e-17,0.0050504702353268115,2.6297902631395832e-09,4.021423330020078,0.01057549991724916,17,21,hbr,True,S17_D21 hbr,mild_master_12,,0.03207842653336826
542,az_itd=0_az=5,7.0,1.1955166794086214e-17,4.520363544496471e-06,2.5935940913955465e-09,-12.624501975226577,-0.03274283372975905,17,21,hbr,True,S17_D21 hbr,mild_master_12,,-0.013872925632561527
543,az_itd=15_az=0,7.0,1.1955166794086214e-17,0.0002057098136160684,2.6006536290815925e-09,7.03158634670516,0.018286720550759347,17,21,hbr,True,S17_D21 hbr,mild_master_12,,0.0339221852472074
544,az_itd=5_az=0,7.0,1.1955166794086214e-17,0.0006874906190969253,2.5958319880140433e-09,5.765356609294545,0.014965897108714961,17,21,hbr,True,S17_D21 hbr,mild_master_12,,0.01908524617525534
545,constant,7.0,1.1955166794086214e-17,0.7181445595664568,3.1976994953934995e-09,0.3758713555039216,0.0012019236438277608,17,21,hbr,False,S17_D21 hbr,mild_master_12,,
553,Linear,7.0,2.5578696544386455e-18,0.00793259322643912,1.7243057369499746e-13,3.6730118369270683,6.33339538229851e-07,17,22,hbr,True,S17_D22 hbr,mild_master_12,,
554,ShortHbO,7.0,2.5578696544386455e-18,4.707008188542299e-09,0.00036665760666994827,-34.23151039662217,-12551.243674722937,17,22,hbr,True,S17_D22 hbr,mild_master_12,,
555,az_itd=0_az=15,7.0,2.5578696544386455e-18,3.8426036087329806e-08,1.2164170478683549e-09,-25.305114272525202,-0.03078157239935648,17,22,hbr,True,S17_D22 hbr,mild_master_12,,-0.02305391200682392
556,az_itd=0_az=5,7.0,2.5578696544386455e-18,3.877476319724362e-09,1.1996744045503086e-09,-35.19784896264766,-0.04222595849571603,17,22,hbr,True,S17_D22 hbr,mild_master_12,,-0.02850672175254381
557,az_itd=15_az=0,7.0,2.5578696544386455e-18,6.401329615512748e-07,1.202939814005861e-09,-16.829564129262355,-0.020244952743454565,17,22,hbr,True,S17_D22 hbr,mild_master_12,,-0.018908325118794384
558,az_itd=5_az=0,7.0,2.5578696544386455e-18,0.004341044396913641,1.2007095500660034e-09,-4.141493539820645,-0.004972730844799306,17,22,hbr,True,S17_D22 hbr,mild_master_12,,-0.018406863607734227
559,constant,7.0,2.5578696544386455e-18,0.44518364029104174,1.4791050962037236e-09,0.8089143151770464,0.0011964692859705143,17,22,hbr,False,S17_D22 hbr,mild_master_12,,
567,Linear,7.0,2.925679270061078e-18,0.14278285052399722,1.844116805419738e-13,1.650707419652661,3.044097293412524e-07,17,23,hbr,False,S17_D23 hbr,mild_master_12,,
568,ShortHbO,7.0,2.925679270061078e-18,3.099296808256363e-07,0.00039213431806534005,-18.705233430488097,-7334.963955517451,17,23,hbr,True,S17_D23 hbr,mild_master_12,,
569,az_itd=0_az=15,7.0,2.925679270061078e-18,0.00025016610591954453,1.3009381528481101e-09,-6.813303455019994,-0.008863686411567357,17,23,hbr,True,S17_D23 hbr,mild_master_12,,0.006107265233529136
570,az_itd=0_az=5,7.0,2.925679270061078e-18,1.3729354467361932e-06,1.2830321694436987e-09,-15.05118294425743,-0.019311151905664604,17,23,hbr,True,S17_D23 hbr,mild_master_12,,-0.007359232556942774
571,az_itd=15_az=0,7.0,2.925679270061078e-18,0.001155109919568824,1.2865244714899774e-09,-5.274370360285342,-0.006785606540208502,17,23,hbr,True,S17_D23 hbr,mild_master_12,,0.0003799729503354143
572,az_itd=5_az=0,7.0,2.925679270061078e-18,2.822856878888276e-05,1.2841392406553994e-09,-9.587200372410605,-0.012311300206238517,17,23,hbr,True,S17_D23 hbr,mild_master_12,,-0.014831085514848777
573,constant,7.0,2.925679270061078e-18,0.6819335302293765,1.5818787274442614e-09,0.4273916786883469,0.0006760818048037889,17,23,hbr,False,S17_D23 hbr,mild_master_12,,
581,Linear,7.0,3.060597014059132e-18,0.19147196971142744,1.886158318997836e-13,1.445810740702414,2.7270279562722814e-07,18,15,hbr,False,S18_D15 hbr,mild_master_12,,
582,ShortHbO,7.0,3.060597014059132e-18,8.755566467220013e-09,0.00040107405561826023,-31.310986641947274,-12558.024397894964,18,15,hbr,True,S18_D15 hbr,mild_master_12,,
583,az_itd=0_az=15,7.0,3.060597014059132e-18,3.5297282565120406e-06,1.3305964743039358e-09,-13.095956280729249,-0.017425433254776825,18,15,hbr,True,S18_D15 hbr,mild_master_12,,0.0020481686595191515
584,az_itd=0_az=5,7.0,3.060597014059132e-18,1.4283827725199127e-07,1.3122822767114572e-09,-20.930858230152037,-0.02746719429178866,18,15,hbr,True,S18_D15 hbr,mild_master_12,,-0.012682827608749227
585,az_itd=15_az=0,7.0,3.060597014059132e-18,0.43948161573725664,1.3158541950073498e-09,-0.8195495099750812,-0.0010784076607169286,18,15,hbr,False,S18_D15 hbr,mild_master_12,,0.007706454332062352
586,az_itd=5_az=0,7.0,3.060597014059132e-18,0.08669513414961469,1.3134145865356155e-09,-1.9915325016101366,-0.0026157078371745173,18,15,hbr,False,S18_D15 hbr,mild_master_12,,0.006343580993841272
587,constant,7.0,3.060597014059132e-18,0.5211389404095319,1.617941831366583e-09,0.6753354423648296,0.001092653462406514,18,15,hbr,False,S18_D15 hbr,mild_master_12,,
595,Linear,7.0,4.952307387337601e-18,0.06338313876069179,2.399268570573709e-13,-2.2037081322923533,-5.287287660526732e-07,18,16,hbr,False,S18_D16 hbr,mild_master_12,,
596,ShortHbO,7.0,4.952307387337601e-18,9.992897806387307e-10,0.0005101821869485006,-42.75515649820597,-21812.91924558012,18,16,hbr,True,S18_D16 hbr,mild_master_12,,
597,az_itd=0_az=15,7.0,4.952307387337601e-18,1.9870389986091166e-06,1.6925717575022312e-09,14.255107786510612,0.024127792839598008,18,16,hbr,True,S18_D16 hbr,mild_master_12,,0.028968444403512494
598,az_itd=0_az=5,7.0,4.952307387337601e-18,0.4493965103740054,1.669275368097201e-09,0.8011176650821098,0.001337285985269109,18,16,hbr,False,S18_D16 hbr,mild_master_12,,-0.001655962388283971
599,az_itd=15_az=0,7.0,4.952307387337601e-18,8.239496097313586e-05,1.6738189905586207e-09,8.127339571676936,0.013603695317791422,18,16,hbr,True,S18_D16 hbr,mild_master_12,,0.015166943214272354
600,az_itd=5_az=0,7.0,4.952307387337601e-18,2.025818966973441e-07,1.6707157113313248e-09,19.896837554496166,0.033241959108103875,18,16,hbr,True,S18_D16 hbr,mild_master_12,,0.015880828798180372
601,constant,7.0,4.952307387337601e-18,0.9167955306403482,2.0580865062678573e-09,0.10830150560357692,0.00022289386729121437,18,16,hbr,False,S18_D16 hbr,mild_master_12,,
609,Linear,7.0,3.779193520412059e-18,0.054195574617095496,2.0959196723618637e-13,2.3098900310014026,4.841343956968394e-07,18,21,hbr,False,S18_D21 hbr,mild_master_12,,
610,ShortHbO,7.0,3.779193520412059e-18,1.1179944106359506e-06,0.0004456778600064231,-15.511499175470696,-6913.131758015176,18,21,hbr,True,S18_D21 hbr,mild_master_12,,
611,az_itd=0_az=15,7.0,3.779193520412059e-18,9.513647972798196e-07,1.478573298105076e-09,-15.882514771332938,-0.02348346224765233,18,21,hbr,True,S18_D21 hbr,mild_master_12,,0.0002554425131199038
612,az_itd=0_az=5,7.0,3.779193520412059e-18,3.8986842601158896e-08,1.4582223622207578e-09,-25.252282138259563,-0.03682344251111791,18,21,hbr,True,S18_D21 hbr,mild_master_12,,-0.021689899848552133
613,az_itd=15_az=0,7.0,3.779193520412059e-18,5.625676964210426e-06,1.4621915167445458e-09,-12.220737569846218,-0.017869058802990494,18,21,hbr,True,S18_D21 hbr,mild_master_12,,-0.002042921676532184
614,az_itd=5_az=0,7.0,3.779193520412059e-18,2.6157445835190798e-05,1.4594805972330354e-09,-9.699150011858919,-0.014155721251960657,18,21,hbr,True,S18_D21 hbr,mild_master_12,,-0.0005306314678607185
615,constant,7.0,3.779193520412059e-18,0.3099506558070526,1.797874589286952e-09,1.0945249638191077,0.0019678186197905944,18,21,hbr,False,S18_D21 hbr,mild_master_12,,
623,Linear,7.0,7.904890736108896e-18,0.005901027257564434,3.031258711057733e-13,3.899717338529434,1.1821052153080227e-06,18,22,hbr,True,S18_D22 hbr,mild_master_12,,
624,ShortHbO,7.0,7.904890736108896e-18,4.895508740571257e-10,0.0006445690229853393,-47.35820713736351,-30525.633304867722,18,22,hbr,True,S18_D22 hbr,mild_master_12,,
625,az_itd=0_az=15,7.0,7.904890736108896e-18,1.2344987997210366e-07,2.1384112420528683e-09,-21.377813480228355,-0.045714556676629665,18,22,hbr,True,S18_D22 hbr,mild_master_12,,-0.02642637953807736
626,az_itd=0_az=5,7.0,7.904890736108896e-18,3.933343807132134e-09,2.108978362305144e-09,-35.1256300140689,-0.07407919366200745,18,22,hbr,True,S18_D22 hbr,mild_master_12,,-0.045147520571293114
627,az_itd=15_az=0,7.0,7.904890736108896e-18,1.4612270992390996e-06,2.1147188180985703e-09,-14.914096572271824,-0.031539120676322606,18,22,hbr,True,S18_D22 hbr,mild_master_12,,-0.024354522824178503
628,az_itd=5_az=0,7.0,7.904890736108896e-18,6.140284502671411e-06,2.110798105633965e-09,-12.062536555239566,-0.025461579309940127,18,22,hbr,True,S18_D22 hbr,mild_master_12,,-0.0363510638150211
629,constant,7.0,7.904890736108896e-18,0.5325370725095468,2.60020604893893e-09,0.6564100216875247,0.001706801308976036,18,22,hbr,False,S18_D22 hbr,mild_master_12,,
637,Linear,7.0,5.277112925130148e-18,0.034883473792467465,2.476699190497563e-13,2.610588207893615,6.4656417012126e-07,18,23,hbr,True,S18_D23 hbr,mild_master_12,,
638,ShortHbO,7.0,5.277112925130148e-18,7.460356632240405e-09,0.0005266470894167074,-32.039845723067764,-16873.691495413976,18,23,hbr,True,S18_D23 hbr,mild_master_12,,
639,az_itd=0_az=15,7.0,5.277112925130148e-18,0.0003135906147800791,1.7471954382590992e-09,-6.567734430987103,-0.011475115637517887,18,23,hbr,True,S18_D23 hbr,mild_master_12,,-0.00655724156427118
640,az_itd=0_az=5,7.0,5.277112925130148e-18,6.084732626374473e-07,1.723147213942487e-09,-16.95462920961812,-0.029215322085981373,18,23,hbr,True,S18_D23 hbr,mild_master_12,,-0.014798302214092203
641,az_itd=15_az=0,7.0,5.277112925130148e-18,0.000471742997733672,1.7278374708858492e-09,-6.140867349102484,-0.010610420709518726,18,23,hbr,True,S18_D23 hbr,mild_master_12,,-0.0041966795598106735
642,az_itd=5_az=0,7.0,5.277112925130148e-18,4.7201460670835807e-07,1.724634040788695e-09,-17.594278129085794,-0.030343690984525398,18,23,hbr,True,S18_D23 hbr,mild_master_12,,-0.024142881117195866
643,constant,7.0,5.277112925130148e-18,0.9711233339233099,2.124506296028673e-09,0.03751304861439865,7.969670796451961e-05,18,23,hbr,False,S18_D23 hbr,mild_master_12,,
651,Linear,7.0,1.2637670531502582e-18,0.0015115454261201368,1.212016641184388e-13,5.031071394816706,6.097742253504598e-07,19,14,hbr,True,S19_D14 hbr,mild_master_12,,
652,ShortHbO,7.0,1.2637670531502582e-18,8.001629832252945e-12,0.00025772408649923196,-85.31837558422556,-21988.600409042912,19,14,hbr,True,S19_D14 hbr,mild_master_12,,
653,az_itd=0_az=15,7.0,1.2637670531502582e-18,1.4065495989274574e-08,8.550210516869638e-10,-29.2473684017761,-0.02500711568996267,19,14,hbr,True,S19_D14 hbr,mild_master_12,,-0.01642775885263677
654,az_itd=0_az=5,7.0,1.2637670531502582e-18,1.91842910055467e-08,8.432526269325575e-10,-27.96949216441946,-0.023585347741616292,19,14,hbr,True,S19_D14 hbr,mild_master_12,,-0.018375054741707815
655,az_itd=15_az=0,7.0,1.2637670531502582e-18,2.262547728241336e-08,8.455478872890015e-10,-27.312739978359218,-0.023094229584775486,19,14,hbr,True,S19_D14 hbr,mild_master_12,,-0.012643512518243076
656,az_itd=5_az=0,7.0,1.2637670531502582e-18,2.9048477653092e-08,8.439802319994459e-10,-26.34678593059354,-0.022236166502142073,19,14,hbr,True,S19_D14 hbr,mild_master_12,,-0.01671200457177622
657,constant,7.0,1.2637670531502582e-18,0.6341941583489139,1.0396648066778181e-09,0.49733136229445113,0.0005170579146346765,19,14,hbr,False,S19_D14 hbr,mild_master_12,,
665,Linear,7.0,2.869385106042398e-18,0.09635919165486938,1.826288936380084e-13,1.919792417345353,3.506095651944195e-07,19,15,hbr,False,S19_D15 hbr,mild_master_12,,
666,ShortHbO,7.0,2.869385106042398e-18,1.820171043549333e-11,0.0003883433872263188,-75.85826640061546,-29459.05612313146,19,15,hbr,True,S19_D15 hbr,mild_master_12,,
667,az_itd=0_az=15,7.0,2.869385106042398e-18,1.2201449041044263e-05,1.2883614250890532e-09,-10.884861549081203,-0.014023635737271296,19,15,hbr,True,S19_D15 hbr,mild_master_12,,0.004558374833012136
668,az_itd=0_az=5,7.0,2.869385106042398e-18,3.1373722813021496e-07,1.2706285465152154e-09,-18.672054469974892,-0.023725245431637128,19,15,hbr,True,S19_D15 hbr,mild_master_12,,0.005258072612215414
669,az_itd=15_az=0,7.0,2.869385106042398e-18,1.0265564810308755e-05,1.2740870869779843e-09,-11.170869564557472,-0.014232660662518054,19,15,hbr,True,S19_D15 hbr,mild_master_12,,0.007094041964741929
670,az_itd=5_az=0,7.0,2.869385106042398e-18,4.599090576435905e-07,1.2717249151941253e-09,-17.661012182856467,-0.022459949220485557,19,15,hbr,True,S19_D15 hbr,mild_master_12,,0.006870203138340707
671,constant,7.0,2.869385106042398e-18,0.40948952560269114,1.5665860265119729e-09,0.8771653271807414,0.0013741549445021523,19,15,hbr,False,S19_D15 hbr,mild_master_12,,
679,Linear,7.0,8.956483539404731e-19,0.0035953176479076557,1.0203374670733949e-13,4.293471484888532,4.380789819843012e-07,19,21,hbr,True,S19_D21 hbr,mild_master_12,,
680,ShortHbO,7.0,8.956483539404731e-19,1.7898237353489462e-10,0.00021696528965597356,-54.69812992011049,-11867.595601756846,19,21,hbr,True,S19_D21 hbr,mild_master_12,,
681,az_itd=0_az=15,7.0,8.956483539404731e-19,1.0836475329832652e-08,7.198003596057757e-10,-30.365546893703517,-0.02185713157371384,19,21,hbr,True,S19_D21 hbr,mild_master_12,,-0.00877274007082146
682,az_itd=0_az=5,7.0,8.956483539404731e-19,1.736185223869476e-08,7.098930990143531e-10,-28.37434935400657,-0.02014275479543163,19,21,hbr,True,S19_D21 hbr,mild_master_12,,-0.0071521347246860986
683,az_itd=15_az=0,7.0,8.956483539404731e-19,2.7884215764935287e-08,7.118253663271841e-10,-26.502575856738304,-0.01886520576783673,19,21,hbr,True,S19_D21 hbr,mild_master_12,,-0.006182488553752016
684,az_itd=5_az=0,7.0,8.956483539404731e-19,1.7210899769989185e-08,7.105056340949382e-10,-28.410041826256865,-0.020185494782428353,19,21,hbr,True,S19_D21 hbr,mild_master_12,,-0.007722304301439931
685,constant,7.0,8.956483539404731e-19,0.1360867568782777,8.752428963470077e-10,1.6838386938463148,0.0014737678553832108,19,21,hbr,False,S19_D21 hbr,mild_master_12,,
721,Linear,7.0,4.327687349853105e-18,0.1321709119476441,2.2428643467608065e-13,1.703933206629949,3.821691038412127e-07,20,12,hbr,False,S20_D12 hbr,mild_master_12,,
722,ShortHbO,7.0,4.327687349853105e-18,3.38534921447129e-11,0.00047692428079680664,-69.41584496351584,-33106.10193512742,20,12,hbr,True,S20_D12 hbr,mild_master_12,,
723,az_itd=0_az=15,7.0,4.327687349853105e-18,0.0003117566423734423,1.582235892969785e-09,-6.5740225130842385,-0.01040165438139331,20,12,hbr,True,S20_D12 hbr,mild_master_12,,0.0069645026707316725
724,az_itd=0_az=5,7.0,4.327687349853105e-18,1.72069362881769e-06,1.5604581554352562e-09,-14.560167242804726,-0.0227205317185359,20,12,hbr,True,S20_D12 hbr,mild_master_12,,-0.020276403456169687
725,az_itd=15_az=0,7.0,4.327687349853105e-18,0.1687545788567636,1.5647055869020147e-09,1.5346018184560983,0.002401200039008248,20,12,hbr,False,S20_D12 hbr,mild_master_12,,0.0037503624320060756
726,az_itd=5_az=0,7.0,4.327687349853105e-18,4.625782137974742e-06,1.5618046051518636e-09,-12.58137735540895,-0.019649653092831076,20,12,hbr,True,S20_D12 hbr,mild_master_12,,-0.003022286267084553
727,constant,7.0,4.327687349853105e-18,0.9842769616431561,1.923923359006831e-09,0.020421605849513243,3.928960452230907e-05,20,12,hbr,False,S20_D12 hbr,mild_master_12,,
735,Linear,7.0,7.657951524591539e-19,0.10094295653753416,9.434771245595165e-14,1.8881941569266498,1.781467993787236e-07,20,13,hbr,False,S20_D13 hbr,mild_master_12,,
736,ShortHbO,7.0,7.657951524591539e-19,6.451389848177183e-09,0.00020062165138459617,-32.715916273304344,-6563.521149310501,20,13,hbr,True,S20_D13 hbr,mild_master_12,,
737,az_itd=0_az=15,7.0,7.657951524591539e-19,7.073083564858081e-06,6.655789828885241e-10,-11.81089396770795,-0.007861082794031261,20,13,hbr,True,S20_D13 hbr,mild_master_12,,-0.013911200196053573
738,az_itd=0_az=5,7.0,7.657951524591539e-19,0.000733597523079856,6.564180199358768e-10,-5.70230865842353,-0.0037430981586255795,20,13,hbr,True,S20_D13 hbr,mild_master_12,,-0.006686447707262216
739,az_itd=15_az=0,7.0,7.657951524591539e-19,1.7729799259835005e-06,6.582047327314183e-10,-14.496214167513376,-0.00954147677174554,20,13,hbr,True,S20_D13 hbr,mild_master_12,,-0.02077023666387061
740,az_itd=5_az=0,7.0,7.657951524591539e-19,7.771003206358995e-06,6.569844137567173e-10,-11.646127525294798,-0.007651324264741771,20,13,hbr,True,S20_D13 hbr,mild_master_12,,-0.0053681624659732445
741,constant,7.0,7.657951524591539e-19,0.5394488311281944,8.093122891048539e-10,0.6450562437204995,0.000522051945206816,20,13,hbr,False,S20_D13 hbr,mild_master_12,,
749,Linear,7.0,1.2755279377861266e-18,0.03294550548387277,1.2176432231125422e-13,2.6499202495534,3.2266574336573944e-07,20,20,hbr,True,S20_D20 hbr,mild_master_12,,
750,ShortHbO,7.0,1.2755279377861266e-18,7.2780850239367595e-09,0.000258920526909596,-32.15394889082319,-8325.317389036158,20,20,hbr,True,S20_D20 hbr,mild_master_12,,
751,az_itd=0_az=15,7.0,1.2755279377861266e-18,1.3112513288429838e-07,8.589903420697361e-10,-21.191894176060302,-0.018203632427399686,20,20,hbr,True,S20_D20 hbr,mild_master_12,,0.00803739804513068
752,az_itd=0_az=5,7.0,1.2755279377861266e-18,4.900850233192804e-08,8.471672843971043e-10,-24.432295672123047,-0.020698241576139607,20,20,hbr,True,S20_D20 hbr,mild_master_12,,-0.00894937732523765
753,az_itd=15_az=0,7.0,1.2755279377861266e-18,9.842622669487135e-06,8.494732001109114e-10,-11.241543840479704,-0.009549390220359399,20,20,hbr,True,S20_D20 hbr,mild_master_12,,0.002016660406214804
754,az_itd=5_az=0,7.0,1.2755279377861266e-18,2.1012094528276896e-06,8.478982672472516e-10,-14.138316301988652,-0.011987853894249749,20,20,hbr,True,S20_D20 hbr,mild_master_12,,0.004953213083115431
755,constant,7.0,1.2755279377861266e-18,0.2684160027044737,1.0444912744125144e-09,1.2020772733951406,0.0012555592232308106,20,20,hbr,False,S20_D20 hbr,mild_master_12,,
763,Linear,7.0,3.011718602801433e-18,0.28147541143534366,1.8710365186128332e-13,-1.1668591529193462,-2.183236087189733e-07,21,11,hbr,False,S21_D11 hbr,mild_master_12,,
764,ShortHbO,7.0,3.011718602801433e-18,2.6742849115111872e-08,0.00039785854515576353,-26.662683904533534,-10607.976628205704,21,11,hbr,True,S21_D11 hbr,mild_master_12,,
765,az_itd=0_az=15,7.0,3.011718602801433e-18,0.00010290856370850288,1.3199287514119874e-09,7.849156016265458,0.010360326700187156,21,11,hbr,True,S21_D11 hbr,mild_master_12,,0.025033190038476434
766,az_itd=0_az=5,7.0,3.011718602801433e-18,2.210615003268483e-05,1.301761383296873e-09,-9.950451696479357,-0.012953113764837683,21,11,hbr,True,S21_D11 hbr,mild_master_12,,-0.0038256602659898463
767,az_itd=15_az=0,7.0,3.011718602801433e-18,5.542758463176576e-06,1.305304664635349e-09,12.247764222062143,0.015987063770411654,21,11,hbr,True,S21_D11 hbr,mild_master_12,,0.009256072412221757
768,az_itd=5_az=0,7.0,3.011718602801433e-18,0.0245080208323412,1.302884615111533e-09,2.8551236469608146,0.003719896673866377,21,11,hbr,True,S21_D11 hbr,mild_master_12,,-0.00010185192632612789
769,constant,7.0,3.011718602801433e-18,0.7107842153219103,1.6049703892760428e-09,0.3862486901273893,0.0006199177105511176,21,11,hbr,False,S21_D11 hbr,mild_master_12,,
777,Linear,7.0,3.6476185765305865e-18,0.5530495426398947,2.0591110904133767e-13,0.6229719791140865,1.282768511210586e-07,21,12,hbr,False,S21_D12 hbr,mild_master_12,,
778,ShortHbO,7.0,3.6476185765305865e-18,1.5921161605558097e-05,0.00043785085678249406,-10.457218029310344,-4578.701873694878,21,12,hbr,True,S21_D12 hbr,mild_master_12,,
779,az_itd=0_az=15,7.0,3.6476185765305865e-18,0.022039946304019283,1.4526065651582857e-09,-2.9295003051857487,-0.00425541137594602,21,12,hbr,True,S21_D12 hbr,mild_master_12,,0.014768475533595272
780,az_itd=0_az=5,7.0,3.6476185765305865e-18,4.630304020089229e-05,1.4326130328047918e-09,-8.887125199585588,-0.0127318113850942,21,12,hbr,True,S21_D12 hbr,mild_master_12,,-0.005611488346775035
781,az_itd=15_az=0,7.0,3.6476185765305865e-18,0.000646892261357365,1.436512480959828e-09,5.824915347760737,0.008367563597592756,21,12,hbr,True,S21_D12 hbr,mild_master_12,,0.0007872137481500126
782,az_itd=5_az=0,7.0,3.6476185765305865e-18,0.001001620409776008,1.433849170669373e-09,-5.406371183253104,-0.007751920837438259,21,12,hbr,True,S21_D12 hbr,mild_master_12,,-0.00938571496711191
783,constant,7.0,3.6476185765305865e-18,0.9137919195659492,1.7663002808697326e-09,-0.1122295615271666,-0.0001982311060473213,21,12,hbr,False,S21_D12 hbr,mild_master_12,,
791,Linear,7.0,1.3979482258589683e-18,0.061850519252927866,1.2747370595960612e-13,-2.2202928658912935,-2.830289599308379e-07,21,19,hbr,False,S21_D19 hbr,mild_master_12,,
792,ShortHbO,7.0,1.3979482258589683e-18,0.0025358699438163155,0.00027106100118400234,4.5826176333100355,1242.1689237284816,21,19,hbr,True,S21_D19 hbr,mild_master_12,,
793,az_itd=0_az=15,7.0,1.3979482258589683e-18,2.021282187698535e-05,8.992673733052795e-10,10.086493642796325,0.009070454644017853,21,19,hbr,True,S21_D19 hbr,mild_master_12,,0.0207743435157329
794,az_itd=0_az=5,7.0,1.3979482258589683e-18,0.33424678950113046,8.868899465788201e-10,1.0369490750539914,0.0009196597097795913,21,19,hbr,False,S21_D19 hbr,mild_master_12,,0.014872364215889165
795,az_itd=15_az=0,7.0,1.3979482258589683e-18,5.704827004522811e-07,8.893039839264605e-10,17.114875298013704,0.015220326786928156,21,19,hbr,True,S21_D19 hbr,mild_master_12,,0.015051386634831007
796,az_itd=5_az=0,7.0,1.3979482258589683e-18,4.9707702649921906e-05,8.876552043417878e-10,8.790457004306,0.007802894908414943,21,19,hbr,True,S21_D19 hbr,mild_master_12,,0.011887617341729223
797,constant,7.0,1.3979482258589683e-18,0.7670738261081371,1.0934662228192684e-09,0.3079605467207428,0.00033674445580008744,21,19,hbr,False,S21_D19 hbr,mild_master_12,,
805,Linear,7.0,6.591551448295738e-18,0.23743474390066255,2.7680178818669806e-13,1.2918137019008207,3.575763426902253e-07,21,20,hbr,False,S21_D20 hbr,mild_master_12,,
806,ShortHbO,7.0,6.591551448295738e-18,0.6076847218141708,0.0005885933045610527,-0.5373368645147121,-316.27288074718905,21,20,hbr,False,S21_D20 hbr,mild_master_12,,
807,az_itd=0_az=15,7.0,6.591551448295738e-18,0.00011984268420796015,1.952707149408002e-09,-7.663087965811559,-0.014963766657382653,21,20,hbr,True,S21_D20 hbr,mild_master_12,,0.016331649981449335
808,az_itd=0_az=5,7.0,6.591551448295738e-18,7.508963443219515e-07,1.9258302823298656e-09,-16.441798054947682,-0.03166411259017053,21,20,hbr,True,S21_D20 hbr,mild_master_12,,-0.015506978623614531
809,az_itd=15_az=0,7.0,6.591551448295738e-18,0.08308134868150403,1.9310722249685154e-09,-2.020399465716033,-0.0039015372915854603,21,20,hbr,False,S21_D20 hbr,mild_master_12,,-0.0006471970655974435
810,az_itd=5_az=0,7.0,6.591551448295738e-18,0.0001010442914967231,1.927491995352317e-09,-7.871731774597498,-0.015172699985097167,21,20,hbr,True,S21_D20 hbr,mild_master_12,,-0.009988092292353487
811,constant,7.0,6.591551448295738e-18,0.7882957258463152,2.3743987320337194e-09,0.2790161939206571,0.0006624956970620826,21,20,hbr,False,S21_D20 hbr,mild_master_12,,
819,Linear,7.0,4.162204355462185e-18,0.0006789076911743122,2.1995648355239432e-13,5.777614378166879,1.27082374194334e-06,22,10,hbr,True,S22_D10 hbr,mild_master_12,,
820,ShortHbO,7.0,4.162204355462185e-18,7.117391989365608e-12,0.00046771704172088205,-86.75890308007787,-40578.61749156275,22,10,hbr,True,S22_D10 hbr,mild_master_12,,
821,az_itd=0_az=15,7.0,4.162204355462185e-18,1.212416985917362e-09,1.5516901130050015e-09,-41.586480706168956,-0.06452933094643562,22,10,hbr,True,S22_D10 hbr,mild_master_12,,-0.05020231380115931
822,az_itd=0_az=5,7.0,4.162204355462185e-18,2.419936925123247e-08,1.5303328045492315e-09,-27.049412181704643,-0.04139460280543621,22,10,hbr,True,S22_D10 hbr,mild_master_12,,-0.03470541752307833
823,az_itd=15_az=0,7.0,4.162204355462185e-18,6.868025995173407e-08,1.534498237429322e-09,-23.27009134271222,-0.035707914150211226,22,10,hbr,True,S22_D10 hbr,mild_master_12,,-0.01645414101953074
824,az_itd=5_az=0,7.0,4.162204355462185e-18,4.44084255494012e-09,1.5316532604447155e-09,-34.518859391522696,-0.05287092353385842,22,10,hbr,True,S22_D10 hbr,mild_master_12,,-0.05835721619862273
825,constant,7.0,4.162204355462185e-18,0.24147992685724395,1.886781147877348e-09,1.2795471005942523,0.002414225347222356,22,10,hbr,False,S22_D10 hbr,mild_master_12,,
833,Linear,7.0,7.535555542802415e-18,0.798589226713492,2.9595978690734166e-13,-0.2650732111282489,-7.845101108036133e-08,22,11,hbr,False,S22_D11 hbr,mild_master_12,,
834,ShortHbO,7.0,7.535555542802415e-18,2.2819334094471983e-10,0.000629331010229899,-52.828665707136786,-33246.71755857001,22,11,hbr,True,S22_D11 hbr,mild_master_12,,
835,az_itd=0_az=15,7.0,7.535555542802415e-18,0.2870713265689007,2.0878578697672137e-09,-1.1521835906560631,-0.0024055955771679076,22,11,hbr,False,S22_D11 hbr,mild_master_12,,0.016259189032105194
836,az_itd=0_az=5,7.0,7.535555542802415e-18,0.0006846256049178405,2.0591208016099185e-09,-5.769429191851908,-0.011879951662357767,22,11,hbr,True,S22_D11 hbr,mild_master_12,,-0.0023356275325544375
837,az_itd=15_az=0,7.0,7.535555542802415e-18,3.7968856325026764e-05,2.064725549456666e-09,9.162346659431705,0.018917731240707576,22,11,hbr,True,S22_D11 hbr,mild_master_12,,0.00680872598615634
838,az_itd=5_az=0,7.0,7.535555542802415e-18,0.025336489659929178,2.0608975250741983e-09,2.831915988730043,0.005836288652391797,22,11,hbr,True,S22_D11 hbr,mild_master_12,,-0.00959636109541039
839,constant,7.0,7.535555542802415e-18,0.824536323382072,2.5387355600888846e-09,0.23017674596559778,0.0005843578900884088,22,11,hbr,False,S22_D11 hbr,mild_master_12,,
847,Linear,7.0,3.225862650647902e-17,0.9788335647442543,6.123475780218244e-13,0.027493445213426383,1.6835544587917366e-08,22,12,hbr,False,S22_D12 hbr,mild_master_12,,
848,ShortHbO,7.0,3.225862650647902e-17,3.876236976907713e-10,0.0013021002748895647,-48.96863978940897,-63762.07933075749,22,12,hbr,True,S22_D12 hbr,mild_master_12,,
849,az_itd=0_az=15,7.0,3.225862650647902e-17,0.8362507545060398,4.3198257545915405e-09,-0.21452829798813564,-0.0009267248667378369,22,12,hbr,False,S22_D12 hbr,mild_master_12,,0.0674986688288698
850,az_itd=0_az=5,7.0,3.225862650647902e-17,0.017826240164678087,4.260368102356249e-09,-3.079566194737881,-0.013120085585155882,22,12,hbr,True,S22_D12 hbr,mild_master_12,,0.0004919417221204393
851,az_itd=15_az=0,7.0,3.225862650647902e-17,7.269146064707885e-07,4.2719644540270035e-09,16.519965413627713,0.07057270502877308,22,12,hbr,True,S22_D12 hbr,mild_master_12,,0.06169292105540587
852,az_itd=5_az=0,7.0,3.225862650647902e-17,0.0096529898272878,4.264044183899404e-09,-3.5257330258279245,-0.01503388140276361,22,12,hbr,True,S22_D12 hbr,mild_master_12,,-0.04320563677205666
853,constant,7.0,3.225862650647902e-17,0.6247499658963296,5.252702023146864e-09,-0.5114797238553186,-0.0026866505802934314,22,12,hbr,False,S22_D12 hbr,mild_master_12,,
861,Linear,7.0,1.0370240942774171e-16,0.4936998787330711,1.097916954735446e-12,-0.7220020284524482,-7.926982683913267e-07,22,20,hbr,False,S22_D20 hbr,mild_master_12,,
862,ShortHbO,7.0,1.0370240942774171e-16,4.6274952993518585e-10,0.002334618474666338,-47.74171148012029,-111458.68163367882,22,20,hbr,True,S22_D20 hbr,mild_master_12,,
863,az_itd=0_az=15,7.0,1.0370240942774171e-16,0.0021281379142446973,7.745290595890718e-09,4.731779218282837,0.036649005081197186,22,20,hbr,True,S22_D20 hbr,mild_master_12,,0.05971572816891817
864,az_itd=0_az=5,7.0,1.0370240942774171e-16,0.2464017612053202,7.638685186118748e-09,-1.2648586044545786,-0.009661856684382023,22,20,hbr,False,S22_D20 hbr,mild_master_12,,0.06549416403494353
865,az_itd=15_az=0,7.0,1.0370240942774171e-16,0.1683194494573209,7.659477023253998e-09,1.5364066437894115,0.011768071386479787,22,20,hbr,False,S22_D20 hbr,mild_master_12,,0.04290434060712883
866,az_itd=5_az=0,7.0,1.0370240942774171e-16,0.09292869500093623,7.645276266737142e-09,-1.944416062718526,-0.014865597976964427,22,20,hbr,False,S22_D20 hbr,mild_master_12,,-0.03752975203563565
867,constant,7.0,1.0370240942774171e-16,0.9007761826416193,9.417903844768013e-09,0.12927500711462453,0.0012174995865372347,22,20,hbr,False,S22_D20 hbr,mild_master_12,,
917,Linear,7.0,7.12890041952781e-18,0.012014739975943796,2.878633283198328e-13,3.364224738650346,9.684369304838081e-07,23,9,hbr,True,S23_D9 hbr,mild_master_12,,
918,ShortHbO,7.0,7.12890041952781e-18,2.316231816165318e-09,0.00061211464271117,-37.89937307058258,-23198.76120607699,23,9,hbr,True,S23_D9 hbr,mild_master_12,,
919,az_itd=0_az=15,7.0,7.12890041952781e-18,3.1834781558871596e-07,2.0307411413230647e-09,-18.632487146577148,-0.03783775821372741,23,9,hbr,True,S23_D9 hbr,mild_master_12,,-0.10093904454598752
920,az_itd=0_az=5,7.0,7.12890041952781e-18,0.00027563206399464557,2.002790222137876e-09,-6.707108409023186,-0.013432931140410363,23,9,hbr,True,S23_D9 hbr,mild_master_12,,-0.04792029673996006
921,az_itd=15_az=0,7.0,7.12890041952781e-18,2.1533852548148547e-06,2.0082416430434576e-09,-14.087324971759715,-0.02829075264737386,23,9,hbr,True,S23_D9 hbr,mild_master_12,,-0.05462288623758351
922,az_itd=5_az=0,7.0,7.12890041952781e-18,3.9830207046885586e-08,2.0045183404585303e-09,-25.17444264700216,-0.050462631996737214,23,9,hbr,True,S23_D9 hbr,mild_master_12,,-0.11169153635043642
923,constant,7.0,7.12890041952781e-18,0.7674165465222578,2.469284343281072e-09,0.30749086713608176,0.0007592823839210471,23,9,hbr,False,S23_D9 hbr,mild_master_12,,
875,Linear,7.0,2.8160632891264538e-18,0.0022411874883844075,1.80924038730492e-13,4.687448970146844,8.480721990220525e-07,23,10,hbr,True,S23_D10 hbr,mild_master_12,,
876,ShortHbO,7.0,2.8160632891264538e-18,3.3575183336460004e-10,0.00038471817154261316,-49.98662626064743,-19230.763456580247,23,10,hbr,True,S23_D10 hbr,mild_master_12,,
877,az_itd=0_az=15,7.0,2.8160632891264538e-18,2.2668201806564264e-08,1.2763344711144453e-09,-27.305318621795543,-0.03485071940176083,23,10,hbr,True,S23_D10 hbr,mild_master_12,,-0.056179030862365045
878,az_itd=0_az=5,7.0,2.8160632891264538e-18,3.4597394311569646e-06,1.258767130339467e-09,-13.13483292854598,-0.01653369595295416,23,10,hbr,True,S23_D10 hbr,mild_master_12,,-0.02186701463489357
879,az_itd=15_az=0,7.0,2.8160632891264538e-18,8.202096476360779e-05,1.2621933850583796e-09,-8.133116238660506,-0.010265565516348179,23,10,hbr,True,S23_D10 hbr,mild_master_12,,-0.0009955882534438518
880,az_itd=5_az=0,7.0,2.8160632891264538e-18,3.8046663317537284e-08,1.2598532643316008e-09,-25.341355582961018,-0.03192638955378127,23,10,hbr,True,S23_D10 hbr,mild_master_12,,-0.05214030180513143
881,constant,7.0,2.8160632891264538e-18,0.6474390290967285,1.5519618242724337e-09,-0.4776718895489861,-0.0007413285371081049,23,10,hbr,False,S23_D10 hbr,mild_master_12,,
889,Linear,7.0,2.0113398546556226e-18,0.07179574715295275,1.5290363072371854e-13,2.1192992975678475,3.2404855718835027e-07,23,11,hbr,False,S23_D11 hbr,mild_master_12,,
890,ShortHbO,7.0,2.0113398546556226e-18,2.0607639327523916e-08,0.00032513537530456363,-27.682707893982723,-9000.62762055668,23,11,hbr,True,S23_D11 hbr,mild_master_12,,
891,az_itd=0_az=15,7.0,2.0113398546556226e-18,3.5379535518222903e-06,1.078663598384205e-09,-13.091445043960226,-0.014121265219167204,23,11,hbr,True,S23_D11 hbr,mild_master_12,,0.008005847933264648
892,az_itd=0_az=5,7.0,2.0113398546556226e-18,2.6775341361659887e-06,1.063816979850245e-09,-13.641938890410964,-0.014512526229698595,23,11,hbr,True,S23_D11 hbr,mild_master_12,,-0.0014012851608572743
893,az_itd=15_az=0,7.0,2.0113398546556226e-18,0.003344048207275208,1.0667125972042573e-09,4.352643967464985,0.004643020151240017,23,11,hbr,True,S23_D11 hbr,mild_master_12,,0.019462753113702498
894,az_itd=5_az=0,7.0,2.0113398546556226e-18,7.851679024888784e-05,1.0647349000559567e-09,-8.188731080679048,-0.008718827768771913,23,11,hbr,True,S23_D11 hbr,mild_master_12,,0.0033504833466241474
895,constant,7.0,2.0113398546556226e-18,0.7004856934225734,1.311603473706158e-09,-0.4008473996297833,-0.0005257528417805042,23,11,hbr,False,S23_D11 hbr,mild_master_12,,
903,Linear,7.0,3.690865805060844e-18,0.08019759273117365,2.07128183223953e-13,2.044339668078821,4.234403613418253e-07,23,19,hbr,False,S23_D19 hbr,mild_master_12,,
904,ShortHbO,7.0,3.690865805060844e-18,0.5564993332790327,0.00044043885203980186,0.6174226789987654,271.9369359615553,23,19,hbr,False,S23_D19 hbr,mild_master_12,,
905,az_itd=0_az=15,7.0,3.690865805060844e-18,1.7392498446482564e-05,1.4611924542644276e-09,-10.318531056816443,-0.015077359719313338,23,19,hbr,True,S23_D19 hbr,mild_master_12,,-0.005207728597318423
906,az_itd=0_az=5,7.0,3.690865805060844e-18,3.752658281030723e-06,1.441080746586834e-09,-12.97773623954813,-0.018701965829095033,23,19,hbr,True,S23_D19 hbr,mild_master_12,,-0.018265886733622495
907,az_itd=15_az=0,7.0,3.690865805060844e-18,0.0012998231935875129,1.445003243122786e-09,5.166690078880428,0.007465883920192542,23,19,hbr,True,S23_D19 hbr,mild_master_12,,-0.007774565328028449
908,az_itd=5_az=0,7.0,3.690865805060844e-18,0.002444348502705748,1.4423241908638188e-09,-4.613669972944964,-0.006654407810640543,23,19,hbr,True,S23_D19 hbr,mild_master_12,,-0.011484339307794507
909,constant,7.0,3.690865805060844e-18,0.46434557645929275,1.7767403123988775e-09,-0.7738534021012513,-0.0013749365354003113,23,19,hbr,False,S23_D19 hbr,mild_master_12,,
945,Linear,7.0,8.022973618479627e-18,0.3579319862311977,3.053815185752178e-13,0.9839217657142254,3.004715229730198e-07,24,9,hbr,False,S24_D9 hbr,mild_master_12,,
946,ShortHbO,7.0,8.022973618479627e-18,1.0805913956422739e-08,0.0006493654479169212,-30.377883248824343,-19726.347762640755,24,9,hbr,True,S24_D9 hbr,mild_master_12,,
947,az_itd=0_az=15,7.0,8.022973618479627e-18,0.005863688830565635,2.154323779934154e-09,-3.9046468879129024,-0.008411873642876655,24,9,hbr,True,S24_D9 hbr,mild_master_12,,-0.06900912811881642
948,az_itd=0_az=5,7.0,8.022973618479627e-18,0.0021722942484489515,2.1246718815969594e-09,4.714160987811163,0.010016045296123726,24,9,hbr,True,S24_D9 hbr,mild_master_12,,-0.015989067735511453
949,az_itd=15_az=0,7.0,8.022973618479627e-18,0.0039221985585151066,2.1304550537858445e-09,4.222957765850397,0.008996821714180158,24,9,hbr,True,S24_D9 hbr,mild_master_12,,-0.028704836825206612
950,az_itd=5_az=0,7.0,8.022973618479627e-18,7.0268077131444925e-06,2.126505166163351e-09,-11.822466221032395,-0.025140535495817098,24,9,hbr,True,S24_D9 hbr,mild_master_12,,-0.08531203314095674
951,constant,7.0,8.022973618479627e-18,0.5960225385566131,2.6195549358317833e-09,-0.555235827594676,-0.0014544707527262787,24,9,hbr,False,S24_D9 hbr,mild_master_12,,
931,Linear,7.0,3.880201020535222e-16,0.33277540452243315,2.123744079163867e-12,1.0403393625208486,2.2094145614747643e-06,24,19,hbr,False,S24_D19 hbr,mild_master_12,,
932,ShortHbO,7.0,3.880201020535222e-16,1.562693383278729e-07,0.004515944617936906,-20.6600481470189,-93299.63323584734,24,19,hbr,True,S24_D19 hbr,mild_master_12,,
933,az_itd=0_az=15,7.0,3.880201020535222e-16,7.5176848714755166e-06,1.49820211569554e-08,-11.703913633625726,-0.17534828167815936,24,19,hbr,True,S24_D19 hbr,mild_master_12,,-0.32965072304525067
934,az_itd=0_az=5,7.0,3.880201020535222e-16,0.306541608096184,1.4775810107172846e-08,1.1028912119991516,0.016296111117369175,24,19,hbr,False,S24_D19 hbr,mild_master_12,,0.17216273291318895
935,az_itd=15_az=0,7.0,3.880201020535222e-16,0.06365654231497334,1.4816028577996596e-08,-2.2007921145842837,-0.0326069988639103,24,19,hbr,False,S24_D19 hbr,mild_master_12,,-0.09020850142281742
936,az_itd=5_az=0,7.0,3.880201020535222e-16,0.759589029222021,1.4788559494435908e-08,0.3182374008858657,0.004706272736355276,24,19,hbr,False,S24_D19 hbr,mild_master_12,,-0.05386915603038518
937,constant,7.0,3.880201020535222e-16,0.7998437919911103,1.8217422950062904e-08,-0.2633778886986086,-0.004798066394117146,24,19,hbr,False,S24_D19 hbr,mild_master_12,,
