,Condition,df,mse,p_value,se,t,theta,Source,Detector,Chroma,Significant,ch_name,ID,mean_hbo,mean_hbr
476,Linear,7.0,1.777863822360576e-17,0.01819689939574983,3.7939022103678295e-13,-3.0649254918011883,-1.1628027597957234e-06,1,7,hbo,True,S1_D7 hbo,mild_master_32,,
477,ShortHbO,7.0,1.777863822360576e-17,3.969939909192992e-13,0.004396386085582565,131.06645214196158,576218.726483593,1,7,hbo,True,S1_D7 hbo,mild_master_32,,
478,az_itd=0_az=15,7.0,1.777863822360576e-17,1.1833569636979749e-05,3.1305766940599184e-09,10.93505708696754,0.03423303486467533,1,7,hbo,True,S1_D7 hbo,mild_master_32,0.010986401530562892,
479,az_itd=0_az=5,7.0,1.777863822360576e-17,4.714861256145015e-06,3.1250301361210127e-09,12.545799228011122,0.039206000669258494,1,7,hbo,True,S1_D7 hbo,mild_master_32,0.05218897240644748,
480,az_itd=15_az=0,7.0,1.777863822360576e-17,1.3458259990717897e-07,3.1381796503560395e-09,21.112158696067823,0.06625374679508735,1,7,hbo,True,S1_D7 hbo,mild_master_32,0.08546797179569589,
481,az_itd=5_az=0,7.0,1.777863822360576e-17,6.991508272718077e-09,3.182994143742529e-09,32.340113715209505,0.10293839256347928,1,7,hbo,True,S1_D7 hbo,mild_master_32,0.16769957753184972,
482,constant,7.0,1.777863822360576e-17,0.07358134835478009,3.742278021600861e-09,-2.102662505461913,-0.007868747681034316,1,7,hbo,False,S1_D7 hbo,mild_master_32,,
490,Linear,7.0,3.447313649553217e-17,0.0024498237532307567,5.282959553501252e-13,-4.611776421154246,-2.4363828302748633e-06,1,8,hbo,True,S1_D8 hbo,mild_master_32,,
491,ShortHbO,7.0,3.447313649553217e-17,3.1481360561102636e-13,0.006121910524798837,135.48357551186257,829418.3268634494,1,8,hbo,True,S1_D8 hbo,mild_master_32,,
492,az_itd=0_az=15,7.0,3.447313649553217e-17,1.3853326485459737e-06,4.3592873871803716e-09,15.031337684026257,0.06552592077842469,1,8,hbo,True,S1_D8 hbo,mild_master_32,0.05499643594108439,
493,az_itd=0_az=5,7.0,3.447313649553217e-17,4.251052351333294e-08,4.351563877288021e-09,24.939015410435793,0.10852371859518169,1,8,hbo,True,S1_D8 hbo,mild_master_32,0.10042975040199177,
494,az_itd=15_az=0,7.0,3.447313649553217e-17,9.38364001408416e-09,4.369874405077059e-09,31.000668741039622,0.1354690288717415,1,8,hbo,True,S1_D8 hbo,mild_master_32,0.17042662284141175,
495,az_itd=5_az=0,7.0,3.447313649553217e-17,6.016799352438674e-09,4.432278005076153e-09,33.0453836995096,0.14646632734063847,1,8,hbo,True,S1_D8 hbo,mild_master_32,0.2291352422181801,
496,constant,7.0,3.447313649553217e-17,0.06828078269433241,5.2110735411277896e-09,-2.153293246207253,-0.011220969461599782,1,8,hbo,False,S1_D8 hbo,mild_master_32,,
728,Linear,7.0,8.973422020797728e-17,0.5746071213453087,8.523460106782564e-13,0.5886241729360319,5.017114655908148e-07,2,6,hbo,False,S2_D6 hbo,mild_master_32,,
729,ShortHbO,7.0,8.973422020797728e-17,4.181936527322984e-06,0.009877012989969474,12.771086434375462,126140.18660834935,2,6,hbo,True,S2_D6 hbo,mild_master_32,,
730,az_itd=0_az=15,7.0,8.973422020797728e-17,1.1620461600945429e-06,7.033219119386826e-09,-15.423889415075104,-0.1084795939294143,2,6,hbo,True,S2_D6 hbo,mild_master_32,-0.11104905795449735,
731,az_itd=0_az=5,7.0,8.973422020797728e-17,0.0009919202434462268,7.020758106239722e-09,-5.415459368121703,-0.038020630257752284,2,6,hbo,True,S2_D6 hbo,mild_master_32,-0.11343390775074218,
732,az_itd=15_az=0,7.0,8.973422020797728e-17,0.6429674784937343,7.05030008012074e-09,0.48428583776589884,0.0034143604808022565,2,6,hbo,False,S2_D6 hbo,mild_master_32,-0.036585408774285524,
733,az_itd=5_az=0,7.0,8.973422020797728e-17,0.33033009367582405,7.150981258866351e-09,1.0460000452289315,0.007479926720205444,2,6,hbo,False,S2_D6 hbo,mild_master_32,0.010535998721925658,
734,constant,7.0,8.973422020797728e-17,0.7573625877528453,8.407480123877943e-09,0.32130163998326333,0.002701337151928673,2,6,hbo,False,S2_D6 hbo,mild_master_32,,
742,Linear,7.0,1.2098890165997488e-16,0.14507078982726776,9.897138626656688e-13,-1.6397209092055185,-1.6228545147434562e-06,2,8,hbo,False,S2_D8 hbo,mild_master_32,,
743,ShortHbO,7.0,1.2098890165997488e-16,6.379176194117401e-11,0.011468836077642767,63.40072724359194,727132.5479600958,2,8,hbo,True,S2_D8 hbo,mild_master_32,,
744,az_itd=0_az=15,7.0,1.2098890165997488e-16,2.0645982023417818e-06,8.166723812179559e-09,14.174964777594958,0.11576302238599126,2,8,hbo,True,S2_D8 hbo,mild_master_32,0.01904319393115761,
745,az_itd=0_az=5,7.0,1.2098890165997488e-16,0.0002661034760609356,8.152254527053517e-09,6.745500535244304,0.05499103727568729,2,8,hbo,True,S2_D8 hbo,mild_master_32,0.2319662354615919,
746,az_itd=15_az=0,7.0,1.2098890165997488e-16,5.713733906827736e-06,8.186557616074e-09,12.192527552205561,0.09981482929170053,2,8,hbo,True,S2_D8 hbo,mild_master_32,0.10439272131138817,
747,az_itd=5_az=0,7.0,1.2098890165997488e-16,1.0251130434384445e-06,8.303465018778635e-09,15.709846722388482,0.13044616270972695,2,8,hbo,True,S2_D8 hbo,mild_master_32,0.18711835166751,
748,constant,7.0,1.2098890165997488e-16,0.18531971616019685,9.762466796866473e-09,-1.4688708220118205,-0.01433980262877636,2,8,hbo,False,S2_D8 hbo,mild_master_32,,
756,Linear,7.0,1.914261238037131e-17,0.5079602064893354,3.936746852594425e-13,-0.697546317964377,-2.7460632717850914e-07,3,5,hbo,False,S3_D5 hbo,mild_master_32,,
757,ShortHbO,7.0,1.914261238037131e-17,1.5379885278046728e-09,0.004561914916496775,40.192030343993224,183352.6227505537,3,5,hbo,True,S3_D5 hbo,mild_master_32,,
758,az_itd=0_az=15,7.0,1.914261238037131e-17,0.15633216605918393,3.248446392072654e-09,-1.5878974613266053,-0.0051581997792277375,3,5,hbo,False,S3_D5 hbo,mild_master_32,-0.013532362953543485,
759,az_itd=0_az=5,7.0,1.914261238037131e-17,0.002789440189847028,3.2426910000519933e-09,4.5026561387293045,0.014600722537386375,3,5,hbo,True,S3_D5 hbo,mild_master_32,-0.03194304078942359,
760,az_itd=15_az=0,7.0,1.914261238037131e-17,0.032266871793730986,3.2563356081382063e-09,-2.6642656473986306,-0.008675743097163551,3,5,hbo,True,S3_D5 hbo,mild_master_32,-0.040642033591575664,
761,az_itd=5_az=0,7.0,1.914261238037131e-17,0.7816614955521498,3.302837417095684e-09,-0.288034951196504,-0.0009513326142431428,3,5,hbo,False,S3_D5 hbo,mild_master_32,-0.038774852051673366,
762,constant,7.0,1.914261238037131e-17,0.673019731577456,3.883178955643702e-09,0.44026451652540866,0.001709625905488116,3,5,hbo,False,S3_D5 hbo,mild_master_32,,
770,Linear,7.0,1.2262125534847036e-17,0.9146169775584824,3.150792225793997e-13,0.11115037509906336,3.502117377562155e-08,3,6,hbo,False,S3_D6 hbo,mild_master_32,,
771,ShortHbO,7.0,1.2262125534847036e-17,2.9288009934955335e-08,0.003651148166704974,26.315618183789116,96082.22108744971,3,6,hbo,True,S3_D6 hbo,mild_master_32,,
772,az_itd=0_az=15,7.0,1.2262125534847036e-17,3.4059842201556555e-05,2.5999080005121006e-09,-9.316122920458705,-0.024221062514654747,3,6,hbo,True,S3_D6 hbo,mild_master_32,-0.021569127507787247,
773,az_itd=0_az=5,7.0,1.2262125534847036e-17,9.788860425188098e-05,2.5953016478269784e-09,7.911039245962992,0.02053153319107165,3,6,hbo,True,S3_D6 hbo,mild_master_32,-0.04610446202367936,
774,az_itd=15_az=0,7.0,1.2262125534847036e-17,0.3738902700770479,2.6062221684222296e-09,0.9497051249351132,0.002475142550070095,3,6,hbo,False,S3_D6 hbo,mild_master_32,-0.024328134765252838,
775,az_itd=5_az=0,7.0,1.2262125534847036e-17,0.0502624294021882,2.643440090639407e-09,-2.361065640415559,-0.0062413355705056945,3,6,hbo,False,S3_D6 hbo,mild_master_32,-0.029948279789667846,
776,constant,7.0,1.2262125534847036e-17,0.8875397988074765,3.107918929749259e-09,0.14665347910865195,0.0004557871238353668,3,6,hbo,False,S3_D6 hbo,mild_master_32,,
784,Linear,7.0,4.7984911477144124e-17,0.9236919317854475,6.232886739775224e-13,-0.09928964063024288,-6.188610844812881e-08,4,2,hbo,False,S4_D2 hbo,mild_master_32,,
785,ShortHbO,7.0,4.7984911477144124e-17,0.0018357892353545314,0.007222689203974806,4.8596982069163674,35100.089773670574,4,2,hbo,True,S4_D2 hbo,mild_master_32,,
786,az_itd=0_az=15,7.0,4.7984911477144124e-17,0.26095982052059874,5.143129390876848e-09,1.2228350937108974,0.006289199110660161,4,2,hbo,False,S4_D2 hbo,mild_master_32,-0.03395267053188123,
787,az_itd=0_az=5,7.0,4.7984911477144124e-17,0.3158044638954876,5.134017119259956e-09,-1.080330872425,-0.005546437193494994,4,2,hbo,False,S4_D2 hbo,mild_master_32,-0.09772598004123095,
788,az_itd=15_az=0,7.0,4.7984911477144124e-17,0.0005602142316999931,5.155620056912384e-09,-5.9673960152627,-0.030765626583827418,4,2,hbo,True,S4_D2 hbo,mild_master_32,-0.10939631609230464,
789,az_itd=5_az=0,7.0,4.7984911477144124e-17,0.036839345522666496,5.229244427307348e-09,2.573130680112642,0.0134555292697126,4,2,hbo,True,S4_D2 hbo,mild_master_32,-0.022502238869478042,
790,constant,7.0,4.7984911477144124e-17,0.9256242245331269,6.148074927615707e-09,0.09676630450195708,0.0005949264905465093,4,2,hbo,False,S4_D2 hbo,mild_master_32,,
798,Linear,7.0,5.1952513287946e-17,0.48328057796467905,6.485450774243335e-13,-0.740164752609305,-4.800302067877644e-07,5,1,hbo,False,S5_D1 hbo,mild_master_32,,
799,ShortHbO,7.0,5.1952513287946e-17,1.4247917640690952e-11,0.0075153612195633535,78.56211735456617,590422.6900932916,5,1,hbo,True,S5_D1 hbo,mild_master_32,,
800,az_itd=0_az=15,7.0,5.1952513287946e-17,7.364381076331003e-05,5.351535152602308e-09,-8.27091669309474,-0.044262101427341737,5,1,hbo,True,S5_D1 hbo,mild_master_32,-0.017815711449211798,
801,az_itd=0_az=5,7.0,5.1952513287946e-17,2.3416784616561876e-06,5.342053640827714e-09,13.914358239389383,0.07433124809251115,5,1,hbo,True,S5_D1 hbo,mild_master_32,0.017226170507337286,
802,az_itd=15_az=0,7.0,5.1952513287946e-17,0.00020921177660175445,5.364531955382957e-09,7.0125425150550935,0.03761900841049462,5,1,hbo,True,S5_D1 hbo,mild_master_32,-0.10670274889043183,
803,az_itd=5_az=0,7.0,5.1952513287946e-17,0.7745027991919644,5.441139673430216e-09,-0.2977964808455363,-0.0016203522465365488,5,1,hbo,False,S5_D1 hbo,mild_master_32,-0.021623648541008563,
804,constant,7.0,5.1952513287946e-17,0.7159712063164791,6.397202285894459e-09,-0.3789307929958689,-0.0024240969351489727,5,1,hbo,False,S5_D1 hbo,mild_master_32,,
812,Linear,7.0,3.0085283412028696e-17,0.5220244745335146,4.935304348784238e-13,-0.6738558531959433,-3.3256837227316515e-07,5,2,hbo,False,S5_D2 hbo,mild_master_32,,
813,ShortHbO,7.0,3.0085283412028696e-17,5.294151426466713e-09,0.005719046555236992,33.65841326587116,192494.03244292358,5,2,hbo,True,S5_D2 hbo,mild_master_32,,
814,az_itd=0_az=15,7.0,3.0085283412028696e-17,0.02441381145983679,4.072416186736279e-09,2.8578148751523598,0.01163821155626619,5,2,hbo,True,S5_D2 hbo,mild_master_32,0.021961630801960404,
815,az_itd=0_az=5,7.0,3.0085283412028696e-17,0.0022342403693681725,4.065200937107057e-09,4.690101139190993,0.0190662035461661,5,2,hbo,True,S5_D2 hbo,mild_master_32,-0.043558437525533615,
816,az_itd=15_az=0,7.0,3.0085283412028696e-17,0.4362881390968436,4.0823065057775355e-09,0.8255482938996,0.0033701411710198824,5,2,hbo,False,S5_D2 hbo,mild_master_32,-0.06397759546123367,
817,az_itd=5_az=0,7.0,3.0085283412028696e-17,0.0006700914737730226,4.140603518150308e-09,5.790386974651134,0.0239756966786922,5,2,hbo,True,S5_D2 hbo,mild_master_32,0.008135915571849847,
818,constant,7.0,3.0085283412028696e-17,0.9783823938216749,4.868148932224522e-09,-0.02807965305849115,-0.0001366959330539287,5,2,hbo,False,S5_D2 hbo,mild_master_32,,
826,Linear,7.0,2.213478115794745e-17,0.9191955504246613,4.233255706946513e-13,-0.10516418608990473,-4.4518689093147426e-08,5,3,hbo,False,S5_D3 hbo,mild_master_32,,
827,ShortHbO,7.0,2.213478115794745e-17,5.373681441295642e-07,0.004905510330728383,17.26480901889269,84692.69900023066,5,3,hbo,True,S5_D3 hbo,mild_master_32,,
828,az_itd=0_az=15,7.0,2.213478115794745e-17,0.02869684881226936,3.4931136653830692e-09,2.7453246745042303,0.009589731136424053,5,3,hbo,True,S5_D3 hbo,mild_master_32,0.010180019893528321,
829,az_itd=0_az=5,7.0,2.213478115794745e-17,0.7404605872398502,3.486924787350152e-09,-0.34467753036370624,-0.001201864624267842,5,3,hbo,False,S5_D3 hbo,mild_master_32,-0.07394658051696743,
830,az_itd=15_az=0,7.0,2.213478115794745e-17,0.02993706580945558,3.5015970833378775e-09,-2.716025741526601,-0.009510427814800142,5,3,hbo,True,S5_D3 hbo,mild_master_32,-0.06743893634245336,
831,az_itd=5_az=0,7.0,2.213478115794745e-17,0.46273153240922016,3.5516013268220233e-09,-0.7767678040789899,-0.00275876956359957,5,3,hbo,False,S5_D3 hbo,mild_master_32,-0.005771989587910852,
832,constant,7.0,2.213478115794745e-17,0.8486149909397926,4.175653170139676e-09,0.19807618581393144,0.0008270974532231183,5,3,hbo,False,S5_D3 hbo,mild_master_32,,
840,Linear,7.0,4.4606727276152136e-17,0.03750110249604357,6.009482387845055e-13,-2.5609225500559343,-1.5389818961196383e-06,6,2,hbo,True,S6_D2 hbo,mild_master_32,,
841,ShortHbO,7.0,4.4606727276152136e-17,2.1282000253575324e-12,0.006963807522311967,103.10212465926881,717983.3512685623,6,2,hbo,True,S6_D2 hbo,mild_master_32,,
842,az_itd=0_az=15,7.0,4.4606727276152136e-17,0.4478892531835573,4.958785035454904e-09,0.8039012323855632,0.003986373401137285,6,2,hbo,False,S6_D2 hbo,mild_master_32,-0.04071387703817633,
843,az_itd=0_az=5,7.0,4.4606727276152136e-17,3.2541454251940233e-06,4.949999373516669e-09,13.254423060831574,0.06560938584744119,6,2,hbo,True,S6_D2 hbo,mild_master_32,-0.0038195570575460195,
844,az_itd=15_az=0,7.0,4.4606727276152136e-17,4.064843805372442e-06,4.970828000566719e-09,12.824973042644643,0.06375073510689135,6,2,hbo,True,S6_D2 hbo,mild_master_32,0.03893515095436907,
845,az_itd=5_az=0,7.0,4.4606727276152136e-17,2.8874823384479814e-07,5.041813464554258e-09,18.89871503765278,0.09528379593961181,6,2,hbo,True,S6_D2 hbo,mild_master_32,0.13008001608665298,
846,constant,7.0,4.4606727276152136e-17,0.7116209474219968,5.927710471759794e-09,-0.3850666581186871,-0.00228256366165569,6,2,hbo,False,S6_D2 hbo,mild_master_32,,
882,Linear,7.0,6.24711791108696e-17,0.009150026282391106,7.111754198142668e-13,3.565647748332057,2.5358010343298457e-06,7,7,hbo,True,S7_D7 hbo,mild_master_32,,
883,ShortHbO,7.0,6.24711791108696e-17,3.4263344310460077e-09,0.008241123641868063,35.828462474545596,295266.78915076045,7,7,hbo,True,S7_D7 hbo,mild_master_32,,
884,az_itd=0_az=15,7.0,6.24711791108696e-17,2.9658613686613883e-07,5.868335743010538e-09,-18.825287737408647,-0.11047310890189316,7,7,hbo,True,S7_D7 hbo,mild_master_32,-0.029508118572721124,
885,az_itd=0_az=5,7.0,6.24711791108696e-17,6.355585844938331e-07,5.857938596610861e-09,-16.84719311170972,-0.09868982277364102,7,7,hbo,True,S7_D7 hbo,mild_master_32,-0.0490595363535357,
886,az_itd=15_az=0,7.0,6.24711791108696e-17,1.4413983921054292e-05,5.882587653934725e-09,-10.61524874631629,-0.06244513121852627,7,7,hbo,True,S7_D7 hbo,mild_master_32,-0.012357994580481646,
887,az_itd=5_az=0,7.0,6.24711791108696e-17,3.404395712113983e-08,5.966593419978996e-09,-25.750886830374167,-0.1536450719207343,7,7,hbo,True,S7_D7 hbo,mild_master_32,-0.08964761854708553,
888,constant,7.0,6.24711791108696e-17,0.494743787138871,7.0149835064295574e-09,0.7201962817230196,0.005052165037678877,7,7,hbo,False,S7_D7 hbo,mild_master_32,,
896,Linear,7.0,1.2607313468345334e-16,0.01879730774443741,1.0102949028497238e-12,3.0418698899532424,3.0731856449518114e-06,7,8,hbo,True,S7_D8 hbo,mild_master_32,,
897,ShortHbO,7.0,1.2607313468345334e-16,1.3754639233044844e-09,0.011707329833345612,40.8409024190015,478137.91531073325,7,8,hbo,True,S7_D8 hbo,mild_master_32,,
898,az_itd=0_az=15,7.0,1.2607313468345334e-16,3.713710153925667e-07,8.336550342140294e-09,-18.219562169206952,-0.15188829723534858,7,8,hbo,True,S7_D8 hbo,mild_master_32,-0.04519991260280254,
899,az_itd=0_az=5,7.0,1.2607313468345334e-16,2.464427966364239e-06,8.321780169101243e-09,-13.80991596280412,-0.11492308479621803,7,8,hbo,True,S7_D8 hbo,mild_master_32,-0.008397177149097802,
900,az_itd=15_az=0,7.0,1.2607313468345334e-16,0.00024562028176249235,8.35679658879254e-09,-6.833536566962485,-0.05710647507218117,7,8,hbo,True,S7_D8 hbo,mild_master_32,0.005170032334492212,
901,az_itd=5_az=0,7.0,1.2607313468345334e-16,9.719054054452398e-08,8.476135073897493e-09,-22.130758758963662,-0.18758330052881603,7,8,hbo,True,S7_D8 hbo,mild_master_32,-0.09386520389671811,
902,constant,7.0,1.2607313468345334e-16,0.5960381621468223,9.965476706115045e-09,0.5552117192856162,0.005532949455502894,7,8,hbo,False,S7_D8 hbo,mild_master_32,,
854,Linear,7.0,2.1529300428876724e-16,0.03303638972875965,1.3202368343524996e-12,2.648022488114893,3.496016827003036e-06,7,17,hbo,True,S7_D17 hbo,mild_master_32,,
855,ShortHbO,7.0,2.1529300428876724e-16,8.07143437012923e-05,0.015298946905798513,8.153534154773904,124740.48612850072,7,17,hbo,True,S7_D17 hbo,mild_master_32,,
856,az_itd=0_az=15,7.0,2.1529300428876724e-16,4.939986188616878e-06,1.0894067466917302e-08,-12.459188924759355,-0.13573124472939724,7,17,hbo,True,S7_D17 hbo,mild_master_32,0.041805126210677654,
857,az_itd=0_az=5,7.0,2.1529300428876724e-16,4.60469742068163e-07,1.0874766046667718e-08,-17.65787728408163,-0.1920252843451561,7,17,hbo,True,S7_D17 hbo,mild_master_32,-0.3601454134837509,
858,az_itd=15_az=0,7.0,2.1529300428876724e-16,4.331453643444736e-05,1.0920524930487872e-08,-8.978855055646891,-0.09805381048242895,7,17,hbo,True,S7_D17 hbo,mild_master_32,-0.0013091115271573388,
859,az_itd=5_az=0,7.0,2.1529300428876724e-16,7.025367854454038e-08,1.1076474508523923e-08,-23.194050611703418,-0.2569083103499466,7,17,hbo,True,S7_D17 hbo,mild_master_32,-0.1394999643618509,
860,constant,7.0,2.1529300428876724e-16,0.3367660757430646,1.3022721763896605e-08,1.0311715295638828,0.013428659920362126,7,17,hbo,False,S7_D17 hbo,mild_master_32,,
868,Linear,7.0,8.103651888540348e-17,0.017296569306401118,8.099855562434976e-13,3.101059794877984,2.51181364289859e-06,7,18,hbo,True,S7_D18 hbo,mild_master_32,,
869,ShortHbO,7.0,8.103651888540348e-17,2.0606329991039698e-07,0.009386138681330211,19.84770420861074,186293.3042080417,7,18,hbo,True,S7_D18 hbo,mild_master_32,,
870,az_itd=0_az=15,7.0,8.103651888540348e-17,2.2237642943289003e-07,6.683677554923608e-09,-19.62944572032697,-0.13119688577654065,7,18,hbo,True,S7_D18 hbo,mild_master_32,-0.045973174572021644,
871,az_itd=0_az=5,7.0,8.103651888540348e-17,4.0469841723175186e-07,6.671835837429932e-09,-17.99305879607274,-0.12004673450062196,7,18,hbo,True,S7_D18 hbo,mild_master_32,-0.1724808079717293,
872,az_itd=15_az=0,7.0,8.103651888540348e-17,2.023451734883057e-05,6.699909614800586e-09,-10.084854009797084,-0.06756761034409972,7,18,hbo,True,S7_D18 hbo,mild_master_32,0.007793191571050498,
873,az_itd=5_az=0,7.0,8.103651888540348e-17,1.4723112327770632e-07,6.79558707389331e-09,-20.839196882310503,-0.14161457696374702,7,18,hbo,True,S7_D18 hbo,mild_master_32,-0.0900955096099229,
874,constant,7.0,8.103651888540348e-17,0.3709776779064745,7.989639629246814e-09,0.9558658109251998,0.007637023363210118,7,18,hbo,False,S7_D18 hbo,mild_master_32,,
938,Linear,7.0,6.518713317605857e-18,0.13147926381856992,2.297300606305492e-13,-1.7075408647340506,-3.9227346638449386e-07,8,6,hbo,False,S8_D6 hbo,mild_master_32,,
939,ShortHbO,7.0,6.518713317605857e-18,4.067973802158597e-05,0.0026621193325335212,9.065879769913115,24134.453801910255,8,6,hbo,True,S8_D6 hbo,mild_master_32,,
940,az_itd=0_az=15,7.0,6.518713317605857e-18,9.063136208176541e-06,1.8956407779030294e-09,11.381318861119956,0.021574892139455855,8,6,hbo,True,S8_D6 hbo,mild_master_32,0.02360354095181592,
941,az_itd=0_az=5,7.0,6.518713317605857e-18,5.024755621919169e-07,1.8922822013743208e-09,17.434639950451494,0.03299125886560903,8,6,hbo,True,S8_D6 hbo,mild_master_32,0.07522001316893798,
942,az_itd=15_az=0,7.0,6.518713317605857e-18,0.004551997498652321,1.9002445539468772e-09,4.103667429921372,0.007797971684917265,8,6,hbo,True,S8_D6 hbo,mild_master_32,0.03300493034195423,
943,az_itd=5_az=0,7.0,6.518713317605857e-18,8.746766557124472e-06,1.9273808260802787e-09,11.441997165821828,0.02205308594946988,8,6,hbo,True,S8_D6 hbo,mild_master_32,0.019242553103983415,
944,constant,7.0,6.518713317605857e-18,0.36188099201486024,2.2660408970198155e-09,-0.9753474877191,-0.0022101772959770127,8,6,hbo,False,S8_D6 hbo,mild_master_32,,
952,Linear,7.0,2.15216262892299e-17,0.06717441012720782,4.1742112976620413e-13,2.164356837006224,9.034482761203462e-07,8,7,hbo,False,S8_D7 hbo,mild_master_32,,
953,ShortHbO,7.0,2.15216262892299e-17,1.612710057708132e-12,0.004837089479315736,107.2717385908125,518882.99816552695,8,7,hbo,True,S8_D7 hbo,mild_master_32,,
954,az_itd=0_az=15,7.0,2.15216262892299e-17,1.4329159892383632e-07,3.444392575230727e-09,-20.92125136494014,-0.07206100286593553,8,7,hbo,True,S8_D7 hbo,mild_master_32,-0.035749525992203664,
955,az_itd=0_az=5,7.0,2.15216262892299e-17,8.132312658692408e-06,3.4382900181462442e-09,-11.567309314290059,-0.039771764152133585,8,7,hbo,True,S8_D7 hbo,mild_master_32,0.012781682626551353,
956,az_itd=15_az=0,7.0,2.15216262892299e-17,0.32127135926652317,3.4527576685586925e-09,-1.067264803639348,-0.0036850067351485464,8,7,hbo,False,S8_D7 hbo,mild_master_32,0.001805278185251407,
957,az_itd=5_az=0,7.0,2.15216262892299e-17,0.00014834305055521577,3.502064465154999e-09,-7.408532156559025,-0.02594515720444349,8,7,hbo,True,S8_D7 hbo,mild_master_32,-0.0166799442524114,
958,constant,7.0,2.15216262892299e-17,0.7975475259937407,4.117412186869245e-09,0.2664815399791254,0.001097214340285735,8,7,hbo,False,S8_D7 hbo,mild_master_32,,
966,Linear,7.0,8.796648723765465e-17,0.02263203096995649,8.439087912408162e-13,2.910883526342435,2.4565201981584484e-06,8,8,hbo,True,S8_D8 hbo,mild_master_32,,
967,ShortHbO,7.0,8.796648723765465e-17,4.0307397645740483e-10,0.009779242219720305,48.69527186342639,476202.8585075776,8,8,hbo,True,S8_D8 hbo,mild_master_32,,
968,az_itd=0_az=15,7.0,8.796648723765465e-17,6.104448042236347e-08,6.963598551778789e-09,-23.669703604062253,-0.16482631373828105,8,8,hbo,True,S8_D8 hbo,mild_master_32,-0.040512994409271766,
969,az_itd=0_az=5,7.0,8.796648723765465e-17,3.3343406300573422e-06,6.95126088795346e-09,-13.206778766862255,-0.09180376469794382,8,8,hbo,True,S8_D8 hbo,mild_master_32,-0.029134038666006994,
970,az_itd=15_az=0,7.0,8.796648723765465e-17,0.001284503932257951,6.980510431162982e-09,-5.177441599706197,-0.03614118509348626,8,8,hbo,True,S8_D8 hbo,mild_master_32,-0.015869899251439456,
971,az_itd=5_az=0,7.0,8.796648723765465e-17,6.554212037462366e-08,7.080194985078237e-09,-23.427869808753396,-0.16587388633100164,8,8,hbo,True,S8_D8 hbo,mild_master_32,-0.057229393377123135,
972,constant,7.0,8.796648723765465e-17,0.39509908264557136,8.324255994437097e-09,0.905901412286796,0.007540955261597394,8,8,hbo,False,S8_D8 hbo,mild_master_32,,
910,Linear,7.0,2.186876711084704e-17,0.14454004491049607,4.2077413519349526e-13,1.642254969014369,6.910184143542416e-07,8,16,hbo,False,S8_D16 hbo,mild_master_32,,
911,ShortHbO,7.0,2.186876711084704e-17,8.089005766002503e-12,0.00487594421406652,85.18599268176203,415362.14813615044,8,16,hbo,True,S8_D16 hbo,mild_master_32,,
912,az_itd=0_az=15,7.0,2.186876711084704e-17,0.0005745870276204138,3.47206023787382e-09,-5.942129851271012,-0.02063143278488116,8,16,hbo,True,S8_D16 hbo,mild_master_32,0.0032211028105804114,
913,az_itd=0_az=5,7.0,2.186876711084704e-17,0.0006276423708633307,3.4659086609732193e-09,-5.85463371853998,-0.020291625711913563,8,16,hbo,True,S8_D16 hbo,mild_master_32,0.04480805882274719,
914,az_itd=15_az=0,7.0,2.186876711084704e-17,0.0011026708431932507,3.4804925252207946e-09,-5.317149974848477,-0.01850630074293806,8,16,hbo,True,S8_D16 hbo,mild_master_32,-0.0018666170148439363,
915,az_itd=5_az=0,7.0,2.186876711084704e-17,1.1496769546566427e-05,3.530195386953244e-09,-10.982590863840253,-0.038770691604323705,8,16,hbo,True,S8_D16 hbo,mild_master_32,-0.004362470353509294,
916,constant,7.0,2.186876711084704e-17,0.8419443226902278,4.150485992732163e-09,-0.2069444285784607,-0.0008589199520888627,8,16,hbo,False,S8_D16 hbo,mild_master_32,,
924,Linear,7.0,9.897633180012655e-17,0.016518476063690356,8.951639074911109e-13,3.1339399862145396,2.8053899639024454e-06,8,17,hbo,True,S8_D17 hbo,mild_master_32,,
925,ShortHbO,7.0,9.897633180012655e-17,2.0572454225349188e-08,0.010373188155601096,27.689521449679226,287228.61593607505,8,17,hbo,True,S8_D17 hbo,mild_master_32,,
926,az_itd=0_az=15,7.0,9.897633180012655e-17,3.396965047415618e-07,7.386535315794505e-09,-18.45742338742103,-0.13633640968975688,8,17,hbo,True,S8_D17 hbo,mild_master_32,-0.0020788368991335486,
927,az_itd=0_az=5,7.0,9.897633180012655e-17,1.4706250971228882e-07,7.373448319339646e-09,-20.842657304561932,-0.15368225647289435,8,17,hbo,True,S8_D17 hbo,mild_master_32,-0.17470452297600272,
928,az_itd=15_az=0,7.0,9.897633180012655e-17,5.262219781541208e-05,7.404474344501996e-09,-8.71347877764939,-0.06451873006046753,8,17,hbo,True,S8_D17 hbo,mild_master_32,-0.015008659457066436,
929,az_itd=5_az=0,7.0,9.897633180012655e-17,4.042964287312915e-07,7.510213277104044e-09,-17.995662470562245,-0.13515126321669954,8,17,hbo,True,S8_D17 hbo,mild_master_32,-0.042487490682323686,
930,constant,7.0,9.897633180012655e-17,0.38497262302304147,8.829832797428755e-09,0.9265903761370139,0.008181638092996452,8,17,hbo,False,S8_D17 hbo,mild_master_32,,
980,Linear,7.0,3.458333306607859e-17,0.4892740784712677,5.291396550987904e-13,-0.72968575331373,-3.8610566783892807e-07,9,15,hbo,False,S9_D15 hbo,mild_master_32,,
981,ShortHbO,7.0,3.458333306607859e-17,3.1204027663562295e-12,0.006131687344626466,97.61359961939735,598536.0734496935,9,15,hbo,True,S9_D15 hbo,mild_master_32,,
982,az_itd=0_az=15,7.0,3.458333306607859e-17,8.646937175634909e-06,4.366249260796242e-09,11.461663119232869,0.05004447812184607,9,15,hbo,True,S9_D15 hbo,mild_master_32,-0.021273904939891983,
983,az_itd=0_az=5,7.0,3.458333306607859e-17,0.887657718172365,4.358513416296198e-09,-0.14649844485617314,-0.0006385154373721594,9,15,hbo,False,S9_D15 hbo,mild_master_32,0.09819907583555429,
984,az_itd=15_az=0,7.0,3.458333306607859e-17,7.505913787859283e-05,4.376853186383114e-09,8.2464273876692,0.03609340198799692,9,15,hbo,True,S9_D15 hbo,mild_master_32,0.05520776009027164,
985,az_itd=5_az=0,7.0,3.458333306607859e-17,0.0010370491774103832,4.439356446243507e-09,5.373991722528521,0.023857064795466235,9,15,hbo,True,S9_D15 hbo,mild_master_32,0.026337625116742733,
986,constant,7.0,3.458333306607859e-17,0.3319944779465937,5.219395735141202e-09,-1.0421435499431753,-0.005439359599978322,9,15,hbo,False,S9_D15 hbo,mild_master_32,,
994,Linear,7.0,2.3087565947099048e-17,0.10723067715671773,4.323405400733262e-13,-1.8470472182647901,-7.985533918855341e-07,9,16,hbo,False,S9_D16 hbo,mild_master_32,,
995,ShortHbO,7.0,2.3087565947099048e-17,6.177944795272548e-13,0.005009976085881615,123.03928389936425,616423.8699598138,9,16,hbo,True,S9_D16 hbo,mild_master_32,,
996,az_itd=0_az=15,7.0,2.3087565947099048e-17,2.366103963262792e-06,3.5675015949333335e-09,13.893086243996152,0.04956360733400263,9,16,hbo,True,S9_D16 hbo,mild_master_32,-0.011651838542439667,
997,az_itd=0_az=5,7.0,2.3087565947099048e-17,0.000133347472845366,3.5611809210680422e-09,7.534818364221889,0.026832851402380106,9,16,hbo,True,S9_D16 hbo,mild_master_32,0.07437596018700744,
998,az_itd=15_az=0,7.0,2.3087565947099048e-17,2.6536275747751755e-05,3.5761656723105425e-09,9.67793822017966,0.034609910441748694,9,16,hbo,True,S9_D16 hbo,mild_master_32,0.029673095970134903,
999,az_itd=5_az=0,7.0,2.3087565947099048e-17,4.866683116113275e-06,3.627234785849842e-09,12.486888701497827,0.04529287706510828,9,16,hbo,True,S9_D16 hbo,mild_master_32,0.07986959562696559,
1000,constant,7.0,2.3087565947099048e-17,0.3134858131611007,4.264576183703457e-09,-1.0859274654219453,-0.004631020406267887,9,16,hbo,False,S9_D16 hbo,mild_master_32,,
1008,Linear,7.0,1.5532819806655388e-17,0.8902300660040414,3.5461903063224184e-13,-0.14311744628716444,-5.075217006891619e-08,9,17,hbo,False,S9_D17 hbo,mild_master_32,,
1009,ShortHbO,7.0,1.5532819806655388e-17,2.000421781941616e-12,0.004109336734336155,104.01869394350362,427447.84007970913,9,17,hbo,True,S9_D17 hbo,mild_master_32,,
1010,az_itd=0_az=15,7.0,1.5532819806655388e-17,0.0006260093721296714,2.926174716716758e-09,-5.8572015498647705,-0.0171391950859285,9,17,hbo,True,S9_D17 hbo,mild_master_32,-0.01414635490518275,
1011,az_itd=0_az=5,7.0,1.5532819806655388e-17,2.2361645626611396e-06,2.920990305283419e-09,14.009243815926034,0.04092086537067163,9,17,hbo,True,S9_D17 hbo,mild_master_32,0.05201970819476329,
1012,az_itd=15_az=0,7.0,1.5532819806655388e-17,0.0504520363122038,2.9332812599067803e-09,-2.358506306947075,-0.0069181623515398045,9,17,hbo,False,S9_D17 hbo,mild_master_32,0.02191517220707807,
1013,az_itd=5_az=0,7.0,1.5532819806655388e-17,0.7625066532608189,2.975169720182753e-09,-0.31422697543119715,-0.0009348785825675077,9,17,hbo,False,S9_D17 hbo,mild_master_32,0.06281633173040309,
1014,constant,7.0,1.5532819806655388e-17,0.5930085056473116,3.4979367700881695e-09,-0.5598933312464344,-0.001958471470694058,9,17,hbo,False,S9_D17 hbo,mild_master_32,,
0,Linear,7.0,2.2109431653295885e-17,0.9608278945230065,4.2308309782783595e-13,0.05089909719167199,2.153454771649269e-08,10,14,hbo,False,S10_D14 hbo,mild_master_32,,
1,ShortHbO,7.0,2.2109431653295885e-17,1.808778855544644e-13,0.0049027005473478704,146.64882019065968,718975.2510166666,10,14,hbo,True,S10_D14 hbo,mild_master_32,,
2,az_itd=0_az=15,7.0,2.2109431653295885e-17,0.08885436693851534,3.4911128760540254e-09,-1.974845429067293,-0.006894408305633264,10,14,hbo,False,S10_D14 hbo,mild_master_32,-0.017273554269678908,
3,az_itd=0_az=5,7.0,2.2109431653295885e-17,0.001765014723008157,3.484927542893195e-09,4.8940751942808225,0.0170554974415396,10,14,hbo,True,S10_D14 hbo,mild_master_32,0.11074547179376255,
4,az_itd=15_az=0,7.0,2.2109431653295885e-17,0.004791237167928123,3.499591434867751e-09,4.063026364759976,0.014218932265755864,10,14,hbo,True,S10_D14 hbo,mild_master_32,0.04387741754749646,
5,az_itd=5_az=0,7.0,2.2109431653295885e-17,0.0005171701657830199,3.5495670368685806e-09,-6.047637097048736,-0.02146649329062779,10,14,hbo,True,S10_D14 hbo,mild_master_32,-0.04183850413478563,
6,constant,7.0,2.2109431653295885e-17,0.6475802435672062,4.173261435113302e-09,-0.47746339458696263,-0.0019925795713080564,10,14,hbo,False,S10_D14 hbo,mild_master_32,,
14,Linear,7.0,1.9066323113430076e-17,0.8085796907304708,3.928894440605278e-13,0.25159626592738565,9.884951704791527e-08,10,16,hbo,False,S10_D16 hbo,mild_master_32,,
15,ShortHbO,7.0,1.9066323113430076e-17,3.702841599137507e-13,0.004552815516224147,132.3775534246537,602690.5792315544,10,16,hbo,True,S10_D16 hbo,mild_master_32,,
16,az_itd=0_az=15,7.0,1.9066323113430076e-17,0.02075191063409422,3.2419668950792415e-09,2.9718948439755066,0.00963478469982528,10,16,hbo,True,S10_D16 hbo,mild_master_32,-0.0497117351585076,
17,az_itd=0_az=5,7.0,1.9066323113430076e-17,0.5500579001798626,3.2362229830218594e-09,-0.6278011763431123,-0.0020317045956497392,10,16,hbo,False,S10_D16 hbo,mild_master_32,0.027452735838270036,
18,az_itd=15_az=0,7.0,1.9066323113430076e-17,0.0037350923479069413,3.24984037496029e-09,-4.26249155099838,-0.013852417140361645,10,16,hbo,True,S10_D16 hbo,mild_master_32,0.02098917551441575,
19,az_itd=5_az=0,7.0,1.9066323113430076e-17,0.04465869644658197,3.2962494293221973e-09,2.441528682561695,0.008047887526567763,10,16,hbo,True,S10_D16 hbo,mild_master_32,0.03320807599666771,
20,constant,7.0,1.9066323113430076e-17,0.6475950217017915,3.875433392586427e-09,-0.47744157685768585,-0.0018502930299633946,10,16,hbo,False,S10_D16 hbo,mild_master_32,,
56,Linear,7.0,2.107201700932788e-17,0.12538701871148095,4.13037934592439e-13,-1.7401193826765402,-7.187353157649882e-07,11,3,hbo,False,S11_D3 hbo,mild_master_32,,
57,ShortHbO,7.0,2.107201700932788e-17,5.383373853027964e-12,0.004786296872643711,90.29247936344362,432166.6116004971,11,3,hbo,True,S11_D3 hbo,mild_master_32,,
58,az_itd=0_az=15,7.0,2.107201700932788e-17,8.834772749605232e-05,3.408224197935692e-09,8.039191058342352,0.027399365496870647,11,3,hbo,True,S11_D3 hbo,mild_master_32,0.04281814323108913,
59,az_itd=0_az=5,7.0,2.107201700932788e-17,0.041873773758760134,3.4021857216963144e-09,2.4854632641107273,0.008456007628958232,11,3,hbo,True,S11_D3 hbo,mild_master_32,-0.04102894191832132,
60,az_itd=15_az=0,7.0,2.107201700932788e-17,3.6280781910452902e-06,3.4165014523065737e-09,13.04278337553146,0.04456068834462327,11,3,hbo,True,S11_D3 hbo,mild_master_32,0.006210765315658984,
61,az_itd=5_az=0,7.0,2.107201700932788e-17,5.752050305429421e-07,3.465290495254435e-09,17.094304216067556,0.05923672992292672,11,3,hbo,True,S11_D3 hbo,mild_master_32,0.02689059854139835,
62,constant,7.0,2.107201700932788e-17,0.45380409966896706,4.07417666298478e-09,-0.7930148517056598,-0.003230882602219535,11,3,hbo,False,S11_D3 hbo,mild_master_32,,
70,Linear,7.0,9.12899898994326e-18,0.05155130225939653,2.7186197385183064e-13,-2.3438590476583694,-6.372061471268763e-07,11,4,hbo,False,S11_D4 hbo,mild_master_32,,
71,ShortHbO,7.0,9.12899898994326e-18,1.025284735534786e-11,0.003150345298239304,82.34705888813927,259421.66979208463,11,4,hbo,True,S11_D4 hbo,mild_master_32,,
72,az_itd=0_az=15,7.0,9.12899898994326e-18,1.8620547888059176e-07,2.2432965114805977e-09,20.14164168167858,0.04518367452000176,11,4,hbo,True,S11_D4 hbo,mild_master_32,0.06173335231819166,
73,az_itd=0_az=5,7.0,9.12899898994326e-18,5.687616948915638e-06,2.239321980494444e-09,12.200842562842784,0.027321614931526014,11,4,hbo,True,S11_D4 hbo,mild_master_32,-0.010019745338281455,
74,az_itd=15_az=0,7.0,9.12899898994326e-18,2.5337077146881238e-05,2.2487446084297605e-09,9.746303215696145,0.021916946808418342,11,4,hbo,True,S11_D4 hbo,mild_master_32,-0.004265288449808082,
75,az_itd=5_az=0,7.0,9.12899898994326e-18,8.549759062070327e-06,2.2808576043734267e-09,11.481056149953643,0.026186654225860067,11,4,hbo,True,S11_D4 hbo,mild_master_32,0.02124603863715282,
76,constant,7.0,9.12899898994326e-18,0.3354852148438197,2.6816270774572644e-09,-1.034104685058864,-0.0027730831243792664,11,4,hbo,False,S11_D4 hbo,mild_master_32,,
28,Linear,7.0,1.508664423184391e-17,0.07524226312817707,3.494887583450495e-13,2.087545062770576,7.295735319770271e-07,11,11,hbo,False,S11_D11 hbo,mild_master_32,,
29,ShortHbO,7.0,1.508664423184391e-17,1.1865664816276285e-13,0.004049886974041792,155.7549659514976,630790.007749293,11,11,hbo,True,S11_D11 hbo,mild_master_32,,
30,az_itd=0_az=15,7.0,1.508664423184391e-17,8.26336701437959e-06,2.88384175723094e-09,-11.539698940236638,-0.033278665669728036,11,11,hbo,True,S11_D11 hbo,mild_master_32,-0.051998919457495615,
31,az_itd=0_az=5,7.0,1.508664423184391e-17,1.1530264331864627e-05,2.8787323486598396e-09,-10.977793256908145,-0.031602128565561334,11,11,hbo,True,S11_D11 hbo,mild_master_32,-0.036069075970081625,
32,az_itd=15_az=0,7.0,1.508664423184391e-17,2.1709625559872557e-06,2.89084549008526e-09,-14.070462712768073,-0.0406755336766184,11,11,hbo,True,S11_D11 hbo,mild_master_32,-0.05817885576258719,
33,az_itd=5_az=0,7.0,1.508664423184391e-17,2.5407222379430065e-05,2.9321279501515888e-09,-9.74220417886067,-0.028565389168920974,11,11,hbo,True,S11_D11 hbo,mild_master_32,-0.03344092752978085,
34,constant,7.0,1.508664423184391e-17,0.640678844777762,3.4473321309577197e-09,0.4876800618734244,0.0016811951469237049,11,11,hbo,False,S11_D11 hbo,mild_master_32,,
42,Linear,7.0,2.0365432001342127e-17,0.054718452261845754,4.060539127697127e-13,-2.30337306534845,-9.352936457531051e-07,11,13,hbo,False,S11_D13 hbo,mild_master_32,,
43,ShortHbO,7.0,2.0365432001342127e-17,3.547476989864569e-12,0.004705365803100245,95.83995830672767,450962.0623870296,11,13,hbo,True,S11_D13 hbo,mild_master_32,,
44,az_itd=0_az=15,7.0,2.0365432001342127e-17,2.1375552088550783e-07,3.3505948370911145e-09,19.74242139389999,0.06614885519407845,11,13,hbo,True,S11_D13 hbo,mild_master_32,0.04986760038317335,
45,az_itd=0_az=5,7.0,2.0365432001342127e-17,0.0023544128933645726,3.3446584649111943e-09,4.645461257000548,0.015537481316643882,11,13,hbo,True,S11_D13 hbo,mild_master_32,-0.009458672535862765,
46,az_itd=15_az=0,7.0,2.0365432001342127e-17,1.074326572133545e-06,3.3587321321015676e-09,15.602315771257391,0.05240399931611726,11,13,hbo,True,S11_D13 hbo,mild_master_32,0.04371729253389221,
47,az_itd=5_az=0,7.0,2.0365432001342127e-17,1.4380391211627791e-05,3.4066962054470744e-09,10.618981970095117,0.03617564558323393,11,13,hbo,True,S11_D13 hbo,mild_master_32,0.04312262305164315,
48,constant,7.0,2.0365432001342127e-17,0.38333298268209226,4.005286770941318e-09,-0.9299783794690154,-0.003724830100548692,11,13,hbo,False,S11_D13 hbo,mild_master_32,,
112,Linear,7.0,1.4639865697310595e-17,0.20564227400265087,3.442749568787722e-13,-1.3951297687144304,-4.803082409644521e-07,12,2,hbo,False,S12_D2 hbo,mild_master_32,,
113,ShortHbO,7.0,1.4639865697310595e-17,1.770309283626471e-13,0.003989469274933229,147.10001563285618,586850.9927094774,12,2,hbo,True,S12_D2 hbo,mild_master_32,,
114,az_itd=0_az=15,7.0,1.4639865697310595e-17,0.0002322532140822192,2.8408195482947725e-09,6.895563522571755,0.019589051651430205,12,2,hbo,True,S12_D2 hbo,mild_master_32,0.040524395090952035,
115,az_itd=0_az=5,7.0,1.4639865697310595e-17,0.6682993353990374,2.8357863637545282e-09,-0.44711432115607624,-0.001267920694973764,12,2,hbo,False,S12_D2 hbo,mild_master_32,0.027316634998140656,
116,az_itd=15_az=0,7.0,1.4639865697310595e-17,0.05721343516364064,2.847718796893868e-09,2.273122890179852,0.00647321478201488,12,2,hbo,False,S12_D2 hbo,mild_master_32,0.011587526175321909,
117,az_itd=5_az=0,7.0,1.4639865697310595e-17,7.196940261300599e-08,2.8883853900812603e-09,23.113316731412535,0.06676016636333272,12,2,hbo,True,S12_D2 hbo,mild_master_32,0.14269898653668642,
118,constant,7.0,1.4639865697310595e-17,0.35189680864712264,3.3959035659754187e-09,-0.9971677510316612,-0.003386285521604107,12,2,hbo,False,S12_D2 hbo,mild_master_32,,
126,Linear,7.0,7.849321991614826e-17,0.2782579164746306,7.971736935506113e-13,-1.175407220352339,-9.370037152743313e-07,12,4,hbo,False,S12_D4 hbo,mild_master_32,,
127,ShortHbO,7.0,7.849321991614826e-17,9.082552730279805e-12,0.009237674404313598,83.78656434502784,773993.000875438,12,4,hbo,True,S12_D4 hbo,mild_master_32,,
128,az_itd=0_az=15,7.0,7.849321991614826e-17,5.9200114947351925e-05,6.577959177037541e-09,8.55616404168596,0.056282097778246776,12,4,hbo,True,S12_D4 hbo,mild_master_32,0.01888515542643836,
129,az_itd=0_az=5,7.0,7.849321991614826e-17,0.049107091294947815,6.566304764684564e-09,-2.3768768544655434,-0.015607297814545555,12,4,hbo,True,S12_D4 hbo,mild_master_32,0.035933740170708585,
130,az_itd=15_az=0,7.0,7.849321991614826e-17,0.00017211828225443412,6.593934487987623e-09,7.235207839130101,0.04770848649819839,12,4,hbo,True,S12_D4 hbo,mild_master_32,-0.05275017778131441,
131,az_itd=5_az=0,7.0,7.849321991614826e-17,7.107128918209471e-06,6.6880985787748855e-09,11.802435015259245,0.0789358488516383,12,4,hbo,True,S12_D4 hbo,mild_master_32,0.023001973509279863,
132,constant,7.0,7.849321991614826e-17,0.5829409282638427,7.863264331432515e-09,-0.5755480811560312,-0.004525686697578646,12,4,hbo,False,S12_D4 hbo,mild_master_32,,
84,Linear,7.0,4.19341810253e-17,0.01915156239273135,5.826677339500013e-13,3.0286307086536612,1.7646853919826155e-06,12,10,hbo,True,S12_D10 hbo,mild_master_32,,
85,ShortHbO,7.0,4.19341810253e-17,9.273579148570299e-10,0.006751972444243239,43.21544305083467,291789.48064499866,12,10,hbo,True,S12_D10 hbo,mild_master_32,,
86,az_itd=0_az=15,7.0,4.19341810253e-17,1.0092517988123422e-06,4.807941605083513e-09,-15.745761984293392,-0.07570470414802653,12,10,hbo,True,S12_D10 hbo,mild_master_32,-0.03588854951682721,
87,az_itd=0_az=5,7.0,4.19341810253e-17,3.552806605295893e-07,4.799423198002138e-09,-18.33737142577405,-0.08800880581124153,12,10,hbo,True,S12_D10 hbo,mild_master_32,-0.0541957966065948,
88,az_itd=15_az=0,7.0,4.19341810253e-17,1.200422159849734e-05,4.819618230022016e-09,-10.911555231462778,-0.0525895305114501,12,10,hbo,True,S12_D10 hbo,mild_master_32,-0.09779605450557297,
89,az_itd=5_az=0,7.0,4.19341810253e-17,5.518051523729164e-07,4.88844435642629e-09,-17.198182374109503,-0.0840723575675057,12,10,hbo,True,S12_D10 hbo,mild_master_32,-0.006593296887716063,
90,constant,7.0,4.19341810253e-17,0.6305405729912624,5.747392878757573e-09,0.5027916203450314,0.0028897409782700154,12,10,hbo,False,S12_D10 hbo,mild_master_32,,
98,Linear,7.0,3.6096339596826993e-17,0.31104173386358946,5.405905731575369e-13,-1.091863050814042,-5.902508724490998e-07,12,12,hbo,False,S12_D12 hbo,mild_master_32,,
99,ShortHbO,7.0,3.6096339596826993e-17,1.1306501936500706e-12,0.006264380951443861,112.85718767739877,706980.4167198217,12,12,hbo,True,S12_D12 hbo,mild_master_32,,
100,az_itd=0_az=15,7.0,3.6096339596826993e-17,0.02412979187077555,4.4607376666975275e-09,2.865995011032845,0.012784451898281408,12,12,hbo,True,S12_D12 hbo,mild_master_32,0.027277963661988126,
101,az_itd=0_az=5,7.0,3.6096339596826993e-17,0.00079641003563161,4.4528344136114294e-09,5.623197822385364,0.025039168778062396,12,12,hbo,True,S12_D12 hbo,mild_master_32,0.027124148189523863,
102,az_itd=15_az=0,7.0,3.6096339596826993e-17,0.002159323119302007,4.471571067965963e-09,4.719295037332323,0.021102663150130565,12,12,hbo,True,S12_D12 hbo,mild_master_32,-0.00818699502668005,
103,az_itd=5_az=0,7.0,3.6096339596826993e-17,0.0035444038563116113,4.535426938049705e-09,4.305086348243724,0.019525404594454617,12,12,hbo,True,S12_D12 hbo,mild_master_32,0.023228902084825195,
104,constant,7.0,3.6096339596826993e-17,0.6362544504412253,5.332346772364287e-09,-0.4942594826978779,-0.002635562957274471,12,12,hbo,False,S12_D12 hbo,mild_master_32,,
140,Linear,7.0,2.5706112765565763e-15,0.27092840672569024,4.561997998720605e-12,1.195192157152302,5.452464229015365e-06,13,1,hbo,False,S13_D1 hbo,mild_master_32,,
141,ShortHbO,7.0,2.5706112765565763e-15,0.0016842016564646517,0.05286457955932993,4.935247445027396,260899.78120263052,13,1,hbo,True,S13_D1 hbo,mild_master_32,,
142,az_itd=0_az=15,7.0,2.5706112765565763e-15,0.000123068770432948,3.7643786848575805e-08,-7.631014186693229,-0.287260271482338,13,1,hbo,True,S13_D1 hbo,mild_master_32,0.11809662351493469,
143,az_itd=0_az=5,7.0,2.5706112765565763e-15,0.019115480120797668,3.75770919660669e-08,3.0299672277124805,0.11385735716992065,13,1,hbo,True,S13_D1 hbo,mild_master_32,0.027366162916830663,
144,az_itd=15_az=0,7.0,2.5706112765565763e-15,0.002025510594955578,3.7735209003085957e-08,4.774339367228523,0.18016069387402944,13,1,hbo,True,S13_D1 hbo,mild_master_32,-0.008626521369310743,
145,az_itd=5_az=0,7.0,2.5706112765565763e-15,0.01576603461244798,3.827408327502725e-08,-3.1673461823437616,-0.12122727154386477,13,1,hbo,True,S13_D1 hbo,mild_master_32,0.1947332719453617,
146,constant,7.0,2.5706112765565763e-15,0.3180778721369543,4.499922216905014e-08,-1.0748754782264223,-0.04836856044877479,13,1,hbo,False,S13_D1 hbo,mild_master_32,,
168,Linear,7.0,7.929956102217063e-17,0.41431277862675353,8.012578139913653e-13,0.8676992838661899,6.952508313924964e-07,13,3,hbo,False,S13_D3 hbo,mild_master_32,,
169,ShortHbO,7.0,7.929956102217063e-17,5.3322224879789646e-06,0.009285001323358863,-12.318505298130248,-114377.33799494253,13,3,hbo,True,S13_D3 hbo,mild_master_32,,
170,az_itd=0_az=15,7.0,7.929956102217063e-17,0.02003443527068204,6.611659708992786e-09,2.996735718067459,0.019813396805646182,13,3,hbo,True,S13_D3 hbo,mild_master_32,0.06338295454020877,
171,az_itd=0_az=5,7.0,7.929956102217063e-17,1.5284075027897678e-06,6.599945588167112e-09,-14.8159624234514,-0.09778454583110778,13,3,hbo,True,S13_D3 hbo,mild_master_32,-0.053254676636728435,
172,az_itd=15_az=0,7.0,7.929956102217063e-17,0.11143774590877467,6.627716865461011e-09,1.8208006108716512,0.012067750917315755,13,3,hbo,False,S13_D3 hbo,mild_master_32,-0.01789231426580774,
173,az_itd=5_az=0,7.0,7.929956102217063e-17,0.06725391514155302,6.72236338246364e-09,2.163555721456884,0.014544207757841461,13,3,hbo,False,S13_D3 hbo,mild_master_32,-0.015998965423474443,
174,constant,7.0,7.929956102217063e-17,0.9586091771355763,7.903549803528334e-09,-0.05378512724889585,-0.0004250934319007572,13,3,hbo,False,S13_D3 hbo,mild_master_32,,
154,Linear,7.0,2.06293328216526e-16,0.15865961931138392,1.292348007383005e-12,1.577621160780455,2.0388355635398846e-06,13,11,hbo,False,S13_D11 hbo,mild_master_32,,
155,ShortHbO,7.0,2.06293328216526e-16,0.015413738371878353,0.01497577028174942,3.1835768698487694,47676.51587714605,13,11,hbo,True,S13_D11 hbo,mild_master_32,,
156,az_itd=0_az=15,7.0,2.06293328216526e-16,2.3211321464376217e-06,1.0663939996850261e-08,-13.932448404523939,-0.14857479379505545,13,11,hbo,True,S13_D11 hbo,mild_master_32,-0.20651366628120313,
157,az_itd=0_az=5,7.0,2.06293328216526e-16,1.461684199525677e-06,1.064504630190844e-08,-14.91341161447363,-0.1587539571554909,13,11,hbo,True,S13_D11 hbo,mild_master_32,-0.15012903523821938,
158,az_itd=15_az=0,7.0,2.06293328216526e-16,0.0029070155738992742,1.0689838570073002e-08,4.468259301558117,0.04776497062288341,13,11,hbo,True,S13_D11 hbo,mild_master_32,-0.05198896346412272,
159,az_itd=5_az=0,7.0,2.06293328216526e-16,7.740026327558154e-06,1.0842493852203463e-08,-11.653078106671353,-0.12634842773083094,13,11,hbo,True,S13_D11 hbo,mild_master_32,-0.0987089448684445,
160,constant,7.0,2.06293328216526e-16,0.5872439405571572,1.2747628368154994e-08,0.5688384190352668,0.007251340767390404,13,11,hbo,False,S13_D11 hbo,mild_master_32,,
182,Linear,7.0,4.191233995553645e-17,0.560169574617621,5.825159753629039e-13,0.6115412977414192,3.5623257552853885e-07,14,1,hbo,False,S14_D1 hbo,mild_master_32,,
183,ShortHbO,7.0,4.191233995553645e-17,4.9906963522756006e-12,0.006750213860854191,91.27549195282369,616129.0909362356,14,1,hbo,True,S14_D1 hbo,mild_master_32,,
184,az_itd=0_az=15,7.0,4.191233995553645e-17,0.00017249398016638365,4.8066893537877575e-09,-7.232689795412453,-0.0347652930388584,14,1,hbo,True,S14_D1 hbo,mild_master_32,0.029066128765924515,
185,az_itd=0_az=5,7.0,4.191233995553645e-17,0.5686729537162805,4.7981731653660875e-09,-0.5980022614222865,-0.0028693184035846514,14,1,hbo,False,S14_D1 hbo,mild_master_32,0.04907773160040258,
186,az_itd=15_az=0,7.0,4.191233995553645e-17,0.0006717085346717949,4.818362937493668e-09,5.7880302240429335,0.02788883031262164,14,1,hbo,True,S14_D1 hbo,mild_master_32,-0.002693145986440175,
187,az_itd=5_az=0,7.0,4.191233995553645e-17,3.130685519562698e-05,4.887171137805437e-09,-9.436950954843516,-0.046119994335396694,14,1,hbo,True,S14_D1 hbo,mild_master_32,0.030601028637564576,
188,constant,7.0,4.191233995553645e-17,0.9078848559918349,5.745895942902106e-09,-0.11996052077804727,-0.0006892806696470055,14,1,hbo,False,S14_D1 hbo,mild_master_32,,
210,Linear,7.0,1.661329829795374e-17,0.9502932601029987,3.6674552032339756e-13,0.06460696159511876,2.3694313746715594e-08,14,2,hbo,False,S14_D2 hbo,mild_master_32,,
211,ShortHbO,7.0,1.661329829795374e-17,1.9961326160189336e-12,0.004249858886961667,104.05061276511258,442200.42135362077,14,2,hbo,True,S14_D2 hbo,mild_master_32,,
212,az_itd=0_az=15,7.0,1.661329829795374e-17,0.006362731845026733,3.0262376701164172e-09,-3.84142957401975,-0.01162507888399783,14,2,hbo,True,S14_D2 hbo,mild_master_32,0.02522297293228936,
213,az_itd=0_az=5,7.0,1.661329829795374e-17,0.003013871165457046,3.0208759734660692e-09,4.438303103137354,0.01340756320722753,14,2,hbo,True,S14_D2 hbo,mild_master_32,0.04414498802668127,
214,az_itd=15_az=0,7.0,1.661329829795374e-17,0.016350476221907058,3.0335872274012553e-09,3.141255891050397,0.009529273749089434,14,2,hbo,True,S14_D2 hbo,mild_master_32,0.03477096232871285,
215,az_itd=5_az=0,7.0,1.661329829795374e-17,0.0019327608815774455,3.076908098060871e-09,-4.814908971005021,-0.014815032404311286,14,2,hbo,True,S14_D2 hbo,mild_master_32,0.06737306731309438,
216,constant,7.0,1.661329829795374e-17,0.7388319565704332,3.617551597603668e-09,-0.346940964891095,-0.001255076841815939,14,2,hbo,False,S14_D2 hbo,mild_master_32,,
224,Linear,7.0,9.80879292976475e-17,0.0027984065800532557,8.911373970432305e-13,4.499977182911637,4.010097953533806e-06,14,9,hbo,True,S14_D9 hbo,mild_master_32,,
225,ShortHbO,7.0,9.80879292976475e-17,4.1069790123313044e-08,0.010326528823006444,25.06338440024741,258817.76141124495,14,9,hbo,True,S14_D9 hbo,mild_master_32,,
226,az_itd=0_az=15,7.0,9.80879292976475e-17,1.6681028147159654e-08,7.353310158509018e-09,-28.538218538493865,-0.2098503722848573,14,9,hbo,True,S14_D9 hbo,mild_master_32,-0.07741103658768739,
227,az_itd=0_az=5,7.0,9.80879292976475e-17,1.71014703133036e-07,7.340282028288059e-09,-20.39175425580556,-0.14968122728915606,14,9,hbo,True,S14_D9 hbo,mild_master_32,-0.1360912302472275,
228,az_itd=15_az=0,7.0,9.80879292976475e-17,2.6280877272031595e-06,7.3711684961990185e-09,-13.67952380833129,-0.100834074938976,14,9,hbo,True,S14_D9 hbo,mild_master_32,-0.12773040068805455,
229,az_itd=5_az=0,7.0,9.80879292976475e-17,1.0257407210428932e-08,7.476431807617831e-09,-30.606319704168282,-0.2288260621503641,14,9,hbo,True,S14_D9 hbo,mild_master_32,-0.21602777221225625,
230,constant,7.0,9.80879292976475e-17,0.28213326020734697,8.790115586184694e-09,1.165121428377304,0.010241552027377114,14,9,hbo,False,S14_D9 hbo,mild_master_32,,
196,Linear,7.0,1.4356821855965593e-16,0.004924188114841031,1.0781173671010427e-12,4.041390339546941,4.357093112299937e-06,14,10,hbo,True,S14_D10 hbo,mild_master_32,,
197,ShortHbO,7.0,1.4356821855965593e-16,5.174788041006124e-07,0.012493258730800011,17.360017585617232,216883.1912683542,14,10,hbo,True,S14_D10 hbo,mild_master_32,,
198,az_itd=0_az=15,7.0,1.4356821855965593e-16,2.829792519136134e-07,8.896194250037186e-09,-18.95422770461258,-0.16862049151966998,14,10,hbo,True,S14_D10 hbo,mild_master_32,-0.054911244450327204,
199,az_itd=0_az=5,7.0,1.4356821855965593e-16,3.071608518058647e-08,8.880432535290757e-09,-26.13564152870955,-0.23209580136224853,14,10,hbo,True,S14_D10 hbo,mild_master_32,-0.21118220317649963,
200,az_itd=15_az=0,7.0,1.4356821855965593e-16,2.465857068534498e-07,8.917799654630268e-09,-19.33712052223447,-0.17244456671472644,14,10,hbo,True,S14_D10 hbo,mild_master_32,-0.1869663317083171,
201,az_itd=5_az=0,7.0,1.4356821855965593e-16,9.474218237835675e-08,9.045149493763641e-09,-22.212593004792705,-0.20091622437247855,14,10,hbo,True,S14_D10 hbo,mild_master_32,-0.18358873113389396,
202,constant,7.0,1.4356821855965593e-16,0.2847304334615004,1.0634472645559443e-08,1.1582936023428023,0.012317841629641038,14,10,hbo,False,S14_D10 hbo,mild_master_32,,
238,Linear,7.0,1.1143598849272191e-16,0.026539500744528304,9.498381767866815e-13,2.7996000604052194,2.6591670171071768e-06,15,17,hbo,True,S15_D17 hbo,mild_master_32,,
239,ShortHbO,7.0,1.1143598849272191e-16,0.00011656701356272132,0.011006755346957714,7.696667159707252,84715.33241386163,15,17,hbo,True,S15_D17 hbo,mild_master_32,,
240,az_itd=0_az=15,7.0,1.1143598849272191e-16,1.5103168547005941e-05,7.83768556619823e-09,-10.540767152133087,-0.08261521856492993,15,17,hbo,True,S15_D17 hbo,mild_master_32,-0.011718094870383349,
241,az_itd=0_az=5,7.0,1.1143598849272191e-16,1.7995086035087627e-07,7.823799250241708e-09,-20.241698737044942,-0.15836698740251073,15,17,hbo,True,S15_D17 hbo,mild_master_32,-0.2782388673190424,
242,az_itd=15_az=0,7.0,1.1143598849272191e-16,3.3856537827760074e-06,7.856720263842154e-09,-13.176972393226432,-0.10352778601795076,15,17,hbo,True,S15_D17 hbo,mild_master_32,-0.04321508682568205,
243,az_itd=5_az=0,7.0,1.1143598849272191e-16,1.2411975371550412e-07,7.968917453784261e-09,-21.361068245240862,-0.17022458957097664,15,17,hbo,True,S15_D17 hbo,mild_master_32,-0.06305823779602683,
244,constant,7.0,1.1143598849272191e-16,0.2773580000245364,9.36913588165892e-09,1.1778127966931242,0.011035088135374594,15,17,hbo,False,S15_D17 hbo,mild_master_32,,
252,Linear,7.0,1.7878847284976916e-16,0.0056574795318408665,1.2031136209578692e-12,3.932503101468033,4.731248045835256e-06,15,22,hbo,True,S15_D22 hbo,mild_master_32,,
253,ShortHbO,7.0,1.7878847284976916e-16,3.0500094278841047e-05,0.01394171934136704,9.474654484782175,132092.97368325762,15,22,hbo,True,S15_D22 hbo,mild_master_32,,
254,az_itd=0_az=15,7.0,1.7878847284976916e-16,1.6397128746935513e-06,9.927613452407825e-09,-14.663717609909911,-0.14557572020645115,15,22,hbo,True,S15_D22 hbo,mild_master_32,-0.08910318987366359,
255,az_itd=0_az=5,7.0,1.7878847284976916e-16,3.080607323562138e-08,9.910024334302742e-09,-26.1246219923216,-0.25889563966836765,15,22,hbo,True,S15_D22 hbo,mild_master_32,-0.4342120004513521,
256,az_itd=15_az=0,7.0,1.7878847284976916e-16,1.8468770603124584e-07,9.951723774108827e-09,-20.165565880801296,-0.20068214139432805,15,22,hbo,True,S15_D22 hbo,mild_master_32,-0.14495803830134457,
257,az_itd=5_az=0,7.0,1.7878847284976916e-16,2.9088364842898347e-08,1.009383847401403e-08,-26.34157552514959,-0.2658876085019013,15,22,hbo,True,S15_D22 hbo,mild_master_32,-0.12865409062348696,
258,constant,7.0,1.7878847284976916e-16,0.21178710964894762,1.1867426758906221e-08,1.3741143247084604,0.016307201106841536,15,22,hbo,False,S15_D22 hbo,mild_master_32,,
266,Linear,7.0,1.7572932672063614e-17,0.2063606563089263,3.7718899125235753e-13,-1.3926443482418152,-5.252901168866272e-07,16,16,hbo,False,S16_D16 hbo,mild_master_32,,
267,ShortHbO,7.0,1.7572932672063614e-17,2.576063747970108e-12,0.004370878164031578,100.32549721977452,438510.52509352326,16,16,hbo,True,S16_D16 hbo,mild_master_32,,
268,az_itd=0_az=15,7.0,1.7572932672063614e-17,0.1041463544757435,3.112413024362368e-09,1.8669298651693969,0.00581065682792431,16,16,hbo,False,S16_D16 hbo,mild_master_32,0.0018568283380832387,
269,az_itd=0_az=5,7.0,1.7572932672063614e-17,7.026337538721218e-06,3.1068986476655165e-09,11.822584242177825,0.036731570993933926,16,16,hbo,True,S16_D16 hbo,mild_master_32,0.03132404878309717,
270,az_itd=15_az=0,7.0,1.7572932672063614e-17,0.009357176606905219,3.1199718681513115e-09,3.548927942858838,0.011072555343815679,16,16,hbo,True,S16_D16 hbo,mild_master_32,-0.002262299639703928,
271,az_itd=5_az=0,7.0,1.7572932672063614e-17,2.269901149937438e-05,3.1645263469350345e-09,9.910552685739995,0.03136220508671198,16,16,hbo,True,S16_D16 hbo,mild_master_32,0.07222802015474762,
272,constant,7.0,1.7572932672063614e-17,0.5164588029051501,3.7205652483505727e-09,-0.6831817496446937,-0.002541822276035388,16,16,hbo,False,S16_D16 hbo,mild_master_32,,
280,Linear,7.0,2.846502797755949e-16,0.019365656903164667,1.5180731316187133e-12,3.02075504482752,4.585727070754341e-06,16,18,hbo,True,S16_D18 hbo,mild_master_32,,
281,ShortHbO,7.0,2.846502797755949e-16,2.2836187422274972e-07,0.0175914802825089,19.553906433798907,343982.15947619744,16,18,hbo,True,S16_D18 hbo,mild_master_32,,
282,az_itd=0_az=15,7.0,2.846502797755949e-16,5.619343632437695e-07,1.2526533637943546e-08,-17.15261139234023,-0.2148627635847236,16,18,hbo,True,S16_D18 hbo,mild_master_32,-0.12529659645791735,
283,az_itd=0_az=5,7.0,2.846502797755949e-16,4.6037776317021734e-08,1.2504339917301488e-08,-24.65380145920004,-0.30827951369950074,16,18,hbo,True,S16_D18 hbo,mild_master_32,-0.5146886513107373,
284,az_itd=15_az=0,7.0,2.846502797755949e-16,1.824486559558713e-06,1.2556955728535318e-08,-14.43528070256157,-0.18126318071104586,16,18,hbo,True,S16_D18 hbo,mild_master_32,-0.08678944181019096,
285,az_itd=5_az=0,7.0,2.846502797755949e-16,6.413821495751677e-07,1.2736274209995434e-08,-16.824774890096332,-0.21428494652171268,16,18,hbo,True,S16_D18 hbo,mild_master_32,-0.042383588824827054,
286,constant,7.0,2.846502797755949e-16,0.17516987290494873,1.497416485884782e-08,1.5084757548857266,0.02258816463923379,16,18,hbo,False,S16_D18 hbo,mild_master_32,,
294,Linear,7.0,3.609524633509155e-17,0.5760090330854193,5.405823865731097e-13,0.5864168933666764,3.170066437429467e-07,16,22,hbo,False,S16_D22 hbo,mild_master_32,,
295,ShortHbO,7.0,3.609524633509155e-17,9.524164047784093e-12,0.006264286085040173,83.2197087511402,521312.06353086344,16,22,hbo,True,S16_D22 hbo,mild_master_32,,
296,az_itd=0_az=15,7.0,3.609524633509155e-17,0.005436036640992872,4.460670114269998e-09,-3.9636789633111946,-0.017680664294202935,16,22,hbo,True,S16_D22 hbo,mild_master_32,-0.01881445090906443,
297,az_itd=0_az=5,7.0,3.609524633509155e-17,0.0017426816890613237,4.452766980869022e-09,-4.905240996150613,-0.021841895140864515,16,22,hbo,True,S16_D22 hbo,mild_master_32,-0.04971638448057203,
298,az_itd=15_az=0,7.0,3.609524633509155e-17,0.0014248852811579304,4.471503351479795e-09,-5.083862091676447,-0.02273250638139231,16,22,hbo,True,S16_D22 hbo,mild_master_32,-0.06318162505595316,
299,az_itd=5_az=0,7.0,3.609524633509155e-17,0.0038042206571703824,4.535358254544322e-09,-4.247637144149384,-0.01926455618402698,16,22,hbo,True,S16_D22 hbo,mild_master_32,0.04232766712211095,
300,constant,7.0,3.609524633509155e-17,0.8705585053353877,5.332266020480671e-09,0.16902375191173102,0.0009012796089730782,16,22,hbo,False,S16_D22 hbo,mild_master_32,,
308,Linear,7.0,2.0783967575301358e-17,0.4463051271763685,4.102051555249288e-13,-0.8068338006336234,-3.309673846716849e-07,16,23,hbo,False,S16_D23 hbo,mild_master_32,,
309,ShortHbO,7.0,2.0783967575301358e-17,1.6770721289258007e-12,0.0047534705376846885,106.67338544171608,507068.7948522802,16,23,hbo,True,S16_D23 hbo,mild_master_32,,
310,az_itd=0_az=15,7.0,2.0783967575301358e-17,0.00030026788664245174,3.3848492355976185e-09,6.614383566190986,0.02238869115797101,16,23,hbo,True,S16_D23 hbo,mild_master_32,-0.006364861885900146,
311,az_itd=0_az=5,7.0,2.0783967575301358e-17,0.00010739392262983456,3.3788521736392503e-09,7.796679501739832,0.02634382748162222,16,23,hbo,True,S16_D23 hbo,mild_master_32,0.0059113255141137865,
312,az_itd=15_az=0,7.0,2.0783967575301358e-17,0.18706502296953004,3.3930697212531974e-09,1.462259630811315,0.004961548877916752,16,23,hbo,False,S16_D23 hbo,mild_master_32,-0.07393306910088943,
313,az_itd=5_az=0,7.0,2.0783967575301358e-17,3.600408215199882e-05,3.4415241494647074e-09,9.237274035576162,0.03179030166865868,16,23,hbo,True,S16_D23 hbo,mild_master_32,0.027085015559774172,
314,constant,7.0,2.0783967575301358e-17,0.42372126906379415,4.046234332749108e-09,-0.8494614453218214,-0.0034371200644078333,16,23,hbo,False,S16_D23 hbo,mild_master_32,,
322,Linear,7.0,2.034140829681745e-17,0.4161498259032679,4.058143451111113e-13,-0.8641149538529542,-3.506702440985548e-07,17,15,hbo,False,S17_D15 hbo,mild_master_32,,
323,ShortHbO,7.0,2.034140829681745e-17,5.965820099874043e-13,0.00470258968536597,123.65519796246215,581499.6584801616,17,15,hbo,True,S17_D15 hbo,mild_master_32,,
324,az_itd=0_az=15,7.0,2.034140829681745e-17,6.543504785077003e-05,3.3486180203808197e-09,8.424320302442053,0.02820983077421746,17,15,hbo,True,S17_D15 hbo,mild_master_32,-0.03991636395948347,
325,az_itd=0_az=5,7.0,2.034140829681745e-17,0.014083789100886809,3.3426851505998154e-09,3.248637452204919,0.010859172171167799,17,15,hbo,True,S17_D15 hbo,mild_master_32,0.05520835397117731,
326,az_itd=15_az=0,7.0,2.034140829681745e-17,0.0030135409575143173,3.3567505144703806e-09,4.438393862235682,0.014898580880481805,17,15,hbo,True,S17_D15 hbo,mild_master_32,0.003495372361233872,
327,az_itd=5_az=0,7.0,2.034140829681745e-17,0.00038585467944466067,3.4046862895028144e-09,6.348303790712222,0.021613982877836644,17,15,hbo,True,S17_D15 hbo,mild_master_32,0.03998158591237541,
328,constant,7.0,2.034140829681745e-17,0.5025121687767465,4.002923692681102e-09,-0.7068361353533722,-0.00282941111304916,17,15,hbo,False,S17_D15 hbo,mild_master_32,,
336,Linear,7.0,2.8329732686455196e-17,0.502563054165349,4.789146524825373e-13,-0.7067490666628238,-3.384724836531839e-07,17,16,hbo,False,S17_D16 hbo,mild_master_32,,
337,ShortHbO,7.0,2.8329732686455196e-17,6.163232340430479e-13,0.0055496783986736,123.08121699315127,683061.1712293496,17,16,hbo,True,S17_D16 hbo,mild_master_32,,
338,az_itd=0_az=15,7.0,2.8329732686455196e-17,0.0006836043570595229,3.951812583383052e-09,5.770885489833297,0.02280545789598589,17,16,hbo,True,S17_D16 hbo,mild_master_32,-0.040684663996917274,
339,az_itd=0_az=5,7.0,2.8329732686455196e-17,0.0009853967181984143,3.944811011596288e-09,5.421627203029657,0.021387294691281374,17,16,hbo,True,S17_D16 hbo,mild_master_32,0.025957806587751996,
340,az_itd=15_az=0,7.0,2.8329732686455196e-17,0.0008793434763660245,3.961410003059412e-09,-5.528804885152449,-0.021901862977006654,17,16,hbo,True,S17_D16 hbo,mild_master_32,-0.021569782770752607,
341,az_itd=5_az=0,7.0,2.8329732686455196e-17,1.4297618454689221e-06,4.017980563754729e-09,14.96184247465141,0.060116392261109326,17,16,hbo,True,S17_D16 hbo,mild_master_32,0.0988749281071759,
342,constant,7.0,2.8329732686455196e-17,0.5124333202041271,4.7239798994035e-09,-0.6899667414880231,-0.003259389018046352,17,16,hbo,False,S17_D16 hbo,mild_master_32,,
350,Linear,7.0,2.354382385203768e-17,0.4070385705814343,4.36591610578768e-13,0.8820066812740365,3.8507671751866565e-07,17,17,hbo,False,S17_D17 hbo,mild_master_32,,
351,ShortHbO,7.0,2.354382385203768e-17,2.1223209396803584e-12,0.005059237627646929,103.14290091663564,521824.4453421019,17,17,hbo,True,S17_D17 hbo,mild_master_32,,
352,az_itd=0_az=15,7.0,2.354382385203768e-17,0.0001417817298015987,3.6025797321946822e-09,-7.4619313566366765,-0.02688220266844726,17,17,hbo,True,S17_D17 hbo,mild_master_32,-0.023710318248588002,
353,az_itd=0_az=5,7.0,2.354382385203768e-17,0.09178449373684355,3.5961969091026754e-09,1.9528272934043331,0.007022751476552007,17,17,hbo,False,S17_D17 hbo,mild_master_32,0.017337737294139892,
354,az_itd=15_az=0,7.0,2.354382385203768e-17,0.0018172571677578016,3.6113290007588864e-09,-4.868555919173511,-0.01758195718272764,17,17,hbo,True,S17_D17 hbo,mild_master_32,-0.04441838257814529,
355,az_itd=5_az=0,7.0,2.354382385203768e-17,0.000662181311049473,3.662900261060248e-09,5.802007815415846,0.021252175941760296,17,17,hbo,True,S17_D17 hbo,mild_master_32,0.046476931242223574,
356,constant,7.0,2.354382385203768e-17,0.4869142808240484,4.306508439303815e-09,-0.7338013999350786,-0.0031601219215933703,17,17,hbo,False,S17_D17 hbo,mild_master_32,,
364,Linear,7.0,1.660964563020911e-17,0.9776091341579194,3.6670520102168217e-13,0.0290843776231447,1.0665392542885792e-08,17,21,hbo,False,S17_D21 hbo,mild_master_32,,
365,ShortHbO,7.0,1.660964563020911e-17,3.211755434675278e-13,0.004249391665596399,135.09676371366422,574079.0617738906,17,21,hbo,True,S17_D21 hbo,mild_master_32,,
366,az_itd=0_az=15,7.0,1.660964563020911e-17,0.0031285027851028816,3.0259049713295953e-09,4.407440829068308,0.013336497115518826,17,21,hbo,True,S17_D21 hbo,mild_master_32,-0.05728569425700752,
367,az_itd=0_az=5,7.0,1.660964563020911e-17,0.012841291355865661,3.0205438641339317e-09,3.315661683105739,0.010015101552449026,17,21,hbo,True,S17_D21 hbo,mild_master_32,0.037693948383363964,
368,az_itd=15_az=0,7.0,1.660964563020911e-17,0.037728105401946536,3.0332537206181493e-09,-2.5567861330383437,-0.007755381050863447,17,21,hbo,True,S17_D21 hbo,mild_master_32,0.01680163061958096,
369,az_itd=5_az=0,7.0,1.660964563020911e-17,0.5077981903971633,3.0765698286640236e-09,0.6978216528495312,0.002146897042945328,17,21,hbo,False,S17_D21 hbo,mild_master_32,0.00973589502020068,
370,constant,7.0,1.660964563020911e-17,0.5530234667998477,3.617153890893559e-09,-0.6230140034532556,-0.0022535375266721173,17,21,hbo,False,S17_D21 hbo,mild_master_32,,
378,Linear,7.0,1.989598391594655e-17,0.1778478247742993,4.0134660797489065e-13,-1.497827692905374,-6.01148063878428e-07,17,23,hbo,False,S17_D23 hbo,mild_master_32,,
379,ShortHbO,7.0,1.989598391594655e-17,5.65231590381212e-13,0.004650817403713469,124.61285126468883,579551.6173881728,17,23,hbo,True,S17_D23 hbo,mild_master_32,,
380,az_itd=0_az=15,7.0,1.989598391594655e-17,5.358569136153391e-07,3.3117520365512514e-09,17.271901090369727,0.05720025361114372,17,23,hbo,True,S17_D23 hbo,mild_master_32,0.023984931712424263,
381,az_itd=0_az=5,7.0,1.989598391594655e-17,0.00031462810865833353,3.305884483590523e-09,6.564195473408659,0.02170047196279683,17,23,hbo,True,S17_D23 hbo,mild_master_32,0.011352544407751517,
382,az_itd=15_az=0,7.0,1.989598391594655e-17,0.11532339123433392,3.31979499746809e-09,-1.7973942424743916,-0.005966980414644432,17,23,hbo,False,S17_D23 hbo,mild_master_32,-0.04503989284288622,
383,az_itd=5_az=0,7.0,1.989598391594655e-17,1.0759565233572506e-06,3.367203032550357e-09,15.598850897938703,0.05252449804784006,17,23,hbo,True,S17_D23 hbo,mild_master_32,0.0436324582004245,
384,constant,7.0,1.989598391594655e-17,0.31176108937255387,3.958854252922012e-09,-1.0901121571149375,-0.004315595149356459,17,23,hbo,False,S17_D23 hbo,mild_master_32,,
392,Linear,7.0,1.9341975350438702e-17,0.008286324151754175,3.9571936089086935e-13,3.640070144855795,1.4404462313202694e-06,18,15,hbo,True,S18_D15 hbo,mild_master_32,,
393,ShortHbO,7.0,1.9341975350438702e-17,1.6115682648074683e-13,0.004585608683486788,149.08810921046677,683659.728200143,18,15,hbo,True,S18_D15 hbo,mild_master_32,,
394,az_itd=0_az=15,7.0,1.9341975350438702e-17,2.256795014379262e-08,3.265318239378483e-09,-27.32275789967056,-0.08921749971991681,18,15,hbo,True,S18_D15 hbo,mild_master_32,-0.1451245842109479,
395,az_itd=0_az=5,7.0,1.9341975350438702e-17,4.971156296882073e-06,3.2595329548850403e-09,-12.447551666323184,-0.040573204864014625,18,15,hbo,True,S18_D15 hbo,mild_master_32,-0.07207575185668408,
396,az_itd=15_az=0,7.0,1.9341975350438702e-17,1.891523750246608e-05,3.273248430615781e-09,-10.188362684164415,-0.03334904216648555,18,15,hbo,True,S18_D15 hbo,mild_master_32,-0.06604694546511489,
397,az_itd=5_az=0,7.0,1.9341975350438702e-17,2.179173649365718e-06,3.31999176161964e-09,-14.06263882488005,-0.046687845045234266,18,15,hbo,True,S18_D15 hbo,mild_master_32,-0.0544993848848509,
398,constant,7.0,1.9341975350438702e-17,0.811996934402339,3.903347489919259e-09,0.24699845985149343,0.0009641208182752497,18,15,hbo,False,S18_D15 hbo,mild_master_32,,
406,Linear,7.0,2.811308361641816e-17,0.06494658874395005,4.770799097348895e-13,2.187200932278203,1.043469623343351e-06,18,21,hbo,False,S18_D21 hbo,mild_master_32,,
407,ShortHbO,7.0,2.811308361641816e-17,2.4945470664605755e-13,0.005528417340693931,140.06472818243154,774336.2721033364,18,21,hbo,True,S18_D21 hbo,mild_master_32,,
408,az_itd=0_az=15,7.0,2.811308361641816e-17,0.0009196851577115218,3.936673018452556e-09,-5.486417272138474,-0.021598230843199603,18,21,hbo,True,S18_D21 hbo,mild_master_32,-0.10171867578764558,
409,az_itd=0_az=5,7.0,2.811308361641816e-17,2.4741540829489675e-06,3.929698269990139e-09,-13.801894747818022,-0.054237281913086466,18,21,hbo,True,S18_D21 hbo,mild_master_32,-0.00026926233852697754,
410,az_itd=15_az=0,7.0,2.811308361641816e-17,1.5588468951297826e-06,3.946233669999028e-09,-14.773102664248167,-0.05829811514400847,18,21,hbo,True,S18_D21 hbo,mild_master_32,-0.042961416984426376,
411,az_itd=5_az=0,7.0,2.811308361641816e-17,0.00016650908396657337,4.0025875064295355e-09,-7.273555949057119,-0.029113044169012246,18,21,hbo,True,S18_D21 hbo,mild_master_32,-0.014001352668845465,
412,constant,7.0,2.811308361641816e-17,0.8915346471100096,4.705882128087596e-09,0.14140346824233316,0.0006654280540511976,18,21,hbo,False,S18_D21 hbo,mild_master_32,,
420,Linear,7.0,1.1427713282096163e-17,0.3051512220706237,3.041701234366591e-13,-1.1063250749358984,-3.3651103460432336e-07,18,22,hbo,False,S18_D22 hbo,mild_master_32,,
421,ShortHbO,7.0,1.1427713282096163e-17,2.6639235846518214e-13,0.0035247331749154636,138.75599467889242,489077.8576630856,18,22,hbo,True,S18_D22 hbo,mild_master_32,,
422,az_itd=0_az=15,7.0,1.1427713282096163e-17,4.568991196875918e-05,2.5098904680724824e-09,8.905387736177774,0.022351547793522178,18,22,hbo,True,S18_D22 hbo,mild_master_32,-0.006823945094460018,
423,az_itd=0_az=5,7.0,1.1427713282096163e-17,0.017864892725867856,2.5054436027623667e-09,3.0780244009424624,0.007711816544487758,18,22,hbo,True,S18_D22 hbo,mild_master_32,-0.014697571145919778,
424,az_itd=15_az=0,7.0,1.1427713282096163e-17,0.5667835830800971,2.515986018318229e-09,0.6010001400308037,0.0015121079493248,18,22,hbo,False,S18_D22 hbo,mild_master_32,-0.05947477336747837,
425,az_itd=5_az=0,7.0,1.1427713282096163e-17,1.961118840222323e-06,2.5519153312769788e-09,14.282688489981506,0.03644821172943705,18,22,hbo,True,S18_D22 hbo,mild_master_32,0.04467674268940547,
426,constant,7.0,1.1427713282096163e-17,0.3854405389806528,3.0003123555845952e-09,-0.9256255011149757,-0.002777165627639444,18,22,hbo,False,S18_D22 hbo,mild_master_32,,
434,Linear,7.0,1.9775075215556594e-17,0.340036684323227,4.0012524978733034e-13,-1.0237215240819064,-4.0961683053593927e-07,18,23,hbo,False,S18_D23 hbo,mild_master_32,,
435,ShortHbO,7.0,1.9775075215556594e-17,1.8439052840679934e-09,0.004636664265747423,-39.159793239321104,-181570.8139668177,18,23,hbo,True,S18_D23 hbo,mild_master_32,,
436,az_itd=0_az=15,7.0,1.9775075215556594e-17,8.810941268932811e-05,3.3016738762164206e-09,8.042589547017036,0.026554007804517405,18,23,hbo,True,S18_D23 hbo,mild_master_32,-0.010830820590003096,
437,az_itd=0_az=5,7.0,1.9775075215556594e-17,0.22016714402582915,3.295824179103249e-09,-1.3463065840389161,-0.00443718979216136,18,23,hbo,False,S18_D23 hbo,mild_master_32,0.03387310639265713,
438,az_itd=15_az=0,7.0,1.9775075215556594e-17,5.784108416139216e-07,3.309692361191585e-09,17.08044868046191,0.05653103052344967,18,23,hbo,True,S18_D23 hbo,mild_master_32,0.040719662686914446,
439,az_itd=5_az=0,7.0,1.9775075215556594e-17,4.321050553066239e-05,3.3569561264814742e-09,8.982176216769798,0.03015277148002156,18,23,hbo,True,S18_D23 hbo,mild_master_32,0.009065434434887693,
440,constant,7.0,1.9775075215556594e-17,0.7875637102607933,3.946806863062256e-09,-0.2800100434826333,-0.001105145561343618,18,23,hbo,False,S18_D23 hbo,mild_master_32,,
448,Linear,7.0,4.342029109273009e-17,0.06990872178287315,5.929024590664552e-13,2.137336540837292,1.2672320909150216e-06,19,15,hbo,False,S19_D15 hbo,mild_master_32,,
449,ShortHbO,7.0,4.342029109273009e-17,1.8168415945016092e-12,0.006870572768122905,105.45977897873213,724569.0855835374,19,15,hbo,True,S19_D15 hbo,mild_master_32,,
450,az_itd=0_az=15,7.0,4.342029109273009e-17,2.5789610875778432e-08,4.892394472192532e-09,-26.802499340712792,-0.13112839961544726,19,15,hbo,True,S19_D15 hbo,mild_master_32,-0.11281729444617072,
451,az_itd=0_az=5,7.0,4.342029109273009e-17,0.02808506693798571,4.883726436858504e-09,2.7602695729140083,0.013480401486096274,19,15,hbo,True,S19_D15 hbo,mild_master_32,-0.05462958173553473,
452,az_itd=15_az=0,7.0,4.342029109273009e-17,0.0041804452915621265,4.904276200382115e-09,-4.171667216120177,-0.0204590082439325,19,15,hbo,True,S19_D15 hbo,mild_master_32,-0.07046499727055872,
453,az_itd=5_az=0,7.0,4.342029109273009e-17,6.943873348018612e-05,4.974311277348664e-09,-8.346938996759308,-0.041520272782921176,19,15,hbo,True,S19_D15 hbo,mild_master_32,-0.0681394139982081,
454,constant,7.0,4.342029109273009e-17,0.9978195272206623,5.848347475731011e-09,-0.0028318500388716415,-1.656164302648373e-05,19,15,hbo,False,S19_D15 hbo,mild_master_32,,
462,Linear,7.0,2.0156896522512368e-17,0.2510071180949997,4.039696326646813e-13,1.2513407917740025,5.055036799912752e-07,19,21,hbo,False,S19_D21 hbo,mild_master_32,,
463,ShortHbO,7.0,2.0156896522512368e-17,4.625846761969685e-14,0.004681213098196108,178.19602817873576,834173.5811568206,19,21,hbo,True,S19_D21 hbo,mild_master_32,,
464,az_itd=0_az=15,7.0,2.0156896522512368e-17,0.00023385680783604665,3.3333961894747555e-09,-6.8879131910460805,-0.022960143584465905,19,21,hbo,True,S19_D21 hbo,mild_master_32,-0.052856131659567526,
465,az_itd=0_az=5,7.0,2.0156896522512368e-17,1.124507986782066e-05,3.327490288771754e-09,-11.019157095296096,-0.036666138225048134,19,21,hbo,True,S19_D21 hbo,mild_master_32,0.011762595742186245,
466,az_itd=15_az=0,7.0,2.0156896522512368e-17,2.6549040865727864e-05,3.3414917156422897e-09,-9.677229452586008,-0.03233638204618572,19,21,hbo,True,S19_D21 hbo,mild_master_32,-0.04005856129798965,
467,az_itd=5_az=0,7.0,2.0156896522512368e-17,0.0026601641588185,3.389209588764904e-09,-4.542371513935062,-0.015395049090761267,19,21,hbo,True,S19_D21 hbo,mild_master_32,-0.016443631884991285,
468,constant,7.0,2.0156896522512368e-17,0.7426032935624058,3.984727580969041e-09,0.3417026625988277,0.0013615920241481071,19,21,hbo,False,S19_D21 hbo,mild_master_32,,
504,Linear,7.0,4.036389432316313e-17,0.048992218477437996,5.716542234910916e-13,2.3784696619458363,1.3596622276967663e-06,20,12,hbo,True,S20_D12 hbo,mild_master_32,,
505,ShortHbO,7.0,4.036389432316313e-17,1.0500856971578173e-12,0.0066243475307632615,114.05587418390142,755545.7485191727,20,12,hbo,True,S20_D12 hbo,mild_master_32,,
506,az_itd=0_az=15,7.0,4.036389432316313e-17,0.11617225367096319,4.717062512132129e-09,1.7923818765397361,0.008454777357250629,20,12,hbo,False,S20_D12 hbo,mild_master_32,-0.050324715654319674,
507,az_itd=0_az=5,7.0,4.036389432316313e-17,4.4768631972133405e-07,4.708705118884226e-09,-17.730455494642253,-0.08348748654777094,20,12,hbo,True,S20_D12 hbo,mild_master_32,-0.007276744852621837,
508,az_itd=15_az=0,7.0,4.036389432316313e-17,1.0989734112986473e-06,4.7285184270100055e-09,-15.550551661293568,-0.07353107008059769,20,12,hbo,True,S20_D12 hbo,mild_master_32,-0.04949527217281696,
509,az_itd=5_az=0,7.0,4.036389432316313e-17,7.957346901718997e-05,4.796043610837863e-09,-8.171669807408367,-0.03919168476969757,20,12,hbo,True,S20_D12 hbo,mild_master_32,-0.04464592963260513,
510,constant,7.0,4.036389432316313e-17,0.9100577775811225,5.638756398833508e-09,-0.11711575361338698,-0.0006603872050916943,20,12,hbo,False,S20_D12 hbo,mild_master_32,,
518,Linear,7.0,2.7042180390103597e-17,0.6427974476633115,4.679050570483964e-13,0.4845377943384996,2.267176843020598e-07,20,13,hbo,False,S20_D13 hbo,mild_master_32,,
519,ShortHbO,7.0,2.7042180390103597e-17,8.321385373624219e-14,0.005422098852626583,163.85550949153486,888440.7700105954,20,13,hbo,True,S20_D13 hbo,mild_master_32,,
520,az_itd=0_az=15,7.0,2.7042180390103597e-17,0.342218489340333,3.860965795653622e-09,1.0187829069932806,0.003933485957097621,20,13,hbo,False,S20_D13 hbo,mild_master_32,0.036219360987098166,
521,az_itd=0_az=5,7.0,2.7042180390103597e-17,1.705384172007202e-06,3.854125180463981e-09,-14.579312415497297,-0.05619049509441928,20,13,hbo,True,S20_D13 hbo,mild_master_32,0.05749820873079796,
522,az_itd=15_az=0,7.0,2.7042180390103597e-17,0.006848327243389544,3.8703425837262075e-09,3.7848996102944406,0.0146488581368513,20,13,hbo,True,S20_D13 hbo,mild_master_32,0.07469140276603387,
523,az_itd=5_az=0,7.0,2.7042180390103597e-17,0.01026524097853433,3.925612664297334e-09,-3.480073740708311,-0.013661421549213144,20,13,hbo,True,S20_D13 hbo,mild_master_32,0.022390381205251622,
524,constant,7.0,2.7042180390103597e-17,0.9123631873494806,4.61538203700391e-09,-0.11409871515075415,-0.0005266091603520166,20,13,hbo,False,S20_D13 hbo,mild_master_32,,
532,Linear,7.0,2.3450441071447033e-17,0.11169034617751922,4.357249152141397e-13,1.8192552972444545,7.926948601447143e-07,20,20,hbo,False,S20_D20 hbo,mild_master_32,,
533,ShortHbO,7.0,2.3450441071447033e-17,7.0021427336421e-14,0.005049194333881796,167.9471775787376,847997.937422002,20,20,hbo,True,S20_D20 hbo,mild_master_32,,
534,az_itd=0_az=15,7.0,2.3450441071447033e-17,2.0252676336684603e-06,3.5954281079331485e-09,-14.21516892492219,-0.05110961791168307,20,20,hbo,True,S20_D20 hbo,mild_master_32,-0.021716567171504535,
535,az_itd=0_az=5,7.0,2.3450441071447033e-17,1.0054300936444326e-06,3.5890579556370367e-09,-15.754511809500674,-0.05654385594706604,20,20,hbo,True,S20_D20 hbo,mild_master_32,-0.005202767465232981,
536,az_itd=15_az=0,7.0,2.3450441071447033e-17,0.0022932320352728936,3.604160007976464e-09,-4.667864736001109,-0.01682373140413881,20,20,hbo,True,S20_D20 hbo,mild_master_32,0.014709894469401722,
537,az_itd=5_az=0,7.0,2.3450441071447033e-17,0.01606789976798495,3.655628892118576e-09,-3.153744020065248,-0.011528917758096707,20,20,hbo,True,S20_D20 hbo,mild_master_32,0.023818143415262703,
538,constant,7.0,2.3450441071447033e-17,0.6974415798951084,4.297959418178261e-09,0.4051807830833847,0.0017414505627180762,20,20,hbo,False,S20_D20 hbo,mild_master_32,,
546,Linear,7.0,1.75418636645849e-17,0.12427051338568733,3.768554080038578e-13,1.746252707191292,6.580847764464156e-07,21,11,hbo,False,S21_D11 hbo,mild_master_32,,
547,ShortHbO,7.0,1.75418636645849e-17,5.870821897863948e-13,0.004367012590617272,123.93919581395737,541244.0285905313,21,11,hbo,True,S21_D11 hbo,mild_master_32,,
548,az_itd=0_az=15,7.0,1.75418636645849e-17,3.841951889605812e-06,3.109660428524689e-09,-12.93260671804386,-0.04021601534877354,21,11,hbo,True,S21_D11 hbo,mild_master_32,-0.03253314720732625,
549,az_itd=0_az=5,7.0,1.75418636645849e-17,0.0008950986310422103,3.104150928703183e-09,-5.511997494286964,-0.0171100721409005,21,11,hbo,True,S21_D11 hbo,mild_master_32,-0.03859601863802637,
550,az_itd=15_az=0,7.0,1.75418636645849e-17,4.545811953994355e-06,3.1172125873262003e-09,-12.613987575448983,-0.039320480846565864,21,11,hbo,True,S21_D11 hbo,mild_master_32,-0.12028107598973536,
551,az_itd=5_az=0,7.0,1.75418636645849e-17,0.001461933860506646,3.1617276624472704e-09,-5.060868471416269,-0.016001087842084052,21,11,hbo,True,S21_D11 hbo,mild_master_32,-0.021080942005574286,
552,constant,7.0,1.75418636645849e-17,0.7363865521849298,3.7172748070318084e-09,0.3503432920902193,0.0013023222934995585,21,11,hbo,False,S21_D11 hbo,mild_master_32,,
560,Linear,7.0,1.7182735468597087e-17,0.9610384922652211,3.7297784753910296e-13,-0.0506251846030696,-1.8882072384522633e-08,21,12,hbo,False,S21_D12 hbo,mild_master_32,,
561,ShortHbO,7.0,1.7182735468597087e-17,7.651581221178816e-13,0.004322079295218495,119.33441731481817,515772.8142833391,21,12,hbo,True,S21_D12 hbo,mild_master_32,,
562,az_itd=0_az=15,7.0,1.7182735468597087e-17,0.0010290484520533959,3.0776643470558608e-09,5.381194962857601,0.016561511881743422,21,12,hbo,True,S21_D12 hbo,mild_master_32,0.007911235412670699,
563,az_itd=0_az=5,7.0,1.7182735468597087e-17,0.07550164340420915,3.0722115358693983e-09,2.085214273448443,0.006406219345647833,21,12,hbo,False,S21_D12 hbo,mild_master_32,0.02819688558267676,
564,az_itd=15_az=0,7.0,1.7182735468597087e-17,0.05708115232734914,3.0851387997882264e-09,-2.2746928417350984,-0.007017743143637492,21,12,hbo,False,S21_D12 hbo,mild_master_32,-0.05247654447011041,
565,az_itd=5_az=0,7.0,1.7182735468597087e-17,0.8715694436484871,3.1291958480594515e-09,-0.16768942122477082,-0.0005247330406600453,21,12,hbo,False,S21_D12 hbo,mild_master_32,0.010560381383008202,
566,constant,7.0,1.7182735468597087e-17,0.7049039065723326,3.6790268277743945e-09,-0.3945728452602269,-0.0014516440832236495,21,12,hbo,False,S21_D12 hbo,mild_master_32,,
574,Linear,7.0,2.0787226369054193e-17,0.006808291915278365,4.1023731304244943e-13,3.7893927361699413,1.5545502941489321e-06,21,19,hbo,True,S21_D19 hbo,mild_master_32,,
575,ShortHbO,7.0,2.0787226369054193e-17,5.654052946758778e-12,0.004753843180032158,89.66142169721363,426236.3380472863,21,19,hbo,True,S21_D19 hbo,mild_master_32,,
576,az_itd=0_az=15,7.0,2.0787226369054193e-17,3.5272341650150196e-08,3.385114586598532e-09,-25.61959670021901,-0.08672527049268298,21,19,hbo,True,S21_D19 hbo,mild_master_32,-0.05420540452118237,
577,az_itd=0_az=5,7.0,2.0787226369054193e-17,4.3083905854931467e-08,3.37911705450803e-09,-24.890851248999752,-0.08410909995671756,21,19,hbo,True,S21_D19 hbo,mild_master_32,-0.06159246219298907,
578,az_itd=15_az=0,7.0,2.0787226369054193e-17,5.156933717758807e-06,3.3933357166887503e-09,-12.37987032278678,-0.04200905613428747,21,19,hbo,True,S21_D19 hbo,mild_master_32,-0.1187127592123415,
579,az_itd=5_az=0,7.0,2.0787226369054193e-17,1.484349695916064e-06,3.4417939434242504e-09,-14.879750336992199,-0.051213034589524704,21,19,hbo,True,S21_D19 hbo,mild_master_32,-0.07721339772178737,
580,constant,7.0,2.0787226369054193e-17,0.4027038846505554,4.0465515322033215e-09,0.8906214208764734,0.0036039454752607924,21,19,hbo,False,S21_D19 hbo,mild_master_32,,
588,Linear,7.0,1.9599437672942514e-16,0.00826519435631025,1.2596755266967786e-12,3.641994709317898,4.587731603686905e-06,22,10,hbo,True,S22_D10 hbo,mild_master_32,,
589,ShortHbO,7.0,1.9599437672942514e-16,7.750810217875919e-08,0.014597160524550474,22.8669527948323,333792.58065348514,22,10,hbo,True,S22_D10 hbo,mild_master_32,,
590,az_itd=0_az=15,7.0,1.9599437672942514e-16,1.8075444404933356e-08,1.0394339725409668e-08,-28.210287454248874,-0.293227311550925,22,10,hbo,True,S22_D10 hbo,mild_master_32,-0.2562352416497564,
591,az_itd=0_az=5,7.0,1.9599437672942514e-16,5.093520181262642e-06,1.0375923691190464e-08,-12.402656667714172,-0.12868901915223685,22,10,hbo,True,S22_D10 hbo,mild_master_32,-0.24301334182268633,
592,az_itd=15_az=0,7.0,1.9599437672942514e-16,3.373352436247134e-07,1.0419583544163343e-08,-18.476160311017438,-0.19251389593600116,22,10,hbo,True,S22_D10 hbo,mild_master_32,-0.2554525704042926,
593,az_itd=5_az=0,7.0,1.9599437672942514e-16,3.774108364376788e-07,1.0568379473605083e-08,-18.17683471603238,-0.1920996869080289,22,10,hbo,True,S22_D10 hbo,mild_master_32,-0.2836431397969885,
594,constant,7.0,1.9599437672942514e-16,0.4210088629252755,1.2425349354085756e-08,0.8546891082941146,0.010619810759686408,22,10,hbo,False,S22_D10 hbo,mild_master_32,,
602,Linear,7.0,1.6027424866817766e-17,0.14886331665016037,3.602207790117798e-13,1.621861705880346,5.842282871415923e-07,22,11,hbo,False,S22_D11 hbo,mild_master_32,,
603,ShortHbO,7.0,1.6027424866817766e-17,5.615202504273188e-13,0.004174249974755042,124.73022666644017,520655.1455135786,22,11,hbo,True,S22_D11 hbo,mild_master_32,,
604,az_itd=0_az=15,7.0,1.6027424866817766e-17,0.00018443367465432442,2.972398108756347e-09,-7.155735050853239,-0.02126969333191767,22,11,hbo,True,S22_D11 hbo,mild_master_32,-0.01966427985733949,
605,az_itd=0_az=5,7.0,1.6027424866817766e-17,0.00024973644602459423,2.967131801638239e-09,-6.815198077497327,-0.02022159095020611,22,11,hbo,True,S22_D11 hbo,mild_master_32,-0.009458830695685403,
606,az_itd=15_az=0,7.0,1.6027424866817766e-17,8.88510999185287e-06,2.979616910633467e-09,-11.415161677362057,-0.034012808771483084,22,11,hbo,True,S22_D11 hbo,mild_master_32,-0.10417051171897819,
607,az_itd=5_az=0,7.0,1.6027424866817766e-17,0.0002564967433548232,3.022167063019009e-09,-6.785804720840804,-0.020507835523403975,22,11,hbo,True,S22_D11 hbo,mild_master_32,-0.024355502142372008,
608,constant,7.0,1.6027424866817766e-17,0.7611149323861476,3.553192015692538e-09,0.31613925314707847,0.0011233034701292014,22,11,hbo,False,S22_D11 hbo,mild_master_32,,
616,Linear,7.0,8.09980726674551e-17,0.001656523336256989,8.09793392413639e-13,4.9498548029427045,4.008359712829918e-06,22,19,hbo,True,S22_D19 hbo,mild_master_32,,
617,ShortHbO,7.0,8.09980726674551e-17,2.2961286251799547e-10,0.009383911880688291,52.781780229964156,495299.574583839,22,19,hbo,True,S22_D19 hbo,mild_master_32,,
618,az_itd=0_az=15,7.0,8.09980726674551e-17,8.349354464445178e-09,6.6820918956898185e-09,-31.52554880035577,-0.21065661414603118,22,19,hbo,True,S22_D19 hbo,mild_master_32,-0.11357976779868227,
619,az_itd=0_az=5,7.0,8.09980726674551e-17,1.784984451428592e-08,6.670252987566961e-09,-28.261343845630204,-0.188510313218972,22,19,hbo,True,S22_D19 hbo,mild_master_32,-0.17910599302230992,
620,az_itd=15_az=0,7.0,8.09980726674551e-17,2.5225097302671617e-06,6.698320104615667e-09,-13.762541196106222,-0.09218590638447964,22,19,hbo,True,S22_D19 hbo,mild_master_32,-0.16408380153645957,
621,az_itd=5_az=0,7.0,8.09980726674551e-17,2.9116807253636624e-06,6.793974864850579e-09,-13.474088177548756,-0.0915426164050466,22,19,hbo,True,S22_D19 hbo,mild_master_32,-0.15568762201807562,
622,constant,7.0,8.09980726674551e-17,0.7381843427060577,7.987744138964905e-09,0.34784155869564143,0.002778469371759527,22,19,hbo,False,S22_D19 hbo,mild_master_32,,
672,Linear,7.0,3.177758559486529e-16,0.009325687441676441,1.6039740393130046e-12,3.5514435938436937,5.696423326609763e-06,23,9,hbo,True,S23_D9 hbo,mild_master_32,,
673,ShortHbO,7.0,3.177758559486529e-16,0.0006856267691227907,0.018586902764127056,-5.76800388782033,-107209.3274060233,23,9,hbo,True,S23_D9 hbo,mild_master_32,,
674,az_itd=0_az=15,7.0,3.177758559486529e-16,2.394782456775273e-06,1.3235353646249107e-08,-13.868427123366041,-0.18355353749498277,23,9,hbo,True,S23_D9 hbo,mild_master_32,-0.16524467034134832,
675,az_itd=0_az=5,7.0,3.177758559486529e-16,5.48420217270823e-09,1.3211904083112668e-08,-33.48832372982045,-0.44244452102261367,23,9,hbo,True,S23_D9 hbo,mild_master_32,-0.46828051925685565,
676,az_itd=15_az=0,7.0,3.177758559486529e-16,5.893518226126158e-07,1.3267497185657382e-08,-17.03381257469164,-0.2259960603957367,23,9,hbo,True,S23_D9 hbo,mild_master_32,-0.3114242148327284,
677,az_itd=5_az=0,7.0,3.177758559486529e-16,2.8086241458181635e-07,1.3456962490747373e-08,-18.974921666402853,-0.25534480912965285,23,9,hbo,True,S23_D9 hbo,mild_master_32,-0.4085600218476407,
678,constant,7.0,3.177758559486529e-16,0.18464515695584813,1.5821485272171663e-08,1.4714411362477053,0.023280384266010604,23,9,hbo,False,S23_D9 hbo,mild_master_32,,
630,Linear,7.0,1.3997130986284824e-16,0.005736182636266323,1.0645263101355787e-12,3.9217425538027793,4.1747981301013534e-06,23,10,hbo,True,S23_D10 hbo,mild_master_32,,
631,ShortHbO,7.0,1.3997130986284824e-16,7.023642831522967e-07,0.01233576512548768,16.60309091931952,204811.8299378429,23,10,hbo,True,S23_D10 hbo,mild_master_32,,
632,az_itd=0_az=15,7.0,1.3997130986284824e-16,3.2432380951378735e-07,8.784046271980586e-09,-18.58216366496771,-0.16322658546659272,23,10,hbo,True,S23_D10 hbo,mild_master_32,-0.09521602949346572,
633,az_itd=0_az=5,7.0,1.3997130986284824e-16,2.1234369224217458e-08,8.768483253934098e-09,-27.563520996560573,-0.24169027227780226,23,10,hbo,True,S23_D10 hbo,mild_master_32,-0.24816432030371477,
634,az_itd=15_az=0,7.0,1.3997130986284824e-16,2.807034061455083e-07,8.805379312642295e-09,-18.976483292141854,-0.167095133407328,23,10,hbo,True,S23_D10 hbo,mild_master_32,-0.21214101137019845,
635,az_itd=5_az=0,7.0,1.3997130986284824e-16,2.3393200067165972e-06,8.931123743152244e-09,-13.916425561815807,-0.12428931875494398,23,10,hbo,True,S23_D10 hbo,mild_master_32,-0.12149879807909862,
636,constant,7.0,1.3997130986284824e-16,0.3706582299021862,1.0500411431137026e-08,0.9565437380686402,0.01004410280159849,23,10,hbo,False,S23_D10 hbo,mild_master_32,,
644,Linear,7.0,1.7177462992673088e-17,0.014735798479496054,3.7292061952662606e-13,3.2159565885347017,1.1992965233670957e-06,23,11,hbo,True,S23_D11 hbo,mild_master_32,,
645,ShortHbO,7.0,1.7177462992673088e-17,8.107967078855902e-11,0.004321416135169004,61.26214615523081,264739.22687029623,23,11,hbo,True,S23_D11 hbo,mild_master_32,,
646,az_itd=0_az=15,7.0,1.7177462992673088e-17,2.2638469565534185e-07,3.077192124335892e-09,-19.578607126776095,-0.06024713565598196,23,11,hbo,True,S23_D11 hbo,mild_master_32,-0.01951405274533697,
647,az_itd=0_az=5,7.0,1.7177462992673088e-17,1.9024005267467372e-06,3.0717401498038006e-09,-14.346734151476424,-0.04406943931165149,23,11,hbo,True,S23_D11 hbo,mild_master_32,-0.036715625148817994,
648,az_itd=15_az=0,7.0,1.7177462992673088e-17,1.0261102094740074e-05,3.0846654302224677e-09,-11.171597916003295,-0.034460641891840726,23,11,hbo,True,S23_D11 hbo,mild_master_32,-0.03952355857698485,
649,az_itd=5_az=0,7.0,1.7177462992673088e-17,2.007060580503852e-07,3.1287157185820117e-09,-19.92371237398623,-0.062335632076997646,23,11,hbo,True,S23_D11 hbo,mild_master_32,-0.06477832368014698,
650,constant,7.0,1.7177462992673088e-17,0.5886499329711954,3.6784623347499643e-09,0.5666521273989625,0.002084408507543022,23,11,hbo,False,S23_D11 hbo,mild_master_32,,
658,Linear,7.0,1.3241680577005439e-16,0.008765301645502283,1.035400665877257e-12,3.597815544211222,3.7251806101798455e-06,23,19,hbo,True,S23_D19 hbo,mild_master_32,,
659,ShortHbO,7.0,1.3241680577005439e-16,7.787569856239196e-06,0.011998256222909775,11.642423216001136,139688.77680113487,23,19,hbo,True,S23_D19 hbo,mild_master_32,,
660,az_itd=0_az=15,7.0,1.3241680577005439e-16,3.879009681378328e-07,8.543713079244597e-09,-18.10444562301687,-0.15467918886184182,23,19,hbo,True,S23_D19 hbo,mild_master_32,-0.027770134966891884,
661,az_itd=0_az=5,7.0,1.3241680577005439e-16,1.4442509735852526e-07,8.528575868360312e-09,-20.89738104067231,-0.1782248996554082,23,19,hbo,True,S23_D19 hbo,mild_master_32,-0.15923016263386452,
662,az_itd=15_az=0,7.0,1.3241680577005439e-16,3.2060867897996596e-07,8.564462443817378e-09,-18.613322849645655,-0.15941310450043808,23,19,hbo,True,S23_D19 hbo,mild_master_32,-0.15507493350793847,
663,az_itd=5_az=0,7.0,1.3241680577005439e-16,2.7295383409172695e-07,8.686766482562816e-09,-19.053839232444677,-0.16551625200854084,23,19,hbo,True,S23_D19 hbo,mild_master_32,-0.20433361378468196,
664,constant,7.0,1.3241680577005439e-16,0.28972976833037056,1.0213118158065774e-08,1.1452944746911362,0.011697027795800445,23,19,hbo,False,S23_D19 hbo,mild_master_32,,
714,Linear,7.0,9.10731886018863e-17,0.0019558408471130853,8.586816009051972e-13,4.804615193605968,4.125634666179006e-06,24,9,hbo,True,S24_D9 hbo,mild_master_32,,
715,ShortHbO,7.0,9.10731886018863e-17,0.00013032782698894986,0.009950430013322258,7.562186377714133,75247.00629914344,24,9,hbo,True,S24_D9 hbo,mild_master_32,,
716,az_itd=0_az=15,7.0,9.10731886018863e-17,9.192223244564742e-08,7.0854978814839956e-09,-22.30989140721401,-0.15807668830195284,24,9,hbo,True,S24_D9 hbo,mild_master_32,-0.08496026414392903,
717,az_itd=0_az=5,7.0,9.10731886018863e-17,9.72545800910833e-09,7.0729442441301455e-09,-30.841593443450154,-0.21814087082565278,24,9,hbo,True,S24_D9 hbo,mild_master_32,-0.155403305857521,
718,az_itd=15_az=0,7.0,9.10731886018863e-17,1.5218501503598988e-07,7.102705807049723e-09,-20.73949994934767,-0.14730656672553916,24,9,hbo,True,S24_D9 hbo,mild_master_32,-0.16129540114147292,
719,az_itd=5_az=0,7.0,9.10731886018863e-17,3.9431720232455436e-08,7.204135361084367e-09,-25.21098467240928,-0.18162334616625964,24,9,hbo,True,S24_D9 hbo,mild_master_32,-0.17922702186425304,
720,constant,7.0,9.10731886018863e-17,0.21839764713438328,8.469973933010284e-09,1.352099791779268,0.011452249991199034,24,9,hbo,False,S24_D9 hbo,mild_master_32,,
686,Linear,7.0,1.0568225081114641e-16,0.009006201986903392,9.249918652335639e-13,3.577498923985502,3.3091574025684174e-06,24,10,hbo,True,S24_D10 hbo,mild_master_32,,
687,ShortHbO,7.0,1.0568225081114641e-16,0.5738732220504452,0.010718835489425102,0.5897809273080052,6321.764734615093,24,10,hbo,False,S24_D10 hbo,mild_master_32,,
688,az_itd=0_az=15,7.0,1.0568225081114641e-16,1.5282347866224142e-06,7.632663719116935e-09,-14.816208379921363,-0.11308713615630209,24,10,hbo,True,S24_D10 hbo,mild_master_32,-0.09399994745840394,
689,az_itd=0_az=5,7.0,1.0568225081114641e-16,3.4010715470437895e-08,7.619140647912005e-09,-25.75451452846372,-0.19622726851105823,24,10,hbo,True,S24_D10 hbo,mild_master_32,-0.15067324097525023,
690,az_itd=15_az=0,7.0,1.0568225081114641e-16,5.798455129938425e-07,7.651200498231643e-09,-17.074276345637426,-0.13063871168268584,24,10,hbo,True,S24_D10 hbo,mild_master_32,-0.19494663470652962,
691,az_itd=5_az=0,7.0,1.0568225081114641e-16,2.0102941794363957e-07,7.760462781570902e-09,-19.91905926585645,-0.154581118076584,24,10,hbo,True,S24_D10 hbo,mild_master_32,-0.17872063764662213,
692,constant,7.0,1.0568225081114641e-16,0.28216128389915063,9.124053640506307e-09,1.1650474778305038,0.010629955681462099,24,10,hbo,False,S24_D10 hbo,mild_master_32,,
700,Linear,7.0,3.258970645003562e-16,0.02955489438008658,1.6243406412260232e-12,2.7249166860382292,4.426192917086827e-06,24,19,hbo,True,S24_D19 hbo,mild_master_32,,
701,ShortHbO,7.0,3.258970645003562e-16,3.354321363689142e-05,0.01882291160224709,-9.337934633678513,-175767.11815729222,24,19,hbo,True,S24_D19 hbo,mild_master_32,,
702,az_itd=0_az=15,7.0,3.258970645003562e-16,4.416894734530515e-06,1.3403410717176906e-08,-12.667955962194327,-0.16979381670840055,24,19,hbo,True,S24_D19 hbo,mild_master_32,-0.028504969813607305,
703,az_itd=0_az=5,7.0,3.258970645003562e-16,9.535929697116208e-08,1.3379663401143145e-08,-22.19174090190221,-0.29691802355283237,24,19,hbo,True,S24_D19 hbo,mild_master_32,-0.3343970225873775,
704,az_itd=15_az=0,7.0,3.258970645003562e-16,5.102454873005909e-06,1.3435962402013449e-08,-12.399426705867752,-0.16659823102656057,24,19,hbo,True,S24_D19 hbo,mild_master_32,-0.26937971377533476,
705,az_itd=5_az=0,7.0,3.258970645003562e-16,3.9787276181115137e-07,1.3627833459534911e-08,-18.037673448127066,-0.2458144097485505,24,19,hbo,True,S24_D19 hbo,mild_master_32,-0.31998534117816796,
706,constant,7.0,3.258970645003562e-16,0.25507119380229565,1.602237997764272e-08,1.2395866529961492,0.019861128369518654,24,19,hbo,False,S24_D19 hbo,mild_master_32,,
483,Linear,7.0,1.6632725775737249e-18,0.0068069574467567884,1.160429070313126e-13,-3.7895429969055225,-4.3974958568106926e-07,1,7,hbr,True,S1_D7 hbr,mild_master_32,,
484,ShortHbO,7.0,1.6632725775737249e-18,2.1311705907635798e-05,0.0013447089395420963,10.005862072060522,13454.972176124986,1,7,hbr,True,S1_D7 hbr,mild_master_32,,
485,az_itd=0_az=15,7.0,1.6632725775737249e-18,1.9724874390932107e-07,9.575397575362595e-10,19.97400368889901,0.01912590264929671,1,7,hbr,True,S1_D7 hbr,mild_master_32,,0.01893693532983038
486,az_itd=0_az=5,7.0,1.6632725775737249e-18,2.3595398823751813e-07,9.55843249108896e-10,19.461275776860685,0.01860192907035877,1,7,hbr,True,S1_D7 hbr,mild_master_32,,0.03419362305461462
487,az_itd=15_az=0,7.0,1.6632725775737249e-18,4.775344160846482e-06,9.598652501338887e-10,12.522075383637775,0.012019505020310883,1,7,hbr,True,S1_D7 hbr,mild_master_32,,0.01481099409716961
488,az_itd=5_az=0,7.0,1.6632725775737249e-18,6.726629211965754e-08,9.735725198560557e-10,23.34014184949587,0.022723320714211473,1,7,hbr,True,S1_D7 hbr,mild_master_32,,0.0360984332365406
489,constant,7.0,1.6632725775737249e-18,0.3921987597748852,1.144638940242611e-09,-0.9117862134804818,-0.0010436660051261217,1,7,hbr,False,S1_D7 hbr,mild_master_32,,
497,Linear,7.0,1.1546244517845237e-18,0.04334792695668393,9.668459034833648e-14,-2.4618451543542847,-2.380224902497812e-07,1,8,hbr,True,S1_D8 hbr,mild_master_32,,
498,ShortHbO,7.0,1.1546244517845237e-18,2.0487394287536775e-07,0.0011203841431022701,19.86438252607946,22255.739194737245,1,8,hbr,True,S1_D8 hbr,mild_master_32,,
499,az_itd=0_az=15,7.0,1.1546244517845237e-18,1.651135657821896e-07,7.978026539326305e-10,20.495836385509463,0.016351632662928422,1,8,hbr,True,S1_D8 hbr,mild_master_32,,0.018242507905547087
500,az_itd=0_az=5,7.0,1.1546244517845237e-18,6.518327305094017e-06,7.963891576102927e-10,11.955633597493229,0.009521336969404947,1,8,hbr,True,S1_D8 hbr,mild_master_32,,0.009352184876400658
501,az_itd=15_az=0,7.0,1.1546244517845237e-18,0.00032588589482733407,7.99740207074928e-10,6.52661672350393,0.005219597809953722,1,8,hbr,True,S1_D8 hbr,mild_master_32,,0.006437073342003271
502,az_itd=5_az=0,7.0,1.1546244517845237e-18,3.9827727349212614e-05,8.111608254632995e-10,9.095394332445146,0.007377827574620421,1,8,hbr,True,S1_D8 hbr,mild_master_32,,0.013806425560841142
503,constant,7.0,1.1546244517845237e-18,0.5764127672109285,9.536898882087497e-10,-0.5857818000199163,-0.0005586541793757142,1,8,hbr,False,S1_D8 hbr,mild_master_32,,
735,Linear,7.0,7.297425391398762e-17,0.07486240538517046,7.68637763967549e-13,2.0909729424004446,1.6072007669633247e-06,2,6,hbr,False,S2_D6 hbr,mild_master_32,,
736,ShortHbO,7.0,7.297425391398762e-17,0.008634679359528165,0.008906999134362515,3.609086045038595,32146.1262789986,2,6,hbr,True,S2_D6 hbr,mild_master_32,,
737,az_itd=0_az=15,7.0,7.297425391398762e-17,0.0002372157023961617,6.342492074453975e-09,-6.872078280862776,-0.04358610203139945,2,6,hbr,True,S2_D6 hbr,mild_master_32,,-0.050647694624936686
738,az_itd=0_az=5,7.0,7.297425391398762e-17,0.0068204446963413936,6.331254847832197e-09,-3.7880258096179684,-0.023982956770857246,2,6,hbr,True,S2_D6 hbr,mild_master_32,,-0.10588607065092447
739,az_itd=15_az=0,7.0,7.297425391398762e-17,2.544970069877331e-06,6.35789552716033e-09,-13.74455317626433,-0.08738643316218828,2,6,hbr,True,S2_D6 hbr,mild_master_32,,-0.13734045130634945
740,az_itd=5_az=0,7.0,7.297425391398762e-17,1.0589603829462686e-06,6.448688884711288e-09,-15.63527782090065,-0.10082704229301495,2,6,hbr,True,S2_D6 hbr,mild_master_32,,-0.1384983273799293
741,constant,7.0,7.297425391398762e-17,0.4795904959352554,7.581787961765384e-09,0.7466595125209924,0.00566101410356927,2,6,hbr,False,S2_D6 hbr,mild_master_32,,
749,Linear,7.0,3.138120872054909e-17,0.023814927333581766,5.040477958682972e-13,-2.8751829666542954,-1.4492296370601695e-06,2,8,hbr,True,S2_D8 hbr,mild_master_32,,
750,ShortHbO,7.0,3.138120872054909e-17,0.006053691112043276,0.005840922072709662,-3.8799100635515757,-22662.252330326744,2,8,hbr,True,S2_D8 hbr,mild_master_32,,
751,az_itd=0_az=15,7.0,3.138120872054909e-17,5.074599318442844e-07,4.15920125227628e-09,17.40957035796619,0.07240990683444498,2,8,hbr,True,S2_D8 hbr,mild_master_32,,0.06744942948315448
752,az_itd=0_az=5,7.0,3.138120872054909e-17,0.006385768179968533,4.151832242352617e-09,3.8386431466148663,0.015937402383001505,2,8,hbr,True,S2_D8 hbr,mild_master_32,,0.022397233901050383
753,az_itd=15_az=0,7.0,3.138120872054909e-17,0.00026941956646435396,4.16930233857384e-09,6.731966619873243,0.028067604171438547,2,8,hbr,True,S2_D8 hbr,mild_master_32,,0.11434997390138966
754,az_itd=5_az=0,7.0,3.138120872054909e-17,0.00010609720617116109,4.228841687143988e-09,7.8115924394860725,0.033033987751077507,2,8,hbr,True,S2_D8 hbr,mild_master_32,,0.02091987796557564
755,constant,7.0,3.138120872054909e-17,0.7062403044428173,4.9718914292506375e-09,0.39267837911874737,0.0019523542675925327,2,8,hbr,False,S2_D8 hbr,mild_master_32,,
763,Linear,7.0,1.5472149358711415e-17,0.6917225535063098,3.539257905807393e-13,0.41334509832274535,1.4629349070655108e-07,3,5,hbr,False,S3_D5 hbr,mild_master_32,,
764,ShortHbO,7.0,1.5472149358711415e-17,9.431064464112242e-06,0.004101303446319227,-11.3137084640893,-46400.95151442046,3,5,hbr,True,S3_D5 hbr,mild_master_32,,
765,az_itd=0_az=15,7.0,1.5472149358711415e-17,2.8722408707396038e-06,2.920454376475273e-09,-13.501261627775357,-0.0394298186087742,3,5,hbr,True,S3_D5 hbr,mild_master_32,,-0.024879573907365927
766,az_itd=0_az=5,7.0,1.5472149358711415e-17,0.01858128323756305,2.9152800999792567e-09,3.050073882295242,0.008891819692521792,3,5,hbr,True,S3_D5 hbr,mild_master_32,,-0.028605939461480483
767,az_itd=15_az=0,7.0,1.5472149358711415e-17,0.009699416821437185,2.9275470271780296e-09,3.5221624900442747,0.010311296326967083,3,5,hbr,True,S3_D5 hbr,mild_master_32,,-0.046444612994074534
768,az_itd=5_az=0,7.0,1.5472149358711415e-17,0.17341188395947835,2.969353600257178e-09,1.5155469011929992,0.0045001946474160425,3,5,hbr,False,S3_D5 hbr,mild_master_32,,-0.02984003408934074
769,constant,7.0,1.5472149358711415e-17,0.8240300755255664,3.4910986997727516e-09,0.23085441766643566,0.0008059355573520893,3,5,hbr,False,S3_D5 hbr,mild_master_32,,
777,Linear,7.0,1.6346328224454649e-18,0.4198920192221085,1.1503950220385421e-13,-0.856848657070297,-9.857144297340795e-08,3,6,hbr,False,S3_D6 hbr,mild_master_32,,
778,ShortHbO,7.0,1.6346328224454649e-18,3.2598697298126726e-05,0.0013330814521240254,9.378813324804774,12502.722086230908,3,6,hbr,True,S3_D6 hbr,mild_master_32,,
779,az_itd=0_az=15,7.0,1.6346328224454649e-18,0.0016943644721232752,9.49260061346505e-10,-4.929950675337701,-0.00467980528050631,3,6,hbr,True,S3_D6 hbr,mild_master_32,,-0.007347871618793713
780,az_itd=0_az=5,7.0,1.6346328224454649e-18,1.7169416183687734e-06,9.475782223615865e-10,14.564841308315458,0.013801326435912167,3,6,hbr,True,S3_D6 hbr,mild_master_32,,-0.012233621026288975
781,az_itd=15_az=0,7.0,1.6346328224454649e-18,0.0014579582007260197,9.515654457741616e-10,5.063304727867736,0.0048180658204638824,3,6,hbr,True,S3_D6 hbr,mild_master_32,,-0.00286198221763094
782,az_itd=5_az=0,7.0,1.6346328224454649e-18,0.4882429829643059,9.651541908836458e-10,-0.7314824352779568,-0.0007059933379662952,3,6,hbr,False,S3_D6 hbr,mild_master_32,,-0.00711577826992377
783,constant,7.0,1.6346328224454649e-18,0.9741387860924807,1.1347414267476556e-09,0.03359395760302596,3.8120455380557936e-05,3,6,hbr,False,S3_D6 hbr,mild_master_32,,
791,Linear,7.0,6.34059910847097e-17,0.8382056105700448,7.164766378086393e-13,-0.21192286229419569,-1.5183777985132857e-07,4,2,hbr,False,S4_D2 hbr,mild_master_32,,
792,ShortHbO,7.0,6.34059910847097e-17,0.6259386417206814,0.008302554326516205,-0.5096928092339597,-4231.752238499611,4,2,hbr,False,S4_D2 hbr,mild_master_32,,
793,az_itd=0_az=15,7.0,6.34059910847097e-17,3.473158775716304e-05,5.912079278249694e-09,9.288316226084577,0.054913261890065033,4,2,hbr,True,S4_D2 hbr,mild_master_32,,0.08488496335115317
794,az_itd=0_az=5,7.0,6.34059910847097e-17,9.790414200920237e-05,5.901604629818805e-09,-7.9108422182708775,-0.04668666306111348,4,2,hbr,True,S4_D2 hbr,mild_master_32,,0.0610870500295331
795,az_itd=15_az=0,7.0,6.34059910847097e-17,0.0023246433814090067,5.92643742525086e-09,4.656280989533616,0.02759515791885613,4,2,hbr,True,S4_D2 hbr,mild_master_32,,0.0057282686752871
796,az_itd=5_az=0,7.0,6.34059910847097e-17,0.5516679616799975,6.011069384026457e-09,0.6252002062943818,0.0037581218189431834,4,2,hbr,False,S4_D2 hbr,mild_master_32,,-0.012739241952770201
797,constant,7.0,6.34059910847097e-17,0.9272842000548659,7.067274341796481e-09,0.09459914318537001,0.0006685580973898969,4,2,hbr,False,S4_D2 hbr,mild_master_32,,
805,Linear,7.0,3.1366097168573747e-17,0.8454682483159243,5.039264197011979e-13,-0.20225733268799234,-1.0192281351977404e-07,5,1,hbr,False,S5_D1 hbr,mild_master_32,,
806,ShortHbO,7.0,3.1366097168573747e-17,4.797337247097455e-06,0.005839515561780893,-12.513533403256663,-73072.9730411823,5,1,hbr,True,S5_D1 hbr,mild_master_32,,
807,az_itd=0_az=15,7.0,3.1366097168573747e-17,0.5121948333567392,4.158199704585102e-09,0.6903697790845615,0.002870695411443906,5,1,hbr,False,S5_D1 hbr,mild_master_32,,-0.012125563378822172
808,az_itd=0_az=5,7.0,3.1366097168573747e-17,0.0364754559133031,4.1508324691403404e-09,-2.5799409705956284,-0.010708902749213779,5,1,hbr,True,S5_D1 hbr,mild_master_32,,-0.049642717205126446
809,az_itd=15_az=0,7.0,3.1366097168573747e-17,0.37562590002341173,4.168298358511866e-09,-0.946051226937405,-0.003943423776311322,5,1,hbr,False,S5_D1 hbr,mild_master_32,,0.04284491459059915
810,az_itd=5_az=0,7.0,3.1366097168573747e-17,3.2960136578569942e-06,4.2278233698346726e-09,13.229384391053367,0.05593150049702146,5,1,hbr,True,S5_D1 hbr,mild_master_32,,0.07694700350157682
811,constant,7.0,3.1366097168573747e-17,0.8812488779132148,4.9706941834143045e-09,-0.15493038973814485,-0.0007701115871055077,5,1,hbr,False,S5_D1 hbr,mild_master_32,,
819,Linear,7.0,3.8007546050292665e-18,0.4492116428500216,1.7541704929850143e-13,-0.8014587242954357,-1.4058952455044652e-07,5,2,hbr,False,S5_D2 hbr,mild_master_32,,
820,ShortHbO,7.0,3.8007546050292665e-18,0.00026741622492042997,0.002032738410079137,-6.7401202809593235,-13700.9013836594,5,2,hbr,True,S5_D2 hbr,mild_master_32,,
821,az_itd=0_az=15,7.0,3.8007546050292665e-18,0.00042450149614308244,1.447471484040718e-09,6.2491497656734705,0.009045466085312086,5,2,hbr,True,S5_D2 hbr,mild_master_32,,0.009422045701189867
822,az_itd=0_az=5,7.0,3.8007546050292665e-18,0.00037845661046692527,1.4449069455432654e-09,6.368554221997369,0.009201968228432887,5,2,hbr,True,S5_D2 hbr,mild_master_32,,-0.012848246264645053
823,az_itd=15_az=0,7.0,3.8007546050292665e-18,0.03925857458693857,1.4509868307351228e-09,2.529553083553719,0.003670348211881868,5,2,hbr,True,S5_D2 hbr,mild_master_32,,-0.020802314134002218
824,az_itd=5_az=0,7.0,3.8007546050292665e-18,0.0007268477569133105,1.4717075181956016e-09,5.7112574051662,0.0084053004615334,5,2,hbr,True,S5_D2 hbr,mild_master_32,,-0.005511761999361384
825,constant,7.0,3.8007546050292665e-18,0.8038602805003612,1.730301235519223e-09,-0.2579560444905085,-0.0004463416624915786,5,2,hbr,False,S5_D2 hbr,mild_master_32,,
833,Linear,7.0,1.3758219713176636e-17,0.4965778807149811,3.337474887589118e-13,0.7170297130077483,2.393068660818592e-07,5,3,hbr,False,S5_D3 hbr,mild_master_32,,
834,ShortHbO,7.0,1.3758219713176636e-17,0.000177869537462386,0.003867476635713145,-7.197323317877041,-27835.479771562867,5,3,hbr,True,S5_D3 hbr,mild_master_32,,
835,az_itd=0_az=15,7.0,1.3758219713176636e-17,0.0027331735065087596,2.7539510827517497e-09,4.519687134287507,0.012446997277170233,5,3,hbr,True,S5_D3 hbr,mild_master_32,,0.008015761263389007
836,az_itd=0_az=5,7.0,1.3758219713176636e-17,9.179195419248138e-05,2.7490718062688007e-09,-7.991200194887708,-0.021968383154015544,5,3,hbr,True,S5_D3 hbr,mild_master_32,,0.00537457193524218
837,az_itd=15_az=0,7.0,1.3758219713176636e-17,6.695120617083673e-05,2.760639361548288e-09,-8.394402482445267,-0.023173917909717068,5,3,hbr,True,S5_D3 hbr,mild_master_32,,-0.049783000979796384
838,az_itd=5_az=0,7.0,1.3758219713176636e-17,0.12590824022718963,2.8000624246595894e-09,-1.7372739309029364,-0.004864475455261972,5,3,hbr,False,S5_D3 hbr,mild_master_32,,-0.03128480079929198
839,constant,7.0,1.3758219713176636e-17,0.6910499241245902,3.2920613729415668e-09,0.4143073364841843,0.0013639251789658872,5,3,hbr,False,S5_D3 hbr,mild_master_32,,
847,Linear,7.0,2.17521701522917e-17,0.2867471751882574,4.1965092250253646e-13,-1.1530272004634887,-4.838689283450201e-07,6,2,hbr,False,S6_D2 hbr,mild_master_32,,
848,ShortHbO,7.0,2.17521701522917e-17,0.0972126093595261,0.0048629283892722315,1.9137998421669478,9306.671583858368,6,2,hbr,False,S6_D2 hbr,mild_master_32,,
849,az_itd=0_az=15,7.0,2.17521701522917e-17,0.0683243628372125,3.462791935008293e-09,-2.152861138867123,-0.0074549101888618415,6,2,hbr,False,S6_D2 hbr,mild_master_32,,0.020290262462625
850,az_itd=0_az=5,7.0,2.17521701522917e-17,9.861979956253108e-08,3.4566567791009676e-09,22.084067039463264,0.07633704004208092,6,2,hbr,True,S6_D2 hbr,mild_master_32,,0.06357571996417087
851,az_itd=15_az=0,7.0,2.17521701522917e-17,0.000190108579808314,3.4712017132432057e-09,7.121102358283834,0.02471878270625508,6,2,hbr,True,S6_D2 hbr,mild_master_32,,0.04364308446725934
852,az_itd=5_az=0,7.0,2.17521701522917e-17,0.017593680514946964,3.5207718983674575e-09,3.0889184018009175,0.01087537710541079,6,2,hbr,True,S6_D2 hbr,mild_master_32,,0.04617104072809156
853,constant,7.0,2.17521701522917e-17,0.3520637388315898,4.139406703035471e-09,-0.996799017219846,-0.004126156533459001,6,2,hbr,False,S6_D2 hbr,mild_master_32,,
889,Linear,7.0,1.506091844008636e-17,0.06796445723037615,3.4919065656148543e-13,2.156438000050247,7.530080010716821e-07,7,7,hbr,False,S7_D7 hbr,mild_master_32,,
890,ShortHbO,7.0,1.506091844008636e-17,0.006476813035620489,0.004046432560984526,-3.8277366900007577,-15488.6783772942,7,7,hbr,True,S7_D7 hbr,mild_master_32,,
891,az_itd=0_az=15,7.0,1.506091844008636e-17,4.15626278570061e-05,2.881381940281697e-09,-9.036024976351023,-0.026036239178792185,7,7,hbr,True,S7_D7 hbr,mild_master_32,,-0.02915966578940164
892,az_itd=0_az=5,7.0,1.506091844008636e-17,0.00016988474031585425,2.8762768898588105e-09,-7.250306695909134,-0.020853889593832033,7,7,hbr,True,S7_D7 hbr,mild_master_32,,-0.043818853162903286
893,az_itd=15_az=0,7.0,1.506091844008636e-17,5.231957610361429e-07,2.888379699194923e-09,-17.332229441042628,-0.050062059659296096,7,7,hbr,True,S7_D7 hbr,mild_master_32,,-0.08436728396945682
894,az_itd=5_az=0,7.0,1.506091844008636e-17,2.6177959580700527e-05,2.929626946755322e-09,-9.697992492806595,-0.028411500136357022,7,7,hbr,True,S7_D7 hbr,mild_master_32,,-0.032734280010817456
895,constant,7.0,1.506091844008636e-17,0.6971888111127922,3.4443916762728755e-09,0.40554098787100734,0.0013968420030103768,7,7,hbr,False,S7_D7 hbr,mild_master_32,,
903,Linear,7.0,1.1928530849112544e-17,0.741157975642747,3.107637584586078e-13,-0.3437089227412499,-1.0681227664683007e-07,7,8,hbr,False,S7_D8 hbr,mild_master_32,,
904,ShortHbO,7.0,1.1928530849112544e-17,3.5571174382506904e-05,0.003601140429653573,9.254406272708351,33326.416581089674,7,8,hbr,True,S7_D8 hbr,mild_master_32,,
905,az_itd=0_az=15,7.0,1.1928530849112544e-17,2.6197836033633192e-05,2.5642985128355773e-09,9.696871914351307,0.024865674229128134,7,8,hbr,True,S7_D8 hbr,mild_master_32,,0.012193988426058306
906,az_itd=0_az=5,7.0,1.1928530849112544e-17,0.0023683520299893793,2.5597552507902557e-09,4.640446920166925,0.011878408369910757,7,8,hbr,True,S7_D8 hbr,mild_master_32,,-0.04265055312100711
907,az_itd=15_az=0,7.0,1.1928530849112544e-17,1.013486517469336e-05,2.5705261991146875e-09,-11.192351154673895,-0.02877023187278077,7,8,hbr,True,S7_D8 hbr,mild_master_32,,-0.04308471754407328
908,az_itd=5_az=0,7.0,1.1928530849112544e-17,0.09580475028242236,2.6072343682397255e-09,1.9237134636743916,0.005015571857137356,7,8,hbr,False,S7_D8 hbr,mild_master_32,,0.023719958977293367
909,constant,7.0,1.1928530849112544e-17,0.9413406727235898,3.065351500129926e-09,0.07626702992926107,0.0002337852546041144,7,8,hbr,False,S7_D8 hbr,mild_master_32,,
861,Linear,7.0,6.18313350182111e-17,0.07864583091378687,7.075240355873977e-13,2.057577439287272,1.4557854933781143e-06,7,17,hbr,False,S7_D17 hbr,mild_master_32,,
862,ShortHbO,7.0,6.18313350182111e-17,0.0002731498708418248,0.008198811283989532,6.716964188273751,55071.12178097242,7,17,hbr,True,S7_D17 hbr,mild_master_32,,
863,az_itd=0_az=15,7.0,6.18313350182111e-17,0.0013645580309154196,5.838205977592609e-09,-5.122762523636727,-0.029907742787283333,7,17,hbr,True,S7_D17 hbr,mild_master_32,,-0.1020267308979217
864,az_itd=0_az=5,7.0,6.18313350182111e-17,9.957953946112833e-05,5.8278622132071446e-09,-7.889801878099489,-0.045980678235066776,7,17,hbr,True,S7_D17 hbr,mild_master_32,,-0.14071266914303626
865,az_itd=15_az=0,7.0,6.18313350182111e-17,6.55310106659076e-08,5.852384715005308e-09,-23.42844359352867,-0.13711226518313122,7,17,hbr,True,S7_D17 hbr,mild_master_32,,-0.19258467493872644
866,az_itd=5_az=0,7.0,6.18313350182111e-17,4.6939788003808654e-06,5.935959170685703e-09,-12.554070657619922,-0.07452045084953526,7,17,hbr,True,S7_D17 hbr,mild_master_32,,-0.0570349462866388
867,constant,7.0,6.18313350182111e-17,0.47338468942146916,6.978966513415634e-09,0.7576579720279494,0.0052876696154054575,7,17,hbr,False,S7_D17 hbr,mild_master_32,,
875,Linear,7.0,1.6920800105452904e-17,0.7082742755999907,3.7012407389003173e-13,0.38979805781966065,1.4427364515463496e-07,7,18,hbr,False,S7_D18 hbr,mild_master_32,,
876,ShortHbO,7.0,1.6920800105452904e-17,0.030860716778340118,0.004289009674372989,2.695018445467613,11558.960185224245,7,18,hbr,True,S7_D18 hbr,mild_master_32,,
877,az_itd=0_az=15,7.0,1.6920800105452904e-17,2.720728849458604e-05,3.0541161458094226e-09,9.641195580822055,0.02944533108829509,7,18,hbr,True,S7_D18 hbr,mild_master_32,,-0.018601539311575627
878,az_itd=0_az=5,7.0,1.6920800105452904e-17,0.18910732472428898,3.0487050558377184e-09,1.4545937997173082,0.0044346274713883554,7,18,hbr,False,S7_D18 hbr,mild_master_32,,-0.053354438211522304
879,az_itd=15_az=0,7.0,1.6920800105452904e-17,1.368927215293095e-06,3.061533409096384e-09,-15.057642959387271,-0.046099476982409085,7,18,hbr,True,S7_D18 hbr,mild_master_32,,-0.07214241759680057
880,az_itd=5_az=0,7.0,1.6920800105452904e-17,0.002390624354204737,3.1052533627003467e-09,-4.632502166396894,-0.014385092929920596,7,18,hbr,True,S7_D18 hbr,mild_master_32,,0.009973436465850166
881,constant,7.0,1.6920800105452904e-17,0.8984583947224526,3.650877408486891e-09,0.13231472380847797,0.00048306483596255483,7,18,hbr,False,S7_D18 hbr,mild_master_32,,
945,Linear,7.0,1.2636540730975829e-18,0.19696989989173985,1.0114652973481853e-13,1.4257607365232474,1.4421075073148544e-07,8,6,hbr,False,S8_D6 hbr,mild_master_32,,
946,ShortHbO,7.0,1.2636540730975829e-18,0.6641969443224659,0.0011720892402442985,-0.4530863126265747,-531.0575919315727,8,6,hbr,False,S8_D6 hbr,mild_master_32,,
947,az_itd=0_az=15,7.0,1.2636540730975829e-18,5.7836328681078775e-06,8.346207970451659e-10,-12.170484300172548,-0.01015773930703569,8,6,hbr,True,S8_D6 hbr,mild_master_32,,-0.0011743487773424376
948,az_itd=0_az=5,7.0,1.2636540730975829e-18,0.004384257969538238,8.331420686637113e-10,-4.1335831491520665,-0.0034438620158780114,8,6,hbr,True,S8_D6 hbr,mild_master_32,,-0.013837333565707311
949,az_itd=15_az=0,7.0,1.2636540730975829e-18,0.0017191591477373877,8.366477671736438e-10,4.917174354812836,0.0041139429447576625,8,6,hbr,True,S8_D6 hbr,mild_master_32,,0.005917070476988609
950,az_itd=5_az=0,7.0,1.2636540730975829e-18,3.515302379994388e-06,8.485954406679163e-10,-13.103897239619197,-0.011119907452521746,8,6,hbr,True,S8_D6 hbr,mild_master_32,,-0.018476876092063194
951,constant,7.0,1.2636540730975829e-18,0.8373619667759951,9.9770213937884e-10,0.21304707073482318,0.00021255751826052815,8,6,hbr,False,S8_D6 hbr,mild_master_32,,
959,Linear,7.0,3.784414728647632e-18,0.9854583364162954,1.7503957423517947e-13,-0.018886979952328336,-3.3059689294439224e-09,8,7,hbr,False,S8_D7 hbr,mild_master_32,,
960,ShortHbO,7.0,3.784414728647632e-18,0.0009809722423633743,0.0020283642169027605,-5.425836391665059,-11005.572383622197,8,7,hbr,True,S8_D7 hbr,mild_master_32,,
961,az_itd=0_az=15,7.0,3.784414728647632e-18,0.0024926665273692257,1.4443567104638053e-09,4.597119205668213,0.006639879973508922,8,7,hbr,True,S8_D7 hbr,mild_master_32,,-0.006553543582049966
962,az_itd=0_az=5,7.0,3.784414728647632e-18,0.048413181080502396,1.441797690525327e-09,2.3865570894392594,0.003440932499860371,8,7,hbr,True,S8_D7 hbr,mild_master_32,,-0.012003907276898767
963,az_itd=15_az=0,7.0,3.784414728647632e-18,0.31626585735363927,1.4478644925815545e-09,-1.0792211410562176,-0.0015625659697786468,8,7,hbr,False,S8_D7 hbr,mild_master_32,,-0.0035411653911419476
964,az_itd=5_az=0,7.0,3.784414728647632e-18,0.2023466178450106,1.4685405917717228e-09,-1.4066318490708227,-0.002065695968039419,8,7,hbr,False,S8_D7 hbr,mild_master_32,,0.007273223227557686
965,constant,7.0,3.784414728647632e-18,0.7980482398196294,1.7265778484764261e-09,-0.2658045247261471,-0.00045893220441697006,8,7,hbr,False,S8_D7 hbr,mild_master_32,,
973,Linear,7.0,1.4646644581251953e-17,0.48684474516855414,3.443546546685291e-13,0.7339228748010147,2.5272975810543753e-07,8,8,hbr,False,S8_D8 hbr,mild_master_32,,
974,ShortHbO,7.0,1.4646644581251953e-17,0.683880077106591,0.003990392815484647,0.4245911190539473,1694.285350991458,8,8,hbr,False,S8_D8 hbr,mild_master_32,,
975,az_itd=0_az=15,7.0,1.4646644581251953e-17,0.0002014826382220904,2.8414771826494465e-09,7.0550659594842,0.020046808945961177,8,8,hbr,True,S8_D8 hbr,mild_master_32,,0.0034372852970736873
976,az_itd=0_az=5,7.0,1.4646644581251953e-17,0.014726772508243504,2.8364428329542137e-09,-3.2163983598141375,-0.009123130075620498,8,8,hbr,True,S8_D8 hbr,mild_master_32,,-0.028026932467830726
977,az_itd=15_az=0,7.0,1.4646644581251953e-17,1.253717006259157e-06,2.8483780283872627e-09,-15.253122744507383,-0.043446659689748854,8,8,hbr,True,S8_D8 hbr,mild_master_32,,-0.034583738848964575
978,az_itd=5_az=0,7.0,1.4646644581251953e-17,0.048911345118426916,2.889054035670944e-09,2.3795933307267148,0.006874773715391678,8,8,hbr,True,S8_D8 hbr,mild_master_32,,-0.024337329531033954
979,constant,7.0,1.4646644581251953e-17,0.8508138473564996,3.396689699276805e-09,-0.1951568553121949,-0.0006628872801821862,8,8,hbr,False,S8_D8 hbr,mild_master_32,,
917,Linear,7.0,2.4621592016286595e-18,0.0747744941508981,1.4118707846163864e-13,-2.0917687321605865,-2.953307161111591e-07,8,16,hbr,False,S8_D16 hbr,mild_master_32,,
918,ShortHbO,7.0,2.4621592016286595e-18,0.00013373452343811156,0.0016360804069133405,-7.531360998828914,-12321.912167575272,8,16,hbr,True,S8_D16 hbr,mild_master_32,,
919,az_itd=0_az=15,7.0,2.4621592016286595e-18,4.845024920216142e-07,1.1650194254520918e-09,17.52745050070686,0.020419820311973487,8,16,hbr,True,S8_D16 hbr,mild_master_32,,0.0080926388007894
920,az_itd=0_az=5,7.0,2.4621592016286595e-18,0.006924723086124146,1.162955317661511e-09,3.7764045195200553,0.004391789717616811,8,16,hbr,True,S8_D16 hbr,mild_master_32,,-0.007018615285495869
921,az_itd=15_az=0,7.0,2.4621592016286595e-18,0.0041960188752027516,1.1678488056722447e-09,4.168686032211458,0.0048683950039407195,8,16,hbr,True,S8_D16 hbr,mild_master_32,,-0.011007887684981286
922,az_itd=5_az=0,7.0,2.4621592016286595e-18,7.639817984649814e-05,1.1845261659286215e-09,8.223733773186002,0.00974122783596973,8,16,hbr,True,S8_D16 hbr,mild_master_32,,0.012095500375461877
923,constant,7.0,2.4621592016286595e-18,0.9814449849649695,1.392659249933067e-09,-0.024100623303264113,-3.35639559724432e-05,8,16,hbr,False,S8_D16 hbr,mild_master_32,,
931,Linear,7.0,1.6541636890851936e-17,0.7175367939012725,3.659536877160512e-13,0.376726511283105,1.3786445606445488e-07,8,17,hbr,False,S8_D17 hbr,mild_master_32,,
932,ShortHbO,7.0,1.6541636890851936e-17,0.10860281388710494,0.0042406831052361,1.8383792226194622,7795.983710379427,8,17,hbr,False,S8_D17 hbr,mild_master_32,,
933,az_itd=0_az=15,7.0,1.6541636890851936e-17,2.704929577864205e-05,3.019703783451176e-09,9.64975361426231,0.029139397498359563,8,17,hbr,True,S8_D17 hbr,mild_master_32,,-0.02558389464012247
934,az_itd=0_az=5,7.0,1.6541636890851936e-17,0.09718825288465771,3.0143536631282893e-09,1.9139701566673293,0.00576938295286839,8,17,hbr,False,S8_D17 hbr,mild_master_32,,-0.05242128386485198
935,az_itd=15_az=0,7.0,1.6541636890851936e-17,6.934036924815101e-07,3.027037472460097e-09,-16.63425910797147,-0.05035252564644032,8,17,hbr,True,S8_D17 hbr,mild_master_32,,-0.06980894479171226
936,az_itd=5_az=0,7.0,1.6541636890851936e-17,0.0005477620442903803,3.0702648099309865e-09,-5.989879566630164,-0.01839051644914926,8,17,hbr,True,S8_D17 hbr,mild_master_32,,-0.005731113992719423
937,constant,7.0,1.6541636890851936e-17,0.8006554250196671,3.6097410173647746e-09,0.2622815671568439,0.0009467685310647733,8,17,hbr,False,S8_D17 hbr,mild_master_32,,
987,Linear,7.0,1.3775061187875208e-17,0.15290912122249445,3.339516968958517e-13,-1.6032718960940557,-5.354153702860396e-07,9,15,hbr,False,S9_D15 hbr,mild_master_32,,
988,ShortHbO,7.0,1.3775061187875208e-17,0.004052396972688485,0.0038698430061729623,4.196650629154441,16240.379086584677,9,15,hbr,True,S9_D15 hbr,mild_master_32,,
989,az_itd=0_az=15,7.0,1.3775061187875208e-17,7.986631440144165e-07,2.7556361268008407e-09,16.29425154871631,0.04490102822682321,9,15,hbr,True,S9_D15 hbr,mild_master_32,,0.02218685783043173
990,az_itd=0_az=5,7.0,1.3775061187875208e-17,0.005382017682258528,2.7507538648633378e-09,-3.9714946259439436,-0.010924604191599279,9,15,hbr,True,S9_D15 hbr,mild_master_32,,0.014934617127464796
991,az_itd=15_az=0,7.0,1.3775061187875208e-17,0.0027186383647723987,2.7623284979156685e-09,4.524149571009099,0.012497187288831382,9,15,hbr,True,S9_D15 hbr,mild_master_32,,0.002792255094014269
992,az_itd=5_az=0,7.0,1.3775061187875208e-17,0.0038045856772196216,2.8017756825875554e-09,4.247559496936857,0.011900708908861515,9,15,hbr,True,S9_D15 hbr,mild_master_32,,0.027482681096414736
993,constant,7.0,1.3775061187875208e-17,0.7604986879153978,3.2940756674076017e-09,0.3169864124380962,0.001044177228111163,9,15,hbr,False,S9_D15 hbr,mild_master_32,,
1001,Linear,7.0,1.021698091851319e-18,0.3780161463211219,9.09490521684056e-14,-0.9410400624482838,-8.558670173216862e-08,9,16,hbr,False,S9_D16 hbr,mild_master_32,,
1002,ShortHbO,7.0,1.021698091851319e-18,8.534915692468094e-10,0.0010539205421726853,43.73263589852599,46090.72333681515,9,16,hbr,True,S9_D16 hbr,mild_master_32,,
1003,az_itd=0_az=15,7.0,1.021698091851319e-18,0.2616756356173767,7.504752818540506e-10,1.2208207011094367,0.0009161957597583642,9,16,hbr,False,S9_D16 hbr,mild_master_32,,0.001287697598082272
1004,az_itd=0_az=5,7.0,1.021698091851319e-18,1.76790651590427e-05,7.491456371785446e-10,10.293069942392378,0.007711008440516863,9,16,hbr,True,S9_D16 hbr,mild_master_32,,-0.0020005292654156656
1005,az_itd=15_az=0,7.0,1.021698091851319e-18,0.043050724010681406,7.522978951700196e-10,2.4665395485386137,0.0018555725107192093,9,16,hbr,True,S9_D16 hbr,mild_master_32,,0.007051214038682865
1006,az_itd=5_az=0,7.0,1.021698091851319e-18,7.2363061881071756e-06,7.630410178729986e-10,11.77075328310292,0.008981567566270792,9,16,hbr,True,S9_D16 hbr,mild_master_32,,0.013344628754613059
1007,constant,7.0,1.021698091851319e-18,0.5077707027991762,8.971149495765625e-10,-0.6978683716860689,-0.0006260681490762255,9,16,hbr,False,S9_D16 hbr,mild_master_32,,
1015,Linear,7.0,1.3509897229809314e-18,0.022679805184154495,1.0458343667913762e-13,-2.9094038660231627,-3.042754549962716e-07,9,17,hbr,True,S9_D17 hbr,mild_master_32,,
1016,ShortHbO,7.0,1.3509897229809314e-18,5.496244796752896e-06,0.001211916228473343,-12.263127039067456,-14861.882670476105,9,17,hbr,True,S9_D17 hbr,mild_master_32,,
1017,az_itd=0_az=15,7.0,1.3509897229809314e-18,1.0981683916334995e-07,8.629807815227174e-10,21.743056335016597,0.018763839748685094,9,17,hbr,True,S9_D17 hbr,mild_master_32,,0.015405018098176041
1018,az_itd=0_az=5,7.0,1.3509897229809314e-18,5.502786449363446e-06,8.61451806713073e-10,12.260957507454412,0.01056222399682882,9,17,hbr,True,S9_D17 hbr,mild_master_32,,0.0013212956867415273
1019,az_itd=15_az=0,7.0,1.3509897229809314e-18,1.5048296657201198e-06,8.650766270513574e-10,14.84983448530251,0.012846244728816427,9,17,hbr,True,S9_D17 hbr,mild_master_32,,0.008937382412347778
1020,az_itd=5_az=0,7.0,1.3509897229809314e-18,6.401958619791446e-06,8.774302763325263e-10,11.987773230281022,0.010518435178057138,9,17,hbr,True,S9_D17 hbr,mild_master_32,,0.00838075877362312
1021,constant,7.0,1.3509897229809314e-18,0.4797538926258976,1.031603543808465e-09,-0.7463712200755841,-0.0007699591956266202,9,17,hbr,False,S9_D17 hbr,mild_master_32,,
7,Linear,7.0,1.831104467421663e-18,0.007402370966240118,1.2175686219969568e-13,-3.7254993346438865,-4.5360510911329366e-07,10,14,hbr,True,S10_D14 hbr,mild_master_32,,
8,ShortHbO,7.0,1.831104467421663e-18,5.191787456604519e-10,0.001410922435839584,-46.96123114910874,-66258.65464292625,10,14,hbr,True,S10_D14 hbr,mild_master_32,,
9,az_itd=0_az=15,7.0,1.831104467421663e-18,2.116965307902408e-07,1.0046890352170595e-09,19.770173899166885,0.01986287694082747,10,14,hbr,True,S10_D14 hbr,mild_master_32,,0.024220211232015926
10,az_itd=0_az=5,7.0,1.831104467421663e-18,6.278810388669292e-08,1.002908990679263e-09,23.573609022920216,0.02364218443184448,10,14,hbr,True,S10_D14 hbr,mild_master_32,,0.020218596906699474
11,az_itd=15_az=0,7.0,1.831104467421663e-18,4.496868842325048e-06,1.007129035118816e-09,12.634269113422363,0.012724339261632522,10,14,hbr,True,S10_D14 hbr,mild_master_32,,0.011592954943516687
12,az_itd=5_az=0,7.0,1.831104467421663e-18,1.8190870724850275e-07,1.0215112510886866e-09,20.20995727344768,0.020644698738848444,10,14,hbr,True,S10_D14 hbr,mild_master_32,,0.025037434420593904
13,constant,7.0,1.831104467421663e-18,0.3760093305211585,1.2010009855916385e-09,-0.9452457425145404,-0.0011352410683862632,10,14,hbr,False,S10_D14 hbr,mild_master_32,,
21,Linear,7.0,1.4502056812139885e-18,0.6861705400427603,1.0835568134212302e-13,-0.4213004990720582,-4.565030262672934e-08,10,16,hbr,False,S10_D16 hbr,mild_master_32,,
22,ShortHbO,7.0,1.4502056812139885e-18,9.963694194704645e-09,0.001255629120973422,-30.73445265851236,-38591.07377520712,10,16,hbr,True,S10_D16 hbr,mild_master_32,,
23,az_itd=0_az=15,7.0,1.4502056812139885e-18,0.005416354698421929,8.941078390255756e-10,3.966516756334074,0.003546493725464594,10,16,hbr,True,S10_D16 hbr,mild_master_32,,0.009537356734623472
24,az_itd=0_az=5,7.0,1.4502056812139885e-18,0.9203161600679293,8.925237152626297e-10,-0.10369972531745004,-9.255446411204469e-05,10,16,hbr,False,S10_D16 hbr,mild_master_32,,-0.004991183778778659
25,az_itd=15_az=0,7.0,1.4502056812139885e-18,0.1397598086862215,8.962792801012821e-10,1.6654799277393262,0.0014927351506573386,10,16,hbr,False,S10_D16 hbr,mild_master_32,,-0.00018305906206269687
26,az_itd=5_az=0,7.0,1.4502056812139885e-18,0.5993689542356627,9.090785160742733e-10,-0.5500800962123251,-0.000500065997586694,10,16,hbr,False,S10_D16 hbr,mild_master_32,,0.0073101907570876515
27,constant,7.0,1.4502056812139885e-18,0.9876133754886184,1.0688126955251686e-09,0.016087675601417745,1.7194711924285788e-05,10,16,hbr,False,S10_D16 hbr,mild_master_32,,
63,Linear,7.0,2.2667946512343447e-17,0.41647781289603314,4.2839360177775625e-13,-0.8634762119944249,-3.699076845057051e-07,11,3,hbr,False,S11_D3 hbr,mild_master_32,,
64,ShortHbO,7.0,2.2667946512343447e-17,6.667445364242142e-05,0.00496423883794761,-8.399806034515471,-41698.643347768404,11,3,hbr,True,S11_D3 hbr,mild_master_32,,
65,az_itd=0_az=15,7.0,2.2667946512343447e-17,3.413082166983978e-05,3.534933035292452e-09,9.313155519911442,0.03292138111015121,11,3,hbr,True,S11_D3 hbr,mild_master_32,,0.029354671496352205
66,az_itd=0_az=5,7.0,2.2667946512343447e-17,0.2610234569564575,3.528670064342849e-09,-1.2226558235912077,-0.004314349003700746,11,3,hbr,False,S11_D3 hbr,mild_master_32,,0.05293038515371379
67,az_itd=15_az=0,7.0,2.2667946512343447e-17,0.2505565053012969,3.5435180162731254e-09,1.2526540381270739,0.004438802152260569,11,3,hbr,False,S11_D3 hbr,mild_master_32,,0.025844375014053227
68,az_itd=5_az=0,7.0,2.2667946512343447e-17,0.06911684467976548,3.5941209078848794e-09,2.1450513151621626,0.007709573780310286,11,3,hbr,False,S11_D3 hbr,mild_master_32,,0.006230044272242185
69,constant,7.0,2.2667946512343447e-17,0.7277254010244405,4.225643866481991e-09,0.3624307424702063,0.0015315032439437415,11,3,hbr,False,S11_D3 hbr,mild_master_32,,
77,Linear,7.0,7.963629647850319e-19,0.8000726289935302,8.029572312910168e-14,0.26306874859661267,2.1123295401232868e-08,11,4,hbr,False,S11_D4 hbr,mild_master_32,,
78,ShortHbO,7.0,7.963629647850319e-19,1.0735745961404666e-10,0.000930469422569401,-58.84979658062276,-54757.936242698765,11,4,hbr,True,S11_D4 hbr,mild_master_32,,
79,az_itd=0_az=15,7.0,7.963629647850319e-19,7.578832594912496e-05,6.625682622333127e-10,8.23401315978556,0.005455595790485346,11,4,hbr,True,S11_D4 hbr,mild_master_32,,0.013693076397016026
80,az_itd=0_az=5,7.0,7.963629647850319e-19,0.4295548312714278,6.613943656595825e-10,0.8382990087945323,0.0005544462411547165,11,4,hbr,False,S11_D4 hbr,mild_master_32,,-0.003866487663361707
81,az_itd=15_az=0,7.0,7.963629647850319e-19,0.09105249213334761,6.641773835017727e-10,-1.9582624733595997,-0.0013006336457656888,11,4,hbr,False,S11_D4 hbr,mild_master_32,,-0.011834762044831065
82,az_itd=5_az=0,7.0,7.963629647850319e-19,3.149939119403904e-06,6.736621091314922e-10,-13.318367851261256,-0.008972079776869719,11,4,hbr,True,S11_D4 hbr,mild_master_32,,-0.006803810062767339
83,constant,7.0,7.963629647850319e-19,0.8727154547030204,7.920312734298229e-10,0.16617721966732454,0.00013161755490813845,11,4,hbr,False,S11_D4 hbr,mild_master_32,,
35,Linear,7.0,1.6264966879379347e-18,0.29265342658422927,1.1475284931500832e-13,1.13777798757417,1.3056326596203213e-07,11,11,hbr,False,S11_D11 hbr,mild_master_32,,
36,ShortHbO,7.0,1.6264966879379347e-18,6.041964453146919e-07,0.0013297597092270415,-16.972091224206743,-22568.80309127598,11,11,hbr,True,S11_D11 hbr,mild_master_32,,
37,az_itd=0_az=15,7.0,1.6264966879379347e-18,1.2866741330507442e-05,9.468947161073643e-10,-10.798304947303293,-0.010224857897517498,11,11,hbr,True,S11_D11 hbr,mild_master_32,,-0.009093968855787438
38,az_itd=0_az=5,7.0,1.6264966879379347e-18,1.6924444332531336e-05,9.452170678916543e-10,-10.361158303952363,-0.00979354367202312,11,11,hbr,True,S11_D11 hbr,mild_master_32,,-0.0006894354194617314
39,az_itd=15_az=0,7.0,1.6264966879379347e-18,0.0039792998890352755,9.491943560290606e-10,4.21130397547986,0.003997345965048228,11,11,hbr,True,S11_D11 hbr,mild_master_32,,-0.0053465260979657205
40,az_itd=5_az=0,7.0,1.6264966879379347e-18,0.44138822922798016,9.627492410038361e-10,-0.815982652017255,-0.0007855866789019095,11,11,hbr,False,S11_D11 hbr,mild_master_32,,0.012912854438613819
41,constant,7.0,1.6264966879379347e-18,0.9100799326533265,1.1319139031419474e-09,0.11708675402607198,0.00013253212475587226,11,11,hbr,False,S11_D11 hbr,mild_master_32,,
49,Linear,7.0,5.3647862761960564e-18,0.4553108860602667,2.0840738236309263e-13,0.7902573085221551,1.6469545706240523e-07,11,13,hbr,False,S11_D13 hbr,mild_master_32,,
50,ShortHbO,7.0,5.3647862761960564e-18,0.030207358918325634,0.0024150314508632363,-2.7098089219883144,-6544.273772431581,11,13,hbr,True,S11_D13 hbr,mild_master_32,,
51,az_itd=0_az=15,7.0,5.3647862761960564e-18,0.08466865700822458,1.7196945464566321e-09,-2.007570380890563,-0.003452407835645365,11,13,hbr,False,S11_D13 hbr,mild_master_32,,0.022110940706727273
52,az_itd=0_az=5,7.0,5.3647862761960564e-18,0.29835730753183726,1.7166477003412694e-09,1.1232896254850846,0.0019282925524061764,11,13,hbr,False,S11_D13 hbr,mild_master_32,,0.039768396307227456
53,az_itd=15_az=0,7.0,5.3647862761960564e-18,4.0093758615659915e-07,1.72387101736188e-09,-18.01753368776022,-0.031059904128671156,11,13,hbr,True,S11_D13 hbr,mild_master_32,,-0.015374936743073657
54,az_itd=5_az=0,7.0,5.3647862761960564e-18,0.00010112811310330738,1.7484886030051875e-09,-7.8707066579601435,-0.01376184088904036,11,13,hbr,True,S11_D13 hbr,mild_master_32,,0.012172101334071301
55,constant,7.0,5.3647862761960564e-18,0.5442251546341335,2.0557155227286508e-09,0.6372624613834564,0.0013100303339182386,11,13,hbr,False,S11_D13 hbr,mild_master_32,,
119,Linear,7.0,4.988242618888942e-18,0.16947776979585444,2.0096048516845933e-13,-1.5316115974322848,-3.07793409709631e-07,12,2,hbr,False,S12_D2 hbr,mild_master_32,,
120,ShortHbO,7.0,4.988242618888942e-18,0.0047170151108951635,0.0023287365666203566,4.075392731959973,9490.516078254024,12,2,hbr,True,S12_D2 hbr,mild_master_32,,
121,az_itd=0_az=15,7.0,4.988242618888942e-18,0.0062469925344042915,1.6582457227709027e-09,-3.855597515241517,-0.006393528088375366,12,2,hbr,True,S12_D2 hbr,mild_master_32,,-0.002730091757729477
122,az_itd=0_az=5,7.0,4.988242618888942e-18,5.865867797351963e-06,1.6553077477978753e-09,12.14493536066678,0.020103605599016104,12,2,hbr,True,S12_D2 hbr,mild_master_32,,-0.008709359805922027
123,az_itd=15_az=0,7.0,4.988242618888942e-18,1.1917839738252175e-07,1.6622729583222244e-09,21.487088361275124,0.03571740593602784,12,2,hbr,True,S12_D2 hbr,mild_master_32,,0.005113287086444172
124,az_itd=5_az=0,7.0,4.988242618888942e-18,0.004457433597072307,1.6860108984012188e-09,4.120380985566469,0.006947007247230222,12,2,hbr,True,S12_D2 hbr,mild_master_32,,0.010814866861241987
125,constant,7.0,4.988242618888942e-18,0.5488157290690119,1.982259861102898e-09,-0.6298109826804347,-0.0012484490310491982,12,2,hbr,False,S12_D2 hbr,mild_master_32,,
133,Linear,7.0,6.973389360177934e-17,0.5704462250040635,7.51378637838117e-13,0.5951939051617642,4.4721598570999577e-07,12,4,hbr,False,S12_D4 hbr,mild_master_32,,
134,ShortHbO,7.0,6.973389360177934e-17,0.2605895857959231,0.008706999825583829,1.2238788162070708,10656.31263925071,12,4,hbr,False,S12_D4 hbr,mild_master_32,,
135,az_itd=0_az=15,7.0,6.973389360177934e-17,0.004750324816845717,6.2000766535372565e-09,-4.069816746430749,-0.025233175793720242,12,4,hbr,True,S12_D4 hbr,mild_master_32,,-0.06689541127449224
136,az_itd=0_az=5,7.0,6.973389360177934e-17,0.16227515696526865,6.189091749557823e-09,-1.5619309538426258,-0.009666933979806376,12,4,hbr,False,S12_D4 hbr,mild_master_32,,-0.058661747121266185
137,az_itd=15_az=0,7.0,6.973389360177934e-17,0.13622395481359612,6.215134234435654e-09,-1.6831445961622844,-0.010460969601113587,12,4,hbr,False,S12_D4 hbr,mild_master_32,,-0.024473830763109636
138,az_itd=5_az=0,7.0,6.973389360177934e-17,0.00039459440567728843,6.303888902134063e-09,-6.324934804320493,-0.039871686319677434,12,4,hbr,True,S12_D4 hbr,mild_master_32,,-0.03620514601924585
139,constant,7.0,6.973389360177934e-17,0.5751847835449763,7.411545175302133e-09,0.5877142786397762,0.004355870926308808,12,4,hbr,False,S12_D4 hbr,mild_master_32,,
91,Linear,7.0,6.729036503990139e-18,0.6460315756809202,2.3340670536021405e-13,-0.4797511712489555,-1.1197714027392254e-07,12,10,hbr,False,S12_D10 hbr,mild_master_32,,
92,ShortHbO,7.0,6.729036503990139e-18,0.0002626485661268254,0.002704724409931027,6.759804171505402,18283.40734902424,12,10,hbr,True,S12_D10 hbr,mild_master_32,,
93,az_itd=0_az=15,7.0,6.729036503990139e-18,0.0005791008900612393,1.9259789829088745e-09,5.934340524475242,0.011429415127563743,12,10,hbr,True,S12_D10 hbr,mild_master_32,,-0.007950136890800562
94,az_itd=0_az=5,7.0,6.729036503990139e-18,0.38218374722168197,1.922566655065865e-09,0.9323595421523981,0.0017925233662746773,12,10,hbr,False,S12_D10 hbr,mild_master_32,,-0.014284849773132045
95,az_itd=15_az=0,7.0,6.729036503990139e-18,0.03085081000445124,1.930656438683106e-09,-2.695240260256763,-0.00520358296226265,12,10,hbr,True,S12_D10 hbr,mild_master_32,,-0.036814708681519454
96,az_itd=5_az=0,7.0,6.729036503990139e-18,9.67138725028841e-05,1.9582270050122617e-09,7.926038652210901,0.015520982931530378,12,10,hbr,True,S12_D10 hbr,mild_master_32,,-0.002744902591711821
97,constant,7.0,6.729036503990139e-18,0.868653654680511,2.302307057827701e-09,-0.17153888477845972,-0.00039493518511734063,12,10,hbr,False,S12_D10 hbr,mild_master_32,,
105,Linear,7.0,1.4115255114893658e-17,0.16130813795521276,3.3805024278888494e-13,1.5660956028574633,5.294189987765706e-07,12,12,hbr,False,S12_D12 hbr,mild_master_32,,
106,ShortHbO,7.0,1.4115255114893658e-17,5.713910822736913e-07,0.00391733708782328,-17.110903226944554,-67029.17581706494,12,12,hbr,True,S12_D12 hbr,mild_master_32,,
107,az_itd=0_az=15,7.0,1.4115255114893658e-17,1.3784266507986367e-07,2.789455691831276e-09,-21.039087781391476,-0.05868760316274031,12,12,hbr,True,S12_D12 hbr,mild_master_32,,-0.03422637844559513
108,az_itd=0_az=5,7.0,1.4115255114893658e-17,0.002412240668214551,2.784513510525797e-09,-4.62486922497529,-0.012878010841358669,12,12,hbr,True,S12_D12 hbr,mild_master_32,,-0.005263696734462818
109,az_itd=15_az=0,7.0,1.4115255114893658e-17,0.0002657511374994392,2.7962301975494084e-09,6.7469496618958065,0.018866024385938825,12,12,hbr,True,S12_D12 hbr,mild_master_32,,-0.005784396323839459
110,az_itd=5_az=0,7.0,1.4115255114893658e-17,0.00034969829960011686,2.836161512406084e-09,-6.451720475043016,-0.018298121300119298,12,12,hbr,True,S12_D12 hbr,mild_master_32,,0.03258714828783724
111,constant,7.0,1.4115255114893658e-17,0.8479926069309004,3.3345034311335776e-09,0.19890284653221504,0.0006632422242239066,12,12,hbr,False,S12_D12 hbr,mild_master_32,,
147,Linear,7.0,2.8328220418983675e-15,0.34555381965544124,4.789018698572279e-12,-1.0112806810279475,-4.84304209094775e-06,13,1,hbr,False,S13_D1 hbr,mild_master_32,,
148,ShortHbO,7.0,2.8328220418983675e-15,0.0714804940808749,0.055495302732003246,2.1222794387219963,117776.53993378313,13,1,hbr,False,S13_D1 hbr,mild_master_32,,
149,az_itd=0_az=15,7.0,2.8328220418983675e-15,0.0003320957988777159,3.951707106260386e-08,6.5065065902801384,0.25711808329740055,13,1,hbr,True,S13_D1 hbr,mild_master_32,,-0.28005668215352997
150,az_itd=0_az=5,7.0,2.8328220418983675e-15,0.41911194878092073,3.944705721351323e-08,-0.8583594700770962,-0.03385975512589211,13,1,hbr,False,S13_D1 hbr,mild_master_32,,0.1292061942991377
151,az_itd=15_az=0,7.0,2.8328220418983675e-15,0.00020561638723429833,3.961304269773735e-08,-7.03209939000961,-0.2785628533911834,13,1,hbr,True,S13_D1 hbr,mild_master_32,,-0.3267167595197223
152,az_itd=5_az=0,7.0,2.8328220418983675e-15,0.027467982041901633,4.017873320554339e-08,2.775693740143115,0.1115238582455071,13,1,hbr,True,S13_D1 hbr,mild_master_32,,-0.01679333442937402
153,constant,7.0,2.8328220418983675e-15,0.4144858858015522,4.723853812501148e-08,0.8673610374084371,0.04097286743376796,13,1,hbr,False,S13_D1 hbr,mild_master_32,,
175,Linear,7.0,1.178540807124155e-16,0.32040279353832324,9.768079792316858e-13,-1.0693287361240063,-1.044528841867663e-06,13,3,hbr,False,S13_D3 hbr,mild_master_32,,
176,ShortHbO,7.0,1.178540807124155e-16,0.01093488037314741,0.011319282285253867,3.433383919522581,38863.441778727436,13,3,hbr,True,S13_D3 hbr,mild_master_32,,
177,az_itd=0_az=15,7.0,1.178540807124155e-16,0.7479043956076903,8.060229612660474e-09,0.3343572902114066,0.0026949965317708915,13,3,hbr,False,S13_D3 hbr,mild_master_32,,-0.07113392931542971
178,az_itd=0_az=5,7.0,1.178540807124155e-16,5.684894217826638e-07,8.04594900722687e-09,17.123616608750396,0.1377757460533088,13,3,hbr,True,S13_D3 hbr,mild_master_32,,0.18247666893728434
179,az_itd=15_az=0,7.0,1.178540807124155e-16,0.08870213398629137,8.079804783458248e-09,-1.9760087775987483,-0.01596576517339785,13,3,hbr,False,S13_D3 hbr,mild_master_32,,0.1212861399300567
180,az_itd=5_az=0,7.0,1.178540807124155e-16,0.18266662968397865,8.19518771189937e-09,1.4790293853383045,0.012120923444262553,13,3,hbr,False,S13_D3 hbr,mild_master_32,,-0.02299719700336987
181,constant,7.0,1.178540807124155e-16,0.8589309727884165,9.63516408518257e-09,-0.1843962095334906,-0.0017766877355408885,13,3,hbr,False,S13_D3 hbr,mild_master_32,,
161,Linear,7.0,2.248628727736883e-16,0.3743275027383363,1.349260366993201e-12,-0.9487834414042081,-1.280155894346114e-06,13,11,hbr,False,S13_D11 hbr,mild_master_32,,
162,ShortHbO,7.0,2.248628727736883e-16,0.0525994910771054,0.015635272535666708,-2.330186025283913,-36433.09356411594,13,11,hbr,False,S13_D11 hbr,mild_master_32,,
163,az_itd=0_az=15,7.0,2.248628727736883e-16,7.901056108303264e-07,1.1133558075336163e-08,16.31993313029405,0.18169892329173148,13,11,hbr,True,S13_D11 hbr,mild_master_32,,0.2046525076956332
164,az_itd=0_az=5,7.0,2.248628727736883e-16,7.966739143627839e-06,1.1113832340762022e-08,11.602923990746843,0.1289529518957658,13,11,hbr,True,S13_D11 hbr,mild_master_32,,0.1928171052109004
165,az_itd=15_az=0,7.0,2.248628727736883e-16,0.004787427954087099,1.1160597168685234e-08,4.063655910633219,0.045352826650724126,13,11,hbr,True,S13_D11 hbr,mild_master_32,,0.08692199572166945
166,az_itd=5_az=0,7.0,2.248628727736883e-16,8.31568145019689e-06,1.131997507681378e-08,11.528816044783209,0.13050591029211675,13,11,hbr,True,S13_D11 hbr,mild_master_32,,0.0688059042895658
167,constant,7.0,2.248628727736883e-16,0.22442388270881422,1.3309007815270556e-08,-1.332535882234272,-0.017734730470784374,13,11,hbr,False,S13_D11 hbr,mild_master_32,,
189,Linear,7.0,2.785572445271094e-18,0.011876684410803978,1.5017378092748384e-13,3.372685112784068,5.064888752646208e-07,14,1,hbr,True,S14_D1 hbr,mild_master_32,,
190,ShortHbO,7.0,2.785572445271094e-18,0.2756310913451128,0.0017402186041714136,1.1824473098689823,2057.716807086443,14,1,hbr,False,S14_D1 hbr,mild_master_32,,
191,az_itd=0_az=15,7.0,2.785572445271094e-18,2.6474622835811735e-05,1.2391741077186604e-09,-9.681366872551672,-0.011996899155791215,14,1,hbr,True,S14_D1 hbr,mild_master_32,,-0.00306420958279635
192,az_itd=0_az=5,7.0,2.785572445271094e-18,8.312288347861028e-08,1.2369786173485011e-09,-22.63690924890339,-0.02800137270375201,14,1,hbr,True,S14_D1 hbr,mild_master_32,,-0.022653923007108532
193,az_itd=15_az=0,7.0,2.785572445271094e-18,2.782552185913684e-08,1.242183580894049e-09,-26.510625447111785,-0.03293106364963422,14,1,hbr,True,S14_D1 hbr,mild_master_32,,-0.03985433200764412
194,az_itd=5_az=0,7.0,2.785572445271094e-18,5.751457884690551e-06,1.2599224722492544e-09,-12.180593125588441,-0.015346603004253662,14,1,hbr,True,S14_D1 hbr,mild_master_32,,-0.011924160216873467
195,constant,7.0,2.785572445271094e-18,0.30304912775527015,1.4813034406892072e-09,1.1115408825607875,0.0016465293338040127,14,1,hbr,False,S14_D1 hbr,mild_master_32,,
217,Linear,7.0,1.369411019006022e-18,0.6260343194753626,1.0529404144684535e-13,0.5095490566498739,5.365247949009277e-08,14,2,hbr,False,S14_D2 hbr,mild_master_32,,
218,ShortHbO,7.0,1.369411019006022e-18,2.380213502392104e-06,0.0012201507393802436,-13.880911934215117,-16936.80495980462,14,2,hbr,True,S14_D2 hbr,mild_master_32,,
219,az_itd=0_az=15,7.0,1.369411019006022e-18,0.8653586211239815,8.68844408472285e-10,0.1758925200983376,0.00015282323257953965,14,2,hbr,False,S14_D2 hbr,mild_master_32,,0.0028991135676057203
220,az_itd=0_az=5,7.0,1.369411019006022e-18,0.00025118618416479873,8.673050448589834e-10,-6.808819948779068,-0.0059053238911125705,14,2,hbr,True,S14_D2 hbr,mild_master_32,,0.0038523411110822597
221,az_itd=15_az=0,7.0,1.369411019006022e-18,1.5681035651067972e-05,8.709544944760166e-10,-10.481229751626683,-0.009128674159815005,14,2,hbr,True,S14_D2 hbr,mild_master_32,,-0.01575703345716184
222,az_itd=5_az=0,7.0,1.369411019006022e-18,9.485027978900718e-05,8.833920821164184e-10,7.95026082559355,0.007023197464089681,14,2,hbr,True,S14_D2 hbr,mild_master_32,,0.009188667751494491
223,constant,7.0,1.369411019006022e-18,0.9268720886132289,1.0386128984433055e-09,0.09513712261164874,9.881064266524063e-05,14,2,hbr,False,S14_D2 hbr,mild_master_32,,
231,Linear,7.0,1.560181598324686e-17,0.17968349223925742,3.554057598605054e-13,1.4906127418319242,5.297723541685264e-07,14,9,hbr,False,S14_D9 hbr,mild_master_32,,
232,ShortHbO,7.0,1.560181598324686e-17,0.002932592787256484,0.004118453377940745,-4.460979727745452,-18372.337028658443,14,9,hbr,True,S14_D9 hbr,mild_master_32,,
233,az_itd=0_az=15,7.0,1.560181598324686e-17,0.0005980762544565808,2.9326664923345037e-09,-5.902322828940625,-0.017309544387375166,14,9,hbr,True,S14_D9 hbr,mild_master_32,,-0.02990896422102705
234,az_itd=0_az=5,7.0,1.560181598324686e-17,4.580601469043593e-06,2.927470579183395e-09,-12.599721569823151,-0.0368853142015597,14,9,hbr,True,S14_D9 hbr,mild_master_32,,-0.06632661231422991
235,az_itd=15_az=0,7.0,1.560181598324686e-17,2.9294958122626125e-06,2.939788801529045e-09,-13.461950865495321,-0.03957529240111738,14,9,hbr,True,S14_D9 hbr,mild_master_32,,-0.07794302461446663
236,az_itd=5_az=0,7.0,1.560181598324686e-17,0.02226116407892606,2.981770192170225e-09,-2.922483449265362,-0.00871417403613028,14,9,hbr,True,S14_D9 hbr,mild_master_32,,-0.010821387451532053
237,constant,7.0,1.560181598324686e-17,0.5619159962136525,3.505697010960578e-09,0.608750792849361,0.0021340958349118865,14,9,hbr,False,S14_D9 hbr,mild_master_32,,
203,Linear,7.0,2.5980567785444322e-17,0.7718811244202053,4.586286754991041e-13,-0.3013793438481017,-1.3822120929184398e-07,14,10,hbr,False,S14_D10 hbr,mild_master_32,,
204,ShortHbO,7.0,2.5980567785444322e-17,0.0041276147071498395,0.005314603844831141,4.181871845712773,22224.992189816203,14,10,hbr,True,S14_D10 hbr,mild_master_32,,
205,az_itd=0_az=15,7.0,2.5980567785444322e-17,0.6561330211882115,3.784420797197781e-09,-0.4648780093302427,-0.0017592940066692747,14,10,hbr,False,S14_D10 hbr,mild_master_32,,-0.05287480132710568
206,az_itd=0_az=5,7.0,2.5980567785444322e-17,0.05993095109055205,3.777715799598877e-09,2.2416597957518234,0.008468353627737256,14,10,hbr,False,S14_D10 hbr,mild_master_32,,-0.03965881875027918
207,az_itd=15_az=0,7.0,2.5980567785444322e-17,0.8112312321216382,3.79361168716442e-09,-0.24802817293151813,-0.0009409225755790451,14,10,hbr,False,S14_D10 hbr,mild_master_32,,-0.07920000164440909
208,az_itd=5_az=0,7.0,2.5980567785444322e-17,0.0057600740822312604,3.847786019040561e-09,3.9185078881564945,0.015077579867548712,14,10,hbr,True,S14_D10 hbr,mild_master_32,,-0.0005587581956166366
209,constant,7.0,2.5980567785444322e-17,0.9912991628871427,4.523880472474828e-09,0.011300314235687026,5.1121270903653846e-05,14,10,hbr,False,S14_D10 hbr,mild_master_32,,
245,Linear,7.0,2.2835865005348024e-17,0.33061158456238326,4.299773905788499e-13,1.0453467309313544,4.4947545961599493e-07,15,17,hbr,False,S15_D17 hbr,mild_master_32,,
246,ShortHbO,7.0,2.2835865005348024e-17,0.9446139536590458,0.004982591833521933,-0.07200255110563111,-358.75932313166317,15,17,hbr,False,S15_D17 hbr,mild_master_32,,
247,az_itd=0_az=15,7.0,2.2835865005348024e-17,0.0028312728979369814,3.5480018284085933e-09,4.490237769951567,0.015931371817777484,15,17,hbr,True,S15_D17 hbr,mild_master_32,,-0.03590542660717065
248,az_itd=0_az=5,7.0,2.2835865005348024e-17,0.025542847583532795,3.5417157029972752e-09,-2.826259532827512,-0.010009807768160945,15,17,hbr,True,S15_D17 hbr,mild_master_32,,-0.06173075514665062
249,az_itd=15_az=0,7.0,2.2835865005348024e-17,1.624967472654048e-07,3.556618548417764e-09,-20.543357573129498,-0.0730648865913709,15,17,hbr,True,S15_D17 hbr,mild_master_32,,-0.11094354821240947
250,az_itd=5_az=0,7.0,2.2835865005348024e-17,0.00010672970099918719,3.607408521005296e-09,-7.804292861534822,-0.028153272569121524,15,17,hbr,True,S15_D17 hbr,mild_master_32,,-0.004314419885196985
251,constant,7.0,2.2835865005348024e-17,0.612940614953452,4.241266246007203e-09,0.5293318878782473,0.0022450374689932796,15,17,hbr,False,S15_D17 hbr,mild_master_32,,
259,Linear,7.0,1.907929571988324e-17,0.12076589835951809,3.93023081087557e-13,-1.765851927499817,-6.940205652903793e-07,15,22,hbr,False,S15_D22 hbr,mild_master_32,,
260,ShortHbO,7.0,1.907929571988324e-17,0.03455455867342269,0.004554364106392191,-2.6171010695138075,-11919.231173794298,15,22,hbr,True,S15_D22 hbr,mild_master_32,,
261,az_itd=0_az=15,7.0,1.907929571988324e-17,3.6270105714127235e-07,3.2430696144934053e-09,18.282301187253086,0.05929077546339719,15,22,hbr,True,S15_D22 hbr,mild_master_32,,0.0130745019190114
262,az_itd=0_az=5,7.0,1.907929571988324e-17,1.381980716529282e-06,3.237323748707455e-09,15.036683396283431,0.04867861226058343,15,22,hbr,True,S15_D22 hbr,mild_master_32,,0.00889126908068488
263,az_itd=15_az=0,7.0,1.907929571988324e-17,2.0192034090032516e-05,3.250945772452115e-09,-10.088066551380757,-0.032795757307426864,15,22,hbr,True,S15_D22 hbr,mild_master_32,,-0.041135430038510924
264,az_itd=5_az=0,7.0,1.907929571988324e-17,2.746205828254149e-05,3.2973706123438855e-09,9.627513366961871,0.03174547964616801,15,22,hbr,True,S15_D22 hbr,mild_master_32,,0.03697576420216729
265,constant,7.0,1.907929571988324e-17,0.7597256874188006,3.876751578668706e-09,-0.3180494288915861,-0.001232998625550137,15,22,hbr,False,S15_D22 hbr,mild_master_32,,
273,Linear,7.0,1.3099721591556828e-18,0.06038102416440946,1.0298356435961803e-13,-2.236588573683752,-2.3033186332394696e-07,16,16,hbr,False,S16_D16 hbr,mild_master_32,,
274,ShortHbO,7.0,1.3099721591556828e-18,1.150258291413454e-06,0.001193376856570126,15.446957505639382,18434.04159165224,16,16,hbr,True,S16_D16 hbr,mild_master_32,,
275,az_itd=0_az=15,7.0,1.3099721591556828e-18,4.817803113406083e-06,8.49779273631258e-10,12.505624494322692,0.010627020499090808,16,16,hbr,True,S16_D16 hbr,mild_master_32,,0.00858589706536399
276,az_itd=0_az=5,7.0,1.3099721591556828e-18,8.419244515137782e-06,8.482736884189807e-10,11.507499598440164,0.009761509128848779,16,16,hbr,True,S16_D16 hbr,mild_master_32,,0.009306003788378139
277,az_itd=15_az=0,7.0,1.3099721591556828e-18,1.1282236028787647e-07,8.518430578186979e-10,21.658247350837694,0.018449427650331293,16,16,hbr,True,S16_D16 hbr,mild_master_32,,0.018798594117632694
278,az_itd=5_az=0,7.0,1.3099721591556828e-18,0.026558338754176167,8.640077262998703e-10,2.7991063487669714,0.0024184495120696827,16,16,hbr,True,S16_D16 hbr,mild_master_32,,-0.003344257860419453
279,constant,7.0,1.3099721591556828e-18,0.4952195223989252,1.0158225176071455e-09,-0.7193741860423166,-0.0007307564967670971,16,16,hbr,False,S16_D16 hbr,mild_master_32,,
287,Linear,7.0,2.1408823571472424e-16,0.026619951428382593,1.3165376633036163e-12,2.7974941520145484,3.6830064139987654e-06,16,18,hbr,True,S16_D18 hbr,mild_master_32,,
288,ShortHbO,7.0,2.1408823571472424e-16,7.634542822551035e-06,0.015256080792689277,-11.67698574942907,-178145.03800837122,16,18,hbr,True,S16_D18 hbr,mild_master_32,,
289,az_itd=0_az=15,7.0,2.1408823571472424e-16,0.2873652720826717,1.0863543383715238e-08,-1.151419272622118,-0.01250849322097622,16,18,hbr,False,S16_D18 hbr,mild_master_32,,-0.01514725611080192
290,az_itd=0_az=5,7.0,2.1408823571472424e-16,5.12956043416401e-06,1.0844296044107197e-08,-12.389667044660392,-0.134357217320216,16,18,hbr,True,S16_D18 hbr,mild_master_32,,-0.2357560596921338
291,az_itd=15_az=0,7.0,2.1408823571472424e-16,2.746719597363448e-07,1.0889926716129398e-08,-19.03647470227623,-0.20730581444123936,16,18,hbr,True,S16_D18 hbr,mild_master_32,,-0.22369946254071663
292,az_itd=5_az=0,7.0,2.1408823571472424e-16,1.8539972538766852e-07,1.1045439339106214e-08,-20.154314715273948,-0.22261326060881412,16,18,hbr,True,S16_D18 hbr,mild_master_32,,-0.26374312442900194
293,constant,7.0,2.1408823571472424e-16,0.9184888749068555,1.2986233405086121e-08,0.10608783209219777,0.0013776813489888662,16,18,hbr,False,S16_D18 hbr,mild_master_32,,
301,Linear,7.0,2.4839980883143887e-18,0.025427876169639808,1.4181184747275468e-13,-2.8294050463444256,-4.0124315687083804e-07,16,22,hbr,True,S16_D22 hbr,mild_master_32,,
302,ShortHbO,7.0,2.4839980883143887e-18,0.0007052003348507794,0.0016433202503116958,5.74059616496999,9433.637926756845,16,22,hbr,True,S16_D22 hbr,mild_master_32,,
303,az_itd=0_az=15,7.0,2.4839980883143887e-18,1.2441983520909375e-06,1.1701747699942516e-09,15.270181695192917,0.017868781352942804,16,22,hbr,True,S16_D22 hbr,mild_master_32,,0.00278160549718842
304,az_itd=0_az=5,7.0,2.4839980883143887e-18,7.415583251784669e-07,1.1681015282900207e-09,16.471892051853906,0.019240842279598797,16,22,hbr,True,S16_D22 hbr,mild_master_32,,0.009112376911982217
305,az_itd=15_az=0,7.0,2.4839980883143887e-18,5.426215890441768e-06,1.1730166705463036e-09,12.28653764711766,0.014412313483363772,16,22,hbr,True,S16_D22 hbr,mild_master_32,,0.015976660850751164
306,az_itd=5_az=0,7.0,2.4839980883143887e-18,2.3472079080572088e-07,1.1897678300340897e-09,19.476088708515174,0.023172023800281535,16,22,hbr,True,S16_D22 hbr,mild_master_32,,0.008491820159702557
307,constant,7.0,2.4839980883143887e-18,0.4692425608575972,1.3988219268004028e-09,-0.7650531734565496,-0.0010701731541992534,16,22,hbr,False,S16_D22 hbr,mild_master_32,,
315,Linear,7.0,2.334159962457628e-18,0.04329235440916755,1.3746818349842433e-13,-2.46272041418865,-3.385457018030009e-07,16,23,hbr,True,S16_D23 hbr,mild_master_32,,
316,ShortHbO,7.0,2.334159962457628e-18,0.0001407248296673778,0.0015929857324503598,-7.470793098678996,-11900.866816284253,16,23,hbr,True,S16_D23 hbr,mild_master_32,,
317,az_itd=0_az=15,7.0,2.334159962457628e-18,2.4446565687153656e-06,1.1343325883805407e-09,13.826333260444718,0.015683660395132217,16,23,hbr,True,S16_D23 hbr,mild_master_32,,0.007204919835506582
318,az_itd=0_az=5,7.0,2.334159962457628e-18,5.515797986689657e-05,1.1323228495885223e-09,8.650328851786053,0.009794965015332195,16,23,hbr,True,S16_D23 hbr,mild_master_32,,0.005240874569970162
319,az_itd=15_az=0,7.0,2.334159962457628e-18,3.390664424513157e-06,1.1370874421782733e-09,13.174089429114904,0.014980091651980094,16,23,hbr,True,S16_D23 hbr,mild_master_32,,0.028181318312443318
320,az_itd=5_az=0,7.0,2.334159962457628e-18,2.7319282450111467e-05,1.1533255175388017e-09,9.63516322081184,0.011112479608213644,16,23,hbr,True,S16_D23 hbr,mild_master_32,,0.0037329031584145502
321,constant,7.0,2.334159962457628e-18,0.7035800420131397,1.3559763358414838e-09,-0.3964511065745748,-0.0005375783188332935,16,23,hbr,False,S16_D23 hbr,mild_master_32,,
329,Linear,7.0,1.5471786475027644e-18,0.5353396076145208,1.1191984958431469e-13,-0.6517954585992196,-7.294884968616407e-08,17,15,hbr,False,S17_D15 hbr,mild_master_32,,
330,ShortHbO,7.0,1.5471786475027644e-18,9.81527004491507e-08,0.0012969308172159498,22.09924105445693,28661.186760609093,17,15,hbr,True,S17_D15 hbr,mild_master_32,,
331,az_itd=0_az=15,7.0,1.5471786475027644e-18,0.12412410664418198,9.235179329447648e-10,1.7470608573311959,0.0016134420316912144,17,15,hbr,False,S17_D15 hbr,mild_master_32,,-0.005112179789698958
332,az_itd=0_az=5,7.0,1.5471786475027644e-18,9.845115286877485e-06,9.218817022360856e-10,11.241117278066316,0.010362980331339247,17,15,hbr,True,S17_D15 hbr,mild_master_32,,0.003657505742181502
333,az_itd=15_az=0,7.0,1.5471786475027644e-18,4.1957411694857274e-05,9.257607997290816e-10,9.022906895659414,0.008353053503606704,17,15,hbr,True,S17_D15 hbr,mild_master_32,,0.009304748073143077
334,az_itd=5_az=0,7.0,1.5471786475027644e-18,0.004117502727846648,9.389810439022356e-10,-4.183841382106423,-0.003928547748491661,17,15,hbr,True,S17_D15 hbr,mild_master_32,,-0.0033071665760733434
335,constant,7.0,1.5471786475027644e-18,0.7413684606172194,1.1039693963004067e-09,-0.34341664992088156,-0.0003791214716926637,17,15,hbr,False,S17_D15 hbr,mild_master_32,,
343,Linear,7.0,1.5000925551521783e-18,0.9701345271554989,1.1020363358055326e-13,0.038798310541388825,4.275714798447731e-09,17,16,hbr,False,S17_D16 hbr,mild_master_32,,
344,ShortHbO,7.0,1.5000925551521783e-18,3.2424348930867196e-09,0.0012770432509572,36.11330732185736,46118.255385121185,17,16,hbr,True,S17_D16 hbr,mild_master_32,,
345,az_itd=0_az=15,7.0,1.5000925551521783e-18,0.003359601516222392,9.093564034022644e-10,-4.34884128961582,-0.003954646674092307,17,16,hbr,True,S17_D16 hbr,mild_master_32,,-0.017348367735262084
346,az_itd=0_az=5,7.0,1.5000925551521783e-18,0.15702115640528977,9.077452631966417e-10,1.5848407046066313,0.0014386316425278978,17,16,hbr,False,S17_D16 hbr,mild_master_32,,-0.006015268783136533
347,az_itd=15_az=0,7.0,1.5000925551521783e-18,0.01651550215750482,9.115648773252269e-10,-3.1340688001463777,-0.002856907041334254,17,16,hbr,True,S17_D16 hbr,mild_master_32,,0.001000139704256458
348,az_itd=5_az=0,7.0,1.5000925551521783e-18,0.5553302090486449,9.245823979001286e-10,0.619301005159535,0.0005725948083723627,17,16,hbr,False,S17_D16 hbr,mild_master_32,,0.007531058817554072
349,constant,7.0,1.5000925551521783e-18,0.9639093905661493,1.0870407643139397e-09,0.04689159219801923,5.09730722228324e-05,17,16,hbr,False,S17_D16 hbr,mild_master_32,,
357,Linear,7.0,4.09989586473308e-18,0.3272801730682061,1.8218948124191637e-13,-1.0531071081511723,-1.9186503772623682e-07,17,17,hbr,False,S17_D17 hbr,mild_master_32,,
358,ShortHbO,7.0,4.09989586473308e-18,1.8110781270819436e-05,0.0021112175692947293,-10.25558353366073,-21651.768139634256,17,17,hbr,True,S17_D17 hbr,mild_master_32,,
359,az_itd=0_az=15,7.0,4.09989586473308e-18,4.219928970801608e-06,1.5033548896441172e-09,12.75397002761112,0.019173743203383692,17,17,hbr,True,S17_D17 hbr,mild_master_32,,0.007618545238145772
360,az_itd=0_az=5,7.0,4.09989586473308e-18,0.1711187270818835,1.5006913404603615e-09,-1.52486978046511,-0.0022883588748736825,17,17,hbr,False,S17_D17 hbr,mild_master_32,,0.0034906533537301127
361,az_itd=15_az=0,7.0,4.09989586473308e-18,8.276784918569754e-05,1.507005955451006e-09,-8.121609435452656,-0.012239313787074236,17,17,hbr,True,S17_D17 hbr,mild_master_32,,0.010405353632086575
362,az_itd=5_az=0,7.0,4.09989586473308e-18,0.0040159848302494345,1.5285266190039345e-09,-4.203913375926739,-0.006425793499090715,17,17,hbr,True,S17_D17 hbr,mild_master_32,,-0.01415439532247049
363,constant,7.0,4.09989586473308e-18,0.3485688782381184,1.7971040201175434e-09,1.004547358225483,0.0018052760958654733,17,17,hbr,False,S17_D17 hbr,mild_master_32,,
371,Linear,7.0,1.4403712085737877e-18,0.16292091726712385,1.0798765294501161e-13,-1.5591625979692272,-1.6837030951434355e-07,17,21,hbr,False,S17_D21 hbr,mild_master_32,,
372,ShortHbO,7.0,1.4403712085737877e-18,1.3746812096770276e-06,0.0012513643960689734,15.048376032596511,18831.001985848947,17,21,hbr,True,S17_D21 hbr,mild_master_32,,
373,az_itd=0_az=15,7.0,1.4403712085737877e-18,0.19171499932923064,8.910710155681848e-10,1.4449135927271497,0.0012875206224796558,17,21,hbr,False,S17_D21 hbr,mild_master_32,,-0.00180213829149324
374,az_itd=0_az=5,7.0,1.4403712085737877e-18,1.1785070712677391e-07,8.894922722571181e-10,21.52196687718759,0.019143623221032025,17,21,hbr,True,S17_D21 hbr,mild_master_32,,0.009061853348284042
375,az_itd=15_az=0,7.0,1.4403712085737877e-18,1.3924387586709212e-06,8.932350813778358e-10,15.020053311569525,0.013416438542059237,17,21,hbr,True,S17_D21 hbr,mild_master_32,,0.016607249104777688
376,az_itd=5_az=0,7.0,1.4403712085737877e-18,0.05394555373624652,9.059908449436489e-10,2.3130288315068013,0.002095582945435868,17,21,hbr,False,S17_D21 hbr,mild_master_32,,0.0027446451181398056
377,constant,7.0,1.4403712085737877e-18,0.4505403327436984,1.0651824897226277e-09,-0.7990096100464793,-0.0008510910457416148,17,21,hbr,False,S17_D21 hbr,mild_master_32,,
385,Linear,7.0,1.3589424333373315e-18,0.24821435617511364,1.0489080443917677e-13,-1.2595126025674646,-1.321112900845825e-07,17,23,hbr,False,S17_D23 hbr,mild_master_32,,
386,ShortHbO,7.0,1.3589424333373315e-18,0.006282573358448691,0.0012154780159640693,-3.8512117377747077,-4681.0632020879375,17,23,hbr,True,S17_D23 hbr,mild_master_32,,
387,az_itd=0_az=15,7.0,1.3589424333373315e-18,1.9503357717427643e-05,8.655170576118964e-10,10.141239396786348,0.008777415683244362,17,23,hbr,True,S17_D23 hbr,mild_master_32,,0.0005735160669824549
388,az_itd=0_az=5,7.0,1.3589424333373315e-18,0.0014053289233538896,8.639835891885659e-10,5.096268797419643,0.004403092607064319,17,23,hbr,True,S17_D23 hbr,mild_master_32,,0.01460408408037852
389,az_itd=15_az=0,7.0,1.3589424333373315e-18,2.4235684107624977e-05,8.676190627712197e-10,9.812404932085789,0.008513429570707966,17,23,hbr,True,S17_D23 hbr,mild_master_32,,0.014145237663807535
390,az_itd=5_az=0,7.0,1.3589424333373315e-18,0.14448321652742768,8.800090190779409e-10,1.6425268143373344,0.0014454384106942126,17,23,hbr,False,S17_D23 hbr,mild_master_32,,-0.0019032021362541654
391,constant,7.0,1.3589424333373315e-18,0.7801582121143099,1.0346353974229302e-09,-0.29008221003440054,-0.0003001293226642639,17,23,hbr,False,S17_D23 hbr,mild_master_32,,
399,Linear,7.0,1.6014204377940554e-18,0.401520306529369,1.138648214977998e-13,0.8929854782038436,1.0167963207580804e-07,18,15,hbr,False,S18_D15 hbr,mild_master_32,,
400,ShortHbO,7.0,1.6014204377940554e-18,3.121497695909475e-08,0.0013194692143151884,26.075008161020214,34405.17053148347,18,15,hbr,True,S18_D15 hbr,mild_master_32,,
401,az_itd=0_az=15,7.0,1.6014204377940554e-18,8.386598059195385e-06,9.395670649606565e-10,-11.514186934805021,-0.010818350823743092,18,15,hbr,True,S18_D15 hbr,mild_master_32,,-0.010101583659661776
402,az_itd=0_az=5,7.0,1.6014204377940554e-18,0.0015471009665795317,9.37902399414152e-10,5.010376742103889,0.0046992443683880995,18,15,hbr,True,S18_D15 hbr,mild_master_32,,-0.006411097751811557
403,az_itd=15_az=0,7.0,1.6014204377940554e-18,0.020224506226196235,9.418489088604482e-10,2.990064264385385,0.0028161887648339937,18,15,hbr,True,S18_D15 hbr,mild_master_32,,0.0007520396488181611
404,az_itd=5_az=0,7.0,1.6014204377940554e-18,3.835729960527278e-06,9.552988978349195e-10,-12.935712467284901,-0.012357471862706694,18,15,hbr,True,S18_D15 hbr,mild_master_32,,-0.02304951724058334
405,constant,7.0,1.6014204377940554e-18,0.9437755637713761,1.1231544602289804e-09,0.07309467187933305,8.209660674024674e-05,18,15,hbr,False,S18_D15 hbr,mild_master_32,,
413,Linear,7.0,1.5227274060581658e-18,0.7188751483931703,1.1103195030419211e-13,-0.3748437889052397,-4.1619636941561653e-08,18,21,hbr,False,S18_D21 hbr,mild_master_32,,
414,ShortHbO,7.0,1.5227274060581658e-18,5.318399324585039e-09,0.0012866418117959836,-33.636327262307454,-43277.905050937894,18,21,hbr,True,S18_D21 hbr,mild_master_32,,
415,az_itd=0_az=15,7.0,1.5227274060581658e-18,0.007378994158216334,9.161913424347927e-10,-3.727906607825312,-0.0034154757594950062,18,21,hbr,True,S18_D21 hbr,mild_master_32,,-0.008831058740664085
416,az_itd=0_az=5,7.0,1.5227274060581658e-18,6.655173860485215e-05,9.145680925161498e-10,8.40221014801787,0.007684393307992539,18,21,hbr,True,S18_D21 hbr,mild_master_32,,-0.005786626526779789
417,az_itd=15_az=0,7.0,1.5227274060581658e-18,8.142723892232157e-06,9.184164157730801e-10,11.565097460178219,0.01062157535744323,18,21,hbr,True,S18_D21 hbr,mild_master_32,,0.01135629689500673
418,az_itd=5_az=0,7.0,1.5227274060581658e-18,0.5131786793355465,9.315317791290424e-10,-0.6887078730594131,-0.0006415532702912137,18,21,hbr,False,S18_D21 hbr,mild_master_32,,-0.014848573249065165
419,constant,7.0,1.5227274060581658e-18,0.7065460415749313,1.0952112212680677e-09,-0.3922451904707163,-0.00042959133409195907,18,21,hbr,False,S18_D21 hbr,mild_master_32,,
427,Linear,7.0,1.6534584397957552e-18,0.10609927212211075,1.1570004500439825e-13,-1.8542755608362702,-2.1453976583931225e-07,18,22,hbr,False,S18_D22 hbr,mild_master_32,,
428,ShortHbO,7.0,1.6534584397957552e-18,1.0120747673769199e-07,0.0013407358433450418,-22.001463956070072,-29498.151331967147,18,22,hbr,True,S18_D22 hbr,mild_master_32,,
429,az_itd=0_az=15,7.0,1.6534584397957552e-18,5.886999254713914e-06,9.547105969221483e-10,12.138435919350032,0.011588693402263914,18,22,hbr,True,S18_D22 hbr,mild_master_32,,0.002690240406534256
430,az_itd=0_az=5,7.0,1.6534584397957552e-18,9.094935389160074e-06,9.530191010227623e-10,11.375353359046644,0.010840929032054891,18,22,hbr,True,S18_D22 hbr,mild_master_32,,0.018859146167739337
431,az_itd=15_az=0,7.0,1.6534584397957552e-18,0.0016359499450577602,9.570292185862065e-10,4.960888999528572,0.004747715722711737,18,22,hbr,True,S18_D22 hbr,mild_master_32,,0.021612611794964796
432,az_itd=5_az=0,7.0,1.6534584397957552e-18,0.004928705369867122,9.706959886139016e-10,4.040666481097417,0.003922258744527912,18,22,hbr,True,S18_D22 hbr,mild_master_32,,0.004418783270434845
433,constant,7.0,1.6534584397957552e-18,0.9712262887782401,1.1412569737168087e-09,-0.037379230871581064,-4.2659307904362515e-05,18,22,hbr,False,S18_D22 hbr,mild_master_32,,
441,Linear,7.0,5.420782621657038e-18,0.6644219273216577,2.0949221191465359e-13,-0.45275833378519537,-9.484934480745362e-08,18,23,hbr,False,S18_D23 hbr,mild_master_32,,
442,ShortHbO,7.0,5.420782621657038e-18,2.406372744512207e-11,0.002427602490603475,-72.88898283202802,-176945.47626058516,18,23,hbr,True,S18_D23 hbr,mild_master_32,,
443,az_itd=0_az=15,7.0,5.420782621657038e-18,0.00016585390499743456,1.728646126974083e-09,-7.278129906523182,-0.01258131107452554,18,23,hbr,True,S18_D23 hbr,mild_master_32,,0.016490420663300052
444,az_itd=0_az=5,7.0,5.420782621657038e-18,3.693115130617286e-05,1.7255834210140857e-09,9.201357548018308,0.01587771003568321,18,23,hbr,True,S18_D23 hbr,mild_master_32,,-0.01327754925760581
445,az_itd=15_az=0,7.0,5.420782621657038e-18,0.9223026310141063,1.7328443377956806e-09,-0.10110434108229287,-0.0001751980849710144,18,23,hbr,False,S18_D23 hbr,mild_master_32,,0.023701806936501327
446,az_itd=5_az=0,7.0,5.420782621657038e-18,1.283069162635204e-05,1.7575900661376348e-09,-10.802863653117273,-0.01898700584255824,18,23,hbr,True,S18_D23 hbr,mild_master_32,,-0.025555364158831258
447,constant,7.0,5.420782621657038e-18,0.5254922311657712,2.0664162038819375e-09,0.6680769369900166,0.0013805250080359823,18,23,hbr,False,S18_D23 hbr,mild_master_32,,
455,Linear,7.0,2.506066676783912e-17,0.1784816631093229,4.504361078154767e-13,1.4953288132572526,6.735500905479327e-07,19,15,hbr,False,S19_D15 hbr,mild_master_32,,
456,ShortHbO,7.0,2.506066676783912e-17,0.009486761911217908,0.005219668106975101,3.5386709100523794,18470.68769028096,19,15,hbr,True,S19_D15 hbr,mild_master_32,,
457,az_itd=0_az=15,7.0,2.506066676783912e-17,1.2281611911328755e-05,3.7168189982247237e-09,-10.874151644448148,-0.04041725342166149,19,15,hbr,True,S19_D15 hbr,mild_master_32,,-0.06070992315430884
458,az_itd=0_az=5,7.0,2.506066676783912e-17,5.032955882221869e-06,3.7102337732209106e-09,-12.42472240803275,-0.046098624701177746,19,15,hbr,True,S19_D15 hbr,mild_master_32,,-0.05698992811224235
459,az_itd=15_az=0,7.0,2.506066676783912e-17,6.1556480041685156e-06,3.725845709647484e-09,-12.058047717747362,-0.04492642535589365,19,15,hbr,True,S19_D15 hbr,mild_master_32,,-0.04300752485683138
460,az_itd=5_az=0,7.0,2.506066676783912e-17,0.00020052730219338301,3.779052315552003e-09,-7.060449163950302,-0.026681806761863592,19,15,hbr,True,S19_D15 hbr,mild_master_32,,-0.044402989565482165
461,constant,7.0,2.506066676783912e-17,0.28718325210402834,4.443069570445953e-09,1.1518924853137904,0.005117938449923064,19,15,hbr,False,S19_D15 hbr,mild_master_32,,
469,Linear,7.0,9.272028105161177e-19,0.4996058738064131,8.664115954343545e-14,0.7118185518537439,6.16727847171374e-08,19,21,hbr,False,S19_D21 hbr,mild_master_32,,
470,ShortHbO,7.0,9.272028105161177e-19,0.001290810169007855,0.0010040005438584263,5.1729985180902895,5193.693325541483,19,21,hbr,True,S19_D21 hbr,mild_master_32,,
471,az_itd=0_az=15,7.0,9.272028105161177e-19,4.979553520864503e-06,7.149282711393579e-10,12.444430774180546,0.00889687537869832,19,21,hbr,True,S19_D21 hbr,mild_master_32,,0.001101485901259849
472,az_itd=0_az=5,7.0,9.272028105161177e-19,0.00014903012636409454,7.136616064109198e-10,-7.40309490512486,-0.005283304602403904,19,21,hbr,True,S19_D21 hbr,mild_master_32,,-0.007549803383668813
473,az_itd=15_az=0,7.0,9.272028105161177e-19,0.0004992671375612311,7.166645545566106e-10,-6.083241551208111,-0.004359643596556826,19,21,hbr,True,S19_D21 hbr,mild_master_32,,-0.005057069522445973
474,az_itd=5_az=0,7.0,9.272028105161177e-19,0.03245328069472345,7.268988185309069e-10,2.660294121990318,0.0019337646542194784,19,21,hbr,True,S19_D21 hbr,mild_master_32,,-0.0015084780774507905
475,constant,7.0,9.272028105161177e-19,0.45649420297025245,8.546222046508063e-10,-0.7880961534674892,-0.0006735244721532059,19,21,hbr,False,S19_D21 hbr,mild_master_32,,
511,Linear,7.0,7.66453948041534e-18,0.20386777954413227,2.4910355132710113e-13,-1.4013023186263085,-3.4906938405271444e-07,20,12,hbr,False,S20_D12 hbr,mild_master_32,,
512,ShortHbO,7.0,7.66453948041534e-18,0.4747237056960062,0.0028866199659307807,-0.7552766903539179,-2180.196774177739,20,12,hbr,False,S20_D12 hbr,mild_master_32,,
513,az_itd=0_az=15,7.0,7.66453948041534e-18,0.008827334513562662,2.055503091410925e-09,3.5925266718886903,0.007384449680043406,20,12,hbr,True,S20_D12 hbr,mild_master_32,,0.00833290171318469
514,az_itd=0_az=5,7.0,7.66453948041534e-18,4.730533243266767e-06,2.0518612809381956e-09,12.539618957302267,0.02572955861620711,20,12,hbr,True,S20_D12 hbr,mild_master_32,,0.027504676218150344
515,az_itd=15_az=0,7.0,7.66453948041534e-18,0.20860166104142386,2.0604951109963874e-09,-1.3849401070210043,-0.0028536623195395926,20,12,hbr,False,S20_D12 hbr,mild_master_32,,-0.03382308087548726
516,az_itd=5_az=0,7.0,7.66453948041534e-18,4.043013652197904e-05,2.0899198268548836e-09,9.074453200442989,0.018964879661472554,20,12,hbr,True,S20_D12 hbr,mild_master_32,,0.03268681755642131
517,constant,7.0,7.66453948041534e-18,0.8880979189637763,2.457139624438954e-09,0.14591972713997575,0.0003585451435429547,20,12,hbr,False,S20_D12 hbr,mild_master_32,,
525,Linear,7.0,1.1305065484092599e-18,0.05672396337232557,9.566948308395155e-14,2.278950509779393,2.1802601724450237e-07,20,13,hbr,False,S20_D13 hbr,mild_master_32,,
526,ShortHbO,7.0,1.1305065484092599e-18,2.1301424191688624e-09,0.0011086210474686507,-38.35751423549358,-42523.947610046576,20,13,hbr,True,S20_D13 hbr,mild_master_32,,
527,az_itd=0_az=15,7.0,1.1305065484092599e-18,8.072942035774927e-05,7.894263939036554e-10,-8.15329643495973,-0.00643642740307779,20,13,hbr,True,S20_D13 hbr,mild_master_32,,-0.0013642579230090514
528,az_itd=0_az=5,7.0,1.1305065484092599e-18,0.00012438466037067837,7.880277381094704e-10,-7.61820292451577,-0.006003355219065115,20,13,hbr,True,S20_D13 hbr,mild_master_32,,-0.013147554378196733
529,az_itd=15_az=0,7.0,1.1305065484092599e-18,1.5413197175669609e-06,7.913436043598768e-10,-14.797663885918892,-0.011710036675589036,20,13,hbr,True,S20_D13 hbr,mild_master_32,,-0.007942661236261079
530,az_itd=5_az=0,7.0,1.1305065484092599e-18,0.00043030157801758883,8.026443158153229e-10,-6.235146057716763,-0.00500460454150468,20,13,hbr,True,S20_D13 hbr,mild_master_32,,0.0023153732250158518
531,constant,7.0,1.1305065484092599e-18,0.9164792070789214,9.436769427124375e-10,0.10871509553272893,0.00010259192897901621,20,13,hbr,False,S20_D13 hbr,mild_master_32,,
539,Linear,7.0,1.25169037224123e-18,0.2232862620230438,1.0066658643909955e-13,1.3361935712921087,1.345100456438462e-07,20,20,hbr,False,S20_D20 hbr,mild_master_32,,
540,ShortHbO,7.0,1.25169037224123e-18,5.980522881129026e-07,0.0011665276418947115,-16.997425620010464,-19827.966826791562,20,20,hbr,True,S20_D20 hbr,mild_master_32,,
541,az_itd=0_az=15,7.0,1.25169037224123e-18,0.003970460518128735,8.306604965083145e-10,-4.2130959479745025,-0.003499652371981668,20,20,hbr,True,S20_D20 hbr,mild_master_32,,-0.002825964236082476
542,az_itd=0_az=5,7.0,1.25169037224123e-18,0.0015874567646201854,8.291887847370662e-10,-4.987518378562208,-0.004135594303173781,20,20,hbr,True,S20_D20 hbr,mild_master_32,,-0.011355731107542887
543,az_itd=15_az=0,7.0,1.25169037224123e-18,0.00017036719650426527,8.326778486031699e-10,-7.247026406589258,-0.006034438357009104,20,20,hbr,True,S20_D20 hbr,mild_master_32,,-0.010577388028266192
544,az_itd=5_az=0,7.0,1.25169037224123e-18,0.00037045780649696235,8.445688300309123e-10,-6.390954841636598,-0.005397601253381416,20,20,hbr,True,S20_D20 hbr,mild_master_32,,-0.0032522829477015687
545,constant,7.0,1.25169037224123e-18,0.9844674321264774,9.929680130160794e-10,0.020174177848063173,2.0032313292024295e-05,20,20,hbr,False,S20_D20 hbr,mild_master_32,,
553,Linear,7.0,2.136813648172886e-18,0.030840887419119518,1.3152860401016052e-13,2.695462503644043,3.5453042026603317e-07,21,11,hbr,True,S21_D11 hbr,mild_master_32,,
554,ShortHbO,7.0,2.136813648172886e-18,4.0816837681855076e-08,0.001524157694276221,-25.085733757995953,-38234.61412381428,21,11,hbr,True,S21_D11 hbr,mild_master_32,,
555,az_itd=0_az=15,7.0,2.136813648172886e-18,5.503998107871737e-05,1.0853215488559552e-09,-8.653193966882046,-0.009391497878687429,21,11,hbr,True,S21_D11 hbr,mild_master_32,,-0.009761455887057196
556,az_itd=0_az=5,7.0,2.136813648172886e-18,1.7564542371299076e-07,1.0833986447263441e-09,-20.312907906018008,-0.022006976895830952,21,11,hbr,True,S21_D11 hbr,mild_master_32,,-0.007764041544959034
557,az_itd=15_az=0,7.0,2.136813648172886e-18,0.00019486124731267382,1.087957373852304e-09,-7.092981822094736,-0.00771686187594832,21,11,hbr,True,S21_D11 hbr,mild_master_32,,-0.0034244290458983026
558,az_itd=5_az=0,7.0,2.136813648172886e-18,2.0338251535043207e-07,1.1034938516730543e-09,-19.88545352636834,-0.021943475704077724,21,11,hbr,True,S21_D11 hbr,mild_master_32,,-0.0014354402912060671
559,constant,7.0,2.136813648172886e-18,0.45495253173432926,1.2973887483287157e-09,0.7909125545444005,0.0010261210491778268,21,11,hbr,False,S21_D11 hbr,mild_master_32,,
567,Linear,7.0,8.938594831733102e-19,0.46826379214943414,8.506903616726399e-14,-0.766807081443619,-6.523153934464137e-08,21,12,hbr,False,S21_D12 hbr,mild_master_32,,
568,ShortHbO,7.0,8.938594831733102e-19,2.2213746068750327e-08,0.0009857827276033545,27.385089320568724,26995.74804609173,21,12,hbr,True,S21_D12 hbr,mild_master_32,,
569,az_itd=0_az=15,7.0,8.938594831733102e-19,0.05787489204039154,7.01955736454148e-10,2.2653274110866977,0.0015901595711591313,21,12,hbr,False,S21_D12 hbr,mild_master_32,,0.008568252070970223
570,az_itd=0_az=5,7.0,8.938594831733102e-19,0.14351243984419543,7.00712055642821e-10,1.6471861783332664,0.0011542032130463455,21,12,hbr,False,S21_D12 hbr,mild_master_32,,-0.009378688367686554
571,az_itd=15_az=0,7.0,8.938594831733102e-19,0.0005499329196568396,7.036605146172893e-10,5.9859189325508435,0.004212054796536102,21,12,hbr,True,S21_D12 hbr,mild_master_32,,-0.0001086954402087257
572,az_itd=5_az=0,7.0,8.938594831733102e-19,6.831563711811412e-05,7.137090755641022e-10,8.368126274883128,0.005972407667850512,21,12,hbr,True,S21_D12 hbr,mild_master_32,,0.01268731550224668
573,constant,7.0,8.938594831733102e-19,0.805353994021383,8.391148920431865e-10,-0.2559418830540247,-0.00021476464556820785,21,12,hbr,False,S21_D12 hbr,mild_master_32,,
581,Linear,7.0,2.342980859908009e-18,0.6222118535646342,1.377276878420604e-13,-0.5153012623623695,-7.09712514072641e-08,21,19,hbr,False,S21_D19 hbr,mild_master_32,,
582,ShortHbO,7.0,2.342980859908009e-18,1.7261516280696428e-06,0.001595992877132139,-14.553388622673051,-23227.1045799221,21,19,hbr,True,S21_D19 hbr,mild_master_32,,
583,az_itd=0_az=15,7.0,2.342980859908009e-18,1.687396572868425e-05,1.1364739146592577e-09,10.365835325108893,0.011780501450639724,21,19,hbr,True,S21_D19 hbr,mild_master_32,,0.0011254030569281398
584,az_itd=0_az=5,7.0,2.342980859908009e-18,0.011901636633617475,1.1344603820006673e-09,-3.371148177145693,-0.003824434048825556,21,19,hbr,True,S21_D19 hbr,mild_master_32,,-0.0001701954638009388
585,az_itd=15_az=0,7.0,2.342980859908009e-18,0.06568133262266891,1.1392339689078028e-09,-2.1795809754038045,-0.0024830526851652166,21,19,hbr,False,S21_D19 hbr,mild_master_32,,0.011730731390866079
586,az_itd=5_az=0,7.0,2.342980859908009e-18,0.3982547324023112,1.1555026975510119e-09,0.899534788093647,0.001039414874183187,21,19,hbr,False,S21_D19 hbr,mild_master_32,,0.009746378906462056
587,constant,7.0,2.342980859908009e-18,0.8339327891390673,1.3585360681378126e-09,0.21761983220368,0.0002956443911907979,21,19,hbr,False,S21_D19 hbr,mild_master_32,,
595,Linear,7.0,3.804499522633538e-17,0.7908382859538792,5.549906329480926e-13,-0.27556659889974794,-1.5293688114272426e-07,22,10,hbr,False,S22_D10 hbr,mild_master_32,,
596,ShortHbO,7.0,3.804499522633538e-17,5.832823932855291e-06,0.006431249307517326,12.155152268628415,78172.81461038414,22,10,hbr,True,S22_D10 hbr,mild_master_32,,
597,az_itd=0_az=15,7.0,3.804499522633538e-17,0.08389107523807765,4.579561213203784e-09,-2.0138250574775114,-0.009222435123401892,22,10,hbr,False,S22_D10 hbr,mild_master_32,,-0.013474021995483235
598,az_itd=0_az=5,7.0,3.804499522633538e-17,0.16136288780590474,4.5714474360674516e-09,-1.5658591976887757,-0.00715824301451699,22,10,hbr,False,S22_D10 hbr,mild_master_32,,-0.08670689558365062
599,az_itd=15_az=0,7.0,3.804499522633538e-17,6.840296178103186e-05,4.5906831907696e-09,8.366464818270963,0.03840778940740174,22,10,hbr,True,S22_D10 hbr,mild_master_32,,-0.02420410441686317
600,az_itd=5_az=0,7.0,3.804499522633538e-17,0.00017420876372088254,4.656240030853269e-09,7.221274709846735,0.033623988377776685,22,10,hbr,True,S22_D10 hbr,mild_master_32,,0.037221215224050815
601,constant,7.0,3.804499522633538e-17,0.9467363954455563,5.474387932826117e-09,-0.06923820704181771,-0.00037903680512024323,22,10,hbr,False,S22_D10 hbr,mild_master_32,,
609,Linear,7.0,9.481896690874459e-19,0.1608581923185919,8.761621661846311e-14,1.5680412410475517,1.37385841042306e-07,22,11,hbr,False,S22_D11 hbr,mild_master_32,,
610,ShortHbO,7.0,9.481896690874459e-19,2.571453300357465e-07,0.0010152995366094412,19.21970814834558,19513.76077678397,22,11,hbr,True,S22_D11 hbr,mild_master_32,,
611,az_itd=0_az=15,7.0,9.481896690874459e-19,0.000149972108767393,7.22974052989291e-10,-7.395686171790374,-0.005346889206256141,22,11,hbr,True,S22_D11 hbr,mild_master_32,,-0.007210200794310507
612,az_itd=0_az=5,7.0,9.481896690874459e-19,6.485572055615661e-07,7.216931332530523e-10,-16.79747090017249,-0.012122619404672451,22,11,hbr,True,S22_D11 hbr,mild_master_32,,-0.014184075959905573
613,az_itd=15_az=0,7.0,9.481896690874459e-19,0.00162911992723832,7.247298764893308e-10,4.964586234819398,0.0035979839687812947,22,11,hbr,True,S22_D11 hbr,mild_master_32,,0.004851707862249847
614,az_itd=5_az=0,7.0,9.481896690874459e-19,0.0005027264201520953,7.350793165710156e-10,-6.076251610760709,-0.0044665268813515145,22,11,hbr,True,S22_D11 hbr,mild_master_32,,-0.005046234423828708
615,constant,7.0,9.481896690874459e-19,0.888544692812989,8.642400979420747e-10,-0.14533242496714588,-0.00012560210918776535,22,11,hbr,False,S22_D11 hbr,mild_master_32,,
623,Linear,7.0,1.851300666605091e-17,0.05587080043590156,3.871465246333969e-13,2.2892312182762673,8.86267910237934e-07,22,19,hbr,False,S22_D19 hbr,mild_master_32,,
624,ShortHbO,7.0,1.851300666605091e-17,6.206306988144716e-05,0.004486266381164569,-8.49376575236895,-38105.2957443398,22,19,hbr,True,S22_D19 hbr,mild_master_32,,
625,az_itd=0_az=15,7.0,1.851300666605091e-17,2.3596816013725103e-05,3.194578615894532e-09,-9.852327898258306,-0.0314740360205571,22,19,hbr,True,S22_D19 hbr,mild_master_32,,-0.051164190050867885
626,az_itd=0_az=5,7.0,1.851300666605091e-17,2.0273615760625042e-05,3.1889186633953423e-09,-10.081904180231373,-0.032150372402903346,22,19,hbr,True,S22_D19 hbr,mild_master_32,,-0.02265046176510039
627,az_itd=15_az=0,7.0,1.851300666605091e-17,1.060499039408507e-06,3.2023370080295193e-09,-15.631952771839476,-0.050058780869031184,22,19,hbr,True,S22_D19 hbr,mild_master_32,,-0.08490340288233209
628,az_itd=5_az=0,7.0,1.851300666605091e-17,6.39521826688018e-08,3.2480676948152063e-09,-23.51113423976366,-0.07636575559264001,22,19,hbr,True,S22_D19 hbr,mild_master_32,,-0.047929986418512496
629,constant,7.0,1.851300666605091e-17,0.19309972800717873,3.8187856458594685e-09,1.4398212762326736,0.005498368822280395,22,19,hbr,False,S22_D19 hbr,mild_master_32,,
679,Linear,7.0,1.3796463550547772e-16,0.18124911814303707,1.0568680650567351e-12,1.4845119196008651,1.568933240022226e-06,23,9,hbr,False,S23_D9 hbr,mild_master_32,,
680,ShortHbO,7.0,1.3796463550547772e-16,0.5446097072063857,0.012247021135163941,-0.6366367874316171,-7796.904191097888,23,9,hbr,False,S23_D9 hbr,mild_master_32,,
681,az_itd=0_az=15,7.0,1.3796463550547772e-16,0.0011362239890703675,8.720853489900674e-09,-5.289523710030515,-0.046129161306531975,23,9,hbr,True,S23_D9 hbr,mild_master_32,,-0.026985444988232406
682,az_itd=0_az=5,7.0,1.3796463550547772e-16,0.0005936362607975203,8.70540243283179e-09,5.909711690863855,0.05144641853098067,23,9,hbr,True,S23_D9 hbr,mild_master_32,,-0.025250301586473557
683,az_itd=15_az=0,7.0,1.3796463550547772e-16,2.8133087716456917e-05,8.742033059810077e-09,-9.592153915947554,-0.0838549266480002,23,9,hbr,True,S23_D9 hbr,mild_master_32,,-0.07856457287745175
684,az_itd=5_az=0,7.0,1.3796463550547772e-16,3.655423612652829e-05,8.86687287983086e-09,-9.215835437612208,-0.08171564130674784,23,9,hbr,True,S23_D9 hbr,mild_master_32,,-0.18490084217136002
685,constant,7.0,1.3796463550547772e-16,0.7789404384415541,1.042487104908851e-08,-0.2917416518264417,-0.0030413690999387317,23,9,hbr,False,S23_D9 hbr,mild_master_32,,
637,Linear,7.0,2.930619203601854e-17,0.4273706848409067,4.870982640443349e-13,-0.8424655837636973,-4.103635233683942e-07,23,10,hbr,False,S23_D10 hbr,mild_master_32,,
638,ShortHbO,7.0,2.930619203601854e-17,0.04701482666226857,0.005644510352701776,2.4065034475394866,13583.533623449148,23,10,hbr,True,S23_D10 hbr,mild_master_32,,
639,az_itd=0_az=15,7.0,2.930619203601854e-17,0.009634801192658929,4.019340480013047e-09,3.527136910465139,0.014176764162780686,23,10,hbr,True,S23_D10 hbr,mild_master_32,,-0.048024897992092655
640,az_itd=0_az=5,7.0,2.930619203601854e-17,0.0020564824380805698,4.012219266566693e-09,4.761248257759836,0.019103171992691115,23,10,hbr,True,S23_D10 hbr,mild_master_32,,-0.007285706173159176
641,az_itd=15_az=0,7.0,2.930619203601854e-17,0.7229938083435248,4.0291018987531645e-09,0.3690591788925373,0.001486977038428206,23,10,hbr,False,S23_D10 hbr,mild_master_32,,-0.07168754983272188
642,az_itd=5_az=0,7.0,2.930619203601854e-17,0.007014300916064848,4.0866391275012635e-09,3.7665724993081504,0.015392622552242913,23,10,hbr,True,S23_D10 hbr,mild_master_32,,-0.012682210008458508
643,constant,7.0,2.930619203601854e-17,0.9610008284128915,4.804702458886827e-09,0.05067417152920701,0.00024347431654843374,23,10,hbr,False,S23_D10 hbr,mild_master_32,,
651,Linear,7.0,2.3701040262039484e-18,0.3781166142195642,1.3852258591134688e-13,0.9408299557538464,1.3032619837388087e-07,23,11,hbr,False,S23_D11 hbr,mild_master_32,,
652,ShortHbO,7.0,2.3701040262039484e-18,3.1389318735270447e-06,0.0016052041815292778,-13.325262549372194,-21389.76716422773,23,11,hbr,True,S23_D11 hbr,mild_master_32,,
653,az_itd=0_az=15,7.0,2.3701040262039484e-18,0.4694708693666494,1.1430330962930413e-09,-0.7646444121775128,-0.0008740138700144348,23,11,hbr,False,S23_D11 hbr,mild_master_32,,-0.005577679633142476
654,az_itd=0_az=5,7.0,2.3701040262039484e-18,0.00016303967535607585,1.141007942490962e-09,-7.298010908918758,-0.008327088411461988,23,11,hbr,True,S23_D11 hbr,mild_master_32,,-0.013195023562130148
655,az_itd=15_az=0,7.0,2.3701040262039484e-18,0.004203603747172963,1.1458090802491685e-09,-4.167238483604593,-0.0047748596940779195,23,11,hbr,True,S23_D11 hbr,mild_master_32,,-0.02835905396690679
656,az_itd=5_az=0,7.0,2.3701040262039484e-18,1.9391343107894707e-05,1.1621717041809057e-09,-10.1500892621068,-0.011796146535330973,23,11,hbr,True,S23_D11 hbr,mild_master_32,,-0.019338280809697905
657,constant,7.0,2.3701040262039484e-18,0.5233570000994036,1.3663768858741648e-09,0.6716323896278366,0.000917702972991907,23,11,hbr,False,S23_D11 hbr,mild_master_32,,
665,Linear,7.0,2.7507986552855317e-17,0.8750677900454428,4.719177232592246e-13,0.1630745814657483,7.695778520676689e-08,23,19,hbr,False,S23_D19 hbr,mild_master_32,,
666,ShortHbO,7.0,2.7507986552855317e-17,0.002276512325705335,0.005468597757756935,-4.674102296870938,-25560.78534019495,23,19,hbr,True,S23_D19 hbr,mild_master_32,,
667,az_itd=0_az=15,7.0,2.7507986552855317e-17,0.17848800969648584,3.894076715820019e-09,-1.4953038329812576,-0.005822827839088742,23,19,hbr,False,S23_D19 hbr,mild_master_32,,-0.06405637084618554
668,az_itd=0_az=5,7.0,2.7507986552855317e-17,0.20137607432985946,3.887177436794586e-09,1.4100509303065083,0.005481118161018674,23,19,hbr,False,S23_D19 hbr,mild_master_32,,0.022328091718467922
669,az_itd=15_az=0,7.0,2.7507986552855317e-17,0.0009814346611567836,3.90353391747245e-09,-5.425395484274453,-0.021178215288567195,23,19,hbr,True,S23_D19 hbr,mild_master_32,,-0.08439181929929081
670,az_itd=5_az=0,7.0,2.7507986552855317e-17,0.005450728849440965,3.959277983911941e-09,-3.9615679082018094,-0.015684948600715506,23,19,hbr,True,S23_D19 hbr,mild_master_32,,-0.03398046622630266
671,constant,7.0,2.7507986552855317e-17,0.6751918406511379,4.654962689683272e-09,0.4371202729240896,0.002034778561365806,23,19,hbr,False,S23_D19 hbr,mild_master_32,,
721,Linear,7.0,2.5299502271446146e-17,0.38839108373253023,4.5257741220001066e-13,0.9195613733007838,4.1617270668755673e-07,24,9,hbr,False,S24_D9 hbr,mild_master_32,,
722,ShortHbO,7.0,2.5299502271446146e-17,2.8943421955364933e-05,0.005244481611064468,-9.550706827200125,-50088.50632791893,24,9,hbr,True,S24_D9 hbr,mild_master_32,,
723,az_itd=0_az=15,7.0,2.5299502271446146e-17,0.9482622180458382,3.7344881874378535e-09,0.06725129581226341,0.0002511491698007865,24,9,hbr,False,S24_D9 hbr,mild_master_32,,-0.0322351924989482
724,az_itd=0_az=5,7.0,2.5299502271446146e-17,6.195453565013589e-06,3.727871657281258e-09,-12.046476508586814,-0.044907718346465265,24,9,hbr,True,S24_D9 hbr,mild_master_32,,-0.07872804207023443
725,az_itd=15_az=0,7.0,2.5299502271446146e-17,6.006756157927018e-06,3.743557810466526e-09,-12.102096266281993,-0.04530489700065774,24,9,hbr,True,S24_D9 hbr,mild_master_32,,-0.08550327177039696
726,az_itd=5_az=0,7.0,2.5299502271446146e-17,0.036829501260597725,3.797017352440186e-09,-2.573313998592,-0.009770917905931065,24,9,hbr,True,S24_D9 hbr,mild_master_32,,-0.027915208533376666
727,constant,7.0,2.5299502271446146e-17,0.520344660633073,4.464191243835163e-09,0.6766639105441649,0.0030207571044705206,24,9,hbr,False,S24_D9 hbr,mild_master_32,,
693,Linear,7.0,1.486434416121416e-17,0.5644707900336461,3.4690436329650274e-13,-0.6046778776934251,-2.0976539416071817e-07,24,10,hbr,False,S24_D10 hbr,mild_master_32,,
694,ShortHbO,7.0,1.486434416121416e-17,0.0008676936464564041,0.004019938921084523,5.541450249813792,22276.291538480014,24,10,hbr,True,S24_D10 hbr,mild_master_32,,
695,az_itd=0_az=15,7.0,1.486434416121416e-17,0.05424083685685072,2.8625163606903683e-09,2.309323376374133,0.006610475946995678,24,10,hbr,False,S24_D10 hbr,mild_master_32,,-0.029037590090690634
696,az_itd=0_az=5,7.0,1.486434416121416e-17,0.0021704944564352705,2.8574447351091267e-09,4.714871327313175,0.013472484250948012,24,10,hbr,True,S24_D10 hbr,mild_master_32,,-0.040481024978226435
697,az_itd=15_az=0,7.0,1.486434416121416e-17,0.05992186346962882,2.8694683024295878e-09,-2.241762587007429,-0.006432666684990368,24,10,hbr,False,S24_D10 hbr,mild_master_32,,-0.0438346997347512
698,az_itd=5_az=0,7.0,1.486434416121416e-17,0.0003693300140386547,2.9104454874825155e-09,6.394156829050135,0.01860984488936448,24,10,hbr,True,S24_D10 hbr,mild_master_32,,0.01561980273676407
699,constant,7.0,1.486434416121416e-17,0.9637869582742506,3.4218398429306835e-09,-0.04705079926604089,-0.00016100029957027246,24,10,hbr,False,S24_D10 hbr,mild_master_32,,
707,Linear,7.0,9.769874569289572e-17,0.48472908035005535,8.893677564421563e-13,0.7376243345733823,6.560192995366674e-07,24,19,hbr,False,S24_D19 hbr,mild_master_32,,
708,ShortHbO,7.0,9.769874569289572e-17,0.24808433937539623,0.010306022170795473,1.2598949537735238,12984.505326463273,24,19,hbr,False,S24_D19 hbr,mild_master_32,,
709,az_itd=0_az=15,7.0,9.769874569289572e-17,0.00252585104899921,7.338707790510586e-09,-4.585956132384031,-0.03365499199566649,24,19,hbr,True,S24_D19 hbr,mild_master_32,,-0.12783534148501108
710,az_itd=0_az=5,7.0,9.769874569289572e-17,0.02081866509821593,7.3257055318424005e-09,-2.9696300490593113,-0.021754635277919217,24,19,hbr,True,S24_D19 hbr,mild_master_32,,-0.07326583080468028
711,az_itd=15_az=0,7.0,9.769874569289572e-17,2.4416854672952167e-05,7.356530664713646e-09,-9.801300404679754,-0.07210356698109688,24,19,hbr,True,S24_D19 hbr,mild_master_32,,-0.23521429114949718
712,az_itd=5_az=0,7.0,9.769874569289572e-17,0.4646339238019399,7.461584941891154e-09,-0.7733334755172163,-0.005770293415979612,24,19,hbr,False,S24_D19 hbr,mild_master_32,,-0.06710705138055091
713,constant,7.0,9.769874569289572e-17,0.666748719669612,8.77265997778911e-09,0.4493695112672003,0.003942165926732421,24,19,hbr,False,S24_D19 hbr,mild_master_32,,
