OriginalVariableNames,Var1,Var2,Var3,Var4
Var1,0.550593482200805,2.17485263470721,1.93181324533948,1.33951369103382
Var2,1.57200947972389,1.94488203748062,3.02793260449742,2.96767085457905
Var3,4.2010039228046,3.19015261471271,3.5759793181683,5.36796535559448
Var4,0.871721301844135,1.32588844382,3.03659327119607,3.27185555121077
Var5,2.0443368518835,3.76245630976403,4.41626491888848,4.35123689060519
