,Condition,df,mse,p_value,se,t,theta,Source,Detector,Chroma,Significant,ch_name,ID,mean_hbo,mean_hbr
364,Linear,7.0,1.1450611105200974e-16,0.10028752173392558,7.828886272668865e-13,-1.892625703230534,-1.4817151387321782e-06,1,7,hbo,False,S1_D7 hbo,mild_master_41,,
365,ShortHbO,7.0,1.1450611105200974e-16,0.0007817082796203421,0.0008808240433330342,-5.641073873252907,-4968.7934977789655,1,7,hbo,True,S1_D7 hbo,mild_master_41,,
366,az_itd=0_az=15,7.0,1.1450611105200974e-16,0.005967670060096969,7.701169322089137e-09,-3.891002888165153,-0.029965272074497704,1,7,hbo,True,S1_D7 hbo,mild_master_41,-0.024869312860637056,
367,az_itd=0_az=5,7.0,1.1450611105200974e-16,7.379826850833307e-05,7.696983814176374e-09,8.268218373973822,0.06364034299655222,1,7,hbo,True,S1_D7 hbo,mild_master_41,0.10556346966293301,
368,az_itd=15_az=0,7.0,1.1450611105200974e-16,6.443348165857174e-05,7.676675621017982e-09,8.444517028951378,0.06482581800742224,1,7,hbo,True,S1_D7 hbo,mild_master_41,0.04096443560204157,
369,az_itd=5_az=0,7.0,1.1450611105200974e-16,0.00014336018672461153,7.856678057771654e-09,7.448834277129864,0.05852309282110359,1,7,hbo,True,S1_D7 hbo,mild_master_41,0.05421121310966118,
370,constant,7.0,1.1450611105200974e-16,0.9007500628172495,8.574965925670907e-09,0.12930925491784068,0.001108822454794377,1,7,hbo,False,S1_D7 hbo,mild_master_41,,
378,Linear,7.0,3.393588822118125e-17,0.001695105040715489,4.262017828519496e-13,-4.929566075479858,-2.100989850056004e-06,1,8,hbo,True,S1_D8 hbo,mild_master_41,,
379,ShortHbO,7.0,3.393588822118125e-17,0.03741286153727881,0.00047951747486481934,-2.562537469388531,-1228.7814965676725,1,8,hbo,True,S1_D8 hbo,mild_master_41,,
380,az_itd=0_az=15,7.0,3.393588822118125e-17,1.6249174020035007e-06,4.192489175092094e-09,14.683265505975362,0.06155943168880484,1,8,hbo,True,S1_D8 hbo,mild_master_41,0.05333538171312368,
381,az_itd=0_az=5,7.0,3.393588822118125e-17,5.985113610596934e-08,4.1902105994781036e-09,23.737294967703424,0.09946426497660912,1,8,hbo,True,S1_D8 hbo,mild_master_41,0.12327404946651353,
382,az_itd=15_az=0,7.0,3.393588822118125e-17,6.363601459817738e-08,4.1791548913873825e-09,23.52797344858424,0.09832704532208329,1,8,hbo,True,S1_D8 hbo,mild_master_41,0.07455655055630163,
383,az_itd=5_az=0,7.0,3.393588822118125e-17,2.7440935410064535e-08,4.2771475774351224e-09,26.563853904199917,0.11361752337368919,1,8,hbo,True,S1_D8 hbo,mild_master_41,0.16815417216382084,
384,constant,7.0,3.393588822118125e-17,0.08368238608343918,4.668180936762777e-09,-2.015513448511865,-0.009408781458132095,1,8,hbo,False,S1_D8 hbo,mild_master_41,,
546,Linear,7.0,5.973684774216183e-17,0.7918314665018376,5.654663977372229e-13,-0.2742201191371885,-1.5506226295557806e-07,4,2,hbo,False,S4_D2 hbo,mild_master_41,,
547,ShortHbO,7.0,5.973684774216183e-17,0.0004792719218626925,0.0006362033902097703,6.124737452993568,3896.5787317392615,4,2,hbo,True,S4_D2 hbo,mild_master_41,,
548,az_itd=0_az=15,7.0,5.973684774216183e-17,0.2178694182483281,5.562416317284964e-09,-1.3538371712943542,-0.007530605972554635,4,2,hbo,False,S4_D2 hbo,mild_master_41,0.013620939687829441,
549,az_itd=0_az=5,7.0,5.973684774216183e-17,0.2283088723266441,5.559393200075569e-09,-1.3201657843079186,-0.007339320684253873,4,2,hbo,False,S4_D2 hbo,mild_master_41,0.018560874747922763,
550,az_itd=15_az=0,7.0,5.973684774216183e-17,0.000901819307154634,5.5447249568160925e-09,5.504928091693681,0.03052331217549194,4,2,hbo,True,S4_D2 hbo,mild_master_41,-0.07854905576241498,
551,az_itd=5_az=0,7.0,5.973684774216183e-17,6.720877741516379e-05,5.674737484715956e-09,8.38939608203723,0.047607620420865845,4,2,hbo,True,S4_D2 hbo,mild_master_41,0.06230029646621556,
552,constant,7.0,5.973684774216183e-17,0.6529129461230081,6.193543913948805e-09,-0.46960665185823103,-0.002908529420566422,4,2,hbo,False,S4_D2 hbo,mild_master_41,,
560,Linear,7.0,3.959895249821053e-17,0.038585136120212964,4.60391716034233e-13,-2.5413984013743764,-1.1700387711354056e-06,4,3,hbo,True,S4_D3 hbo,mild_master_41,,
561,ShortHbO,7.0,3.959895249821053e-17,2.6150189650735947e-05,0.0005179843961330967,9.699559699415556,5024.2205736586875,4,3,hbo,True,S4_D3 hbo,mild_master_41,,
562,az_itd=0_az=15,7.0,3.959895249821053e-17,0.9953342720168119,4.528810914069045e-09,0.0060595639266927195,2.7442619245705063e-05,4,3,hbo,False,S4_D3 hbo,mild_master_41,-0.02480127171442764,
563,az_itd=0_az=5,7.0,3.959895249821053e-17,0.00019129473112370005,4.526349550979433e-09,7.114010620259173,0.032200498776673026,4,3,hbo,True,S4_D3 hbo,mild_master_41,0.0527120324988668,
564,az_itd=15_az=0,7.0,3.959895249821053e-17,2.5328106163099206e-08,4.514406953307032e-09,26.872326012115515,0.12131261540062771,4,3,hbo,True,S4_D3 hbo,mild_master_41,0.035205119203575296,
565,az_itd=5_az=0,7.0,3.959895249821053e-17,1.970689276901352e-07,4.62026061864469e-09,19.976646815734977,0.09229731457531416,4,3,hbo,True,S4_D3 hbo,mild_master_41,0.06177955525173889,
566,constant,7.0,3.959895249821053e-17,0.14486654660645412,5.042662698060736e-09,-1.6406950463077292,-0.00827347170890902,4,3,hbo,False,S4_D3 hbo,mild_master_41,,
574,Linear,7.0,1.930716594904058e-17,0.15485710895867663,3.2147330598525594e-13,-1.5944838928517735,-5.125840083753003e-07,4,4,hbo,False,S4_D4 hbo,mild_master_41,,
575,ShortHbO,7.0,1.930716594904058e-17,7.045741353528759e-06,0.0003616879941021818,11.817721024700997,4274.3278122832835,4,4,hbo,True,S4_D4 hbo,mild_master_41,,
576,az_itd=0_az=15,7.0,1.930716594904058e-17,0.07561371232982278,3.162289341929928e-09,2.084209688356756,0.006590874083837666,4,4,hbo,False,S4_D4 hbo,mild_master_41,-0.022495307306817376,
577,az_itd=0_az=5,7.0,1.930716594904058e-17,0.8856782578871345,3.1605706695427195e-09,-0.1491014714111703,-0.00047124573732780723,4,4,hbo,False,S4_D4 hbo,mild_master_41,0.00303407955669662,
578,az_itd=15_az=0,7.0,1.930716594904058e-17,1.5589478747710494e-07,3.152231626458128e-09,20.66723503057716,0.06514791189482864,4,4,hbo,True,S4_D4 hbo,mild_master_41,-0.012274802022819897,
579,az_itd=5_az=0,7.0,1.930716594904058e-17,0.0005946474567113256,3.2261450496619095e-09,5.9080234744885285,0.019060140685507522,4,4,hbo,True,S4_D4 hbo,mild_master_41,0.027931361057417232,
580,constant,7.0,1.930716594904058e-17,0.5853563518495716,3.5210916966055444e-09,-0.5717782638709885,-0.0020132836972156717,4,4,hbo,False,S4_D4 hbo,mild_master_41,,
588,Linear,7.0,7.638107469253244e-17,0.03983873959894981,6.394086896209723e-13,-2.519515593942422,-1.6110001644023297e-06,5,1,hbo,True,S5_D1 hbo,mild_master_41,,
589,ShortHbO,7.0,7.638107469253244e-17,0.4217301797376257,0.0007193954896246372,-0.8532965470175411,-613.8576872366963,5,1,hbo,False,S5_D1 hbo,mild_master_41,,
590,az_itd=0_az=15,7.0,7.638107469253244e-17,3.66155264921429e-05,6.289776621199519e-09,9.213469699875896,0.057950666318409554,5,1,hbo,True,S5_D1 hbo,mild_master_41,0.0486807274351602,
591,az_itd=0_az=5,7.0,7.638107469253244e-17,0.0032030865309954403,6.286358190995416e-09,4.388021973851858,0.0275846778775915,5,1,hbo,True,S5_D1 hbo,mild_master_41,0.025746221019360797,
592,az_itd=15_az=0,7.0,7.638107469253244e-17,7.29549243141743e-08,6.269771878812917e-09,23.06792967456332,0.1446306567760111,5,1,hbo,True,S5_D1 hbo,mild_master_41,0.00365413688720225,
593,az_itd=5_az=0,7.0,7.638107469253244e-17,4.148024853362589e-07,6.416785283024767e-09,17.928566587062175,0.11504376222159013,5,1,hbo,True,S5_D1 hbo,mild_master_41,0.09027129026838823,
594,constant,7.0,7.638107469253244e-17,0.12213994681748983,7.003432589407894e-09,-1.758103783586584,-0.012312761333531607,5,1,hbo,False,S5_D1 hbo,mild_master_41,,
602,Linear,7.0,5.118168306457658e-17,0.051832980990606896,5.234111058220569e-13,-2.34015706224955,-1.2248641957493331e-06,5,3,hbo,False,S5_D3 hbo,mild_master_41,,
603,ShortHbO,7.0,5.118168306457658e-17,0.012823080691593389,0.000588887193527251,3.3166950552048364,1953.159242845287,5,3,hbo,True,S5_D3 hbo,mild_master_41,,
604,az_itd=0_az=15,7.0,5.118168306457658e-17,4.9116494232352996e-05,5.148724110439084e-09,8.806695320297381,0.045343244528906174,5,3,hbo,True,S5_D3 hbo,mild_master_41,0.06076073633668805,
605,az_itd=0_az=5,7.0,5.118168306457658e-17,0.002632384755946551,5.145925830774844e-09,4.551183701316047,0.02342005376920371,5,3,hbo,True,S5_D3 hbo,mild_master_41,0.05874281912349551,
606,az_itd=15_az=0,7.0,5.118168306457658e-17,7.481435378328533e-08,5.132348505127146e-09,22.984170873248264,0.11796277502290262,5,3,hbo,True,S5_D3 hbo,mild_master_41,0.010280895198880242,
607,az_itd=5_az=0,7.0,5.118168306457658e-17,1.537274154833323e-07,5.252691643589657e-09,20.709213104059955,0.10877911061701315,5,3,hbo,True,S5_D3 hbo,mild_master_41,0.11161052168029931,
608,constant,7.0,5.118168306457658e-17,0.08357983252988675,5.732913011152774e-09,-2.016344678886099,-0.011559528644554777,5,3,hbo,False,S5_D3 hbo,mild_master_41,,
616,Linear,7.0,5.257104657069406e-17,0.014488971534949996,5.304677222418611e-13,-3.228142910249293,-1.7124256166711553e-06,6,1,hbo,True,S6_D1 hbo,mild_master_41,,
617,ShortHbO,7.0,5.257104657069406e-17,0.0006185271981886626,0.0005968265570467358,5.86906356712742,3502.8130018570923,6,1,hbo,True,S6_D1 hbo,mild_master_41,,
618,az_itd=0_az=15,7.0,5.257104657069406e-17,0.00020648638976077053,5.218139089782526e-09,7.027331966073102,0.036669595629044344,6,1,hbo,True,S6_D1 hbo,mild_master_41,0.03408987373112664,
619,az_itd=0_az=5,7.0,5.257104657069406e-17,0.01440835245692553,5.21530308377659e-09,3.232171412769736,0.016856753536312538,6,1,hbo,True,S6_D1 hbo,mild_master_41,0.031131229713380688,
620,az_itd=15_az=0,7.0,5.257104657069406e-17,3.3312895199736826e-08,5.201542708938615e-09,25.831616498758063,0.13436425645921343,6,1,hbo,True,S6_D1 hbo,mild_master_41,0.03760757238570436,
621,az_itd=5_az=0,7.0,5.257104657069406e-17,4.5503851121395383e-07,5.323508310809791e-09,17.688429059710206,0.0941644991045367,6,1,hbo,True,S6_D1 hbo,mild_master_41,0.13594140040900388,
622,constant,7.0,5.257104657069406e-17,0.2765222915955254,5.810204011740681e-09,-1.1800525745800368,-0.006856346202889849,6,1,hbo,False,S6_D1 hbo,mild_master_41,,
630,Linear,7.0,7.402851669379881e-17,0.0494353289387985,6.294846952489249e-13,-2.3723464703729022,-1.493355794927549e-06,6,2,hbo,True,S6_D2 hbo,mild_master_41,,
631,ShortHbO,7.0,7.402851669379881e-17,0.11854249843504386,0.0007082300536426159,-1.7785698633858824,-1259.6366297529235,6,2,hbo,False,S6_D2 hbo,mild_master_41,,
632,az_itd=0_az=15,7.0,7.402851669379881e-17,0.02032989241105534,6.192155633553542e-09,2.986393809858664,0.018492215253725755,6,2,hbo,True,S6_D2 hbo,mild_master_41,0.012314298564370392,
633,az_itd=0_az=5,7.0,7.402851669379881e-17,0.2153130856348827,6.188790259372383e-09,1.3622978658562857,0.008430975762575166,6,2,hbo,False,S6_D2 hbo,mild_master_41,0.024908879546073393,
634,az_itd=15_az=0,7.0,7.402851669379881e-17,3.46466443591434e-08,6.1724613763919324e-09,25.685807494203225,0.15854465467940787,6,2,hbo,True,S6_D2 hbo,mild_master_41,0.010844342075537706,
635,az_itd=5_az=0,7.0,7.402851669379881e-17,3.74535941686669e-07,6.317193047152711e-09,18.19707457054065,0.1149544329555388,6,2,hbo,True,S6_D2 hbo,mild_master_41,0.13440547359469462,
636,constant,7.0,7.402851669379881e-17,0.20039693755107124,6.894735246487052e-09,-1.4135152156182071,-0.0097458131785686,6,2,hbo,False,S6_D2 hbo,mild_master_41,,
644,Linear,7.0,1.6986013447712309e-16,0.008551725914434781,9.535234618906637e-13,3.6163398091234256,3.448264854168391e-06,8,18,hbo,True,S8_D18 hbo,mild_master_41,,
645,ShortHbO,7.0,1.6986013447712309e-16,0.005863584642811432,0.001072804434581638,-3.9046606910006973,-4188.937304842151,8,18,hbo,True,S8_D18 hbo,mild_master_41,,
646,az_itd=0_az=15,7.0,1.6986013447712309e-16,0.07854781858651849,9.379681064266245e-09,-2.058422243210736,-0.01930734413690819,8,18,hbo,False,S8_D18 hbo,mild_master_41,0.09530590570884728,
647,az_itd=0_az=5,7.0,1.6986013447712309e-16,0.0035737002195081135,9.374583302137958e-09,-4.298380801814231,-0.04029552889091806,8,18,hbo,True,S8_D18 hbo,mild_master_41,0.0048707547220890775,
648,az_itd=15_az=0,7.0,1.6986013447712309e-16,9.010510457600606e-05,9.34984882781977e-09,-8.014445357606604,-0.07493385253244371,8,18,hbo,True,S8_D18 hbo,mild_master_41,-0.01970476183442237,
649,az_itd=5_az=0,7.0,1.6986013447712309e-16,0.009118004238207814,9.56908377473848e-09,-3.5682688526364394,-0.03414506358166804,8,18,hbo,True,S8_D18 hbo,mild_master_41,-0.02487804199225455,
650,constant,7.0,1.6986013447712309e-16,0.07722321381907783,1.0443926390378973e-08,-2.069943320823349,-0.02161833567493567,8,18,hbo,False,S8_D18 hbo,mild_master_41,,
686,Linear,7.0,4.249006676062522e-17,0.014281189652871881,4.769022357842745e-13,-3.2385749812963387,-1.544483649335239e-06,9,5,hbo,True,S9_D5 hbo,mild_master_41,,
687,ShortHbO,7.0,4.249006676062522e-17,1.5621585601573125e-05,0.0005365602985759915,10.48723901872437,5627.036099124535,9,5,hbo,True,S9_D5 hbo,mild_master_41,,
688,az_itd=0_az=15,7.0,4.249006676062522e-17,3.8229185280880254e-05,4.6912226591912805e-09,9.152749293526233,0.04293758487968725,9,5,hbo,True,S9_D5 hbo,mild_master_41,0.0514189156599461,
689,az_itd=0_az=5,7.0,4.249006676062522e-17,0.003337631886010446,4.68867302695501e-09,4.354218386753852,0.020415506303444346,9,5,hbo,True,S9_D5 hbo,mild_master_41,-0.04697605737449955,
690,az_itd=15_az=0,7.0,4.249006676062522e-17,2.321193159880792e-09,4.676302145089237e-09,37.88773993149627,0.17717451951423913,9,5,hbo,True,S9_D5 hbo,mild_master_41,0.0751502332162248,
691,az_itd=5_az=0,7.0,4.249006676062522e-17,3.14399718376295e-07,4.785951923543842e-09,18.666328438949506,0.0893361504978915,9,5,hbo,True,S9_D5 hbo,mild_master_41,0.10569300052216649,
692,constant,7.0,4.249006676062522e-17,0.062063963337801516,5.2235021423198475e-09,-2.217958472116515,-0.011585510830677073,9,5,hbo,False,S9_D5 hbo,mild_master_41,,
658,Linear,7.0,6.381829856181826e-17,0.02654257638972148,5.844646681288206e-13,-2.7995194279303615,-1.6362201933655042e-06,9,15,hbo,True,S9_D15 hbo,mild_master_41,,
659,ShortHbO,7.0,6.381829856181826e-17,3.852631211307187e-06,0.0006575782483439103,12.927289324127845,8500.70426959492,9,15,hbo,True,S9_D15 hbo,mild_master_41,,
660,az_itd=0_az=15,7.0,6.381829856181826e-17,6.1809113796747095e-06,5.749299728305123e-09,12.050694000533886,0.06928305174315764,9,15,hbo,True,S9_D15 hbo,mild_master_41,0.09900745919877638,
661,az_itd=0_az=5,7.0,6.381829856181826e-17,0.19854426359601798,5.746175041845284e-09,-1.4201117383145347,-0.0081602106273345,9,15,hbo,False,S9_D15 hbo,mild_master_41,-0.05874638779070838,
662,az_itd=15_az=0,7.0,6.381829856181826e-17,2.2335735036186476e-08,5.731013981943248e-09,27.363494875208968,0.156820571724655,9,15,hbo,True,S9_D15 hbo,mild_master_41,0.09277916762303706,
663,az_itd=5_az=0,7.0,6.381829856181826e-17,2.5800234644616034e-05,5.8653946087597235e-09,9.719472769191876,0.05700854318040497,9,15,hbo,True,S9_D15 hbo,mild_master_41,0.02657196023445149,
664,constant,7.0,6.381829856181826e-17,0.2741506212853341,6.401631649011913e-09,-1.1864398044604962,-0.007595150601881817,9,15,hbo,False,S9_D15 hbo,mild_master_41,,
672,Linear,7.0,8.37701479532798e-17,0.4599843602125627,6.696228932032407e-13,-0.7817442719200921,-5.23473861108193e-07,9,16,hbo,False,S9_D16 hbo,mild_master_41,,
673,ShortHbO,7.0,8.37701479532798e-17,0.000722469082335784,0.0007533893375852726,5.717112378550736,4307.211507776901,9,16,hbo,True,S9_D16 hbo,mild_master_41,,
674,az_itd=0_az=15,7.0,8.37701479532798e-17,0.22228853363316162,6.586989646928909e-09,-1.3394149302148173,-0.008822712278267008,9,16,hbo,False,S9_D16 hbo,mild_master_41,0.07327813025399935,
675,az_itd=0_az=5,7.0,8.37701479532798e-17,0.08998898140197048,6.5834096844406905e-09,1.966236047119712,0.012944537434504293,9,16,hbo,False,S9_D16 hbo,mild_master_41,0.04926434216155007,
676,az_itd=15_az=0,7.0,8.37701479532798e-17,1.3847503038060854e-05,6.566039613418038e-09,10.67956243691871,0.07012243001477951,9,16,hbo,True,S9_D16 hbo,mild_master_41,0.06323553852231527,
677,az_itd=5_az=0,7.0,8.37701479532798e-17,0.00012556970810492974,6.719999893698795e-09,7.606795678143582,0.051117666148513326,9,16,hbo,True,S9_D16 hbo,mild_master_41,0.09321526926307606,
678,constant,7.0,8.37701479532798e-17,0.5895146692187301,7.334368251474821e-09,-0.5653089479994616,-0.004146184000481883,9,16,hbo,False,S9_D16 hbo,mild_master_41,,
56,Linear,7.0,1.934528503526197e-15,0.8329103859504433,3.217904997700277e-12,-0.21898418826106916,-7.046703138226329e-07,10,6,hbo,False,S10_D6 hbo,mild_master_41,,
57,ShortHbO,7.0,1.934528503526197e-15,0.52491767082302,0.0036204486722856526,-0.6690327651049686,-2422.1987861398825,10,6,hbo,False,S10_D6 hbo,mild_master_41,,
58,az_itd=0_az=15,7.0,1.934528503526197e-15,0.6148873164613295,3.165409534201681e-08,-0.5263764297775583,-0.016661969693969245,10,6,hbo,False,S10_D6 hbo,mild_master_41,-0.012925443600998046,
59,az_itd=0_az=5,7.0,1.934528503526197e-15,0.38179564479203704,3.163689166021419e-08,0.9331648873226398,0.029522436441342333,10,6,hbo,False,S10_D6 hbo,mild_master_41,0.36501068292448996,
60,az_itd=15_az=0,7.0,1.934528503526197e-15,3.830939073342838e-06,3.155341894904863e-08,12.938107803094885,0.4082415359190081,10,6,hbo,True,S10_D6 hbo,mild_master_41,0.28393281283116484,
61,az_itd=5_az=0,7.0,1.934528503526197e-15,0.026000297723694606,3.229328247580594e-08,2.8138899027454647,0.0908697414851774,10,6,hbo,True,S10_D6 hbo,mild_master_41,-0.08513274895170633,
62,constant,7.0,1.934528503526197e-15,0.30148390229863625,3.524565914778502e-08,-1.1154437512621331,-0.039314550255511845,10,6,hbo,False,S10_D6 hbo,mild_master_41,,
0,Linear,7.0,2.999155974338977e-17,0.02245524505682605,4.006684794697111e-13,-2.9163877648821193,-1.168504651299388e-06,10,14,hbo,True,S10_D14 hbo,mild_master_41,,
1,ShortHbO,7.0,2.999155974338977e-17,0.08938381342768777,0.0004507900840949373,1.9708146581381532,888.4237054776332,10,14,hbo,False,S10_D14 hbo,mild_master_41,,
2,az_itd=0_az=15,7.0,2.999155974338977e-17,2.353369747822546e-05,3.941321530231342e-09,9.856338577745568,0.03884699944571838,10,14,hbo,True,S10_D14 hbo,mild_master_41,0.03652845933569135,
3,az_itd=0_az=5,7.0,2.999155974338977e-17,0.02165485553465304,3.939179461701021e-09,2.941894566210877,0.011588650653707722,10,14,hbo,True,S10_D14 hbo,mild_master_41,-0.020393274356539894,
4,az_itd=15_az=0,7.0,2.999155974338977e-17,1.5303104171247326e-08,3.928786089527566e-09,28.894569738568773,0.11352058365177316,10,14,hbo,True,S10_D14 hbo,mild_master_41,0.057525202219882964,
5,az_itd=5_az=0,7.0,2.999155974338977e-17,1.5959374989257455e-06,4.020908136167478e-09,14.722148098118419,0.059196405069586906,10,14,hbo,True,S10_D14 hbo,mild_master_41,0.0305280410622841,
6,constant,7.0,2.999155974338977e-17,0.1791021489227527,4.388515095611308e-09,-1.4928903845474237,-0.006551571988679339,10,14,hbo,False,S10_D14 hbo,mild_master_41,,
14,Linear,7.0,1.9262110743429007e-17,0.8529944697578358,3.2109799181939455e-13,-0.19226359932318393,-6.173545564264306e-08,10,15,hbo,False,S10_D15 hbo,mild_master_41,,
15,ShortHbO,7.0,1.9262110743429007e-17,3.212309633341636e-05,0.0003612657300283655,9.399908513857861,3395.8648114587086,10,15,hbo,True,S10_D15 hbo,mild_master_41,,
16,az_itd=0_az=15,7.0,1.9262110743429007e-17,0.0003177697558353149,3.1585974273464097e-09,-6.5535585239198095,-0.020700053093617245,10,15,hbo,True,S10_D15 hbo,mild_master_41,-0.05530739535050133,
17,az_itd=0_az=5,7.0,1.9262110743429007e-17,3.841244987604798e-06,3.1568807614775696e-09,-12.932959288296274,-0.04082781036619515,10,15,hbo,True,S10_D15 hbo,mild_master_41,-0.10830454404290407,
18,az_itd=15_az=0,7.0,1.9262110743429007e-17,1.360296291621964e-07,3.148551454072243e-09,21.07947856608733,0.06636982289033895,10,15,hbo,True,S10_D15 hbo,mild_master_41,0.001185488028027906,
19,az_itd=5_az=0,7.0,1.9262110743429007e-17,8.371722542960427e-06,3.2223785847153076e-09,11.517243868360305,0.037112919996347936,10,15,hbo,True,S10_D15 hbo,mild_master_41,0.05122915707716471,
20,constant,7.0,1.9262110743429007e-17,0.4728151735177134,3.5169808868791104e-09,-0.7586721649482131,-0.002668235503530061,10,15,hbo,False,S10_D15 hbo,mild_master_41,,
28,Linear,7.0,4.227149461885091e-17,0.007626565491901046,4.756740435453115e-13,-3.7028233151155345,-1.7613369388348616e-06,10,16,hbo,True,S10_D16 hbo,mild_master_41,,
29,ShortHbO,7.0,4.227149461885091e-17,9.745440321486574e-05,0.0005351784656865672,7.916559490172718,4236.772161467068,10,16,hbo,True,S10_D16 hbo,mild_master_41,,
30,az_itd=0_az=15,7.0,4.227149461885091e-17,5.725401311696351e-06,4.679141098592617e-09,12.188826884606842,0.05703324081939448,10,16,hbo,True,S10_D16 hbo,mild_master_41,0.08802574968185138,
31,az_itd=0_az=5,7.0,4.227149461885091e-17,6.31306414107106e-05,4.6765980325627725e-09,8.47132673693985,0.039616989951169315,10,16,hbo,True,S10_D16 hbo,mild_master_41,0.013226333646571274,
32,az_itd=15_az=0,7.0,4.227149461885091e-17,1.3148669481400875e-08,4.664259010101205e-09,29.5324033307173,0.137746778325241,10,16,hbo,True,S10_D16 hbo,mild_master_41,0.12710206588708411,
33,az_itd=5_az=0,7.0,4.227149461885091e-17,2.1392321214736497e-07,4.773626401523842e-09,19.74017457274991,0.09423221851116861,10,16,hbo,True,S10_D16 hbo,mild_master_41,0.1083113720642612,
34,constant,7.0,4.227149461885091e-17,0.13406189363415183,5.210049773448368e-09,-1.6941602197174033,-0.008826659068923893,10,16,hbo,False,S10_D16 hbo,mild_master_41,,
42,Linear,7.0,1.780396083609477e-17,0.005296974966710919,3.0870521552840856e-13,-3.98397423777314,-1.2298736257313844e-06,10,21,hbo,True,S10_D21 hbo,mild_master_41,,
43,ShortHbO,7.0,1.780396083609477e-17,0.4182685168921675,0.00034732267996918144,0.8599952820508037,298.6958661227372,10,21,hbo,False,S10_D21 hbo,mild_master_41,,
44,az_itd=0_az=15,7.0,1.780396083609477e-17,3.188037184738159e-07,3.0366913665560797e-09,18.628610200849387,0.05656933976785785,10,21,hbo,True,S10_D21 hbo,mild_master_41,0.0492901409668694,
45,az_itd=0_az=5,7.0,1.780396083609477e-17,5.986013611878768e-05,3.0350409554026878e-09,8.541480562545445,0.02592374332710141,10,21,hbo,True,S10_D21 hbo,mild_master_41,-0.012954006057780767,
46,az_itd=15_az=0,7.0,1.780396083609477e-17,3.4789927353438103e-09,3.0270331175984266e-09,35.750105187956585,0.10821675236157191,10,21,hbo,True,S10_D21 hbo,mild_master_41,0.09512003839049221,
47,az_itd=5_az=0,7.0,1.780396083609477e-17,1.4552611735045176e-07,3.0980108902960212e-09,20.874398429776527,0.06466911366382584,10,21,hbo,True,S10_D21 hbo,mild_master_41,0.03496481679671343,
48,constant,7.0,1.780396083609477e-17,0.04978122158158108,3.381243017253064e-09,-2.367605555232228,-0.008005449751238534,10,21,hbo,True,S10_D21 hbo,mild_master_41,,
98,Linear,7.0,3.1662853512335416e-17,0.06998703864781952,4.1168086139834235e-13,-2.136578307366319,-8.795883980215786e-07,11,3,hbo,False,S11_D3 hbo,mild_master_41,,
99,ShortHbO,7.0,3.1662853512335416e-17,2.0522940575049957e-07,0.0004631800594238264,19.859386333994674,9198.47174230038,11,3,hbo,True,S11_D3 hbo,mild_master_41,,
100,az_itd=0_az=15,7.0,3.1662853512335416e-17,0.7761467832147462,4.049648838763049e-09,0.29555196281426394,0.0011968816630049239,11,3,hbo,False,S11_D3 hbo,mild_master_41,-0.034082119623032515,
101,az_itd=0_az=5,7.0,3.1662853512335416e-17,0.00017422585695170252,4.0474478954322825e-09,7.221161560467021,0.02922727516048874,11,3,hbo,True,S11_D3 hbo,mild_master_41,0.025875652362976297,
102,az_itd=15_az=0,7.0,3.1662853512335416e-17,1.777912735140717e-08,4.036768861197135e-09,28.277499948652824,0.11414973126522532,11,3,hbo,True,S11_D3 hbo,mild_master_41,0.03477462632415862,
103,az_itd=5_az=0,7.0,3.1662853512335416e-17,4.472531468992969e-05,4.131422884305445e-09,8.93468803315205,0.03691297460429438,11,3,hbo,True,S11_D3 hbo,mild_master_41,0.07891662174068728,
104,constant,7.0,3.1662853512335416e-17,0.2189296703219349,4.5091335290762964e-09,-1.3503536629471076,-0.006088924977705795,11,3,hbo,False,S11_D3 hbo,mild_master_41,,
70,Linear,7.0,1.6996438227839466e-17,0.10767890734617289,3.0162310878415465e-13,-1.844203944911899,-5.562545270963289e-07,11,11,hbo,False,S11_D11 hbo,mild_master_41,,
71,ShortHbO,7.0,1.6996438227839466e-17,5.031353489455924e-05,0.00033935463741430693,8.774042199777496,2977.51190936332,11,11,hbo,True,S11_D11 hbo,mild_master_41,,
72,az_itd=0_az=15,7.0,1.6996438227839466e-17,0.02143876934107001,2.967025642345711e-09,-2.9489518777891868,-0.008749615839444053,11,11,hbo,True,S11_D11 hbo,mild_master_41,-0.036511884486675306,
73,az_itd=0_az=5,7.0,1.6996438227839466e-17,0.00018623292368036805,2.965413093811324e-09,7.144626178467876,0.0211867680200158,11,11,hbo,True,S11_D11 hbo,mild_master_41,0.021546653553334967,
74,az_itd=15_az=0,7.0,1.6996438227839466e-17,3.189847446351152e-08,2.9575889664183796e-09,25.993710974531073,0.07687871277454145,11,11,hbo,True,S11_D11 hbo,mild_master_41,0.040698493134221414,
75,az_itd=5_az=0,7.0,1.6996438227839466e-17,0.0206194614073797,3.026938414949655e-09,2.9764114129022072,0.009009414044408269,11,11,hbo,True,S11_D11 hbo,mild_master_41,0.03665757272992219,
76,constant,7.0,1.6996438227839466e-17,0.4901080252911154,3.3036728215715284e-09,-0.7282344305076418,-0.002405848295800716,11,11,hbo,False,S11_D11 hbo,mild_master_41,,
84,Linear,7.0,3.648101520732281e-17,0.00777944354721014,4.4189502230509966e-13,-3.6877717170290336,-1.6296079651526603e-06,11,12,hbo,True,S11_D12 hbo,mild_master_41,,
85,ShortHbO,7.0,3.648101520732281e-17,0.3570649320240837,0.0004971738593704596,0.9858141033118643,490.1210023653885,11,12,hbo,False,S11_D12 hbo,mild_master_41,,
86,az_itd=0_az=15,7.0,3.648101520732281e-17,3.83624759737458e-06,4.346861444699221e-09,12.93545386425747,0.05622862567222635,11,12,hbo,True,S11_D12 hbo,mild_master_41,-0.006406116666065733,
87,az_itd=0_az=5,7.0,3.648101520732281e-17,7.552700839685691e-07,4.344498969312492e-09,16.427848949330368,0.0713707728283871,11,12,hbo,True,S11_D12 hbo,mild_master_41,0.03660964251765921,
88,az_itd=15_az=0,7.0,3.648101520732281e-17,3.5999038272141217e-09,4.333036177344198e-09,35.57519864981703,0.1541486227658637,11,12,hbo,True,S11_D12 hbo,mild_master_41,0.07961709732121085,
89,az_itd=5_az=0,7.0,3.648101520732281e-17,0.0029409608999323013,4.434637066709424e-09,4.458613244768274,0.019772331561370964,11,12,hbo,True,S11_D12 hbo,mild_master_41,0.05886735611464568,
90,constant,7.0,3.648101520732281e-17,0.11547515093246942,4.840068723719072e-09,-1.796495536229291,-0.008695161857204314,11,12,hbo,False,S11_D12 hbo,mild_master_41,,
126,Linear,7.0,5.3102793980027814e-17,0.14305562791258541,5.331437688025463e-13,-1.6493889343483565,-8.793614326796984e-07,12,2,hbo,False,S12_D2 hbo,mild_master_41,,
127,ShortHbO,7.0,5.3102793980027814e-17,0.6381917683494358,0.0005998373635262717,-0.4913756482847841,-294.74547336815743,12,2,hbo,False,S12_D2 hbo,mild_master_41,,
128,az_itd=0_az=15,7.0,5.3102793980027814e-17,5.3537508713928695e-05,5.244462997117311e-09,8.690294726809551,0.04557592912879638,12,2,hbo,True,S12_D2 hbo,mild_master_41,-0.004987218708422838,
129,az_itd=0_az=5,7.0,5.3102793980027814e-17,0.019499829741838053,5.241612684333036e-09,-3.015866337551642,-0.015808003249163705,12,2,hbo,True,S12_D2 hbo,mild_master_41,-0.00719249643073047,
130,az_itd=15_az=0,7.0,5.3102793980027814e-17,2.1890897756091878e-07,5.227782892634779e-09,19.674275372718594,0.102852840218484,12,2,hbo,True,S12_D2 hbo,mild_master_41,0.003509170019053029,
131,az_itd=5_az=0,7.0,5.3102793980027814e-17,6.068990256323113e-06,5.350363773467756e-09,12.083535418106472,0.06465131015645142,12,2,hbo,True,S12_D2 hbo,mild_master_41,0.07566186433914193,
132,constant,7.0,5.3102793980027814e-17,0.2644348957624022,5.839514704569996e-09,-1.2130991393715045,-0.007083910262461109,12,2,hbo,False,S12_D2 hbo,mild_master_41,,
112,Linear,7.0,1.3217921629017205e-16,0.01656294949970827,8.411379700260444e-13,-3.1320165760959977,-2.6344580649053095e-06,12,12,hbo,True,S12_D12 hbo,mild_master_41,,
113,ShortHbO,7.0,1.3217921629017205e-16,0.0008031193745837876,0.0009463600848894567,-5.6151618822134655,-5313.965075519577,12,12,hbo,True,S12_D12 hbo,mild_master_41,,
114,az_itd=0_az=15,7.0,1.3217921629017205e-16,6.064283638649789e-07,8.274160212319245e-09,16.962960908157243,0.1403542562294014,12,12,hbo,True,S12_D12 hbo,mild_master_41,0.06792790061595509,
115,az_itd=0_az=5,7.0,1.3217921629017205e-16,4.059375083754638e-05,8.26966328963235e-09,9.068826556987261,0.07499614205836051,12,12,hbo,True,S12_D12 hbo,mild_master_41,0.004491038756931706,
116,az_itd=15_az=0,7.0,1.3217921629017205e-16,6.333546677208802e-08,8.247844103897363e-09,23.544069477110096,0.19418781461853238,12,12,hbo,True,S12_D12 hbo,mild_master_41,0.1466557604694499,
117,az_itd=5_az=0,7.0,1.3217921629017205e-16,3.701549739445066e-07,8.441239280398132e-09,18.2282606235654,0.15386910958897482,12,12,hbo,True,S12_D12 hbo,mild_master_41,0.18356038008710301,
118,constant,7.0,1.3217921629017205e-16,0.05550611701587193,9.212969994137506e-09,-2.2936743947844764,-0.021131553375470884,12,12,hbo,False,S12_D12 hbo,mild_master_41,,
140,Linear,7.0,4.878658728567008e-17,0.002119402605674479,5.110176158906409e-13,-4.735312476434447,-2.419828092204738e-06,13,1,hbo,True,S13_D1 hbo,mild_master_41,,
141,ShortHbO,7.0,4.878658728567008e-17,2.408153629886564e-05,0.0005749433405548208,9.821927511419819,5647.051814103009,13,1,hbo,True,S13_D1 hbo,mild_master_41,,
142,az_itd=0_az=15,7.0,4.878658728567008e-17,1.0826091385016072e-05,5.026811029664563e-09,11.08214000081863,0.055707823588401935,13,1,hbo,True,S13_D1 hbo,mild_master_41,0.07694743355568842,
143,az_itd=0_az=5,7.0,4.878658728567008e-17,1.8470392951420563e-05,5.0240790085310615e-09,10.225123878697126,0.05137183023859193,13,1,hbo,True,S13_D1 hbo,mild_master_41,0.029858877856237465,
144,az_itd=15_az=0,7.0,4.878658728567008e-17,3.8697399145266915e-08,5.010823170996318e-09,25.27944073355226,0.12667080737751182,13,1,hbo,True,S13_D1 hbo,mild_master_41,0.05555950632340582,
145,az_itd=5_az=0,7.0,4.878658728567008e-17,1.202543252215464e-06,5.128316787432529e-09,15.346623942572977,0.07870234919511099,13,1,hbo,True,S13_D1 hbo,mild_master_41,0.07995544647663082,
146,constant,7.0,4.878658728567008e-17,0.7000845814517987,5.597167325035137e-09,-0.4014179114145331,-0.002246803217453274,13,1,hbo,False,S13_D1 hbo,mild_master_41,,
168,Linear,7.0,1.753340305350804e-16,0.5096949991636086,9.687657136101934e-13,-0.6946016930447783,-6.729063048373731e-07,13,3,hbo,False,S13_D3 hbo,mild_master_41,,
169,ShortHbO,7.0,1.753340305350804e-16,0.00017311519815385826,0.0010899534150642974,7.22853972294336,7878.771556950045,13,3,hbo,True,S13_D3 hbo,mild_master_41,,
170,az_itd=0_az=15,7.0,1.753340305350804e-16,0.2566038019945566,9.529617028659794e-09,-1.2351954327163868,-0.011770939429336881,13,3,hbo,False,S13_D3 hbo,mild_master_41,-0.099702779248222,
171,az_itd=0_az=5,7.0,1.753340305350804e-16,0.07214720379138663,9.524437777845941e-09,-2.11599229191079,-0.020153636922705945,13,3,hbo,False,S13_D3 hbo,mild_master_41,0.07596621608938448,
172,az_itd=15_az=0,7.0,1.753340305350804e-16,7.967746929351368e-05,9.499307918307802e-09,-8.17000445714691,-0.07760938803238566,13,3,hbo,True,S13_D3 hbo,mild_master_41,-0.10661826881771054,
173,az_itd=5_az=0,7.0,1.753340305350804e-16,0.0013233139498020437,9.722047377050507e-09,5.150474214819875,0.050073154330755834,13,3,hbo,True,S13_D3 hbo,mild_master_41,0.062112638018786435,
174,constant,7.0,1.753340305350804e-16,0.3745734776762385,1.0610874516297923e-08,0.9482652864248112,0.01006192396241498,13,3,hbo,False,S13_D3 hbo,mild_master_41,,
154,Linear,7.0,9.795184352546383e-17,0.02504272511186978,7.240890147937239e-13,2.840052511956113,2.0564508253447428e-06,13,11,hbo,True,S13_D11 hbo,mild_master_41,,
155,ShortHbO,7.0,9.795184352546383e-17,0.03055302953000513,0.0008146688960985725,2.7019425832026065,2201.188581579393,13,11,hbo,True,S13_D11 hbo,mild_master_41,,
156,az_itd=0_az=15,7.0,9.795184352546383e-17,0.0001705711513285924,7.122765503260024e-09,-7.245642833896962,-0.05160901482622448,13,11,hbo,True,S13_D11 hbo,mild_master_41,-0.004391127518795196,
157,az_itd=0_az=5,7.0,9.795184352546383e-17,0.002579249323576679,7.118894351993536e-09,-4.568328853134433,-0.03252145047062782,13,11,hbo,True,S13_D11 hbo,mild_master_41,-0.021389756322911315,
158,az_itd=15_az=0,7.0,9.795184352546383e-17,0.006021748619744338,7.100111425451817e-09,3.8840090222399897,0.027576896835364087,13,11,hbo,True,S13_D11 hbo,mild_master_41,-0.060179814377483654,
159,az_itd=5_az=0,7.0,9.795184352546383e-17,4.958089107684257e-05,7.266594603965284e-09,-8.793921573197776,-0.06390186305149287,13,11,hbo,True,S13_D11 hbo,mild_master_41,-0.020620206584303507,
160,constant,7.0,9.795184352546383e-17,0.40256717251489393,7.930934762310886e-09,-0.8908942261296044,-0.007065623987553335,13,11,hbo,False,S13_D11 hbo,mild_master_41,,
182,Linear,7.0,4.752339229125307e-16,0.17984806926006702,1.5949217059550007e-12,-1.4899691628682394,-2.376384159062157e-06,14,10,hbo,False,S14_D10 hbo,mild_master_41,,
183,ShortHbO,7.0,4.752339229125307e-16,0.0005657329100548963,0.0017944383618693097,-5.957609760434366,-10690.563499170454,14,10,hbo,True,S14_D10 hbo,mild_master_41,,
184,az_itd=0_az=15,7.0,4.752339229125307e-16,3.527897624494572e-05,1.5689028662882252e-08,9.266104004637747,0.1453761713220096,14,10,hbo,True,S14_D10 hbo,mild_master_41,0.25447735815836087,
185,az_itd=0_az=5,7.0,4.752339229125307e-16,0.00010272663580440155,1.5680501833920877e-08,-7.851338698170102,-0.12311293085539024,14,10,hbo,True,S14_D10 hbo,mild_master_41,-0.036072731192873464,
186,az_itd=15_az=0,7.0,4.752339229125307e-16,0.23886448728047716,1.5639129438219943e-08,-1.28745768108297,-0.02013471732068706,14,10,hbo,False,S14_D10 hbo,mild_master_41,0.18030717309020966,
187,az_itd=5_az=0,7.0,4.752339229125307e-16,0.0012861341126877601,1.6005835229445282e-08,5.176290729675816,0.08285085651889619,14,10,hbo,True,S14_D10 hbo,mild_master_41,0.2103342528258417,
188,constant,7.0,4.752339229125307e-16,0.38688021297151365,1.7469150536037565e-08,0.9226622820054153,0.016118126298276546,14,10,hbo,False,S14_D10 hbo,mild_master_41,,
196,Linear,7.0,9.346807467646127e-17,0.8211971861579391,7.073222181166631e-13,-0.23464880050868991,-1.6597231005422095e-07,15,18,hbo,False,S15_D18 hbo,mild_master_41,,
197,ShortHbO,7.0,9.346807467646127e-17,0.3258345276739434,0.0007958046577785068,1.0564942209771864,840.76302196972,15,18,hbo,False,S15_D18 hbo,mild_master_41,,
198,az_itd=0_az=15,7.0,9.346807467646127e-17,0.020590812988681696,6.957832796739728e-09,-2.977392377017032,-0.02071619832957196,15,18,hbo,True,S15_D18 hbo,mild_master_41,0.017988221433975052,
199,az_itd=0_az=5,7.0,9.346807467646127e-17,2.549613178913254e-06,6.954051284737012e-09,13.740857143549668,0.09555462527248933,15,18,hbo,True,S15_D18 hbo,mild_master_41,0.0926084444821204,
200,az_itd=15_az=0,7.0,9.346807467646127e-17,0.7708172030485239,6.935703290232502e-09,-0.302834575310731,-0.0021003707603787993,15,18,hbo,False,S15_D18 hbo,mild_master_41,0.006959488324607302,
201,az_itd=5_az=0,7.0,9.346807467646127e-17,0.00015467460778821398,7.098331432214196e-09,-7.359468954512272,-0.052239949804219,15,18,hbo,True,S15_D18 hbo,mild_master_41,0.146954306761004,
202,constant,7.0,9.346807467646127e-17,0.976672771929524,7.747288321194e-09,0.0303010723380244,0.00023475114384403098,15,18,hbo,False,S15_D18 hbo,mild_master_41,,
210,Linear,7.0,5.1198308903540534e-15,0.02431734611417162,5.2349611125418025e-12,2.8605819080966546,1.4975035048126615e-05,16,18,hbo,True,S16_D18 hbo,mild_master_41,,
211,ShortHbO,7.0,5.1198308903540534e-15,3.0124267488404583e-07,0.005889828327099143,-18.782704418317433,-110626.90454253626,16,18,hbo,True,S16_D18 hbo,mild_master_41,,
212,az_itd=0_az=15,7.0,5.1198308903540534e-15,0.00012241935803368814,5.149560297354156e-08,-7.637393819703048,-0.3932921998920082,16,18,hbo,True,S16_D18 hbo,mild_master_41,-0.08918716694123972,
213,az_itd=0_az=5,7.0,5.1198308903540534e-15,0.013664546090438032,5.146761563230755e-08,-3.2705188215384755,-0.1683258056251697,16,18,hbo,True,S16_D18 hbo,mild_master_41,0.16222280394279837,
214,az_itd=15_az=0,7.0,5.1198308903540534e-15,0.022845290348338078,5.133182032535397e-08,-2.9043037965581484,-0.14908320065516628,16,18,hbo,True,S16_D18 hbo,mild_master_41,-0.3598015168660579,
215,az_itd=5_az=0,7.0,5.1198308903540534e-15,0.00024254809902824934,5.253544715521085e-08,-6.847450564864194,-0.35973387729834155,16,18,hbo,True,S16_D18 hbo,mild_master_41,0.6098604037725868,
216,constant,7.0,5.1198308903540534e-15,0.2422426080329907,5.7338440742166213e-08,-1.277254228092989,-0.07323576587019111,16,18,hbo,False,S16_D18 hbo,mild_master_41,,
224,Linear,7.0,2.708108480234535e-17,0.05679729217973069,3.807313864324093e-13,2.27807422186447,8.673343568863915e-07,16,23,hbo,False,S16_D23 hbo,mild_master_41,,
225,ShortHbO,7.0,2.708108480234535e-17,0.00071985354489939,0.0004283589613403127,-5.720628704998586,-2450.4825702867724,16,23,hbo,True,S16_D23 hbo,mild_master_41,,
226,az_itd=0_az=15,7.0,2.708108480234535e-17,1.5500658435694457e-06,3.745203048083352e-09,-14.785368211382464,-0.055374206092304305,16,23,hbo,True,S16_D23 hbo,mild_master_41,-0.017099925141047512,
227,az_itd=0_az=5,7.0,2.708108480234535e-17,0.00013126400974471152,3.7431675679715606e-09,-7.553625608635889,-0.0282744863988453,16,23,hbo,True,S16_D23 hbo,mild_master_41,-0.036299989312961516,
228,az_itd=15_az=0,7.0,2.708108480234535e-17,0.00630200647250019,3.733291365574644e-09,-3.8488277772544013,-0.014368795508407707,16,23,hbo,True,S16_D23 hbo,mild_master_41,-0.026906022504440158,
229,az_itd=5_az=0,7.0,2.708108480234535e-17,1.1471761713095011e-05,3.820829458375518e-09,-10.986183208144082,-0.04197633243678737,16,23,hbo,True,S16_D23 hbo,mild_master_41,0.07154643013332457,
230,constant,7.0,2.708108480234535e-17,0.42137098480189317,4.170144451949482e-09,0.8539897880495269,0.0035612607766562485,16,23,hbo,False,S16_D23 hbo,mild_master_41,,
238,Linear,7.0,3.293914714766511e-17,0.20189251037792214,4.1989608645058666e-13,-1.4082297775856425,-5.913101724313913e-07,17,15,hbo,False,S17_D15 hbo,mild_master_41,,
239,ShortHbO,7.0,3.293914714766511e-17,0.015346348908403373,0.00047242296766822204,3.1867267044373557,1505.4828868578686,17,15,hbo,True,S17_D15 hbo,mild_master_41,,
240,az_itd=0_az=15,7.0,3.293914714766511e-17,0.11041594188048831,4.130460894198405e-09,-1.827086274013911,-0.007546708405141132,17,15,hbo,False,S17_D15 hbo,mild_master_41,0.012127936722575571,
241,az_itd=0_az=5,7.0,3.293914714766511e-17,0.1045156967950119,4.128216030329949e-09,1.8645191018804281,0.007697137645239183,17,15,hbo,False,S17_D15 hbo,mild_master_41,-0.07148022706513456,
242,az_itd=15_az=0,7.0,3.293914714766511e-17,3.6063201102585905e-08,4.117323892504598e-09,25.53780148084426,0.10514740019911936,17,15,hbo,True,S17_D15 hbo,mild_master_41,0.083132125197017,
243,az_itd=5_az=0,7.0,3.293914714766511e-17,0.00018003670141017447,4.213866767329972e-09,7.1834043630823246,0.03026990892188573,17,15,hbo,True,S17_D15 hbo,mild_master_41,0.05367317251196255,
244,constant,7.0,3.293914714766511e-17,0.4144029642033542,4.599114750467444e-09,-0.8675230510543951,-0.003989838060474789,17,15,hbo,False,S17_D15 hbo,mild_master_41,,
252,Linear,7.0,2.8908557466456986e-17,0.19121390537185703,3.933678501204038e-13,-1.4467645120578523,-5.691106457386924e-07,17,21,hbo,False,S17_D21 hbo,mild_master_41,,
253,ShortHbO,7.0,2.8908557466456986e-17,0.3748880634359531,0.0004425761828599912,-0.9476029758217359,-419.38650790595244,17,21,hbo,False,S17_D21 hbo,mild_master_41,,
254,az_itd=0_az=15,7.0,2.8908557466456986e-17,0.5072131984362498,3.869506228771276e-09,-0.6988162762241708,-0.002704073933616178,17,21,hbo,False,S17_D21 hbo,mild_master_41,0.005223621757851234,
255,az_itd=0_az=5,7.0,2.8908557466456986e-17,0.03135855989857883,3.867403191133531e-09,2.6839663387030845,0.010379979983195288,17,21,hbo,True,S17_D21 hbo,mild_master_41,-0.030269175159543835,
256,az_itd=15_az=0,7.0,2.8908557466456986e-17,7.249250150188232e-08,3.85719919786512e-09,23.089138323620187,0.08905940582126458,17,21,hbo,True,S17_D21 hbo,mild_master_41,0.05879700193882505,
257,az_itd=5_az=0,7.0,2.8908557466456986e-17,0.727746358645315,3.9476426774305576e-09,0.3624014231005618,0.0014306313241933461,17,21,hbo,False,S17_D21 hbo,mild_master_41,0.02076435406450907,
258,constant,7.0,2.8908557466456986e-17,0.6857365784642888,4.308551425523504e-09,-0.42192356353115595,-0.0018178793711141187,17,21,hbo,False,S17_D21 hbo,mild_master_41,,
266,Linear,7.0,2.6637945857036776e-17,0.2778971138256391,3.776035057045473e-13,1.176370905771865,4.4420177802828996e-07,17,22,hbo,False,S17_D22 hbo,mild_master_41,,
267,ShortHbO,7.0,2.6637945857036776e-17,2.1463179635993222e-05,0.00042483979851967355,-9.995118293627437,-4246.324042044984,17,22,hbo,True,S17_D22 hbo,mild_master_41,,
268,az_itd=0_az=15,7.0,2.6637945857036776e-17,0.00016234044123384497,3.71443450928281e-09,-7.303010619899765,-0.027126554668214533,17,22,hbo,True,S17_D22 hbo,mild_master_41,-0.0380012882173546,
269,az_itd=0_az=5,7.0,2.6637945857036776e-17,7.170790618589955e-05,3.712415751561765e-09,-8.305288886786402,-0.03083268528457671,17,22,hbo,True,S17_D22 hbo,mild_master_41,-0.05826312633356401,
270,az_itd=15_az=0,7.0,2.6637945857036776e-17,7.298548992463811e-05,3.7026206866393064e-09,8.282489477108983,0.030666916874816097,17,22,hbo,True,S17_D22 hbo,mild_master_41,0.006932353430340795,
271,az_itd=5_az=0,7.0,2.6637945857036776e-17,7.197700074729051e-06,3.7894396143721486e-09,-11.780153955394557,-0.044640182061974884,17,22,hbo,True,S17_D22 hbo,mild_master_41,0.02314839276511021,
272,constant,7.0,2.6637945857036776e-17,0.6005992477895441,4.135884827110359e-09,0.5481886436245158,0.002267245093560843,17,22,hbo,False,S17_D22 hbo,mild_master_41,,
280,Linear,7.0,9.550515177643758e-17,0.23483849066376145,7.149884912820507e-13,-1.2997820816499468,-9.293292295543387e-07,18,16,hbo,False,S18_D16 hbo,mild_master_41,,
281,ShortHbO,7.0,9.550515177643758e-17,0.003544235304151617,0.0008044299430255362,4.305125103632345,3463.1715418327726,18,16,hbo,True,S18_D16 hbo,mild_master_41,,
282,az_itd=0_az=15,7.0,9.550515177643758e-17,0.0002967504438289041,7.033244886863131e-09,6.627088500232974,0.04660993630905302,18,16,hbo,True,S18_D16 hbo,mild_master_41,0.06367309552268355,
283,az_itd=0_az=5,7.0,9.550515177643758e-17,0.005022284929273134,7.0294223891494495e-09,-4.025832129306166,-0.028299274504701964,18,16,hbo,True,S18_D16 hbo,mild_master_41,-0.02067273913617305,
284,az_itd=15_az=0,7.0,9.550515177643758e-17,3.0651570481336144e-08,7.010875530910272e-09,26.1435644176834,0.183289276066713,18,16,hbo,True,S18_D16 hbo,mild_master_41,0.19206179831071812,
285,az_itd=5_az=0,7.0,9.550515177643758e-17,4.289320592492707e-06,7.175266309111891e-09,12.723155404662606,0.09129202832067046,18,16,hbo,True,S18_D16 hbo,mild_master_41,0.1277115274546708,
286,constant,7.0,9.550515177643758e-17,0.17494265084014748,7.83125688183024e-09,-1.5093860528841403,-0.011820389913987506,18,16,hbo,False,S18_D16 hbo,mild_master_41,,
294,Linear,7.0,6.52096416442014e-17,0.057529792320255,5.908014581671024e-13,-2.269383189952355,-1.3407548977637617e-06,18,21,hbo,False,S18_D21 hbo,mild_master_41,,
295,ShortHbO,7.0,6.52096416442014e-17,0.002661591651350035,0.000664707738834477,-4.541921430578166,-3019.0503240834655,18,21,hbo,True,S18_D21 hbo,mild_master_41,,
296,az_itd=0_az=15,7.0,6.52096416442014e-17,0.6842227152814815,5.811633873091085e-09,0.42409853894683697,0.0024647054344718766,18,21,hbo,False,S18_D21 hbo,mild_master_41,-0.01327879132608919,
297,az_itd=0_az=5,7.0,6.52096416442014e-17,0.00022582362118545732,5.808475308651769e-09,6.926845531445263,0.04023441123624465,18,21,hbo,True,S18_D21 hbo,mild_master_41,-0.012622680890402539,
298,az_itd=15_az=0,7.0,6.52096416442014e-17,4.484002343096156e-08,5.793149871912953e-09,24.747769208448624,0.14336753602005547,18,21,hbo,True,S18_D21 hbo,mild_master_41,0.11454732140366511,
299,az_itd=5_az=0,7.0,6.52096416442014e-17,1.2210858607452618e-05,5.928987459027944e-09,10.8836002814605,0.06452872957785231,18,21,hbo,True,S18_D21 hbo,mild_master_41,0.0737254861557684,
300,constant,7.0,6.52096416442014e-17,0.36894369594326915,6.471038403387813e-09,-0.9601899108879528,-0.006213425787901464,18,21,hbo,False,S18_D21 hbo,mild_master_41,,
308,Linear,7.0,2.239178821859682e-17,0.9724072982160243,3.462023732706967e-13,-0.03584424298265713,-1.2409361988687415e-08,18,22,hbo,False,S18_D22 hbo,mild_master_41,,
309,ShortHbO,7.0,2.239178821859682e-17,7.778037784587426e-06,0.0003895105428985014,-11.644553495661846,-4535.6763539058875,18,22,hbo,True,S18_D22 hbo,mild_master_41,,
310,az_itd=0_az=15,7.0,2.239178821859682e-17,0.004649192272840439,3.405545825304022e-09,-4.086880597049243,-0.013918059155797056,18,22,hbo,True,S18_D22 hbo,mild_master_41,-0.028648528313418426,
311,az_itd=0_az=5,7.0,2.239178821859682e-17,0.00013203129226942493,3.4036949454696834e-09,-7.5466605050034365,-0.025686530216055884,18,22,hbo,True,S18_D22 hbo,mild_master_41,-0.08290408645287853,
312,az_itd=15_az=0,7.0,2.239178821859682e-17,1.6094982538522713e-06,3.394714428416038e-09,14.703854280439488,0.049915386279134846,18,22,hbo,True,S18_D22 hbo,mild_master_41,0.021977782441704685,
313,az_itd=5_az=0,7.0,2.239178821859682e-17,0.00028349410767794503,3.4743135803620607e-09,-6.6765375936734745,-0.023196385231497585,18,22,hbo,True,S18_D22 hbo,mild_master_41,0.015234790771995153,
314,constant,7.0,2.239178821859682e-17,0.7564592242825943,3.791948753357743e-09,0.32254590199764005,0.0012230775309806,18,22,hbo,False,S18_D22 hbo,mild_master_41,,
322,Linear,7.0,2.930389859152156e-17,0.34899183516576165,3.9604848207362823e-13,-1.0036064308117034,-3.974768035223069e-07,18,23,hbo,False,S18_D23 hbo,mild_master_41,,
323,ShortHbO,7.0,2.930389859152156e-17,8.225835502022487e-05,0.00044559214834153087,-8.129446118196348,-3622.41736063383,18,23,hbo,True,S18_D23 hbo,mild_master_41,,
324,az_itd=0_az=15,7.0,2.930389859152156e-17,0.012394952650800328,3.895875241991015e-09,-3.3414539892145156,-0.013017887868832945,18,23,hbo,True,S18_D23 hbo,mild_master_41,-0.022991032246444772,
325,az_itd=0_az=5,7.0,2.930389859152156e-17,0.42473928674260897,3.893757873060336e-09,-0.8475056011597478,-0.003299981606978501,18,23,hbo,False,S18_D23 hbo,mild_master_41,-0.05443848521304204,
326,az_itd=15_az=0,7.0,2.930389859152156e-17,2.9473929228942448e-08,3.883484343986197e-09,26.291626431603046,0.10210311962506412,18,23,hbo,True,S18_D23 hbo,mild_master_41,0.08018025907554574,
327,az_itd=5_az=0,7.0,2.930389859152156e-17,0.30544273293874247,3.974544156790891e-09,-1.1056040737676498,-0.004394272211117418,18,23,hbo,False,S18_D23 hbo,mild_master_41,-0.0009001866631124849,
328,constant,7.0,2.930389859152156e-17,0.6346930582659507,4.337912342079938e-09,-0.49658703202861987,-0.0021541510151537957,18,23,hbo,False,S18_D23 hbo,mild_master_41,,
336,Linear,7.0,2.6365156863218107e-17,0.5477377592785047,3.7566508388753045e-13,0.6315573472753906,2.3725404384399582e-07,19,15,hbo,False,S19_D15 hbo,mild_master_41,,
337,ShortHbO,7.0,2.6365156863218107e-17,0.6872118819051674,0.0004226588899164787,0.4198061252548357,177.43479088034704,19,15,hbo,False,S19_D15 hbo,mild_master_41,,
338,az_itd=0_az=15,7.0,2.6365156863218107e-17,0.06265704125849088,3.695366516581736e-09,-2.2115143625803917,-0.008172356126419181,19,15,hbo,False,S19_D15 hbo,mild_master_41,-0.035259144868572484,
339,az_itd=0_az=5,7.0,2.6365156863218107e-17,1.0492669206639575e-05,3.6933581221225538e-09,-11.134271794629564,-0.04112285316661517,19,15,hbo,True,S19_D15 hbo,mild_master_41,-0.06654913390619493,
340,az_itd=15_az=0,7.0,2.6365156863218107e-17,1.2755274233918354e-07,3.6836133400159533e-09,21.276839954654566,0.07837565149034999,19,15,hbo,True,S19_D15 hbo,mild_master_41,0.04400690321786172,
341,az_itd=5_az=0,7.0,2.6365156863218107e-17,0.21152283094308494,3.76998658411211e-09,-1.3750069763937163,-0.005183757854064867,19,15,hbo,False,S19_D15 hbo,mild_master_41,-0.0321952182049681,
342,constant,7.0,2.6365156863218107e-17,0.3769832664866254,4.114653325653345e-09,-0.9432025540077302,-0.0038809515256126364,19,15,hbo,False,S19_D15 hbo,mild_master_41,,
350,Linear,7.0,2.6378662678274365e-17,0.03005894438014233,3.7576129066490914e-13,-2.713215265748659,-1.0195212701094506e-06,19,21,hbo,True,S19_D21 hbo,mild_master_41,,
351,ShortHbO,7.0,2.6378662678274365e-17,0.18939947485021547,0.000422767131676156,1.4535033191415287,614.4934291152364,19,21,hbo,False,S19_D21 hbo,mild_master_41,,
352,az_itd=0_az=15,7.0,2.6378662678274365e-17,0.006208891631333271,3.6963128896119744e-09,3.8603242043727386,0.014268966114704042,19,21,hbo,True,S19_D21 hbo,mild_master_41,0.013675516901699191,
353,az_itd=0_az=5,7.0,2.6378662678274365e-17,1.1922859550743513e-05,3.694303980808588e-09,10.922712605946055,0.04035182066137465,19,21,hbo,True,S19_D21 hbo,mild_master_41,-0.018786318081852483,
354,az_itd=15_az=0,7.0,2.6378662678274365e-17,1.553977198803704e-08,3.6845567030905425e-09,28.83081817885375,0.10622878437648024,19,21,hbo,True,S19_D21 hbo,mild_master_41,0.08470982000291448,
355,az_itd=5_az=0,7.0,2.6378662678274365e-17,0.00010668388494331533,3.770952067132957e-09,7.804819979159421,0.029431602034011822,19,21,hbo,True,S19_D21 hbo,mild_master_41,0.03335009716459441,
356,constant,7.0,2.6378662678274365e-17,0.2724199268005799,4.115707076862787e-09,-1.1911300301569299,-0.004902342294580661,19,21,hbo,False,S19_D21 hbo,mild_master_41,,
392,Linear,7.0,5.4772529834769855e-17,0.02005796578148548,5.414608392095004e-13,-2.9959061707906307,-1.6221658694292158e-06,20,12,hbo,True,S20_D12 hbo,mild_master_41,,
393,ShortHbO,7.0,5.4772529834769855e-17,0.0021657402043737547,0.0006091948574652421,-4.71675086673728,-2873.420371961075,20,12,hbo,True,S20_D12 hbo,mild_master_41,,
394,az_itd=0_az=15,7.0,5.4772529834769855e-17,5.3110720521174866e-06,5.326276891503919e-09,12.325787012218132,0.06565055453277657,20,12,hbo,True,S20_D12 hbo,mild_master_41,0.022703914042185108,
395,az_itd=0_az=5,7.0,5.4772529834769855e-17,2.727257610084429e-05,5.32338211369258e-09,9.637675563741439,0.05130502971359323,20,12,hbo,True,S20_D12 hbo,mild_master_41,-0.021938844354943633,
396,az_itd=15_az=0,7.0,5.4772529834769855e-17,1.7699650346857048e-08,5.309336576527531e-09,28.29574512916232,0.15023163457436223,20,12,hbo,True,S20_D12 hbo,mild_master_41,0.05846355020387137,
397,az_itd=5_az=0,7.0,5.4772529834769855e-17,2.390905505882183e-05,5.433829725450453e-09,9.832664924125785,0.05342902694510871,20,12,hbo,True,S20_D12 hbo,mild_master_41,0.03370786864007251,
398,constant,7.0,5.4772529834769855e-17,0.159341818378011,5.930611436412959e-09,-1.5746355244156094,-0.009338551449281331,20,12,hbo,False,S20_D12 hbo,mild_master_41,,
406,Linear,7.0,4.4989334889797674e-17,0.017432968032714883,4.90727547350327e-13,-3.0954585388022746,-1.5190267766710673e-06,20,13,hbo,True,S20_D13 hbo,mild_master_41,,
407,ShortHbO,7.0,4.4989334889797674e-17,0.3407876329295588,0.0005521150868432093,-1.0220189188654663,-564.2720641448097,20,13,hbo,False,S20_D13 hbo,mild_master_41,,
408,az_itd=0_az=15,7.0,4.4989334889797674e-17,0.02569201779600339,4.8272203753319595e-09,2.8222004919825823,0.0136233837181702,20,13,hbo,True,S20_D13 hbo,mild_master_41,-0.002940981516768464,
409,az_itd=0_az=5,7.0,4.4989334889797674e-17,5.147118307131259e-07,4.824596829707576e-09,17.373592841131654,0.08382058094195402,20,13,hbo,True,S20_D13 hbo,mild_master_41,0.08432963594830466,
410,az_itd=15_az=0,7.0,4.4989334889797674e-17,3.065628631710817e-08,4.811867318161949e-09,26.142984633043092,0.12579657335495012,20,13,hbo,True,S20_D13 hbo,mild_master_41,0.09907611193510332,
411,az_itd=5_az=0,7.0,4.4989334889797674e-17,3.6062181619577845e-05,4.9246958243232725e-09,9.23499252994943,0.04547952914989858,20,13,hbo,True,S20_D13 hbo,mild_master_41,0.06341459338146122,
412,constant,7.0,4.4989334889797674e-17,0.24950772592676893,5.37493054664417e-09,-1.2557183899534867,-0.006749399132143831,20,13,hbo,False,S20_D13 hbo,mild_master_41,,
420,Linear,7.0,5.792471620771815e-17,0.014071689847410576,5.56823568321755e-13,-3.2492591143928427,-1.809264054478208e-06,20,20,hbo,True,S20_D20 hbo,mild_master_41,,
421,ShortHbO,7.0,5.792471620771815e-17,0.733820502560061,0.0006264793864544125,0.3539183799767218,221.7225695427563,20,20,hbo,False,S20_D20 hbo,mild_master_41,,
422,az_itd=0_az=15,7.0,5.792471620771815e-17,0.0016445236797551447,5.477397975681489e-09,4.956272016350337,0.02714747430928415,20,20,hbo,True,S20_D20 hbo,mild_master_41,-0.020682408032728694,
423,az_itd=0_az=5,7.0,5.792471620771815e-17,7.59107494351069e-05,5.474421065083925e-09,8.231942170235966,0.045065117623292454,20,20,hbo,True,S20_D20 hbo,mild_master_41,0.013696859318971622,
424,az_itd=15_az=0,7.0,5.792471620771815e-17,2.0086987272655613e-08,5.459977017505791e-09,27.784912741297788,0.15170498500088975,20,20,hbo,True,S20_D20 hbo,mild_master_41,0.07111508557692148,
425,az_itd=5_az=0,7.0,5.792471620771815e-17,0.00011840223600734767,5.588002378520038e-09,7.677724949636954,0.04290314528019394,20,20,hbo,True,S20_D20 hbo,mild_master_41,0.04115123822454558,
426,constant,7.0,5.792471620771815e-17,0.4172819375579734,6.098879149181748e-09,-0.8619117480470897,-0.005256695588599187,20,20,hbo,False,S20_D20 hbo,mild_master_41,,
434,Linear,7.0,2.4208403596958273e-17,0.8573014493388035,3.5997200526224873e-13,-0.18655443083780063,-6.715437255924059e-08,21,11,hbo,False,S21_D11 hbo,mild_master_41,,
435,ShortHbO,7.0,2.4208403596958273e-17,0.022106707707684456,0.00040500268635746127,2.927374871628239,1185.594686984765,21,11,hbo,True,S21_D11 hbo,mild_master_41,,
436,az_itd=0_az=15,7.0,2.4208403596958273e-17,0.00012798881415703725,3.540995829016552e-09,-7.583881795046342,-0.026854493804013658,21,11,hbo,True,S21_D11 hbo,mild_master_41,-0.030625245571990978,
437,az_itd=0_az=5,7.0,2.4208403596958273e-17,0.0008415811038507654,3.5390713334702855e-09,5.570495873808922,0.019714382260211667,21,11,hbo,True,S21_D11 hbo,mild_master_41,0.020655571098439483,
438,az_itd=15_az=0,7.0,2.4208403596958273e-17,5.458839425083833e-06,3.5297336310693702e-09,12.27558914467855,0.043329559845161965,21,11,hbo,True,S21_D11 hbo,mild_master_41,0.03727449672795383,
439,az_itd=5_az=0,7.0,2.4208403596958273e-17,9.96964696061423e-06,3.612498708825726e-09,-11.219960913037985,-0.04053209431142483,21,11,hbo,True,S21_D11 hbo,mild_master_41,0.026272373697075555,
440,constant,7.0,2.4208403596958273e-17,0.7133921582735705,3.94276730024198e-09,0.3825664920601789,0.0015083706550631563,21,11,hbo,False,S21_D11 hbo,mild_master_41,,
448,Linear,7.0,3.228325922813361e-17,0.05998892213302543,4.156945574372746e-13,2.2410044483967564,9.315733523912535e-07,21,19,hbo,False,S21_D19 hbo,mild_master_41,,
449,ShortHbO,7.0,3.228325922813361e-17,0.4857490660262156,0.00046769584858027935,-0.7358384843228165,-344.14860434338624,21,19,hbo,False,S21_D19 hbo,mild_master_41,,
450,az_itd=0_az=15,7.0,3.228325922813361e-17,3.6452258989367085e-07,4.0891310227246745e-09,-18.268978997718,-0.0747042487730742,21,19,hbo,True,S21_D19 hbo,mild_master_41,-0.053029515597691874,
451,az_itd=0_az=5,7.0,3.228325922813361e-17,0.0013042984264671372,4.0869086212248344e-09,-5.1635757954191055,-0.02110306243464622,21,19,hbo,True,S21_D19 hbo,mild_master_41,-0.015285589247781802,
452,az_itd=15_az=0,7.0,3.228325922813361e-17,0.0001612540031329085,4.07612547139572e-09,-7.31082728200937,-0.029799849301173135,21,19,hbo,True,S21_D19 hbo,mild_master_41,0.022500026411047102,
453,az_itd=5_az=0,7.0,3.228325922813361e-17,2.789089682606532e-07,4.171702327001825e-09,-18.99417675593642,-0.07923805137222392,21,19,hbo,True,S21_D19 hbo,mild_master_41,0.026493377323767074,
454,constant,7.0,3.228325922813361e-17,0.09708778123674318,4.553095474072225e-09,1.9146731529269707,0.008717689666919387,21,19,hbo,False,S21_D19 hbo,mild_master_41,,
462,Linear,7.0,3.787930278982192e-15,0.9592029692447084,4.5028412930981715e-12,-0.05301269420041851,-2.387077485040304e-07,22,10,hbo,False,S22_D10 hbo,mild_master_41,,
463,ShortHbO,7.0,3.787930278982192e-15,0.006149318904988072,0.005066124013220082,-3.8677783402981305,-19594.64472759687,22,10,hbo,True,S22_D10 hbo,mild_master_41,,
464,az_itd=0_az=15,7.0,3.787930278982192e-15,2.5997596853595534e-05,4.4293839533349606e-08,-9.708205133063487,-0.43001368032075504,22,10,hbo,True,S22_D10 hbo,mild_master_41,-0.03907076510513135,
465,az_itd=0_az=5,7.0,3.787930278982192e-15,0.00042374981151373117,4.4269766277964645e-08,6.250980321732062,0.2767294378512346,22,10,hbo,True,S22_D10 hbo,mild_master_41,0.5688390885113163,
466,az_itd=15_az=0,7.0,3.787930278982192e-15,0.004976968939446692,4.4152962217263117e-08,-4.032977578441191,-0.17806790664398317,22,10,hbo,True,S22_D10 hbo,mild_master_41,-0.2412562783675948,
467,az_itd=5_az=0,7.0,3.787930278982192e-15,4.512672543830453e-05,4.518825941898939e-08,-8.922408827329706,-0.4031881247316556,22,10,hbo,True,S22_D10 hbo,mild_master_41,-0.20941467138523576,
468,constant,7.0,3.787930278982192e-15,0.16567988351076113,4.9319544712019463e-08,1.5474477347246982,0.07631941774226798,22,10,hbo,False,S22_D10 hbo,mild_master_41,,
476,Linear,7.0,3.75008416316301e-17,0.41587889157324553,4.4802903424850777e-13,0.8646428625990499,3.8738510670011753e-07,22,11,hbo,False,S22_D11 hbo,mild_master_41,,
477,ShortHbO,7.0,3.75008416316301e-17,1.980632744762833e-05,0.000504075205249896,10.117588818442186,5100.025660290297,22,11,hbo,True,S22_D11 hbo,mild_master_41,,
478,az_itd=0_az=15,7.0,3.75008416316301e-17,9.589057371817094e-06,4.407200888848279e-09,-11.285589697555098,-0.04973786094624181,22,11,hbo,True,S22_D11 hbo,mild_master_41,-0.08876580525984272,
479,az_itd=0_az=5,7.0,3.75008416316301e-17,0.012002128918144674,4.404805619581767e-09,3.3649932254550734,0.014822141069339084,22,11,hbo,True,S22_D11 hbo,mild_master_41,0.06435111205633232,
480,az_itd=15_az=0,7.0,3.75008416316301e-17,5.542972678203771e-07,4.393183710856575e-09,17.186882503685176,0.07550513225559559,22,11,hbo,True,S22_D11 hbo,mild_master_41,0.023518129982260813,
481,az_itd=5_az=0,7.0,3.75008416316301e-17,0.0010051839927401685,4.496194937603689e-09,-5.403057032511485,-0.024293197677162145,22,11,hbo,True,S22_D11 hbo,mild_master_41,0.0362524324185614,
482,constant,7.0,3.75008416316301e-17,0.5007810709498339,4.907254453043061e-09,-0.7098015867466909,-0.003483176997339729,22,11,hbo,False,S22_D11 hbo,mild_master_41,,
490,Linear,7.0,1.9197994702618738e-17,0.022184356708237467,3.2056314149180485e-13,-2.9249113350798805,-9.376187661581956e-07,22,12,hbo,True,S22_D12 hbo,mild_master_41,,
491,ShortHbO,7.0,1.9197994702618738e-17,0.00010024604309520009,0.0003606639726241607,7.881542517206477,2842.5884346619155,22,12,hbo,True,S22_D12 hbo,mild_master_41,,
492,az_itd=0_az=15,7.0,1.9197994702618738e-17,0.01037465378164859,3.1533361771617913e-09,3.4722243716808547,0.01094909072644411,22,12,hbo,True,S22_D12 hbo,mild_master_41,-0.02691191829810281,
493,az_itd=0_az=5,7.0,1.9197994702618738e-17,6.932653787274142e-06,3.151622370729403e-09,11.84628112878252,0.03733500461542055,22,12,hbo,True,S22_D12 hbo,mild_master_41,0.01697142857223607,
494,az_itd=15_az=0,7.0,1.9197994702618738e-17,9.23762308757072e-09,3.143306937384045e-09,31.07065138641577,0.09766459405196189,22,12,hbo,True,S22_D12 hbo,mild_master_41,0.032603603658402994,
495,az_itd=5_az=0,7.0,1.9197994702618738e-17,0.001299252535437195,3.2170110947727903e-09,5.167088052661433,0.01662257959307976,22,12,hbo,True,S22_D12 hbo,mild_master_41,0.039848929786398465,
496,constant,7.0,1.9197994702618738e-17,0.2514462129309184,3.5111226802649374e-09,-1.2500630488502322,-0.004389124722579187,22,12,hbo,False,S22_D12 hbo,mild_master_41,,
504,Linear,7.0,6.721800554533959e-17,0.8134200502430238,5.998303867123193e-13,0.2450854468345754,1.4700969835234493e-07,22,19,hbo,False,S22_D19 hbo,mild_master_41,,
505,ShortHbO,7.0,6.721800554533959e-17,0.015662526632585345,0.0006748661407720896,3.17207440546378,2140.7256122572617,22,19,hbo,True,S22_D19 hbo,mild_master_41,,
506,az_itd=0_az=15,7.0,6.721800554533959e-17,3.1862799882254456e-06,5.90045021950616e-09,-13.29579790881011,-0.07845119368954816,22,19,hbo,True,S22_D19 hbo,mild_master_41,-0.029642612213811634,
507,az_itd=0_az=5,7.0,6.721800554533959e-17,0.00023346146991243526,5.897243384277675e-09,6.8897937534634695,0.0406307906316501,22,19,hbo,True,S22_D19 hbo,mild_master_41,0.09574405226369373,
508,az_itd=15_az=0,7.0,6.721800554533959e-17,0.029794125022783478,5.881683736415433e-09,-2.719337187260762,-0.015994281308141314,22,19,hbo,True,S22_D19 hbo,mild_master_41,0.06933886570835701,
509,az_itd=5_az=0,7.0,6.721800554533959e-17,1.8700154101633818e-05,6.019597262665072e-09,-10.206012917172654,-0.061436087418936865,22,19,hbo,True,S22_D19 hbo,mild_master_41,0.09141634182565443,
510,constant,7.0,6.721800554533959e-17,0.20921057262535062,6.5699321054088e-09,1.382859447086438,0.00908529267868105,22,19,hbo,False,S22_D19 hbo,mild_master_41,,
518,Linear,7.0,3.8410413014302564e-15,0.6944315382748181,4.534298846944432e-12,0.4094740343312876,1.856677641722042e-06,23,9,hbo,False,S23_D9 hbo,mild_master_41,,
519,ShortHbO,7.0,3.8410413014302564e-15,0.0005246528969304343,0.0051015167482876,6.033162821499782,30778.281179027206,23,9,hbo,True,S23_D9 hbo,mild_master_41,,
520,az_itd=0_az=15,7.0,3.8410413014302564e-15,8.434895596058387e-05,4.460328322711551e-08,-8.097632611483812,-0.3611810008391395,23,9,hbo,True,S23_D9 hbo,mild_master_41,0.47814824530345507,
521,az_itd=0_az=5,7.0,3.8410413014302564e-15,0.6792438448682807,4.457904179220162e-08,0.43126757442320507,0.01922549522383348,23,9,hbo,False,S23_D9 hbo,mild_master_41,0.3292118364141909,
522,az_itd=15_az=0,7.0,3.8410413014302564e-15,0.149813390185025,4.446142172005536e-08,-1.6174543496629303,-0.07191431995330141,23,9,hbo,False,S23_D9 hbo,mild_master_41,0.24556709336022375,
523,az_itd=5_az=0,7.0,3.8410413014302564e-15,0.0005814409556701415,4.550395167002885e-08,-5.93032909290785,-0.26985340843104483,23,9,hbo,True,S23_D9 hbo,mild_master_41,0.07893750883690935,
524,constant,7.0,3.8410413014302564e-15,0.6624831221779244,4.966409876855027e-08,0.4555864925027511,0.022626292561274016,23,9,hbo,False,S23_D9 hbo,mild_master_41,,
532,Linear,7.0,1.3279903078188443e-16,0.043152860444254905,8.431077946664466e-13,-2.4649225274631275,-2.078195396153081e-06,24,10,hbo,True,S24_D10 hbo,mild_master_41,,
533,ShortHbO,7.0,1.3279903078188443e-16,0.000197541309457451,0.0009485763246507539,-7.077462869437015,-6713.513716542743,24,10,hbo,True,S24_D10 hbo,mild_master_41,,
534,az_itd=0_az=15,7.0,1.3279903078188443e-16,9.854077086090918e-05,8.29353711033796e-09,7.9027996176475375,0.0655421619045245,24,10,hbo,True,S24_D10 hbo,mild_master_41,0.1990567063735467,
535,az_itd=0_az=5,7.0,1.3279903078188443e-16,2.445579461575982e-06,8.289029656502276e-09,13.825563573008658,0.11460050647452634,24,10,hbo,True,S24_D10 hbo,mild_master_41,0.1995042263623144,
536,az_itd=15_az=0,7.0,1.3279903078188443e-16,0.0007284147547402229,8.267159373359697e-09,5.70917165113238,0.047198631929778516,24,10,hbo,True,S24_D10 hbo,mild_master_41,0.1923996047629388,
537,az_itd=5_az=0,7.0,1.3279903078188443e-16,0.0021644920252605285,8.461007453661724e-09,-4.717245076468409,-0.03991264575274828,24,10,hbo,True,S24_D10 hbo,mild_master_41,0.1141655298522876,
538,constant,7.0,1.3279903078188443e-16,0.7284265738784081,9.234545450189237e-09,0.36145000263109794,0.0033378264772678935,24,10,hbo,False,S24_D10 hbo,mild_master_41,,
371,Linear,7.0,4.671666609964972e-17,0.5457040619988678,5.000593739092652e-13,-0.6348577236012146,-3.1746655578548467e-07,1,7,hbr,False,S1_D7 hbr,mild_master_41,,
372,ShortHbO,7.0,4.671666609964972e-17,0.002467350556048374,0.0005626142778073469,-4.605746260117071,-2591.258605899655,1,7,hbr,True,S1_D7 hbr,mild_master_41,,
373,az_itd=0_az=15,7.0,4.671666609964972e-17,0.0002564537185464439,4.919016288456461e-09,6.785989024832893,0.03338039054643978,1,7,hbr,True,S1_D7 hbr,mild_master_41,,0.09156576183618088
374,az_itd=0_az=5,7.0,4.671666609964972e-17,0.0007906030896252504,4.916342852678431e-09,5.630214193536921,0.027680063309443895,1,7,hbr,True,S1_D7 hbr,mild_master_41,,0.06161449349201637
375,az_itd=15_az=0,7.0,4.671666609964972e-17,0.18763105264091956,4.90337127281085e-09,1.4601274867838543,0.007159547173337456,1,7,hbr,False,S1_D7 hbr,mild_master_41,,-0.021442440190379365
376,az_itd=5_az=0,7.0,4.671666609964972e-17,0.9244851314327738,5.018345360682608e-09,0.09825373341271702,0.0004930711672414543,1,7,hbr,False,S1_D7 hbr,mild_master_41,,-0.011554564822661385
377,constant,7.0,4.671666609964972e-17,0.5426111765640289,5.4771418854989975e-09,-0.6398913783293744,-0.003504775870417502,1,7,hbr,False,S1_D7 hbr,mild_master_41,,
385,Linear,7.0,3.419358693152024e-18,0.6242024751793878,1.3528759681193985e-13,0.512303361879206,6.930829066731534e-08,1,8,hbr,False,S1_D8 hbr,mild_master_41,,
386,ShortHbO,7.0,3.419358693152024e-18,0.014659172271524946,0.00015221139238248127,-3.2197162526753353,-490.0774938962177,1,8,hbr,True,S1_D8 hbr,mild_master_41,,
387,az_itd=0_az=15,7.0,3.419358693152024e-18,0.00014571953485484552,1.3308057544079015e-09,-7.429557925370924,-0.009887298439790457,1,8,hbr,True,S1_D8 hbr,mild_master_41,,0.01729545150431696
388,az_itd=0_az=5,7.0,3.419358693152024e-18,4.742993849630009e-05,1.3300824748924847e-09,8.854262659973202,0.011776899592125271,1,8,hbr,True,S1_D8 hbr,mild_master_41,,0.007697424360204824
389,az_itd=15_az=0,7.0,3.419358693152024e-18,4.982500749264932e-05,1.3265731038883573e-09,-8.787261058819073,-0.01165694417747491,1,8,hbr,True,S1_D8 hbr,mild_master_41,,-0.01758438785335945
390,az_itd=5_az=0,7.0,3.419358693152024e-18,1.0571653772570098e-06,1.3576785462725597e-09,-15.639163805574547,-0.02123295718047088,1,8,hbr,True,S1_D8 hbr,mild_master_41,,-0.011062398200692037
391,constant,7.0,3.419358693152024e-18,0.31234018769753075,1.4818027653284778e-09,1.088705014474733,0.0016132461010756396,1,8,hbr,False,S1_D8 hbr,mild_master_41,,
553,Linear,7.0,1.393793571557276e-17,0.033211009517239785,2.7313973285708236e-13,-2.644391448438242,-7.222883737959746e-07,4,2,hbr,True,S4_D2 hbr,mild_master_41,,
554,ShortHbO,7.0,1.393793571557276e-17,0.00011519707562398269,0.00030730813491312056,-7.711027625692999,-2369.661517915264,4,2,hbr,True,S4_D2 hbr,mild_master_41,,
555,az_itd=0_az=15,7.0,1.393793571557276e-17,5.887170207664115e-07,2.686838533682651e-09,17.036491367365397,0.04577430148458919,4,2,hbr,True,S4_D2 hbr,mild_master_41,,0.030435104164859082
556,az_itd=0_az=5,7.0,1.393793571557276e-17,0.0012210614427345607,2.685378264018045e-09,5.223537495809988,0.01402717405253139,4,2,hbr,True,S4_D2 hbr,mild_master_41,,0.01789131375232116
557,az_itd=15_az=0,7.0,1.393793571557276e-17,4.71791354200439e-07,2.6782929976584378e-09,17.595491117926702,0.04712588065150432,4,2,hbr,True,S4_D2 hbr,mild_master_41,,0.08083264925908587
558,az_itd=5_az=0,7.0,1.393793571557276e-17,2.935069427992351e-06,2.7410935235265456e-09,13.458170836592739,0.03689010491869819,4,2,hbr,True,S4_D2 hbr,mild_master_41,,0.041925536505830946
559,constant,7.0,1.393793571557276e-17,0.11023631496141766,2.99169488560969e-09,-1.8281970496274853,-0.005469407763257272,4,2,hbr,False,S4_D2 hbr,mild_master_41,,
567,Linear,7.0,9.976494946911386e-19,0.0012168259058054044,7.307597948554842e-14,-5.226709314700056,-3.819469026579461e-07,4,3,hbr,True,S4_D3 hbr,mild_master_41,,
568,ShortHbO,7.0,9.976494946911386e-19,1.7813231550278268e-06,8.221741570789214e-05,14.486208159136403,1191.0185982507767,4,3,hbr,True,S4_D3 hbr,mild_master_41,,
569,az_itd=0_az=15,7.0,9.976494946911386e-19,5.2508945471316776e-08,7.188385062641513e-10,24.190174115407853,0.017388828627389517,4,3,hbr,True,S4_D3 hbr,mild_master_41,,0.014330078218424639
570,az_itd=0_az=5,7.0,9.976494946911386e-19,1.1989126585609063e-06,7.184478247805828e-10,15.353429038928144,0.011030637695940959,4,3,hbr,True,S4_D3 hbr,mild_master_41,,0.0019747373504548395
571,az_itd=15_az=0,7.0,9.976494946911386e-19,7.225272753319845e-07,7.165522280699598e-10,16.534583606640012,0.011847892723546933,4,3,hbr,True,S4_D3 hbr,mild_master_41,,0.014261328232631714
572,az_itd=5_az=0,7.0,9.976494946911386e-19,1.0144374083904957e-07,7.333539210789399e-10,21.994042305104568,0.016129417164824522,4,3,hbr,True,S4_D3 hbr,mild_master_41,,0.01564237140195953
573,constant,7.0,9.976494946911386e-19,0.3183870977633471,8.003999703778913e-10,-1.074135864637078,-0.0008597383142373479,4,3,hbr,False,S4_D3 hbr,mild_master_41,,
581,Linear,7.0,3.914246046518913e-18,0.2713436632740072,1.4474704704734803e-13,-1.1940593339232939,-1.7283656258472008e-07,4,4,hbr,False,S4_D4 hbr,mild_master_41,,
582,ShortHbO,7.0,3.914246046518913e-18,0.0005619427901087088,0.000162854172100904,5.964319206028637,971.314266443315,4,4,hbr,True,S4_D4 hbr,mild_master_41,,
583,az_itd=0_az=15,7.0,3.914246046518913e-18,0.9580055334589443,1.423857084341093e-09,-0.054570413267963885,-7.770046952701154e-05,4,4,hbr,False,S4_D4 hbr,mild_master_41,,0.00972591667875766
584,az_itd=0_az=5,7.0,3.914246046518913e-18,4.538510665125679e-07,1.4230832323656457e-09,17.695164067006214,0.025181691277715627,4,4,hbr,True,S4_D4 hbr,mild_master_41,,0.016107326355623296
585,az_itd=15_az=0,7.0,3.914246046518913e-18,0.872853892582357,1.4193284824712622e-09,0.16599457541549675,0.0002356008288229385,4,4,hbr,False,S4_D4 hbr,mild_master_41,,0.012447599131469268
586,az_itd=5_az=0,7.0,3.914246046518913e-18,3.213554322894528e-07,1.4526088499130274e-09,18.607026800027743,0.027028731800289175,4,4,hbr,True,S4_D4 hbr,mild_master_41,,0.013363429298598082
587,constant,7.0,3.914246046518913e-18,0.13506015721714937,1.585411964158432e-09,-1.6890534167888183,-0.0026778454950796707,4,4,hbr,False,S4_D4 hbr,mild_master_41,,
595,Linear,7.0,2.8359435445735378e-18,0.08122297822610719,1.2320673313421827e-13,-2.035730929123341,-2.508157573175737e-07,5,1,hbr,False,S5_D1 hbr,mild_master_41,,
596,ShortHbO,7.0,2.8359435445735378e-18,2.4752115660019993e-06,0.0001386192736302716,13.801024795977133,1913.0880325717178,5,1,hbr,True,S5_D1 hbr,mild_master_41,,
597,az_itd=0_az=15,7.0,2.8359435445735378e-18,0.13130025246297522,1.2119679357209604e-09,-1.7084775211527419,-0.002070619974537152,5,1,hbr,False,S5_D1 hbr,mild_master_41,,0.01164214158700159
598,az_itd=0_az=5,7.0,2.8359435445735378e-18,2.1696343728470834e-05,1.2113092433623307e-09,9.97874729798081,0.012087348839221036,5,1,hbr,True,S5_D1 hbr,mild_master_41,,0.02051704552221052
599,az_itd=15_az=0,7.0,2.8359435445735378e-18,0.000593116696961666,1.2081132509213124e-09,5.9105803670144805,0.007140650462025548,5,1,hbr,True,S5_D1 hbr,mild_master_41,,0.026841416240039565
600,az_itd=5_az=0,7.0,2.8359435445735378e-18,0.6047803164173835,1.236441050580431e-09,0.5417766457223762,0.0006698748850169167,5,1,hbr,False,S5_D1 hbr,mild_master_41,,0.03381244378981714
601,constant,7.0,2.8359435445735378e-18,0.6029389987925412,1.349481269292972e-09,0.5445974254105789,0.0007349240248967527,5,1,hbr,False,S5_D1 hbr,mild_master_41,,
609,Linear,7.0,4.4828478298376354e-18,0.011465346436995186,1.549040063469848e-13,-3.398534275270248,-5.264465749469079e-07,5,3,hbr,True,S5_D3 hbr,mild_master_41,,
610,ShortHbO,7.0,4.4828478298376354e-18,6.602485629843889e-06,0.00017428171574719237,11.932793827398784,2079.6677818965663,5,3,hbr,True,S5_D3 hbr,mild_master_41,,
611,az_itd=0_az=15,7.0,4.4828478298376354e-18,0.036924042496586186,1.5237697164061968e-09,2.5715555595159194,0.003918458485646352,5,3,hbr,True,S5_D3 hbr,mild_master_41,,-0.007666331788614558
612,az_itd=0_az=5,7.0,4.4828478298376354e-18,6.121382991564422e-07,1.5229415629221599e-09,16.939776006737123,0.025798288947251544,5,3,hbr,True,S5_D3 hbr,mild_master_41,,0.010622462401274107
613,az_itd=15_az=0,7.0,4.4828478298376354e-18,5.098190368153823e-06,1.518923340697007e-09,12.40096755519067,0.018836119066805407,5,3,hbr,True,S5_D3 hbr,mild_master_41,,0.04948629486586402
614,az_itd=5_az=0,7.0,4.4828478298376354e-18,0.00019813495276726665,1.5545390050894061e-09,7.0740574276963075,0.010996898195596341,5,3,hbr,True,S5_D3 hbr,mild_master_41,,0.00817332170961193
615,constant,7.0,4.4828478298376354e-18,0.9832322950122596,1.6966609680006102e-09,0.02177869120617749,3.695105530365948e-05,5,3,hbr,False,S5_D3 hbr,mild_master_41,,
623,Linear,7.0,1.0843178891480008e-18,0.6961803040662113,7.618403365393517e-14,0.40697873305009613,3.100528149512442e-08,6,1,hbr,False,S6_D1 hbr,mild_master_41,,
624,ShortHbO,7.0,1.0843178891480008e-18,0.0035503479708204385,8.57142717665295e-05,4.30372090523382,368.89030327850594,6,1,hbr,True,S6_D1 hbr,mild_master_41,,
625,az_itd=0_az=15,7.0,1.0843178891480008e-18,5.877196807420967e-05,7.494120138862151e-10,-8.565788378119311,-0.00641930471896953,6,1,hbr,True,S6_D1 hbr,mild_master_41,,0.0035783228519093834
626,az_itd=0_az=5,7.0,1.0843178891480008e-18,0.011668975004669095,7.490047160093794e-10,-3.385615391233804,-0.002535841894628059,6,1,hbr,True,S6_D1 hbr,mild_master_41,,-0.0016643987771497433
627,az_itd=15_az=0,7.0,1.0843178891480008e-18,0.00027851064066507366,7.470284961268262e-10,-6.695802916601728,-0.0050019555831506066,6,1,hbr,True,S6_D1 hbr,mild_master_41,,0.008416877878555216
628,az_itd=5_az=0,7.0,1.0843178891480008e-18,0.5198118479637073,7.645447956639726e-10,-0.6775557816621894,-0.0005180217466418619,6,1,hbr,False,S6_D1 hbr,mild_master_41,,0.027422172602671
629,constant,7.0,1.0843178891480008e-18,0.34435714129320394,8.344424352455925e-10,1.0139658534892613,0.0008460961360414549,6,1,hbr,False,S6_D1 hbr,mild_master_41,,
637,Linear,7.0,2.1409755364431163e-18,0.017500998177980488,1.0705119119574975e-13,-3.09268227433865,-3.3107532145793295e-07,6,2,hbr,True,S6_D2 hbr,mild_master_41,,
638,ShortHbO,7.0,2.1409755364431163e-18,0.0128882598424841,0.00012044275493162002,3.3130036793277817,399.02729023683145,6,2,hbr,True,S6_D2 hbr,mild_master_41,,
639,az_itd=0_az=15,7.0,2.1409755364431163e-18,3.0660454397679884e-06,1.0530480592212798e-09,13.371622601482812,0.014080961229130877,6,2,hbr,True,S6_D2 hbr,mild_master_41,,0.018193568537096638
640,az_itd=0_az=5,7.0,2.1409755364431163e-18,2.5598950515025075e-05,1.052475738213904e-09,9.731065405792103,0.010241710246568827,6,2,hbr,True,S6_D2 hbr,mild_master_41,,0.004940845332496927
641,az_itd=15_az=0,7.0,2.1409755364431163e-18,2.3726663035491348e-05,1.0496988218136379e-09,9.844115273290832,0.010333356204171026,6,2,hbr,True,S6_D2 hbr,mild_master_41,,0.019703021037513542
642,az_itd=5_az=0,7.0,2.1409755364431163e-18,1.2448741180372714e-06,1.0743121251641913e-09,15.268965719499041,0.0164036350111742,6,2,hbr,True,S6_D2 hbr,mild_master_41,,0.04389374803476981
643,constant,7.0,2.1409755364431163e-18,0.5160521447612534,1.1725298910148853e-09,-0.683865643104574,-0.0008018529079782306,6,2,hbr,False,S6_D2 hbr,mild_master_41,,
651,Linear,7.0,7.976414807034547e-17,0.034844364062855786,6.534156276995884e-13,-2.611359270594018,-1.7063029569443295e-06,8,18,hbr,True,S8_D18 hbr,mild_master_41,,
652,ShortHbO,7.0,7.976414807034547e-17,0.18154986555438288,0.0007351546249644794,1.4833454701607691,1090.4882828087996,8,18,hbr,False,S8_D18 hbr,mild_master_41,,
653,az_itd=0_az=15,7.0,7.976414807034547e-17,0.002840032041624855,6.427560972728574e-09,-4.487663163875252,-0.0288447286108762,8,18,hbr,True,S8_D18 hbr,mild_master_41,,-0.10061917686532183
654,az_itd=0_az=5,7.0,7.976414807034547e-17,0.47091082897730796,6.424067658118032e-09,-0.7620694209595473,-0.004895585520426964,8,18,hbr,False,S8_D18 hbr,mild_master_41,,-0.025678917710595592
655,az_itd=15_az=0,7.0,7.976414807034547e-17,0.8934603209394677,6.4071180048495195e-09,-0.13887435248969487,-0.0008897843642485427,8,18,hbr,False,S8_D18 hbr,mild_master_41,,-0.03596629793330657
656,az_itd=5_az=0,7.0,7.976414807034547e-17,1.7130433691933003e-05,6.5573518964944426e-09,10.342235413274267,0.067817677001226,8,18,hbr,True,S8_D18 hbr,mild_master_41,,0.13695341849073586
657,constant,7.0,7.976414807034547e-17,0.05722241680940226,7.15685034585995e-09,2.2730164281656435,0.016267638410062634,8,18,hbr,False,S8_D18 hbr,mild_master_41,,
693,Linear,7.0,6.650910002597834e-18,0.1499281322983939,1.88680138920009e-13,1.6169238305295552,3.0508141296738957e-07,9,5,hbr,False,S9_D5 hbr,mild_master_41,,
694,ShortHbO,7.0,6.650910002597834e-18,2.700614737919488e-05,0.000212283072038426,9.652100697993554,2048.977587794307,9,5,hbr,True,S9_D5 hbr,mild_master_41,,
695,az_itd=0_az=15,7.0,6.650910002597834e-18,5.769473861753113e-06,1.8560209548719663e-09,-12.174924918588633,-0.022596915772893373,9,5,hbr,True,S9_D5 hbr,mild_master_41,,-0.010509326321711554
696,az_itd=0_az=5,7.0,6.650910002597834e-18,0.03183573600346591,1.8550122261883122e-09,2.6735435857434204,0.004959456038801386,9,5,hbr,True,S9_D5 hbr,mild_master_41,,0.0018316113998452955
697,az_itd=15_az=0,7.0,6.650910002597834e-18,1.8586161443182436e-07,1.8501178484021428e-09,-20.14704237630034,-0.037274402692907584,9,5,hbr,True,S9_D5 hbr,mild_master_41,,-0.03796251714457408
698,az_itd=5_az=0,7.0,6.650910002597834e-18,0.002449370807139052,1.8934993506870714e-09,-4.611932889883263,-0.008732691932406307,9,5,hbr,True,S9_D5 hbr,mild_master_41,,0.006730436498379142
699,constant,7.0,6.650910002597834e-18,0.3260266141441008,2.066610378206937e-09,1.056043478690559,0.002182430412899666,9,5,hbr,False,S9_D5 hbr,mild_master_41,,
665,Linear,7.0,1.1842866598342185e-17,0.2140643434276939,2.517758497427987e-13,-1.366463056446732,-3.440423971790179e-07,9,15,hbr,False,S9_D15 hbr,mild_master_41,,
666,ShortHbO,7.0,1.1842866598342185e-17,0.00010133292337986532,0.00028327173784383137,-7.8682059111030975,-2228.8403621512807,9,15,hbr,True,S9_D15 hbr,mild_master_41,,
667,az_itd=0_az=15,7.0,1.1842866598342185e-17,0.04023800579405449,2.476684910919228e-09,2.512695184050317,0.006223154248076833,9,15,hbr,True,S9_D15 hbr,mild_master_41,,0.006623417262547438
668,az_itd=0_az=5,7.0,1.1842866598342185e-17,2.802055008491974e-06,2.475338857630627e-09,13.550685348329074,0.03354253799024496,9,15,hbr,True,S9_D15 hbr,mild_master_41,,0.0227164522784729
669,az_itd=15_az=0,7.0,1.1842866598342185e-17,2.9533746131591936e-05,2.468807772095453e-09,9.521332336421581,0.02350633927286136,9,15,hbr,True,S9_D15 hbr,mild_master_41,,0.04822795657558676
670,az_itd=5_az=0,7.0,1.1842866598342185e-17,1.7945026584441404e-07,2.5266962953042347e-09,20.24987785824387,0.05116529136478804,9,15,hbr,True,S9_D15 hbr,mild_master_41,,0.09596300529968299
671,constant,7.0,1.1842866598342185e-17,0.13433362409426736,2.757696634307277e-09,-1.6927665829251428,-0.004668136708400496,9,15,hbr,False,S9_D15 hbr,mild_master_41,,
679,Linear,7.0,5.348076117795301e-18,0.08358074593246247,1.691937988758021e-13,2.0163372710099154,3.411517626970353e-07,9,16,hbr,False,S9_D16 hbr,mild_master_41,,
680,ShortHbO,7.0,5.348076117795301e-18,1.3892606976649887e-06,0.00019035908920140174,15.02509188748469,2860.1628068689556,9,16,hbr,True,S9_D16 hbr,mild_master_41,,
681,az_itd=0_az=15,7.0,5.348076117795301e-18,9.59744594763624e-05,1.6643364688268205e-09,-7.935585629872447,-0.01320748456529477,9,16,hbr,True,S9_D16 hbr,mild_master_41,,-0.0135285772797748
682,az_itd=0_az=5,7.0,5.348076117795301e-18,2.0421836778436967e-05,1.6634319187295004e-09,-10.07077976782806,-0.016752056512300464,9,16,hbr,True,S9_D16 hbr,mild_master_41,,-0.044645856016620265
683,az_itd=15_az=0,7.0,5.348076117795301e-18,0.02380741780632591,1.6590430181514357e-09,-2.8754036602023207,-0.004770418366825743,9,16,hbr,True,S9_D16 hbr,mild_master_41,,-0.02109368367030214
684,az_itd=5_az=0,7.0,5.348076117795301e-18,7.652522965496683e-05,1.69794420411907e-09,-8.221603957487119,-0.013959824788177665,9,16,hbr,True,S9_D16 hbr,mild_master_41,,-0.00930157637698514
685,constant,7.0,5.348076117795301e-18,0.7866573642128257,1.8531768244734404e-09,0.2812410130004757,0.0005211893273839151,9,16,hbr,False,S9_D16 hbr,mild_master_41,,
63,Linear,7.0,1.3746598730696613e-15,0.9829036695807308,2.7125845232771907e-12,0.022205604929354594,6.023458026137497e-08,10,6,hbr,False,S10_D6 hbr,mild_master_41,,
64,ShortHbO,7.0,1.3746598730696613e-15,0.12965971110832925,0.0030519151568427516,1.7171182801556353,5240.499305298741,10,6,hbr,False,S10_D6 hbr,mild_master_41,,
65,az_itd=0_az=15,7.0,1.3746598730696613e-15,0.0014384625780094838,2.668332632083908e-08,5.075359276685203,0.13542746777528908,10,6,hbr,True,S10_D6 hbr,mild_master_41,,0.07217737583969501
66,az_itd=0_az=5,7.0,1.3746598730696613e-15,0.0014312129176535732,2.6668824201903146e-08,-5.079888247495884,-0.13547464663778158,10,6,hbr,True,S10_D6 hbr,mild_master_41,,-0.42387958031479184
67,az_itd=15_az=0,7.0,1.3746598730696613e-15,0.007357164109879262,2.6598459543970265e-08,-3.7301620924899765,-0.0992165655095461,10,6,hbr,True,S10_D6 hbr,mild_master_41,,-0.0994361990763183
68,az_itd=5_az=0,7.0,1.3746598730696613e-15,0.0012054836579876746,2.7222139346032e-08,-5.235263904711218,-0.14251508352730033,10,6,hbr,True,S10_D6 hbr,mild_master_41,,-0.24161180685845754
69,constant,7.0,1.3746598730696613e-15,0.5506816355960994,2.9710892517122663e-08,0.6267930200423283,0.018622580048960325,10,6,hbr,False,S10_D6 hbr,mild_master_41,,
7,Linear,7.0,1.203319253787108e-18,0.07187476083370452,8.025573650351955e-14,2.118554417037398,1.700261450621209e-07,10,14,hbr,False,S10_D14 hbr,mild_master_41,,
8,ShortHbO,7.0,1.203319253787108e-18,0.05666812807929574,9.029532409288925e-05,-2.279618518916835,-205.83889297374782,10,14,hbr,False,S10_D14 hbr,mild_master_41,,
9,az_itd=0_az=15,7.0,1.203319253787108e-18,1.2237801094414708e-06,7.894648029826043e-10,-15.307281297826194,-0.012084559813987658,10,14,hbr,True,S10_D14 hbr,mild_master_41,,-0.011928312695050472
10,az_itd=0_az=5,7.0,1.203319253787108e-18,0.6874864611435207,7.890357368185539e-10,0.4194122655263661,0.0003309312659603353,10,14,hbr,False,S10_D14 hbr,mild_master_41,,-0.001403592907663486
11,az_itd=15_az=0,7.0,1.203319253787108e-18,0.0006234829072572161,7.869538966407595e-10,-5.861189120429626,-0.00461248561727052,10,14,hbr,True,S10_D14 hbr,mild_master_41,,-0.006824894795475931
12,az_itd=5_az=0,7.0,1.203319253787108e-18,3.6832415415097787e-06,8.054063656522547e-10,-13.013672254691006,-0.010481294474440265,10,14,hbr,True,S10_D14 hbr,mild_master_41,,0.004566222323888305
13,constant,7.0,1.203319253787108e-18,0.548877822917285,8.790397278599106e-10,0.6297104508640289,0.0005535405033580575,10,14,hbr,False,S10_D14 hbr,mild_master_41,,
21,Linear,7.0,7.76343283566588e-19,0.1456437319461069,6.44633026254556e-14,-1.6369951006355092,-1.0552611056865496e-07,10,15,hbr,False,S10_D15 hbr,mild_master_41,,
22,ShortHbO,7.0,7.76343283566588e-19,0.02784303815900661,7.252733644040819e-05,-2.7662763787307925,-200.6306576073622,10,15,hbr,True,S10_D15 hbr,mild_master_41,,
23,az_itd=0_az=15,7.0,7.76343283566588e-19,0.002788585558216684,6.341167712613476e-10,4.5029119789669485,0.0028553720053765665,10,15,hbr,True,S10_D15 hbr,mild_master_41,,-0.006840118975379172
24,az_itd=0_az=5,7.0,7.76343283566588e-19,0.14358069895066683,6.33772135186912e-10,-1.6468575962545902,-0.001043732455127057,10,15,hbr,False,S10_D15 hbr,mild_master_41,,-0.01130526310814255
25,az_itd=15_az=0,7.0,7.76343283566588e-19,0.000661606509324646,6.320999519979494e-10,5.802858298853222,0.0036679864521560234,10,15,hbr,True,S10_D15 hbr,mild_master_41,,0.00675046992092007
26,az_itd=5_az=0,7.0,7.76343283566588e-19,1.9844878622181004e-05,6.469214108231723e-10,10.114608872713124,0.0065433570418601495,10,15,hbr,True,S10_D15 hbr,mild_master_41,,-0.00033043021041511577
27,constant,7.0,7.76343283566588e-19,0.9756038448064307,7.060654660411286e-10,-0.03169008262115819,-2.237527295478993e-05,10,15,hbr,False,S10_D15 hbr,mild_master_41,,
35,Linear,7.0,3.6007363885855015e-18,0.20914706994866997,1.3882935808014254e-13,-1.3830761857785987,-1.9201157904757484e-07,10,16,hbr,False,S10_D16 hbr,mild_master_41,,
36,ShortHbO,7.0,3.6007363885855015e-18,3.509627563652407e-05,0.0001561962101102206,-9.273474062522517,-1448.4815031214482,10,16,hbr,True,S10_D16 hbr,mild_master_41,,
37,az_itd=0_az=15,7.0,3.6007363885855015e-18,0.4345221761470486,1.365645579990842e-09,-0.828878887322195,-0.0011319547888192826,10,16,hbr,False,S10_D16 hbr,mild_master_41,,-0.009983935233347601
38,az_itd=0_az=5,7.0,3.6007363885855015e-18,8.059681385294462e-06,1.3649033653813428e-09,11.58282982059452,0.015809443402768835,10,16,hbr,True,S10_D16 hbr,mild_master_41,,0.016004839928992896
39,az_itd=15_az=0,7.0,3.6007363885855015e-18,0.0027850744078721417,1.3613021208086766e-09,-4.503963975565288,-0.0061312557119829044,10,16,hbr,True,S10_D16 hbr,mild_master_41,,0.009206548054418123
40,az_itd=5_az=0,7.0,3.6007363885855015e-18,0.009860196652337519,1.3932218880361225e-09,3.5099386391498553,0.0048901233377273,10,16,hbr,True,S10_D16 hbr,mild_master_41,,0.02313496386158507
41,constant,7.0,3.6007363885855015e-18,0.7164130321476202,1.5205956167430196e-09,0.37830851237341034,0.0005752542656915802,10,16,hbr,False,S10_D16 hbr,mild_master_41,,
49,Linear,7.0,1.840860046986538e-18,0.010799924975868274,9.926497506137347e-14,-3.442540932708497,-3.417237398330663e-07,10,21,hbr,True,S10_D21 hbr,mild_master_41,,
50,ShortHbO,7.0,1.840860046986538e-18,0.49386802169508126,0.00011168252245552832,-0.7217110066314513,-80.602505704519,10,21,hbr,False,S10_D21 hbr,mild_master_41,,
51,az_itd=0_az=15,7.0,1.840860046986538e-18,0.17166184315370248,9.764561063677192e-10,-1.5226514457743274,-0.001486802302095978,10,21,hbr,False,S10_D21 hbr,mild_master_41,,-0.010889677647933868
52,az_itd=0_az=5,7.0,1.840860046986538e-18,1.1461991889513731e-07,9.759254123148116e-10,21.608747072589367,0.021088525396423256,10,21,hbr,True,S10_D21 hbr,mild_master_41,,0.01638583156651512
53,az_itd=15_az=0,7.0,1.840860046986538e-18,4.2378034266915097e-07,9.73350470979354e-10,17.872747857139615,0.017396447544442084,10,21,hbr,True,S10_D21 hbr,mild_master_41,,0.02254672014755231
54,az_itd=5_az=0,7.0,1.840860046986538e-18,7.761938303630461e-06,9.961735607178238e-10,11.648158241704301,0.01160358727144324,10,21,hbr,True,S10_D21 hbr,mild_master_41,,0.024982567451919856
55,constant,7.0,1.840860046986538e-18,0.5215825167653717,1.0872475970629703e-09,-0.6745940974827367,-0.0007334508114809686,10,21,hbr,False,S10_D21 hbr,mild_master_41,,
105,Linear,7.0,7.263485079170001e-18,0.6986394392955788,1.971778723792051e-13,-0.40347458648048584,-7.95562605213018e-08,11,3,hbr,False,S11_D3 hbr,mild_master_41,,
106,ShortHbO,7.0,7.263485079170001e-18,0.0005664277294429189,0.00022184382906567546,-5.956385215768809,-1321.3873036563318,11,3,hbr,True,S11_D3 hbr,mild_master_41,,
107,az_itd=0_az=15,7.0,7.263485079170001e-18,0.012990718105968413,1.939612007218346e-09,3.307241338965485,0.0064147650118263335,11,3,hbr,True,S11_D3 hbr,mild_master_41,,0.01656355013356485
108,az_itd=0_az=5,7.0,7.263485079170001e-18,0.1128013852251287,1.938557847640188e-09,-1.8124981033351406,-0.0035136324220532925,11,3,hbr,False,S11_D3 hbr,mild_master_41,,-0.0057342113400824166
109,az_itd=15_az=0,7.0,7.263485079170001e-18,0.9896340482540885,1.9334430379733043e-09,0.013463038725713666,2.6030018494196073e-05,11,3,hbr,False,S11_D3 hbr,mild_master_41,,-0.0041095983431195604
110,az_itd=5_az=0,7.0,7.263485079170001e-18,1.42902909200469e-07,1.978778346554894e-09,20.929486415182453,0.041414814522877846,11,3,hbr,True,S11_D3 hbr,mild_master_41,,0.017709046419750678
111,constant,7.0,7.263485079170001e-18,0.22186930229009794,2.159685909412987e-09,-1.3407722803844961,-0.0028956470016779146,11,3,hbr,False,S11_D3 hbr,mild_master_41,,
77,Linear,7.0,2.654542342700859e-18,0.12864915731967644,1.192011596141516e-13,1.7224926419001598,2.0532312034134263e-07,11,11,hbr,False,S11_D11 hbr,mild_master_41,,
78,ShortHbO,7.0,2.654542342700859e-18,0.0067370974596332334,0.0001341126230788004,3.79745428672332,509.28655541429936,11,11,hbr,True,S11_D11 hbr,mild_master_41,,
79,az_itd=0_az=15,7.0,2.654542342700859e-18,1.829670632812152e-05,1.1725656518765765e-09,-10.239750587231887,-0.012006779822371114,11,11,hbr,True,S11_D11 hbr,mild_master_41,,-0.0044358556320038
80,az_itd=0_az=5,7.0,2.654542342700859e-18,0.03360065156611336,1.1719283742621127e-09,-2.6363603930709107,-0.0030896255494206166,11,11,hbr,True,S11_D11 hbr,mild_master_41,,0.008046094217995216
81,az_itd=15_az=0,7.0,2.654542342700859e-18,0.15147538077005687,1.1688362867162769e-09,-1.6098067195987702,-0.0018816005084667374,11,11,hbr,False,S11_D11 hbr,mild_master_41,,-3.9794268965926e-05
82,az_itd=5_az=0,7.0,2.654542342700859e-18,0.00015602795223293407,1.1962431214142297e-09,-7.34927547613568,-0.008791520235705595,11,11,hbr,True,S11_D11 hbr,mild_master_41,,-0.009846124205105332
83,constant,7.0,2.654542342700859e-18,0.9704004173719225,1.3056082901091368e-09,0.03845269641212557,5.0204159212721006e-05,11,11,hbr,False,S11_D11 hbr,mild_master_41,,
91,Linear,7.0,3.130970900388172e-18,0.04081461155842103,1.2945688934733082e-13,2.502967719178462,3.240264150616272e-07,11,12,hbr,True,S11_D12 hbr,mild_master_41,,
92,ShortHbO,7.0,3.130970900388172e-18,2.529663057720687e-06,0.0001456512928413773,13.756792525201488,2003.6946166461923,11,12,hbr,True,S11_D12 hbr,mild_master_41,,
93,az_itd=0_az=15,7.0,3.130970900388172e-18,2.094649635659469e-06,1.2734498753101513e-09,-14.144829075785747,-0.018012730822842764,11,12,hbr,True,S11_D12 hbr,mild_master_41,,-0.0117190699637596
94,az_itd=0_az=5,7.0,3.130970900388172e-18,1.4566005053715299e-05,1.272757768136981e-09,-10.598476933761741,-0.013489293847865869,11,12,hbr,True,S11_D12 hbr,mild_master_41,,-0.008227825995182528
95,az_itd=15_az=0,7.0,3.130970900388172e-18,1.1891263043823975e-05,1.2693996461474864e-09,-10.927068839358613,-0.01387081731811105,11,12,hbr,True,S11_D12 hbr,mild_master_41,,-0.019917189635557588
96,az_itd=5_az=0,7.0,3.130970900388172e-18,0.00015525689206709241,1.299164487180394e-09,-7.355070880005105,-0.00955544688799728,11,12,hbr,True,S11_D12 hbr,mild_master_41,,-0.0026235905953727206
97,constant,7.0,3.130970900388172e-18,0.35844024858548124,1.4179391248434653e-09,0.9828141306476054,0.0013935706082942566,11,12,hbr,False,S11_D12 hbr,mild_master_41,,
133,Linear,7.0,6.7511513404810596e-18,0.03446427855405206,1.9009669817101378e-13,-2.618899983087496,-4.978442396250568e-07,12,2,hbr,True,S12_D2 hbr,mild_master_41,,
134,ShortHbO,7.0,6.7511513404810596e-18,0.13892652376114498,0.00021387683570241842,1.6696046917120166,357.0897683372779,12,2,hbr,False,S12_D2 hbr,mild_master_41,,
135,az_itd=0_az=15,7.0,6.7511513404810596e-18,1.0318353453578351e-05,1.8699554562388396e-09,11.162281219182692,0.020872968669883,12,2,hbr,True,S12_D2 hbr,mild_master_41,,0.014149733843255177
136,az_itd=0_az=5,7.0,6.7511513404810596e-18,2.9485618097633083e-07,1.868939154294127e-09,18.841302530287614,0.03521324801675554,12,2,hbr,True,S12_D2 hbr,mild_master_41,,0.011805939173463165
137,az_itd=15_az=0,7.0,6.7511513404810596e-18,2.1462631358422043e-06,1.8640080308485014e-09,14.094202024788851,0.026271705762607626,12,2,hbr,True,S12_D2 hbr,mild_master_41,,0.04569379657831492
138,az_itd=5_az=0,7.0,6.7511513404810596e-18,5.389711017315925e-06,1.9077152296732775e-09,12.298877814541434,0.023462756514691492,12,2,hbr,True,S12_D2 hbr,mild_master_41,,0.06433084966835892
139,constant,7.0,6.7511513404810596e-18,0.09710638293767702,2.082125927783211e-09,-1.9145429439948878,-0.003986319503546156,12,2,hbr,False,S12_D2 hbr,mild_master_41,,
119,Linear,7.0,6.90967007490412e-17,0.3496021689794896,6.081550358211876e-13,1.0022502197558385,6.095235182974052e-07,12,12,hbr,False,S12_D12 hbr,mild_master_41,,
120,ShortHbO,7.0,6.90967007490412e-17,0.012265710315950735,0.0006842321614703345,-3.3491090156117993,-2291.5681007518456,12,12,hbr,True,S12_D12 hbr,mild_master_41,,
121,az_itd=0_az=15,7.0,6.90967007490412e-17,0.002263635561732768,5.982338664556364e-09,-4.678940800376231,-0.02799100845926102,12,12,hbr,True,S12_D12 hbr,mild_master_41,,8.535429691411882e-05
122,az_itd=0_az=5,7.0,6.90967007490412e-17,0.0592590381706627,5.979087323783281e-09,2.249302707478547,0.013448777305636395,12,12,hbr,False,S12_D12 hbr,mild_master_41,,0.06873184747759356
123,az_itd=15_az=0,7.0,6.90967007490412e-17,0.0004629940822590257,5.963311733862117e-09,-6.159977222652918,-0.03673386445216952,12,12,hbr,True,S12_D12 hbr,mild_master_41,,-0.017265083092528017
124,az_itd=5_az=0,7.0,6.90967007490412e-17,0.38257647769930564,6.103139270703462e-09,0.9315452187052888,0.005685350206716294,12,12,hbr,False,S12_D12 hbr,mild_master_41,,-0.009290480427164571
125,constant,7.0,6.90967007490412e-17,0.9755081715494484,6.661111846645964e-09,-0.031814407963659794,-0.00021191932978076194,12,12,hbr,False,S12_D12 hbr,mild_master_41,,
147,Linear,7.0,1.3143419076342591e-17,0.16351184719131995,2.652404948671182e-13,1.5566381496262562,4.1288347313590334e-07,13,1,hbr,False,S13_D1 hbr,mild_master_41,,
148,ShortHbO,7.0,1.3143419076342591e-17,0.0008709539344126582,0.0002984207421177233,-5.537892357436029,-1652.621947074128,13,1,hbr,True,S13_D1 hbr,mild_master_41,,
149,az_itd=0_az=15,7.0,1.3143419076342591e-17,0.2873881851780881,2.6091348001534436e-09,-1.1513597210694388,-0.0030040527157372348,13,1,hbr,False,S13_D1 hbr,mild_master_41,,-0.009972670771203526
150,az_itd=0_az=5,7.0,1.3143419076342591e-17,0.0011934970983579934,2.607716761684898e-09,5.244402317855219,0.013675915829290184,13,1,hbr,True,S13_D1 hbr,mild_master_41,,0.02299515986218942
151,az_itd=15_az=0,7.0,1.3143419076342591e-17,0.5839014871427948,2.6008364021860076e-09,0.5740478446206707,0.0014930045308858577,13,1,hbr,False,S13_D1 hbr,mild_master_41,,0.027016181899829798
152,az_itd=5_az=0,7.0,1.3143419076342591e-17,5.1280314588473856e-06,2.6618207283583116e-09,12.39021600713127,0.03298053379661897,13,1,hbr,True,S13_D1 hbr,mild_master_41,,0.06501543630292031
153,constant,7.0,1.3143419076342591e-17,0.05851233633273722,2.9051746651804095e-09,-2.257899859676724,-0.0065595934688472204,13,1,hbr,False,S13_D1 hbr,mild_master_41,,
175,Linear,7.0,1.8636546962279877e-16,0.7740060821236792,9.987766388660904e-13,-0.29847497725418615,-2.981098345675688e-07,13,3,hbr,False,S13_D3 hbr,mild_master_41,,
176,ShortHbO,7.0,1.8636546962279877e-16,0.17577014951224132,0.0011237185556058692,1.50607609666345,1692.4056559751775,13,3,hbr,False,S13_D3 hbr,mild_master_41,,
177,az_itd=0_az=15,7.0,1.8636546962279877e-16,0.035276756145456806,9.824830433042836e-09,2.602884056329208,0.025572894490305184,13,3,hbr,True,S13_D3 hbr,mild_master_41,,0.12483863002436901
178,az_itd=0_az=5,7.0,1.8636546962279877e-16,0.6155298873013059,9.819490736718914e-09,-0.5254019964825937,-0.005159180037514452,13,3,hbr,False,S13_D3 hbr,mild_master_41,,-0.0899598589497831
179,az_itd=15_az=0,7.0,1.8636546962279877e-16,3.2446856345277513e-07,9.79358239139655e-09,18.580957847752178,0.18197414159302727,13,3,hbr,True,S13_D3 hbr,mild_master_41,,0.12476620544815252
180,az_itd=5_az=0,7.0,1.8636546962279877e-16,0.0328507597986051,1.0023221988277872e-08,-2.6519044560804597,-0.026580627054997735,13,3,hbr,True,S13_D3 hbr,mild_master_41,,0.006361623781903151
181,constant,7.0,1.8636546962279877e-16,0.3110541308941546,1.0939583674285786e-08,-1.0918328490587041,-0.011944196810611537,13,3,hbr,False,S13_D3 hbr,mild_master_41,,
161,Linear,7.0,4.552884961838952e-17,0.8266770943198003,4.936611951304381e-13,-0.22731239546124457,-1.1221530881136078e-07,13,11,hbr,False,S13_D11 hbr,mild_master_41,,
162,ShortHbO,7.0,4.552884961838952e-17,0.09131649767109229,0.0005554157191546193,1.9562972813528694,1086.5582614028303,13,11,hbr,False,S13_D11 hbr,mild_master_41,,
163,az_itd=0_az=15,7.0,4.552884961838952e-17,0.027719626191728287,4.856078270949729e-09,-2.7693603940053078,-0.013448230833757955,13,11,hbr,True,S13_D11 hbr,mild_master_41,,-0.07297536405280163
164,az_itd=0_az=5,7.0,4.552884961838952e-17,0.2720343531709721,4.8534390413499124e-09,1.1921783423230967,0.005786164910882739,13,11,hbr,False,S13_D11 hbr,mild_master_41,,-0.008931351729188007
165,az_itd=15_az=0,7.0,4.552884961838952e-17,2.078313739160087e-05,4.840633430747916e-09,-10.044042443449651,-0.04861952763161337,13,11,hbr,True,S13_D11 hbr,mild_master_41,,-0.021349520469327126
166,az_itd=5_az=0,7.0,4.552884961838952e-17,0.05350575382433675,4.954136443768332e-09,-2.318586225400031,-0.011486592517273549,13,11,hbr,False,S13_D11 hbr,mild_master_41,,-0.044089265111008955
167,constant,7.0,4.552884961838952e-17,0.19544090041075823,5.407062741283648e-09,1.431285804537422,0.0077390521458424845,13,11,hbr,False,S13_D11 hbr,mild_master_41,,
189,Linear,7.0,3.6861650823786622e-16,0.2866244131187022,1.404665908665078e-12,1.1533468968106013,1.6200670668145115e-06,14,10,hbr,False,S14_D10 hbr,mild_master_41,,
190,ShortHbO,7.0,3.6861650823786622e-16,0.0021936340687228194,0.0015803825245511733,-4.705787891108787,-7436.944947352847,14,10,hbr,True,S14_D10 hbr,mild_master_41,,
191,az_itd=0_az=15,7.0,3.6861650823786622e-16,6.811966822975612e-06,1.3817508170173297e-08,-11.877350501992938,-0.16411538760129932,14,10,hbr,True,S14_D10 hbr,mild_master_41,,-0.11891722961469985
192,az_itd=0_az=5,7.0,3.6861650823786622e-16,6.36943064068558e-05,1.3809998493738182e-08,8.459651623947574,0.11682777618426576,14,10,hbr,True,S14_D10 hbr,mild_master_41,,0.05884522796446665
193,az_itd=15_az=0,7.0,3.6861650823786622e-16,0.24448238869740538,1.3773561348526654e-08,1.270556433154873,0.01750008697882385,14,10,hbr,False,S14_D10 hbr,mild_master_41,,-0.11564280495027683
194,az_itd=5_az=0,7.0,3.6861650823786622e-16,0.0002824676394797237,1.4096523360718881e-08,-6.680474480882341,-0.09417146458044426,14,10,hbr,True,S14_D10 hbr,mild_master_41,,-0.059099228621833075
195,constant,7.0,3.6861650823786622e-16,0.5641504806901875,1.5385281998289244e-08,-0.6051879244332686,-0.009310986879365199,14,10,hbr,False,S14_D10 hbr,mild_master_41,,
203,Linear,7.0,2.5824525135346698e-17,0.2831987126759559,3.7179352665567267e-13,-1.1623141314477634,-4.3214087001268907e-07,15,18,hbr,False,S15_D18 hbr,mild_master_41,,
204,ShortHbO,7.0,2.5824525135346698e-17,1.608958725723467e-06,0.0004183030204144969,-14.704578760504017,-6150.96970944169,15,18,hbr,True,S15_D18 hbr,mild_master_41,,
205,az_itd=0_az=15,7.0,2.5824525135346698e-17,1.1176656574813679e-05,3.6572825328013314e-09,11.029258702920188,0.04033711520393707,15,18,hbr,True,S15_D18 hbr,mild_master_41,,0.04357212855434032
206,az_itd=0_az=5,7.0,2.5824525135346698e-17,8.356903379118587e-06,3.6552948366035163e-09,11.52029536446783,0.04211007616188668,15,18,hbr,True,S15_D18 hbr,mild_master_41,,0.10237330604419048
207,az_itd=15_az=0,7.0,2.5824525135346698e-17,0.11669189865611229,3.64565048299894e-09,-1.7893307937105496,-0.006523274672335742,15,18,hbr,False,S15_D18 hbr,mild_master_41,,0.00032841791251000686
208,az_itd=5_az=0,7.0,2.5824525135346698e-17,0.011106574718242716,3.731133575275932e-09,3.4219085291490856,0.012767597804631233,15,18,hbr,True,S15_D18 hbr,mild_master_41,,0.021355040351657046
209,constant,7.0,2.5824525135346698e-17,0.36395745782162736,4.072248224613158e-09,-0.9708677677043631,-0.0039536145433682335,15,18,hbr,False,S15_D18 hbr,mild_master_41,,
217,Linear,7.0,4.4833910015131065e-15,0.08789008776235514,4.898791545540931e-12,-1.9822477238100642,-9.710618390568497e-06,16,18,hbr,False,S16_D18 hbr,mild_master_41,,
218,ShortHbO,7.0,4.4833910015131065e-15,9.314515275826944e-07,0.005511605643899683,15.931763914798116,87809.5999100786,16,18,hbr,True,S16_D18 hbr,mild_master_41,,
219,az_itd=0_az=15,7.0,4.4833910015131065e-15,0.07630270255312764,4.818874850377475e-08,2.0780659592640536,0.10013939788523091,16,18,hbr,False,S16_D18 hbr,mild_master_41,,-0.0389821186452071
220,az_itd=0_az=5,7.0,4.4833910015131065e-15,0.029493607148610892,4.8162558404617975e-08,2.7263536705896927,0.13130816789142066,16,18,hbr,True,S16_D18 hbr,mild_master_41,,-0.0204025681799207
221,az_itd=15_az=0,7.0,4.4833910015131065e-15,3.7580615492482864e-05,4.803548336292673e-08,-9.17679898211728,-0.4408119748304175,16,18,hbr,True,S16_D18 hbr,mild_master_41,,-0.3579243035743075
222,az_itd=5_az=0,7.0,4.4833910015131065e-15,0.00029887108841837454,4.916181779241519e-08,6.6194086584973455,0.3254221623625819,16,18,hbr,True,S16_D18 hbr,mild_master_41,,-0.21797256506271154
223,constant,7.0,4.4833910015131065e-15,0.1181253561294979,5.365638114660981e-08,1.7809813498982465,0.09556101412514396,16,18,hbr,False,S16_D18 hbr,mild_master_41,,
231,Linear,7.0,2.1031843772810015e-18,0.955000913572251,1.0610218444489543e-13,-0.05847973584977456,-6.204827719421544e-09,16,23,hbr,False,S16_D23 hbr,mild_master_41,,
232,ShortHbO,7.0,2.1031843772810015e-18,0.14517210444129913,0.00011937503222582973,1.639238165957207,195.6841088869516,16,23,hbr,False,S16_D23 hbr,mild_master_41,,
233,az_itd=0_az=15,7.0,2.1031843772810015e-18,0.0029903317901050384,1.0437128084313314e-09,-4.4448005984039405,-0.0046390953154774395,16,23,hbr,True,S16_D23 hbr,mild_master_41,,0.009915897661944563
234,az_itd=0_az=5,7.0,2.1031843772810015e-18,0.000344212951736437,1.0431455610386776e-09,6.468454780137774,0.006747539890680134,16,23,hbr,True,S16_D23 hbr,mild_master_41,,0.004933477066860697
235,az_itd=15_az=0,7.0,2.1031843772810015e-18,0.26799402785097937,1.0403932619488867e-09,1.2032389817963935,0.0012518417291752073,16,23,hbr,False,S16_D23 hbr,mild_master_41,,0.022011686904409963
236,az_itd=5_az=0,7.0,2.1031843772810015e-18,0.112539226206178,1.0647883688386667e-09,-1.8140867242164456,-0.0019316184440103094,16,23,hbr,False,S16_D23 hbr,mild_master_41,,-0.001850737772095254
237,constant,7.0,2.1031843772810015e-18,0.9539756702293883,1.1621354360842821e-09,0.059813914157346736,6.951186921315597e-05,16,23,hbr,False,S16_D23 hbr,mild_master_41,,
245,Linear,7.0,1.2548335532927017e-18,0.0011739347814674734,8.195561491981658e-14,-5.259537950420624,-4.3104866692083404e-07,17,15,hbr,True,S17_D15 hbr,mild_master_41,,
246,ShortHbO,7.0,1.2548335532927017e-18,4.414056324927065e-05,9.220784871985239e-05,8.952800689833161,825.5184916271262,17,15,hbr,True,S17_D15 hbr,mild_master_41,,
247,az_itd=0_az=15,7.0,1.2548335532927017e-18,8.735089763821113e-08,8.061862765804131e-10,22.475089029985885,0.018119108340897607,17,15,hbr,True,S17_D15 hbr,mild_master_41,,0.01471150417992653
248,az_itd=0_az=5,7.0,1.2548335532927017e-18,5.875802187758977e-08,8.057481224639844e-10,23.800572959363212,0.019177266975573985,17,15,hbr,True,S17_D15 hbr,mild_master_41,,0.014411969873306998
249,az_itd=15_az=0,7.0,1.2548335532927017e-18,6.275067842380165e-07,8.036221873050886e-10,16.87857772067443,0.013563999546487323,17,15,hbr,True,S17_D15 hbr,mild_master_41,,0.014237008513594168
250,az_itd=5_az=0,7.0,1.2548335532927017e-18,5.579444882057128e-06,8.224654938462929e-10,12.235750249075643,0.0100634823711859,17,15,hbr,True,S17_D15 hbr,mild_master_41,,0.01054395542857105
251,constant,7.0,1.2548335532927017e-18,0.35312286277415866,8.9765846747351e-10,-0.9944626608959947,-0.0008926878281395275,17,15,hbr,False,S17_D15 hbr,mild_master_41,,
259,Linear,7.0,1.8785452435510886e-18,0.01506620219056799,1.0027587986389813e-13,-3.199981324262367,-3.2088094283845073e-07,17,21,hbr,True,S17_D21 hbr,mild_master_41,,
260,ShortHbO,7.0,1.8785452435510886e-18,0.006122077937172888,0.00011281988634685613,3.8712131767179416,436.7498306217701,17,21,hbr,True,S17_D21 hbr,mild_master_41,,
261,az_itd=0_az=15,7.0,1.8785452435510886e-18,0.0002433890349780841,9.8640023990295e-10,6.843622326840178,0.006750550705000337,17,21,hbr,True,S17_D21 hbr,mild_master_41,,0.006991312142708388
262,az_itd=0_az=5,7.0,1.8785452435510886e-18,2.6777356421904983e-08,9.858641413136848e-10,26.6577297354132,0.026280899834975415,17,21,hbr,True,S17_D21 hbr,mild_master_41,,0.031026076434411493
263,az_itd=15_az=0,7.0,1.8785452435510886e-18,0.00048308770705588535,9.832629770273763e-10,6.116670586984806,0.00601429573085447,17,21,hbr,True,S17_D21 hbr,mild_master_41,,0.02811650104860262
264,az_itd=5_az=0,7.0,1.8785452435510886e-18,0.0016496466802085746,1.0063184948807058e-09,4.953525989613377,0.004984824818220192,17,21,hbr,True,S17_D21 hbr,mild_master_41,,0.020071842929352737
265,constant,7.0,1.8785452435510886e-18,0.5715817921790853,1.098320020309184e-09,-0.5933981701547103,-0.0006517410902957541,17,21,hbr,False,S17_D21 hbr,mild_master_41,,
273,Linear,7.0,2.5043196424058377e-18,0.8315301894641727,1.1577919661019502e-13,0.22082673987145934,2.5567142532366086e-08,17,22,hbr,False,S17_D22 hbr,mild_master_41,,
274,ShortHbO,7.0,2.5043196424058377e-18,4.031066486832534e-05,0.00013026258977354767,9.078578103684945,1182.5990952474244,17,22,hbr,True,S17_D22 hbr,mild_master_41,,
275,az_itd=0_az=15,7.0,2.5043196424058377e-18,5.227454382261692e-05,1.1389042655828519e-09,-8.722404382439786,-0.009933983557299233,17,22,hbr,True,S17_D22 hbr,mild_master_41,,0.0065762393979602336
276,az_itd=0_az=5,7.0,2.5043196424058377e-18,1.339508324320233e-07,1.138285282592593e-09,21.126552662608763,0.02404804396776491,17,22,hbr,True,S17_D22 hbr,mild_master_41,,0.01866567773273276
277,az_itd=15_az=0,7.0,2.5043196424058377e-18,0.007270815498853299,1.1352819610388089e-09,-3.739155460364225,-0.0042449957436712675,17,22,hbr,True,S17_D22 hbr,mild_master_41,,0.015103787168156272
278,az_itd=5_az=0,7.0,2.5043196424058377e-18,6.21605621858144e-06,1.1619020150150343e-09,-12.040520600342672,-0.01398990514736818,17,22,hbr,True,S17_D22 hbr,mild_master_41,,-0.015286225616322485
279,constant,7.0,2.5043196424058377e-18,0.9291136161442357,1.2681275870616634e-09,0.09221135754894313,0.00011693576634822157,17,22,hbr,False,S17_D22 hbr,mild_master_41,,
287,Linear,7.0,4.9494967972334513e-17,0.037485075630055334,5.147142305043052e-13,-2.561215568918126,-1.3182941007113397e-06,18,16,hbr,True,S18_D16 hbr,mild_master_41,,
288,ShortHbO,7.0,4.9494967972334513e-17,0.00015039184638107722,0.000579102383000001,7.39240179193641,4280.957493803853,18,16,hbr,True,S18_D16 hbr,mild_master_41,,
289,az_itd=0_az=15,7.0,4.9494967972334513e-17,0.2485370254789528,5.063174126619646e-09,-1.2585644426015876,-0.006372330922463835,18,16,hbr,False,S18_D16 hbr,mild_master_41,,-0.012360766756966034
290,az_itd=0_az=5,7.0,4.9494967972334513e-17,8.869850343359602e-06,5.060422342509424e-09,11.41809832816729,0.05778039988882725,18,16,hbr,True,S18_D16 hbr,mild_master_41,,0.023965057620862488
291,az_itd=15_az=0,7.0,4.9494967972334513e-17,0.0018796097508553635,5.047070614498064e-09,-4.839141622871173,-0.024423489484187568,18,16,hbr,True,S18_D16 hbr,mild_master_41,,-0.026668067801508395
292,az_itd=5_az=0,7.0,4.9494967972334513e-17,0.05428752049068746,5.165414159793916e-09,2.3087394302484423,0.011925595344279841,18,16,hbr,False,S18_D16 hbr,mild_master_41,,0.025262290252611057
293,constant,7.0,4.9494967972334513e-17,0.23612539068783844,5.637656282529857e-09,1.2958228688399984,0.0073054039375616804,18,16,hbr,False,S18_D16 hbr,mild_master_41,,
301,Linear,7.0,3.2602255305159745e-18,0.008031039111669783,1.3210202462273104e-13,-3.6636863733377374,-4.83980387500626e-07,18,21,hbr,True,S18_D21 hbr,mild_master_41,,
302,ShortHbO,7.0,3.2602255305159745e-18,2.7130329560532003e-06,0.00014862732118984707,13.615439609496715,2023.6263159816342,18,21,hbr,True,S18_D21 hbr,mild_master_41,,
303,az_itd=0_az=15,7.0,3.2602255305159745e-18,7.984550887432786e-06,1.2994697125209727e-09,11.599052514210946,0.015072617436157364,18,21,hbr,True,S18_D21 hbr,mild_master_41,,0.017692403841547553
304,az_itd=0_az=5,7.0,3.2602255305159745e-18,3.215824446832468e-08,1.298763463828511e-09,25.96333326474948,0.03372022864346004,18,21,hbr,True,S18_D21 hbr,mild_master_41,,0.04347666366930589
305,az_itd=15_az=0,7.0,3.2602255305159745e-18,9.6250915866607e-06,1.2953367268199295e-09,11.279250198283195,0.014610427032827196,18,21,hbr,True,S18_D21 hbr,mild_master_41,,0.033879601566759586
306,az_itd=5_az=0,7.0,3.2602255305159745e-18,0.0012521643875100606,1.3257097396649342e-09,5.200614263167325,0.006894504980921299,18,21,hbr,True,S18_D21 hbr,mild_master_41,,0.021002386185115053
307,constant,7.0,3.2602255305159745e-18,0.4768087232433067,1.4469112468865851e-09,-0.751577716378977,-0.0010874662507380777,18,21,hbr,False,S18_D21 hbr,mild_master_41,,
315,Linear,7.0,2.909988221274857e-18,0.23914661927401548,1.2480479386030292e-13,-1.2866007671085133,-1.605739435194856e-07,18,22,hbr,False,S18_D22 hbr,mild_master_41,,
316,ShortHbO,7.0,2.909988221274857e-18,0.00045209657956480953,0.0001404172436878463,6.184354057795575,868.3899507854023,18,22,hbr,True,S18_D22 hbr,mild_master_41,,
317,az_itd=0_az=15,7.0,2.909988221274857e-18,0.14884917809894385,1.227687842499429e-09,-1.6219274920502864,-0.001991220663405726,18,22,hbr,False,S18_D22 hbr,mild_master_41,,0.012268841006638706
318,az_itd=0_az=5,7.0,2.909988221274857e-18,1.516264355977755e-07,1.2270206065298932e-09,20.75055478623636,0.025461358319639516,18,22,hbr,True,S18_D22 hbr,mild_master_41,,0.03399631957598985
319,az_itd=15_az=0,7.0,2.909988221274857e-18,0.7277560242580949,1.2237831602667427e-09,-0.36238790118375086,-0.00044348421095308265,18,22,hbr,False,S18_D22 hbr,mild_master_41,,0.029430180423789386
320,az_itd=5_az=0,7.0,2.909988221274857e-18,0.0013732795265437644,1.2524783874433355e-09,-5.117021826518162,-0.006408959245789819,18,22,hbr,True,S18_D22 hbr,mild_master_41,,0.006435079249222333
321,constant,7.0,2.909988221274857e-18,0.8746222594265904,1.3669848014635284e-09,0.16366208069682073,0.00022372357688845145,18,22,hbr,False,S18_D22 hbr,mild_master_41,,
329,Linear,7.0,1.5956537712624403e-18,0.043351838486964736,9.241766323080623e-14,-2.461783591795788,-2.275122869337077e-07,18,23,hbr,True,S18_D23 hbr,mild_master_41,,
330,ShortHbO,7.0,1.5956537712624403e-18,0.02193965425587156,0.00010397864647304289,2.932706053909617,304.9388059888207,18,23,hbr,True,S18_D23 hbr,mild_master_41,,
331,az_itd=0_az=15,7.0,1.5956537712624403e-18,0.000356689857355721,9.091000279017e-10,6.4308132366416135,0.005846252492861513,18,23,hbr,True,S18_D23 hbr,mild_master_41,,0.0028454717713587104
332,az_itd=0_az=5,7.0,1.5956537712624403e-18,3.835557250800705e-08,9.086059411986118e-10,25.31181465747353,0.022998465180298553,18,23,hbr,True,S18_D23 hbr,mild_master_41,,0.030505858911885404
333,az_itd=15_az=0,7.0,1.5956537712624403e-18,0.01494494765561378,9.062086196757656e-10,3.205800164729243,0.0029051237422356296,18,23,hbr,True,S18_D23 hbr,mild_master_41,,0.008331031052619339
334,az_itd=5_az=0,7.0,1.5956537712624403e-18,0.0066827736287913145,9.274573694994801e-10,3.8036681308402205,0.003527740039078075,18,23,hbr,True,S18_D23 hbr,mild_master_41,,0.005760719229889715
335,constant,7.0,1.5956537712624403e-18,0.5411362155005761,1.0122491061096189e-09,-0.642298040806038,-0.0006501656176618715,18,23,hbr,False,S18_D23 hbr,mild_master_41,,
343,Linear,7.0,5.117537990681394e-18,0.13312684202873198,1.655069324558954e-13,-1.698976350392656,-2.81192364068601e-07,19,15,hbr,False,S19_D15 hbr,mild_master_41,,
344,ShortHbO,7.0,5.117537990681394e-18,7.013824605084192e-06,0.0001862110143998196,11.82572848692215,2202.0808975666173,19,15,hbr,True,S19_D15 hbr,mild_master_41,,
345,az_itd=0_az=15,7.0,5.117537990681394e-18,0.003452049148968604,1.6280692635325647e-09,-4.326630813123243,-0.007044054641498861,19,15,hbr,True,S19_D15 hbr,mild_master_41,,0.0031154138313908564
346,az_itd=0_az=5,7.0,5.117537990681394e-18,9.84096558720928e-07,1.6271844242958147e-09,15.804061570626802,0.02571612282833598,19,15,hbr,True,S19_D15 hbr,mild_master_41,,0.0035066467207577148
347,az_itd=15_az=0,7.0,5.117537990681394e-18,0.11608977285873874,1.6228911613254465e-09,-1.7928673646169542,-0.002909628599465701,19,15,hbr,False,S19_D15 hbr,mild_master_41,,-0.007574991660613554
348,az_itd=5_az=0,7.0,5.117537990681394e-18,0.21999361261399528,1.6609446597466604e-09,-1.3468729013574936,-0.002237081352867219,19,15,hbr,False,S19_D15 hbr,mild_master_41,,0.022143134926958997
349,constant,7.0,5.117537990681394e-18,0.3946341986728008,1.8127946387804774e-09,0.9068425079674161,0.001643919236661574,19,15,hbr,False,S19_D15 hbr,mild_master_41,,
357,Linear,7.0,2.030904720493655e-18,0.01253555156023687,1.0426305026404037e-13,3.333223093494131,3.475320069382387e-07,19,21,hbr,True,S19_D21 hbr,mild_master_41,,
358,ShortHbO,7.0,2.030904720493655e-18,1.2508873355263783e-05,0.00011730583164098012,10.844215379465425,1272.0897035820985,19,21,hbr,True,S19_D21 hbr,mild_master_41,,
359,az_itd=0_az=15,7.0,2.030904720493655e-18,2.4321869938651275e-07,1.0256214947507992e-09,-19.375768501515978,-0.01987220465247027,19,21,hbr,True,S19_D21 hbr,mild_master_41,,-0.01774983464428182
360,az_itd=0_az=5,7.0,2.030904720493655e-18,1.1330799596141112e-06,1.0250640798048033e-09,-15.481061040252497,-0.015869079589628417,19,21,hbr,True,S19_D21 hbr,mild_master_41,,-0.006614306773301688
361,az_itd=15_az=0,7.0,2.030904720493655e-18,2.3711374221786776e-07,1.0223594880017045e-09,-19.44742537909618,-0.019882259853524126,19,21,hbr,True,S19_D21 hbr,mild_master_41,,-0.026643299494242295
362,az_itd=5_az=0,7.0,2.030904720493655e-18,4.877300038811383e-07,1.0463317395547979e-09,-17.51049780752854,-0.018321789631421816,19,21,hbr,True,S19_D21 hbr,mild_master_41,,-0.008132752568951443
363,constant,7.0,2.030904720493655e-18,0.08068042945510971,1.1419914304309816e-09,2.040272455618784,0.0023299736600610266,19,21,hbr,False,S19_D21 hbr,mild_master_41,,
399,Linear,7.0,5.5465314936856e-18,0.006776517618733314,1.7230441014451574e-13,-3.792979242158644,-6.535470510105375e-07,20,12,hbr,True,S20_D12 hbr,mild_master_41,,
400,ShortHbO,7.0,5.5465314936856e-18,2.678346757412375e-07,0.00019385882224071132,19.10632522716617,3703.929705886425,20,12,hbr,True,S20_D12 hbr,mild_master_41,,
401,az_itd=0_az=15,7.0,5.5465314936856e-18,0.00023547530754645883,1.694935130298238e-09,6.880251348596942,0.011661579716018784,20,12,hbr,True,S20_D12 hbr,mild_master_41,,0.024332098921727215
402,az_itd=0_az=5,7.0,5.5465314936856e-18,9.381732384323631e-08,1.6940139501367872e-09,22.244135624221148,0.03768187605616529,20,12,hbr,True,S20_D12 hbr,mild_master_41,,0.037400383833318084
403,az_itd=15_az=0,7.0,5.5465314936856e-18,0.2721514616761383,1.689544360055407e-09,1.1918598117003005,0.002013700022834942,20,12,hbr,False,S20_D12 hbr,mild_master_41,,0.0344439498030483
404,az_itd=5_az=0,7.0,5.5465314936856e-18,0.007453618232886069,1.7291607404819473e-09,3.7202508147369566,0.006432911653589124,20,12,hbr,True,S20_D12 hbr,mild_master_41,,0.03869440002499217
405,constant,7.0,5.5465314936856e-18,0.5483027873642927,1.887247297217879e-09,0.6306417143283307,0.001190176870878992,20,12,hbr,False,S20_D12 hbr,mild_master_41,,
413,Linear,7.0,1.4571082665082604e-18,0.003938620098621637,8.831440814327817e-14,4.219587320562272,3.72650356824338e-07,20,13,hbr,True,S20_D13 hbr,mild_master_41,,
414,ShortHbO,7.0,1.4571082665082604e-18,0.00030503129844948896,9.93620948830155e-05,6.597442227003086,655.5356805446937,20,13,hbr,True,S20_D13 hbr,mild_master_41,,
415,az_itd=0_az=15,7.0,1.4571082665082604e-18,5.481205667077378e-07,8.687368637169112e-10,-17.214996225358444,-0.014955301829716359,20,13,hbr,True,S20_D13 hbr,mild_master_41,,-0.020366950542947213
416,az_itd=0_az=5,7.0,1.4571082665082604e-18,1.6707294414543094e-07,8.682647139867701e-10,-20.460813293356303,-0.017765402202092714,20,13,hbr,True,S20_D13 hbr,mild_master_41,,-0.008783729306439935
417,az_itd=15_az=0,7.0,1.4571082665082604e-18,4.931622532152685e-05,8.65973831226723e-10,-8.801184816957404,-0.007621595735275068,20,13,hbr,True,S20_D13 hbr,mild_master_41,,-0.01195036321873731
418,az_itd=5_az=0,7.0,1.4571082665082604e-18,9.062289458848143e-09,8.862791570579912e-10,-31.15637311782773,-0.027613244103852613,20,13,hbr,True,S20_D13 hbr,mild_master_41,,-0.013053233279681985
419,constant,7.0,1.4571082665082604e-18,0.1046555988734407,9.673062223654484e-10,1.8636080926843066,0.0018026797041041354,20,13,hbr,False,S20_D13 hbr,mild_master_41,,
427,Linear,7.0,4.838224399146271e-18,0.04298332602240652,1.609269037087396e-13,2.4676087552927948,3.9710463655384643e-07,20,20,hbr,True,S20_D20 hbr,mild_master_41,,
428,ShortHbO,7.0,4.838224399146271e-18,6.375175158757396e-05,0.000181058047171601,8.458468334327037,1531.4737586760782,20,20,hbr,True,S20_D20 hbr,mild_master_41,,
429,az_itd=0_az=15,7.0,4.838224399146271e-18,9.848025807567146e-05,1.5830161414748107e-09,-7.903561555579526,-0.012511465517622153,20,20,hbr,True,S20_D20 hbr,mild_master_41,,-0.01112285025922076
430,az_itd=0_az=5,7.0,4.838224399146271e-18,2.9210307414977967e-06,1.5821557881558454e-09,-13.467707563015711,-0.021308011474015565,20,20,hbr,True,S20_D20 hbr,mild_master_41,,-0.0018983814778499148
431,az_itd=15_az=0,7.0,4.838224399146271e-18,2.05966660741717e-05,1.5779813314948662e-09,10.057775454611052,0.01587098190374353,20,20,hbr,True,S20_D20 hbr,mild_master_41,,-0.008249771963861873
432,az_itd=5_az=0,7.0,4.838224399146271e-18,1.274725302129446e-06,1.6149817857075212e-09,-15.215989041041416,-0.024573545152807137,20,20,hbr,True,S20_D20 hbr,mild_master_41,,0.0041852825389507645
433,constant,7.0,4.838224399146271e-18,0.932737856927078,1.7626296611864604e-09,0.08748269198499124,0.0001541995877331846,20,20,hbr,False,S20_D20 hbr,mild_master_41,,
441,Linear,7.0,3.8901582855478946e-18,0.1600435582602473,1.4430098248369484e-13,-1.5715766775265543,-2.2678005861554265e-07,21,11,hbr,False,S21_D11 hbr,mild_master_41,,
442,ShortHbO,7.0,3.8901582855478946e-18,0.8656495376673278,0.0001623523071116063,-0.1755079888877409,-28.494126912442898,21,11,hbr,False,S21_D11 hbr,mild_master_41,,
443,az_itd=0_az=15,7.0,3.8901582855478946e-18,0.0001466320809062066,1.4194692076832473e-09,7.4221964030564225,0.010535579247515947,21,11,hbr,True,S21_D11 hbr,mild_master_41,,0.03224566084374219
444,az_itd=0_az=5,7.0,3.8901582855478946e-18,7.295987868973616e-07,1.4186977404745419e-09,16.511071453671626,0.023424219764137645,21,11,hbr,True,S21_D11 hbr,mild_master_41,,0.017549373900294644
445,az_itd=15_az=0,7.0,3.8901582855478946e-18,0.02003437450600588,1.4149545615303602e-09,2.9967378616091835,0.004240247906994651,21,11,hbr,True,S21_D11 hbr,mild_master_41,,0.022638021968302165
446,az_itd=5_az=0,7.0,3.8901582855478946e-18,0.3921740377016441,1.4481323694181728e-09,-0.9118365136288522,-0.0013204599710033558,21,11,hbr,False,S21_D11 hbr,mild_master_41,,0.007408852731149889
447,constant,7.0,3.8901582855478946e-18,0.6395063920199313,1.580526226518675e-09,-0.4894213077053252,-0.000773543212645333,21,11,hbr,False,S21_D11 hbr,mild_master_41,,
455,Linear,7.0,3.7535791678985836e-18,0.6205438671403888,1.4174522636016997e-13,0.5178172017503095,7.339811647528742e-08,21,19,hbr,False,S21_D19 hbr,mild_master_41,,
456,ShortHbO,7.0,3.7535791678985836e-18,0.06505530868279148,0.00015947683879581878,2.1860679604230917,348.6272077210977,21,19,hbr,False,S21_D19 hbr,mild_master_41,,
457,az_itd=0_az=15,7.0,3.7535791678985836e-18,0.12900817725008726,1.3943285810759312e-09,1.7205787157158212,0.002399052079313489,21,19,hbr,False,S21_D19 hbr,mild_master_41,,0.023192875600514685
458,az_itd=0_az=5,7.0,3.7535791678985836e-18,9.141626542872457e-05,1.3935707775444148e-09,7.996335276837677,0.011143459169248516,21,19,hbr,True,S21_D19 hbr,mild_master_41,,0.012876875301413713
459,az_itd=15_az=0,7.0,3.7535791678985836e-18,0.00012600728221720054,1.3898938951170234e-09,-7.602614262310512,-0.010566827150114992,21,19,hbr,True,S21_D19 hbr,mild_master_41,,0.008141728362862614
460,az_itd=5_az=0,7.0,3.7535791678985836e-18,0.0003337889156976526,1.4224840813253787e-09,-6.501096794748516,-0.009247706701685208,21,19,hbr,True,S21_D19 hbr,mild_master_41,,-0.01700298320005345
461,constant,7.0,3.7535791678985836e-18,0.8351031340083559,1.5525330728180536e-09,-0.21605861800565906,-0.0003354381501211479,21,19,hbr,False,S21_D19 hbr,mild_master_41,,
469,Linear,7.0,1.8468323477486103e-15,0.46108439250791333,3.144121990390573e-12,0.7797491399434467,2.451626417884327e-06,22,10,hbr,False,S22_D10 hbr,mild_master_41,,
470,ShortHbO,7.0,1.8468323477486103e-15,0.00028325471979599753,0.0035374357831411416,6.677454301351395,23621.065785890158,22,10,hbr,True,S22_D10 hbr,mild_master_41,,
471,az_itd=0_az=15,7.0,1.8468323477486103e-15,0.00016250909828277433,3.0928301898869416e-08,7.301802459438619,0.22583235087142484,22,10,hbr,True,S22_D10 hbr,mild_master_41,,-0.08446136727287591
472,az_itd=0_az=5,7.0,1.8468323477486103e-15,0.00011280333296627118,3.091149267848847e-08,-7.736588844617965,-0.2391495094268838,22,10,hbr,True,S22_D10 hbr,mild_master_41,,-0.3700581151254913
473,az_itd=15_az=0,7.0,1.8468323477486103e-15,0.0020225807352998336,3.0829933904391425e-08,4.775589209286766,0.14723109967683587,22,10,hbr,True,S22_D10 hbr,mild_master_41,,0.3925633511273105
474,az_itd=5_az=0,7.0,1.8468323477486103e-15,0.0015347344537852538,3.1552833177685094e-08,5.01751409126412,0.158316785088341,22,10,hbr,True,S22_D10 hbr,mild_master_41,,0.08771247089936125
475,constant,7.0,1.8468323477486103e-15,0.1228334411776196,3.443751511357802e-08,-1.7542247810845693,-0.06041114241121295,22,10,hbr,False,S22_D10 hbr,mild_master_41,,
483,Linear,7.0,9.741137784063295e-18,0.006728212716144422,2.283444681465027e-13,-3.798466832698251,-8.673588886846128e-07,22,11,hbr,True,S22_D11 hbr,mild_master_41,,
484,ShortHbO,7.0,9.741137784063295e-18,9.111950624488699e-05,0.0002569092086670051,-8.000408391247936,-2055.3785888083744,22,11,hbr,True,S22_D11 hbr,mild_master_41,,
485,az_itd=0_az=15,7.0,9.741137784063295e-18,1.7657856934963025e-07,2.2461935857948385e-09,20.297306489418702,0.04559167964544424,22,11,hbr,True,S22_D11 hbr,mild_master_41,,0.04846098008493314
486,az_itd=0_az=5,7.0,9.741137784063295e-18,0.00014018747589782644,2.2449728022185088e-09,7.475327444701627,0.016781906801032736,22,11,hbr,True,S22_D11 hbr,mild_master_41,,0.013485178813099907
487,az_itd=15_az=0,7.0,9.741137784063295e-18,1.0420150136852e-05,2.239049528582566e-09,11.145859637449421,0.024956131766878574,22,11,hbr,True,S22_D11 hbr,mild_master_41,,0.01974866385398061
488,az_itd=5_az=0,7.0,9.741137784063295e-18,2.12536764068596e-07,2.291550688075818e-09,19.7588116214678,0.045278318366735,22,11,hbr,True,S22_D11 hbr,mild_master_41,,-0.014479570052840424
489,constant,7.0,9.741137784063295e-18,0.22594688330013782,2.501053107013916e-09,-1.3276644162097604,-0.003320559213233239,22,11,hbr,False,S22_D11 hbr,mild_master_41,,
497,Linear,7.0,1.1187045717313415e-18,0.35690779013239515,7.738260722916558e-14,0.9861574433821969,7.631143410736264e-08,22,12,hbr,False,S22_D12 hbr,mild_master_41,,
498,ShortHbO,7.0,1.1187045717313415e-18,0.00795160110084552,8.70627808468724e-05,3.671201537475845,319.6250149019606,22,12,hbr,True,S22_D12 hbr,mild_master_41,,
499,az_itd=0_az=15,7.0,1.1187045717313415e-18,0.0035269890023233597,7.61202219703938e-10,-4.309101311038149,-0.0032800974828913884,22,12,hbr,True,S22_D12 hbr,mild_master_41,,-0.0027331888070015755
500,az_itd=0_az=5,7.0,1.1187045717313415e-18,2.4687256300706877e-05,7.607885139690641e-10,-9.784899209072721,-0.007444238928607507,22,12,hbr,True,S22_D12 hbr,mild_master_41,,-0.006455370462999912
501,az_itd=15_az=0,7.0,1.1187045717313415e-18,0.5162795300356328,7.587812029927941e-10,0.6834831978735031,0.0005186142031078186,22,12,hbr,False,S22_D12 hbr,mild_master_41,,-0.005188290460927142
502,az_itd=5_az=0,7.0,1.1187045717313415e-18,8.0236184446402e-06,7.765730796128815e-10,-11.590595235268085,-0.009000944236398528,22,12,hbr,True,S22_D12 hbr,mild_master_41,,-0.006837011273798212
503,constant,7.0,1.1187045717313415e-18,0.46044049093142203,8.475703913929317e-10,0.7809165896558268,0.0006618817795398226,22,12,hbr,False,S22_D12 hbr,mild_master_41,,
511,Linear,7.0,8.695834310699605e-18,0.3492983573848375,2.1574526841480458e-13,1.0029250832578525,2.1637634128740564e-07,22,19,hbr,False,S22_D19 hbr,mild_master_41,,
512,ShortHbO,7.0,8.695834310699605e-18,0.017812346193310753,0.00024273391263648607,-3.0801212740565473,-747.6498882466241,22,19,hbr,True,S22_D19 hbr,mild_master_41,,
513,az_itd=0_az=15,7.0,8.695834310699605e-18,0.11471261401153553,2.1222569655946445e-09,1.8010227301820845,0.0038222330343232126,22,19,hbr,False,S22_D19 hbr,mild_master_41,,0.038811448858988226
514,az_itd=0_az=5,7.0,8.695834310699605e-18,4.004772339883009e-05,2.121103540322338e-09,9.087705441434958,0.01927596418523426,22,19,hbr,True,S22_D19 hbr,mild_master_41,,0.027297134211530794
515,az_itd=15_az=0,7.0,8.695834310699605e-18,7.8043351317243e-06,2.1155070909279043e-09,-11.638683599509488,-0.024621717683828627,22,19,hbr,True,S22_D19 hbr,mild_master_41,,-0.00011640780348537738
516,az_itd=5_az=0,7.0,8.695834310699605e-18,1.6639500586766667e-05,2.165111431417961e-09,-10.387769475361338,-0.02249067843803939,22,19,hbr,True,S22_D19 hbr,mild_master_41,,-0.012731723665689748
517,constant,7.0,8.695834310699605e-18,0.9317582195859395,2.363054284924496e-09,-0.08876063164250673,-0.00020974619093543036,22,19,hbr,False,S22_D19 hbr,mild_master_41,,
525,Linear,7.0,3.0321697622944877e-15,0.9924710123426006,4.0286766184261895e-12,0.009778301260786604,3.939361365725832e-08,23,9,hbr,False,S23_D9 hbr,mild_master_41,,
526,ShortHbO,7.0,3.0321697622944877e-15,0.000629811762923814,0.004532643730835178,-5.851233959621979,-26521.55892473046,23,9,hbr,True,S23_D9 hbr,mild_master_41,,
527,az_itd=0_az=15,7.0,3.0321697622944877e-15,0.012175816210462993,3.962954589180024e-08,-3.354484730841535,-0.13293670658422782,23,9,hbr,True,S23_D9 hbr,mild_master_41,,-0.5095239569163552
528,az_itd=0_az=5,7.0,3.0321697622944877e-15,0.22878952810521228,3.960800763300186e-08,-1.3186481311784082,-0.05222902524495803,23,9,hbr,False,S23_D9 hbr,mild_master_41,,0.052882188209427715
529,az_itd=15_az=0,7.0,3.0321697622944877e-15,0.09698337913548324,3.950350344161347e-08,-1.9154044031134427,-0.07566518443047347,23,9,hbr,False,S23_D9 hbr,mild_master_41,,0.016020467086545805
530,az_itd=5_az=0,7.0,3.0321697622944877e-15,0.00014384707155405018,4.042978028732635e-08,7.444827182787837,0.30099272727722703,23,9,hbr,True,S23_D9 hbr,mild_master_41,,-0.057360015273842414
531,constant,7.0,3.0321697622944877e-15,0.8121953216408226,4.412602703037482e-08,0.2467317180006943,0.010887290457749454,23,9,hbr,False,S23_D9 hbr,mild_master_41,,
539,Linear,7.0,3.4139971957667684e-17,0.6812917698998624,4.274814085994652e-13,0.4283158177608161,1.830970491018255e-07,24,10,hbr,False,S24_D10 hbr,mild_master_41,,
540,ShortHbO,7.0,3.4139971957667684e-17,0.002066693531864716,0.0004809571753351334,4.75698002159457,2287.9036743117863,24,10,hbr,True,S24_D10 hbr,mild_master_41,,
541,az_itd=0_az=15,7.0,3.4139971957667684e-17,2.0523013865353303e-05,4.205076680143643e-09,-10.063238600760766,-0.04231668996678044,24,10,hbr,True,S24_D10 hbr,mild_master_41,,-0.028037111354870782
542,az_itd=0_az=5,7.0,3.4139971957667684e-17,0.5163372722138115,4.202791263347516e-09,0.6833860968479266,0.0028721291173256255,24,10,hbr,False,S24_D10 hbr,mild_master_41,,-0.002359235350311828
543,az_itd=15_az=0,7.0,3.4139971957667684e-17,1.1383421106327724e-06,4.191702361663293e-09,-15.470552041510324,-0.0648479495286337,24,10,hbr,True,S24_D10 hbr,mild_master_41,,-0.05047002425334751
544,az_itd=5_az=0,7.0,3.4139971957667684e-17,0.7912873258074711,4.289989260380196e-09,0.27495775451748544,0.0011795658139382669,24,10,hbr,False,S24_D10 hbr,mild_master_41,,0.033989149551193566
545,constant,7.0,3.4139971957667684e-17,0.186496210176365,4.682196655985656e-09,1.4644081370341298,0.006856646882219386,24,10,hbr,False,S24_D10 hbr,mild_master_41,,
