,Condition,df,mse,p_value,se,t,theta,Source,Detector,Chroma,Significant,ch_name,ID,mean_hbo,mean_hbr
756,Linear,7.0,1.0604783090016965e-16,0.2473106481379808,7.893171348985106e-13,1.2621737684760905,9.96255382677604e-07,2,6,hbo,False,S2_D6 hbo,mild_master_38,,
757,ShortHbO,7.0,1.0604783090016965e-16,1.9484173833436478e-11,0.009665422334171003,75.12319413474613,726097.3984042393,2,6,hbo,True,S2_D6 hbo,mild_master_38,,
758,az_itd=0_az=15,7.0,1.0604783090016965e-16,0.00012155565883966968,7.604677962413933e-09,-7.64593794669434,-0.058144895805210886,2,6,hbo,True,S2_D6 hbo,mild_master_38,0.0027755914811454364,
759,az_itd=0_az=5,7.0,1.0604783090016965e-16,0.5367334764030853,7.63236800128098e-09,0.6495059220299639,0.004957268215943996,2,6,hbo,False,S2_D6 hbo,mild_master_38,0.0210280771719396,
760,az_itd=15_az=0,7.0,1.0604783090016965e-16,0.00018414666090131387,7.62128726142521e-09,-7.157518405948661,-0.054549503850673,2,6,hbo,True,S2_D6 hbo,mild_master_38,-0.11235703177345877,
761,az_itd=5_az=0,7.0,1.0604783090016965e-16,2.612183894037583e-06,7.691035885671667e-09,-13.6917838816031,-0.10530400117227037,2,6,hbo,True,S2_D6 hbo,mild_master_38,-0.07662795164636566,
762,constant,7.0,1.0604783090016965e-16,0.7643249442850293,8.897626425004068e-09,0.31173052239518784,0.002773661733543746,2,6,hbo,False,S2_D6 hbo,mild_master_38,,
770,Linear,7.0,1.3725416482445271e-16,0.7987299119884345,8.979732542787823e-13,-0.2648830571153291,-2.3785790080116468e-07,4,2,hbo,False,S4_D2 hbo,mild_master_38,,
771,ShortHbO,7.0,1.3725416482445271e-16,1.4157762067291831e-11,0.010995948730430553,78.63346313285912,864649.52910512,4,2,hbo,True,S4_D2 hbo,mild_master_38,,
772,az_itd=0_az=15,7.0,1.3725416482445271e-16,0.0009592799164217552,8.651525623511285e-09,-5.44678402420944,-0.047122991551179876,4,2,hbo,True,S4_D2 hbo,mild_master_38,-0.07660856304099774,
773,az_itd=0_az=5,7.0,1.3725416482445271e-16,7.054139128542923e-05,8.683027428315949e-09,8.32651084016549,0.07229932200732703,4,2,hbo,True,S4_D2 hbo,mild_master_38,0.07203842699225854,
774,az_itd=15_az=0,7.0,1.3725416482445271e-16,0.00041652915777087407,8.670421331744405e-09,-6.268752247338644,-0.05435272320874566,4,2,hbo,True,S4_D2 hbo,mild_master_38,-0.09542858222861068,
775,az_itd=5_az=0,7.0,1.3725416482445271e-16,0.04677023390249857,8.749771438725313e-09,2.4100547175338627,0.021087427933242992,4,2,hbo,True,S4_D2 hbo,mild_master_38,0.10169393899290789,
776,constant,7.0,1.3725416482445271e-16,0.8860942925974907,1.0122459278988175e-08,0.14855428327300912,0.001503734683150309,4,2,hbo,False,S4_D2 hbo,mild_master_38,,
784,Linear,7.0,1.876216453753926e-15,0.9072648038112411,3.320030748705208e-12,-0.12077248882910385,-4.00968376510281e-07,4,4,hbo,False,S4_D4 hbo,mild_master_38,,
785,ShortHbO,7.0,1.876216453753926e-15,4.0467086427489337e-07,0.0406547608431126,17.993237162085535,731510.7536179934,4,4,hbo,True,S4_D4 hbo,mild_master_38,,
786,az_itd=0_az=15,7.0,1.876216453753926e-15,0.00016902353248667424,3.1986844771159624e-08,7.256188341995333,0.23210257012570285,4,4,hbo,True,S4_D4 hbo,mild_master_38,0.7070934031381608,
787,az_itd=0_az=5,7.0,1.876216453753926e-15,6.572382587008306e-05,3.210331478860485e-08,-8.418561911943739,-0.270263743126489,4,4,hbo,True,S4_D4 hbo,mild_master_38,-0.18819626003868228,
788,az_itd=15_az=0,7.0,1.876216453753926e-15,0.019437355933752207,3.205670691020842e-08,3.018138170831929,0.09675157075687171,4,4,hbo,True,S4_D4 hbo,mild_master_38,-0.47033250751520406,
789,az_itd=5_az=0,7.0,1.876216453753926e-15,0.25452651555271577,3.235008401674736e-08,-1.2411526701945161,-0.04015139315840292,4,4,hbo,False,S4_D4 hbo,mild_master_38,0.15238152914977915,
790,constant,7.0,1.876216453753926e-15,0.9816013658517408,3.742525281084106e-08,-0.023897459881539036,-0.0008943684776035303,4,4,hbo,False,S4_D4 hbo,mild_master_38,,
798,Linear,7.0,6.467756713486183e-17,0.009342781724856468,6.164210679611234e-13,3.5500768040306805,2.1883421348846035e-06,5,1,hbo,True,S5_D1 hbo,mild_master_38,,
799,ShortHbO,7.0,6.467756713486183e-17,7.760694709664828e-12,0.007548258734166531,85.69214796372184,646826.5043166542,5,1,hbo,True,S5_D1 hbo,mild_master_38,,
800,az_itd=0_az=15,7.0,6.467756713486183e-17,3.686733375396564e-06,5.938910361668953e-09,-13.011846241582475,-0.07727618846857738,5,1,hbo,True,S5_D1 hbo,mild_master_38,-0.0937912422695646,
801,az_itd=0_az=5,7.0,6.467756713486183e-17,3.934444243154527e-08,5.96053503263534e-09,-25.2190444987005,-0.1503189982240939,5,1,hbo,True,S5_D1 hbo,mild_master_38,-0.17428426500600327,
802,az_itd=15_az=0,7.0,6.467756713486183e-17,2.709236869494777e-07,5.951881474776656e-09,-19.074518635134165,-0.11352927410473715,5,1,hbo,True,S5_D1 hbo,mild_master_38,-0.23494368487634607,
803,az_itd=5_az=0,7.0,6.467756713486183e-17,0.0002044402124962324,6.0063520032193835e-09,-7.038580790904836,-0.04227619383327274,5,1,hbo,True,S5_D1 hbo,mild_master_38,-0.04404695372048877,
804,constant,7.0,6.467756713486183e-17,0.6979601348578106,6.948644772453006e-09,0.40444200688245585,0.00281032383688418,5,1,hbo,False,S5_D1 hbo,mild_master_38,,
812,Linear,7.0,1.0083354255410348e-16,0.018969932159979105,7.696675002238419e-13,3.035385783928511,2.336237788531244e-06,5,3,hbo,True,S5_D3 hbo,mild_master_38,,
813,ShortHbO,7.0,1.0083354255410348e-16,1.5015104674412333e-11,0.009424806731841196,77.97511473503923,734900.3862708873,5,3,hbo,True,S5_D3 hbo,mild_master_38,,
814,az_itd=0_az=15,7.0,1.0083354255410348e-16,1.450069445696358e-05,7.415363506698802e-09,-10.60565790133745,-0.07864480856610954,5,3,hbo,True,S5_D3 hbo,mild_master_38,-0.08511434429644811,
815,az_itd=0_az=5,7.0,1.0083354255410348e-16,1.2718736935656524e-07,7.442364216620857e-09,-21.28568065239727,-0.15841578801382034,5,3,hbo,True,S5_D3 hbo,mild_master_38,-0.16318366907621962,
816,az_itd=15_az=0,7.0,1.0083354255410348e-16,2.7984245876124583e-06,7.431559325952268e-09,-13.553280051853768,-0.1007220047665967,5,3,hbo,True,S5_D3 hbo,mild_master_38,-0.28203461665507346,
817,az_itd=5_az=0,7.0,1.0083354255410348e-16,1.578761515793196e-06,7.499571594905135e-09,-14.745574704959935,-0.11058549320786919,5,3,hbo,True,S5_D3 hbo,mild_master_38,-0.24177321183814438,
818,constant,7.0,1.0083354255410348e-16,0.5012168834500436,8.676124697760444e-09,0.7090543935182274,0.006151844335659046,5,3,hbo,False,S5_D3 hbo,mild_master_38,,
826,Linear,7.0,1.4637267271712995e-17,0.0013285812144648614,2.932450144917632e-13,-5.146882089239671,-1.509297512846484e-06,6,2,hbo,True,S6_D2 hbo,mild_master_38,,
827,ShortHbO,7.0,1.4637267271712995e-17,7.211328589028182e-09,0.0035908721439544366,32.19655777238681,115613.72243608351,6,2,hbo,True,S6_D2 hbo,mild_master_38,,
828,az_itd=0_az=15,7.0,1.4637267271712995e-17,1.3350469069224443e-06,2.825269844902076e-09,15.113123213415074,0.04269865127715117,6,2,hbo,True,S6_D2 hbo,mild_master_38,0.0720397220594558,
829,az_itd=0_az=5,7.0,1.4637267271712995e-17,1.3059372140738267e-07,2.835557174911565e-09,21.204361979629226,0.06012618075075964,6,2,hbo,True,S6_D2 hbo,mild_master_38,0.06919147541554105,
830,az_itd=15_az=0,7.0,1.4637267271712995e-17,2.39265393279034e-08,2.8314404877450012e-09,27.093633409248614,0.07671401059506716,6,2,hbo,True,S6_D2 hbo,mild_master_38,0.059140935449003416,
831,az_itd=5_az=0,7.0,1.4637267271712995e-17,2.3176300962242625e-08,2.8573533121645082e-09,27.218265819841882,0.07777220199169924,6,2,hbo,True,S6_D2 hbo,mild_master_38,0.09256238917931515,
832,constant,7.0,1.4637267271712995e-17,0.36208921587225407,3.305622638330408e-09,-0.9748973820392227,-0.0032226428561179035,6,2,hbo,False,S6_D2 hbo,mild_master_38,,
840,Linear,7.0,6.358636957552923e-17,0.797277141673435,6.11199022232988e-13,-0.26684718411137953,-1.6309673801450128e-07,7,7,hbo,False,S7_D7 hbo,mild_master_38,,
841,ShortHbO,7.0,6.358636957552923e-17,8.890297528734656e-11,0.007484313235989462,60.45993907823023,452501.122290315,7,7,hbo,True,S7_D7 hbo,mild_master_38,,
842,az_itd=0_az=15,7.0,6.358636957552923e-17,0.011282350101928589,5.888598548695864e-09,3.4103566376741155,0.020082221147143104,7,7,hbo,True,S7_D7 hbo,mild_master_38,0.05000947896646848,
843,az_itd=0_az=5,7.0,6.358636957552923e-17,0.00046101640329847157,5.91004002504657e-09,-6.164353065217617,-0.036431573343954624,7,7,hbo,True,S7_D7 hbo,mild_master_38,-0.053492012257561866,
844,az_itd=15_az=0,7.0,6.358636957552923e-17,0.061792959239847664,5.901459776289729e-09,2.2209237793079812,0.01310669234979142,7,7,hbo,False,S7_D7 hbo,mild_master_38,-0.07910083340101855,
845,az_itd=5_az=0,7.0,6.358636957552923e-17,0.36239240196476197,5.955468854588799e-09,-0.9742423570339536,-0.005802070014136892,7,7,hbo,False,S7_D7 hbo,mild_master_38,0.020351726326038252,
846,constant,7.0,6.358636957552923e-17,0.8189162705194046,6.889778937658717e-09,0.2377066511022079,0.0016377462781053812,7,7,hbo,False,S7_D7 hbo,mild_master_38,,
854,Linear,7.0,4.6071005854432256e-15,0.22847798216579684,5.202528678896141e-12,-1.3196315089347652,-6.865420770808105e-06,8,18,hbo,False,S8_D18 hbo,mild_master_38,,
855,ShortHbO,7.0,4.6071005854432256e-15,0.0006525081604461461,0.06370650612270498,5.816431402034496,370544.5227260041,8,18,hbo,True,S8_D18 hbo,mild_master_38,,
856,az_itd=0_az=15,7.0,4.6071005854432256e-15,0.8035562392254099,5.0123775912092645e-08,-0.25836616636668136,-0.012950287826229983,8,18,hbo,False,S8_D18 hbo,mild_master_38,-0.7046931558069242,
857,az_itd=0_az=5,7.0,4.6071005854432256e-15,0.08673829050979648,5.030628585005832e-08,-1.9911949889991793,-0.10016962429979645,8,18,hbo,False,S8_D18 hbo,mild_master_38,0.7722308909523962,
858,az_itd=15_az=0,7.0,4.6071005854432256e-15,0.27364711492625654,5.0233250736117143e-08,-1.1878017568936747,-0.05966714347884042,8,18,hbo,False,S8_D18 hbo,mild_master_38,0.22904573258149957,
859,az_itd=5_az=0,7.0,4.6071005854432256e-15,8.663836950136834e-07,5.069297624049556e-08,16.10146635789849,0.8162312515180867,8,18,hbo,True,S8_D18 hbo,mild_master_38,0.5401444210984868,
860,constant,7.0,4.6071005854432256e-15,0.9629548302934136,5.8645827644600334e-08,0.048132908430002626,0.0028227942518192642,8,18,hbo,False,S8_D18 hbo,mild_master_38,,
910,Linear,7.0,3.137490484368549e-17,0.9592875578062201,4.293306011204787e-13,-0.052902660324560855,-2.271273095801621e-08,9,5,hbo,False,S9_D5 hbo,mild_master_38,,
911,ShortHbO,7.0,3.137490484368549e-17,7.865755483972216e-12,0.005257280498980293,85.52755514041368,449642.3477651586,9,5,hbo,True,S9_D5 hbo,mild_master_38,,
912,az_itd=0_az=15,7.0,3.137490484368549e-17,0.3505676003668879,4.136386778617989e-09,-1.0001087075163453,-0.004136836434951336,9,5,hbo,False,S9_D5 hbo,mild_master_38,0.058832581439836995,
913,az_itd=0_az=5,7.0,3.137490484368549e-17,0.06015301631730636,4.151448127860543e-09,-2.2391528715754005,-0.009295726996695257,9,5,hbo,False,S9_D5 hbo,mild_master_38,0.0058710907988775525,
914,az_itd=15_az=0,7.0,3.137490484368549e-17,0.005102590286431404,4.145421018486122e-09,4.01334103884718,0.016636988296790025,9,5,hbo,True,S9_D5 hbo,mild_master_38,0.05349486210962058,
915,az_itd=5_az=0,7.0,3.137490484368549e-17,0.44407245340510515,4.183359151906865e-09,-0.8109793373621352,-0.003392617832961254,9,5,hbo,False,S9_D5 hbo,mild_master_38,0.03427195331155857,
916,constant,7.0,3.137490484368549e-17,0.8972792796644793,4.839655865425531e-09,-0.13386163461002207,-0.0006478442450958427,9,5,hbo,False,S9_D5 hbo,mild_master_38,,
924,Linear,7.0,7.772439217427935e-17,0.2154992234435581,6.757394952329718e-13,-1.361678826850252,-9.201401631252145e-07,9,6,hbo,False,S9_D6 hbo,mild_master_38,,
925,ShortHbO,7.0,7.772439217427935e-17,4.784003692020561e-12,0.008274630462882316,91.82910779260735,759851.9327200126,9,6,hbo,True,S9_D6 hbo,mild_master_38,,
926,az_itd=0_az=15,7.0,7.772439217427935e-17,0.05513996203499216,6.510413901494274e-09,2.2981654240623883,0.014962008124749257,9,6,hbo,False,S9_D6 hbo,mild_master_38,0.045070613644725845,
927,az_itd=0_az=5,7.0,7.772439217427935e-17,0.2415633220229648,6.534119522542786e-09,1.2792960835894722,0.0083590735148945,9,6,hbo,False,S9_D6 hbo,mild_master_38,0.04200947040586791,
928,az_itd=15_az=0,7.0,7.772439217427935e-17,0.0009505302493729681,6.524633229611986e-09,5.4553832197668495,0.035594374635958416,9,6,hbo,True,S9_D6 hbo,mild_master_38,-0.01151295653171964,
929,az_itd=5_az=0,7.0,7.772439217427935e-17,0.00023790504432118442,6.58434547714549e-09,6.868859691562984,0.0452269452432897,9,6,hbo,True,S9_D6 hbo,mild_master_38,0.08146838274003546,
930,constant,7.0,7.772439217427935e-17,0.9641790413230927,7.617315427945039e-09,0.04654095169108152,0.00035451710934772005,9,6,hbo,False,S9_D6 hbo,mild_master_38,,
938,Linear,7.0,8.760428776497204e-17,0.6201256652724905,7.174032129951217e-13,-0.5184485700232665,-3.7193666990741774e-07,9,7,hbo,False,S9_D7 hbo,mild_master_38,,
939,ShortHbO,7.0,8.760428776497204e-17,1.8895274137149825e-11,0.008784815039370269,75.45364931578251,662846.3532846563,9,7,hbo,True,S9_D7 hbo,mild_master_38,,
940,az_itd=0_az=15,7.0,8.760428776497204e-17,0.011329623040412552,6.9118230972274874e-09,3.407282930007855,0.023550536854417242,9,7,hbo,True,S9_D7 hbo,mild_master_38,0.09541314561791941,
941,az_itd=0_az=5,7.0,8.760428776497204e-17,0.008547431007985495,6.936990323394108e-09,-3.6167174447377746,-0.025089133916596607,9,7,hbo,True,S9_D7 hbo,mild_master_38,0.011009662455150115,
942,az_itd=15_az=0,7.0,8.760428776497204e-17,0.2724400434441281,6.9269191390457345e-09,1.1910753703988206,0.008250482779261577,9,7,hbo,False,S9_D7 hbo,mild_master_38,-0.04264534909810576,
943,az_itd=5_az=0,7.0,8.760428776497204e-17,0.004740025181556702,6.990313033494551e-09,4.071536304515111,0.028461313295798218,9,7,hbo,True,S9_D7 hbo,mild_master_38,0.08210984464375076,
944,constant,7.0,8.760428776497204e-17,0.9086404450006289,8.086972274013738e-09,0.11897118698309783,0.0009621166905388163,9,7,hbo,False,S9_D7 hbo,mild_master_38,,
868,Linear,7.0,4.0255249239305495e-17,0.7775654706415618,4.863085395274199e-13,0.29361639091155695,1.4278815824551127e-07,9,15,hbo,False,S9_D15 hbo,mild_master_38,,
869,ShortHbO,7.0,4.0255249239305495e-17,9.949922298286489e-11,0.005954992247635389,59.49348677787568,354283.25254704815,9,15,hbo,True,S9_D15 hbo,mild_master_38,,
870,az_itd=0_az=15,7.0,4.0255249239305495e-17,0.29121599706800716,4.685340872466157e-09,1.1414657369263885,0.005348156071740911,9,15,hbo,False,S9_D15 hbo,mild_master_38,0.049372623398222217,
871,az_itd=0_az=5,7.0,4.0255249239305495e-17,0.0002568949635993376,4.70240106508775e-09,-6.784100525428226,-0.03190156153643605,9,15,hbo,True,S9_D15 hbo,mild_master_38,-0.007625699921589323,
872,az_itd=15_az=0,7.0,4.0255249239305495e-17,0.019521821252734595,4.695574077331001e-09,3.015068463105097,0.014157477316734515,9,15,hbo,True,S9_D15 hbo,mild_master_38,-0.029145158399972025,
873,az_itd=5_az=0,7.0,4.0255249239305495e-17,0.00039854445957238516,4.738547110718529e-09,-6.314562603921927,-0.02992185238226552,9,15,hbo,True,S9_D15 hbo,mild_master_38,0.013154152270320945,
874,constant,7.0,4.0255249239305495e-17,0.870105565435065,5.481943214827924e-09,0.1696216952135399,0.0009298565011634751,9,15,hbo,False,S9_D15 hbo,mild_master_38,,
882,Linear,7.0,5.0613888842774295e-17,0.15368411548572147,5.452999895029929e-13,-1.5997632534374358,-8.723508853067075e-07,9,16,hbo,False,S9_D16 hbo,mild_master_38,,
883,ShortHbO,7.0,5.0613888842774295e-17,1.4273269329884756e-11,0.006677360042415806,78.54214786208405,524454.199779794,9,16,hbo,True,S9_D16 hbo,mild_master_38,,
884,az_itd=0_az=15,7.0,5.0613888842774295e-17,0.0013240485596051148,5.253694148691138e-09,5.149972278956735,0.027056379227876563,9,16,hbo,True,S9_D16 hbo,mild_master_38,0.07336547035577279,
885,az_itd=0_az=5,7.0,5.0613888842774295e-17,0.019936291523286947,5.272823820702477e-09,3.000206864421528,0.015819562221756924,9,16,hbo,True,S9_D16 hbo,mild_master_38,0.07785775921304527,
886,az_itd=15_az=0,7.0,5.0613888842774295e-17,4.60766676824487e-05,5.265168688107625e-09,8.893835847432566,0.04682754602107109,9,16,hbo,True,S9_D16 hbo,mild_master_38,0.0031297618960764583,
887,az_itd=5_az=0,7.0,5.0613888842774295e-17,0.0023519470842923583,5.3133545469821216e-09,4.6463516984280355,0.024687713923720708,9,16,hbo,True,S9_D16 hbo,mild_master_38,0.09204937832780628,
888,constant,7.0,5.0613888842774295e-17,0.9119455944189259,6.146927998440219e-09,-0.11464512095808511,-0.000704715303901819,9,16,hbo,False,S9_D16 hbo,mild_master_38,,
896,Linear,7.0,4.1229971539340195e-17,0.49095391544468614,4.921609514322109e-13,0.7267639854996282,3.576848545701625e-07,9,17,hbo,False,S9_D17 hbo,mild_master_38,,
897,ShortHbO,7.0,4.1229971539340195e-17,5.274880503315326e-11,0.006026656766537045,65.14860837055856,392628.30146689876,9,17,hbo,True,S9_D17 hbo,mild_master_38,,
898,az_itd=0_az=15,7.0,4.1229971539340195e-17,0.4237045892941108,4.741725949986431e-09,0.8494935189955637,0.004028065463366555,9,17,hbo,False,S9_D17 hbo,mild_master_38,0.03418186863593253,
899,az_itd=0_az=5,7.0,4.1229971539340195e-17,0.005506940820918292,4.758991451103106e-09,-3.9535480550635995,-0.01881490139557298,9,17,hbo,True,S9_D17 hbo,mild_master_38,0.009794657231909904,
900,az_itd=15_az=0,7.0,4.1229971539340195e-17,0.055466418037066686,4.752082304919817e-09,-2.294159861250329,-0.010902036481304991,9,17,hbo,False,S9_D17 hbo,mild_master_38,-0.09076259702446499,
901,az_itd=5_az=0,7.0,4.1229971539340195e-17,0.00036077352777636276,4.795572491249851e-09,-6.4188132882807,-0.03078188443174792,9,17,hbo,True,S9_D17 hbo,mild_master_38,-0.055938409811207214,
902,constant,7.0,4.1229971539340195e-17,0.9956461713347222,5.547914891498508e-09,0.005654482938807782,3.1370590099935936e-05,9,17,hbo,False,S9_D17 hbo,mild_master_38,,
42,Linear,7.0,2.451394574436475e-17,0.8757944237775404,3.7949603797799345e-13,-0.16211654280083804,-6.152258568360783e-08,10,6,hbo,False,S10_D6 hbo,mild_master_38,,
43,ShortHbO,7.0,2.451394574436475e-17,4.3273533634008535e-12,0.004647041498311741,93.15561890538024,432898.0268542158,10,6,hbo,True,S10_D6 hbo,mild_master_38,,
44,az_itd=0_az=15,7.0,2.451394574436475e-17,0.003437214741516422,3.656255552092783e-09,-4.330150393330565,-0.015832136417011627,10,6,hbo,True,S10_D6 hbo,mild_master_38,0.030575442314712736,
45,az_itd=0_az=5,7.0,2.451394574436475e-17,0.006371568137802712,3.669568654744295e-09,-3.8403594572264956,-0.014092462687189165,10,6,hbo,True,S10_D6 hbo,mild_master_38,0.023552316579960816,
46,az_itd=15_az=0,7.0,2.451394574436475e-17,8.290113375364581e-05,3.6642411422816767e-09,8.119568336784202,0.02975205635721228,10,6,hbo,True,S10_D6 hbo,mild_master_38,0.0477635725240375,
47,az_itd=5_az=0,7.0,2.451394574436475e-17,0.04743284368793167,3.6977756056622923e-09,2.4004778071785267,0.008876428277318469,10,6,hbo,True,S10_D6 hbo,mild_master_38,0.029711360440877087,
48,constant,7.0,2.451394574436475e-17,0.7574822150787773,4.277892657342986e-09,-0.3211369114313883,-0.0013737892354141407,10,6,hbo,False,S10_D6 hbo,mild_master_38,,
0,Linear,7.0,6.307024744776291e-17,0.4785552780720993,6.087134575094835e-13,0.7484875502752791,4.5561444463086846e-07,10,14,hbo,False,S10_D14 hbo,mild_master_38,,
1,ShortHbO,7.0,6.307024744776291e-17,1.313006146924177e-12,0.007453876759028047,110.47084232683838,823436.0441702725,10,14,hbo,True,S10_D14 hbo,mild_master_38,,
2,az_itd=0_az=15,7.0,6.307024744776291e-17,0.0002842493682865359,5.864651368986635e-09,-6.673651103527628,-0.03913863708044247,10,14,hbo,True,S10_D14 hbo,mild_master_38,-0.07291549484787015,
3,az_itd=0_az=5,7.0,6.307024744776291e-17,1.1937439387849612e-05,5.886005649227239e-09,-10.92070689111488,-0.06427934245465702,10,14,hbo,True,S10_D14 hbo,mild_master_38,0.00927225509617342,
4,az_itd=15_az=0,7.0,6.307024744776291e-17,0.0005604432134707401,5.8774602937913186e-09,-5.966987820942833,-0.03507073399112788,10,14,hbo,True,S10_D14 hbo,mild_master_38,-0.018018446114647556,
5,az_itd=5_az=0,7.0,6.307024744776291e-17,0.6127912384780587,5.931249733225001e-09,-0.5295588790841541,-0.0031409459602948194,10,14,hbo,False,S10_D14 hbo,mild_master_38,0.03714951044429692,
6,constant,7.0,6.307024744776291e-17,0.6275105999088499,6.861760254942859e-09,0.5073324630060119,0.003481193730696921,10,14,hbo,False,S10_D14 hbo,mild_master_38,,
14,Linear,7.0,1.3404249178553688e-17,0.26653902032873233,2.806221076481027e-13,1.2072564977812401,3.3878286287923865e-07,10,15,hbo,False,S10_D15 hbo,mild_master_38,,
15,ShortHbO,7.0,1.3404249178553688e-17,8.251230963107419e-13,0.0034363009072048843,118.05450667335394,405670.80838127126,10,15,hbo,True,S10_D15 hbo,mild_master_38,,
16,az_itd=0_az=15,7.0,1.3404249178553688e-17,6.713192244008735e-05,2.703654416512913e-09,-8.390887634957375,-0.0226860604127161,10,15,hbo,True,S10_D15 hbo,mild_master_38,-0.009208435262960458,
17,az_itd=0_az=5,7.0,1.3404249178553688e-17,3.799492094930232e-05,2.7134989222561317e-09,-9.161382400962186,-0.024859401271387183,10,15,hbo,True,S10_D15 hbo,mild_master_38,0.011935969231354373,
18,az_itd=15_az=0,7.0,1.3404249178553688e-17,0.0015442428621680767,2.7095594403481064e-09,-5.012020660548621,-0.013580367896009266,10,15,hbo,True,S10_D15 hbo,mild_master_38,0.011093783629626102,
19,az_itd=5_az=0,7.0,1.3404249178553688e-17,8.07863334065396e-05,2.7343568317592446e-09,-8.152399515474825,-0.022291569310369342,10,15,hbo,True,S10_D15 hbo,mild_master_38,0.018920800371732067,
20,constant,7.0,1.3404249178553688e-17,0.7318514718407545,3.163330136968507e-09,0.3566651307855183,0.0011282495570196442,10,15,hbo,False,S10_D15 hbo,mild_master_38,,
28,Linear,7.0,4.773637174302413e-17,0.851486911072082,5.295723958746578e-13,0.19426363559451953,1.0287665893311117e-07,10,16,hbo,False,S10_D16 hbo,mild_master_38,,
29,ShortHbO,7.0,4.773637174302413e-17,1.4655585743211513e-10,0.006484770995508037,56.285762180822786,365000.27805026283,10,16,hbo,True,S10_D16 hbo,mild_master_38,,
30,az_itd=0_az=15,7.0,4.773637174302413e-17,0.8835456655922742,5.102166607505072e-09,-0.15190715848718261,-0.0007750556314742838,10,16,hbo,False,S10_D16 hbo,mild_master_38,0.0378460180414005,
31,az_itd=0_az=5,7.0,4.773637174302413e-17,0.0002504223878594247,5.120744539715514e-09,-6.812175098963165,-0.03488340844160162,10,16,hbo,True,S10_D16 hbo,mild_master_38,-0.0021118170555218577,
32,az_itd=15_az=0,7.0,4.773637174302413e-17,0.013796694822587312,5.1133101971755675e-09,3.2635448892219032,0.016687517360998567,10,16,hbo,True,S10_D16 hbo,mild_master_38,-0.052226518846596105,
33,az_itd=5_az=0,7.0,4.773637174302413e-17,0.001065526993275081,5.1601062749724945e-09,-5.3488458081436185,-0.027600612818462208,10,16,hbo,True,S10_D16 hbo,mild_master_38,0.0526968810519402,
34,constant,7.0,4.773637174302413e-17,0.7619487699132572,5.969637722476309e-09,0.31499337256244037,0.001880396319178778,10,16,hbo,False,S10_D16 hbo,mild_master_38,,
112,Linear,7.0,6.777846646235002e-15,0.5211201083999852,6.3102491214853794e-12,0.6753669249320396,4.261733544732685e-06,11,3,hbo,False,S11_D3 hbo,mild_master_38,,
113,ShortHbO,7.0,6.777846646235002e-15,0.009323582829960916,0.07727087136000146,3.551612057353816,274436.15840441687,11,3,hbo,True,S11_D3 hbo,mild_master_38,,
114,az_itd=0_az=15,7.0,6.777846646235002e-15,0.0004488372312926613,6.079611135981724e-08,6.191773089500724,0.3764357262640057,11,3,hbo,True,S11_D3 hbo,mild_master_38,0.25958674654635455,
115,az_itd=0_az=5,7.0,6.777846646235002e-15,0.14269508418190266,6.101748124488524e-08,-1.6511321457609296,-0.10074792473679464,11,3,hbo,False,S11_D3 hbo,mild_master_38,0.17913433083186325,
116,az_itd=15_az=0,7.0,6.777846646235002e-15,0.6204337355920798,6.092889552205119e-08,0.5179834476489378,0.031560159363953996,11,3,hbo,False,S11_D3 hbo,mild_master_38,-0.6005599954272383,
117,az_itd=5_az=0,7.0,6.777846646235002e-15,3.749764727116397e-06,6.148650560729609e-08,-12.97921903596494,-0.7980468240331825,11,3,hbo,True,S11_D3 hbo,mild_master_38,-1.003201549630442,
118,constant,7.0,6.777846646235002e-15,0.9263673267093375,7.1132675130518e-08,0.09579609284971156,0.006814232351451471,11,3,hbo,False,S11_D3 hbo,mild_master_38,,
126,Linear,7.0,5.1842839214790684e-17,0.13783640333348154,5.518804691930979e-13,-1.6750360915124682,-9.24419704099274e-07,11,4,hbo,False,S11_D4 hbo,mild_master_38,,
127,ShortHbO,7.0,5.1842839214790684e-17,7.338131893993157e-13,0.006757939967206718,120.04993824696666,811290.2757398743,11,4,hbo,True,S11_D4 hbo,mild_master_38,,
128,az_itd=0_az=15,7.0,5.1842839214790684e-17,0.00041565563497974626,5.317093797158022e-09,6.270925614151255,0.033343099685443,11,4,hbo,True,S11_D4 hbo,mild_master_38,0.026997489696619918,
129,az_itd=0_az=5,7.0,5.1842839214790684e-17,0.018716204872785632,5.336454319014534e-09,3.044938144077032,0.016249173310091975,11,4,hbo,True,S11_D4 hbo,mild_master_38,0.009426050697766114,
130,az_itd=15_az=0,7.0,5.1842839214790684e-17,0.000406872959884601,5.328706807095392e-09,6.293066183585585,0.033533904609974324,11,4,hbo,True,S11_D4 hbo,mild_master_38,0.004700642151665874,
131,az_itd=5_az=0,7.0,5.1842839214790684e-17,0.00019749077499992197,5.377474155190093e-09,7.077753292905132,0.03806043540940892,11,4,hbo,True,S11_D4 hbo,mild_master_38,0.05977766339741636,
132,constant,7.0,5.1842839214790684e-17,0.9746247727727287,6.221106864438624e-09,0.032962392533157546,0.00020506256645634686,11,4,hbo,False,S11_D4 hbo,mild_master_38,,
56,Linear,7.0,6.200647354131939e-17,0.7079122429264664,6.035581965460658e-13,-0.39031046962157434,-2.3557508313784545e-07,11,11,hbo,False,S11_D11 hbo,mild_master_38,,
57,ShortHbO,7.0,6.200647354131939e-17,2.0080364988261335e-11,0.007390749060095344,74.80007460692173,552828.5810961684,11,11,hbo,True,S11_D11 hbo,mild_master_38,,
58,az_itd=0_az=15,7.0,6.200647354131939e-17,0.0011871792787653001,5.814982994000659e-09,5.249260136111381,0.030524358422573266,11,11,hbo,True,S11_D11 hbo,mild_master_38,0.09668371433363682,
59,az_itd=0_az=5,7.0,6.200647354131939e-17,3.535021357995636e-05,5.836156422502291e-09,-9.263242030661278,-0.054061729470436984,11,11,hbo,True,S11_D11 hbo,mild_master_38,0.032714335389112864,
60,az_itd=15_az=0,7.0,6.200647354131939e-17,0.9222311311860123,5.827683438617802e-09,0.10119774416383952,0.0005897484176890889,11,11,hbo,False,S11_D11 hbo,mild_master_38,-0.07413162738230848,
61,az_itd=5_az=0,7.0,6.200647354131939e-17,0.12315948689909216,5.881017329395651e-09,1.7524082892436765,0.010305943517218648,11,11,hbo,False,S11_D11 hbo,mild_master_38,0.08700032122229882,
62,constant,7.0,6.200647354131939e-17,0.8427354259688932,6.80364725555663e-09,0.20589175400501897,0.001400814867077988,11,11,hbo,False,S11_D11 hbo,mild_master_38,,
70,Linear,7.0,2.5063818602493605e-17,0.6105536235095372,3.837286760124823e-13,-0.5329627395113861,-2.0451308639668966e-07,11,12,hbo,False,S11_D12 hbo,mild_master_38,,
71,ShortHbO,7.0,2.5063818602493605e-17,4.2036959666514293e-13,0.00469887140593977,129.99918326507787,610849.4450397983,11,12,hbo,True,S11_D12 hbo,mild_master_38,,
72,az_itd=0_az=15,7.0,2.5063818602493605e-17,0.04344310964188796,3.6970349141015537e-09,2.460348718901576,0.009095995114644154,11,12,hbo,True,S11_D12 hbo,mild_master_38,0.0475387869120814,
73,az_itd=0_az=5,7.0,2.5063818602493605e-17,0.002907549976518187,3.710496501951858e-09,-4.4681064833776585,-0.016578893476921222,11,12,hbo,True,S11_D12 hbo,mild_master_38,0.058087620251849714,
74,az_itd=15_az=0,7.0,2.5063818602493605e-17,0.03880742557398801,3.7051095700760657e-09,-2.5374650029825645,-0.009401585866283793,11,12,hbo,True,S11_D12 hbo,mild_master_38,0.007475293269251847,
75,az_itd=5_az=0,7.0,2.5063818602493605e-17,0.0001817800950358481,3.739018053817809e-09,7.172343405300203,0.026817521480598558,11,12,hbo,True,S11_D12 hbo,mild_master_38,0.074605919419511,
76,constant,7.0,2.5063818602493605e-17,0.9824459755995183,4.325605332461825e-09,-0.022800197927167976,-9.862465773494284e-05,11,12,hbo,False,S11_D12 hbo,mild_master_38,,
84,Linear,7.0,5.488557407856505e-17,0.17634847083254726,5.678449154220428e-13,1.5037712653138657,8.539088669662504e-07,11,13,hbo,False,S11_D13 hbo,mild_master_38,,
85,ShortHbO,7.0,5.488557407856505e-17,1.298344461889596e-12,0.0069534293444311925,110.64829087887601,769385.0727083347,11,13,hbo,True,S11_D13 hbo,mild_master_38,,
86,az_itd=0_az=15,7.0,5.488557407856505e-17,0.0003679057276429091,5.470903295332682e-09,-6.398216323967191,-0.03500402277104347,11,13,hbo,True,S11_D13 hbo,mild_master_38,-0.009356421810734396,
87,az_itd=0_az=5,7.0,5.488557407856505e-17,1.6260624291272616e-06,5.49082386601751e-09,-14.681745463940088,-0.08061487838819655,11,13,hbo,True,S11_D13 hbo,mild_master_38,-0.018957687961408315,
88,az_itd=15_az=0,7.0,5.488557407856505e-17,9.096337220283216e-05,5.4828522390148564e-09,-8.002557399865466,-0.04387683975769728,11,13,hbo,True,S11_D13 hbo,mild_master_38,-0.044673662683099954,
89,az_itd=5_az=0,7.0,5.488557407856505e-17,0.0013242885863252712,5.533030297851912e-09,-5.149808343309887,-0.028494045591664168,11,13,hbo,True,S11_D13 hbo,mild_master_38,0.01167346161361884,
90,constant,7.0,5.488557407856505e-17,0.6643058350993227,6.401067076053035e-09,0.4529275655624152,0.0028992197277584284,11,13,hbo,False,S11_D13 hbo,mild_master_38,,
98,Linear,7.0,3.54419126249442e-17,0.07630966137944417,4.563091854255721e-13,2.0780041893807697,9.482123989672652e-07,11,20,hbo,False,S11_D20 hbo,mild_master_38,,
99,ShortHbO,7.0,3.54419126249442e-17,6.057962587461726e-13,0.00558764126242716,123.38463200407261,689429.0609353469,11,20,hbo,True,S11_D20 hbo,mild_master_38,,
100,az_itd=0_az=15,7.0,3.54419126249442e-17,5.942008152520444e-06,4.396312018361391e-09,-12.121640364816608,-0.05329051321809781,11,20,hbo,True,S11_D20 hbo,mild_master_38,-0.03484227474673407,
101,az_itd=0_az=5,7.0,3.54419126249442e-17,3.182893663925846e-07,4.412319803472314e-09,-18.63298464966401,-0.08221468716750815,11,20,hbo,True,S11_D20 hbo,mild_master_38,-0.05402294289626315,
102,az_itd=15_az=0,7.0,3.54419126249442e-17,1.4474116363430802e-05,4.405913958275314e-09,-10.608590706876958,-0.04674053787305897,11,20,hbo,True,S11_D20 hbo,mild_master_38,-0.01810950444558831,
103,az_itd=5_az=0,7.0,3.54419126249442e-17,0.06391500882907751,4.446236075339893e-09,-2.1980469849667963,-0.009773035799851452,11,20,hbo,False,S11_D20 hbo,mild_master_38,0.012756670164864826,
104,constant,7.0,3.54419126249442e-17,0.589086602358375,5.143773632554791e-09,0.5659737171495585,0.002911240682992922,11,20,hbo,False,S11_D20 hbo,mild_master_38,,
182,Linear,7.0,7.958584843749539e-17,0.07292679267418552,6.837834121915507e-13,2.108713866062069,1.4419035626715581e-06,12,2,hbo,False,S12_D2 hbo,mild_master_38,,
183,ShortHbO,7.0,7.958584843749539e-17,4.218023694810158e-11,0.008373130610906674,67.26618296362085,563228.5356515427,12,2,hbo,True,S12_D2 hbo,mild_master_38,,
184,az_itd=0_az=15,7.0,7.958584843749539e-17,0.08141217750047956,6.5879130400810204e-09,-2.0341542566463247,-0.013400831352896637,12,2,hbo,False,S12_D2 hbo,mild_master_38,0.006755038077141808,
185,az_itd=0_az=5,7.0,7.958584843749539e-17,2.4984529201726175e-06,6.611900849825783e-09,-13.782011119299513,-0.09112529103200484,12,2,hbo,True,S12_D2 hbo,mild_master_38,-0.03091307217525998,
186,az_itd=15_az=0,7.0,7.958584843749539e-17,6.211000383852154e-06,6.6023016332711336e-09,-12.041980083919333,-0.07950478477587908,12,2,hbo,True,S12_D2 hbo,mild_master_38,-0.1490823280193927,
187,az_itd=5_az=0,7.0,7.958584843749539e-17,7.21455931809344e-05,6.662724687800466e-09,-8.297426696186744,-0.05528346969389807,12,2,hbo,True,S12_D2 hbo,mild_master_38,-0.00029331297864748895,
188,constant,7.0,7.958584843749539e-17,0.8457550504830523,7.707990981441534e-09,0.20187608707090857,0.001556059058511269,12,2,hbo,False,S12_D2 hbo,mild_master_38,,
196,Linear,7.0,3.768699216031525e-17,0.25093134269702877,4.705398118666264e-13,-1.2515614873455179,-5.88909506795075e-07,12,4,hbo,False,S12_D4 hbo,mild_master_38,,
197,ShortHbO,7.0,3.768699216031525e-17,9.501018127141375e-11,0.005761899502304716,59.887839270051686,345067.7112842157,12,4,hbo,True,S12_D4 hbo,mild_master_38,,
198,az_itd=0_az=15,7.0,3.768699216031525e-17,0.0007573158525309929,4.533417025338776e-09,5.67157731844658,0.025711625175970972,12,4,hbo,True,S12_D4 hbo,mild_master_38,-0.0012446975935575763,
199,az_itd=0_az=5,7.0,3.768699216031525e-17,7.081796008972519e-05,4.549924035136246e-09,8.321443639873848,0.03786193642409366,12,4,hbo,True,S12_D4 hbo,mild_master_38,-0.005383865903373673,
200,az_itd=15_az=0,7.0,3.768699216031525e-17,2.298700056784719e-05,4.543318414889894e-09,9.891595534406072,0.04494066814410974,12,4,hbo,True,S12_D4 hbo,mild_master_38,0.031456835816060284,
201,az_itd=5_az=0,7.0,3.768699216031525e-17,0.0003001093131851382,4.584898032358992e-09,-6.614952723987315,-0.0303288837283572,12,4,hbo,True,S12_D4 hbo,mild_master_38,-0.09115068322327256,
202,constant,7.0,3.768699216031525e-17,0.8980152090254796,5.304189252928428e-09,0.1328961077463462,0.0007049061064641878,12,4,hbo,False,S12_D4 hbo,mild_master_38,,
140,Linear,7.0,6.995586914502897e-17,0.20256886171936722,6.410807173296338e-13,1.4058509748485917,9.012639514145001e-07,12,10,hbo,False,S12_D10 hbo,mild_master_38,,
141,ShortHbO,7.0,6.995586914502897e-17,1.0421463120370553e-10,0.007850223451795361,59.10056389810095,463952.6327272024,12,10,hbo,True,S12_D10 hbo,mild_master_38,,
142,az_itd=0_az=15,7.0,6.995586914502897e-17,0.07996228788568731,6.1764938168129725e-09,2.0463305810059973,0.01263914818073884,12,10,hbo,False,S12_D10 hbo,mild_master_38,0.04868659116701438,
143,az_itd=0_az=5,7.0,6.995586914502897e-17,5.728450671644014e-05,6.198983573078121e-09,-8.599852078806709,-0.05331034176742453,12,10,hbo,True,S12_D10 hbo,mild_master_38,-0.01566509373484264,
144,az_itd=15_az=0,7.0,6.995586914502897e-17,0.018250157407929155,6.189983833504249e-09,-3.06284793961977,-0.018958979230728177,12,10,hbo,True,S12_D10 hbo,mild_master_38,-0.12224699533164117,
145,az_itd=5_az=0,7.0,6.995586914502897e-17,2.150875275119879e-05,6.246633431096507e-09,-9.99190268865989,-0.06241575337524594,12,10,hbo,True,S12_D10 hbo,mild_master_38,-0.05056190251452445,
146,constant,7.0,6.995586914502897e-17,0.9907250848998383,7.226622201488302e-09,-0.012045944693918323,-8.705149136297036e-05,12,10,hbo,False,S12_D10 hbo,mild_master_38,,
154,Linear,7.0,7.496956682713745e-17,0.734082784615662,6.636561703411015e-13,0.3535527294294492,2.3463745042679193e-07,12,11,hbo,False,S12_D11 hbo,mild_master_38,,
155,ShortHbO,7.0,7.496956682713745e-17,4.149190616954086e-11,0.008126666567108098,67.42469467814801,547938.0120383768,12,11,hbo,True,S12_D11 hbo,mild_master_38,,
156,az_itd=0_az=15,7.0,7.496956682713745e-17,0.0003052314923590061,6.39399707680478e-09,6.596736745489031,0.04217951546710754,12,11,hbo,True,S12_D11 hbo,mild_master_38,0.07812835356349399,
157,az_itd=0_az=5,7.0,7.496956682713745e-17,0.00022443038789435064,6.417278802664519e-09,-6.933756172259067,-0.04449584650708239,12,11,hbo,True,S12_D11 hbo,mild_master_38,-0.0001737059797866144,
158,az_itd=15_az=0,7.0,7.496956682713745e-17,0.5041198986620598,6.407962140131692e-09,0.7040879455177023,0.004511768898200541,12,11,hbo,False,S12_D11 hbo,mild_master_38,-0.12062150895409444,
159,az_itd=5_az=0,7.0,7.496956682713745e-17,0.0006310149957699069,6.46660663523684e-09,-5.849353956420452,-0.03782547110643736,12,11,hbo,True,S12_D11 hbo,mild_master_38,-0.012895922876795297,
160,constant,7.0,7.496956682713745e-17,0.9811410256026935,7.481105397646332e-09,-0.02449551768779942,-0.00018325354959233744,12,11,hbo,False,S12_D11 hbo,mild_master_38,,
168,Linear,7.0,5.571643276800058e-17,0.950577417338013,5.721267941625749e-13,0.06423704204764975,3.675173293320838e-08,12,12,hbo,False,S12_D12 hbo,mild_master_38,,
169,ShortHbO,7.0,5.571643276800058e-17,2.484183408840141e-10,0.007005862219103641,52.190214780991155,365637.4539410504,12,12,hbo,True,S12_D12 hbo,mild_master_38,,
170,az_itd=0_az=15,7.0,5.571643276800058e-17,0.029158253700053326,5.512157067050229e-09,2.7342723421782074,0.015071738614177588,12,12,hbo,True,S12_D12 hbo,mild_master_38,0.05775526946007797,
171,az_itd=0_az=5,7.0,5.571643276800058e-17,0.29472274575715146,5.532227850347337e-09,-1.1324951764296667,-0.006265221355428223,12,12,hbo,False,S12_D12 hbo,mild_master_38,0.04504515386019638,
172,az_itd=15_az=0,7.0,5.571643276800058e-17,0.4099684010986392,5.524196112671394e-09,0.8762218779092308,0.004840421491783801,12,12,hbo,False,S12_D12 hbo,mild_master_38,-0.10037440791043258,
173,az_itd=5_az=0,7.0,5.571643276800058e-17,0.277219030880339,5.574752543062971e-09,-1.1781848565451936,-0.006568089025223599,12,12,hbo,False,S12_D12 hbo,mild_master_38,0.0357169783390472,
174,constant,7.0,5.571643276800058e-17,0.9002817336272748,6.449334820088922e-09,-0.12992334839026154,-0.0008379191747158579,12,12,hbo,False,S12_D12 hbo,mild_master_38,,
210,Linear,7.0,5.758309546327441e-17,0.034639585128661075,5.816317952905474e-13,2.615411301783866,1.5212063708797375e-06,13,1,hbo,True,S13_D1 hbo,mild_master_38,,
211,ShortHbO,7.0,5.758309546327441e-17,1.6951530211928754e-11,0.007122253775965559,76.6341587802041,545807.9267402529,13,1,hbo,True,S13_D1 hbo,mild_master_38,,
212,az_itd=0_az=15,7.0,5.758309546327441e-17,0.0036227435287462476,5.603733024817707e-09,-4.287289549111689,-0.024024826033312987,13,1,hbo,True,S13_D1 hbo,mild_master_38,-0.03563291626354894,
213,az_itd=0_az=5,7.0,5.758309546327441e-17,2.7142507046452436e-07,5.624137253113065e-09,-19.069395069105372,-0.10724889520248612,13,1,hbo,True,S13_D1 hbo,mild_master_38,-0.1207723068183173,
214,az_itd=15_az=0,7.0,5.758309546327441e-17,1.2655329392678536e-06,5.615972080547428e-09,-15.232150789585578,-0.08554333356100106,13,1,hbo,True,S13_D1 hbo,mild_master_38,-0.1980348541273678,
215,az_itd=5_az=0,7.0,5.758309546327441e-17,1.255929490714465e-05,5.667368427777023e-09,-10.837657230132928,-0.06142099641712474,13,1,hbo,True,S13_D1 hbo,mild_master_38,-0.06696517621310549,
216,constant,7.0,5.758309546327441e-17,0.6488130296074248,6.556480535627982e-09,0.4756442315707611,0.0031185521461774236,13,1,hbo,False,S13_D1 hbo,mild_master_38,,
224,Linear,7.0,5.3764957856796375e-17,0.10701599498039825,5.620180848579023e-13,1.8484130927283162,1.0388415864014405e-06,13,2,hbo,False,S13_D2 hbo,mild_master_38,,
225,ShortHbO,7.0,5.3764957856796375e-17,1.4565368910724694e-11,0.006882078076630177,78.31494389690666,538969.5584654235,13,2,hbo,True,S13_D2 hbo,mild_master_38,,
226,az_itd=0_az=15,7.0,5.3764957856796375e-17,0.012697776836461271,5.414764681304574e-09,-3.3238484718597925,-0.017997857311434582,13,2,hbo,True,S13_D2 hbo,mild_master_38,0.011012131023464329,
227,az_itd=0_az=5,7.0,5.3764957856796375e-17,1.8685676013557427e-06,5.434480840913475e-09,-14.384667274860636,-0.07817319870814517,13,2,hbo,True,S13_D2 hbo,mild_master_38,-0.03576278724769077,
228,az_itd=15_az=0,7.0,5.3764957856796375e-17,2.057706300758411e-05,5.426591013216588e-09,-10.059227343830484,-0.05458731270393308,13,2,hbo,True,S13_D2 hbo,mild_master_38,-0.1406342035553945,
229,az_itd=5_az=0,7.0,5.3764957856796375e-17,4.870599490854062e-05,5.4762541796262575e-09,-8.818100885130262,-0.04829016182856059,13,2,hbo,True,S13_D2 hbo,mild_master_38,-0.028743901248323288,
230,constant,7.0,5.3764957856796375e-17,0.665974621847633,6.3353837666337055e-09,0.45049629644814376,0.0028540669234461756,13,2,hbo,False,S13_D2 hbo,mild_master_38,,
238,Linear,7.0,9.229230172208861e-15,0.7974681401556659,7.36348445714221e-12,-0.2665888902685509,-1.9630231499392648e-06,13,9,hbo,False,S13_D9 hbo,mild_master_38,,
239,ShortHbO,7.0,9.229230172208861e-15,0.27475356316798977,0.09016805030912507,1.1848116355802236,106832.15516383438,13,9,hbo,False,S13_D9 hbo,mild_master_38,,
240,az_itd=0_az=15,7.0,9.229230172208861e-15,0.0542864419587248,7.094350990493434e-08,2.308752915392935,0.16379103532122471,13,9,hbo,False,S13_D9 hbo,mild_master_38,-0.5499469090608544,
241,az_itd=0_az=5,7.0,9.229230172208861e-15,0.0104939238316922,7.120182834476068e-08,-3.4637689239954805,-0.24662668035224258,13,9,hbo,True,S13_D9 hbo,mild_master_38,0.7221829045078613,
242,az_itd=15_az=0,7.0,9.229230172208861e-15,0.0002091503194796412,7.109845689608168e-08,7.012873620538415,0.49860449282751873,13,9,hbo,True,S13_D9 hbo,mild_master_38,0.08036322030422399,
243,az_itd=5_az=0,7.0,9.229230172208861e-15,1.4229373964330204e-05,7.17491369432238e-08,10.635887974134329,0.7631157827689511,13,9,hbo,True,S13_D9 hbo,mild_master_38,0.7547544160263769,
244,constant,7.0,9.229230172208861e-15,0.4716329345862954,8.300533586465145e-08,-0.7607801296204288,-0.06314881017829677,13,9,hbo,False,S13_D9 hbo,mild_master_38,,
252,Linear,7.0,1.0691772649656004e-15,0.7515347533324231,2.5062563684027457e-12,-0.3293386612592911,-8.254071171423329e-07,14,10,hbo,False,S14_D10 hbo,mild_master_38,,
253,ShortHbO,7.0,1.0691772649656004e-15,3.336496153640286e-07,0.030689852287867667,18.50570720447152,567937.4205877596,14,10,hbo,True,S14_D10 hbo,mild_master_38,,
254,az_itd=0_az=15,7.0,1.0691772649656004e-15,9.014741455258955e-05,2.4146533415117802e-08,8.013856325825554,0.19350684955549993,14,10,hbo,True,S14_D10 hbo,mild_master_38,0.18347608642200128,
255,az_itd=0_az=5,7.0,1.0691772649656004e-15,0.00034628298815824555,2.4234455408931837e-08,6.462104724742516,0.15660558879962022,14,10,hbo,True,S14_D10 hbo,mild_master_38,0.1587629471505559,
256,az_itd=15_az=0,7.0,1.0691772649656004e-15,1.0886615338783473e-05,2.4199271610681073e-08,-11.072872504810672,-0.2679554492543559,14,10,hbo,True,S14_D10 hbo,mild_master_38,-0.31366057856271856,
257,az_itd=5_az=0,7.0,1.0691772649656004e-15,6.204353421465018e-05,2.442073890940821e-08,-8.49418042515228,-0.20743416241204982,14,10,hbo,True,S14_D10 hbo,mild_master_38,-0.3583972722593809,
258,constant,7.0,1.0691772649656004e-15,0.4105924134287987,2.8251930568062823e-08,0.874993693473359,0.02472026107550218,14,10,hbo,False,S14_D10 hbo,mild_master_38,,
266,Linear,7.0,2.168480771127208e-17,0.9389083699597951,3.5692619609546184e-13,0.07943689106369425,2.8353107357013975e-08,15,17,hbo,False,S15_D17 hbo,mild_master_38,,
267,ShortHbO,7.0,2.168480771127208e-17,9.785241461658763e-11,0.004370667092936419,59.635750238460574,260648.01112981484,15,17,hbo,True,S15_D17 hbo,mild_master_38,,
268,az_itd=0_az=15,7.0,2.168480771127208e-17,0.000252002800412175,3.438806352537114e-09,6.805245440446754,0.023401921251182525,15,17,hbo,True,S15_D17 hbo,mild_master_38,-0.008631770519420049,
269,az_itd=0_az=5,7.0,2.168480771127208e-17,2.891052964137733e-05,3.4513276824380817e-09,-9.552363474209267,-0.03296833649124885,15,17,hbo,True,S15_D17 hbo,mild_master_38,-0.07315469593719919,
270,az_itd=15_az=0,7.0,2.168480771127208e-17,0.001270479629003299,3.446317014163216e-09,5.187410025260134,0.017877459429494837,15,17,hbo,True,S15_D17 hbo,mild_master_38,-0.037987029366966324,
271,az_itd=5_az=0,7.0,2.168480771127208e-17,0.02653046891021728,3.4778570758627268e-09,-2.7998368997081373,-0.009737432572911504,15,17,hbo,True,S15_D17 hbo,mild_master_38,-0.03206603361541588,
272,constant,7.0,2.168480771127208e-17,0.8601300614419866,4.023472712984376e-09,-0.18280870161264995,-0.0007355258226345999,15,17,hbo,False,S15_D17 hbo,mild_master_38,,
280,Linear,7.0,9.228147364617604e-17,0.11438444768613984,7.363052488787555e-13,-1.8029799653360334,-1.327543612100158e-06,15,18,hbo,False,S15_D18 hbo,mild_master_38,,
281,ShortHbO,7.0,9.228147364617604e-17,6.786214851095225e-12,0.009016276072855201,87.35196163333595,787589.4015916124,15,18,hbo,True,S15_D18 hbo,mild_master_38,,
282,az_itd=0_az=15,7.0,9.228147364617604e-17,5.486026041587986e-07,7.093934810471252e-09,17.21278923292782,0.12210640472477143,15,18,hbo,True,S15_D18 hbo,mild_master_38,0.027867526904870262,
283,az_itd=0_az=5,7.0,9.228147364617604e-17,0.1825319700559791,7.1197651390654555e-09,-1.4795485487101745,-0.010534038178661588,15,18,hbo,False,S15_D18 hbo,mild_master_38,-0.10979637696187283,
284,az_itd=15_az=0,7.0,9.228147364617604e-17,0.008454429168852407,7.1094286006114745e-09,3.6249455574947973,0.02577129162211302,15,18,hbo,True,S15_D18 hbo,mild_master_38,-0.0493197730380104,
285,az_itd=5_az=0,7.0,9.228147364617604e-17,0.003688597698382347,7.17449278820363e-09,4.272653271596243,0.030654120083561893,15,18,hbo,True,S15_D18 hbo,mild_master_38,0.022399137905005622,
286,constant,7.0,9.228147364617604e-17,0.9702617835173049,8.300046647454548e-09,0.038632897266034805,0.00032065484943440814,15,18,hbo,False,S15_D18 hbo,mild_master_38,,
294,Linear,7.0,3.673844182435403e-17,0.005758100235753692,4.645805269343769e-13,-3.9187745722014045,-1.820586355690366e-06,15,22,hbo,True,S15_D22 hbo,mild_master_38,,
295,ShortHbO,7.0,3.673844182435403e-17,2.5428609731793105e-11,0.005688926291496035,72.31610605513941,411400.9970356982,15,22,hbo,True,S15_D22 hbo,mild_master_38,,
296,az_itd=0_az=15,7.0,3.673844182435403e-17,1.6117936227413403e-06,4.476002279361102e-09,14.700775140064025,0.0658007030353016,15,22,hbo,True,S15_D22 hbo,mild_master_38,0.04069322747273414,
297,az_itd=0_az=5,7.0,3.673844182435403e-17,4.583617394980971e-05,4.492300231450209e-09,8.901006112994583,0.039985991821545296,15,22,hbo,True,S15_D22 hbo,mild_master_38,0.04277223882742137,
298,az_itd=15_az=0,7.0,3.673844182435403e-17,1.3218102528360796e-07,4.48577826995538e-09,21.167291359559826,0.09495177561452775,15,22,hbo,True,S15_D22 hbo,mild_master_38,0.11822723594082302,
299,az_itd=5_az=0,7.0,3.673844182435403e-17,3.064409844466668e-07,4.526831290563546e-09,18.73604456206426,0.08481491278494546,15,22,hbo,True,S15_D22 hbo,mild_master_38,0.1095448442190407,
300,constant,7.0,3.673844182435403e-17,0.6402423842031139,5.2370128434182884e-09,-0.48832807173174503,-0.0025573803834608357,15,22,hbo,False,S15_D22 hbo,mild_master_38,,
308,Linear,7.0,4.392230282341021e-17,0.22079199393784452,5.079759916167018e-13,-1.3442706351032998,-6.828572088678123e-07,16,16,hbo,False,S16_D16 hbo,mild_master_38,,
309,ShortHbO,7.0,4.392230282341021e-17,2.5647778439738645e-11,0.006220316622451163,72.22739484614206,449277.26475780096,16,16,hbo,True,S16_D16 hbo,mild_master_38,,
310,az_itd=0_az=15,7.0,4.392230282341021e-17,0.0030329549896666226,4.894095995242261e-09,4.433076358338535,0.02169590125194777,16,16,hbo,True,S16_D16 hbo,mild_master_38,0.047049200170700835,
311,az_itd=0_az=5,7.0,4.392230282341021e-17,0.4011520741402286,4.911916303872965e-09,0.8937220238983526,0.004389887780316662,16,16,hbo,False,S16_D16 hbo,mild_master_38,0.058999616677703474,
312,az_itd=15_az=0,7.0,4.392230282341021e-17,0.00011803184970764196,4.904785140026122e-09,7.681521082470161,0.03767621045809702,16,16,hbo,True,S16_D16 hbo,mild_master_38,0.020404060336677507,
313,az_itd=5_az=0,7.0,4.392230282341021e-17,0.0005039113765124125,4.949672834716863e-09,6.073869627129556,0.030063667495015007,16,16,hbo,True,S16_D16 hbo,mild_master_38,0.09753807083176938,
314,constant,7.0,4.392230282341021e-17,0.8760616777716399,5.726190914197699e-09,-0.16176422133804677,-0.000926292814468189,16,16,hbo,False,S16_D16 hbo,mild_master_38,,
322,Linear,7.0,8.584048522638601e-16,0.4231355405874636,2.2456740359179036e-12,-0.8505882905675356,-1.910144039383308e-06,16,18,hbo,False,S16_D18 hbo,mild_master_38,,
323,ShortHbO,7.0,8.584048522638601e-16,4.931123412225916e-06,0.027498944368944546,12.462513065986633,342705.95349881094,16,18,hbo,True,S16_D18 hbo,mild_master_38,,
324,az_itd=0_az=15,7.0,8.584048522638601e-16,3.9287484303410204e-06,2.163595226385888e-08,12.889868546860724,0.27888458056729465,16,18,hbo,True,S16_D18 hbo,mild_master_38,0.2520553180140742,
325,az_itd=0_az=5,7.0,8.584048522638601e-16,2.1710247924480836e-06,2.1714732767395373e-08,14.07040328452441,0.3055350472529297,16,18,hbo,True,S16_D18 hbo,mild_master_38,0.34312451527855614,
326,az_itd=15_az=0,7.0,8.584048522638601e-16,0.00043411666215641034,2.1683207124922066e-08,-6.226049804184861,-0.1350007274742208,16,18,hbo,True,S16_D18 hbo,mild_master_38,-0.17097166567363817,
327,az_itd=5_az=0,7.0,8.584048522638601e-16,0.6890864379415934,2.1881647862600215e-08,0.41711867929732926,0.00912724405729703,16,18,hbo,False,S16_D18 hbo,mild_master_38,-0.10034505570077586,
328,constant,7.0,8.584048522638601e-16,0.5874903062109961,2.5314500041225922e-08,-0.5684551107085914,-0.014390156923467725,16,18,hbo,False,S16_D18 hbo,mild_master_38,,
336,Linear,7.0,6.078627217823572e-17,0.005851381042825035,5.975900957508822e-13,-3.9062793119505947,-2.334353828058246e-06,16,22,hbo,True,S16_D22 hbo,mild_master_38,,
337,ShortHbO,7.0,6.078627217823572e-17,5.000520489789362e-12,0.0073176678964313015,91.24983378872146,667735.9792704192,16,22,hbo,True,S16_D22 hbo,mild_master_38,,
338,az_itd=0_az=15,7.0,6.078627217823572e-17,2.745375906246228e-06,5.757483311568916e-09,13.591637438227892,0.07825362572749238,16,22,hbo,True,S16_D22 hbo,mild_master_38,0.024102137176419937,
339,az_itd=0_az=5,7.0,6.078627217823572e-17,3.104299565195059e-05,5.778447373092846e-09,9.44915994061216,0.05460147343676449,16,22,hbo,True,S16_D22 hbo,mild_master_38,0.05662600218249807,
340,az_itd=15_az=0,7.0,6.078627217823572e-17,5.6796073213593904e-08,5.7700581717203816e-09,23.917588871278525,0.1380058791145691,16,22,hbo,True,S16_D22 hbo,mild_master_38,0.15093625108858044,
341,az_itd=5_az=0,7.0,6.078627217823572e-17,2.7188524639130973e-07,5.8228646866166935e-09,19.06470208778,0.11101118054780171,16,22,hbo,True,S16_D22 hbo,mild_master_38,0.15140487077561568,
342,constant,7.0,6.078627217823572e-17,0.5521112743525556,6.736371468684043e-09,-0.6244848616730175,-0.004206762004799217,16,22,hbo,False,S16_D22 hbo,mild_master_38,,
350,Linear,7.0,2.6893056425130793e-17,0.3082509639624348,3.9748497544272377e-13,-1.098686859524909,-4.3671151937750173e-07,16,23,hbo,False,S16_D23 hbo,mild_master_38,,
351,ShortHbO,7.0,2.6893056425130793e-17,5.418385308663877e-10,0.004867321370941094,46.674699065003615,227180.76024133636,16,23,hbo,True,S16_D23 hbo,mild_master_38,,
352,az_itd=0_az=15,7.0,2.6893056425130793e-17,0.33109293135018725,3.829570016275632e-09,1.0442305904080544,0.003998954159104486,16,23,hbo,False,S16_D23 hbo,mild_master_38,-0.006919983563931731,
353,az_itd=0_az=5,7.0,2.6893056425130793e-17,0.0003088418462105357,3.843514188943937e-09,6.584102365075932,0.025306090861628678,16,23,hbo,True,S16_D23 hbo,mild_master_38,0.038341285108458543,
354,az_itd=15_az=0,7.0,2.6893056425130793e-17,1.3352003585711257e-06,3.837934140805207e-09,15.11286832878824,0.058002193324550116,16,23,hbo,True,S16_D23 hbo,mild_master_38,0.052678388957782415,
355,az_itd=5_az=0,7.0,2.6893056425130793e-17,0.005056027048500287,3.873058210675211e-09,-4.02055729803845,-0.015571852454657963,16,23,hbo,True,S16_D23 hbo,mild_master_38,-0.011237426731417777,
356,constant,7.0,2.6893056425130793e-17,0.8266670413421587,4.480674072147202e-09,-0.22732584137672965,-0.00101857300338576,16,23,hbo,False,S16_D23 hbo,mild_master_38,,
364,Linear,7.0,3.841939799777891e-17,0.3366784837521748,4.750900266931515e-13,1.0313718337852114,4.899944720435807e-07,17,15,hbo,False,S17_D15 hbo,mild_master_38,,
365,ShortHbO,7.0,3.841939799777891e-17,2.9484062915099226e-11,0.005817618231906637,70.8016214066272,411896.80354374566,17,15,hbo,True,S17_D15 hbo,mild_master_38,,
366,az_itd=0_az=15,7.0,3.841939799777891e-17,0.0021324807185418124,4.5772560817656645e-09,-4.730028606187401,-0.021650552204596846,17,15,hbo,True,S17_D15 hbo,mild_master_38,0.005599394981366911,
367,az_itd=0_az=5,7.0,3.841939799777891e-17,3.5839038416345983e-06,4.59392271767516e-09,-13.066460785913277,-0.060026311044018635,17,15,hbo,True,S17_D15 hbo,mild_master_38,-0.04239311265406943,
368,az_itd=15_az=0,7.0,3.841939799777891e-17,0.010175090077707147,4.5872532197495456e-09,3.486609380040916,0.01599396010460166,17,15,hbo,True,S17_D15 hbo,mild_master_38,0.016569743368025,
369,az_itd=5_az=0,7.0,3.841939799777891e-17,7.2397394156140115e-06,4.6292349205006905e-09,-11.769920045869817,-0.05448572488784165,17,15,hbo,True,S17_D15 hbo,mild_master_38,0.009837642203300136,
370,constant,7.0,3.841939799777891e-17,0.8067863581888058,5.355481832159133e-09,0.254011550351821,0.0013603542430677522,17,15,hbo,False,S17_D15 hbo,mild_master_38,,
378,Linear,7.0,1.592152938970613e-16,0.2732414224099365,9.671481986693222e-13,-1.1889006556390547,-1.149843127498088e-06,17,17,hbo,False,S17_D17 hbo,mild_master_38,,
379,ShortHbO,7.0,1.592152938970613e-16,0.008512639522428247,0.011843016433532336,3.6197841317165023,42869.16295775811,17,17,hbo,True,S17_D17 hbo,mild_master_38,,
380,az_itd=0_az=15,7.0,1.592152938970613e-16,2.074718644585156e-05,9.317991802819032e-09,10.04667921245973,0.09361487454725213,17,17,hbo,True,S17_D17 hbo,mild_master_38,0.12327951047195941,
381,az_itd=0_az=5,7.0,1.592152938970613e-16,0.02040628460031638,9.351920334238525e-09,2.983745759769626,0.027903752642987546,17,17,hbo,True,S17_D17 hbo,mild_master_38,0.08110581393556476,
382,az_itd=15_az=0,7.0,1.592152938970613e-16,2.4535471808602944e-05,9.338343132987459e-09,9.794080462369475,0.09146048402969463,17,17,hbo,True,S17_D17 hbo,mild_master_38,0.08804785727277453,
383,az_itd=5_az=0,7.0,1.592152938970613e-16,0.17342582973140921,9.423805937881843e-09,-1.5154905500524452,-0.014281688844388052,17,17,hbo,False,S17_D17 hbo,mild_master_38,0.007389889995454574,
384,constant,7.0,1.592152938970613e-16,0.7579817117201808,1.0902238135856136e-08,-0.32044920332625915,-0.0034936135251082594,17,17,hbo,False,S17_D17 hbo,mild_master_38,,
392,Linear,7.0,6.716898331096506e-17,0.04212797693716648,6.281813278404716e-13,2.481330043862491,1.5587252017639952e-06,17,21,hbo,True,S17_D21 hbo,mild_master_38,,
393,ShortHbO,7.0,6.716898331096506e-17,8.318168568247433e-12,0.0076922666030798574,84.84641015644364,652661.207237627,17,21,hbo,True,S17_D21 hbo,mild_master_38,,
394,az_itd=0_az=15,7.0,6.716898331096506e-17,8.701002483105772e-06,6.052214615665973e-09,-11.450980661206506,-0.0693037925214624,17,21,hbo,True,S17_D21 hbo,mild_master_38,-0.03410692047788357,
395,az_itd=0_az=5,7.0,6.716898331096506e-17,6.405736620688548e-07,6.074251848375603e-09,-16.827873320451452,-0.10221674062098272,17,21,hbo,True,S17_D21 hbo,mild_master_38,-0.08657025279617322,
396,az_itd=15_az=0,7.0,6.716898331096506e-17,9.32729937573756e-06,6.065433195430803e-09,-11.332468777325438,-0.06873633230817285,17,21,hbo,True,S17_D21 hbo,mild_master_38,-0.08052935603355305,
397,az_itd=5_az=0,7.0,6.716898331096506e-17,0.00030471986035827476,6.120942928410082e-09,-6.598540766547328,-0.04038929144282351,17,21,hbo,True,S17_D21 hbo,mild_master_38,0.04714208183527008,
398,constant,7.0,6.716898331096506e-17,0.7232863441742627,7.081213032333565e-09,0.3686488442676488,0.0026104810003827823,17,21,hbo,False,S17_D21 hbo,mild_master_38,,
406,Linear,7.0,3.095578391282107e-17,0.01322786525336009,4.2645335853452466e-13,-3.2940889340793746,-1.4047752892495619e-06,17,22,hbo,True,S17_D22 hbo,mild_master_38,,
407,ShortHbO,7.0,3.095578391282107e-17,2.0759340321020112e-11,0.005222047810468236,74.4451811068651,388756.29499901633,17,22,hbo,True,S17_D22 hbo,mild_master_38,,
408,az_itd=0_az=15,7.0,3.095578391282107e-17,2.0233475231655618e-06,4.108665977537524e-09,14.2171543928576,0.058413538551332175,17,22,hbo,True,S17_D22 hbo,mild_master_38,0.07339077471623208,
409,az_itd=0_az=5,7.0,3.095578391282107e-17,0.0036817043852846528,4.123626390216672e-09,4.274171822562926,0.017625087723840974,17,22,hbo,True,S17_D22 hbo,mild_master_38,0.04273479132245232,
410,az_itd=15_az=0,7.0,3.095578391282107e-17,4.5226071687779354e-07,4.117639672688807e-09,17.704215827073455,0.07289958146340272,17,22,hbo,True,S17_D22 hbo,mild_master_38,0.09472259918776191,
411,az_itd=5_az=0,7.0,3.095578391282107e-17,6.928138129893583e-07,4.155323556324361e-09,16.63632700678905,0.06912932150202568,17,22,hbo,True,S17_D22 hbo,mild_master_38,0.1124108827827809,
412,constant,7.0,3.095578391282107e-17,0.7294070471533609,4.807221969679402e-09,-0.360079255050207,-0.0017309809057031477,17,22,hbo,False,S17_D22 hbo,mild_master_38,,
420,Linear,7.0,7.065537087796984e-17,0.32279797826437245,6.442778875353698e-13,-1.0636479603638074,-6.852848609844985e-07,18,16,hbo,False,S18_D16 hbo,mild_master_38,,
421,ShortHbO,7.0,7.065537087796984e-17,1.1549829218293771e-07,0.00788937374886403,21.58487998750813,170291.18554582717,18,16,hbo,True,S18_D16 hbo,mild_master_38,,
422,az_itd=0_az=15,7.0,7.065537087796984e-17,0.21785599607558254,6.207296961367503e-09,1.3538813659449709,0.008403943688882302,18,16,hbo,False,S18_D16 hbo,mild_master_38,0.006886161552484913,
423,az_itd=0_az=5,7.0,7.065537087796984e-17,0.0760238499240128,6.229898877578695e-09,-2.0805458126642655,-0.012961590023068164,18,16,hbo,False,S18_D16 hbo,mild_master_38,0.0313763932216903,
424,az_itd=15_az=0,7.0,7.065537087796984e-17,2.083319190767297e-06,6.220854254890346e-09,14.156133142758499,0.08806324109392345,18,16,hbo,True,S18_D16 hbo,mild_master_38,0.07360742010662594,
425,az_itd=5_az=0,7.0,7.065537087796984e-17,0.32345651926310964,6.277786372921439e-09,-1.0620919730563165,-0.006667586515242189,18,16,hbo,False,S18_D16 hbo,mild_master_38,0.07292491780840278,
426,constant,7.0,7.065537087796984e-17,0.8759322030659084,7.262662501198061e-09,0.16193490523752108,0.0011760785639036058,18,16,hbo,False,S18_D16 hbo,mild_master_38,,
434,Linear,7.0,8.487246515766144e-17,0.21006689605705203,7.061289939330062e-13,1.3799424389866415,9.74417366127096e-07,18,21,hbo,False,S18_D21 hbo,mild_master_38,,
435,ShortHbO,7.0,8.487246515766144e-17,1.211158435531066e-12,0.008646758884365703,111.75310286382641,966302.1350432254,18,21,hbo,True,S18_D21 hbo,mild_master_38,,
436,az_itd=0_az=15,7.0,8.487246515766144e-17,3.69765969365461e-05,6.8032016047318e-09,-9.199623224088286,-0.06258689148104536,18,21,hbo,True,S18_D21 hbo,mild_master_38,-0.10086400081840319,
437,az_itd=0_az=5,7.0,8.487246515766144e-17,1.3108132076894291e-05,6.827973319955831e-09,-10.76814848536826,-0.07352463056341728,18,21,hbo,True,S18_D21 hbo,mild_master_38,-0.05098797974019474,
438,az_itd=15_az=0,7.0,8.487246515766144e-17,9.69528714054978e-06,6.818060407464206e-09,-11.266977752064548,-0.07681893492313135,18,21,hbo,True,S18_D21 hbo,mild_master_38,-0.02979055278315953,
439,az_itd=5_az=0,7.0,8.487246515766144e-17,0.00985979255551796,6.880458046752368e-09,-3.5099690914814565,-0.024150195079335687,18,21,hbo,True,S18_D21 hbo,mild_master_38,0.05891581252592187,
440,constant,7.0,8.487246515766144e-17,0.660164827187321,7.959882939431813e-09,0.45897353796609996,0.0036533756345070185,18,21,hbo,False,S18_D21 hbo,mild_master_38,,
448,Linear,7.0,6.269219889424383e-17,0.6262291030987597,6.068863747443566e-13,-0.5092564367059931,-3.0906079268772903e-07,18,22,hbo,False,S18_D22 hbo,mild_master_38,,
449,ShortHbO,7.0,6.269219889424383e-17,6.24769326827552e-11,0.007431503588874194,63.5899321648082,472568.8090990387,18,22,hbo,True,S18_D22 hbo,mild_master_38,,
450,az_itd=0_az=15,7.0,6.269219889424383e-17,0.0001608668834982222,5.847048335395766e-09,7.3136268648728215,0.04276312978596039,18,22,hbo,True,S18_D22 hbo,mild_master_38,0.09065422545277782,
451,az_itd=0_az=5,7.0,6.269219889424383e-17,6.251866103956942e-05,5.868338519735568e-09,-8.484136816125826,-0.04978778688477786,18,22,hbo,True,S18_D22 hbo,mild_master_38,-0.008916507445580136,
452,az_itd=15_az=0,7.0,6.269219889424383e-17,0.0067302858965870085,5.8598188135956276e-09,3.7982304334937305,0.022256942152558034,18,22,hbo,True,S18_D22 hbo,mild_master_38,0.017000579836804558,
453,az_itd=5_az=0,7.0,6.269219889424383e-17,0.004350343472476637,5.913446801435753e-09,4.139784046825304,0.024480392730333853,18,22,hbo,True,S18_D22 hbo,mild_master_38,0.0604323269144531,
454,constant,7.0,6.269219889424383e-17,0.9831000243619628,6.841164350998936e-09,0.021950522018646314,0.00015016712871978037,18,22,hbo,False,S18_D22 hbo,mild_master_38,,
462,Linear,7.0,6.872267001379703e-17,0.053709066384986105,6.354050293521068e-13,-2.3160113763382326,-1.471605276562008e-06,18,23,hbo,False,S18_D23 hbo,mild_master_38,,
463,ShortHbO,7.0,6.872267001379703e-17,2.688490907501945e-12,0.007780722969778295,99.71474698548207,775852.8222955714,18,23,hbo,True,S18_D23 hbo,mild_master_38,,
464,az_itd=0_az=15,7.0,6.872267001379703e-17,0.0006544846787191511,6.121811386423586e-09,5.813464877728377,0.03558893548305118,18,23,hbo,True,S18_D23 hbo,mild_master_38,0.014479499402777254,
465,az_itd=0_az=5,7.0,6.872267001379703e-17,0.1685081016775947,6.1441020338467415e-09,1.5356236288895715,0.009435028261483529,18,23,hbo,False,S18_D23 hbo,mild_master_38,0.03653455342856458,
466,az_itd=15_az=0,7.0,6.872267001379703e-17,1.0718760656201276e-06,6.135181971780428e-09,15.60753622816543,0.09575507489095045,18,23,hbo,True,S18_D23 hbo,mild_master_38,0.13673944044993697,
467,az_itd=5_az=0,7.0,6.872267001379703e-17,1.3565299834221683e-05,6.191330032777847e-09,10.712725887873846,0.06632602152251008,18,23,hbo,True,S18_D23 hbo,mild_master_38,0.10889803354528427,
468,constant,7.0,6.872267001379703e-17,0.8238592990953226,7.1626426562635344e-09,-0.23108304891182077,-0.0016551653032752399,18,23,hbo,False,S18_D23 hbo,mild_master_38,,
476,Linear,7.0,1.1154139766590894e-16,0.03270821263356567,8.09503399481328e-13,2.654901002181825,2.1491513865525723e-06,19,14,hbo,True,S19_D14 hbo,mild_master_38,,
477,ShortHbO,7.0,1.1154139766590894e-16,1.5516277666667132e-12,0.009912609128826532,107.86539632575116,1069227.512303133,19,14,hbo,True,S19_D14 hbo,mild_master_38,,
478,az_itd=0_az=15,7.0,1.1154139766590894e-16,5.424761304968076e-06,7.79916258035669e-09,-12.287027549761248,-0.09582852548990967,19,14,hbo,True,S19_D14 hbo,mild_master_38,-0.07649262547054271,
479,az_itd=0_az=5,7.0,1.1154139766590894e-16,5.234865988637979e-07,7.82756077368557e-09,-17.330825042251707,-0.13565808627633702,19,14,hbo,True,S19_D14 hbo,mild_master_38,-0.060224589843452345,
480,az_itd=15_az=0,7.0,1.1154139766590894e-16,2.934880298855739e-06,7.816196651223983e-09,-13.4582989701304,-0.1051927113415044,19,14,hbo,True,S19_D14 hbo,mild_master_38,-0.08529688553233526,
481,az_itd=5_az=0,7.0,1.1154139766590894e-16,0.00023607929986008553,7.887729050484407e-09,-6.877407264421088,-0.05424712507158671,19,14,hbo,True,S19_D14 hbo,mild_master_38,-0.006868189374901491,
482,constant,7.0,1.1154139766590894e-16,0.6210671365213083,9.125177346215596e-09,0.5170275306413471,0.00471796790997821,19,14,hbo,False,S19_D14 hbo,mild_master_38,,
490,Linear,7.0,6.054015308472327e-17,0.012163638568738247,5.963790697506816e-13,3.3552162392976763,2.0009807396047287e-06,19,15,hbo,True,S19_D15 hbo,mild_master_38,,
491,ShortHbO,7.0,6.054015308472327e-17,1.2139032917232294e-12,0.007302838524012944,111.71695067015301,815850.8511392471,19,15,hbo,True,S19_D15 hbo,mild_master_38,,
492,az_itd=0_az=15,7.0,6.054015308472327e-17,3.3224237734610095e-07,5.745815678461192e-09,-18.517087050874878,-0.10639576909634758,19,15,hbo,True,S19_D15 hbo,mild_master_38,-0.0989785950115134,
493,az_itd=0_az=5,7.0,6.054015308472327e-17,4.6457033534536983e-07,5.76673725597517e-09,-17.635081528675908,-0.1016968816635749,19,15,hbo,True,S19_D15 hbo,mild_master_38,0.01807384325375765,
494,az_itd=15_az=0,7.0,6.054015308472327e-17,2.009761945878038e-07,5.758365055455053e-09,-19.919824556051612,-0.11470562163436307,19,15,hbo,True,S19_D15 hbo,mild_master_38,-0.048108495081353626,
495,az_itd=5_az=0,7.0,6.054015308472327e-17,6.893859539602598e-05,5.811064557094329e-09,-8.3563259261908,-0.048559149417215806,19,15,hbo,True,S19_D15 hbo,mild_master_38,0.04022167489273427,
496,constant,7.0,6.054015308472327e-17,0.5706082077037096,6.722720102883987e-09,0.5949376254142029,0.003999599134334125,19,15,hbo,False,S19_D15 hbo,mild_master_38,,
504,Linear,7.0,6.123546162817316e-17,0.025042303053573963,5.997940233596228e-13,2.840064274010248,1.703453577508533e-06,19,21,hbo,True,S19_D21 hbo,mild_master_38,,
505,ShortHbO,7.0,6.123546162817316e-17,1.5325963353761577e-12,0.0073446556434224475,108.0558371305794,793632.9139858469,19,21,hbo,True,S19_D21 hbo,mild_master_38,,
506,az_itd=0_az=15,7.0,6.123546162817316e-17,3.209740542889268e-06,5.778717057772969e-09,-13.28138247175444,-0.0767493514403343,19,21,hbo,True,S19_D21 hbo,mild_master_38,-0.05147221885926792,
507,az_itd=0_az=5,7.0,6.123546162817316e-17,9.287017203140906e-07,5.799758435293788e-09,-15.938658866782312,-0.09244037120989085,19,21,hbo,True,S19_D21 hbo,mild_master_38,-0.0332432389944371,
508,az_itd=15_az=0,7.0,6.123546162817316e-17,2.2622020226657709e-07,5.791338294331374e-09,-19.580673204737984,-0.1133983025593873,19,21,hbo,True,S19_D21 hbo,mild_master_38,-0.08072159465985022,
509,az_itd=5_az=0,7.0,6.123546162817316e-17,0.0035315486910918615,5.844339561009768e-09,-4.308047980644696,-0.02517769524401004,19,21,hbo,True,S19_D21 hbo,mild_master_38,0.008340507285932493,
510,constant,7.0,6.123546162817316e-17,0.5678527297916389,6.761215379532181e-09,0.5993029976294041,0.0040520166445716654,19,21,hbo,False,S19_D21 hbo,mild_master_38,,
518,Linear,7.0,5.3341355142169724e-17,0.00023283515132905487,5.597996959402022e-13,6.892780400682893,3.858576372484869e-06,20,12,hbo,True,S20_D12 hbo,mild_master_38,,
519,ShortHbO,7.0,5.3341355142169724e-17,1.7185772283827266e-12,0.006854913246623321,106.30127835755818,728686.0411462185,20,12,hbo,True,S20_D12 hbo,mild_master_38,,
520,az_itd=0_az=15,7.0,5.3341355142169724e-17,3.6130841450077055e-09,5.393391607582228e-09,-35.556538869644186,-0.19177033833421023,20,12,hbo,True,S20_D12 hbo,mild_master_38,-0.21974609334852743,
521,az_itd=0_az=5,7.0,5.3341355142169724e-17,4.352260255718699e-09,5.413029943876978e-09,-34.61888024937091,-0.18739303541333607,20,12,hbo,True,S20_D12 hbo,mild_master_38,-0.18618360092255698,
522,az_itd=15_az=0,7.0,5.3341355142169724e-17,4.186615488533831e-09,5.4051712587835e-09,-34.81230955538167,-0.18816649506062316,20,12,hbo,True,S20_D12 hbo,mild_master_38,-0.1830889781367021,
523,az_itd=5_az=0,7.0,5.3341355142169724e-17,2.7592753628689157e-08,5.454638395526244e-09,-26.54274045834505,-0.14478105122657675,20,12,hbo,True,S20_D12 hbo,mild_master_38,-0.11373617841476996,
524,constant,7.0,5.3341355142169724e-17,0.21264533399162858,6.310376839782177e-09,1.371222284578005,0.00865292934679425,20,12,hbo,False,S20_D12 hbo,mild_master_38,,
532,Linear,7.0,1.3913913009277866e-16,0.01773363769529981,9.041183374298752e-13,3.083274487112305,2.7876450031279287e-06,20,13,hbo,True,S20_D13 hbo,mild_master_38,,
533,ShortHbO,7.0,1.3913913009277866e-16,2.4131510773928516e-12,0.011071197095514568,101.26677030776118,1121144.3733034264,20,13,hbo,True,S20_D13 hbo,mild_master_38,,
534,az_itd=0_az=15,7.0,1.3913913009277866e-16,1.648920759535052e-06,8.710730442905363e-09,-14.651653206234538,-0.12762660162243916,20,13,hbo,True,S20_D13 hbo,mild_master_38,-0.12656527872748585,
535,az_itd=0_az=5,7.0,1.3913913009277866e-16,4.891675027901202e-07,8.742447823406755e-09,-17.50298837787792,-0.15301896264729253,20,13,hbo,True,S20_D13 hbo,mild_master_38,-0.09297309419326887,
536,az_itd=15_az=0,7.0,1.3913913009277866e-16,6.248235794323783e-07,8.729755459776284e-09,-16.88913850483994,-0.14743804907354435,20,13,hbo,True,S20_D13 hbo,mild_master_38,-0.13236350523201731,
537,az_itd=5_az=0,7.0,1.3913913009277866e-16,9.178641464153311e-05,8.809648581822643e-09,-7.991275739426448,-0.0704003309847919,20,13,hbo,True,S20_D13 hbo,mild_master_38,-0.06333772939606702,
538,constant,7.0,1.3913913009277866e-16,0.6434786976196661,1.0191730110459536e-08,0.48352850320474894,0.00492799200537727,20,13,hbo,False,S20_D13 hbo,mild_master_38,,
546,Linear,7.0,6.240617732071303e-17,0.003599164115635659,6.055003886369941e-13,4.292601352547074,2.5991717872309396e-06,20,20,hbo,True,S20_D20 hbo,mild_master_38,,
547,ShortHbO,7.0,6.240617732071303e-17,1.1008212296746425e-12,0.007414531778071335,113.2892786973597,839986.9570163534,20,20,hbo,True,S20_D20 hbo,mild_master_38,,
548,az_itd=0_az=15,7.0,6.240617732071303e-17,2.7649591242430815e-07,5.833695048686455e-09,-19.01817564504486,-0.11094623709554752,20,20,hbo,True,S20_D20 hbo,mild_master_38,-0.07509933100816533,
549,az_itd=0_az=5,7.0,6.240617732071303e-17,3.608967179995553e-08,5.854936611239797e-09,-25.53509923714352,-0.149506387395193,20,20,hbo,True,S20_D20 hbo,mild_master_38,-0.06246720274422306,
550,az_itd=15_az=0,7.0,6.240617732071303e-17,4.322245344166777e-08,5.84643636211e-09,-24.879322953067057,-0.14545537837748918,20,20,hbo,True,S20_D20 hbo,mild_master_38,-0.12406702301159989,
551,az_itd=5_az=0,7.0,6.240617732071303e-17,2.8630154751321213e-06,5.89994187620676e-09,-13.50767908235273,-0.07969452146833499,20,20,hbo,True,S20_D20 hbo,mild_master_38,-0.04343794194362146,
552,constant,7.0,6.240617732071303e-17,0.42803371262091316,6.825540736524707e-09,0.8411991602950842,0.005741639136124474,20,20,hbo,False,S20_D20 hbo,mild_master_38,,
560,Linear,7.0,5.457661152654377e-17,0.6111642148711799,5.662444000246042e-13,0.5320332364420683,3.012608407622874e-07,21,11,hbo,False,S21_D11 hbo,mild_master_38,,
561,ShortHbO,7.0,5.457661152654377e-17,4.91246132382374e-09,0.006933830558867545,34.02211511424983,235903.58145649487,21,11,hbo,True,S21_D11 hbo,mild_master_38,,
562,az_itd=0_az=15,7.0,5.457661152654377e-17,0.002429246228325365,5.45548312562742e-09,4.6189172973743755,0.025198425374494512,21,11,hbo,True,S21_D11 hbo,mild_master_38,0.07041051680954233,
563,az_itd=0_az=5,7.0,5.457661152654377e-17,1.8688961850262376e-05,5.4753475486225525e-09,-10.206937675042365,-0.05588653117798639,21,11,hbo,True,S21_D11 hbo,mild_master_38,0.011289148575228053,
564,az_itd=15_az=0,7.0,5.457661152654377e-17,0.4368272122556781,5.467398390275361e-09,-0.8245335043669034,-0.00450805315450371,21,11,hbo,False,S21_D11 hbo,mild_master_38,-0.030555626276299507,
565,az_itd=5_az=0,7.0,5.457661152654377e-17,0.005988252233213614,5.517435018321014e-09,-3.888332924150399,-0.02145362423859796,21,11,hbo,True,S21_D11 hbo,mild_master_38,0.04410463055529183,
566,constant,7.0,5.457661152654377e-17,0.9243526787963816,6.383025166832723e-09,0.09842670622862991,0.0006282601429457959,21,11,hbo,False,S21_D11 hbo,mild_master_38,,
574,Linear,7.0,1.3479965038864421e-17,0.017523266359895054,2.814135590565747e-13,3.0917760199252533,8.700676935729367e-07,21,12,hbo,True,S21_D12 hbo,mild_master_38,,
575,ShortHbO,7.0,1.3479965038864421e-17,1.4605403201306688e-12,0.0034459924643517326,108.80217091747714,374931.4610867355,21,12,hbo,True,S21_D12 hbo,mild_master_38,,
576,az_itd=0_az=15,7.0,1.3479965038864421e-17,6.225220563995586e-07,2.7112796571395494e-09,-16.898238300476425,-0.04581584974557812,21,12,hbo,True,S21_D12 hbo,mild_master_38,-0.05652437538992427,
577,az_itd=0_az=5,7.0,1.3479965038864421e-17,5.2876154273428515e-08,2.721151927794098e-09,-24.165847519028443,-0.06575894256318247,21,12,hbo,True,S21_D12 hbo,mild_master_38,-0.056034154714761454,
578,az_itd=15_az=0,7.0,1.3479965038864421e-17,1.0501960410184563e-06,2.7172013351844575e-09,-15.65432320232261,-0.04253594790676003,21,12,hbo,True,S21_D12 hbo,mild_master_38,-0.040839147659750386,
579,az_itd=5_az=0,7.0,1.3479965038864421e-17,0.03881689975552362,2.742068663816591e-09,-2.53729787607437,-0.006957444996751922,21,12,hbo,True,S21_D12 hbo,mild_master_38,0.002319061271859908,
580,constant,7.0,1.3479965038864421e-17,0.595384357148171,3.17225182212492e-09,0.5562208890201223,0.0017644727286980262,21,12,hbo,False,S21_D12 hbo,mild_master_38,,
588,Linear,7.0,5.598177526851769e-17,0.21213303596608055,5.734875169536363e-13,1.3729473798753853,7.873681837927356e-07,21,19,hbo,False,S21_D19 hbo,mild_master_38,,
589,ShortHbO,7.0,5.598177526851769e-17,5.30774412450498e-09,0.007022524673108307,33.64601827204739,236279.99346730576,21,19,hbo,True,S21_D19 hbo,mild_master_38,,
590,az_itd=0_az=15,7.0,5.598177526851769e-17,0.0020210736070072274,5.5252669542737855e-09,4.776232912417234,0.02638996187689378,21,19,hbo,True,S21_D19 hbo,mild_master_38,0.07915543618873878,
591,az_itd=0_az=5,7.0,5.598177526851769e-17,1.4862966206729224e-06,5.5453854730948105e-09,-14.876886230596899,-0.08249806878803627,21,19,hbo,True,S21_D19 hbo,mild_master_38,-0.04630666543968729,
592,az_itd=15_az=0,7.0,5.598177526851769e-17,6.78956986034401e-05,5.53733463306495e-09,-8.376149784997946,-0.04638154429620866,21,19,hbo,True,S21_D19 hbo,mild_master_38,-0.06278470627297839,
593,az_itd=5_az=0,7.0,5.598177526851769e-17,0.001589100565454157,5.588011304787244e-09,-4.986601005787676,-0.027865182792804977,21,19,hbo,True,S21_D19 hbo,mild_master_38,-0.04595969650677125,
594,constant,7.0,5.598177526851769e-17,0.9182685879356323,6.464673652261126e-09,0.10637577481342836,0.0006876846686752331,21,19,hbo,False,S21_D19 hbo,mild_master_38,,
602,Linear,7.0,3.096897782515432e-17,0.003838772602798403,4.265442299017626e-13,4.240323275903281,1.808685426254684e-06,21,20,hbo,True,S21_D20 hbo,mild_master_38,,
603,ShortHbO,7.0,3.096897782515432e-17,2.3471636807262765e-12,0.005223160557301676,101.66890849596938,531033.0327600605,21,20,hbo,True,S21_D20 hbo,mild_master_38,,
604,az_itd=0_az=15,7.0,3.096897782515432e-17,2.4062766219892187e-07,4.109541477958452e-09,-19.40592737212438,-0.0797494634539944,21,20,hbo,True,S21_D20 hbo,mild_master_38,-0.05274774098527234,
605,az_itd=0_az=5,7.0,3.096897782515432e-17,2.5094209931430165e-08,4.1245050784965466e-09,-26.908271879311982,-0.11098330401978808,21,20,hbo,True,S21_D20 hbo,mild_master_38,-0.0867317065761435,
606,az_itd=15_az=0,7.0,3.096897782515432e-17,8.05770506537608e-08,4.118517085281209e-09,-22.738945474008936,-0.09365073543598362,21,20,hbo,True,S21_D20 hbo,mild_master_38,-0.07224905816071446,
607,az_itd=5_az=0,7.0,3.096897782515432e-17,8.774080689474722e-06,4.1562089988360044e-09,-11.436660808164106,-0.04753315256752671,21,20,hbo,True,S21_D20 hbo,mild_master_38,-0.03602811848047585,
608,constant,7.0,3.096897782515432e-17,0.5045950061946686,4.80824632281031e-09,0.7032769015715473,0.0033815285758988212,21,20,hbo,False,S21_D20 hbo,mild_master_38,,
616,Linear,7.0,7.911612013872299e-17,0.0767343179465108,6.817625268130995e-13,2.0742452989693336,1.4141427162555258e-06,22,10,hbo,False,S22_D10 hbo,mild_master_38,,
617,ShortHbO,7.0,7.911612013872299e-17,2.255817434611444e-09,0.00834838427029392,38.043356235583964,317600.5567863372,22,10,hbo,True,S22_D10 hbo,mild_master_38,,
618,az_itd=0_az=15,7.0,7.911612013872299e-17,0.20365435500316198,6.568442814714573e-09,-1.402047930508089,-0.009209271655031295,22,10,hbo,False,S22_D10 hbo,mild_master_38,0.0526933384202939,
619,az_itd=0_az=5,7.0,7.911612013872299e-17,1.5811469980751998e-06,6.592359729767961e-09,-14.74230379597534,-0.09718656986859318,22,10,hbo,True,S22_D10 hbo,mild_master_38,-0.03291893028965086,
620,az_itd=15_az=0,7.0,7.911612013872299e-17,0.00187288259241205,6.58278888318549e-09,-4.842262687546845,-0.03187559298904727,22,10,hbo,True,S22_D10 hbo,mild_master_38,-0.15042047897824992,
621,az_itd=5_az=0,7.0,7.911612013872299e-17,4.884664090861711e-06,6.643033360602184e-09,-12.480050338915145,-0.0829053907434079,22,10,hbo,True,S22_D10 hbo,mild_master_38,-0.09330886653043702,
622,constant,7.0,7.911612013872299e-17,0.9600665631836849,7.685210425502476e-09,0.051889354430990485,0.00039878060764564116,22,10,hbo,False,S22_D10 hbo,mild_master_38,,
630,Linear,7.0,7.194247292284198e-17,0.7224512272460359,6.501196858875941e-13,-0.3698204319403638,-2.404275430478837e-07,22,11,hbo,False,S22_D11 hbo,mild_master_38,,
631,ShortHbO,7.0,7.194247292284198e-17,5.777048017850045e-11,0.007960908301667792,64.30649771645173,511938.13152208144,22,11,hbo,True,S22_D11 hbo,mild_master_38,,
632,az_itd=0_az=15,7.0,7.194247292284198e-17,6.93644087220976e-05,6.263579782588328e-09,8.348329130191697,0.05229042555826192,22,11,hbo,True,S22_D11 hbo,mild_master_38,0.1354135072290992,
633,az_itd=0_az=5,7.0,7.194247292284198e-17,5.385864680702741e-06,6.286386634960506e-09,-12.300183568184393,-0.07732370959059519,22,11,hbo,True,S22_D11 hbo,mild_master_38,-0.012612637272823368,
634,az_itd=15_az=0,7.0,7.194247292284198e-17,0.22408877774386582,6.27726000284278e-09,1.3336116262627011,0.008371426920864967,22,11,hbo,False,S22_D11 hbo,mild_master_38,-0.01372622406460236,
635,az_itd=5_az=0,7.0,7.194247292284198e-17,0.0003622320313469871,6.334708335941528e-09,6.414564345269859,0.040634394229414283,22,11,hbo,True,S22_D11 hbo,mild_master_38,0.10453709933145473,
636,constant,7.0,7.194247292284198e-17,0.9781596441286605,7.328514535938167e-09,-0.02836907650967509,-0.00020790318957229585,22,11,hbo,False,S22_D11 hbo,mild_master_38,,
644,Linear,7.0,4.980350166745575e-17,0.3434232078686267,5.409169309993833e-13,1.0160665369832935,5.496075928761745e-07,22,12,hbo,False,S22_D12 hbo,mild_master_38,,
645,ShortHbO,7.0,4.980350166745575e-17,1.9222186302018228e-11,0.00662368819154662,75.2687765716448,498556.90656976454,22,12,hbo,True,S22_D12 hbo,mild_master_38,,
646,az_itd=0_az=15,7.0,4.980350166745575e-17,0.0006273880361646959,5.211465560286482e-09,5.855033159116278,0.030513303663069848,22,12,hbo,True,S22_D12 hbo,mild_master_38,0.12422244976411748,
647,az_itd=0_az=5,7.0,4.980350166745575e-17,3.1049050940357755e-07,5.230441470197704e-09,-18.700317270220946,-0.09781091495601796,22,12,hbo,True,S22_D12 hbo,mild_master_38,-0.04128442129628392,
648,az_itd=15_az=0,7.0,4.980350166745575e-17,0.0016569848666521604,5.222847868676869e-09,-4.94960901488074,-0.02585105489415369,22,12,hbo,True,S22_D12 hbo,mild_master_38,-0.05020895707024656,
649,az_itd=5_az=0,7.0,4.980350166745575e-17,0.04299580029943147,5.270646415168165e-09,2.4674107323551664,0.013004849531235214,22,12,hbo,True,S22_D12 hbo,mild_master_38,0.04007851400407316,
650,constant,7.0,4.980350166745575e-17,0.9494977492956741,6.097519699241102e-09,-0.06564262170005053,-0.00040025717892588946,22,12,hbo,False,S22_D12 hbo,mild_master_38,,
658,Linear,7.0,6.640343893704555e-17,0.587222327215617,6.245912869967541e-13,-0.5688720505366985,-3.5531252618119906e-07,22,19,hbo,False,S22_D19 hbo,mild_master_38,,
659,ShortHbO,7.0,6.640343893704555e-17,5.959227293329669e-10,0.007648305488570522,46.04278379616516,352149.2760172759,22,19,hbo,True,S22_D19 hbo,mild_master_38,,
660,az_itd=0_az=15,7.0,6.640343893704555e-17,3.309874246663788e-06,6.017626357941281e-09,13.221174916109705,0.07956009065813387,22,19,hbo,True,S22_D19 hbo,mild_master_38,0.16454606564117838,
661,az_itd=0_az=5,7.0,6.640343893704555e-17,1.1681119055153337e-05,6.039537648407798e-09,-10.956380092559247,-0.06617147005927727,22,19,hbo,True,S22_D19 hbo,mild_master_38,0.013634099268300547,
662,az_itd=15_az=0,7.0,6.640343893704555e-17,0.06876732903168822,6.030769393847756e-09,2.1484846348193702,0.012957015378820831,22,19,hbo,False,S22_D19 hbo,mild_master_38,0.008353221437557217,
663,az_itd=5_az=0,7.0,6.640343893704555e-17,0.0002811744973694331,6.085961890067859e-09,6.685457108274819,0.04068743717864382,22,19,hbo,True,S22_D19 hbo,mild_master_38,0.04137322741963627,
664,constant,7.0,6.640343893704555e-17,0.8316919502764621,7.040744073957269e-09,-0.22061074655253174,-0.0015532638064410268,22,19,hbo,False,S22_D19 hbo,mild_master_38,,
700,Linear,7.0,1.3008906670589326e-14,0.3913121895127943,8.74220597787308e-12,-0.913591527009694,-7.986805308758342e-06,23,9,hbo,False,S23_D9 hbo,mild_master_38,,
701,ShortHbO,7.0,1.3008906670589326e-14,0.0045631824768758945,0.10705090409486961,-4.101715746256581,-439092.3789769299,23,9,hbo,True,S23_D9 hbo,mild_master_38,,
702,az_itd=0_az=15,7.0,1.3008906670589326e-14,0.00017290182495326194,8.422680593569387e-08,7.229963277358967,0.6089567138843068,23,9,hbo,True,S23_D9 hbo,mild_master_38,0.45537946391759154,
703,az_itd=0_az=5,7.0,1.3008906670589326e-14,0.0003721206418996127,8.45334913129753e-08,-6.386253677319439,-0.5398523197541393,23,9,hbo,True,S23_D9 hbo,mild_master_38,-0.9905864488682322,
704,az_itd=15_az=0,7.0,1.3008906670589326e-14,0.02509578590355976,8.441076483723645e-08,-2.8385754564530017,-0.23960632532740542,23,9,hbo,True,S23_D9 hbo,mild_master_38,-0.5850357834844632,
705,az_itd=5_az=0,7.0,1.3008906670589326e-14,0.30271546898308543,8.518327668688002e-08,1.1123714766509551,0.0947554472741516,23,9,hbo,False,S23_D9 hbo,mild_master_38,0.39306163505198216,
706,constant,7.0,1.3008906670589326e-14,0.47451375392634354,9.85470598348958e-08,0.7556497653231877,0.07446706263752916,23,9,hbo,False,S23_D9 hbo,mild_master_38,,
672,Linear,7.0,6.878679411720254e-17,0.3084624636487498,6.357014037336845e-13,-1.0981679669746265,-6.981069181411365e-07,23,10,hbo,False,S23_D10 hbo,mild_master_38,,
673,ShortHbO,7.0,6.878679411720254e-17,3.7294178575117375e-12,0.007784352161950014,95.15715160291276,740736.7788051391,23,10,hbo,True,S23_D10 hbo,mild_master_38,,
674,az_itd=0_az=15,7.0,6.878679411720254e-17,0.0007435925165900684,6.124666806163711e-09,5.689224979890362,0.0348446073871319,23,10,hbo,True,S23_D10 hbo,mild_master_38,0.06895354692934834,
675,az_itd=0_az=5,7.0,6.878679411720254e-17,0.03138389774256296,6.14696785069822e-09,2.6834087469900636,0.016494827298030312,23,10,hbo,True,S23_D10 hbo,mild_master_38,0.03666429238109624,
676,az_itd=15_az=0,7.0,6.878679411720254e-17,0.002434359157095336,6.1380436280134714e-09,4.617136772476623,0.028340186945966815,23,10,hbo,True,S23_D10 hbo,mild_master_38,-0.003841024417270807,
677,az_itd=5_az=0,7.0,6.878679411720254e-17,0.8760912371760388,6.194217878364274e-09,0.16172525452252706,0.0010017614629464497,23,10,hbo,False,S23_D10 hbo,mild_master_38,0.010960354362072704,
678,constant,7.0,6.878679411720254e-17,0.9795555751410521,7.165983554886695e-09,0.026555357126776803,0.00019029525246462578,23,10,hbo,False,S23_D10 hbo,mild_master_38,,
686,Linear,7.0,2.656648574015054e-17,0.4776538136031888,3.9506421260604925e-13,-0.7500815583559989,-2.9633038024223105e-07,23,11,hbo,False,S23_D11 hbo,mild_master_38,,
687,ShortHbO,7.0,2.656648574015054e-17,2.1117332487207912e-11,0.004837678412296426,74.26336261382392,359262.2661414374,23,11,hbo,True,S23_D11 hbo,mild_master_38,,
688,az_itd=0_az=15,7.0,2.656648574015054e-17,8.696840858819106e-05,3.806247170511419e-09,8.059005972456056,0.030674568679795487,23,11,hbo,True,S23_D11 hbo,mild_master_38,0.06946106500466011,
689,az_itd=0_az=5,7.0,2.656648574015054e-17,0.30605837577839473,3.820106420384978e-09,1.1040832235797065,0.004217715411036179,23,11,hbo,False,S23_D11 hbo,mild_master_38,0.046081693513351785,
690,az_itd=15_az=0,7.0,2.656648574015054e-17,0.000704243785796717,3.814560355853166e-09,5.741915708370825,0.021902884027801894,23,11,hbo,True,S23_D11 hbo,mild_master_38,-0.021299952557161862,
691,az_itd=5_az=0,7.0,2.656648574015054e-17,0.1086819423653027,3.849470513127054e-09,-1.8378825895647894,-0.007074874835119248,23,11,hbo,False,S23_D11 hbo,mild_master_38,0.01720691918095764,
692,constant,7.0,2.656648574015054e-17,0.7926885065466766,4.453385872725265e-09,-0.2730586602391066,-0.0012160355799341255,23,11,hbo,False,S23_D11 hbo,mild_master_38,,
742,Linear,7.0,3.916034995788258e-16,0.08897108738568005,1.516784625722123e-12,1.9739547901620251,2.994064277588299e-06,24,9,hbo,False,S24_D9 hbo,mild_master_38,,
743,ShortHbO,7.0,3.916034995788258e-16,0.00014033088983135585,0.01857347743941581,-7.4741153619702025,-138820.31305514468,24,9,hbo,True,S24_D9 hbo,mild_master_38,,
744,az_itd=0_az=15,7.0,3.916034995788258e-16,0.06402711395052268,1.4613465370215743e-08,2.196859808922076,0.03210373474090153,24,9,hbo,False,S24_D9 hbo,mild_master_38,0.03377896427838841,
745,az_itd=0_az=5,7.0,3.916034995788258e-16,0.19181246812602679,1.4666675700236751e-08,-1.4445540724555264,-0.021186806112161508,24,9,hbo,False,S24_D9 hbo,mild_master_38,0.13386773505115548,
746,az_itd=15_az=0,7.0,3.916034995788258e-16,0.16285103444596727,1.4645382489799833e-08,1.5594616948316902,0.022838912999001607,24,9,hbo,False,S24_D9 hbo,mild_master_38,-0.0974885867822303,
747,az_itd=5_az=0,7.0,3.916034995788258e-16,0.08100296494593849,1.477941434625497e-08,-2.037568967161754,-0.03011407602475435,24,9,hbo,False,S24_D9 hbo,mild_master_38,0.02518294691939869,
748,constant,7.0,3.916034995788258e-16,0.11254626538175623,1.7098048895898272e-08,-1.8140440219713776,-0.031016613386978573,24,9,hbo,False,S24_D9 hbo,mild_master_38,,
714,Linear,7.0,2.7074945254955964e-17,0.6699001768704971,3.988268876848193e-13,0.4447887311373215,1.773937053167778e-07,24,10,hbo,False,S24_D10 hbo,mild_master_38,,
715,ShortHbO,7.0,2.7074945254955964e-17,2.7172353340739985e-10,0.004883753484196706,51.524388102057365,251632.409914526,24,10,hbo,True,S24_D10 hbo,mild_master_38,,
716,az_itd=0_az=15,7.0,2.7074945254955964e-17,0.0003345738816781074,3.842498673216887e-09,6.498599138423423,0.02497085856716041,24,10,hbo,True,S24_D10 hbo,mild_master_38,0.026322527769336246,
717,az_itd=0_az=5,7.0,2.7074945254955964e-17,0.00016281013267797174,3.8564899215161355e-09,-7.299649532327763,-0.02815102485202199,24,10,hbo,True,S24_D10 hbo,mild_master_38,-0.017222490340479103,
718,az_itd=15_az=0,7.0,2.7074945254955964e-17,3.411478931910973e-05,3.850891035093265e-09,9.31382516422195,0.03586652582732836,24,10,hbo,True,S24_D10 hbo,mild_master_38,-0.024069007090184613,
719,az_itd=5_az=0,7.0,2.7074945254955964e-17,3.1349000797744357e-06,3.8861336840851555e-09,-13.327794863771027,-0.05179359255467771,24,10,hbo,True,S24_D10 hbo,mild_master_38,-0.07439048497022448,
720,constant,7.0,2.7074945254955964e-17,0.8908074522132048,4.495800861237927e-09,-0.14235880894481215,-0.000640016855858892,24,10,hbo,False,S24_D10 hbo,mild_master_38,,
728,Linear,7.0,1.1396590990114922e-16,0.11572375564558457,8.182539622348227e-13,-1.7950257711732498,-1.4687869495761298e-06,24,19,hbo,False,S24_D19 hbo,mild_master_38,,
729,ShortHbO,7.0,1.1396590990114922e-16,2.673371453935686e-10,0.010019762364116511,51.644599046670365,517466.6098377152,24,19,hbo,True,S24_D19 hbo,mild_master_38,,
730,az_itd=0_az=15,7.0,1.1396590990114922e-16,2.0597909120993215e-07,7.883469899668561e-09,19.848881448790426,0.15647805944362905,24,19,hbo,True,S24_D19 hbo,mild_master_38,0.20420841430802197,
731,az_itd=0_az=5,7.0,1.1396590990114922e-16,0.12526095434784593,7.912175071538816e-09,1.7408092840930214,0.013773587821904135,24,19,hbo,False,S24_D19 hbo,mild_master_38,0.03221535015102581,
732,az_itd=15_az=0,7.0,1.1396590990114922e-16,3.0024250948500924e-06,7.900688105285835e-09,13.413125826127123,0.1059729236691848,24,19,hbo,True,S24_D19 hbo,mild_master_38,0.02083771549123801,
733,az_itd=5_az=0,7.0,1.1396590990114922e-16,0.07452164490359835,7.972993754848898e-09,2.094062780267798,0.016695949469336675,24,19,hbo,False,S24_D19 hbo,mild_master_38,-0.03621426042964037,
734,constant,7.0,1.1396590990114922e-16,0.5412682829729789,9.223818608322698e-09,-0.6420823855969566,-0.005922451456345439,24,19,hbo,False,S24_D19 hbo,mild_master_38,,
763,Linear,7.0,3.231593101843834e-17,0.07087237751102711,4.3572148194451656e-13,-2.1280653657887605,-9.272437948562783e-07,2,6,hbr,False,S2_D6 hbr,mild_master_38,,
764,ShortHbO,7.0,3.231593101843834e-17,4.471447501403883e-08,0.005335538729443798,24.757784501686608,132096.1180639723,2,6,hbr,True,S2_D6 hbr,mild_master_38,,
765,az_itd=0_az=15,7.0,3.231593101843834e-17,4.909964980202539e-05,4.1979597363230345e-09,8.807161210705612,0.03697210815384819,2,6,hbr,True,S2_D6 hbr,mild_master_38,,-0.010079287899714892
766,az_itd=0_az=5,7.0,3.231593101843834e-17,4.752084187890665e-05,4.21324528409187e-09,-8.851650340458807,-0.03729417405336826,2,6,hbr,True,S2_D6 hbr,mild_master_38,,-0.06753877946174353
767,az_itd=15_az=0,7.0,3.231593101843834e-17,1.8412552407278746e-05,4.207128457055524e-09,10.22997742432066,0.043038829136895024,2,6,hbr,True,S2_D6 hbr,mild_master_38,,-0.005616047357108785
768,az_itd=5_az=0,7.0,3.231593101843834e-17,3.2052778467208343e-08,4.245631325644796e-09,25.97563264632806,0.11028295966669205,2,6,hbr,True,S2_D6 hbr,mild_master_38,,0.08116844527760667
769,constant,7.0,3.231593101843834e-17,0.9460851244867796,4.9116974664308385e-09,-0.07008638024741547,-0.0003442430962925389,2,6,hbr,False,S2_D6 hbr,mild_master_38,,
777,Linear,7.0,4.1496519966714335e-17,0.5542113016123795,4.937492788148563e-13,-0.6211008722161107,-3.0666810772798283e-07,4,2,hbr,False,S4_D2 hbr,mild_master_38,,
778,ShortHbO,7.0,4.1496519966714335e-17,3.200546232969825e-05,0.006046106306246036,-9.405180759617682,-56864.72270210835,4,2,hbr,True,S4_D2 hbr,mild_master_38,,
779,az_itd=0_az=15,7.0,4.1496519966714335e-17,0.00025693654120395246,4.757028694231879e-09,6.783922764089002,0.03227131524822423,4,2,hbr,True,S4_D2 hbr,mild_master_38,,0.058510843340167096
780,az_itd=0_az=5,7.0,4.1496519966714335e-17,0.08027399501154667,4.774349915470436e-09,-2.0436944739815877,-0.00975731253910139,4,2,hbr,False,S4_D2 hbr,mild_master_38,,0.017445090295071793
781,az_itd=15_az=0,7.0,4.1496519966714335e-17,2.2919572790185326e-06,4.7674184717317585e-09,13.958451259111666,0.06654577836945638,4,2,hbr,True,S4_D2 hbr,mild_master_38,,0.040913285847060624
782,az_itd=5_az=0,7.0,4.1496519966714335e-17,2.6370958076591034e-05,4.8110490118497626e-09,9.687152348698474,0.04660536473484389,4,2,hbr,True,S4_D2 hbr,mild_master_38,,0.01328054160166493
783,constant,7.0,4.1496519966714335e-17,0.4479092303796596,5.565819410565106e-09,-0.8038642963607442,-0.004474163504144891,4,2,hbr,False,S4_D2 hbr,mild_master_38,,
791,Linear,7.0,1.223336665002242e-15,0.43398302038127845,2.6808568960815588e-12,-0.8298976393898897,-2.2248368096001926e-06,4,4,hbr,False,S4_D4 hbr,mild_master_38,,
792,ShortHbO,7.0,1.223336665002242e-15,0.016737865467692018,0.03282788751499071,-3.1245047715830974,-102570.89118158167,4,4,hbr,True,S4_D4 hbr,mild_master_38,,
793,az_itd=0_az=15,7.0,1.223336665002242e-15,0.20242631724480564,2.5828722647251525e-08,-1.4063517300391388,-0.03632426877966327,4,4,hbr,False,S4_D4 hbr,mild_master_38,,-0.23058891928504074
794,az_itd=0_az=5,7.0,1.223336665002242e-15,2.220756873804959e-05,2.5922769803163118e-08,9.94354088569967,0.25776412140833327,4,4,hbr,True,S4_D4 hbr,mild_master_38,,0.2242148193450805
795,az_itd=15_az=0,7.0,1.223336665002242e-15,0.8535320065770456,2.5885134895034777e-08,0.19155067601278125,0.004958315087825945,4,4,hbr,False,S4_D4 hbr,mild_master_38,,0.25863012074464076
796,az_itd=5_az=0,7.0,1.223336665002242e-15,0.006277126726411596,2.612203090556844e-08,3.8518813458505425,0.10061896356089042,4,4,hbr,True,S4_D4 hbr,mild_master_38,,-0.186527676662553
797,constant,7.0,1.223336665002242e-15,0.9204877400214274,3.0220125860179996e-08,-0.10347551976157168,-0.0031270432306422387,4,4,hbr,False,S4_D4 hbr,mild_master_38,,
805,Linear,7.0,1.1535886784653229e-17,0.9784057377193103,2.603311449462153e-13,0.028049321987952718,7.302112108088783e-09,5,1,hbr,False,S5_D1 hbr,mild_master_38,,
806,ShortHbO,7.0,1.1535886784653229e-17,0.0002271008406241031,0.0031878320530403658,-6.920552347510665,-22061.55859813825,5,1,hbr,True,S5_D1 hbr,mild_master_38,,
807,az_itd=0_az=15,7.0,1.1535886784653229e-17,0.009502141160894885,2.5081610842732084e-09,3.5374636634459558,0.008872528697685685,5,1,hbr,True,S5_D1 hbr,mild_master_38,,0.027174936324884404
808,az_itd=0_az=5,7.0,1.1535886784653229e-17,0.00214756112050208,2.5172937626392884e-09,4.72398008110205,0.01189164559299043,5,1,hbr,True,S5_D1 hbr,mild_master_38,,0.04942312517544513
809,az_itd=15_az=0,7.0,1.1535886784653229e-17,0.006646053236795414,2.5136391331298517e-09,3.8078996198191732,0.009571685499407758,5,1,hbr,True,S5_D1 hbr,mild_master_38,,-0.0008598302226326934
810,az_itd=5_az=0,7.0,1.1535886784653229e-17,3.757015145419389e-05,2.5366434977960748e-09,-9.177190844616137,-0.023279261484029187,5,1,hbr,True,S5_D1 hbr,mild_master_38,,-0.027665699005408106
811,constant,7.0,1.1535886784653229e-17,0.9161984361418289,2.9345989997073107e-09,0.10908221852962907,0.00032011256938290373,5,1,hbr,False,S5_D1 hbr,mild_master_38,,
819,Linear,7.0,2.5125376231339725e-17,0.9188471813232457,3.841996126603923e-13,0.10561950205752997,4.057897177988652e-08,5,3,hbr,False,S5_D3 hbr,mild_master_38,,
820,ShortHbO,7.0,2.5125376231339725e-17,0.20761269158954346,0.00470463816481708,-1.3883309360394311,-6531.594707087329,5,3,hbr,False,S5_D3 hbr,mild_master_38,,
821,az_itd=0_az=15,7.0,2.5125376231339725e-17,0.03900695954152663,3.7015721544447714e-09,-2.5339540563704404,-0.009379613775703198,5,3,hbr,True,S5_D3 hbr,mild_master_38,,-0.030385050468755104
822,az_itd=0_az=5,7.0,2.5125376231339725e-17,0.0005320474734823809,3.7150502632262805e-09,6.019084366858444,0.022361200961478655,5,3,hbr,True,S5_D3 hbr,mild_master_38,,-0.04527817192570926
823,az_itd=15_az=0,7.0,2.5125376231339725e-17,0.36385428912958384,3.7096567201593035e-09,-0.9710898782424706,-0.003602410092700861,5,3,hbr,False,S5_D3 hbr,mild_master_38,,0.018222112941514598
824,az_itd=5_az=0,7.0,2.5125376231339725e-17,0.018916061550626674,3.743606818585242e-09,-3.0374025179027027,-0.011370840776808541,5,3,hbr,True,S5_D3 hbr,mild_master_38,,0.013454625221393962
825,constant,7.0,2.5125376231339725e-17,0.9131629555403546,4.3309139950736985e-09,-0.11305235463245042,-0.0004896200248537143,5,3,hbr,False,S5_D3 hbr,mild_master_38,,
833,Linear,7.0,5.74277241947215e-18,0.24145340690574021,1.8367981733452626e-13,-1.279626940522507,-2.3504164269151277e-07,6,2,hbr,False,S6_D2 hbr,mild_master_38,,
834,ShortHbO,7.0,5.74277241947215e-18,0.1475255807722802,0.002249213820791882,-1.62811212602812,-3661.9722956613014,6,2,hbr,False,S6_D2 hbr,mild_master_38,,
835,az_itd=0_az=15,7.0,5.74277241947215e-18,0.028514998088602993,1.7696636716288825e-09,2.7497318770096078,0.0048661006094638005,6,2,hbr,True,S6_D2 hbr,mild_master_38,,-0.022128848843621148
836,az_itd=0_az=5,7.0,5.74277241947215e-18,8.116317326769782e-05,1.7761073443381282e-09,8.146478674652034,0.014469020604543418,6,2,hbr,True,S6_D2 hbr,mild_master_38,,0.022034323484998074
837,az_itd=15_az=0,7.0,5.74277241947215e-18,0.0002137334893495523,1.7735287758735005e-09,6.988477194244036,0.0123942654035275,6,2,hbr,True,S6_D2 hbr,mild_master_38,,0.05626489404690309
838,az_itd=5_az=0,7.0,5.74277241947215e-18,9.168124561793787e-05,1.7897597861917692e-09,7.992710938947022,0.014305032621182438,6,2,hbr,True,S6_D2 hbr,mild_master_38,,0.007526537686053418
839,constant,7.0,5.74277241947215e-18,0.8887636008025737,2.0705421486456634e-09,-0.14504468248297325,-0.00030032112851792345,6,2,hbr,False,S6_D2 hbr,mild_master_38,,
847,Linear,7.0,1.0791371456612401e-17,0.07090009205729426,2.517902776937281e-13,2.127800597916861,5.357595034263671e-07,7,7,hbr,False,S7_D7 hbr,mild_master_38,,
848,ShortHbO,7.0,1.0791371456612401e-17,2.8084195335502127e-07,0.0030832466013309026,18.97512256008136,58504.982143208195,7,7,hbr,True,S7_D7 hbr,mild_master_38,,
849,az_itd=0_az=15,7.0,1.0791371456612401e-17,2.3987357232598513e-05,2.425874076804096e-09,-9.8277795582328,-0.02384095566286216,7,7,hbr,True,S7_D7 hbr,mild_master_38,,-0.04000101401526664
850,az_itd=0_az=5,7.0,1.0791371456612401e-17,0.0013681055742340016,2.434707132957857e-09,-5.120422540183092,-0.01246672928234196,7,7,hbr,True,S7_D7 hbr,mild_master_38,,-0.014221529440845869
851,az_itd=15_az=0,7.0,1.0791371456612401e-17,5.322270494870878e-07,2.431172403453099e-09,-17.28902928547556,-0.04203261088134063,7,7,hbr,True,S7_D7 hbr,mild_master_38,,-0.055012365365779574
852,az_itd=5_az=0,7.0,1.0791371456612401e-17,3.491331413444239e-05,2.4534220477231794e-09,-9.280898326241992,-0.022769960576279256,7,7,hbr,True,S7_D7 hbr,mild_master_38,,-0.03582348871026914
853,constant,7.0,1.0791371456612401e-17,0.9388057361564879,2.838321543158805e-09,0.07957066677498884,0.00022584713771096136,7,7,hbr,False,S7_D7 hbr,mild_master_38,,
861,Linear,7.0,3.248674645274102e-15,0.3313560828718694,4.368715317521057e-12,1.0436209416369495,4.559282793415091e-06,8,18,hbr,False,S8_D18 hbr,mild_master_38,,
862,ShortHbO,7.0,3.248674645274102e-15,6.732482664997373e-06,0.0534962143030536,-11.89815643374356,-636506.3263908015,8,18,hbr,True,S8_D18 hbr,mild_master_38,,
863,az_itd=0_az=15,7.0,3.248674645274102e-15,0.0056374209870405124,4.209039894146513e-08,3.9352717066571037,0.16563715607625784,8,18,hbr,True,S8_D18 hbr,mild_master_38,,0.8328690223273526
864,az_itd=0_az=5,7.0,3.248674645274102e-15,0.5131269557260115,4.224365786819144e-08,0.6887951935104305,0.02909722849590934,8,18,hbr,False,S8_D18 hbr,mild_master_38,,-0.6009115057508667
865,az_itd=15_az=0,7.0,3.248674645274102e-15,0.004490190274466599,4.218232814937873e-08,-4.114547847833461,-0.17356120750363108,8,18,hbr,True,S8_D18 hbr,mild_master_38,,-0.4004693140840112
866,az_itd=5_az=0,7.0,3.248674645274102e-15,3.3925428708284423e-06,4.2568373085753646e-08,-13.173009879803317,-0.5607535992257864,8,18,hbr,True,S8_D18 hbr,mild_master_38,,-0.178578615816734
867,constant,7.0,3.248674645274102e-15,0.8220078072840622,4.924661474312654e-08,0.23356266283799626,0.01150217047516156,8,18,hbr,False,S8_D18 hbr,mild_master_38,,
917,Linear,7.0,8.595516685663e-18,0.046217043551601514,2.2471736290269473e-13,-2.418157273571616,-5.434019256009837e-07,9,5,hbr,True,S9_D5 hbr,mild_master_38,,
918,ShortHbO,7.0,8.595516685663e-18,1.5621586663762498e-07,0.002751730733116528,20.66107295891985,56853.70944022259,9,5,hbr,True,S9_D5 hbr,mild_master_38,,
919,az_itd=0_az=15,7.0,8.595516685663e-18,0.00018434972651313654,2.1650400097517524e-09,7.156256337662673,0.015493581291079235,9,5,hbr,True,S9_D5 hbr,mild_master_38,,0.003074223049425388
920,az_itd=0_az=5,7.0,8.595516685663e-18,0.2586636239305517,2.1729233208288344e-09,-1.2293286188247443,-0.002671236824806588,9,5,hbr,False,S9_D5 hbr,mild_master_38,,0.020673860903849657
921,az_itd=15_az=0,7.0,8.595516685663e-18,0.022004632915030235,2.1697686513945773e-09,2.9306273050414036,0.0063587832553998105,9,5,hbr,True,S9_D5 hbr,mild_master_38,,0.020335570790449484
922,az_itd=5_az=0,7.0,8.595516685663e-18,6.0591537852930606e-05,2.18962597643386e-09,8.525421463174212,0.01866748429581302,9,5,hbr,True,S9_D5 hbr,mild_master_38,,0.017847924184056646
923,constant,7.0,8.595516685663e-18,0.432908261313088,2.5331404297682354e-09,0.8319311096520434,0.0021073983286415423,9,5,hbr,False,S9_D5 hbr,mild_master_38,,
931,Linear,7.0,2.493025037485851e-18,0.311573971512727,1.2102189693639303e-13,-1.0905672831615205,-1.319825213449757e-07,9,6,hbr,False,S9_D6 hbr,mild_master_38,,
932,ShortHbO,7.0,2.493025037485851e-18,4.5082054526485816e-10,0.0014819490086493013,47.920651751304355,71015.96235667389,9,6,hbr,True,S9_D6 hbr,mild_master_38,,
933,az_itd=0_az=15,7.0,2.493025037485851e-18,0.4393897537476431,1.16598577670565e-09,0.819721638265892,0.0009557837710758839,9,6,hbr,False,S9_D6 hbr,mild_master_38,,0.0073253314137365095
934,az_itd=0_az=5,7.0,2.493025037485851e-18,6.265286511183828e-07,1.1702313465555476e-09,16.882421567947272,0.019756338924577354,9,6,hbr,True,S9_D6 hbr,mild_master_38,,0.03327470561390281
935,az_itd=15_az=0,7.0,2.493025037485851e-18,0.1695552473663787,1.1685323942618328e-09,-1.531291940581695,-0.0017893642376417764,9,6,hbr,False,S9_D6 hbr,mild_master_38,,0.005935426630213943
936,az_itd=5_az=0,7.0,2.493025037485851e-18,0.052318921264768344,1.179226588574611e-09,2.3338184962368174,0.0027521008236696706,9,6,hbr,False,S9_D6 hbr,mild_master_38,,0.014285206011120327
937,constant,7.0,2.493025037485851e-18,0.9670504711719603,1.3642268494827797e-09,-0.042807481941744226,-5.83991162236767e-05,9,6,hbr,False,S9_D6 hbr,mild_master_38,,
945,Linear,7.0,3.653506591472602e-18,0.3205318473585628,1.4650605813184583e-13,-1.0690217884687494,-1.566181682856124e-07,9,7,hbr,False,S9_D7 hbr,mild_master_38,,
946,ShortHbO,7.0,3.653506591472602e-18,1.8026380517004126e-08,0.001794010118050929,28.221329152987533,50629.35004530529,9,7,hbr,True,S9_D7 hbr,mild_master_38,,
947,az_itd=0_az=15,7.0,3.653506591472602e-18,0.005762139441318028,1.4115129931629268e-09,3.9182289466861873,0.005530631068434642,9,7,hbr,True,S9_D7 hbr,mild_master_38,,0.009765767663955162
948,az_itd=0_az=5,7.0,3.653506591472602e-18,2.657359221729595e-07,1.416652573015644e-09,19.128175068310643,0.02709797842761596,9,7,hbr,True,S9_D7 hbr,mild_master_38,,0.019872001920663317
949,az_itd=15_az=0,7.0,3.653506591472602e-18,0.05568225696843248,1.4145958641901574e-09,-2.2915246779663785,-0.0032415813321409214,9,7,hbr,False,S9_D7 hbr,mild_master_38,,-0.008287269805816249
950,az_itd=5_az=0,7.0,3.653506591472602e-18,0.31175465517770196,1.4275419862831255e-09,1.090127803319833,0.0015562032096536548,9,7,hbr,False,S9_D7 hbr,mild_master_38,,0.004490139540870884
951,constant,7.0,3.653506591472602e-18,0.8068976131736778,1.6514986392949686e-09,-0.2538616619695567,-0.00041925218931188215,9,7,hbr,False,S9_D7 hbr,mild_master_38,,
875,Linear,7.0,6.173652538464255e-18,0.20871707905503317,1.9044594385185915e-13,-1.3845453087585646,-2.636810381321886e-07,9,15,hbr,False,S9_D15 hbr,mild_master_38,,
876,ShortHbO,7.0,6.173652538464255e-18,1.464349095388753e-06,0.00233206704602291,14.909423159597758,34769.77442570871,9,15,hbr,True,S9_D15 hbr,mild_master_38,,
877,az_itd=0_az=15,7.0,6.173652538464255e-18,0.059284005101397655,1.834851934929263e-09,2.249017147848226,0.00412661346541841,9,15,hbr,False,S9_D15 hbr,mild_master_38,,0.008064256912608715
878,az_itd=0_az=5,7.0,6.173652538464255e-18,5.975928300794504e-07,1.841532970161075e-09,16.99933202836011,0.03130483040094029,9,15,hbr,True,S9_D15 hbr,mild_master_38,,0.04910286485562899
879,az_itd=15_az=0,7.0,6.173652538464255e-18,0.04861262599659711,1.8388594161900457e-09,-2.383760320741713,-0.004383400111736103,9,15,hbr,True,S9_D15 hbr,mild_master_38,,-0.01756182043966825
880,az_itd=5_az=0,7.0,6.173652538464255e-18,0.0006247279104165088,1.855688320555201e-09,5.859221853033246,0.010872889560215596,9,15,hbr,True,S9_D15 hbr,mild_master_38,,0.024261628188914825
881,constant,7.0,6.173652538464255e-18,0.9040016774461688,2.1468137300339006e-09,-0.12504711532746796,-0.0002684528640861408,9,15,hbr,False,S9_D15 hbr,mild_master_38,,
889,Linear,7.0,8.112628901919775e-18,0.09534330636681948,2.1831392664869642e-13,-1.9269937696321506,-4.2068957647596834e-07,9,16,hbr,False,S9_D16 hbr,mild_master_38,,
890,ShortHbO,7.0,8.112628901919775e-18,3.0472820416214995e-07,0.002673318757690715,18.75131807297116,50128.25033589871,9,16,hbr,True,S9_D16 hbr,mild_master_38,,
891,az_itd=0_az=15,7.0,8.112628901919775e-18,0.1564330635588924,2.1033460867245215e-09,1.587449042497849,0.003338954731412439,9,16,hbr,False,S9_D16 hbr,mild_master_38,,0.01592217339918535
892,az_itd=0_az=5,7.0,8.112628901919775e-18,3.9760259398526844e-08,2.1110047588182136e-09,25.180826706091857,0.053156845007536674,9,16,hbr,True,S9_D16 hbr,mild_master_38,,0.07770526956510142
893,az_itd=15_az=0,7.0,8.112628901919775e-18,0.7159674866728336,2.1079399833038735e-09,-0.37893603254968555,-0.0007987744141260203,9,16,hbr,False,S9_D16 hbr,mild_master_38,,-0.022800153595714006
894,az_itd=5_az=0,7.0,8.112628901919775e-18,0.0007334099637097506,2.127231463704266e-09,5.7025560777937505,0.012130656712220857,9,16,hbr,True,S9_D16 hbr,mild_master_38,,0.04136971611300016
895,constant,7.0,8.112628901919775e-18,0.8619472109284756,2.4609572968989228e-09,-0.180403922074325,-0.00044396634841799477,9,16,hbr,False,S9_D16 hbr,mild_master_38,,
903,Linear,7.0,3.7559493213697395e-18,0.08428610763248508,1.4854584128213646e-13,2.010640393078455,2.986722687056847e-07,9,17,hbr,False,S9_D17 hbr,mild_master_38,,
904,ShortHbO,7.0,3.7559493213697395e-18,5.508805791172738e-08,0.0018189878674826827,24.023279579205727,43698.0540917197,9,17,hbr,True,S9_D17 hbr,mild_master_38,,
905,az_itd=0_az=15,7.0,3.7559493213697395e-18,0.0064607666591069216,1.431165289160673e-09,-3.8296467525990745,-0.005480857502066686,9,17,hbr,True,S9_D17 hbr,mild_master_38,,-0.0051092619079667985
906,az_itd=0_az=5,7.0,3.7559493213697395e-18,0.059545658088839895,1.4363764266576053e-09,-2.246031784120387,-0.0032261471082342475,9,17,hbr,False,S9_D17 hbr,mild_master_38,,-0.0007668818847026597
907,az_itd=15_az=0,7.0,3.7559493213697395e-18,1.869698842366874e-07,1.4342910825656951e-09,-20.12967666683737,-0.028871815738175582,9,17,hbr,True,S9_D17 hbr,mild_master_38,,-0.05825028337140084
908,az_itd=5_az=0,7.0,3.7559493213697395e-18,1.0735633615665244e-06,1.44741745168765e-09,-15.603940227442651,-0.022585415400291454,9,17,hbr,True,S9_D17 hbr,mild_master_38,,-0.028350446497833522
909,constant,7.0,3.7559493213697395e-18,0.6010291692199442,1.6744922215407635e-09,0.5475281894061534,0.0009168316942349018,9,17,hbr,False,S9_D17 hbr,mild_master_38,,
49,Linear,7.0,7.796271396188224e-18,0.19226434856675997,2.1401494916113535e-13,-1.4428894247772308,-3.087999068888389e-07,10,6,hbr,False,S10_D6 hbr,mild_master_38,,
50,ShortHbO,7.0,7.796271396188224e-18,0.008110224974703496,0.002620676503791446,-3.6562748734695405,-9581.913652304665,10,6,hbr,True,S10_D6 hbr,mild_master_38,,
51,az_itd=0_az=15,7.0,7.796271396188224e-18,0.000571413245982302,2.061927577084828e-09,5.947647783029678,0.012263618982616334,10,6,hbr,True,S10_D6 hbr,mild_master_38,,-0.003768888186396565
52,az_itd=0_az=5,7.0,7.796271396188224e-18,0.0006935226942396012,2.0694354367250003e-09,5.756843748531493,0.011913416456899858,10,6,hbr,True,S10_D6 hbr,mild_master_38,,0.02066507571934799
53,az_itd=15_az=0,7.0,7.796271396188224e-18,0.0002521401204598356,2.0664310119227876e-09,-6.804645639822263,-0.014061330775273903,10,6,hbr,True,S10_D6 hbr,mild_master_38,,-0.02884694529602009
54,az_itd=5_az=0,7.0,7.796271396188224e-18,0.0121988464963735,2.0853426098245413e-09,3.353103453481883,0.006992369506695593,10,6,hbr,True,S10_D6 hbr,mild_master_38,,0.01890679292314481
55,constant,7.0,7.796271396188224e-18,0.7381660660706295,2.412496806175205e-09,0.3478669794001881,0.0008392279767767697,10,6,hbr,False,S10_D6 hbr,mild_master_38,,
7,Linear,7.0,1.3164801930991872e-18,0.0015738211190938448,8.794432107723308e-14,-4.995169041257538,-4.392967499994075e-07,10,14,hbr,True,S10_D14 hbr,mild_master_38,,
8,ShortHbO,7.0,1.3164801930991872e-18,1.9183457960746366e-07,0.00107690428538928,-20.054815462946852,-21597.11671473866,10,14,hbr,True,S10_D14 hbr,mild_master_38,,
9,az_itd=0_az=15,7.0,1.3164801930991872e-18,2.8292926885149083e-07,8.472997871780416e-10,18.95471429593338,0.016060325388964933,10,14,hbr,True,S10_D14 hbr,mild_master_38,,0.014811803958807615
10,az_itd=0_az=5,7.0,1.3164801930991872e-18,3.666021318679663e-08,8.503849624024181e-10,25.477399731710143,0.02166559761296171,10,14,hbr,True,S10_D14 hbr,mild_master_38,,0.008231350984459398
11,az_itd=15_az=0,7.0,1.3164801930991872e-18,2.6116262739523943e-08,8.49150365938508e-10,26.75393284469513,0.022718111865367138,10,14,hbr,True,S10_D14 hbr,mild_master_38,,0.010826412679584658
12,az_itd=5_az=0,7.0,1.3164801930991872e-18,3.286988740559759e-07,8.569216344619191e-10,18.54598729720544,0.015892457747431275,10,14,hbr,True,S10_D14 hbr,mild_master_38,,0.006457461738774591
13,constant,7.0,1.3164801930991872e-18,0.4459699461645876,9.913578212722362e-10,-0.8074552252760979,-0.000800477052904595,10,14,hbr,False,S10_D14 hbr,mild_master_38,,
21,Linear,7.0,3.146293076967858e-18,0.8646758078726511,1.3595657744862402e-13,0.17679517368252665,2.4036466723311365e-08,10,15,hbr,False,S10_D15 hbr,mild_master_38,,
22,ShortHbO,7.0,3.146293076967858e-18,1.8784577250571706e-05,0.0016648285993668985,-10.199057636876422,-16979.682840463243,10,15,hbr,True,S10_D15 hbr,mild_master_38,,
23,az_itd=0_az=15,7.0,3.146293076967858e-18,0.0010993557595184167,1.3098739944391458e-09,-5.3199301586209735,-0.006968438167010133,10,15,hbr,True,S10_D15 hbr,mild_master_38,,0.002062342594616809
24,az_itd=0_az=5,7.0,3.146293076967858e-18,1.392338268097919e-05,1.3146434879004367e-09,10.670776108297275,0.014028266321616578,10,15,hbr,True,S10_D15 hbr,mild_master_38,,0.009637886864768798
25,az_itd=15_az=0,7.0,3.146293076967858e-18,0.006810195618475643,1.312734876773449e-09,-3.7891784352380387,-0.004974186686254816,10,15,hbr,True,S10_D15 hbr,mild_master_38,,0.00556991806890231
26,az_itd=5_az=0,7.0,3.146293076967858e-18,0.004870072500815427,1.324748785777867e-09,-4.050118895229899,-0.0053653900887118055,10,15,hbr,True,S10_D15 hbr,mild_master_38,,0.0021104269015301577
27,constant,7.0,3.146293076967858e-18,0.787291752466921,1.5325789631002117e-09,-0.28037935720280927,-0.0004297035045365853,10,15,hbr,False,S10_D15 hbr,mild_master_38,,
35,Linear,7.0,6.642376809426715e-18,0.0803459510041772,1.975433389856807e-13,-2.043087383746193,-4.035983036247417e-07,10,16,hbr,False,S10_D16 hbr,mild_master_38,,
36,ShortHbO,7.0,6.642376809426715e-18,0.03087414575329611,0.0024189767536776105,2.694717886530572,6518.459925236714,10,16,hbr,True,S10_D16 hbr,mild_master_38,,
37,az_itd=0_az=15,7.0,6.642376809426715e-18,0.012376983345571633,1.903231806565594e-09,3.3425131652856916,0.006361577370035968,10,16,hbr,True,S10_D16 hbr,mild_master_38,,0.019844394154775933
38,az_itd=0_az=5,7.0,6.642376809426715e-18,4.7622386880913006e-08,1.9101618255561777e-09,24.53368430208067,0.04686330719408135,10,16,hbr,True,S10_D16 hbr,mild_master_38,,0.06159781792802044
39,az_itd=15_az=0,7.0,6.642376809426715e-18,0.6690088978591013,1.907388635601519e-09,0.4460831879035795,0.0008508540031401845,10,16,hbr,False,S10_D16 hbr,mild_master_38,,-0.008343801490703934
40,az_itd=5_az=0,7.0,6.642376809426715e-18,0.0005237245651248868,1.9248447068232267e-09,6.03494594548762,0.011616333759136139,10,16,hbr,True,S10_D16 hbr,mild_master_38,,0.02897620484794018
41,constant,7.0,6.642376809426715e-18,0.8283728876763935,2.2268195574754974e-09,-0.2250449269092209,-0.0005011344445520969,10,16,hbr,False,S10_D16 hbr,mild_master_38,,
119,Linear,7.0,3.2809105071665037e-15,0.7754183483894124,4.390336699662509e-12,0.2965462808671047,1.301938020039276e-06,11,3,hbr,False,S11_D3 hbr,mild_master_38,,
120,ShortHbO,7.0,3.2809105071665037e-15,0.15804221420143857,0.053760974537699346,-1.580333485713138,-84960.26828649765,11,3,hbr,False,S11_D3 hbr,mild_master_38,,
121,az_itd=0_az=15,7.0,3.2809105071665037e-15,0.0035552487413793602,4.2298710203210616e-08,-4.302597020963456,-0.18199430451093054,11,3,hbr,True,S11_D3 hbr,mild_master_38,,-0.22795076120757019
122,az_itd=0_az=5,7.0,3.2809105071665037e-15,0.000396204913234497,4.2452727629765924e-08,6.32069187263809,0.26833061050078,11,3,hbr,True,S11_D3 hbr,mild_master_38,,0.2044949489468173
123,az_itd=15_az=0,7.0,3.2809105071665037e-15,5.270333696335952e-06,4.239109438161091e-08,-12.339905871481573,-0.5231021144581699,11,3,hbr,True,S11_D3 hbr,mild_master_38,,-0.023880642207493682
124,az_itd=5_az=0,7.0,3.2809105071665037e-15,2.15391637233924e-06,4.2779049908282166e-08,14.086813167321893,0.6026204835335097,11,3,hbr,True,S11_D3 hbr,mild_master_38,,0.32474564611879936
125,constant,7.0,3.2809105071665037e-15,0.4202819011753053,4.949034311614816e-08,-0.8560943051500085,-0.04236840090165436,11,3,hbr,False,S11_D3 hbr,mild_master_38,,
133,Linear,7.0,7.31804243699757e-18,0.3566230859224357,2.073471630421272e-13,-0.9867797922748245,-2.0460599047548445e-07,11,4,hbr,False,S11_D4 hbr,mild_master_38,,
134,ShortHbO,7.0,7.31804243699757e-18,2.1306729142292745e-07,0.0025390274858939394,19.75166378009109,50150.01722978706,11,4,hbr,True,S11_D4 hbr,mild_master_38,,
135,az_itd=0_az=15,7.0,7.31804243699757e-18,0.015403804082367765,1.997686774604554e-09,-3.1840402804403003,-0.006360715158043763,11,4,hbr,True,S11_D4 hbr,mild_master_38,,0.023967827359511716
136,az_itd=0_az=5,7.0,7.31804243699757e-18,9.161759638344206e-05,2.0049607216022294e-09,7.993580437972091,0.016026814803101988,11,4,hbr,True,S11_D4 hbr,mild_master_38,,0.0035383407639039267
137,az_itd=15_az=0,7.0,7.31804243699757e-18,0.5267549455214767,2.0020499017657925e-09,0.6659786085635551,0.0013333224078527846,11,4,hbr,False,S11_D4 hbr,mild_master_38,,0.01329481779683376
138,az_itd=5_az=0,7.0,7.31804243699757e-18,2.667819614752688e-05,2.0203722955466573e-09,9.670079916731769,0.019537161559486992,11,4,hbr,True,S11_D4 hbr,mild_master_38,,0.030979780161031256
139,constant,7.0,7.31804243699757e-18,0.9983891786338396,2.3373337730346782e-09,-0.0020920239988565523,-4.8897583465264814e-06,11,4,hbr,False,S11_D4 hbr,mild_master_38,,
63,Linear,7.0,5.092402114697841e-18,0.1183951830793811,1.7296649333123895e-13,1.7794205590171535,3.0778013425470993e-07,11,11,hbr,False,S11_D11 hbr,mild_master_38,,
64,ShortHbO,7.0,5.092402114697841e-18,0.743582783330234,0.002118025992077258,0.34034390206276477,720.8572308139325,11,11,hbr,False,S11_D11 hbr,mild_master_38,,
65,az_itd=0_az=15,7.0,5.092402114697841e-18,3.866900500896782e-06,1.6664461240173326e-09,-12.920210543151857,-0.021530834781123286,11,11,hbr,True,S11_D11 hbr,mild_master_38,,-0.03788712984376444
66,az_itd=0_az=5,7.0,5.092402114697841e-18,0.047908893795987686,1.6725139625467153e-09,2.393681515597631,0.004003465756727022,11,11,hbr,True,S11_D11 hbr,mild_master_38,,-0.02148035706323071
67,az_itd=15_az=0,7.0,5.092402114697841e-18,1.7979049507156098e-06,1.6700857918766146e-09,-14.466479147264941,-0.024160261282326505,11,11,hbr,True,S11_D11 hbr,mild_master_38,,-0.05810635258703269
68,az_itd=5_az=0,7.0,5.092402114697841e-18,0.00022917048151657938,1.6853701109635672e-09,-6.910438764554414,-0.011646646947424007,11,11,hbr,True,S11_D11 hbr,mild_master_38,,-0.0371609904327709
69,constant,7.0,5.092402114697841e-18,0.7746393946897098,1.949775538449704e-09,0.29760992378471735,0.0005802725493953227,11,11,hbr,False,S11_D11 hbr,mild_master_38,,
77,Linear,7.0,3.3816517919257068e-18,0.07479598095696549,1.409499996133214e-13,-2.091574143335332,-2.948073746943481e-07,11,12,hbr,False,S11_D12 hbr,mild_master_38,,
78,ShortHbO,7.0,3.3816517919257068e-18,3.0331966374542854e-08,0.0017259745342271824,-26.183096970540586,-45191.35859835394,11,12,hbr,True,S11_D12 hbr,mild_master_38,,
79,az_itd=0_az=15,7.0,3.3816517919257068e-18,0.06748581220609924,1.3579831331033988e-09,2.1612244766709603,0.002934906386169384,11,12,hbr,False,S11_D12 hbr,mild_master_38,,0.02004503426722062
80,az_itd=0_az=5,7.0,3.3816517919257068e-18,1.2487229251464076e-07,1.3629278008358498e-09,21.34237912786143,0.029088121849341123,11,12,hbr,True,S11_D12 hbr,mild_master_38,,0.03856398114438576
81,az_itd=15_az=0,7.0,3.3816517919257068e-18,0.00022824659014220356,1.3609490901132109e-09,6.9149407365267646,0.009410882303562877,11,12,hbr,True,S11_D12 hbr,mild_master_38,,0.022732415600299764
82,az_itd=5_az=0,7.0,3.3816517919257068e-18,0.0005289827505591107,1.3734042467617893e-09,6.0248925147447245,0.00827461296603372,11,12,hbr,True,S11_D12 hbr,mild_master_38,,0.015954299942772244
83,constant,7.0,3.3816517919257068e-18,0.8734700020657866,1.5888676245765966e-09,-0.1651818044698395,-0.00026245202129126973,11,12,hbr,False,S11_D12 hbr,mild_master_38,,
91,Linear,7.0,3.1257497659766503e-18,0.078717089108723,1.355119951643075e-13,2.056963894852837,2.787432813724528e-07,11,13,hbr,False,S11_D13 hbr,mild_master_38,,
92,ShortHbO,7.0,3.1257497659766503e-18,3.1924839774252416e-06,0.0016593845574853518,-13.291974123851714,-22056.496599614424,11,13,hbr,True,S11_D13 hbr,mild_master_38,,
93,az_itd=0_az=15,7.0,3.1257497659766503e-18,2.1036746210370147e-05,1.3055906652796232e-09,-10.025587616375567,-0.013089313605882929,11,13,hbr,True,S11_D13 hbr,mild_master_38,,-0.009875078442857881
94,az_itd=0_az=5,7.0,3.1257497659766503e-18,2.861681026386486e-05,1.310344562347287e-09,-9.567252257121982,-0.012536396971724595,11,13,hbr,True,S11_D13 hbr,mild_master_38,,-0.023014512192645845
95,az_itd=15_az=0,7.0,3.1257497659766503e-18,0.01902654680790129,1.3084421924387139e-09,-3.033272866785372,-0.003968862200081515,11,13,hbr,True,S11_D13 hbr,mild_master_38,,-0.0004856504105659856
96,az_itd=5_az=0,7.0,3.1257497659766503e-18,1.3585992641444457e-06,1.3204168155828299e-09,-15.07438815370641,-0.019904475602776552,11,13,hbr,True,S11_D13 hbr,mild_master_38,,-0.0324008611490094
97,constant,7.0,3.1257497659766503e-18,0.6349283892297728,1.5275673816887273e-09,0.4962360370533156,0.0007580339838211236,11,13,hbr,False,S11_D13 hbr,mild_master_38,,
105,Linear,7.0,2.2649621266207865e-18,0.16674850809002506,1.1535358813823677e-13,-1.54295842603062,-1.7798579079075822e-07,11,20,hbr,False,S11_D20 hbr,mild_master_38,,
106,ShortHbO,7.0,2.2649621266207865e-18,3.7152038979705105e-09,0.0014125388868714156,-35.41454885056768,-50024.42741243423,11,20,hbr,True,S11_D20 hbr,mild_master_38,,
107,az_itd=0_az=15,7.0,2.2649621266207865e-18,1.7968380264510472e-07,1.1113744410388547e-09,20.246058909125413,0.022500952403368978,11,20,hbr,True,S11_D20 hbr,mild_master_38,,0.023913790158010005
108,az_itd=0_az=5,7.0,2.2649621266207865e-18,1.1194471599522576e-06,1.1154211609157922e-09,15.50854765982867,0.017298562234843988,11,20,hbr,True,S11_D20 hbr,mild_master_38,,0.006448962305760678
109,az_itd=15_az=0,7.0,2.2649621266207865e-18,3.4186970867637506e-05,1.1138017825378556e-09,9.310813068651031,0.01037040019274028,11,20,hbr,True,S11_D20 hbr,mild_master_38,,-0.00191979842583855
110,az_itd=5_az=0,7.0,2.2649621266207865e-18,0.8472583475649165,1.1239950923227357e-09,-0.19987830065103757,-0.0002246622289935745,11,20,hbr,False,S11_D20 hbr,mild_master_38,,-0.022798311286285008
111,constant,7.0,2.2649621266207865e-18,0.35922037904344245,1.3003304865157667e-09,-0.9811163765995945,-0.0012757755353123368,11,20,hbr,False,S11_D20 hbr,mild_master_38,,
189,Linear,7.0,5.293348219789935e-18,0.9034560769247219,1.7634610356873716e-13,-0.12576209237588465,-2.2177654967138845e-08,12,2,hbr,False,S12_D2 hbr,mild_master_38,,
190,ShortHbO,7.0,5.293348219789935e-18,0.009167907769767933,0.0021594103214248126,3.5641884065395697,7696.5452325842025,12,2,hbr,True,S12_D2 hbr,mild_master_38,,
191,az_itd=0_az=15,7.0,5.293348219789935e-18,0.022615209083100378,1.6990069875262133e-09,-2.9114053182641038,-0.004946497979251691,12,2,hbr,True,S12_D2 hbr,mild_master_38,,-0.03305127077696465
192,az_itd=0_az=5,7.0,5.293348219789935e-18,3.1556404007738546e-05,1.705193386181424e-09,9.425510943356075,0.016072318921991416,12,2,hbr,True,S12_D2 hbr,mild_master_38,,-0.015376439013360601
193,az_itd=15_az=0,7.0,5.293348219789935e-18,0.035297831956438416,1.702717771232972e-09,-2.602473716697419,-0.004431278246587418,12,2,hbr,True,S12_D2 hbr,mild_master_38,,-0.0447410699855305
194,az_itd=5_az=0,7.0,5.293348219789935e-18,0.0004393274780429358,1.7183007322144592e-09,-6.213769475919078,-0.010677124640283607,12,2,hbr,True,S12_D2 hbr,mild_master_38,,-0.03543162184209668
195,constant,7.0,5.293348219789935e-18,0.8467040816306755,1.9878724047482483e-09,0.2006147789290095,0.0003987965830176483,12,2,hbr,False,S12_D2 hbr,mild_master_38,,
203,Linear,7.0,2.6149904915994703e-17,0.7662110853625637,3.9195453426270584e-13,-0.309143225229156,-1.2117008886516458e-07,12,4,hbr,False,S12_D4 hbr,mild_master_38,,
204,ShortHbO,7.0,2.6149904915994703e-17,0.0044114138818184155,0.0047995994790224076,4.128655763030197,19815.8940493026,12,4,hbr,True,S12_D4 hbr,mild_master_38,,
205,az_itd=0_az=15,7.0,2.6149904915994703e-17,1.147157447719906e-06,3.776286966529706e-09,-15.453070412702337,-0.05835522839235367,12,4,hbr,True,S12_D4 hbr,mild_master_38,,-0.0512980588558312
206,az_itd=0_az=5,7.0,2.6149904915994703e-17,0.025643675885342904,3.7900371257597424e-09,-2.8235131936397018,-0.010701219828966928,12,4,hbr,True,S12_D4 hbr,mild_master_38,,-0.029612450331612993
207,az_itd=15_az=0,7.0,2.6149904915994703e-17,0.36347453574002087,3.784534716097733e-09,-0.971907860379166,-0.0036782190384532223,12,4,hbr,False,S12_D4 hbr,mild_master_38,,-0.0373533068142263
208,az_itd=5_az=0,7.0,2.6149904915994703e-17,7.380253453966814e-05,3.819170084219445e-09,8.268143938603213,0.03157744798233373,12,4,hbr,True,S12_D4 hbr,mild_master_38,,0.01642837450456022
209,constant,7.0,2.6149904915994703e-17,0.6212424858993757,4.4183318304681524e-09,0.5167629885221654,0.0022832303609953315,12,4,hbr,False,S12_D4 hbr,mild_master_38,,
147,Linear,7.0,6.6437887916451194e-18,0.16309571904547124,1.975643339449059e-13,-1.5584149680755488,-3.078872151776176e-07,12,10,hbr,False,S12_D10 hbr,mild_master_38,,
148,ShortHbO,7.0,6.6437887916451194e-18,1.7407585380508899e-07,0.0024192338431779244,20.339364275098283,49205.6784030418,12,10,hbr,True,S12_D10 hbr,mild_master_38,,
149,az_itd=0_az=15,7.0,6.6437887916451194e-18,0.12286119125121699,1.903434082554145e-09,-1.7540699986648849,-0.003338756618644445,12,10,hbr,False,S12_D10 hbr,mild_master_38,,-0.019241674986094796
150,az_itd=0_az=5,7.0,6.6437887916451194e-18,4.5485224754789265e-07,1.910364838069012e-09,17.68948419328738,0.03379336860643379,12,10,hbr,True,S12_D10 hbr,mild_master_38,,0.041203778538228965
151,az_itd=15_az=0,7.0,6.6437887916451194e-18,0.056639303946556474,1.9075913533789783e-09,-2.279963629923747,-0.004349238906461088,12,10,hbr,False,S12_D10 hbr,mild_master_38,,-0.03967754217240625
152,az_itd=5_az=0,7.0,6.6437887916451194e-18,0.002951656341964533,1.9250492798366333e-09,4.455599377804451,0.00857724837348301,12,10,hbr,True,S12_D10 hbr,mild_master_38,,-0.0013731189818266775
153,constant,7.0,6.6437887916451194e-18,0.9990884880412383,2.2270562244572905e-09,0.0011838083678281477,2.6364077941363016e-06,12,10,hbr,False,S12_D10 hbr,mild_master_38,,
161,Linear,7.0,1.218812889665953e-17,0.3358621022539334,2.6758955362669687e-13,-1.0332407021975072,-2.764844182899658e-07,12,11,hbr,False,S12_D11 hbr,mild_master_38,,
162,ShortHbO,7.0,1.218812889665953e-17,3.983050730854034e-05,0.0032767134193113358,9.095296872737995,29802.681315521015,12,11,hbr,True,S12_D11 hbr,mild_master_38,,
163,az_itd=0_az=15,7.0,1.218812889665953e-17,0.32949583950195643,2.5780922413381687e-09,-1.0479388685862743,-0.0027016830664989724,12,11,hbr,False,S12_D11 hbr,mild_master_38,,-0.03999574595012434
164,az_itd=0_az=5,7.0,1.218812889665953e-17,2.5198869166499353e-07,2.5874795519801605e-09,19.27634358975121,0.0498771448754251,12,11,hbr,True,S12_D11 hbr,mild_master_38,,0.03338660126868449
165,az_itd=15_az=0,7.0,1.218812889665953e-17,0.0007841432255743007,2.5837230261165218e-09,-5.638087385335151,-0.014567256200747525,12,11,hbr,True,S12_D11 hbr,mild_master_38,,-0.06285471202615237
166,az_itd=5_az=0,7.0,1.218812889665953e-17,0.0006431428492823722,2.6073687857269298e-09,5.830625559757275,0.015202591085772725,12,11,hbr,True,S12_D11 hbr,mild_master_38,,0.005225657844598875
167,constant,7.0,1.218812889665953e-17,0.9139911042747619,3.016419862353648e-09,-0.11196901177527868,-0.0003377455510870601,12,11,hbr,False,S12_D11 hbr,mild_master_38,,
175,Linear,7.0,8.307961832158497e-18,0.08244990303598126,2.209265355184343e-13,-2.0255704659550298,-4.4750226549190535e-07,12,12,hbr,False,S12_D12 hbr,mild_master_38,,
176,ShortHbO,7.0,8.307961832158497e-18,0.7771550294574364,0.002705310927888901,0.29417624419614297,795.8382081491394,12,12,hbr,False,S12_D12 hbr,mild_master_38,,
177,az_itd=0_az=15,7.0,8.307961832158497e-18,0.007701375900417898,2.1285172735867673e-09,3.6954173440024807,0.007865759649821414,12,12,hbr,True,S12_D12 hbr,mild_master_38,,-0.01069153565630906
178,az_itd=0_az=5,7.0,8.307961832158497e-18,3.5939978482901394e-08,2.1362675986269734e-09,25.550410451684286,0.05458251397955312,12,12,hbr,True,S12_D12 hbr,mild_master_38,,0.04467878927145333
179,az_itd=15_az=0,7.0,8.307961832158497e-18,0.01749397165422681,2.1331661462967496e-09,-3.092968489535082,-0.00659781567343883,12,12,hbr,True,S12_D12 hbr,mild_master_38,,-0.03401265442428952
180,az_itd=5_az=0,7.0,8.307961832158497e-18,1.6315555808472415e-06,2.1526884919175987e-09,14.674470127481825,0.0315895629684187,12,12,hbr,True,S12_D12 hbr,mild_master_38,,0.0181301382310551
181,constant,7.0,8.307961832158497e-18,0.6310004419142783,2.490408092643486e-09,-0.5021034425685558,-0.001250442476716885,12,12,hbr,False,S12_D12 hbr,mild_master_38,,
217,Linear,7.0,3.998669416277415e-18,0.6349467171993908,1.5327043371671505e-13,0.4962087038100997,7.605412324698297e-08,13,1,hbr,False,S13_D1 hbr,mild_master_38,,
218,ShortHbO,7.0,3.998669416277415e-18,0.022212404123393745,0.0018768419025948216,2.9240237263531856,5487.930253801113,13,1,hbr,True,S13_D1 hbr,mild_master_38,,
219,az_itd=0_az=15,7.0,3.998669416277415e-18,0.0010164450382720435,1.4766843870999912e-09,-5.3926696203210795,-0.007963271033116576,13,1,hbr,True,S13_D1 hbr,mild_master_38,,-0.021205780383886215
220,az_itd=0_az=5,7.0,3.998669416277415e-18,0.0001422459730185626,1.482061268050803e-09,7.458062350510512,0.011053305344399564,13,1,hbr,True,S13_D1 hbr,mild_master_38,,-0.002664585677165452
221,az_itd=15_az=0,7.0,3.998669416277415e-18,0.597433474586701,1.4799095982991835e-09,-0.5530600746796681,-0.000818478912954504,13,1,hbr,False,S13_D1 hbr,mild_master_38,,-0.017956229286394124
222,az_itd=5_az=0,7.0,3.998669416277415e-18,0.021692230265462444,1.4934534597165254e-09,-2.9406814774324475,-0.004391770926395792,13,1,hbr,True,S13_D1 hbr,mild_master_38,,-0.011311841965466267
223,constant,7.0,3.998669416277415e-18,0.7828359919194401,1.7277504831882645e-09,-0.2864364024714104,-0.0004948906327726875,13,1,hbr,False,S13_D1 hbr,mild_master_38,,
231,Linear,7.0,1.9352353256876248e-18,0.23157871597965263,1.0662708275213282e-13,1.3098957737325148,1.396703650624459e-07,13,2,hbr,False,S13_D2 hbr,mild_master_38,,
232,ShortHbO,7.0,1.9352353256876248e-18,1.5791669676044004e-05,0.001305680241177682,10.470115283240546,13670.62264817965,13,2,hbr,True,S13_D2 hbr,mild_master_38,,
233,az_itd=0_az=15,7.0,1.9352353256876248e-18,0.000861565899984551,1.0272989024948648e-09,-5.54817788331138,-0.005699637050372063,13,2,hbr,True,S13_D2 hbr,mild_master_38,,-0.028210817000018172
234,az_itd=0_az=5,7.0,1.9352353256876248e-18,0.006211982136839193,1.0310394877870695e-09,3.8599396287182572,0.0039797501776826835,13,2,hbr,True,S13_D2 hbr,mild_master_38,,-0.009966483038190846
235,az_itd=15_az=0,7.0,1.9352353256876248e-18,0.00030078513381750555,1.0295426154738793e-09,-6.612529387587432,-0.0068078808005946545,13,2,hbr,True,S13_D2 hbr,mild_master_38,,-0.020715837100608706
236,az_itd=5_az=0,7.0,1.9352353256876248e-18,6.019558545472507e-06,1.0389648008041531e-09,-12.098260243857437,-0.012569666544336148,13,2,hbr,True,S13_D2 hbr,mild_master_38,,-0.023225329252992814
237,constant,7.0,1.9352353256876248e-18,0.949265709655849,1.2019604125766999e-09,0.06594472470416128,7.926294851267059e-05,13,2,hbr,False,S13_D2 hbr,mild_master_38,,
245,Linear,7.0,3.5067030624761904e-15,0.43271512266236745,4.5388949582372615e-12,0.8322969120000051,3.7777082576332647e-06,13,9,hbr,False,S13_D9 hbr,mild_master_38,,
246,ShortHbO,7.0,3.5067030624761904e-15,0.015938644007511844,0.05558011445861161,-3.1595346580078743,-175607.29792802793,13,9,hbr,True,S13_D9 hbr,mild_master_38,,
247,az_itd=0_az=15,7.0,3.5067030624761904e-15,0.62583732562504,4.372999512680887e-08,-0.5098450458881486,-0.02229552137211638,13,9,hbr,False,S13_D9 hbr,mild_master_38,,0.2742279360941634
248,az_itd=0_az=5,7.0,3.5067030624761904e-15,0.1946797051394702,4.388922412647223e-08,-1.4340508623609387,-0.06293937970692001,13,9,hbr,False,S13_D9 hbr,mild_master_38,,-0.5042354076019441
249,az_itd=15_az=0,7.0,3.5067030624761904e-15,0.10995580063886935,4.382550535990654e-08,-1.8299351896847276,-0.08019783446380961,13,9,hbr,False,S13_D9 hbr,mild_master_38,,0.2928703013507034
250,az_itd=5_az=0,7.0,3.5067030624761904e-15,1.8852709422073662e-06,4.422658835296349e-08,-14.365842794379288,-0.6353522156103996,13,9,hbr,True,S13_D9 hbr,mild_master_38,,-0.4869848711073463
251,constant,7.0,3.5067030624761904e-15,0.8678716695352511,5.116497531239113e-08,0.1725717614921,0.008829629916359145,13,9,hbr,False,S13_D9 hbr,mild_master_38,,
259,Linear,7.0,1.1346369440762831e-15,0.7838928713177363,2.5818386384944656e-12,-0.28499864292087956,-7.358205082116141e-07,14,10,hbr,False,S14_D10 hbr,mild_master_38,,
260,ShortHbO,7.0,1.1346369440762831e-15,0.017068610792754686,0.03161537959382915,-3.1105268170911726,-98340.4860591226,14,10,hbr,True,S14_D10 hbr,mild_master_38,,
261,az_itd=0_az=15,7.0,1.1346369440762831e-15,3.287961832369702e-05,2.487473099034164e-08,-9.366516282625032,-0.23298957284695243,14,10,hbr,True,S14_D10 hbr,mild_master_38,,-0.14971490493810127
262,az_itd=0_az=5,7.0,1.1346369440762831e-15,0.00016090126342119184,2.4965304486199615e-08,-7.313377928160095,-0.18258070679916846,14,10,hbr,True,S14_D10 hbr,mild_master_38,,-0.19565959635479754
263,az_itd=15_az=0,7.0,1.1346369440762831e-15,1.6932867839199972e-06,2.492905963474784e-08,14.594579699119308,0.3638291476634254,14,10,hbr,True,S14_D10 hbr,mild_master_38,,0.16983965181057517
264,az_itd=5_az=0,7.0,1.1346369440762831e-15,5.501205730692782e-06,2.5157205819721376e-08,12.261481482204218,0.30846461330251385,14,10,hbr,True,S14_D10 hbr,mild_master_38,,0.36373111563514493
265,constant,7.0,1.1346369440762831e-15,0.6503372613750005,2.9103936401835014e-08,-0.4733974020650821,-0.01377772788249607,14,10,hbr,False,S14_D10 hbr,mild_master_38,,
273,Linear,7.0,1.618861151805285e-18,0.4405303834696819,9.752263710546001e-14,0.8175861514571022,7.973315755100065e-08,15,17,hbr,False,S15_D17 hbr,mild_master_38,,
274,ShortHbO,7.0,1.618861151805285e-18,1.0139455239390123e-08,0.00119419360494127,30.657266803654338,36610.7119619023,15,17,hbr,True,S15_D17 hbr,mild_master_38,,
275,az_itd=0_az=15,7.0,1.618861151805285e-18,0.10237348961026135,9.395820975402244e-10,-1.8786183898544158,-0.001765116207217051,15,17,hbr,False,S15_D17 hbr,mild_master_38,,-0.016448555095548024
276,az_itd=0_az=5,7.0,1.618861151805285e-18,0.22547945470392702,9.43003289723281e-10,-1.3291564722306575,-0.001253398925870501,15,17,hbr,False,S15_D17 hbr,mild_master_38,,0.0028251431403440623
277,az_itd=15_az=0,7.0,1.618861151805285e-18,0.0015978751563483684,9.416342291466935e-10,-4.981721825256646,-0.004690959790748801,15,17,hbr,True,S15_D17 hbr,mild_master_38,,-0.023322426975969215
278,az_itd=5_az=0,7.0,1.618861151805285e-18,6.582151117740961e-05,9.502518930364647e-10,-8.416620486291846,-0.007997909550068317,15,17,hbr,True,S15_D17 hbr,mild_master_38,,-0.013272109104521496
279,constant,7.0,1.618861151805285e-18,0.9996290700306916,1.0993299835777587e-09,0.0004817379514572697,5.295889742643034e-07,15,17,hbr,False,S15_D17 hbr,mild_master_38,,
287,Linear,7.0,1.79675087281516e-17,0.19056112230652678,3.248961523068297e-13,1.4491822936156065,4.708337511868968e-07,15,18,hbr,False,S15_D18 hbr,mild_master_38,,
288,ShortHbO,7.0,1.79675087281516e-17,1.4202585596030405e-10,0.003978449710453107,56.53928678785252,224938.70915035706,15,18,hbr,True,S15_D18 hbr,mild_master_38,,
289,az_itd=0_az=15,7.0,1.79675087281516e-17,0.3177465276408132,3.130212813432096e-09,1.0756686369608872,0.003367071750422007,15,18,hbr,False,S15_D18 hbr,mild_master_38,,-0.016959241841174526
290,az_itd=0_az=5,7.0,1.79675087281516e-17,5.249598888709256e-05,3.141610497186025e-09,-8.716711307896137,-0.027384511745826626,15,18,hbr,True,S15_D18 hbr,mild_master_38,,-0.0828269144667765
291,az_itd=15_az=0,7.0,1.79675087281516e-17,0.001193490198338112,3.1370494790797655e-09,-5.244407607712764,-0.016451966153857283,15,18,hbr,True,S15_D18 hbr,mild_master_38,,-0.05257029219386525
292,az_itd=5_az=0,7.0,1.79675087281516e-17,0.00014875158514579607,3.165759180978335e-09,-7.405295759933112,-0.023443383039868187,15,18,hbr,True,S15_D18 hbr,mild_master_38,,-0.07915266108628784
293,constant,7.0,1.79675087281516e-17,0.8672240870216825,3.662412055097588e-09,-0.17342727249640294,-0.0006351621334735205,15,18,hbr,False,S15_D18 hbr,mild_master_38,,
301,Linear,7.0,5.884933596681098e-18,0.024277971949018696,1.8593939744213815e-13,-2.861714650171747,-5.321054977042738e-07,15,22,hbr,True,S15_D22 hbr,mild_master_38,,
302,ShortHbO,7.0,5.884933596681098e-18,2.5339355128387257e-05,0.0022768830491316024,9.746169896572598,22190.889031462848,15,22,hbr,True,S15_D22 hbr,mild_master_38,,
303,az_itd=0_az=15,7.0,5.884933596681098e-18,4.5836894517652055e-05,1.7914336019761752e-09,8.900984565875758,0.01594552284198115,15,22,hbr,True,S15_D22 hbr,mild_master_38,,0.018002573136435794
304,az_itd=0_az=5,7.0,5.884933596681098e-18,1.1740711360028571e-07,1.797956543027937e-09,21.533720134882795,0.038716693012244945,15,22,hbr,True,S15_D22 hbr,mild_master_38,,0.07590291363995914
305,az_itd=15_az=0,7.0,5.884933596681098e-18,1.4494865247469934e-06,1.7953462537020121e-09,14.931773750933507,0.026807704064864515,15,22,hbr,True,S15_D22 hbr,mild_master_38,,0.005712849330551253
306,az_itd=5_az=0,7.0,5.884933596681098e-18,1.0546247040055207e-05,1.81177693357883e-09,11.125768852320078,0.02015741137496333,15,22,hbr,True,S15_D22 hbr,mild_master_38,,0.03406372539738286
307,constant,7.0,5.884933596681098e-18,0.5845948210808787,2.0960134057437196e-09,-0.5729658457471206,-0.001200944093719253,15,22,hbr,False,S15_D22 hbr,mild_master_38,,
315,Linear,7.0,4.3502249728774994e-18,0.4990677617212621,1.598661420147926e-13,-0.7127431324507143,-1.1394349483243403e-07,16,16,hbr,False,S16_D16 hbr,mild_master_38,,
316,ShortHbO,7.0,4.3502249728774994e-18,1.6453981316189624e-06,0.001957608306205346,14.656259560587959,28691.215453708497,16,16,hbr,True,S16_D16 hbr,mild_master_38,,
317,az_itd=0_az=15,7.0,4.3502249728774994e-18,0.005463635313927757,1.5402307556294802e-09,-3.9597185593726953,-0.0060988803087826836,16,16,hbr,True,S16_D16 hbr,mild_master_38,,-0.013314112361299854
318,az_itd=0_az=5,7.0,4.3502249728774994e-18,1.0369437381641587e-07,1.545839020660346e-09,21.924317975443635,0.03389146622780581,16,16,hbr,True,S16_D16 hbr,mild_master_38,,0.06436810371187494
319,az_itd=15_az=0,7.0,4.3502249728774994e-18,0.06419715310432171,1.543594757799336e-09,-2.195063108594304,-0.0033882879074648826,16,16,hbr,False,S16_D16 hbr,mild_master_38,,-0.029375582037963588
320,az_itd=5_az=0,7.0,4.3502249728774994e-18,0.001016422149357667,1.5577214541247038e-09,-5.392690603252325,-0.008400309848142839,16,16,hbr,True,S16_D16 hbr,mild_master_38,,-0.00020124823408538753
321,constant,7.0,4.3502249728774994e-18,0.9638963635945703,1.8021010146158374e-09,-0.046908531993922246,-8.453391310038675e-05,16,16,hbr,False,S16_D16 hbr,mild_master_38,,
329,Linear,7.0,1.527645858519001e-15,0.49957232205527,2.9957942257290023e-12,-0.7118761812889073,-2.132634553339321e-06,16,18,hbr,False,S16_D18 hbr,mild_master_38,,
330,ShortHbO,7.0,1.527645858519001e-15,0.021747919228445656,0.03668438848938039,2.9388780496395697,107810.9440958905,16,18,hbr,True,S16_D18 hbr,mild_master_38,,
331,az_itd=0_az=15,7.0,1.527645858519001e-15,0.0022003268447737916,2.8862987158206744e-08,-4.703180391612728,-0.13574783524584794,16,18,hbr,True,S16_D18 hbr,mild_master_38,,-0.27114335664730543
332,az_itd=0_az=5,7.0,1.527645858519001e-15,2.43941250304729e-05,2.896808263235831e-08,-9.802688443854306,-0.28396508886083544,16,18,hbr,True,S16_D18 hbr,mild_master_38,,-0.5159591060580591
333,az_itd=15_az=0,7.0,1.527645858519001e-15,4.69843065204995e-06,2.892602651193595e-08,12.552303797608634,0.3630882724355016,16,18,hbr,True,S16_D18 hbr,mild_master_38,,0.2388364451401481
334,az_itd=5_az=0,7.0,1.527645858519001e-15,0.05162105710473434,2.9190752205236586e-08,-2.3429403712541275,-0.06839219180892425,16,18,hbr,False,S16_D18 hbr,mild_master_38,,0.1056371221569448
335,constant,7.0,1.527645858519001e-15,0.436244585929093,3.377027646834031e-08,0.8256303201278019,0.027881764171360186,16,18,hbr,False,S16_D18 hbr,mild_master_38,,
343,Linear,7.0,5.0433917707204095e-18,0.48878511644897604,1.7213214812952842e-13,0.7305374565143762,1.2574898167890155e-07,16,22,hbr,False,S16_D22 hbr,mild_master_38,,
344,ShortHbO,7.0,5.0433917707204095e-18,0.00012418468460922877,0.002107809187715019,-7.620139973566502,-16061.801047957953,16,22,hbr,True,S16_D22 hbr,mild_master_38,,
345,az_itd=0_az=15,7.0,5.0433917707204095e-18,8.951335143531036e-05,1.658407623029628e-09,-8.02271652562018,-0.013304934243494276,16,22,hbr,True,S16_D22 hbr,mild_master_38,,-0.023095541621316433
346,az_itd=0_az=5,7.0,5.0433917707204095e-18,0.3762012148312304,1.6644461918902774e-09,0.9448428784139846,0.0015726401309108053,16,22,hbr,False,S16_D22 hbr,mild_master_38,,0.008088654034171786
347,az_itd=15_az=0,7.0,5.0433917707204095e-18,0.00023632685151498979,1.662029734081486e-09,6.876243954840518,0.011428521911743015,16,22,hbr,True,S16_D22 hbr,mild_master_38,,-0.0087241150913556
348,az_itd=5_az=0,7.0,5.0433917707204095e-18,0.0001535930498289335,1.6772403256039492e-09,-7.367687850682978,-0.01235738316962778,16,22,hbr,True,S16_D22 hbr,mild_master_38,,-0.024946565264990755
349,constant,7.0,5.0433917707204095e-18,0.8341894885369596,1.9403703303450187e-09,-0.21727734947263616,-0.00042159852237270913,16,22,hbr,False,S16_D22 hbr,mild_master_38,,
357,Linear,7.0,2.7404846785514067e-18,0.5940128711301684,1.2688618064290663e-13,0.5583398409843257,7.08456099232689e-08,16,23,hbr,False,S16_D23 hbr,mild_master_38,,
358,ShortHbO,7.0,2.7404846785514067e-18,5.356478246324112e-06,0.0015537589012828109,-12.310194798973756,-19127.074745430837,16,23,hbr,True,S16_D23 hbr,mild_master_38,,
359,az_itd=0_az=15,7.0,2.7404846785514067e-18,2.938895034450368e-05,1.2224852331300961e-09,-9.528475380467308,-0.011648420446864958,16,23,hbr,True,S16_D23 hbr,mild_master_38,,-0.019009836360201104
360,az_itd=0_az=5,7.0,2.7404846785514067e-18,0.00015537504760081494,1.2269365279498204e-09,7.354180703530106,0.009023112938304797,16,23,hbr,True,S16_D23 hbr,mild_master_38,,0.02558790014206687
361,az_itd=15_az=0,7.0,2.7404846785514067e-18,0.5844675035477648,1.22515525056861e-09,0.5731644792543501,0.0007022154711978902,16,23,hbr,False,S16_D23 hbr,mild_master_38,,-0.015732779764370996
362,az_itd=5_az=0,7.0,2.7404846785514067e-18,5.5889981442212324e-05,1.2363676468849123e-09,-8.632708730984781,-0.01067320177997049,16,23,hbr,True,S16_D23 hbr,mild_master_38,,-0.01608947775733514
363,constant,7.0,2.7404846785514067e-18,0.953931869125501,1.4303323517756006e-09,0.05987091646875951,8.563530875572131e-05,16,23,hbr,False,S16_D23 hbr,mild_master_38,,
371,Linear,7.0,8.967799157726248e-18,0.1948551507996502,2.2953217525858924e-13,-1.433412693258747,-3.290143335269531e-07,17,15,hbr,False,S17_D15 hbr,mild_master_38,,
372,ShortHbO,7.0,8.967799157726248e-18,0.0006567071752296655,0.0028106895379136506,5.810141107854149,16330.502825647685,17,15,hbr,True,S17_D15 hbr,mild_master_38,,
373,az_itd=0_az=15,7.0,8.967799157726248e-18,0.48807279241530566,2.2114283317545898e-09,-0.7317792330421158,-0.0016182773285389792,17,15,hbr,False,S17_D15 hbr,mild_master_38,,0.012855218247896292
374,az_itd=0_az=5,7.0,8.967799157726248e-18,5.410976992980316e-07,2.2194805512911206e-09,17.24740339318279,0.03828027639144168,17,15,hbr,True,S17_D15 hbr,mild_master_38,,0.0561291432031572
375,az_itd=15_az=0,7.0,8.967799157726248e-18,0.026803334103816617,2.216258289654932e-09,-2.792718731292594,-0.006189386038901816,17,15,hbr,True,S17_D15 hbr,mild_master_38,,-0.022793306664845026
376,az_itd=5_az=0,7.0,8.967799157726248e-18,0.040834873335297,2.2365410793433154e-09,-2.502628483035061,-0.00559723140864256,17,15,hbr,True,S17_D15 hbr,mild_master_38,,-0.004447444637379234
377,constant,7.0,8.967799157726248e-18,0.4968247621719728,2.587415701082029e-09,0.7166040559197628,0.001854152585745859,17,15,hbr,False,S17_D15 hbr,mild_master_38,,
385,Linear,7.0,7.144325790708249e-17,0.9778224407551588,6.478601410234179e-13,0.028807217257480155,1.8663047834923332e-08,17,17,hbr,False,S17_D17 hbr,mild_master_38,,
386,ShortHbO,7.0,7.144325790708249e-17,0.31763925502463497,0.00793323950489439,1.0759255639691245,8535.575188405635,17,17,hbr,False,S17_D17 hbr,mild_master_38,,
387,az_itd=0_az=15,7.0,7.144325790708249e-17,1.3355919117128006e-06,6.2418101917940065e-09,-15.112218106505832,-0.09432759699780204,17,17,hbr,True,S17_D17 hbr,mild_master_38,,-0.0775944324232665
388,az_itd=0_az=5,7.0,7.144325790708249e-17,7.934786083702087e-05,6.264537777060043e-09,8.175290927451787,0.05121441885347796,17,17,hbr,True,S17_D17 hbr,mild_master_38,,0.03819047470377729
389,az_itd=15_az=0,7.0,7.144325790708249e-17,9.902543276673165e-05,6.2554428653088534e-09,-7.8967160625668695,-0.049397456152953746,17,17,hbr,True,S17_D17 hbr,mild_master_38,,-0.10491435172992064
390,az_itd=5_az=0,7.0,7.144325790708249e-17,0.9897319078344979,6.3126915319633666e-09,-0.013335932499275775,-8.418562815901326e-05,17,17,hbr,False,S17_D17 hbr,mild_master_38,,0.04096964830608262
391,constant,7.0,7.144325790708249e-17,0.49458088458381577,7.303043676123928e-09,0.7204779049995134,0.005261681607893713,17,17,hbr,False,S17_D17 hbr,mild_master_38,,
399,Linear,7.0,1.3037144842341424e-17,0.04848344587337584,2.7675270928705905e-13,-2.385570440375501,-6.602130825690425e-07,17,21,hbr,True,S17_D21 hbr,mild_master_38,,
400,ShortHbO,7.0,1.3037144842341424e-17,2.915947663910851e-07,0.003388918977071763,-18.871788050722355,-63954.96065636912,17,21,hbr,True,S17_D21 hbr,mild_master_38,,
401,az_itd=0_az=15,7.0,1.3037144842341424e-17,0.0008794345249545749,2.6663746880704116e-09,5.528706793384598,0.014741603851643624,17,21,hbr,True,S17_D21 hbr,mild_master_38,,0.006200224828814092
402,az_itd=0_az=5,7.0,1.3037144842341424e-17,5.576651105677094e-07,2.6760834514278738e-09,17.171703539926057,0.04595291167602156,17,21,hbr,True,S17_D21 hbr,mild_master_38,,0.06373931727888527
403,az_itd=15_az=0,7.0,1.3037144842341424e-17,8.766702212457385e-06,2.672198289633706e-09,11.438100477442156,0.030564872532479408,17,21,hbr,True,S17_D21 hbr,mild_master_38,,0.01085547434564011
404,az_itd=5_az=0,7.0,1.3037144842341424e-17,0.01854800336613573,2.6966537586407665e-09,3.051346760571395,0.008228425710811178,17,21,hbr,True,S17_D21 hbr,mild_master_38,,-0.023064499542695384
405,constant,7.0,1.3037144842341424e-17,0.8956916481947075,3.119712103628186e-09,0.13594506616255464,0.00042410946833585625,17,21,hbr,False,S17_D21 hbr,mild_master_38,,
413,Linear,7.0,2.4698390553268154e-18,0.05361711009883148,1.2045780988693046e-13,-2.317174724896152,-2.791217924863411e-07,17,22,hbr,False,S17_D22 hbr,mild_master_38,,
414,ShortHbO,7.0,2.4698390553268154e-18,2.964664551776957e-08,0.0014750415954876788,26.269492737770193,38748.59448057254,17,22,hbr,True,S17_D22 hbr,mild_master_38,,
415,az_itd=0_az=15,7.0,2.4698390553268154e-18,0.0007048925096118476,1.1605510785795507e-09,5.741020586387613,0.006662747633679549,17,22,hbr,True,S17_D22 hbr,mild_master_38,,0.007713352321927741
416,az_itd=0_az=5,7.0,2.4698390553268154e-18,2.3841433205211939e-07,1.1647768596884803e-09,19.431984657723124,0.02263392606713747,17,22,hbr,True,S17_D22 hbr,mild_master_38,,0.03830339837312852
417,az_itd=15_az=0,7.0,2.4698390553268154e-18,1.3391786418632185e-05,1.1630858262673895e-09,10.733507754750505,0.012483990735681422,17,22,hbr,True,S17_D22 hbr,mild_master_38,,-0.009584703006661493
418,az_itd=5_az=0,7.0,2.4698390553268154e-18,0.006162896964508341,1.1737301745880871e-09,3.866072459301068,0.004537725902625638,17,22,hbr,True,S17_D22 hbr,mild_master_38,,0.00976712327625632
419,constant,7.0,2.4698390553268154e-18,0.7990562175935729,1.3578681431841436e-09,-0.26444205535796705,-0.00035907744268872126,17,22,hbr,False,S17_D22 hbr,mild_master_38,,
427,Linear,7.0,2.828228509485121e-17,0.5794943340178614,4.0762225174564656e-13,0.5809427894434673,2.3680520796834314e-07,18,16,hbr,False,S18_D16 hbr,mild_master_38,,
428,ShortHbO,7.0,2.828228509485121e-17,0.011401389166512671,0.004991455324777698,3.4026429570392973,16984.140306231133,18,16,hbr,True,S18_D16 hbr,mild_master_38,,
429,az_itd=0_az=15,7.0,2.828228509485121e-17,0.0581919927646497,3.927237630839264e-09,-2.261622229564527,-0.008881927926688406,18,16,hbr,False,S18_D16 hbr,mild_master_38,,0.00919690271210568
430,az_itd=0_az=5,7.0,2.828228509485121e-17,2.3271741034068914e-05,3.941537429354802e-09,9.873115164527254,0.038915252965314666,18,16,hbr,True,S18_D16 hbr,mild_master_38,,0.05845830971379423
431,az_itd=15_az=0,7.0,2.828228509485121e-17,3.1132558677646137e-06,3.935815070202422e-09,-13.341452947665427,-0.052509491569818115,18,16,hbr,True,S18_D16 hbr,mild_master_38,,-0.06986054478127794
432,az_itd=5_az=0,7.0,2.828228509485121e-17,0.568058616026758,3.971834928399416e-09,-0.5989763933897733,-0.0023790353605522107,18,16,hbr,False,S18_D16 hbr,mild_master_38,,0.02818771625693294
433,constant,7.0,2.828228509485121e-17,0.9764116345481759,4.5949471488643965e-09,-0.030640399298015732,-0.00014079101539448406,18,16,hbr,False,S18_D16 hbr,mild_master_38,,
441,Linear,7.0,3.6803179839000585e-18,0.2724418548227331,1.4704264553638328e-13,-1.1910704487935952,-1.7513814981081758e-07,18,21,hbr,False,S18_D21 hbr,mild_master_38,,
442,ShortHbO,7.0,3.6803179839000585e-18,0.0004830879692338054,0.001800580789907328,-6.116670035175578,-11013.558563538927,18,21,hbr,True,S18_D21 hbr,mild_master_38,,
443,az_itd=0_az=15,7.0,3.6803179839000585e-18,3.390272381388314e-06,1.4166827458894016e-09,13.174314823427022,0.01866382449926404,18,21,hbr,True,S18_D21 hbr,mild_master_38,,0.008581027010543134
444,az_itd=0_az=5,7.0,3.6803179839000585e-18,0.0013902399664031426,1.4218411497678878e-09,5.105973157862209,0.007259882745458777,18,21,hbr,True,S18_D21 hbr,mild_master_38,,0.010146018996817397
445,az_itd=15_az=0,7.0,3.6803179839000585e-18,0.1946015439602396,1.419776908120451e-09,1.4343353333863103,0.0020364361848431317,18,21,hbr,False,S18_D21 hbr,mild_master_38,,-0.007623381756562241
446,az_itd=5_az=0,7.0,3.6803179839000585e-18,0.03155281276237343,1.4327704461779278e-09,2.679703518175541,0.0038394000053609324,18,21,hbr,True,S18_D21 hbr,mild_master_38,,-0.020646217593815252
447,constant,7.0,3.6803179839000585e-18,0.9081409242377325,1.6575473541382751e-09,-0.11962522174637207,-0.00019828446979390347,18,21,hbr,False,S18_D21 hbr,mild_master_38,,
455,Linear,7.0,2.0550531059766155e-17,0.7690430273048826,3.4746587658450715e-13,-0.3052629045157835,-1.0606844270630942e-07,18,22,hbr,False,S18_D22 hbr,mild_master_38,,
456,ShortHbO,7.0,2.0550531059766155e-17,0.00016001531633016929,0.004254822675722123,7.319812060651783,31144.502337685488,18,22,hbr,True,S18_D22 hbr,mild_master_38,,
457,az_itd=0_az=15,7.0,2.0550531059766155e-17,0.00021749834470452325,3.347660879923496e-09,-6.968873064792469,-0.023329423736158303,18,22,hbr,True,S18_D22 hbr,mild_master_38,,0.0013886394231884351
458,az_itd=0_az=5,7.0,2.0550531059766155e-17,6.132308345262318e-05,3.359850332302273e-09,8.509577019385475,0.02859090517633407,18,22,hbr,True,S18_D22 hbr,mild_master_38,,0.044025105385574484
459,az_itd=15_az=0,7.0,2.0550531059766155e-17,0.004473579857254612,3.354972471659243e-09,-4.117499896225156,-0.013814098803895185,18,22,hbr,True,S18_D22 hbr,mild_master_38,,-0.057286715267650064
460,az_itd=5_az=0,7.0,2.0550531059766155e-17,0.05240529629549557,3.3856765648466727e-09,2.332698109138316,0.007897761320971742,18,22,hbr,False,S18_D22 hbr,mild_master_38,,0.03055490432393343
461,constant,7.0,2.0550531059766155e-17,0.857808542369464,3.916830673748176e-09,0.18588270640900864,0.0007280710861821318,18,22,hbr,False,S18_D22 hbr,mild_master_38,,
469,Linear,7.0,3.1085634861608674e-18,0.5339836647161458,1.35138939516876e-13,-0.6540262369530297,-8.838441207804549e-08,18,23,hbr,False,S18_D23 hbr,mild_master_38,,
470,ShortHbO,7.0,3.1085634861608674e-18,1.0648470589459248e-05,0.0016548163804787337,11.10968097903886,18384.48206600652,18,23,hbr,True,S18_D23 hbr,mild_master_38,,
471,az_itd=0_az=15,7.0,3.1085634861608674e-18,0.002157265798154342,1.3019964596867835e-09,4.7201124704990445,0.006145569725913194,18,23,hbr,True,S18_D23 hbr,mild_master_38,,0.01207674909380786
472,az_itd=0_az=5,7.0,3.1085634861608674e-18,2.867646498087044e-05,1.3067372695871732e-09,9.5642143552596,0.012497915352338374,18,23,hbr,True,S18_D23 hbr,mild_master_38,,0.019327338674942355
473,az_itd=15_az=0,7.0,3.1085634861608674e-18,0.010585325416803348,1.304840136778364e-09,-3.457359012881137,-0.004511300807259732,18,23,hbr,True,S18_D23 hbr,mild_master_38,,-0.01920630708911297
474,az_itd=5_az=0,7.0,3.1085634861608674e-18,0.826532287184971,1.3167817945692332e-09,0.22750608034048972,0.0002995758647461622,18,23,hbr,False,S18_D23 hbr,mild_master_38,,0.00956946930696888
475,constant,7.0,3.1085634861608674e-18,0.8451875711810681,1.523362088733811e-09,0.20263046865261325,0.000308679573967756,18,23,hbr,False,S18_D23 hbr,mild_master_38,,
483,Linear,7.0,2.4572112160760265e-18,0.002362439997095617,1.2014947579772884e-13,-4.642569667928047,-5.578023119559908e-07,19,14,hbr,True,S19_D14 hbr,mild_master_38,,
484,ShortHbO,7.0,2.4572112160760265e-18,3.5350428218020526e-09,0.0014712659531502818,-35.66817542024474,-52477.372106797826,19,14,hbr,True,S19_D14 hbr,mild_master_38,,
485,az_itd=0_az=15,7.0,2.4572112160760265e-18,1.0653204689894674e-07,1.1575804330056217e-09,21.83882872597072,0.025280200812944797,19,14,hbr,True,S19_D14 hbr,mild_master_38,,0.011276889149278982
486,az_itd=0_az=5,7.0,2.4572112160760265e-18,5.629878754414988e-08,1.1617953974446268e-09,23.94798219889528,0.027822655496762386,19,14,hbr,True,S19_D14 hbr,mild_master_38,,0.011780614669538595
487,az_itd=15_az=0,7.0,2.4572112160760265e-18,2.4478054685253275e-07,1.1601086925369813e-09,19.357765553909147,0.022457112087182953,19,14,hbr,True,S19_D14 hbr,mild_master_38,,0.014268507686037952
488,az_itd=5_az=0,7.0,2.4572112160760265e-18,2.8712568545354803e-08,1.1707257946754041e-09,26.390991897927545,0.03089661496197338,19,14,hbr,True,S19_D14 hbr,mild_master_38,,0.008803871395207738
489,constant,7.0,2.4572112160760265e-18,0.35887813348708925,1.354392428014014e-09,-0.9818608363475184,-0.001329824882112586,19,14,hbr,False,S19_D14 hbr,mild_master_38,,
497,Linear,7.0,8.003024623357353e-18,0.002569568663330287,2.1683416524340256e-13,-4.57149446352262,-9.912561859127637e-07,19,15,hbr,True,S19_D15 hbr,mild_master_38,,
498,ShortHbO,7.0,8.003024623357353e-18,2.90373466088034e-08,0.002655198640562115,-26.34824142043818,-69959.81480074987,19,15,hbr,True,S19_D15 hbr,mild_master_38,,
499,az_itd=0_az=15,7.0,8.003024623357353e-18,6.272506875991587e-08,2.089089321666563e-09,23.57702970248042,0.04925452098806723,19,15,hbr,True,S19_D15 hbr,mild_master_38,,0.03659183857209443
500,az_itd=0_az=5,7.0,8.003024623357353e-18,1.3099234490430531e-05,2.096696082242039e-09,10.769248815972567,0.022579841801139398,19,15,hbr,True,S19_D15 hbr,mild_master_38,,-0.0064786120927507376
501,az_itd=15_az=0,7.0,8.003024623357353e-18,1.0298277048098953e-07,2.0936520801918185e-09,21.946175179047728,0.045947655315867336,19,15,hbr,True,S19_D15 hbr,mild_master_38,,0.035036688398881306
502,az_itd=5_az=0,7.0,8.003024623357353e-18,3.9741486420751595e-07,2.1128128003215048e-09,18.040697595751787,0.038116616807033765,19,15,hbr,True,S19_D15 hbr,mild_master_38,,0.009649470417346406
503,constant,7.0,8.003024623357353e-18,0.9592849429888861,2.444276594554691e-09,-0.052906061701213,-0.0001293170483263413,19,15,hbr,False,S19_D15 hbr,mild_master_38,,
511,Linear,7.0,1.2125428151863347e-18,0.015605545034924524,8.440130800637722e-14,-3.174691574514404,-2.679481214058409e-07,19,21,hbr,True,S19_D21 hbr,mild_master_38,,
512,ShortHbO,7.0,1.2125428151863347e-18,1.5125145284942692e-10,0.0010335190399014657,-56.032250627592695,-57910.3978721479,19,21,hbr,True,S19_D21 hbr,mild_master_38,,
513,az_itd=0_az=15,7.0,1.2125428151863347e-18,3.265477935723324e-07,8.131646186517096e-10,18.56370500063245,0.01509534809760212,19,21,hbr,True,S19_D21 hbr,mild_master_38,,0.011835263573152881
514,az_itd=0_az=5,7.0,1.2125428151863347e-18,2.7901798814270565e-07,8.161255014145383e-10,18.993098101784845,0.015500751711734671,19,21,hbr,True,S19_D21 hbr,mild_master_38,,0.013044343084908308
515,az_itd=15_az=0,7.0,1.2125428151863347e-18,4.168676098378016e-06,8.149406431412845e-10,12.77710222178565,0.010412579902103933,19,21,hbr,True,S19_D21 hbr,mild_master_38,,0.00329054795603207
516,az_itd=5_az=0,7.0,1.2125428151863347e-18,2.0150918011819054e-05,8.223988305513466e-10,10.091183017075295,0.008298977112122333,19,21,hbr,True,S19_D21 hbr,mild_master_38,,0.0020392789819016145
517,constant,7.0,1.2125428151863347e-18,0.5887846709814151,9.51418986386262e-10,-0.5664427678260747,-0.0005389244040109127,19,21,hbr,False,S19_D21 hbr,mild_master_38,,
525,Linear,7.0,8.580761835169156e-18,0.0006033361502910245,2.2452440793927947e-13,-5.893648518466014,-1.3232679442107933e-06,20,12,hbr,True,S20_D12 hbr,mild_master_38,,
526,ShortHbO,7.0,8.580761835169156e-18,9.832143142929867e-11,0.0027493679423820755,-59.59495610228938,-163848.46183530148,20,12,hbr,True,S20_D12 hbr,mild_master_38,,
527,az_itd=0_az=15,7.0,8.580761835169156e-18,7.2513488295047675e-09,2.1631809846613987e-09,32.17096011037238,0.06959160916905789,20,12,hbr,True,S20_D12 hbr,mild_master_38,,0.05848668824156326
528,az_itd=0_az=5,7.0,8.580761835169156e-18,4.9950861034192914e-08,2.17105752668432e-09,24.365217243794604,0.05289828828643885,20,12,hbr,True,S20_D12 hbr,mild_master_38,,0.03978896649692671
529,az_itd=15_az=0,7.0,8.580761835169156e-18,1.3701252843870765e-08,2.1679055660266228e-09,29.35799602344231,0.06364536298660804,20,12,hbr,True,S20_D12 hbr,mild_master_38,,0.03436199413880741
530,az_itd=5_az=0,7.0,8.580761835169156e-18,1.6997262899344684e-07,2.1877458404500695e-09,20.409833312844835,0.04465152793445555,20,12,hbr,True,S20_D12 hbr,mild_master_38,,-0.0023784759401930295
531,constant,7.0,8.580761835169156e-18,0.48936225512437603,2.5309653329593463e-09,-0.7295322217911885,-0.0018464207626303069,20,12,hbr,False,S20_D12 hbr,mild_master_38,,
539,Linear,7.0,2.812104623357062e-18,0.0003557645791681662,1.2853351166223986e-13,-6.433553614274983,-8.269272385100588e-07,20,13,hbr,True,S20_D13 hbr,mild_master_38,,
540,ShortHbO,7.0,2.812104623357062e-18,1.5117744699383704e-09,0.001573930958016488,-40.29123934248905,-63415.6289379954,20,13,hbr,True,S20_D13 hbr,mild_master_38,,
541,az_itd=0_az=15,7.0,2.812104623357062e-18,3.5950286830493373e-09,1.2383564480646802e-09,35.58212031857317,0.04406334813231835,20,13,hbr,True,S20_D13 hbr,mild_master_38,,0.03733358540221509
542,az_itd=0_az=5,7.0,2.812104623357062e-18,1.1044066691027427e-08,1.242865532913197e-09,30.282788589835256,0.037637434178803275,20,13,hbr,True,S20_D13 hbr,mild_master_38,,0.027007325223960144
543,az_itd=15_az=0,7.0,2.812104623357062e-18,7.668820497156147e-08,1.2410611296606803e-09,22.902132078672185,0.028422945909195006,20,13,hbr,True,S20_D13 hbr,mild_master_38,,0.012912241871440265
544,az_itd=5_az=0,7.0,2.812104623357062e-18,7.000618831728613e-09,1.2524190936673278e-09,32.33406212935179,0.040495796786625834,20,13,hbr,True,S20_D13 hbr,mild_master_38,,0.02233682963992268
545,constant,7.0,2.812104623357062e-18,0.32583652229380244,1.4489019930012822e-09,-1.056489539396337,-0.0015307497992163592,20,13,hbr,False,S20_D13 hbr,mild_master_38,,
553,Linear,7.0,1.7319249071455295e-18,0.03194089757626576,1.0087073023036956e-13,-2.671268505396027,-2.6945280478068515e-07,20,20,hbr,True,S20_D20 hbr,mild_master_38,,
554,ShortHbO,7.0,1.7319249071455295e-18,8.881158763717395e-11,0.0012351919979009592,-60.46883794164175,-74690.6247478858,20,20,hbr,True,S20_D20 hbr,mild_master_38,,
555,az_itd=0_az=15,7.0,1.7319249071455295e-18,1.188529689415496e-07,9.71839309346963e-10,21.49559622892929,0.020890265393123827,20,20,hbr,True,S20_D20 hbr,mild_master_38,,0.01607466463040139
556,az_itd=0_az=5,7.0,1.7319249071455295e-18,4.4351602808596673e-07,9.753779560038427e-10,17.754644872913122,0.017317489225716107,20,20,hbr,True,S20_D20 hbr,mild_master_38,,0.006659086908932713
557,az_itd=15_az=0,7.0,1.7319249071455295e-18,1.1261402411239294e-05,9.739618935983456e-10,11.0167576426347,0.010729902134934539,20,20,hbr,True,S20_D20 hbr,mild_master_38,,0.0024792866108516967
558,az_itd=5_az=0,7.0,1.7319249071455295e-18,7.406418786554468e-05,9.82875414348416e-10,8.263587782322794,0.008122077265555024,20,20,hbr,True,S20_D20 hbr,mild_master_38,,-0.00684334500594975
559,constant,7.0,1.7319249071455295e-18,0.477866004016672,1.137071571267224e-09,-0.7497061728490545,-0.0008524695759502115,20,20,hbr,False,S20_D20 hbr,mild_master_38,,
567,Linear,7.0,8.750280383050762e-18,0.15104397216036886,2.2673137430898523e-13,-1.611784300312965,-3.6544206949960476e-07,21,11,hbr,False,S21_D11 hbr,mild_master_38,,
568,ShortHbO,7.0,8.750280383050762e-18,0.00012744079140619152,0.0027763928999021744,-7.589029644775208,-21070.128022901008,21,11,hbr,True,S21_D11 hbr,mild_master_38,,
569,az_itd=0_az=15,7.0,8.750280383050762e-18,0.04083905476193472,2.1844440078157715e-09,2.5025584964285663,0.005466698911731829,21,11,hbr,True,S21_D11 hbr,mild_master_38,,-0.012138410058595278
570,az_itd=0_az=5,7.0,8.750280383050762e-18,5.292967037329051e-08,2.192397972438372e-09,24.16231832380565,0.05297341770252203,21,11,hbr,True,S21_D11 hbr,mild_master_38,,0.07449720822293907
571,az_itd=15_az=0,7.0,8.750280383050762e-18,0.00028064548980835197,2.1892150295314216e-09,-6.68750286315145,-0.014640381778045568,21,11,hbr,True,S21_D11 hbr,mild_master_38,,-0.04239356749647033
572,az_itd=5_az=0,7.0,8.750280383050762e-18,0.00013063072349485272,2.2092503242594323e-09,7.55940902141574,0.0167006268317724,21,11,hbr,True,S21_D11 hbr,mild_master_38,,0.02936228425834378
573,constant,7.0,8.750280383050762e-18,0.8691454735164301,2.5558434984291915e-09,-0.17088937787971817,-0.000436766505404487,21,11,hbr,False,S21_D11 hbr,mild_master_38,,
581,Linear,7.0,1.3379166447971042e-18,0.04504132018657509,8.865743538918435e-14,2.435713586823904,2.159441199503987e-07,21,12,hbr,True,S21_D12 hbr,mild_master_38,,
582,ShortHbO,7.0,1.3379166447971042e-18,6.345527898729818e-05,0.0010856365815637915,-8.464588241411368,-9189.466642750904,21,12,hbr,True,S21_D12 hbr,mild_master_38,,
583,az_itd=0_az=15,7.0,1.3379166447971042e-18,0.0005596416224427688,8.541702888471521e-10,-5.968417594906367,-0.005098044981001596,21,12,hbr,True,S21_D12 hbr,mild_master_38,,-0.003060020423463821
584,az_itd=0_az=5,7.0,1.3379166447971042e-18,0.05960108415941154,8.572804808387335e-10,2.245401096168897,0.0019249385313994912,21,12,hbr,False,S21_D12 hbr,mild_master_38,,0.012841404750064617
585,az_itd=15_az=0,7.0,1.3379166447971042e-18,1.404253900117158e-06,8.560358733997303e-10,-15.001435505433971,-0.012841766945143893,21,12,hbr,True,S21_D12 hbr,mild_master_38,,-0.015415263852257336
586,az_itd=5_az=0,7.0,1.3379166447971042e-18,1.829705630205006e-08,8.638701568255043e-10,-28.16083709707142,-0.024327306759384566,21,12,hbr,True,S21_D12 hbr,mild_master_38,,-0.018708435850341442
587,constant,7.0,1.3379166447971042e-18,0.5681568967609644,9.99396446642864e-10,0.5988205118562769,0.0005984590917260241,21,12,hbr,False,S21_D12 hbr,mild_master_38,,
595,Linear,7.0,6.003389005629927e-18,0.1985547931810618,1.8780142298176895e-13,-1.4200740920804185,-2.666919352322462e-07,21,19,hbr,False,S21_D19 hbr,mild_master_38,,
596,ShortHbO,7.0,6.003389005629927e-18,0.00017740873026719848,0.0022996841039191157,-7.200307551747818,-16558.43282008322,21,19,hbr,True,S21_D19 hbr,mild_master_38,,
597,az_itd=0_az=15,7.0,6.003389005629927e-18,0.008846151053454711,1.8093732918177026e-09,3.5909303386103346,0.0064973334474594385,21,19,hbr,True,S21_D19 hbr,mild_master_38,,-0.003776511978631706
598,az_itd=0_az=5,7.0,6.003389005629927e-18,3.315526702374577e-08,1.8159615545979358e-09,25.84928816331404,0.04694131351830178,21,19,hbr,True,S21_D19 hbr,mild_master_38,,0.07171211746069524
599,az_itd=15_az=0,7.0,6.003389005629927e-18,0.00015630862640816776,1.8133251254358192e-09,-7.347173895208872,-0.013322815025128406,21,19,hbr,True,S21_D19 hbr,mild_master_38,,-0.04157611868593195
600,az_itd=5_az=0,7.0,6.003389005629927e-18,0.02492092047458879,1.8299203446517177e-09,2.843455689799079,0.005203297415879018,21,19,hbr,True,S21_D19 hbr,mild_master_38,,0.011701775155973967
601,constant,7.0,6.003389005629927e-18,0.9179334398639875,2.1170032042834177e-09,-0.10681387472217894,-0.0002261253150487804,21,19,hbr,False,S21_D19 hbr,mild_master_38,,
609,Linear,7.0,1.7287127359224502e-18,0.019346733902717506,1.0077714521670632e-13,3.0214474124517534,3.0449284464929193e-07,21,20,hbr,True,S21_D20 hbr,mild_master_38,,
610,ShortHbO,7.0,1.7287127359224502e-18,2.07448655466587e-08,0.0012340460216624972,-27.656260535249167,-34129.098287585766,21,20,hbr,True,S21_D20 hbr,mild_master_38,,
611,az_itd=0_az=15,7.0,1.7287127359224502e-18,0.5072720968777407,9.70937664292585e-10,-0.6987161016480298,-0.0006784097797377585,21,20,hbr,False,S21_D20 hbr,mild_master_38,,0.005933197410521684
612,az_itd=0_az=5,7.0,1.7287127359224502e-18,2.445619489416149e-06,9.744730278930718e-10,-13.825530197496942,-0.013472606273781945,21,20,hbr,True,S21_D20 hbr,mild_master_38,,-0.013426970417153463
613,az_itd=15_az=0,7.0,1.7287127359224502e-18,3.10214596972604e-05,9.730582792702674e-10,-9.450161612457366,-0.0091955579974437,21,20,hbr,True,S21_D20 hbr,mild_master_38,,-0.0063611586748223104
614,az_itd=5_az=0,7.0,1.7287127359224502e-18,2.3370598041922416e-08,9.819635303076144e-10,-27.185551119385188,-0.0266952197505496,21,20,hbr,True,S21_D20 hbr,mild_master_38,,-0.014846129361661686
615,constant,7.0,1.7287127359224502e-18,0.712030063392189,1.1360166283884512e-09,0.38448892869891027,0.0004367858164332237,21,20,hbr,False,S21_D20 hbr,mild_master_38,,
623,Linear,7.0,1.4522996029364217e-17,0.9813108400697825,2.9209810882080227e-13,-0.02427489957238611,-7.090652256908884e-09,22,10,hbr,False,S22_D10 hbr,mild_master_38,,
624,ShortHbO,7.0,1.4522996029364217e-17,0.04668674300790249,0.0035768279439780623,2.4112712903053017,8624.702531676041,22,10,hbr,True,S22_D10 hbr,mild_master_38,,
625,az_itd=0_az=15,7.0,1.4522996029364217e-17,0.7271722565716416,2.8142199792710125e-09,0.36320470899183827,0.0010221379486101453,22,10,hbr,False,S22_D10 hbr,mild_master_38,,-0.03825795689793582
626,az_itd=0_az=5,7.0,1.4522996029364217e-17,2.329050711250659e-05,2.824467074676181e-09,9.87190621574023,0.027882874070649412,22,10,hbr,True,S22_D10 hbr,mild_master_38,,0.010747611573031876
627,az_itd=15_az=0,7.0,1.4522996029364217e-17,5.316099016798951e-05,2.8203664882159337e-09,-8.699776919041767,-0.024536559277419864,22,10,hbr,True,S22_D10 hbr,mild_master_38,,-0.07632493425241504
628,az_itd=5_az=0,7.0,1.4522996029364217e-17,3.829362914602528e-05,2.8461779654213064e-09,-9.150384912874566,-0.02604362391414715,22,10,hbr,True,S22_D10 hbr,mild_master_38,,-0.0533974950658021
629,constant,7.0,1.4522996029364217e-17,0.7006620770329788,3.292694072924006e-09,0.40059657086838213,0.0013190419545320033,22,10,hbr,False,S22_D10 hbr,mild_master_38,,
637,Linear,7.0,4.584293524305194e-18,0.050877737514501996,1.6411067974565567e-13,-2.352795736094429,-3.86118907553137e-07,22,11,hbr,False,S22_D11 hbr,mild_master_38,,
638,ShortHbO,7.0,4.584293524305194e-18,0.18564642315444446,0.002009583929143508,1.4676289914661884,2949.323635195547,22,11,hbr,False,S22_D11 hbr,mild_master_38,,
639,az_itd=0_az=15,7.0,4.584293524305194e-18,1.5316141526278927e-05,1.5811247652935162e-09,10.518528389819272,0.016631105731586184,22,11,hbr,True,S22_D11 hbr,mild_master_38,,-0.013231124102723278
640,az_itd=0_az=5,7.0,4.584293524305194e-18,8.474999692999964e-08,1.5868819329764896e-09,22.57354543810144,0.03582155141894704,22,11,hbr,True,S22_D11 hbr,mild_master_38,,0.024482800433108513
641,az_itd=15_az=0,7.0,4.584293524305194e-18,0.16132935836028894,1.5845780836497556e-09,-1.566003966173617,-0.0024814555637073066,22,11,hbr,False,S22_D11 hbr,mild_master_38,,-0.03744083698007192
642,az_itd=5_az=0,7.0,4.584293524305194e-18,9.98465927062819e-06,1.5990798518622023e-09,11.217430799976443,0.017937567581900835,22,11,hbr,True,S22_D11 hbr,mild_master_38,,0.007645709929247482
643,constant,7.0,4.584293524305194e-18,0.7874159135739115,1.849947829801105e-09,-0.28021074332747836,-0.000518375256505623,22,11,hbr,False,S22_D11 hbr,mild_master_38,,
651,Linear,7.0,4.281832477412031e-18,0.9539394675333368,1.5860448782226812e-13,-0.05986102796210585,-9.49422768044427e-09,22,12,hbr,False,S22_D12 hbr,mild_master_38,,
652,ShortHbO,7.0,4.281832477412031e-18,0.00040748981395699444,0.0019421589765616983,6.291493708075764,12219.080981120791,22,12,hbr,True,S22_D12 hbr,mild_master_38,,
653,az_itd=0_az=15,7.0,4.281832477412031e-18,0.21637374854102084,1.5280753450728455e-09,-1.3587767088296576,-0.0020763131882218246,22,12,hbr,False,S22_D12 hbr,mild_master_38,,-0.017438847602603794
654,az_itd=0_az=5,7.0,4.281832477412031e-18,6.431610710771814e-07,1.5336393500058582e-09,16.81797303384782,0.025792705232046423,22,12,hbr,True,S22_D12 hbr,mild_master_38,,0.03660821120978384
655,az_itd=15_az=0,7.0,4.281832477412031e-18,2.9213514734677267e-06,1.5314127987353828e-09,-13.467489102385416,-0.020624285178222318,22,12,hbr,True,S22_D12 hbr,mild_master_38,,-0.035834978148403585
656,az_itd=5_az=0,7.0,4.281832477412031e-18,0.6089352839950831,1.5454280080040117e-09,-0.5354287888294791,-0.0008274666465487424,22,12,hbr,False,S22_D12 hbr,mild_master_38,,-0.0003161134520941874
657,constant,7.0,4.281832477412031e-18,0.999411877845837,1.7878789393734616e-09,0.0007638120512117189,1.365603480001076e-06,22,12,hbr,False,S22_D12 hbr,mild_master_38,,
665,Linear,7.0,5.2632803134808515e-18,0.023569435347826257,1.7584453923431858e-13,-2.882435883894894,-5.068606098759634e-07,22,19,hbr,True,S22_D19 hbr,mild_master_38,,
666,ShortHbO,7.0,5.2632803134808515e-18,0.0001686021171482838,0.0021532685174456855,7.259078726001199,15630.745686358117,22,19,hbr,True,S22_D19 hbr,mild_master_38,,
667,az_itd=0_az=15,7.0,5.2632803134808515e-18,3.3563623846105576e-05,1.6941746646587058e-09,9.337065726705085,0.015818620196436883,22,19,hbr,True,S22_D19 hbr,mild_master_38,,0.009132739345505902
668,az_itd=0_az=5,7.0,5.2632803134808515e-18,2.340658763055971e-08,1.7003434679326681e-09,27.179525473277536,0.04621452859999702,22,19,hbr,True,S22_D19 hbr,mild_master_38,,0.0742551842628882
669,az_itd=15_az=0,7.0,5.2632803134808515e-18,0.41635558973319764,1.6978748941387342e-09,0.8637141942889222,0.0014664786461944257,22,19,hbr,False,S22_D19 hbr,mild_master_38,,-0.022952506296070874
670,az_itd=5_az=0,7.0,5.2632803134808515e-18,5.368831084142457e-06,1.7134135339966197e-09,12.30597890304833,0.021085230801559884,22,19,hbr,True,S22_D19 hbr,mild_master_38,,0.03233376167474515
671,constant,7.0,5.2632803134808515e-18,0.7854636812320572,1.982218489638023e-09,-0.2828629696321422,-0.0005606962084387509,22,19,hbr,False,S22_D19 hbr,mild_master_38,,
707,Linear,7.0,4.960951361098554e-15,0.24351007160790877,5.398624488957502e-12,1.2734575209053478,6.874918958006721e-06,23,9,hbr,False,S23_D9 hbr,mild_master_38,,
708,ShortHbO,7.0,4.960951361098554e-15,0.23762237038060927,0.06610775745553985,-1.2912407673249509,-85361.03146302301,23,9,hbr,False,S23_D9 hbr,mild_master_38,,
709,az_itd=0_az=15,7.0,4.960951361098554e-15,0.9706835574461352,5.2013061497520975e-08,0.038084666036015215,0.001980900076643808,23,9,hbr,False,S23_D9 hbr,mild_master_38,,0.24664160127283774
710,az_itd=0_az=5,7.0,4.960951361098554e-15,0.008854866746986755,5.220245067370686e-08,3.5901921729218214,0.18741682981607982,23,9,hbr,True,S23_D9 hbr,mild_master_38,,0.42907240705668503
711,az_itd=15_az=0,7.0,4.960951361098554e-15,0.010034821837395885,5.212666269078308e-08,-3.4969036529413593,-0.18228191717904144,23,9,hbr,True,S23_D9 hbr,mild_master_38,,0.7239766102610938
712,az_itd=5_az=0,7.0,4.960951361098554e-15,0.06498624722028691,5.260371635436083e-08,-2.1867874299444763,-0.11503314569208092,23,9,hbr,False,S23_D9 hbr,mild_master_38,,-0.40803317021215285
713,constant,7.0,4.960951361098554e-15,0.40518771864482533,6.085632984237523e-08,-0.8856767942931361,-0.05389903912724061,23,9,hbr,False,S23_D9 hbr,mild_master_38,,
679,Linear,7.0,3.3077184168087827e-18,0.6527131981266122,1.3940068296948247e-13,-0.46990036189350876,-6.55044313755621e-08,23,10,hbr,False,S23_D10 hbr,mild_master_38,,
680,ShortHbO,7.0,3.3077184168087827e-18,1.269293487493938e-10,0.001707002692580809,57.45606420555646,98077.65630398072,23,10,hbr,True,S23_D10 hbr,mild_master_38,,
681,az_itd=0_az=15,7.0,3.3077184168087827e-18,0.8845271792674341,1.3430562379211246e-09,0.1506156890229523,0.00020228534067106435,23,10,hbr,False,S23_D10 hbr,mild_master_38,,0.007585309103853125
682,az_itd=0_az=5,7.0,3.3077184168087827e-18,5.587804763653834e-06,1.3479465540676433e-09,12.233025140790781,0.01648946408435178,23,10,hbr,True,S23_D10 hbr,mild_master_38,,0.023432316701316378
683,az_itd=15_az=0,7.0,3.3077184168087827e-18,0.0009042014119191509,1.3459895932525201e-09,5.50243647552179,0.007406222233585405,23,10,hbr,True,S23_D10 hbr,mild_master_38,,-0.010795059148010946
684,az_itd=5_az=0,7.0,3.3077184168087827e-18,1.1434293261349504e-05,1.3583078433274892e-09,-10.991582182124535,-0.014929952288558436,23,10,hbr,True,S23_D10 hbr,mild_master_38,,-0.014819457236831347
685,constant,7.0,3.3077184168087827e-18,0.9568772392474241,1.5714028564860213e-09,0.05603832586770166,8.805878534120089e-05,23,10,hbr,False,S23_D10 hbr,mild_master_38,,
693,Linear,7.0,3.1927921268673696e-18,0.9700135194950237,1.3695754348937338e-13,-0.038955602611857876,-5.3352636388682715e-09,23,11,hbr,False,S23_D11 hbr,mild_master_38,,
694,ShortHbO,7.0,3.1927921268673696e-18,0.7739934507775417,0.0016770857253030397,-0.2984922332075521,-500.59706342621155,23,11,hbr,False,S23_D11 hbr,mild_master_38,,
695,az_itd=0_az=15,7.0,3.1927921268673696e-18,0.602799868116244,1.3195178043282976e-09,-0.5448107575187593,-0.0007188874945355898,23,11,hbr,False,S23_D11 hbr,mild_master_38,,-0.01504894684237175
696,az_itd=0_az=5,7.0,3.1927921268673696e-18,7.408733580961229e-06,1.324322412684917e-09,11.72945157830411,0.015533575613650607,23,11,hbr,True,S23_D11 hbr,mild_master_38,,0.02326629670189469
697,az_itd=15_az=0,7.0,3.1927921268673696e-18,2.6022261229183673e-05,1.3223997496087043e-09,-9.706803834592066,-0.012836274960365358,23,11,hbr,True,S23_D11 hbr,mild_master_38,,-0.045640564492599955
698,az_itd=5_az=0,7.0,3.1927921268673696e-18,0.6663530905449473,1.334502109758008e-09,-0.449945314033576,-0.0006004529708535367,23,11,hbr,False,S23_D11 hbr,mild_master_38,,-0.009930713775081965
699,constant,7.0,3.1927921268673696e-18,0.9409313204459427,1.5438624149612286e-09,0.07680044975359437,0.0001185693278266927,23,11,hbr,False,S23_D11 hbr,mild_master_38,,
749,Linear,7.0,4.677064401185784e-16,0.024626368443477493,1.65762890377852e-12,-2.8517582745882026,-4.7271569425469666e-06,24,9,hbr,True,S24_D9 hbr,mild_master_38,,
750,ShortHbO,7.0,4.677064401185784e-16,4.49174506452328e-06,0.02029815738183405,12.636406862334002,256495.7752325434,24,9,hbr,True,S24_D9 hbr,mild_master_38,,
751,az_itd=0_az=15,7.0,4.677064401185784e-16,0.6725070426262366,1.5970429928707558e-08,-0.44100736648246625,-0.007043077244452082,24,9,hbr,False,S24_D9 hbr,mild_master_38,,-0.10759354021119448
752,az_itd=0_az=5,7.0,4.677064401185784e-16,6.711954286271236e-05,1.6028581217642485e-08,8.391128070513082,0.13449787778585862,24,9,hbr,True,S24_D9 hbr,mild_master_38,,-0.0978740553791475
753,az_itd=15_az=0,7.0,4.677064401185784e-16,0.6494839479961669,1.6005310780643117e-08,0.47465492177422525,0.007596999536558322,24,9,hbr,False,S24_D9 hbr,mild_master_38,,0.13138813149967998
754,az_itd=5_az=0,7.0,4.677064401185784e-16,2.200058894847928e-05,1.6151788451578996e-08,9.957683067900687,0.16083439038060204,24,9,hbr,True,S24_D9 hbr,mild_master_38,,0.005664199693473785
755,constant,7.0,4.677064401185784e-16,0.20616647630433127,1.8685724767658424e-08,1.3933154025726906,0.026035108127012492,24,9,hbr,False,S24_D9 hbr,mild_master_38,,
721,Linear,7.0,2.330510496115799e-18,0.8196587157080657,1.1701085896411486e-13,-0.236711036054761,-2.7697761655053142e-08,24,10,hbr,False,S24_D10 hbr,mild_master_38,,
722,ShortHbO,7.0,2.330510496115799e-18,1.099291456612459e-06,0.0014328326594831953,15.549892361521987,22280.393627036974,24,10,hbr,True,S24_D10 hbr,mild_master_38,,
723,az_itd=0_az=15,7.0,2.330510496115799e-18,0.01660104157701843,1.1273414210651111e-09,-3.130373523255918,-0.0035289997361719247,24,10,hbr,True,S24_D10 hbr,mild_master_38,,-0.020935217138247742
724,az_itd=0_az=5,7.0,2.330510496115799e-18,1.0058708649513159e-05,1.1314462796692508e-09,11.205013727140798,0.012677871095216342,24,10,hbr,True,S24_D10 hbr,mild_master_38,,0.0026374292530002676
725,az_itd=15_az=0,7.0,2.330510496115799e-18,0.03097429107458112,1.129803635881151e-09,2.6924807922943716,0.0030419745886743435,24,10,hbr,True,S24_D10 hbr,mild_master_38,,-0.02047371594367993
726,az_itd=5_az=0,7.0,2.330510496115799e-18,0.00013047422321361843,1.1401433916951342e-09,-7.560843115312212,-0.008620445313566871,24,10,hbr,True,S24_D10 hbr,mild_master_38,,-0.029965986996016845
727,constant,7.0,2.330510496115799e-18,0.9608180484646753,1.3190121748280532e-09,-0.05091190351020481,-6.715342057363125e-05,24,10,hbr,False,S24_D10 hbr,mild_master_38,,
735,Linear,7.0,8.367024893522084e-18,0.8788297708976198,2.2171045151055883e-13,-0.1581163738249463,-3.505605263194115e-08,24,19,hbr,False,S24_D19 hbr,mild_master_38,,
736,ShortHbO,7.0,8.367024893522084e-18,0.0007928121933603161,0.0027149102116284696,5.627538235578195,15278.2610221009,24,19,hbr,True,S24_D19 hbr,mild_master_38,,
737,az_itd=0_az=15,7.0,8.367024893522084e-18,0.008553792840312449,2.13606991422526e-09,-3.6161581450099414,-0.007724366618636361,24,19,hbr,True,S24_D19 hbr,mild_master_38,,-0.024435683501315912
738,az_itd=0_az=5,7.0,8.367024893522084e-18,3.499556415933808e-05,2.143847739826813e-09,9.277555321796166,0.019889666007750932,24,19,hbr,True,S24_D19 hbr,mild_master_38,,0.03017889235262631
739,az_itd=15_az=0,7.0,8.367024893522084e-18,0.11831985319914069,2.140735282580069e-09,1.7798559550990887,0.003810200440990866,24,19,hbr,False,S24_D19 hbr,mild_master_38,,-0.045040063051017196
740,az_itd=5_az=0,7.0,8.367024893522084e-18,0.0006606055725598107,2.1603268995489706e-09,-5.804341270074573,-0.012539274579904338,24,19,hbr,True,S24_D19 hbr,mild_master_38,,-0.0287070826704996
741,constant,7.0,8.367024893522084e-18,0.9695551526656228,2.499244834351123e-09,0.03955142175508733,9.884868651264465e-05,24,19,hbr,False,S24_D19 hbr,mild_master_38,,
