,Condition,df,mse,p_value,se,t,theta,Source,Detector,Chroma,Significant,ch_name,ID,mean_hbo,mean_hbr
448,Linear,7.0,4.1311736021764644e-17,0.5122369655207166,5.323270344562248e-13,-0.6902985679161735,-3.674645895481955e-07,1,7,hbo,False,S1_D7 hbo,mild_master_18,,
449,ShortHbO,7.0,4.1311736021764644e-17,4.917657266220198e-11,0.011605129379996757,65.80548295261303,763681.1435782452,1,7,hbo,True,S1_D7 hbo,mild_master_18,,
450,az_itd=0_az=15,7.0,4.1311736021764644e-17,0.00015696548719035654,4.750825348172922e-09,-7.342272150112922,-0.03488185264394057,1,7,hbo,True,S1_D7 hbo,mild_master_18,-0.0616698477134483,
451,az_itd=0_az=5,7.0,4.1311736021764644e-17,0.5729435426657574,4.753628622930143e-09,-0.5912475004196116,-0.0028105710412305676,1,7,hbo,False,S1_D7 hbo,mild_master_18,0.02053965059664837,
452,az_itd=15_az=0,7.0,4.1311736021764644e-17,0.0009416697295925874,4.758946348910996e-09,5.464181757143514,0.0260037478229442,1,7,hbo,True,S1_D7 hbo,mild_master_18,0.045697885172485735,
453,az_itd=5_az=0,7.0,4.1311736021764644e-17,1.3224621004737531e-06,4.755703582133258e-09,15.134141048501851,0.07197348879687022,1,7,hbo,True,S1_D7 hbo,mild_master_18,0.00582808148906922,
454,constant,7.0,4.1311736021764644e-17,0.7351475757043289,5.638718289956997e-09,-0.35206883576650616,-0.001985216983560464,1,7,hbo,False,S1_D7 hbo,mild_master_18,,
462,Linear,7.0,1.2726090107181802e-17,0.05186224029841753,2.954536072858641e-13,-2.339773695885404,-6.91294578681921e-07,1,8,hbo,False,S1_D8 hbo,mild_master_18,,
463,ShortHbO,7.0,1.2726090107181802e-17,5.149393281049851e-13,0.006441110663939362,126.28349702079555,813405.9793402009,1,8,hbo,True,S1_D8 hbo,mild_master_18,,
464,az_itd=0_az=15,7.0,1.2726090107181802e-17,8.623492839440994e-06,2.6368160845647196e-09,11.46631896594575,0.030234574280155257,1,8,hbo,True,S1_D8 hbo,mild_master_18,0.013049213409046594,
465,az_itd=0_az=5,7.0,1.2726090107181802e-17,0.0003327618923229453,2.6383719657911542e-09,6.504374621850486,0.017160959657293764,1,8,hbo,True,S1_D8 hbo,mild_master_18,0.014973847377506731,
466,az_itd=15_az=0,7.0,1.2726090107181802e-17,5.117207792662259e-05,2.641323424616096e-09,8.751159426639104,0.02311464238613183,1,8,hbo,True,S1_D8 hbo,mild_master_18,-0.005345960795921763,
467,az_itd=5_az=0,7.0,1.2726090107181802e-17,7.013439538668935e-05,2.6395236153258385e-09,8.334008666318589,0.02199781268507811,1,8,hbo,True,S1_D8 hbo,mild_master_18,-0.0433367793454255,
468,constant,7.0,1.2726090107181802e-17,0.8503229094372489,3.129616854681036e-09,0.1958084883356896,0.0006128055453849892,1,8,hbo,False,S1_D8 hbo,mild_master_18,,
714,Linear,7.0,2.6140325913226973e-17,0.3867159152911431,4.2344528245214216e-13,0.9230000314885841,3.908400090370196e-07,2,6,hbo,False,S2_D6 hbo,mild_master_18,,
715,ShortHbO,7.0,2.6140325913226973e-17,7.748464511986378e-12,0.009231425364721895,85.7114736530441,791239.0719284037,2,6,hbo,True,S2_D6 hbo,mild_master_18,,
716,az_itd=0_az=15,7.0,2.6140325913226973e-17,0.03237951100954227,3.779095276445724e-09,-2.6618629683187907,-0.010059433770119336,2,6,hbo,True,S2_D6 hbo,mild_master_18,-0.007586382219664128,
717,az_itd=0_az=5,7.0,2.6140325913226973e-17,0.000493468466410181,3.781325171593873e-09,-6.095081091505152,-0.02304748355421429,2,6,hbo,True,S2_D6 hbo,mild_master_18,0.01310364194360266,
718,az_itd=15_az=0,7.0,2.6140325913226973e-17,0.030784084133511486,3.785555214094467e-09,-2.696736207383605,-0.010208643810898345,2,6,hbo,True,S2_D6 hbo,mild_master_18,-0.0383246934035901,
719,az_itd=5_az=0,7.0,2.6140325913226973e-17,0.026130531631701204,3.7829757202772354e-09,-2.8104101391657723,-0.010631713320485084,2,6,hbo,True,S2_D6 hbo,mild_master_18,-0.03331196620855846,
720,constant,7.0,2.6140325913226973e-17,0.7186872203457035,4.485379295826931e-09,0.3751080656042218,0.0016825019511588666,2,6,hbo,False,S2_D6 hbo,mild_master_18,,
728,Linear,7.0,3.341457453607112e-17,0.21029521497075213,4.787510810633435e-13,-1.3791664645830721,-6.602774358854553e-07,2,8,hbo,False,S2_D8 hbo,mild_master_18,,
729,ShortHbO,7.0,3.341457453607112e-17,3.141041244530524e-11,0.010437133335204123,70.163568673177,732306.5215156993,2,8,hbo,True,S2_D8 hbo,mild_master_18,,
730,az_itd=0_az=15,7.0,3.341457453607112e-17,0.2328944061873124,4.2726794323048034e-09,1.3057989673314185,0.005579260390441804,2,8,hbo,False,S2_D8 hbo,mild_master_18,-0.03246661083231476,
731,az_itd=0_az=5,7.0,3.341457453607112e-17,0.00022662270818625654,4.275200572005904e-09,6.922903553526056,0.0295968012319763,2,8,hbo,True,S2_D8 hbo,mild_master_18,0.054462779381741884,
732,az_itd=15_az=0,7.0,3.341457453607112e-17,0.02154728871894218,4.2799830964642625e-09,-2.9453983087091107,-0.012606254973629421,2,8,hbo,True,S2_D8 hbo,mild_master_18,-0.02424467069501666,
733,az_itd=5_az=0,7.0,3.341457453607112e-17,6.58555754404459e-07,4.277066697333671e-09,16.759991186259565,0.07168360015035662,2,8,hbo,True,S2_D8 hbo,mild_master_18,0.01677052222331373,
734,constant,7.0,3.341457453607112e-17,0.9826648454947089,5.071210557408865e-09,0.022515861598289354,0.00011418267504640182,2,8,hbo,False,S2_D8 hbo,mild_master_18,,
742,Linear,7.0,1.6735994898822304e-17,0.7412921105917052,3.388188524645189e-13,0.343522663354601,1.1639195459336117e-07,3,5,hbo,False,S3_D5 hbo,mild_master_18,,
743,ShortHbO,7.0,1.6735994898822304e-17,5.68732489728916e-12,0.007386505596600732,89.58624116627618,661729.2717531219,3,5,hbo,True,S3_D5 hbo,mild_master_18,,
744,az_itd=0_az=15,7.0,1.6735994898822304e-17,0.0003128486581493767,3.023835139937209e-09,-6.570273366443164,-0.019867423484444386,3,5,hbo,True,S3_D5 hbo,mild_master_18,-0.017075842869505965,
745,az_itd=0_az=5,7.0,1.6735994898822304e-17,0.10494340943885,3.0256193858516674e-09,-1.8617376453831043,-0.005632909511240957,3,5,hbo,False,S3_D5 hbo,mild_master_18,-0.0231536151473701,
746,az_itd=15_az=0,7.0,1.6735994898822304e-17,0.0010540040114237678,3.0290040454648957e-09,-5.35892938029567,-0.016232218772276274,3,5,hbo,True,S3_D5 hbo,mild_master_18,-0.02571913008992228,
747,az_itd=5_az=0,7.0,1.6735994898822304e-17,0.26431198789477234,3.0269400689103976e-09,1.2134416352601407,0.0036730151070530756,3,5,hbo,False,S3_D5 hbo,mild_master_18,-0.06260010996039891,
748,constant,7.0,1.6735994898822304e-17,0.6047196576322231,3.588966813089843e-09,0.5418694956612846,0.0019447516369540808,3,5,hbo,False,S3_D5 hbo,mild_master_18,,
756,Linear,7.0,3.972989855100563e-18,0.38700943573457947,1.650823063996834e-13,-0.9223967119428611,-1.5227137662301189e-07,3,6,hbo,False,S3_D6 hbo,mild_master_18,,
757,ShortHbO,7.0,3.972989855100563e-18,5.298472862561051e-14,0.003598918334240896,174.77268375485139,628992.6158898206,3,6,hbo,True,S3_D6 hbo,mild_master_18,,
758,az_itd=0_az=15,7.0,3.972989855100563e-18,2.5494615878158842e-05,1.473299597830136e-09,9.737115127757393,0.014345687801750702,3,6,hbo,True,S3_D6 hbo,mild_master_18,0.0021677175204274516,
759,az_itd=0_az=5,7.0,3.972989855100563e-18,0.000276852465292877,1.4741689338443526e-09,6.7022992047295045,0.009880321272941946,3,6,hbo,True,S3_D6 hbo,mild_master_18,0.0010389723727882467,
760,az_itd=15_az=0,7.0,3.972989855100563e-18,2.871566935014692e-06,1.475818037521038e-09,13.501729642426067,0.019926096144024866,3,6,hbo,True,S3_D6 hbo,mild_master_18,0.0033647676662800826,
761,az_itd=5_az=0,7.0,3.972989855100563e-18,0.08553181704734411,1.4748124086798652e-09,-2.0006933965923555,-0.0029506474472582728,3,6,hbo,False,S3_D6 hbo,mild_master_18,-0.046033177702023566,
762,constant,7.0,3.972989855100563e-18,0.6805018241906184,1.7486480306134579e-09,-0.42945390445592535,-0.0007509637242661139,3,6,hbo,False,S3_D6 hbo,mild_master_18,,
770,Linear,7.0,3.297728308819413e-16,0.023204510797262264,1.5040048475057671e-12,-2.8933659572108,-4.351636425253208e-06,4,2,hbo,True,S4_D2 hbo,mild_master_18,,
771,ShortHbO,7.0,3.297728308819413e-16,0.00014044176037014168,0.03278843589312772,7.473179281041417,245033.8597742768,4,2,hbo,True,S4_D2 hbo,mild_master_18,,
772,az_itd=0_az=15,7.0,3.297728308819413e-16,1.4397799471106112e-06,1.3422696746191519e-08,14.946512033516624,0.20062249843919597,4,2,hbo,True,S4_D2 hbo,mild_master_18,0.13829209706099677,
773,az_itd=0_az=5,7.0,3.297728308819413e-16,0.00010306874558041168,1.3430616950409695e-08,7.847237835570339,0.10539324548830728,4,2,hbo,True,S4_D2 hbo,mild_master_18,0.1365698677854987,
774,az_itd=15_az=0,7.0,3.297728308819413e-16,0.35780890147216726,1.344564133417236e-08,0.9841901815706126,0.013233068186012428,4,2,hbo,False,S4_D2 hbo,mild_master_18,0.04854047377487245,
775,az_itd=5_az=0,7.0,3.297728308819413e-16,2.403801131383254e-07,1.3436479415582163e-08,19.408828134278448,0.26078631970680427,4,2,hbo,True,S4_D2 hbo,mild_master_18,0.12379274572046238,
776,constant,7.0,3.297728308819413e-16,0.9607177586294139,1.5931296163603256e-08,-0.051042346463860855,-0.0008131707384010147,4,2,hbo,False,S4_D2 hbo,mild_master_18,,
784,Linear,7.0,8.391976905719195e-18,0.8571843151738475,2.3992413617074314e-13,0.18670960704969647,4.479614118617732e-08,4,3,hbo,False,S4_D3 hbo,mild_master_18,,
785,ShortHbO,7.0,8.391976905719195e-18,1.3101996893124453e-13,0.005230526464788068,153.56454501327505,803223.4167450739,4,3,hbo,True,S4_D3 hbo,mild_master_18,,
786,az_itd=0_az=15,7.0,8.391976905719195e-18,0.15378491088060148,2.1412357328851602e-09,1.5993081301640244,0.0034244957162009597,4,3,hbo,False,S4_D3 hbo,mild_master_18,-0.008572822286182745,
787,az_itd=0_az=5,7.0,8.391976905719195e-18,3.7959507761414885e-05,2.14249919168218e-09,-9.162692691385125,-0.019631061684924848,4,3,hbo,True,S4_D3 hbo,mild_master_18,0.002332473621848074,
788,az_itd=15_az=0,7.0,8.391976905719195e-18,0.3872543444452586,2.1448959341539436e-09,0.9218935735738825,0.00197736577768127,4,3,hbo,False,S4_D3 hbo,mild_master_18,0.014705685258957265,
789,az_itd=5_az=0,7.0,8.391976905719195e-18,0.9374236783359483,2.1434343927187117e-09,-0.0813722382925807,-0.00017441605416882,4,3,hbo,False,S4_D3 hbo,mild_master_18,-0.036433931044347785,
790,constant,7.0,8.391976905719195e-18,0.7537506667625465,2.541416323538897e-09,0.32627995938810844,0.0008292132148325471,4,3,hbo,False,S4_D3 hbo,mild_master_18,,
798,Linear,7.0,3.390603295610475e-17,0.1187134279892323,4.822589427593123e-13,-1.7775840719519527,-8.57255815205342e-07,5,1,hbo,False,S5_D1 hbo,mild_master_18,,
799,ShortHbO,7.0,3.390603295610475e-17,2.191984734346878e-11,0.010513607356236018,73.86826844109777,776621.9704747424,5,1,hbo,True,S5_D1 hbo,mild_master_18,,
800,az_itd=0_az=15,7.0,3.390603295610475e-17,0.0002506508352914963,4.303985823271997e-09,6.811170386495694,0.029315180783367513,5,1,hbo,True,S5_D1 hbo,mild_master_18,-0.05027169069079957,
801,az_itd=0_az=5,7.0,3.390603295610475e-17,0.00022932994946254042,4.306525435640288e-09,6.909663769670846,0.029756642775809656,5,1,hbo,True,S5_D1 hbo,mild_master_18,0.037890967933878895,
802,az_itd=15_az=0,7.0,3.390603295610475e-17,9.353154701915281e-06,4.311343002180056e-09,11.327772138031829,0.04883791113759374,5,1,hbo,True,S5_D1 hbo,mild_master_18,0.02609959569801848,
803,az_itd=5_az=0,7.0,3.390603295610475e-17,1.4349999035877233e-06,4.3084052342730695e-09,14.953811604616053,0.06442708018966117,5,1,hbo,True,S5_D1 hbo,mild_master_18,0.045187800318778566,
804,constant,7.0,3.390603295610475e-17,0.4966393688990377,5.108367873538608e-09,-0.7169236861135078,-0.00366230992592112,5,1,hbo,False,S5_D1 hbo,mild_master_18,,
812,Linear,7.0,5.156928575120315e-17,0.0030826531724736377,5.947539814287285e-13,-4.419633077895308,-2.6285943695323406e-06,5,3,hbo,True,S5_D3 hbo,mild_master_18,,
813,ShortHbO,7.0,5.156928575120315e-17,1.704291855080209e-10,0.01296608373609884,55.082899550347875,714209.4879969317,5,3,hbo,True,S5_D3 hbo,mild_master_18,,
814,az_itd=0_az=15,7.0,5.156928575120315e-17,1.364367046986819e-08,5.3079631655091684e-09,29.375792060515945,0.15592562221487533,5,3,hbo,True,S5_D3 hbo,mild_master_18,0.11941836108972054,
815,az_itd=0_az=5,7.0,5.156928575120315e-17,9.773164810617211e-05,5.31109518532965e-09,7.9130315222332595,0.042026863619094815,5,3,hbo,True,S5_D3 hbo,mild_master_18,0.09417822980113155,
816,az_itd=15_az=0,7.0,5.156928575120315e-17,1.3119349267025765e-06,5.317036530582743e-09,15.151898185209742,0.08056319615843056,5,3,hbo,True,S5_D3 hbo,mild_master_18,0.10564602447770484,
817,az_itd=5_az=0,7.0,5.156928575120315e-17,1.0257361963548608e-07,5.313413478723515e-09,21.95882059620084,0.11667629333272507,5,3,hbo,True,S5_D3 hbo,mild_master_18,0.04726064258269073,
818,constant,7.0,5.156928575120315e-17,0.8274003251384433,6.299980906535564e-09,0.22634519221717445,0.0014259703892543212,5,3,hbo,False,S5_D3 hbo,mild_master_18,,
826,Linear,7.0,1.461826039513256e-16,0.7361860889033096,1.0013586337415065e-12,0.35062240114018595,3.5109876856490305e-07,6,2,hbo,False,S6_D2 hbo,mild_master_18,,
827,ShortHbO,7.0,1.461826039513256e-16,2.8998845690698164e-09,0.021830370708520903,36.69669868135739,801102.5359929221,6,2,hbo,True,S6_D2 hbo,mild_master_18,,
828,az_itd=0_az=15,7.0,1.461826039513256e-16,4.4576263341642134e-05,8.936761937425447e-09,-8.939279328308794,-0.07988821124924415,6,2,hbo,True,S6_D2 hbo,mild_master_18,-0.12924130962671165,
829,az_itd=0_az=5,7.0,1.461826039513256e-16,0.003424093728830965,8.942035168351543e-09,4.333277406843235,0.03874831896621539,6,2,hbo,True,S6_D2 hbo,mild_master_18,0.005635932268312853,
830,az_itd=15_az=0,7.0,1.461826039513256e-16,0.000334923052511429,8.95203832520462e-09,6.4974902370129115,0.05816578161938244,6,2,hbo,True,S6_D2 hbo,mild_master_18,0.030075998425308104,
831,az_itd=5_az=0,7.0,1.461826039513256e-16,0.0021422118445847157,8.945938367284176e-09,4.726120204352455,0.04227958006451355,6,2,hbo,True,S6_D2 hbo,mild_master_18,-0.04999599938128317,
832,constant,7.0,1.461826039513256e-16,0.42257396777415457,1.0606974430018178e-08,-0.8516697157631156,-0.009033638897920217,6,2,hbo,False,S6_D2 hbo,mild_master_18,,
854,Linear,7.0,3.979436032116038e-17,0.015728548452906943,5.224594198148425e-13,-3.1690547038700774,-1.6557024819454583e-06,7,7,hbo,True,S7_D7 hbo,mild_master_18,,
855,ShortHbO,7.0,3.979436032116038e-17,5.307339490267171e-09,0.011390007965578703,33.64638672868013,383232.6128526082,7,7,hbo,True,S7_D7 hbo,mild_master_18,,
856,az_itd=0_az=15,7.0,3.979436032116038e-17,3.106042903444476e-07,4.6627604731432925e-09,18.69932111485846,0.0871904553689758,7,7,hbo,True,S7_D7 hbo,mild_master_18,0.03605183037380596,
857,az_itd=0_az=5,7.0,3.979436032116038e-17,0.00015340909151853146,4.665511784289335e-09,7.369092262657645,0.0343805867909446,7,7,hbo,True,S7_D7 hbo,mild_master_18,0.04296904893374222,
858,az_itd=15_az=0,7.0,3.979436032116038e-17,1.5430041468648559e-06,4.670730936898273e-09,14.795289675845947,0.06910481720934529,7,7,hbo,True,S7_D7 hbo,mild_master_18,0.008512047262047165,
859,az_itd=5_az=0,7.0,3.979436032116038e-17,0.0003800879360256672,4.667548280486651e-09,6.364050918787133,0.029704514922914378,7,7,hbo,True,S7_D7 hbo,mild_master_18,0.023665141334516613,
860,constant,7.0,3.979436032116038e-17,0.9821935599799936,5.53419476296114e-09,0.02312811649896186,0.00012799550120570988,7,7,hbo,False,S7_D7 hbo,mild_master_18,,
840,Linear,7.0,3.592016356903714e-17,0.017391636018593,4.963762030261719e-13,-3.097150908997532,-1.5373520084072518e-06,7,17,hbo,True,S7_D17 hbo,mild_master_18,,
841,ShortHbO,7.0,3.592016356903714e-17,0.001649071497620567,0.010821374238779095,-4.953833826822606,-53607.28975677062,7,17,hbo,True,S7_D17 hbo,mild_master_18,,
842,az_itd=0_az=15,7.0,3.592016356903714e-17,1.1380508807913637e-06,4.4299772412939315e-09,15.471132206385512,0.06853676357133738,7,17,hbo,True,S7_D17 hbo,mild_master_18,0.131983313140548,
843,az_itd=0_az=5,7.0,3.592016356903714e-17,5.927770087255772e-08,4.4325911962313315e-09,23.77032383234075,0.10536412815080143,7,17,hbo,True,S7_D17 hbo,mild_master_18,0.13982423892302337,
844,az_itd=15_az=0,7.0,3.592016356903714e-17,2.4761102839232814e-07,4.437549788337791e-09,19.325470860984538,0.08575773912869007,7,17,hbo,True,S7_D17 hbo,mild_master_18,0.11144808486923946,
845,az_itd=5_az=0,7.0,3.592016356903714e-17,0.0009153283325720104,4.434526022576811e-09,5.490894180140178,0.024349513129047182,7,17,hbo,True,S7_D17 hbo,mild_master_18,0.08336389790309934,
846,constant,7.0,3.592016356903714e-17,0.49311531443346746,5.257906124497701e-09,-0.7230142988518857,-0.0038015413100327415,7,17,hbo,False,S7_D17 hbo,mild_master_18,,
896,Linear,7.0,2.0562894985315565e-17,0.429996394329341,3.7556397637325875e-13,-0.8374584990496367,-3.1451924395066245e-07,8,6,hbo,False,S8_D6 hbo,mild_master_18,,
897,ShortHbO,7.0,2.0562894985315565e-17,6.1651706712516356e-12,0.008187576910742312,88.55887576471254,725082.6064524573,8,6,hbo,True,S8_D6 hbo,mild_master_18,,
898,az_itd=0_az=15,7.0,2.0562894985315565e-17,0.20118183956537725,3.3517720185624323e-09,-1.4107369554374207,-0.004728468652787104,8,6,hbo,False,S8_D6 hbo,mild_master_18,-0.020823366520087316,
899,az_itd=0_az=5,7.0,2.0562894985315565e-17,0.004079935526058522,3.3537497671014747e-09,4.191205195282392,0.014056253447552814,8,6,hbo,True,S8_D6 hbo,mild_master_18,0.00038211176761289596,
900,az_itd=15_az=0,7.0,2.0562894985315565e-17,0.00013693213406915786,3.357501495241062e-09,7.503222709219868,0.025192081465332396,8,6,hbo,True,S8_D6 hbo,mild_master_18,0.01984389027449743,
901,az_itd=5_az=0,7.0,2.0562894985315565e-17,0.10611912485200244,3.355213679092964e-09,-1.854148083479072,-0.006221063012752985,8,6,hbo,False,S8_D6 hbo,mild_master_18,-0.047838098258894034,
902,constant,7.0,2.0562894985315565e-17,0.7056994151360774,3.978192587547454e-09,0.3934449489118771,0.001565199779369216,8,6,hbo,False,S8_D6 hbo,mild_master_18,,
868,Linear,7.0,2.425274227635955e-17,0.4234290128213972,4.078704346278816e-13,0.8500235584961231,3.466994782477523e-07,8,16,hbo,False,S8_D16 hbo,mild_master_18,,
869,ShortHbO,7.0,2.425274227635955e-17,3.25535315478072e-12,0.00889188197809127,97.0245915685258,862731.2171998409,8,16,hbo,True,S8_D16 hbo,mild_master_18,,
870,az_itd=0_az=15,7.0,2.425274227635955e-17,0.002080202371291479,3.6400954191249e-09,-4.75136904712067,-0.017295436702995794,8,16,hbo,True,S8_D16 hbo,mild_master_18,-0.02116619190732201,
871,az_itd=0_az=5,7.0,2.425274227635955e-17,0.012415898811495511,3.6422432959367117e-09,-3.3402214266711185,-0.012165899098237041,8,16,hbo,True,S8_D16 hbo,mild_master_18,0.014132182633507306,
872,az_itd=15_az=0,7.0,2.425274227635955e-17,0.0009219385559879755,3.646317752176302e-09,5.484111034905091,0.019996811421480385,8,16,hbo,True,S8_D16 hbo,mild_master_18,0.009251322534498084,
873,az_itd=5_az=0,7.0,2.425274227635955e-17,2.8055278926244855e-05,3.643833135372303e-09,-9.596204735728826,-0.034966968789865306,8,16,hbo,True,S8_D16 hbo,mild_master_18,-0.06134602328777842,
874,constant,7.0,2.425274227635955e-17,0.7698054284594096,4.320401427701813e-09,0.30421915181602316,0.001314348857840181,8,16,hbo,False,S8_D16 hbo,mild_master_18,,
882,Linear,7.0,4.101488542158278e-17,0.6839023905274297,5.304110353920047e-13,-0.42455903756146296,-2.2519079869800857e-07,8,18,hbo,False,S8_D18 hbo,mild_master_18,,
883,ShortHbO,7.0,4.101488542158278e-17,1.1362005819989458e-05,0.011563359160577146,-11.002055359900291,-127220.71763107993,8,18,hbo,True,S8_D18 hbo,mild_master_18,,
884,az_itd=0_az=15,7.0,4.101488542158278e-17,0.003883569090899505,4.733725752750963e-09,4.230947748102138,0.020028146313734785,8,18,hbo,True,S8_D18 hbo,mild_master_18,0.028702899743360395,
885,az_itd=0_az=5,7.0,4.101488542158278e-17,5.459367445365977e-06,4.736518937711002e-09,12.275412552658867,0.058142724023884075,8,18,hbo,True,S8_D18 hbo,mild_master_18,0.13657303520180678,
886,az_itd=15_az=0,7.0,4.101488542158278e-17,0.3626555629529037,4.7418175236569835e-09,0.9736741459882559,0.004616985127778859,8,18,hbo,False,S8_D18 hbo,mild_master_18,0.0860524229684036,
887,az_itd=5_az=0,7.0,4.101488542158278e-17,0.6377085005440124,4.738586428535407e-09,-0.4920946030382962,-0.0023318328075127887,8,18,hbo,False,S8_D18 hbo,mild_master_18,0.06860464496010035,
888,constant,7.0,4.101488542158278e-17,0.6283978490476314,5.6184229108617105e-09,-0.5060016047782573,-0.0028429310092189532,8,18,hbo,False,S8_D18 hbo,mild_master_18,,
952,Linear,7.0,8.153575027692163e-18,0.6795234930452358,2.3649166327713824e-13,-0.43086426017528007,-1.0189580553552563e-07,9,5,hbo,False,S9_D5 hbo,mild_master_18,,
953,ShortHbO,7.0,8.153575027692163e-18,3.563791054788234e-13,0.005155695976300277,133.10362670236913,686241.8326203785,9,5,hbo,True,S9_D5 hbo,mild_master_18,,
954,az_itd=0_az=15,7.0,8.153575027692163e-18,0.01360607118303162,2.110602159584656e-09,-3.273627839664275,-0.006909325988071871,9,5,hbo,True,S9_D5 hbo,mild_master_18,-0.016109210764898747,
955,az_itd=0_az=5,7.0,8.153575027692163e-18,0.20660318302232353,2.1118475427176677e-09,-1.3918070030237855,-0.002939284199273023,9,5,hbo,False,S9_D5 hbo,mild_master_18,-0.011690718321046945,
956,az_itd=15_az=0,7.0,8.153575027692163e-18,0.0006846441421794974,2.114209996210845e-09,-5.769402780181622,-0.012197729030026626,9,5,hbo,True,S9_D5 hbo,mild_master_18,-0.023484461659649757,
957,az_itd=5_az=0,7.0,8.153575027692163e-18,0.00015309384600635441,2.1127693643074318e-09,7.371503393037856,0.015574286537698668,9,5,hbo,True,S9_D5 hbo,mild_master_18,-0.02987063454127415,
958,constant,7.0,8.153575027692163e-18,0.5014189049943132,2.5050575695546606e-09,0.7087081741200457,0.0017753547761846828,9,5,hbo,False,S9_D5 hbo,mild_master_18,,
966,Linear,7.0,9.711780240844713e-18,0.4966185227314849,2.5810191279118517e-13,-0.7169596311542915,-1.8504865219498522e-07,9,6,hbo,False,S9_D6 hbo,mild_master_18,,
967,ShortHbO,7.0,9.711780240844713e-18,6.382661467228235e-14,0.00562681565520351,170.18488367595504,957598.9677468521,9,6,hbo,True,S9_D6 hbo,mild_master_18,,
968,az_itd=0_az=15,7.0,9.711780240844713e-18,0.00365116996335987,2.303465783872591e-09,4.280936125513577,0.009860989888064624,9,6,hbo,True,S9_D6 hbo,mild_master_18,-0.006776498334911379,
969,az_itd=0_az=5,7.0,9.711780240844713e-18,0.019498972472543764,2.304824968227481e-09,3.015897459489068,0.006951115766244231,9,6,hbo,True,S9_D6 hbo,mild_master_18,-0.01491220496056219,
970,az_itd=15_az=0,7.0,9.711780240844713e-18,0.012325958202315301,2.3074032991378387e-09,3.345529802346077,0.0077194865032973,9,6,hbo,True,S9_D6 hbo,mild_master_18,-0.004778956393748095,
971,az_itd=5_az=0,7.0,9.711780240844713e-18,0.048288215226858555,2.3058310244760328e-09,2.388315469027252,0.005507051904719066,9,6,hbo,True,S9_D6 hbo,mild_master_18,-0.07036078304176382,
972,constant,7.0,9.711780240844713e-18,0.732232615316514,2.733965930952961e-09,0.3561332096421955,0.000973656062042691,9,6,hbo,False,S9_D6 hbo,mild_master_18,,
980,Linear,7.0,1.3715979390434283e-17,0.7453072939298074,3.067292634563511e-13,-0.33795335299440155,-1.0366018304657701e-07,9,7,hbo,False,S9_D7 hbo,mild_master_18,,
981,ShortHbO,7.0,1.3715979390434283e-17,4.755876042960963e-13,0.0066869284417956565,127.72641473530409,854097.3954620928,9,7,hbo,True,S9_D7 hbo,mild_master_18,,
982,az_itd=0_az=15,7.0,1.3715979390434283e-17,0.09367454564382395,2.7374472185944856e-09,-1.9389876396227705,-0.005307876320974439,9,7,hbo,False,S9_D7 hbo,mild_master_18,-0.010817435855779097,
983,az_itd=0_az=5,7.0,1.3715979390434283e-17,0.2841621771025607,2.739062478286164e-09,-1.1597830904165363,-0.003176718345910704,9,7,hbo,False,S9_D7 hbo,mild_master_18,-0.008351597747803812,
984,az_itd=15_az=0,7.0,1.3715979390434283e-17,0.0005686794486842095,2.742126576233089e-09,5.952428322389401,0.016322311895946517,9,7,hbo,True,S9_D7 hbo,mild_master_18,0.01629623354559149,
985,az_itd=5_az=0,7.0,1.3715979390434283e-17,0.022187918441649655,2.7402580792361024e-09,-2.924798552178411,-0.008014702862744945,9,7,hbo,True,S9_D7 hbo,mild_master_18,-0.06378444359036259,
986,constant,7.0,1.3715979390434283e-17,0.5514271286959558,3.2490551784263993e-09,0.6255889678954232,0.002032573075707051,9,7,hbo,False,S9_D7 hbo,mild_master_18,,
910,Linear,7.0,6.950935268471736e-18,0.5228876782484411,2.1835514118547857e-13,0.6724150969267356,1.468252934246846e-07,9,15,hbo,False,S9_D15 hbo,mild_master_18,,
911,ShortHbO,7.0,6.950935268471736e-18,5.50553414561966e-14,0.004760306165613914,173.81797087465077,827426.7584490997,9,15,hbo,True,S9_D15 hbo,mild_master_18,,
912,az_itd=0_az=15,7.0,6.950935268471736e-18,0.0023105715286736257,1.9487402902757426e-09,-4.661448825335249,-0.009083953136989332,9,15,hbo,True,S9_D15 hbo,mild_master_18,-0.013643111166675248,
913,az_itd=0_az=5,7.0,6.950935268471736e-18,2.0564499405276636e-05,1.949890165100379e-09,-10.060158684582508,-0.0196162044784166,9,15,hbo,True,S9_D15 hbo,mild_master_18,-0.025939608067804747,
914,az_itd=15_az=0,7.0,6.950935268471736e-18,0.0002265692458317684,1.9520714422705703e-09,-6.923166800350684,-0.01351451620104029,9,15,hbo,True,S9_D15 hbo,mild_master_18,-0.03216632578435475,
915,az_itd=5_az=0,7.0,6.950935268471736e-18,0.006205769461275195,1.9507412922842787e-09,3.8607129321665243,0.0075312521344331525,9,15,hbo,True,S9_D15 hbo,mild_master_18,-0.050625318932739714,
916,constant,7.0,6.950935268471736e-18,0.4183064481418053,2.3129449541604108e-09,0.8599216644022076,0.001988951474652308,9,15,hbo,False,S9_D15 hbo,mild_master_18,,
924,Linear,7.0,1.1213731112177168e-17,0.132721299509368,2.773427828311011e-13,1.7010751141867788,4.717809059732943e-07,9,16,hbo,False,S9_D16 hbo,mild_master_18,,
925,ShortHbO,7.0,1.1213731112177168e-17,5.6736512079795e-14,0.0060462810810483995,173.07252196653252,1046445.1152155792,9,16,hbo,True,S9_D16 hbo,mild_master_18,,
926,az_itd=0_az=15,7.0,1.1213731112177168e-17,1.0183025046435062e-06,2.475183557327229e-09,-15.725189998394209,-0.03892273171987194,9,16,hbo,True,S9_D16 hbo,mild_master_18,-0.044772614163920775,
927,az_itd=0_az=5,7.0,1.1213731112177168e-17,2.9710174913099946e-06,2.476644065571004e-09,-13.433985444737642,-0.033271200328676725,9,16,hbo,True,S9_D16 hbo,mild_master_18,-0.035887749216176684,
928,az_itd=15_az=0,7.0,1.1213731112177168e-17,0.00011324437164836204,2.479414604781679e-09,-7.731833548861272,-0.019170421022787595,9,16,hbo,True,S9_D16 hbo,mild_master_18,-0.03441629346833017,
929,az_itd=5_az=0,7.0,1.1213731112177168e-17,0.0005953047789545582,2.477725120866723e-09,-5.906927780319654,-0.014635743348443517,9,16,hbo,True,S9_D16 hbo,mild_master_18,-0.056056868959604225,
930,constant,7.0,1.1213731112177168e-17,0.23067974921989942,2.937776443638244e-09,1.3127066307401019,0.003856438617195998,9,16,hbo,False,S9_D16 hbo,mild_master_18,,
938,Linear,7.0,9.763867889990048e-18,0.8835359455113436,2.5879313230078256e-13,-0.15191994954728458,-3.931583960231863e-08,9,17,hbo,False,S9_D17 hbo,mild_master_18,,
939,ShortHbO,7.0,9.763867889990048e-18,5.902026811691339e-13,0.0056418847599448265,123.8453327825461,698721.0956161423,9,17,hbo,True,S9_D17 hbo,mild_master_18,,
940,az_itd=0_az=15,7.0,9.763867889990048e-18,7.668093756145362e-05,2.3096346668238414e-09,-8.218999171109523,-0.018982885412190974,9,17,hbo,True,S9_D17 hbo,mild_master_18,0.00069501284407409,
941,az_itd=0_az=5,7.0,9.763867889990048e-18,0.26072691588212604,2.3109974911933794e-09,-1.2234915248527571,-0.002827485844431084,9,17,hbo,False,S9_D17 hbo,mild_master_18,0.006955112540601198,
942,az_itd=15_az=0,7.0,9.763867889990048e-18,0.0008723932917745367,2.3135827270995513e-09,5.536326337774756,0.01280874898666199,9,17,hbo,True,S9_D17 hbo,mild_master_18,0.008322541277962546,
943,az_itd=5_az=0,7.0,9.763867889990048e-18,0.05071051265714626,2.3120062417486077e-09,-2.3550331381873235,-0.005444851315013903,9,17,hbo,False,S9_D17 hbo,mild_master_18,-0.023163412057311334,
944,constant,7.0,9.763867889990048e-18,0.5342458578091431,2.741287730972235e-09,0.6535946073920509,0.001791690878273444,9,17,hbo,False,S9_D17 hbo,mild_master_18,,
42,Linear,7.0,9.421280788399411e-17,0.6009604682902632,8.038902726627321e-13,-0.5476337116222301,-4.4023741375529855e-07,12,2,hbo,False,S12_D2 hbo,mild_master_18,,
43,ShortHbO,7.0,9.421280788399411e-17,9.230371804402093e-09,0.017525412045063162,31.074159632229534,544587.451508891,12,2,hbo,True,S12_D2 hbo,mild_master_18,,
44,az_itd=0_az=15,7.0,9.421280788399411e-17,0.00011232582893123117,7.1744285698678174e-09,7.7417610233821845,0.05554271146724225,12,2,hbo,True,S12_D2 hbo,mild_master_18,0.07330027238132251,
45,az_itd=0_az=5,7.0,9.421280788399411e-17,0.7560015607016315,7.178661917346088e-09,-0.32317648674204974,-0.0023199747379568556,12,2,hbo,False,S12_D2 hbo,mild_master_18,0.006775711650029743,
46,az_itd=15_az=0,7.0,9.421280788399411e-17,0.00014431992363342982,7.186692447287256e-09,7.4409501875633675,0.05347582051360234,12,2,hbo,True,S12_D2 hbo,mild_master_18,0.04215368883498263,
47,az_itd=5_az=0,7.0,9.421280788399411e-17,1.1597539746124945e-05,7.181795403739956e-09,10.968204740393704,0.0787714023918383,12,2,hbo,True,S12_D2 hbo,mild_master_18,0.057202333227672666,
48,constant,7.0,9.421280788399411e-17,0.36218022507190556,8.515274427518526e-09,-0.9747007150263315,-0.008299844073147742,12,2,hbo,False,S12_D2 hbo,mild_master_18,,
56,Linear,7.0,7.072986240555133e-18,0.039378262008054284,2.2026384007356377e-13,-2.5274698661563417,-5.567102183898121e-07,12,3,hbo,True,S12_D3 hbo,mild_master_18,,
57,ShortHbO,7.0,7.072986240555133e-18,3.571379444602845e-13,0.004801917235707906,133.0631734146578,638958.3458578351,12,3,hbo,True,S12_D3 hbo,mild_master_18,,
58,az_itd=0_az=15,7.0,7.072986240555133e-18,8.254800068852395e-05,1.965774734278399e-09,8.12498428787913,0.015971888829521764,12,3,hbo,True,S12_D3 hbo,mild_master_18,0.0011425502726678236,
59,az_itd=0_az=5,7.0,7.072986240555133e-18,3.169322831879072e-05,1.966934660456932e-09,9.419281961355354,0.0185271121664066,12,3,hbo,True,S12_D3 hbo,mild_master_18,0.02005307313193608,
60,az_itd=15_az=0,7.0,7.072986240555133e-18,1.0498967152946217e-05,1.969135004736268e-09,11.1332697393892,0.021922911161002305,12,3,hbo,True,S12_D3 hbo,mild_master_18,0.03092019688725771,
61,az_itd=5_az=0,7.0,7.072986240555133e-18,6.199732791803198e-07,1.9677932275641636e-09,16.90836054596123,0.033272157371555616,12,3,hbo,True,S12_D3 hbo,mild_master_18,-0.01953112412146453,
62,constant,7.0,7.072986240555133e-18,0.9509470143230419,2.333163005534151e-09,-0.0637559109464388,-0.00014875293280436084,12,3,hbo,False,S12_D3 hbo,mild_master_18,,
70,Linear,7.0,1.4516649659167693e-17,0.07072216920772816,3.1555495038750744e-13,-2.129502168132108,-6.719749510150169e-07,12,4,hbo,False,S12_D4 hbo,mild_master_18,,
71,ShortHbO,7.0,1.4516649659167693e-17,8.731282200677277e-13,0.006879335049151305,117.10421385176919,805599.1227537856,12,4,hbo,True,S12_D4 hbo,mild_master_18,,
72,az_itd=0_az=15,7.0,1.4516649659167693e-17,0.0007787952763540667,2.8162132674208554e-09,5.644660378394693,0.015896567447719962,12,4,hbo,True,S12_D4 hbo,mild_master_18,-0.01912761643395511,
73,az_itd=0_az=5,7.0,1.4516649659167693e-17,7.077357908008576e-05,2.8178750038529356e-09,8.32225526545616,0.023451075088212394,12,4,hbo,True,S12_D4 hbo,mild_master_18,0.017367598558464984,
74,az_itd=15_az=0,7.0,1.4516649659167693e-17,0.0006305191863264076,2.8210272667466976e-09,5.850128152857042,0.01650337103317221,12,4,hbo,True,S12_D4 hbo,mild_master_18,0.02073360327837112,
75,az_itd=5_az=0,7.0,1.4516649659167693e-17,2.3103275594182328e-05,2.8191050064754104e-09,9.884017804731938,0.027864084077411904,12,4,hbo,True,S12_D4 hbo,mild_master_18,-0.05667305058609088,
76,constant,7.0,1.4516649659167693e-17,0.7565462682442656,3.3425419996827743e-09,0.3224259861641382,0.001077722400542769,12,4,hbo,False,S12_D4 hbo,mild_master_18,,
0,Linear,7.0,6.748130796071537e-18,0.025053031936368597,2.1514613356143958e-13,-2.8397653428485885,-6.109645337356496e-07,12,10,hbo,True,S12_D10 hbo,mild_master_18,,
1,ShortHbO,7.0,6.748130796071537e-18,4.809879625519764e-11,0.004690347387930548,66.0144355206473,309630.6352099776,12,10,hbo,True,S12_D10 hbo,mild_master_18,,
2,az_itd=0_az=15,7.0,6.748130796071537e-18,2.1363758364350768e-07,1.9201010633044168e-09,19.744002787434113,0.03791048074603761,12,10,hbo,True,S12_D10 hbo,mild_master_18,0.01364622202316203,
3,az_itd=0_az=5,7.0,6.748130796071537e-18,5.6123343189089e-07,1.921234039250195e-09,17.15573459867987,0.032960181279326047,12,10,hbo,True,S12_D10 hbo,mild_master_18,0.025733044138830416,
4,az_itd=15_az=0,7.0,6.748130796071537e-18,5.917378615276051e-06,1.9233832597670313e-09,12.129138412432564,0.023328981777870062,12,10,hbo,True,S12_D10 hbo,mild_master_18,0.006461752766581323,
5,az_itd=5_az=0,7.0,6.748130796071537e-18,3.8253760735360435e-05,1.9220726580332975e-09,9.151847112729708,0.01759051510587875,12,10,hbo,True,S12_D10 hbo,mild_master_18,-0.002083703017204975,
6,constant,7.0,6.748130796071537e-18,0.594993108072843,2.2789532745892917e-09,-0.5568250915502461,-0.0012689783657619154,12,10,hbo,False,S12_D10 hbo,mild_master_18,,
14,Linear,7.0,7.759970440621138e-18,0.23092436476839145,2.3071287614699863e-13,-1.3119408336847524,-3.026816430741004e-07,12,11,hbo,False,S12_D11 hbo,mild_master_18,,
15,ShortHbO,7.0,7.759970440621138e-18,7.891165596589252e-13,0.005029714074266623,118.80973449516053,597578.9937501895,12,11,hbo,True,S12_D11 hbo,mild_master_18,,
16,az_itd=0_az=15,7.0,7.759970440621138e-18,0.0008462168754709564,2.0590285843150724e-09,5.565266593453472,0.011459042995254468,12,11,hbo,True,S12_D11 hbo,mild_master_18,0.03665019296611934,
17,az_itd=0_az=5,7.0,7.759970440621138e-18,0.31087504888581996,2.0602435359143824e-09,-1.0922692247158967,-0.00225034060969914,12,11,hbo,False,S12_D11 hbo,mild_master_18,0.02819656352402848,
18,az_itd=15_az=0,7.0,7.759970440621138e-18,0.00011282458650087002,2.062548261724255e-09,7.736359207379195,0.015956614235254393,12,11,hbo,True,S12_D11 hbo,mild_master_18,0.0172492500569336,
19,az_itd=5_az=0,7.0,7.759970440621138e-18,1.744560779769968e-06,2.0611428323518207e-09,14.530703891796431,0.02994985617560292,12,11,hbo,True,S12_D11 hbo,mild_master_18,0.010252476143017693,
20,constant,7.0,7.759970440621138e-18,0.8358751241589939,2.4438452873008173e-09,0.21502912761921517,0.000525497920164625,12,11,hbo,False,S12_D11 hbo,mild_master_18,,
28,Linear,7.0,1.546957199598417e-17,0.2634829404258019,3.2574739311435826e-13,-1.2157553833066574,-3.960291467768911e-07,12,12,hbo,False,S12_D12 hbo,mild_master_18,,
29,ShortHbO,7.0,1.546957199598417e-17,3.876522970558865e-12,0.007101537959931778,94.63234176136359,672035.1672555608,12,12,hbo,True,S12_D12 hbo,mild_master_18,,
30,az_itd=0_az=15,7.0,1.546957199598417e-17,0.005048617966953399,2.907177115078879e-09,4.021712238488176,0.011691829783165476,12,12,hbo,True,S12_D12 hbo,mild_master_18,0.046342530699942375,
31,az_itd=0_az=5,7.0,1.546957199598417e-17,0.007775627391495826,2.9088925256916064e-09,3.688143516438259,0.01072841310864521,12,12,hbo,True,S12_D12 hbo,mild_master_18,0.07450375063795547,
32,az_itd=15_az=0,7.0,1.546957199598417e-17,7.473701133154666e-05,2.912146606854944e-09,8.251954980335375,0.02403090269590342,12,12,hbo,True,S12_D12 hbo,mild_master_18,0.02533063526450235,
33,az_itd=5_az=0,7.0,1.546957199598417e-17,4.963196818966409e-05,2.910162257468284e-09,8.792524910836475,0.025587674143366,12,12,hbo,True,S12_D12 hbo,mild_master_18,0.003771574581854961,
34,constant,7.0,1.546957199598417e-17,0.9742451167078942,3.4505062951312314e-09,0.0334557741170053,0.00011543935919921531,12,12,hbo,False,S12_D12 hbo,mild_master_18,,
98,Linear,7.0,4.96507920509145e-16,0.9343518123967204,1.8454610789278396e-12,-0.08537763707486594,-1.5756110623249162e-07,13,3,hbo,False,S13_D3 hbo,mild_master_18,,
99,ShortHbO,7.0,4.96507920509145e-16,1.9211818059742333e-09,0.040232438332919514,38.92986304827456,1566243.3143987083,13,3,hbo,True,S13_D3 hbo,mild_master_18,,
100,az_itd=0_az=15,7.0,4.96507920509145e-16,8.458765092976866e-07,1.647006953496725e-08,16.15798025935041,0.2661230584161294,13,3,hbo,True,S13_D3 hbo,mild_master_18,-0.042130468738562944,
101,az_itd=0_az=5,7.0,4.96507920509145e-16,2.355503216826584e-05,1.6479787873738593e-08,-9.854981565178354,-0.1624080056937436,13,3,hbo,True,S13_D3 hbo,mild_master_18,-0.10712901678863523,
102,az_itd=15_az=0,7.0,4.96507920509145e-16,0.01819830154753077,1.649822326343488e-08,3.064870712162549,0.0505649212828204,13,3,hbo,True,S13_D3 hbo,mild_master_18,0.11614910328147728,
103,az_itd=5_az=0,7.0,4.96507920509145e-16,0.0003375014327541562,1.6486981302217433e-08,6.4893417490755985,0.10698965608070837,13,3,hbo,True,S13_D3 hbo,mild_master_18,-0.044105516240062474,
104,constant,7.0,4.96507920509145e-16,0.5884994766140288,1.9548199632175372e-08,-0.5668859426446605,-0.011081599575491742,13,3,hbo,False,S13_D3 hbo,mild_master_18,,
112,Linear,7.0,8.081762922501928e-19,0.2655687721822584,7.445516886974837e-14,-1.2099457907046078,-9.00867181701528e-08,13,9,hbo,False,S13_D9 hbo,mild_master_18,,
113,ShortHbO,7.0,8.081762922501928e-19,1.1735338740839752e-08,0.0016231786323337514,30.01949918907259,48727.009637063005,13,9,hbo,True,S13_D9 hbo,mild_master_18,,
114,az_itd=0_az=15,7.0,8.081762922501928e-19,3.6048951828821256e-06,6.644853270137345e-10,13.055168289477503,0.008674967770052796,13,9,hbo,True,S13_D9 hbo,mild_master_18,-0.0017679970064098031,
115,az_itd=0_az=5,7.0,8.081762922501928e-19,0.0005340077542088334,6.648774136107459e-10,-6.01538892269816,-0.003999496228786284,13,9,hbo,True,S13_D9 hbo,mild_master_18,-0.005876114632342754,
116,az_itd=15_az=0,7.0,8.081762922501928e-19,0.00210932317486307,6.656211898240129e-10,4.73940947873812,0.0031546513763008725,13,9,hbo,True,S13_D9 hbo,mild_master_18,0.0034793816432833243,
117,az_itd=5_az=0,7.0,8.081762922501928e-19,0.2512166413551238,6.65167632645035e-10,-1.2507308521510696,-0.0008319456800014341,13,9,hbo,False,S13_D9 hbo,mild_master_18,-0.005126197983793803,
118,constant,7.0,8.081762922501928e-19,0.6402291347787112,7.886725552395578e-10,0.488347746599622,0.000385146465156204,13,9,hbo,False,S13_D9 hbo,mild_master_18,,
84,Linear,7.0,2.1960109985335035e-17,0.15752512441657546,3.881137733963678e-13,-1.5826126745071514,-6.142337769278882e-07,13,11,hbo,False,S13_D11 hbo,mild_master_18,,
85,ShortHbO,7.0,2.1960109985335035e-17,9.743147798796813e-10,0.008461171916666918,42.91055505450423,363073.58335576084,13,11,hbo,True,S13_D11 hbo,mild_master_18,,
86,az_itd=0_az=15,7.0,2.1960109985335035e-17,3.156269639090397e-06,3.463774396710887e-09,13.314414958334265,0.04611812963986268,13,11,hbo,True,S13_D11 hbo,mild_master_18,-0.0031716054209674853,
87,az_itd=0_az=5,7.0,2.1960109985335035e-17,0.8377037169047252,3.4658182334380655e-09,-0.2125916304328383,-0.0007368039490304578,13,11,hbo,False,S13_D11 hbo,mild_master_18,0.044930927854124156,
88,az_itd=15_az=0,7.0,2.1960109985335035e-17,0.001423971015224575,3.4696953288375604e-09,5.084437883834519,0.017641450375305363,13,11,hbo,True,S13_D11 hbo,mild_master_18,0.04911244248002567,
89,az_itd=5_az=0,7.0,2.1960109985335035e-17,0.048836434530595586,3.4673310633224007e-09,2.3806358478954466,0.008254452625866745,13,11,hbo,True,S13_D11 hbo,mild_master_18,-0.0058256011228554035,
90,constant,7.0,2.1960109985335035e-17,0.7006386622209181,4.1111273540143485e-09,0.40062986660564903,0.0016470404034376034,13,11,hbo,False,S13_D11 hbo,mild_master_18,,
140,Linear,7.0,1.3723291286188408e-16,0.9030593540856309,9.70221603480835e-13,-0.12628202008355302,-1.2252154401626383e-07,14,2,hbo,False,S14_D2 hbo,mild_master_18,,
141,ShortHbO,7.0,1.3723291286188408e-16,4.500917671298825e-08,0.02115156005023246,24.734325949570906,523169.580624372,14,2,hbo,True,S14_D2 hbo,mild_master_18,,
142,az_itd=0_az=15,7.0,1.3723291286188408e-16,2.588626914782052e-05,8.65887525676807e-09,9.714548988545161,0.08411706786757499,14,2,hbo,True,S14_D2 hbo,mild_master_18,0.010812043692941456,
143,az_itd=0_az=5,7.0,1.3723291286188408e-16,7.306735259361067e-06,8.663984517718391e-09,11.753749596504873,0.10183430452925701,14,2,hbo,True,S14_D2 hbo,mild_master_18,0.15415353169389556,
144,az_itd=15_az=0,7.0,1.3723291286188408e-16,0.0004084440330718324,8.673676628571424e-09,-6.289066477474139,-0.05454932892119945,14,2,hbo,True,S14_D2 hbo,mild_master_18,-0.02262053389441062,
145,az_itd=5_az=0,7.0,1.3723291286188408e-16,0.0006880934984406997,8.667766347523937e-09,5.764502039187092,0.04996535678549899,14,2,hbo,True,S14_D2 hbo,mild_master_18,-0.013167461538275796,
146,constant,7.0,1.3723291286188408e-16,0.37370439977019587,1.027715285293983e-08,-0.950097185814262,-0.009764294003761146,14,2,hbo,False,S14_D2 hbo,mild_master_18,,
126,Linear,7.0,4.8038729955402686e-17,0.07012947200204686,5.740339232568603e-13,-2.1352014970601805,-1.2256780923013768e-06,14,10,hbo,False,S14_D10 hbo,mild_master_18,,
127,ShortHbO,7.0,4.8038729955402686e-17,0.023648379889122155,0.012514370897408953,-2.880094857839013,-36042.575270717716,14,10,hbo,True,S14_D10 hbo,mild_master_18,,
128,az_itd=0_az=15,7.0,4.8038729955402686e-17,8.670191506336468e-06,5.123044175476878e-09,11.457059153040186,0.058695020162076575,14,10,hbo,True,S14_D10 hbo,mild_master_18,0.0904927545683615,
129,az_itd=0_az=5,7.0,4.8038729955402686e-17,2.3554158758876135e-06,5.126067081890973e-09,13.902363519310166,0.07126444799681778,14,10,hbo,True,S14_D10 hbo,mild_master_18,0.11878541739511825,
130,az_itd=15_az=0,7.0,4.8038729955402686e-17,9.350167055487743e-06,5.131801442368668e-09,11.328314092075328,0.05813465859731747,14,10,hbo,True,S14_D10 hbo,mild_master_18,0.06567451807996026,
131,az_itd=5_az=0,7.0,4.8038729955402686e-17,1.6757461299282988e-05,5.128304610505651e-09,10.376690752550873,0.05321483102809799,14,10,hbo,True,S14_D10 hbo,mild_master_18,0.07985852078833275,
132,constant,7.0,4.8038729955402686e-17,0.5915567588216082,6.080501970805701e-09,-0.5621414196945071,-0.0034181020103239653,14,10,hbo,False,S14_D10 hbo,mild_master_18,,
154,Linear,7.0,2.0479451321230416e-17,0.9376587248587342,3.748011875828906e-13,-0.08106582399202462,-3.038356710459641e-08,15,17,hbo,False,S15_D17 hbo,mild_master_18,,
155,ShortHbO,7.0,2.0479451321230416e-17,2.790248028970451e-07,0.008170947541897882,-18.993030691852102,-155191.05744477996,15,17,hbo,True,S15_D17 hbo,mild_master_18,,
156,az_itd=0_az=15,7.0,2.0479451321230416e-17,0.19664883965491084,3.3449644057867915e-09,1.4269176979785452,0.0047729889097254605,15,17,hbo,False,S15_D17 hbo,mild_master_18,0.05657587532454435,
157,az_itd=0_az=5,7.0,2.0479451321230416e-17,0.010874838029480225,3.3469381374218956e-09,3.437442796785353,0.011504908391767082,15,17,hbo,True,S15_D17 hbo,mild_master_18,0.06611108966835832,
158,az_itd=15_az=0,7.0,2.0479451321230416e-17,0.6158217200383941,3.3506822456182793e-09,0.5249596247854008,0.0017589728944348761,15,17,hbo,False,S15_D17 hbo,mild_master_18,0.05494534381460483,
159,az_itd=5_az=0,7.0,2.0479451321230416e-17,0.00021808483233234205,3.3483990761365865e-09,-6.965853538794885,-0.02332445755380357,15,17,hbo,True,S15_D17 hbo,mild_master_18,0.03114144957070739,
160,constant,7.0,2.0479451321230416e-17,0.7987233763203825,3.970112683982126e-09,0.26489189066049135,0.001051650654995223,15,17,hbo,False,S15_D17 hbo,mild_master_18,,
168,Linear,7.0,2.2140659421954492e-17,0.38987743700414557,3.8970598493266985e-13,-0.9165195570730299,-3.5717315669919947e-07,15,18,hbo,False,S15_D18 hbo,mild_master_18,,
169,ShortHbO,7.0,2.2140659421954492e-17,1.8587186630455946e-08,0.008495883324660659,-28.097121445286863,-238709.86555797805,15,18,hbo,True,S15_D18 hbo,mild_master_18,,
170,az_itd=0_az=15,7.0,2.2140659421954492e-17,0.012223620060209378,3.4779843061024776e-09,3.351620745619882,0.011656884353273434,15,18,hbo,True,S15_D18 hbo,mild_master_18,0.057572574053883746,
171,az_itd=0_az=5,7.0,2.2140659421954492e-17,0.00027769812466280454,3.4800365275370238e-09,6.698980690027089,0.023312697498559447,15,18,hbo,True,S15_D18 hbo,mild_master_18,0.06630822755876621,
172,az_itd=15_az=0,7.0,2.2140659421954492e-17,0.0007796401278710092,3.483929528468467e-09,5.643618652696125,0.019661969671543454,15,18,hbo,True,S15_D18 hbo,mild_master_18,0.07470981140737636,
173,az_itd=5_az=0,7.0,2.2140659421954492e-17,0.23889952521542632,3.481555563707658e-09,1.2873512135368324,0.0044819847799349635,15,18,hbo,False,S15_D18 hbo,mild_master_18,0.056880750378476654,
174,constant,7.0,2.2140659421954492e-17,0.9798860100683208,4.127992986849243e-09,-0.026126041153210794,-0.00010784811465458887,15,18,hbo,False,S15_D18 hbo,mild_master_18,,
182,Linear,7.0,3.680827452899724e-17,0.24992569339589032,5.024750817386899e-13,-1.2544958437878815,-6.303529016481625e-07,15,22,hbo,False,S15_D22 hbo,mild_master_18,,
183,ShortHbO,7.0,3.680827452899724e-17,6.010325607297759e-09,0.010954334377848455,-33.05049505326925,-362046.17416693765,15,22,hbo,True,S15_D22 hbo,mild_master_18,,
184,az_itd=0_az=15,7.0,3.680827452899724e-17,4.7885666496221785e-05,4.484407517622957e-09,8.841222862070293,0.039647646267647975,15,22,hbo,True,S15_D22 hbo,mild_master_18,0.1116774194880073,
185,az_itd=0_az=5,7.0,3.680827452899724e-17,0.00012535959529497414,4.4870535897207395e-09,7.608809340619958,0.03414113526532948,15,22,hbo,True,S15_D22 hbo,mild_master_18,0.09551853387527219,
186,az_itd=15_az=0,7.0,3.680827452899724e-17,0.16901387810872054,4.492073107092467e-09,-1.5335283289871688,-0.006888721365607711,15,22,hbo,False,S15_D22 hbo,mild_master_18,0.07469941115826917,
187,az_itd=5_az=0,7.0,3.680827452899724e-17,0.9805775156237334,4.48901218890452e-09,-0.02522762362087982,-0.00011324710993122509,15,22,hbo,False,S15_D22 hbo,mild_master_18,0.10368858710616718,
188,constant,7.0,3.680827452899724e-17,0.7721239490020109,5.322509003402084e-09,0.30104730945274727,0.0016023270150122208,15,22,hbo,False,S15_D22 hbo,mild_master_18,,
196,Linear,7.0,1.8906795547467015e-17,0.1288101641385846,3.601229207208665e-13,-1.7216336923602311,-6.199997537042163e-07,16,16,hbo,False,S16_D16 hbo,mild_master_18,,
197,ShortHbO,7.0,1.8906795547467015e-17,1.514888850867118e-11,0.007850950293999482,77.87626512950594,611402.6866140763,16,16,hbo,True,S16_D16 hbo,mild_master_18,,
198,az_itd=0_az=15,7.0,1.8906795547467015e-17,0.5719671775542576,3.213966207758799e-09,-0.5927892122027759,-0.0019052044963436816,16,16,hbo,False,S16_D16 hbo,mild_master_18,0.02370567114484651,
199,az_itd=0_az=5,7.0,1.8906795547467015e-17,0.00012668705926234604,3.2158626425212836e-09,7.596150757262512,0.02442817744724027,16,16,hbo,True,S16_D16 hbo,mild_master_18,0.03254413360630009,
200,az_itd=15_az=0,7.0,1.8906795547467015e-17,9.981360384056349e-06,3.219460120928095e-09,11.217986410158534,0.036115859884618726,16,16,hbo,True,S16_D16 hbo,mild_master_18,0.05421001649225254,
201,az_itd=5_az=0,7.0,1.8906795547467015e-17,0.0004573590428786506,3.2172663667739246e-09,6.1725010938661375,0.019858580168170784,16,16,hbo,True,S16_D16 hbo,mild_master_18,0.039342065756076086,
202,constant,7.0,1.8906795547467015e-17,0.8273178706291842,3.814631924106176e-09,0.2264554495218406,0.0008638441871338279,16,16,hbo,False,S16_D16 hbo,mild_master_18,,
210,Linear,7.0,6.117315551547694e-16,0.9666109375646229,2.0484352540413837e-12,0.04337892348005477,8.885891613890773e-08,16,18,hbo,False,S16_D18 hbo,mild_master_18,,
211,ShortHbO,7.0,6.117315551547694e-16,1.5672908634197475e-07,0.04465742787980021,-20.651253316821723,-922231.855623451,16,18,hbo,True,S16_D18 hbo,mild_master_18,,
212,az_itd=0_az=15,7.0,6.117315551547694e-16,0.011236188543208427,1.8281540292109893e-08,3.4133714936462876,0.06240168849303394,16,18,hbo,True,S16_D18 hbo,mild_master_18,0.2024159309704657,
213,az_itd=0_az=5,7.0,6.117315551547694e-16,0.40169790291703916,1.8292327508365628e-08,0.8926304240086207,0.016328288059896966,16,18,hbo,False,S16_D18 hbo,mild_master_18,0.10945974560188663,
214,az_itd=15_az=0,7.0,6.117315551547694e-16,5.0653099673960665e-05,1.831279052576928e-08,-8.764939331986522,-0.16051049795774533,16,18,hbo,True,S16_D18 hbo,mild_master_18,0.12636021330646816,
215,az_itd=5_az=0,7.0,6.117315551547694e-16,0.021987303270393478,1.8300312110512884e-08,2.9311810669472598,0.05364152837756101,16,18,hbo,True,S16_D18 hbo,mild_master_18,0.27027932809943056,
216,constant,7.0,6.117315551547694e-16,0.9808932060954665,2.16982204267623e-08,0.024817480176351655,0.0005384951553032819,16,18,hbo,False,S16_D18 hbo,mild_master_18,,
224,Linear,7.0,2.932654300664828e-17,0.41353592850633736,4.485101085463866e-13,-0.8692184898383357,-3.898532792279182e-07,16,22,hbo,False,S16_D22 hbo,mild_master_18,,
225,ShortHbO,7.0,2.932654300664828e-17,1.027848787267042e-09,0.009777857409090939,42.58280572311439,416368.6024396341,16,22,hbo,True,S16_D22 hbo,mild_master_18,,
226,az_itd=0_az=15,7.0,2.932654300664828e-17,0.022025471940716756,4.002789741405074e-09,-2.9299620124358374,-0.011728021886084737,16,22,hbo,True,S16_D22 hbo,mild_master_18,0.075731888564697,
227,az_itd=0_az=5,7.0,2.932654300664828e-17,1.3893016058023218e-05,4.005151629838809e-09,10.674285810345765,0.04275213321067161,16,22,hbo,True,S16_D22 hbo,mild_master_18,0.10040489946972983,
228,az_itd=15_az=0,7.0,2.932654300664828e-17,0.014247649178168972,4.009632059541818e-09,-3.2402741620418953,-0.012992307161828184,16,22,hbo,True,S16_D22 hbo,mild_master_18,-0.018850091097622923,
229,az_itd=5_az=0,7.0,2.932654300664828e-17,0.004277867557680923,4.006899878785754e-09,4.153214964026548,0.016641516535929154,16,22,hbo,True,S16_D22 hbo,mild_master_18,0.1049582380683493,
230,constant,7.0,2.932654300664828e-17,0.677877852438418,4.750880546344071e-09,0.4332387608107292,0.002058265600657905,16,22,hbo,False,S16_D22 hbo,mild_master_18,,
238,Linear,7.0,1.4181416628043883e-17,0.4975435379899288,3.1189011310611317e-13,-0.7153655753126038,-2.2311545019646772e-07,16,23,hbo,False,S16_D23 hbo,mild_master_18,,
239,ShortHbO,7.0,1.4181416628043883e-17,1.1540154038396414e-09,0.006799438842394379,41.88186598436409,284773.1863660411,16,23,hbo,True,S16_D23 hbo,mild_master_18,,
240,az_itd=0_az=15,7.0,1.4181416628043883e-17,0.1490439756697989,2.783505926394747e-09,-1.6210216187766227,-0.004512123282678735,16,23,hbo,False,S16_D23 hbo,mild_master_18,0.056908652934412156,
241,az_itd=0_az=5,7.0,1.4181416628043883e-17,6.477099203196957e-05,2.785148363514233e-09,8.437671664044823,0.023500167426984853,16,23,hbo,True,S16_D23 hbo,mild_master_18,0.08038594156568793,
242,az_itd=15_az=0,7.0,1.4181416628043883e-17,0.5307544285132109,2.7882640162056842e-09,-0.6593531089831923,-0.0018384505477511799,16,23,hbo,False,S16_D23 hbo,mild_master_18,0.005758487484054441,
243,az_itd=5_az=0,7.0,1.4181416628043883e-17,0.6682482449043312,2.786364080956071e-09,0.44718858602911093,0.0012460302135250485,16,23,hbo,False,S16_D23 hbo,mild_master_18,0.040091968686241215,
244,constant,7.0,1.4181416628043883e-17,0.6905906705918199,3.3037219066371087e-09,0.41496457308036344,0.0013709275505639123,16,23,hbo,False,S16_D23 hbo,mild_master_18,,
252,Linear,7.0,9.379189687553175e-18,0.025652321961823158,2.53643921734038e-13,2.8232782225475854,7.161073605132738e-07,17,15,hbo,True,S17_D15 hbo,mild_master_18,,
253,ShortHbO,7.0,9.379189687553175e-18,1.399303659746237e-13,0.005529628100102332,152.12752575859048,841208.6412337433,17,15,hbo,True,S17_D15 hbo,mild_master_18,,
254,az_itd=0_az=15,7.0,9.379189687553175e-18,9.265188818853255e-07,2.2636798336101595e-09,-15.944148765589631,-0.036092448024745566,17,15,hbo,True,S17_D15 hbo,mild_master_18,-0.05614342209241755,
255,az_itd=0_az=5,7.0,9.379189687553175e-18,1.882648026430218e-07,2.2650155418441885e-09,-20.10953445946284,-0.04554840808993461,17,15,hbo,True,S17_D15 hbo,mild_master_18,-0.05119814078688651,
256,az_itd=15_az=0,7.0,9.379189687553175e-18,2.4574758844822522e-06,2.2675493392754395e-09,-13.81567152137625,-0.03132771682994322,17,15,hbo,True,S17_D15 hbo,mild_master_18,-0.024492188723622268,
257,az_itd=5_az=0,7.0,9.379189687553175e-18,5.435052221312303e-06,2.266004221275535e-09,-12.283564786703218,-0.027834609658981005,17,15,hbo,True,S17_D15 hbo,mild_master_18,-0.058575516661503256,
258,constant,7.0,9.379189687553175e-18,0.18581217145898277,2.686744290714309e-09,1.4669997289479664,0.003941453146230387,17,15,hbo,False,S17_D15 hbo,mild_master_18,,
266,Linear,7.0,5.468893367970785e-18,0.46199920302257813,1.9368301081724555e-13,0.7780924276786537,1.5070328408690155e-07,17,16,hbo,False,S17_D16 hbo,mild_master_18,,
267,ShortHbO,7.0,5.468893367970785e-18,9.388923053644524e-13,0.004222435183171754,115.89509714869105,489359.5357577415,17,16,hbo,True,S17_D16 hbo,mild_master_18,,
268,az_itd=0_az=15,7.0,5.468893367970785e-18,4.6546135749031215e-06,1.7285504919752261e-09,-12.569777427355673,-0.02172749495607474,17,16,hbo,True,S17_D16 hbo,mild_master_18,-0.005406851385944432,
269,az_itd=0_az=5,7.0,5.468893367970785e-18,0.00214005909426405,1.7295704414799154e-09,-4.726983139279298,-0.008175650315071411,17,16,hbo,True,S17_D16 hbo,mild_master_18,0.016068291887439284,
270,az_itd=15_az=0,7.0,5.468893367970785e-18,0.0005438429547076435,1.7315052543148955e-09,-5.997074404438576,-0.01038396584180277,17,16,hbo,True,S17_D16 hbo,mild_master_18,0.00014561916220870138,
271,az_itd=5_az=0,7.0,5.468893367970785e-18,0.057867996546388745,1.730325399090124e-09,-2.2654082101242654,-0.003919893365285313,17,16,hbo,False,S17_D16 hbo,mild_master_18,0.013520275386714803,
272,constant,7.0,5.468893367970785e-18,0.29049608189336634,2.051603365710615e-09,1.1433183258212278,0.0023456357253334565,17,16,hbo,False,S17_D16 hbo,mild_master_18,,
280,Linear,7.0,1.1816879183890711e-17,0.8654153491852723,2.847037565173717e-13,-0.1758175350701338,-5.005591269609183e-08,17,17,hbo,False,S17_D17 hbo,mild_master_18,,
281,ShortHbO,7.0,1.1816879183890711e-17,3.6928436850302434e-12,0.006206755838974576,95.29131035744234,591449.8969645937,17,17,hbo,True,S17_D17 hbo,mild_master_18,,
282,az_itd=0_az=15,7.0,1.1816879183890711e-17,1.6086537029698697e-05,2.540877572683205e-09,-10.4409188490605,-0.026529096541783165,17,17,hbo,True,S17_D17 hbo,mild_master_18,0.020042510533841963,
283,az_itd=0_az=5,7.0,1.1816879183890711e-17,0.0048555044439162615,2.542376844375739e-09,4.052486779633421,0.010302948550678818,17,17,hbo,True,S17_D17 hbo,mild_master_18,0.04703104859537971,
284,az_itd=15_az=0,7.0,1.1816879183890711e-17,0.004044839557776216,2.545220916656279e-09,4.1981521231344425,0.01068522459510675,17,17,hbo,True,S17_D17 hbo,mild_master_18,0.004443829769081948,
285,az_itd=5_az=0,7.0,1.1816879183890711e-17,0.44858819900751556,2.543486592033682e-09,0.8026096263537604,0.002041426823267953,17,17,hbo,False,S17_D17 hbo,mild_master_18,0.0049867170456375665,
286,constant,7.0,1.1816879183890711e-17,0.6595099955402024,3.0157481682925544e-09,0.45993130893389483,0.0013870370024577903,17,17,hbo,False,S17_D17 hbo,mild_master_18,,
294,Linear,7.0,5.349708350646971e-18,0.0563527241723799,1.9156089301574713e-13,2.283404569260207,4.3741101840372273e-07,17,21,hbo,False,S17_D21 hbo,mild_master_18,,
295,ShortHbO,7.0,5.349708350646971e-18,4.5069437070511894e-13,0.00417617142038702,128.71153475425496,537521.4329148702,17,21,hbo,True,S17_D21 hbo,mild_master_18,,
296,az_itd=0_az=15,7.0,5.349708350646971e-18,8.091049752031532e-07,1.7096113617214595e-09,-16.263336561117956,-0.027803984964387272,17,21,hbo,True,S17_D21 hbo,mild_master_18,-0.03162396949264946,
297,az_itd=0_az=5,7.0,5.349708350646971e-18,2.971444203626701e-07,1.7106201359919793e-09,-18.820142240340555,-0.032194114278559754,17,21,hbo,True,S17_D21 hbo,mild_master_18,-0.030925118030584096,
298,az_itd=15_az=0,7.0,5.349708350646971e-18,3.1233856494656716e-06,1.7125337497515096e-09,-13.335047374571301,-0.022836718683488615,17,21,hbo,True,S17_D21 hbo,mild_master_18,-0.009076751037980254,
299,az_itd=5_az=0,7.0,5.349708350646971e-18,0.00010325015035021992,1.7113668217926097e-09,-7.8450695696997155,-0.01342579177623892,17,21,hbo,True,S17_D21 hbo,mild_master_18,-0.027505123803973776,
300,constant,7.0,5.349708350646971e-18,0.1901924316395599,2.029124656785047e-09,1.4505511498948465,0.0029433491041795357,17,21,hbo,False,S17_D21 hbo,mild_master_18,,
308,Linear,7.0,9.148080272689716e-18,0.9334385304901878,2.5049945378266627e-13,-0.08656876153313814,-2.1685427478692993e-08,17,22,hbo,False,S17_D22 hbo,mild_master_18,,
309,ShortHbO,7.0,9.148080272689716e-18,1.4045976250026413e-11,0.005461076335782867,78.72265065811602,429910.40459913894,17,22,hbo,True,S17_D22 hbo,mild_master_18,,
310,az_itd=0_az=15,7.0,9.148080272689716e-18,0.00012211347266350022,2.235616599765284e-09,-7.64041198555194,-0.01708103186394555,17,22,hbo,True,S17_D22 hbo,mild_master_18,0.008592194461281675,
311,az_itd=0_az=5,7.0,9.148080272689716e-18,0.2170659508101204,2.2369357489912923e-09,-1.3564869463407299,-0.003034374143309612,17,22,hbo,False,S17_D22 hbo,mild_master_18,0.020674253349523827,
312,az_itd=15_az=0,7.0,9.148080272689716e-18,0.6677714055160873,2.239438134493713e-09,0.4478818494789913,0.001003003693470826,17,22,hbo,False,S17_D22 hbo,mild_master_18,0.00885939846919162,
313,az_itd=5_az=0,7.0,9.148080272689716e-18,0.23340352868536982,2.237912171591232e-09,1.304219049047469,0.0029187276842844727,17,22,hbo,False,S17_D22 hbo,mild_master_18,0.011257265123819549,
314,constant,7.0,9.148080272689716e-18,0.4014574325760984,2.6534362529820237e-09,0.8931112047350784,0.0023698136485885077,17,22,hbo,False,S17_D22 hbo,mild_master_18,,
322,Linear,7.0,7.868796226787002e-18,0.33772226880623585,2.3232500181840584e-13,1.0289875841758624,2.3905954236477427e-07,17,23,hbo,False,S17_D23 hbo,mild_master_18,,
323,ShortHbO,7.0,7.868796226787002e-18,2.368588325197254e-11,0.005064859625370571,73.05415792999482,370009.0549650761,17,23,hbo,True,S17_D23 hbo,mild_master_18,,
324,az_itd=0_az=15,7.0,7.868796226787002e-18,9.085593799005165e-06,2.073416220126177e-09,-11.377103373094783,-0.023589470671826967,17,23,hbo,True,S17_D23 hbo,mild_master_18,-0.012435293753839219,
325,az_itd=0_az=5,7.0,7.868796226787002e-18,0.0005482045027365636,2.074639661302209e-09,-5.98907090340466,-0.012425164030554358,17,23,hbo,True,S17_D23 hbo,mild_master_18,0.009650123223633513,
326,az_itd=15_az=0,7.0,7.868796226787002e-18,0.001181042219540971,2.076960491577969e-09,-5.254006586400642,-0.010912364102444566,17,23,hbo,True,S17_D23 hbo,mild_master_18,0.01407588187130114,
327,az_itd=5_az=0,7.0,7.868796226787002e-18,3.441798718359497e-05,2.0755452416493152e-09,-9.301221096764257,-0.01930510518891728,17,23,hbo,True,S17_D23 hbo,mild_master_18,-0.0051097858219092745,
328,constant,7.0,7.868796226787002e-18,0.35164155073337416,2.460921862264474e-09,0.9977318553756661,0.002455340135571673,17,23,hbo,False,S17_D23 hbo,mild_master_18,,
336,Linear,7.0,9.827595835919585e-18,0.0648440189862945,2.5963631920890706e-13,2.188271563194557,5.68154774097356e-07,18,15,hbo,False,S18_D15 hbo,mild_master_18,,
337,ShortHbO,7.0,9.827595835919585e-18,4.694767237567657e-13,0.005660266868173277,127.96269521350378,724303.0040791506,18,15,hbo,True,S18_D15 hbo,mild_master_18,,
338,az_itd=0_az=15,7.0,9.827595835919585e-18,5.868654964552721e-06,2.31715980358579e-09,-12.14407658385759,-0.028139766111782243,18,15,hbo,True,S18_D15 hbo,mild_master_18,-0.055217540113504264,
339,az_itd=0_az=5,7.0,9.827595835919585e-18,2.559625652483586e-06,2.318527068241885e-09,-13.732912966917896,-0.031840130439609114,18,15,hbo,True,S18_D15 hbo,mild_master_18,-0.03702168870959728,
340,az_itd=15_az=0,7.0,9.827595835919585e-18,1.0292717023413902e-06,2.3211207272350653e-09,-15.700534791274087,-0.03644283673270156,18,15,hbo,True,S18_D15 hbo,mild_master_18,-0.023607003142423866,
341,az_itd=5_az=0,7.0,9.827595835919585e-18,0.00028368614874556703,2.3195391054579848e-09,-6.675802823623199,-0.015484785709720844,18,15,hbo,True,S18_D15 hbo,mild_master_18,-0.04503104311148144,
342,constant,7.0,9.827595835919585e-18,0.2505987905479852,2.7502192582720855e-09,1.2525307180754601,0.003444734102428494,18,15,hbo,False,S18_D15 hbo,mild_master_18,,
350,Linear,7.0,9.56930153567424e-18,0.5069429378166785,2.5620164841082105e-13,0.6992760320728778,1.7915567211124946e-07,18,16,hbo,False,S18_D16 hbo,mild_master_18,,
351,ShortHbO,7.0,9.56930153567424e-18,8.317071963692713e-12,0.005585388463716134,84.84800958797271,473909.09392193874,18,16,hbo,True,S18_D16 hbo,mild_master_18,,
352,az_itd=0_az=15,7.0,9.56930153567424e-18,1.8036796541967792e-06,2.286506614786456e-09,-14.45965700228543,-0.033062101383268934,18,16,hbo,True,S18_D16 hbo,mild_master_18,-0.025300242521237165,
353,az_itd=0_az=5,7.0,9.56930153567424e-18,0.0016503987294913193,2.2878557922042097e-09,-4.953123673050694,-0.01133203268489282,18,16,hbo,True,S18_D16 hbo,mild_master_18,0.012326137436495323,
354,az_itd=15_az=0,7.0,9.56930153567424e-18,0.06625107012991929,2.2904151402626517e-09,-2.1737310308465774,-0.004978746463909741,18,16,hbo,False,S18_D16 hbo,mild_master_18,0.03091552048887875,
355,az_itd=5_az=0,7.0,9.56930153567424e-18,0.0002298298989013834,2.288854441406324e-09,-6.907237999976587,-0.015809662374096946,18,16,hbo,True,S18_D16 hbo,mild_master_18,-0.016204465901104196,
356,constant,7.0,9.56930153567424e-18,0.333801265962377,2.7138372228022313e-09,1.037974379758575,0.0028168935081038797,18,16,hbo,False,S18_D16 hbo,mild_master_18,,
364,Linear,7.0,9.183278294477748e-18,0.11239845111420634,2.5098090016944053e-13,1.8149412584785525,4.555155908076043e-07,18,21,hbo,False,S18_D21 hbo,mild_master_18,,
365,ShortHbO,7.0,9.183278294477748e-18,8.066081835850901e-13,0.005471572228808015,118.4380407204165,648042.2944402638,18,21,hbo,True,S18_D21 hbo,mild_master_18,,
366,az_itd=0_az=15,7.0,9.183278294477748e-18,1.6548925290723847e-05,2.239913333821652e-09,-10.396336856467205,-0.023286893547702366,18,21,hbo,True,S18_D21 hbo,mild_master_18,-0.04355412349786369,
367,az_itd=0_az=5,7.0,9.183278294477748e-18,2.102023865748449e-05,2.241235018381047e-09,-10.026781156766594,-0.022472373050188513,18,21,hbo,True,S18_D21 hbo,mild_master_18,-0.019177499629089767,
368,az_itd=15_az=0,7.0,9.183278294477748e-18,2.8461564388881104e-06,2.24374221333291e-09,-13.519467747066615,-0.03033420048588614,18,21,hbo,True,S18_D21 hbo,mild_master_18,-0.008481176238085643,
369,az_itd=5_az=0,7.0,9.183278294477748e-18,2.6280761160753366e-05,2.2422133176123545e-09,-9.692207204927445,-0.021731996071946733,18,21,hbo,True,S18_D21 hbo,mild_master_18,-0.022652584634194943,
370,constant,7.0,9.183278294477748e-18,0.26133282620511056,2.658536013788857e-09,1.2217848266689069,0.003248158962800065,18,21,hbo,False,S18_D21 hbo,mild_master_18,,
378,Linear,7.0,6.148839522443329e-18,0.9220401406072074,2.0537065069414358e-13,0.10144724772892118,2.0834287277218523e-08,18,22,hbo,False,S18_D22 hbo,mild_master_18,,
379,ShortHbO,7.0,6.148839522443329e-18,1.7583912029853842e-11,0.004477234515422021,76.23380622257088,341316.62846168835,18,22,hbo,True,S18_D22 hbo,mild_master_18,,
380,az_itd=0_az=15,7.0,6.148839522443329e-18,0.0001325219633112666,1.8328584308801208e-09,-7.542230263740216,-0.013823840326535452,18,22,hbo,True,S18_D22 hbo,mild_master_18,0.007991829601080335,
381,az_itd=0_az=5,7.0,6.148839522443329e-18,0.48209216843566516,1.833939928387669e-09,-0.7422528005064024,-0.0013612470478062584,18,22,hbo,False,S18_D22 hbo,mild_master_18,0.018563730147900102,
382,az_itd=15_az=0,7.0,6.148839522443329e-18,0.3739494583997099,1.8359914958907483e-09,-0.949580308548877,-0.0017434213711610513,18,22,hbo,False,S18_D22 hbo,mild_master_18,0.015653705051949945,
383,az_itd=5_az=0,7.0,6.148839522443329e-18,0.007341578350806176,1.8347404432857013e-09,-3.731776868922261,-0.006846841946729756,18,22,hbo,True,S18_D22 hbo,mild_master_18,0.01343636395997715,
384,constant,7.0,6.148839522443329e-18,0.3837874989868163,2.1754056610564008e-09,0.9290381214201884,0.0020210347886746817,18,22,hbo,False,S18_D22 hbo,mild_master_18,,
392,Linear,7.0,2.0610049186151228e-15,0.20997413529739323,3.759943456897157e-12,-1.38025791303476,-5.189691708945571e-06,18,23,hbo,False,S18_D23 hbo,mild_master_18,,
393,ShortHbO,7.0,2.0610049186151228e-15,1.7904693987723095e-11,0.08196959285251554,-76.03696458516988,-6232719.028787519,18,23,hbo,True,S18_D23 hbo,mild_master_18,,
394,az_itd=0_az=15,7.0,2.0610049186151228e-15,5.756851595015251e-06,3.3556129083263495e-08,12.178894035630229,0.4086765403509959,18,23,hbo,True,S18_D23 hbo,mild_master_18,0.22335921316941607,
395,az_itd=0_az=5,7.0,2.0610049186151228e-15,5.142583150116199e-06,3.357592923223031e-08,12.384998904007675,0.4158378467422117,18,23,hbo,True,S18_D23 hbo,mild_master_18,-0.027621959114436424,
396,az_itd=15_az=0,7.0,2.0610049186151228e-15,7.759534459343295e-05,3.3613489505733434e-08,8.203821996974646,0.27575908460221243,18,23,hbo,True,S18_D23 hbo,mild_master_18,-0.17368982527971072,
397,az_itd=5_az=0,7.0,2.0610049186151228e-15,9.717630662734582e-06,3.3590585127524175e-08,11.263092548690686,0.3783338690559777,18,23,hbo,True,S18_D23 hbo,mild_master_18,-0.1586126682716671,
398,constant,7.0,2.0610049186151228e-15,0.17921664441886326,3.982751310248097e-08,-1.492441272036523,-0.05944022431671799,18,23,hbo,False,S18_D23 hbo,mild_master_18,,
406,Linear,7.0,1.1149277389289212e-17,0.46464687123945736,2.765445857302711e-13,-0.7733101348200244,-2.1385473087482373e-07,19,14,hbo,False,S19_D14 hbo,mild_master_18,,
407,ShortHbO,7.0,1.1149277389289212e-17,9.931866208610873e-14,0.006028879784427549,159.76512325557616,963204.7218521187,19,14,hbo,True,S19_D14 hbo,mild_master_18,,
408,az_itd=0_az=15,7.0,1.1149277389289212e-17,8.108000693381085e-06,2.468059938247212e-09,11.572486916516043,0.028561591344543256,19,14,hbo,True,S19_D14 hbo,mild_master_18,0.008970839687167644,
409,az_itd=0_az=5,7.0,1.1149277389289212e-17,0.6702024635209396,2.469516243124186e-09,-0.4443498906731776,-0.0010973292726478684,19,14,hbo,False,S19_D14 hbo,mild_master_18,-0.020850462587365004,
410,az_itd=15_az=0,7.0,1.1149277389289212e-17,0.05169814663978493,2.4722788086773414e-09,-2.341926567641589,-0.005789895424658763,19,14,hbo,False,S19_D14 hbo,mild_master_18,-0.0076248861512072524,
411,az_itd=5_az=0,7.0,1.1149277389289212e-17,0.008095422848954714,2.470594187124943e-09,3.657654317145032,0.009036579494450967,19,14,hbo,True,S19_D14 hbo,mild_master_18,-0.03435152305170578,
412,constant,7.0,1.1149277389289212e-17,0.8401884370527382,2.9293214746058365e-09,0.20928181528187165,0.0006130537157496785,19,14,hbo,False,S19_D14 hbo,mild_master_18,,
420,Linear,7.0,7.007508626888847e-18,0.10828501179209245,2.1924193193064427e-13,1.8403773680334632,4.0348788964909076e-07,19,15,hbo,False,S19_D15 hbo,mild_master_18,,
421,ShortHbO,7.0,7.007508626888847e-18,1.3102757622249299e-13,0.004779638870256924,153.56327096573767,733976.9789516362,19,15,hbo,True,S19_D15 hbo,mild_master_18,,
422,az_itd=0_az=15,7.0,7.007508626888847e-18,0.007584272879349687,1.9566545754387383e-09,-3.7070451145898455,-0.007253406784820044,19,15,hbo,True,S19_D15 hbo,mild_master_18,-0.03034834493357698,
423,az_itd=0_az=5,7.0,7.007508626888847e-18,2.2041328370121234e-06,1.957809120171063e-09,-14.039061116548282,-0.027485801892617175,19,15,hbo,True,S19_D15 hbo,mild_master_18,-0.05270636343119297,
424,az_itd=15_az=0,7.0,7.007508626888847e-18,2.9443421403798624e-06,1.9599992560124843e-09,-13.451900142776209,-0.0263657142717956,19,15,hbo,True,S19_D15 hbo,mild_master_18,-0.029960844818650613,
425,az_itd=5_az=0,7.0,7.007508626888847e-18,5.8762527131754415e-06,1.9586637039793664e-09,-12.1417379324174,-0.02378158139145544,19,15,hbo,True,S19_D15 hbo,mild_master_18,-0.049128660757594374,
426,constant,7.0,7.007508626888847e-18,0.23721654996989022,2.322338358722774e-09,1.2924804695100842,0.003001576972243289,19,15,hbo,False,S19_D15 hbo,mild_master_18,,
434,Linear,7.0,1.543537649713064e-17,0.01859587229719866,3.253871615201138e-13,3.0495166480474176,9.92273566116481e-07,19,21,hbo,True,S19_D21 hbo,mild_master_18,,
435,ShortHbO,7.0,1.543537649713064e-17,4.734732299916788e-14,0.0070936846404733,177.60462894847385,1259871.2284487486,19,21,hbo,True,S19_D21 hbo,mild_master_18,,
436,az_itd=0_az=15,7.0,1.543537649713064e-17,1.8699687406363573e-05,2.903962178999412e-09,-10.206051465243444,-0.029637987451988493,19,21,hbo,True,S19_D21 hbo,mild_master_18,-0.0498723587117385,
437,az_itd=0_az=5,7.0,1.543537649713064e-17,9.78190990262718e-08,2.9056756926050935e-09,-22.110128837617324,-0.06424486392383157,19,21,hbo,True,S19_D21 hbo,mild_master_18,-0.09820584308251386,
438,az_itd=15_az=0,7.0,1.543537649713064e-17,1.834396292091204e-07,2.908926175204421e-09,-20.185407592230263,-0.05871786050220867,19,21,hbo,True,S19_D21 hbo,mild_master_18,-0.08089665386810532,
439,az_itd=5_az=0,7.0,1.543537649713064e-17,0.0001345531853383734,2.9069440202339197e-09,-7.524085254321725,-0.02187209463778075,19,21,hbo,True,S19_D21 hbo,mild_master_18,-0.04701432864509948,
440,constant,7.0,1.543537649713064e-17,0.2933240411950392,3.446690512073808e-09,1.1360626087385182,0.00391565621466087,19,21,hbo,False,S19_D21 hbo,mild_master_18,,
476,Linear,7.0,4.9784741477569264e-17,0.5753294084403802,5.843727121704963e-13,0.5874865582701353,3.433111134200292e-07,20,12,hbo,False,S20_D12 hbo,mild_master_18,,
477,ShortHbO,7.0,4.9784741477569264e-17,9.82992064624263e-13,0.012739764265036403,115.13728612307631,1466821.8833240394,20,12,hbo,True,S20_D12 hbo,mild_master_18,,
478,az_itd=0_az=15,7.0,4.9784741477569264e-17,1.3750006303283039e-05,5.21531410967341e-09,-10.69093244199717,-0.055756570810313044,20,12,hbo,True,S20_D12 hbo,mild_master_18,-0.0756953818015035,
479,az_itd=0_az=5,7.0,4.9784741477569264e-17,1.4826703347802094e-05,5.218391460938332e-09,-10.570172641947863,-0.05515929865538469,20,12,hbo,True,S20_D12 hbo,mild_master_18,0.02136951800088726,
480,az_itd=15_az=0,7.0,4.9784741477569264e-17,0.00014755701586608377,5.2242291016232265e-09,-7.414787452142103,-0.03873654838983151,20,12,hbo,True,S20_D12 hbo,mild_master_18,-0.0036384762717230415,
481,az_itd=5_az=0,7.0,4.9784741477569264e-17,0.6726425739735522,5.22066928915047e-09,-0.4408109648686677,-0.0023013282666106403,20,12,hbo,False,S20_D12 hbo,mild_master_18,-0.06744702103643267,
482,constant,7.0,4.9784741477569264e-17,0.32837548688214496,6.190016450382856e-09,1.0505487286666257,0.006502913912375209,20,12,hbo,False,S20_D12 hbo,mild_master_18,,
490,Linear,7.0,1.4669508554231583e-18,0.22143479234507715,1.003112361163805e-13,-1.3421814728568582,-1.3463588263477566e-07,20,13,hbo,False,S20_D13 hbo,mild_master_18,,
491,ShortHbO,7.0,1.4669508554231583e-18,1.976788996847967e-13,0.0021868603284204034,144.79923480644786,316655.7021838516,20,13,hbo,True,S20_D13 hbo,mild_master_18,,
492,az_itd=0_az=15,7.0,1.4669508554231583e-18,2.2217223468614145e-05,8.952413317408717e-10,9.942884865439845,0.008901281488282528,20,13,hbo,True,S20_D13 hbo,mild_master_18,0.005130648720835934,
493,az_itd=0_az=5,7.0,1.4669508554231583e-18,0.005537734015510567,8.957695783597155e-10,-3.949192548627999,-0.003537566544145833,20,13,hbo,True,S20_D13 hbo,mild_master_18,-0.010956663176607375,
494,az_itd=15_az=0,7.0,1.4669508554231583e-18,0.13304379027349045,8.967716459458799e-10,-1.6994056669572948,-0.001523978817087049,20,13,hbo,False,S20_D13 hbo,mild_master_18,0.007763738181089013,
495,az_itd=5_az=0,7.0,1.4669508554231583e-18,2.558575798388471e-06,8.961605818389362e-10,13.733744289210781,0.012307640273046299,20,13,hbo,True,S20_D13 hbo,mild_master_18,0.008096495158909568,
496,constant,7.0,1.4669508554231583e-18,0.7499166264991004,1.062555093327959e-09,0.331574408509522,0.000352316076578998,20,13,hbo,False,S20_D13 hbo,mild_master_18,,
504,Linear,7.0,1.3818288107327522e-17,0.2682929102085506,3.0787109865294905e-13,1.2024159916527073,3.7018913238799417e-07,20,20,hbo,False,S20_D20 hbo,mild_master_18,,
505,ShortHbO,7.0,1.3818288107327522e-17,1.9291766026601484e-13,0.006711821307138649,145.30458973519887,975258.4414097476,20,20,hbo,True,S20_D20 hbo,mild_master_18,,
506,az_itd=0_az=15,7.0,1.3818288107327522e-17,0.0028012916006431633,2.74763768280973e-09,-4.499117215730686,-0.012361944001319625,20,20,hbo,True,S20_D20 hbo,mild_master_18,-0.0014781386817378736,
507,az_itd=0_az=5,7.0,1.3818288107327522e-17,2.231035665914757e-06,2.7492589554926275e-09,-14.013985325475183,-0.03852807465820491,20,20,hbo,True,S20_D20 hbo,mild_master_18,-0.012985010492316245,
508,az_itd=15_az=0,7.0,1.3818288107327522e-17,8.09458293262394e-06,2.7523344598989232e-09,-11.57535199294345,-0.03185924017563794,20,20,hbo,True,S20_D20 hbo,mild_master_18,-0.010306228502497402,
509,az_itd=5_az=0,7.0,1.3818288107327522e-17,0.005916735021832326,2.7504590072055295e-09,3.8976537019797335,0.010720336731578134,20,20,hbo,True,S20_D20 hbo,mild_master_18,-0.0006717442768781838,
510,constant,7.0,1.3818288107327522e-17,0.5972039384545542,3.2611501625065342e-09,0.5534138384905203,0.0018047656293267251,20,20,hbo,False,S20_D20 hbo,mild_master_18,,
518,Linear,7.0,1.2098419337611014e-17,0.7448668088250031,2.8807536211494386e-13,-0.3385637546627344,-9.753187622346222e-08,21,11,hbo,False,S21_D11 hbo,mild_master_18,,
519,ShortHbO,7.0,1.2098419337611014e-17,3.952000938719923e-12,0.006280259374668786,94.37182881728248,592679.5626343762,21,11,hbo,True,S21_D11 hbo,mild_master_18,,
520,az_itd=0_az=15,7.0,1.2098419337611014e-17,0.876657662508467,2.570967927484272e-09,-0.16097861575359976,-0.0004138708581133194,21,11,hbo,False,S21_D11 hbo,mild_master_18,0.010764350686434318,
521,az_itd=0_az=5,7.0,1.2098419337611014e-17,0.0651755522895318,2.5724849543089924e-09,2.184817115844418,0.005620409158426532,21,11,hbo,False,S21_D11 hbo,mild_master_18,0.04447549863464924,
522,az_itd=15_az=0,7.0,1.2098419337611014e-17,0.004895393648621764,2.5753627075291106e-09,-4.046021591780743,-0.010419973121329695,21,11,hbo,True,S21_D11 hbo,mild_master_18,0.01621065045392666,
523,az_itd=5_az=0,7.0,1.2098419337611014e-17,0.00044365984427245653,2.5736078441588793e-09,6.20368304537747,0.0159658473482589,21,11,hbo,True,S21_D11 hbo,mild_master_18,-0.011802105277887456,
524,constant,7.0,1.2098419337611014e-17,0.6966476777247748,3.0514621803922254e-09,0.4063123204515078,0.0012398466792851825,21,11,hbo,False,S21_D11 hbo,mild_master_18,,
532,Linear,7.0,1.2081836617980915e-17,0.611693127176757,2.878778689186187e-13,-0.5312284813228216,-1.5292892311208813e-07,21,12,hbo,False,S21_D12 hbo,mild_master_18,,
533,ShortHbO,7.0,1.2081836617980915e-17,3.4789849979758637e-13,0.006275953874578294,133.56253445690595,838232.3056233159,21,12,hbo,True,S21_D12 hbo,mild_master_18,,
534,az_itd=0_az=15,7.0,1.2081836617980915e-17,0.013404384976286684,2.5692053724711648e-09,3.2844621328505688,0.008438457757397782,21,12,hbo,True,S21_D12 hbo,mild_master_18,0.02887633830474118,
535,az_itd=0_az=5,7.0,1.2081836617980915e-17,0.4350168955251271,2.5707213592816526e-09,0.8279448862383691,0.0021284156033609934,21,12,hbo,False,S21_D12 hbo,mild_master_18,0.043526438732840976,
536,az_itd=15_az=0,7.0,1.2081836617980915e-17,0.014196622814958666,2.5735971396267653e-09,-3.2428674189139786,-0.008345834313505846,21,12,hbo,True,S21_D12 hbo,mild_master_18,0.031080068583134522,
537,az_itd=5_az=0,7.0,1.2081836617980915e-17,0.00024318805190411794,2.5718434793221957e-09,6.844535918688906,0.017603075071466617,21,12,hbo,True,S21_D12 hbo,mild_master_18,-0.009623419924771729,
538,constant,7.0,1.2081836617980915e-17,0.7036509223648804,3.049370217320317e-09,0.3963505039944668,0.0012086194225006243,21,12,hbo,False,S21_D12 hbo,mild_master_18,,
546,Linear,7.0,7.574207569819746e-18,0.12245180345522173,2.279346766192032e-13,-1.7563568452839553,-4.003346295577223e-07,21,19,hbo,False,S21_D19 hbo,mild_master_18,,
547,ShortHbO,7.0,7.574207569819746e-18,5.450859337371869e-10,0.00496914723682158,46.634759342352176,231734.9855258887,21,19,hbo,True,S21_D19 hbo,mild_master_18,,
548,az_itd=0_az=15,7.0,7.574207569819746e-18,2.842463450631333e-05,2.0342341630578177e-09,9.577087783162522,0.01948203915111286,21,19,hbo,True,S21_D19 hbo,mild_master_18,0.02472189302462758,
549,az_itd=0_az=5,7.0,7.574207569819746e-18,1.0425738176111965e-06,2.0354344844465565e-09,15.671034507016872,0.031897364042534085,21,19,hbo,True,S21_D19 hbo,mild_master_18,0.04660047151419794,
550,az_itd=15_az=0,7.0,7.574207569819746e-18,0.06325607862191891,2.037711457197027e-09,2.205067622336509,0.004493291557929311,21,19,hbo,False,S21_D19 hbo,mild_master_18,0.011000006674654022,
551,az_itd=5_az=0,7.0,7.574207569819746e-18,0.008044158791224804,2.0363229517314155e-09,3.662452957623245,0.00745793701724482,21,19,hbo,True,S21_D19 hbo,mild_master_18,0.01549096387349841,
552,constant,7.0,7.574207569819746e-18,0.9194844233055466,2.414416978241646e-09,0.10478665013512305,0.0002529986671793083,21,19,hbo,False,S21_D19 hbo,mild_master_18,,
560,Linear,7.0,7.636456492632513e-17,0.7564306234530446,7.237486067670287e-13,-0.32258530497836324,-2.3347066504160744e-07,22,10,hbo,False,S22_D10 hbo,mild_master_18,,
561,ShortHbO,7.0,7.636456492632513e-17,2.2170452622336704e-09,0.01577826350432041,38.13810076543539,601753.0034313634,22,10,hbo,True,S22_D10 hbo,mild_master_18,,
562,az_itd=0_az=15,7.0,7.636456492632513e-17,0.003714322315784746,6.4591933232284274e-09,4.267013710388731,0.027561466468267046,22,10,hbo,True,S22_D10 hbo,mild_master_18,-0.06036094373604791,
563,az_itd=0_az=5,7.0,7.636456492632513e-17,0.02775313541331662,6.463004638582711e-09,2.7685215903980347,0.017892967880758885,22,10,hbo,True,S22_D10 hbo,mild_master_18,0.016399797738845586,
564,az_itd=15_az=0,7.0,7.636456492632513e-17,6.671135704158047e-06,6.470234586567118e-09,-11.914406566615698,-0.07708900544573927,22,10,hbo,True,S22_D10 hbo,mild_master_18,0.008545073741346897,
565,az_itd=5_az=0,7.0,7.636456492632513e-17,0.02145240574042857,6.465825740527849e-09,2.948504296990582,0.019064514979538674,22,10,hbo,True,S22_D10 hbo,mild_master_18,0.005755105998943243,
566,constant,7.0,7.636456492632513e-17,0.8810835894226952,7.666367180612796e-09,0.155148018641613,0.0011894216782511642,22,10,hbo,False,S22_D10 hbo,mild_master_18,,
574,Linear,7.0,2.1564201392665992e-17,0.6038400587342656,3.845992999427443e-13,-0.5432164675621189,-2.089206731417614e-07,22,11,hbo,False,S22_D11 hbo,mild_master_18,,
575,ShortHbO,7.0,2.1564201392665992e-17,1.2414071806461227e-12,0.008384553754349596,111.35977747688483,933702.0403273503,22,11,hbo,True,S22_D11 hbo,mild_master_18,,
576,az_itd=0_az=15,7.0,2.1564201392665992e-17,0.004227063131436922,3.432408998209173e-09,4.162779397749729,0.01428836146239593,22,11,hbo,True,S22_D11 hbo,mild_master_18,0.02955996681849503,
577,az_itd=0_az=5,7.0,2.1564201392665992e-17,0.6868298126861618,3.4344343274511403e-09,0.42035429072446123,0.001443679205755466,22,11,hbo,False,S22_D11 hbo,mild_master_18,0.048930130327055586,
578,az_itd=15_az=0,7.0,2.1564201392665992e-17,0.00580129790956495,3.4382763147205127e-09,-3.912960861254075,-0.013453840649678266,22,11,hbo,True,S22_D11 hbo,mild_master_18,0.023569242495209284,
579,az_itd=5_az=0,7.0,2.1564201392665992e-17,0.004642312484289196,3.4359334582584703e-09,4.08805613684336,0.014046288859818967,22,11,hbo,True,S22_D11 hbo,mild_master_18,0.00208147207718941,
580,constant,7.0,2.1564201392665992e-17,0.6619834749578946,4.0739000022929415e-09,0.45631598900227405,0.00185898570864267,22,11,hbo,False,S22_D11 hbo,mild_master_18,,
588,Linear,7.0,1.421650488040369e-17,0.854121974297908,3.12275720493544e-13,0.19076834211583943,5.957232148158265e-08,22,12,hbo,False,S22_D12 hbo,mild_master_18,,
589,ShortHbO,7.0,1.421650488040369e-17,6.758880399213751e-13,0.006807845373213518,121.46905526306536,826942.5458612767,22,12,hbo,True,S22_D12 hbo,mild_master_18,,
590,az_itd=0_az=15,7.0,1.421650488040369e-17,0.16144762060670048,2.7869473322074734e-09,-1.5654934746638525,-0.004362947862802631,22,12,hbo,False,S22_D12 hbo,mild_master_18,-0.0026204343515798378,
591,az_itd=0_az=5,7.0,1.421650488040369e-17,0.0017504612889185018,2.788591799964867e-09,-4.901333532348099,-0.013667818497198746,22,12,hbo,True,S22_D12 hbo,mild_master_18,0.03710200117482129,
592,az_itd=15_az=0,7.0,1.421650488040369e-17,4.199097518167253e-05,2.791711304713963e-09,-9.021798081482064,-0.025186255692920222,22,12,hbo,True,S22_D12 hbo,mild_master_18,0.008647953976373246,
593,az_itd=5_az=0,7.0,1.421650488040369e-17,0.00018139775012408074,2.78980902046694e-09,7.1747589347860075,0.020016207195941774,22,12,hbo,True,S22_D12 hbo,mild_master_18,0.0092587828560541,
594,constant,7.0,1.421650488040369e-17,0.6769964959597357,3.3078064848897798e-09,0.4345115911323046,0.0014372802589072138,22,12,hbo,False,S22_D12 hbo,mild_master_18,,
602,Linear,7.0,1.4755460445010047e-17,0.17662119380029598,3.1813993128446533e-13,-1.5026867501377512,-4.780646594309006e-07,22,19,hbo,False,S22_D19 hbo,mild_master_18,,
603,ShortHbO,7.0,1.4755460445010047e-17,1.9455333746243984e-10,0.006935689575245702,54.04880532099887,374865.73561933637,22,19,hbo,True,S22_D19 hbo,mild_master_18,,
604,az_itd=0_az=15,7.0,1.4755460445010047e-17,2.138578807207668e-05,2.839283282608709e-09,10.000596765233542,0.02839452721163833,22,19,hbo,True,S22_D19 hbo,mild_master_18,0.03803425966363712,
605,az_itd=0_az=5,7.0,1.4755460445010047e-17,5.062289300239021e-07,2.8409586317473165e-09,17.415735671797393,0.04947738458502245,22,19,hbo,True,S22_D19 hbo,mild_master_18,0.08272454518914626,
606,az_itd=15_az=0,7.0,1.4755460445010047e-17,0.7370047256740044,2.844136717526609e-09,0.34948278959494017,0.0009939768340305958,22,19,hbo,False,S22_D19 hbo,mild_master_18,0.030415639219298112,
607,az_itd=5_az=0,7.0,1.4755460445010047e-17,0.20811001904463747,2.8421987103748685e-09,1.3866239880920384,0.003941060910730048,22,19,hbo,False,S22_D19 hbo,mild_master_18,0.02500857784249337,
608,constant,7.0,1.4755460445010047e-17,0.9935798976961443,3.3699236243597086e-09,0.00833809076644979,2.8098729055914697e-05,22,19,hbo,False,S22_D19 hbo,mild_master_18,,
658,Linear,7.0,6.738590263328339e-16,0.61513850204383,2.1499399256094144e-12,-0.5259954514010746,-1.1308586216561168e-06,23,9,hbo,False,S23_D9 hbo,mild_master_18,,
659,ShortHbO,7.0,6.738590263328339e-16,0.2706671113499946,0.04687030599789989,1.195905719949039,56052.467038650226,23,9,hbo,False,S23_D9 hbo,mild_master_18,,
660,az_itd=0_az=15,7.0,6.738590263328339e-16,0.0010778390732124467,1.9187432601592105e-08,5.338205043113707,0.10242644947822332,23,9,hbo,True,S23_D9 hbo,mild_master_18,0.20267560452832042,
661,az_itd=0_az=5,7.0,6.738590263328339e-16,0.33049528953030094,1.9198754349188783e-08,1.0456165874603134,0.020074536006087627,23,9,hbo,False,S23_D9 hbo,mild_master_18,0.14078213633935652,
662,az_itd=15_az=0,7.0,6.738590263328339e-16,0.017710356093644075,1.9220231356103087e-08,-3.084210047273773,-0.059279230659419556,23,9,hbo,True,S23_D9 hbo,mild_master_18,0.03872528208872761,
663,az_itd=5_az=0,7.0,6.738590263328339e-16,0.00700922571135205,1.9207134606711017e-08,-3.767125893616483,-0.07235569411911831,23,9,hbo,True,S23_D9 hbo,mild_master_18,-0.004912989645377849,
664,constant,7.0,6.738590263328339e-16,0.6709712565838958,2.277341708415431e-08,0.44323423414417945,0.010093958080141107,23,9,hbo,False,S23_D9 hbo,mild_master_18,,
616,Linear,7.0,1.5606181713640452e-17,0.7522299085481006,3.2718254745686737e-13,-0.3283787426340397,-1.0743979354568813e-07,23,10,hbo,False,S23_D10 hbo,mild_master_18,,
617,ShortHbO,7.0,1.5606181713640452e-17,4.484458676396833e-06,0.007132825403076754,12.639451679419881,90155.00201992728,23,10,hbo,True,S23_D10 hbo,mild_master_18,,
618,az_itd=0_az=15,7.0,1.5606181713640452e-17,0.6605715192130371,2.9199853460865297e-09,0.45837893650545736,0.0013384597775506631,23,10,hbo,False,S23_D10 hbo,mild_master_18,0.03343633895240839,
619,az_itd=0_az=5,7.0,1.5606181713640452e-17,0.002606128657232309,2.9217083143314655e-09,4.559607509886444,0.013321843171723415,23,10,hbo,True,S23_D10 hbo,mild_master_18,0.03935137470149237,
620,az_itd=15_az=0,7.0,1.5606181713640452e-17,0.0034789874243707376,2.9249767320906168e-09,4.3202818130067815,0.012636723779119102,23,10,hbo,True,S23_D10 hbo,mild_master_18,0.019545465884704384,
621,az_itd=5_az=0,7.0,1.5606181713640452e-17,0.7871892946188479,2.9229836402007177e-09,-0.28051850429658515,-0.000819950998832493,23,10,hbo,False,S23_D10 hbo,mild_master_18,0.04634501713335574,
622,constant,7.0,1.5606181713640452e-17,0.9598098565530107,3.4657082866067985e-09,0.052223263625960505,0.00018099059750214272,23,10,hbo,False,S23_D10 hbo,mild_master_18,,
630,Linear,7.0,9.164581284343061e-18,0.5714996224482494,2.5072527340799406e-13,0.5935280397564596,1.488124800432491e-07,23,11,hbo,False,S23_D11 hbo,mild_master_18,,
631,ShortHbO,7.0,9.164581284343061e-18,3.8717864490092426e-11,0.005465999373312134,68.09542700978238,372209.56136089267,23,11,hbo,True,S23_D11 hbo,mild_master_18,,
632,az_itd=0_az=15,7.0,9.164581284343061e-18,8.753309231715715e-05,2.2376319578641228e-09,-8.050851261987454,-0.01801484207183383,23,11,hbo,True,S23_D11 hbo,mild_master_18,-0.04259107857151559,
633,az_itd=0_az=5,7.0,9.164581284343061e-18,0.006942254359221637,2.2389522962734987e-09,-3.774469449893448,-0.008450857042053105,23,11,hbo,True,S23_D11 hbo,mild_master_18,0.01189664851552842,
634,az_itd=15_az=0,7.0,9.164581284343061e-18,0.12925260912038128,2.2414569376201855e-09,-1.7192785461963458,-0.003853688825073346,23,11,hbo,False,S23_D11 hbo,mild_master_18,-0.020865302498967918,
635,az_itd=5_az=0,7.0,9.164581284343061e-18,0.8067240892128897,2.239929599096458e-09,0.2540954451083327,0.0005691559084937437,23,11,hbo,False,S23_D11 hbo,mild_master_18,-0.0025789996316988176,
636,constant,7.0,9.164581284343061e-18,0.6434478601779916,2.655828266103934e-09,0.4835741779724926,0.0012842899706173203,23,11,hbo,False,S23_D11 hbo,mild_master_18,,
644,Linear,7.0,2.7761316889444256e-17,0.13477784816428665,4.363769791964894e-13,-1.6904939958647263,-7.376926632652519e-07,23,19,hbo,False,S23_D19 hbo,mild_master_18,,
645,ShortHbO,7.0,2.7761316889444256e-17,9.215038927997806e-06,0.009513346071556433,-11.353033906520684,-108005.34051484555,23,19,hbo,True,S23_D19 hbo,mild_master_18,,
646,az_itd=0_az=15,7.0,2.7761316889444256e-17,0.007042356569127934,3.89450597083341e-09,3.763521178659568,0.01465705570164768,23,19,hbo,True,S23_D19 hbo,mild_master_18,0.07754724693217364,
647,az_itd=0_az=5,7.0,2.7761316889444256e-17,2.8890787161724473e-07,3.896803965282749e-09,18.89719693433927,0.07363867194646227,23,19,hbo,True,S23_D19 hbo,mild_master_18,0.09281456830746707,
648,az_itd=15_az=0,7.0,2.7761316889444256e-17,4.806908392061302e-05,3.9011631900628506e-09,8.836014304337764,0.03447073375095129,23,19,hbo,True,S23_D19 hbo,mild_master_18,0.04393437842611645,
649,az_itd=5_az=0,7.0,2.7761316889444256e-17,0.03489449976048914,3.898504920467068e-09,2.610370989192296,0.010176544145610656,23,19,hbo,True,S23_D19 hbo,mild_master_18,0.06397952861783002,
650,constant,7.0,2.7761316889444256e-17,0.8906711684324181,4.6223593667846555e-09,-0.14253786603462082,-0.0006588612401866259,23,19,hbo,False,S23_D19 hbo,mild_master_18,,
700,Linear,7.0,2.1996028370397744e-17,0.22793966359835308,3.88431046951042e-13,1.3213334397098,5.132469313578991e-07,24,9,hbo,False,S24_D9 hbo,mild_master_18,,
701,ShortHbO,7.0,2.1996028370397744e-17,0.004611772919638435,0.008468088718581,4.093297518233825,34662.406535951464,24,9,hbo,True,S24_D9 hbo,mild_master_18,,
702,az_itd=0_az=15,7.0,2.1996028370397744e-17,2.0409469018797084e-05,3.4666059478970685e-09,-10.071704496459008,-0.034914630712886446,24,9,hbo,True,S24_D9 hbo,mild_master_18,0.03494798298722657,
703,az_itd=0_az=5,7.0,2.1996028370397744e-17,0.09619993951127259,3.46865145541098e-09,1.920916398283722,0.00666298946062965,24,9,hbo,False,S24_D9 hbo,mild_master_18,0.05129666053588286,
704,az_itd=15_az=0,7.0,2.1996028370397744e-17,2.3550599828654638e-05,3.472531720241512e-09,-9.855263373490878,-0.034222714675781446,24,9,hbo,True,S24_D9 hbo,mild_master_18,-0.006800048608243274,
705,az_itd=5_az=0,7.0,2.1996028370397744e-17,8.499054863199732e-05,3.4701655219968906e-09,-8.08804756139291,-0.02806686378781671,24,9,hbo,True,S24_D9 hbo,mild_master_18,0.050499144025036004,
706,constant,7.0,2.1996028370397744e-17,0.7506568971885867,4.114488100472564e-09,0.33055135431002575,0.0013600496139036912,24,9,hbo,False,S24_D9 hbo,mild_master_18,,
672,Linear,7.0,3.2042348098408456e-17,0.8704982575787008,4.688176643589201e-13,-0.16910328331040392,-7.927860631700832e-08,24,10,hbo,False,S24_D10 hbo,mild_master_18,,
673,ShortHbO,7.0,3.2042348098408456e-17,9.838527728408044e-08,0.010220577386363363,-22.091675371423428,-225789.67772805074,24,10,hbo,True,S24_D10 hbo,mild_master_18,,
674,az_itd=0_az=15,7.0,3.2042348098408456e-17,0.01874811611535053,4.184027297773356e-09,3.043729207270015,0.012735046090247802,24,10,hbo,True,S24_D10 hbo,mild_master_18,0.07852385021901886,
675,az_itd=0_az=5,7.0,3.2042348098408456e-17,3.8133557268649794e-05,4.186496127344597e-09,9.15626612043004,0.0383326726541169,24,10,hbo,True,S24_D10 hbo,mild_master_18,0.06531126128308233,
676,az_itd=15_az=0,7.0,3.2042348098408456e-17,0.242756307964563,4.191179421095761e-09,1.2757133764476956,0.005346743650584172,24,10,hbo,False,S24_D10 hbo,mild_master_18,0.041715715589144595,
677,az_itd=5_az=0,7.0,3.2042348098408456e-17,0.0011746795064886215,4.188323533176499e-09,-5.258956622756696,-0.022026211783046278,24,10,hbo,True,S24_D10 hbo,mild_master_18,0.04326309848424239,
678,constant,7.0,3.2042348098408456e-17,0.856139570353446,4.965990016599374e-09,-0.18809388377539715,-0.0009340723490120252,24,10,hbo,False,S24_D10 hbo,mild_master_18,,
686,Linear,7.0,8.378465864298948e-17,0.20775858636456318,7.580957328698137e-13,-1.3878298142180008,-1.0521078601081727e-06,24,19,hbo,False,S24_D19 hbo,mild_master_18,,
687,ShortHbO,7.0,8.378465864298948e-17,1.31327329943192e-09,0.01652705666426401,-41.11275190687506,-679472.7803887523,24,19,hbo,True,S24_D19 hbo,mild_master_18,,
688,az_itd=0_az=15,7.0,8.378465864298948e-17,4.2820269149450774e-05,6.765728942808015e-09,8.99471557522693,0.06085580749963889,24,19,hbo,True,S24_D19 hbo,mild_master_18,0.19522004879687366,
689,az_itd=0_az=5,7.0,8.378465864298948e-17,4.6760530470119574e-07,6.7697211327475726e-09,17.618356936368368,0.11927136327642272,24,19,hbo,True,S24_D19 hbo,mild_master_18,0.18056307480231465,
690,az_itd=15_az=0,7.0,8.378465864298948e-17,9.813830214715112e-05,6.777294194256225e-09,7.907877201194985,0.05359401024454994,24,19,hbo,True,S24_D19 hbo,mild_master_18,0.11502977315066805,
691,az_itd=5_az=0,7.0,8.378465864298948e-17,0.09822436778964563,6.772676116462363e-09,-1.906761580850421,-0.012913878618413668,24,19,hbo,False,S24_D19 hbo,mild_master_18,0.07810366614846583,
692,constant,7.0,8.378465864298948e-17,0.6326456855582159,8.03019196430253e-09,-0.4996435363336021,-0.004012233510481791,24,19,hbo,False,S24_D19 hbo,mild_master_18,,
455,Linear,7.0,3.711868095221475e-17,0.2150704325092287,5.045893351891243e-13,-1.3631055667793883,-6.878085317338061e-07,1,7,hbr,False,S1_D7 hbr,mild_master_18,,
456,ShortHbO,7.0,3.711868095221475e-17,4.0240155086817176e-05,0.011000426691870152,-9.081019040115141,-99895.08423826366,1,7,hbr,True,S1_D7 hbr,mild_master_18,,
457,az_itd=0_az=15,7.0,3.711868095221475e-17,5.371609164883893e-07,4.503276461401185e-09,17.26578017398846,0.07775258144524949,1,7,hbr,True,S1_D7 hbr,mild_master_18,,0.0980099526155409
458,az_itd=0_az=5,7.0,3.711868095221475e-17,9.194187156691066e-05,4.505933667318865e-09,7.9891576790174055,0.03599861455940357,1,7,hbr,True,S1_D7 hbr,mild_master_18,,-0.0011432937040833054
459,az_itd=15_az=0,7.0,3.711868095221475e-17,0.04853284548432104,4.5109743052044425e-09,2.38487765282747,0.010758121812961,1,7,hbr,True,S1_D7 hbr,mild_master_18,,-0.013673541951300956
460,az_itd=5_az=0,7.0,3.711868095221475e-17,0.004645305085732088,4.507900507657745e-09,-4.087544560999443,-0.01842624420160304,1,7,hbr,True,S1_D7 hbr,mild_master_18,,-0.017084962839962067
461,constant,7.0,3.711868095221475e-17,0.9601393825001792,5.344904408536349e-09,-0.051794636464781406,-0.0002768373807791476,1,7,hbr,False,S1_D7 hbr,mild_master_18,,
469,Linear,7.0,1.569610338884805e-18,0.6853941930016647,1.0376185450675147e-13,0.42241527556364433,4.383059236446419e-08,1,8,hbr,False,S1_D8 hbr,mild_master_18,,
470,ShortHbO,7.0,1.569610338884805e-18,1.1516542163313215e-07,0.0022620864023735273,-21.593900271042834,-48847.268177336024,1,8,hbr,True,S1_D8 hbr,mild_master_18,,
471,az_itd=0_az=15,7.0,1.569610338884805e-18,0.913043856360511,9.260368470063925e-10,-0.11320816665343283,-0.00010483493370311915,1,8,hbr,False,S1_D8 hbr,mild_master_18,,-0.003121112741029445
472,az_itd=0_az=5,7.0,1.569610338884805e-18,0.00098733988279011,9.265832648448144e-10,-5.419785240910583,-0.005021882303280668,1,8,hbr,True,S1_D8 hbr,mild_master_18,,-0.0034641820007431513
473,az_itd=15_az=0,7.0,1.569610338884805e-18,0.0004569382646779595,9.276198026755405e-10,-6.173443203087008,-0.005726608165876227,1,8,hbr,True,S1_D8 hbr,mild_master_18,,-0.010083928397727936
474,az_itd=5_az=0,7.0,1.569610338884805e-18,0.00010655346505966963,9.269877185001901e-10,-7.80632187103159,-0.007236364501105709,1,8,hbr,True,S1_D8 hbr,mild_master_18,,-0.010043069031463112
475,constant,7.0,1.569610338884805e-18,0.55883032942706,1.0991060549925724e-09,0.6136847035798494,0.0006745045735609345,1,8,hbr,False,S1_D8 hbr,mild_master_18,,
721,Linear,7.0,3.058390714586154e-17,0.6629271761380748,4.5802405047286e-13,-0.4549383892405955,-2.0837272375557608e-07,2,6,hbr,False,S2_D6 hbr,mild_master_18,,
722,ShortHbO,7.0,3.058390714586154e-17,3.306720591378266e-05,0.009985268492548846,-9.35837091500399,-93445.84623917485,2,6,hbr,True,S2_D6 hbr,mild_master_18,,
723,az_itd=0_az=15,7.0,3.058390714586154e-17,0.024703896172748513,4.087698215969975e-09,2.849562890428416,0.01164815314349848,2,6,hbr,True,S2_D6 hbr,mild_master_18,,0.00789126219258615
724,az_itd=0_az=5,7.0,3.058390714586154e-17,0.000159057733399317,4.0901102055474e-09,7.326811741138515,0.029967467476555154,2,6,hbr,True,S2_D6 hbr,mild_master_18,,0.012205679722926865
725,az_itd=15_az=0,7.0,3.058390714586154e-17,2.0802515788167346e-05,4.094685675578794e-09,10.04262330848174,0.0411213858064739,2,6,hbr,True,S2_D6 hbr,mild_master_18,,0.0881931626566324
726,az_itd=5_az=0,7.0,3.058390714586154e-17,0.44526707903954676,4.091895538918169e-09,0.8087593986914835,0.0033093589755638225,2,6,hbr,False,S2_D6 hbr,mild_master_18,,0.023887326141095573
727,constant,7.0,3.058390714586154e-17,0.445371524963622,4.851657765756183e-09,-0.8085655078364027,-0.003922883125217075,2,6,hbr,False,S2_D6 hbr,mild_master_18,,
735,Linear,7.0,1.3038704504224014e-17,0.17514939469170573,2.99060476766775e-13,-1.5085577505967145,-4.5115000012366714e-07,2,8,hbr,False,S2_D8 hbr,mild_master_18,,
736,ShortHbO,7.0,1.3038704504224014e-17,9.600136460529526e-08,0.0065197431290845735,-22.170208457172098,-144544.0642590205,2,8,hbr,True,S2_D8 hbr,mild_master_18,,
737,az_itd=0_az=15,7.0,1.3038704504224014e-17,1.7652230940897349e-06,2.6690060840355656e-09,14.505565124675268,0.03871544157013241,2,8,hbr,True,S2_D8 hbr,mild_master_18,,0.052497707414337444
738,az_itd=0_az=5,7.0,1.3038704504224014e-17,0.0028316762253803823,2.6705809593117363e-09,4.490119025738154,0.011991226375179678,2,8,hbr,True,S2_D8 hbr,mild_master_18,,-0.001395646520237421
739,az_itd=15_az=0,7.0,1.3038704504224014e-17,1.5824418305445496e-06,2.673568449264738e-09,14.74053070882539,0.03940981782853355,2,8,hbr,True,S2_D8 hbr,mild_master_18,,0.03229649231992936
740,az_itd=5_az=0,7.0,1.3038704504224014e-17,2.030417673518759e-05,2.671746668074188e-09,-10.079602957993501,-0.026930145618529865,2,8,hbr,True,S2_D8 hbr,mild_master_18,,-0.018796797030619605
741,constant,7.0,1.3038704504224014e-17,0.8725359833731808,3.1678229189893715e-09,0.1664140096811532,0.0005271701139088762,2,8,hbr,False,S2_D8 hbr,mild_master_18,,
749,Linear,7.0,5.841307274273453e-18,0.10542456074647605,2.001690029693198e-13,-1.8586217744679092,-3.720384674923093e-07,3,5,hbr,False,S3_D5 hbr,mild_master_18,,
750,ShortHbO,7.0,5.841307274273453e-18,1.9682564107971795e-06,0.004363834686128343,-14.275052435964183,-62293.9689663614,3,5,hbr,True,S3_D5 hbr,mild_master_18,,
751,az_itd=0_az=15,7.0,5.841307274273453e-18,5.531063917029756e-07,1.7864356150849352e-09,17.19227499146187,0.030712892349081533,3,5,hbr,True,S3_D5 hbr,mild_master_18,,0.017883844156162582
752,az_itd=0_az=5,7.0,5.841307274273453e-18,0.0005270143274673979,1.787489720318901e-09,6.028642901082933,0.01077613721315926,3,5,hbr,True,S3_D5 hbr,mild_master_18,,0.012311483028272804
753,az_itd=15_az=0,7.0,5.841307274273453e-18,6.531275906657985e-06,1.7894893255216292e-09,11.952097721716148,0.021388151290602432,3,5,hbr,True,S3_D5 hbr,mild_master_18,,0.013746947604094499
754,az_itd=5_az=0,7.0,5.841307274273453e-18,0.0003881170977214668,1.7882699596980903e-09,6.342197818536125,0.011341561837350913,3,5,hbr,True,S3_D5 hbr,mild_master_18,,0.02157800420649105
755,constant,7.0,5.841307274273453e-18,0.3647141391773415,2.1203067758497936e-09,-0.9692401904939779,-0.002055086543330326,3,5,hbr,False,S3_D5 hbr,mild_master_18,,
763,Linear,7.0,1.2324653996477515e-18,0.4772538524601022,9.194522240896025e-14,-0.7507894327550477,-6.903150137695996e-08,3,6,hbr,False,S3_D6 hbr,mild_master_18,,
764,ShortHbO,7.0,1.2324653996477515e-18,2.0698348624568846e-09,0.0020044749427737493,38.51587825833488,77204.1128677565,3,6,hbr,True,S3_D6 hbr,mild_master_18,,
765,az_itd=0_az=15,7.0,1.2324653996477515e-18,3.481887099989526e-05,8.205776994025771e-10,9.284747932907074,0.007618857098317719,3,6,hbr,True,S3_D6 hbr,mild_master_18,,0.004671073631628796
766,az_itd=0_az=5,7.0,1.2324653996477515e-18,0.0009625147500454117,8.210618899552688e-10,5.4436269354163445,0.004469554619804352,3,6,hbr,True,S3_D6 hbr,mild_master_18,,0.013000056907052738
767,az_itd=15_az=0,7.0,1.2324653996477515e-18,0.00020764047201751918,8.219803845391835e-10,7.02104261762022,0.005771159310697465,3,6,hbr,True,S3_D6 hbr,mild_master_18,,-0.0015806146885978289
768,az_itd=5_az=0,7.0,1.2324653996477515e-18,0.021644128631217854,8.214202835236414e-10,2.9422431432364013,0.002416818196912734,3,6,hbr,True,S3_D6 hbr,mild_master_18,,0.006904933804882435
769,constant,7.0,1.2324653996477515e-18,0.5011116808836229,9.73937398841994e-10,-0.7092347228965686,-0.0006907502211863064,3,6,hbr,False,S3_D6 hbr,mild_master_18,,
777,Linear,7.0,4.493768348468937e-16,0.16734499429982697,1.7556871896185773e-12,1.5404640653069581,2.7045730255271817e-06,4,2,hbr,False,S4_D2 hbr,mild_master_18,,
778,ShortHbO,7.0,4.493768348468937e-16,9.985904523458223e-05,0.03827530008341516,7.8863306463686405,301851.6720467932,4,2,hbr,True,S4_D2 hbr,mild_master_18,,
779,az_itd=0_az=15,7.0,4.493768348468937e-16,2.976752013912247e-06,1.566887019447126e-08,-13.4301581422591,-0.21043540462227914,4,2,hbr,True,S4_D2 hbr,mild_master_18,,-0.2234229809741567
780,az_itd=0_az=5,7.0,4.493768348468937e-16,0.0030718584692404874,1.5678115777095597e-08,-4.422532635950167,-0.06933697869441048,4,2,hbr,True,S4_D2 hbr,mild_master_18,,-0.07763422785212873
781,az_itd=15_az=0,7.0,4.493768348468937e-16,0.021640454633341286,1.5695654362923806e-08,2.9423625739635964,0.04618230597133544,4,2,hbr,True,S4_D2 hbr,mild_master_18,,-0.051716310847609574
782,az_itd=5_az=0,7.0,4.493768348468937e-16,0.0003404571734851917,1.5684959275652104e-08,-6.4800862274379485,-0.10163988858007829,4,2,hbr,True,S4_D2 hbr,mild_master_18,,-0.029511346708065087
783,constant,7.0,4.493768348468937e-16,0.8681915514541874,1.8597262259389475e-08,0.17214922362868396,0.003201504259572923,4,2,hbr,False,S4_D2 hbr,mild_master_18,,
791,Linear,7.0,1.7123304123062142e-18,0.22731556078741608,1.083766156533058e-13,1.323310975580247,1.4341596499026155e-07,4,3,hbr,False,S4_D3 hbr,mild_master_18,,
792,ShortHbO,7.0,1.7123304123062142e-18,0.0009249441160002433,0.002362691663232112,5.481044762267505,12950.018765611467,4,3,hbr,True,S4_D3 hbr,mild_master_18,,
793,az_itd=0_az=15,7.0,1.7123304123062142e-18,0.02119657605578408,9.672219133504478e-10,-2.9569518415758536,-0.0028600286178941275,4,3,hbr,True,S4_D3 hbr,mild_master_18,,-0.007710608212896081
794,az_itd=0_az=5,7.0,1.7123304123062142e-18,7.1320096879229e-06,9.677926328729763e-10,-11.79628218197839,-0.011416354991009443,4,3,hbr,True,S4_D3 hbr,mild_master_18,,-0.004897469261569759
795,az_itd=15_az=0,7.0,1.7123304123062142e-18,0.00137545875117049,9.688752702508906e-10,-5.115593733553747,-0.00495637226109065,4,3,hbr,True,S4_D3 hbr,mild_master_18,,-0.004956849940177807
796,az_itd=5_az=0,7.0,1.7123304123062142e-18,4.125804866971964e-05,9.682150744201769e-10,-9.046242469869975,-0.008758708326188122,4,3,hbr,True,S4_D3 hbr,mild_master_18,,-0.004188136804769687
797,constant,7.0,1.7123304123062142e-18,0.5722432292642481,1.1479882954135192e-09,0.5923531623720539,0.0006800144971543018,4,3,hbr,False,S4_D3 hbr,mild_master_18,,
805,Linear,7.0,1.850074632879188e-17,0.21033052894285187,3.562348666822405e-13,-1.3790465116295378,-4.912644502189572e-07,5,1,hbr,False,S5_D1 hbr,mild_master_18,,
806,ShortHbO,7.0,1.850074632879188e-17,2.8093583178570678e-08,0.007766187794193765,-26.474018878552645,-205602.20227787088,5,1,hbr,True,S5_D1 hbr,mild_master_18,,
807,az_itd=0_az=15,7.0,1.850074632879188e-17,1.1338286982092523e-05,3.1792667382857913e-09,11.005508299062312,0.03498944647313704,5,1,hbr,True,S5_D1 hbr,mild_master_18,,0.06777861524890598
808,az_itd=0_az=5,7.0,1.850074632879188e-17,0.00014309074620772055,3.1811426982592163e-09,7.45105839040228,0.023702879992931282,5,1,hbr,True,S5_D1 hbr,mild_master_18,,0.0075474026083271195
809,az_itd=15_az=0,7.0,1.850074632879188e-17,0.9482623539019339,3.184701336621022e-09,-0.06725111891542024,-0.0002141747282991981,5,1,hbr,False,S5_D1 hbr,mild_master_18,,0.003303996909206867
810,az_itd=5_az=0,7.0,1.850074632879188e-17,0.8687912962448224,3.1825312672539285e-09,-0.17135710397986387,-0.0005453493412819994,5,1,hbr,False,S5_D1 hbr,mild_master_18,,-0.006049707043304221
811,constant,7.0,1.850074632879188e-17,0.9856298646879604,3.7734473890349166e-09,-0.018664166137664702,-7.042824898068478e-05,5,1,hbr,False,S5_D1 hbr,mild_master_18,,
819,Linear,7.0,4.7718511417458677e-17,0.053986302134455766,5.721175148547847e-13,2.31251626201201,1.3230310568835874e-06,5,3,hbr,False,S5_D3 hbr,mild_master_18,,
820,ShortHbO,7.0,4.7718511417458677e-17,3.439746419302633e-06,0.012472591754116486,-13.146102949408622,-163965.97524556043,5,3,hbr,True,S5_D3 hbr,mild_master_18,,
821,az_itd=0_az=15,7.0,4.7718511417458677e-17,4.023833840362397e-07,5.105940926863302e-09,-18.008093814749635,-0.09194826322352405,5,3,hbr,True,S5_D3 hbr,mild_master_18,,-0.10634624060787494
822,az_itd=0_az=5,7.0,4.7718511417458677e-17,0.5205292498944187,5.108953741324612e-09,0.6763550626143507,0.00345546672760743,5,3,hbr,False,S5_D3 hbr,mild_master_18,,-0.014744609543412132
823,az_itd=15_az=0,7.0,4.7718511417458677e-17,8.716674756586141e-05,5.114668957678319e-09,-8.056134922896613,-0.041204463209007516,5,3,hbr,True,S5_D3 hbr,mild_master_18,,-0.02881172555485235
824,az_itd=5_az=0,7.0,4.7718511417458677e-17,9.194663196059013e-07,5.11118379996502e-09,-15.961987393846208,-0.08158465138267261,5,3,hbr,True,S5_D3 hbr,mild_master_18,,-0.020657439948989595
825,constant,7.0,4.7718511417458677e-17,0.816872886156606,6.06020225576521e-09,-0.2404482021257077,-0.0014571647369169029,5,3,hbr,False,S5_D3 hbr,mild_master_18,,
833,Linear,7.0,1.4589790229213165e-16,0.07715331586213268,1.0003830477281008e-12,-2.0705567175125874,-2.0713498395591345e-06,6,2,hbr,False,S6_D2 hbr,mild_master_18,,
834,ShortHbO,7.0,1.4589790229213165e-16,6.343788237574063e-06,0.021809102200303104,-12.00408911687144,-261798.40637139545,6,2,hbr,True,S6_D2 hbr,mild_master_18,,
835,az_itd=0_az=15,7.0,1.4589790229213165e-16,3.5167791936481824e-06,8.928055186759391e-09,13.103082601477292,0.11698504458265607,6,2,hbr,True,S6_D2 hbr,mild_master_18,,0.13201182811903475
836,az_itd=0_az=5,7.0,1.4589790229213165e-16,0.046583040250293806,8.933323280175146e-09,2.412785485647179,0.021554192749000636,6,2,hbr,True,S6_D2 hbr,mild_master_18,,0.045221763318468035
837,az_itd=15_az=0,7.0,1.4589790229213165e-16,0.9008938574102074,8.943316691329143e-09,0.12912071640108067,0.0011547674581861612,6,2,hbr,False,S6_D2 hbr,mild_master_18,,0.006252818501858329
838,az_itd=5_az=0,7.0,1.4589790229213165e-16,0.0015901312418655227,8.937222676368023e-09,4.986026342561158,0.04456122769370589,6,2,hbr,True,S6_D2 hbr,mild_master_18,,0.028335249106045735
839,constant,7.0,1.4589790229213165e-16,0.47106132645226506,1.059664045420792e-08,0.7618006033687499,0.008072527091697297,6,2,hbr,False,S6_D2 hbr,mild_master_18,,
861,Linear,7.0,5.580792624795995e-17,0.6808492718371495,6.187137138530791e-13,0.42895325517981875,2.653992615816732e-07,7,7,hbr,False,S7_D7 hbr,mild_master_18,,
862,ShortHbO,7.0,5.580792624795995e-17,2.372528167443415e-06,0.013488423908017267,-13.887532949051286,-187320.9314533609,7,7,hbr,True,S7_D7 hbr,mild_master_18,,
863,az_itd=0_az=15,7.0,5.580792624795995e-17,0.008053026150469964,5.5217950710281535e-09,-3.6616205486905455,-0.020218718297734858,7,7,hbr,True,S7_D7 hbr,mild_master_18,,0.03620127474725756
864,az_itd=0_az=5,7.0,5.580792624795995e-17,0.002444297766230181,5.525053264626684e-09,4.613687541463757,0.025490869412931792,7,7,hbr,True,S7_D7 hbr,mild_master_18,,0.022450480806368654
865,az_itd=15_az=0,7.0,5.580792624795995e-17,0.0004023004576016237,5.531233957655412e-09,-6.3048063503997405,-0.03487335898177253,7,7,hbr,True,S7_D7 hbr,mild_master_18,,0.035532633373203504
866,az_itd=5_az=0,7.0,5.580792624795995e-17,0.0006941733094970751,5.527464950736079e-09,5.755930504129671,0.03181570412044941,7,7,hbr,True,S7_D7 hbr,mild_master_18,,0.022043811137421473
867,constant,7.0,5.580792624795995e-17,0.8874011580568121,6.553776360643336e-09,-0.146835761899421,-0.0009623287452334786,7,7,hbr,False,S7_D7 hbr,mild_master_18,,
847,Linear,7.0,1.895643138587847e-17,0.06972196590602764,3.605953245890941e-13,2.1391480755036083,7.713667946303598e-07,7,17,hbr,False,S7_D17 hbr,mild_master_18,,
848,ShortHbO,7.0,1.895643138587847e-17,3.166115542621771e-06,0.007861249053325116,-13.30828488766055,-104619.74197450244,7,17,hbr,True,S7_D17 hbr,mild_master_18,,
849,az_itd=0_az=15,7.0,1.895643138587847e-17,0.00021223682939246896,3.2181822406229636e-09,-6.996378719308738,-0.022515621743151814,7,17,hbr,True,S7_D17 hbr,mild_master_18,,-0.02349528634515199
850,az_itd=0_az=5,7.0,1.895643138587847e-17,2.4464458915134794e-05,3.220081163100243e-09,-9.798398080637808,-0.03155163708801938,7,17,hbr,True,S7_D17 hbr,mild_master_18,,0.009396870157998456
851,az_itd=15_az=0,7.0,1.895643138587847e-17,1.6613944798094684e-06,3.2236833606254923e-09,-14.635431622040832,-0.047179997395545195,7,17,hbr,True,S7_D17 hbr,mild_master_18,,0.024867905929100802
852,az_itd=5_az=0,7.0,1.895643138587847e-17,2.5948826167935136e-06,3.221486728737391e-09,-13.705218082538124,-0.04415117816734828,7,17,hbr,True,S7_D17 hbr,mild_master_18,,-0.022038165449632562
853,constant,7.0,1.895643138587847e-17,0.5684647165363151,3.8196359012848714e-09,0.5983323860521194,0.0022854118626661145,7,17,hbr,False,S7_D17 hbr,mild_master_18,,
903,Linear,7.0,1.5387860333121193e-17,0.7865328709457426,3.248859406084534e-13,-0.2814101332571233,-9.142619583999071e-08,8,6,hbr,False,S8_D6 hbr,mild_master_18,,
904,ShortHbO,7.0,1.5387860333121193e-17,0.20641591332187584,0.0070827576479456315,1.392453491581621,9862.410616908322,8,6,hbr,False,S8_D6 hbr,mild_master_18,,
905,az_itd=0_az=15,7.0,1.5387860333121193e-17,0.04347837291982067,2.8994889644940034e-09,2.459795175647438,0.007132148966705335,8,6,hbr,True,S8_D6 hbr,mild_master_18,,-0.02114388309877644
906,az_itd=0_az=5,7.0,1.5387860333121193e-17,0.1750070917354251,2.9011998386321423e-09,-1.5091277799386962,-0.004378281271633429,8,6,hbr,False,S8_D6 hbr,mild_master_18,,-0.0026463784916975763
907,az_itd=15_az=0,7.0,1.5387860333121193e-17,0.0654619695081819,2.9044453142427366e-09,2.18184695802011,0.006337055173616277,8,6,hbr,False,S8_D6 hbr,mild_master_18,,0.0046297280985458265
908,az_itd=5_az=0,7.0,1.5387860333121193e-17,4.433906775130517e-05,2.9024662125504184e-09,8.946621721354596,0.025967267262701377,8,6,hbr,True,S8_D6 hbr,mild_master_18,,0.020111421715049604
909,constant,7.0,1.5387860333121193e-17,0.9572001119993335,3.441381287971043e-09,-0.055618253963102444,-0.00019140361845824207,8,6,hbr,False,S8_D6 hbr,mild_master_18,,
875,Linear,7.0,1.2407079128119988e-17,0.7085915314274704,2.917269663458188e-13,-0.3893491161279635,-1.1358363649743672e-07,8,16,hbr,False,S8_D16 hbr,mild_master_18,,
876,ShortHbO,7.0,1.2407079128119988e-17,0.2779520539236959,0.006359867090980125,1.1762240962942263,7480.628921639487,8,16,hbr,False,S8_D16 hbr,mild_master_18,,
877,az_itd=0_az=15,7.0,1.2407079128119988e-17,0.5209689445359198,2.603557168343056e-09,-0.6756196603946205,-0.0017590144098939152,8,16,hbr,False,S8_D16 hbr,mild_master_18,,0.00018093183763933347
878,az_itd=0_az=5,7.0,1.2407079128119988e-17,0.3352834296787459,2.6050934247941172e-09,1.0345675753861545,0.0026951451881436633,8,16,hbr,False,S8_D16 hbr,mild_master_18,,0.004156643033950508
879,az_itd=15_az=0,7.0,1.2407079128119988e-17,0.00017472372614495526,2.6080076560238676e-09,-7.217871368992679,-0.01882426379052838,8,16,hbr,True,S8_D16 hbr,mild_master_18,,-0.007561021752174459
880,az_itd=5_az=0,7.0,1.2407079128119988e-17,1.868749691335899e-05,2.606230548243492e-09,10.20705876170331,0.02660194835246756,8,16,hbr,True,S8_D16 hbr,mild_master_18,,0.010967453491152503
881,constant,7.0,1.2407079128119988e-17,0.857987886757402,3.0901421012520633e-09,0.18564515942464196,0.0005736699230317374,8,16,hbr,False,S8_D16 hbr,mild_master_18,,
889,Linear,7.0,1.791105043190518e-17,0.5049238267270871,3.505115458356349e-13,-0.7027158694678685,-2.463100256904148e-07,8,18,hbr,False,S8_D18 hbr,mild_master_18,,
890,ShortHbO,7.0,1.791105043190518e-17,0.0032288580921754936,0.0076414150988225096,4.381427476932954,33480.306076631285,8,18,hbr,True,S8_D18 hbr,mild_master_18,,
891,az_itd=0_az=15,7.0,1.791105043190518e-17,0.02851900168947215,3.1281881794416856e-09,2.749634532057418,0.008601374240966686,8,18,hbr,True,S8_D18 hbr,mild_master_18,,0.019557524489038643
892,az_itd=0_az=5,7.0,1.791105043190518e-17,3.0278592270921716e-05,3.130033999971088e-09,-9.4852042649047,-0.029689011845822483,8,18,hbr,True,S8_D18 hbr,mild_master_18,,-0.038646364057132065
893,az_itd=15_az=0,7.0,1.791105043190518e-17,0.6929276481838136,3.133535464734724e-09,-0.411622201841975,-0.0012898327675440234,8,18,hbr,False,S8_D18 hbr,mild_master_18,,-0.011952872380924375
894,az_itd=5_az=0,7.0,1.791105043190518e-17,0.04955458988427073,3.131400260015673e-09,2.370708023691486,0.0074236357218087625,8,18,hbr,True,S8_D18 hbr,mild_master_18,,-0.006590253580521486
895,constant,7.0,1.791105043190518e-17,0.4306842469782892,3.712822637992518e-09,0.8361504030954102,0.0031044781453792086,8,18,hbr,False,S8_D18 hbr,mild_master_18,,
959,Linear,7.0,1.027895467936318e-18,0.16323700339331595,8.396847686526462e-14,-1.5578112323904938,-1.3080703642743057e-07,9,5,hbr,False,S9_D5 hbr,mild_master_18,,
960,ShortHbO,7.0,1.027895467936318e-18,0.04006281525966812,0.0018305758956204097,-2.5156792075990566,-4605.141718544286,9,5,hbr,True,S9_D5 hbr,mild_master_18,,
961,az_itd=0_az=15,7.0,1.027895467936318e-18,1.4388875076192613e-06,7.493881439751965e-10,14.947872774192055,0.011201758634629154,9,5,hbr,True,S9_D5 hbr,mild_master_18,,0.01045777855080575
962,az_itd=0_az=5,7.0,1.027895467936318e-18,0.0030007188118420175,7.498303283775705e-10,4.441926582344831,0.003330691267868684,9,5,hbr,True,S9_D5 hbr,mild_master_18,,0.005995437645581583
963,az_itd=15_az=0,7.0,1.027895467936318e-18,8.440574493945092e-06,7.506691385865153e-10,11.503146236050112,0.008635056876050453,9,5,hbr,True,S9_D5 hbr,mild_master_18,,0.005958763143956587
964,az_itd=5_az=0,7.0,1.027895467936318e-18,0.36758518946929014,7.501576293646813e-10,0.9630881261579631,0.0007224679055879308,9,5,hbr,False,S9_D5 hbr,mild_master_18,,0.00336379942340696
965,constant,7.0,1.027895467936318e-18,0.6431514667464541,8.894430596853974e-10,-0.48401323697466875,-0.0004305022144229827,9,5,hbr,False,S9_D5 hbr,mild_master_18,,
973,Linear,7.0,1.3670016296160253e-18,0.13814435532371896,9.683365305919973e-14,-1.6734976684874627,-1.620508926256946e-07,9,6,hbr,False,S9_D6 hbr,mild_master_18,,
974,ShortHbO,7.0,1.3670016296160253e-18,1.2571850637395287e-06,0.002111046404467634,15.246944066269752,32187.006450217887,9,6,hbr,True,S9_D6 hbr,mild_master_18,,
975,az_itd=0_az=15,7.0,1.3670016296160253e-18,6.9902624149031455e-06,8.642051666223599e-10,11.8316665273744,0.01022498734270979,9,6,hbr,True,S9_D6 hbr,mild_master_18,,0.008179192892174452
976,az_itd=0_az=5,7.0,1.3670016296160253e-18,0.04106816600216925,8.647151000236338e-10,2.4987350056438786,0.0021606938903379015,9,6,hbr,True,S9_D6 hbr,mild_master_18,,0.007230241641400463
977,az_itd=15_az=0,7.0,1.3670016296160253e-18,1.9440677233315685e-05,8.656824279994144e-10,10.146184425834702,0.00878337356868643,9,6,hbr,True,S9_D6 hbr,mild_master_18,,0.003752981022836682
978,az_itd=5_az=0,7.0,1.3670016296160253e-18,0.0003235493683252997,8.650925482210407e-10,6.5342949883536114,0.005652769902302801,9,6,hbr,True,S9_D6 hbr,mild_master_18,,0.004940861092501393
979,constant,7.0,1.3670016296160253e-18,0.7214726943217531,1.0257185061923824e-09,-0.3711939427903901,-0.0003807404965066196,9,6,hbr,False,S9_D6 hbr,mild_master_18,,
987,Linear,7.0,4.711720014908416e-18,0.2547108579194537,1.7977592728517695e-13,-1.2406223439985524,-2.2303403230304954e-07,9,7,hbr,False,S9_D7 hbr,mild_master_18,,
988,ShortHbO,7.0,4.711720014908416e-18,0.5633388474839616,0.003919250311389048,-0.6064811003926319,-2376.9512415653953,9,7,hbr,False,S9_D7 hbr,mild_master_18,,
989,az_itd=0_az=15,7.0,4.711720014908416e-18,1.3932227276364193e-05,1.604434824938325e-09,10.669755504776223,0.017118927305440367,9,7,hbr,True,S9_D7 hbr,mild_master_18,,0.016748026152558083
990,az_itd=0_az=5,7.0,4.711720014908416e-18,0.0003348407886487273,1.6053815386806193e-09,6.497751374779424,0.010431370100007503,9,7,hbr,True,S9_D7 hbr,mild_master_18,,0.01989949376207315
991,az_itd=15_az=0,7.0,4.711720014908416e-18,0.007251672072782647,1.6071774255271947e-09,3.7411650000297727,0.006012715933220297,9,7,hbr,True,S9_D7 hbr,mild_master_18,,-0.004791560571290531
992,az_itd=5_az=0,7.0,4.711720014908416e-18,4.496148931387524e-05,1.6060822878266778e-09,8.927448390582606,0.014338216735601504,9,7,hbr,True,S9_D7 hbr,mild_master_18,,0.014938641432029953
993,constant,7.0,4.711720014908416e-18,0.5946615498885837,1.904291429257229e-09,-0.5573372881475538,-0.0010613326210248532,9,7,hbr,False,S9_D7 hbr,mild_master_18,,
917,Linear,7.0,5.91334092379272e-19,0.3301418974218912,6.368809503149784e-14,-1.0464370775612046,-6.664558404020088e-08,9,15,hbr,False,S9_D15 hbr,mild_master_18,,
918,ShortHbO,7.0,5.91334092379272e-19,0.827208227047255,0.0013884483315055845,0.22660206860764592,314.625264074,9,15,hbr,False,S9_D15 hbr,mild_master_18,,
919,az_itd=0_az=15,7.0,5.91334092379272e-19,8.808158712774078e-06,5.683931054930621e-10,11.430029392861133,0.006496749902485319,9,15,hbr,True,S9_D15 hbr,mild_master_18,,0.005587129584780209
920,az_itd=0_az=5,7.0,5.91334092379272e-19,0.011085801849975856,5.687284918581743e-10,3.4232867088334693,0.0019469206871129921,9,15,hbr,True,S9_D15 hbr,mild_master_18,,0.0045639822751856966
921,az_itd=15_az=0,7.0,5.91334092379272e-19,0.0002366388863391508,5.69364709475726e-10,6.874779573200441,0.003914256874404925,9,15,hbr,True,S9_D15 hbr,mild_master_18,,-0.004727534930293658
922,az_itd=5_az=0,7.0,5.91334092379272e-19,0.0365767548097232,5.689767418818642e-10,2.5780380836574666,0.0014668437092867901,9,15,hbr,True,S9_D15 hbr,mild_master_18,,0.005053523982637359
923,constant,7.0,5.91334092379272e-19,0.6505020704862108,6.746214320553316e-10,-0.47315462002011477,-0.00031920024734156607,9,15,hbr,False,S9_D15 hbr,mild_master_18,,
931,Linear,7.0,4.968628572617e-19,0.8558891596174099,5.837945899730334e-14,0.18842573635174154,1.1000192549383183e-08,9,16,hbr,False,S9_D16 hbr,mild_master_18,,
932,ShortHbO,7.0,4.968628572617e-19,2.7812273158614665e-09,0.0012727160766689077,36.91738472407613,46985.34904690283,9,16,hbr,True,S9_D16 hbr,mild_master_18,,
933,az_itd=0_az=15,7.0,4.968628572617e-19,0.09256385127215465,5.210154579136221e-10,1.9470870195160632,0.0010144624350708312,9,16,hbr,False,S9_D16 hbr,mild_master_18,,-0.005774269485573912
934,az_itd=0_az=5,7.0,4.968628572617e-19,0.07737557716497366,5.213228885965564e-10,-2.0686081510294723,-0.001078412776669066,9,16,hbr,False,S9_D16 hbr,mild_master_18,,-0.0024854936257606005
935,az_itd=15_az=0,7.0,4.968628572617e-19,0.3125947377200487,5.21906075144982e-10,-1.0880871531465723,-0.0005678792955144046,9,16,hbr,False,S9_D16 hbr,mild_master_18,,-0.0029031938870267937
936,az_itd=5_az=0,7.0,4.968628572617e-19,0.028050658931226338,5.21550446071339e-10,-2.7611202140657953,-0.0014400634793026066,9,16,hbr,True,S9_D16 hbr,mild_master_18,,0.0021706940281812906
937,constant,7.0,4.968628572617e-19,0.9086318821931723,6.18389264302824e-10,0.11898239798665793,7.35774375559552e-05,9,16,hbr,False,S9_D16 hbr,mild_master_18,,
945,Linear,7.0,1.1306035997914652e-18,0.7524288820279851,8.806371082008362e-14,-0.3281040489477894,-2.8894060085436683e-08,9,17,hbr,False,S9_D17 hbr,mild_master_18,,
946,ShortHbO,7.0,1.1306035997914652e-18,4.918032935167719e-09,0.0019198550732890361,34.01657663105834,65306.89722106263,9,17,hbr,True,S9_D17 hbr,mild_master_18,,
947,az_itd=0_az=15,7.0,1.1306035997914652e-18,2.1424111843097777e-06,7.859366189162197e-10,14.0979322678383,0.011080081220294706,9,17,hbr,True,S9_D17 hbr,mild_master_18,,0.006018890427949917
948,az_itd=0_az=5,7.0,1.1306035997914652e-18,0.09483722220203487,7.86400369132891e-10,1.9306093068496666,0.0015182318715579724,9,17,hbr,False,S9_D17 hbr,mild_master_18,,0.004440119094218652
949,az_itd=15_az=0,7.0,1.1306035997914652e-18,0.2872704700470095,7.872800890281556e-10,-1.1516657065511975,-0.0009066834799843004,9,17,hbr,False,S9_D17 hbr,mild_master_18,,0.0011176700416771
950,az_itd=5_az=0,7.0,1.1306035997914652e-18,0.06367829836732203,7.867436329451701e-10,-2.2005606149462524,-0.0017312770527188723,9,17,hbr,False,S9_D17 hbr,mild_master_18,,-0.0008620439736422504
951,constant,7.0,1.1306035997914652e-18,0.8270875568513115,9.32822165212659e-10,-0.22676343924131726,-0.00021152996238415478,9,17,hbr,False,S9_D17 hbr,mild_master_18,,
49,Linear,7.0,1.4169515043258472e-16,0.4169122163170361,9.858691870534853e-13,-0.8626307879721943,-8.504411136654546e-07,12,2,hbr,False,S12_D2 hbr,mild_master_18,,
50,ShortHbO,7.0,1.4169515043258472e-16,0.10391215087466088,0.021492689130836858,-1.868462853852123,-40158.29127035994,12,2,hbr,False,S12_D2 hbr,mild_master_18,,
51,az_itd=0_az=15,7.0,1.4169515043258472e-16,0.24723008693673115,8.79852425421292e-09,1.2624114028589828,0.011107357346849717,12,2,hbr,False,S12_D2 hbr,mild_master_18,,-0.060300376196517375
52,az_itd=0_az=5,7.0,1.4169515043258472e-16,0.00039468916459669786,8.803715916531575e-09,6.3246846216509995,0.055680726670671386,12,2,hbr,True,S12_D2 hbr,mild_master_18,,0.07149835885785683
53,az_itd=15_az=0,7.0,1.4169515043258472e-16,0.4060637991771951,8.813564340245529e-09,-0.8839380606421928,-0.007790644970261821,12,2,hbr,False,S12_D2 hbr,mild_master_18,,0.0066168320087968855
54,az_itd=5_az=0,7.0,1.4169515043258472e-16,0.06574667536813196,8.807558739101792e-09,-2.1789074665407298,-0.01919085549862495,12,2,hbr,False,S12_D2 hbr,mild_master_18,,-0.08128605468067811
55,constant,7.0,1.4169515043258472e-16,0.4402345402959149,1.044290118051606e-08,0.8181396551844483,0.008543751570952678,12,2,hbr,False,S12_D2 hbr,mild_master_18,,
63,Linear,7.0,2.14018516885256e-18,0.10359449667154781,1.2116229052058195e-13,1.8705474368359816,2.266398119744511e-07,12,3,hbr,False,S12_D3 hbr,mild_master_18,,
64,ShortHbO,7.0,2.14018516885256e-18,0.013746219442990851,0.002641428983415151,-3.2662001617934564,-8627.43577299649,12,3,hbr,True,S12_D3 hbr,mild_master_18,,
65,az_itd=0_az=15,7.0,2.14018516885256e-18,0.6020754169219681,1.0813294155459764e-09,0.5459220141007585,0.0005903215324412555,12,3,hbr,False,S12_D3 hbr,mild_master_18,,0.0041447679969486475
66,az_itd=0_az=5,7.0,2.14018516885256e-18,1.5730902097913187e-06,1.081967465407356e-09,-14.753373696402557,-0.01596267034450423,12,3,hbr,True,S12_D3 hbr,mild_master_18,,-0.006291551020483871
67,az_itd=15_az=0,7.0,2.14018516885256e-18,2.7358476231594334e-06,1.0831778263668724e-09,-13.598616295713116,-0.014729719640787665,12,3,hbr,True,S12_D3 hbr,mild_master_18,,-0.01963615318427545
68,az_itd=5_az=0,7.0,2.14018516885256e-18,9.102791545441481e-05,1.0824397442763845e-09,-8.001668530230749,-0.008661324037647364,12,3,hbr,True,S12_D3 hbr,mild_master_18,,0.003122953789750132
69,constant,7.0,2.14018516885256e-18,0.7208210666604614,1.283421617520105e-09,0.37210903074250273,0.0004775727741293813,12,3,hbr,False,S12_D3 hbr,mild_master_18,,
77,Linear,7.0,3.567931020403088e-18,0.8229346472301752,1.564407987007047e-13,-0.23232118817942252,-3.634451223388557e-08,12,4,hbr,False,S12_D4 hbr,mild_master_18,,
78,ShortHbO,7.0,3.567931020403088e-18,2.1955917918342e-08,0.003410526972552252,-27.43117881220884,-93554.77522794208,12,4,hbr,True,S12_D4 hbr,mild_master_18,,
79,az_itd=0_az=15,7.0,3.567931020403088e-18,0.00428356497388935,1.3961772817248181e-09,4.152150141797197,0.005797137698287729,12,4,hbr,True,S12_D4 hbr,mild_master_18,,0.026151759905072645
80,az_itd=0_az=5,7.0,3.567931020403088e-18,0.45195320910730297,1.3970011109005145e-09,-0.7964108132291986,-0.0011125867908143728,12,4,hbr,False,S12_D4 hbr,mild_master_18,,0.012419169603987115
81,az_itd=15_az=0,7.0,3.567931020403088e-18,0.15414142877172557,1.3985638895043967e-09,1.5977005594594746,0.0022344863087009935,12,4,hbr,False,S12_D4 hbr,mild_master_18,,0.0018470365490092413
82,az_itd=5_az=0,7.0,3.567931020403088e-18,0.2375028676599735,1.3976109019762927e-09,1.2916056345407685,0.0018051621158881852,12,4,hbr,False,S12_D4 hbr,mild_master_18,,0.028538406768412593
83,constant,7.0,3.567931020403088e-18,0.7900355874223515,1.6571121431588401e-09,-0.27665525018210435,-0.0004584487745454121,12,4,hbr,False,S12_D4 hbr,mild_master_18,,
7,Linear,7.0,2.7883040304113132e-18,0.09677797630894085,1.382967146031433e-13,1.9168453255235542,2.650934109223003e-07,12,10,hbr,False,S12_D10 hbr,mild_master_18,,
8,ShortHbO,7.0,2.7883040304113132e-18,5.377618213194284e-07,0.003014972304454595,-17.262965258796445,-52047.362148033135,12,10,hbr,True,S12_D10 hbr,mild_master_18,,
9,az_itd=0_az=15,7.0,2.7883040304113132e-18,0.0012332542117240012,1.2342479242610755e-09,-5.214474714640015,-0.006435954592656302,12,10,hbr,True,S12_D10 hbr,mild_master_18,,-0.002964966216792011
10,az_itd=0_az=5,7.0,2.7883040304113132e-18,0.0001835183711411665,1.2349762053062973e-09,-7.16143322352347,-0.00884419962694146,12,10,hbr,True,S12_D10 hbr,mild_master_18,,-0.0014992107120345318
11,az_itd=15_az=0,7.0,2.7883040304113132e-18,2.0653628670089885e-06,1.2363577320458944e-09,-14.174191791416963,-0.017524371616819807,12,10,hbr,True,S12_D10 hbr,mild_master_18,,-0.01671826049252925
12,az_itd=5_az=0,7.0,2.7883040304113132e-18,6.224152027705944e-06,1.2355152725002443e-09,-12.038186366127881,-0.014873363108555216,12,10,hbr,True,S12_D10 hbr,mild_master_18,,-0.004340930443328469
13,constant,7.0,2.7883040304113132e-18,0.7234570532544294,1.4649194265895098e-09,0.36840942593619525,0.0005396901249926216,12,10,hbr,False,S12_D10 hbr,mild_master_18,,
21,Linear,7.0,7.869360454585103e-19,0.5506945305342713,7.347025024561913e-14,-0.626772184965226,-4.6049109276388633e-08,12,11,hbr,False,S12_D11 hbr,mild_master_18,,
22,ShortHbO,7.0,7.869360454585103e-19,1.66768013338236e-05,0.0016017066661889847,10.384256625742928,16632.53306086958,12,11,hbr,True,S12_D11 hbr,mild_master_18,,
23,az_itd=0_az=15,7.0,7.869360454585103e-19,0.04874209041136387,6.556952861882096e-10,2.38195114719321,0.001561834139145186,12,11,hbr,True,S12_D11 hbr,mild_master_18,,0.005456525367982819
24,az_itd=0_az=5,7.0,7.869360454585103e-19,0.18537047440806179,6.560821861286392e-10,-1.4686777573657313,-0.0009635733137710162,12,11,hbr,False,S12_D11 hbr,mild_master_18,,0.002958605092751724
25,az_itd=15_az=0,7.0,7.869360454585103e-19,0.0004241175535016432,6.568161234139211e-10,6.250084315732651,0.00410515615126967,12,11,hbr,True,S12_D11 hbr,mild_master_18,,0.008111733383100924
26,az_itd=5_az=0,7.0,7.869360454585103e-19,0.0002693988857273384,6.563685660455603e-10,6.732050442580226,0.004418706295542763,12,11,hbr,True,S12_D11 hbr,mild_master_18,,0.014392805713336192
27,constant,7.0,7.869360454585103e-19,0.8330818594224032,7.782397229757036e-10,-0.21875533157035562,-0.00017024408864077173,12,11,hbr,False,S12_D11 hbr,mild_master_18,,
35,Linear,7.0,3.913870429127587e-18,0.5808027893194372,1.638494627931804e-13,-0.5788925947877744,-9.48512406709271e-08,12,12,hbr,False,S12_D12 hbr,mild_master_18,,
36,ShortHbO,7.0,3.913870429127587e-18,0.015209070861348605,0.0035720414171717028,-3.193189154650967,-11406.203913276751,12,12,hbr,True,S12_D12 hbr,mild_master_18,,
37,az_itd=0_az=15,7.0,3.913870429127587e-18,0.0009433709396806021,1.4622969166266716e-09,5.462485307641435,0.007987775422482565,12,12,hbr,True,S12_D12 hbr,mild_master_18,,0.016377404971536853
38,az_itd=0_az=5,7.0,3.913870429127587e-18,0.7135522725131422,1.4631597603924431e-09,0.38234061372698935,0.0005594254007690814,12,12,hbr,False,S12_D12 hbr,mild_master_18,,0.003081123276500933
39,az_itd=15_az=0,7.0,3.913870429127587e-18,0.0022525801055756833,1.464796548473541e-09,4.6831192765283935,0.006859816952348697,12,12,hbr,True,S12_D12 hbr,mild_master_18,,0.00455330047832578
40,az_itd=5_az=0,7.0,3.913870429127587e-18,0.0005848693302244506,1.4637984297230278e-09,5.924484541625838,0.008672251168950252,12,12,hbr,True,S12_D12 hbr,mild_master_18,,0.030106125981472085
41,constant,7.0,3.913870429127587e-18,0.7292703974941648,1.7355890323986737e-09,-0.3602702520899533,-0.0006252810982268284,12,12,hbr,False,S12_D12 hbr,mild_master_18,,
105,Linear,7.0,1.0126997088512135e-15,0.6922468242540536,2.6356160426536722e-12,-0.41259539244341636,-1.0874430354488558e-06,13,3,hbr,False,S13_D3 hbr,mild_master_18,,
106,ShortHbO,7.0,1.0126997088512135e-15,9.186366474383114e-09,0.05745841032145846,-31.095517592294964,-1786699.0089762143,13,3,hbr,True,S13_D3 hbr,mild_master_18,,
107,az_itd=0_az=15,7.0,1.0126997088512135e-15,4.74802061751847e-05,2.3521915463641456e-08,-8.852817402001627,-0.20823522254493623,13,3,hbr,True,S13_D3 hbr,mild_master_18,,0.1626026008852514
108,az_itd=0_az=5,7.0,1.0126997088512135e-15,3.109145113983675e-06,2.3535794818706793e-08,13.344059153361595,0.31406303828220483,13,3,hbr,True,S13_D3 hbr,mild_master_18,,0.19373405978950006
109,az_itd=15_az=0,7.0,1.0126997088512135e-15,0.6348540965520106,2.3562123528312702e-08,-0.4963468369244889,-0.011694985484502088,13,3,hbr,False,S13_D3 hbr,mild_master_18,,-0.11223277712616078
110,az_itd=5_az=0,7.0,1.0126997088512135e-15,0.012121767250381776,2.3546068194676077e-08,-3.357737460440125,-0.07906151522334165,13,3,hbr,True,S13_D3 hbr,mild_master_18,,0.07293215387489589
111,constant,7.0,1.0126997088512135e-15,0.9253483217322567,2.791798165989531e-08,0.09712655608936423,0.002711577411591664,13,3,hbr,False,S13_D3 hbr,mild_master_18,,
119,Linear,7.0,1.7803511745196333e-19,0.15369160438331778,3.494577187483182e-14,-1.599729429144473,-5.5903779692337693e-08,13,9,hbr,False,S13_D9 hbr,mild_master_18,,
120,ShortHbO,7.0,1.7803511745196333e-19,2.434607269441433e-07,0.0007618440876397477,19.372970103613785,14759.182733459753,13,9,hbr,True,S13_D9 hbr,mild_master_18,,
121,az_itd=0_az=15,7.0,1.7803511745196333e-19,1.0129762899954714e-06,3.1187831556218276e-10,15.737270975657918,0.00490811356343382,13,9,hbr,True,S13_D9 hbr,mild_master_18,,-0.0005695328915521185
122,az_itd=0_az=5,7.0,1.7803511745196333e-19,0.0025660351412531836,3.1206234266174266e-10,-4.572653218494044,-0.0014269528755430087,13,9,hbr,True,S13_D9 hbr,mild_master_18,,-0.003362885627076537
123,az_itd=15_az=0,7.0,1.7803511745196333e-19,2.357321373659219e-06,3.12411436408615e-10,13.900706038758969,0.004342739540662598,13,9,hbr,True,S13_D9 hbr,mild_master_18,,0.0035810924491355553
124,az_itd=5_az=0,7.0,1.7803511745196333e-19,0.3124790304539682,3.121985578946131e-10,-1.0883679554385433,-0.00033978690614662173,13,9,hbr,False,S13_D9 hbr,mild_master_18,,-0.004267133357922269
125,constant,7.0,1.7803511745196333e-19,0.9303066973406828,3.7016598871136815e-10,0.09065445147772887,3.3557194662340254e-05,13,9,hbr,False,S13_D9 hbr,mild_master_18,,
91,Linear,7.0,3.415395025560075e-17,0.1394856480970387,4.840188445617496e-13,1.6668344641561172,8.067792914165469e-07,13,11,hbr,False,S13_D11 hbr,mild_master_18,,
92,ShortHbO,7.0,3.415395025560075e-17,0.27129345174103187,0.010551974538046044,1.1941962340746404,12601.128255386078,13,11,hbr,False,S13_D11 hbr,mild_master_18,,
93,az_itd=0_az=15,7.0,3.415395025560075e-17,2.018541592058254e-06,4.3196923073543895e-09,-14.222133328568034,-0.06143523993358382,13,11,hbr,True,S13_D11 hbr,mild_master_18,,-0.012222944874603094
94,az_itd=0_az=5,7.0,3.415395025560075e-17,0.008533720411363917,4.322241187499778e-09,3.6179243447815383,0.015637541616272913,13,11,hbr,True,S13_D11 hbr,mild_master_18,,-0.03885005429742224
95,az_itd=15_az=0,7.0,3.415395025560075e-17,0.9971392183328001,4.3270763347276055e-09,0.003715393138005127,1.607678972167132e-05,13,11,hbr,False,S13_D11 hbr,mild_master_18,,-0.05844972910820058
96,az_itd=5_az=0,7.0,3.415395025560075e-17,5.546297342542585e-05,4.3241278460592675e-09,-8.642955345165353,-0.03737324388027629,13,11,hbr,True,S13_D11 hbr,mild_master_18,,0.01606942265843386
97,constant,7.0,3.415395025560075e-17,0.8777024767723202,5.1270097794340475e-09,-0.1596016518814833,-0.0008182792300101933,13,11,hbr,False,S13_D11 hbr,mild_master_18,,
147,Linear,7.0,2.293351825640771e-16,0.22800637435198093,1.2542298788727039e-12,-1.3211223390391313,-1.656991111269073e-06,14,2,hbr,False,S14_D2 hbr,mild_master_18,,
148,ShortHbO,7.0,2.293351825640771e-16,2.4650345605181602e-06,0.027343153878036496,-13.80941464642355,-377592.94964277005,14,2,hbr,True,S14_D2 hbr,mild_master_18,,
149,az_itd=0_az=15,7.0,2.293351825640771e-16,0.0017466598743927262,1.1193545913126633e-08,-4.903240460492768,-0.054884647217625974,14,2,hbr,True,S14_D2 hbr,mild_master_18,,0.017688446001400536
150,az_itd=0_az=5,7.0,2.293351825640771e-16,0.00019006774780076216,1.1200150783312847e-08,-7.121347370242226,-0.07976016432706136,14,2,hbr,True,S14_D2 hbr,mild_master_18,,-0.06749838440808409
151,az_itd=15_az=0,7.0,2.293351825640771e-16,5.560588724699266e-06,1.1212680018878832e-08,12.241913958235536,0.13726466403234147,14,2,hbr,True,S14_D2 hbr,mild_master_18,,0.08872454274158795
152,az_itd=5_az=0,7.0,2.293351825640771e-16,0.03254673705867191,1.1205039649858293e-08,-2.658311930890707,-0.029786490587321728,14,2,hbr,True,S14_D2 hbr,mild_master_18,,-0.025455852894817957
153,constant,7.0,2.293351825640771e-16,0.3471358431455039,1.3285534079692962e-08,1.0077419709431696,0.013388390298502433,14,2,hbr,False,S14_D2 hbr,mild_master_18,,
133,Linear,7.0,3.3106837829202015e-17,0.1457278784257112,4.765414155628896e-13,1.6365956138288709,7.799055905180264e-07,14,10,hbr,False,S14_D10 hbr,mild_master_18,,
134,ShortHbO,7.0,3.3106837829202015e-17,6.980305732071386e-05,0.010388960966792515,-8.340149107561173,-86645.48353568243,14,10,hbr,True,S14_D10 hbr,mild_master_18,,
135,az_itd=0_az=15,7.0,3.3106837829202015e-17,0.7820138423137265,4.2529589706505055e-09,-0.28755530241332883,-0.0012229609029568856,14,10,hbr,False,S14_D10 hbr,mild_master_18,,0.04109842052532169
136,az_itd=0_az=5,7.0,3.3106837829202015e-17,0.060525149991530976,4.255468474084578e-09,2.2349726999141826,0.009510855864924497,14,10,hbr,False,S14_D10 hbr,mild_master_18,,0.0348938915097542
137,az_itd=15_az=0,7.0,3.3106837829202015e-17,5.653614315286386e-05,4.260228924902335e-09,-8.617370450249334,-0.03671197084875087,14,10,hbr,True,S14_D10 hbr,mild_master_18,,-0.032920157994623715
138,az_itd=5_az=0,7.0,3.3106837829202015e-17,1.0456752571662795e-06,4.257325986350319e-09,-15.664218029296583,-0.06668768247198152,14,10,hbr,True,S14_D10 hbr,mild_master_18,,-0.03014152709900658
139,constant,7.0,3.3106837829202015e-17,0.8306234574175317,5.047804492216583e-09,-0.2220376829679393,-0.0011208028135269255,14,10,hbr,False,S14_D10 hbr,mild_master_18,,
161,Linear,7.0,6.781193278261931e-18,0.05565197684920273,2.156725440474209e-13,2.2918937426750063,4.942985541690837e-07,15,17,hbr,False,S15_D17 hbr,mild_master_18,,
162,ShortHbO,7.0,6.781193278261931e-18,0.00016650545318244993,0.004701823532107671,-7.273581240504247,-34199.095439299774,15,17,hbr,True,S15_D17 hbr,mild_master_18,,
163,az_itd=0_az=15,7.0,6.781193278261931e-18,0.00017120852393122773,1.924799085607377e-09,-7.241331058401847,-0.013938107399792173,15,17,hbr,True,S15_D17 hbr,mild_master_18,,0.013987487883589384
164,az_itd=0_az=5,7.0,6.781193278261931e-18,0.00048212443119579376,1.925934833670917e-09,-6.118700274212246,-0.011784217994897157,15,17,hbr,True,S15_D17 hbr,mild_master_18,,0.012882952798313287
165,az_itd=15_az=0,7.0,6.781193278261931e-18,8.084833859725768e-07,1.928089312809872e-09,-16.265164134753075,-0.031360689139315834,15,17,hbr,True,S15_D17 hbr,mild_master_18,,-0.001652325731634638
166,az_itd=5_az=0,7.0,6.781193278261931e-18,1.5504292112291794e-06,1.9267755043510896e-09,-14.784859084276945,-0.0284871043188675,15,17,hbr,True,S15_D17 hbr,mild_master_18,,-0.02864373103182603
167,constant,7.0,6.781193278261931e-18,0.6542096856320929,2.2845293213485174e-09,0.4677010118615331,0.0010684766752220433,15,17,hbr,False,S15_D17 hbr,mild_master_18,,
175,Linear,7.0,8.074607554522162e-18,0.03536161639420717,2.353436646034323e-13,2.601233401639387,6.121838012306652e-07,15,18,hbr,True,S15_D18 hbr,mild_master_18,,
176,ShortHbO,7.0,8.074607554522162e-18,4.59990635872439e-07,0.00513066874252465,-17.66055579189545,-90610.46157709065,15,18,hbr,True,S15_D18 hbr,mild_master_18,,
177,az_itd=0_az=15,7.0,8.074607554522162e-18,3.324270598845242e-06,2.100356688575876e-09,-13.212689425195784,-0.027751360608285713,15,18,hbr,True,S15_D18 hbr,mild_master_18,,-0.0011525486569976334
178,az_itd=0_az=5,7.0,8.074607554522162e-18,0.001941860542525407,2.1015960262603286e-09,-4.810834306907591,-0.010110430262393853,15,18,hbr,True,S15_D18 hbr,mild_master_18,,0.01964182531680959
179,az_itd=15_az=0,7.0,8.074607554522162e-18,4.867606843538192e-07,2.1039470117235587e-09,-17.515575746163474,-0.036851843249758286,15,18,hbr,True,S15_D18 hbr,mild_master_18,,-0.0016000853946785965
180,az_itd=5_az=0,7.0,8.074607554522162e-18,8.038743731351862e-07,2.1025133730624926e-09,-16.278765534069912,-0.03422632223233078,15,18,hbr,True,S15_D18 hbr,mild_master_18,,-0.016599176236392642
181,constant,7.0,8.074607554522162e-18,0.5959063062181678,2.4928972983317565e-09,0.5554151934376024,0.001384593035173009,15,18,hbr,False,S15_D18 hbr,mild_master_18,,
189,Linear,7.0,1.1360176652222192e-17,0.3316554971498753,2.791478853138681e-13,1.0429277483766632,2.911310754944995e-07,15,22,hbr,False,S15_D22 hbr,mild_master_18,,
190,ShortHbO,7.0,1.1360176652222192e-17,1.0518793640157833e-07,0.006085633671656658,-21.878994018289955,-133147.54269967997,15,22,hbr,True,S15_D22 hbr,mild_master_18,,
191,az_itd=0_az=15,7.0,1.1360176652222192e-17,0.0014957369361083034,2.4912934410567667e-09,-5.040446751917239,-0.012557231933047301,15,22,hbr,True,S15_D22 hbr,mild_master_18,,0.022301192887754978
192,az_itd=0_az=5,7.0,1.1360176652222192e-17,0.10312422941321796,2.4927634551078682e-09,1.8736449496445182,0.004670553658321278,15,22,hbr,False,S15_D22 hbr,mild_master_18,,0.04242774645485829
193,az_itd=15_az=0,7.0,1.1360176652222192e-17,1.4948128981480564e-05,2.4955520265426256e-09,-10.55718152965018,-0.026345995760896884,15,22,hbr,True,S15_D22 hbr,mild_master_18,,0.002159293057427585
194,az_itd=5_az=0,7.0,1.1360176652222192e-17,6.578446142601052e-05,2.493851546518168e-09,-8.417356439911059,-0.020991637375266853,15,22,hbr,True,S15_D22 hbr,mild_master_18,,0.010100337705726714
195,constant,7.0,1.1360176652222192e-17,0.8121953547256929,2.9568971414912516e-09,0.24673167351804307,0.0007295601801408542,15,22,hbr,False,S15_D22 hbr,mild_master_18,,
203,Linear,7.0,8.795828498051453e-18,0.08038332577921728,2.456293032098424e-13,2.0427722666562653,5.017647284751688e-07,16,16,hbr,False,S16_D16 hbr,mild_master_18,,
204,ShortHbO,7.0,8.795828498051453e-18,1.0909318841799434e-05,0.005354903393513608,11.069411200438337,59275.62760142479,16,16,hbr,True,S16_D16 hbr,mild_master_18,,
205,az_itd=0_az=15,7.0,8.795828498051453e-18,1.4312375362531657e-05,2.1921522755939116e-09,-10.626571109216894,-0.02329506203883033,16,16,hbr,True,S16_D16 hbr,mild_master_18,,-0.021257859986139153
206,az_itd=0_az=5,7.0,8.795828498051453e-18,1.4490086796134145e-06,2.19344577823562e-09,-14.932496668130995,-0.03275362177522939,16,16,hbr,True,S16_D16 hbr,mild_master_18,,-0.01698965211582764
207,az_itd=15_az=0,7.0,8.795828498051453e-18,1.89038978878159e-05,2.195899512956555e-09,-10.18928754136701,-0.022374651549462114,16,16,hbr,True,S16_D16 hbr,mild_master_18,,-0.011568731932164428
208,az_itd=5_az=0,7.0,8.795828498051453e-18,0.5967397516451491,2.1944032174604956e-09,-0.554129480588796,-0.0012159835150937672,16,16,hbr,False,S16_D16 hbr,mild_master_18,,-0.009828698049762523
209,constant,7.0,8.795828498051453e-18,0.5040511613908831,2.601848778868712e-09,0.7042053260887614,0.001832235767756887,16,16,hbr,False,S16_D16 hbr,mild_master_18,,
217,Linear,7.0,9.677972494138394e-16,0.8671848833807032,2.5765228095123157e-12,-0.17347906843579025,-4.4697277679776157e-07,16,18,hbr,False,S16_D18 hbr,mild_master_18,,
218,ShortHbO,7.0,9.677972494138394e-16,0.0006023857903559253,0.05617013343206791,5.895209519804253,331134.7053374019,16,18,hbr,True,S16_D18 hbr,mild_master_18,,
219,az_itd=0_az=15,7.0,9.677972494138394e-16,0.1318609343029229,2.2994529830859856e-08,-1.7055478438150136,-0.039218270772563034,16,18,hbr,False,S16_D18 hbr,mild_master_18,,-0.04077813972954397
220,az_itd=0_az=5,7.0,9.677972494138394e-16,0.48196014885799177,2.3008097996453183e-08,0.742484971866254,0.017083166993592556,16,18,hbr,False,S16_D18 hbr,mild_master_18,,0.062529774427853
221,az_itd=15_az=0,7.0,9.677972494138394e-16,1.844981399134334e-05,2.3033836389203424e-08,10.226848732442217,0.2355635604802065,16,18,hbr,True,S16_D18 hbr,mild_master_18,,0.11485109479019032
222,az_itd=5_az=0,7.0,9.677972494138394e-16,0.3820814272304124,2.3018141032725234e-08,-0.9325718050542364,-0.021466069331881558,16,18,hbr,False,S16_D18 hbr,mild_master_18,,-0.1061773566685508
223,constant,7.0,9.677972494138394e-16,0.8897152730657316,2.729203168373594e-08,-0.1437939204334221,-0.003924428232397561,16,18,hbr,False,S16_D18 hbr,mild_master_18,,
231,Linear,7.0,7.111569252826963e-18,0.08425093240123138,2.2086379064231195e-13,2.010923369567329,4.4414015809385114e-07,16,22,hbr,False,S16_D22 hbr,mild_master_18,,
232,ShortHbO,7.0,7.111569252826963e-18,3.202002457569881e-08,0.0048149966089526585,25.979461789465507,125091.02041869158,16,22,hbr,True,S16_D22 hbr,mild_master_18,,
233,az_itd=0_az=15,7.0,7.111569252826963e-18,0.005052915279572322,1.971129075097424e-09,-4.0210421404086025,-0.007925993075151376,16,22,hbr,True,S16_D22 hbr,mild_master_18,,-0.0008999729640542981
234,az_itd=0_az=5,7.0,7.111569252826963e-18,1.1931935691562311e-06,1.972292160661403e-09,-15.364196516294081,-0.030302684343948054,16,22,hbr,True,S16_D22 hbr,mild_master_18,,-0.032675953711932354
235,az_itd=15_az=0,7.0,7.111569252826963e-18,0.00018090894008291537,1.974498498197741e-09,-7.177855440525437,-0.01417266478759796,16,22,hbr,True,S16_D22 hbr,mild_master_18,,-0.011174365982561248
236,az_itd=5_az=0,7.0,7.111569252826963e-18,0.0002020342837649887,1.9731530663178222e-09,-7.051970571889042,-0.01391461735750591,16,22,hbr,True,S16_D22 hbr,mild_master_18,,0.009588384079067468
237,constant,7.0,7.111569252826963e-18,0.7704092540493255,2.3395180317231292e-09,0.30339275963301005,0.000709792831855668,16,22,hbr,False,S16_D22 hbr,mild_master_18,,
245,Linear,7.0,3.3602616304083816e-18,0.08397949229329514,1.5181977598795428e-13,2.0131109739282693,3.056300571006823e-07,16,23,hbr,False,S16_D23 hbr,mild_master_18,,
246,ShortHbO,7.0,3.3602616304083816e-18,2.637756623554996e-08,0.003309785204845201,26.715578928379163,88422.82787602357,16,23,hbr,True,S16_D23 hbr,mild_master_18,,
247,az_itd=0_az=15,7.0,3.3602616304083816e-18,0.0002829817962188232,1.3549363331777594e-09,-6.678500492696315,-0.009048942968699805,16,23,hbr,True,S16_D23 hbr,mild_master_18,,-0.0038090574334065353
248,az_itd=0_az=5,7.0,3.3602616304083816e-18,0.00024868027787690577,1.3557358276954642e-09,-6.819870964027859,-0.009245943406192574,16,23,hbr,True,S16_D23 hbr,mild_master_18,,-0.01017010942702073
249,az_itd=15_az=0,7.0,3.3602616304083816e-18,3.7282159633998186e-05,1.3572524442017125e-09,-9.188024484220835,-0.012470468688593906,16,23,hbr,True,S16_D23 hbr,mild_master_18,,-0.012028837786983413
250,az_itd=5_az=0,7.0,3.3602616304083816e-18,8.90762701578608e-05,1.356327606472439e-09,-8.028865536817868,-0.010889771976241235,16,23,hbr,True,S16_D23 hbr,mild_master_18,,0.01704057379759543
251,constant,7.0,3.3602616304083816e-18,0.8545039606205772,1.6081635765783177e-09,0.19026187531570837,0.0003059722178942075,16,23,hbr,False,S16_D23 hbr,mild_master_18,,
259,Linear,7.0,1.530917910726435e-18,0.2905888317251822,1.0247495867176964e-13,1.1430794365814532,1.1713701802223412e-07,17,15,hbr,False,S17_D15 hbr,mild_master_18,,
260,ShortHbO,7.0,1.530917910726435e-18,1.7103241829742072e-08,0.0022340311061047613,28.4357164391138,63526.27504935475,17,15,hbr,True,S17_D15 hbr,mild_master_18,,
261,az_itd=0_az=15,7.0,1.530917910726435e-18,0.0006892976811760257,9.145517693049845e-10,-5.762797634833772,-0.005270376773083806,17,15,hbr,True,S17_D15 hbr,mild_master_18,,-0.011010135306912744
262,az_itd=0_az=5,7.0,1.530917910726435e-18,0.049240741629057255,9.150914102518043e-10,-2.3750284680941807,-0.0021733681502564867,17,15,hbr,True,S17_D15 hbr,mild_master_18,,-0.0007977739318046418
263,az_itd=15_az=0,7.0,1.530917910726435e-18,2.4993275868019542e-05,9.1611509252763e-10,-9.766581530093452,-0.008947312742120204,17,15,hbr,True,S17_D15 hbr,mild_master_18,,-0.023368031317359206
264,az_itd=5_az=0,7.0,1.530917910726435e-18,0.00023826295824928438,9.154908477119027e-10,-6.867192698816327,-0.006286852065240348,17,15,hbr,True,S17_D15 hbr,mild_master_18,,0.0029232484587168985
265,constant,7.0,1.530917910726435e-18,0.7195152072018447,1.0854745040618666e-09,0.37394391627511514,0.0004059065870656828,17,15,hbr,False,S17_D15 hbr,mild_master_18,,
273,Linear,7.0,3.6879562106617767e-19,0.8275521434412341,5.029614248928111e-14,0.22614219053989454,1.1374079838232695e-08,17,16,hbr,False,S17_D16 hbr,mild_master_18,,
274,ShortHbO,7.0,3.6879562106617767e-19,6.785983004227749e-09,0.001096493702408155,32.47907561115701,35613.101867671954,17,16,hbr,True,S17_D16 hbr,mild_master_18,,
275,az_itd=0_az=15,7.0,3.6879562106617767e-19,0.2959204494177128,4.488747953548533e-10,-1.1294514284615782,-0.0005069822788139377,17,16,hbr,False,S17_D16 hbr,mild_master_18,,-0.0023245388777738516
276,az_itd=0_az=5,7.0,3.6879562106617767e-19,0.4008078491472904,4.491396586766453e-10,-0.8944109995837896,-0.00040171545106970033,17,16,hbr,False,S17_D16 hbr,mild_master_18,,-8.214819755824762e-05
277,az_itd=15_az=0,7.0,3.6879562106617767e-19,0.00047255565166026643,4.4964209625042953e-10,-6.139112490781765,-0.0027604034094723087,17,16,hbr,True,S17_D16 hbr,mild_master_18,,-0.007112008763625723
278,az_itd=5_az=0,7.0,3.6879562106617767e-19,0.01802360856691504,4.4933570816687257e-10,-3.0717304503913767,-0.0013802381772243556,17,16,hbr,True,S17_D16 hbr,mild_master_18,,0.0025018798247442293
279,constant,7.0,3.6879562106617767e-19,0.6666936111526952,5.327660633623419e-10,0.4494497068544727,0.000239451551000216,17,16,hbr,False,S17_D16 hbr,mild_master_18,,
287,Linear,7.0,2.7580559641502453e-18,0.7692378777240773,1.3754453421622977e-13,0.3049961121373147,4.1950548181687936e-08,17,17,hbr,False,S17_D17 hbr,mild_master_18,,
288,ShortHbO,7.0,2.7580559641502453e-18,1.1552880591525543e-07,0.002998574206777395,21.58405459642076,64721.38939050237,17,17,hbr,True,S17_D17 hbr,mild_master_18,,
289,az_itd=0_az=15,7.0,2.7580559641502453e-18,0.000385303223304569,1.2275349876314385e-09,6.349798187561253,0.007794599439630133,17,17,hbr,True,S17_D17 hbr,mild_master_18,,-0.0028329997093478275
290,az_itd=0_az=5,7.0,2.7580559641502453e-18,0.00018998235486580978,1.2282593076373832e-09,-7.121859961125834,-0.008747490784942817,17,17,hbr,True,S17_D17 hbr,mild_master_18,,-0.0041912543012628915
291,az_itd=15_az=0,7.0,2.7580559641502453e-18,0.012153268572996973,1.2296333204073212e-09,-3.355839783631145,-0.004126452415901352,17,17,hbr,True,S17_D17 hbr,mild_master_18,,-0.00019201178011024617
292,az_itd=5_az=0,7.0,2.7580559641502453e-18,0.45675292503652576,1.228795442905061e-09,0.7876241501231337,0.0009678289663932784,17,17,hbr,False,S17_D17 hbr,mild_master_18,,0.0065194273719789905
293,constant,7.0,2.7580559641502453e-18,0.9204245118119714,1.4569518934181599e-09,0.10355814011986761,0.00015087922832650422,17,17,hbr,False,S17_D17 hbr,mild_master_18,,
301,Linear,7.0,1.019616062853325e-18,0.4127170117196828,8.362962206430582e-14,0.8708222049927743,7.282653188875116e-08,17,21,hbr,False,S17_D21 hbr,mild_master_18,,
302,ShortHbO,7.0,1.019616062853325e-18,5.674440546151007e-08,0.0018231886063196194,23.920732558314224,43612.00705513725,17,21,hbr,True,S17_D21 hbr,mild_master_18,,
303,az_itd=0_az=15,7.0,1.019616062853325e-18,0.09812620353241325,7.463639880080106e-10,-1.9074413518692128,-0.0014236455342724968,17,21,hbr,False,S17_D21 hbr,mild_master_18,,-0.007442331192514281
304,az_itd=0_az=5,7.0,1.019616062853325e-18,0.021944124200902766,7.468043879751627e-10,-2.932562846420124,-0.002190050801719482,17,21,hbr,True,S17_D21 hbr,mild_master_18,,-0.0013313317768508335
305,az_itd=15_az=0,7.0,1.019616062853325e-18,0.0003688330084839232,7.476398131653837e-10,-6.395571393713874,-0.0047815838018821135,17,21,hbr,True,S17_D21 hbr,mild_master_18,,-0.017295732184112782
306,az_itd=5_az=0,7.0,1.019616062853325e-18,0.0018762572169958812,7.471303681390909e-10,-4.840695481287462,-0.003616630596983535,17,21,hbr,True,S17_D21 hbr,mild_master_18,,0.0026638906358466157
307,constant,7.0,1.019616062853325e-18,0.8299960468972636,8.858537120848986e-10,0.22287580764037848,0.0001974353615321491,17,21,hbr,False,S17_D21 hbr,mild_master_18,,
315,Linear,7.0,1.1968182758112415e-18,0.5246941570653465,9.060578053709106e-14,0.6694047759344803,6.065194221880015e-08,17,22,hbr,False,S17_D22 hbr,mild_master_18,,
316,ShortHbO,7.0,1.1968182758112415e-18,2.9585541996184792e-08,0.001975274103413964,26.277306324342256,51904.882689949234,17,22,hbr,True,S17_D22 hbr,mild_master_18,,
317,az_itd=0_az=15,7.0,1.1968182758112415e-18,0.08925904190761545,8.086236674158668e-10,-1.9717624480733325,-0.0015944137820339459,17,22,hbr,False,S17_D22 hbr,mild_master_18,,-0.008619370067384004
318,az_itd=0_az=5,7.0,1.1968182758112415e-18,0.0056231901281267585,8.091008043655191e-10,-3.9372424666788817,-0.0031856260467719635,17,22,hbr,True,S17_D22 hbr,mild_master_18,,-0.0019830528282380995
319,az_itd=15_az=0,7.0,1.1968182758112415e-18,0.0004164422830355075,8.100059184814493e-10,-6.268968166904714,-0.00507790131796462,17,22,hbr,True,S17_D22 hbr,mild_master_18,,-0.005600555169446255
320,az_itd=5_az=0,7.0,1.1968182758112415e-18,0.0034831995153846887,8.094539769192538e-10,-4.319293966445641,-0.003496269678622762,17,22,hbr,True,S17_D22 hbr,mild_master_18,,0.007494059989548119
321,constant,7.0,1.1968182758112415e-18,0.6727109374993094,9.597492496547971e-10,0.4407119048745329,0.00042297292001726927,17,22,hbr,False,S17_D22 hbr,mild_master_18,,
329,Linear,7.0,1.6135248824734415e-18,0.19037430260725638,1.0520336551903675e-13,1.4498756100374164,1.5253179375990271e-07,17,23,hbr,False,S17_D23 hbr,mild_master_18,,
330,ShortHbO,7.0,1.6135248824734415e-18,6.869831078016217e-07,0.0022935124256964826,16.65687587945581,38202.751802815925,17,23,hbr,True,S17_D23 hbr,mild_master_18,,
331,az_itd=0_az=15,7.0,1.6135248824734415e-18,0.0001418722018406594,9.389018089819402e-10,-7.461176242604027,-0.007005311871313996,17,23,hbr,True,S17_D23 hbr,mild_master_18,,-0.012922473521838692
332,az_itd=0_az=5,7.0,1.6135248824734415e-18,0.0001452838701954096,9.394558179272783e-10,-7.433090788441048,-0.006983060386382602,17,23,hbr,True,S17_D23 hbr,mild_master_18,,-0.009521967749844816
333,az_itd=15_az=0,7.0,1.6135248824734415e-18,9.703297847843218e-05,9.405067558543088e-10,-7.921943922892583,-0.007450641778979461,17,23,hbr,True,S17_D23 hbr,mild_master_18,,-0.015802556067401906
334,az_itd=5_az=0,7.0,1.6135248824734415e-18,0.01643478499830005,9.398658904529119e-10,-3.137574519655255,-0.0029488992697781534,17,23,hbr,True,S17_D23 hbr,mild_master_18,,0.0021409844629248637
335,constant,7.0,1.6135248824734415e-18,0.7733818083096883,1.1143753800202793e-09,0.29932793127483315,0.00033356367716507623,17,23,hbr,False,S17_D23 hbr,mild_master_18,,
343,Linear,7.0,3.417246266909251e-18,0.5253691653151471,1.531016737989506e-13,0.6682816118901566,1.0231503334944365e-07,18,15,hbr,False,S18_D15 hbr,mild_master_18,,
344,ShortHbO,7.0,3.417246266909251e-18,5.898854805971666e-06,0.003337731540435208,12.13480108970513,40502.70833401634,18,15,hbr,True,S18_D15 hbr,mild_master_18,,
345,az_itd=0_az=15,7.0,3.417246266909251e-18,0.015892539391678347,1.3663768053312535e-09,3.16161227372213,0.004319953678264525,18,15,hbr,True,S18_D15 hbr,mild_master_18,,-0.008059118996416238
346,az_itd=0_az=5,7.0,3.417246266909251e-18,0.6775795428227339,1.3671830504205851e-09,-0.4336694836337434,-0.0005929055675087014,18,15,hbr,False,S18_D15 hbr,mild_master_18,,0.0017769790210214462
347,az_itd=15_az=0,7.0,3.417246266909251e-18,0.0025659722730146557,1.3687124725535497e-09,-4.572673850945254,-0.006258675732708241,18,15,hbr,True,S18_D15 hbr,mild_master_18,,-0.024401034569438675
348,az_itd=5_az=0,7.0,3.417246266909251e-18,9.571738012732017e-05,1.3677798259110242e-09,-7.938924398712996,-0.010858700631992443,18,15,hbr,True,S18_D15 hbr,mild_master_18,,-0.008953943676772557
349,constant,7.0,3.417246266909251e-18,0.9852144632502313,1.621742185525174e-09,0.019203771037890695,3.114356561331389e-05,18,15,hbr,False,S18_D15 hbr,mild_master_18,,
357,Linear,7.0,4.242405137722835e-18,0.06390733091989004,1.7058776132063465e-13,2.1981283695405796,3.7497379765530417e-07,18,16,hbr,False,S18_D16 hbr,mild_master_18,,
358,ShortHbO,7.0,4.242405137722835e-18,4.133434078568899e-06,0.0037189413887127477,12.793196669147124,47577.1485868333,18,16,hbr,True,S18_D16 hbr,mild_master_18,,
359,az_itd=0_az=15,7.0,4.242405137722835e-18,0.0029795738507424198,1.5224337824548123e-09,-4.4477888624564805,-0.006771464021430006,18,16,hbr,True,S18_D16 hbr,mild_master_18,,-0.01678376359891532
360,az_itd=0_az=5,7.0,4.242405137722835e-18,0.0013376026426660354,1.523332110614473e-09,-5.140766349343615,-0.007831094453121468,18,16,hbr,True,S18_D16 hbr,mild_master_18,,-0.00968415542658885
361,az_itd=15_az=0,7.0,4.242405137722835e-18,3.940125410803384e-06,1.525036211499218e-09,-12.884346292797893,-0.01964909465801249,18,16,hbr,True,S18_D16 hbr,mild_master_18,,-0.03875920655409158
362,az_itd=5_az=0,7.0,4.242405137722835e-18,0.00011745183423361135,1.5239970451798436e-09,-7.687492814677011,-0.011715716334409045,18,16,hbr,True,S18_D16 hbr,mild_master_18,,0.002191166593644228
363,constant,7.0,4.242405137722835e-18,0.9976789520174733,1.8069650187578094e-09,-0.003014420183605351,-5.446951823612362e-06,18,16,hbr,False,S18_D16 hbr,mild_master_18,,
371,Linear,7.0,1.9807344162473013e-18,0.5198407805845584,1.1656144526397797e-13,0.6775073367271124,7.897123434586081e-08,18,21,hbr,False,S18_D21 hbr,mild_master_18,,
372,ShortHbO,7.0,1.9807344162473013e-18,0.0003238572306640063,0.0025411270994148863,6.533279739569253,16601.89419427766,18,21,hbr,True,S18_D21 hbr,mild_master_18,,
373,az_itd=0_az=15,7.0,1.9807344162473013e-18,0.03544932907641474,1.0402685434630413e-09,-2.5995315806751003,-0.0027042109311150643,18,21,hbr,True,S18_D21 hbr,mild_master_18,,-0.0060537069581792875
374,az_itd=0_az=5,7.0,1.9807344162473013e-18,0.6818390509219359,1.040882364922452e-09,-0.42752770397194356,-0.00044500604758018254,18,21,hbr,False,S18_D21 hbr,mild_master_18,,0.002145694591848762
375,az_itd=15_az=0,7.0,1.9807344162473013e-18,0.0004704738920106984,1.042046765348741e-09,-6.143614663081402,-0.006401933787213071,18,21,hbr,True,S18_D21 hbr,mild_master_18,,-0.025000478238408237
376,az_itd=5_az=0,7.0,1.9807344162473013e-18,0.019693001110296773,1.0413367101424464e-09,-3.0088902959300365,-0.0031332679219433163,18,21,hbr,True,S18_D21 hbr,mild_master_18,,0.0034578796960741346
377,constant,7.0,1.9807344162473013e-18,0.9273275836841539,1.234686782318328e-09,0.09454251105350675,0.00011673038876494922,18,21,hbr,False,S18_D21 hbr,mild_master_18,,
385,Linear,7.0,1.2638981625518065e-18,0.2454380214012492,9.311032467948788e-14,1.2677147704820486,1.1803733388056599e-07,18,22,hbr,False,S18_D22 hbr,mild_master_18,,
386,ShortHbO,7.0,1.2638981625518065e-18,6.627163407781649e-08,0.002029875047812963,23.390433541719133,47479.65740386306,18,22,hbr,True,S18_D22 hbr,mild_master_18,,
387,az_itd=0_az=15,7.0,1.2638981625518065e-18,1.4410095285032718e-05,8.309758137979708e-10,-10.615680392364192,-0.008821373653063996,18,22,hbr,True,S18_D22 hbr,mild_master_18,,-0.008886725519197352
388,az_itd=0_az=5,7.0,1.2638981625518065e-18,0.18865511294868592,8.314661398680664e-10,-1.456284726214934,-0.0012108514398547555,18,22,hbr,False,S18_D22 hbr,mild_master_18,,0.0029152506861312285
389,az_itd=15_az=0,7.0,1.2638981625518065e-18,0.0011700138787576224,8.323962733397576e-10,-5.262605365522172,-0.004380573094318469,18,22,hbr,True,S18_D22 hbr,mild_master_18,,-0.008338846193618148
390,az_itd=5_az=0,7.0,1.2638981625518065e-18,0.007585736481288115,8.318290748922028e-10,-3.706898586081778,-0.0030835060215796193,18,22,hbr,True,S18_D22 hbr,mild_master_18,,0.0036307475683551894
391,constant,7.0,1.2638981625518065e-18,0.8558051644790531,9.862788413336487e-10,0.18853705476557514,0.00018595010792265014,18,22,hbr,False,S18_D22 hbr,mild_master_18,,
399,Linear,7.0,2.1763141621477158e-16,0.39303599480288104,1.221806957641219e-12,-0.9100841432968416,-1.111947138319029e-06,18,23,hbr,False,S18_D23 hbr,mild_master_18,,
400,ShortHbO,7.0,2.1763141621477158e-16,2.4503534426426324e-11,0.02663630983027328,-72.70041334161382,-1936470.734556159,18,23,hbr,True,S18_D23 hbr,mild_master_18,,
401,az_itd=0_az=15,7.0,2.1763141621477158e-16,2.38896254908806e-05,1.0904183122815408e-08,9.833879967497241,0.10723042797337595,18,23,hbr,True,S18_D23 hbr,mild_master_18,,0.06122743849534783
402,az_itd=0_az=5,7.0,2.1763141621477158e-16,6.305714865323061e-05,1.0910617251425936e-08,8.47285766435984,0.09244410700164093,18,23,hbr,True,S18_D23 hbr,mild_master_18,,-0.00854744108555724
403,az_itd=15_az=0,7.0,2.1763141621477158e-16,0.0003568555467745432,1.092282259547515e-08,6.430323359929461,0.0702372812920492,18,23,hbr,True,S18_D23 hbr,mild_master_18,,-0.020628003035029586
404,az_itd=5_az=0,7.0,2.1763141621477158e-16,1.5587866229083358e-05,1.091537973656588e-08,10.49065895142527,0.11450952614161086,18,23,hbr,True,S18_D23 hbr,mild_master_18,,-0.019340213177477476
405,constant,7.0,2.1763141621477158e-16,0.22759674669627192,1.2942091595791004e-08,-1.322419422883115,-0.017114873299006354,18,23,hbr,False,S18_D23 hbr,mild_master_18,,
413,Linear,7.0,1.4245560798844054e-18,0.5139570574730603,9.885111563148498e-14,0.6873944831850815,6.794971154177334e-08,19,14,hbr,False,S19_D14 hbr,mild_master_18,,
414,ShortHbO,7.0,1.4245560798844054e-18,1.4461870240281137e-05,0.002155028604610048,10.6099440843003,22864.732994980313,19,14,hbr,True,S19_D14 hbr,mild_master_18,,
415,az_itd=0_az=15,7.0,1.4245560798844054e-18,0.08000813013446903,8.822102869844953e-10,-2.045942254859668,-0.0018049513038134537,19,14,hbr,False,S19_D14 hbr,mild_master_18,,-0.008216483260254336
416,az_itd=0_az=5,7.0,1.4245560798844054e-18,0.14717140027312212,8.827308444975209e-10,1.6297758568880711,0.0014386534184924777,19,14,hbr,False,S19_D14 hbr,mild_master_18,,-0.0008108427245764116
417,az_itd=15_az=0,7.0,1.4245560798844054e-18,0.18409672935278032,8.837183260864785e-10,-1.473537114991671,-0.0013021917526867383,19,14,hbr,False,S19_D14 hbr,mild_master_18,,-0.004578753044025557
418,az_itd=5_az=0,7.0,1.4245560798844054e-18,0.007600773070520506,8.831161565685626e-10,3.7053949731205322,0.0032722941672306766,19,14,hbr,True,S19_D14 hbr,mild_master_18,,0.004096866130449064
419,constant,7.0,1.4245560798844054e-18,0.6872444331585572,1.04708864591724e-09,-0.4197594295574326,-0.0004395253327062852,19,14,hbr,False,S19_D14 hbr,mild_master_18,,
427,Linear,7.0,3.788180314691434e-18,0.8511420138223871,1.611970617229896e-13,0.19472132506611428,3.1388505455464745e-08,19,15,hbr,False,S19_D15 hbr,mild_master_18,,
428,ShortHbO,7.0,3.788180314691434e-18,0.00046170003804459737,0.003514217080636458,6.1628380697226195,21657.550809815846,19,15,hbr,True,S19_D15 hbr,mild_master_18,,
429,az_itd=0_az=15,7.0,3.788180314691434e-18,0.2197361575402375,1.4386252008915214e-09,1.347713825391053,0.0019388550727974846,19,15,hbr,False,S19_D15 hbr,mild_master_18,,-0.012247851987348348
430,az_itd=0_az=5,7.0,3.788180314691434e-18,0.18638812130846316,1.4394740769109926e-09,-1.464817077112268,-0.00210856620991964,19,15,hbr,False,S19_D15 hbr,mild_master_18,,0.0005145775046088122
431,az_itd=15_az=0,7.0,3.788180314691434e-18,0.022797984787253093,1.441084368607031e-09,-2.9057577096735137,-0.004187442014369868,19,15,hbr,True,S19_D15 hbr,mild_master_18,,8.214996172445616e-05
432,az_itd=5_az=0,7.0,3.788180314691434e-18,1.9947372410248595e-05,1.440102407439197e-09,10.10671809091157,0.014554709054031039,19,15,hbr,True,S19_D15 hbr,mild_master_18,,-0.0006504725677321237
433,constant,7.0,3.788180314691434e-18,0.6566180996927993,1.707493253941613e-09,-0.46416667761415437,-0.0007925614707306602,19,15,hbr,False,S19_D15 hbr,mild_master_18,,
441,Linear,7.0,2.288539373323715e-18,0.1628433723246286,1.25291322713946e-13,1.55949449573336,1.953911281355509e-07,19,21,hbr,False,S19_D21 hbr,mild_master_18,,
442,ShortHbO,7.0,2.288539373323715e-18,2.171198924362403e-09,0.002731444988082489,38.25260442681002,104484.88464271225,19,21,hbr,True,S19_D21 hbr,mild_master_18,,
443,az_itd=0_az=15,7.0,2.288539373323715e-18,0.01260973263766181,1.1181795274845786e-09,-3.328920273406385,-0.003722330498351386,19,21,hbr,True,S19_D21 hbr,mild_master_18,,-0.013259544787095037
444,az_itd=0_az=5,7.0,2.288539373323715e-18,0.07348531913090393,1.1188393211443567e-09,-2.1035469250961487,-0.002353531013669874,19,21,hbr,False,S19_D21 hbr,mild_master_18,,0.0020458157049705375
445,az_itd=15_az=0,7.0,2.288539373323715e-18,0.00012549493803697248,1.1200909294205588e-09,-7.607511817701211,-0.008521104982466835,19,21,hbr,True,S19_D21 hbr,mild_master_18,,0.002801955555555126
446,az_itd=5_az=0,7.0,2.288539373323715e-18,0.0006460964984472561,1.1193276945808129e-09,-5.826124165723916,-0.006521342130761312,19,21,hbr,True,S19_D21 hbr,mild_master_18,,-0.008468531368259553
447,constant,7.0,2.288539373323715e-18,0.9981385916257539,1.3271587336940492e-09,-0.002417469845489029,-3.208366218882768e-06,19,21,hbr,False,S19_D21 hbr,mild_master_18,,
483,Linear,7.0,1.3875770165311575e-17,0.7939356855070505,3.085107834709035e-13,-0.2713692291894405,-8.372033350712948e-08,20,12,hbr,False,S20_D12 hbr,mild_master_18,,
484,ShortHbO,7.0,1.3875770165311575e-17,0.005211607259384759,0.006725766916875273,3.996723685202023,26881.031937823587,20,12,hbr,True,S20_D12 hbr,mild_master_18,,
485,az_itd=0_az=15,7.0,1.3875770165311575e-17,0.7098101012502043,2.7533466373644873e-09,0.38762555977067475,0.0010672675315511145,20,12,hbr,False,S20_D12 hbr,mild_master_18,,0.024210534716213223
486,az_itd=0_az=5,7.0,1.3875770165311575e-17,0.05928942767299333,2.7549712786764163e-09,2.2489551431872052,0.0061958068265123584,20,12,hbr,False,S20_D12 hbr,mild_master_18,,0.006748424718481216
487,az_itd=15_az=0,7.0,1.3875770165311575e-17,0.0004070044225572452,2.7580531732683613e-09,6.292730836767023,0.01735568625286896,20,12,hbr,True,S20_D12 hbr,mild_master_18,,0.020799560051653405
488,az_itd=5_az=0,7.0,1.3875770165311575e-17,0.0006483649828377927,2.75617382381876e-09,5.822682562994828,0.016048325264532273,20,12,hbr,True,S20_D12 hbr,mild_master_18,,0.03924379704644755
489,constant,7.0,1.3875770165311575e-17,0.6460166563421038,3.2679260770277496e-09,-0.4797732244072678,-0.0015678634311001968,20,12,hbr,False,S20_D12 hbr,mild_master_18,,
497,Linear,7.0,6.584795318578624e-19,0.1186487924457099,6.720675705431366e-14,1.7779566805958271,1.194907026858977e-07,20,13,hbr,False,S20_D13 hbr,mild_master_18,,
498,ShortHbO,7.0,6.584795318578624e-19,4.719034135073256e-12,0.0014651578077788897,-92.00879235870917,-134807.40050866938,20,13,hbr,True,S20_D13 hbr,mild_master_18,,
499,az_itd=0_az=15,7.0,6.584795318578624e-19,0.00018445406184279076,5.997958854527966e-10,-7.1556084943009015,-0.004291904532792762,20,13,hbr,True,S20_D13 hbr,mild_master_18,,-0.007973534110949575
500,az_itd=0_az=5,7.0,6.584795318578624e-19,0.2093925490642268,6.001498013604444e-10,-1.382238672636251,-0.0008295502648153704,20,13,hbr,False,S20_D13 hbr,mild_master_18,,0.006963608817662718
501,az_itd=15_az=0,7.0,6.584795318578624e-19,0.31209091721501836,6.008211689501849e-10,-1.0893104548525756,-0.0006544807808341821,20,13,hbr,False,S20_D13 hbr,mild_master_18,,-0.0046803191733417685
502,az_itd=5_az=0,7.0,6.584795318578624e-19,1.2263551552024799e-05,6.004117667877757e-10,-10.87655760049597,-0.0065304131654827955,20,13,hbr,True,S20_D13 hbr,mild_master_18,,-0.00577525478168623
503,constant,7.0,6.584795318578624e-19,0.5807380640213949,7.118931515435145e-10,-0.5789939492350967,-0.0004121818272455986,20,13,hbr,False,S20_D13 hbr,mild_master_18,,
511,Linear,7.0,1.056321747179021e-18,0.9475315724866282,8.512162587289443e-14,0.06820269690966885,5.8055244498672456e-09,20,20,hbr,False,S20_D20 hbr,mild_master_18,,
512,ShortHbO,7.0,1.056321747179021e-18,1.164352182141054e-06,0.0018557154105459087,15.419407856222039,28614.032780283887,20,20,hbr,True,S20_D20 hbr,mild_master_18,,
513,az_itd=0_az=15,7.0,1.056321747179021e-18,0.07236372708099707,7.596795798427443e-10,-2.113962932693985,-0.0016059344725121022,20,20,hbr,False,S20_D20 hbr,mild_master_18,,-0.004141317913638641
514,az_itd=0_az=5,7.0,1.056321747179021e-18,0.0005649590232120648,7.601278368157286e-10,5.9589756357758015,0.004529583259659892,20,20,hbr,True,S20_D20 hbr,mild_master_18,,0.016074017752020654
515,az_itd=15_az=0,7.0,1.056321747179021e-18,0.04773858115972484,7.609781665043177e-10,-2.3961049946271764,-0.0018233835855632266,20,20,hbr,True,S20_D20 hbr,mild_master_18,,-0.008239618608936307
516,az_itd=5_az=0,7.0,1.056321747179021e-18,0.000265125785480997,7.604596326659422e-10,-6.749526986630128,-0.005132742812921611,20,20,hbr,True,S20_D20 hbr,mild_master_18,,-0.004308426292249891
517,constant,7.0,1.056321747179021e-18,0.8361419469386845,9.016578862478133e-10,0.2146733653154042,0.00019356193280399198,20,20,hbr,False,S20_D20 hbr,mild_master_18,,
525,Linear,7.0,3.452974417191849e-18,0.9757338224259391,1.5389995050910549e-13,-0.031521180392685706,-4.851108102422917e-09,21,11,hbr,False,S21_D11 hbr,mild_master_18,,
526,ShortHbO,7.0,3.452974417191849e-18,1.404483048070855e-06,0.003355134572599165,15.001076189251322,50330.62934875125,21,11,hbr,True,S21_D11 hbr,mild_master_18,,
527,az_itd=0_az=15,7.0,3.452974417191849e-18,0.031266785137037414,1.3735011348955673e-09,2.6859899032154964,0.003689210180384519,21,11,hbr,True,S21_D11 hbr,mild_master_18,,0.009200416443598054
528,az_itd=0_az=5,7.0,3.452974417191849e-18,0.6628812008218352,1.3743115837709288e-09,-0.4550054810404018,-0.0006253193032730879,21,11,hbr,False,S21_D11 hbr,mild_master_18,,-0.0004334790071930858
529,az_itd=15_az=0,7.0,3.452974417191849e-18,0.008524536896210388,1.375848980356677e-09,3.6187339154930744,0.0049788313678132716,21,11,hbr,True,S21_D11 hbr,mild_master_18,,-0.004793814760079573
530,az_itd=5_az=0,7.0,3.452974417191849e-18,0.4607072268785163,1.374911470866639e-09,0.7804328384445655,0.0010730260618184437,21,11,hbr,False,S21_D11 hbr,mild_master_18,,0.024745255410640498
531,constant,7.0,3.452974417191849e-18,0.8390279134548158,1.6301979978259623e-09,-0.21082738459852152,-0.0003436903802593939,21,11,hbr,False,S21_D11 hbr,mild_master_18,,
539,Linear,7.0,1.2631057098356059e-18,0.32821983531841376,9.308113043693446e-14,1.050911878040829,9.782006559764217e-08,21,12,hbr,False,S21_D12 hbr,mild_master_18,,
540,ShortHbO,7.0,1.2631057098356059e-18,3.67650719946713e-08,0.0020292385913866424,25.46690676873732,51678.43001836747,21,12,hbr,True,S21_D12 hbr,mild_master_18,,
541,az_itd=0_az=15,7.0,1.2631057098356059e-18,0.00877987961460951,8.307152657916401e-10,-3.596569004152507,-0.002987724776222524,21,12,hbr,True,S21_D12 hbr,mild_master_18,,-0.003973449593428175
542,az_itd=0_az=5,7.0,1.2631057098356059e-18,9.36224677154742e-05,8.312054381226281e-10,-7.9665149445271775,-0.006621810544776177,21,12,hbr,True,S21_D12 hbr,mild_master_18,,-0.00611652835820315
543,az_itd=15_az=0,7.0,1.2631057098356059e-18,3.181814331568574e-05,8.321352799559615e-10,-9.413621704509678,-0.007833406732481675,21,12,hbr,True,S21_D12 hbr,mild_master_18,,-0.022172267455726855
544,az_itd=5_az=0,7.0,1.2631057098356059e-18,0.8698714296112353,8.315682593504356e-10,0.16993081392745266,0.00014130907114765458,21,12,hbr,False,S21_D12 hbr,mild_master_18,,0.008862959257037088
545,constant,7.0,1.2631057098356059e-18,0.7677608346706757,9.8596959889659e-10,0.3070191160594905,0.0003027115147147615,21,12,hbr,False,S21_D12 hbr,mild_master_18,,
553,Linear,7.0,1.222568307252767e-18,0.28949121572362213,9.157530345928447e-14,1.1459105271849415,1.0493710426414964e-07,21,19,hbr,False,S21_D19 hbr,mild_master_18,,
554,ShortHbO,7.0,1.222568307252767e-18,0.0005203034118925383,0.0019964104316870916,6.041547924359544,12061.40929972889,21,19,hbr,True,S21_D19 hbr,mild_master_18,,
555,az_itd=0_az=15,7.0,1.222568307252767e-18,0.0016008886889635492,8.17276307196028e-10,-4.980052981404082,-0.004070079310282498,21,19,hbr,True,S21_D19 hbr,mild_master_18,,-0.000689388090497697
556,az_itd=0_az=5,7.0,1.222568307252767e-18,0.0037411579612181087,8.177585497273217e-10,-4.2611761238400065,-0.0034846132071640937,21,19,hbr,True,S21_D19 hbr,mild_master_18,,0.0023949437829465744
557,az_itd=15_az=0,7.0,1.222568307252767e-18,0.0003648494150289383,8.18673348974569e-10,-6.406987252730054,-0.005245229711029887,21,19,hbr,True,S21_D19 hbr,mild_master_18,,-0.004405299012050455
558,az_itd=5_az=0,7.0,1.222568307252767e-18,1.3387884028810664e-05,8.181155013874699e-10,-10.733978656694847,-0.008781634330604304,21,19,hbr,True,S21_D19 hbr,mild_master_18,,-0.0004433363125725427
559,constant,7.0,1.222568307252767e-18,0.6129179213408764,9.700190016682167e-10,0.5293663709655707,0.0005134954386807498,21,19,hbr,False,S21_D19 hbr,mild_master_18,,
567,Linear,7.0,5.3374199504841994e-17,0.875288016372685,6.050726003699946e-13,-0.16278420356036408,-9.849626134742805e-08,22,10,hbr,False,S22_D10 hbr,mild_master_18,,
568,ShortHbO,7.0,5.3374199504841994e-17,0.7048920446011928,0.013191037383171457,-0.3945896677685958,-5205.047058548752,22,10,hbr,False,S22_D10 hbr,mild_master_18,,
569,az_itd=0_az=15,7.0,5.3374199504841994e-17,0.5317753045116065,5.400053090031564e-09,-0.6576669255801779,-0.0035514363136907984,22,10,hbr,False,S22_D10 hbr,mild_master_18,,0.030864875723698178
570,az_itd=0_az=5,7.0,5.3374199504841994e-17,0.13237285103548874,5.403239448486259e-09,1.7028832567698955,0.009201085989145855,22,10,hbr,False,S22_D10 hbr,mild_master_18,,0.023718723015029298
571,az_itd=15_az=0,7.0,5.3374199504841994e-17,6.221279362248028e-06,5.409283872456906e-09,12.03901423568557,0.06512244554537307,22,10,hbr,True,S22_D10 hbr,mild_master_18,,0.008182217352778921
572,az_itd=5_az=0,7.0,5.3374199504841994e-17,4.787825610254201e-05,5.4055979628569855e-09,-8.84143377149804,-0.04779323638394477,22,10,hbr,True,S22_D10 hbr,mild_master_18,,0.03314629694458754
573,constant,7.0,5.3374199504841994e-17,0.7741392258785044,6.409281734006499e-09,0.29829309280895605,0.0019118444711207472,22,10,hbr,False,S22_D10 hbr,mild_master_18,,
581,Linear,7.0,1.4901859648893415e-18,0.3247165917920455,1.0110253247469787e-13,-1.0591217330864977,-1.0707988941403591e-07,22,11,hbr,False,S22_D11 hbr,mild_master_18,,
582,ShortHbO,7.0,1.4901859648893415e-18,2.289724809284235e-10,0.002204111183668764,52.802890318829995,116383.44108176831,22,11,hbr,True,S22_D11 hbr,mild_master_18,,
583,az_itd=0_az=15,7.0,1.4901859648893415e-18,5.3871066129548174e-05,9.023033642015212e-10,8.681957273743295,0.007833759255952444,22,11,hbr,True,S22_D11 hbr,mild_master_18,,0.0052448223977707665
584,az_itd=0_az=5,7.0,1.4901859648893415e-18,0.08414807545767845,9.028357778473298e-10,-2.0117514994435752,-0.0018162812298356723,22,11,hbr,False,S22_D11 hbr,mild_master_18,,0.005298600915020222
585,az_itd=15_az=0,7.0,1.4901859648893415e-18,0.6121815421067457,9.038457501554618e-10,0.5304856796263193,0.00047947722704858053,22,11,hbr,False,S22_D11 hbr,mild_master_18,,-0.0051642885070949315
586,az_itd=5_az=0,7.0,1.4901859648893415e-18,1.4581562229027771e-06,9.032298657230865e-10,14.918704569460447,0.013475019525036156,22,11,hbr,True,S22_D11 hbr,mild_master_18,,0.01654109720512519
587,constant,7.0,1.4901859648893415e-18,0.926792701290112,1.0709369656726135e-09,0.09524076019070801,0.00010199685072698988,22,11,hbr,False,S22_D11 hbr,mild_master_18,,
595,Linear,7.0,7.900799749440804e-19,0.7586637961285371,7.36168663789988e-14,-0.3195103835186441,-2.3521353210194683e-08,22,12,hbr,False,S22_D12 hbr,mild_master_18,,
596,ShortHbO,7.0,7.900799749440804e-19,7.969292359261159e-11,0.0016049030080745774,61.41356289671546,98562.81182951591,22,12,hbr,True,S22_D12 hbr,mild_master_18,,
597,az_itd=0_az=15,7.0,7.900799749440804e-19,0.11983614496360666,6.570037819019822e-10,1.7711426732239186,0.0011636474345961012,22,12,hbr,False,S22_D12 hbr,mild_master_18,,-0.005269180004242731
598,az_itd=0_az=5,7.0,7.900799749440804e-19,0.20977760868636022,6.573914539341507e-10,1.3809266968085117,0.0009078094089914315,22,12,hbr,False,S22_D12 hbr,mild_master_18,,0.007174408495965066
599,az_itd=15_az=0,7.0,7.900799749440804e-19,0.0034804194265057402,6.581268558537104e-10,-4.319945823225591,-0.002843072362097827,22,12,hbr,True,S22_D12 hbr,mild_master_18,,-0.005953839959658554
600,az_itd=5_az=0,7.0,7.900799749440804e-19,5.946111992723893e-05,6.576784053465539e-10,8.550335441002881,0.005623370978016898,22,12,hbr,True,S22_D12 hbr,mild_master_18,,0.006983756095286521
601,constant,7.0,7.900799749440804e-19,0.9871122741665389,7.797927665361065e-10,0.016738571191227705,1.3052616737069022e-05,22,12,hbr,False,S22_D12 hbr,mild_master_18,,
609,Linear,7.0,2.62841785934172e-18,0.6036987088517775,1.3427309654520504e-13,0.5434330241727192,7.296843492059627e-08,22,19,hbr,False,S22_D19 hbr,mild_master_18,,
610,ShortHbO,7.0,2.62841785934172e-18,2.1161612494126e-08,0.002927254407155309,27.577149888008762,80725.33354645618,22,19,hbr,True,S22_D19 hbr,mild_master_18,,
611,az_itd=0_az=15,7.0,2.62841785934172e-18,0.49688537760910556,1.1983385951762847e-09,0.7164995678290925,0.0008586090855567299,22,19,hbr,False,S22_D19 hbr,mild_master_18,,-0.00705918110736202
612,az_itd=0_az=5,7.0,2.62841785934172e-18,0.001989985798736753,1.1990456875419833e-09,-4.7896304877535565,-0.005742985781260508,22,19,hbr,True,S22_D19 hbr,mild_master_18,,-0.008748771089651533
613,az_itd=15_az=0,7.0,2.62841785934172e-18,0.00024143184383545107,1.200387020008326e-09,-6.8525552748941685,-0.008225718405872546,22,19,hbr,True,S22_D19 hbr,mild_master_18,,-0.012220666219641777
614,az_itd=5_az=0,7.0,2.62841785934172e-18,0.00010288816229454771,1.1995690710625892e-09,-7.849400565506166,-0.009415898144762392,22,19,hbr,True,S22_D19 hbr,mild_master_18,,0.0004455363674747747
615,constant,7.0,2.62841785934172e-18,0.5138658607408584,1.4222989183933147e-09,0.6875482975545922,0.0009778991999550614,22,19,hbr,False,S22_D19 hbr,mild_master_18,,
665,Linear,7.0,7.550096941144023e-16,0.2847474069854192,2.2757160043030812e-12,1.1582491499981993,2.6358461276213423e-06,23,9,hbr,False,S23_D9 hbr,mild_master_18,,
666,ShortHbO,7.0,7.550096941144023e-16,6.467191450056382e-06,0.049612319030620834,-11.969675712468328,-593843.3701400524,23,9,hbr,True,S23_D9 hbr,mild_master_18,,
667,az_itd=0_az=15,7.0,7.550096941144023e-16,0.00017380326877658453,2.0309938400047478e-08,-7.223962574287975,-0.14671823488803717,23,9,hbr,True,S23_D9 hbr,mild_master_18,,-0.05563540877534869
668,az_itd=0_az=5,7.0,7.550096941144023e-16,0.0011249315095874786,2.0321922494065887e-08,5.298718908801262,0.10768015498250062,23,9,hbr,True,S23_D9 hbr,mild_master_18,,0.07600460841036831
669,az_itd=15_az=0,7.0,7.550096941144023e-16,0.23668200882483342,2.0344655951767294e-08,-1.2941161905578538,-0.026328348658511257,23,9,hbr,False,S23_D9 hbr,mild_master_18,,-0.10037946318582164
670,az_itd=5_az=0,7.0,7.550096941144023e-16,0.0009512502275377952,2.033079301455642e-08,-5.4546722980225395,-0.11089781345333105,23,9,hbr,True,S23_D9 hbr,mild_master_18,,0.07111297689225558
671,constant,7.0,7.550096941144023e-16,0.6500078523956148,2.410571063579314e-08,-0.47388275055469004,-0.011423280460165098,23,9,hbr,False,S23_D9 hbr,mild_master_18,,
623,Linear,7.0,2.6623798498667196e-18,0.1265281428286297,1.351377888557519e-13,1.7339043178596307,2.3431599560299132e-07,23,10,hbr,False,S23_D10 hbr,mild_master_18,,
624,ShortHbO,7.0,2.6623798498667196e-18,0.0008023945661579436,0.002946105349317274,-5.616026385807981,-16545.40537713585,23,10,hbr,True,S23_D10 hbr,mild_master_18,,
625,az_itd=0_az=15,7.0,2.6623798498667196e-18,0.5490294013668036,1.2060556598403266e-09,0.6294650696800691,0.0007591699099594329,23,10,hbr,False,S23_D10 hbr,mild_master_18,,0.01728967757529075
626,az_itd=0_az=5,7.0,2.6623798498667196e-18,0.19838885657919894,1.2067673057416715e-09,-1.4206675699796951,-0.0017144151757789643,23,10,hbr,False,S23_D10 hbr,mild_master_18,,0.0071125723993040076
627,az_itd=15_az=0,7.0,2.6623798498667196e-18,3.232529447729372e-05,1.2081172761250607e-09,-9.390897096698685,-0.011345305020834357,23,10,hbr,True,S23_D10 hbr,mild_master_18,,-0.011486963356425899
628,az_itd=5_az=0,7.0,2.6623798498667196e-18,5.617849185394957e-07,1.2072940597491237e-09,-17.153276914696335,-0.020709049324344662,23,10,hbr,True,S23_D10 hbr,mild_master_18,,-0.01799716105689291
629,constant,7.0,2.6623798498667196e-18,0.9845424655258697,1.431458243453043e-09,-0.02007670715478241,-2.8738967958105974e-05,23,10,hbr,False,S23_D10 hbr,mild_master_18,,
637,Linear,7.0,4.085927161810906e-18,0.10770199581799426,1.6741220247014071e-13,1.844057797191325,3.0871777731003583e-07,23,11,hbr,False,S23_D11 hbr,mild_master_18,,
638,ShortHbO,7.0,4.085927161810906e-18,2.7452932283544954e-06,0.0036497118194284803,13.591697875870484,49605.78038366548,23,11,hbr,True,S23_D11 hbr,mild_master_18,,
639,az_itd=0_az=15,7.0,4.085927161810906e-18,0.024984307852910184,1.494093073632927e-09,-2.8416824898474315,-0.004245738125545018,23,11,hbr,True,S23_D11 hbr,mild_master_18,,0.007303348930706827
640,az_itd=0_az=5,7.0,4.085927161810906e-18,0.0009870883160464198,1.494974679057522e-09,-5.420023477982032,-0.008102797859480424,23,11,hbr,True,S23_D11 hbr,mild_master_18,,-0.010873089853206938
641,az_itd=15_az=0,7.0,4.085927161810906e-18,3.1752913204631565e-06,1.4966470574282669e-09,-13.30259153393812,-0.019909284475438663,23,11,hbr,True,S23_D11 hbr,mild_master_18,,-0.01479866344878521
642,az_itd=5_az=0,7.0,4.085927161810906e-18,8.800429611406154e-06,1.4956272356021735e-09,-11.431530878940048,-0.01709730892716999,23,11,hbr,True,S23_D11 hbr,mild_master_18,,-0.00452616984300237
643,constant,7.0,4.085927161810906e-18,0.8749813499421043,1.7733276480963584e-09,0.16318856074493412,0.00028938678662204374,23,11,hbr,False,S23_D11 hbr,mild_master_18,,
651,Linear,7.0,4.829439474420915e-18,0.4878570697417882,1.8200786848042553e-13,0.7321555333152864,1.3325806801486447e-07,23,19,hbr,False,S23_D19 hbr,mild_master_18,,
652,ShortHbO,7.0,4.829439474420915e-18,7.312869732521905e-05,0.0039679083066867385,-8.279961985149352,-32854.12993992454,23,19,hbr,True,S23_D19 hbr,mild_master_18,,
653,az_itd=0_az=15,7.0,4.829439474420915e-18,0.0004016188168240266,1.6243540890742334e-09,6.3065693141371675,0.010244101653448792,23,19,hbr,True,S23_D19 hbr,mild_master_18,,0.025358263295888587
654,az_itd=0_az=5,7.0,4.829439474420915e-18,0.0005940289052736309,1.6253125563890633e-09,5.909055779498855,0.009604062554822853,23,19,hbr,True,S23_D19 hbr,mild_master_18,,0.022543813662745413
655,az_itd=15_az=0,7.0,4.829439474420915e-18,2.793462931043119e-05,1.6271307394011789e-09,-9.602511147460248,-0.015624541063475056,23,19,hbr,True,S23_D19 hbr,mild_master_18,,-0.00718509899514435
656,az_itd=5_az=0,7.0,4.829439474420915e-18,3.314836704786968e-06,1.626022005425648e-09,-13.218245211545575,-0.021493157587085306,23,19,hbr,True,S23_D19 hbr,mild_master_18,,-0.02239148058213492
657,constant,7.0,4.829439474420915e-18,0.9816512748653513,1.927933451595269e-09,-0.02383262044359974,-4.5947706192389206e-05,23,19,hbr,False,S23_D19 hbr,mild_master_18,,
707,Linear,7.0,7.0806363205832e-18,0.2116182909917908,2.2038292560283994e-13,1.3746844281576418,3.029569760580481e-07,24,9,hbr,False,S24_D9 hbr,mild_master_18,,
708,ShortHbO,7.0,7.0806363205832e-18,2.47903722984815e-07,0.004804513389735565,-19.322155368912615,-92833.5541884916,24,9,hbr,True,S24_D9 hbr,mild_master_18,,
709,az_itd=0_az=15,7.0,7.0806363205832e-18,0.003417426068110069,1.9668375293544817e-09,-4.334871504414888,-0.008525987959812525,24,9,hbr,True,S24_D9 hbr,mild_master_18,,0.008278455176432943
710,az_itd=0_az=5,7.0,7.0806363205832e-18,0.009905157107464433,1.967998082646493e-09,3.506558854747032,0.006900901102829243,24,9,hbr,True,S24_D9 hbr,mild_master_18,,0.01570067042500016
711,az_itd=15_az=0,7.0,7.0806363205832e-18,3.3186701460813554e-06,1.9701996165408064e-09,-13.215985463183104,-0.026038129491772224,24,9,hbr,True,S24_D9 hbr,mild_master_18,,-0.010332753782429024
712,az_itd=5_az=0,7.0,7.0806363205832e-18,3.3071097901009064e-06,1.9688571139375794e-09,-13.222809146863225,-0.026033821855040554,24,9,hbr,True,S24_D9 hbr,mild_master_18,,-0.017918062485115894
713,constant,7.0,7.0806363205832e-18,0.6780631602542686,2.3344244288858402e-09,0.4329712438945511,0.0010107386487525293,24,9,hbr,False,S24_D9 hbr,mild_master_18,,
679,Linear,7.0,8.024902901630096e-18,0.042609232074138866,2.3461819698967744e-13,2.473574961030768,5.803456974758504e-07,24,10,hbr,True,S24_D10 hbr,mild_master_18,,
680,ShortHbO,7.0,8.024902901630096e-18,3.9436072612800145e-06,0.005114853003376209,-12.882659867376471,-65892.9115141247,24,10,hbr,True,S24_D10 hbr,mild_master_18,,
681,az_itd=0_az=15,7.0,8.024902901630096e-18,4.000334131917077e-05,2.0938821537399256e-09,-9.0892527437728,-0.019031824111017517,24,10,hbr,True,S24_D10 hbr,mild_master_18,,-0.0002897569580383387
682,az_itd=0_az=5,7.0,8.024902901630096e-18,0.01939235187443073,2.095117671056602e-09,-3.0197795310549904,-0.006326793458208329,24,10,hbr,True,S24_D10 hbr,mild_master_18,,0.011199226076392137
683,az_itd=15_az=0,7.0,8.024902901630096e-18,3.5275976068442726e-07,2.0974614093996817e-09,-18.3563792866897,-0.038501797170135306,24,10,hbr,True,S24_D10 hbr,mild_master_18,,-0.023488024995003687
684,az_itd=5_az=0,7.0,8.024902901630096e-18,3.7413835142467864e-07,2.096032190056298e-09,-18.199887626446937,-0.03814755032044009,24,10,hbr,True,S24_D10 hbr,mild_master_18,,-0.04038331042561419
685,constant,7.0,8.024902901630096e-18,0.6416281287983998,2.4852127224269658e-09,0.48627144740639505,0.001208487987647348,24,10,hbr,False,S24_D10 hbr,mild_master_18,,
693,Linear,7.0,1.8761522714901835e-17,0.2496441293419956,3.587367270919699e-13,1.2553192203873698,4.5032910857740826e-07,24,19,hbr,False,S24_D19 hbr,mild_master_18,,
694,ShortHbO,7.0,1.8761522714901835e-17,6.911695128935613e-07,0.007820730231203865,-16.642101922474968,-130153.38961587595,24,19,hbr,True,S24_D19 hbr,mild_master_18,,
695,az_itd=0_az=15,7.0,1.8761522714901835e-17,0.18541958048485857,3.20159493332904e-09,-1.4684910224418937,-0.004701513417089148,24,19,hbr,False,S24_D19 hbr,mild_master_18,,0.018827407474623636
696,az_itd=0_az=5,7.0,1.8761522714901835e-17,0.0009818761927145585,3.2034840682901675e-09,5.424974708473885,0.017378820049473186,24,19,hbr,True,S24_D19 hbr,mild_master_18,,0.056851489281995446
697,az_itd=15_az=0,7.0,1.8761522714901835e-17,8.78864120054332e-06,3.207067699198359e-09,-11.433823830265172,-0.0366690470843679,24,19,hbr,True,S24_D19 hbr,mild_master_18,,-0.005577651982819715
698,az_itd=5_az=0,7.0,1.8761522714901835e-17,2.973751550185939e-06,3.2048823892943516e-09,-13.432159647124635,-0.04304849190325997,24,19,hbr,True,S24_D19 hbr,mild_master_18,,-0.029319565753638786
699,constant,7.0,1.8761522714901835e-17,0.9978729528965369,3.799948553052768e-09,-0.002762464193246969,-1.0497221813988902e-05,24,19,hbr,False,S24_D19 hbr,mild_master_18,,
