,Condition,df,mse,p_value,se,t,theta,Source,Detector,Chroma,Significant,ch_name,ID,mean_hbo,mean_hbr
490,Linear,7.0,6.759566445122318e-17,0.6435069463349226,7.37129963904697e-13,-0.4834866636989999,-3.5639250696084613e-07,1,7,hbo,False,S1_D7 hbo,mild_master_10,,
491,ShortHbO,7.0,6.759566445122318e-17,0.19545432140627841,0.000955933960698758,1.4312371392090943,1368.168187183309,1,7,hbo,False,S1_D7 hbo,mild_master_10,,
492,az_itd=0_az=15,7.0,6.759566445122318e-17,0.0006994599665892,6.056771708582346e-09,5.748545097389594,0.034817625311379045,1,7,hbo,True,S1_D7 hbo,mild_master_10,0.05118539663289285,
493,az_itd=0_az=5,7.0,6.759566445122318e-17,0.06514915376636679,6.066330494319151e-09,2.1850915298415026,0.013255487380355993,1,7,hbo,False,S1_D7 hbo,mild_master_10,0.025218360849991253,
494,az_itd=15_az=0,7.0,6.759566445122318e-17,0.024105326517255304,6.062932074635888e-09,2.866704385793995,0.017380633969129783,1,7,hbo,True,S1_D7 hbo,mild_master_10,-0.004779502705029087,
495,az_itd=5_az=0,7.0,6.759566445122318e-17,5.821307087369545e-05,6.171569889634166e-09,8.578471867527949,0.05294263867670927,1,7,hbo,True,S1_D7 hbo,mild_master_10,-0.0661794897386027,
496,constant,7.0,6.759566445122318e-17,0.354156771457458,7.209338357907689e-09,-0.9921871591003901,-0.0071530129443259025,1,7,hbo,False,S1_D7 hbo,mild_master_10,,
504,Linear,7.0,1.7711587779104794e-17,0.1719421990826199,3.7732309890796627e-13,-1.5215088565155537,-5.741004367563649e-07,1,8,hbo,False,S1_D8 hbo,mild_master_10,,
505,ShortHbO,7.0,1.7711587779104794e-17,6.20700609959597e-06,0.0004893247894734279,12.043134081717158,5893.004049136512,1,8,hbo,True,S1_D8 hbo,mild_master_10,,
506,az_itd=0_az=15,7.0,1.7711587779104794e-17,7.525681290306111e-05,3.1003486255727096e-09,8.243048602295458,0.025556324404655772,1,8,hbo,True,S1_D8 hbo,mild_master_10,0.04720483081659296,
507,az_itd=0_az=5,7.0,1.7711587779104794e-17,2.844453878057424e-05,3.105241589951614e-09,9.576065591933219,0.02973599714417565,1,8,hbo,True,S1_D8 hbo,mild_master_10,0.06945352176461442,
508,az_itd=15_az=0,7.0,1.7711587779104794e-17,1.1349972509312186e-06,3.1035020022139424e-09,15.477225607287837,0.048033600660934705,1,8,hbo,True,S1_D8 hbo,mild_master_10,0.03293906440461628,
509,az_itd=5_az=0,7.0,1.7711587779104794e-17,4.143463692999559e-06,3.159111676248358e-09,12.788600467171571,0.04040061705871691,1,8,hbo,True,S1_D8 hbo,mild_master_10,-0.014218274855986077,
510,constant,7.0,1.7711587779104794e-17,0.20676139261447393,3.690326025918405e-09,-1.3912612406515108,-0.0051342075652277995,1,8,hbo,False,S1_D8 hbo,mild_master_10,,
770,Linear,7.0,5.22639031689018e-16,0.26327020738381857,2.049677647226952e-12,-1.2163500807090553,-2.4931255716320496e-06,2,6,hbo,False,S2_D6 hbo,mild_master_10,,
771,ShortHbO,7.0,5.22639031689018e-16,0.21124650992122204,0.0026580882170226033,-1.3759413587956895,-3657.3735131288927,2,6,hbo,False,S2_D6 hbo,mild_master_10,,
772,az_itd=0_az=15,7.0,5.22639031689018e-16,0.009364958370893432,1.68415750184358e-08,-3.5483076726544485,-0.05975908985750123,2,6,hbo,True,S2_D6 hbo,mild_master_10,-0.03537612425015759,
773,az_itd=0_az=5,7.0,5.22639031689018e-16,0.9148346843945954,1.6868154360504027e-08,-0.11086563644980553,-0.0018700986689108414,2,6,hbo,False,S2_D6 hbo,mild_master_10,-0.15252839458203893,
774,az_itd=15_az=0,7.0,5.22639031689018e-16,0.5113016938525328,1.6858704649867137e-08,0.6918802330194062,0.011664204501555421,2,6,hbo,False,S2_D6 hbo,mild_master_10,0.043431042142501285,
775,az_itd=5_az=0,7.0,5.22639031689018e-16,0.0007409825366015981,1.716078503182043e-08,-5.692622469725479,-0.09768987047026965,2,6,hbo,True,S2_D6 hbo,mild_master_10,0.03055995262127123,
776,constant,7.0,5.22639031689018e-16,0.18222499219128516,2.0046423842579995e-08,1.4807333630765414,0.02968340859408124,2,6,hbo,False,S2_D6 hbo,mild_master_10,,
784,Linear,7.0,3.102707442744037e-17,0.8527613634341815,4.994074979185301e-13,-0.19257279764837698,-9.617229904074735e-08,2,7,hbo,False,S2_D7 hbo,mild_master_10,,
785,ShortHbO,7.0,3.102707442744037e-17,0.008366185967572682,0.0006476477837897795,3.632843834901788,2352.803258528507,2,7,hbo,True,S2_D7 hbo,mild_master_10,,
786,az_itd=0_az=15,7.0,3.102707442744037e-17,0.002435307746362296,4.103478833534331e-09,4.616806890272054,0.01894496935274683,2,7,hbo,True,S2_D7 hbo,mild_master_10,0.05257719412206568,
787,az_itd=0_az=5,7.0,3.102707442744037e-17,0.0011961551124056297,4.1099549361237174e-09,5.242367094994724,0.02154589251904612,2,7,hbo,True,S2_D7 hbo,mild_master_10,-0.003709047791920702,
788,az_itd=15_az=0,7.0,3.102707442744037e-17,0.00034657953340197696,4.107652497810254e-09,6.461198531106451,0.026540358285147354,2,7,hbo,True,S2_D7 hbo,mild_master_10,0.03364024734940097,
789,az_itd=5_az=0,7.0,3.102707442744037e-17,0.010365539918018576,4.18125490447438e-09,3.472874790805481,0.014520974751680855,2,7,hbo,True,S2_D7 hbo,mild_master_10,-0.0664346528531224,
790,constant,7.0,3.102707442744037e-17,0.29795884685361557,4.884345783339037e-09,-1.1242943430098402,-0.005491442333512046,2,7,hbo,False,S2_D7 hbo,mild_master_10,,
798,Linear,7.0,2.3068956462131595e-17,0.7375948236498256,4.306243853495455e-13,0.34866163953580853,1.5014220422007234e-07,2,8,hbo,False,S2_D8 hbo,mild_master_10,,
799,ShortHbO,7.0,2.3068956462131595e-17,0.45964616833949656,0.0005584476203898841,0.7823583091732766,436.90613605006956,2,8,hbo,False,S2_D8 hbo,mild_master_10,,
800,az_itd=0_az=15,7.0,2.3068956462131595e-17,0.000345179525667395,3.538309011880028e-09,-6.465484392874332,-0.02287688169347692,2,8,hbo,True,S2_D8 hbo,mild_master_10,0.007892688405487255,
801,az_itd=0_az=5,7.0,2.3068956462131595e-17,0.004783133162623757,3.5438931645181803e-09,4.064366365357508,0.014403680180288076,2,8,hbo,True,S2_D8 hbo,mild_master_10,0.03132653741596459,
802,az_itd=15_az=0,7.0,2.3068956462131595e-17,3.2871294868032814e-05,3.5419078397329647e-09,9.366878920118843,0.033176621880998375,2,8,hbo,True,S2_D8 hbo,mild_master_10,0.04377616538836786,
803,az_itd=5_az=0,7.0,2.3068956462131595e-17,0.002249509316611435,3.605373028505836e-09,-4.684283923616146,-0.016888590916069146,2,8,hbo,True,S2_D8 hbo,mild_master_10,-0.07913987731249235,
804,constant,7.0,2.3068956462131595e-17,0.7208116820887978,4.211627597806187e-09,-0.3721222121497263,-0.0015672401784464758,2,8,hbo,False,S2_D8 hbo,mild_master_10,,
812,Linear,7.0,4.5601828786783365e-17,0.0012833204292737282,6.054465021784012e-13,-5.178278143616873,-3.1351703893597e-06,3,5,hbo,True,S3_D5 hbo,mild_master_10,,
813,ShortHbO,7.0,4.5601828786783365e-17,2.4087813941079323e-05,0.0007851625916178827,9.821538357592246,7711.50451052157,3,5,hbo,True,S3_D5 hbo,mild_master_10,,
814,az_itd=0_az=15,7.0,4.5601828786783365e-17,2.4130602230241473e-08,4.974768934950513e-09,27.060504333063726,0.13461975632021916,3,5,hbo,True,S3_D5 hbo,mild_master_10,0.14660830218149382,
815,az_itd=0_az=5,7.0,4.5601828786783365e-17,2.188689987695537e-07,4.982620105941807e-09,19.67479695940688,0.09803203891026344,3,5,hbo,True,S3_D5 hbo,mild_master_10,0.056343714145384825,
816,az_itd=15_az=0,7.0,4.5601828786783365e-17,1.62331451203061e-08,4.979828791776165e-09,28.65024180772837,0.14267329904547493,3,5,hbo,True,S3_D5 hbo,mild_master_10,0.12279002179499546,
817,az_itd=5_az=0,7.0,4.5601828786783365e-17,2.3427705580442996e-07,5.069059169478618e-09,19.481440497019626,0.09875257458606942,3,5,hbo,True,S3_D5 hbo,mild_master_10,0.046313768730685115,
818,constant,7.0,4.5601828786783365e-17,0.2751452334428679,5.921437067480436e-09,-1.1837555790600929,-0.0070095341646832015,3,5,hbo,False,S3_D5 hbo,mild_master_10,,
826,Linear,7.0,1.1391430835068248e-17,0.4237106433446861,3.0260338613248867e-13,-0.8494818775045508,-2.5705609259106103e-07,3,6,hbo,False,S3_D6 hbo,mild_master_10,,
827,ShortHbO,7.0,1.1391430835068248e-17,0.0016114857208197788,0.0003924258510591286,4.974212080216125,1952.0094089274116,3,6,hbo,True,S3_D6 hbo,mild_master_10,,
828,az_itd=0_az=15,7.0,1.1391430835068248e-17,1.2647269832083082e-06,2.4863995737465884e-09,15.233574170555883,0.037876752324307185,3,6,hbo,True,S3_D6 hbo,mild_master_10,0.053527394667215226,
829,az_itd=0_az=5,7.0,1.1391430835068248e-17,0.38572341193107035,2.490323604884802e-09,-0.9250426228803388,-0.0023036554792834575,3,6,hbo,False,S3_D6 hbo,mild_master_10,-0.022767603727921474,
830,az_itd=15_az=0,7.0,1.1391430835068248e-17,1.0422675784236055e-06,2.4889285004201734e-09,15.671708825602154,0.03900576274632757,3,6,hbo,True,S3_D6 hbo,mild_master_10,0.05232800467515583,
831,az_itd=5_az=0,7.0,1.1391430835068248e-17,1.6333559088973794e-06,2.5335260236389744e-09,14.672091772606429,0.03717212632711767,3,6,hbo,True,S3_D6 hbo,mild_master_10,0.010728273652488508,
832,constant,7.0,1.1391430835068248e-17,0.0798141030576485,2.959546220752675e-09,-2.047587354917052,-0.006059929417905727,3,6,hbo,False,S3_D6 hbo,mild_master_10,,
840,Linear,7.0,9.903252595086703e-17,0.05975616240213135,8.922233255226438e-13,2.2436396217370427,2.0018276045805905e-06,4,2,hbo,False,S4_D2 hbo,mild_master_10,,
841,ShortHbO,7.0,9.903252595086703e-17,0.00015731037196456307,0.0011570640445501545,7.3397077348211335,8492.511917468195,4,2,hbo,True,S4_D2 hbo,mild_master_10,,
842,az_itd=0_az=15,7.0,9.903252595086703e-17,2.1930888182529858e-05,7.331126477530473e-09,-9.962479460958173,-0.07303619695808397,4,2,hbo,True,S4_D2 hbo,mild_master_10,-0.0896589191954065,
843,az_itd=0_az=5,7.0,9.903252595086703e-17,4.454418352767082e-07,7.34269644757059e-09,-17.743442331275848,-0.1302847109735328,4,2,hbo,True,S4_D2 hbo,mild_master_10,-0.1370543706077544,
844,az_itd=15_az=0,7.0,9.903252595086703e-17,0.008386028209924928,7.338582994774206e-09,3.6310599980717293,0.026646835154854054,4,2,hbo,True,S4_D2 hbo,mild_master_10,0.16134654723337838,
845,az_itd=5_az=0,7.0,9.903252595086703e-17,0.002762921296580022,7.470078385440225e-09,-4.510635306586908,-0.0336947993083384,4,2,hbo,True,S4_D2 hbo,mild_master_10,-0.016428901078452948,
846,constant,7.0,9.903252595086703e-17,0.7316813960425937,8.726195053091053e-09,-0.3569025239134893,-0.0031144010386096018,4,2,hbo,False,S4_D2 hbo,mild_master_10,,
854,Linear,7.0,9.898337401269303e-17,0.0039068015020187604,8.92001883384604e-13,-4.226132040731526,-3.769717739764541e-06,4,4,hbo,True,S4_D4 hbo,mild_master_10,,
855,ShortHbO,7.0,9.898337401269303e-17,0.00028422116039150707,0.0011567768712286949,6.673758754772727,7720.049771681107,4,4,hbo,True,S4_D4 hbo,mild_master_10,,
856,az_itd=0_az=15,7.0,9.898337401269303e-17,1.722144843856659e-08,7.329306955136264e-09,28.407536013942522,0.20820755128527282,4,4,hbo,True,S4_D4 hbo,mild_master_10,0.24121646815295758,
857,az_itd=0_az=5,7.0,9.898337401269303e-17,3.9533917089956684e-08,7.340874053609556e-09,25.201572961192994,0.1850015730609698,4,4,hbo,True,S4_D4 hbo,mild_master_10,0.14874150599525274,
858,az_itd=15_az=0,7.0,9.898337401269303e-17,6.721467311175677e-09,7.336761621736695e-09,32.52369032765894,0.23861856299321704,4,4,hbo,True,S4_D4 hbo,mild_master_10,0.11570645952935099,
859,az_itd=5_az=0,7.0,9.898337401269303e-17,2.740748404212231e-07,7.4682243763803e-09,19.042495511893016,0.14221362916903188,4,4,hbo,True,S4_D4 hbo,mild_master_10,0.007026378212569476,
860,constant,7.0,9.898337401269303e-17,0.023691437081675253,8.724029286702491e-09,-2.878821508116176,-0.025114923147994555,4,4,hbo,True,S4_D4 hbo,mild_master_10,,
868,Linear,7.0,1.2338321823198294e-17,0.48050612094582934,3.1492902714482126e-13,0.7450448560118806,2.34636251683075e-07,5,1,hbo,False,S5_D1 hbo,mild_master_10,,
869,ShortHbO,7.0,1.2338321823198294e-17,1.446722428531836e-07,0.0004084101406797219,20.892204785796608,8532.588295676751,5,1,hbo,True,S5_D1 hbo,mild_master_10,,
870,az_itd=0_az=15,7.0,1.2338321823198294e-17,0.0057732470214193424,2.5876756002673205e-09,3.916730657380801,0.010135228354923281,5,1,hbo,True,S5_D1 hbo,mild_master_10,0.008488757288843162,
871,az_itd=0_az=5,7.0,1.2338321823198294e-17,0.020665105424499997,2.591759465040408e-09,-2.974851473092324,-0.007710099462476432,5,1,hbo,True,S5_D1 hbo,mild_master_10,-0.06321110481827981,
872,az_itd=15_az=0,7.0,1.2338321823198294e-17,0.0227601893367808,2.5903075351812413e-09,2.906921625238295,0.007529820990036056,5,1,hbo,True,S5_D1 hbo,mild_master_10,0.020315868619519974,
873,az_itd=5_az=0,7.0,1.2338321823198294e-17,6.967327957785485e-05,2.636721604699341e-09,-8.342563167257632,-0.02199701654167716,5,1,hbo,True,S5_D1 hbo,mild_master_10,-0.036052436256058064,
874,constant,7.0,1.2338321823198294e-17,0.40579329414780285,3.080094456324738e-09,-0.8844746314229989,-0.002724265409005845,5,1,hbo,False,S5_D1 hbo,mild_master_10,,
882,Linear,7.0,6.328339246414178e-17,0.1439758469977824,7.132298664597396e-13,-1.6449583256985125,-1.173233406969787e-06,5,3,hbo,False,S5_D3 hbo,mild_master_10,,
883,ShortHbO,7.0,6.328339246414178e-17,0.0011084651324910443,0.0009249395418982787,5.312312888361494,4913.568249381402,5,3,hbo,True,S5_D3 hbo,mild_master_10,,
884,az_itd=0_az=15,7.0,6.328339246414178e-17,1.1497723912041775e-05,5.860391909733612e-09,10.982453946250349,0.06436148425562753,5,3,hbo,True,S5_D3 hbo,mild_master_10,0.14308569297697585,
885,az_itd=0_az=5,7.0,6.328339246414178e-17,4.99090087749932e-06,5.869640769240645e-09,12.440222937870358,0.07301963973456649,5,3,hbo,True,S5_D3 hbo,mild_master_10,0.019202083963144993,
886,az_itd=15_az=0,7.0,6.328339246414178e-17,2.3325184236038393e-06,5.8663525371302196e-09,13.922400856325556,0.08167371158644937,5,3,hbo,True,S5_D3 hbo,mild_master_10,0.05108575374610784,
887,az_itd=5_az=0,7.0,6.328339246414178e-17,0.0025667333980468054,5.971467968706567e-09,4.572424098168613,0.02730408404155588,5,3,hbo,True,S5_D3 hbo,mild_master_10,-0.054726296913114814,
888,constant,7.0,6.328339246414178e-17,0.3038849410520936,6.975588683216755e-09,-1.1094635125829018,-0.007739161122815199,5,3,hbo,False,S5_D3 hbo,mild_master_10,,
896,Linear,7.0,2.7724888992688184e-17,0.4317828710305335,4.72084294787522e-13,-0.8340642170143604,-3.9374861769673103e-07,6,1,hbo,False,S6_D1 hbo,mild_master_10,,
897,ShortHbO,7.0,2.7724888992688184e-17,0.001249188301815111,0.0006122141709033304,5.202780126025325,3185.2157212469187,6,1,hbo,True,S6_D1 hbo,mild_master_10,,
898,az_itd=0_az=15,7.0,2.7724888992688184e-17,1.8243281275836093e-05,3.87897242107606e-09,10.244281384486401,0.03973728496416563,6,1,hbo,True,S6_D1 hbo,mild_master_10,0.02637177977733034,
899,az_itd=0_az=5,7.0,2.7724888992688184e-17,0.0027874451862011664,3.885094208066893e-09,4.503253492366043,0.01749556406064832,6,1,hbo,True,S6_D1 hbo,mild_master_10,0.0045833619999392375,
900,az_itd=15_az=0,7.0,2.7724888992688184e-17,4.897948124893848e-07,3.882917739006991e-09,17.49971922073681,0.06794997018984054,6,1,hbo,True,S6_D1 hbo,mild_master_10,0.08034123700578664,
901,az_itd=5_az=0,7.0,2.7724888992688184e-17,3.242143770238281e-05,3.952493266786445e-09,9.386634632439375,0.03710061018250108,6,1,hbo,True,S6_D1 hbo,mild_master_10,0.009023687651650132,
902,constant,7.0,2.7724888992688184e-17,0.11848455307493225,4.617117172322014e-09,-1.7789043570769758,-0.008213409854978556,6,1,hbo,False,S6_D1 hbo,mild_master_10,,
910,Linear,7.0,4.494844781188139e-17,0.4417204463115153,6.010934480514537e-13,-0.8153622542420714,-4.901089088133727e-07,6,2,hbo,False,S6_D2 hbo,mild_master_10,,
911,ShortHbO,7.0,4.494844781188139e-17,4.1900416825436705e-06,0.0007795174103384971,12.767420086621307,9952.42624262675,6,2,hbo,True,S6_D2 hbo,mild_master_10,,
912,az_itd=0_az=15,7.0,4.494844781188139e-17,0.14494958628852816,4.939001219116034e-09,-1.6402988338989641,-0.008101437940341592,6,2,hbo,False,S6_D2 hbo,mild_master_10,-0.052730884535749464,
913,az_itd=0_az=5,7.0,4.494844781188139e-17,0.9232026412046956,4.946795941565363e-09,-0.09992870758510936,-0.000494326925127891,6,2,hbo,False,S6_D2 hbo,mild_master_10,-0.06151298429642473,
914,az_itd=15_az=0,7.0,4.494844781188139e-17,3.976952959683126e-06,4.9440246964588455e-09,12.866594247142093,0.06361275971718582,6,2,hbo,True,S6_D2 hbo,mild_master_10,0.05401696066251041,
915,az_itd=5_az=0,7.0,4.494844781188139e-17,0.00036796910963968893,5.032613523400812e-09,6.398035298221462,0.032198838965025074,6,2,hbo,True,S6_D2 hbo,mild_master_10,0.023865949638194234,
916,constant,7.0,4.494844781188139e-17,0.6565655879655101,5.878862973863061e-09,-0.4642436696002506,-0.0027292249200632293,6,2,hbo,False,S6_D2 hbo,mild_master_10,,
924,Linear,7.0,2.155930450571864e-15,0.45872078375747316,4.162957891044917e-12,0.7840400684839761,3.2639257899907656e-06,7,7,hbo,False,S7_D7 hbo,mild_master_10,,
925,ShortHbO,7.0,2.155930450571864e-15,0.8139718599803649,0.0053986583368943394,0.24434395443113502,1319.1295266593777,7,7,hbo,False,S7_D7 hbo,mild_master_10,,
926,az_itd=0_az=15,7.0,2.155930450571864e-15,8.726145013987633e-05,3.4205753141464196e-08,-8.054766660497602,-0.2755193600010769,7,7,hbo,True,S7_D7 hbo,mild_master_10,0.08534225827595457,
927,az_itd=0_az=5,7.0,2.155930450571864e-15,4.291607823716262e-05,3.425973659683895e-08,-8.991625020504566,-0.30805070478003305,7,7,hbo,True,S7_D7 hbo,mild_master_10,-0.013138394984183038,
928,az_itd=15_az=0,7.0,2.155930450571864e-15,0.04695038961422056,3.4240543945976426e-08,-2.4074371761797932,-0.0824319584281616,7,7,hbo,True,S7_D7 hbo,mild_master_10,-0.40209701846186013,
929,az_itd=5_az=0,7.0,2.155930450571864e-15,8.512483518524673e-05,3.4854078426134163e-08,8.086051736602473,0.28183188138532095,7,7,hbo,True,S7_D7 hbo,mild_master_10,0.19383976622172794,
930,constant,7.0,2.155930450571864e-15,0.7558369340503537,4.0714898967456526e-08,-0.3234033504265494,-0.013167334738353896,7,7,hbo,False,S7_D7 hbo,mild_master_10,,
938,Linear,7.0,1.7913270182705372e-16,0.2493559316329858,1.1999746813700836e-12,-1.2561628187415965,-1.5073635781683933e-06,8,6,hbo,False,S8_D6 hbo,mild_master_10,,
939,ShortHbO,7.0,1.7913270182705372e-16,3.5603049277300357e-07,0.0015561659491142887,18.331747268244936,28527.24088661165,8,6,hbo,True,S8_D6 hbo,mild_master_10,,
940,az_itd=0_az=15,7.0,1.7913270182705372e-16,5.6652307331916513e-05,9.859825345638927e-09,-8.614634033787716,-0.08493878698974382,8,6,hbo,True,S8_D6 hbo,mild_master_10,0.06205678645967306,
941,az_itd=0_az=5,7.0,1.7913270182705372e-16,7.3953971523090664e-06,9.875386103484187e-09,11.73260690387712,0.11586402317619073,8,6,hbo,True,S8_D6 hbo,mild_master_10,0.19161389870200488,
942,az_itd=15_az=0,7.0,1.7913270182705372e-16,9.032361558921446e-08,9.869853812333e-09,22.36657450443632,0.22075482064144086,8,6,hbo,True,S8_D6 hbo,mild_master_10,0.08851928511869896,
943,az_itd=5_az=0,7.0,1.7913270182705372e-16,1.1860780225817156e-05,1.00467054312073e-08,10.931284002697806,0.10982339035997353,8,6,hbo,True,S8_D6 hbo,mild_master_10,0.1587220117781801,
944,constant,7.0,1.7913270182705372e-16,0.2697416960342559,1.1736089865474367e-08,-1.1984375647044563,-0.014064970957531751,8,6,hbo,False,S8_D6 hbo,mild_master_10,,
28,Linear,7.0,7.590131486724432e-17,0.4823046370070876,7.811047779734935e-13,0.7418792394701622,5.794854186294852e-07,10,6,hbo,False,S10_D6 hbo,mild_master_10,,
29,ShortHbO,7.0,7.590131486724432e-17,0.0008455980801562814,0.0010129619208173498,5.565962760865218,5638.10832944387,10,6,hbo,True,S10_D6 hbo,mild_master_10,,
30,az_itd=0_az=15,7.0,7.590131486724432e-17,3.1148664175550417e-06,6.4180993207868215e-09,13.340432931320432,0.08562022353550981,10,6,hbo,True,S10_D6 hbo,mild_master_10,0.08889350601503934,
31,az_itd=0_az=5,7.0,7.590131486724432e-17,0.011410956884435578,6.42822835308269e-09,3.4020267411105505,0.021869004755152344,10,6,hbo,True,S10_D6 hbo,mild_master_10,-0.022146171127937177,
32,az_itd=15_az=0,7.0,7.590131486724432e-17,0.0026774770415333065,6.424627194559579e-09,-4.536930721888708,-0.029148088495679018,10,6,hbo,True,S10_D6 hbo,mild_master_10,0.09068615877234744,
33,az_itd=5_az=0,7.0,7.590131486724432e-17,0.30932994263937386,6.539745993847362e-09,-1.0960427068769165,-0.0071678409013839345,10,6,hbo,False,S10_D6 hbo,mild_master_10,-0.054400579657081574,
34,constant,7.0,7.590131486724432e-17,0.20512643251743068,7.639424407006381e-09,-1.3969192145286455,-0.01067165874208632,10,6,hbo,False,S10_D6 hbo,mild_master_10,,
0,Linear,7.0,2.6647504967602067e-17,0.9456604746153598,4.628208552992459e-13,-0.0706394477666147,-3.269340963321102e-08,10,14,hbo,False,S10_D14 hbo,mild_master_10,,
1,ShortHbO,7.0,2.6647504967602067e-17,0.08775596474660223,0.0006002010431872714,-1.9832836451551263,-1190.3689127583611,10,14,hbo,False,S10_D14 hbo,mild_master_10,,
2,az_itd=0_az=15,7.0,2.6647504967602067e-17,0.03990723123845064,3.8028575689276695e-09,-2.5183405924644524,-0.009576890583191234,10,14,hbo,True,S10_D14 hbo,mild_master_10,-0.013992540414604222,
3,az_itd=0_az=5,7.0,2.6647504967602067e-17,4.452738482504983e-05,3.808859231601773e-09,-8.94078874005274,-0.03405420573035107,10,14,hbo,True,S10_D14 hbo,mild_master_10,-0.040476718050361266,
4,az_itd=15_az=0,7.0,2.6647504967602067e-17,0.0007813502778945629,3.806725470146545e-09,5.641513841945796,0.02147569443231935,10,14,hbo,True,S10_D14 hbo,mild_master_10,0.07226114153342895,
5,az_itd=5_az=0,7.0,2.6647504967602067e-17,0.007928916059018645,3.874935757229441e-09,-3.6733625915013923,-0.014234044055077751,10,14,hbo,True,S10_D14 hbo,mild_master_10,-0.08223127751532583,
6,constant,7.0,2.6647504967602067e-17,0.4662956959395006,4.526518128870811e-09,0.7703413691301412,0.0034869641727867454,10,14,hbo,False,S10_D14 hbo,mild_master_10,,
14,Linear,7.0,3.652548070010961e-17,0.4355596513462544,5.418544130853307e-13,0.8269210592755354,4.480708252416452e-07,10,15,hbo,False,S10_D15 hbo,mild_master_10,,
15,ShortHbO,7.0,3.652548070010961e-17,0.0217593532087891,0.0007026943152316761,2.9385083766592497,2064.8731315391155,10,15,hbo,True,S10_D15 hbo,mild_master_10,,
16,az_itd=0_az=15,7.0,3.652548070010961e-17,0.000601497934373334,4.452252167258305e-09,5.89667034706938,0.026253463332347425,10,15,hbo,True,S10_D15 hbo,mild_master_10,0.0683947444906941,
17,az_itd=0_az=5,7.0,3.652548070010961e-17,0.005436262734595662,4.459278703268032e-09,3.9636464297843377,0.017675004111621664,10,15,hbo,True,S10_D15 hbo,mild_master_10,0.04134562390016617,
18,az_itd=15_az=0,7.0,3.652548070010961e-17,0.020066600344130794,4.45678057024799e-09,-2.9956020256873734,-0.013350740904279007,10,15,hbo,True,S10_D15 hbo,mild_master_10,0.05379782943864063,
19,az_itd=5_az=0,7.0,3.652548070010961e-17,0.000398924256975653,4.536638780288649e-09,6.313571398354128,0.028642392847894573,10,15,hbo,True,S10_D15 hbo,mild_master_10,0.002148783499175146,
20,constant,7.0,3.652548070010961e-17,0.15075806743196812,5.299488551468911e-09,-1.6130977905661306,-0.008548593273505004,10,15,hbo,False,S10_D15 hbo,mild_master_10,,
84,Linear,7.0,1.2474229517687154e-15,0.32340072196697983,3.1665876228929605e-12,1.0622237116458877,3.3636244580412893e-06,11,3,hbo,False,S11_D3 hbo,mild_master_10,,
85,ShortHbO,7.0,1.2474229517687154e-15,0.7047903245899905,0.004106533171188653,-0.3947339310219152,-1620.9879815351885,11,3,hbo,False,S11_D3 hbo,mild_master_10,,
86,az_itd=0_az=15,7.0,1.2474229517687154e-15,0.16087519893938046,2.6018883054881196e-08,1.5679676103046527,0.04079676588635829,11,3,hbo,False,S11_D3 hbo,mild_master_10,-0.13372802587874286,
87,az_itd=0_az=5,7.0,1.2474229517687154e-15,0.033485911986566703,2.6059946007258972e-08,-2.638715220129157,-0.06876477616509832,11,3,hbo,True,S11_D3 hbo,mild_master_10,0.07134127735475448,
88,az_itd=15_az=0,7.0,1.2474229517687154e-15,0.7040596552974352,2.604534696199779e-08,-0.3957704646798219,-0.010307979069897055,11,3,hbo,False,S11_D3 hbo,mild_master_10,-0.21330324357722635,
89,az_itd=5_az=0,7.0,1.2474229517687154e-15,1.8061094100240926e-06,2.6512036931469934e-08,-14.45679395644527,-0.3832790552839284,11,3,hbo,True,S11_D3 hbo,mild_master_10,-0.13511928633526338,
90,constant,7.0,1.2474229517687154e-15,0.9896450850133829,3.097011752509561e-08,0.01344870347071958,0.0004165079270483466,11,3,hbo,False,S11_D3 hbo,mild_master_10,,
98,Linear,7.0,3.793698489097198e-17,0.0004589233591832769,5.52224982956837e-13,-6.169007136931293,-3.406679861052489e-06,11,4,hbo,True,S11_D4 hbo,mild_master_10,,
99,ShortHbO,7.0,3.793698489097198e-17,7.363422256331297e-05,0.0007161432054103608,8.271084406175888,5923.280898858451,11,4,hbo,True,S11_D4 hbo,mild_master_10,,
100,az_itd=0_az=15,7.0,3.793698489097198e-17,1.3420931226968208e-07,4.537463971519915e-09,21.120654206929622,0.0958342075188737,11,4,hbo,True,S11_D4 hbo,mild_master_10,0.06048168790707091,
101,az_itd=0_az=5,7.0,3.793698489097198e-17,1.9068699311844506e-07,4.5446249886391134e-09,20.072278575135307,0.09122097879148541,11,4,hbo,True,S11_D4 hbo,mild_master_10,0.08851131030132992,
102,az_itd=15_az=0,7.0,3.793698489097198e-17,8.633988067694977e-07,4.542079043767019e-09,16.1095967990498,0.07317106202450037,11,4,hbo,True,S11_D4 hbo,mild_master_10,0.05500326783249091,
103,az_itd=5_az=0,7.0,3.793698489097198e-17,3.451667435918688e-08,4.623465662780716e-09,25.699732046101875,0.11882182865781722,11,4,hbo,True,S11_D4 hbo,mild_master_10,0.07902067911621419,
104,constant,7.0,3.793698489097198e-17,0.6680015766849042,5.400915641438187e-09,0.44754718021701095,0.00241716456591561,11,4,hbo,False,S11_D4 hbo,mild_master_10,,
42,Linear,7.0,4.6622153771238305e-17,0.27700611302594863,6.121823594609677e-13,-1.1787551999968267,-7.216131395609423e-07,11,11,hbo,False,S11_D11 hbo,mild_master_10,,
43,ShortHbO,7.0,4.6622153771238305e-17,0.30632683066174315,0.0007938978690399492,-1.103420825028143,-876.0034416441454,11,11,hbo,False,S11_D11 hbo,mild_master_10,,
44,az_itd=0_az=15,7.0,4.6622153771238305e-17,0.00174612874942851,5.0301154163307925e-09,-4.903507258400443,-0.024665207454570008,11,11,hbo,True,S11_D11 hbo,mild_master_10,-0.027706647046495538,
45,az_itd=0_az=5,7.0,4.6622153771238305e-17,0.0005633583762628639,5.038053935035068e-09,5.961807361250752,0.030035907036270387,11,11,hbo,True,S11_D11 hbo,mild_master_10,0.01680199180518499,
46,az_itd=15_az=0,7.0,4.6622153771238305e-17,0.07116661664654135,5.0352315662778435e-09,-2.1252596547882794,-0.010701174500326698,11,11,hbo,False,S11_D11 hbo,mild_master_10,0.003875176959125907,
47,az_itd=5_az=0,7.0,4.6622153771238305e-17,0.5916433232294145,5.12545467097981e-09,0.5620072842009589,0.0028805428599324823,11,11,hbo,False,S11_D11 hbo,mild_master_10,-0.06544664893921895,
48,constant,7.0,4.6622153771238305e-17,0.26179296405400426,5.987315646100904e-09,1.2204909692294514,0.007307464675992351,11,11,hbo,False,S11_D11 hbo,mild_master_10,,
56,Linear,7.0,1.808862808669632e-17,0.2754704949526969,3.813181342613646e-13,-1.182879534309432,-4.510534170788245e-07,11,12,hbo,False,S11_D12 hbo,mild_master_10,,
57,ShortHbO,7.0,1.808862808669632e-17,0.00010505449830304355,0.0004945056804363673,7.823734149962333,3868.880979380367,11,12,hbo,True,S11_D12 hbo,mild_master_10,,
58,az_itd=0_az=15,7.0,1.808862808669632e-17,0.0004160773843642758,3.1331746105253138e-09,6.269875642593006,0.019644615174523494,11,12,hbo,True,S11_D12 hbo,mild_master_10,0.0026447591513214103,
59,az_itd=0_az=5,7.0,1.808862808669632e-17,6.93131034659752e-05,3.138119380812028e-09,8.349289700966851,0.026201067826618334,11,12,hbo,True,S11_D12 hbo,mild_master_10,0.014490080146225204,
60,az_itd=15_az=0,7.0,1.808862808669632e-17,0.0027476175974908337,3.136361374603469e-09,4.515278505056299,0.014161545098835871,11,12,hbo,True,S11_D12 hbo,mild_master_10,0.011915642589537546,
61,az_itd=5_az=0,7.0,1.808862808669632e-17,1.0029400133710567e-06,3.1925598347853576e-09,15.760233281131953,0.05031548776018931,11,12,hbo,True,S11_D12 hbo,mild_master_10,0.033392740107878106,
62,constant,7.0,1.808862808669632e-17,0.2782515259295963,3.7293985952410326e-09,-1.1754242801091124,-0.004383625659051126,11,12,hbo,False,S11_D12 hbo,mild_master_10,,
70,Linear,7.0,3.165964033317652e-17,0.06931819293307237,5.0447265828763e-13,-2.1430813426359436,-1.0811259418461777e-06,11,13,hbo,False,S11_D13 hbo,mild_master_10,,
71,ShortHbO,7.0,3.165964033317652e-17,0.004132994563330637,0.0006542164474587469,4.180826152895915,2735.1652331901855,11,13,hbo,True,S11_D13 hbo,mild_master_10,,
72,az_itd=0_az=15,7.0,3.165964033317652e-17,7.4254059590928e-05,4.1450977088008954e-09,8.260292930718848,0.03423972130114693,11,13,hbo,True,S11_D13 hbo,mild_master_10,0.01830840877497089,
73,az_itd=0_az=5,7.0,3.165964033317652e-17,4.977718465060315e-05,4.151639494221073e-09,8.788562952870821,0.03648694505258667,11,13,hbo,True,S11_D13 hbo,mild_master_10,0.05000406616318405,
74,az_itd=15_az=0,7.0,3.165964033317652e-17,1.7447699389095067e-06,4.149313703796667e-09,14.530447723138835,0.06029138585992105,11,13,hbo,True,S11_D13 hbo,mild_master_10,0.044080461873860784,
75,az_itd=5_az=0,7.0,3.165964033317652e-17,2.726559174746395e-07,4.223662611053714e-09,19.056862856915913,0.08048975913273401,11,13,hbo,True,S11_D13 hbo,mild_master_10,-0.0046712545436798725,
76,constant,7.0,3.165964033317652e-17,0.2600210165863135,4.933884476277894e-09,-1.2254841081362737,-0.006046397017058821,11,13,hbo,False,S11_D13 hbo,mild_master_10,,
112,Linear,7.0,2.600843596753437e-17,0.03715196310859523,4.572374171947383e-13,-2.567335417040451,-1.1738818151601522e-06,13,1,hbo,True,S13_D1 hbo,mild_master_10,,
113,ShortHbO,7.0,2.600843596753437e-17,0.27684369719021124,0.0005929602602006658,-1.1791905095590605,-699.2131113742961,13,1,hbo,False,S13_D1 hbo,mild_master_10,,
114,az_itd=0_az=15,7.0,2.600843596753437e-17,0.04173334858227511,3.756980163851276e-09,-2.4877576107482926,-0.00934645599605138,13,1,hbo,True,S13_D1 hbo,mild_master_10,0.012492440619098908,
115,az_itd=0_az=5,7.0,2.600843596753437e-17,0.4223472367407104,3.762909422890839e-09,-0.8521066258903659,-0.003206400051870577,13,1,hbo,False,S13_D1 hbo,mild_master_10,-0.0007601549453185645,
116,az_itd=15_az=0,7.0,2.600843596753437e-17,0.34191419267833445,3.760801402983077e-09,-1.0194702123259582,-0.0038340250048149193,13,1,hbo,False,S13_D1 hbo,mild_master_10,0.011851487564233326,
117,az_itd=5_az=0,7.0,2.600843596753437e-17,0.06433061074722586,3.8281888059810024e-09,-2.1936562949355523,-0.008397730472442041,13,1,hbo,False,S13_D1 hbo,mild_master_10,-0.057572108865881925,
118,constant,7.0,2.600843596753437e-17,0.023739245224062944,4.471910533918892e-09,2.8774105123392357,0.012867522380538784,13,1,hbo,True,S13_D1 hbo,mild_master_10,,
154,Linear,7.0,2.2955228523955775e-17,0.0005814988653831044,4.2956160359322286e-13,-5.930230050982621,-2.5473991303768144e-06,13,2,hbo,True,S13_D2 hbo,mild_master_10,,
155,ShortHbO,7.0,2.2955228523955775e-17,1.1619719832423774e-06,0.0005570693706599475,15.424033739654936,8592.256768387373,13,2,hbo,True,S13_D2 hbo,mild_master_10,,
156,az_itd=0_az=15,7.0,2.2955228523955775e-17,1.3524850939608613e-06,3.529576458884903e-09,15.084369814274122,0.05324143659357598,13,2,hbo,True,S13_D2 hbo,mild_master_10,0.04630891574857926,
157,az_itd=0_az=5,7.0,2.2955228523955775e-17,3.380047127560535e-07,3.535146829824317e-09,18.47083283072011,0.06529710612573511,13,2,hbo,True,S13_D2 hbo,mild_master_10,0.048351765724492034,
158,az_itd=15_az=0,7.0,2.2955228523955775e-17,1.077979741861978e-07,3.5331664048242362e-09,21.801524990849778,0.07702841567160644,13,2,hbo,True,S13_D2 hbo,mild_master_10,0.06814792404158768,
159,az_itd=5_az=0,7.0,2.2955228523955775e-17,6.734828569155398e-07,3.5964749613972506e-09,16.705226979249424,0.060079930555328384,13,2,hbo,True,S13_D2 hbo,mild_master_10,0.03188358606391727,
160,constant,7.0,2.2955228523955775e-17,0.37024763820099044,4.201233293331905e-09,0.9574157419509076,0.004022326890644221,13,2,hbo,False,S13_D2 hbo,mild_master_10,,
168,Linear,7.0,1.477968197612351e-17,0.3722039340720607,3.446808769693896e-13,-0.9532675852605816,-3.285731072741097e-07,13,3,hbo,False,S13_D3 hbo,mild_master_10,,
169,ShortHbO,7.0,1.477968197612351e-17,0.00011716440973072943,0.0004469933010904841,7.6904644265071935,3437.5860809233873,13,3,hbo,True,S13_D3 hbo,mild_master_10,,
170,az_itd=0_az=15,7.0,1.477968197612351e-17,3.894337186283806e-06,2.832137460616731e-09,12.90668273701554,0.03655349967179699,13,3,hbo,True,S13_D3 hbo,mild_master_10,0.02072982000762129,
171,az_itd=0_az=5,7.0,1.477968197612351e-17,2.9822981853014966e-06,2.8366071346387607e-09,13.426464521241973,0.038085605053929175,13,3,hbo,True,S13_D3 hbo,mild_master_10,0.016908039882152524,
172,az_itd=15_az=0,7.0,1.477968197612351e-17,3.0032461374310606e-07,2.8350180386392816e-09,18.791040275937824,0.053272938147081,13,3,hbo,True,S13_D3 hbo,mild_master_10,0.052376742681832865,
173,az_itd=5_az=0,7.0,1.477968197612351e-17,1.000574803031104e-06,2.885816919676881e-09,15.765682845310991,0.04549687430525801,13,3,hbo,True,S13_D3 hbo,mild_master_10,0.006220755306963505,
174,constant,7.0,1.477968197612351e-17,0.019910298221676632,3.3710759150389863e-09,-3.0011292304256814,-0.010117034466607503,13,3,hbo,True,S13_D3 hbo,mild_master_10,,
182,Linear,7.0,2.861160708423242e-17,0.0015034706565475644,4.795741556564208e-13,-5.03584653094763,-2.4150618480945255e-06,13,9,hbo,True,S13_D9 hbo,mild_master_10,,
183,ShortHbO,7.0,2.861160708423242e-17,1.957337524698199e-06,0.000621927264545003,14.286746723099151,8885.31730874434,13,9,hbo,True,S13_D9 hbo,mild_master_10,,
184,az_itd=0_az=15,7.0,2.861160708423242e-17,2.23485342503916e-05,3.940514319565252e-09,9.933994518845735,0.03914504765199434,13,9,hbo,True,S13_D9 hbo,mild_master_10,0.010184352973302587,
185,az_itd=0_az=5,7.0,2.861160708423242e-17,6.387574060210698e-08,3.946733231864714e-09,23.515196845549127,0.09280820884416904,13,9,hbo,True,S13_D9 hbo,mild_master_10,0.0578591965983567,
186,az_itd=15_az=0,7.0,2.861160708423242e-17,4.7558567308195876e-07,3.944522232000411e-09,17.57496402942972,0.06932483634069304,13,9,hbo,True,S13_D9 hbo,mild_master_10,0.04756371023253771,
187,az_itd=5_az=0,7.0,2.861160708423242e-17,1.6670109666589464e-07,4.015201611419714e-09,20.467423774965365,0.08218083292285111,13,9,hbo,True,S13_D9 hbo,mild_master_10,0.05899701117054329,
188,constant,7.0,2.861160708423242e-17,0.8498822181219178,4.690370118073282e-09,0.19639350839703146,0.0009211582431690105,13,9,hbo,False,S13_D9 hbo,mild_master_10,,
126,Linear,7.0,3.162279945389889e-17,0.6475015567322092,5.041790569398674e-13,-0.47757956829309284,-2.407856163557605e-07,13,10,hbo,False,S13_D10 hbo,mild_master_10,,
127,ShortHbO,7.0,3.162279945389889e-17,0.4959240583463269,0.0006538356957419851,0.7181576602131194,469.55711341788117,13,10,hbo,False,S13_D10 hbo,mild_master_10,,
128,az_itd=0_az=15,7.0,3.162279945389889e-17,2.0493382361016783e-07,4.14268527622617e-09,19.863540182962907,0.08228839544968732,13,10,hbo,True,S13_D10 hbo,mild_master_10,0.06418284321793731,
129,az_itd=0_az=5,7.0,3.162279945389889e-17,2.3072796179446193e-05,4.1492232543497885e-09,9.885999981561243,0.04101922101599549,13,10,hbo,True,S13_D10 hbo,mild_master_10,0.04647397925465176,
130,az_itd=15_az=0,7.0,3.162279945389889e-17,1.1933198869800199e-06,4.1468988175273896e-09,15.363958060044512,0.063712779511739,13,10,hbo,True,S13_D10 hbo,mild_master_10,0.05267212467269671,
131,az_itd=5_az=0,7.0,3.162279945389889e-17,6.648339674519799e-07,4.221204453976759e-09,16.736787155641466,0.07064940048665477,13,10,hbo,True,S13_D10 hbo,mild_master_10,0.014842542611284478,
132,constant,7.0,3.162279945389889e-17,0.011149838847623706,4.931012972524138e-09,-3.419047053805775,-0.016859365375986708,13,10,hbo,True,S13_D10 hbo,mild_master_10,,
140,Linear,7.0,3.1595191777192163e-17,0.051609074818585454,5.039589269711624e-13,-2.3430980887640955,-1.1808251986017349e-06,13,11,hbo,False,S13_D11 hbo,mild_master_10,,
141,ShortHbO,7.0,3.1595191777192163e-17,0.0002318878164247097,0.0006535502240841274,6.897315053281142,4507.741798650715,13,11,hbo,True,S13_D11 hbo,mild_master_10,,
142,az_itd=0_az=15,7.0,3.1595191777192163e-17,1.839958606193248e-07,4.1408765355264966e-09,20.176545758580037,0.08354858489968073,13,11,hbo,True,S13_D11 hbo,mild_master_10,0.07345275594349028,
143,az_itd=0_az=5,7.0,3.1595191777192163e-17,1.8356948909401446e-07,4.147411659098939e-09,20.18333593499263,0.08370860277629902,13,11,hbo,True,S13_D11 hbo,mild_master_10,0.07355138723100327,
144,az_itd=15_az=0,7.0,3.1595191777192163e-17,8.091522382375674e-08,4.145088237150518e-09,22.725181283993553,0.09419788162739477,13,11,hbo,True,S13_D11 hbo,mild_master_10,0.08083004292758547,
145,az_itd=5_az=0,7.0,3.1595191777192163e-17,2.89211853528188e-07,4.2193614309642785e-09,18.894308808486265,0.07972191785125557,13,11,hbo,True,S13_D11 hbo,mild_master_10,-0.0011042431047140141,
146,constant,7.0,3.1595191777192163e-17,0.021620141087055882,4.928860039520705e-09,-2.94302329416565,-0.01450574990999166,13,11,hbo,True,S13_D11 hbo,mild_master_10,,
210,Linear,7.0,1.6168627686532886e-16,0.011850488471494428,1.1400429808391016e-12,-3.3743023962336016,-3.846849762054678e-06,14,2,hbo,True,S14_D2 hbo,mild_master_10,,
211,ShortHbO,7.0,1.6168627686532886e-16,0.014807776008532645,0.0014784445829165084,-3.212444009977366,-4749.420444473622,14,2,hbo,True,S14_D2 hbo,mild_master_10,,
212,az_itd=0_az=15,7.0,1.6168627686532886e-16,0.00010244743861263828,9.367384872454995e-09,7.85469687050122,0.07357796864245272,14,2,hbo,True,S14_D2 hbo,mild_master_10,0.048366770504608685,
213,az_itd=0_az=5,7.0,1.6168627686532886e-16,1.8384528587141146e-06,9.382168461670206e-09,14.419095373087945,0.1352823818552005,14,2,hbo,True,S14_D2 hbo,mild_master_10,0.07371882050873454,
214,az_itd=15_az=0,7.0,1.6168627686532886e-16,0.0025780467834581235,9.376912476029185e-09,4.568721374062997,0.042840500451952514,14,2,hbo,True,S14_D2 hbo,mild_master_10,0.03376092147461329,
215,az_itd=5_az=0,7.0,1.6168627686532886e-16,0.00020243804565550804,9.544931393326239e-09,7.049711011262153,0.0672890079452738,14,2,hbo,True,S14_D2 hbo,mild_master_10,0.029068942353432044,
216,constant,7.0,1.6168627686532886e-16,0.3770399896619497,1.1149940979050172e-08,0.943083679321108,0.010515327362735832,14,2,hbo,False,S14_D2 hbo,mild_master_10,,
196,Linear,7.0,7.544336485269851e-17,0.45837494267247136,7.787448179749758e-13,-0.7846691854234575,-6.110570619731631e-07,14,10,hbo,False,S14_D10 hbo,mild_master_10,,
197,ShortHbO,7.0,7.544336485269851e-17,0.0007971811479070547,0.0010099014484190722,5.622270406013075,5677.93902643629,14,10,hbo,True,S14_D10 hbo,mild_master_10,,
198,az_itd=0_az=15,7.0,7.544336485269851e-17,0.0001001805887141122,6.398708250483979e-09,7.882350883416015,0.05043686363092373,14,10,hbo,True,S14_D10 hbo,mild_master_10,-0.02517652913049662,
199,az_itd=0_az=5,7.0,7.544336485269851e-17,8.2656525525788e-06,6.408806679829109e-09,11.53922184946728,0.07395264206889592,14,10,hbo,True,S14_D10 hbo,mild_master_10,0.031523848631329385,
200,az_itd=15_az=0,7.0,7.544336485269851e-17,0.04886613343987083,6.405216401523739e-09,2.3802223380082013,0.015245839158683312,14,10,hbo,True,S14_D10 hbo,mild_master_10,0.012675854234577866,
201,az_itd=5_az=0,7.0,7.544336485269851e-17,0.5667234240148938,6.519987391184622e-09,-0.6010956912287078,-0.00391913632770658,14,10,hbo,False,S14_D10 hbo,mild_master_10,0.0001281181530561857,
202,constant,7.0,7.544336485269851e-17,0.5480752929517358,7.616343334504164e-09,-0.6310103022115638,-0.004805991109252502,14,10,hbo,False,S14_D10 hbo,mild_master_10,,
224,Linear,7.0,5.087177611784502e-17,0.0609271629576507,6.394742997313809e-13,2.2304859708861873,1.4263384542931138e-06,15,17,hbo,False,S15_D17 hbo,mild_master_10,,
225,ShortHbO,7.0,5.087177611784502e-17,0.0002557644861497959,0.000829290939238386,6.788946215556021,5630.011583537339,15,17,hbo,True,S15_D17 hbo,mild_master_10,,
226,az_itd=0_az=15,7.0,5.087177611784502e-17,1.0253606628577593e-07,5.254364951414853e-09,-21.95998412127,-0.11538577090042779,15,17,hbo,True,S15_D17 hbo,mild_master_10,-0.06430942612293826,
227,az_itd=0_az=5,7.0,5.087177611784502e-17,2.979737399406861e-05,5.2626573803142914e-09,9.508428423117769,0.05003960101611091,15,17,hbo,True,S15_D17 hbo,mild_master_10,0.07430017395611851,
228,az_itd=15_az=0,7.0,5.087177611784502e-17,0.00282385891689504,5.25970918643592e-09,-4.492423858984254,-0.023628843040463386,15,17,hbo,True,S15_D17 hbo,mild_master_10,0.007155405158539253,
229,az_itd=5_az=0,7.0,5.087177611784502e-17,0.0746726650524352,5.353954562519089e-09,-2.0926916751846667,-0.01120417614230066,15,17,hbo,False,S15_D17 hbo,mild_master_10,0.009088085922208385,
230,constant,7.0,5.087177611784502e-17,0.407484187649244,6.254238497548922e-09,-0.8811248767683704,-0.005510765125432792,15,17,hbo,False,S15_D17 hbo,mild_master_10,,
238,Linear,7.0,7.858256419832377e-17,0.8983930512713281,7.947814874000557e-13,0.13240044004589213,1.0522941867209604e-07,15,18,hbo,False,S15_D18 hbo,mild_master_10,,
239,ShortHbO,7.0,7.858256419832377e-17,0.00034381350711117233,0.0010306983196230698,6.469685052412078,6668.293512011622,15,18,hbo,True,S15_D18 hbo,mild_master_10,,
240,az_itd=0_az=15,7.0,7.858256419832377e-17,9.073751649613634e-07,6.530476663694583e-09,-15.992936342459636,-0.10444149756838565,15,18,hbo,True,S15_D18 hbo,mild_master_10,-0.10978941030624903,
241,az_itd=0_az=5,7.0,7.858256419832377e-17,1.638067534420353e-05,6.5407830497020015e-09,10.412393508441177,0.0681052069668392,15,18,hbo,True,S15_D18 hbo,mild_master_10,0.08315429967918843,
242,az_itd=15_az=0,7.0,7.858256419832377e-17,0.09989109926598233,6.5371188368997346e-09,1.8953197069674763,0.012389930158364374,15,18,hbo,False,S15_D18 hbo,mild_master_10,0.026853109198800327,
243,az_itd=5_az=0,7.0,7.858256419832377e-17,0.0001811676852438963,6.654253302218237e-09,7.176215173854424,0.04775235351804942,15,18,hbo,True,S15_D18 hbo,mild_master_10,0.05189322291832771,
244,constant,7.0,7.858256419832377e-17,0.7469799026843813,7.773186471644986e-09,-0.3356368242563455,-0.0026089676216953105,15,18,hbo,False,S15_D18 hbo,mild_master_10,,
252,Linear,7.0,7.317180747807963e-17,0.9684274168705749,7.669314300167489e-13,0.041017405037260764,3.1457537100802596e-08,15,22,hbo,False,S15_D22 hbo,mild_master_10,,
253,ShortHbO,7.0,7.317180747807963e-17,1.9135870842157147e-05,0.0009945814651146914,10.17049202148069,10115.382855661544,15,22,hbo,True,S15_D22 hbo,mild_master_10,,
254,az_itd=0_az=15,7.0,7.317180747807963e-17,2.1540349591745017e-07,6.301641250807451e-09,-19.720427621378313,-0.12427106018244025,15,22,hbo,True,S15_D22 hbo,mild_master_10,-0.10012027271103649,
255,az_itd=0_az=5,7.0,7.317180747807963e-17,9.96095649970583e-06,6.3115864891959684e-09,11.22142754614006,0.07082501048970906,15,22,hbo,True,S15_D22 hbo,mild_master_10,0.07659459408379013,
256,az_itd=15_az=0,7.0,7.317180747807963e-17,0.0006042578784342967,6.308050674624444e-09,5.892137171040241,0.03716789985676015,15,22,hbo,True,S15_D22 hbo,mild_master_10,0.04844571906693667,
257,az_itd=5_az=0,7.0,7.317180747807963e-17,0.10284611814198397,6.421080613563809e-09,1.8754832461872821,0.012042629113156879,15,22,hbo,False,S15_D22 hbo,mild_master_10,0.03720889479472212,
258,constant,7.0,7.317180747807963e-17,0.9962769882105011,7.500805077867644e-09,0.004835209146488915,3.626796131853613e-05,15,22,hbo,False,S15_D22 hbo,mild_master_10,,
266,Linear,7.0,3.8178432582079785e-17,0.08594677300523652,5.539794973405401e-13,1.9974116831389477,1.1065251202074362e-06,16,16,hbo,False,S16_D16 hbo,mild_master_10,,
267,ShortHbO,7.0,3.8178432582079785e-17,0.3772782843750745,0.0007184185163677826,0.9425844329589262,677.1701098777195,16,16,hbo,False,S16_D16 hbo,mild_master_10,,
268,az_itd=0_az=15,7.0,3.8178432582079785e-17,0.0014446093675531747,4.551880280179005e-09,-5.071539100905502,-0.02308503882356852,16,16,hbo,True,S16_D16 hbo,mild_master_10,0.017075218818380915,
269,az_itd=0_az=5,7.0,3.8178432582079785e-17,9.516172336455473e-05,4.559064049089457e-09,-7.946175609177381,-0.036227123547552115,16,16,hbo,True,S16_D16 hbo,mild_master_10,-0.014388147966078627,
270,az_itd=15_az=0,7.0,3.8178432582079785e-17,0.0035728587487082733,4.556510015309696e-09,-4.298572559269588,-0.01958648891784731,16,16,hbo,True,S16_D16 hbo,mild_master_10,0.013773963143575305,
271,az_itd=5_az=0,7.0,3.8178432582079785e-17,1.8562738509561572e-05,4.638155213703371e-09,-10.217410561457283,-0.04738993606617098,16,16,hbo,True,S16_D16 hbo,mild_master_10,-0.08401065035234953,
272,constant,7.0,3.8178432582079785e-17,0.8657235366712861,5.418075285551592e-09,-0.175410182296526,-0.000950385573534907,16,16,hbo,False,S16_D16 hbo,mild_master_10,,
280,Linear,7.0,4.056054365348388e-17,0.03373506127013174,5.710005523834086e-13,-2.6336124918816424,-1.5037941876282629e-06,16,18,hbo,True,S16_D18 hbo,mild_master_10,,
281,ShortHbO,7.0,4.056054365348388e-17,9.838704912897078e-05,0.0007404919706555593,-7.904736217257654,-5853.3936990294915,16,18,hbo,True,S16_D18 hbo,mild_master_10,,
282,az_itd=0_az=15,7.0,4.056054365348388e-17,0.0001702830595358127,4.691737089265656e-09,7.247597712067405,0.03400382299378356,16,18,hbo,True,S16_D18 hbo,mild_master_10,-0.02915275250669824,
283,az_itd=0_az=5,7.0,4.056054365348388e-17,1.849975320177199e-06,4.699141579929579e-09,14.405847213225528,0.06769511563378074,16,18,hbo,True,S16_D18 hbo,mild_master_10,0.06594226511547162,
284,az_itd=15_az=0,7.0,4.056054365348388e-17,5.28778130920848e-08,4.696509073300633e-09,24.16573806466164,0.11349460808368986,16,18,hbo,True,S16_D18 hbo,mild_master_10,0.1598934006341743,
285,az_itd=5_az=0,7.0,4.056054365348388e-17,3.5654105983519916e-06,4.780662825571329e-09,13.076471933553794,0.06251420326236745,16,18,hbo,True,S16_D18 hbo,mild_master_10,0.05036681436950091,
286,constant,7.0,4.056054365348388e-17,0.31874499439169524,5.584545990883651e-09,-1.0732805576414821,-0.005993784635270108,16,18,hbo,False,S16_D18 hbo,mild_master_10,,
294,Linear,7.0,8.547728172513025e-17,0.18988937585607749,8.289149948739214e-13,-1.4516781114047388,-1.2033177542736431e-06,16,22,hbo,False,S16_D22 hbo,mild_master_10,,
295,ShortHbO,7.0,8.547728172513025e-17,0.5945162051267529,0.001074963755285446,-0.5575618695985175,-599.3588011475965,16,22,hbo,False,S16_D22 hbo,mild_master_10,,
296,az_itd=0_az=15,7.0,8.547728172513025e-17,5.234343128426315e-05,6.810941266282795e-09,8.720630452871244,0.05939570181946317,16,22,hbo,True,S16_D22 hbo,mild_master_10,0.11746182337044463,
297,az_itd=0_az=5,7.0,8.547728172513025e-17,0.7192679813007838,6.821690280999348e-09,-0.37429145629991717,-0.0025533003897022376,16,22,hbo,False,S16_D22 hbo,mild_master_10,0.0318141208821811,
298,az_itd=15_az=0,7.0,8.547728172513025e-17,0.004534844369320991,6.817868701125686e-09,4.106670732466276,0.027998741852710722,16,22,hbo,True,S16_D22 hbo,mild_master_10,0.1449882581196133,
299,az_itd=5_az=0,7.0,8.547728172513025e-17,3.027529229132793e-06,6.940033744295813e-09,13.39663047871007,0.09297306758210969,16,22,hbo,True,S16_D22 hbo,mild_master_10,0.03543294626113334,
300,constant,7.0,8.547728172513025e-17,0.7406627350754407,8.107021774469664e-09,-0.34439672846279595,-0.002792031776704003,16,22,hbo,False,S16_D22 hbo,mild_master_10,,
308,Linear,7.0,4.915720171048903e-17,0.3988374257718284,6.286055642331376e-13,-0.8983632662727575,-5.647161478817112e-07,16,23,hbo,False,S16_D23 hbo,mild_master_10,,
309,ShortHbO,7.0,4.915720171048903e-17,0.024037744095926558,0.0008151960117745957,-2.86866789308101,-2338.5266255454717,16,23,hbo,True,S16_D23 hbo,mild_master_10,,
310,az_itd=0_az=15,7.0,4.915720171048903e-17,3.219703852699553e-05,5.165059872395794e-09,9.396605678207546,0.04853403092523626,16,23,hbo,True,S16_D23 hbo,mild_master_10,0.06525896558236552,
311,az_itd=0_az=5,7.0,4.915720171048903e-17,0.20953403598954776,5.173211360187226e-09,-1.3817563499156864,-0.007148117646394665,16,23,hbo,False,S16_D23 hbo,mild_master_10,-7.067417926924171e-05,
312,az_itd=15_az=0,7.0,4.915720171048903e-17,0.486082467906116,5.1703132748737726e-09,-0.7352552846132833,-0.0038015001584571517,16,23,hbo,False,S16_D23 hbo,mild_master_10,0.08476800758371004,
313,az_itd=5_az=0,7.0,4.915720171048903e-17,5.1571192455700876e-05,5.262956822603542e-09,8.740669275115014,0.046001764995587724,16,23,hbo,True,S16_D23 hbo,mild_master_10,0.0909522831390347,
314,constant,7.0,4.915720171048903e-17,0.8503902073887251,6.147939207645724e-09,-0.1957191566571907,-0.0012032694769000983,16,23,hbo,False,S16_D23 hbo,mild_master_10,,
322,Linear,7.0,1.1951619342851688e-16,0.07106101466702085,9.801623602230683e-13,-2.126265283574388,-2.0840851988086437e-06,17,15,hbo,False,S17_D15 hbo,mild_master_10,,
323,ShortHbO,7.0,1.1951619342851688e-16,0.3394236483528443,0.001271106226875646,-1.025113633959235,-1303.0283233807054,17,15,hbo,False,S17_D15 hbo,mild_master_10,,
324,az_itd=0_az=15,7.0,1.1951619342851688e-16,0.0011111409177052833,8.053694658902674e-09,5.310088629141995,0.0427658324308207,17,15,hbo,True,S17_D15 hbo,mild_master_10,0.08903090661578808,
325,az_itd=0_az=5,7.0,1.1951619342851688e-16,0.015993540460032474,8.066404984689761e-09,-3.1570692050176756,-0.02546619877236512,17,15,hbo,True,S17_D15 hbo,mild_master_10,-0.024328318208430306,
326,az_itd=15_az=0,7.0,1.1951619342851688e-16,9.647789968664587e-07,8.061886103053027e-09,15.849996482888319,0.1277808663788367,17,15,hbo,True,S17_D15 hbo,mild_master_10,0.22741900861154005,
327,az_itd=5_az=0,7.0,1.1951619342851688e-16,0.0007115535325612971,8.206341901043022e-09,5.73188247542782,0.047037787329957524,17,15,hbo,True,S17_D15 hbo,mild_master_10,0.10329526743901761,
328,constant,7.0,1.1951619342851688e-16,0.6229090178968671,9.586263544493627e-09,0.5142507454407792,0.004929743173747614,17,15,hbo,False,S17_D15 hbo,mild_master_10,,
336,Linear,7.0,3.995358439197469e-15,0.02957468034045098,5.66712143098224e-12,-2.724453435704194,-1.5439808453192435e-05,17,17,hbo,True,S17_D17 hbo,mild_master_10,,
337,ShortHbO,7.0,3.995358439197469e-15,0.09575783277647504,0.0073493062289624635,1.9240462841714203,14140.405341073101,17,17,hbo,False,S17_D17 hbo,mild_master_10,,
338,az_itd=0_az=15,7.0,3.995358439197469e-15,1.6737464530488768e-05,4.656500540345924e-08,10.378562583132208,0.4832778227636912,17,17,hbo,True,S17_D17 hbo,mild_master_10,0.09275350299512934,
339,az_itd=0_az=5,7.0,3.995358439197469e-15,0.1888968013375273,4.663849420754511e-08,1.4553805421295685,0.06787675698388373,17,17,hbo,False,S17_D17 hbo,mild_master_10,0.08601568372801945,
340,az_itd=15_az=0,7.0,3.995358439197469e-15,0.00020173889202533025,4.6612366851499946e-08,7.0536268859445626,0.32878624404125106,17,17,hbo,True,S17_D17 hbo,mild_master_10,0.6233730422281476,
341,az_itd=5_az=0,7.0,3.995358439197469e-15,0.0016012280579941374,4.744758413981985e-08,-4.979865262912726,-0.23628257606701766,17,17,hbo,True,S17_D17 hbo,mild_master_10,-0.21925599286210629,
342,constant,7.0,3.995358439197469e-15,0.2073556712471153,5.5426041419994755e-08,1.3892145145786354,0.07699866122629336,17,17,hbo,False,S17_D17 hbo,mild_master_10,,
350,Linear,7.0,9.458184678069027e-17,0.22714873452775713,8.71943891463376e-13,-1.3238403843623647,-1.1543145364172917e-06,17,21,hbo,False,S17_D21 hbo,mild_master_10,,
351,ShortHbO,7.0,9.458184678069027e-17,0.00620388508648755,0.0011307650190454587,3.8609476506067586,4365.824543671871,17,21,hbo,True,S17_D21 hbo,mild_master_10,,
352,az_itd=0_az=15,7.0,9.458184678069027e-17,0.7889405521815831,7.164496563552218e-09,-0.2781409782692753,-0.0019927400829932752,17,21,hbo,False,S17_D21 hbo,mild_master_10,-0.0020988125706345117,
353,az_itd=0_az=5,7.0,9.458184678069027e-17,0.0011353820919192416,7.175803558575e-09,5.290205730699959,0.03796147710795062,17,21,hbo,True,S17_D21 hbo,mild_master_10,-0.020463759068156194,
354,az_itd=15_az=0,7.0,9.458184678069027e-17,0.00044394021521698625,7.171783600862586e-09,6.203034104859226,0.04448681826882073,17,21,hbo,True,S17_D21 hbo,mild_master_10,0.13209017735125816,
355,az_itd=5_az=0,7.0,9.458184678069027e-17,9.709708170463218e-05,7.300290219516232e-09,7.921123192030322,0.05782649816636216,17,21,hbo,True,S17_D21 hbo,mild_master_10,0.055994115177817834,
356,constant,7.0,9.458184678069027e-17,0.9349768497604853,8.527856484589935e-09,-0.08456252797368752,-0.000721137102533729,17,21,hbo,False,S17_D21 hbo,mild_master_10,,
364,Linear,7.0,4.338212181534928e-17,0.04343866446678297,5.905273810710898e-13,2.460418529582301,1.4529445106130178e-06,17,22,hbo,True,S17_D22 hbo,mild_master_10,,
365,ShortHbO,7.0,4.338212181534928e-17,0.47792837521479103,0.0007658149931907205,-0.7495958533778428,-574.0517433503451,17,22,hbo,False,S17_D22 hbo,mild_master_10,,
366,az_itd=0_az=15,7.0,4.338212181534928e-17,8.185459080928222e-06,4.852183074838388e-09,-11.556051968587486,-0.05607207977393303,17,22,hbo,True,S17_D22 hbo,mild_master_10,0.02651118173602102,
367,az_itd=0_az=5,7.0,4.338212181534928e-17,0.00013357318112562855,4.859840781055449e-09,-7.532800830789819,-0.03660821267304073,17,22,hbo,True,S17_D22 hbo,mild_master_10,-0.027862378874384766,
368,az_itd=15_az=0,7.0,4.338212181534928e-17,0.0027542125390052777,4.8571182491091055e-09,-4.513274087221856,-0.02192150593227652,17,22,hbo,True,S17_D22 hbo,mild_master_10,0.047022184502796806,
369,az_itd=5_az=0,7.0,4.338212181534928e-17,0.012259102444351144,4.944149854819972e-09,-3.3495027259491166,-0.016560443416220424,17,22,hbo,True,S17_D22 hbo,mild_master_10,-0.026851926619299644,
370,constant,7.0,4.338212181534928e-17,0.5466482202298132,5.775523867187419e-09,-0.6333245734633162,-0.0036577811897136746,17,22,hbo,False,S17_D22 hbo,mild_master_10,,
378,Linear,7.0,4.203146568666928e-17,0.18505518152797115,5.812619733572202e-13,1.4698777839374304,8.543840612854086e-07,17,23,hbo,False,S17_D23 hbo,mild_master_10,,
379,ShortHbO,7.0,4.203146568666928e-17,0.004627994613989261,0.0007537993130161003,4.090508738812216,3083.4226772030033,17,23,hbo,True,S17_D23 hbo,mild_master_10,,
380,az_itd=0_az=15,7.0,4.203146568666928e-17,7.81947033719306e-06,4.776052050381618e-09,-11.63531541441355,-0.05557087204184669,17,23,hbo,True,S17_D23 hbo,mild_master_10,0.015686830610168456,
381,az_itd=0_az=5,7.0,4.203146568666928e-17,0.0028999180595060156,4.783589606758845e-09,-4.470291853391021,-0.021384041649060024,17,23,hbo,True,S17_D23 hbo,mild_master_10,-0.06261198548856033,
382,az_itd=15_az=0,7.0,4.203146568666928e-17,0.0010394097194576198,4.780909791491363e-09,-5.371878292511805,-0.025682465527369594,17,23,hbo,True,S17_D23 hbo,mild_master_10,0.05267702406101477,
383,az_itd=5_az=0,7.0,4.203146568666928e-17,0.001204036751667026,4.866575866429649e-09,5.236361631834369,0.02548315114538332,17,23,hbo,True,S17_D23 hbo,mild_master_10,0.031249330759220734,
384,constant,7.0,4.203146568666928e-17,0.7291977669591598,5.684905573936367e-09,-0.36037177475316445,-0.0020486795109836056,17,23,hbo,False,S17_D23 hbo,mild_master_10,,
392,Linear,7.0,9.743619814045734e-17,0.5906392646148293,8.850031359889394e-13,-0.5635637994904275,-4.987557298788702e-07,18,15,hbo,False,S18_D15 hbo,mild_master_10,,
393,ShortHbO,7.0,9.743619814045734e-17,0.41518515524779287,0.0011477006694115444,0.8659957260182566,993.9038744586894,18,15,hbo,False,S18_D15 hbo,mild_master_10,,
394,az_itd=0_az=15,7.0,9.743619814045734e-17,0.028379158420103034,7.2718003860137305e-09,2.753043241894834,0.020019580909123345,18,15,hbo,True,S18_D15 hbo,mild_master_10,0.10980242310187514,
395,az_itd=0_az=5,7.0,9.743619814045734e-17,0.0001576574095889496,7.283276727727622e-09,-7.33713369907588,-0.053438375118705445,18,15,hbo,True,S18_D15 hbo,mild_master_10,-0.0866414086179701,
396,az_itd=15_az=0,7.0,9.743619814045734e-17,0.00018725389100197833,7.279196562459122e-09,7.138376165281346,0.0519616432438561,18,15,hbo,True,S18_D15 hbo,mild_master_10,0.08288240463372674,
397,az_itd=5_az=0,7.0,9.743619814045734e-17,0.12749221986144763,7.409627845500674e-09,-1.728694941813931,-0.01280898617724067,18,15,hbo,False,S18_D15 hbo,mild_master_10,0.025956857521089907,
398,constant,7.0,9.743619814045734e-17,0.7586186447009491,8.655579568840533e-09,0.3195725200528015,0.0027660853753319102,18,15,hbo,False,S18_D15 hbo,mild_master_10,,
406,Linear,7.0,4.838293177591603e-17,0.5615005422508987,6.236353650867293e-13,-0.6094141553906128,-3.800522192860456e-07,18,16,hbo,False,S18_D16 hbo,mild_master_10,,
407,ShortHbO,7.0,4.838293177591603e-17,0.2325540103456316,0.0008087504968882929,-1.306856963166992,-1056.92121832323,18,16,hbo,False,S18_D16 hbo,mild_master_10,,
408,az_itd=0_az=15,7.0,4.838293177591603e-17,4.751843736593159e-05,5.124221264483936e-09,8.851719366871176,0.045358168606965565,18,16,hbo,True,S18_D16 hbo,mild_master_10,0.10529980315044864,
409,az_itd=0_az=5,7.0,4.838293177591603e-17,6.883229944647842e-05,5.132308300861051e-09,-8.35833088046482,-0.04289753095915285,18,16,hbo,True,S18_D16 hbo,mild_master_10,-0.06541959798016093,
410,az_itd=15_az=0,7.0,4.838293177591603e-17,0.049013009576992825,5.129433129855028e-09,2.3781810931819702,0.012198720888162446,18,16,hbo,True,S18_D16 hbo,mild_master_10,0.05866419000245104,
411,az_itd=5_az=0,7.0,4.838293177591603e-17,0.006035115437769908,5.221344172325464e-09,3.8822908735152284,0.02027077682770107,18,16,hbo,True,S18_D16 hbo,mild_master_10,0.022574909909278372,
412,constant,7.0,4.838293177591603e-17,0.94526944946727,6.099329262171749e-09,0.07114874398639447,0.000433959616162982,18,16,hbo,False,S18_D16 hbo,mild_master_10,,
420,Linear,7.0,1.1586990027368305e-16,0.9632991896774212,9.650947680786038e-13,-0.047685091647252494,-4.602063246411211e-08,18,21,hbo,False,S18_D21 hbo,mild_master_10,,
421,ShortHbO,7.0,1.1586990027368305e-16,0.009918619957402657,0.001251566086409027,-3.5055500424757566,-4387.427547372381,18,21,hbo,True,S18_D21 hbo,mild_master_10,,
422,az_itd=0_az=15,7.0,1.1586990027368305e-16,0.02973968020519431,7.929888857638502e-09,2.7206028573050736,0.021574078284202977,18,21,hbo,True,S18_D21 hbo,mild_master_10,0.07990997850363643,
423,az_itd=0_az=5,7.0,1.1586990027368305e-16,0.002242729365815969,7.942403793342523e-09,-4.686861567268095,-0.03722494709074141,18,21,hbo,True,S18_D21 hbo,mild_master_10,-0.06289489874406098,
424,az_itd=15_az=0,7.0,1.1586990027368305e-16,0.01058108116804799,7.937954378427034e-09,3.4576553347506733,0.0274467103035757,18,21,hbo,True,S18_D21 hbo,mild_master_10,0.0835073072101163,
425,az_itd=5_az=0,7.0,1.1586990027368305e-16,0.009038939001510989,8.080189522844369e-09,3.5747834719719935,0.028884927956665318,18,21,hbo,True,S18_D21 hbo,mild_master_10,0.04122996354058445,
426,constant,7.0,1.1586990027368305e-16,0.7251331073081135,9.43889825570116e-09,-0.3660600256315986,-0.003455203337416018,18,21,hbo,False,S18_D21 hbo,mild_master_10,,
434,Linear,7.0,2.5514389271115575e-17,0.05219765478322683,4.528738385927285e-13,-2.335394651371885,-1.0576391403957126e-06,18,23,hbo,False,S18_D23 hbo,mild_master_10,,
435,ShortHbO,7.0,2.5514389271115575e-17,0.0003745044431401004,0.0005873014304418761,-6.379555156985879,-3746.721869280654,18,23,hbo,True,S18_D23 hbo,mild_master_10,,
436,az_itd=0_az=15,7.0,2.5514389271115575e-17,0.00028116772615984024,3.7211259716206036e-09,6.685483266264673,0.024877525414932416,18,23,hbo,True,S18_D23 hbo,mild_master_10,0.040489910192077656,
437,az_itd=0_az=5,7.0,2.5514389271115575e-17,0.0021034751196288225,3.726998645641317e-09,4.741796487861259,0.017672669088165668,18,23,hbo,True,S18_D23 hbo,mild_master_10,0.036530931906805744,
438,az_itd=15_az=0,7.0,2.5514389271115575e-17,1.9613961260842003e-06,3.724910743314085e-09,14.282391248269006,0.05320063260089229,18,23,hbo,True,S18_D23 hbo,mild_master_10,0.028490957277231475,
439,az_itd=5_az=0,7.0,2.5514389271115575e-17,5.666058710097409e-05,3.791655044460088e-09,8.61443923413077,0.03266298197728683,18,23,hbo,True,S18_D23 hbo,mild_master_10,0.010225673272819855,
440,constant,7.0,2.5514389271115575e-17,0.9147104854602779,4.429233507975498e-09,0.11102807490853545,0.0004917692697108989,18,23,hbo,False,S18_D23 hbo,mild_master_10,,
448,Linear,7.0,3.3553871683230493e-17,0.0018426027759648935,5.193450114157912e-13,-4.85646644245813,-2.5221816199988247e-06,19,14,hbo,True,S19_D14 hbo,mild_master_10,,
449,ShortHbO,7.0,3.3553871683230493e-17,3.922916022060935e-05,0.0006735033956590399,9.116560202559373,6140.034253153803,19,14,hbo,True,S19_D14 hbo,mild_master_10,,
450,az_itd=0_az=15,7.0,3.3553871683230493e-17,8.635550586200174e-08,4.267299290716699e-09,22.51236920273964,0.09606701713120333,19,14,hbo,True,S19_D14 hbo,mild_master_10,0.10827651237409498,
451,az_itd=0_az=5,7.0,3.3553871683230493e-17,1.6662753185911613e-06,4.274033934443981e-09,14.629121995451865,0.06252536383968212,19,14,hbo,True,S19_D14 hbo,mild_master_10,0.05393704813158139,
452,az_itd=15_az=0,7.0,3.3553871683230493e-17,5.622816695556367e-09,4.271639577416557e-09,33.36845913631,0.1425380306840689,19,14,hbo,True,S19_D14 hbo,mild_master_10,0.09710334261601666,
453,az_itd=5_az=0,7.0,3.3553871683230493e-17,2.6919918108483125e-08,4.348180364025745e-09,26.637339316103905,0.11582395576417395,19,14,hbo,True,S19_D14 hbo,mild_master_10,0.030774854115869194,
454,constant,7.0,3.3553871683230493e-17,0.13839918281004376,5.079340272581765e-09,-1.6722270774393886,-0.008493810339339592,19,14,hbo,False,S19_D14 hbo,mild_master_10,,
462,Linear,7.0,4.714301791702482e-17,0.05565468665195614,6.155925214462455e-13,-2.291860706343836,-1.4108523110217753e-06,19,15,hbo,False,S19_D15 hbo,mild_master_10,,
463,ShortHbO,7.0,4.714301791702482e-17,0.012161030002177347,0.0007983202773164258,3.355373037721332,2678.662333973752,19,15,hbo,True,S19_D15 hbo,mild_master_10,,
464,az_itd=0_az=15,7.0,4.714301791702482e-17,0.004397212149849993,5.058135675505584e-09,4.131228479679052,0.020896314156729306,19,15,hbo,True,S19_D15 hbo,mild_master_10,0.039995054656929055,
465,az_itd=0_az=5,7.0,4.714301791702482e-17,6.209338204553376e-05,5.066118415730271e-09,8.49312262495742,0.04302716493735221,19,15,hbo,True,S19_D15 hbo,mild_master_10,0.05817628668767463,
466,az_itd=15_az=0,7.0,4.714301791702482e-17,1.1124176348599256e-06,5.063280324967184e-09,15.522870091265426,0.0785966427201258,19,15,hbo,True,S19_D15 hbo,mild_master_10,0.07084257393288708,
467,az_itd=5_az=0,7.0,4.714301791702482e-17,2.17323773374617e-06,5.15400601749628e-09,14.06829145455294,0.07250805881265734,19,15,hbo,True,S19_D15 hbo,mild_master_10,-0.028215744967972783,
468,constant,7.0,4.714301791702482e-17,0.5976707274440753,6.02066798939314e-09,-0.5526944973980387,-0.0033275900683981006,19,15,hbo,False,S19_D15 hbo,mild_master_10,,
476,Linear,7.0,3.5448922086700634e-17,0.005484787175464953,5.338093317648321e-13,-3.9566980316064653,-2.1121223322470738e-06,19,21,hbo,True,S19_D21 hbo,mild_master_10,,
477,ShortHbO,7.0,3.5448922086700634e-17,0.00019304440148499465,0.0006922611937640455,7.103639605128985,4917.574033116144,19,21,hbo,True,S19_D21 hbo,mild_master_10,,
478,az_itd=0_az=15,7.0,3.5448922086700634e-17,0.08153809638613867,4.386148191946917e-09,2.0331069342006063,0.008917508303478728,19,21,hbo,False,S19_D21 hbo,mild_master_10,-0.032092337041333435,
479,az_itd=0_az=5,7.0,3.5448922086700634e-17,5.727800249885722e-07,4.39307040278694e-09,17.104843708381782,0.07514278263958843,19,21,hbo,True,S19_D21 hbo,mild_master_10,0.0935539656160882,
480,az_itd=15_az=0,7.0,3.5448922086700634e-17,3.5516729969163006e-07,4.3906093603263e-09,18.338222872571585,0.08051597299606264,19,21,hbo,True,S19_D21 hbo,mild_master_10,0.10310309194077215,
481,az_itd=5_az=0,7.0,3.5448922086700634e-17,8.211342010004039e-08,4.4692818906375495e-09,22.676935907895245,0.10134961898830461,19,21,hbo,True,S19_D21 hbo,mild_master_10,0.01606095530254037,
482,constant,7.0,3.5448922086700634e-17,0.9330750322108393,5.22080539355043e-09,-0.08704288372903417,-0.0004544339568427245,19,21,hbo,False,S19_D21 hbo,mild_master_10,,
518,Linear,7.0,3.5707163576399816e-17,0.0020132877031034716,5.357501745413462e-13,-4.779566800550385,-2.5606537476268924e-06,20,12,hbo,True,S20_D12 hbo,mild_master_10,,
519,ShortHbO,7.0,3.5707163576399816e-17,0.00042628755393622937,0.0006947781414032633,6.244814766791464,4338.760797079027,20,12,hbo,True,S20_D12 hbo,mild_master_10,,
520,az_itd=0_az=15,7.0,3.5707163576399816e-17,2.8465567723866233e-07,4.402095504083473e-09,18.937964031068475,0.08336672631766107,20,12,hbo,True,S20_D12 hbo,mild_master_10,0.10642753292804447,
521,az_itd=0_az=5,7.0,3.5707163576399816e-17,7.662696541860515e-08,4.409042882941563e-09,22.904776890703346,0.10098814353531999,20,12,hbo,True,S20_D12 hbo,mild_master_10,0.03907532848568659,
522,az_itd=15_az=0,7.0,3.5707163576399816e-17,3.0411222102771717e-09,4.406572892536034e-09,36.4470870947482,0.16060674600361732,20,12,hbo,True,S20_D12 hbo,mild_master_10,0.14583043931049328,
523,az_itd=5_az=0,7.0,3.5707163576399816e-17,4.930387235425595e-07,4.485531463204914e-09,17.482889741382213,0.07842005200271235,20,12,hbo,True,S20_D12 hbo,mild_master_10,-0.0050893234244169935,
524,constant,7.0,3.5707163576399816e-17,0.15950741235663327,5.239787381748646e-09,-1.573912587834936,-0.008246967317712855,20,12,hbo,False,S20_D12 hbo,mild_master_10,,
532,Linear,7.0,5.1740937977321184e-17,0.0027591883646030306,6.449139830201569e-13,-4.511765271763122,-2.909700511864776e-06,20,13,hbo,True,S20_D13 hbo,mild_master_10,,
533,ShortHbO,7.0,5.1740937977321184e-17,0.08857979864155062,0.0008363452963338991,1.9769450755826998,1653.4087150740556,20,13,hbo,False,S20_D13 hbo,mild_master_10,,
534,az_itd=0_az=15,7.0,5.1740937977321184e-17,4.5611278720333277e-07,5.2990611670897405e-09,17.682353168820775,0.09369987101966439,20,13,hbo,True,S20_D13 hbo,mild_master_10,0.09784024353610916,
535,az_itd=0_az=5,7.0,5.1740937977321184e-17,9.34726294614298e-07,5.307424135472825e-09,15.923582855771697,0.084513207971924,20,13,hbo,True,S20_D13 hbo,mild_master_10,0.07390523195931605,
536,az_itd=15_az=0,7.0,5.1740937977321184e-17,4.431383698290542e-08,5.30445086280555e-09,24.78996027661433,0.1314971261782022,20,13,hbo,True,S20_D13 hbo,mild_master_10,0.07385267801540868,
537,az_itd=5_az=0,7.0,5.1740937977321184e-17,1.4078269208709163e-07,5.399497936466776e-09,20.9748613120174,0.11325372037191477,20,13,hbo,True,S20_D13 hbo,mild_master_10,0.06215826734470887,
538,constant,7.0,5.1740937977321184e-17,0.4077665704725604,6.307440129973285e-09,-0.8805664512406679,-0.005554120171663552,20,13,hbo,False,S20_D13 hbo,mild_master_10,,
546,Linear,7.0,2.8677119703957215e-17,0.0035134376444439287,4.801228874184402e-13,-4.312240658227971,-2.0704054360716085e-06,20,20,hbo,True,S20_D20 hbo,mild_master_10,,
547,ShortHbO,7.0,2.8677119703957215e-17,0.003476790898679446,0.0006226388776286034,4.320797478096992,2690.296492222811,20,20,hbo,True,S20_D20 hbo,mild_master_10,,
548,az_itd=0_az=15,7.0,2.8677119703957215e-17,1.3248503981547286e-06,3.945023080807563e-09,15.130134894017493,0.05968873137263091,20,20,hbo,True,S20_D20 hbo,mild_master_10,0.05454153670569399,
549,az_itd=0_az=5,7.0,2.8677119703957215e-17,8.088108168251777e-07,3.9512491088255515e-09,16.264201235197156,0.06426391063633219,20,20,hbo,True,S20_D20 hbo,mild_master_10,0.06870470315675313,
550,az_itd=15_az=0,7.0,2.8677119703957215e-17,2.6941524190503174e-08,3.949035579121312e-09,26.634259784518534,0.10517963951262362,20,20,hbo,True,S20_D20 hbo,mild_master_10,0.08965586697224562,
551,az_itd=5_az=0,7.0,2.8677119703957215e-17,1.5564904890281473e-08,4.019795830330619e-09,28.824113273854223,0.11586705035121665,20,20,hbo,True,S20_D20 hbo,mild_master_10,0.05801524973107182,
552,constant,7.0,2.8677119703957215e-17,0.18584126899106498,4.695736869031516e-09,-1.4668893127072835,-0.006888126228467891,20,20,hbo,False,S20_D20 hbo,mild_master_10,,
560,Linear,7.0,4.159722033975977e-17,0.6246843083597168,5.782515425652875e-13,0.5115784780314461,2.958210440648857e-07,21,11,hbo,False,S21_D11 hbo,mild_master_10,,
561,ShortHbO,7.0,4.159722033975977e-17,0.02802108134433171,0.0007498952890701767,2.761852311280265,2071.10003733665,21,11,hbo,True,S21_D11 hbo,mild_master_10,,
562,az_itd=0_az=15,7.0,4.159722033975977e-17,1.7234306319724206e-06,4.751316260298365e-09,14.55676493706676,0.0691637939428264,21,11,hbo,True,S21_D11 hbo,mild_master_10,0.04297200889425218,
563,az_itd=0_az=5,7.0,4.159722033975977e-17,0.2065420212894907,4.758814778698132e-09,1.392018087022316,0.0066243562447369,21,11,hbo,False,S21_D11 hbo,mild_master_10,-0.032652179250506355,
564,az_itd=15_az=0,7.0,4.159722033975977e-17,0.0012155392502525967,4.756148842539843e-09,5.2276752705668645,0.024863601687280756,21,11,hbo,True,S21_D11 hbo,mild_master_10,-0.0019201914021249257,
565,az_itd=5_az=0,7.0,4.159722033975977e-17,3.83662100879867e-06,4.8413712418178604e-09,12.935267338572432,0.06262443129819042,21,11,hbo,True,S21_D11 hbo,mild_master_10,0.047754196931518486,
566,constant,7.0,4.159722033975977e-17,0.03462494485629822,5.655462714135713e-09,-2.6157019468214835,-0.014793004831541093,21,11,hbo,True,S21_D11 hbo,mild_master_10,,
574,Linear,7.0,3.2322845328589946e-17,0.9118479519419703,5.097291104273109e-13,-0.11477288836435301,-5.850308228713473e-08,21,12,hbo,False,S21_D12 hbo,mild_master_10,,
575,ShortHbO,7.0,3.2322845328589946e-17,0.000579480494434786,0.0006610331844782155,5.933688560758974,3922.3650450204636,21,12,hbo,True,S21_D12 hbo,mild_master_10,,
576,az_itd=0_az=15,7.0,3.2322845328589946e-17,3.4817119523560126e-05,4.188288370103674e-09,9.284819436691775,0.0388875012652087,21,12,hbo,True,S21_D12 hbo,mild_master_10,0.028710019613697024,
577,az_itd=0_az=5,7.0,3.2322845328589946e-17,0.0003848068762262037,4.194898318944414e-09,6.3511452968505475,0.026642408729130082,21,12,hbo,True,S21_D12 hbo,mild_master_10,-0.006157034881287358,
578,az_itd=15_az=0,7.0,3.2322845328589946e-17,0.0013697058478495964,4.192548294488981e-09,5.119369194679727,0.02146320258601392,21,12,hbo,True,S21_D12 hbo,mild_master_10,0.04445850484119693,
579,az_itd=5_az=0,7.0,3.2322845328589946e-17,1.7107838371003922e-06,4.267671894816533e-09,14.572537626956388,0.062190809266718196,21,12,hbo,True,S21_D12 hbo,mild_master_10,0.07318267379005294,
580,constant,7.0,3.2322845328589946e-17,0.06658899090303072,4.985294056532058e-09,-2.1702851621780077,-0.010819509719985737,21,12,hbo,False,S21_D12 hbo,mild_master_10,,
588,Linear,7.0,1.8003779658704614e-17,0.0027863148607296913,3.8042275749739284e-13,-4.503592149138458,-1.713268944018862e-06,21,19,hbo,True,S21_D19 hbo,mild_master_10,,
589,ShortHbO,7.0,1.8003779658704614e-17,0.0002427548905477747,0.0004933445269109195,6.846507794225772,3377.687148734236,21,19,hbo,True,S21_D19 hbo,mild_master_10,,
590,az_itd=0_az=15,7.0,1.8003779658704614e-17,3.255411906674726e-06,3.1258175732074722e-09,13.253660295567418,0.04142852426120678,21,19,hbo,True,S21_D19 hbo,mild_master_10,0.04087110010187777,
591,az_itd=0_az=5,7.0,1.8003779658704614e-17,7.194634465877982e-06,3.1307507326317065e-09,11.780902892602175,0.03688307036207725,21,19,hbo,True,S21_D19 hbo,mild_master_10,0.031059671337263617,
592,az_itd=15_az=0,7.0,1.8003779658704614e-17,2.4147635150427187e-07,3.1289968544143677e-09,19.396008266740207,0.060690048854825186,21,19,hbo,True,S21_D19 hbo,mild_master_10,0.06027088787803966,
593,az_itd=5_az=0,7.0,1.8003779658704614e-17,8.839442122210808e-08,3.1850633544535383e-09,22.436523125534094,0.07146174760848802,21,19,hbo,True,S21_D19 hbo,mild_master_10,0.04571005331760887,
594,constant,7.0,1.8003779658704614e-17,0.953652914782954,3.7206415586730336e-09,-0.060233950037950304,-0.00022410893775423306,21,19,hbo,False,S21_D19 hbo,mild_master_10,,
602,Linear,7.0,3.7510364407144745e-17,0.41387229641722,5.491111802388932e-13,-0.8685604358003438,-4.769362460111342e-07,21,20,hbo,False,S21_D20 hbo,mild_master_10,,
603,ShortHbO,7.0,3.7510364407144745e-17,0.7588147415496785,0.0007121051254098803,-0.3193026653925952,-227.37706458310308,21,20,hbo,False,S21_D20 hbo,mild_master_10,,
604,az_itd=0_az=15,7.0,3.7510364407144745e-17,0.0007415981714452121,4.5118788059023816e-09,5.6918198760224366,0.02568080146563955,21,20,hbo,True,S21_D20 hbo,mild_master_10,0.01964193215476243,
605,az_itd=0_az=5,7.0,3.7510364407144745e-17,1.2383153973331648e-05,4.5189994445612466e-09,10.860698830366726,0.04907949198197421,21,20,hbo,True,S21_D20 hbo,mild_master_10,-0.010728128383006102,
606,az_itd=15_az=0,7.0,3.7510364407144745e-17,0.002351250330204476,4.51646785537806e-09,4.646603493925029,0.020986235316999776,21,20,hbo,True,S21_D20 hbo,mild_master_10,0.08329608373807235,
607,az_itd=5_az=0,7.0,3.7510364407144745e-17,7.433610360771229e-06,4.597395563832999e-09,11.723583083003513,0.05389794885802795,21,20,hbo,True,S21_D20 hbo,mild_master_10,0.04747984426817053,
608,constant,7.0,3.7510364407144745e-17,0.25287595668446,5.370461775128757e-09,-1.245915726482785,-0.006691142784107572,21,20,hbo,False,S21_D20 hbo,mild_master_10,,
616,Linear,7.0,5.269396853233157e-17,0.14779789025589826,6.508263060080197e-13,1.6268355123868037,1.0587873470093676e-06,22,10,hbo,False,S22_D10 hbo,mild_master_10,,
617,ShortHbO,7.0,5.269396853233157e-17,0.21720772595985777,0.0008440125878665613,1.3560187561600123,1144.4968995822076,22,10,hbo,False,S22_D10 hbo,mild_master_10,,
618,az_itd=0_az=15,7.0,5.269396853233157e-17,0.0013602054995113166,5.347640918773147e-09,5.125642734906306,0.02741009682419726,22,10,hbo,True,S22_D10 hbo,mild_master_10,0.07043480109103152,
619,az_itd=0_az=5,7.0,5.269396853233157e-17,0.29065480742863314,5.356080555629113e-09,-1.1429095458188112,-0.006121515595203036,22,10,hbo,False,S22_D10 hbo,mild_master_10,0.006256004010500639,
620,az_itd=15_az=0,7.0,5.269396853233157e-17,0.722637450517329,5.353080025143272e-09,-0.36955912959798454,-0.0019782795947603047,22,10,hbo,False,S22_D10 hbo,mild_master_10,0.011873325807571215,
621,az_itd=5_az=0,7.0,5.269396853233157e-17,0.00522754774132385,5.448998453765519e-09,3.9943257655791324,0.021765074920476465,22,10,hbo,True,S22_D10 hbo,mild_master_10,-0.015063819421936912,
622,constant,7.0,5.269396853233157e-17,0.08114927176094963,6.365264311580221e-09,-2.036346138880092,-0.012961881403837628,22,10,hbo,False,S22_D10 hbo,mild_master_10,,
630,Linear,7.0,1.0689569753204604e-16,0.10866300532817448,9.269680328261366e-13,1.8380014120440087,1.7037685532540962e-06,22,11,hbo,False,S22_D11 hbo,mild_master_10,,
631,ShortHbO,7.0,1.0689569753204604e-16,0.03540913380713042,0.0012021221039051277,-2.6003109148329866,-3125.8912277464974,22,11,hbo,True,S22_D11 hbo,mild_master_10,,
632,az_itd=0_az=15,7.0,1.0689569753204604e-16,0.00884740843919373,7.61661312238755e-09,3.5908237971839423,0.0273499156538127,22,11,hbo,True,S22_D11 hbo,mild_master_10,0.10916869023280862,
633,az_itd=0_az=5,7.0,1.0689569753204604e-16,8.560292400016342e-05,7.628633646914482e-09,-8.078974937479456,-0.0616315400406346,22,11,hbo,True,S22_D11 hbo,mild_master_10,-0.06841341218250474,
634,az_itd=15_az=0,7.0,1.0689569753204604e-16,0.00015017575066749507,7.62436000920774e-09,-7.394091414209207,-0.05637521488292297,22,11,hbo,True,S22_D11 hbo,mild_master_10,-0.019729381217558718,
635,az_itd=5_az=0,7.0,1.0689569753204604e-16,0.002735557393184262,7.760976056025373e-09,-4.518957755731943,-0.035071522940425766,22,11,hbo,True,S22_D11 hbo,mild_master_10,-0.05676571600856177,
636,constant,7.0,1.0689569753204604e-16,0.49661147303668274,9.066008062143731e-09,-0.7169717871641959,-0.006500072002760199,22,11,hbo,False,S22_D11 hbo,mild_master_10,,
644,Linear,7.0,1.3513227527542023e-16,0.1894193578757781,1.0422314863076227e-12,-1.4534291588179638,-1.5148096324376842e-06,22,12,hbo,False,S22_D12 hbo,mild_master_10,,
645,ShortHbO,7.0,1.3513227527542023e-16,0.8395147472659132,0.0013515994756113465,0.21017895664407507,284.0777675846718,22,12,hbo,False,S22_D12 hbo,mild_master_10,,
646,az_itd=0_az=15,7.0,1.3513227527542023e-16,3.4893784302825303e-06,8.56369770484311e-09,13.11826111773317,0.11234082262546415,22,12,hbo,True,S22_D12 hbo,mild_master_10,0.08578426181961701,
647,az_itd=0_az=5,7.0,1.3513227527542023e-16,0.6171797231544279,8.577212916479595e-09,0.5229025926354564,0.004485046871613504,22,12,hbo,False,S22_D12 hbo,mild_master_10,-0.08465012663929784,
648,az_itd=15_az=0,7.0,1.3513227527542023e-16,8.886623984689774e-06,8.572407875074383e-09,11.41487062874202,0.09785292687078337,22,12,hbo,True,S22_D12 hbo,mild_master_10,-0.0016943629631952805,
649,az_itd=5_az=0,7.0,1.3513227527542023e-16,1.78894128839147e-05,8.726011387262509e-09,10.274676999593368,0.08965694849889591,22,12,hbo,True,S22_D12 hbo,mild_master_10,0.005825979072844469,
650,constant,7.0,1.3513227527542023e-16,0.42963317043863536,1.0193317053962741e-08,-0.8381498462978251,-0.00854352712204387,22,12,hbo,False,S22_D12 hbo,mild_master_10,,
658,Linear,7.0,2.3626230649220932e-17,0.058301578758458844,4.3579461990786903e-13,-2.260346518227477,-9.850468517710184e-07,22,19,hbo,False,S22_D19 hbo,mild_master_10,,
659,ShortHbO,7.0,2.3626230649220932e-17,0.39268417996594296,0.0005651525476633585,0.9107990424063189,514.7403992252785,22,19,hbo,False,S22_D19 hbo,mild_master_10,,
660,az_itd=0_az=15,7.0,2.3626230649220932e-17,0.057317146230204376,3.580791249657622e-09,-2.271894603563689,-0.008135180316585229,22,19,hbo,False,S22_D19 hbo,mild_master_10,0.01950849340102578,
661,az_itd=0_az=5,7.0,2.3626230649220932e-17,0.01706440311329474,3.58644244768366e-09,3.11070282374747,0.011156356649217351,22,19,hbo,True,S22_D19 hbo,mild_master_10,0.00791860820229525,
662,az_itd=15_az=0,7.0,2.3626230649220932e-17,0.7314062263125514,3.5844332863597735e-09,-0.35728665579685087,-0.0012806701818103997,22,19,hbo,False,S22_D19 hbo,mild_master_10,0.030587602187801374,
663,az_itd=5_az=0,7.0,2.3626230649220932e-17,4.199877567124474e-05,3.6486604615026866e-09,9.021540525693377,0.032916538217941584,22,19,hbo,True,S22_D19 hbo,mild_master_10,0.017408264116865208,
664,constant,7.0,2.3626230649220932e-17,0.18965689103907554,4.2621939458667854e-09,1.4525437424968974,0.006191023145376959,22,19,hbo,False,S22_D19 hbo,mild_master_10,,
672,Linear,7.0,2.0450606722266166e-16,0.18691207973002258,1.2821467716825272e-12,-1.4628367436256926,-1.8755714083382623e-06,22,20,hbo,False,S22_D20 hbo,mild_master_10,,
673,ShortHbO,7.0,2.0450606722266166e-16,0.0030032608156295155,0.001662729371573976,-4.441224896903655,-7384.555081847311,22,20,hbo,True,S22_D20 hbo,mild_master_10,,
674,az_itd=0_az=15,7.0,2.0450606722266166e-16,2.5684474957383044e-05,1.0535008306867496e-08,9.72612718146742,0.10246483065040901,22,20,hbo,True,S22_D20 hbo,mild_master_10,0.11997216818881087,
675,az_itd=0_az=5,7.0,2.0450606722266166e-16,0.13193268298718155,1.0551634637194279e-08,-1.705173793962296,-0.017992370866808542,22,20,hbo,False,S22_D20 hbo,mild_master_10,-0.1403003751622974,
676,az_itd=15_az=0,7.0,2.0450606722266166e-16,0.07750131552193974,1.0545723504776548e-08,2.0675082642465115,0.0218033704985842,22,20,hbo,False,S22_D20 hbo,mild_master_10,-0.004535962255233027,
677,az_itd=5_az=0,7.0,2.0450606722266166e-16,1.315126245773182e-06,1.0734685601833145e-08,15.146498005522707,0.16259289405807906,22,20,hbo,True,S22_D20 hbo,mild_master_10,0.03266286877942985,
678,constant,7.0,2.0450606722266166e-16,0.9089527821202404,1.2539756018863224e-08,-0.11856226585788046,-0.0014867418869014184,22,20,hbo,False,S22_D20 hbo,mild_master_10,,
728,Linear,7.0,5.487632022286565e-17,0.0170173991677534,6.641667586769873e-13,-3.112672141307141,-2.067333366916121e-06,23,9,hbo,True,S23_D9 hbo,mild_master_10,,
729,ShortHbO,7.0,5.487632022286565e-17,2.4546985320482854e-05,0.0008613129180414573,9.79338177016994,8435.166229959086,23,9,hbo,True,S23_D9 hbo,mild_master_10,,
730,az_itd=0_az=15,7.0,5.487632022286565e-17,1.668678763504304e-05,5.457255342635492e-09,-10.383317664846896,-0.056664415800767205,23,9,hbo,True,S23_D9 hbo,mild_master_10,-0.13955496784733298,
731,az_itd=0_az=5,7.0,5.487632022286565e-17,1.1303505483945996e-07,5.465867972769359e-09,21.652343505149,0.11834885090019455,23,9,hbo,True,S23_D9 hbo,mild_master_10,0.10369158577637799,
732,az_itd=15_az=0,7.0,5.487632022286565e-17,0.006668651732055064,5.462805938262309e-09,3.805292471723408,0.02078757431135549,23,9,hbo,True,S23_D9 hbo,mild_master_10,0.023471890375328156,
733,az_itd=5_az=0,7.0,5.487632022286565e-17,2.830737614403706e-06,5.56069047557639e-09,13.530319131279748,0.0752379167248163,23,9,hbo,True,S23_D9 hbo,mild_master_10,0.11061407572332449,
734,constant,7.0,5.487632022286565e-17,0.2553596068293958,6.495737690560477e-09,1.2387585823001144,0.008046650812552115,23,9,hbo,False,S23_D9 hbo,mild_master_10,,
686,Linear,7.0,2.1958388338401177e-17,0.9963040997030643,4.2013114275552484e-13,0.004799998167033436,2.0166287151401824e-09,23,10,hbo,False,S23_D10 hbo,mild_master_10,,
687,ShortHbO,7.0,2.1958388338401177e-17,0.4216658809627484,0.000544839644259949,-0.8534206115256392,-464.9773823877374,23,10,hbo,False,S23_D10 hbo,mild_master_10,,
688,az_itd=0_az=15,7.0,2.1958388338401177e-17,7.999384406741333e-06,3.452089243335966e-09,11.595835852678842,0.04002986021452218,23,10,hbo,True,S23_D10 hbo,mild_master_10,0.055125974336898725,
689,az_itd=0_az=5,7.0,2.1958388338401177e-17,0.000241043675575938,3.45753732409731e-09,6.854336617338501,0.023699124686374765,23,10,hbo,True,S23_D10 hbo,mild_master_10,0.053262792207304004,
690,az_itd=15_az=0,7.0,2.1958388338401177e-17,4.468057446801767e-05,3.4556003767270944e-09,8.936064364767692,0.0308794673853488,23,10,hbo,True,S23_D10 hbo,mild_master_10,0.05425001236469153,
691,az_itd=5_az=0,7.0,2.1958388338401177e-17,1.235395421664316e-05,3.517519077087498e-09,10.864554496782961,0.038216277706490824,23,10,hbo,True,S23_D10 hbo,mild_master_10,0.016552390536003676,
692,constant,7.0,2.1958388338401177e-17,0.048819272366883,4.109000734110161e-09,-2.380874920875232,-0.009783016797700798,23,10,hbo,True,S23_D10 hbo,mild_master_10,,
700,Linear,7.0,1.639569370101615e-17,0.7781081547245212,3.630358741294467e-13,-0.29287631404025005,-1.0632460867941251e-07,23,11,hbo,False,S23_D11 hbo,mild_master_10,,
701,ShortHbO,7.0,1.639569370101615e-17,0.00032197284192712016,0.00047079665462787523,-6.539511013734569,-3078.7799081683797,23,11,hbo,True,S23_D11 hbo,mild_master_10,,
702,az_itd=0_az=15,7.0,1.639569370101615e-17,0.00031787133698728563,2.9829548645399784e-09,6.553216565235757,0.01954794923165397,23,11,hbo,True,S23_D11 hbo,mild_master_10,0.03671587761526744,
703,az_itd=0_az=5,7.0,1.639569370101615e-17,0.0460311026909652,2.9876625583056676e-09,-2.4209030902906825,-0.007232841520147957,23,11,hbo,True,S23_D11 hbo,mild_master_10,-0.02284152648336754,
704,az_itd=15_az=0,7.0,1.639569370101615e-17,0.00829668283964531,2.9859888395304374e-09,3.639128586913782,0.010866397346140724,23,11,hbo,True,S23_D11 hbo,mild_master_10,0.02779644268486027,
705,az_itd=5_az=0,7.0,1.639569370101615e-17,0.0037056778993839897,3.039492870112095e-09,4.268904010566023,0.012975303303308355,23,11,hbo,True,S23_D11 hbo,mild_master_10,-0.0269344153389283,
706,constant,7.0,1.639569370101615e-17,0.6880002410576824,3.5505929494359153e-09,-0.41867548823140954,-0.0014865462366160822,23,11,hbo,False,S23_D11 hbo,mild_master_10,,
714,Linear,7.0,4.158268946546429e-17,0.0224854826110202,5.781505354026353e-13,-2.9154430791142985,-1.6855649771258394e-06,23,19,hbo,True,S23_D19 hbo,mild_master_10,,
715,ShortHbO,7.0,4.158268946546429e-17,0.0011785155517383516,0.000749764299717171,5.255968712328016,3940.737700933976,23,19,hbo,True,S23_D19 hbo,mild_master_10,,
716,az_itd=0_az=15,7.0,4.158268946546429e-17,3.91641320758741e-06,4.7504863153021315e-09,12.895876512353311,0.06126168489576058,23,19,hbo,True,S23_D19 hbo,mild_master_10,0.02817659192102697,
717,az_itd=0_az=5,7.0,4.158268946546429e-17,1.4501726280234462e-05,4.757983523884264e-09,10.605544166084787,0.050461004404058284,23,19,hbo,True,S23_D19 hbo,mild_master_10,0.034468455343205834,
718,az_itd=15_az=0,7.0,4.158268946546429e-17,7.385408727479582e-06,4.755318053403328e-09,11.734974348554474,0.055803535375906044,23,19,hbo,True,S23_D19 hbo,mild_master_10,0.09950136061110793,
719,az_itd=5_az=0,7.0,4.158268946546429e-17,8.71192595691882e-06,4.840525566300399e-09,11.448831511846834,0.05541836163736025,23,19,hbo,True,S23_D19 hbo,mild_master_10,-0.005481387994352448,
720,constant,7.0,4.158268946546429e-17,0.7982150600876614,5.654474835677653e-09,-0.2655789976383998,-0.0015017097590308266,23,19,hbo,False,S23_D19 hbo,mild_master_10,,
756,Linear,7.0,1.1068195494240747e-16,0.11953232223553065,9.432418368260853e-13,-1.7728800856180544,-1.6722546684307609e-06,24,9,hbo,False,S24_D9 hbo,mild_master_10,,
757,ShortHbO,7.0,1.1068195494240747e-16,0.11934690944012925,0.0012232264988898329,1.77394244753773,2169.9334093336383,24,9,hbo,False,S24_D9 hbo,mild_master_10,,
758,az_itd=0_az=15,7.0,1.1068195494240747e-16,2.354131618184087e-06,7.7503299979515e-09,-13.903481480875822,-0.10775656959719503,24,9,hbo,True,S24_D9 hbo,mild_master_10,-0.2301624965375419,
759,az_itd=0_az=5,7.0,1.1068195494240747e-16,2.9422172646371173e-06,7.762561554200347e-09,13.453335108224973,0.10443234188688094,24,9,hbo,True,S24_D9 hbo,mild_master_10,0.09794544573618139,
760,az_itd=15_az=0,7.0,1.1068195494240747e-16,0.3087871768656417,7.758212888725718e-09,1.0973718773211252,0.00851364464235789,24,9,hbo,False,S24_D9 hbo,mild_master_10,0.08641491281962678,
761,az_itd=5_az=0,7.0,1.1068195494240747e-16,0.0004107246395279105,7.89722735996623e-09,-6.283291006708209,-0.04962057764880582,24,9,hbo,True,S24_D9 hbo,mild_master_10,-0.03335534204325202,
762,constant,7.0,1.1068195494240747e-16,0.0667693690012648,9.225170442118655e-09,2.1684529803065127,0.020004348339047746,24,9,hbo,False,S24_D9 hbo,mild_master_10,,
742,Linear,7.0,3.151376632415967e-16,0.23217130099786248,1.5916031861009157e-12,-1.3080480821788176,-2.081893495168999e-06,24,19,hbo,False,S24_D19 hbo,mild_master_10,,
743,ShortHbO,7.0,3.151376632415967e-16,0.0003961975434060551,0.0020640424511991756,-6.320711244592871,-13046.21633061166,24,19,hbo,True,S24_D19 hbo,mild_master_10,,
744,az_itd=0_az=15,7.0,3.151376632415967e-16,8.84704238496891e-06,1.3077717120331164e-08,11.422498335528749,0.14938020203949853,24,19,hbo,True,S24_D19 hbo,mild_master_10,0.14257395827962574,
745,az_itd=0_az=5,7.0,3.151376632415967e-16,5.13647579323071e-07,1.3098356348932543e-08,17.37883641209309,0.2276341922553996,24,19,hbo,True,S24_D19 hbo,mild_master_10,0.16979166434727175,
746,az_itd=15_az=0,7.0,3.151376632415967e-16,0.9774297153553597,1.3091018517260447e-08,0.029317507789018264,0.00038379603734596545,24,19,hbo,False,S24_D19 hbo,mild_master_10,0.007403219013555275,
747,az_itd=5_az=0,7.0,3.151376632415967e-16,0.0005090923329688024,1.3325588133134396e-08,-6.063528103426533,-0.08080007813994752,24,19,hbo,True,S24_D19 hbo,mild_master_10,-0.28634164306952836,
748,constant,7.0,3.151376632415967e-16,0.9836078338293487,1.5566326783602217e-08,-0.02129083836247231,-0.0003314201474470982,24,19,hbo,False,S24_D19 hbo,mild_master_10,,
497,Linear,7.0,4.9173786778675784e-17,0.824921586242908,6.287115973938261e-13,-0.2296611071173323,-1.443906015149726e-07,1,7,hbr,False,S1_D7 hbr,mild_master_10,,
498,ShortHbO,7.0,4.9173786778675784e-17,0.0003547208316387681,0.0008153335190042917,-6.436654477240977,-5248.020145543615,1,7,hbr,True,S1_D7 hbr,mild_master_10,,
499,az_itd=0_az=15,7.0,4.9173786778675784e-17,0.0003672497410451629,5.165931114482369e-09,-6.400091949575732,-0.0330624341378614,1,7,hbr,True,S1_D7 hbr,mild_master_10,,-0.045873412513012905
500,az_itd=0_az=5,7.0,4.9173786778675784e-17,0.0018073309724387383,5.1740839772664265e-09,-4.873341569518912,-0.02521507853059422,1,7,hbr,True,S1_D7 hbr,mild_master_10,,0.09191493423903932
501,az_itd=15_az=0,7.0,4.9173786778675784e-17,0.020735113007376287,5.171185403104061e-09,2.9724659562196116,0.01537117256402661,1,7,hbr,True,S1_D7 hbr,mild_master_10,,-0.052908914667758475
502,az_itd=5_az=0,7.0,4.9173786778675784e-17,0.03741264728165003,5.263844577943647e-09,2.562541395332966,0.013488819629579582,1,7,hbr,True,S1_D7 hbr,mild_master_10,,-0.06507556146838504
503,constant,7.0,4.9173786778675784e-17,0.3577715082054471,6.1489762417780944e-09,0.9842717406625714,0.006052263548787722,1,7,hbr,False,S1_D7 hbr,mild_master_10,,
511,Linear,7.0,9.538407519995583e-19,0.14137285916406164,8.756339292044115e-14,-1.6575606075049423,-1.451416307644004e-07,1,8,hbr,False,S1_D8 hbr,mild_master_10,,
512,ShortHbO,7.0,9.538407519995583e-19,0.00072754539962869,0.00011355503792473838,5.71032818739988,648.436533882896,1,8,hbr,True,S1_D8 hbr,mild_master_10,,
513,az_itd=0_az=15,7.0,9.538407519995583e-19,0.02095551098337893,7.194816476305615e-10,-2.9650111901891196,-0.0021332711363603197,1,8,hbr,True,S1_D8 hbr,mild_master_10,,-0.0018920146339605336
514,az_itd=0_az=5,7.0,9.538407519995583e-19,1.2361432016708496e-05,7.206171322157768e-10,10.86356610974128,0.007828471855638265,1,8,hbr,True,S1_D8 hbr,mild_master_10,,0.015443569366072706
515,az_itd=15_az=0,7.0,9.538407519995583e-19,1.3883828112614347e-06,7.202134352117129e-10,15.026486024441999,0.010822277118824166,1,8,hbr,True,S1_D8 hbr,mild_master_10,,0.009028241008153616
516,az_itd=5_az=0,7.0,9.538407519995583e-19,7.018699433511715e-07,7.331184806535263e-10,16.60479857433032,0.012173284702370885,1,8,hbr,True,S1_D8 hbr,mild_master_10,,0.002275687074820062
517,constant,7.0,9.538407519995583e-19,0.5413835382589447,8.563946091485923e-10,-0.641894209624323,-0.0005497147407659668,1,8,hbr,False,S1_D8 hbr,mild_master_10,,
777,Linear,7.0,6.853226102920145e-16,0.38740006317847636,2.3471031421751737e-12,0.9215943230725184,2.16307693149431e-06,2,6,hbr,False,S2_D6 hbr,mild_master_10,,
778,ShortHbO,7.0,6.853226102920145e-16,0.08968352853885794,0.003043799211448277,1.968543263700967,5991.850433754821,2,6,hbr,False,S2_D6 hbr,mild_master_10,,
779,az_itd=0_az=15,7.0,6.853226102920145e-16,0.0011680061584814238,1.928542944224864e-08,5.264180484064872,0.10152198129669537,2,6,hbr,True,S2_D6 hbr,mild_master_10,,-0.03515049817238627
780,az_itd=0_az=5,7.0,6.853226102920145e-16,0.45423101002098876,1.9315865670779343e-08,-0.7922329291937461,-0.015302664840274443,2,6,hbr,False,S2_D6 hbr,mild_master_10,,0.07170687385720184
781,az_itd=15_az=0,7.0,6.853226102920145e-16,0.12836984762159612,1.9305044727516146e-08,1.7239851453076487,0.033281610339737575,2,6,hbr,False,S2_D6 hbr,mild_master_10,,0.19128250427982915
782,az_itd=5_az=0,7.0,6.853226102920145e-16,0.02004900846401799,1.965095951788881e-08,2.9962218313839086,0.05887863391513986,2,6,hbr,True,S2_D6 hbr,mild_master_10,,-0.11087619837433307
783,constant,7.0,6.853226102920145e-16,0.20262735967575293,2.295532883131699e-08,-1.4056455638762655,-0.03226705613906167,2,6,hbr,False,S2_D6 hbr,mild_master_10,,
791,Linear,7.0,5.286240158391949e-18,0.3605847688655489,2.0613801488897385e-13,-0.9781539422733042,-2.0163471191604287e-07,2,7,hbr,False,S2_D7 hbr,mild_master_10,,
792,ShortHbO,7.0,5.286240158391949e-18,9.831284354108013e-05,0.0002673264399395292,-7.905672288610917,-2113.395228242947,2,7,hbr,True,S2_D7 hbr,mild_master_10,,
793,az_itd=0_az=15,7.0,5.286240158391949e-18,0.0006701890727142996,1.6937730899300207e-09,5.790244550997419,0.009807360404593363,2,7,hbr,True,S2_D7 hbr,mild_master_10,,-0.0038636155944530644
794,az_itd=0_az=5,7.0,5.286240158391949e-18,0.0018816521912408293,1.6964461994399047e-09,4.8381964808542195,0.008207740032088663,2,7,hbr,True,S2_D7 hbr,mild_master_10,,0.014258656514175726
795,az_itd=15_az=0,7.0,5.286240158391949e-18,2.3269462739236367e-05,1.6954958331251823e-09,9.873262012140925,0.01674007460093809,2,7,hbr,True,S2_D7 hbr,mild_master_10,,0.024502172839708035
796,az_itd=5_az=0,7.0,5.286240158391949e-18,1.7715931029084925e-06,1.7258763421564446e-09,14.49788257612638,0.025021552549498647,2,7,hbr,True,S2_D7 hbr,mild_master_10,,0.009447844747600465
797,constant,7.0,5.286240158391949e-18,0.34413334914951993,2.0160877600061374e-09,-1.0144688197367746,-0.0020452581703791837,2,7,hbr,False,S2_D7 hbr,mild_master_10,,
805,Linear,7.0,7.8607910746771e-18,0.248708561368389,2.5137250411627257e-13,-1.2580608154014585,-3.1624189749802433e-07,2,8,hbr,False,S2_D8 hbr,mild_master_10,,
806,ShortHbO,7.0,7.8607910746771e-18,0.8880736351564583,0.0003259879875154565,0.14595165082144365,47.57848492584104,2,8,hbr,False,S2_D8 hbr,mild_master_10,,
807,az_itd=0_az=15,7.0,7.8607910746771e-18,0.728333770178377,2.065451068061293e-09,-0.3615797859904226,-0.0007468253551632921,2,8,hbr,False,S2_D8 hbr,mild_master_10,,0.0021522717224614794
808,az_itd=0_az=5,7.0,7.8607910746771e-18,0.15154853584010514,2.0687107590583104e-09,1.6094718963180135,0.003329531828315056,2,8,hbr,False,S2_D8 hbr,mild_master_10,,0.03531476816831155
809,az_itd=15_az=0,7.0,7.8607910746771e-18,0.055626920242446184,2.067551846373097e-09,2.2921992955727606,0.004739240885816573,2,8,hbr,False,S2_D8 hbr,mild_master_10,,-0.010679718367111415
810,az_itd=5_az=0,7.0,7.8607910746771e-18,1.5353481219681111e-06,2.104598989936736e-09,14.806104743481393,0.03116091308802846,2,8,hbr,True,S2_D8 hbr,mild_master_10,,0.01786335556772418
811,constant,7.0,7.8607910746771e-18,0.8389237768866682,2.4584937864268585e-09,0.2109661001490533,0.0005186588463631538,2,8,hbr,False,S2_D8 hbr,mild_master_10,,
819,Linear,7.0,1.1109173611741598e-17,0.5236886439299109,2.988309129388005e-13,-0.6710795599040694,-2.005393175407015e-07,3,5,hbr,False,S3_D5 hbr,mild_master_10,,
820,ShortHbO,7.0,1.1109173611741598e-17,0.0009940819434136811,0.00038753358589794953,5.413425498889552,2097.8841955760645,3,5,hbr,True,S3_D5 hbr,mild_master_10,,
821,az_itd=0_az=15,7.0,1.1109173611741598e-17,0.6482694880761095,2.455402314064075e-09,0.4764460944971987,0.0011698668429552125,3,5,hbr,False,S3_D5 hbr,mild_master_10,,0.020428956537620176
822,az_itd=0_az=5,7.0,1.1109173611741598e-17,0.005750763848716076,2.4592774253852654e-09,3.919766657809711,0.009639793654329272,3,5,hbr,True,S3_D5 hbr,mild_master_10,,0.004135106889388304
823,az_itd=15_az=0,7.0,1.1109173611741598e-17,3.40447237019449e-05,2.4578997133043195e-09,9.316755876451522,0.02289965159765653,3,5,hbr,True,S3_D5 hbr,mild_master_10,,0.04855844929774311
824,az_itd=5_az=0,7.0,1.1109173611741598e-17,0.02079504530768127,2.5019412514662514e-09,-2.970430523130796,-0.007431842660435415,3,5,hbr,True,S3_D5 hbr,mild_master_10,,0.029681280657149697
825,constant,7.0,1.1109173611741598e-17,0.86827722766625,2.9226503719455435e-09,-0.1720360582989472,-0.0005028012497754632,3,5,hbr,False,S3_D5 hbr,mild_master_10,,
833,Linear,7.0,1.6789292061478391e-18,0.07897404224181526,1.1617183161372187e-13,2.0547560561281424,2.387047745597938e-07,3,6,hbr,False,S3_D6 hbr,mild_master_10,,
834,ShortHbO,7.0,1.6789292061478391e-18,2.146939258311989e-05,0.00015065538582622622,-9.994679457078487,-1505.7522898156167,3,6,hbr,True,S3_D6 hbr,mild_master_10,,
835,az_itd=0_az=15,7.0,1.6789292061478391e-18,0.10913430985000383,9.545484480443046e-10,1.8350500899941316,0.0017516442154874598,3,6,hbr,False,S3_D6 hbr,mild_master_10,,0.007401427291859896
836,az_itd=0_az=5,7.0,1.6789292061478391e-18,2.3178293131312194e-06,9.56054914612514e-10,-13.935373411848724,-0.01332298223735853,3,6,hbr,True,S3_D6 hbr,mild_master_10,,-0.021449322994513045
837,az_itd=15_az=0,7.0,1.6789292061478391e-18,0.0010355393870511746,9.55519322982097e-10,-5.375346273051798,-0.005136247231620793,3,6,hbr,True,S3_D6 hbr,mild_master_10,,0.005716028698139545
838,az_itd=5_az=0,7.0,1.6789292061478391e-18,0.0026127464997367836,9.726406646299242e-10,-4.55747549223199,-0.004432785991799114,3,6,hbr,True,S3_D6 hbr,mild_master_10,,0.00957288706343687
839,constant,7.0,1.6789292061478391e-18,0.6435441775250542,1.1361931854251427e-09,-0.48343152157337604,-0.0005492716004313777,3,6,hbr,False,S3_D6 hbr,mild_master_10,,
847,Linear,7.0,7.859810287389608e-17,0.9869779490001054,7.94860062344539e-13,-0.016913051557270554,-1.3443509215248474e-08,4,2,hbr,False,S4_D2 hbr,mild_master_10,,
848,ShortHbO,7.0,7.859810287389608e-17,0.17059123044197397,0.001030800218150561,1.5270304982597502,1574.0633707287107,4,2,hbr,False,S4_D2 hbr,mild_master_10,,
849,az_itd=0_az=15,7.0,7.859810287389608e-17,0.5156325204471988,6.5311222900075176e-09,0.684571701698395,0.004471021500070765,4,2,hbr,False,S4_D2 hbr,mild_master_10,,-0.022047454544901614
850,az_itd=0_az=5,7.0,7.859810287389608e-17,0.9913544064967094,6.541429694941171e-09,0.011228562492722001,7.345085212139436e-05,4,2,hbr,False,S4_D2 hbr,mild_master_10,,0.02017896665613982
851,az_itd=15_az=0,7.0,7.859810287389608e-17,0.008034840948792988,6.537765119881703e-09,-3.6633287278540942,-0.02394998277962511,4,2,hbr,True,S4_D2 hbr,mild_master_10,,0.035735623411870164
852,az_itd=5_az=0,7.0,7.859810287389608e-17,0.03562407531720557,6.6549111655329825e-09,-2.5961541089449023,-0.01727717496706176,4,2,hbr,True,S4_D2 hbr,mild_master_10,,0.06430054185240133
853,constant,7.0,7.859810287389608e-17,0.78309110618929,7.773954956700502e-09,0.28608928852884186,0.0022240452426177102,4,2,hbr,False,S4_D2 hbr,mild_master_10,,
861,Linear,7.0,4.171981725285285e-17,0.5837878264175062,5.791030381287997e-13,-0.5742252905550133,-3.3253561033080093e-07,4,4,hbr,False,S4_D4 hbr,mild_master_10,,
862,ShortHbO,7.0,4.171981725285285e-17,0.7348778674731784,0.00075099953603666,-0.3524446189001624,-264.68574527263934,4,4,hbr,False,S4_D4 hbr,mild_master_10,,
863,az_itd=0_az=15,7.0,4.171981725285285e-17,0.009634336848279901,4.758312739198428e-09,3.5271727882306516,0.016783391211591947,4,4,hbr,True,S4_D4 hbr,mild_master_10,,0.031928060883542615
864,az_itd=0_az=5,7.0,4.171981725285285e-17,0.00029076243640239997,4.765822299428057e-09,6.649111196977953,0.0316884824139343,4,4,hbr,True,S4_D4 hbr,mild_master_10,,0.014230424064080968
865,az_itd=15_az=0,7.0,4.171981725285285e-17,0.05720526475294149,4.763152437585798e-09,2.2732197511093126,0.010827692198664505,4,4,hbr,False,S4_D4 hbr,mild_master_10,,0.015508752133842396
866,az_itd=5_az=0,7.0,4.171981725285285e-17,8.397794345039653e-06,4.848500329818967e-09,11.511890147622962,0.05581540317758966,4,4,hbr,True,S4_D4 hbr,mild_master_10,,0.08461738090026662
867,constant,7.0,4.171981725285285e-17,0.4467535674288837,5.6637905802220385e-09,-0.8060029028310651,-0.004565031648686205,4,4,hbr,False,S4_D4 hbr,mild_master_10,,
875,Linear,7.0,8.72486262648442e-18,0.15432837721804232,2.648280260943601e-13,-1.5968589724412008,-4.2289300962267145e-07,5,1,hbr,False,S5_D1 hbr,mild_master_10,,
876,ShortHbO,7.0,8.72486262648442e-18,1.0238316359546615e-05,0.00034343754328937625,-11.17532235010309,-3838.0252533862636,5,1,hbr,True,S5_D1 hbr,mild_master_10,,
877,az_itd=0_az=15,7.0,8.72486262648442e-18,4.498412693932067e-06,2.17601098128119e-09,12.633625528825641,0.027490907884118974,5,1,hbr,True,S5_D1 hbr,mild_master_10,,0.01935293217139323
878,az_itd=0_az=5,7.0,8.72486262648442e-18,0.0029643817103788763,2.179445157725636e-09,4.452029135544925,0.009702953341516836,5,1,hbr,True,S5_D1 hbr,mild_master_10,,-0.012649544147600455
879,az_itd=15_az=0,7.0,8.72486262648442e-18,0.2907536484538453,2.1782242105105866e-09,1.1426550846333496,0.0024889589696113854,5,1,hbr,False,S5_D1 hbr,mild_master_10,,0.021713340789202413
880,az_itd=5_az=0,7.0,8.72486262648442e-18,2.064722286499964e-05,2.21725442161854e-09,10.05403821855044,0.022292360695202754,5,1,hbr,True,S5_D1 hbr,mild_master_10,,0.05735254229332928
881,constant,7.0,8.72486262648442e-18,0.9149038226376038,2.590092575612477e-09,-0.11077521272704455,-0.00028691805604621085,5,1,hbr,False,S5_D1 hbr,mild_master_10,,
889,Linear,7.0,3.158194059094498e-17,0.37691773236193926,5.038532344025158e-13,0.9433399106190175,4.753048651063722e-07,5,3,hbr,False,S5_D3 hbr,mild_master_10,,
890,ShortHbO,7.0,3.158194059094498e-17,0.00034214293544584267,0.0006534131585451991,-6.474847785660717,-4230.750742727958,5,3,hbr,True,S5_D3 hbr,mild_master_10,,
891,az_itd=0_az=15,7.0,3.158194059094498e-17,0.00017649193890836336,4.140008091980674e-09,-7.2062708341180945,-0.029834019566253228,5,3,hbr,True,S5_D3 hbr,mild_master_10,,-0.06728868100753295
892,az_itd=0_az=5,7.0,3.158194059094498e-17,0.0007315765872243638,4.146541844977144e-09,-5.704978309033332,-0.023655931283093658,5,3,hbr,True,S5_D3 hbr,mild_master_10,,0.012411350093631082
893,az_itd=15_az=0,7.0,3.158194059094498e-17,0.00017870034232211174,4.1442189103073885e-09,7.191964879680474,0.02980507685663842,5,3,hbr,True,S5_D3 hbr,mild_master_10,,-0.015095561806655534
894,az_itd=5_az=0,7.0,3.158194059094498e-17,0.004897917296524348,4.218476527207604e-09,-4.045614502618414,-0.017066329817426444,5,3,hbr,True,S5_D3 hbr,mild_master_10,,-0.03347474141332789
895,constant,7.0,3.158194059094498e-17,0.8643243677570478,4.927826336474295e-09,-0.1772598282158842,-0.0008735056498811435,5,3,hbr,False,S5_D3 hbr,mild_master_10,,
903,Linear,7.0,2.2294701936036265e-18,0.013468316866752084,1.338706832428539e-13,-3.2810089907173463,-4.392309153132776e-07,6,1,hbr,True,S6_D1 hbr,mild_master_10,,
904,ShortHbO,7.0,2.2294701936036265e-18,0.0061582343648084025,0.0001736078286329648,3.8666577833382947,671.2820618321142,6,1,hbr,True,S6_D1 hbr,mild_master_10,,
905,az_itd=0_az=15,7.0,2.2294701936036265e-18,0.0007115770216656216,1.0999745046027422e-09,5.731850420584998,0.006304889326840002,6,1,hbr,True,S6_D1 hbr,mild_master_10,,-0.002045568334577846
906,az_itd=0_az=5,7.0,2.2294701936036265e-18,0.00011913256786979495,1.1017104823003243e-09,7.670278794089874,0.008450426549614705,6,1,hbr,True,S6_D1 hbr,mild_master_10,,0.009491520128446338
907,az_itd=15_az=0,7.0,2.2294701936036265e-18,2.3968631526352027e-05,1.101093292948077e-09,9.828946230630924,0.010822586771294994,6,1,hbr,True,S6_D1 hbr,mild_master_10,,0.003646538036374288
908,az_itd=5_az=0,7.0,2.2294701936036265e-18,5.599846452945709e-07,1.120823081766851e-09,17.161309968116964,0.019234792325621038,6,1,hbr,True,S6_D1 hbr,mild_master_10,,0.02553518106502685
909,constant,7.0,2.2294701936036265e-18,0.4543815922072896,1.30929293199482e-09,0.7919572463253653,0.0010369040250558816,6,1,hbr,False,S6_D1 hbr,mild_master_10,,
917,Linear,7.0,1.487468957894584e-17,0.012265514457842276,3.4578695101617007e-13,-3.349120681955535,-1.1580822291986004e-06,6,2,hbr,True,S6_D2 hbr,mild_master_10,,
918,ShortHbO,7.0,1.487468957894584e-17,0.0025375110018620336,0.000448427693661862,-4.582072187531051,-2054.7280632467123,6,2,hbr,True,S6_D2 hbr,mild_master_10,,
919,az_itd=0_az=15,7.0,1.487468957894584e-17,4.07604180644582e-05,2.841225733136071e-09,9.063121265151093,0.02575037336108003,6,2,hbr,True,S6_D2 hbr,mild_master_10,,0.006640985350763406
920,az_itd=0_az=5,7.0,1.487468957894584e-17,0.04584371586739519,2.8457097502527244e-09,2.423681794364909,0.0068970949137342405,6,2,hbr,True,S6_D2 hbr,mild_master_10,,0.013669380851069895
921,az_itd=15_az=0,7.0,1.487468957894584e-17,4.784982763865809e-05,2.844115554875936e-09,8.842243225361717,0.02514836149724763,6,2,hbr,True,S6_D2 hbr,mild_master_10,,0.029465833779370666
922,az_itd=5_az=0,7.0,1.487468957894584e-17,2.3181153040784327e-05,2.895077448507722e-09,9.878966615456218,0.028600373462967954,6,2,hbr,True,S6_D2 hbr,mild_master_10,,0.039400383814044156
923,constant,7.0,1.487468957894584e-17,0.1974553785269951,3.381893630289497e-09,1.424014486443021,0.004815865521141622,6,2,hbr,False,S6_D2 hbr,mild_master_10,,
931,Linear,7.0,1.6107541598025312e-15,0.5674374432626799,3.5983157972666224e-12,0.5999619921482003,2.1588527141064225e-06,7,7,hbr,False,S7_D7 hbr,mild_master_10,,
932,ShortHbO,7.0,1.6107541598025312e-15,0.11179067496212149,0.004666412220858674,1.8186424576150788,8486.535389587458,7,7,hbr,False,S7_D7 hbr,mild_master_10,,
933,az_itd=0_az=15,7.0,1.6107541598025312e-15,0.12810654161118631,2.956626156394744e-08,1.7253949590088158,0.05101347865917101,7,7,hbr,False,S7_D7 hbr,mild_master_10,,-0.38460295751320683
934,az_itd=0_az=5,7.0,1.6107541598025312e-15,2.5900550625876535e-05,2.96129229824268e-08,9.71373345070471,0.2876520405475415,7,7,hbr,True,S7_D7 hbr,mild_master_10,,0.43497219659524633
935,az_itd=15_az=0,7.0,1.6107541598025312e-15,0.0031825422867646502,2.9596333523537826e-08,-4.393320863608185,-0.1300261895552651,7,7,hbr,True,S7_D7 hbr,mild_master_10,,-0.08481145685812762
936,az_itd=5_az=0,7.0,1.6107541598025312e-15,0.8355201227648582,3.012665135761162e-08,-0.21550250886316952,-0.006492368951211316,7,7,hbr,False,S7_D7 hbr,mild_master_10,,-0.08366479284534957
937,constant,7.0,1.6107541598025312e-15,0.5526638945979101,3.519254048998801e-08,-0.6235936186699772,-0.021945843674341315,7,7,hbr,False,S7_D7 hbr,mild_master_10,,
945,Linear,7.0,1.9028052173454353e-16,0.8998390887092229,1.2367496935956817e-12,0.13050381488439955,1.614005530713487e-07,8,6,hbr,False,S8_D6 hbr,mild_master_10,,
946,ShortHbO,7.0,1.9028052173454353e-16,1.5510622571914793e-05,0.001603856973510234,-10.498525012910203,-16838.13255352765,8,6,hbr,True,S8_D6 hbr,mild_master_10,,
947,az_itd=0_az=15,7.0,1.9028052173454353e-16,0.9353298185544598,1.0161994385750787e-08,-0.08410225094701625,-0.0008546466019525829,8,6,hbr,False,S8_D6 hbr,mild_master_10,,-0.12125347993272724
948,az_itd=0_az=5,7.0,1.9028052173454353e-16,8.085499460840343e-05,1.0178032026207726e-08,-8.151318401030974,-0.0829643797415096,8,6,hbr,True,S8_D6 hbr,mild_master_10,,-0.01575908858713896
949,az_itd=15_az=0,7.0,1.9028052173454353e-16,1.0839672886978703e-06,1.0172330189750391e-08,-15.581908464016063,-0.15850431788243774,8,6,hbr,True,S8_D6 hbr,mild_master_10,,-0.11091674029537658
950,az_itd=5_az=0,7.0,1.9028052173454353e-16,0.0004220970141775054,1.0354601690016518e-08,-6.255018166924375,-0.06476822168231916,8,6,hbr,True,S8_D6 hbr,mild_master_10,,-0.29039154976367015
951,constant,7.0,1.9028052173454353e-16,0.1367994637009941,1.2095759827669538e-08,1.6802402061048571,0.020323781985838316,8,6,hbr,False,S8_D6 hbr,mild_master_10,,
35,Linear,7.0,6.13149830915235e-17,0.07672664336533581,7.020498503068256e-13,-2.074313047536474,-1.4562711645124769e-06,10,6,hbr,False,S10_D6 hbr,mild_master_10,,
36,ShortHbO,7.0,6.13149830915235e-17,0.29443847258988265,0.000910440935621146,1.1332190952663224,1031.729053358019,10,6,hbr,False,S10_D6 hbr,mild_master_10,,
37,az_itd=0_az=15,7.0,6.13149830915235e-17,3.45300089410757e-06,5.76852913267627e-09,-13.138623131469013,-0.07579053029713331,10,6,hbr,True,S10_D6 hbr,mild_master_10,,-0.08401288389720873
38,az_itd=0_az=5,7.0,6.13149830915235e-17,0.09502889807281965,5.777633014521055e-09,-1.9292377325797265,-0.011146427616612371,10,6,hbr,False,S10_D6 hbr,mild_master_10,,0.07954728300082996
39,az_itd=15_az=0,7.0,6.13149830915235e-17,9.184399601593513e-07,5.7743963260851695e-09,15.964596440612112,0.09218590703410295,10,6,hbr,True,S10_D6 hbr,mild_master_10,,0.04310161252155438
40,az_itd=5_az=0,7.0,6.13149830915235e-17,0.018146756250088568,5.877864052933759e-09,3.0668874535067525,0.018026747517360896,10,6,hbr,True,S10_D6 hbr,mild_master_10,,0.09272448212841329
41,constant,7.0,6.13149830915235e-17,0.17180845696900762,6.8662449809661e-09,1.5220537090383384,0.010450793640445327,10,6,hbr,False,S10_D6 hbr,mild_master_10,,
7,Linear,7.0,4.948983450033798e-18,0.7187532302651989,1.994539517802675e-13,-0.37501523479936555,-7.479827055853835e-08,10,14,hbr,False,S10_D14 hbr,mild_master_10,,
8,ShortHbO,7.0,4.948983450033798e-18,0.00011007960480497918,0.00025865833087607485,7.766428924001513,2008.8515423499014,10,14,hbr,True,S10_D14 hbr,mild_master_10,,
9,az_itd=0_az=15,7.0,4.948983450033798e-18,0.00044700530552121336,1.638852185452414e-09,6.195969531066141,0.010154278206984314,10,14,hbr,True,S10_D14 hbr,mild_master_10,,0.002921351133458646
10,az_itd=0_az=5,7.0,4.948983450033798e-18,0.40340978559790946,1.6414386188939842e-09,-0.8892138965232528,-0.0014595900302104663,10,14,hbr,False,S10_D14 hbr,mild_master_10,,-0.02558924456537563
11,az_itd=15_az=0,7.0,4.948983450033798e-18,1.3313133073108208e-05,1.6405190683820987e-09,-10.743029065077572,-0.017624144033442864,10,14,hbr,True,S10_D14 hbr,mild_master_10,,0.0002559914229421159
12,az_itd=5_az=0,7.0,4.948983450033798e-18,1.2460422817690186e-05,1.66991448381115e-09,-10.85054550558396,-0.018119483097026635,10,14,hbr,True,S10_D14 hbr,mild_master_10,,-0.007231888542349559
13,constant,7.0,4.948983450033798e-18,0.258617934660441,1.950715742972649e-09,1.2294583208260987,0.002398323701764189,10,14,hbr,False,S10_D14 hbr,mild_master_10,,
21,Linear,7.0,1.2514709766994366e-18,0.4762370274537181,1.0029863804051359e-13,0.752590863066293,7.548383856728384e-08,10,15,hbr,False,S10_D15 hbr,mild_master_10,,
22,ShortHbO,7.0,1.2514709766994366e-18,0.4512398205429642,0.0001300705153903571,-0.7977222904840278,-103.76014946163366,10,15,hbr,False,S10_D15 hbr,mild_master_10,,
23,az_itd=0_az=15,7.0,1.2514709766994366e-18,3.3757182726725504e-06,8.241232659640807e-10,13.182703353969925,0.010864172542309335,10,15,hbr,True,S10_D15 hbr,mild_master_10,,0.006413478371709689
24,az_itd=0_az=5,7.0,1.2514709766994366e-18,3.773935366943173e-06,8.254238957548493e-10,12.966872626502692,0.010703166519124766,10,15,hbr,True,S10_D15 hbr,mild_master_10,,0.016095110386107985
25,az_itd=15_az=0,7.0,1.2514709766994366e-18,7.322436973560746e-05,8.249614849420859e-10,-8.278276561417872,-0.006829259324868553,10,15,hbr,True,S10_D15 hbr,mild_master_10,,-0.0028805421206318962
26,az_itd=5_az=0,7.0,1.2514709766994366e-18,1.7604265711622406e-05,8.397434439148368e-10,10.29967037960132,0.008649080675754046,10,15,hbr,True,S10_D15 hbr,mild_master_10,,0.012548089244978177
27,constant,7.0,1.2514709766994366e-18,0.05006654665959331,9.809488880916815e-10,-2.363720059520123,-0.0023186885641462676,10,15,hbr,False,S10_D15 hbr,mild_master_10,,
91,Linear,7.0,1.833427910077132e-15,0.07438809495315048,3.838986313529844e-12,-2.095277583215212,-8.043741965009088e-06,11,3,hbr,False,S11_D3 hbr,mild_master_10,,
92,ShortHbO,7.0,1.833427910077132e-15,0.20364237526197412,0.004978521524645789,-1.4020898030977387,-6980.334264208468,11,3,hbr,False,S11_D3 hbr,mild_master_10,,
93,az_itd=0_az=15,7.0,1.833427910077132e-15,0.0008708793344953164,3.1543777667446186e-08,5.537973600765225,0.17468860799072466,11,3,hbr,True,S11_D3 hbr,mild_master_10,,0.319828504641515
94,az_itd=0_az=5,7.0,1.833427910077132e-15,0.7744911174589861,3.159355999812662e-08,0.29781243586569367,0.00940895506071103,11,3,hbr,False,S11_D3 hbr,mild_master_10,,-0.11443952022937082
95,az_itd=15_az=0,7.0,1.833427910077132e-15,0.025388453566292817,3.157586096635403e-08,2.8304870584625843,0.08937506582507894,11,3,hbr,True,S11_D3 hbr,mild_master_10,,-0.13577114849026736
96,az_itd=5_az=0,7.0,1.833427910077132e-15,1.3279100363106796e-06,3.214164869081573e-08,15.125014628695208,0.4861429066389701,11,3,hbr,True,S11_D3 hbr,mild_master_10,,0.0020119800545849286
97,constant,7.0,1.833427910077132e-15,0.6850715053620722,3.7546365825377866e-08,0.42287880305436076,0.01587756223927695,11,3,hbr,False,S11_D3 hbr,mild_master_10,,
105,Linear,7.0,4.814316796717181e-18,0.011089007285356129,1.9672156786299542e-13,-3.423073862238364,-6.733924570903702e-07,11,4,hbr,True,S11_D4 hbr,mild_master_10,,
106,ShortHbO,7.0,4.814316796717181e-18,7.688125518669357e-05,0.000255114887103485,8.215656900842077,2095.936382739294,11,4,hbr,True,S11_D4 hbr,mild_master_10,,
107,az_itd=0_az=15,7.0,4.814316796717181e-18,0.8843333048367779,1.6164010215905435e-09,0.15087076501182314,0.00024386765869325772,11,4,hbr,False,S11_D4 hbr,mild_master_10,,-0.0014927515885772768
108,az_itd=0_az=5,7.0,4.814316796717181e-18,0.00010176266626823226,1.6189520226474668e-09,7.862977219312627,0.01272978287323713,11,4,hbr,True,S11_D4 hbr,mild_master_10,,0.000320858850732924
109,az_itd=15_az=0,7.0,4.814316796717181e-18,0.004059789259999787,1.6180450693541744e-09,4.19518491173735,0.006787998261465646,11,4,hbr,True,S11_D4 hbr,mild_master_10,,0.010649848418688258
110,az_itd=5_az=0,7.0,4.814316796717181e-18,0.001181639786722698,1.6470377875208103e-09,5.253543218585769,0.00865278419938446,11,4,hbr,True,S11_D4 hbr,mild_master_10,,0.003732543583987466
111,constant,7.0,4.814316796717181e-18,0.08691983895665821,1.9239922598042637e-09,1.989776964046389,0.003828315477562079,11,4,hbr,False,S11_D4 hbr,mild_master_10,,
49,Linear,7.0,2.4857594463069144e-17,0.5796663970451617,4.4700686598324795e-13,-0.5806730351401214,-2.5956483359896605e-07,11,11,hbr,False,S11_D11 hbr,mild_master_10,,
50,ShortHbO,7.0,2.4857594463069144e-17,0.025655880042416816,0.0005796929507455914,2.823181550148233,1636.5784432959422,11,11,hbr,True,S11_D11 hbr,mild_master_10,,
51,az_itd=0_az=15,7.0,2.4857594463069144e-17,0.15957723682367972,3.6729188501411085e-09,-1.5736079619249814,-0.005779734346086395,11,11,hbr,False,S11_D11 hbr,mild_master_10,,-0.007952674304229187
52,az_itd=0_az=5,7.0,2.4857594463069144e-17,0.03572681950085863,3.678715443773228e-09,-2.5941763032156264,-0.009543236430509866,11,11,hbr,True,S11_D11 hbr,mild_master_10,,-0.03408373463774926
53,az_itd=15_az=0,7.0,2.4857594463069144e-17,1.4626334004877369e-05,3.6766545901839043e-09,-10.59187610055332,-0.03894266988375855,11,11,hbr,True,S11_D11 hbr,mild_master_10,,-0.04708489716879986
54,az_itd=5_az=0,7.0,2.4857594463069144e-17,0.9532857671334449,3.742534220083099e-09,-0.06071177296218243,-0.00022721588787288357,11,11,hbr,False,S11_D11 hbr,mild_master_10,,0.011463381626003277
55,constant,7.0,2.4857594463069144e-17,0.19796577025557888,4.3718528658235114e-09,1.4221827645977798,0.006217573795131608,11,11,hbr,False,S11_D11 hbr,mild_master_10,,
63,Linear,7.0,1.5368220158469295e-18,0.962484294807362,1.1114666380207088e-13,0.04874482680401343,5.417824876875854e-09,11,12,hbr,False,S11_D12 hbr,mild_master_10,,
64,ShortHbO,7.0,1.5368220158469295e-18,0.0011763778816630066,0.00014413858579828906,5.257632414435197,757.8277008639334,11,12,hbr,True,S11_D12 hbr,mild_master_10,,
65,az_itd=0_az=15,7.0,1.5368220158469295e-18,0.33899744104776747,9.132581794039413e-10,-1.0260826493600614,-0.0009370783722725425,11,12,hbr,False,S11_D12 hbr,mild_master_10,,-0.02056473299982321
66,az_itd=0_az=5,7.0,1.5368220158469295e-18,0.00024736546037345966,9.14699481747719e-10,6.825719494702546,0.006243482084359721,11,12,hbr,True,S11_D12 hbr,mild_master_10,,0.01097258290260905
67,az_itd=15_az=0,7.0,1.5368220158469295e-18,7.906159815783062e-05,9.141870578489629e-10,-8.179902362996431,-0.007477960874719486,11,12,hbr,True,S11_D12 hbr,mild_master_10,,-0.012090129223112292
68,az_itd=5_az=0,7.0,1.5368220158469295e-18,1.9845083879983817e-05,9.305677929853335e-10,10.114593024183721,0.009412314507459494,11,12,hbr,True,S11_D12 hbr,mild_master_10,,0.010526036540258089
69,constant,7.0,1.5368220158469295e-18,0.6401557988260478,1.0870456309456691e-09,-0.4884566513493602,-0.000530974668755674,11,12,hbr,False,S11_D12 hbr,mild_master_10,,
77,Linear,7.0,3.1562490686535825e-18,0.5306624466921933,1.5928331231580242e-13,-0.659505134626715,-1.0504816233262237e-07,11,13,hbr,False,S11_D13 hbr,mild_master_10,,
78,ShortHbO,7.0,3.1562490686535825e-18,9.387197950180473e-05,0.00020656374733255098,-7.963192423328337,-1644.906867692879,11,13,hbr,True,S11_D13 hbr,mild_master_10,,
79,az_itd=0_az=15,7.0,3.1562490686535825e-18,0.0010771362188232972,1.3087823137364268e-09,5.33880883699152,0.006987338582274244,11,13,hbr,True,S11_D13 hbr,mild_master_10,,-0.004447278052707236
80,az_itd=0_az=5,7.0,3.1562490686535825e-18,0.004904550880891056,1.310847831526275e-09,-4.0445455337772565,-0.005301783742461198,11,13,hbr,True,S11_D13 hbr,mild_master_10,,-0.0035025575570118983
81,az_itd=15_az=0,7.0,3.1562490686535825e-18,0.015364152639545957,1.3101134813162767e-09,-3.185893110317975,-0.0041738815138602225,11,13,hbr,True,S11_D13 hbr,mild_master_10,,-0.00491522079435704
82,az_itd=5_az=0,7.0,3.1562490686535825e-18,4.952119410009567e-05,1.3335885696494303e-09,8.795556003796241,0.011729652950374089,11,13,hbr,True,S11_D13 hbr,mild_master_10,,0.0025658769488723318
83,constant,7.0,3.1562490686535825e-18,0.7828823377672829,1.5578355913929052e-09,0.28637334042106666,0.0004461225821340142,11,13,hbr,False,S11_D13 hbr,mild_master_10,,
119,Linear,7.0,3.903797531612001e-18,0.0952847635301478,1.7714475059438027e-13,-1.9274110469482097,-3.41430749204494e-07,13,1,hbr,False,S13_D1 hbr,mild_master_10,,
120,ShortHbO,7.0,3.903797531612001e-18,0.35296693707718746,0.0002297270377609738,-0.9948062812461481,-228.5339001366878,13,1,hbr,False,S13_D1 hbr,mild_master_10,,
121,az_itd=0_az=15,7.0,3.903797531612001e-18,1.998298484337946e-05,1.4555442951205764e-09,-10.103987124736733,-0.014706800817382308,13,1,hbr,True,S13_D1 hbr,mild_master_10,,-0.01637014232284756
122,az_itd=0_az=5,7.0,3.903797531612001e-18,0.00032469530800469993,1.4578414323938489e-09,-6.5305214629170525,-0.00952046476377777,13,1,hbr,True,S13_D1 hbr,mild_master_10,,-0.004381952022613276
123,az_itd=15_az=0,7.0,3.903797531612001e-18,0.00014065051060712053,1.4570247348823033e-09,-7.471419060016263,-0.010886042375114783,13,1,hbr,True,S13_D1 hbr,mild_master_10,,-0.014338239012827799
124,az_itd=5_az=0,7.0,3.903797531612001e-18,0.23975645351439603,1.483132232318775e-09,-1.284751507327549,-0.001905456371037619,13,1,hbr,False,S13_D1 hbr,mild_master_10,,-0.0013326532709713255
125,constant,7.0,3.903797531612001e-18,0.01007051900496868,1.73252548112014e-09,3.494269174640663,0.006053910382957589,13,1,hbr,True,S13_D1 hbr,mild_master_10,,
161,Linear,7.0,1.7949812808879404e-18,0.0008842492961957092,1.2011980170645395e-13,-5.523535645848119,-6.634860064978061e-07,13,2,hbr,True,S13_D2 hbr,mild_master_10,,
162,ShortHbO,7.0,1.7949812808879404e-18,7.742293339639797e-05,0.00015577524103801835,8.206668136798312,1278.395707128782,13,2,hbr,True,S13_D2 hbr,mild_master_10,,
163,az_itd=0_az=15,7.0,1.7949812808879404e-18,2.8282395193536246e-06,9.869877121291931e-10,13.532083559279931,0.013356000192514768,13,2,hbr,True,S13_D2 hbr,mild_master_10,,0.007310473030635612
164,az_itd=0_az=5,7.0,1.7949812808879404e-18,9.071756833370289e-06,9.885453742830654e-10,11.379699291768194,0.011249349095609725,13,2,hbr,True,S13_D2 hbr,mild_master_10,,0.0153152581202213
165,az_itd=15_az=0,7.0,1.7949812808879404e-18,6.78001306559071e-05,9.879915811686104e-10,8.377983581167948,0.008277377245362778,13,2,hbr,True,S13_D2 hbr,mild_master_10,,0.0035684351153802024
166,az_itd=5_az=0,7.0,1.7949812808879404e-18,9.438367688696926e-07,1.005694772511274e-09,15.900993670810305,0.015991546212468778,13,2,hbr,True,S13_D2 hbr,mild_master_10,,0.00544231597347687
167,constant,7.0,1.7949812808879404e-18,0.05803974665654718,1.1748054432617888e-09,2.263398599012591,0.002659052994391099,13,2,hbr,False,S13_D2 hbr,mild_master_10,,
175,Linear,7.0,5.93348267815343e-18,0.08519326971288226,2.183933871962679e-13,-2.0033824795056017,-4.3752548554888615e-07,13,3,hbr,False,S13_D3 hbr,mild_master_10,,
176,ShortHbO,7.0,5.93348267815343e-18,1.966393715563316e-06,0.0002832196028323948,14.277042176780174,4043.5382149290303,13,3,hbr,True,S13_D3 hbr,mild_master_10,,
177,az_itd=0_az=15,7.0,5.93348267815343e-18,4.2850968326469905e-07,1.794471739969648e-09,17.84388328430738,0.032020344285006386,13,3,hbr,True,S13_D3 hbr,mild_master_10,,0.025406781075744435
178,az_itd=0_az=5,7.0,5.93348267815343e-18,7.45820388715853e-05,1.797303771899928e-09,8.254623861098422,0.01483606660116734,13,3,hbr,True,S13_D3 hbr,mild_master_10,,0.0052563919581070226
179,az_itd=15_az=0,7.0,5.93348267815343e-18,0.00012907280096839996,1.7962969041532814e-09,7.573772198413047,0.01360474355277155,13,3,hbr,True,S13_D3 hbr,mild_master_10,,0.03958421361938934
180,az_itd=5_az=0,7.0,5.93348267815343e-18,1.0892120770200547e-05,1.828483603320137e-09,11.072032411671893,0.020245029720171167,13,3,hbr,True,S13_D3 hbr,mild_master_10,,0.037765955529573944
181,constant,7.0,5.93348267815343e-18,0.3736977633606815,2.1359487478805063e-09,-0.9501111868921422,-0.002029388799989533,13,3,hbr,False,S13_D3 hbr,mild_master_10,,
189,Linear,7.0,7.670349195917893e-18,0.17195721157270197,2.4830885801706153e-13,-1.521447721283093,-3.777889462044654e-07,13,9,hbr,False,S13_D9 hbr,mild_master_10,,
190,ShortHbO,7.0,7.670349195917893e-18,0.40330720141125764,0.00032201495223917415,-0.8894183309067959,-286.40600134759785,13,9,hbr,False,S13_D9 hbr,mild_master_10,,
191,az_itd=0_az=15,7.0,7.670349195917893e-18,0.0343386024392009,2.0402780240562482e-09,-2.6214123675672223,-0.0053484100455366635,13,9,hbr,True,S13_D9 hbr,mild_master_10,,0.0007421508551042427
192,az_itd=0_az=5,7.0,7.670349195917893e-18,0.0032568263448036947,2.0434979870024875e-09,4.374336114909028,0.00893894704528888,13,9,hbr,True,S13_D9 hbr,mild_master_10,,-0.00011366217928472144
193,az_itd=15_az=0,7.0,7.670349195917893e-18,0.33646123704743724,2.0423531987671215e-09,-1.0318688079780864,-0.0021074405606820615,13,9,hbr,False,S13_D9 hbr,mild_master_10,,-0.03182798235750374
194,az_itd=5_az=0,7.0,7.670349195917893e-18,0.04361591080791513,2.0789488238273166e-09,-2.4576405870506024,-0.005109309007839125,13,9,hbr,True,S13_D9 hbr,mild_master_10,,0.0062853427329267785
195,constant,7.0,7.670349195917893e-18,0.16083698947488317,2.4285304659547145e-09,1.5681330495514454,0.0038082588855061594,13,9,hbr,False,S13_D9 hbr,mild_master_10,,
133,Linear,7.0,4.351865982991611e-18,0.0401480215525951,1.8703479199122808e-13,2.5142262078627415,4.70247775806502e-07,13,10,hbr,True,S13_D10 hbr,mild_master_10,,
134,ShortHbO,7.0,4.351865982991611e-18,0.03469125901541845,0.0002425527630833889,2.614386469002743,634.1266618244399,13,10,hbr,True,S13_D10 hbr,mild_master_10,,
135,az_itd=0_az=15,7.0,4.351865982991611e-18,0.5022417345893222,1.536807743714942e-09,-0.707298964345626,-0.0010869825255279168,13,10,hbr,False,S13_D10 hbr,mild_master_10,,-0.014325959527460148
136,az_itd=0_az=5,7.0,4.351865982991611e-18,0.044029344475957403,1.539233130810186e-09,2.451205798926394,0.003772977176141556,13,10,hbr,True,S13_D10 hbr,mild_master_10,,-0.0007280442866891634
137,az_itd=15_az=0,7.0,4.351865982991611e-18,0.0011025870869164616,1.5383708368461867e-09,5.317220102122861,0.008179856338198113,13,10,hbr,True,S13_D10 hbr,mild_master_10,,-0.0023613280265971704
138,az_itd=5_az=0,7.0,4.351865982991611e-18,0.0007896655151378693,1.5659359232292596e-09,5.631352431691125,0.00881833706914958,13,10,hbr,True,S13_D10 hbr,mild_master_10,,0.024464171853701887
139,constant,7.0,4.351865982991611e-18,0.016949327339617716,1.8292528674631107e-09,-3.115534434588106,-0.005699100298150354,13,10,hbr,True,S13_D10 hbr,mild_master_10,,
147,Linear,7.0,5.302435242299648e-18,0.10278306966363959,2.0645353871443424e-13,-1.8759006634587154,-3.8728633024780674e-07,13,11,hbr,False,S13_D11 hbr,mild_master_10,,
148,ShortHbO,7.0,5.302435242299648e-18,0.5039533553265335,0.00026773562143388803,0.7043723644161201,188.58557270780693,13,11,hbr,False,S13_D11 hbr,mild_master_10,,
149,az_itd=0_az=15,7.0,5.302435242299648e-18,1.7350234052272387e-05,1.6963656528063267e-09,10.322326450869618,0.017510440048309452,13,11,hbr,True,S13_D11 hbr,mild_master_10,,0.015403746392903064
150,az_itd=0_az=5,7.0,5.302435242299648e-18,7.324260663421189e-06,1.6990428538940735e-09,11.749547372794702,0.019962984500236723,13,11,hbr,True,S13_D11 hbr,mild_master_10,,0.01870354436921079
151,az_itd=15_az=0,7.0,5.302435242299648e-18,2.1969675597233283e-07,1.6980910329072697e-09,19.664019661980802,0.03339129545892184,13,11,hbr,True,S13_D11 hbr,mild_master_10,,0.02233586040533933
152,az_itd=5_az=0,7.0,5.302435242299648e-18,2.1191135892187884e-06,1.7285180436691036e-09,14.120657712160542,0.02440781164394478,13,11,hbr,True,S13_D11 hbr,mild_master_10,,0.023172683304017724
153,constant,7.0,5.302435242299648e-18,0.12639841398165044,2.0191736717572697e-09,-1.7346081852148467,-0.0035024751784004764,13,11,hbr,False,S13_D11 hbr,mild_master_10,,
217,Linear,7.0,1.507177390911137e-16,0.2070746409749146,1.1006945852076798e-12,1.3901817472299065,1.5301655216305095e-06,14,2,hbr,False,S14_D2 hbr,mild_master_10,,
218,ShortHbO,7.0,1.507177390911137e-16,0.014483016075092949,0.001427416311750001,3.228439680662937,4608.3274616792405,14,2,hbr,True,S14_D2 hbr,mild_master_10,,
219,az_itd=0_az=15,7.0,1.507177390911137e-16,0.008127156720000375,9.044071127106675e-09,3.654700309117993,0.03305336954392188,14,2,hbr,True,S14_D2 hbr,mild_master_10,,0.04922032663186367
220,az_itd=0_az=5,7.0,1.507177390911137e-16,0.0006796148300032276,9.05834446317611e-09,-5.77659794308226,-0.05232641399371369,14,2,hbr,True,S14_D2 hbr,mild_master_10,,-0.08177276793207852
221,az_itd=15_az=0,7.0,1.507177390911137e-16,0.054264027650048924,9.053269887013425e-09,-2.3090332285574933,-0.02090430099621294,14,2,hbr,False,S14_D2 hbr,mild_master_10,,-0.036992820639931936
222,az_itd=5_az=0,7.0,1.507177390911137e-16,0.0002668647502809928,9.215489659065534e-09,-6.742376855840568,-0.06213430419252155,14,2,hbr,True,S14_D2 hbr,mild_master_10,,-0.10134216807944031
223,constant,7.0,1.507177390911137e-16,0.515183685543086,1.0765102603405993e-08,-0.6853273147773346,-0.007377618860494722,14,2,hbr,False,S14_D2 hbr,mild_master_10,,
203,Linear,7.0,9.908309753264337e-17,0.09338915018010399,8.924511061712615e-13,-1.941059777870351,-1.732300945904938e-06,14,10,hbr,False,S14_D10 hbr,mild_master_10,,
204,ShortHbO,7.0,9.908309753264337e-17,0.01855408281472839,0.0011573594378569876,-3.051114054595245,-3531.235647063907,14,10,hbr,True,S14_D10 hbr,mild_master_10,,
205,az_itd=0_az=15,7.0,9.908309753264337e-17,9.882411441898201e-05,7.332998081529586e-09,7.899238952673724,0.057925104085500195,14,10,hbr,True,S14_D10 hbr,mild_master_10,,0.1295882208348305
206,az_itd=0_az=5,7.0,9.908309753264337e-17,0.5024182238844073,7.344571005331621e-09,0.7069968970824061,0.005192588911170864,14,10,hbr,False,S14_D10 hbr,mild_master_10,,-0.0855512797668627
207,az_itd=15_az=0,7.0,9.908309753264337e-17,9.270135135846066e-05,7.340456502389023e-09,7.978867783337735,0.05856853190190377,14,10,hbr,True,S14_D10 hbr,mild_master_10,,0.08164892654539149
208,az_itd=5_az=0,7.0,9.908309753264337e-17,0.9052182521273284,7.471985463243716e-09,-0.12345312834579543,-0.0009224399803917442,14,10,hbr,False,S14_D10 hbr,mild_master_10,,-0.07619253966159589
209,constant,7.0,9.908309753264337e-17,0.49016256712513595,8.728422811895715e-09,0.7281395677970639,0.006355510013803779,14,10,hbr,False,S14_D10 hbr,mild_master_10,,
231,Linear,7.0,1.4506181146590028e-17,0.257704232937507,3.414767920675175e-13,1.2320562150402559,4.2071860395879406e-07,15,17,hbr,False,S15_D17 hbr,mild_master_10,,
232,ShortHbO,7.0,1.4506181146590028e-17,0.00022469719178488663,0.0004428381402360304,6.932429056087627,3069.943990516064,15,17,hbr,True,S15_D17 hbr,mild_master_10,,
233,az_itd=0_az=15,7.0,1.4506181146590028e-17,7.122049384880375e-06,2.8058104738764885e-09,-11.79874235974086,-0.0331050348915311,15,17,hbr,True,S15_D17 hbr,mild_master_10,,-0.033363643302840064
234,az_itd=0_az=5,7.0,1.4506181146590028e-17,0.00014432596722632692,2.8102385986974825e-09,7.440900727834758,0.020910706434437425,15,17,hbr,True,S15_D17 hbr,mild_master_10,,0.020394750665265204
235,az_itd=15_az=0,7.0,1.4506181146590028e-17,0.018917210171134603,2.808664274618466e-09,-3.0373594538102124,-0.0085309229870914,15,17,hbr,True,S15_D17 hbr,mild_master_10,,-0.04596346336379576
236,az_itd=5_az=0,7.0,1.4506181146590028e-17,0.004887797737421165,2.8589909393579187e-09,4.047248273680792,0.011571046143785364,15,17,hbr,True,S15_D17 hbr,mild_master_10,,-0.008242328237801078
237,constant,7.0,1.4506181146590028e-17,0.38928770541798297,3.3397390635797153e-09,-0.9177254038840973,-0.003064963380991191,15,17,hbr,False,S15_D17 hbr,mild_master_10,,
245,Linear,7.0,2.7553545247739948e-17,0.11511276502058819,4.706232600003523e-13,1.7986434346495073,8.464834367929817e-07,15,18,hbr,False,S15_D18 hbr,mild_master_10,,
246,ShortHbO,7.0,2.7553545247739948e-17,0.0009883216819997287,0.0006103194537717415,5.418856110660941,3307.2333015262493,15,18,hbr,True,S15_D18 hbr,mild_master_10,,
247,az_itd=0_az=15,7.0,2.7553545247739948e-17,0.0006551025988251481,3.866967544599044e-09,-5.8125395059781315,-0.022476901621317193,15,18,hbr,True,S15_D18 hbr,mild_master_10,,-0.04590535562607273
248,az_itd=0_az=5,7.0,2.7553545247739948e-17,0.00020897744528208548,3.873070385516363e-09,7.013805582538898,0.027164962691500746,15,18,hbr,True,S15_D18 hbr,mild_master_10,,0.025963853520861245
249,az_itd=15_az=0,7.0,2.7553545247739948e-17,4.776421581485547e-06,3.870900652323435e-09,-12.521655878695434,-0.04847008590901172,15,18,hbr,True,S15_D18 hbr,mild_master_10,,-0.08054459531414256
250,az_itd=5_az=0,7.0,2.7553545247739948e-17,0.0014404678815808372,3.940260853586959e-09,-5.0741110087182975,-0.019993320974407345,15,18,hbr,True,S15_D18 hbr,mild_master_10,,-0.017270584635525523
251,constant,7.0,2.7553545247739948e-17,0.5224017974014181,4.602827841201103e-09,-0.6732258865243477,-0.0030987428539115624,15,18,hbr,False,S15_D18 hbr,mild_master_10,,
259,Linear,7.0,2.1734665545614957e-17,0.6718780033687262,4.1798541261319035e-13,-0.4419191696801839,-1.8471576648045013e-07,15,22,hbr,False,S15_D22 hbr,mild_master_10,,
260,ShortHbO,7.0,2.1734665545614957e-17,0.0010371752210741065,0.0005420569920629239,5.373878738304929,2912.94854459647,15,22,hbr,True,S15_D22 hbr,mild_master_10,,
261,az_itd=0_az=15,7.0,2.1734665545614957e-17,0.06866364039990383,3.4344584343107835e-09,-2.149506539929235,-0.00738239086566615,15,22,hbr,False,S15_D22 hbr,mild_master_10,,-0.027786220648300115
262,az_itd=0_az=5,7.0,2.1734665545614957e-17,2.24749311165248e-06,3.4398786901624315e-09,13.998814643591748,0.04815422418002505,15,22,hbr,True,S15_D22 hbr,mild_master_10,,0.040195827846802916
263,az_itd=15_az=0,7.0,2.1734665545614957e-17,0.00831431160665005,3.4379516353375034e-09,-3.637529137068161,-0.012505649245371302,15,22,hbr,True,S15_D22 hbr,mild_master_10,,-0.07288402568030214
264,az_itd=5_az=0,7.0,2.1734665545614957e-17,0.10244386770600815,3.4995540991512275e-09,1.8781506526054779,0.006572689815149053,15,22,hbr,False,S15_D22 hbr,mild_master_10,,-0.012503180680468833
265,constant,7.0,2.1734665545614957e-17,0.8608640605379911,4.0880148898515615e-09,-0.18183719790744587,-0.000743353172574524,15,22,hbr,False,S15_D22 hbr,mild_master_10,,
273,Linear,7.0,6.27798817191826e-18,0.057543723513107686,2.2464403501049253e-13,2.2692189869091144,5.097665095416855e-07,16,16,hbr,False,S16_D16 hbr,mild_master_10,,
274,ShortHbO,7.0,6.27798817191826e-18,0.001564637583991616,0.00029132564493429655,5.0003632918869485,1456.7340609147475,16,16,hbr,True,S16_D16 hbr,mild_master_10,,
275,az_itd=0_az=15,7.0,6.27798817191826e-18,0.003357431596636314,1.8458314033877023e-09,-4.349370656363052,-0.008028204942487906,16,16,hbr,True,S16_D16 hbr,mild_master_10,,-0.009637073180335576
276,az_itd=0_az=5,7.0,6.27798817191826e-18,0.0008638160003950344,1.8487444910423432e-09,-5.545701321175844,-0.010252584766490085,16,16,hbr,True,S16_D16 hbr,mild_master_10,,-0.010164911918703215
277,az_itd=15_az=0,7.0,6.27798817191826e-18,0.001409583414805341,1.8477088056846849e-09,-5.0935534595113685,-0.009411403579364847,16,16,hbr,True,S16_D16 hbr,mild_master_10,,-0.02060668323868931
278,az_itd=5_az=0,7.0,6.27798817191826e-18,0.07577248051239661,1.880816721942301e-09,-2.0827890259120703,-0.003917344428213339,16,16,hbr,False,S16_D16 hbr,mild_master_10,,-0.015351063021593083
279,constant,7.0,6.27798817191826e-18,0.32677812149924496,2.197081841439958e-09,-1.054282051194581,-0.0023163439504356857,16,16,hbr,False,S16_D16 hbr,mild_master_10,,
287,Linear,7.0,4.9839236905038876e-17,0.7799431300813064,6.329513591121247e-13,-0.29037523334374415,-1.8379339859742321e-07,16,18,hbr,False,S16_D18 hbr,mild_master_10,,
288,ShortHbO,7.0,4.9839236905038876e-17,0.34513128210537886,0.0008208317790266128,1.0122279630108453,830.8688796586765,16,18,hbr,False,S16_D18 hbr,mild_master_10,,
289,az_itd=0_az=15,7.0,4.9839236905038876e-17,0.000270246907353782,5.200767941207598e-09,-6.728619179234516,-0.034993986915957453,16,18,hbr,True,S16_D18 hbr,mild_master_10,,-0.04799997853910996
290,az_itd=0_az=5,7.0,4.9839236905038876e-17,5.31284320163793e-06,5.208975783406175e-09,12.325175973382004,0.06420154317156648,16,18,hbr,True,S16_D18 hbr,mild_master_10,,-0.019805665828283723
291,az_itd=15_az=0,7.0,4.9839236905038876e-17,0.0012402878760835272,5.206057662501198e-09,-5.209291865107545,-0.02711987383054829,16,18,hbr,True,S16_D18 hbr,mild_master_10,,-0.10292129349210549
292,az_itd=5_az=0,7.0,4.9839236905038876e-17,0.0011157839842908938,5.29934169112742e-09,5.306243172391175,0.028119595666712776,16,18,hbr,True,S16_D18 hbr,mild_master_10,,-0.019946750923201112
293,constant,7.0,4.9839236905038876e-17,0.8483383494573072,6.190442303776452e-09,-0.19844360656947832,-0.0012284536970216691,16,18,hbr,False,S16_D18 hbr,mild_master_10,,
301,Linear,7.0,1.2566133511516927e-17,0.3609278317975559,3.1782311471532446e-13,0.9774104228592991,3.106436249483648e-07,16,22,hbr,False,S16_D22 hbr,mild_master_10,,
302,ShortHbO,7.0,1.2566133511516927e-17,6.156752567839086e-05,0.00041216328697596703,-8.504330273563358,-3505.172719081099,16,22,hbr,True,S16_D22 hbr,mild_master_10,,
303,az_itd=0_az=15,7.0,1.2566133511516927e-17,0.0001871052625643539,2.6114554336447763e-09,7.139283628117321,0.01864392102297817,16,22,hbr,True,S16_D22 hbr,mild_master_10,,0.04999634424006984
304,az_itd=0_az=5,7.0,1.2566133511516927e-17,0.0010690403533504616,2.6155768277062455e-09,5.345795466862121,0.013982338748781655,16,22,hbr,True,S16_D22 hbr,mild_master_10,,0.027877100085019525
305,az_itd=15_az=0,7.0,1.2566133511516927e-17,0.7045225705054625,2.6141115551196812e-09,-0.39511371413864543,-0.0010328713257160874,16,22,hbr,False,S16_D22 hbr,mild_master_10,,-0.0365889456226181
306,az_itd=5_az=0,7.0,1.2566133511516927e-17,0.43515061649090503,2.6609521536970633e-09,-0.8276925579683354,-0.0022024502947248737,16,22,hbr,False,S16_D22 hbr,mild_master_10,,-0.033998083840380555
307,constant,7.0,1.2566133511516927e-17,0.15854469505789967,3.108399446699367e-09,-1.5781252941362065,-0.00490544379111526,16,22,hbr,False,S16_D22 hbr,mild_master_10,,
315,Linear,7.0,8.388959420885637e-18,0.19291072004402957,2.596801130080934e-13,1.440514411378359,3.740729451365194e-07,16,23,hbr,False,S16_D23 hbr,mild_master_10,,
316,ShortHbO,7.0,8.388959420885637e-18,0.16113497526441573,0.0003367615632222789,-1.5668437925677503,-527.6527649102397,16,23,hbr,False,S16_D23 hbr,mild_master_10,,
317,az_itd=0_az=15,7.0,8.388959420885637e-18,0.1736182540918341,2.133712152219925e-09,1.5147134370403057,0.00323196246774371,16,23,hbr,False,S16_D23 hbr,mild_master_10,,0.042581177468910957
318,az_itd=0_az=5,7.0,8.388959420885637e-18,2.0997166875549992e-05,2.1370795727317774e-09,10.028451090953286,0.021431597972615977,16,23,hbr,True,S16_D23 hbr,mild_master_10,,0.008612496590917174
319,az_itd=15_az=0,7.0,8.388959420885637e-18,0.09676729752203106,2.1358823591458256e-09,1.9169203199591494,0.004094316295288919,16,23,hbr,False,S16_D23 hbr,mild_master_10,,-0.00795701010480035
320,az_itd=5_az=0,7.0,8.388959420885637e-18,0.00038053322943675774,2.174153873610204e-09,-6.362825444946798,-0.013833761588236652,16,23,hbr,True,S16_D23 hbr,mild_master_10,,-0.01722249202307676
321,constant,7.0,8.388959420885637e-18,0.109087467366985,2.539744537826299e-09,-1.8353428674210235,-0.0046613020225710015,16,23,hbr,False,S16_D23 hbr,mild_master_10,,
329,Linear,7.0,3.0203711698387294e-17,0.6932051436623845,4.927365776503235e-13,-0.411225666103886,-2.026259273580034e-07,17,15,hbr,False,S17_D15 hbr,mild_master_10,,
330,ShortHbO,7.0,3.0203711698387294e-17,0.25039190664150285,0.0006389967187866523,1.253134240596273,800.7486679402219,17,15,hbr,False,S17_D15 hbr,mild_master_10,,
331,az_itd=0_az=15,7.0,3.0203711698387294e-17,0.0031879959341679213,4.0486659197617665e-09,4.391910564419669,0.01778137862480758,17,15,hbr,True,S17_D15 hbr,mild_master_10,,0.0012600999404983968
332,az_itd=0_az=5,7.0,3.0203711698387294e-17,0.09201844347758624,4.0550555167135665e-09,-1.9510991579369368,-0.00791181540404737,17,15,hbr,False,S17_D15 hbr,mild_master_10,,0.015878493435123795
333,az_itd=15_az=0,7.0,3.0203711698387294e-17,9.002054116578484e-05,4.052783833609978e-09,-8.015623570649257,-0.0324855896234304,17,15,hbr,True,S17_D15 hbr,mild_master_10,,-0.05179614404672443
334,az_itd=5_az=0,7.0,3.0203711698387294e-17,0.0011326000049943405,4.125403083656611e-09,5.292463508693237,0.021833545278903167,17,15,hbr,True,S17_D15 hbr,mild_master_10,,0.0002553319250068096
335,constant,7.0,3.0203711698387294e-17,0.878233414210857,4.8191023069819374e-09,0.15890206003611254,0.0007657652841042122,17,15,hbr,False,S17_D15 hbr,mild_master_10,,
343,Linear,7.0,3.2154697033048466e-15,0.08924141678586996,5.084015379271487e-12,1.971896437058645,1.00251518123368e-05,17,17,hbr,False,S17_D17 hbr,mild_master_10,,
344,ShortHbO,7.0,3.2154697033048466e-15,0.0003086894063245345,0.0065931154555382235,6.584632464853464,43413.242073064124,17,17,hbr,True,S17_D17 hbr,mild_master_10,,
345,az_itd=0_az=15,7.0,3.2154697033048466e-15,1.8656227002018408e-05,4.1773801124641646e-08,-10.20964599658294,-0.4264957214142495,17,17,hbr,True,S17_D17 hbr,mild_master_10,,0.1833775783150297
346,az_itd=0_az=5,7.0,3.2154697033048466e-15,0.00022727407581479294,4.183972845913182e-08,6.919701841239932,0.2895184460556332,17,17,hbr,True,S17_D17 hbr,mild_master_10,,0.09165947965542685
347,az_itd=15_az=0,7.0,3.2154697033048466e-15,0.545822018770852,4.181628942018216e-08,0.634666094045845,0.026539381073797604,17,17,hbr,False,S17_D17 hbr,mild_master_10,,-0.09759664954316505
348,az_itd=5_az=0,7.0,3.2154697033048466e-15,0.5091634464557999,4.2565568854294415e-08,0.6955032617287483,0.029604491975501388,17,17,hbr,False,S17_D17 hbr,mild_master_10,,-0.10963847291080397
349,constant,7.0,3.2154697033048466e-15,0.14414583424348026,4.972310024113102e-08,-1.6441427879546773,-0.08175187665620304,17,17,hbr,False,S17_D17 hbr,mild_master_10,,
357,Linear,7.0,1.9975260392844565e-17,0.06634746044462435,4.007106354095132e-13,-2.1727463166671797,-8.70642557135385e-07,17,21,hbr,False,S17_D21 hbr,mild_master_10,,
358,ShortHbO,7.0,1.9975260392844565e-17,0.015590523544083692,0.0005196545026768936,-3.1753832126918637,-1650.102184199947,17,21,hbr,True,S17_D21 hbr,mild_master_10,,
359,az_itd=0_az=15,7.0,1.9975260392844565e-17,5.428642674782017e-07,3.2925168677448873e-09,17.239206582771523,0.05676037846031394,17,21,hbr,True,S17_D21 hbr,mild_master_10,,0.05350673922598911
360,az_itd=0_az=5,7.0,1.9975260392844565e-17,3.403412398737652e-05,3.297713111682725e-09,9.317199837441828,0.03072545206810007,17,21,hbr,True,S17_D21 hbr,mild_master_10,,0.05928416723971066
361,az_itd=15_az=0,7.0,1.9975260392844565e-17,0.36126587662012155,3.2958656994523837e-09,-0.9766783103013881,-0.003219000542321457,17,21,hbr,False,S17_D21 hbr,mild_master_10,,-0.03175166215900852
362,az_itd=5_az=0,7.0,1.9975260392844565e-17,5.7147224289808873e-05,3.35492221595439e-09,8.60304625121289,0.02886255099307726,17,21,hbr,True,S17_D21 hbr,mild_master_10,,0.026272447725326133
363,constant,7.0,1.9975260392844565e-17,0.9657945810738349,3.919062710429805e-09,-0.044440318897517386,-0.00017416439663086935,17,21,hbr,False,S17_D21 hbr,mild_master_10,,
371,Linear,7.0,4.8695539825238706e-18,0.43125360479183783,1.9784689415189503e-13,0.8350687734163983,1.6521576322366697e-07,17,22,hbr,False,S17_D22 hbr,mild_master_10,,
372,ShortHbO,7.0,4.8695539825238706e-18,0.051809104777375256,0.0002565742466046615,2.3404700607891415,600.5043425477404,17,22,hbr,False,S17_D22 hbr,mild_master_10,,
373,az_itd=0_az=15,7.0,4.8695539825238706e-18,6.206965206928446e-05,1.625647483901513e-09,8.493626069155976,0.013807641848523709,17,22,hbr,True,S17_D22 hbr,mild_master_10,,0.02773555066306151
374,az_itd=0_az=5,7.0,4.8695539825238706e-18,0.005432302794804775,1.6282130777078922e-09,3.9642164554382773,0.0064545890756094295,17,22,hbr,True,S17_D22 hbr,mild_master_10,,0.013677576334078286
375,az_itd=15_az=0,7.0,4.8695539825238706e-18,0.015604275754103034,1.6273009362779104e-09,-3.17474998881499,-0.005166273629246918,17,22,hbr,True,S17_D22 hbr,mild_master_10,,-0.011444195087561834
376,az_itd=5_az=0,7.0,4.8695539825238706e-18,0.05404063641116312,1.656459504423753e-09,2.3118334090859465,0.0038294584231247826,17,22,hbr,False,S17_D22 hbr,mild_master_10,,-0.028849494475923596
377,constant,7.0,4.8695539825238706e-18,0.1678971161670453,1.9349982673972133e-09,-1.5381624934864018,-0.002976341759871565,17,22,hbr,False,S17_D22 hbr,mild_master_10,,
385,Linear,7.0,6.814341439071441e-18,0.3767798351934964,2.3404350311733584e-13,0.9436289959060788,2.2085023584495282e-07,17,23,hbr,False,S17_D23 hbr,mild_master_10,,
386,ShortHbO,7.0,6.814341439071441e-18,0.004094869613126955,0.00030351517895926,-4.188268987155219,-1271.2032111659346,17,23,hbr,True,S17_D23 hbr,mild_master_10,,
387,az_itd=0_az=15,7.0,6.814341439071441e-18,0.005358541562870025,1.9230639611359738e-09,3.974917989968674,0.007644021534979801,17,23,hbr,True,S17_D23 hbr,mild_master_10,,0.014489740762672915
388,az_itd=0_az=5,7.0,6.814341439071441e-18,0.01607190433682264,1.926098937068222e-09,3.153565410803973,0.0060740789857246435,17,23,hbr,True,S17_D23 hbr,mild_master_10,,0.020681111402465216
389,az_itd=15_az=0,7.0,6.814341439071441e-18,4.4140268406482716e-05,1.9250199169677222e-09,-8.952809890961793,-0.017234337352927075,17,23,hbr,True,S17_D23 hbr,mild_master_10,,-0.03406959055728087
390,az_itd=5_az=0,7.0,6.814341439071441e-18,0.006901483300378331,1.9595131217460553e-09,-3.778977913281539,-0.007404956807863702,17,23,hbr,True,S17_D23 hbr,mild_master_10,,-0.031418775367585805
391,constant,7.0,6.814341439071441e-18,0.5673784732469398,2.289011283037528e-09,-0.600055591264823,-0.001373534018854935,17,23,hbr,False,S17_D23 hbr,mild_master_10,,
399,Linear,7.0,8.975629629322163e-18,0.4276616365037137,2.686068639788387e-13,-0.841909675818139,-2.2614271777495105e-07,18,15,hbr,False,S18_D15 hbr,mild_master_10,,
400,ShortHbO,7.0,8.975629629322163e-18,0.010130391721265576,0.0003483380623872746,3.4898730737460144,1215.655624486209,18,15,hbr,True,S18_D15 hbr,mild_master_10,,
401,az_itd=0_az=15,7.0,8.975629629322163e-18,2.2754934875792512e-05,2.207060537683415e-09,9.906850214423072,0.02186501816099364,18,15,hbr,True,S18_D15 hbr,mild_master_10,,0.020840901457572315
402,az_itd=0_az=5,7.0,8.975629629322163e-18,0.2967305064021881,2.2105437164794686e-09,-1.1273985350701792,-0.0024921637476675424,18,15,hbr,False,S18_D15 hbr,mild_master_10,,0.024407912241070015
403,az_itd=15_az=0,7.0,8.975629629322163e-18,0.10391982134463044,2.209305347537349e-09,1.868412593429328,0.004127893934069542,18,15,hbr,False,S18_D15 hbr,mild_master_10,,-0.0028216696116663584
404,az_itd=5_az=0,7.0,8.975629629322163e-18,0.0026498720999965026,2.248892481726855e-09,-4.545624471333201,-0.010222620698334843,18,15,hbr,True,S18_D15 hbr,mild_master_10,,0.002118853942163132
405,constant,7.0,8.975629629322163e-18,0.807338589896541,2.6270506728855495e-09,0.25326761915835266,0.0006653468693300714,18,15,hbr,False,S18_D15 hbr,mild_master_10,,
413,Linear,7.0,9.404669987959164e-18,0.9857461008841969,2.7495170998201005e-13,-0.018513176877087624,-5.09022963955465e-09,18,16,hbr,False,S18_D16 hbr,mild_master_10,,
414,ShortHbO,7.0,9.404669987959164e-18,0.0005007617153564529,0.0003565662637450198,6.080214923831816,2167.999518157421,18,16,hbr,True,S18_D16 hbr,mild_master_10,,
415,az_itd=0_az=15,7.0,9.404669987959164e-18,0.0005172972316322778,2.259194198841013e-09,6.047389353602631,0.013662226945791965,18,16,hbr,True,S18_D16 hbr,mild_master_10,,0.0282347312014159
416,az_itd=0_az=5,7.0,9.404669987959164e-18,0.0028814274980277703,2.262759654883207e-09,-4.475612945337185,-0.010127236403581983,18,16,hbr,True,S18_D16 hbr,mild_master_10,,0.0045634508677114705
417,az_itd=15_az=0,7.0,9.404669987959164e-18,0.00016777132285386,2.2614920340444065e-09,-7.26480085300861,-0.01642928925799798,18,16,hbr,True,S18_D16 hbr,mild_master_10,,-0.03181932735167267
418,az_itd=5_az=0,7.0,9.404669987959164e-18,2.1466339831321175e-05,2.3020142682027617e-09,-9.994895062845105,-0.02300839104385877,18,16,hbr,True,S18_D16 hbr,mild_master_10,,-0.01900064029928032
419,constant,7.0,9.404669987959164e-18,0.3791234168063045,2.689105051225262e-09,0.9387267702149884,0.002524334899505501,18,16,hbr,False,S18_D16 hbr,mild_master_10,,
427,Linear,7.0,1.002317185443202e-17,0.4194518082923737,2.838489114224584e-13,-0.8577009932309095,-2.4345749325455505e-07,18,21,hbr,False,S18_D21 hbr,mild_master_10,,
428,ShortHbO,7.0,1.002317185443202e-17,0.004452397734770645,0.0003681044421241069,4.121281909186371,1517.0621780172237,18,21,hbr,True,S18_D21 hbr,mild_master_10,,
429,az_itd=0_az=15,7.0,1.002317185443202e-17,3.888109725053676e-06,2.3322997848419e-09,12.909743688357322,0.030109392426719853,18,21,hbr,True,S18_D21 hbr,mild_master_10,,0.0381200301355743
430,az_itd=0_az=5,7.0,1.002317185443202e-17,0.8937674613242956,2.3359806159826393e-09,-0.1384710586312321,-0.00032346570883715374,18,21,hbr,False,S18_D21 hbr,mild_master_10,,0.03019198424497154
431,az_itd=15_az=0,7.0,1.002317185443202e-17,0.015266776447807209,2.3346719760210494e-09,3.190465064580706,0.007448689376750761,18,21,hbr,True,S18_D21 hbr,mild_master_10,,-0.024087771206637944
432,az_itd=5_az=0,7.0,1.002317185443202e-17,0.1078444365765775,2.376505474910755e-09,1.843156830777302,0.004380272299461414,18,21,hbr,False,S18_D21 hbr,mild_master_10,,0.0011038907483277018
433,constant,7.0,1.002317185443202e-17,0.6435243569141712,2.776122183567678e-09,-0.4834608771507023,-0.0013421464659451525,18,21,hbr,False,S18_D21 hbr,mild_master_10,,
441,Linear,7.0,1.2979949056987355e-17,0.7731918108922656,3.230138459044682e-13,-0.2995875761485193,-9.677093515693093e-08,18,23,hbr,False,S18_D23 hbr,mild_master_10,,
442,ShortHbO,7.0,1.2979949056987355e-17,0.0011422230711269979,0.0004188947949427253,5.284680080729831,2213.7249787552273,18,23,hbr,True,S18_D23 hbr,mild_master_10,,
443,az_itd=0_az=15,7.0,1.2979949056987355e-17,0.012670988651583174,2.654106085975776e-09,3.3253876031448044,0.008825931475735025,18,23,hbr,True,S18_D23 hbr,mild_master_10,,-0.011878477010828298
444,az_itd=0_az=5,7.0,1.2979949056987355e-17,0.00012361485391496977,2.6582947912166627e-09,7.62567894915989,0.02027130263004229,18,23,hbr,True,S18_D23 hbr,mild_master_10,,0.045273632538517614
445,az_itd=15_az=0,7.0,1.2979949056987355e-17,0.07509566151868528,2.6568055875949927e-09,2.0888659655569897,0.00554971076902882,18,23,hbr,False,S18_D23 hbr,mild_master_10,,-0.004792724087847333
446,az_itd=5_az=0,7.0,1.2979949056987355e-17,0.0001388894758564446,2.70441119332477e-09,-7.486361670868572,-0.020246200299974496,18,23,hbr,True,S18_D23 hbr,mild_master_10,,-0.032240496766866494
447,constant,7.0,1.2979949056987355e-17,0.7186612497949848,3.1591662575738733e-09,-0.3751445893974731,-0.0011851441285359024,18,23,hbr,False,S18_D23 hbr,mild_master_10,,
455,Linear,7.0,1.658156141034105e-18,0.0020083600330824043,1.1545090895473055e-13,-4.781684188633052,-5.520497859121491e-07,19,14,hbr,True,S19_D14 hbr,mild_master_10,,
456,ShortHbO,7.0,1.658156141034105e-18,0.0017181712877772375,0.0001497204700223475,4.917679466202074,736.2772810990215,19,14,hbr,True,S19_D14 hbr,mild_master_10,,
457,az_itd=0_az=15,7.0,1.658156141034105e-18,2.706234178966378e-07,9.486248468086084e-10,19.077592221257515,0.01809747799836751,19,14,hbr,True,S19_D14 hbr,mild_master_10,,0.007999673986605988
458,az_itd=0_az=5,7.0,1.658156141034105e-18,2.2837268448397533e-06,9.501219647604712e-10,13.965855036855846,0.013269265627177399,19,14,hbr,True,S19_D14 hbr,mild_master_10,,0.011416279647821362
459,az_itd=15_az=0,7.0,1.658156141034105e-18,4.4643334909517805e-09,9.49589696828553e-10,34.49271700841039,0.0327539286868095,19,14,hbr,True,S19_D14 hbr,mild_master_10,,0.023433848281730722
460,az_itd=5_az=0,7.0,1.658156141034105e-18,1.9878972857707679e-07,9.666047892852053e-10,19.95146477436586,0.019285181404157106,19,14,hbr,True,S19_D14 hbr,mild_master_10,,0.01662805359134441
461,constant,7.0,1.658156141034105e-18,0.34466023712453175,1.129142359067441e-09,-1.0132850617934062,-0.0011441430850812043,19,14,hbr,False,S19_D14 hbr,mild_master_10,,
469,Linear,7.0,2.5710992567872757e-17,0.08095679609613003,4.546153191910054e-13,-2.0379552992361627,-9.26485698859249e-07,19,15,hbr,False,S19_D15 hbr,mild_master_10,,
470,ShortHbO,7.0,2.5710992567872757e-17,4.287887624160521e-06,0.0005895598387651146,12.723785991956618,7501.433217899767,19,15,hbr,True,S19_D15 hbr,mild_master_10,,
471,az_itd=0_az=15,7.0,2.5710992567872757e-17,2.426919234194413e-06,3.735435185646873e-09,13.84119069097024,0.05170287071829819,19,15,hbr,True,S19_D15 hbr,mild_master_10,,0.07922930913101156
472,az_itd=0_az=5,7.0,2.5710992567872757e-17,7.013596304691548e-06,3.741330442442292e-09,11.825785913359027,0.04424417284345535,19,15,hbr,True,S19_D15 hbr,mild_master_10,,0.057158835576452474
473,az_itd=15_az=0,7.0,2.5710992567872757e-17,2.6481998596797125e-08,3.739234511297575e-09,26.700371578096355,0.09983895086928678,19,15,hbr,True,S19_D15 hbr,mild_master_10,,0.08191746165147636
474,az_itd=5_az=0,7.0,2.5710992567872757e-17,9.325564600007028e-07,3.806235470911314e-09,15.928999902137047,0.060629524443656865,19,15,hbr,True,S19_D15 hbr,mild_master_10,,0.10544319653385713
475,constant,7.0,2.5710992567872757e-17,0.04119526081034694,4.446265678001804e-09,-2.496623478862664,-0.011100651284960524,19,15,hbr,True,S19_D15 hbr,mild_master_10,,
483,Linear,7.0,1.7582263463300696e-18,0.0027492929389431606,1.1888362425710199e-13,-4.5147688117971985,-5.367320790293809e-07,19,21,hbr,True,S19_D21 hbr,mild_master_10,,
484,ShortHbO,7.0,1.7582263463300696e-18,0.08424785110328217,0.0001541721261693379,2.0109481634442936,310.0321539745319,19,21,hbr,False,S19_D21 hbr,mild_master_10,,
485,az_itd=0_az=15,7.0,1.7582263463300696e-18,0.6740783343379855,9.768304196995633e-10,-0.43873152999665427,-0.0004285663045820633,19,21,hbr,False,S19_D21 hbr,mild_master_10,,-0.020199843900194473
486,az_itd=0_az=5,7.0,1.7582263463300696e-18,8.534591272650968e-08,9.783720516335968e-10,22.550685539141238,0.022062960476673693,19,21,hbr,True,S19_D21 hbr,mild_master_10,,0.03301780769531988
487,az_itd=15_az=0,7.0,1.7582263463300696e-18,2.3687866630587353e-05,9.778239577173588e-10,9.846563737435886,0.009628205923655786,19,21,hbr,True,S19_D21 hbr,mild_master_10,,0.006851146228033037
488,az_itd=5_az=0,7.0,1.7582263463300696e-18,6.117009931929321e-09,9.95344961896803e-10,32.96705411628886,0.03281359122322738,19,21,hbr,True,S19_D21 hbr,mild_master_10,,0.014165583369514428
489,constant,7.0,1.7582263463300696e-18,0.8357489894495513,1.162715280143761e-09,0.21519731732243466,0.00025021320909674046,19,21,hbr,False,S19_D21 hbr,mild_master_10,,
525,Linear,7.0,1.1399273479345115e-17,0.005060861724462809,3.027075346990277e-13,-4.019804657736555,-1.2168251579151012e-06,20,12,hbr,True,S20_D12 hbr,mild_master_10,,
526,ShortHbO,7.0,1.1399273479345115e-17,0.00020251388374441736,0.00039256091428622276,7.049287166738237,2767.274615240899,20,12,hbr,True,S20_D12 hbr,mild_master_10,,
527,az_itd=0_az=15,7.0,1.1399273479345115e-17,1.4753334457296121e-06,2.487255330698811e-09,14.893070091625622,0.03704286797586686,20,12,hbr,True,S20_D12 hbr,mild_master_10,,0.05122012334523982
528,az_itd=0_az=5,7.0,1.1399273479345115e-17,6.508124983071773e-08,2.4911807123910393e-09,23.451766134920334,0.05842258746681889,20,12,hbr,True,S20_D12 hbr,mild_master_10,,0.0820476357301248
529,az_itd=15_az=0,7.0,1.1399273479345115e-17,3.102415722482438e-06,2.4897851277661193e-09,13.348334042336429,0.033234483579063445,20,12,hbr,True,S20_D12 hbr,mild_master_10,,0.0038513229997369845
530,az_itd=5_az=0,7.0,1.1399273479345115e-17,4.6496227153115364e-08,2.534398000344271e-09,24.618570429413616,0.062393255667640465,20,12,hbr,True,S20_D12 hbr,mild_master_10,,0.07301680618117097
531,constant,7.0,1.1399273479345115e-17,0.2955577846573109,2.960564823024239e-09,-1.1303720074687316,-0.003346539602243219,20,12,hbr,False,S20_D12 hbr,mild_master_10,,
539,Linear,7.0,1.7705875916770988e-18,0.002467941177199388,1.193007991463538e-13,-4.605543879371582,-5.494450653126283e-07,20,13,hbr,True,S20_D13 hbr,mild_master_10,,
540,ShortHbO,7.0,1.7705875916770988e-18,3.6751961563215825e-05,0.0001547131320485103,9.208219528703824,1424.6324838760258,20,13,hbr,True,S20_D13 hbr,mild_master_10,,
541,az_itd=0_az=15,7.0,1.7705875916770988e-18,8.903642675953594e-06,9.802582183110415e-10,11.411602841532778,0.01118631746951414,20,13,hbr,True,S20_D13 hbr,mild_master_10,,-0.005003500775510937
542,az_itd=0_az=5,7.0,1.7705875916770988e-18,2.040887064761236e-07,9.81805259990407e-10,19.87545451360605,0.019513825786158494,20,13,hbr,True,S20_D13 hbr,mild_master_10,,0.023752910365258378
543,az_itd=15_az=0,7.0,1.7705875916770988e-18,1.73803869967966e-05,9.81255242756132e-10,10.31961760909062,0.01012617888215867,20,13,hbr,True,S20_D13 hbr,mild_master_10,,0.008687346956763447
544,az_itd=5_az=0,7.0,1.7705875916770988e-18,7.148676874679271e-08,9.98837729944896e-10,23.13580333621295,0.023108913284794495,20,13,hbr,True,S20_D13 hbr,mild_master_10,,0.01818142266450495
545,constant,7.0,1.7705875916770988e-18,0.7759026790796467,1.1667953678871863e-09,0.2958851296749666,0.0003452373987314505,20,13,hbr,False,S20_D13 hbr,mild_master_10,,
553,Linear,7.0,8.730669385867324e-19,0.009237225540388909,8.377383865195012e-14,-3.558560208136944,-2.9811424870971437e-07,20,20,hbr,True,S20_D20 hbr,mild_master_10,,
554,ShortHbO,7.0,8.730669385867324e-19,0.5590271251883082,0.00010864062147370685,0.6133695487300267,66.63684896707721,20,20,hbr,False,S20_D20 hbr,mild_master_10,,
555,az_itd=0_az=15,7.0,8.730669385867324e-19,8.399253923445286e-08,6.883440379749303e-10,22.602868415629533,0.015558549715030448,20,20,hbr,True,S20_D20 hbr,mild_master_10,,0.010951593300023396
556,az_itd=0_az=5,7.0,8.730669385867324e-19,6.765273527396341e-07,6.894303812430587e-10,16.694227247845745,0.011509507456040551,20,20,hbr,True,S20_D20 hbr,mild_master_10,,0.0184954361877876
557,az_itd=15_az=0,7.0,8.730669385867324e-19,2.3825292856800975e-06,6.890441553722378e-10,13.878921627119707,0.009563189830036182,20,20,hbr,True,S20_D20 hbr,mild_master_10,,0.0011404577342165084
558,az_itd=5_az=0,7.0,8.730669385867324e-19,1.677536448643611e-07,7.013906983576248e-10,20.4487555746505,0.01434256695304849,20,20,hbr,True,S20_D20 hbr,mild_master_10,,0.006961971125696507
559,constant,7.0,8.730669385867324e-19,0.24010130538758268,8.193317026259951e-10,-1.2837075752765221,-0.0010517823133252007,20,20,hbr,False,S20_D20 hbr,mild_master_10,,
567,Linear,7.0,6.6614322761392596e-18,0.0427060217705796,2.3140271660736614e-13,2.4720261626824933,5.720335695692119e-07,21,11,hbr,True,S21_D11 hbr,mild_master_10,,
568,ShortHbO,7.0,6.6614322761392596e-18,0.002816676915844931,0.0003000905216648218,4.494547588653776,1348.7711305264786,21,11,hbr,True,S21_D11 hbr,mild_master_10,,
569,az_itd=0_az=15,7.0,6.6614322761392596e-18,0.02550756735615854,1.9013654251854554e-09,-2.8272231814640674,-0.005375584406518602,21,11,hbr,True,S21_D11 hbr,mild_master_10,,0.003673629816260699
570,az_itd=0_az=5,7.0,6.6614322761392596e-18,2.2167911426582575e-05,1.904366156529013e-09,9.946238920111686,0.01894128078421237,21,11,hbr,True,S21_D11 hbr,mild_master_10,,0.014095073950489458
571,az_itd=15_az=0,7.0,6.6614322761392596e-18,0.00018364251755052273,1.9032993113519244e-09,-7.160658482946701,-0.013628876359418772,21,11,hbr,True,S21_D11 hbr,mild_master_10,,-0.014578053740058883
572,az_itd=5_az=0,7.0,6.6614322761392596e-18,3.0126530061461885e-05,1.9374033184441397e-09,-9.492497495680642,-0.01839079614845436,21,11,hbr,True,S21_D11 hbr,mild_master_10,,0.009459894989285664
573,constant,7.0,6.6614322761392596e-18,0.12039892714475511,2.263183648273475e-09,-1.7679355023081331,-0.00400116272002592,21,11,hbr,False,S21_D11 hbr,mild_master_10,,
581,Linear,7.0,3.720230751768334e-18,0.3238206999370207,1.729296983201058e-13,1.061232580100954,1.8351862992432547e-07,21,12,hbr,False,S21_D12 hbr,mild_master_10,,
582,ShortHbO,7.0,3.720230751768334e-18,0.10332735937824468,0.0002242608217442546,1.872305313438348,419.88472814781807,21,12,hbr,False,S21_D12 hbr,mild_master_10,,
583,az_itd=0_az=15,7.0,3.720230751768334e-18,3.302047981614661e-05,1.42091049834777e-09,9.360394935623436,0.01330028343270864,21,12,hbr,True,S21_D12 hbr,mild_master_10,,0.015885011292065345
584,az_itd=0_az=5,7.0,3.720230751768334e-18,0.00011299146494270741,1.4231529766280125e-09,7.734557837024994,0.011007459008663643,21,12,hbr,True,S21_D12 hbr,mild_master_10,,0.019879878447830707
585,az_itd=15_az=0,7.0,3.720230751768334e-18,0.7939455792944516,1.4223557119401428e-09,0.2713558305542547,0.0003859645155571057,21,12,hbr,False,S21_D12 hbr,mild_master_10,,-0.016767460769294057
586,az_itd=5_az=0,7.0,3.720230751768334e-18,0.056749209131459866,1.4478419972544604e-09,-2.2786486903650434,-0.0032991232708993847,21,12,hbr,False,S21_D12 hbr,mild_master_10,,0.005286636102271247
587,constant,7.0,3.720230751768334e-18,0.08849929502831066,1.6913010844336393e-09,-1.9775619070208614,-0.0033446525978790384,21,12,hbr,False,S21_D12 hbr,mild_master_10,,
595,Linear,7.0,2.2668065417879544e-18,0.06868062470746886,1.349869775541705e-13,-2.1493390449252456,-2.9013278141362635e-07,21,19,hbr,False,S21_D19 hbr,mild_master_10,,
596,ShortHbO,7.0,2.2668065417879544e-18,0.00043030511131866844,0.00017505547517370474,6.235137591542489,1091.494973860899,21,19,hbr,True,S21_D19 hbr,mild_master_10,,
597,az_itd=0_az=15,7.0,2.2668065417879544e-18,8.785531918873199e-06,1.1091467539133237e-09,11.434429195764725,0.012682460025334182,21,19,hbr,True,S21_D19 hbr,mild_master_10,,0.01243202825223854
598,az_itd=0_az=5,7.0,2.2668065417879544e-18,4.72083642851124e-07,1.1108972072375436e-09,17.593903170187133,0.01954501789616865,21,19,hbr,True,S21_D19 hbr,mild_master_10,,0.027291954572145682
599,az_itd=15_az=0,7.0,2.2668065417879544e-18,0.27461451481785204,1.110274871389094e-09,1.1851868529291798,0.0013158831807079901,21,19,hbr,False,S21_D19 hbr,mild_master_10,,-0.00838906715263526
600,az_itd=5_az=0,7.0,2.2668065417879544e-18,0.005590510710481173,1.1301691790591086e-09,-3.94178875641054,-0.004454888162856925,21,19,hbr,True,S21_D19 hbr,mild_master_10,,-0.0029325597632302042
601,constant,7.0,2.2668065417879544e-18,0.7121523123972026,1.3202106043068487e-09,0.38431632374876634,0.0005073784860213453,21,19,hbr,False,S21_D19 hbr,mild_master_10,,
609,Linear,7.0,4.5538954234084585e-18,0.3713921476481415,1.913269600899905e-13,-0.9549868915933037,-1.8271473889433612e-07,21,20,hbr,False,S21_D20 hbr,mild_master_10,,
610,ShortHbO,7.0,4.5538954234084585e-18,5.649721010194049e-05,0.0002481189853936318,8.618288998266689,2138.3611220790303,21,20,hbr,True,S21_D20 hbr,mild_master_10,,
611,az_itd=0_az=15,7.0,4.5538954234084585e-18,1.435733391934776e-05,1.5720751776574661e-09,10.621550105934096,0.016697875269784022,21,20,hbr,True,S21_D20 hbr,mild_master_10,,0.01574359270372746
612,az_itd=0_az=5,7.0,4.5538954234084585e-18,2.880364671078732e-05,1.5745562237507313e-09,9.557761500903126,0.01504923285637215,21,20,hbr,True,S21_D20 hbr,mild_master_10,,0.03687264061191371
613,az_itd=15_az=0,7.0,4.5538954234084585e-18,0.17038426592275938,1.5736741414328936e-09,1.527879932835751,0.0024043851415178476,21,20,hbr,False,S21_D20 hbr,mild_master_10,,-0.010266819513208555
614,az_itd=5_az=0,7.0,4.5538954234084585e-18,0.004930351185088751,1.6018718052265834e-09,4.04040293110325,0.006472207537089141,21,20,hbr,True,S21_D20 hbr,mild_master_10,,0.011427907600092489
615,constant,7.0,4.5538954234084585e-18,0.4670897063564068,1.871231478601209e-09,-0.7689142751210241,-0.0014388165959522907,21,20,hbr,False,S21_D20 hbr,mild_master_10,,
623,Linear,7.0,8.456999748741829e-18,0.509343785387115,2.6073107995639823e-13,0.6951973204377614,1.8125954814053176e-07,22,10,hbr,False,S22_D10 hbr,mild_master_10,,
624,ShortHbO,7.0,8.456999748741829e-18,0.04921520101630816,0.00033812449112733203,2.375381298497908,803.1745927879864,22,10,hbr,True,S22_D10 hbr,mild_master_10,,
625,az_itd=0_az=15,7.0,8.456999748741829e-18,0.07669098099194396,2.1423476265471775e-09,2.0746279511647336,0.0044445742671462,22,10,hbr,False,S22_D10 hbr,mild_master_10,,-0.012144428206049763
626,az_itd=0_az=5,7.0,8.456999748741829e-18,0.04650619499461037,2.145728675548397e-09,2.41390975721963,0.005179595386252229,22,10,hbr,True,S22_D10 hbr,mild_master_10,,-0.005243954608135259
627,az_itd=15_az=0,7.0,8.456999748741829e-18,0.3028711212148454,2.1445266166475913e-09,-1.1119839107539484,-0.002384679093895722,22,10,hbr,False,S22_D10 hbr,mild_master_10,,0.00566220435286218
628,az_itd=5_az=0,7.0,8.456999748741829e-18,0.10190073220309596,2.1829530220518174e-09,1.8817684869575382,0.004107812205405834,22,10,hbr,False,S22_D10 hbr,mild_master_10,,0.024808017704431758
629,constant,7.0,8.456999748741829e-18,0.3225223220250982,2.5500232901553613e-09,-1.0643000281543507,-0.002713989859506601,22,10,hbr,False,S22_D10 hbr,mild_master_10,,
637,Linear,7.0,1.2791658711385495e-17,0.9199742487055877,3.206624278915046e-13,-0.104146522691524,-3.339587682272176e-08,22,11,hbr,False,S22_D11 hbr,mild_master_10,,
638,ShortHbO,7.0,1.2791658711385495e-17,7.752911857204893e-05,0.0004158454000673851,8.20491440076622,3411.9759115052784,22,11,hbr,True,S22_D11 hbr,mild_master_10,,
639,az_itd=0_az=15,7.0,1.2791658711385495e-17,0.00646655791234997,2.63478520255852e-09,-3.8289568020436198,-0.010088478723260321,22,11,hbr,True,S22_D11 hbr,mild_master_10,,-0.04280660606972642
640,az_itd=0_az=5,7.0,1.2791658711385495e-17,0.0005232971003134872,2.638943415617479e-09,6.035768202948479,0.015928050757364233,22,11,hbr,True,S22_D11 hbr,mild_master_10,,-0.005929038098201797
641,az_itd=15_az=0,7.0,1.2791658711385495e-17,0.5629838335640827,2.637465052832093e-09,-0.6070470906618368,-0.0016010654870439898,22,11,hbr,False,S22_D11 hbr,mild_master_10,,0.024716175728463494
642,az_itd=5_az=0,7.0,1.2791658711385495e-17,0.5731249801856442,2.6847241078481774e-09,-0.5909611733387905,-0.0015865677088648966,22,11,hbr,False,S22_D11 hbr,mild_master_10,,0.015582763554944382
643,constant,7.0,1.2791658711385495e-17,0.9638282149309876,3.1361687280927286e-09,-0.046997150266573605,-0.000147390992975503,22,11,hbr,False,S22_D11 hbr,mild_master_10,,
651,Linear,7.0,3.435415286762967e-17,0.670212137287333,5.255018709339281e-13,0.44433584848759833,2.3349931970324732e-07,22,12,hbr,False,S22_D12 hbr,mild_master_10,,
652,ShortHbO,7.0,3.435415286762967e-17,1.1749854132612632e-05,0.0006814878100674051,10.94672734918049,7460.061248597983,22,12,hbr,True,S22_D12 hbr,mild_master_10,,
653,az_itd=0_az=15,7.0,3.435415286762967e-17,0.00015887733843805295,4.317888324359603e-09,-7.328135696173897,-0.0316420715618321,22,12,hbr,True,S22_D12 hbr,mild_master_10,,-0.01879641044221957
654,az_itd=0_az=5,7.0,3.435415286762967e-17,0.8243904557551389,4.324702807604781e-09,-0.2303719944568422,-0.0009962904112210185,22,12,hbr,False,S22_D12 hbr,mild_master_10,,-0.04364220481818131
655,az_itd=15_az=0,7.0,3.435415286762967e-17,0.028830956069776634,4.322280065362269e-09,-2.7420932455025038,-0.011852094972399996,22,12,hbr,True,S22_D12 hbr,mild_master_10,,0.03631273774545653
656,az_itd=5_az=0,7.0,3.435415286762967e-17,6.18938713057937e-05,4.3997282465939175e-09,-8.497362143601935,-0.03738608424474327,22,12,hbr,True,S22_D12 hbr,mild_master_10,,0.047730860693348705
657,constant,7.0,3.435415286762967e-17,0.5596029736031258,5.1395560902283955e-09,0.6124477464188185,0.003147709545053495,22,12,hbr,False,S22_D12 hbr,mild_master_10,,
665,Linear,7.0,3.620193580094331e-18,0.15315168146931724,1.7058881077116726e-13,-1.6021719755737434,-2.733126119640165e-07,22,19,hbr,False,S22_D19 hbr,mild_master_10,,
666,ShortHbO,7.0,3.620193580094331e-18,7.620571646163382e-05,0.0002212250831149991,8.22696779381823,1820.011633971859,22,19,hbr,True,S22_D19 hbr,mild_master_10,,
667,az_itd=0_az=15,7.0,3.620193580094331e-18,0.07397621435051438,1.4016761405361853e-09,-2.0990378871605384,-0.0029421713245144122,22,19,hbr,False,S22_D19 hbr,mild_master_10,,-0.017656060917085038
668,az_itd=0_az=5,7.0,3.620193580094331e-18,3.132001969118665e-05,1.4038882631890488e-09,9.43634487992518,0.01324757382433103,22,19,hbr,True,S22_D19 hbr,mild_master_10,,0.006453381819220606
669,az_itd=15_az=0,7.0,3.620193580094331e-18,0.15411545859098125,1.4031017907884447e-09,-1.5978175445869442,-0.002241900658163137,22,19,hbr,False,S22_D19 hbr,mild_master_10,,-0.003990585655559371
670,az_itd=5_az=0,7.0,3.620193580094331e-18,8.37528154602433e-06,1.428243077363156e-09,-11.516511928289596,-0.016448378436949823,22,19,hbr,True,S22_D19 hbr,mild_master_10,,-0.014100114604057579
671,constant,7.0,3.620193580094331e-18,0.12364221059537801,1.6684065458522544e-09,1.749727306506008,0.0029192564916310578,22,19,hbr,False,S22_D19 hbr,mild_master_10,,
679,Linear,7.0,7.84931436665331e-17,0.877228041734271,7.943291605168747e-13,-0.160226868363294,-1.272728738392631e-07,22,20,hbr,False,S22_D20 hbr,mild_master_10,,
680,ShortHbO,7.0,7.84931436665331e-17,0.0011855723602313853,0.0010301117275020829,5.25050029677503,5408.601930961125,22,20,hbr,True,S22_D20 hbr,mild_master_10,,
681,az_itd=0_az=15,7.0,7.84931436665331e-17,0.25923111950317723,6.526760031888476e-09,-1.2277192387074711,-0.008013028857576468,22,20,hbr,False,S22_D20 hbr,mild_master_10,,0.04551103201519591
682,az_itd=0_az=5,7.0,7.84931436665331e-17,0.7657545922498211,6.5370605523145576e-09,0.3097692008758281,0.00202498002336738,22,20,hbr,False,S22_D20 hbr,mild_master_10,,0.0027165947289718106
683,az_itd=15_az=0,7.0,7.84931436665331e-17,0.4531162534007299,6.533398424892968e-09,0.7942757711986913,0.005189320072480177,22,20,hbr,False,S22_D20 hbr,mild_master_10,,-0.0013015995631392926
684,az_itd=5_az=0,7.0,7.84931436665331e-17,0.9655591387686068,6.6504662265203176e-09,0.04474644252556849,0.0002975847047732257,22,20,hbr,False,S22_D20 hbr,mild_master_10,,0.04643085840929222
685,constant,7.0,7.84931436665331e-17,0.9386172358220617,7.768762587514763e-09,-0.07981636751313055,-0.0006200744098073373,22,20,hbr,False,S22_D20 hbr,mild_master_10,,
735,Linear,7.0,3.832441724620691e-17,0.2588818627050646,5.550376255013541e-13,-1.2287093539387586,-6.819799222414714e-07,23,9,hbr,False,S23_D9 hbr,mild_master_10,,
736,ShortHbO,7.0,3.832441724620691e-17,2.4562923225423543e-05,0.0007197907311646628,9.792415198615792,7048.489695679618,23,9,hbr,True,S23_D9 hbr,mild_master_10,,
737,az_itd=0_az=15,7.0,3.832441724620691e-17,0.2939690147150297,4.560574596001583e-09,1.1344158553072134,0.005173588131015486,23,9,hbr,False,S23_D9 hbr,mild_master_10,,0.026123842735860183
738,az_itd=0_az=5,7.0,3.832441724620691e-17,0.00046063336026623607,4.567772086264939e-09,6.165203023523149,0.028161242277005245,23,9,hbr,True,S23_D9 hbr,mild_master_10,,-0.0010288557592530796
739,az_itd=15_az=0,7.0,3.832441724620691e-17,1.2612281769777758e-05,4.5652131741547e-09,10.830797556383187,0.04944489969100306,23,9,hbr,True,S23_D9 hbr,mild_master_10,,-0.03577455342019082
740,az_itd=5_az=0,7.0,3.832441724620691e-17,0.000290302567708869,4.647014318903845e-09,-6.650823532651431,-0.03090647218873386,23,9,hbr,True,S23_D9 hbr,mild_master_10,,-0.036521356023538634
741,constant,7.0,3.832441724620691e-17,0.7162871976802654,5.428424076553018e-09,0.3784857246542503,0.0020545810203447487,23,9,hbr,False,S23_D9 hbr,mild_master_10,,
693,Linear,7.0,2.316652456053888e-18,0.5624681014430514,1.3646305436809547e-13,-0.6078696865130778,-8.29517540793513e-08,23,10,hbr,False,S23_D10 hbr,mild_master_10,,
694,ShortHbO,7.0,2.316652456053888e-18,3.582377572734408e-05,0.00017696969929173738,9.244381122005974,1635.975347299611,23,10,hbr,True,S23_D10 hbr,mild_master_10,,
695,az_itd=0_az=15,7.0,2.316652456053888e-18,0.10207215888093502,1.1212752261286127e-09,-1.8806245915172572,-0.0021086977641165423,23,10,hbr,False,S23_D10 hbr,mild_master_10,,-0.002804156793382454
696,az_itd=0_az=5,7.0,2.316652456053888e-18,0.18935067676323503,1.1230448205849075e-09,1.4536853575085975,0.00163255381151015,23,10,hbr,False,S23_D10 hbr,mild_master_10,,-0.011310657706694162
697,az_itd=15_az=0,7.0,2.316652456053888e-18,0.6542182041861309,1.122415679520629e-09,-0.4676884995412574,-0.0005249409050165838,23,10,hbr,False,S23_D10 hbr,mild_master_10,,-0.007625315695168542
698,az_itd=5_az=0,7.0,2.316652456053888e-18,0.0004631344515096965,1.142527530592332e-09,-6.159667435884647,-0.007037589624791288,23,10,hbr,True,S23_D10 hbr,mild_master_10,,-0.0026414375102650537
699,constant,7.0,2.316652456053888e-18,0.3950206204238223,1.3346470506798567e-09,0.9060601910260285,0.0012092705616913164,23,10,hbr,False,S23_D10 hbr,mild_master_10,,
707,Linear,7.0,5.512389089624347e-18,0.06567955418686001,2.1050120045915362e-13,-2.179599315730857,-4.588082724812953e-07,23,11,hbr,False,S23_D11 hbr,mild_master_10,,
708,ShortHbO,7.0,5.512389089624347e-18,0.017383274913966403,0.00027298476000193935,3.097493781406851,845.5685965248488,23,11,hbr,True,S23_D11 hbr,mild_master_10,,
709,az_itd=0_az=15,7.0,5.512389089624347e-18,0.008152878078108853,1.729624052738224e-09,-3.6523151493151413,-0.006317132130435666,23,11,hbr,True,S23_D11 hbr,mild_master_10,,-0.0033740565418428565
710,az_itd=0_az=5,7.0,5.512389089624347e-18,0.02155238506005085,1.7323537421702891e-09,2.9452318899575665,0.005102183486127263,23,11,hbr,True,S23_D11 hbr,mild_master_10,,-0.004668222398095114
711,az_itd=15_az=0,7.0,5.512389089624347e-18,0.032916450262581796,1.7313832600870464e-09,-2.650528104447992,-0.004589079990431504,23,11,hbr,True,S23_D11 hbr,mild_master_10,,0.003795513678701656
712,az_itd=5_az=0,7.0,5.512389089624347e-18,0.0028021286562624546,1.7624068130454139e-09,-4.4988678888820335,-0.007928835418356935,23,11,hbr,True,S23_D11 hbr,mild_master_10,,-0.0131713006967605
713,constant,7.0,5.512389089624347e-18,0.03640701998039874,2.0587609419876977e-09,2.581229635444544,0.005314134755754371,23,11,hbr,True,S23_D11 hbr,mild_master_10,,
721,Linear,7.0,2.2689856931677523e-17,0.006585534439026699,4.270714341487962e-13,-3.814929364221533,-1.629247354754445e-06,23,19,hbr,True,S23_D19 hbr,mild_master_10,,
722,ShortHbO,7.0,2.2689856931677523e-17,0.14404721100387752,0.0005538400384439401,1.6446158370137485,910.8540983972072,23,19,hbr,False,S23_D19 hbr,mild_master_10,,
723,az_itd=0_az=15,7.0,2.2689856931677523e-17,0.015538172613225243,3.5091154973460644e-09,-3.177799193875029,-0.011151264398680697,23,19,hbr,True,S23_D19 hbr,mild_master_10,,-0.035916077886864385
724,az_itd=0_az=5,7.0,2.2689856931677523e-17,0.00029927945983586725,3.5146535768344e-09,6.617936785302204,0.02325975519372634,23,19,hbr,True,S23_D19 hbr,mild_master_10,,0.016999667833592778
725,az_itd=15_az=0,7.0,2.2689856931677523e-17,0.9278315506738479,3.512684632361864e-09,-0.09388466781665405,-0.00032978722985395917,23,19,hbr,False,S23_D19 hbr,mild_master_10,,-0.00447206261806039
726,az_itd=5_az=0,7.0,2.2689856931677523e-17,0.2698844032596872,3.5756261891103356e-09,-1.1980466567071368,-0.004283767001498118,23,19,hbr,False,S23_D19 hbr,mild_master_10,,-0.015109371627300566
727,constant,7.0,2.2689856931677523e-17,0.011608066379337147,4.176878735828507e-09,3.389454050405087,0.014157338549204812,23,19,hbr,True,S23_D19 hbr,mild_master_10,,
763,Linear,7.0,4.5091541515861763e-17,0.16427511648165843,6.020494804101951e-13,-1.5533898828527775,-9.352175718459685e-07,24,9,hbr,False,S24_D9 hbr,mild_master_10,,
764,ShortHbO,7.0,4.5091541515861763e-17,0.6899920381902884,0.0007807572239995872,-0.415821574749473,-324.6556983805354,24,9,hbr,False,S24_D9 hbr,mild_master_10,,
765,az_itd=0_az=15,7.0,4.5091541515861763e-17,5.313487915528708e-05,4.9468566449248575e-09,-8.700437310718952,-0.043039816124282204,24,9,hbr,True,S24_D9 hbr,mild_master_10,,-0.046784902128304
766,az_itd=0_az=5,7.0,4.5091541515861763e-17,0.01995501526878033,4.954663764792448e-09,2.999543246652982,0.014861728235119425,24,9,hbr,True,S24_D9 hbr,mild_master_10,,0.045981982794488056
767,az_itd=15_az=0,7.0,4.5091541515861763e-17,0.0001729140248313272,4.951888112051802e-09,-7.229881830539094,-0.03580156588818586,24,9,hbr,True,S24_D9 hbr,mild_master_10,,-0.0543799152680975
768,az_itd=5_az=0,7.0,4.5091541515861763e-17,1.6990074146041417e-05,5.040617838525203e-09,-10.355101083207806,-0.05219610723974893,24,9,hbr,True,S24_D9 hbr,mild_master_10,,-0.07559354769163494
769,constant,7.0,4.5091541515861763e-17,0.02380817044003976,5.888213239206726e-09,2.8753815381367938,0.01693085964062767,24,9,hbr,True,S24_D9 hbr,mild_master_10,,
749,Linear,7.0,3.4755951371497104e-16,0.9096970694377711,1.6714724976455958e-12,0.11758791356815873,1.9654496358470471e-07,24,19,hbr,False,S24_D19 hbr,mild_master_10,,
750,ShortHbO,7.0,3.4755951371497104e-16,0.0028903823433741433,0.0021676195557286835,4.473031293881312,9695.830106003506,24,19,hbr,True,S24_D19 hbr,mild_master_10,,
751,az_itd=0_az=15,7.0,3.4755951371497104e-16,0.0016012579438031969,1.3733978851960231e-08,-4.979848733999459,-0.0683931371987095,24,19,hbr,True,S24_D19 hbr,mild_master_10,,-0.28138744920506453
752,az_itd=0_az=5,7.0,3.4755951371497104e-16,0.0004917487092320122,1.3755653791594108e-08,-6.098622419559159,-0.08389053860910976,24,19,hbr,True,S24_D19 hbr,mild_master_10,,0.03771925549901466
753,az_itd=15_az=0,7.0,3.4755951371497104e-16,0.00022671741611650096,1.37479477352483e-08,6.9224373863454804,0.09516930738800651,24,19,hbr,True,S24_D19 hbr,mild_master_10,,0.1470456561332871
754,az_itd=5_az=0,7.0,3.4755951371497104e-16,2.5697451236157365e-05,1.3994288447016477e-08,-9.725379553526407,-0.13609976672876486,24,19,hbr,True,S24_D19 hbr,mild_master_10,,-0.13548750384586958
755,constant,7.0,3.4755951371497104e-16,0.46716473709115935,1.634747111300732e-08,0.7687795059201195,0.012567600765301194,24,19,hbr,False,S24_D19 hbr,mild_master_10,,
