,Condition,df,mse,p_value,se,t,theta,Source,Detector,Chroma,Significant,ch_name,ID,mean_hbo,mean_hbr
630,Linear,7.0,5.12059072556082e-17,0.013313727503753023,7.714693012550226e-13,3.2893891948839995,2.53766278373298e-06,1,7,hbo,True,S1_D7 hbo,mild_master_39,,
631,ShortHbO,7.0,5.12059072556082e-17,1.6011167985103197e-13,0.005456133082712589,149.22678763962247,814201.2128674701,1,7,hbo,True,S1_D7 hbo,mild_master_39,,
632,az_itd=0_az=15,7.0,5.12059072556082e-17,4.88063061948589e-06,5.3579826061037626e-09,-12.481581819134524,-0.06687609828358373,1,7,hbo,True,S1_D7 hbo,mild_master_39,-0.0933434368607413,
633,az_itd=0_az=5,7.0,5.12059072556082e-17,3.065848890796345e-07,5.360825514354347e-09,-18.73476574509021,-0.10043381021173144,1,7,hbo,True,S1_D7 hbo,mild_master_39,-0.06027253643078524,
634,az_itd=15_az=0,7.0,5.12059072556082e-17,6.730568789792404e-07,5.355117248197405e-09,-16.70677055149545,-0.08946671514198974,1,7,hbo,True,S1_D7 hbo,mild_master_39,-0.12315506030157616,
635,az_itd=5_az=0,7.0,5.12059072556082e-17,2.856534029420065e-07,5.350325153802185e-09,-18.928336457281063,-0.1012727546670218,1,7,hbo,True,S1_D7 hbo,mild_master_39,-0.008404663095784342,
636,constant,7.0,5.12059072556082e-17,0.6531837193536703,6.625203285995453e-09,0.46920857775422475,0.003108602211154543,1,7,hbo,False,S1_D7 hbo,mild_master_39,,
644,Linear,7.0,2.5569931989923258e-17,0.22005607639618519,5.45159271938513e-13,1.3466690065224758,7.341490951379535e-07,1,8,hbo,False,S1_D8 hbo,mild_master_39,,
645,ShortHbO,7.0,2.5569931989923258e-17,5.117921521241123e-15,0.0038555799098323024,244.0637380416747,941007.2451120547,1,8,hbo,True,S1_D8 hbo,mild_master_39,,
646,az_itd=0_az=15,7.0,2.5569931989923258e-17,0.0284453081861118,3.7862218131699465e-09,2.7514286391124023,0.010417519130787877,1,8,hbo,True,S1_D8 hbo,mild_master_39,0.0316482408463375,
647,az_itd=0_az=5,7.0,2.5569931989923258e-17,1.200047439587679e-05,3.788230756091662e-09,-10.912067205815037,-0.04133742860160773,1,8,hbo,True,S1_D8 hbo,mild_master_39,0.018399523795719252,
648,az_itd=15_az=0,7.0,2.5569931989923258e-17,0.0168856338867888,3.7841970061847146e-09,-3.1182237394901327,-0.011799972939592665,1,8,hbo,True,S1_D8 hbo,mild_master_39,-0.03725659499515966,
649,az_itd=5_az=0,7.0,2.5569931989923258e-17,0.00019591180663156623,3.780810669635342e-09,-7.086870068334426,-0.026794113968678146,1,8,hbo,True,S1_D8 hbo,mild_master_39,0.09602990528055817,
650,constant,7.0,2.5569931989923258e-17,0.8534357235003583,4.681704111832163e-09,-0.19167836599978583,-0.0008973813942504676,1,8,hbo,False,S1_D8 hbo,mild_master_39,,
924,Linear,7.0,1.2958119786016338e-16,0.7846872715349617,1.2272403095827861e-12,0.2839183934484108,3.484360970718749e-07,2,6,hbo,False,S2_D6 hbo,mild_master_39,,
925,ShortHbO,7.0,1.2958119786016338e-16,1.975912377265069e-11,0.00867952417894021,74.97279490421074,650728.1861338227,2,6,hbo,True,S2_D6 hbo,mild_master_39,,
926,az_itd=0_az=15,7.0,1.2958119786016338e-16,0.0005338193966531171,8.52338806165964e-09,-6.015743346918981,-0.051274515025137656,2,6,hbo,True,S2_D6 hbo,mild_master_39,-0.07837063505432608,
927,az_itd=0_az=5,7.0,1.2958119786016338e-16,0.0003412436248889766,8.52791051199679e-09,-6.477638744492345,-0.05524072354207396,2,6,hbo,True,S2_D6 hbo,mild_master_39,0.04688414792579916,
928,az_itd=15_az=0,7.0,1.2958119786016338e-16,0.012152128270418039,8.518829898789979e-09,-3.3559083845349593,-0.02858841268377639,2,6,hbo,True,S2_D6 hbo,mild_master_39,0.04878187868663432,
929,az_itd=5_az=0,7.0,1.2958119786016338e-16,3.833001016767646e-05,8.511206716118197e-09,-9.149052118881874,-0.07786947384034283,2,6,hbo,True,S2_D6 hbo,mild_master_39,-0.019261181743392256,
930,constant,7.0,1.2958119786016338e-16,0.7662519430592549,1.0539261275240557e-08,0.3090872049278553,0.0032575508095684875,2,6,hbo,False,S2_D6 hbo,mild_master_39,,
938,Linear,7.0,7.323878528828698e-17,0.3504904960864462,9.226334220850127e-13,1.0002795711015384,9.228913637271414e-07,2,8,hbo,False,S2_D8 hbo,mild_master_39,,
939,ShortHbO,7.0,7.323878528828698e-17,4.2462702728332306e-13,0.006525224956151931,129.812108037741,847053.2069785583,2,8,hbo,True,S2_D8 hbo,mild_master_39,,
940,az_itd=0_az=15,7.0,7.323878528828698e-17,1.9347872740121914e-05,6.407842566514963e-09,-10.153539328524845,-0.06506228151010526,2,8,hbo,True,S2_D8 hbo,mild_master_39,-0.0957424993849611,
941,az_itd=0_az=5,7.0,7.323878528828698e-17,0.0006160366984952292,6.4112425231479015e-09,-5.873047567689526,-0.037653532306441445,2,8,hbo,True,S2_D8 hbo,mild_master_39,0.04246136704160699,
942,az_itd=15_az=0,7.0,7.323878528828698e-17,0.004415869430454869,6.4044157613701046e-09,-4.127850487441079,-0.026436470722346915,2,8,hbo,True,S2_D8 hbo,mild_master_39,-0.06432095686008323,
943,az_itd=5_az=0,7.0,7.323878528828698e-17,0.08244751102206824,6.398684688929991e-09,2.0255901288741334,0.012961112543674644,2,8,hbo,False,S2_D8 hbo,mild_master_39,0.08910314011965348,
944,constant,7.0,7.323878528828698e-17,0.9715232328588492,7.923366451293463e-09,-0.03699327581817088,-0.00029311128054114086,2,8,hbo,False,S2_D8 hbo,mild_master_39,,
952,Linear,7.0,4.8450020406251656e-17,0.2967151208236158,7.504220706057317e-13,1.127437483294606,8.460539706924531e-07,3,5,hbo,False,S3_D5 hbo,mild_master_39,,
953,ShortHbO,7.0,4.8450020406251656e-17,4.2448636493510836e-13,0.0053072788233684215,129.81825456673207,688981.673348668,3,5,hbo,True,S3_D5 hbo,mild_master_39,,
954,az_itd=0_az=15,7.0,4.8450020406251656e-17,0.0015465454274287097,5.211806088720505e-09,-5.010696011884082,-0.02611477598346501,3,5,hbo,True,S3_D5 hbo,mild_master_39,-0.07804391599299816,
955,az_itd=0_az=5,7.0,4.8450020406251656e-17,0.0001289350204793706,5.214571436729136e-09,-7.575051859136358,-0.03950064905639439,3,5,hbo,True,S3_D5 hbo,mild_master_39,0.012852600083309924,
956,az_itd=15_az=0,7.0,4.8450020406251656e-17,0.00037665672849274216,5.209018903527759e-09,-6.373548166839643,-0.03319993288361239,3,5,hbo,True,S3_D5 hbo,mild_master_39,-0.04742428556028554,
957,az_itd=5_az=0,7.0,4.8450020406251656e-17,0.001907475294156601,5.204357547083959e-09,-4.8263438902795315,-0.025118019250198832,3,5,hbo,True,S3_D5 hbo,mild_master_39,0.029004590536151315,
958,constant,7.0,4.8450020406251656e-17,0.7421291685361653,6.444454445527086e-09,0.3423606294371689,0.0022063274803498143,3,5,hbo,False,S3_D5 hbo,mild_master_39,,
966,Linear,7.0,3.9827132022388143e-17,0.06351494364019167,6.803746646451083e-13,2.2023007735474764,1.4983896502500266e-06,3,6,hbo,False,S3_D6 hbo,mild_master_39,,
967,ShortHbO,7.0,3.9827132022388143e-17,5.781692900503773e-14,0.004811876130872149,172.60665546802264,830561.8454762506,3,6,hbo,True,S3_D6 hbo,mild_master_39,,
968,az_itd=0_az=15,7.0,3.9827132022388143e-17,8.786976247237536e-07,4.72531520421071e-09,-16.068259061732515,-0.07592758884960117,3,6,hbo,True,S3_D6 hbo,mild_master_39,-0.10413960055354447,
969,az_itd=0_az=5,7.0,3.9827132022388143e-17,1.054667923572947e-05,4.727822423544598e-09,-11.125700461360658,-0.052600336118861404,3,6,hbo,True,S3_D6 hbo,mild_master_39,0.006778313354934647,
970,az_itd=15_az=0,7.0,3.9827132022388143e-17,1.3517035756639235e-05,4.7227881860630595e-09,-10.718476093165293,-0.05062109226540038,3,6,hbo,True,S3_D6 hbo,mild_master_39,-0.042953624743730594,
971,az_itd=5_az=0,7.0,3.9827132022388143e-17,7.740280694308331e-06,4.718561939326097e-09,-11.653020903300908,-0.05498550091248707,3,6,hbo,True,S3_D6 hbo,mild_master_39,0.027797512675639846,
972,constant,7.0,3.9827132022388143e-17,0.5494162063107956,5.8429032193268735e-09,0.6288390802408187,0.00367424588637763,3,6,hbo,False,S3_D6 hbo,mild_master_39,,
980,Linear,7.0,4.177147816634164e-17,0.0577072215799082,6.967845916969332e-13,2.267294886124198,1.579816141484594e-06,3,7,hbo,False,S3_D7 hbo,mild_master_39,,
981,ShortHbO,7.0,4.177147816634164e-17,2.1808830212739094e-13,0.00492793356274495,142.78034404757295,703612.0495323059,3,7,hbo,True,S3_D7 hbo,mild_master_39,,
982,az_itd=0_az=15,7.0,4.177147816634164e-17,0.0002251779037692283,4.839284876844572e-09,-6.930042402853935,-0.03353644939602267,3,7,hbo,True,S3_D7 hbo,mild_master_39,-0.055766748792768515,
983,az_itd=0_az=5,7.0,4.177147816634164e-17,2.0521980175880724e-06,4.841852567692922e-09,-14.18754560059008,-0.0686940040954775,3,7,hbo,True,S3_D7 hbo,mild_master_39,-0.02776385960609367,
984,az_itd=15_az=0,7.0,4.177147816634164e-17,4.009586919059263e-06,4.83669690965573e-09,-12.851019215194635,-0.062156484924058286,3,7,hbo,True,S3_D7 hbo,mild_master_39,-0.08297945884008473,
985,az_itd=5_az=0,7.0,4.177147816634164e-17,7.536310616921984e-07,4.832368730256868e-09,-16.433065449363895,-0.0794106316197706,3,7,hbo,True,S3_D7 hbo,mild_master_39,-0.008434301384084696,
986,constant,7.0,4.177147816634164e-17,0.5988174462584914,5.9838279488654736e-09,0.5509286841828155,0.003296662458244811,3,7,hbo,False,S3_D7 hbo,mild_master_39,,
994,Linear,7.0,3.770664407293238e-17,0.328903582327862,6.620145843467856e-13,1.049317651574443,6.946635889548001e-07,4,2,hbo,False,S4_D2 hbo,mild_master_39,,
995,ShortHbO,7.0,3.770664407293238e-17,1.948065491155821e-13,0.004682026451365818,145.1024163219945,679373.3513766734,4,2,hbo,True,S4_D2 hbo,mild_master_39,,
996,az_itd=0_az=15,7.0,3.770664407293238e-17,0.8265179821380926,4.597801392935201e-09,-0.22752521439321932,-0.0010461157476650243,4,2,hbo,False,S4_D2 hbo,mild_master_39,-0.07789740592182696,
997,az_itd=0_az=5,7.0,3.770664407293238e-17,0.00012560406850915156,4.600240954329006e-09,-7.606466739231235,-0.03499157981155294,4,2,hbo,True,S4_D2 hbo,mild_master_39,-0.02951098065904314,
998,az_itd=15_az=0,7.0,3.770664407293238e-17,0.000723088472001204,4.595342567003572e-09,-5.7162817540704935,-0.02626827286946598,4,2,hbo,True,S4_D2 hbo,mild_master_39,-0.07924739951825414,
999,az_itd=5_az=0,7.0,3.770664407293238e-17,1.1790598762177678e-05,4.591230366590618e-09,-10.94103563866275,-0.0502328150661786,4,2,hbo,True,S4_D2 hbo,mild_master_39,-0.02882187996717032,
1000,constant,7.0,3.770664407293238e-17,0.722447507117157,5.685231016264866e-09,0.36982565219062896,0.002102544268444546,4,2,hbo,False,S4_D2 hbo,mild_master_39,,
1008,Linear,7.0,4.204301655625726e-17,0.6044003092571666,6.990456713469115e-13,0.542358404312952,3.791332948535872e-07,4,3,hbo,False,S4_D3 hbo,mild_master_39,,
1009,ShortHbO,7.0,4.204301655625726e-17,7.92011681015088e-14,0.00494392480369365,165.01675664949167,815830.4362245009,4,3,hbo,True,S4_D3 hbo,mild_master_39,,
1010,az_itd=0_az=15,7.0,4.204301655625726e-17,0.6273641553274396,4.854988451070909e-09,0.5075522225277403,0.0024641601786875517,4,3,hbo,False,S4_D3 hbo,mild_master_39,-0.09297327449553366,
1011,az_itd=0_az=5,7.0,4.204301655625726e-17,0.002370234051079603,4.8575644741263626e-09,-4.639772398469715,-0.022537993570838553,4,3,hbo,True,S4_D3 hbo,mild_master_39,-0.02435339950882333,
1012,az_itd=15_az=0,7.0,4.204301655625726e-17,0.0003374324187398842,4.852392085877841e-09,-6.489558943508875,-0.031489884458320225,4,3,hbo,True,S4_D3 hbo,mild_master_39,-0.08623516491564054,
1013,az_itd=5_az=0,7.0,4.204301655625726e-17,2.4183796642304992e-05,4.848049861452042e-09,-9.815602627322992,-0.04758653095746153,4,3,hbo,True,S4_D3 hbo,mild_master_39,-0.016601482890424173,
1014,constant,7.0,4.204301655625726e-17,0.5001055457303055,6.003245587781972e-09,0.7109605991670535,0.004268071080036441,4,3,hbo,False,S4_D3 hbo,mild_master_39,,
1022,Linear,7.0,6.488812681972336e-17,0.4155570813496934,8.684428321833194e-13,0.8652702252145759,7.514377249892449e-07,4,4,hbo,False,S4_D4 hbo,mild_master_39,,
1023,ShortHbO,7.0,6.488812681972336e-17,7.790110319315489e-13,0.006141967877933338,119.02879227971641,731071.018731218,4,4,hbo,True,S4_D4 hbo,mild_master_39,,
1024,az_itd=0_az=15,7.0,6.488812681972336e-17,0.022739921147935112,6.031479906801309e-09,-2.907546627568333,-0.01753680906226631,4,4,hbo,True,S4_D4 hbo,mild_master_39,-0.12888833052035786,
1025,az_itd=0_az=5,7.0,6.488812681972336e-17,0.000444493825035955,6.0346801680285e-09,-6.201754079505711,-0.03742560235058296,4,4,hbo,True,S4_D4 hbo,mild_master_39,-0.04002628378912453,
1026,az_itd=15_az=0,7.0,6.488812681972336e-17,0.0008385304864666132,6.028254374001276e-09,-5.573954621299167,-0.033601216326331326,4,4,hbo,True,S4_D4 hbo,mild_master_39,-0.08662186858055637,
1027,az_itd=5_az=0,7.0,6.488812681972336e-17,0.00022633713142690998,6.022859914335928e-09,-6.924310534726033,-0.0417041523540154,4,4,hbo,True,S4_D4 hbo,mild_master_39,-0.015291790213745084,
1028,constant,7.0,6.488812681972336e-17,0.6567025367223653,7.457989962944967e-09,0.46404288357648166,0.0034608271680894396,4,4,hbo,False,S4_D4 hbo,mild_master_39,,
1036,Linear,7.0,2.7643360950960792e-17,0.06904711490915552,5.668315806542156e-13,2.1457348851091016,1.2162702965912836e-06,5,1,hbo,False,S5_D1 hbo,mild_master_39,,
1037,ShortHbO,7.0,2.7643360950960792e-17,3.9121915438246353e-14,0.004008854966104978,182.51387459187617,731671.652540704,5,1,hbo,True,S5_D1 hbo,mild_master_39,,
1038,az_itd=0_az=15,7.0,2.7643360950960792e-17,1.1014268511047535e-05,3.93673960168589e-09,-11.053516530222296,-0.04351481626241572,5,1,hbo,True,S5_D1 hbo,mild_master_39,-0.11069965371423852,
1039,az_itd=0_az=5,7.0,2.7643360950960792e-17,2.4269845162691875e-06,3.9388284082977825e-09,-13.841135781976536,-0.054517858821156125,5,1,hbo,True,S5_D1 hbo,mild_master_39,-0.05853234260495202,
1040,az_itd=15_az=0,7.0,2.7643360950960792e-17,5.8069779624316e-07,3.934634300349131e-09,-17.070617834566956,-0.06716663846003876,5,1,hbo,True,S5_D1 hbo,mild_master_39,-0.13237690874350422,
1041,az_itd=5_az=0,7.0,2.7643360950960792e-17,1.2772293872349646e-06,3.931113343084509e-09,-15.211609429195452,-0.05979856079690037,5,1,hbo,True,S5_D1 hbo,mild_master_39,-0.026893354349221573,
1042,constant,7.0,2.7643360950960792e-17,0.3638383156378419,4.867820980882947e-09,0.9711242716793447,0.004727259104725385,5,1,hbo,False,S5_D1 hbo,mild_master_39,,
1050,Linear,7.0,2.534778909931727e-17,0.9339621953700107,5.427860268446983e-13,0.08588576804406077,4.66175947991411e-08,5,2,hbo,False,S5_D2 hbo,mild_master_39,,
1051,ShortHbO,7.0,2.534778909931727e-17,3.329721568219175e-14,0.0038387953909296284,186.7667029826192,716959.1585888015,5,2,hbo,True,S5_D2 hbo,mild_master_39,,
1052,az_itd=0_az=15,7.0,2.534778909931727e-17,0.8354729908967544,3.7697392312810835e-09,-0.21556536158843995,-0.0008126252004852344,5,2,hbo,False,S5_D2 hbo,mild_master_39,-0.08597719350588019,
1053,az_itd=0_az=5,7.0,2.534778909931727e-17,0.07120714828024528,3.7717394286596545e-09,-2.1248740754202484,-0.00801447133119928,5,2,hbo,False,S5_D2 hbo,mild_master_39,0.006327931926799124,
1054,az_itd=15_az=0,7.0,2.534778909931727e-17,0.1498962110835176,3.767723238900116e-09,-1.6170713827451475,-0.006092677427729237,5,2,hbo,False,S5_D2 hbo,mild_master_39,-0.05777082303133334,
1055,az_itd=5_az=0,7.0,2.534778909931727e-17,0.005408918104817932,3.7643516441097406e-09,-3.967591916457287,-0.014935411153872504,5,2,hbo,True,S5_D2 hbo,mild_master_39,0.019466948947373584,
1056,constant,7.0,2.534778909931727e-17,0.6244965392464601,4.661323221538233e-09,0.5118609281089772,0.0023859492303924873,5,2,hbo,False,S5_D2 hbo,mild_master_39,,
1064,Linear,7.0,1.8607630102705573e-17,0.44408898816245557,4.65054818495675e-13,0.8109485828047601,3.771355459855926e-07,5,3,hbo,False,S5_D3 hbo,mild_master_39,,
1065,ShortHbO,7.0,1.8607630102705573e-17,3.4005275503253054e-14,0.0032890498382000663,186.20602791685295,612440.9059918022,5,3,hbo,True,S5_D3 hbo,mild_master_39,,
1066,az_itd=0_az=15,7.0,1.8607630102705573e-17,0.032019053870078494,3.2298830612326277e-09,-2.6695827155118583,-0.008622439993391151,5,3,hbo,True,S5_D3 hbo,mild_master_39,-0.07104942737671058,
1067,az_itd=0_az=5,7.0,1.8607630102705573e-17,0.000556541806636113,3.2315968146876577e-09,-5.973968292600372,-0.019305456905412428,5,3,hbo,True,S5_D3 hbo,mild_master_39,-0.014786024496578386,
1068,az_itd=15_az=0,7.0,1.8607630102705573e-17,0.0014313864620876834,3.2281557747431993e-09,-5.079779534269655,-0.016398319637974904,5,3,hbo,True,S5_D3 hbo,mild_master_39,-0.06011953534765231,
1069,az_itd=5_az=0,7.0,1.8607630102705573e-17,2.1317039055912756e-05,3.2252670187219844e-09,-10.00548233160131,-0.03227035217051925,5,3,hbo,True,S5_D3 hbo,mild_master_39,-0.017807690375223905,
1070,constant,7.0,1.8607630102705573e-17,0.5591532231855507,3.993785244148113e-09,0.6131676462058565,0.0024488598976059803,5,3,hbo,False,S5_D3 hbo,mild_master_39,,
1078,Linear,7.0,3.611892535169625e-17,0.03168860678891354,6.479269232674235e-13,2.676739789615402,1.734331776272998e-06,6,1,hbo,True,S6_D1 hbo,mild_master_39,,
1079,ShortHbO,7.0,3.611892535169625e-17,9.634209243356217e-15,0.004582392994080988,222.973217412324,1021750.9093379305,6,1,hbo,True,S6_D1 hbo,mild_master_39,,
1080,az_itd=0_az=15,7.0,3.611892535169625e-17,1.629681242341955e-06,4.4999602437136915e-09,-14.676949432626943,-0.06604568894581747,6,1,hbo,True,S6_D1 hbo,mild_master_39,-0.11096631195365496,
1081,az_itd=0_az=5,7.0,3.611892535169625e-17,9.353141990324675e-07,4.502347891275216e-09,-15.922117604295229,-0.07168691262033462,6,1,hbo,True,S6_D1 hbo,mild_master_39,-0.05914743395276793,
1082,az_itd=15_az=0,7.0,3.611892535169625e-17,8.71932209242158e-08,4.497553741563435e-09,-22.480962050916858,-0.10110933498604671,6,1,hbo,True,S6_D1 hbo,mild_master_39,-0.1742279488279834,
1083,az_itd=5_az=0,7.0,3.611892535169625e-17,1.442876765259716e-06,4.493529048717653e-09,-14.941797621846495,-0.06714140165382758,6,1,hbo,True,S6_D1 hbo,mild_master_39,-0.004474699253718451,
1084,constant,7.0,3.611892535169625e-17,0.34684342088297826,5.564249379894961e-09,1.0083951193034115,0.005610961917273114,6,1,hbo,False,S6_D1 hbo,mild_master_39,,
1092,Linear,7.0,3.9369479974541746e-17,0.04130746070083211,6.764542902872326e-13,2.4947649893836386,1.6875944803269446e-06,6,2,hbo,True,S6_D2 hbo,mild_master_39,,
1093,ShortHbO,7.0,3.9369479974541746e-17,6.296846968429595e-14,0.004784149707804081,170.51436514539685,815766.2501867488,6,2,hbo,True,S6_D2 hbo,mild_master_39,,
1094,az_itd=0_az=15,7.0,3.9369479974541746e-17,7.771090587454671e-06,4.698087552268187e-09,-11.646107963313234,-0.05471443485481331,6,2,hbo,True,S6_D2 hbo,mild_master_39,-0.12794560594183824,
1095,az_itd=0_az=5,7.0,3.9369479974541746e-17,9.592084303638116e-07,4.700580324799605e-09,-15.863437549971074,-0.07456736243108128,6,2,hbo,True,S6_D2 hbo,mild_master_39,-0.08756964066972185,
1096,az_itd=15_az=0,7.0,3.9369479974541746e-17,2.0260103289472361e-07,4.695575095005388e-09,-19.896564857904472,-0.09342581442293565,6,2,hbo,True,S6_D2 hbo,mild_master_39,-0.1408694708412325,
1097,az_itd=5_az=0,7.0,3.9369479974541746e-17,7.631395509536371e-07,4.6913732002471205e-09,-16.402981271165803,-0.07695250673970269,6,2,hbo,True,S6_D2 hbo,mild_master_39,-0.03338798635624423,
1098,constant,7.0,3.9369479974541746e-17,0.33378414922021865,5.809235934010561e-09,1.0380137928998576,0.00603006702571245,6,2,hbo,False,S6_D2 hbo,mild_master_39,,
1120,Linear,7.0,5.188132272229149e-17,0.21496793113633605,7.765405453560995e-13,1.363446996682165,1.0587718743677044e-06,7,7,hbo,False,S7_D7 hbo,mild_master_39,,
1121,ShortHbO,7.0,5.188132272229149e-17,2.1597209066700502e-13,0.005491998907399824,142.9794332366181,785242.8911161526,7,7,hbo,True,S7_D7 hbo,mild_master_39,,
1122,az_itd=0_az=15,7.0,5.188132272229149e-17,0.0034182675865702178,5.393203239822659e-09,-4.334670126515664,-0.02337775696988677,7,7,hbo,True,S7_D7 hbo,mild_master_39,-0.028040990197928554,
1123,az_itd=0_az=5,7.0,5.188132272229149e-17,7.4241797535276945e-06,5.396064835896171e-09,-11.725805156678472,-0.0632732048785227,7,7,hbo,True,S7_D7 hbo,mild_master_39,-0.008276261034137236,
1124,az_itd=15_az=0,7.0,5.188132272229149e-17,0.0001296482786742544,5.3903190465208334e-09,-7.568443953174428,-0.04079632759332155,7,7,hbo,True,S7_D7 hbo,mild_master_39,-0.03294511849771469,
1125,az_itd=5_az=0,7.0,5.188132272229149e-17,0.8844202817031424,5.38549545135119e-09,0.15075633023032145,0.0008118975307177942,7,7,hbo,False,S7_D7 hbo,mild_master_39,0.007701965558155127,
1126,constant,7.0,5.188132272229149e-17,0.9572766484653952,6.668753979494057e-09,-0.055518678241340956,-0.00037024040645819266,7,7,hbo,False,S7_D7 hbo,mild_master_39,,
1134,Linear,7.0,3.928888319263239e-17,0.6703067467327057,6.757615205230555e-13,0.4441985210309436,3.001722679859629e-07,7,8,hbo,False,S7_D8 hbo,mild_master_39,,
1135,ShortHbO,7.0,3.928888319263239e-17,1.9659878721848432e-14,0.004779250168674163,201.3698511596737,962396.8951207616,7,8,hbo,True,S7_D8 hbo,mild_master_39,,
1136,az_itd=0_az=15,7.0,3.928888319263239e-17,0.08790909169839786,4.693276151036204e-09,1.9821010696252954,0.00930254767901575,7,8,hbo,False,S7_D8 hbo,mild_master_39,0.031099944008323537,
1137,az_itd=0_az=5,7.0,3.928888319263239e-17,0.0001599867589231932,4.695766370671642e-09,-7.320020124295999,-0.03437310433230881,7,8,hbo,True,S7_D8 hbo,mild_master_39,0.03771525765641171,
1138,az_itd=15_az=0,7.0,3.928888319263239e-17,0.776688840248304,4.690766266828896e-09,0.2948122656442797,0.0013828954307315866,7,8,hbo,False,S7_D8 hbo,mild_master_39,0.06796527907203061,
1139,az_itd=5_az=0,7.0,3.928888319263239e-17,0.29796743420788907,4.686568675311339e-09,1.1242726784339143,0.0052689811172567606,7,8,hbo,False,S7_D8 hbo,mild_master_39,0.10007166525602762,
1140,constant,7.0,3.928888319263239e-17,0.8011315285081765,5.8032865844893315e-09,-0.2616386316202306,-0.0015183639608658305,7,8,hbo,False,S7_D8 hbo,mild_master_39,,
1106,Linear,7.0,6.978087933658581e-17,0.5189655699232623,9.005894090409881e-13,0.6789735496249157,6.114763878111649e-07,7,17,hbo,False,S7_D17 hbo,mild_master_39,,
1107,ShortHbO,7.0,6.978087933658581e-17,1.3852710841211508e-11,0.006369321061272915,78.87877628428737,502404.25107494614,7,17,hbo,True,S7_D17 hbo,mild_master_39,,
1108,az_itd=0_az=15,7.0,6.978087933658581e-17,0.49051766653532203,6.254743229617869e-09,-0.7275221258762631,-0.004550464091221756,7,17,hbo,False,S7_D17 hbo,mild_master_39,-0.05796857587401405,
1109,az_itd=0_az=5,7.0,6.978087933658581e-17,0.00026669257529257336,6.25806195280904e-09,-6.743082451268262,-0.04219862773293622,7,17,hbo,True,S7_D17 hbo,mild_master_39,-0.021158150630658252,
1110,az_itd=15_az=0,7.0,6.978087933658581e-17,0.011384255222693065,6.251398299392674e-09,3.4037478735756705,0.021278183668432378,7,17,hbo,True,S7_D17 hbo,mild_master_39,-0.009870694171794345,
1111,az_itd=5_az=0,7.0,6.978087933658581e-17,0.039949088932420364,6.2458041565636084e-09,-2.517623531992003,-0.015724583520778004,7,17,hbo,True,S7_D17 hbo,mild_master_39,0.05478142579756826,
1112,constant,7.0,6.978087933658581e-17,0.8776572316510634,7.734057469823674e-09,-0.1596612734047008,-0.001234829464217186,7,17,hbo,False,S7_D17 hbo,mild_master_39,,
1176,Linear,7.0,3.033986146956506e-17,0.025001559067949264,5.938344835293911e-13,2.8412007236479573,1.6872029643308166e-06,8,7,hbo,True,S8_D7 hbo,mild_master_39,,
1177,ShortHbO,7.0,3.033986146956506e-17,2.9472433789067836e-14,0.004199830072265187,190.05139134142323,798183.5486315489,8,7,hbo,True,S8_D7 hbo,mild_master_39,,
1178,az_itd=0_az=15,7.0,3.033986146956506e-17,3.650181333237594e-05,4.124279253210756e-09,-9.217862464732955,-0.03801703892224829,8,7,hbo,True,S8_D7 hbo,mild_master_39,-0.07175609583618026,
1179,az_itd=0_az=5,7.0,3.033986146956506e-17,6.245335191717193e-07,4.126467567055469e-09,-16.89028324356669,-0.0696972060029584,8,7,hbo,True,S8_D7 hbo,mild_master_39,-0.009768420624336421,
1180,az_itd=15_az=0,7.0,3.033986146956506e-17,1.0774403042228645e-06,4.122073658860235e-09,-15.595701942062448,-0.06428663216681103,8,7,hbo,True,S8_D7 hbo,mild_master_39,-0.05248801702516931,
1181,az_itd=5_az=0,7.0,3.033986146956506e-17,1.0771100409217349e-05,4.118384969115121e-09,-11.090611444726921,-0.04567540747225949,8,7,hbo,True,S8_D7 hbo,mild_master_39,0.05452566920733542,
1182,constant,7.0,3.033986146956506e-17,0.878225854341373,5.099715782878302e-09,0.15891202070603952,0.0008104061400836733,8,7,hbo,False,S8_D7 hbo,mild_master_39,,
1190,Linear,7.0,6.444393129953445e-17,0.13992086370538573,8.654652391556096e-13,1.6646853731085773,1.44072732455626e-06,8,8,hbo,False,S8_D8 hbo,mild_master_39,,
1191,ShortHbO,7.0,6.444393129953445e-17,5.773013095510459e-14,0.0061209091737192975,172.64371312271396,1056736.4874377828,8,8,hbo,True,S8_D8 hbo,mild_master_39,,
1192,az_itd=0_az=15,7.0,6.444393129953445e-17,0.3964754714760134,6.010800027997873e-09,0.9031198963138946,0.005428473098048994,8,8,hbo,False,S8_D8 hbo,mild_master_39,0.03304413294498485,
1193,az_itd=0_az=5,7.0,6.444393129953445e-17,5.911534912232872e-06,6.013989316625414e-09,-12.13092263775417,-0.07295523914426295,8,8,hbo,True,S8_D8 hbo,mild_master_39,-0.010236786023855941,
1194,az_itd=15_az=0,7.0,6.444393129953445e-17,0.0001039020995838229,6.007585554445059e-09,-7.837312405203869,-0.04708332479117583,8,8,hbo,True,S8_D8 hbo,mild_master_39,-0.04658246277501712,
1195,az_itd=5_az=0,7.0,6.444393129953445e-17,1.6947763869808267e-05,6.002209590534287e-09,-10.359003008726084,-0.06217690720734924,8,8,hbo,True,S8_D8 hbo,mild_master_39,0.009224275942963241,
1196,constant,7.0,6.444393129953445e-17,0.9236173665602438,7.4324190697422845e-09,0.0993870279646112,0.0007386860419291859,8,8,hbo,False,S8_D8 hbo,mild_master_39,,
1148,Linear,7.0,2.50507599530444e-17,0.2441168172488118,5.395964317522214e-13,1.271646017730376,6.861756536192329e-07,8,17,hbo,False,S8_D17 hbo,mild_master_39,,
1149,ShortHbO,7.0,2.50507599530444e-17,7.292898889817869e-13,0.0038162373250724257,120.15607235688805,458544.0881624592,8,17,hbo,True,S8_D17 hbo,mild_master_39,,
1150,az_itd=0_az=15,7.0,2.50507599530444e-17,0.08575098877745926,3.747586962878175e-09,1.9989581074101423,0.007491269342669881,8,17,hbo,False,S8_D17 hbo,mild_master_39,0.043435240826130005,
1151,az_itd=0_az=5,7.0,2.50507599530444e-17,6.887534382236669e-08,3.74957540641743e-09,-23.260555862302272,-0.08721720820088738,8,17,hbo,True,S8_D17 hbo,mild_master_39,-0.029132445279453228,
1152,az_itd=15_az=0,7.0,2.50507599530444e-17,0.0029393649839808754,3.745582817153325e-09,-4.459063993048948,-0.016701793472951233,8,17,hbo,True,S8_D17 hbo,mild_master_39,0.04630114958596597,
1153,az_itd=5_az=0,7.0,2.50507599530444e-17,0.0001225988728847646,3.742231034999357e-09,-7.635626508402365,-0.02857427849140711,8,17,hbo,True,S8_D17 hbo,mild_master_39,0.0011873807861197813,
1154,constant,7.0,2.50507599530444e-17,0.6387524801514175,4.633931702713964e-09,0.49054183200978607,0.0022731373468575355,8,17,hbo,False,S8_D17 hbo,mild_master_39,,
1162,Linear,7.0,1.0549507801795304e-16,0.512114183592044,1.1073240060470242e-12,0.690506102588706,7.646139837184434e-07,8,18,hbo,False,S8_D18 hbo,mild_master_39,,
1163,ShortHbO,7.0,1.0549507801795304e-16,1.0037907394167943e-10,0.00783142910916401,59.41857713653517,465332.37461216864,8,18,hbo,True,S8_D18 hbo,mild_master_39,,
1164,az_itd=0_az=15,7.0,1.0549507801795304e-16,0.00016236700568863236,7.690549389417415e-09,7.3028202338714445,0.05616269969062518,8,18,hbo,True,S8_D18 hbo,mild_master_39,0.013416638906925921,
1165,az_itd=0_az=5,7.0,1.0549507801795304e-16,3.905742349105174e-06,7.694629941356084e-09,-12.901091227615163,-0.09926912283617395,8,18,hbo,True,S8_D18 hbo,mild_master_39,-0.10558715417995417,
1166,az_itd=15_az=0,7.0,1.0549507801795304e-16,0.0001314148690262245,7.686436614494982e-09,7.552252544231091,0.05804991047789074,8,18,hbo,True,S8_D18 hbo,mild_master_39,0.05384483016885616,
1167,az_itd=5_az=0,7.0,1.0549507801795304e-16,2.766001592026508e-06,7.679558309480853e-09,-13.576624408693412,-0.10426247879248206,8,18,hbo,True,S8_D18 hbo,mild_master_39,-0.05691902889270484,
1168,constant,7.0,1.0549507801795304e-16,0.876335887615783,9.509447273650191e-09,-0.16140275372580604,-0.0015348509763774994,8,18,hbo,False,S8_D18 hbo,mild_master_39,,
1246,Linear,7.0,3.0396135906532745e-17,0.3782699876128189,5.943849511014861e-13,0.9405092899968166,5.590245683452512e-07,9,5,hbo,False,S9_D5 hbo,mild_master_39,,
1247,ShortHbO,7.0,3.0396135906532745e-17,9.567023662341506e-14,0.004203723194552985,160.62182037082124,675209.6718441445,9,5,hbo,True,S9_D5 hbo,mild_master_39,,
1248,az_itd=0_az=15,7.0,3.0396135906532745e-17,0.22271380335073432,4.128102342051377e-09,-1.3380403193556847,-0.005523567376091374,9,5,hbo,False,S9_D5 hbo,mild_master_39,-0.05251800362510941,
1249,az_itd=0_az=5,7.0,3.0396135906532745e-17,6.459878759441644e-05,4.1302926844004e-09,-8.441159251211975,-0.03486445830313957,9,5,hbo,True,S9_D5 hbo,mild_master_39,0.01180817905787526,
1250,az_itd=15_az=0,7.0,3.0396135906532745e-17,9.438689726081252e-05,4.125894703178011e-09,-7.956367148688778,-0.03282713307531456,9,5,hbo,True,S9_D5 hbo,mild_master_39,-0.03454093498971057,
1251,az_itd=5_az=0,7.0,3.0396135906532745e-17,0.11968317522431275,4.122202594123065e-09,-1.7720169042566472,-0.007304612679556674,9,5,hbo,False,S9_D5 hbo,mild_master_39,0.05772514727728985,
1252,constant,7.0,3.0396135906532745e-17,0.8180757179080882,5.104443073467241e-09,0.23883415024608246,0.00121911532393105,9,5,hbo,False,S9_D5 hbo,mild_master_39,,
1260,Linear,7.0,4.306901735591113e-18,0.0063722073155218165,2.2373869364227862e-13,3.8402821124882514,8.592197030659315e-07,9,6,hbo,True,S9_D6 hbo,mild_master_39,,
1261,ShortHbO,7.0,4.306901735591113e-18,3.4750990523244434e-16,0.0015823676798009019,358.4186728482412,567150.12375219,9,6,hbo,True,S9_D6 hbo,mild_master_39,,
1262,az_itd=0_az=15,7.0,4.306901735591113e-18,3.902669394549979e-08,1.55390243901802e-09,-25.248560902224117,-0.039233800367661074,9,6,hbo,True,S9_D6 hbo,mild_master_39,-0.01652852631097123,
1263,az_itd=0_az=5,7.0,4.306901735591113e-18,4.3999957034386804e-08,1.5547269288286916e-09,-24.81540124033492,-0.03858117255803761,9,6,hbo,True,S9_D6 hbo,mild_master_39,0.02812628924189819,
1264,az_itd=15_az=0,7.0,4.306901735591113e-18,1.3769789122366278e-07,1.5530714384406242e-09,-21.04229072568704,-0.03268018072542858,9,6,hbo,True,S9_D6 hbo,mild_master_39,-0.024603751157619695,
1265,az_itd=5_az=0,7.0,4.306901735591113e-18,1.2262291767441003e-07,1.5516816528223854e-09,-21.398629113228363,-0.0332038601905474,9,6,hbo,True,S9_D6 hbo,mild_master_39,0.026504037856819707,
1266,constant,7.0,4.306901735591113e-18,0.27721024042230125,1.9214171269183783e-09,1.1782083963281904,0.0022638297917840213,9,6,hbo,False,S9_D6 hbo,mild_master_39,,
1274,Linear,7.0,1.8555553143836716e-17,0.05414265924605931,4.644035907632428e-13,2.3105531084603044,1.073029160218138e-06,9,7,hbo,False,S9_D7 hbo,mild_master_39,,
1275,ShortHbO,7.0,1.8555553143836716e-17,3.021824052454674e-14,0.0032844441005906474,189.3739910623244,621988.2877499573,9,7,hbo,True,S9_D7 hbo,mild_master_39,,
1276,az_itd=0_az=15,7.0,1.8555553143836716e-17,0.0002997892461668191,3.225360176320283e-09,-6.616102550352254,-0.021339313688357224,9,7,hbo,True,S9_D7 hbo,mild_master_39,-0.028808194339715293,
1277,az_itd=0_az=5,7.0,1.8555553143836716e-17,8.11537331609852e-07,3.227071529964082e-09,-16.256200385353445,-0.05245992144896523,9,7,hbo,True,S9_D7 hbo,mild_master_39,-0.014019939317492191,
1278,az_itd=15_az=0,7.0,1.8555553143836716e-17,1.0588774168583468e-05,3.223635308592728e-09,-11.119054538579565,-0.03584377680873331,9,7,hbo,True,S9_D7 hbo,mild_master_39,-0.04779442360165291,
1279,az_itd=5_az=0,7.0,1.8555553143836716e-17,6.796079559183353e-06,3.220750597767817e-09,-11.881487044203311,-0.038267306499988385,9,7,hbo,True,S9_D7 hbo,mild_master_39,0.04423978411137163,
1280,constant,7.0,1.8555553143836716e-17,0.6969135950344201,3.9881926481681805e-09,0.4059332477048221,0.0016189399941434043,9,7,hbo,False,S9_D7 hbo,mild_master_39,,
1204,Linear,7.0,3.6759889454193654e-17,0.01952074543728742,6.536506761401762e-13,3.015107472595096,1.9708270380970826e-06,9,15,hbo,True,S9_D15 hbo,mild_master_39,,
1205,ShortHbO,7.0,3.6759889454193654e-17,1.0895306401485576e-13,0.004622873616388957,157.66542868132095,728867.3504675333,9,15,hbo,True,S9_D15 hbo,mild_master_39,,
1206,az_itd=0_az=15,7.0,3.6759889454193654e-17,7.832739086075107e-07,4.5397126593755395e-09,-16.340663993302186,-0.074181919192996,9,15,hbo,True,S9_D15 hbo,mild_master_39,-0.07913185970463509,
1207,az_itd=0_az=5,7.0,3.6759889454193654e-17,2.068905659013173e-07,4.542121399291925e-09,-19.83616809801151,-0.09009828359792989,9,15,hbo,True,S9_D15 hbo,mild_master_39,-0.014744762550825083,
1208,az_itd=15_az=0,7.0,3.6759889454193654e-17,3.242190793055771e-07,4.537284898309963e-09,-18.583036462522358,-0.08431653070614609,9,15,hbo,True,S9_D15 hbo,mild_master_39,-0.048342002877406594,
1209,az_itd=5_az=0,7.0,3.6759889454193654e-17,3.3574156357502513e-06,4.53322465153609e-09,-13.193311021337724,-0.05980824275731096,9,15,hbo,True,S9_D15 hbo,mild_master_39,0.03284841204522613,
1210,constant,7.0,3.6759889454193654e-17,0.4407131113827669,5.61340367064781e-09,0.8172444096818702,0.004587522769124613,9,15,hbo,False,S9_D15 hbo,mild_master_39,,
1218,Linear,7.0,2.068737833944741e-17,0.15311369614102355,4.903558320485418e-13,1.6023441178950104,7.857187831584946e-07,9,16,hbo,False,S9_D16 hbo,mild_master_39,,
1219,ShortHbO,7.0,2.068737833944741e-17,5.304297263568842e-14,0.0034679885164434964,174.74524958270553,606014.5188558755,9,16,hbo,True,S9_D16 hbo,mild_master_39,,
1220,az_itd=0_az=15,7.0,2.068737833944741e-17,2.236063685785808e-05,3.4056028083599906e-09,-9.93317809925967,-0.033828459230778686,9,16,hbo,True,S9_D16 hbo,mild_master_39,-0.026707917861432375,
1221,az_itd=0_az=5,7.0,2.068737833944741e-17,1.6454181416089622e-07,3.4074097974888975e-09,-20.50614564171761,-0.06987284156832282,9,16,hbo,True,S9_D16 hbo,mild_master_39,-0.01777717587053538,
1222,az_itd=15_az=0,7.0,2.068737833944741e-17,0.00011448267335216684,3.4037815499405006e-09,-7.718593047083902,-0.026272404605163214,9,16,hbo,True,S9_D16 hbo,mild_master_39,0.024335909673539675,
1223,az_itd=5_az=0,7.0,2.068737833944741e-17,0.47896301069482816,3.4007356329732273e-09,-0.7477672406368263,-0.002542958700403721,9,16,hbo,False,S9_D16 hbo,mild_master_39,0.09016647702325851,
1224,constant,7.0,2.068737833944741e-17,0.5884364356732467,4.2110646068612865e-09,0.566983920875797,0.0023876059218595085,9,16,hbo,False,S9_D16 hbo,mild_master_39,,
1232,Linear,7.0,1.8836339917828745e-17,0.7443180088867224,4.679041271839328e-13,-0.3393244520053875,-1.5877131154774715e-07,9,17,hbo,False,S9_D17 hbo,mild_master_39,,
1233,ShortHbO,7.0,1.8836339917828745e-17,6.238288185533373e-13,0.003309201265316575,122.86848065720561,406596.5316583499,9,17,hbo,True,S9_D17 hbo,mild_master_39,,
1234,az_itd=0_az=15,7.0,1.8836339917828745e-17,3.4619022845130822e-06,3.249671983962632e-09,13.133618175761931,0.04267995103383596,9,17,hbo,True,S9_D17 hbo,mild_master_39,0.05084348306509563,
1235,az_itd=0_az=5,7.0,1.8836339917828745e-17,9.858695239600917e-06,3.251396237282226e-09,-11.238795489180294,-0.03654177736510526,9,17,hbo,True,S9_D17 hbo,mild_master_39,0.010017805206525145,
1236,az_itd=15_az=0,7.0,1.8836339917828745e-17,0.0014621728661085704,3.24793411469413e-09,5.060722244974975,0.016436892424445685,9,17,hbo,True,S9_D17 hbo,mild_master_39,0.04021223675843107,
1237,az_itd=5_az=0,7.0,1.8836339917828745e-17,0.000551016233682152,3.2450276597752747e-09,5.983949029974583,0.019418080116952945,9,17,hbo,True,S9_D17 hbo,mild_master_39,0.015156048256745913,
1238,constant,7.0,1.8836339917828745e-17,0.6380833196470226,4.018254460555755e-09,-0.4915369623693633,-0.0019751205915687206,9,17,hbo,False,S9_D17 hbo,mild_master_39,,
42,Linear,7.0,2.3604709332475187e-17,0.20282592293837534,5.237908950052168e-13,1.4049487185511786,7.358993467263543e-07,10,6,hbo,False,S10_D6 hbo,mild_master_39,,
43,ShortHbO,7.0,2.3604709332475187e-17,1.5385505949508915e-13,0.003704454378174771,150.0792014777952,555961.554987392,10,6,hbo,True,S10_D6 hbo,mild_master_39,,
44,az_itd=0_az=15,7.0,2.3604709332475187e-17,1.1674537659352581e-06,3.637814881432008e-09,-15.413396109516837,-0.05607108174060657,10,6,hbo,True,S10_D6 hbo,mild_master_39,-0.05053990790019874,
45,az_itd=0_az=5,7.0,2.3604709332475187e-17,9.07900693285966e-06,3.639745080669449e-09,-11.378338558093086,-0.041414251793010816,10,6,hbo,True,S10_D6 hbo,mild_master_39,0.016417064673683684,
46,az_itd=15_az=0,7.0,2.3604709332475187e-17,0.014817177924255605,3.6358694399480243e-09,3.211986535528903,0.011678363686054068,10,6,hbo,True,S10_D6 hbo,mild_master_39,-0.0017197086884248522,
47,az_itd=5_az=0,7.0,2.3604709332475187e-17,5.010441943356674e-05,3.6326158361971834e-09,-8.779682710515697,-0.03189321445100594,10,6,hbo,True,S10_D6 hbo,mild_master_39,0.016917886676737784,
48,constant,7.0,2.3604709332475187e-17,0.6373708281570155,4.4981973399560066e-09,0.4925971231023332,0.002215799068808897,10,6,hbo,False,S10_D6 hbo,mild_master_39,,
0,Linear,7.0,6.721666028790869e-17,0.45297933804496493,8.838876821419143e-13,0.7945269144213748,7.02272552787276e-07,10,14,hbo,False,S10_D14 hbo,mild_master_39,,
1,ShortHbO,7.0,6.721666028790869e-17,3.998097879927319e-14,0.00625119990658248,181.94830592236127,1137395.2329847051,10,14,hbo,True,S10_D14 hbo,mild_master_39,,
2,az_itd=0_az=15,7.0,6.721666028790869e-17,0.6390996791957857,6.138746958513426e-09,0.4900257124878829,0.0030081438521283657,10,14,hbo,False,S10_D14 hbo,mild_master_39,-0.06621021920161585,
3,az_itd=0_az=5,7.0,6.721666028790869e-17,9.360042128231034e-06,6.142004134891104e-09,-11.326523519368868,-0.06956755428990491,10,14,hbo,True,S10_D14 hbo,mild_master_39,-0.03458582957293563,
4,az_itd=15_az=0,7.0,6.721666028790869e-17,9.008093843317267e-05,6.135464061119794e-09,-8.01478193442475,-0.04917440651637523,10,14,hbo,True,S10_D14 hbo,mild_master_39,-0.05149472630577344,
5,az_itd=5_az=0,7.0,6.721666028790869e-17,0.018362455679860383,6.129973663510056e-09,-3.058488320599823,-0.018748452855430017,10,14,hbo,True,S10_D14 hbo,mild_master_39,0.025722593804317018,
6,constant,7.0,6.721666028790869e-17,0.557014419539732,7.590626829416422e-09,0.6165958855051764,0.0046803492714233685,10,14,hbo,False,S10_D14 hbo,mild_master_39,,
14,Linear,7.0,2.608551278784808e-17,0.05248358137729407,5.506280173833856e-13,2.33168428233772,1.283890693547621e-06,10,15,hbo,False,S10_D15 hbo,mild_master_39,,
15,ShortHbO,7.0,2.608551278784808e-17,8.976918610842667e-15,0.003894257019723989,225.23576668089999,877125.9654900092,10,15,hbo,True,S10_D15 hbo,mild_master_39,,
16,az_itd=0_az=15,7.0,2.608551278784808e-17,0.00021600428748739836,3.824203159832956e-09,-6.976606788929629,-0.026679961727136735,10,15,hbo,True,S10_D15 hbo,mild_master_39,-0.04582927437483116,
17,az_itd=0_az=5,7.0,2.608551278784808e-17,5.937641325903489e-07,3.826232255392657e-09,-17.015283526119802,-0.06510442666229088,10,15,hbo,True,S10_D15 hbo,mild_master_39,0.009698965524896519,
18,az_itd=15_az=0,7.0,2.608551278784808e-17,7.182692830282957e-06,3.82215804106996e-09,-11.783823731096048,-0.04503963662835978,10,15,hbo,True,S10_D15 hbo,mild_master_39,-0.028146996340655064,
19,az_itd=5_az=0,7.0,2.608551278784808e-17,1.081463085917753e-05,3.818737734608431e-09,-11.083901475107744,-0.042326512809676,10,15,hbo,True,S10_D15 hbo,mild_master_39,0.0856528719797931,
20,constant,7.0,2.608551278784808e-17,0.6957387062972409,4.728668456664421e-09,0.4076085781124721,0.0019274458259862825,10,15,hbo,False,S10_D15 hbo,mild_master_39,,
28,Linear,7.0,4.8208416855973236e-17,0.27935301408749813,7.485486841118393e-13,1.1724886323254473,8.776648228633037e-07,10,16,hbo,False,S10_D16 hbo,mild_master_39,,
29,ShortHbO,7.0,4.8208416855973236e-17,1.0921389729181391e-13,0.005294029500278825,157.61156733695316,834400.2870670124,10,16,hbo,True,S10_D16 hbo,mild_master_39,,
30,az_itd=0_az=15,7.0,4.8208416855973236e-17,0.20914731696230812,5.198795107943361e-09,1.3830753425922861,0.0071903253249858655,10,16,hbo,False,S10_D16 hbo,mild_master_39,-0.02246484122384334,
31,az_itd=0_az=5,7.0,4.8208416855973236e-17,3.933421824345839e-07,5.201553552416218e-09,-18.067771356989756,-0.09398048028619405,10,16,hbo,True,S10_D16 hbo,mild_master_39,-0.040999643724235105,
32,az_itd=15_az=0,7.0,4.8208416855973236e-17,0.0008157537759901218,5.196014880801692e-09,-5.600230785291398,-0.029098882496297846,10,16,hbo,True,S10_D16 hbo,mild_master_39,-0.026677188660790347,
33,az_itd=5_az=0,7.0,4.8208416855973236e-17,0.0023922029242743883,5.191365161172089e-09,-4.631942181249861,-0.024046103268303982,10,16,hbo,True,S10_D16 hbo,mild_master_39,0.058432900920129476,
34,constant,7.0,4.8208416855973236e-17,0.8046203740812595,6.4283662274540085e-09,0.25693096743283933,0.00165164635383235,10,16,hbo,False,S10_D16 hbo,mild_master_39,,
112,Linear,7.0,5.4272073603321435e-17,0.14924501009192537,7.942309813710616e-13,1.6200878996089532,1.286724002413801e-06,11,3,hbo,False,S11_D3 hbo,mild_master_39,,
113,ShortHbO,7.0,5.4272073603321435e-17,3.731439598859214e-13,0.005617112600234814,132.232087678723,742762.5258555096,11,3,hbo,True,S11_D3 hbo,mild_master_39,,
114,az_itd=0_az=15,7.0,5.4272073603321435e-17,2.912611702631539e-06,5.5160662601766285e-09,-13.47345181783914,-0.07432045298049794,11,3,hbo,True,S11_D3 hbo,mild_master_39,-0.1576810921450707,
115,az_itd=0_az=5,7.0,5.4272073603321435e-17,1.0551377299083416e-06,5.518993046512956e-09,-15.643562484827088,-0.08633671257645165,11,3,hbo,True,S11_D3 hbo,mild_master_39,-0.10512283839474439,
116,az_itd=15_az=0,7.0,5.4272073603321435e-17,0.0003379589645245738,5.513116361822612e-09,-6.487903107801141,-0.035768564777538245,11,3,hbo,True,S11_D3 hbo,mild_master_39,-0.08178909416738375,
117,az_itd=5_az=0,7.0,5.4272073603321435e-17,2.2605441100189958e-05,5.508182879922365e-09,-9.916770814008315,-0.05462338722183438,11,3,hbo,True,S11_D3 hbo,mild_master_39,-0.05940345185163811,
118,constant,7.0,5.4272073603321435e-17,0.291233286697345,6.820675429416114e-09,1.1414212911734298,0.0077852641553190285,11,3,hbo,False,S11_D3 hbo,mild_master_39,,
126,Linear,7.0,4.7648408933838664e-17,0.3844277035358081,7.441882661455878e-13,0.9277151457568656,6.90394725797803e-07,11,4,hbo,False,S11_D4 hbo,mild_master_39,,
127,ShortHbO,7.0,4.7648408933838664e-17,5.920326920814064e-14,0.005263190916447406,172.0232442116634,905391.1763526406,11,4,hbo,True,S11_D4 hbo,mild_master_39,,
128,az_itd=0_az=15,7.0,4.7648408933838664e-17,0.46599436467718525,5.168511279953692e-09,0.7708833918706703,0.003984319506412522,11,4,hbo,False,S11_D4 hbo,mild_master_39,-0.10964070803578631,
129,az_itd=0_az=5,7.0,4.7648408933838664e-17,4.03444308730379e-05,5.171253656038354e-09,-9.077410889686243,-0.046941594250652356,11,4,hbo,True,S11_D4 hbo,mild_master_39,-0.04433840043572944,
130,az_itd=15_az=0,7.0,4.7648408933838664e-17,0.00011960965484894021,5.1657472480878085e-09,-7.665442372509347,-0.03959773784116583,11,4,hbo,True,S11_D4 hbo,mild_master_39,-0.06301017947152754,
131,az_itd=5_az=0,7.0,4.7648408933838664e-17,9.726900894850228e-05,5.1611246138321314e-09,-7.918924978601542,-0.040870558622150506,11,4,hbo,True,S11_D4 hbo,mild_master_39,-0.039890101459207634,
132,constant,7.0,4.7648408933838664e-17,0.5868242791736344,6.390919947490144e-09,0.5694915600645445,0.003639574971143779,11,4,hbo,False,S11_D4 hbo,mild_master_39,,
56,Linear,7.0,3.0125080192969836e-17,0.251423303129482,5.917288203455946e-13,1.250129668032324,7.397377537437968e-07,11,11,hbo,False,S11_D11 hbo,mild_master_39,,
57,ShortHbO,7.0,3.0125080192969836e-17,3.541749323201512e-14,0.004184937997441896,185.12657960460714,774743.2573237724,11,11,hbo,True,S11_D11 hbo,mild_master_39,,
58,az_itd=0_az=15,7.0,3.0125080192969836e-17,8.38261572507947e-05,4.109655072190539e-09,-8.105504044928432,-0.033310825810901064,11,11,hbo,True,S11_D11 hbo,mild_master_39,-0.11665410125814726,
59,az_itd=0_az=5,7.0,3.0125080192969836e-17,2.7389952740426006e-06,4.111835626546665e-09,-13.596307787255878,-0.05590578274913257,11,11,hbo,True,S11_D11 hbo,mild_master_39,-0.08051491301024435,
60,az_itd=15_az=0,7.0,3.0125080192969836e-17,1.458541633753947e-06,4.107457298603127e-09,-14.91812563577773,-0.061275564024153656,11,11,hbo,True,S11_D11 hbo,mild_master_39,-0.09698858119595219,
61,az_itd=5_az=0,7.0,3.0125080192969836e-17,0.0008987994057237964,4.103781688492841e-09,-5.5080973972329,-0.022604029237199456,11,11,hbo,True,S11_D11 hbo,mild_master_39,-0.014971609505833938,
62,constant,7.0,3.0125080192969836e-17,0.29232068974741704,5.0816328253039786e-09,1.1386303017709956,0.005786101117365265,11,11,hbo,False,S11_D11 hbo,mild_master_39,,
70,Linear,7.0,1.62788302377443e-17,0.10411066627714832,4.349809260322374e-13,1.8671632475551152,8.121803984748838e-07,11,12,hbo,False,S11_D12 hbo,mild_master_39,,
71,ShortHbO,7.0,1.62788302377443e-17,1.489888488852969e-14,0.0030763554907661944,209.50811726882148,644521.4469200268,11,12,hbo,True,S11_D12 hbo,mild_master_39,,
72,az_itd=0_az=15,7.0,1.62788302377443e-17,0.00017798430351519378,3.0210148762578026e-09,-7.196581435649411,-0.021740979575297605,11,12,hbo,True,S11_D12 hbo,mild_master_39,-0.014978515482222739,
73,az_itd=0_az=5,7.0,1.62788302377443e-17,6.509811600826653e-06,3.0226178057087243e-09,-11.957963336520281,-0.03614435290097831,11,12,hbo,True,S11_D12 hbo,mild_master_39,0.02296101980391592,
74,az_itd=15_az=0,7.0,1.62788302377443e-17,1.3088499104876441e-06,3.01939928891882e-09,-15.157132726746763,-0.045765435777187356,11,12,hbo,True,S11_D12 hbo,mild_master_39,-0.011036008727934936,
75,az_itd=5_az=0,7.0,1.62788302377443e-17,0.002712653054261723,3.0166973412790684e-09,-4.525994777389949,-0.013653556411595207,11,12,hbo,True,S11_D12 hbo,mild_master_39,0.05256682721306544,
76,constant,7.0,1.62788302377443e-17,0.7166453268423991,3.7355174804829766e-09,0.37798140743687514,0.0014119561547780053,11,12,hbo,False,S11_D12 hbo,mild_master_39,,
84,Linear,7.0,4.036658430197319e-17,0.27219137208029176,6.849669507554744e-13,1.1917512831829402,8.163102425007424e-07,11,13,hbo,False,S11_D13 hbo,mild_master_39,,
85,ShortHbO,7.0,4.036658430197319e-17,7.851829389561989e-14,0.0048443545770414115,165.22106492184574,800389.4220777996,11,13,hbo,True,S11_D13 hbo,mild_master_39,,
86,az_itd=0_az=15,7.0,4.036658430197319e-17,0.10064431825632134,4.757209395024998e-09,-1.8902098366746203,-0.008992123993597171,11,13,hbo,False,S11_D13 hbo,mild_master_39,-0.03656467999583664,
87,az_itd=0_az=5,7.0,4.036658430197319e-17,1.529690497013853e-05,4.7597335371943784e-09,-10.520522621323156,-0.050074884349523945,11,13,hbo,True,S11_D13 hbo,mild_master_39,0.007468536653685375,
88,az_itd=15_az=0,7.0,4.036658430197319e-17,1.5224615872863423e-05,4.754665320406931e-09,-10.528042275189236,-0.05005731749762034,11,13,hbo,True,S11_D13 hbo,mild_master_39,-0.024821959933168516,
89,az_itd=5_az=0,7.0,4.036658430197319e-17,0.0002608428824052027,4.750410548013154e-09,-6.767364274565434,-0.032147758632143024,11,13,hbo,True,S11_D13 hbo,mild_master_39,0.024610372278672334,
90,constant,7.0,4.036658430197319e-17,0.5838269278173662,5.882340730293459e-09,0.574164243632492,0.0033774297161975443,11,13,hbo,False,S11_D13 hbo,mild_master_39,,
98,Linear,7.0,2.677636381601394e-17,0.21500494325554675,5.578718100482806e-13,1.3633236935405755,7.605598565971883e-07,11,20,hbo,False,S11_D20 hbo,mild_master_39,,
99,ShortHbO,7.0,2.677636381601394e-17,1.337739699154392e-13,0.003945487958841008,153.10875560127153,604088.7516179475,11,20,hbo,True,S11_D20 hbo,mild_master_39,,
100,az_itd=0_az=15,7.0,2.677636381601394e-17,0.018403704462972917,3.874512504660534e-09,-3.056894082840818,-0.011843974349389545,11,20,hbo,True,S11_D20 hbo,mild_master_39,-0.011634882191312023,
101,az_itd=0_az=5,7.0,2.677636381601394e-17,2.650712851543759e-06,3.8765682940081785e-09,-13.66222712415805,-0.05296255649504964,11,20,hbo,True,S11_D20 hbo,mild_master_39,-5.820877955880992e-05,
102,az_itd=15_az=0,7.0,2.677636381601394e-17,3.4372238832986905e-05,3.872440481316176e-09,-9.303114800313866,-0.036025758355067064,11,20,hbo,True,S11_D20 hbo,mild_master_39,-0.006158984046729073,
103,az_itd=5_az=0,7.0,2.677636381601394e-17,0.0007651547347247721,3.868975178977076e-09,-5.661656356079824,-0.021904807913570634,11,20,hbo,True,S11_D20 hbo,mild_master_39,0.03690307550569233,
104,constant,7.0,2.677636381601394e-17,0.6519001321953527,4.7908765042023604e-09,0.4710963603557175,0.0022569644840434552,11,20,hbo,False,S11_D20 hbo,mild_master_39,,
182,Linear,7.0,3.184772716262403e-17,0.1344626478977135,6.084120940800977e-13,1.6921057848640806,1.0294976239742027e-06,12,2,hbo,False,S12_D2 hbo,mild_master_39,,
183,ShortHbO,7.0,3.184772716262403e-17,5.831439999277658e-14,0.00430292864412439,172.3954838665804,741805.465647193,12,2,hbo,True,S12_D2 hbo,mild_master_39,,
184,az_itd=0_az=15,7.0,3.184772716262403e-17,0.00026374282455519834,4.225523182997952e-09,-6.755251068114122,-0.028544469995287897,12,2,hbo,True,S12_D2 hbo,mild_master_39,-0.11409262014008165,
185,az_itd=0_az=5,7.0,3.184772716262403e-17,4.749590809908215e-06,4.227765216166611e-09,-12.53213487787299,-0.05298292392097982,12,2,hbo,True,S12_D2 hbo,mild_master_39,-0.061379426203922775,
186,az_itd=15_az=0,7.0,3.184772716262403e-17,2.1917545386521247e-06,4.223263445116924e-09,-14.050716076621562,-0.059339875584112536,12,2,hbo,True,S12_D2 hbo,mild_master_39,-0.10219979933569824,
187,az_itd=5_az=0,7.0,3.184772716262403e-17,2.4720190786317196e-05,4.2194842044118415e-09,-9.782915492859491,-0.04127885739521651,12,2,hbo,True,S12_D2 hbo,mild_master_39,-0.03162922797942487,
188,constant,7.0,3.184772716262403e-17,0.42352425915709524,5.22490499412156e-09,0.8498403352051673,0.00444033501161942,12,2,hbo,False,S12_D2 hbo,mild_master_39,,
196,Linear,7.0,1.3463097270897527e-17,0.7042506528294034,3.9557706894004625e-13,0.3954994681197336,1.564505203661515e-07,12,3,hbo,False,S12_D3 hbo,mild_master_39,,
197,ShortHbO,7.0,1.3463097270897527e-17,2.3229653537878486e-15,0.0027976759789341173,273.2216508193468,764385.6494220116,12,3,hbo,True,S12_D3 hbo,mild_master_39,,
198,az_itd=0_az=15,7.0,1.3463097270897527e-17,0.02324375722107108,2.7473485351993818e-09,-2.892181792539258,-0.007945831411263054,12,3,hbo,True,S12_D3 hbo,mild_master_39,-0.08040147231478928,
199,az_itd=0_az=5,7.0,1.3463097270897527e-17,0.0003669909227841114,2.7488062591959193e-09,-6.400833008555598,-0.017594649837985473,12,3,hbo,True,S12_D3 hbo,mild_master_39,-0.010770129382846182,
200,az_itd=15_az=0,7.0,1.3463097270897527e-17,6.491979196895486e-05,2.7458792999618713e-09,-8.434666511937163,-0.023160576177209857,12,3,hbo,True,S12_D3 hbo,mild_master_39,-0.05810482763445919,
201,az_itd=5_az=0,7.0,1.3463097270897527e-17,2.1838808781351665e-05,2.74342211514342e-09,-9.968842390546419,-0.027348742676604244,12,3,hbo,True,S12_D3 hbo,mild_master_39,-0.01596309811309906,
202,constant,7.0,1.3463097270897527e-17,0.22649388945100646,3.397126097879169e-09,1.3259217641702505,0.004504323428808747,12,3,hbo,False,S12_D3 hbo,mild_master_39,,
210,Linear,7.0,5.4965214214968806e-17,0.3497441052246063,7.992866860243893e-13,1.001935089893816,8.008333776127766e-07,12,4,hbo,False,S12_D4 hbo,mild_master_39,,
211,ShortHbO,7.0,5.4965214214968806e-17,2.290606261660203e-13,0.005652868523860772,141.78231043656746,801476.7599071288,12,4,hbo,True,S12_D4 hbo,mild_master_39,,
212,az_itd=0_az=15,7.0,5.4965214214968806e-17,0.0004099608642189735,5.551178969846425e-09,-6.2852211987618665,-0.03489038773939981,12,4,hbo,True,S12_D4 hbo,mild_master_39,-0.1403763047306268,
213,az_itd=0_az=5,7.0,5.4965214214968806e-17,2.5524890833341144e-05,5.5541243867419305e-09,-9.735356783484256,-0.05407138252478339,12,4,hbo,True,S12_D4 hbo,mild_master_39,-0.07394625752932144,
214,az_itd=15_az=0,7.0,5.4965214214968806e-17,0.00019543727903104167,5.548210293812885e-09,-7.089626108558376,-0.03933473655478817,12,4,hbo,True,S12_D4 hbo,mild_master_39,-0.10189571491413897,
215,az_itd=5_az=0,7.0,5.4965214214968806e-17,4.459136613216909e-05,5.543245407663767e-09,-8.938813319659857,-0.04955003588416821,12,4,hbo,True,S12_D4 hbo,mild_master_39,-0.04556766456515214,
216,constant,7.0,5.4965214214968806e-17,0.41785971373503417,6.864092673663889e-09,0.8607890005122464,0.005908535471986573,12,4,hbo,False,S12_D4 hbo,mild_master_39,,
140,Linear,7.0,1.9234302283507406e-17,0.2644519058163432,4.728210846697704e-13,1.2130517496255777,5.735564440185284e-07,12,10,hbo,False,S12_D10 hbo,mild_master_39,,
141,ShortHbO,7.0,1.9234302283507406e-17,1.6493400097304908e-14,0.0033439759146268273,206.48660579314253,690486.2364653129,12,10,hbo,True,S12_D10 hbo,mild_master_39,,
142,az_itd=0_az=15,7.0,1.9234302283507406e-17,7.89857948415613e-06,3.2838210714781183e-09,-11.617830215220996,-0.038150875665597876,12,10,hbo,True,S12_D10 hbo,mild_master_39,-0.09906531095969844,
143,az_itd=0_az=5,7.0,1.9234302283507406e-17,2.7160371030694708e-05,3.285563444065688e-09,-9.643731079184374,-0.03168509029816833,12,10,hbo,True,S12_D10 hbo,mild_master_39,-0.015758261464104216,
144,az_itd=15_az=0,7.0,1.9234302283507406e-17,3.3504935011479804e-06,3.2820649398588208e-09,-13.197340045454435,-0.04331452706258082,12,10,hbo,True,S12_D10 hbo,mild_master_39,-0.07226612734465593,
145,az_itd=5_az=0,7.0,1.9234302283507406e-17,4.915624922290844e-05,3.279127942539418e-09,-8.805596476463851,-0.028874677456699256,12,10,hbo,True,S12_D10 hbo,mild_master_39,-0.012835713046337571,
146,constant,7.0,1.9234302283507406e-17,0.28357415962033666,4.060480175615675e-09,1.161326976714881,0.004715545166358461,12,10,hbo,False,S12_D10 hbo,mild_master_39,,
154,Linear,7.0,2.642441538926061e-17,0.8483977857399669,5.541933501482367e-13,0.19836466383986162,1.0993237760444169e-07,12,11,hbo,False,S12_D11 hbo,mild_master_39,,
155,ShortHbO,7.0,2.642441538926061e-17,4.629235164824721e-15,0.003919472449576528,247.58836935004604,970415.7925030831,12,11,hbo,True,S12_D11 hbo,mild_master_39,,
156,az_itd=0_az=15,7.0,2.642441538926061e-17,0.0009288186419711995,3.8489649888622735e-09,-5.477108321785915,-0.021081198170760186,12,11,hbo,True,S12_D11 hbo,mild_master_39,-0.09407725185760389,
157,az_itd=0_az=5,7.0,2.642441538926061e-17,0.00022499204937202297,3.8510072228759824e-09,-6.930964458030484,-0.026691194189372113,12,11,hbo,True,S12_D11 hbo,mild_master_39,-0.037436813839452715,
158,az_itd=15_az=0,7.0,2.642441538926061e-17,2.503924844646823e-06,3.846906627894552e-09,-13.777563828104139,-0.053001001606574054,12,11,hbo,True,S12_D11 hbo,mild_master_39,-0.10024493419055582,
159,az_itd=5_az=0,7.0,2.642441538926061e-17,0.9667278369230505,3.843464174847111e-09,-0.0432269400170869,-0.00016614119534393847,12,11,hbo,False,S12_D11 hbo,mild_master_39,0.02996158937383426,
160,constant,7.0,2.642441538926061e-17,0.23573319366376044,4.759286725351111e-09,1.2970274988374675,0.006172925757632512,12,11,hbo,False,S12_D11 hbo,mild_master_39,,
168,Linear,7.0,3.171280016061264e-17,0.17007253588464236,6.071219179930813e-13,1.5291611375444976,9.283872427464975e-07,12,12,hbo,False,S12_D12 hbo,mild_master_39,,
169,ShortHbO,7.0,3.171280016061264e-17,5.41799316823163e-14,0.004293804013475519,174.2165100880812,748051.5502299013,12,12,hbo,True,S12_D12 hbo,mild_master_39,,
170,az_itd=0_az=15,7.0,3.171280016061264e-17,0.00034151033622207324,4.216562695494692e-09,-6.476810160686791,-0.027309876109352912,12,12,hbo,True,S12_D12 hbo,mild_master_39,-0.11419090789005353,
171,az_itd=0_az=5,7.0,3.171280016061264e-17,1.5869903785214809e-07,4.2187999742910946e-09,-20.613899188336283,-0.08696591736579233,12,12,hbo,True,S12_D12 hbo,mild_master_39,-0.07847645517301508,
172,az_itd=15_az=0,7.0,3.171280016061264e-17,6.2681737062655725e-06,4.214307749529876e-09,-12.025553879460027,-0.05067938490659746,12,12,hbo,True,S12_D12 hbo,mild_master_39,-0.08205622875712934,
173,az_itd=5_az=0,7.0,3.171280016061264e-17,1.727522483049009e-05,4.2105365229422504e-09,-10.329088271164373,-0.043491003414432024,12,12,hbo,True,S12_D12 hbo,mild_master_39,-0.03456960846041278,
174,constant,7.0,3.171280016061264e-17,0.2527423710957774,5.2138252546720345e-09,1.246302375710231,0.006498002801435756,12,12,hbo,False,S12_D12 hbo,mild_master_39,,
224,Linear,7.0,5.4861588277523535e-17,0.2959296284886571,7.985328828370725e-13,1.129428140545165,9.018855090268449e-07,13,1,hbo,False,S13_D1 hbo,mild_master_39,,
225,ShortHbO,7.0,5.4861588277523535e-17,3.654665955458856e-14,0.0056475373324556405,184.2982867863757,1040831.4549336728,13,1,hbo,True,S13_D1 hbo,mild_master_39,,
226,az_itd=0_az=15,7.0,5.4861588277523535e-17,0.005285842160863174,5.545943681339807e-09,-3.985624112350384,-0.02210404686208519,13,1,hbo,True,S13_D1 hbo,mild_master_39,-0.10420028427906616,
227,az_itd=0_az=5,7.0,5.4861588277523535e-17,0.0005793125961984166,5.5488863204276975e-09,-5.933976864019533,-0.03292696304649243,13,1,hbo,True,S13_D1 hbo,mild_master_39,-0.06286203522343638,
228,az_itd=15_az=0,7.0,5.4861588277523535e-17,6.019651763754734e-06,5.542977805049458e-09,-12.098232346573283,-0.06706023337738713,13,1,hbo,True,S13_D1 hbo,mild_master_39,-0.12898404765067256,
229,az_itd=5_az=0,7.0,5.4861588277523535e-17,0.24803753314614568,5.538017601259084e-09,-1.2600326427554462,-0.006978082953740661,13,1,hbo,False,S13_D1 hbo,mild_master_39,-0.026590794308457535,
230,constant,7.0,5.4861588277523535e-17,0.8073646976793512,6.85761918295534e-09,0.2532324523581713,0.00173657172303822,13,1,hbo,False,S13_D1 hbo,mild_master_39,,
266,Linear,7.0,4.8562073150964596e-17,0.37152762693416924,7.512893384643364e-13,0.9546997576327433,7.17255749343966e-07,13,2,hbo,False,S13_D2 hbo,mild_master_39,,
267,ShortHbO,7.0,4.8562073150964596e-17,2.6391339868525712e-14,0.00531341248137297,193.0735876648143,1025879.6105216828,13,2,hbo,True,S13_D2 hbo,mild_master_39,,
268,az_itd=0_az=15,7.0,4.8562073150964596e-17,0.015966682366323943,5.217829408240383e-09,-3.158274297696648,-0.016479336509811312,13,2,hbo,True,S13_D2 hbo,mild_master_39,-0.1029222076465942,
269,az_itd=0_az=5,7.0,4.8562073150964596e-17,0.00045975391704508985,5.220597952180397e-09,-6.167157475821135,-0.03219624968904584,13,2,hbo,True,S13_D2 hbo,mild_master_39,-0.03712772158950993,
270,az_itd=15_az=0,7.0,4.8562073150964596e-17,1.3757596902800681e-05,5.2150390018788745e-09,-10.690043950601403,-0.055748996134185644,13,2,hbo,True,S13_D2 hbo,mild_master_39,-0.11213668528468014,
271,az_itd=5_az=0,7.0,4.8562073150964596e-17,0.0037359317844714445,5.210372258273929e-09,-4.262309365652522,-0.022208218474977046,13,2,hbo,True,S13_D2 hbo,mild_master_39,0.009376860784972211,
272,constant,7.0,4.8562073150964596e-17,0.5581818609366482,6.45190234508358e-09,0.6147236493780275,0.003966136955000432,13,2,hbo,False,S13_D2 hbo,mild_master_39,,
280,Linear,7.0,3.0868208338675393e-17,0.16004834005496835,5.989827670957448e-13,1.5715558765039161,9.413348875538943e-07,13,3,hbo,False,S13_D3 hbo,mild_master_39,,
281,ShortHbO,7.0,3.0868208338675393e-17,2.4882228339272408e-14,0.00423624075022719,194.70479105271173,824816.3701219677,13,3,hbo,True,S13_D3 hbo,mild_master_39,,
282,az_itd=0_az=15,7.0,3.0868208338675393e-17,0.00016538021218927558,4.160034938829016e-09,-7.281449564771107,-0.030291084594769136,13,3,hbo,True,S13_D3 hbo,mild_master_39,-0.10273008479493687,
283,az_itd=0_az=5,7.0,3.0868208338675393e-17,1.3507231001253583e-05,4.162242224391467e-09,-10.719647084922851,-0.0446177677274408,13,3,hbo,True,S13_D3 hbo,mild_master_39,-0.05642785417281782,
284,az_itd=15_az=0,7.0,3.0868208338675393e-17,6.3621101200479394e-06,4.157810222946378e-09,-11.998931828063327,-0.04988928141915837,13,3,hbo,True,S13_D3 hbo,mild_master_39,-0.09373880115602366,
285,az_itd=5_az=0,7.0,3.0868208338675393e-17,3.54666276308645e-05,4.154089553884935e-09,-9.258579105457736,-0.0384609667457993,13,3,hbo,True,S13_D3 hbo,mild_master_39,-0.032315442848560624,
286,constant,7.0,3.0868208338675393e-17,0.4588551159800851,5.143928073821773e-09,0.7837957936331121,0.004031789187012783,13,3,hbo,False,S13_D3 hbo,mild_master_39,,
294,Linear,7.0,4.693586735860697e-17,0.16529042324759305,7.386029541672846e-13,1.54909048718117,1.1441628101044504e-06,13,9,hbo,False,S13_D9 hbo,mild_master_39,,
295,ShortHbO,7.0,4.693586735860697e-17,2.616253257234203e-13,0.005223689402372231,139.1144999831807,726690.939278453,13,9,hbo,True,S13_D9 hbo,mild_master_39,,
296,az_itd=0_az=15,7.0,4.693586735860697e-17,5.998143007529752e-06,5.129720359328947e-09,-12.104682287461209,-0.062093635173198256,13,9,hbo,True,S13_D9 hbo,mild_master_39,-0.061538914654215224,
297,az_itd=0_az=5,7.0,4.693586735860697e-17,9.183430489179029e-07,5.132442153221318e-09,-15.964842964495913,-0.08193863300053761,13,9,hbo,True,S13_D9 hbo,mild_master_39,-0.08215075926276037,
298,az_itd=15_az=0,7.0,4.693586735860697e-17,0.009459750599773048,5.126977072187203e-09,-3.540796384103394,-0.01815358187858145,13,9,hbo,True,S13_D9 hbo,mild_master_39,-0.0650941676907999,
299,az_itd=5_az=0,7.0,4.693586735860697e-17,9.45684631069279e-07,5.122389131913753e-09,-15.896442249002638,-0.08142776301238573,13,9,hbo,True,S13_D9 hbo,mild_master_39,-0.042240410877052686,
300,constant,7.0,4.693586735860697e-17,0.4153333921314366,6.342954555721779e-09,0.8657065101047764,0.005491137052187094,13,9,hbo,False,S13_D9 hbo,mild_master_39,,
238,Linear,7.0,4.142180743966268e-17,0.532478830837146,6.938620567338623e-13,0.6565060800001791,4.5552465892720986e-07,13,10,hbo,False,S13_D10 hbo,mild_master_39,,
239,ShortHbO,7.0,4.142180743966268e-17,3.7869332605200677e-14,0.004907264250730259,183.36446804305015,899817.898881831,13,10,hbo,True,S13_D10 hbo,mild_master_39,,
240,az_itd=0_az=15,7.0,4.142180743966268e-17,0.01865001827836088,4.8189873854571765e-09,-3.0474525772344303,-0.014685635527471682,13,10,hbo,True,S13_D10 hbo,mild_master_39,-0.06847877538950606,
241,az_itd=0_az=5,7.0,4.142180743966268e-17,1.6251611962816614e-05,4.821544306597975e-09,-10.424837828479205,-0.050263817479111114,13,10,hbo,True,S13_D10 hbo,mild_master_39,-0.04261868587966157,
242,az_itd=15_az=0,7.0,4.142180743966268e-17,0.005169704869080724,4.81641027302127e-09,-4.003065472812873,-0.01928040566683267,13,10,hbo,True,S13_D10 hbo,mild_master_39,-0.038428437282372524,
243,az_itd=5_az=0,7.0,4.142180743966268e-17,4.425073932737531e-06,4.812100247375764e-09,-12.664478981240691,-0.06094274243851349,13,10,hbo,True,S13_D10 hbo,mild_master_39,-0.0157228183463764,
244,constant,7.0,4.142180743966268e-17,0.3021159956524733,5.958729881827322e-09,1.1138656519831678,0.006637224544813174,13,10,hbo,False,S13_D10 hbo,mild_master_39,,
252,Linear,7.0,2.4038578104239978e-17,0.5927132404894748,5.285827719053028e-13,-0.5603503101906756,-2.9619152019858355e-07,13,11,hbo,False,S13_D11 hbo,mild_master_39,,
253,ShortHbO,7.0,2.4038578104239978e-17,1.615818522815186e-14,0.00373834440858857,207.09328416236957,774186.0209046381,13,11,hbo,True,S13_D11 hbo,mild_master_39,,
254,az_itd=0_az=15,7.0,2.4038578104239978e-17,0.009267278772192357,3.6710952634763525e-09,3.5561342400427134,0.013054907564906884,13,11,hbo,True,S13_D11 hbo,mild_master_39,-0.040066506362873525,
255,az_itd=0_az=5,7.0,2.4038578104239978e-17,0.00035306273569961653,3.6730431210526963e-09,-6.441601620183684,-0.023660280519577585,13,11,hbo,True,S13_D11 hbo,mild_master_39,-0.022863318097532646,
256,az_itd=15_az=0,7.0,2.4038578104239978e-17,0.003481957610188567,3.6691320242104743e-09,-4.319585089410779,-0.015849127982859156,13,11,hbo,True,S13_D11 hbo,mild_master_39,-0.04459460724152059,
257,az_itd=5_az=0,7.0,2.4038578104239978e-17,0.13663977677104303,3.6658486550154377e-09,1.6810449328799302,0.0061624563062184085,13,11,hbo,False,S13_D11 hbo,mild_master_39,0.03140366457875573,
258,constant,7.0,2.4038578104239978e-17,0.3235441436078633,4.5393488913306224e-09,1.0618851267444303,0.004820267072807807,13,11,hbo,False,S13_D11 hbo,mild_master_39,,
308,Linear,7.0,2.9329253200121535e-17,0.5921995568164357,5.838605322288623e-13,0.5611456385145986,3.2763079116103837e-07,14,1,hbo,False,S14_D1 hbo,mild_master_39,,
309,ShortHbO,7.0,2.9329253200121535e-17,4.028626115899179e-15,0.004129290381874849,252.55318610064975,1042865.4422772619,14,1,hbo,True,S14_D1 hbo,mild_master_39,,
310,az_itd=0_az=15,7.0,2.9329253200121535e-17,0.008323486965083518,4.055008502585394e-09,-3.636698114739243,-0.014746841776603905,14,1,hbo,True,S14_D1 hbo,mild_master_39,-0.05413628585524502,
311,az_itd=0_az=5,7.0,2.9329253200121535e-17,0.000632714000589436,4.05716006185232e-09,-5.846706144738737,-0.023721022663820552,14,1,hbo,True,S14_D1 hbo,mild_master_39,-0.012524385006279575,
312,az_itd=15_az=0,7.0,2.9329253200121535e-17,1.098584746139325e-05,4.052839953053338e-09,-11.057803872090073,-0.04481550932583455,14,1,hbo,True,S14_D1 hbo,mild_master_39,-0.11075430450208405,
313,az_itd=5_az=0,7.0,2.9329253200121535e-17,0.0013207923432503252,4.049213217965458e-09,-5.1521995087714005,-0.02086235435251229,14,1,hbo,True,S14_D1 hbo,mild_master_39,0.027683908828741843,
314,constant,7.0,2.9329253200121535e-17,0.48090065693326867,5.014061752545373e-09,0.7443497463595113,0.003732215593738075,14,1,hbo,False,S14_D1 hbo,mild_master_39,,
336,Linear,7.0,4.2044837995645306e-17,0.10154154730424222,6.990608136420403e-13,1.8841713322626623,1.3171503445725438e-06,14,2,hbo,False,S14_D2 hbo,mild_master_39,,
337,ShortHbO,7.0,4.2044837995645306e-17,2.6753660404459787e-14,0.004944031895936033,192.69780068652835,952704.0728709204,14,2,hbo,True,S14_D2 hbo,mild_master_39,,
338,az_itd=0_az=15,7.0,4.2044837995645306e-17,5.5648972240972334e-05,4.855093616829009e-09,-8.638481129184743,-0.041940634589402705,14,2,hbo,True,S14_D2 hbo,mild_master_39,-0.14803372313639535,
339,az_itd=0_az=5,7.0,4.2044837995645306e-17,2.5427523113134813e-06,4.857669695684681e-09,-13.746321277858756,-0.0667750882986,14,2,hbo,True,S14_D2 hbo,mild_master_39,-0.08713887573103711,
340,az_itd=15_az=0,7.0,4.2044837995645306e-17,4.1697705357963954e-07,4.852497195395083e-09,-17.914920924502887,-0.08693210354187494,14,2,hbo,True,S14_D2 hbo,mild_master_39,-0.1347804453786139,
341,az_itd=5_az=0,7.0,4.2044837995645306e-17,1.382207209390036e-05,4.848154876910702e-09,-10.682519395924079,-0.05179050850704249,14,2,hbo,True,S14_D2 hbo,mild_master_39,-0.06301864036188991,
342,constant,7.0,4.2044837995645306e-17,0.3745534245005044,6.003375626376225e-09,0.9483075195010552,0.005693046248881932,14,2,hbo,False,S14_D2 hbo,mild_master_39,,
350,Linear,7.0,7.336535437247316e-17,0.37368707354397757,9.234303117233853e-13,0.9501337399891049,8.77382295697045e-07,14,9,hbo,False,S14_D9 hbo,mild_master_39,,
351,ShortHbO,7.0,7.336535437247316e-17,1.487313901770181e-13,0.006530860871815875,150.80731037387932,984901.5625045608,14,9,hbo,True,S14_D9 hbo,mild_master_39,,
352,az_itd=0_az=15,7.0,7.336535437247316e-17,8.049810429460618e-06,6.413377097590196e-09,-11.58495139800926,-0.07429866197268811,14,9,hbo,True,S14_D9 hbo,mild_master_39,-0.0944571657814091,
353,az_itd=0_az=5,7.0,7.336535437247316e-17,4.9572277708251535e-06,6.416779990806773e-09,-12.45274155120778,-0.0799065028164782,14,9,hbo,True,S14_D9 hbo,mild_master_39,-0.030419170656245338,
354,az_itd=15_az=0,7.0,7.336535437247316e-17,0.002949109676647448,6.4099473326723146e-09,-4.456315909441234,-0.02856475027726804,14,9,hbo,True,S14_D9 hbo,mild_master_39,-0.06631965339462423,
355,az_itd=5_az=0,7.0,7.336535437247316e-17,1.4477966218455887e-05,6.404211310235664e-09,-10.608165509563593,-0.06793693353719903,14,9,hbo,True,S14_D9 hbo,mild_master_39,-0.02007860122411642,
356,constant,7.0,7.336535437247316e-17,0.31369680076525636,7.930209958665866e-09,1.0854168223868383,0.008607583294195564,14,9,hbo,False,S14_D9 hbo,mild_master_39,,
322,Linear,7.0,5.950316832515814e-17,0.17717857583692082,8.316271550545287e-13,1.5004749928548669,1.2478357495383571e-06,14,10,hbo,False,S14_D10 hbo,mild_master_39,,
323,ShortHbO,7.0,5.950316832515814e-17,1.5903108356145903e-13,0.005881592988591553,149.3712618183106,878540.9662076486,14,10,hbo,True,S14_D10 hbo,mild_master_39,,
324,az_itd=0_az=15,7.0,5.950316832515814e-17,6.668608367453648e-05,5.775788906048466e-09,-8.399578449812687,-0.04851419202591188,14,10,hbo,True,S14_D10 hbo,mild_master_39,-0.05289289951286288,
325,az_itd=0_az=5,7.0,5.950316832515814e-17,3.7342426694485025e-07,5.778853499411634e-09,-18.20494853097919,-0.10520373052485779,14,10,hbo,True,S14_D10 hbo,mild_master_39,-0.07675623997018001,
326,az_itd=15_az=0,7.0,5.950316832515814e-17,1.4959638539884361e-05,5.7727001124438456e-09,-10.555956361112885,-0.06093637047274868,14,10,hbo,True,S14_D10 hbo,mild_master_39,-0.09902383536680963,
327,az_itd=5_az=0,7.0,5.950316832515814e-17,8.358178585788005e-07,5.767534338741423e-09,-16.18627356574604,-0.09335488860670284,14,10,hbo,True,S14_D10 hbo,mild_master_39,-0.09857445090228413,
328,constant,7.0,5.950316832515814e-17,0.2558922092246498,7.141825282518904e-09,1.2372315020918732,0.00883609122196858,14,10,hbo,False,S14_D10 hbo,mild_master_39,,
364,Linear,7.0,5.144131484572101e-17,0.004320802879451913,7.73240595718554e-13,4.145228551520516,3.2052589945672827e-06,15,17,hbo,True,S15_D17 hbo,mild_master_39,,
365,ShortHbO,7.0,5.144131484572101e-17,2.127323436438414e-05,0.005468660370974062,10.008604589270332,54733.659286091795,15,17,hbo,True,S15_D17 hbo,mild_master_39,,
366,az_itd=0_az=15,7.0,5.144131484572101e-17,1.085009227297775e-07,5.370284540750352e-09,-21.781026043544767,-0.11697030744332926,15,17,hbo,True,S15_D17 hbo,mild_master_39,-0.07862160022565623,
367,az_itd=0_az=5,7.0,5.144131484572101e-17,3.464694656258623e-08,5.373133976321772e-09,-25.68577518665532,-0.1380131113635804,15,17,hbo,True,S15_D17 hbo,mild_master_39,-0.05960488377564316,
368,az_itd=15_az=0,7.0,5.144131484572101e-17,2.569485054654152e-06,5.367412603978721e-09,-13.725124728732009,-0.07366840746017621,15,17,hbo,True,S15_D17 hbo,mild_master_39,-0.03151201182043266,
369,az_itd=5_az=0,7.0,5.144131484572101e-17,1.425851344841561e-07,5.362609506928882e-09,-20.93623801928558,-0.11227286904154675,15,17,hbo,True,S15_D17 hbo,mild_master_39,-0.06368379590559856,
370,constant,7.0,5.144131484572101e-17,0.8775860759466585,6.640414760880018e-09,0.15975503977162211,0.0010608397242244541,15,17,hbo,False,S15_D17 hbo,mild_master_39,,
378,Linear,7.0,4.434517898559298e-17,0.0004264306740778451,7.179295387607415e-13,6.244468276800954,4.483088229769791e-06,15,18,hbo,True,S15_D18 hbo,mild_master_39,,
379,ShortHbO,7.0,4.434517898559298e-17,4.9200669895628636e-12,0.005077478910848067,91.46167399066542,464394.72083846485,15,18,hbo,True,S15_D18 hbo,mild_master_39,,
380,az_itd=0_az=15,7.0,4.434517898559298e-17,1.9053643694151105e-09,4.986140050978608e-09,-38.976056513086405,-0.19434007640910575,15,18,hbo,True,S15_D18 hbo,mild_master_39,-0.18533244247457759,
381,az_itd=0_az=5,7.0,4.434517898559298e-17,9.62100009641433e-09,4.988785662159456e-09,-30.889519916723494,-0.15410119407153913,15,18,hbo,True,S15_D18 hbo,mild_master_39,-0.07219945959487205,
382,az_itd=15_az=0,7.0,4.434517898559298e-17,8.629951145374648e-09,4.983473548142074e-09,-31.376101883129802,-0.1563619737783881,15,18,hbo,True,S15_D18 hbo,mild_master_39,-0.125155437307364,
383,az_itd=5_az=0,7.0,4.434517898559298e-17,1.333920321156771e-08,4.979014023811992e-09,-29.47133653753702,-0.14673819792087958,15,18,hbo,True,S15_D18 hbo,mild_master_39,-0.09056425403872549,
384,constant,7.0,4.434517898559298e-17,0.5753397983843512,6.165415955726467e-09,0.5874701999723021,0.0036219981444230494,15,18,hbo,False,S15_D18 hbo,mild_master_39,,
392,Linear,7.0,9.013752868174304e-17,0.4657271859477322,1.0235556025422304e-12,0.7713641820135482,7.89534130100372e-07,15,22,hbo,False,S15_D22 hbo,mild_master_39,,
393,ShortHbO,7.0,9.013752868174304e-17,0.0003564698029485661,0.007238986147525753,6.431464243647002,46557.28056806785,15,22,hbo,True,S15_D22 hbo,mild_master_39,,
394,az_itd=0_az=15,7.0,9.013752868174304e-17,0.0001637044276580803,7.108763894920598e-09,-7.293280103839405,-0.051846206277716314,15,22,hbo,True,S15_D22 hbo,mild_master_39,0.004460826508351572,
395,az_itd=0_az=5,7.0,9.013752868174304e-17,1.862820442381543e-05,7.112535755528228e-09,-10.211968734332386,-0.07263299275727544,15,22,hbo,True,S15_D22 hbo,mild_master_39,-0.025663770620173252,
396,az_itd=15_az=0,7.0,9.013752868174304e-17,0.0003483495945954385,7.104962248978795e-09,6.455807553129476,0.04586826895165709,15,22,hbo,True,S15_D22 hbo,mild_master_39,0.04401015978931302,
397,az_itd=5_az=0,7.0,9.013752868174304e-17,0.0003547528181931119,7.0986042836545e-09,-6.436559296561264,-0.04569058739456599,15,22,hbo,True,S15_D22 hbo,mild_master_39,-0.0011019272395030213,
398,constant,7.0,9.013752868174304e-17,0.9386566348530045,8.790063234311609e-09,0.07976501239677397,0.0007011395028532926,15,22,hbo,False,S15_D22 hbo,mild_master_39,,
406,Linear,7.0,3.335211538648179e-17,0.30620988577843244,6.226160454776654e-13,1.1037093225343946,6.871871337531979e-07,16,16,hbo,False,S16_D16 hbo,mild_master_39,,
407,ShortHbO,7.0,3.335211538648179e-17,1.3329336672389e-10,0.004403384552090444,57.05515648414339,251235.79467937996,16,16,hbo,True,S16_D16 hbo,mild_master_39,,
408,az_itd=0_az=15,7.0,3.335211538648179e-17,0.04160540035385306,4.324171987820522e-09,2.4898550405661632,0.010766561420149931,16,16,hbo,True,S16_D16 hbo,mild_master_39,0.02312613264997341,
409,az_itd=0_az=5,7.0,3.335211538648179e-17,1.3818563097595002e-06,4.3264663633578964e-09,-15.036882086233364,-0.06505656455586756,16,16,hbo,True,S16_D16 hbo,mild_master_39,-0.02010787903786726,
410,az_itd=15_az=0,7.0,3.335211538648179e-17,0.021298761885150987,4.32185949423765e-09,-2.953564772650874,-0.012764891954527045,16,16,hbo,True,S16_D16 hbo,mild_master_39,0.02244539803763239,
411,az_itd=5_az=0,7.0,3.335211538648179e-17,0.0016037490963980408,4.317992023611077e-09,-4.978472156879426,-0.02149700306317519,16,16,hbo,True,S16_D16 hbo,mild_master_39,-0.011090746732860405,
412,constant,7.0,3.335211538648179e-17,0.8738211725990095,5.346885305353902e-09,-0.16471859630649935,-0.000880731442109743,16,16,hbo,False,S16_D16 hbo,mild_master_39,,
420,Linear,7.0,9.056492078311275e-17,0.38641602786938173,1.025979355735052e-12,0.9236167918296341,9.476117610274437e-07,16,18,hbo,False,S16_D18 hbo,mild_master_39,,
421,ShortHbO,7.0,9.056492078311275e-17,2.8766089872752384e-08,0.007256127879488608,26.38390901701118,191445.0177882257,16,18,hbo,True,S16_D18 hbo,mild_master_39,,
422,az_itd=0_az=15,7.0,9.056492078311275e-17,0.0012905273082143042,7.125597263957448e-09,5.173197291246052,0.036862120464414956,16,18,hbo,True,S16_D18 hbo,mild_master_39,0.016504933903789102,
423,az_itd=0_az=5,7.0,9.056492078311275e-17,5.3554040229700475e-06,7.129378056233438e-09,-12.310561942692818,-0.08776665017413665,16,18,hbo,True,S16_D18 hbo,mild_master_39,-0.057558454752456314,
424,az_itd=15_az=0,7.0,9.056492078311275e-17,0.09264277587485822,7.121786615816384e-09,-1.9465083530058624,-0.013862617136011945,16,18,hbo,False,S16_D18 hbo,mild_master_39,-0.02216047787240166,
425,az_itd=5_az=0,7.0,9.056492078311275e-17,0.23233813898974667,7.115413594994647e-09,-1.3075286172536311,-0.009303606899051041,16,18,hbo,False,S16_D18 hbo,mild_master_39,0.03858410247400706,
426,constant,7.0,9.056492078311275e-17,0.6222887146014173,8.810877876697769e-09,-0.5151854141824647,-0.004539235768217654,16,18,hbo,False,S16_D18 hbo,mild_master_39,,
434,Linear,7.0,1.0405161315093664e-16,0.6138269698442296,1.0997222835983015e-12,-0.527985606397039,-5.806375367739857e-07,16,22,hbo,False,S16_D22 hbo,mild_master_39,,
435,ShortHbO,7.0,1.0405161315093664e-16,3.85496290996408e-09,0.007777666750414801,35.22728832851308,273986.10913995164,16,22,hbo,True,S16_D22 hbo,mild_master_39,,
436,az_itd=0_az=15,7.0,1.0405161315093664e-16,0.8488424033876365,7.637754162711148e-09,-0.19777417124843294,-0.0015105504997294662,16,22,hbo,False,S16_D22 hbo,mild_master_39,0.020164590795124546,
437,az_itd=0_az=5,7.0,1.0405161315093664e-16,0.008940887805567323,7.641806701870265e-09,-3.582948623482151,-0.02738020080338274,16,22,hbo,True,S16_D22 hbo,mild_master_39,0.01546453951351066,
438,az_itd=15_az=0,7.0,1.0405161315093664e-16,5.323153890237361e-07,7.633669621777399e-09,17.288610859612753,0.1319755435217567,16,22,hbo,True,S16_D22 hbo,mild_master_39,0.09963247200797819,
439,az_itd=5_az=0,7.0,1.0405161315093664e-16,0.8699358628060732,7.626838535974041e-09,-0.16984574391460816,-0.0012953860648591122,16,22,hbo,False,S16_D22 hbo,mild_master_39,0.04291281839517304,
440,constant,7.0,1.0405161315093664e-16,0.7411144118062263,9.444165406355444e-09,-0.3437694182363968,-0.003246615247471115,16,22,hbo,False,S16_D22 hbo,mild_master_39,,
448,Linear,7.0,9.122491382513764e-17,0.6132539123147508,1.0297109884674199e-12,-0.5288559012178914,-5.445687327999031e-07,16,23,hbo,False,S16_D23 hbo,mild_master_39,,
449,ShortHbO,7.0,9.122491382513764e-17,5.68321944530859e-10,0.0072825194478510595,46.35668441329706,337593.45577773,16,23,hbo,True,S16_D23 hbo,mild_master_39,,
450,az_itd=0_az=15,7.0,9.122491382513764e-17,0.022662580323263244,7.1515140739197736e-09,2.9099369736926857,0.020810455221582754,16,23,hbo,True,S16_D23 hbo,mild_master_39,0.026559044823651262,
451,az_itd=0_az=5,7.0,9.122491382513764e-17,0.34726445912904164,7.15530861747461e-09,-1.0074548327412962,-0.007208650246430239,16,23,hbo,False,S16_D23 hbo,mild_master_39,0.049784279718614766,
452,az_itd=15_az=0,7.0,9.122491382513764e-17,2.018415556727572e-06,7.147689565909838e-09,14.222264082491986,0.10165632858604222,16,23,hbo,True,S16_D23 hbo,mild_master_39,0.05968056751380444,
453,az_itd=5_az=0,7.0,9.122491382513764e-17,0.06367283200693123,7.141293365505618e-09,2.200618773356786,0.01571526424617993,16,23,hbo,False,S16_D23 hbo,mild_master_39,0.02362187402838335,
454,constant,7.0,9.122491382513764e-17,0.615666780011652,8.842924291766252e-09,-0.5251944749832318,-0.004644254980730644,16,23,hbo,False,S16_D23 hbo,mild_master_39,,
462,Linear,7.0,6.689401004811506e-17,0.08085658189802317,8.817637322906883e-13,2.0387946239340815,1.797735156974306e-06,17,15,hbo,False,S17_D15 hbo,mild_master_39,,
463,ShortHbO,7.0,6.689401004811506e-17,1.9116122825583198e-13,0.006236178501284246,145.49462616501535,907330.459742657,17,15,hbo,True,S17_D15 hbo,mild_master_39,,
464,az_itd=0_az=15,7.0,6.689401004811506e-17,3.6319946670812615e-07,6.123995773546517e-09,-18.278648388536084,-0.11193836547753783,17,15,hbo,True,S17_D15 hbo,mild_master_39,-0.11736345234771456,
465,az_itd=0_az=5,7.0,6.689401004811506e-17,1.5030607608852713e-05,6.127245123048198e-09,-10.548425411751078,-0.06463278815998946,17,15,hbo,True,S17_D15 hbo,mild_master_39,0.027747081746144497,
466,az_itd=15_az=0,7.0,6.689401004811506e-17,7.28454780246407e-05,6.120720764835543e-09,-8.284965995976316,-0.050709963407528626,17,15,hbo,True,S17_D15 hbo,mild_master_39,0.0018342017350505807,
467,az_itd=5_az=0,7.0,6.689401004811506e-17,0.002002520857606452,6.1152435604509435e-09,-4.784200701711186,-0.02925655253304422,17,15,hbo,True,S17_D15 hbo,mild_master_39,0.09571748859781172,
468,constant,7.0,6.689401004811506e-17,0.7596332391464238,7.572386830092094e-09,0.31817658918752434,0.0024093562136072314,17,15,hbo,False,S17_D15 hbo,mild_master_39,,
476,Linear,7.0,1.220066262421529e-16,0.7575584509925238,1.1908315310224183e-12,0.3210319385997627,3.8229495494985035e-07,17,17,hbo,False,S17_D17 hbo,mild_master_39,,
477,ShortHbO,7.0,1.220066262421529e-16,1.439521648040641e-09,0.00842202703565633,40.57519233572951,341725.3668284695,17,17,hbo,True,S17_D17 hbo,mild_master_39,,
478,az_itd=0_az=15,7.0,1.220066262421529e-16,8.669264041950897e-05,8.27052303913887e-09,8.063010159989705,0.06668531129300564,17,17,hbo,True,S17_D17 hbo,mild_master_39,0.11622399284271813,
479,az_itd=0_az=5,7.0,1.220066262421529e-16,6.867542332014407e-07,8.274911321056365e-09,-16.65768654145871,-0.1378408789445249,17,17,hbo,True,S17_D17 hbo,mild_master_39,-0.04961591697906411,
480,az_itd=15_az=0,7.0,1.220066262421529e-16,4.7354547369122034e-05,8.26610010417956e-09,8.856433501111384,0.07320816588619615,17,17,hbo,True,S17_D17 hbo,mild_master_39,0.0984260596946301,
481,az_itd=5_az=0,7.0,1.220066262421529e-16,0.040366387351351604,8.258703079960735e-09,2.510516963147936,0.020733614175843528,17,17,hbo,True,S17_D17 hbo,mild_master_39,0.06323337475879216,
482,constant,7.0,1.220066262421529e-16,0.6701389197296451,1.0226590947380692e-08,-0.44444213159512747,-0.004545127879605309,17,17,hbo,False,S17_D17 hbo,mild_master_39,,
490,Linear,7.0,5.641578295878441e-17,0.06524491230250355,8.097648596661786e-13,2.184096647242961,1.7686047150520673e-06,17,21,hbo,False,S17_D21 hbo,mild_master_39,,
491,ShortHbO,7.0,5.641578295878441e-17,8.313010282735448e-14,0.005726974272152206,163.87908751564083,938531.317945855,17,21,hbo,True,S17_D21 hbo,mild_master_39,,
492,az_itd=0_az=15,7.0,5.641578295878441e-17,3.6741667763124087e-06,5.623951628492868e-09,-13.018427020421276,-0.07321500384191379,17,21,hbo,True,S17_D21 hbo,mild_master_39,-0.09868762486732847,
493,az_itd=0_az=5,7.0,5.641578295878441e-17,5.117815404115636e-06,5.626935658054166e-09,-12.393888757009634,-0.06973961458877413,17,21,hbo,True,S17_D21 hbo,mild_master_39,-0.025760586956214096,
494,az_itd=15_az=0,7.0,5.641578295878441e-17,1.916243132524609e-05,5.620944034880056e-09,-10.168356473008604,-0.05715576266149171,17,21,hbo,True,S17_D21 hbo,mild_master_39,-0.009349485158873709,
495,az_itd=5_az=0,7.0,5.641578295878441e-17,0.00026458320693480744,5.615914062022887e-09,-6.751768711781612,-0.03791735285202051,17,21,hbo,True,S17_D21 hbo,mild_master_39,0.05013120073316732,
496,constant,7.0,5.641578295878441e-17,0.9717453829025411,6.954076851038e-09,0.036704538935019765,0.0002552461845360439,17,21,hbo,False,S17_D21 hbo,mild_master_39,,
504,Linear,7.0,6.462905010589861e-17,0.5390899489043266,8.667073964689717e-13,-0.6456435561705594,-5.595840456155537e-07,17,22,hbo,False,S17_D22 hbo,mild_master_39,,
505,ShortHbO,7.0,6.462905010589861e-17,4.216395008825682e-12,0.00612969419679195,93.50219109667655,573139.8381526301,17,22,hbo,True,S17_D22 hbo,mild_master_39,,
506,az_itd=0_az=15,7.0,6.462905010589861e-17,0.0007935122287483835,6.01942701713174e-09,5.626691996772088,0.03386946182244884,17,22,hbo,True,S17_D22 hbo,mild_master_39,1.3462312712177075e-06,
507,az_itd=0_az=5,7.0,6.462905010589861e-17,0.005738497116016771,6.022620883179625e-09,-3.9214285536193048,-0.023617277498924498,17,22,hbo,True,S17_D22 hbo,mild_master_39,-0.008181375428695615,
508,az_itd=15_az=0,7.0,6.462905010589861e-17,2.7693250346703604e-06,6.0162079300119655e-09,13.574217261752244,0.08166531353385915,17,22,hbo,True,S17_D22 hbo,mild_master_39,0.05830682046367686,
509,az_itd=5_az=0,7.0,6.462905010589861e-17,0.02245977285609795,6.010824250259371e-09,2.91624622124873,0.01752904350640912,17,22,hbo,True,S17_D22 hbo,mild_master_39,0.03697260439724311,
510,constant,7.0,6.462905010589861e-17,0.7794342380058396,7.443086434860795e-09,-0.2910686495593458,-0.0021664491171484172,17,22,hbo,False,S17_D22 hbo,mild_master_39,,
518,Linear,7.0,5.696647817285621e-17,0.6098086579144453,8.137074680815215e-13,0.5340974858671802,4.3459911293368944e-07,17,23,hbo,False,S17_D23 hbo,mild_master_39,,
519,ShortHbO,7.0,5.696647817285621e-17,6.79716130837083e-13,0.005754857943183754,121.37104848874557,698473.142467998,17,23,hbo,True,S17_D23 hbo,mild_master_39,,
520,az_itd=0_az=15,7.0,5.696647817285621e-17,2.153935750090099e-05,5.6513336996624145e-09,-9.989747574282639,-0.056455397117664334,17,23,hbo,True,S17_D23 hbo,mild_master_39,-0.13465974327991717,
521,az_itd=0_az=5,7.0,5.696647817285621e-17,0.0004920462373175754,5.654332257959948e-09,-6.098008757573911,-0.034480167627272434,17,23,hbo,True,S17_D23 hbo,mild_master_39,0.006266858602605252,
522,az_itd=15_az=0,7.0,5.696647817285621e-17,0.000545129728185297,5.648311462583976e-09,5.994705706912612,0.03385996495917208,17,23,hbo,True,S17_D23 hbo,mild_master_39,0.03487901892743588,
523,az_itd=5_az=0,7.0,5.696647817285621e-17,0.37199664242634434,5.643256999638012e-09,0.9537063432491621,0.005382009997140007,17,23,hbo,False,S17_D23 hbo,mild_master_39,0.04754544111760011,
524,constant,7.0,5.696647817285621e-17,0.963023639675149,6.987935077394162e-09,-0.048043425465831326,-0.0003357243380508547,17,23,hbo,False,S17_D23 hbo,mild_master_39,,
532,Linear,7.0,1.1217287399747642e-16,0.6439090882678282,1.1418328675553002e-12,0.48289114798237615,5.513809842177874e-07,18,16,hbo,False,S18_D16 hbo,mild_master_39,,
533,ShortHbO,7.0,1.1217287399747642e-16,1.8304062922964645e-12,0.008075489294858698,105.34771192601904,850734.3198964249,18,16,hbo,True,S18_D16 hbo,mild_master_39,,
534,az_itd=0_az=15,7.0,1.1217287399747642e-16,4.975940779578996e-05,7.930219172021848e-09,-8.789047257857115,-0.06969907106806454,18,16,hbo,True,S18_D16 hbo,mild_master_39,0.01927237079446821,
535,az_itd=0_az=5,7.0,1.1217287399747642e-16,0.21178548741976358,7.934426891077786e-09,-1.3741198010912061,-0.010902853101340523,18,16,hbo,False,S18_D16 hbo,mild_master_39,0.07096833061426847,
536,az_itd=15_az=0,7.0,1.1217287399747642e-16,0.0004580749092560138,7.925978225778793e-09,-6.170900521189556,-0.04891042316439543,18,16,hbo,True,S18_D16 hbo,mild_master_39,-0.03804761669792737,
537,az_itd=5_az=0,7.0,1.1217287399747642e-16,0.37763863587222996,7.918885563924345e-09,-0.9418299201822403,-0.007458243358603162,18,16,hbo,False,S18_D16 hbo,mild_master_39,0.11994935536035287,
538,constant,7.0,1.1217287399747642e-16,0.6295082190886738,9.805801545023869e-09,0.5043374596835413,0.004945433041378282,18,16,hbo,False,S18_D16 hbo,mild_master_39,,
546,Linear,7.0,6.96319668859434e-17,0.06310875981411031,8.996279665885136e-13,2.2066473201149144,1.985161641572973e-06,18,21,hbo,False,S18_D21 hbo,mild_master_39,,
547,ShortHbO,7.0,6.96319668859434e-17,6.086762736337125e-14,0.006362521363652366,171.3431208946854,1090174.267207306,18,21,hbo,True,S18_D21 hbo,mild_master_39,,
548,az_itd=0_az=15,7.0,6.96319668859434e-17,2.505339209756487e-06,6.248065851880676e-09,-13.776416105881436,-0.08607595503245676,18,21,hbo,True,S18_D21 hbo,mild_master_39,-0.09884975872991908,
549,az_itd=0_az=5,7.0,6.96319668859434e-17,1.1364823361298502e-05,6.25138103210173e-09,-11.001645732105302,-0.06877547945158605,18,21,hbo,True,S18_D21 hbo,mild_master_39,-0.012177739095867519,
550,az_itd=15_az=0,7.0,6.96319668859434e-17,3.2375057128259094e-05,6.2447244926034474e-09,-9.388689102692478,-0.0586297767930228,18,21,hbo,True,S18_D21 hbo,mild_master_39,0.021991129474154308,
551,az_itd=5_az=0,7.0,6.96319668859434e-17,0.000628494682856267,6.2391363219147905e-09,-5.853296454428723,-0.03651951451176132,18,21,hbo,True,S18_D21 hbo,mild_master_39,0.07666624802144922,
552,constant,7.0,6.96319668859434e-17,0.9695447443621743,7.725800820226512e-09,0.03956495142393202,0.0003056709341632361,18,21,hbo,False,S18_D21 hbo,mild_master_39,,
560,Linear,7.0,6.194699607110915e-17,0.7035460608179316,8.485330100739645e-13,-0.39649933868067727,-3.364427773430514e-07,18,22,hbo,False,S18_D22 hbo,mild_master_39,,
561,ShortHbO,7.0,6.194699607110915e-17,8.860967174272542e-13,0.006001157817306098,116.85771179100088,701281.5706270678,18,22,hbo,True,S18_D22 hbo,mild_master_39,,
562,az_itd=0_az=15,7.0,6.194699607110915e-17,0.0012506675935843711,5.893202880898913e-09,5.201702846802912,0.030654690202359003,18,22,hbo,True,S18_D22 hbo,mild_master_39,0.010050335907914688,
563,az_itd=0_az=5,7.0,6.194699607110915e-17,0.046659591909675655,5.896329773299308e-09,-2.4116673982854326,-0.014219986283805676,18,22,hbo,True,S18_D22 hbo,mild_master_39,-0.00450627421438772,
564,az_itd=15_az=0,7.0,6.194699607110915e-17,2.404679961453304e-05,5.890051296298896e-09,9.824082935077264,0.05786435242669971,18,22,hbo,True,S18_D22 hbo,mild_master_39,0.04984752074781184,
565,az_itd=5_az=0,7.0,6.194699607110915e-17,0.5464184447127867,5.884780509405471e-09,0.633697541019152,0.0037291709382476796,18,22,hbo,False,S18_D22 hbo,mild_master_39,0.03999077133578724,
566,constant,7.0,6.194699607110915e-17,0.6845961327145511,7.287008928900063e-09,-0.4235618407975227,-0.003086498915832895,18,22,hbo,False,S18_D22 hbo,mild_master_39,,
574,Linear,7.0,7.641340074267846e-17,0.4865428079424293,9.424175834464581e-13,0.734450475453685,6.921590422381641e-07,18,23,hbo,False,S18_D23 hbo,mild_master_39,,
575,ShortHbO,7.0,7.641340074267846e-17,3.090129929246869e-13,0.006665146294748687,135.84412520634768,905420.9677824648,18,23,hbo,True,S18_D23 hbo,mild_master_39,,
576,az_itd=0_az=15,7.0,7.641340074267846e-17,6.507380206454739e-05,6.545246857623539e-09,-8.431564326759485,-0.05518666991457325,18,23,hbo,True,S18_D23 hbo,mild_master_39,-0.15193852799363966,
577,az_itd=0_az=5,7.0,7.641340074267846e-17,7.24591085160878e-05,6.548719720016271e-09,-8.291828073285094,-0.05430085801850661,18,23,hbo,True,S18_D23 hbo,mild_master_39,0.002926438732908821,
578,az_itd=15_az=0,7.0,7.641340074267846e-17,0.014211142203568982,6.541746571002379e-09,3.242128501473933,0.021209183007266187,18,23,hbo,True,S18_D23 hbo,mild_master_39,0.0005306144610358033,
579,az_itd=5_az=0,7.0,7.641340074267846e-17,0.4012661228694241,6.535892606350456e-09,0.8934938482235925,0.0058397798364241945,18,23,hbo,False,S18_D23 hbo,mild_master_39,0.062350919779885716,
580,constant,7.0,7.641340074267846e-17,0.9265131182915902,8.093268339352108e-09,-0.09560575604524377,-0.0007737630384607928,18,23,hbo,False,S18_D23 hbo,mild_master_39,,
588,Linear,7.0,7.846778590188416e-17,0.8360575567500692,9.550020759343965e-13,0.21478588178548816,2.0512096298654107e-07,19,14,hbo,False,S19_D14 hbo,mild_master_39,,
589,ShortHbO,7.0,7.846778590188416e-17,1.3589410144084052e-14,0.006754148754964392,212.28008199318154,1433771.251497986,19,14,hbo,True,S19_D14 hbo,mild_master_39,,
590,az_itd=0_az=15,7.0,7.846778590188416e-17,0.01640765469986287,6.632648250974287e-09,3.1387569712555705,0.020818270935631614,19,14,hbo,True,S19_D14 hbo,mild_master_39,-0.082789694656128,
591,az_itd=0_az=5,7.0,7.846778590188416e-17,5.721871698764513e-05,6.63616748793755e-09,-8.601381737329556,-0.057080209836606194,19,14,hbo,True,S19_D14 hbo,mild_master_39,-0.05079547668304684,
592,az_itd=15_az=0,7.0,7.846778590188416e-17,0.00011286242010722223,6.62910122357551e-09,-7.735950548849287,-0.051282399248896444,19,14,hbo,True,S19_D14 hbo,mild_master_39,-0.0846392102511118,
593,az_itd=5_az=0,7.0,7.846778590188416e-17,0.6178546685558217,6.623169088507967e-09,0.5218811258064276,0.003456506940316869,19,14,hbo,False,S19_D14 hbo,mild_master_39,0.04152282446164726,
594,constant,7.0,7.846778590188416e-17,0.486010541097031,8.201341104980036e-09,0.7353810793739277,0.00603111107409398,19,14,hbo,False,S19_D14 hbo,mild_master_39,,
602,Linear,7.0,4.8715558949912124e-17,0.06253262202836406,7.52475668313027e-13,2.212861131295078,1.6651241586551848e-06,19,15,hbo,False,S19_D15 hbo,mild_master_39,,
603,ShortHbO,7.0,4.8715558949912124e-17,1.8585650519664078e-14,0.005321802670747868,202.99303285616867,1080288.8643971682,19,15,hbo,True,S19_D15 hbo,mild_master_39,,
604,az_itd=0_az=15,7.0,4.8715558949912124e-17,0.00035923174383351383,5.226068666347018e-09,-6.42332585572566,-0.03356874198834452,19,15,hbo,True,S19_D15 hbo,mild_master_39,-0.06483324081903921,
605,az_itd=0_az=5,7.0,4.8715558949912124e-17,4.631726927683853e-06,5.2288415819799944e-09,-12.57897883473904,-0.06577348758992975,19,15,hbo,True,S19_D15 hbo,mild_master_39,-0.027357352158288332,
606,az_itd=15_az=0,7.0,4.8715558949912124e-17,3.7640035189048554e-07,5.223273853770504e-09,-18.183928641261083,-0.0949796390307276,19,15,hbo,True,S19_D15 hbo,mild_master_39,-0.10369077342322157,
607,az_itd=5_az=0,7.0,4.8715558949912124e-17,3.235266530232785e-05,5.218599741104198e-09,-9.389682163165839,-0.04900099290574795,19,15,hbo,True,S19_D15 hbo,mild_master_39,0.02789988122637466,
608,constant,7.0,4.8715558949912124e-17,0.6163748672775777,6.462090276604683e-09,0.5241214519144493,0.003386920138176291,19,15,hbo,False,S19_D15 hbo,mild_master_39,,
616,Linear,7.0,4.3575156428705574e-17,0.6317255189841527,7.116690741892051e-13,0.5010189225045069,3.565596727300555e-07,19,21,hbo,False,S19_D21 hbo,mild_master_39,,
617,ShortHbO,7.0,4.3575156428705574e-17,4.476059580268079e-15,0.005033202453176528,248.78149700579638,1252167.6410345035,19,21,hbo,True,S19_D21 hbo,mild_master_39,,
618,az_itd=0_az=15,7.0,4.3575156428705574e-17,0.5500497482401271,4.94266008330413e-09,-0.6278143570591824,-0.0031030729623616675,19,21,hbo,False,S19_D21 hbo,mild_master_39,-0.04218630584303134,
619,az_itd=0_az=5,7.0,4.3575156428705574e-17,0.00012231585251885993,4.945282624316983e-09,-7.638414153654878,-0.03777411679140638,19,21,hbo,True,S19_D21 hbo,mild_master_39,-0.005380651909772782,
620,az_itd=15_az=0,7.0,4.3575156428705574e-17,1.5564779700124735e-05,4.94001683281429e-09,-10.493005310944708,-0.05183562286287661,19,21,hbo,True,S19_D21 hbo,mild_master_39,-0.05021257661583459,
621,az_itd=5_az=0,7.0,4.3575156428705574e-17,0.6144886023207584,4.935596196275512e-09,-0.5269813403219167,-0.002600967098801023,19,21,hbo,False,S19_D21 hbo,mild_master_39,0.061286393467706146,
622,constant,7.0,4.3575156428705574e-17,0.42411623895095785,6.11165250670299e-09,0.8487022186687401,0.005186973042171195,19,21,hbo,False,S19_D21 hbo,mild_master_39,,
658,Linear,7.0,6.533374807756246e-17,0.23530407017948773,8.714197591659573e-13,1.2983475381089529,1.1314056989726172e-06,20,12,hbo,False,S20_D12 hbo,mild_master_39,,
659,ShortHbO,7.0,6.533374807756246e-17,1.1068590417594557e-13,0.006163021871615739,157.31033252858202,969507.0200047957,20,12,hbo,True,S20_D12 hbo,mild_master_39,,
660,az_itd=0_az=15,7.0,6.533374807756246e-17,0.0031247026050655368,6.0521551598109444e-09,-4.408443865342,-0.02668058628636649,20,12,hbo,True,S20_D12 hbo,mild_master_39,-0.021205187402390056,
661,az_itd=0_az=5,7.0,6.533374807756246e-17,2.0017742196359005e-06,6.055366391183372e-09,-14.239610572535144,-0.08622605928446872,20,12,hbo,True,S20_D12 hbo,mild_master_39,-0.00258187945977024,
662,az_itd=15_az=0,7.0,6.533374807756246e-17,0.00012948057213558428,6.048918570237489e-09,-7.569993959670938,-0.04579027703923915,20,12,hbo,True,S20_D12 hbo,mild_master_39,0.00491144884575128,
663,az_itd=5_az=0,7.0,6.533374807756246e-17,0.00023764416851381525,6.0435056189548005e-09,-6.870076505169905,-0.04151934596164368,20,12,hbo,True,S20_D12 hbo,mild_master_39,0.06383173497929136,
664,constant,7.0,6.533374807756246e-17,0.550392114560093,7.48355513630372e-09,0.6272608930214535,0.004694141477773156,20,12,hbo,False,S20_D12 hbo,mild_master_39,,
672,Linear,7.0,9.256550902412225e-17,0.9727007755918697,1.0372494500896131e-12,-0.03546281813158246,-3.678378860561187e-08,20,13,hbo,False,S20_D13 hbo,mild_master_39,,
673,ShortHbO,7.0,9.256550902412225e-17,1.0380139611429649e-13,0.007335834401255812,158.7604795385068,1164640.5873584475,20,13,hbo,True,S20_D13 hbo,mild_master_39,,
674,az_itd=0_az=15,7.0,9.256550902412225e-17,0.0013387859539199134,7.203869943664407e-09,5.13996757002851,0.03702765788913816,20,13,hbo,True,S20_D13 hbo,mild_master_39,-0.0331169181912791,
675,az_itd=0_az=5,7.0,9.256550902412225e-17,0.00027588174467037057,7.207692266879053e-09,-6.706122554055014,-0.048335667673605524,20,13,hbo,True,S20_D13 hbo,mild_master_39,0.025970884778777653,
676,az_itd=15_az=0,7.0,9.256550902412225e-17,0.004667167680377326,7.200017436626415e-09,-4.08381813140777,-0.02940356175414705,20,13,hbo,True,S20_D13 hbo,mild_master_39,0.013025734190344654,
677,az_itd=5_az=0,7.0,9.256550902412225e-17,0.500505278727372,7.1935744099652985e-09,-0.7102746462333753,-0.005109413519191565,20,13,hbo,False,S20_D13 hbo,mild_master_39,0.08543801021565059,
678,constant,7.0,9.256550902412225e-17,0.5856099873142211,8.907662889438844e-09,0.5713829232743249,0.005089686461309786,20,13,hbo,False,S20_D13 hbo,mild_master_39,,
686,Linear,7.0,7.539177586278895e-17,0.9626157843742875,9.360964603544375e-13,-0.04857382617400912,-4.546978674736167e-08,20,20,hbo,False,S20_D20 hbo,mild_master_39,,
687,ShortHbO,7.0,7.539177586278895e-17,1.4205446526163175e-13,0.006620440836260362,151.80037597099144,1004985.4080380278,20,20,hbo,True,S20_D20 hbo,mild_master_39,,
688,az_itd=0_az=15,7.0,7.539177586278895e-17,0.8427878393036083,6.50134560643572e-09,0.20582201983330992,0.0013381200843510153,20,20,hbo,False,S20_D20 hbo,mild_master_39,-0.03393766629555931,
689,az_itd=0_az=5,7.0,7.539177586278895e-17,0.0001433443268754244,6.504795175130359e-09,-7.448965062650194,-0.048453991999241594,20,20,hbo,True,S20_D20 hbo,mild_master_39,0.028043160433389704,
690,az_itd=15_az=0,7.0,7.539177586278895e-17,0.059744806893387854,6.497868797456507e-09,-2.243768447694497,-0.014579712984991493,20,20,hbo,False,S20_D20 hbo,mild_master_39,0.02427354268199324,
691,az_itd=5_az=0,7.0,7.539177586278895e-17,0.03652719090576973,6.492054097385161e-09,2.578968451566534,0.01674280270301958,20,20,hbo,True,S20_D20 hbo,mild_master_39,0.10136826823457241,
692,constant,7.0,7.539177586278895e-17,0.5626853880171367,8.03898396872024e-09,0.607523058711458,0.004883868129609295,20,20,hbo,False,S20_D20 hbo,mild_master_39,,
700,Linear,7.0,4.2614867688863293e-17,0.1697583430516788,7.03783674833691e-13,1.5304546438841165,1.0771089934390514e-06,21,11,hbo,False,S21_D11 hbo,mild_master_39,,
701,ShortHbO,7.0,4.2614867688863293e-17,7.125685575050111e-14,0.004977433820226351,167.52798712148453,833859.4689329218,21,11,hbo,True,S21_D11 hbo,mild_master_39,,
702,az_itd=0_az=15,7.0,4.2614867688863293e-17,0.0004184058565810567,4.887894673299747e-09,-6.26410016497842,-0.03061826182941409,21,11,hbo,True,S21_D11 hbo,mild_master_39,-0.014601794019453954,
703,az_itd=0_az=5,7.0,4.2614867688863293e-17,5.090957104013399e-06,4.890488156167512e-09,-12.40358442979124,-0.060659582747917815,21,11,hbo,True,S21_D11 hbo,mild_master_39,0.009823739512618362,
704,az_itd=15_az=0,7.0,4.2614867688863293e-17,0.0004581303613222585,4.885280710419086e-09,-6.170776655456757,-0.030145976163207296,21,11,hbo,True,S21_D11 hbo,mild_master_39,0.008627157004229419,
705,az_itd=5_az=0,7.0,4.2614867688863293e-17,0.32192679635599125,4.880909055191676e-09,-1.0657102722758542,-0.005201634918162004,21,11,hbo,False,S21_D11 hbo,mild_master_39,0.07509965700577537,
706,constant,7.0,4.2614867688863293e-17,0.9726315676448158,6.043934486508861e-09,-0.03555276535234913,-0.0002148785846038203,21,11,hbo,False,S21_D11 hbo,mild_master_39,,
714,Linear,7.0,5.701350521221942e-17,0.518152193620826,8.140432652048062e-13,0.68033757786701,5.538242233283899e-07,21,12,hbo,False,S21_D12 hbo,mild_master_39,,
715,ShortHbO,7.0,5.701350521221942e-17,2.2936597986379344e-13,0.005757232831971231,141.75532182598133,816118.3929231877,21,12,hbo,True,S21_D12 hbo,mild_master_39,,
716,az_itd=0_az=15,7.0,5.701350521221942e-17,0.00012555596034617263,5.6536658665325825e-09,-7.606927316582711,-0.04300702531895796,21,12,hbo,True,S21_D12 hbo,mild_master_39,-0.02568207295150544,
717,az_itd=0_az=5,7.0,5.701350521221942e-17,0.00030088751218039603,5.656665662261613e-09,-6.6121628159944335,-0.037402794354518765,21,12,hbo,True,S21_D12 hbo,mild_master_39,0.03073944734062425,
718,az_itd=15_az=0,7.0,5.701350521221942e-17,0.30309099291916713,5.650642382250994e-09,-1.1114367180214382,-0.006280331424041887,21,12,hbo,False,S21_D12 hbo,mild_master_39,0.050230081649346794,
719,az_itd=5_az=0,7.0,5.701350521221942e-17,0.5177642930189736,5.645585833452088e-09,-0.6809885633856155,-0.00384457938619272,21,12,hbo,False,S21_D12 hbo,mild_master_39,0.0958520280346548,
720,constant,7.0,5.701350521221942e-17,0.720985192478617,6.990818826884898e-09,0.37187851416538864,0.002599735318141381,21,12,hbo,False,S21_D12 hbo,mild_master_39,,
728,Linear,7.0,6.449396583413669e-17,0.5011216178914852,8.658011493620293e-13,-0.7092176886630266,-6.140414899923303e-07,21,19,hbo,False,S21_D19 hbo,mild_master_39,,
729,ShortHbO,7.0,6.449396583413669e-17,3.4970935124749116e-12,0.006123284862275,96.03613941587645,588056.6387165678,21,19,hbo,True,S21_D19 hbo,mild_master_39,,
730,az_itd=0_az=15,7.0,6.449396583413669e-17,0.0380641292603092,6.013132980249222e-09,2.5507102203908514,0.01533775974929099,21,19,hbo,True,S21_D19 hbo,mild_master_39,0.010214328805122658,
731,az_itd=0_az=5,7.0,6.449396583413669e-17,0.0004135469910931213,6.016323506724977e-09,-6.2761931944224525,-0.03775960864835113,21,19,hbo,True,S21_D19 hbo,mild_master_39,-0.018274780740968347,
732,az_itd=15_az=0,7.0,6.449396583413669e-17,2.720801056364746e-05,6.00991725907325e-09,9.641156597732664,0.05794255343414147,21,19,hbo,True,S21_D19 hbo,mild_master_39,0.019174292602633387,
733,az_itd=5_az=0,7.0,6.449396583413669e-17,0.13447483126630852,6.004539208607103e-09,-1.6920434184482271,-0.010159941048737976,21,19,hbo,False,S21_D19 hbo,mild_master_39,-0.0043175876309395,
734,constant,7.0,6.449396583413669e-17,0.6423055083777104,7.435303790365323e-09,0.4852669557932126,0.0036081072357483147,21,19,hbo,False,S21_D19 hbo,mild_master_39,,
742,Linear,7.0,1.4124432529316343e-16,0.9927117590890837,1.2812802167843e-12,-0.009465619662508256,-1.2128111213176312e-08,21,20,hbo,False,S21_D20 hbo,mild_master_39,,
743,ShortHbO,7.0,1.4124432529316343e-16,3.675756584936576e-13,0.00906171557008078,132.51651198875942,1200826.9399813376,21,20,hbo,True,S21_D20 hbo,mild_master_39,,
744,az_itd=0_az=15,7.0,1.4124432529316343e-16,0.04861424321651735,8.89870420495937e-09,-2.3837376908561487,-0.021212176613141752,21,20,hbo,True,S21_D20 hbo,mild_master_39,-0.001827150990702775,
745,az_itd=0_az=5,7.0,1.4124432529316343e-16,0.0013268665964880967,8.90342579542795e-09,-5.14804966987999,-0.045835278226953845,21,20,hbo,True,S21_D20 hbo,mild_master_39,0.05883190372252356,
746,az_itd=15_az=0,7.0,1.4124432529316343e-16,0.0886131226115992,8.89394532940405e-09,1.9766899033969922,0.017580571933997823,21,20,hbo,False,S21_D20 hbo,mild_master_39,0.08310813026055672,
747,az_itd=5_az=0,7.0,1.4124432529316343e-16,0.8084473819520556,8.885986469945134e-09,0.2517744041936223,0.0022372639491430248,21,20,hbo,False,S21_D20 hbo,mild_master_39,0.15368455249941523,
748,constant,7.0,1.4124432529316343e-16,0.6630047815423347,1.1003343734755052e-08,0.4548251447955397,0.005004597407395062,21,20,hbo,False,S21_D20 hbo,mild_master_39,,
756,Linear,7.0,3.099816294149633e-17,0.6640429130254102,6.002422961862618e-13,0.4533108897185843,2.7209636933092033e-07,22,10,hbo,False,S22_D10 hbo,mild_master_39,,
757,ShortHbO,7.0,3.099816294149633e-17,6.879307546486657e-13,0.0042451486333124,121.162850306208,514354.3083856338,22,10,hbo,True,S22_D10 hbo,mild_master_39,,
758,az_itd=0_az=15,7.0,3.099816294149633e-17,0.02139561221476448,4.168782577844455e-09,-2.950370390446012,-0.012299452681879475,22,10,hbo,True,S22_D10 hbo,mild_master_39,-0.02798213656923912,
759,az_itd=0_az=5,7.0,3.099816294149633e-17,1.499555186694965e-05,4.1709945048432364e-09,-10.552140328719625,-0.044012919325424255,22,10,hbo,True,S22_D10 hbo,mild_master_39,-0.012428702805646792,
760,az_itd=15_az=0,7.0,3.099816294149633e-17,0.00020439377908736524,4.166553183873353e-09,-7.038837526343531,-0.029327690906153878,22,10,hbo,True,S22_D10 hbo,mild_master_39,-0.049360005813096554,
761,az_itd=5_az=0,7.0,3.099816294149633e-17,0.20311077141978998,4.162824691062753e-09,-1.4039501214753172,-0.005844398230698001,22,10,hbo,False,S22_D10 hbo,mild_master_39,-0.016166672031332676,
762,constant,7.0,3.099816294149633e-17,0.42027801254080754,5.15474462382023e-09,0.8561018264746622,0.004412986287462944,22,10,hbo,False,S22_D10 hbo,mild_master_39,,
770,Linear,7.0,1.986633573158238e-17,0.0739407014260993,4.805266755091419e-13,2.0993630826701404,1.0087999628021062e-06,22,11,hbo,False,S22_D11 hbo,mild_master_39,,
771,ShortHbO,7.0,1.986633573158238e-17,8.8956127556835e-15,0.003398472871319916,225.52875045202904,766453.3401139,22,11,hbo,True,S22_D11 hbo,mild_master_39,,
772,az_itd=0_az=15,7.0,1.986633573158238e-17,1.1222438399813854e-06,3.337337681432579e-09,-15.502877978538692,-0.05173833884842851,22,11,hbo,True,S22_D11 hbo,mild_master_39,-0.10076474160119256,
773,az_itd=0_az=5,7.0,1.986633573158238e-17,4.158472761158317e-07,3.339108449560628e-09,-17.922000252894165,-0.05984350247746662,22,11,hbo,True,S22_D11 hbo,mild_master_39,-0.05705723258572894,
774,az_itd=15_az=0,7.0,1.986633573158238e-17,1.0962567800745424e-06,3.335552930041116e-09,-15.556192041123039,-0.051888501943050246,22,11,hbo,True,S22_D11 hbo,mild_master_39,-0.057055156312295116,
775,az_itd=5_az=0,7.0,1.986633573158238e-17,0.0028447850223746723,3.3325680683172405e-09,-4.486269764668895,-0.014950799363592662,22,11,hbo,True,S22_D11 hbo,mild_master_39,0.022058941252473534,
776,constant,7.0,1.986633573158238e-17,0.41749555515458825,4.1266540410779704e-09,0.8614965108321434,0.003555098057800036,22,11,hbo,False,S22_D11 hbo,mild_master_39,,
784,Linear,7.0,3.652440930390796e-17,0.07397058218669023,6.515537022880771e-13,2.0990894510782487,1.3676695032838804e-06,22,12,hbo,False,S22_D12 hbo,mild_master_39,,
785,ShortHbO,7.0,3.652440930390796e-17,2.1926338175927487e-13,0.004608042995923037,142.67074574798784,657432.9306671318,22,12,hbo,True,S22_D12 hbo,mild_master_39,,
786,az_itd=0_az=15,7.0,3.652440930390796e-17,7.529198268457783e-07,4.525148827209148e-09,-16.435333113318755,-0.07437232836252604,22,12,hbo,True,S22_D12 hbo,mild_master_39,-0.04613579237956884,
787,az_itd=0_az=5,7.0,3.652440930390796e-17,6.580015614791478e-06,4.527549839657628e-09,-11.938859454792077,-0.05405378121023883,22,12,hbo,True,S22_D12 hbo,mild_master_39,0.020836993012190975,
788,az_itd=15_az=0,7.0,3.652440930390796e-17,5.580248144266055e-06,4.522728854633141e-09,-12.235488204529991,-0.055337795553151235,22,12,hbo,True,S22_D12 hbo,mild_master_39,0.01330668878357619,
789,az_itd=5_az=0,7.0,3.652440930390796e-17,0.00047469639425022213,4.518681633519041e-09,-6.134505873012037,-0.02771987901909418,22,12,hbo,True,S22_D12 hbo,mild_master_39,0.05438739788158574,
790,constant,7.0,3.652440930390796e-17,0.6035901800038072,5.595395335082191e-09,0.5435993159317931,0.0030416530765186253,22,12,hbo,False,S22_D12 hbo,mild_master_39,,
798,Linear,7.0,3.93032428916812e-17,0.4409076121855209,6.758850013245245e-13,0.8168807593624409,5.521174531236619e-07,22,19,hbo,False,S22_D19 hbo,mild_master_39,,
799,ShortHbO,7.0,3.93032428916812e-17,2.3487418800856785e-11,0.004780123473269535,73.14212753308361,349628.4007057669,22,19,hbo,True,S22_D19 hbo,mild_master_39,,
800,az_itd=0_az=15,7.0,3.93032428916812e-17,0.00439411812435752,4.694133745739431e-09,-4.131790186220231,-0.01939517574345139,22,19,hbo,True,S22_D19 hbo,mild_master_39,0.019959466914121177,
801,az_itd=0_az=5,7.0,3.93032428916812e-17,2.51601375569453e-05,4.696624420408644e-09,-9.756700351679523,-0.045823557134307656,22,19,hbo,True,S22_D19 hbo,mild_master_39,0.009352173709914301,
802,az_itd=15_az=0,7.0,3.93032428916812e-17,0.9110213274553408,4.691623402905071e-09,0.11585463122334463,0.0005435462991823803,22,19,hbo,False,S22_D19 hbo,mild_master_39,-0.018620465546658502,
803,az_itd=5_az=0,7.0,3.93032428916812e-17,0.0032256010467161082,4.687425044368457e-09,-4.382257694309154,-0.020541504467181098,22,19,hbo,True,S22_D19 hbo,mild_master_39,-0.0078266922536919,
804,constant,7.0,3.93032428916812e-17,0.9281833156709319,5.804347009590263e-09,0.09342552590801893,0.0005422741719236073,22,19,hbo,False,S22_D19 hbo,mild_master_39,,
812,Linear,7.0,9.0364673867999e-17,0.1966094024080654,1.0248444632655535e-12,1.427059929333673,1.4625144673257467e-06,22,20,hbo,False,S22_D20 hbo,mild_master_39,,
813,ShortHbO,7.0,9.0364673867999e-17,4.065550312433976e-13,0.007248101475407358,130.62145597072353,946757.5677412587,22,20,hbo,True,S22_D20 hbo,mild_master_39,,
814,az_itd=0_az=15,7.0,9.0364673867999e-17,7.099683403463959e-05,7.11771524700424e-09,-8.318178269392064,-0.05920642429535124,22,20,hbo,True,S22_D20 hbo,mild_master_39,-0.04375583600843203,
815,az_itd=0_az=5,7.0,9.0364673867999e-17,5.7452402489428476e-06,7.121491857136936e-09,-12.182554012208819,-0.08675795919707602,22,20,hbo,True,S22_D20 hbo,mild_master_39,-0.0012222242816848647,
816,az_itd=15_az=0,7.0,9.0364673867999e-17,0.0005448094537744223,7.113908814031693e-09,-5.9952946838068595,-0.042649979693850974,22,20,hbo,True,S22_D20 hbo,mild_master_39,0.026498883858023674,
817,az_itd=5_az=0,7.0,9.0364673867999e-17,0.00035061364145268356,7.107542842760513e-09,-6.448956714205041,-0.04583623613732039,22,20,hbo,True,S22_D20 hbo,mild_master_39,0.07611929082557685,
818,constant,7.0,9.0364673867999e-17,0.6593643640734301,8.801131677716239e-09,0.4601443762768357,0.004049791246373039,22,20,hbo,False,S22_D20 hbo,mild_master_39,,
868,Linear,7.0,7.063377149422207e-17,0.073266971587278,9.060763909766656e-13,2.1055621829947277,1.9078001837448127e-06,23,9,hbo,False,S23_D9 hbo,mild_master_39,,
869,ShortHbO,7.0,7.063377149422207e-17,2.548254673624135e-09,0.006408127146770801,37.38376626408157,239559.92744539556,23,9,hbo,True,S23_D9 hbo,mild_master_39,,
870,az_itd=0_az=15,7.0,7.063377149422207e-17,9.923826891139838e-07,6.2928512317425665e-09,-15.78467196769756,-0.09933059243457797,23,9,hbo,True,S23_D9 hbo,mild_master_39,-0.06478415888297494,
871,az_itd=0_az=5,7.0,7.063377149422207e-17,7.000635871520506e-07,6.29619017477423e-09,-16.611050154542404,-0.10458633077571183,23,9,hbo,True,S23_D9 hbo,mild_master_39,-0.07938158328469085,
872,az_itd=15_az=0,7.0,7.063377149422207e-17,0.00018354998158625604,6.289485922006423e-09,-7.161235901295904,-0.045040492385367566,23,9,hbo,True,S23_D9 hbo,mild_master_39,-0.009479410521209474,
873,az_itd=5_az=0,7.0,7.063377149422207e-17,7.051969934896121e-08,6.283857695986571e-09,-23.181386441735,-0.14566853359553525,23,9,hbo,True,S23_D9 hbo,mild_master_39,-0.10030119207478334,
874,constant,7.0,7.063377149422207e-17,0.26321765158133803,7.781178425500472e-09,1.216497063529269,0.009465780705418623,23,9,hbo,False,S23_D9 hbo,mild_master_39,,
826,Linear,7.0,3.138521934891552e-17,0.33837729785868426,6.039781124709544e-13,1.0274943049866017,6.205840709004628e-07,23,10,hbo,False,S23_D10 hbo,mild_master_39,,
827,ShortHbO,7.0,3.138521934891552e-17,2.2284947070087185e-13,0.004271569789395589,142.3403807234559,608016.8701093806,23,10,hbo,True,S23_D10 hbo,mild_master_39,,
828,az_itd=0_az=15,7.0,3.138521934891552e-17,1.5746989085473363e-05,4.194728443273474e-09,-10.474593295609585,-0.043938074428815165,23,10,hbo,True,S23_D10 hbo,mild_master_39,-0.06509500550749298,
829,az_itd=0_az=5,7.0,3.138521934891552e-17,1.6119748630766882e-06,4.196954136967731e-09,-14.700532226549784,-0.061697459543845576,23,10,hbo,True,S23_D10 hbo,mild_master_39,-0.037154962693917104,
830,az_itd=15_az=0,7.0,3.138521934891552e-17,6.068185865866712e-05,4.192485173895133e-09,-8.523453543759743,-0.035734452612596654,23,10,hbo,True,S23_D10 hbo,mild_master_39,-0.07962019292546686,
831,az_itd=5_az=0,7.0,3.138521934891552e-17,9.976583565893425e-05,4.188733475515302e-09,-7.887487012226438,-0.03303858088580505,23,10,hbo,True,S23_D10 hbo,mild_master_39,-0.009727515270961063,
832,constant,7.0,3.138521934891552e-17,0.2702610706604461,5.1868269662866865e-09,1.1970157108960133,0.00620871336834427,23,10,hbo,False,S23_D10 hbo,mild_master_39,,
840,Linear,7.0,2.1852373330385448e-17,0.6761316414297422,5.039737567270287e-13,-0.4357613517744774,-2.1961228549023167e-07,23,11,hbo,False,S23_D11 hbo,mild_master_39,,
841,ShortHbO,7.0,2.1852373330385448e-17,2.6827252383043974e-13,0.0035642998139057648,138.61660772364576,494071.14911363897,23,11,hbo,True,S23_D11 hbo,mild_master_39,,
842,az_itd=0_az=15,7.0,2.1852373330385448e-17,0.40665973328941374,3.500181560152014e-09,0.882756894485122,0.0030898094041738808,23,11,hbo,False,S23_D11 hbo,mild_master_39,-0.009267377693184618,
843,az_itd=0_az=5,7.0,2.1852373330385448e-17,9.21871536754161e-06,3.5020387321078472e-09,-11.352355916338038,-0.03975639011968948,23,11,hbo,True,S23_D11 hbo,mild_master_39,-0.029488326760123054,
844,az_itd=15_az=0,7.0,2.1852373330385448e-17,0.008421658450282319,3.4983097226257695e-09,3.62786825511685,0.012691406789280662,23,11,hbo,True,S23_D11 hbo,mild_master_39,-0.01128304769101688,
845,az_itd=5_az=0,7.0,2.1852373330385448e-17,2.5551418519347667e-05,3.49517921592768e-09,9.733818019863646,0.03402143843464974,23,11,hbo,True,S23_D11 hbo,mild_master_39,-0.0006814528396023627,
846,constant,7.0,2.1852373330385448e-17,0.7844004160696257,4.328012253619983e-09,0.2843084249449628,0.0012304903469691963,23,11,hbo,False,S23_D11 hbo,mild_master_39,,
854,Linear,7.0,4.38992678019701e-17,0.20161482907511932,7.143108629520864e-13,1.409208471784583,1.0066129195598365e-06,23,19,hbo,False,S23_D19 hbo,mild_master_39,,
855,ShortHbO,7.0,4.38992678019701e-17,1.9805459655643716e-11,0.005051886218095296,74.94768445067857,378627.1741545382,23,19,hbo,True,S23_D19 hbo,mild_master_39,,
856,az_itd=0_az=15,7.0,4.38992678019701e-17,3.955090359868769e-05,4.961007745638188e-09,-9.105137974695946,-0.04517066001757099,23,19,hbo,True,S23_D19 hbo,mild_master_39,-0.023698428400062574,
857,az_itd=0_az=5,7.0,4.38992678019701e-17,2.830191655274345e-06,4.963640021792877e-09,-13.530704595980911,-0.06716154685566768,23,19,hbo,True,S23_D19 hbo,mild_master_39,-0.0032113088878719964,
858,az_itd=15_az=0,7.0,4.38992678019701e-17,0.025914761816994477,4.958354683130804e-09,2.816185347317005,0.013963645805433621,23,19,hbo,True,S23_D19 hbo,mild_master_39,-0.00971369479639144,
859,az_itd=5_az=0,7.0,4.38992678019701e-17,4.5510960178639495e-05,4.953917636734754e-09,-8.910770305938572,-0.04414322217548143,23,19,hbo,True,S23_D19 hbo,mild_master_39,-0.016126774043918598,
860,constant,7.0,4.38992678019701e-17,0.8955583607448003,6.134339589084978e-09,0.1361200083030461,0.0008350063557999516,23,19,hbo,False,S23_D19 hbo,mild_master_39,,
910,Linear,7.0,7.137476108726171e-17,0.2315159739713578,9.108166272061951e-13,1.3100916449875648,1.19325325341859e-06,24,9,hbo,False,S24_D9 hbo,mild_master_39,,
911,ShortHbO,7.0,7.137476108726171e-17,3.875730433710392e-12,0.006441651954134793,94.63510788133361,609606.4276135495,24,9,hbo,True,S24_D9 hbo,mild_master_39,,
912,az_itd=0_az=15,7.0,7.137476108726171e-17,1.0119703163815744e-05,6.325772960741147e-09,-11.194863512271878,-0.07081616490511711,24,9,hbo,True,S24_D9 hbo,mild_master_39,-0.05826843506028033,
913,az_itd=0_az=5,7.0,7.137476108726171e-17,3.0937777427328015e-06,6.329129371812906e-09,-13.353836864877362,-0.08451816112789327,24,9,hbo,True,S24_D9 hbo,mild_master_39,-0.0594436246842323,
914,az_itd=15_az=0,7.0,7.137476108726171e-17,0.02496916555056909,6.322390045024654e-09,-2.8421056501127153,-0.017968900469180954,24,9,hbo,True,S24_D9 hbo,mild_master_39,0.007830811846635708,
915,az_itd=5_az=0,7.0,7.137476108726171e-17,9.55206302794937e-07,6.316732374334184e-09,-15.873149192068317,-0.10026643538417443,24,9,hbo,True,S24_D9 hbo,mild_master_39,-0.06114956646534359,
916,constant,7.0,7.137476108726171e-17,0.41270349309881216,7.821886498515412e-09,0.8708486983869016,0.006811679676162225,24,9,hbo,False,S24_D9 hbo,mild_master_39,,
882,Linear,7.0,4.358311695583135e-17,0.01322380372410066,7.117340768503317e-13,3.294312054951665,2.3446741492879424e-06,24,10,hbo,True,S24_D10 hbo,mild_master_39,,
883,ShortHbO,7.0,4.358311695583135e-17,1.3071728733255466e-09,0.005033662177457533,41.14020765795546,207085.90726059914,24,10,hbo,True,S24_D10 hbo,mild_master_39,,
884,az_itd=0_az=15,7.0,4.358311695583135e-17,1.5725716041958078e-07,4.9431115375967385e-09,-20.641187675879184,-0.10203169295033801,24,10,hbo,True,S24_D10 hbo,mild_master_39,-0.07867646425002495,
885,az_itd=0_az=5,7.0,4.358311695583135e-17,5.009592302459341e-07,4.945734318148094e-09,-17.442322836347305,-0.08626509463994107,24,10,hbo,True,S24_D10 hbo,mild_master_39,-0.077263773179192,
886,az_itd=15_az=0,7.0,4.358311695583135e-17,1.0513479909546095e-06,4.940468045676826e-09,-15.651809638360202,-0.07732726537533513,24,10,hbo,True,S24_D10 hbo,mild_master_39,-0.041362638087193836,
887,az_itd=5_az=0,7.0,4.358311695583135e-17,1.6809878783457623e-08,4.936047005364512e-09,-28.506625850296814,-0.1407100451614042,24,10,hbo,True,S24_D10 hbo,mild_master_39,-0.10104479445888143,
888,constant,7.0,4.358311695583135e-17,0.40104396469505915,6.1122107348053834e-09,0.8939383610083956,0.005463939646409846,24,10,hbo,False,S24_D10 hbo,mild_master_39,,
896,Linear,7.0,1.1396760565374295e-16,0.09694851304847935,1.1509311079289582e-12,1.915648782320132,2.204779775438469e-06,24,19,hbo,False,S24_D19 hbo,mild_master_39,,
897,ShortHbO,7.0,1.1396760565374295e-16,3.058164489928742e-07,0.008139835614558562,-18.741602479281962,-152553.56333475836,24,19,hbo,True,S24_D19 hbo,mild_master_39,,
898,az_itd=0_az=15,7.0,1.1396760565374295e-16,2.67665496993673e-07,7.993407964613993e-09,-19.10807927742993,-0.15273867308468397,24,19,hbo,True,S24_D19 hbo,mild_master_39,-0.10818938620779464,
899,az_itd=0_az=5,7.0,1.1396760565374295e-16,5.70648482842441e-06,7.997649211203148e-09,-12.194831144956535,-0.0975299816872172,24,19,hbo,True,S24_D19 hbo,mild_master_39,-0.06822930142459384,
900,az_itd=15_az=0,7.0,1.1396760565374295e-16,0.0525289546721236,7.989133226080117e-09,-2.331097382816547,-0.01862344755428808,24,19,hbo,False,S24_D19 hbo,mild_master_39,0.05806433176409533,
901,az_itd=5_az=0,7.0,1.1396760565374295e-16,1.0538265201638787e-06,7.981984049174933e-09,-15.646412089627882,-0.12488941172622758,24,19,hbo,True,S24_D19 hbo,mild_master_39,-0.12869227459536897,
902,constant,7.0,1.1396760565374295e-16,0.5208041112710802,9.883935168646062e-09,0.6758953029257633,0.0066805053549106345,24,19,hbo,False,S24_D19 hbo,mild_master_39,,
637,Linear,7.0,1.3680386191667869e-18,0.5360313850565183,1.2609788291364315e-13,0.6506587015713231,8.20466847674838e-08,1,7,hbr,False,S1_D7 hbr,mild_master_39,,
638,ShortHbO,7.0,1.3680386191667869e-18,1.8015721157614815e-10,0.0008918136204589096,54.646923989759394,48734.87113025016,1,7,hbr,True,S1_D7 hbr,mild_master_39,,
639,az_itd=0_az=15,7.0,1.3680386191667869e-18,1.0503393816715386e-05,8.757707691267777e-10,-11.132565829135588,-0.009749575738536558,1,7,hbr,True,S1_D7 hbr,mild_master_39,,-0.02004639085321363
640,az_itd=0_az=5,7.0,1.3680386191667869e-18,0.020638212007021907,8.762354469968281e-10,2.975770146109292,0.0026074752841358916,1,7,hbr,True,S1_D7 hbr,mild_master_39,,-0.0032620472893009427
641,az_itd=15_az=0,7.0,1.3680386191667869e-18,0.030226103173606515,8.753024218248257e-10,-2.70937995690129,-0.002371526837919341,1,7,hbr,True,S1_D7 hbr,mild_master_39,,-0.018135467694427417
642,az_itd=5_az=0,7.0,1.3680386191667869e-18,0.047676037624705944,8.745191463827873e-10,2.396997186371597,0.0020962199333076316,1,7,hbr,True,S1_D7 hbr,mild_master_39,,-0.002784867815089377
643,constant,7.0,1.3680386191667869e-18,0.9617487941266741,1.0829000024725217e-09,0.04970136695142004,5.382161039458046e-05,1,7,hbr,False,S1_D7 hbr,mild_master_39,,
651,Linear,7.0,3.7953522903359286e-19,0.03202626129757672,6.641782711695369e-14,2.6694274712677295,1.7729757228790694e-07,1,8,hbr,True,S1_D8 hbr,mild_master_39,,
652,ShortHbO,7.0,3.7953522903359286e-19,1.1522415762139736e-11,0.00046973288920916354,80.98388621721963,38040.79485220074,1,8,hbr,True,S1_D8 hbr,mild_master_39,,
653,az_itd=0_az=15,7.0,3.7953522903359286e-19,8.774621454637738e-06,4.6128285577783105e-10,-11.436555349573545,-0.005275486911912515,1,8,hbr,True,S1_D8 hbr,mild_master_39,,-0.006230952173307295
654,az_itd=0_az=5,7.0,3.7953522903359286e-19,0.020771748898320334,4.615276092481111e-10,-2.9712209815578117,-0.0013713005161662029,1,8,hbr,True,S1_D8 hbr,mild_master_39,,-0.0005863782580784158
655,az_itd=15_az=0,7.0,3.7953522903359286e-19,1.2225019580921095e-05,4.610361695574681e-10,-10.881704209212787,-0.00501685922687284,1,8,hbr,True,S1_D8 hbr,mild_master_39,,-0.011708351368147808
656,az_itd=5_az=0,7.0,3.7953522903359286e-19,1.0670556232498611e-06,4.6062360551045795e-10,-15.617845292118352,-0.007193948208760088,1,8,hbr,True,S1_D8 hbr,mild_master_39,,-0.009369118672109978
657,constant,7.0,3.7953522903359286e-19,0.5864221169399746,5.703812267682955e-10,-0.5701177153300311,-0.00032518444187228096,1,8,hbr,False,S1_D8 hbr,mild_master_39,,
931,Linear,7.0,1.0897478602438089e-16,0.6294244226892782,1.1254381399860354e-12,0.5044629940981039,5.677418937695564e-07,2,6,hbr,False,S2_D6 hbr,mild_master_39,,
932,ShortHbO,7.0,1.0897478602438089e-16,0.03740634101343979,0.007959539359680195,-2.5626569595958775,-20397.568935261766,2,6,hbr,True,S2_D6 hbr,mild_master_39,,
933,az_itd=0_az=15,7.0,1.0897478602438089e-16,0.36358250804863684,7.816355062322308e-09,-0.971675223308194,-0.0075949585506381615,2,6,hbr,False,S2_D6 hbr,mild_master_39,,0.004735911099351842
934,az_itd=0_az=5,7.0,1.0897478602438089e-16,0.6423113009327601,7.820502365874741e-09,0.48525836830246094,0.0037949642173699125,2,6,hbr,False,S2_D6 hbr,mild_master_39,,-0.02160915959212079
935,az_itd=15_az=0,7.0,1.0897478602438089e-16,0.0004432924397799833,7.812175008667185e-09,6.204534128032081,0.048470906455434865,2,6,hbr,True,S2_D6 hbr,mild_master_39,,-0.020002193495516803
936,az_itd=5_az=0,7.0,1.0897478602438089e-16,0.47923403193722025,7.805184185060827e-09,-0.7472886754964065,-0.005832725751659604,2,6,hbr,False,S2_D6 hbr,mild_master_39,,0.028006769140816137
937,constant,7.0,1.0897478602438089e-16,0.7323011577465055,9.665007345192207e-09,0.3560375643139566,0.003441105674258733,2,6,hbr,False,S2_D6 hbr,mild_master_39,,
945,Linear,7.0,1.534171972677961e-17,0.2059396232564399,4.22275260639066e-13,-1.3941000812776256,-5.886939751784525e-07,2,8,hbr,False,S2_D8 hbr,mild_master_39,,
946,ShortHbO,7.0,1.534171972677961e-17,0.00038498337314163953,0.0029864960483012987,6.350666052717375,18966.239070521646,2,8,hbr,True,S2_D8 hbr,mild_master_39,,
947,az_itd=0_az=15,7.0,1.534171972677961e-17,6.875773149309592e-05,2.9327719169270293e-09,8.359739471342984,0.02451720915438111,2,8,hbr,True,S2_D8 hbr,mild_master_39,,0.021769465186343154
948,az_itd=0_az=5,7.0,1.534171972677961e-17,0.0032071088983627615,2.9343280252783735e-09,4.386988881426694,0.012872864421354971,2,8,hbr,True,S2_D8 hbr,mild_master_39,,0.0016811036639905817
949,az_itd=15_az=0,7.0,1.534171972677961e-17,8.26299064763429e-06,2.931203520420826e-09,11.539777518648698,0.03382543648753617,2,8,hbr,True,S2_D8 hbr,mild_master_39,,0.053989668252908254
950,az_itd=5_az=0,7.0,1.534171972677961e-17,0.4499045370693051,2.928580495879919e-09,-0.8001809165403997,-0.0023433942253555315,2,8,hbr,False,S2_D8 hbr,mild_master_39,,-0.008636908731819416
951,constant,7.0,1.534171972677961e-17,0.6950264083044735,3.62640410944325e-09,0.408624900012083,0.001481839016624655,2,8,hbr,False,S2_D8 hbr,mild_master_39,,
959,Linear,7.0,1.404640241755023e-18,0.011274268647025939,1.277736113217246e-13,-3.4108834851414267,-4.3582090069415004e-07,3,5,hbr,True,S3_D5 hbr,mild_master_39,,
960,ShortHbO,7.0,1.404640241755023e-18,1.1685627108998425e-09,0.000903665028143053,41.80671649329795,37779.26763648473,3,5,hbr,True,S3_D5 hbr,mild_master_39,,
961,az_itd=0_az=15,7.0,1.404640241755023e-18,2.125150544399014e-06,8.874089816239543e-10,14.114741810398575,0.01252554865585085,3,5,hbr,True,S3_D5 hbr,mild_master_39,,0.005592853290421402
962,az_itd=0_az=5,7.0,1.404640241755023e-18,0.00012169351346963922,8.878798346484915e-10,7.644569637707835,0.00678745922588691,3,5,hbr,True,S3_D5 hbr,mild_master_39,,-0.0016992980996337755
963,az_itd=15_az=0,7.0,1.404640241755023e-18,3.016591858761967e-07,8.869344104040379e-10,18.77893210865904,0.016655681077810958,3,5,hbr,True,S3_D5 hbr,mild_master_39,,0.02034106879490288
964,az_itd=5_az=0,7.0,1.404640241755023e-18,8.737650490216302e-08,8.861407259299108e-10,22.47413637222761,0.019915247519533587,3,5,hbr,True,S3_D5 hbr,mild_master_39,,0.004654061218760082
965,constant,7.0,1.404640241755023e-18,0.9032193316533654,1.0972907777601403e-09,0.12607235576287784,0.00013833803330910133,3,5,hbr,False,S3_D5 hbr,mild_master_39,,
973,Linear,7.0,1.490416728068591e-18,0.6164546741334374,1.3161714760448825e-13,-0.5240005556255147,-6.896745847459724e-08,3,6,hbr,False,S3_D6 hbr,mild_master_39,,
974,ShortHbO,7.0,1.490416728068591e-18,1.5276179929046593e-10,0.0009308480222464835,55.952614569809775,52083.380611827204,3,6,hbr,True,S3_D6 hbr,mild_master_39,,
975,az_itd=0_az=15,7.0,1.490416728068591e-18,0.06710849676857616,9.141029803553035e-10,-2.1650217209185882,-0.0019790528076256498,3,6,hbr,False,S3_D6 hbr,mild_master_39,,0.0014934796764768529
976,az_itd=0_az=5,7.0,1.490416728068591e-18,0.018860374822958832,9.145879970296345e-10,3.0394936634483227,0.002779884421637468,3,6,hbr,True,S3_D6 hbr,mild_master_39,,0.016084810742401146
977,az_itd=15_az=0,7.0,1.490416728068591e-18,0.542238389215342,9.1361413363919e-10,0.6404992691780548,0.0005851691849066428,3,6,hbr,False,S3_D6 hbr,mild_master_39,,0.009230556796582435
978,az_itd=5_az=0,7.0,1.490416728068591e-18,0.1283475701146608,9.1279657447731e-10,-1.7241043188787781,-0.0015737565163140843,3,6,hbr,False,S3_D6 hbr,mild_master_39,,-0.01810002646468829
979,constant,7.0,1.490416728068591e-18,0.534824451612854,1.1302981951246206e-09,0.6526425738893912,0.0007376807233286656,3,6,hbr,False,S3_D6 hbr,mild_master_39,,
987,Linear,7.0,2.514767734589716e-18,0.11131155524041225,1.7096513603952455e-13,-1.8215738628730758,-3.1142562327213764e-07,3,7,hbr,False,S3_D7 hbr,mild_master_39,,
988,ShortHbO,7.0,2.514767734589716e-18,5.64666800441538e-08,0.0012091324090514291,23.93768672539695,28943.83281739763,3,7,hbr,True,S3_D7 hbr,mild_master_39,,
989,az_itd=0_az=15,7.0,2.514767734589716e-18,0.014913682639072336,1.1873813042978453e-09,-3.2073087173516805,-0.003808298408094888,3,7,hbr,True,S3_D7 hbr,mild_master_39,,-0.002760029576212299
990,az_itd=0_az=5,7.0,2.514767734589716e-18,1.8132351377071958e-06,1.1880113205473814e-09,14.448422746846806,0.017164889787308298,3,7,hbr,True,S3_D7 hbr,mild_master_39,,0.008949708125564646
991,az_itd=15_az=0,7.0,2.514767734589716e-18,1.0031174368296293e-06,1.186746312985209e-09,15.75982507900803,0.018702914305804612,3,7,hbr,True,S3_D7 hbr,mild_master_39,,0.02698840862293753
992,az_itd=5_az=0,7.0,2.514767734589716e-18,6.0625308139999044e-06,1.1856843380383638e-09,12.085451811501805,0.014329530931015062,3,7,hbr,True,S3_D7 hbr,mild_master_39,,-0.004972815955252442
993,constant,7.0,2.514767734589716e-18,0.5104204548772021,1.4682097903793206e-09,-0.6933722178527462,-0.001018015878628425,3,7,hbr,False,S3_D7 hbr,mild_master_39,,
1001,Linear,7.0,7.065923979661583e-19,0.01669952279172661,9.062397274888236e-14,-3.126144221669944,-2.8330360875369305e-07,4,2,hbr,True,S4_D2 hbr,mild_master_39,,
1002,ShortHbO,7.0,7.065923979661583e-19,2.2326207039806086e-08,0.0006409282326563633,27.365176664887976,17539.114316155803,4,2,hbr,True,S4_D2 hbr,mild_master_39,,
1003,az_itd=0_az=15,7.0,7.065923979661583e-19,2.2600559923727257e-05,6.293985630985234e-10,9.917095988405368,0.0062418059652124686,4,2,hbr,True,S4_D2 hbr,mild_master_39,,0.0028000808817547507
1004,az_itd=0_az=5,7.0,7.065923979661583e-19,3.612067987035164e-08,6.297325175921233e-10,25.531936674666618,0.016078290761140476,4,2,hbr,True,S4_D2 hbr,mild_master_39,,0.00850396815154537
1005,az_itd=15_az=0,7.0,7.065923979661583e-19,1.265616269916908e-05,6.290619714591682e-10,10.825141459032702,0.006809684827543488,4,2,hbr,True,S4_D2 hbr,mild_master_39,,0.009340381971967408
1006,az_itd=5_az=0,7.0,7.065923979661583e-19,3.0815930243170213e-07,6.284990473983196e-10,18.72081917858326,0.01176601702025577,4,2,hbr,True,S4_D2 hbr,mild_master_39,,0.003879520396073015
1007,constant,7.0,7.065923979661583e-19,0.8468987389545766,7.782581122400156e-10,-0.20035611485248803,-0.0001559287717208411,4,2,hbr,False,S4_D2 hbr,mild_master_39,,
1015,Linear,7.0,5.099421821825547e-19,0.05559021524911697,7.698729939356418e-14,-2.292647147154078,-1.7650471232175178e-07,4,3,hbr,False,S4_D3 hbr,mild_master_39,,
1016,ShortHbO,7.0,5.099421821825547e-19,3.5087248755611032e-09,0.0005444843372076947,35.706458809138475,19441.607558727617,4,3,hbr,True,S4_D3 hbr,mild_master_39,,
1017,az_itd=0_az=15,7.0,5.099421821825547e-19,6.9237556678867e-05,5.346895986276733e-10,8.350705601752093,0.004465035426458689,4,3,hbr,True,S4_D3 hbr,mild_master_39,,0.009002938366056885
1018,az_itd=0_az=5,7.0,5.099421821825547e-19,2.5675392260510173e-05,5.349733012044059e-10,9.726650735589514,0.005203498453680584,4,3,hbr,True,S4_D3 hbr,mild_master_39,,0.005655373788909318
1019,az_itd=15_az=0,7.0,5.099421821825547e-19,0.0039040575415341637,5.344036557305967e-10,4.226699180363371,0.0022587634936597025,4,3,hbr,True,S4_D3 hbr,mild_master_39,,0.0017544243630187827
1020,az_itd=5_az=0,7.0,5.099421821825547e-19,0.5732732173187156,5.339254378607128e-10,0.5907272790264642,0.0003154043211104724,4,3,hbr,False,S4_D3 hbr,mild_master_39,,-0.0008012521095420072
1021,constant,7.0,5.099421821825547e-19,0.25907829132243726,6.611494560994191e-10,1.2281523551408076,0.0008119922616085654,4,3,hbr,False,S4_D3 hbr,mild_master_39,,
1029,Linear,7.0,9.820726501033326e-19,0.010461018100308967,1.0683915011811819e-13,-3.4660913254446815,-3.703142514422916e-07,4,4,hbr,True,S4_D4 hbr,mild_master_39,,
1030,ShortHbO,7.0,9.820726501033326e-19,2.618185110924936e-08,0.0007556083184905165,26.744264788050376,20208.18894576387,4,4,hbr,True,S4_D4 hbr,mild_master_39,,
1031,az_itd=0_az=15,7.0,9.820726501033326e-19,3.186017681230798e-07,7.420156667965136e-10,18.630326782923387,0.013823994350467843,4,4,hbr,True,S4_D4 hbr,mild_master_39,,0.009145745551627803
1032,az_itd=0_az=5,7.0,9.820726501033326e-19,1.0634848498005514e-06,7.424093751409183e-10,15.625516063910942,0.011600529617262505,4,4,hbr,True,S4_D4 hbr,mild_master_39,,0.0017603579926185155
1033,az_itd=15_az=0,7.0,9.820726501033326e-19,0.0015241790117113297,7.416188494468128e-10,5.02365686056548,0.003725638620948159,4,4,hbr,True,S4_D4 hbr,mild_master_39,,-0.000771755534121233
1034,az_itd=5_az=0,7.0,9.820726501033326e-19,5.207890394559891e-08,7.409552024402006e-10,24.218911261013684,0.017945128296285646,4,4,hbr,True,S4_D4 hbr,mild_master_39,,0.0030737022801678392
1035,constant,7.0,9.820726501033326e-19,0.9885700795434529,9.175103757000076e-10,-0.014845005274865425,-1.3620446367010369e-05,4,4,hbr,False,S4_D4 hbr,mild_master_39,,
1043,Linear,7.0,5.708640011328153e-19,0.2067196174564631,8.145634985068623e-14,-1.3914053128655006,-1.1333879794887574e-07,5,1,hbr,False,S5_D1 hbr,mild_master_39,,
1044,ShortHbO,7.0,5.708640011328153e-19,2.4577124366493086e-08,0.0005760912125658562,26.98911508280217,15548.19203413094,5,1,hbr,True,S5_D1 hbr,mild_master_39,,
1045,az_itd=0_az=15,7.0,5.708640011328153e-19,0.02131512089560614,5.657278973339293e-10,2.9530241313595273,0.0016706081326103785,5,1,hbr,True,S5_D1 hbr,mild_master_39,,0.010205450990205946
1046,az_itd=0_az=5,7.0,5.708640011328153e-19,0.00203284519637279,5.660280686157629e-10,4.771219270605848,0.0027006440286833377,5,1,hbr,True,S5_D1 hbr,mild_master_39,,0.014055819396655794
1047,az_itd=15_az=0,7.0,5.708640011328153e-19,0.7114927539680485,5.654253556829679e-10,0.38524771493688065,0.0002178288262442364,5,1,hbr,False,S5_D1 hbr,mild_master_39,,-0.002889495937945596
1048,az_itd=5_az=0,7.0,5.708640011328153e-19,0.728475443767956,5.649193776525531e-10,0.36138166221322093,0.00020415150371253793,5,1,hbr,False,S5_D1 hbr,mild_master_39,,0.0022369113376071725
1049,constant,7.0,5.708640011328153e-19,0.2553491494752014,6.995286472423948e-10,1.238788592792474,0.0008665681085354292,5,1,hbr,False,S5_D1 hbr,mild_master_39,,
1057,Linear,7.0,3.2809567170294053e-19,0.9359833730366498,6.17531146390264e-14,-0.08325005892890372,-5.140950432742295e-09,5,2,hbr,False,S5_D2 hbr,mild_master_39,,
1058,ShortHbO,7.0,3.2809567170294053e-19,6.885203061881898e-12,0.0004367422153991269,87.17129110449577,38071.382796179685,5,2,hbr,True,S5_D2 hbr,mild_master_39,,
1059,az_itd=0_az=15,7.0,3.2809567170294053e-19,0.004752285320696503,4.2888565179505386e-10,4.069489896179432,0.0017453458265963015,5,2,hbr,True,S5_D2 hbr,mild_master_39,,-0.00013288445951747198
1060,az_itd=0_az=5,7.0,3.2809567170294053e-19,0.3545725251893924,4.291132155345584e-10,0.9912735875447157,0.00042536859662579057,5,2,hbr,False,S5_D2 hbr,mild_master_39,,0.00019899266999310865
1061,az_itd=15_az=0,7.0,3.2809567170294053e-19,0.15528312124020519,4.2865629104798936e-10,-1.592575702954871,-0.0006826675940417794,5,2,hbr,False,S5_D2 hbr,mild_master_39,,-0.00429416021693949
1062,az_itd=5_az=0,7.0,3.2809567170294053e-19,0.01661112896189362,4.282727025447688e-10,-3.1299390899780426,-0.0013404674728654106,5,2,hbr,True,S5_D2 hbr,mild_master_39,,-0.0003608701659470283
1063,constant,7.0,3.2809567170294053e-19,0.9143977115870416,5.303217345931534e-10,0.11143716333256157,5.909754975666461e-05,5,2,hbr,False,S5_D2 hbr,mild_master_39,,
1071,Linear,7.0,5.354238779819541e-19,0.026709739652589718,7.88873711871906e-14,-2.7951516986069347,-2.2050216957251158e-07,5,3,hbr,True,S5_D3 hbr,mild_master_39,,
1072,ShortHbO,7.0,5.354238779819541e-19,7.334714752763572e-09,0.0005579223891896324,32.11815203941361,17919.436122185507,5,3,hbr,True,S5_D3 hbr,mild_master_39,,
1073,az_itd=0_az=15,7.0,5.354238779819541e-19,0.008703742533816287,5.478859132497032e-10,3.603104236697392,0.001974090055256825,5,3,hbr,True,S5_D3 hbr,mild_master_39,,0.0013221171969628688
1074,az_itd=0_az=5,7.0,5.354238779819541e-19,2.107037763474262e-05,5.481766176990572e-10,10.023159257345393,0.0054944615403505915,5,3,hbr,True,S5_D3 hbr,mild_master_39,,0.004819084654165498
1075,az_itd=15_az=0,7.0,5.354238779819541e-19,0.0002535262144557238,5.475929131881643e-10,6.798611803010274,0.0037228716428458343,5,3,hbr,True,S5_D3 hbr,mild_master_39,,0.0019036247714396023
1076,az_itd=5_az=0,7.0,5.354238779819541e-19,7.453919436029827e-05,5.471028927444412e-10,8.255362820084784,0.004516532879523293,5,3,hbr,True,S5_D3 hbr,mild_master_39,,0.0010270255410820654
1077,constant,7.0,5.354238779819541e-19,0.27809423024723806,6.774668414707908e-10,1.1758442887442198,0.0007965955163570152,5,3,hbr,False,S5_D3 hbr,mild_master_39,,
1085,Linear,7.0,5.007872705695486e-19,0.2723647329732091,7.629309914055272e-14,1.1912800169415871,9.088644443668383e-08,6,1,hbr,False,S6_D1 hbr,mild_master_39,,
1086,ShortHbO,7.0,5.007872705695486e-19,6.966908098488743e-12,0.000539574681100418,87.02438725618995,46956.156001717965,6,1,hbr,True,S6_D1 hbr,mild_master_39,,
1087,az_itd=0_az=15,7.0,5.007872705695486e-19,0.00018629247914129019,5.298682624128202e-10,-7.144260541689429,-0.003785516919449452,6,1,hbr,True,S6_D1 hbr,mild_master_39,,0.001591338908077872
1088,az_itd=0_az=5,7.0,5.007872705695486e-19,0.00023495178994086563,5.301494068221395e-10,-6.882723139127714,-0.003648871589529572,6,1,hbr,True,S6_D1 hbr,mild_master_39,,0.0007641389311296466
1089,az_itd=15_az=0,7.0,5.007872705695486e-19,3.084454526786114e-06,5.295848978842935e-10,-13.35979586993088,-0.007075146131532352,6,1,hbr,True,S6_D1 hbr,mild_master_39,,-0.015414107682997408
1090,az_itd=5_az=0,7.0,5.007872705695486e-19,5.7890550126947365e-06,5.291109921408107e-10,-12.16878705186184,-0.006438638990160869,6,1,hbr,True,S6_D1 hbr,mild_master_39,,-0.005187227023893071
1091,constant,7.0,5.007872705695486e-19,0.39367550367482795,6.551878218647083e-10,0.908785856470522,0.0005954254258423747,6,1,hbr,False,S6_D1 hbr,mild_master_39,,
1099,Linear,7.0,2.72584437392096e-19,0.7590062834926303,5.628713515783586e-14,0.31903910415721715,1.7957797176332155e-08,6,2,hbr,False,S6_D2 hbr,mild_master_39,,
1100,ShortHbO,7.0,2.72584437392096e-19,8.139546663026399e-12,0.0003980846674860268,85.11016219117404,33881.05061555532,6,2,hbr,True,S6_D2 hbr,mild_master_39,,
1101,az_itd=0_az=15,7.0,2.72584437392096e-19,0.019243468811338076,3.9092351520984473e-10,-3.0252384550046427,-0.0011826368511784148,6,2,hbr,True,S6_D2 hbr,mild_master_39,,0.0011000037886724435
1102,az_itd=0_az=5,7.0,2.72584437392096e-19,0.03424731386910542,3.911309365040967e-10,-2.6232433143329903,-0.0010260316142131731,6,2,hbr,True,S6_D2 hbr,mild_master_39,,0.0002690842150289886
1103,az_itd=15_az=0,7.0,2.72584437392096e-19,1.2586818464805864e-05,3.907144559673209e-10,-10.834089940885274,-0.004233035557154014,6,2,hbr,True,S6_D2 hbr,mild_master_39,,-0.00970382450426803
1104,az_itd=5_az=0,7.0,2.72584437392096e-19,0.000663415919811216,3.9036482019506914e-10,-5.800183860246593,-0.0022641877297035033,6,2,hbr,True,S6_D2 hbr,mild_master_39,,0.0005023912305250125
1105,constant,7.0,2.72584437392096e-19,0.32045556520349905,4.833811432293029e-10,1.0692032095617425,0.0005168326697823951,6,2,hbr,False,S6_D2 hbr,mild_master_39,,
1127,Linear,7.0,4.695520803069558e-18,0.034544791411225316,2.3361487966654264e-13,-2.617295455263012,-6.114391628330575e-07,7,7,hbr,True,S7_D7 hbr,mild_master_39,,
1128,ShortHbO,7.0,4.695520803069558e-18,8.758067146732521e-09,0.001652215935862873,31.309701214519635,51730.387293734486,7,7,hbr,True,S7_D7 hbr,mild_master_39,,
1129,az_itd=0_az=15,7.0,4.695520803069558e-18,1.0859775399398219e-05,1.622494193539642e-09,11.076975027182739,0.017972327663587608,7,7,hbr,True,S7_D7 hbr,mild_master_39,,0.005673854258918439
1130,az_itd=0_az=5,7.0,4.695520803069558e-18,1.7094408966657768e-08,1.6233550776574972e-09,28.437831115089185,0.046164697538246396,7,7,hbr,True,S7_D7 hbr,mild_master_39,,0.029093065404835815
1131,az_itd=15_az=0,7.0,4.695520803069558e-18,7.874083294847856e-07,1.6216265112593406e-09,16.328093561991768,0.02647806939844881,7,7,hbr,True,S7_D7 hbr,mild_master_39,,0.02357387155564516
1132,az_itd=5_az=0,7.0,4.695520803069558e-18,0.0811697362956416,1.6201753782671805e-09,2.0361752709613796,0.0032989610398481326,7,7,hbr,False,S7_D7 hbr,mild_master_39,,0.005164738979788141
1133,constant,7.0,4.695520803069558e-18,0.49494076870784076,2.0062315712450836e-09,-0.7198558243600847,-0.0014441974815758577,7,7,hbr,False,S7_D7 hbr,mild_master_39,,
1141,Linear,7.0,1.1343238268522118e-18,0.8663753450261508,1.1482253842477988e-13,-0.17454875097803965,-2.0042130666173295e-08,7,8,hbr,False,S7_D8 hbr,mild_master_39,,
1142,ShortHbO,7.0,1.1343238268522118e-18,3.556262545624631e-11,0.0008120699676854449,68.9285080201444,55974.77128052459,7,8,hbr,True,S7_D8 hbr,mild_master_39,,
1143,az_itd=0_az=15,7.0,1.1343238268522118e-18,1.0195753242456105e-05,7.974616263638996e-10,11.182304774910435,0.008917458952296875,7,8,hbr,True,S7_D8 hbr,mild_master_39,,0.011902321309862114
1144,az_itd=0_az=5,7.0,1.1343238268522118e-18,0.11468504198547766,7.978847539482504e-10,1.801186966840808,0.0014371396198525736,7,8,hbr,False,S7_D8 hbr,mild_master_39,,0.008785997829819007
1145,az_itd=15_az=0,7.0,1.1343238268522118e-18,0.9443179234837784,7.970351574586972e-10,-0.07238816077703496,-5.7695909123069546e-05,7,8,hbr,False,S7_D8 hbr,mild_master_39,,-0.002767060994626263
1146,az_itd=5_az=0,7.0,1.1343238268522118e-18,0.011281530169668551,7.963219204680157e-10,3.410410072301737,0.0027157842983587836,7,8,hbr,True,S7_D8 hbr,mild_master_39,,-0.007812058342091886
1147,constant,7.0,1.1343238268522118e-18,0.4521152700136726,9.860699027694957e-10,-0.7961130842043462,-0.0007850231515349029,7,8,hbr,False,S7_D8 hbr,mild_master_39,,
1113,Linear,7.0,2.887171396456849e-17,0.3930177891163953,5.792884901893718e-13,-0.9101211261772008,-5.272226930726414e-07,7,17,hbr,False,S7_D17 hbr,mild_master_39,,
1114,ShortHbO,7.0,2.887171396456849e-17,0.005336803933988921,0.004096955109704413,-3.9781024826289344,-16298.107293134426,7,17,hbr,True,S7_D17 hbr,mild_master_39,,
1115,az_itd=0_az=15,7.0,2.887171396456849e-17,4.0650634779323817e-05,4.023254910210281e-09,9.066876349928524,0.0364783547951194,7,17,hbr,True,S7_D17 hbr,mild_master_39,,0.06512024278873113
1116,az_itd=0_az=5,7.0,2.887171396456849e-17,6.442851201083305e-05,4.025389621242267e-09,-8.444618125718291,-0.03399287815862073,7,17,hbr,True,S7_D17 hbr,mild_master_39,,-0.027718624609054932
1117,az_itd=15_az=0,7.0,2.887171396456849e-17,3.3385462193679256e-06,4.021103341958989e-09,13.2043162836355,0.0530959203364102,7,17,hbr,True,S7_D17 hbr,mild_master_39,,0.033698750071203196
1118,az_itd=5_az=0,7.0,2.887171396456849e-17,0.9894660647224873,4.017505006778917e-09,0.013681226966064363,5.496439783504232e-05,7,17,hbr,False,S7_D17 hbr,mild_master_39,,-0.03836436837965694
1119,constant,7.0,2.887171396456849e-17,0.8329983599908507,4.9747980930653835e-09,-0.21886677227691823,-0.0010888180013585882,7,17,hbr,False,S7_D17 hbr,mild_master_39,,
1183,Linear,7.0,5.221183064135372e-19,0.0470529735982137,7.790100790334779e-14,2.405951294968278,1.8742603084439368e-07,8,7,hbr,True,S8_D7 hbr,mild_master_39,,
1184,ShortHbO,7.0,5.221183064135372e-19,1.9617894544241e-10,0.0005509464416881664,53.98445904901736,29742.545619516648,8,7,hbr,True,S8_D7 hbr,mild_master_39,,
1185,az_itd=0_az=15,7.0,5.221183064135372e-19,0.23063349487453516,5.410354561938854e-10,-1.3128515146752264,-0.0007102992181571445,8,7,hbr,False,S8_D7 hbr,mild_master_39,,-0.0036357073028902105
1186,az_itd=0_az=5,7.0,5.221183064135372e-19,4.466051004420213e-07,5.413225258384416e-10,-17.736702260821716,-0.00960127646787241,8,7,hbr,True,S8_D7 hbr,mild_master_39,,-0.010404042844521885
1187,az_itd=15_az=0,7.0,5.221183064135372e-19,1.3957170705461467e-05,5.407461196401872e-10,-10.666881167414802,-0.005768074599942543,8,7,hbr,True,S8_D7 hbr,mild_master_39,,-0.008002702618904133
1188,az_itd=5_az=0,7.0,5.221183064135372e-19,2.52411883658923e-05,5.402622261362612e-10,-9.751927475311392,-0.0052685980469311024,8,7,hbr,True,S8_D7 hbr,mild_master_39,,-0.009069964725452457
1189,constant,7.0,5.221183064135372e-19,0.7538822150639276,6.689961774292407e-10,-0.32609848704117744,-0.00021815864129600649,8,7,hbr,False,S8_D7 hbr,mild_master_39,,
1197,Linear,7.0,7.991536985434739e-18,0.06366393659110148,3.0477109350851067e-13,-2.2007134253687766,-6.707138371485022e-07,8,8,hbr,False,S8_D8 hbr,mild_master_39,,
1198,ShortHbO,7.0,7.991536985434739e-18,7.697122086936213e-09,0.0021554605520156473,31.896293830337914,68751.20310679344,8,8,hbr,True,S8_D8 hbr,mild_master_39,,
1199,az_itd=0_az=15,7.0,7.991536985434739e-18,0.00027750068657125235,2.1166859331995904e-09,6.699754454262673,0.0141812760092291,8,8,hbr,True,S8_D8 hbr,mild_master_39,,-0.00686265718016865
1200,az_itd=0_az=5,7.0,7.991536985434739e-18,3.873054109931152e-05,2.1178090320122916e-09,9.134472960689276,0.01934506933881981,8,8,hbr,True,S8_D8 hbr,mild_master_39,,0.04032831935693187
1201,az_itd=15_az=0,7.0,7.991536985434739e-18,5.0564638297615744e-05,2.115553965587926e-09,8.767304090328311,0.018547704935809303,8,8,hbr,True,S8_D8 hbr,mild_master_39,,0.025768843899741965
1202,az_itd=5_az=0,7.0,7.991536985434739e-18,2.4167995139349187e-07,2.1136608353666052e-09,19.393634593971374,0.040991565896688224,8,8,hbr,True,S8_D8 hbr,mild_master_39,,0.03471654338536782
1203,constant,7.0,7.991536985434739e-18,0.875088151585482,2.6173049879032586e-09,-0.16304773324112404,-0.00042674564547831394,8,8,hbr,False,S8_D8 hbr,mild_master_39,,
1155,Linear,7.0,1.6587687918794245e-18,0.020492331399325523,1.388518096862824e-13,2.9807755939900846,4.1388608549422657e-07,8,17,hbr,True,S8_D17 hbr,mild_master_39,,
1156,ShortHbO,7.0,1.6587687918794245e-18,2.3770068141218182e-08,0.000982014386303366,-27.119255352059437,-26631.498901556923,8,17,hbr,True,S8_D17 hbr,mild_master_39,,
1157,az_itd=0_az=15,7.0,1.6587687918794245e-18,3.6132849375868796e-06,9.643489117646697e-10,-13.050675847457788,-0.012585405051289376,8,17,hbr,True,S8_D17 hbr,mild_master_39,,-0.006487234695987304
1158,az_itd=0_az=5,7.0,1.6587687918794245e-18,1.2610870309092305e-07,9.64860588580226e-10,-21.311950454847118,-0.020563061059656405,8,17,hbr,True,S8_D17 hbr,mild_master_39,,-0.014133359255175688
1159,az_itd=15_az=0,7.0,1.6587687918794245e-18,2.466629069192719e-07,9.638331943796102e-10,-19.336241456607468,-0.01863691137041742,8,17,hbr,True,S8_D17 hbr,mild_master_39,,-0.029831445287015985
1160,az_itd=5_az=0,7.0,1.6587687918794245e-18,4.7557145583898264e-07,9.629706960561108e-10,-17.575040595180567,-0.016924249075155436,8,17,hbr,True,S8_D17 hbr,mild_master_39,,-0.010653768522106513
1161,constant,7.0,1.6587687918794245e-18,0.3287435992392951,1.1924278312869347e-09,1.0496904325422158,0.0012516800859989588,8,17,hbr,False,S8_D17 hbr,mild_master_39,,
1169,Linear,7.0,3.227433118911538e-17,0.48916143292662084,6.124734144015876e-13,-0.7298819161871674,-4.4703326931712776e-07,8,18,hbr,False,S8_D18 hbr,mild_master_39,,
1170,ShortHbO,7.0,3.227433118911538e-17,1.771727241217923e-06,0.00433165189225562,-14.497721136938821,-62799.081196215346,8,18,hbr,True,S8_D18 hbr,mild_master_39,,
1171,az_itd=0_az=15,7.0,3.227433118911538e-17,0.00034225585400351604,4.253729728099565e-09,-6.474497931388396,-0.02754076432526596,8,18,hbr,True,S8_D18 hbr,mild_master_39,,-0.019609494810980895
1172,az_itd=0_az=5,7.0,3.227433118911538e-17,0.6325987351490313,4.255986727464586e-09,0.49971368851527115,0.0021267748258533663,8,18,hbr,False,S8_D18 hbr,mild_master_39,,0.01594248172233907
1173,az_itd=15_az=0,7.0,3.227433118911538e-17,0.0001555271622083524,4.2514549058382835e-09,7.353035804135724,0.031261100142297375,8,18,hbr,True,S8_D18 hbr,mild_master_39,,0.024866584312779702
1174,az_itd=5_az=0,7.0,3.227433118911538e-17,0.00013358421175838805,4.247650437648039e-09,7.532702330078184,0.031996286349029,8,18,hbr,True,S8_D18 hbr,mild_master_39,,0.009414745685372341
1175,constant,7.0,3.227433118911538e-17,0.6250646475463929,5.2597826913878585e-09,0.5110064937872507,0.002687783111208979,8,18,hbr,False,S8_D18 hbr,mild_master_39,,
1253,Linear,7.0,6.523929132178272e-19,0.14970299689906058,8.70789600496567e-14,1.6179651193657885,1.4089071999099152e-07,9,5,hbr,False,S9_D5 hbr,mild_master_39,,
1254,ShortHbO,7.0,6.523929132178272e-19,2.7772154381870735e-10,0.0006158565142672896,51.36355112589494,31632.577556783377,9,5,hbr,True,S9_D5 hbr,mild_master_39,,
1255,az_itd=0_az=15,7.0,6.523929132178272e-19,0.00010340297731931782,6.04777860304558e-10,-7.843246218863355,-0.004743421666085995,9,5,hbr,True,S9_D5 hbr,mild_master_39,,-0.0028159605044363336
1256,az_itd=0_az=5,7.0,6.523929132178272e-19,7.266073920526533e-06,6.050987512247473e-10,-11.763543611850814,-0.007118105549508782,9,5,hbr,True,S9_D5 hbr,mild_master_39,,-0.008543611910606236
1257,az_itd=15_az=0,7.0,6.523929132178272e-19,1.6628547778445935e-05,6.044544353980195e-10,-10.38880266872279,-0.006279557851584272,9,5,hbr,True,S9_D5 hbr,mild_master_39,,-0.012219406697093213
1258,az_itd=5_az=0,7.0,6.523929132178272e-19,0.07107922986134715,6.039135317020246e-10,-2.1260917169415805,-0.0012839755575006111,9,5,hbr,False,S9_D5 hbr,mild_master_39,,-0.00874271828691219
1259,constant,7.0,6.523929132178272e-19,0.8928905977160384,7.478143476655888e-10,0.13962250168662543,0.00010441171001822138,9,5,hbr,False,S9_D5 hbr,mild_master_39,,
1267,Linear,7.0,5.101232585007348e-19,0.07334985333939247,7.700096696204664e-14,2.1047965139197884,1.6207136683016855e-07,9,6,hbr,False,S9_D6 hbr,mild_master_39,,
1268,ShortHbO,7.0,5.101232585007348e-19,5.085100573767054e-07,0.0005445809996055841,-17.40432439981795,-9478.064379112715,9,6,hbr,True,S9_D6 hbr,mild_master_39,,
1269,az_itd=0_az=15,7.0,5.101232585007348e-19,2.2366076815150415e-06,5.347845221639406e-10,-14.00883474708871,-0.007491707996295443,9,6,hbr,True,S9_D6 hbr,mild_master_39,,0.0014521002779167924
1270,az_itd=0_az=5,7.0,5.101232585007348e-19,1.2072401891342551e-05,5.350682751064403e-10,-10.902271429840642,-0.005833459568707057,9,6,hbr,True,S9_D6 hbr,mild_master_39,,-0.0004975455896046708
1271,az_itd=15_az=0,7.0,5.101232585007348e-19,8.749552377640085e-06,5.344985285033723e-10,-11.441452034055994,-0.006115439276144845,9,6,hbr,True,S9_D6 hbr,mild_master_39,,-0.004789682685749802
1272,az_itd=5_az=0,7.0,5.101232585007348e-19,2.6674802883974563e-07,5.340202257353879e-10,-19.1176136867586,-0.010209192376524769,9,6,hbr,True,S9_D6 hbr,mild_master_39,,-0.011235540889795755
1273,constant,7.0,5.101232585007348e-19,0.46868733410121455,6.612668300759004e-10,0.7660478089955816,0.000506562006341097,9,6,hbr,False,S9_D6 hbr,mild_master_39,,
1281,Linear,7.0,2.2690946968039414e-18,0.37750551621741935,1.6239958937922832e-13,-0.942108586012106,-1.529980475190114e-07,9,7,hbr,False,S9_D7 hbr,mild_master_39,,
1282,ShortHbO,7.0,2.2690946968039414e-18,1.2100417675070692e-07,0.0011485535079483874,21.43984232161011,24624.80610834559,9,7,hbr,True,S9_D7 hbr,mild_master_39,,
1283,az_itd=0_az=15,7.0,2.2690946968039414e-18,0.0007591998562476698,1.1278921581413136e-09,5.669182471439905,0.00639422645260926,9,7,hbr,True,S9_D7 hbr,mild_master_39,,-0.0030849694085606787
1284,az_itd=0_az=5,7.0,2.2690946968039414e-18,5.6619739644597334e-05,1.1284906098642619e-09,8.615400572375336,0.009722398646144754,9,7,hbr,True,S9_D7 hbr,mild_master_39,,0.017293428916496857
1285,az_itd=15_az=0,7.0,2.2690946968039414e-18,0.003796602454118735,1.1272889806115532e-09,4.249259561245846,0.004790143479150725,9,7,hbr,True,S9_D7 hbr,mild_master_39,,-0.0064270534252496075
1286,az_itd=5_az=0,7.0,2.2690946968039414e-18,9.308718809112504e-05,1.1262802118105338e-09,7.973676636290952,0.008980594210830478,9,7,hbr,True,S9_D7 hbr,mild_master_39,,-0.002971446968201528
1287,constant,7.0,2.2690946968039414e-18,0.6648490384915808,1.3946508194807718e-09,-0.452135842439337,-0.0006305716231746505,9,7,hbr,False,S9_D7 hbr,mild_master_39,,
1211,Linear,7.0,4.128946722429577e-18,0.08251477259468076,2.1906765325150295e-13,-2.0250374379012297,-4.4362019926745857e-07,9,15,hbr,False,S9_D15 hbr,mild_master_39,,
1212,ShortHbO,7.0,4.128946722429577e-18,0.04850326401360855,0.0015493322525125604,2.3852924211067683,3695.6104796944883,9,15,hbr,True,S9_D15 hbr,mild_master_39,,
1213,az_itd=0_az=15,7.0,4.128946722429577e-18,0.00015312568685472793,1.521461286628068e-09,7.371259606891264,0.011215086125570288,9,15,hbr,True,S9_D15 hbr,mild_master_39,,0.014363951713825407
1214,az_itd=0_az=5,7.0,4.128946722429577e-18,1.7797088761832624e-05,1.5222685633892451e-09,10.282719503649869,0.01565306064655566,9,15,hbr,True,S9_D15 hbr,mild_master_39,,0.00885631203307004
1215,az_itd=15_az=0,7.0,4.128946722429577e-18,2.1962916000949237e-07,1.5206476350268307e-09,19.6648980152113,0.029903380659874877,9,15,hbr,True,S9_D15 hbr,mild_master_39,,0.0079869789350822
1216,az_itd=5_az=0,7.0,4.128946722429577e-18,0.0002949615611893104,1.5192868642591376e-09,6.63361497529281,0.010078364094515069,9,15,hbr,True,S9_D15 hbr,mild_master_39,,0.00961263691350306
1217,constant,7.0,4.128946722429577e-18,0.6767322770110975,1.8813032920637173e-09,-0.43489332130953817,-0.0008181662370761581,9,15,hbr,False,S9_D15 hbr,mild_master_39,,
1225,Linear,7.0,4.986141328935631e-19,0.0010006051029484884,7.612738440083004e-14,5.4073178292495525,4.116449629647426e-07,9,16,hbr,True,S9_D16 hbr,mild_master_39,,
1226,ShortHbO,7.0,4.986141328935631e-19,1.6246882444417377e-05,0.0005384026815506975,10.425295977886345,5613.00731045371,9,16,hbr,True,S9_D16 hbr,mild_master_39,,
1227,az_itd=0_az=15,7.0,4.986141328935631e-19,5.175158839619233e-09,5.287173459841759e-10,-33.768497491933424,-0.017853990371808345,9,16,hbr,True,S9_D16 hbr,mild_master_39,,-0.005500967216723995
1228,az_itd=0_az=5,7.0,4.986141328935631e-19,2.4122247384280865e-09,5.289978797252548e-10,-37.679198942787444,-0.019932216350480616,9,16,hbr,True,S9_D16 hbr,mild_master_39,,-0.008439623965310073
1229,az_itd=15_az=0,7.0,4.986141328935631e-19,6.198666993513636e-09,5.28434596946167e-10,-32.90430280154938,-0.017387771988731378,9,16,hbr,True,S9_D16 hbr,mild_master_39,,-0.019226976547002048
1230,az_itd=5_az=0,7.0,4.986141328935631e-19,6.70955939214694e-08,5.279617205640265e-10,-23.348712091680426,-0.012327226208877688,9,16,hbr,True,S9_D16 hbr,mild_master_39,,-0.009337204082045076
1231,constant,7.0,4.986141328935631e-19,0.20848312773199246,6.537647012864008e-10,1.3853457631025252,0.0009056901589931033,9,16,hbr,False,S9_D16 hbr,mild_master_39,,
1239,Linear,7.0,4.626912649299667e-18,0.06835325613710479,2.319018785513736e-13,2.152574807315508,4.991861415388275e-07,9,17,hbr,False,S9_D17 hbr,mild_master_39,,
1240,ShortHbO,7.0,4.626912649299667e-18,3.50884524224528e-08,0.0016401009209945007,-25.63891572153237,-42050.40928818563,9,17,hbr,True,S9_D17 hbr,mild_master_39,,
1241,az_itd=0_az=15,7.0,4.626912649299667e-18,8.081446324029067e-06,1.6105971158926365e-09,-11.578162268301691,-0.01864775475666365,9,17,hbr,True,S9_D17 hbr,mild_master_39,,0.016838287090346165
1242,az_itd=0_az=5,7.0,4.626912649299667e-18,9.646343854433067e-08,1.6114516875039595e-09,-22.154813731303392,-0.035701411973644744,9,17,hbr,True,S9_D17 hbr,mild_master_39,,-0.014010816559273402
1243,az_itd=15_az=0,7.0,4.626912649299667e-18,1.473393282826135e-05,1.6097357959669758e-09,-10.580179637507593,-0.01703129389025687,9,17,hbr,True,S9_D17 hbr,mild_master_39,,-0.01117869886822797
1244,az_itd=5_az=0,7.0,4.626912649299667e-18,2.442350572583622e-06,1.6082953035317757e-09,-13.828257894754682,-0.022239922228160153,9,17,hbr,True,S9_D17 hbr,mild_master_39,,0.005011171293658821
1245,constant,7.0,4.626912649299667e-18,0.4165172894819027,1.991520706407469e-09,0.8633993574165638,0.0017194776981939899,9,17,hbr,False,S9_D17 hbr,mild_master_39,,
49,Linear,7.0,9.66314618294031e-18,0.19997286295596603,3.3513353783344535e-13,-1.415020326872748,-4.742207682511023e-07,10,6,hbr,False,S10_D6 hbr,mild_master_39,,
50,ShortHbO,7.0,9.66314618294031e-18,2.256204029580423e-05,0.002370195651239684,-9.919664887767839,-23511.54657874232,10,6,hbr,True,S10_D6 hbr,mild_master_39,,
51,az_itd=0_az=15,7.0,9.66314618294031e-18,7.093460750971886e-05,2.3275581588437535e-09,8.319313167991426,0.01936368524013472,10,6,hbr,True,S10_D6 hbr,mild_master_39,,0.015531382227652768
52,az_itd=0_az=5,7.0,9.66314618294031e-18,1.3645496780984683e-05,2.328793144990583e-09,10.703222355225277,0.024925590850158587,10,6,hbr,True,S10_D6 hbr,mild_master_39,,0.016531347954520978
53,az_itd=15_az=0,7.0,9.66314618294031e-18,0.04780982138292787,2.3263134203548017e-09,-2.395090200264923,-0.00557173047583656,10,6,hbr,True,S10_D6 hbr,mild_master_39,,-0.00775705850348331
54,az_itd=5_az=0,7.0,9.66314618294031e-18,0.003627645550698459,2.3242316893699277e-09,4.2861900267211945,0.009962098686766736,10,6,hbr,True,S10_D6 hbr,mild_master_39,,0.006488829490864621
55,constant,7.0,9.66314618294031e-18,0.9522079264414758,2.878050769472492e-09,0.062114616607903045,0.0001787690201238642,10,6,hbr,False,S10_D6 hbr,mild_master_39,,
7,Linear,7.0,5.181562203604874e-19,0.5932021643543366,7.7604869774574e-14,-0.5595936770376102,-4.3427194433178755e-08,10,14,hbr,False,S10_D14 hbr,mild_master_39,,
8,ShortHbO,7.0,5.181562203604874e-19,0.3237147596625037,0.0005488520368442837,-1.0614824981940005,-582.5968312083357,10,14,hbr,False,S10_D14 hbr,mild_master_39,,
9,az_itd=0_az=15,7.0,5.181562203604874e-19,0.0002612256882740443,5.389787276365821e-10,6.765756624564523,0.0036465988970065632,10,14,hbr,True,S10_D14 hbr,mild_master_39,,0.0006236395608457643
10,az_itd=0_az=5,7.0,5.181562203604874e-19,0.3543030999972555,5.392647059952916e-10,-0.9918655241711061,-0.0005348780702789973,10,14,hbr,False,S10_D14 hbr,mild_master_39,,-0.012498800760946793
11,az_itd=15_az=0,7.0,5.181562203604874e-19,0.02421945753219787,5.386904909863114e-10,-2.8634016123294943,-0.001542487220436771,10,14,hbr,True,S10_D14 hbr,mild_master_39,,-0.007395093123985318
12,az_itd=5_az=0,7.0,5.181562203604874e-19,0.004422894495994295,5.382084369876837e-10,4.126582615854193,0.002220961579779433,10,14,hbr,True,S10_D14 hbr,mild_master_39,,-0.015663203555867374
13,constant,7.0,5.181562203604874e-19,0.9558771955931888,6.664530103833597e-10,0.05733949949017853,3.82140820491046e-05,10,14,hbr,False,S10_D14 hbr,mild_master_39,,
21,Linear,7.0,5.663658116994471e-19,0.13013552042056079,8.113479275993942e-14,1.7146015619173716,1.391138423920344e-07,10,15,hbr,False,S10_D15 hbr,mild_master_39,,
22,ShortHbO,7.0,5.663658116994471e-19,0.0006561747349354539,0.0005738170348663025,5.810936231963899,3334.4141984226885,10,15,hbr,True,S10_D15 hbr,mild_master_39,,
23,az_itd=0_az=15,7.0,5.663658116994471e-19,0.0010168401123309126,5.634946298581038e-10,-5.392307527419581,-0.0030385363342443636,10,15,hbr,True,S10_D15 hbr,mild_master_39,,-0.007583960450972959
24,az_itd=0_az=5,7.0,5.663658116994471e-19,2.841117086834764e-06,5.637936161837702e-10,-13.523006942714357,-0.007624184985911157,10,15,hbr,True,S10_D15 hbr,mild_master_39,,-0.016175665951362727
25,az_itd=15_az=0,7.0,5.663658116994471e-19,1.1592970111548424e-05,5.631932825205789e-10,-10.968854031866142,-0.006177584907695779,10,15,hbr,True,S10_D15 hbr,mild_master_39,,-0.018978202814596223
26,az_itd=5_az=0,7.0,5.663658116994471e-19,2.729841809670937e-06,5.626893018890622e-10,-13.603029397832435,-0.007654279115442722,10,15,hbr,True,S10_D15 hbr,mild_master_39,,-0.015024339442994698
27,constant,7.0,5.663658116994471e-19,0.6513770317014382,6.96767187919535e-10,0.4718662220245928,0.0003287809005942905,10,15,hbr,False,S10_D15 hbr,mild_master_39,,
35,Linear,7.0,2.085918598954604e-18,0.24839443469550523,1.5570669790349803e-13,-1.2589833138914421,-1.9603213452163963e-07,10,16,hbr,False,S10_D16 hbr,mild_master_39,,
36,ShortHbO,7.0,2.085918598954604e-18,0.001148170245407199,0.0011012187578289326,5.279906228988284,5814.3317789397215,10,16,hbr,True,S10_D16 hbr,mild_master_39,,
37,az_itd=0_az=15,7.0,2.085918598954604e-18,0.8963014470961598,1.0814089136970234e-09,-0.13514475467874196,-0.00014614674234898905,10,16,hbr,False,S10_D16 hbr,mild_master_39,,-0.004366728051561846
38,az_itd=0_az=5,7.0,2.085918598954604e-18,0.0004128246266064824,1.0819827017342415e-09,6.278004654547602,0.006792692437627557,10,16,hbr,True,S10_D16 hbr,mild_master_39,,-0.00865561821623958
39,az_itd=15_az=0,7.0,2.085918598954604e-18,4.178179621004232e-07,1.0808305946152596e-09,17.90966586659381,0.019357314807951203,10,16,hbr,True,S10_D16 hbr,mild_master_39,,-0.0060486127136726
40,az_itd=5_az=0,7.0,2.085918598954604e-18,1.5156476283060217e-05,1.0798633996885041e-09,10.535167483581697,0.011376541775108313,10,16,hbr,True,S10_D16 hbr,mild_master_39,,-0.008800600114755466
41,constant,7.0,2.085918598954604e-18,0.5347275585729268,1.3371737863367642e-09,-0.6528019598134391,-0.0008729096683317966,10,16,hbr,False,S10_D16 hbr,mild_master_39,,
119,Linear,7.0,9.854009966930234e-18,0.11933513063117904,3.3842708639902527e-13,-1.7740099900707644,-6.003730321824125e-07,11,3,hbr,False,S11_D3 hbr,mild_master_39,,
120,ShortHbO,7.0,9.854009966930234e-18,0.1749879096164622,0.0023934889167772076,-1.5092046509632493,-3612.264605229151,11,3,hbr,False,S11_D3 hbr,mild_master_39,,
121,az_itd=0_az=15,7.0,9.854009966930234e-18,0.002088519556800503,2.3504324014066492e-09,4.747934472249912,0.011159699023331773,11,3,hbr,True,S11_D3 hbr,mild_master_39,,0.01454021538350998
122,az_itd=0_az=5,7.0,9.854009966930234e-18,6.824457088095643e-07,2.3516795244672557e-09,16.673004822802067,0.03920956405312743,11,3,hbr,True,S11_D3 hbr,mild_master_39,,0.060806129139263025
123,az_itd=15_az=0,7.0,9.854009966930234e-18,0.0010253609162309274,2.349175430162088e-09,5.384535970891974,0.012649219605643391,11,3,hbr,True,S11_D3 hbr,mild_master_39,,0.02940012090900416
124,az_itd=5_az=0,7.0,9.854009966930234e-18,0.0013032897059130886,2.347073240818604e-09,5.164276718926008,0.012120935695173732,11,3,hbr,True,S11_D3 hbr,mild_master_39,,-0.0017358183009928009
125,constant,7.0,9.854009966930234e-18,0.8874845390016065,2.906335017133116e-09,-0.14672613321123915,-0.0004264352988803626,11,3,hbr,False,S11_D3 hbr,mild_master_39,,
133,Linear,7.0,5.658106849727568e-19,0.017686242421564843,8.109502064359371e-14,3.0851804245990886,2.501927702220743e-07,11,4,hbr,True,S11_D4 hbr,mild_master_39,,
134,ShortHbO,7.0,5.658106849727568e-19,7.321673013291975e-11,0.0005735357508807825,62.16291234166508,35652.65260681314,11,4,hbr,True,S11_D4 hbr,mild_master_39,,
135,az_itd=0_az=15,7.0,5.658106849727568e-19,3.293753502514294e-05,5.632184058952816e-10,-9.363995835762216,-0.0052739748074280505,11,4,hbr,True,S11_D4 hbr,mild_master_39,,-0.0071584285744191395
136,az_itd=0_az=5,7.0,5.658106849727568e-19,4.2605768452582197e-07,5.635172456584374e-10,-17.858802965949476,-0.010063743458128582,11,4,hbr,True,S11_D4 hbr,mild_master_39,,-0.01683155146597791
137,az_itd=15_az=0,7.0,5.658106849727568e-19,7.169962762727918e-08,5.629172062776308e-10,-23.125864645811163,-0.013017947119174651,11,4,hbr,True,S11_D4 hbr,mild_master_39,,-0.015352393454500067
138,az_itd=5_az=0,7.0,5.658106849727568e-19,2.2416047222106698e-07,5.624134726964317e-10,-19.606689919069375,-0.011027066565465926,11,4,hbr,True,S11_D4 hbr,mild_master_39,,-0.023037229953343476
139,constant,7.0,5.658106849727568e-19,0.574445953595919,6.964256340100329e-10,0.5888781281184545,0.00041010982372953605,11,4,hbr,False,S11_D4 hbr,mild_master_39,,
63,Linear,7.0,1.6649525190124223e-18,0.4096060871709569,1.3911038188180856e-13,0.8769356111702216,1.219908477556467e-07,11,11,hbr,False,S11_D11 hbr,mild_master_39,,
64,ShortHbO,7.0,1.6649525190124223e-18,1.4163219240087703e-08,0.0009838431101527594,-29.2182438425615,-28746.16789526742,11,11,hbr,True,S11_D11 hbr,mild_master_39,,
65,az_itd=0_az=15,7.0,1.6649525190124223e-18,0.0034298626041117134,9.661447386676939e-10,-4.331900942075586,-0.0041852433036159535,11,11,hbr,True,S11_D11 hbr,mild_master_39,,0.0046051561954674304
66,az_itd=0_az=5,7.0,1.6649525190124223e-18,4.0518220205213345e-05,9.666573683364965e-10,-9.071420834000872,-0.00876895579046815,11,11,hbr,True,S11_D11 hbr,mild_master_39,,0.002881926032625136
67,az_itd=15_az=0,7.0,1.6649525190124223e-18,0.9058410946364277,9.656280609049713e-10,-0.12263720301543762,-0.00011842192454260633,11,11,hbr,False,S11_D11 hbr,mild_master_39,,0.008785102371986818
68,az_itd=5_az=0,7.0,1.6649525190124223e-18,0.018498265634080198,9.647639564224622e-10,3.053253645540638,0.0029456690670330923,11,11,hbr,True,S11_D11 hbr,mild_master_39,,-0.00711762428979989
69,constant,7.0,1.6649525190124223e-18,0.8824354526872056,1.1946483906231001e-09,-0.15336831764897893,-0.00018322121385192506,11,11,hbr,False,S11_D11 hbr,mild_master_39,,
77,Linear,7.0,4.8645101085967465e-19,0.11740967259912674,7.519313143802222e-14,1.7851377672849607,1.3423009877043556e-07,11,12,hbr,False,S11_D12 hbr,mild_master_39,,
78,ShortHbO,7.0,4.8645101085967465e-19,1.5489471672034979e-09,0.0005317952786511841,-40.151127608966334,-21352.180094969503,11,12,hbr,True,S11_D12 hbr,mild_master_39,,
79,az_itd=0_az=15,7.0,4.8645101085967465e-19,0.1201643820735417,5.222288037748075e-10,-1.76927037639188,-0.0009239639522173349,11,12,hbr,False,S11_D12 hbr,mild_master_39,,-0.0019084888262895167
80,az_itd=0_az=5,7.0,4.8645101085967465e-19,9.611050797616788e-06,5.225058947405849e-10,-11.281717183210297,-0.005894763731023528,11,12,hbr,True,S11_D12 hbr,mild_master_39,,-0.010387805367485799
81,az_itd=15_az=0,7.0,4.8645101085967465e-19,0.00048131934495321683,5.21949524698739e-10,-6.120400133442713,-0.0031945399406165228,11,12,hbr,True,S11_D12 hbr,mild_master_39,,-0.011281567651922042
82,az_itd=5_az=0,7.0,4.8645101085967465e-19,2.579307316972569e-06,5.214824515655151e-10,-13.717399577139043,-0.007153383160590228,11,12,hbr,True,S11_D12 hbr,mild_master_39,,-0.01336457936163211
83,constant,7.0,4.8645101085967465e-19,0.7475184278113212,6.457415488562571e-10,-0.33489140959853664,-0.00021625329753281427,11,12,hbr,False,S11_D12 hbr,mild_master_39,,
91,Linear,7.0,4.950535156204506e-19,0.12064977847930383,7.585508352717064e-14,1.7665105729957085,1.3399880706621955e-07,11,13,hbr,False,S11_D13 hbr,mild_master_39,,
92,ShortHbO,7.0,4.950535156204506e-19,6.09759845315179e-08,0.0005364768631120277,-23.67354228852585,-12700.307705698282,11,13,hbr,True,S11_D13 hbr,mild_master_39,,
93,az_itd=0_az=15,7.0,4.950535156204506e-19,0.22405764626289232,5.268261711281959e-10,-1.3337116350448754,-0.0007026341940798175,11,13,hbr,False,S11_D13 hbr,mild_master_39,,-0.0006372414923807791
94,az_itd=0_az=5,7.0,4.950535156204506e-19,9.24234129816742e-05,5.271057014250689e-10,-7.982622380057628,-0.004207685768851729,11,13,hbr,True,S11_D13 hbr,mild_master_39,,-0.01387560929164524
95,az_itd=15_az=0,7.0,4.950535156204506e-19,1.8050101561260383e-05,5.265444334583127e-10,-10.2607908272936,-0.005402762292991561,11,13,hbr,True,S11_D13 hbr,mild_master_39,,-0.008821159625999962
96,az_itd=5_az=0,7.0,4.950535156204506e-19,0.006991594361254958,5.26073248512874e-10,-3.7690517867165223,-0.001982797317251213,11,13,hbr,True,S11_D13 hbr,mild_master_39,,-0.014050931414920774
97,constant,7.0,4.950535156204506e-19,0.6735128942157986,6.514262431779408e-10,-0.4395502136630852,-0.0002863345443746048,11,13,hbr,False,S11_D13 hbr,mild_master_39,,
105,Linear,7.0,5.071529331042583e-19,0.31206261377155525,7.677646059110776e-14,1.0893792243159504,8.36386810844651e-08,11,20,hbr,False,S11_D20 hbr,mild_master_39,,
106,ShortHbO,7.0,5.071529331042583e-19,1.1850351220599821e-08,0.0005429932026112427,-29.977414799912445,-16277.532468210124,11,20,hbr,True,S11_D20 hbr,mild_master_39,,
107,az_itd=0_az=15,7.0,5.071529331042583e-19,0.0024457056818842056,5.332252880784195e-10,-4.613200171945842,-0.002459874990649236,11,20,hbr,True,S11_D20 hbr,mild_master_39,,-0.007715687955389102
108,az_itd=0_az=5,7.0,5.071529331042583e-19,0.000244189705174516,5.33508213702174e-10,-6.839991191480184,-0.0036491914823051984,11,20,hbr,True,S11_D20 hbr,mild_master_39,,-0.016484296312981407
109,az_itd=15_az=0,7.0,5.071529331042583e-19,0.0768851121445181,5.329401282697024e-10,-2.072915504671843,-0.0011047398549520668,11,20,hbr,False,S11_D20 hbr,mild_master_39,,-0.008522284702436019
110,az_itd=5_az=0,7.0,5.071529331042583e-19,0.22466332990899512,5.32463220055876e-10,-1.3317680761595645,-0.0007091175181995408,11,20,hbr,False,S11_D20 hbr,mild_master_39,,-0.016597332467755667
111,constant,7.0,5.071529331042583e-19,0.651550086469141,6.593388203105715e-10,-0.4716114982025902,-0.00031095176886979705,11,20,hbr,False,S11_D20 hbr,mild_master_39,,
189,Linear,7.0,7.14563658007095e-19,0.0835853689276151,9.113371592252794e-14,-2.01629977882864,-1.837528912584252e-07,12,2,hbr,False,S12_D2 hbr,mild_master_39,,
190,ShortHbO,7.0,7.14563658007095e-19,0.0001730579540933163,0.0006445333360465955,7.22892144203638,4659.2808530544735,12,2,hbr,True,S12_D2 hbr,mild_master_39,,
191,az_itd=0_az=15,7.0,7.14563658007095e-19,0.0002111617627704577,6.3293881421873e-10,7.002093265834222,0.004431896608726067,12,2,hbr,True,S12_D2 hbr,mild_master_39,,-0.0004332175544494108
192,az_itd=0_az=5,7.0,7.14563658007095e-19,1.8473769133224956e-07,6.332746471449152e-10,20.164774410992358,0.012769840399878002,12,2,hbr,True,S12_D2 hbr,mild_master_39,,0.0035719671785931608
193,az_itd=15_az=0,7.0,7.14563658007095e-19,0.00015527867370053293,6.326003293133299e-10,7.354906721140289,0.00465271641386217,12,2,hbr,True,S12_D2 hbr,mild_master_39,,0.0015198866364760466
194,az_itd=5_az=0,7.0,7.14563658007095e-19,0.018327616468054447,6.320342389082063e-10,3.0598378012072494,0.001933922255868583,12,2,hbr,True,S12_D2 hbr,mild_master_39,,-0.003489941731431378
195,constant,7.0,7.14563658007095e-19,0.9587094923596329,7.82635670936851e-10,-0.05365462986983799,-4.199202724704906e-05,12,2,hbr,False,S12_D2 hbr,mild_master_39,,
203,Linear,7.0,3.5912455384200493e-19,0.6270726603019068,6.460723667019657e-14,0.507989729926141,3.281981270736743e-08,12,3,hbr,False,S12_D3 hbr,mild_master_39,,
204,ShortHbO,7.0,3.5912455384200493e-19,1.3725015820793455e-07,0.0004569276843620956,-21.052220636743147,-9619.34242622697,12,3,hbr,True,S12_D3 hbr,mild_master_39,,
205,az_itd=0_az=15,7.0,3.5912455384200493e-19,0.2969443390833436,4.4870800399212737e-10,-1.1268573939184852,-0.0005056299320089338,12,3,hbr,False,S12_D3 hbr,mild_master_39,,0.0038094220162354134
206,az_itd=0_az=5,7.0,3.5912455384200493e-19,8.943524873638187e-05,4.489460853336381e-10,-8.023812809766863,-0.0036022593503947328,12,3,hbr,True,S12_D3 hbr,mild_master_39,,-0.00508132201642506
207,az_itd=15_az=0,7.0,3.5912455384200493e-19,0.0010598011574407796,4.484680425884789e-10,-5.353841130122356,-0.0024010266519556623,12,3,hbr,True,S12_D3 hbr,mild_master_39,,-0.0017768708931099862
208,az_itd=5_az=0,7.0,3.5912455384200493e-19,1.0411344047891043e-06,4.480667252888349e-10,-15.674205963906184,-0.00702309013775017,12,3,hbr,True,S12_D3 hbr,mild_master_39,,-0.008234999941118388
209,constant,7.0,3.5912455384200493e-19,0.4337046385497023,5.548322868974115e-10,0.8304240017407835,0.0004607460479803389,12,3,hbr,False,S12_D3 hbr,mild_master_39,,
217,Linear,7.0,4.8748756867085194e-18,0.1702089900663424,2.3803476424706025e-13,-1.5286000487824158,-3.6385995223996715e-07,12,4,hbr,False,S12_D4 hbr,mild_master_39,,
218,ShortHbO,7.0,4.8748756867085194e-18,0.0009203213848854631,0.0016834750908834323,5.485765488547026,9235.149554396901,12,4,hbr,True,S12_D4 hbr,mild_master_39,,
219,az_itd=0_az=15,7.0,4.8748756867085194e-18,2.949766192193032e-05,1.6531910270557319e-09,9.523108718577001,0.015743517883227708,12,4,hbr,True,S12_D4 hbr,mild_master_39,,0.011802600216027104
220,az_itd=0_az=5,7.0,4.8748756867085194e-18,0.000756460373169086,1.6540681986996366e-09,5.67266695645398,0.009382978014484783,12,4,hbr,True,S12_D4 hbr,mild_master_39,,0.0026198453364438797
221,az_itd=15_az=0,7.0,4.8748756867085194e-18,0.06018728081956127,1.6523069286313178e-09,-2.238766888193973,-0.003699130040953277,12,4,hbr,False,S12_D4 hbr,mild_master_39,,0.0196606696619432
222,az_itd=5_az=0,7.0,4.8748756867085194e-18,0.06084834289606809,1.6508283408796599e-09,2.2313632934154697,0.003683597763568833,12,4,hbr,False,S12_D4 hbr,mild_master_39,,-0.011927555370841343
223,constant,7.0,4.8748756867085194e-18,0.6221374212968511,2.0441885369972255e-09,0.5154134570578963,0.0010536022807318634,12,4,hbr,False,S12_D4 hbr,mild_master_39,,
147,Linear,7.0,3.1118460911006373e-18,0.3493376471535291,1.901812383477909e-13,-1.0028377823178252,-1.9072093130315634e-07,12,10,hbr,False,S12_D10 hbr,mild_master_39,,
148,ShortHbO,7.0,3.1118460911006373e-18,4.183677278134336e-06,0.0013450362115155835,12.770298328711794,17176.5136839743,12,10,hbr,True,S12_D10 hbr,mild_master_39,,
149,az_itd=0_az=15,7.0,3.1118460911006373e-18,2.619846521105316e-07,1.3208403308038998e-09,19.16772371635057,0.025317502534262237,12,10,hbr,True,S12_D10 hbr,mild_master_39,,0.0396483846788883
150,az_itd=0_az=5,7.0,3.1118460911006373e-18,0.012015355991936507,1.3215411594833115e-09,-3.3641872223708544,-0.004445911882570919,12,10,hbr,True,S12_D10 hbr,mild_master_39,,-0.002242530052718247
151,az_itd=15_az=0,7.0,3.1118460911006373e-18,0.003574274042357109,1.320133967875324e-09,4.298250065413888,0.005674265913775206,12,10,hbr,True,S12_D10 hbr,mild_master_39,,0.0051978699737410036
152,az_itd=5_az=0,7.0,3.1118460911006373e-18,0.05971873045004232,1.3189526292985591e-09,2.244064373411533,0.0029598146056263653,12,10,hbr,False,S12_D10 hbr,mild_master_39,,-0.012756119265837598
153,constant,7.0,3.1118460911006373e-18,0.8835175981368685,1.633233316201596e-09,-0.15194409370012965,-0.00024816015603110875,12,10,hbr,False,S12_D10 hbr,mild_master_39,,
161,Linear,7.0,8.991398544633467e-19,0.5448126805251017,1.022285593404768e-13,0.6363066547316,6.504871261196965e-08,12,11,hbr,False,S12_D11 hbr,mild_master_39,,
162,ShortHbO,7.0,8.991398544633467e-19,1.60004753102162e-07,0.0007230004145443513,-20.58943058555168,-14886.166848586008,12,11,hbr,True,S12_D11 hbr,mild_master_39,,
163,az_itd=0_az=15,7.0,8.991398544633467e-19,0.005779064925368917,7.099943470236107e-10,-3.9159471413167175,-0.0027803003335781376,12,11,hbr,True,S12_D11 hbr,mild_master_39,,0.005218797310190274
164,az_itd=0_az=5,7.0,8.991398544633467e-19,3.5993582450405096e-06,7.103710650787836e-10,-13.058139661005695,-0.009276124578936121,12,11,hbr,True,S12_D11 hbr,mild_master_39,,-0.006928136917959221
165,az_itd=15_az=0,7.0,8.991398544633467e-19,0.0020100468750989683,7.096146541307304e-10,-4.780958716778409,-0.0033926383662200113,12,11,hbr,True,S12_D11 hbr,mild_master_39,,-0.006092776115253425
166,az_itd=5_az=0,7.0,8.991398544633467e-19,2.567973597839657e-07,7.089796464830509e-10,-19.223489000016375,-0.013629062435402427,12,11,hbr,True,S12_D11 hbr,mild_master_39,,-0.01411092484299227
167,constant,7.0,8.991398544633467e-19,0.1909534409259859,8.779156684048269e-10,1.4477283294053092,0.0012709833839784654,12,11,hbr,False,S12_D11 hbr,mild_master_39,,
175,Linear,7.0,4.107038123771966e-18,0.4260836469741912,2.1848568293639998e-13,-0.8449279155781566,-1.8460465266712245e-07,12,12,hbr,False,S12_D12 hbr,mild_master_39,,
176,ShortHbO,7.0,4.107038123771966e-18,4.2325731473954184e-08,0.0015452163304865972,-24.95469614312735,-38560.40400269128,12,12,hbr,True,S12_D12 hbr,mild_master_39,,
177,az_itd=0_az=15,7.0,4.107038123771966e-18,0.021097754422903226,1.517419405997798e-09,-2.960243878123418,-0.004491931507150656,12,12,hbr,True,S12_D12 hbr,mild_master_39,,0.0070740545394537314
178,az_itd=0_az=5,7.0,4.107038123771966e-18,3.5737173327650704e-08,1.518224538165266e-09,25.571270673089824,0.038822930607950806,12,12,hbr,True,S12_D12 hbr,mild_master_39,,0.024424005446872107
179,az_itd=15_az=0,7.0,4.107038123771966e-18,0.14058734481140556,1.5166079159255302e-09,-1.6614064465943956,-0.002519702168474767,12,12,hbr,False,S12_D12 hbr,mild_master_39,,-0.005947488073376482
180,az_itd=5_az=0,7.0,4.107038123771966e-18,0.00013956317185792407,1.515250760151565e-09,7.480620175434133,0.011335015407231704,12,12,hbr,True,S12_D12 hbr,mild_master_39,,-0.000416147509887409
181,constant,7.0,4.107038123771966e-18,0.34428892177975096,1.876305463066893e-09,-1.0141191477495497,-0.0019027972971232218,12,12,hbr,False,S12_D12 hbr,mild_master_39,,
231,Linear,7.0,6.812819789745911e-19,0.4593090687750241,8.898607822356021e-14,0.7829706718481512,6.967348945183308e-08,13,1,hbr,False,S13_D1 hbr,mild_master_39,,
232,ShortHbO,7.0,6.812819789745911e-19,4.6307641027252494e-12,0.0006293444010106114,92.25750035573448,58061.74130011599,13,1,hbr,True,S13_D1 hbr,mild_master_39,,
233,az_itd=0_az=15,7.0,6.812819789745911e-19,2.1267778156253635e-05,6.18023113209549e-10,10.008994000874738,0.0061857896325163055,13,1,hbr,True,S13_D1 hbr,mild_master_39,,0.00891179474168962
234,az_itd=0_az=5,7.0,6.812819789745911e-19,0.7837735448696256,6.183510319686717e-10,-0.2851609390670898,-0.0001763295609492905,13,1,hbr,False,S13_D1 hbr,mild_master_39,,0.006165665881627293
235,az_itd=15_az=0,7.0,6.812819789745911e-19,2.489636550207545e-07,6.176926049671874e-10,-19.31018625949641,-0.011927759253029928,13,1,hbr,True,S13_D1 hbr,mild_master_39,,-0.01518265521307509
236,az_itd=5_az=0,7.0,6.812819789745911e-19,0.03696622532233646,6.171398549277315e-10,-2.5707724765352102,-0.0015865261532211445,13,1,hbr,True,S13_D1 hbr,mild_master_39,,-0.006959506788639193
237,constant,7.0,6.812819789745911e-19,0.8559670303437149,7.641922457517118e-10,-0.18832253696787085,-0.00014391462245113697,13,1,hbr,False,S13_D1 hbr,mild_master_39,,
273,Linear,7.0,5.800805580705159e-19,0.013232243620043674,8.211127038593643e-14,3.293848489970931,2.704620839703115e-07,13,2,hbr,True,S13_D2 hbr,mild_master_39,,
274,ShortHbO,7.0,5.800805580705159e-19,6.614212648694078e-12,0.0005807230671232745,87.67317512847629,50913.83516504474,13,2,hbr,True,S13_D2 hbr,mild_master_39,,
275,az_itd=0_az=15,7.0,5.800805580705159e-19,0.013930871376294129,5.702764293760238e-10,-3.2565367882266543,-0.001857126171721561,13,2,hbr,True,S13_D2 hbr,mild_master_39,,-0.0123099653713911
276,az_itd=0_az=5,7.0,5.800805580705159e-19,9.575922486666705e-08,5.705790140772769e-10,-22.178309526252548,-0.012654477983389856,13,2,hbr,True,S13_D2 hbr,mild_master_39,,-0.017816582617511904
277,az_itd=15_az=0,7.0,5.800805580705159e-19,6.186028275810947e-08,5.699714552475411e-10,-23.624358385557983,-0.013465209928305934,13,2,hbr,True,S13_D2 hbr,mild_master_39,,-0.022870918918785465
278,az_itd=5_az=0,7.0,5.800805580705159e-19,6.074236560498168e-07,5.694614090824368e-10,-16.958901714365457,-0.009657440066753106,13,2,hbr,True,S13_D2 hbr,mild_master_39,,-0.020662838852191244
279,constant,7.0,5.800805580705159e-19,0.8414448532173051,7.051529561749044e-10,0.2076091772993021,0.00014639622510164273,13,2,hbr,False,S13_D2 hbr,mild_master_39,,
287,Linear,7.0,4.8787077873145e-19,0.03145516937464519,7.530278174969852e-14,-2.6818428391414337,-2.0195022600285922e-07,13,3,hbr,True,S13_D3 hbr,mild_master_39,,
288,ShortHbO,7.0,4.8787077873145e-19,1.2622723722532595e-07,0.0005325707686053451,21.30905116441147,11348.577756881241,13,3,hbr,True,S13_D3 hbr,mild_master_39,,
289,az_itd=0_az=15,7.0,4.8787077873145e-19,2.628393440161812e-07,5.229903434261711e-10,19.158656363860263,0.010019792271319277,13,3,hbr,True,S13_D3 hbr,mild_master_39,,0.0029011003661800535
290,az_itd=0_az=5,7.0,4.8787077873145e-19,1.252079367400403e-05,5.232678384595832e-10,10.842662240865,0.005673616433924769,13,3,hbr,True,S13_D3 hbr,mild_master_39,,-0.0014331159008903354
291,az_itd=15_az=0,7.0,4.8787077873145e-19,0.04113317840601707,5.227106570916582e-10,2.497654062328949,0.0013055503961076143,13,3,hbr,True,S13_D3 hbr,mild_master_39,,-0.005244442652825422
292,az_itd=5_az=0,7.0,4.8787077873145e-19,7.80970665170324e-06,5.222429028494866e-10,11.637487373634967,0.006077595187881373,13,3,hbr,True,S13_D3 hbr,mild_master_39,,0.0031124163343608235
293,constant,7.0,4.8787077873145e-19,0.7949939963274051,6.466832008494687e-10,0.2699363262143055,0.00017456328746181342,13,3,hbr,False,S13_D3 hbr,mild_master_39,,
301,Linear,7.0,3.1625500619577577e-18,0.29687284473459125,1.9172437067055093e-13,-1.1270382873982567,-2.160807063730463e-07,13,9,hbr,False,S13_D9 hbr,mild_master_39,,
302,ShortHbO,7.0,3.1625500619577577e-18,0.10099243881030283,0.0013559498477464967,1.887860733231837,2559.8444737922987,13,9,hbr,False,S13_D9 hbr,mild_master_39,,
303,az_itd=0_az=15,7.0,3.1625500619577577e-18,2.7919005106447354e-05,1.3315576414354625e-09,9.603330089158304,0.01278738756344584,13,9,hbr,True,S13_D9 hbr,mild_master_39,,0.005528703500675649
304,az_itd=0_az=5,7.0,3.1625500619577577e-18,4.725619684237511e-05,1.3322641566452456e-09,8.859271331184669,0.011802889648532145,13,9,hbr,True,S13_D9 hbr,mild_master_39,,0.02828346298025127
305,az_itd=15_az=0,7.0,3.1625500619577577e-18,5.118605282765655e-06,1.3308455470715666e-09,12.39360449233227,0.01649397335078657,13,9,hbr,True,S13_D9 hbr,mild_master_39,,0.017532040865876744
306,az_itd=5_az=0,7.0,3.1625500619577577e-18,0.0003172238358870883,1.3296546231026897e-09,-6.555398391935874,-0.008716415778117473,13,9,hbr,True,S13_D9 hbr,mild_master_39,,-0.03143344017402267
307,constant,7.0,3.1625500619577577e-18,0.8672123436217039,1.646485386399132e-09,-0.17344278784753903,-0.0002855710155672979,13,9,hbr,False,S13_D9 hbr,mild_master_39,,
245,Linear,7.0,1.039657107064852e-18,0.7341051691478984,1.0992682380753427e-13,0.35352152534438713,3.88614984287032e-08,13,10,hbr,False,S13_D10 hbr,mild_master_39,,
246,ShortHbO,7.0,1.039657107064852e-18,1.5654751883414365e-06,0.0007774455562626973,-14.76389613053791,-11478.12543981073,13,10,hbr,True,S13_D10 hbr,mild_master_39,,
247,az_itd=0_az=15,7.0,1.039657107064852e-18,0.017928875945812765,7.634600741038456e-10,-3.0754799876632384,-0.00234800617928627,13,10,hbr,True,S13_D10 hbr,mild_master_39,,-0.004862507113029647
248,az_itd=0_az=5,7.0,1.039657107064852e-18,0.0002483895358511492,7.638651607013999e-10,-6.821161234545208,-0.0052104474225960346,13,10,hbr,True,S13_D10 hbr,mild_master_39,,-0.0004139396764327702
249,az_itd=15_az=0,7.0,1.039657107064852e-18,0.2589040452666352,7.630517886500948e-10,-1.2286464344598438,-0.0009375208594331453,13,10,hbr,False,S13_D10 hbr,mild_master_39,,-0.013101148666373007
250,az_itd=5_az=0,7.0,1.039657107064852e-18,3.8809094130845954e-06,7.623689621067761e-10,-12.913289779596418,-0.009844691326654961,13,10,hbr,True,S13_D10 hbr,mild_master_39,,-0.025750943820454647
251,constant,7.0,1.039657107064852e-18,0.5041028098919945,9.440266166442973e-10,0.70411712652939,0.0006647053086788447,13,10,hbr,False,S13_D10 hbr,mild_master_39,,
259,Linear,7.0,1.8226692070136187e-18,0.6018006106812963,1.4555011222920489e-13,-0.5463437406500643,-7.952039276734047e-08,13,11,hbr,False,S13_D11 hbr,mild_master_39,,
260,ShortHbO,7.0,1.8226692070136187e-18,2.440948155313038e-05,0.0010293874056095174,-9.80175050102558,-10089.79851868251,13,11,hbr,True,S13_D11 hbr,mild_master_39,,
261,az_itd=0_az=15,7.0,1.8226692070136187e-18,0.0035448036075780317,1.010869736970565e-09,-4.30499444108264,-0.004351788598316954,13,11,hbr,True,S13_D11 hbr,mild_master_39,,-0.006580680167555956
262,az_itd=0_az=5,7.0,1.8226692070136187e-18,0.0033750230328772717,1.011406097411942e-09,-4.3450899060710135,-0.004394650424803305,13,11,hbr,True,S13_D11 hbr,mild_master_39,,-0.013844245964991024
263,az_itd=15_az=0,7.0,1.8226692070136187e-18,0.000858431481278839,1.0103291410399574e-09,5.551639819312324,0.005608983490009045,13,11,hbr,True,S13_D11 hbr,mild_master_39,,0.002126749855348755
264,az_itd=5_az=0,7.0,1.8226692070136187e-18,0.006474392305670704,1.009425035230559e-09,-3.8280245086413194,-0.003864103774498707,13,11,hbr,True,S13_D11 hbr,mild_master_39,,-0.021354473348943324
265,constant,7.0,1.8226692070136187e-18,0.3228408935593977,1.2499513334480297e-09,1.0635464837942241,0.0013293813456025539,13,11,hbr,False,S13_D11 hbr,mild_master_39,,
315,Linear,7.0,4.692189545026316e-19,0.17695941301666337,7.384930120114567e-14,1.5013438993087591,1.1087319782655507e-07,14,1,hbr,False,S14_D1 hbr,mild_master_39,,
316,ShortHbO,7.0,4.692189545026316e-19,0.0020088260881542803,0.0005222911848381914,-4.781483681682451,-2497.326777390405,14,1,hbr,True,S14_D1 hbr,mild_master_39,,
317,az_itd=0_az=15,7.0,4.692189545026316e-19,0.0001720029755071218,5.128956792771411e-10,-7.235981902567418,-0.0037113038531544156,14,1,hbr,True,S14_D1 hbr,mild_master_39,,0.0026578383150787617
318,az_itd=0_az=5,7.0,4.692189545026316e-19,5.342705757058085e-06,5.131678181520686e-10,-12.314908260720186,-0.006319614602896664,14,1,hbr,True,S14_D1 hbr,mild_master_39,,-0.0018457645506365968
319,az_itd=15_az=0,7.0,4.692189545026316e-19,2.0508617735492446e-05,5.126213913972067e-10,-10.064309030495583,-0.005159180098664118,14,1,hbr,True,S14_D1 hbr,mild_master_39,,-0.008465236217189559
320,az_itd=5_az=0,7.0,4.692189545026316e-19,7.96402275237106e-09,5.121626656620398e-10,-31.7403973768958,-0.01625624652972337,14,1,hbr,True,S14_D1 hbr,mild_master_39,,-0.020381745921991896
321,constant,7.0,4.692189545026316e-19,0.07522370975837885,6.342010397437223e-10,2.087712089718588,0.0013240291779850677,14,1,hbr,False,S14_D1 hbr,mild_master_39,,
343,Linear,7.0,8.48970370890712e-19,0.2587882831476344,9.933559174153863e-14,-1.2289748369791929,-1.2208094266678907e-07,14,2,hbr,False,S14_D2 hbr,mild_master_39,,
344,ShortHbO,7.0,8.48970370890712e-19,1.9908198490648466e-07,0.0007025402145103331,19.94721262741871,14013.719038149966,14,2,hbr,True,S14_D2 hbr,mild_master_39,,
345,az_itd=0_az=15,7.0,8.48970370890712e-19,4.6370122522228066e-05,6.899022058976885e-10,8.885143723502892,0.006129880254562647,14,2,hbr,True,S14_D2 hbr,mild_master_39,,0.017201456675851604
346,az_itd=0_az=5,7.0,8.48970370890712e-19,8.253210011361571e-05,6.902682632027288e-10,8.125228768251542,0.00560858754998584,14,2,hbr,True,S14_D2 hbr,mild_master_39,,0.009034526249352219
347,az_itd=15_az=0,7.0,8.48970370890712e-19,8.065045517919739e-05,6.895332579399198e-10,-8.154542068304705,-0.005622827959366275,14,2,hbr,True,S14_D2 hbr,mild_master_39,,-0.004407251270762204
348,az_itd=5_az=0,7.0,8.48970370890712e-19,0.0425917723600418,6.889162203835892e-10,2.4738547315316475,0.0017042786514248416,14,2,hbr,True,S14_D2 hbr,mild_master_39,,-0.002201402168033598
349,constant,7.0,8.48970370890712e-19,0.6862468987394259,8.530715191799862e-10,0.4211908852127702,0.00035930594831322106,14,2,hbr,False,S14_D2 hbr,mild_master_39,,
357,Linear,7.0,3.2146049542792633e-18,0.1563162953056598,1.9329580161603103e-13,1.5879680201511155,3.069475513957316e-07,14,9,hbr,False,S14_D9 hbr,mild_master_39,,
358,ShortHbO,7.0,3.2146049542792633e-18,0.0017473908201760834,0.0013670636229218462,4.90287343439436,6702.53991995043,14,9,hbr,True,S14_D9 hbr,mild_master_39,,
359,az_itd=0_az=15,7.0,3.2146049542792633e-18,8.821749550644948e-06,1.342471490708374e-09,-11.427392809251183,-0.015340949059545587,14,9,hbr,True,S14_D9 hbr,mild_master_39,,-0.01728343471043925
360,az_itd=0_az=5,7.0,3.2146049542792633e-18,3.046096228391953e-06,1.3431837967305625e-09,-13.384530344401451,-0.017977884285448564,14,9,hbr,True,S14_D9 hbr,mild_master_39,,0.002648934005749841
361,az_itd=15_az=0,7.0,3.2146049542792633e-18,2.771622107979718e-06,1.3417535598036376e-09,-13.572555427824426,-0.01821102456091561,14,9,hbr,True,S14_D9 hbr,mild_master_39,,-0.022451275593271782
362,az_itd=5_az=0,7.0,3.2146049542792633e-18,2.3485588640610633e-07,1.3405528746616147e-09,-19.474461641755408,-0.02610654553634256,14,9,hbr,True,S14_D9 hbr,mild_master_39,,-0.03381729970125027
363,constant,7.0,3.2146049542792633e-18,0.17489767198564438,1.6599804787466474e-09,1.509566375288606,0.0025058507143514213,14,9,hbr,False,S14_D9 hbr,mild_master_39,,
329,Linear,7.0,3.902206668677796e-18,0.0638716941919399,2.129677044879062e-13,-2.198506241928956,-4.68210827645943e-07,14,10,hbr,False,S14_D10 hbr,mild_master_39,,
330,ShortHbO,7.0,3.902206668677796e-18,6.471123465535299e-06,0.0015061910255087525,11.968591492637811,18026.985094191477,14,10,hbr,True,S14_D10 hbr,mild_master_39,,
331,az_itd=0_az=15,7.0,3.902206668677796e-18,0.0018007866624571945,1.479096127936327e-09,4.876512693007508,0.007212831042059756,14,10,hbr,True,S14_D10 hbr,mild_master_39,,0.0004714068415140462
332,az_itd=0_az=5,7.0,3.902206668677796e-18,3.4619243932895046e-06,1.4798809260393902e-09,13.133605762967498,0.019436172658736615,14,10,hbr,True,S14_D10 hbr,mild_master_39,,0.04194277450049203
333,az_itd=15_az=0,7.0,3.902206668677796e-18,3.861315815896233e-06,1.4783051325009147e-09,12.922977477102613,0.019104103931594518,14,10,hbr,True,S14_D10 hbr,mild_master_39,,0.012277662153553791
334,az_itd=5_az=0,7.0,3.902206668677796e-18,0.003562196843238779,1.4769822524571085e-09,4.301006541321923,0.006352510329234413,14,10,hbr,True,S14_D10 hbr,mild_master_39,,-0.017466063851490934
335,constant,7.0,3.902206668677796e-18,0.6876054169139714,1.8289183163722144e-09,0.41924165647281336,0.0007667587445093561,14,10,hbr,False,S14_D10 hbr,mild_master_39,,
371,Linear,7.0,8.327409469271031e-18,0.035193925470771256,3.11109717437839e-13,2.604499214812615,8.102850147874261e-07,15,17,hbr,True,S15_D17 hbr,mild_master_39,,
372,ShortHbO,7.0,8.327409469271031e-18,6.538814698819184e-10,0.0022002897832804824,-45.43452693575477,-99969.1254249231,15,17,hbr,True,S15_D17 hbr,mild_master_39,,
373,az_itd=0_az=15,7.0,8.327409469271031e-18,1.141813628385954e-06,2.160708730613207e-09,-15.463649353259004,-0.03341244216472801,15,17,hbr,True,S15_D17 hbr,mild_master_39,,-0.018601953663607028
374,az_itd=0_az=5,7.0,8.327409469271031e-18,9.564686564572922e-07,2.1618551876155817e-09,-15.870080942069585,-0.03430881681249231,15,17,hbr,True,S15_D17 hbr,mild_master_39,,-0.01502828751294447
375,az_itd=15_az=0,7.0,8.327409469271031e-18,1.9616204206400778e-06,2.159553220358742e-09,-14.282150846567871,-0.03084306485435498,15,17,hbr,True,S15_D17 hbr,mild_master_39,,-0.05054687688695629
376,az_itd=5_az=0,7.0,8.327409469271031e-18,0.029455226661563444,2.157620716847835e-09,-2.727255158684511,-0.0058843822305078295,15,17,hbr,True,S15_D17 hbr,mild_master_39,,0.005968517807962278
377,constant,7.0,8.327409469271031e-18,0.975899667289714,2.6717396517543785e-09,0.03130567118926876,8.3640603041154e-05,15,17,hbr,False,S15_D17 hbr,mild_master_39,,
385,Linear,7.0,3.5137690072567764e-18,0.018291859368746836,2.020901844813712e-13,3.061225674591396,6.186436613172852e-07,15,18,hbr,True,S15_D18 hbr,mild_master_39,,
386,ShortHbO,7.0,3.5137690072567764e-18,3.357247020819372e-08,0.0014292609433020143,-25.802722601185803,-36878.82364473103,15,18,hbr,True,S15_D18 hbr,mild_master_39,,
387,az_itd=0_az=15,7.0,3.5137690072567764e-18,1.3775869461961962e-07,1.4035499423684136e-09,-21.04094505728435,-0.029532017222528406,15,18,hbr,True,S15_D18 hbr,mild_master_39,,-0.021560914583050518
388,az_itd=0_az=5,7.0,3.5137690072567764e-18,4.091225384541116e-06,1.4042946561916203e-09,-12.812679357486001,-0.017992777153214273,15,18,hbr,True,S15_D18 hbr,mild_master_39,,-0.006634162577098844
389,az_itd=15_az=0,7.0,3.5137690072567764e-18,8.674137716079814e-07,1.402799347747268e-09,-16.098667970637745,-0.022583200928810464,15,18,hbr,True,S15_D18 hbr,mild_master_39,,-0.04540375130272415
390,az_itd=5_az=0,7.0,3.5137690072567764e-18,1.5994282794308262e-06,1.4015440350098635e-09,-14.717422070821288,-0.02062711511408209,15,18,hbr,True,S15_D18 hbr,mild_master_39,,-0.022565185759379214
391,constant,7.0,3.5137690072567764e-18,0.6170782856115183,1.7355046430432296e-09,0.5230561607409899,0.0009077663955383538,15,18,hbr,False,S15_D18 hbr,mild_master_39,,
399,Linear,7.0,1.2874076415835344e-17,0.8802288241512604,3.868268914066512e-13,0.15627358853446904,6.045082646175074e-08,15,22,hbr,False,S15_D22 hbr,mild_master_39,,
400,ShortHbO,7.0,1.2874076415835344e-17,1.1076309256117345e-09,0.002735791295976677,-42.128909167505086,-115255.90300945246,15,22,hbr,True,S15_D22 hbr,mild_master_39,,
401,az_itd=0_az=15,7.0,1.2874076415835344e-17,0.06603634622613067,2.6865770969218235e-09,-2.1759298136896947,-0.005845803201968104,15,22,hbr,False,S15_D22 hbr,mild_master_39,,-0.020001472823359186
402,az_itd=0_az=5,7.0,1.2874076415835344e-17,0.017986428859464283,2.688002576016505e-09,-3.0731995262870546,-0.008260768243272305,15,22,hbr,True,S15_D22 hbr,mild_master_39,,0.005681126984595086
403,az_itd=15_az=0,7.0,1.2874076415835344e-17,0.4524019694471686,2.685140361215191e-09,-0.795586557469064,-0.0021362615763004327,15,22,hbr,False,S15_D22 hbr,mild_master_39,,-0.034700514602325205
404,az_itd=5_az=0,7.0,1.2874076415835344e-17,0.013557551180513055,2.682737529404237e-09,3.276218462527825,0.008789234223950445,15,22,hbr,True,S15_D22 hbr,mild_master_39,,0.007816988715267904
405,constant,7.0,1.2874076415835344e-17,0.9783817973672768,3.3219815589416063e-09,0.028080428040875415,9.32826641189749e-05,15,22,hbr,False,S15_D22 hbr,mild_master_39,,
413,Linear,7.0,3.3822411466207158e-18,0.41962033563672774,1.9827177781309092e-13,0.8573746145769975,1.6999318908399491e-07,16,16,hbr,False,S16_D16 hbr,mild_master_39,,
414,ShortHbO,7.0,3.3822411466207158e-18,6.349706704518144e-06,0.0014022556756754711,-12.002421322774898,-16830.463421709395,16,16,hbr,True,S16_D16 hbr,mild_master_39,,
415,az_itd=0_az=15,7.0,3.3822411466207158e-18,0.0002929988256882154,1.3770304729891478e-09,-6.640827085842844,-0.009144621263057316,16,16,hbr,True,S16_D16 hbr,mild_master_39,,-0.00809593627505618
416,az_itd=0_az=5,7.0,3.3822411466207158e-18,4.308981004486515e-06,1.3777611157666191e-09,-12.71452782786128,-0.017517582046559888,16,16,hbr,True,S16_D16 hbr,mild_master_39,,-0.002424146023107642
417,az_itd=15_az=0,7.0,3.3822411466207158e-18,0.7950955311157322,1.376294060528872e-09,-0.2697988858989122,-0.0003713226041999797,16,16,hbr,False,S16_D16 hbr,mild_master_39,,-0.02100287715854716
418,az_itd=5_az=0,7.0,3.3822411466207158e-18,0.4467894834154229,1.3750624663829446e-09,0.8059363806428982,0.0011082128673145673,16,16,hbr,False,S16_D16 hbr,mild_master_39,,0.008973138858822009
419,constant,7.0,3.3822411466207158e-18,0.9543404545213205,1.7027130331051503e-09,0.05933919619052658,0.00010103762272759309,16,16,hbr,False,S16_D16 hbr,mild_master_39,,
427,Linear,7.0,7.673668054261414e-17,0.34887517754661385,9.444090077972896e-13,1.0038658634869595,9.480599640972888e-07,16,18,hbr,False,S16_D18 hbr,mild_master_39,,
428,ShortHbO,7.0,7.673668054261414e-17,1.724149565142128e-07,0.006679230427797942,-20.367658013423323,-136040.28114623963,16,18,hbr,True,S16_D18 hbr,mild_master_39,,
429,az_itd=0_az=15,7.0,7.673668054261414e-17,1.4684431113846958e-05,6.5590776309488924e-09,-10.585548607106512,-0.06943143508019452,16,18,hbr,True,S16_D18 hbr,mild_master_39,,0.03543149266821351
430,az_itd=0_az=5,7.0,7.673668054261414e-17,0.03513799381943779,6.562557831853615e-09,-2.605592090008952,-0.017099348776904076,16,18,hbr,True,S16_D18 hbr,mild_master_39,,0.020905281800882698
431,az_itd=15_az=0,7.0,7.673668054261414e-17,0.015572697406426424,6.555569947865553e-09,3.176204909936851,0.020821833455845037,16,18,hbr,True,S16_D18 hbr,mild_master_39,,0.07095049827199894
432,az_itd=5_az=0,7.0,7.673668054261414e-17,3.943876828822131e-06,6.5497036131900224e-09,-12.882529373672085,-0.08437674918576665,16,18,hbr,True,S16_D18 hbr,mild_master_39,,-0.043690401509438904
433,constant,7.0,7.673668054261414e-17,0.8946386207836803,8.11037023975369e-09,0.13732731308185783,0.0011137753531244375,16,18,hbr,False,S16_D18 hbr,mild_master_39,,
441,Linear,7.0,8.43034872763464e-18,0.6413460954858359,3.1302670255989326e-13,0.48668983679746325,1.5234691478212252e-07,16,22,hbr,False,S16_D22 hbr,mild_master_39,,
442,ShortHbO,7.0,8.43034872763464e-18,0.002562782003544029,0.0022138474529460063,-4.573721584698099,-10125.521880768058,16,22,hbr,True,S16_D22 hbr,mild_master_39,,
443,az_itd=0_az=15,7.0,8.43034872763464e-18,0.0009455412700465824,2.1740225111141516e-09,-5.460325994819185,-0.011870871630758683,16,22,hbr,True,S16_D22 hbr,mild_master_39,,-0.010511323446442428
444,az_itd=0_az=5,7.0,8.43034872763464e-18,0.036240270796261125,2.175176032315725e-09,-2.5843801107656406,-0.005621481675330879,16,22,hbr,True,S16_D22 hbr,mild_master_39,,0.011686689376891548
445,az_itd=15_az=0,7.0,8.43034872763464e-18,0.0008174063694385548,2.1728598808764712e-09,-5.598296886792641,-0.012164314706547377,16,22,hbr,True,S16_D22 hbr,mild_master_39,,-0.04815096806317266
446,az_itd=5_az=0,7.0,8.43034872763464e-18,0.01531015045821973,2.170915469732112e-09,3.188424754305358,0.00692180062319831,16,22,hbr,True,S16_D22 hbr,mild_master_39,,0.01822003217643438
447,constant,7.0,8.43034872763464e-18,0.9086673826097543,2.6882022849520666e-09,0.11893591856429199,0.00031972380804740265,16,22,hbr,False,S16_D22 hbr,mild_master_39,,
455,Linear,7.0,6.209815830045333e-18,0.6587002540794296,2.686568859551407e-13,0.46111630203327386,1.2388206976740948e-07,16,23,hbr,False,S16_D23 hbr,mild_master_39,,
456,ShortHbO,7.0,6.209815830045333e-18,0.4422214002601582,0.0019000467302766094,-0.8144273681735473,-1547.4500579459332,16,23,hbr,False,S16_D23 hbr,mild_master_39,,
457,az_itd=0_az=15,7.0,6.209815830045333e-18,1.4852982918527369e-05,1.8658667553147497e-09,-10.56735082294792,-0.019717268592286487,16,23,hbr,True,S16_D23 hbr,mild_master_39,,-0.014566355595230252
458,az_itd=0_az=5,7.0,6.209815830045333e-18,0.0017458643450458692,1.866856771218708e-09,-4.903640109152023,-0.009154393741390099,16,23,hbr,True,S16_D23 hbr,mild_master_39,,0.00843629765718664
459,az_itd=15_az=0,7.0,6.209815830045333e-18,0.00022609717890160818,1.864868921530545e-09,-6.925494279115097,-0.012915139047359329,16,23,hbr,True,S16_D23 hbr,mild_master_39,,-0.030739075913835238
460,az_itd=5_az=0,7.0,6.209815830045333e-18,0.00014855644744728085,1.8632001199912894e-09,7.406840382356629,0.0138004258891632,16,23,hbr,True,S16_D23 hbr,mild_master_39,,0.041791704694414476
461,constant,7.0,6.209815830045333e-18,0.7284709251104656,2.3071643690030963e-09,0.36138798109507464,0.0008337814733685208,16,23,hbr,False,S16_D23 hbr,mild_master_39,,
469,Linear,7.0,2.3356913383722614e-18,0.20960411988421054,1.6476552310566262e-13,1.381517543852313,2.2762646079247656e-07,17,15,hbr,False,S17_D15 hbr,mild_master_39,,
470,ShortHbO,7.0,2.3356913383722614e-18,4.568284579931405e-09,0.0011652863179970876,34.37888929770965,40061.24932655756,17,15,hbr,True,S17_D15 hbr,mild_master_39,,
471,az_itd=0_az=15,7.0,2.3356913383722614e-18,0.0011913515913000402,1.1443239613677116e-09,-5.246048799248205,-0.006003179343484033,17,15,hbr,True,S17_D15 hbr,mild_master_39,,-0.025585771262015618
472,az_itd=0_az=5,7.0,2.3356913383722614e-18,0.0032517040477332204,1.1449311316909985e-09,-4.375629850228284,-0.005009794836282783,17,15,hbr,True,S17_D15 hbr,mild_master_39,,-0.0031952419824758313
473,az_itd=15_az=0,7.0,2.3356913383722614e-18,8.810809223681598e-07,1.1437119963892503e-09,-16.061893211515855,-0.01837017995073375,17,15,hbr,True,S17_D15 hbr,mild_master_39,,-0.03391054683673032
474,az_itd=5_az=0,7.0,2.3356913383722614e-18,0.008302111796449468,1.1426885312448621e-09,-3.6386356279927585,-0.0041578272014862715,17,15,hbr,True,S17_D15 hbr,mild_master_39,,-0.01196536740072107
475,constant,7.0,2.3356913383722614e-18,0.9541636085645826,1.4149689214108426e-09,-0.05956933563526948,-8.428875859299772e-05,17,15,hbr,False,S17_D15 hbr,mild_master_39,,
483,Linear,7.0,3.291887364616574e-17,0.6952284201333876,6.185589567625571e-13,-0.4083366174301795,-2.5258027208556323e-07,17,17,hbr,False,S17_D17 hbr,mild_master_39,,
484,ShortHbO,7.0,3.291887364616574e-17,4.5364844965237485e-09,0.004374691231537065,-34.4133941051937,-150547.9734394202,17,17,hbr,True,S17_D17 hbr,mild_master_39,,
485,az_itd=0_az=15,7.0,3.291887364616574e-17,0.2764708942730352,4.295994831929021e-09,-1.1801905085798257,-0.005070092325550614,17,17,hbr,False,S17_D17 hbr,mild_master_39,,0.039395400141984935
486,az_itd=0_az=5,7.0,3.291887364616574e-17,0.07477306135346297,4.2982742568637425e-09,2.0917817098427416,0.00899105147439548,17,17,hbr,False,S17_D17 hbr,mild_master_39,,0.01308389577517947
487,az_itd=15_az=0,7.0,3.291887364616574e-17,0.4473391696396244,4.293697407009553e-09,-0.8049187382232997,-0.0034560774991627837,17,17,hbr,False,S17_D17 hbr,mild_master_39,,0.009222643317402733
488,az_itd=5_az=0,7.0,3.291887364616574e-17,0.08387507456636792,4.289855137582898e-09,-2.013954363302238,-0.008639572472269602,17,17,hbr,False,S17_D17 hbr,mild_master_39,,0.02519242509340327
489,constant,7.0,3.291887364616574e-17,0.698514112177304,5.312043948162911e-09,0.4036530373111326,0.0021442226740061797,17,17,hbr,False,S17_D17 hbr,mild_master_39,,
497,Linear,7.0,3.141478934135409e-18,0.9600328552847732,1.9108460209309513e-13,-0.051933199345938964,-9.923634732440135e-09,17,21,hbr,False,S17_D21 hbr,mild_master_39,,
498,ShortHbO,7.0,3.141478934135409e-18,2.6000570681805374e-09,0.0013514251537696165,37.27596552852785,50375.67744630168,17,21,hbr,True,S17_D21 hbr,mild_master_39,,
499,az_itd=0_az=15,7.0,3.141478934135409e-18,0.016320378449282014,1.3271143422602868e-09,-3.142575026820516,-0.004170556389722513,17,21,hbr,True,S17_D21 hbr,mild_master_39,,-0.0267162948345172
500,az_itd=0_az=5,7.0,3.141478934135409e-18,0.2696424688025398,1.3278184998864765e-09,1.1987094733625512,0.001591668614719971,17,21,hbr,False,S17_D21 hbr,mild_master_39,,0.0034907846429334524
501,az_itd=15_az=0,7.0,3.141478934135409e-18,0.023192273737921064,1.326404624097166e-09,-2.893735612743695,-0.003838264297657883,17,21,hbr,True,S17_D21 hbr,mild_master_39,,-0.02305543240267886
502,az_itd=5_az=0,7.0,3.141478934135409e-18,0.018866784057201373,1.3252176741443766e-09,3.0392526504334314,0.004027671328544524,17,21,hbr,True,S17_D21 hbr,mild_master_39,,-0.01564083136184926
503,constant,7.0,3.141478934135409e-18,0.8383506203017661,1.6409911990416551e-09,0.21172965837496688,0.0003474465059694169,17,21,hbr,False,S17_D21 hbr,mild_master_39,,
511,Linear,7.0,4.338057222626323e-18,0.2331615606451932,2.2454648164821946e-13,1.3049695553498557,2.9302632231185145e-07,17,22,hbr,False,S17_D22 hbr,mild_master_39,,
512,ShortHbO,7.0,4.338057222626323e-18,0.17850828643119937,0.0015880806729891756,-1.4952240288210155,-2374.536381959665,17,22,hbr,False,S17_D22 hbr,mild_master_39,,
513,az_itd=0_az=15,7.0,4.338057222626323e-18,4.1736613802596466e-05,1.559512661068605e-09,-9.030226370510205,-0.014082752357126261,17,22,hbr,True,S17_D22 hbr,mild_master_39,,-0.01258906516432706
514,az_itd=0_az=5,7.0,4.338057222626323e-18,0.003920326605397782,1.5603401276240192e-09,-4.223342958780319,-0.006589851491303286,17,22,hbr,True,S17_D22 hbr,mild_master_39,,-0.00751800125751685
515,az_itd=15_az=0,7.0,4.338057222626323e-18,1.8267848904458157e-06,1.5586786602399408e-09,-14.432607524044403,-0.02249579735934642,17,22,hbr,True,S17_D22 hbr,mild_master_39,,-0.04449196446401621
516,az_itd=5_az=0,7.0,4.338057222626323e-18,0.006227542062158846,1.557283856928361e-09,-3.858006548143725,-0.006008011317348133,17,22,hbr,True,S17_D22 hbr,mild_master_39,,-0.01323564559517502
517,constant,7.0,4.338057222626323e-18,0.7379708238585578,1.9283542269982396e-09,0.34813855469713423,0.0006713344535312767,17,22,hbr,False,S17_D22 hbr,mild_master_39,,
525,Linear,7.0,4.141670749224351e-18,0.06072996001877189,2.1940494005907493e-13,2.232683136655715,4.898617097688545e-07,17,23,hbr,False,S17_D23 hbr,mild_master_39,,
526,ShortHbO,7.0,4.141670749224351e-18,6.8373686283963725e-06,0.001551717676930826,11.87075940349278,18420.067204992578,17,23,hbr,True,S17_D23 hbr,mild_master_39,,
527,az_itd=0_az=15,7.0,4.141670749224351e-18,9.740217283230167e-06,1.5238037996033723e-09,-11.259175374402123,-0.017156774215914675,17,23,hbr,True,S17_D23 hbr,mild_master_39,,-0.025033022239762875
528,az_itd=0_az=5,7.0,4.141670749224351e-18,9.648450899001408e-06,1.5246123192856178e-09,-11.275154981123965,-0.017190240186076195,17,23,hbr,True,S17_D23 hbr,mild_master_39,,-0.0072984573292471
529,az_itd=15_az=0,7.0,4.141670749224351e-18,1.7942703284630645e-07,1.5229888952660648e-09,-20.250258089707067,-0.030840918196895658,17,23,hbr,True,S17_D23 hbr,mild_master_39,,-0.04844591571398908
530,az_itd=5_az=0,7.0,4.141670749224351e-18,6.095855150696133e-05,1.5216260293920369e-09,-8.517445486121941,-0.012960366755610858,17,23,hbr,True,S17_D23 hbr,mild_master_39,,-0.013009533960195128
531,constant,7.0,4.141670749224351e-18,0.6438731807891499,1.8841998346250526e-09,0.48294431421099765,0.0009099635969694712,17,23,hbr,False,S17_D23 hbr,mild_master_39,,
539,Linear,7.0,2.078838777775444e-17,0.7439047707820866,4.915514947680183e-13,-0.33989739138667446,-1.6707707080386997e-07,18,16,hbr,False,S18_D16 hbr,mild_master_39,,
540,ShortHbO,7.0,2.078838777775444e-17,1.6530628894441365e-05,0.0034764447115362748,-10.398073945009823,-36148.32917629253,18,16,hbr,True,S18_D16 hbr,mild_master_39,,
541,az_itd=0_az=15,7.0,2.078838777775444e-17,0.0003901894387207601,3.413906884806455e-09,6.336639773769323,0.02163269815020951,18,16,hbr,True,S18_D16 hbr,mild_master_39,,0.015700362474133363
542,az_itd=0_az=5,7.0,2.078838777775444e-17,1.1667272026971477e-06,3.415718280020483e-09,-15.414802761436329,-0.05265262357514829,18,16,hbr,True,S18_D16 hbr,mild_master_39,,-0.056587529374565584
543,az_itd=15_az=0,7.0,2.078838777775444e-17,0.00011750458691857951,3.412081185508214e-09,7.686948308708639,0.026228491698118937,18,16,hbr,True,S18_D16 hbr,mild_master_39,,0.02856478012351565
544,az_itd=5_az=0,7.0,2.078838777775444e-17,0.00022508088398083686,3.409027841507088e-09,6.930523627611223,0.02362634800274936,18,16,hbr,True,S18_D16 hbr,mild_master_39,,-0.042126399685480945
545,constant,7.0,2.078838777775444e-17,0.7764517723840856,4.221332686958747e-09,-0.2951357487080557,-0.0012458661831113583,18,16,hbr,False,S18_D16 hbr,mild_master_39,,
553,Linear,7.0,3.3967546871792575e-18,0.027864203253965436,1.9869672460489646e-13,2.7657489115961824,5.495452498137187e-07,18,21,hbr,True,S18_D21 hbr,mild_master_39,,
554,ShortHbO,7.0,3.3967546871792575e-18,0.00010560799900963974,0.0014052610658386194,7.817272113264572,10985.30814183669,18,21,hbr,True,S18_D21 hbr,mild_master_39,,
555,az_itd=0_az=15,7.0,3.3967546871792575e-18,5.5934163830309585e-06,1.3799817991343484e-09,-12.231198494795764,-0.016878831304417592,18,21,hbr,True,S18_D21 hbr,mild_master_39,,-0.022428169708416407
556,az_itd=0_az=5,7.0,3.3967546871792575e-18,4.214870304793413e-06,1.3807140078649155e-09,-12.756238927150115,-0.017612717774387884,18,21,hbr,True,S18_D21 hbr,mild_master_39,,-0.01936265375181996
557,az_itd=15_az=0,7.0,3.3967546871792575e-18,2.647116680204813e-07,1.3792438083550811e-09,-19.138910016221907,-0.02639722313853911,18,21,hbr,True,S18_D21 hbr,mild_master_39,,-0.05221339115669425
558,az_itd=5_az=0,7.0,3.3967546871792575e-18,2.1794993966732518e-05,1.3780095745900062e-09,-9.971880801799784,-0.013741347221550371,18,21,hbr,True,S18_D21 hbr,mild_master_39,,-0.022495817689909492
559,constant,7.0,3.3967546871792575e-18,0.9611896970445468,1.7063623797179878e-09,0.05042852376429859,8.604933581611365e-05,18,21,hbr,False,S18_D21 hbr,mild_master_39,,
567,Linear,7.0,4.8680546532218004e-18,0.07490070133967372,2.3786817420873786e-13,2.0906265709700946,4.972935253889309e-07,18,22,hbr,False,S18_D22 hbr,mild_master_39,,
568,ShortHbO,7.0,4.8680546532218004e-18,1.1572424368279242e-07,0.0016822969008791606,21.578773930764214,36301.90450849666,18,22,hbr,True,S18_D22 hbr,mild_master_39,,
569,az_itd=0_az=15,7.0,4.8680546532218004e-18,1.7335831766946235e-05,1.6520340315327352e-09,-10.32362219066749,-0.01705497518766922,18,22,hbr,True,S18_D22 hbr,mild_master_39,,-0.026665699575034358
570,az_itd=0_az=5,7.0,4.8680546532218004e-18,5.720520467922787e-07,1.652910589282874e-09,-17.108017556098496,-0.02827802338011252,18,22,hbr,True,S18_D22 hbr,mild_master_39,,-0.017637135133584184
571,az_itd=15_az=0,7.0,4.8680546532218004e-18,1.1033292171751347e-06,1.651150551849835e-09,-15.541541030332054,-0.025661424048829623,18,22,hbr,True,S18_D22 hbr,mild_master_39,,-0.058667882539699255
572,az_itd=5_az=0,7.0,4.8680546532218004e-18,0.4077207338125932,1.6496729988965645e-09,0.8806570762166095,0.0014527961999217345,18,22,hbr,False,S18_D22 hbr,mild_master_39,,-0.012094448093479752
573,constant,7.0,4.8680546532218004e-18,0.846729725916424,2.042757899553179e-09,0.20058070147904328,0.0004097378124442337,18,22,hbr,False,S18_D22 hbr,mild_master_39,,
581,Linear,7.0,6.464666491497324e-18,0.05696009868018439,2.741142914089164e-13,2.2761327591919547,6.239205184385244e-07,18,23,hbr,False,S18_D23 hbr,mild_master_39,,
582,ShortHbO,7.0,6.464666491497324e-18,2.3929992509602905e-07,0.0019386436393093883,19.42152569151001,37651.417247529746,18,23,hbr,True,S18_D23 hbr,mild_master_39,,
583,az_itd=0_az=15,7.0,6.464666491497324e-18,1.82755332768997e-05,1.903769343853551e-09,-10.24154440407003,-0.01949753827018341,18,23,hbr,True,S18_D23 hbr,mild_master_39,,-0.025758630734453187
584,az_itd=0_az=5,7.0,6.464666491497324e-18,2.3515227273608884e-06,1.9047794706069835e-09,-13.905754690420988,-0.026487396057610666,18,23,hbr,True,S18_D23 hbr,mild_master_39,,-0.010596014805634378
585,az_itd=15_az=0,7.0,6.464666491497324e-18,2.896615376319278e-07,1.9027512404100876e-09,-18.890042711347085,-0.0359430522004152,18,23,hbr,True,S18_D23 hbr,mild_master_39,,-0.05008274662152968
586,az_itd=5_az=0,7.0,6.464666491497324e-18,0.0001604836141212322,1.9010485393986884e-09,-7.316406091857216,-0.013908843114572826,18,23,hbr,True,S18_D23 hbr,mild_master_39,,-0.015890282955589363
587,constant,7.0,6.464666491497324e-18,0.7244485796866675,2.3540313285652527e-09,0.36701928426662067,0.0008639748933512212,18,23,hbr,False,S18_D23 hbr,mild_master_39,,
595,Linear,7.0,5.255652923090894e-19,0.41068554788509837,7.815773318559112e-14,0.8748105023285923,6.837320582895105e-08,19,14,hbr,False,S19_D14 hbr,mild_master_39,,
596,ShortHbO,7.0,5.255652923090894e-19,5.203951543634064e-11,0.0005527621034433883,65.27491029470941,36081.49671658206,19,14,hbr,True,S19_D14 hbr,mild_master_39,,
597,az_itd=0_az=15,7.0,5.255652923090894e-19,0.0007038281023919003,5.428184559769866e-10,5.742489761023454,0.0031171294255424057,19,14,hbr,True,S19_D14 hbr,mild_master_39,,0.0048634157531540914
598,az_itd=0_az=5,7.0,5.255652923090894e-19,0.0007167865973125875,5.431064716688084e-10,-5.724770132889394,-0.0031091597079885343,19,14,hbr,True,S19_D14 hbr,mild_master_39,,-0.0024328386709866817
599,az_itd=15_az=0,7.0,5.255652923090894e-19,1.7403923357238516e-06,5.425281659053504e-10,-14.535816519611444,-0.007886089876321492,19,14,hbr,True,S19_D14 hbr,mild_master_39,,-0.011423339083131449
600,az_itd=5_az=0,7.0,5.255652923090894e-19,1.7446458235956116e-05,5.420426777147868e-10,-10.31370058312006,-0.005590465881222955,19,14,hbr,True,S19_D14 hbr,mild_master_39,,-0.0073914903301925804
601,constant,7.0,5.255652923090894e-19,0.6482097369268036,6.712008758932622e-10,0.4765342634232113,0.00031985021500280993,19,14,hbr,False,S19_D14 hbr,mild_master_39,,
609,Linear,7.0,8.532324162586756e-19,0.10469907116410866,9.95846244423301e-14,-1.8633252518624022,-1.8555854542062745e-07,19,15,hbr,False,S19_D15 hbr,mild_master_39,,
610,ShortHbO,7.0,8.532324162586756e-19,2.2052320337581999e-07,0.0007043014713163461,19.653305523204335,13841.851996222485,19,15,hbr,True,S19_D15 hbr,mild_master_39,,
611,az_itd=0_az=15,7.0,8.532324162586756e-19,0.06660778723667145,6.916317794231952e-10,2.1700940068688532,0.0015009059794863166,19,15,hbr,False,S19_D15 hbr,mild_master_39,,-0.0004929302800845801
612,az_itd=0_az=5,7.0,8.532324162586756e-19,6.640461353511342e-06,6.919987544279009e-10,11.922595687855866,0.008250421365543721,19,15,hbr,True,S19_D15 hbr,mild_master_39,,0.005028013032480558
613,az_itd=15_az=0,7.0,8.532324162586756e-19,0.0007211182546257549,6.912619065189418e-10,5.718926651210995,0.003953276140158099,19,15,hbr,True,S19_D15 hbr,mild_master_39,,-0.003778961357755729
614,az_itd=5_az=0,7.0,8.532324162586756e-19,2.5409769158544632e-05,6.906433220595682e-10,9.742055595624501,0.00672828564025111,19,15,hbr,True,S19_D15 hbr,mild_master_39,,-0.0004708497016375055
615,constant,7.0,8.532324162586756e-19,0.8565021530084587,8.552101555002129e-10,0.18761341899724387,0.00016044890123455952,19,15,hbr,False,S19_D15 hbr,mild_master_39,,
623,Linear,7.0,7.005139688013101e-19,0.059979141127913846,9.023333651203871e-14,2.2411149751760724,2.0222328171723183e-07,19,21,hbr,False,S19_D21 hbr,mild_master_39,,
624,ShortHbO,7.0,7.005139688013101e-19,1.2726899110702028e-11,0.000638165500177337,79.8406825255404,50951.56909841147,19,21,hbr,True,S19_D21 hbr,mild_master_39,,
625,az_itd=0_az=15,7.0,7.005139688013101e-19,0.00016636988633308384,6.266855294639806e-10,-7.274526021929631,-0.004558840191652476,19,21,hbr,True,S19_D21 hbr,mild_master_39,,-0.00817475592004453
626,az_itd=0_az=5,7.0,7.005139688013101e-19,3.8769625344821655e-05,6.270180444408313e-10,-9.133059461062482,-0.00572659308303723,19,21,hbr,True,S19_D21 hbr,mild_master_39,,-0.0023390386754166786
627,az_itd=15_az=0,7.0,7.005139688013101e-19,1.6681157441934083e-07,6.263503887088382e-10,-20.465458012695265,-0.012818547581356088,19,21,hbr,True,S19_D21 hbr,mild_master_39,,-0.018884443925595896
628,az_itd=5_az=0,7.0,7.005139688013101e-19,3.192417788908677e-07,6.257898911421069e-10,-18.624890936611745,-0.011655268471755877,19,21,hbr,True,S19_D21 hbr,mild_master_39,,-0.004807373684542048
629,constant,7.0,7.005139688013101e-19,0.47689159834637584,7.749034168869339e-10,0.751430914651345,0.0005822863833178012,19,21,hbr,False,S19_D21 hbr,mild_master_39,,
665,Linear,7.0,1.2633726725636484e-18,0.2679709534683896,1.2117816054499504e-13,-1.2033025505637613,-1.458139896564175e-07,20,12,hbr,False,S20_D12 hbr,mild_master_39,,
666,ShortHbO,7.0,1.2633726725636484e-18,4.322327457030482e-07,0.0008570194168144164,-17.821414656188544,-15273.298395454602,20,12,hbr,True,S20_D12 hbr,mild_master_39,,
667,az_itd=0_az=15,7.0,1.2633726725636484e-18,0.6993676621402629,8.416024790403229e-10,0.40243796788251807,0.00033869279142987707,20,12,hbr,False,S20_D12 hbr,mild_master_39,,-0.013000527940887538
668,az_itd=0_az=5,7.0,1.2633726725636484e-18,0.022981494657783205,8.420490274536473e-10,2.90013530803993,0.002442056115619007,20,12,hbr,True,S20_D12 hbr,mild_master_39,,-0.013478238244918395
669,az_itd=15_az=0,7.0,1.2633726725636484e-18,0.004498804685200522,8.411524043583742e-10,4.113021578692916,0.003459677990095422,20,12,hbr,True,S20_D12 hbr,mild_master_39,,-0.01373563223096387
670,az_itd=5_az=0,7.0,1.2633726725636484e-18,0.014896752267824286,8.403996884913578e-10,3.2081270282240197,0.0026961089551601715,20,12,hbr,True,S20_D12 hbr,mild_master_39,,-0.017289732925114373
671,constant,7.0,1.2633726725636484e-18,0.5396360433570924,1.0406505432264716e-09,0.6447499652734795,0.0006709594016070952,20,12,hbr,False,S20_D12 hbr,mild_master_39,,
679,Linear,7.0,1.238457795107956e-18,0.0051828923576462075,1.1997733803731786e-13,4.00106354978949,4.800369540218845e-07,20,13,hbr,True,S20_D13 hbr,mild_master_39,,
680,ShortHbO,7.0,1.238457795107956e-18,0.03565338665966653,0.0008485267296783958,-2.5955892681865955,-2202.4268733227127,20,13,hbr,True,S20_D13 hbr,mild_master_39,,
681,az_itd=0_az=15,7.0,1.238457795107956e-18,3.3857763782401637e-07,8.332625670066419e-10,-18.466283171260553,-0.01538726251835612,20,13,hbr,True,S20_D13 hbr,mild_master_39,,-0.025814383443023742
682,az_itd=0_az=5,7.0,1.238457795107956e-18,4.108302342139096e-08,8.337046903207318e-10,-25.06221951333807,-0.020894489958117716,20,13,hbr,True,S20_D13 hbr,mild_master_39,,-0.03308914572559452
683,az_itd=15_az=0,7.0,1.238457795107956e-18,3.4221834040596423e-08,8.328169523677058e-10,-25.73154338796519,-0.02142966554408256,20,13,hbr,True,S20_D13 hbr,mild_master_39,,-0.03108996239517246
684,az_itd=5_az=0,7.0,1.238457795107956e-18,2.241736931486262e-08,8.32071695585321e-10,-27.34911906872747,-0.022756427876280905,20,13,hbr,True,S20_D13 hbr,mild_master_39,,-0.04018048626535393
685,constant,7.0,1.238457795107956e-18,0.27826555786737955,1.0303381520388795e-09,1.1753868218476904,0.001211045885953401,20,13,hbr,False,S20_D13 hbr,mild_master_39,,
693,Linear,7.0,1.2697585317448019e-18,0.029823917426314246,1.214840288374349e-13,2.7186456314473233,3.3027202428951304e-07,20,20,hbr,True,S20_D20 hbr,mild_master_39,,
694,ShortHbO,7.0,1.2697585317448019e-18,1.6035013555462877e-08,0.0008591826371870469,-28.700929262006863,-24659.340093049945,20,20,hbr,True,S20_D20 hbr,mild_master_39,,
695,az_itd=0_az=15,7.0,1.2697585317448019e-18,3.561875366869126e-06,8.437267852025841e-10,-13.078392424593654,-0.011034589996020232,20,20,hbr,True,S20_D20 hbr,mild_master_39,,-0.018348492374770757
696,az_itd=0_az=5,7.0,1.2697585317448019e-18,1.434532009154595e-07,8.441744607579617e-10,-20.91783505011144,-0.017658302123651815,20,20,hbr,True,S20_D20 hbr,mild_master_39,,-0.03258957528127854
697,az_itd=15_az=0,7.0,1.2697585317448019e-18,2.812939360615176e-07,8.432755744778548e-10,-18.970688759088787,-0.01599751846156118,20,20,hbr,True,S20_D20 hbr,mild_master_39,,-0.02650309488742622
698,az_itd=5_az=0,7.0,1.2697585317448019e-18,4.513050294814518e-08,8.425209586652055e-10,-24.72471915449599,-0.02083109408477393,20,20,hbr,True,S20_D20 hbr,mild_master_39,,-0.03697823375486276
699,constant,7.0,1.2697585317448019e-18,0.2190765293670612,1.0432772707098045e-09,1.3498723204628698,0.0014082911102992132,20,20,hbr,False,S20_D20 hbr,mild_master_39,,
707,Linear,7.0,2.059686185283304e-18,0.1679675564298986,1.5472452014295077e-13,1.5378693567176605,2.379460982606884e-07,21,11,hbr,False,S21_D11 hbr,mild_master_39,,
708,ShortHbO,7.0,2.059686185283304e-18,0.0002220825576301008,0.0010942724119876804,6.945511670414503,7600.281808073062,21,11,hbr,True,S21_D11 hbr,mild_master_39,,
709,az_itd=0_az=15,7.0,2.059686185283304e-18,0.0002089661473023979,1.0745875257966193e-09,-7.013866519967813,-0.007537013469959958,21,11,hbr,True,S21_D11 hbr,mild_master_39,,-0.016662112838323993
710,az_itd=0_az=5,7.0,2.059686185283304e-18,2.623426859739537e-06,1.0751576944529307e-09,-13.683108048906787,-0.01471149890281296,21,11,hbr,True,S21_D11 hbr,mild_master_39,,-0.02511135301037319
711,az_itd=15_az=0,7.0,2.059686185283304e-18,0.0023730100326335114,1.0740128546770065e-09,-4.6387785581406105,-0.004982107801443085,21,11,hbr,True,S21_D11 hbr,mild_master_39,,-0.01947421269939689
712,az_itd=5_az=0,7.0,2.059686185283304e-18,0.005987397949839898,1.073051760691058e-09,-3.8884435444646224,-0.004172501191735541,21,11,hbr,True,S21_D11 hbr,mild_master_39,,-0.017934213543129636
713,constant,7.0,2.059686185283304e-18,0.7987998101108229,1.3287390666194358e-09,-0.26478858495761237,-0.00035183493722805903,21,11,hbr,False,S21_D11 hbr,mild_master_39,,
721,Linear,7.0,2.397660237000089e-18,0.08854864842569483,1.6693693553643384e-13,1.97718368804312,3.3006498587454284e-07,21,12,hbr,False,S21_D12 hbr,mild_master_39,,
722,ShortHbO,7.0,2.397660237000089e-18,3.21708705496386e-09,0.0011806433972489396,36.154012570692146,42684.99622564285,21,12,hbr,True,S21_D12 hbr,mild_master_39,,
723,az_itd=0_az=15,7.0,2.397660237000089e-18,0.002306022113855617,1.1594047818434232e-09,-4.663127024903112,-0.005406451771015963,21,12,hbr,True,S21_D12 hbr,mild_master_39,,-0.02391183749039623
724,az_itd=0_az=5,7.0,2.397660237000089e-18,4.867204339261964e-07,1.1600199539450114e-09,-17.515786853819755,-0.020318662259478627,21,12,hbr,True,S21_D12 hbr,mild_master_39,,-0.03404377815505765
725,az_itd=15_az=0,7.0,2.397660237000089e-18,1.8890107777977807e-05,1.158784751898843e-09,-10.190413109019358,-0.011808495326281716,21,12,hbr,True,S21_D12 hbr,mild_master_39,,-0.03140632939984138
726,az_itd=5_az=0,7.0,2.397660237000089e-18,9.717096551932887e-06,1.1577477987085632e-09,-11.263185304115872,-0.01303992799228679,21,12,hbr,True,S21_D12 hbr,mild_master_39,,-0.029589101686312735
727,constant,7.0,2.397660237000089e-18,0.7153891841784967,1.4336165185973977e-09,0.3797507811950191,0.0005444169928714454,21,12,hbr,False,S21_D12 hbr,mild_master_39,,
735,Linear,7.0,3.1323104945819086e-18,0.11610464219820874,1.9080555712752158e-13,1.7927798181430643,3.420723520077642e-07,21,19,hbr,False,S21_D19 hbr,mild_master_39,,
736,ShortHbO,7.0,3.1323104945819086e-18,0.002379547022871961,0.0013494516384712715,-4.636443288735352,-6256.655992663052,21,19,hbr,True,S21_D19 hbr,mild_master_39,,
737,az_itd=0_az=15,7.0,3.1323104945819086e-18,1.0799972676790406e-05,1.325176328564302e-09,-11.086157519192762,-0.014691113519169395,21,19,hbr,True,S21_D19 hbr,mild_master_39,,-0.023809435270899924
738,az_itd=0_az=5,7.0,3.1323104945819086e-18,2.5103570344242375e-05,1.3258794578939238e-09,-9.760041791009934,-0.012940638918886293,21,19,hbr,True,S21_D19 hbr,mild_master_39,,-0.007398086683608057
739,az_itd=15_az=0,7.0,3.1323104945819086e-18,4.7633765882480867e-07,1.3244676468179215e-09,-17.570917989026075,-0.02327211240135605,21,19,hbr,True,S21_D19 hbr,mild_master_39,,-0.04922479464614548
740,az_itd=5_az=0,7.0,3.1323104945819086e-18,9.83426361869987e-05,1.3232824301937473e-09,-7.905296371472997,-0.010460939793844598,21,19,hbr,True,S21_D19 hbr,mild_master_39,,-0.0042777913811229305
741,constant,7.0,3.1323104945819086e-18,0.478820476450058,1.6385948242023052e-09,0.748018998150707,0.0012257000587747424,21,19,hbr,False,S21_D19 hbr,mild_master_39,,
749,Linear,7.0,6.5690617585365225e-18,0.06196143169755994,2.763187075381528e-13,2.219078826933987,6.131729933836796e-07,21,20,hbr,False,S21_D20 hbr,mild_master_39,,
750,ShortHbO,7.0,6.5690617585365225e-18,1.6000654398586922e-06,0.0019542341336443226,14.716560712653193,28759.605274515885,21,20,hbr,True,S21_D20 hbr,mild_master_39,,
751,az_itd=0_az=15,7.0,6.5690617585365225e-18,0.00020887220155503525,1.919079380504198e-09,-7.014373374772313,-0.013461139310683191,21,20,hbr,True,S21_D20 hbr,mild_master_39,,-0.05145798049077276
752,az_itd=0_az=5,7.0,6.5690617585365225e-18,4.45129491425271e-07,1.9200976306564373e-09,-17.745255499456352,-0.034072623039899254,21,20,hbr,True,S21_D20 hbr,mild_master_39,,-0.06446562255823259
753,az_itd=15_az=0,7.0,6.5690617585365225e-18,5.056803675267742e-06,1.9180530895137062e-09,-12.41599794737543,-0.02381454322235928,21,20,hbr,True,S21_D20 hbr,mild_master_39,,-0.04681990656384335
754,az_itd=5_az=0,7.0,6.5690617585365225e-18,1.5643047002330426e-06,1.9163366954491155e-09,-14.765518678164446,-0.028295705270305848,21,20,hbr,True,S21_D20 hbr,mild_master_39,,-0.06221386815084712
755,constant,7.0,6.5690617585365225e-18,0.5839086221809793,2.3729623540245414e-09,0.5740367061318872,0.0013621674934792168,21,20,hbr,False,S21_D20 hbr,mild_master_39,,
763,Linear,7.0,2.442263214461711e-18,0.5135797244109945,1.6848252032087401e-13,0.6880310143242266,1.1592119935227309e-07,22,10,hbr,False,S22_D10 hbr,mild_master_39,,
764,ShortHbO,7.0,2.442263214461711e-18,5.426667409806449e-08,0.001191574378249483,-24.07544639000215,-28687.68506324557,22,10,hbr,True,S22_D10 hbr,mild_master_39,,
765,az_itd=0_az=15,7.0,2.442263214461711e-18,0.11088671052910495,1.170139125229242e-09,1.8241833873162994,0.00213454835309201,22,10,hbr,False,S22_D10 hbr,mild_master_39,,0.001756823635615996
766,az_itd=0_az=5,7.0,2.442263214461711e-18,1.9616180252528152e-06,1.170759992898662e-09,-14.28215341380847,-0.016720973829328006,22,10,hbr,True,S22_D10 hbr,mild_master_39,,-0.01127612886674499
767,az_itd=15_az=0,7.0,2.442263214461711e-18,0.004214344817208235,1.1695133547405145e-09,-4.165193477067582,-0.004871249396508617,22,10,hbr,True,S22_D10 hbr,mild_master_39,,-0.005571201586220295
768,az_itd=5_az=0,7.0,2.442263214461711e-18,0.5632096015198647,1.1684668009242982e-09,-0.6066871297381802,-0.000708893769647116,22,10,hbr,False,S22_D10 hbr,mild_master_39,,0.004697697894970536
769,constant,7.0,2.442263214461711e-18,0.9322005817178206,1.4468896499792939e-09,0.08818354865305322,0.00012759186384454823,22,10,hbr,False,S22_D10 hbr,mild_master_39,,
777,Linear,7.0,7.87249168392687e-19,0.05299639623909139,9.565655184086129e-14,2.3250809518767785,2.2240922660740022e-07,22,11,hbr,False,S22_D11 hbr,mild_master_39,,
778,ShortHbO,7.0,7.87249168392687e-19,6.845605282024273e-09,0.0006765206032541884,-32.43827343196509,-21945.16031071733,22,11,hbr,True,S22_D11 hbr,mild_master_39,,
779,az_itd=0_az=15,7.0,7.87249168392687e-19,6.994274839882145e-05,6.643506618985649e-10,-8.33755630819756,-0.0055390610519676035,22,11,hbr,True,S22_D11 hbr,mild_master_39,,-0.006292371693483069
780,az_itd=0_az=5,7.0,7.87249168392687e-19,6.049800416221797e-07,6.647031617323347e-10,-16.968881321464202,-0.011279269065438012,22,11,hbr,True,S22_D11 hbr,mild_master_39,,-0.00966663403854447
781,az_itd=15_az=0,7.0,7.87249168392687e-19,3.422881279393607e-06,6.639953784716467e-10,-13.155667901748844,-0.008735302687469018,22,11,hbr,True,S22_D11 hbr,mild_master_39,,-0.01632001744376298
782,az_itd=5_az=0,7.0,7.87249168392687e-19,7.931071523423035e-08,6.634011938097335e-10,-22.79107925031802,-0.015119629182873219,22,11,hbr,True,S22_D11 hbr,mild_master_39,,-0.02432107683041624
783,constant,7.0,7.87249168392687e-19,0.5695828060077073,8.214767594149199e-10,0.5965606755418886,0.0004900607305385262,22,11,hbr,False,S22_D11 hbr,mild_master_39,,
791,Linear,7.0,9.825632880985288e-19,0.07736041691956316,1.0686583490612694e-13,2.068740884111545,2.2107772178501945e-07,22,12,hbr,False,S22_D12 hbr,mild_master_39,,
792,ShortHbO,7.0,9.825632880985288e-19,0.20619295626699327,0.0007557970437637357,1.3932238590931088,1052.9944740036751,22,12,hbr,False,S22_D12 hbr,mild_master_39,,
793,az_itd=0_az=15,7.0,9.825632880985288e-19,0.03729829624562749,7.422009970873831e-10,-2.564640053729884,-0.0019034784050485597,22,12,hbr,True,S22_D12 hbr,mild_master_39,,-0.010535594800878035
794,az_itd=0_az=5,7.0,9.825632880985288e-19,3.177067399966974e-07,7.425948037667492e-10,-18.637949503587155,-0.013840444454230884,22,12,hbr,True,S22_D12 hbr,mild_master_39,,-0.015588408594220107
795,az_itd=15_az=0,7.0,9.825632880985288e-19,5.6810427781050776e-05,7.41804080626197e-10,-8.610919458681714,-0.0063876151923936185,22,12,hbr,True,S22_D12 hbr,mild_master_39,,-0.019690546568716466
796,az_itd=5_az=0,7.0,9.825632880985288e-19,9.469461756797507e-06,7.411402678631213e-10,-11.306825748221398,-0.008379943863718443,22,12,hbr,True,S22_D12 hbr,mild_master_39,,-0.019563294501814373
797,constant,7.0,9.825632880985288e-19,0.858134736504197,9.177395386037214e-10,-0.18545066143201117,-0.00017019540445636886,22,12,hbr,False,S22_D12 hbr,mild_master_39,,
805,Linear,7.0,2.940325825178993e-18,0.062477919780753635,1.8486570255719283e-13,2.2134541078271184,4.0919174872156467e-07,22,19,hbr,False,S22_D19 hbr,mild_master_39,,
806,ShortHbO,7.0,2.940325825178993e-18,7.604895050060134e-07,0.0013074426603110908,-16.41132270684945,-21456.863419067056,22,19,hbr,True,S22_D19 hbr,mild_master_39,,
807,az_itd=0_az=15,7.0,2.940325825178993e-18,1.2197828801146865e-05,1.2839230506712823e-09,-10.885347103863472,-0.013975948061208198,22,19,hbr,True,S22_D19 hbr,mild_master_39,,-0.01919757414609704
808,az_itd=0_az=5,7.0,2.940325825178993e-18,0.0020448634143693033,1.2846042912989974e-09,-4.766133626984124,-0.006122595710128261,22,19,hbr,True,S22_D19 hbr,mild_master_39,,0.004772651093346363
809,az_itd=15_az=0,7.0,2.940325825178993e-18,1.9585204698125464e-07,1.2832364304757995e-09,-19.994606411914383,-0.025657807360793542,22,19,hbr,True,S22_D19 hbr,mild_master_39,,-0.046217690072385346
810,az_itd=5_az=0,7.0,2.940325825178993e-18,0.00037080683942204956,1.2820881101270162e-09,-6.389966095848331,-0.008192499555601895,22,19,hbr,True,S22_D19 hbr,mild_master_39,,-0.00369167827884445
811,constant,7.0,2.940325825178993e-18,0.9599277239792714,1.5875847011116545e-09,0.05206994764547139,8.266545226963519e-05,22,19,hbr,False,S22_D19 hbr,mild_master_39,,
819,Linear,7.0,2.0406356737736604e-18,0.46781364751365917,1.5400731654885554e-13,0.767614555047476,1.1821825776670553e-07,22,20,hbr,False,S22_D20 hbr,mild_master_39,,
820,ShortHbO,7.0,2.0406356737736604e-18,0.6042885139845927,0.0010892000672418592,0.54252959167536,590.9232677335004,22,20,hbr,False,S22_D20 hbr,mild_master_39,,
821,az_itd=0_az=15,7.0,2.0406356737736604e-18,0.725493308541155,1.06960642755208e-09,-0.36555541151174337,-0.0003910004177794063,22,20,hbr,False,S22_D20 hbr,mild_master_39,,-0.014483918016709521
822,az_itd=0_az=5,7.0,2.0406356737736604e-18,2.5813178918187047e-05,1.070173953272358e-09,-9.718730775951437,-0.010400732535289682,22,20,hbr,True,S22_D20 hbr,mild_master_39,,-0.023289264568222737
823,az_itd=15_az=0,7.0,2.0406356737736604e-18,0.7886443928042027,1.0690344202390316e-09,0.27854292216699306,0.0002977719713104771,22,20,hbr,False,S22_D20 hbr,mild_master_39,,-0.020368216655004368
824,az_itd=5_az=0,7.0,2.0406356737736604e-18,0.00028873562397698963,1.0680777812681017e-09,-6.656681064697288,-0.007109853142191265,22,20,hbr,True,S22_D20 hbr,mild_master_39,,-0.03312222003957395
825,constant,7.0,2.0406356737736604e-18,0.986959262000146,1.3225798849117547e-09,0.016937324900263367,2.2400965217303323e-05,22,20,hbr,False,S22_D20 hbr,mild_master_39,,
875,Linear,7.0,1.144263678264386e-17,0.8317422952010991,3.6468816756138163e-13,-0.22054352519296558,-8.042961407015003e-08,23,9,hbr,False,S23_D9 hbr,mild_master_39,,
876,ShortHbO,7.0,1.144263678264386e-17,1.4920214899196228e-05,0.0025792175692130716,-10.560157378397856,-27236.943444018798,23,9,hbr,True,S23_D9 hbr,mild_master_39,,
877,az_itd=0_az=15,7.0,1.144263678264386e-17,0.40948964249508824,2.532819977758014e-09,0.877165096788869,0.0022217012809388893,23,9,hbr,False,S23_D9 hbr,mild_master_39,,-0.004433463468909557
878,az_itd=0_az=5,7.0,1.144263678264386e-17,0.0006073700083803445,2.5341638743962395e-09,-5.887053233414679,-0.014918757630767051,23,9,hbr,True,S23_D9 hbr,mild_master_39,,0.014725384602896399
879,az_itd=15_az=0,7.0,1.144263678264386e-17,0.0005396203512259394,2.5314654687418066e-09,-6.004891688882332,-0.015201175953940292,23,9,hbr,True,S23_D9 hbr,mild_master_39,,-0.04620252888447857
880,az_itd=5_az=0,7.0,1.144263678264386e-17,0.48041194035572055,2.5292001548518944e-09,-0.7452108435923661,-0.0018847873810111232,23,9,hbr,False,S23_D9 hbr,mild_master_39,,-0.00955178978999266
881,constant,7.0,1.144263678264386e-17,0.4289286415054411,3.1318592226038957e-09,0.8394920088781851,0.0026291707903074155,23,9,hbr,False,S23_D9 hbr,mild_master_39,,
833,Linear,7.0,2.237898761850997e-18,0.2620468860953649,1.6127937598354384e-13,1.2197777917748307,1.9672500109602975e-07,23,10,hbr,False,S23_D10 hbr,mild_master_39,,
834,ShortHbO,7.0,2.237898761850997e-18,6.327739734219713e-09,0.0011406309200269384,-32.80701467319098,-37420.695330019094,23,10,hbr,True,S23_D10 hbr,mild_master_39,,
835,az_itd=0_az=15,7.0,2.237898761850997e-18,0.003747353330609114,1.1201120897971323e-09,-4.2598349730470755,-0.004771492653850669,23,10,hbr,True,S23_D10 hbr,mild_master_39,,-0.0035968744737534916
836,az_itd=0_az=5,7.0,2.237898761850997e-18,9.97169256511472e-06,1.120706413470008e-09,-11.219615900683094,-0.012573895496565624,23,10,hbr,True,S23_D10 hbr,mild_master_39,,0.0024507646610571927
837,az_itd=15_az=0,7.0,2.237898761850997e-18,4.4335931928560285e-06,1.1195130729155077e-09,-12.660865203087514,-0.014174004109277527,23,10,hbr,True,S23_D10 hbr,mild_master_39,,-0.02591780864393131
838,az_itd=5_az=0,7.0,2.237898761850997e-18,6.236205450974261e-05,1.1185112624838314e-09,-8.487437725582678,-0.00949329468569438,23,10,hbr,True,S23_D10 hbr,mild_master_39,,-0.00907075988269683
839,constant,7.0,2.237898761850997e-18,0.4205239179666014,1.3850306810539655e-09,0.8556262993167953,0.0011850686760704252,23,10,hbr,False,S23_D10 hbr,mild_master_39,,
847,Linear,7.0,1.3743697958085352e-18,0.1653852300098018,1.2638933171405026e-13,1.5486902623636751,1.9573792729220207e-07,23,11,hbr,False,S23_D11 hbr,mild_master_39,,
848,ShortHbO,7.0,1.3743697958085352e-18,3.151159719213303e-10,0.0008938748605357749,-50.44277383826947,-45089.527429720765,23,11,hbr,True,S23_D11 hbr,mild_master_39,,
849,az_itd=0_az=15,7.0,1.3743697958085352e-18,0.0030083021221911314,8.777949295186568e-10,-4.439835246483696,-0.0038972648672616042,23,11,hbr,True,S23_D11 hbr,mild_master_39,,0.008229014163503126
850,az_itd=0_az=5,7.0,1.3743697958085352e-18,0.0006919538086821636,8.782606813941121e-10,-5.759049878311213,-0.0050579470703082845,23,11,hbr,True,S23_D11 hbr,mild_master_39,,0.0025696630499490018
851,az_itd=15_az=0,7.0,1.3743697958085352e-18,1.3289412209286047e-06,8.773254997301778e-10,-15.123291981335372,-0.013268049695090448,23,11,hbr,True,S23_D11 hbr,mild_master_39,,-0.018398114872911493
852,az_itd=5_az=0,7.0,1.3743697958085352e-18,8.580189616176643e-05,8.765404139112902e-10,-8.076042844288105,-0.00707897793749761,23,11,hbr,True,S23_D11 hbr,mild_master_39,,-0.00640067435033862
853,constant,7.0,1.3743697958085352e-18,0.9240614866325216,1.085402898630561e-09,0.0988069923158614,0.00010724539586460354,23,11,hbr,False,S23_D11 hbr,mild_master_39,,
861,Linear,7.0,5.673583246323955e-18,0.09941056705738478,2.567954545416056e-13,1.8985992943492789,4.875516687847948e-07,23,19,hbr,False,S23_D19 hbr,mild_master_39,,
862,ShortHbO,7.0,5.673583246323955e-18,2.8124605001958426e-09,0.001816158041201836,-36.85826696607325,-66940.43793519794,23,19,hbr,True,S23_D19 hbr,mild_master_39,,
863,az_itd=0_az=15,7.0,5.673583246323955e-18,0.004846296028468948,1.7834871413834814e-09,-4.053987523834635,-0.0072302346200881305,23,19,hbr,True,S23_D19 hbr,mild_master_39,,-0.005009715755247115
864,az_itd=0_az=5,7.0,5.673583246323955e-18,0.013214986603073775,1.7844334472380907e-09,-3.2947966782413407,-0.005879345394502806,23,19,hbr,True,S23_D19 hbr,mild_master_39,,0.015096260283232115
865,az_itd=15_az=0,7.0,5.673583246323955e-18,1.425275525989961e-07,1.7825333628147289e-09,-20.937463270521896,-0.03732172681241326,23,19,hbr,True,S23_D19 hbr,mild_master_39,,-0.0712642950681021
866,az_itd=5_az=0,7.0,5.673583246323955e-18,0.0757658460107646,1.7809382402914803e-09,-2.082848332283307,-0.0037094242436906772,23,19,hbr,False,S23_D19 hbr,mild_master_39,,-0.0049505802945228545
867,constant,7.0,5.673583246323955e-18,0.6699435903658411,2.2053010877944705e-09,-0.4447257003430228,-0.0009807540707366259,23,19,hbr,False,S23_D19 hbr,mild_master_39,,
917,Linear,7.0,5.524366230463666e-18,0.1805827008769532,2.5339605385893786e-13,1.4871028938142419,3.76826004974736e-07,24,9,hbr,False,S24_D9 hbr,mild_master_39,,
918,ShortHbO,7.0,5.524366230463666e-18,1.1509176288220608e-05,0.0017921161480300325,-10.980811942494386,-19678.89040062522,24,9,hbr,True,S24_D9 hbr,mild_master_39,,
919,az_itd=0_az=15,7.0,5.524366230463666e-18,0.0001371480563384802,1.7598777382623456e-09,-7.50134940657348,-0.013201457827556124,24,9,hbr,True,S24_D9 hbr,mild_master_39,,-0.028975481158551676
920,az_itd=0_az=5,7.0,5.524366230463666e-18,5.67150484831841e-06,1.7608115171321063e-09,-12.205993948786299,-0.02149245472306771,24,9,hbr,True,S24_D9 hbr,mild_master_39,,-0.0024643783206973117
921,az_itd=15_az=0,7.0,5.524366230463666e-18,2.4571057050942498e-06,1.7589365856005564e-09,-13.81597850870079,-0.024301430064824835,24,9,hbr,True,S24_D9 hbr,mild_master_39,,-0.050894840450797604
922,az_itd=5_az=0,7.0,5.524366230463666e-18,5.884977494767431e-07,1.7573625789518244e-09,-17.03741743275213,-0.02994091983830005,24,9,hbr,True,S24_D9 hbr,mild_master_39,,-0.02228433575683154
923,constant,7.0,5.524366230463666e-18,0.2216856454379587,2.1761078061738184e-09,1.341367616520012,0.002918960541257967,24,9,hbr,False,S24_D9 hbr,mild_master_39,,
889,Linear,7.0,5.475623489685878e-18,0.35873011315866166,2.5227569154840165e-13,0.9821829826754658,2.4778089118152495e-07,24,10,hbr,False,S24_D10 hbr,mild_master_39,,
890,ShortHbO,7.0,5.475623489685878e-18,6.923365739401181e-07,0.001784192506924422,-16.638001498920836,-29685.397604571855,24,10,hbr,True,S24_D10 hbr,mild_master_39,,
891,az_itd=0_az=15,7.0,5.475623489685878e-18,4.768678705393509e-05,1.7520966356797518e-09,-8.846896074901835,-0.015500616849043906,24,10,hbr,True,S24_D10 hbr,mild_master_39,,-0.03603718683201414
892,az_itd=0_az=5,7.0,5.475623489685878e-18,0.0010532956269843764,1.7530262859506803e-09,-5.359553277349496,-0.009395437776146784,24,10,hbr,True,S24_D10 hbr,mild_master_39,,0.009854865672945448
893,az_itd=15_az=0,7.0,5.475623489685878e-18,4.844884134510283e-06,1.7511596442191917e-09,-12.495217729081862,-0.021881121032900328,24,10,hbr,True,S24_D10 hbr,mild_master_39,,-0.045808082121121446
894,az_itd=5_az=0,7.0,5.475623489685878e-18,0.0010734579033197945,1.7495925968648088e-09,-5.34197590244698,-0.009346281491551442,24,10,hbr,True,S24_D10 hbr,mild_master_39,,-0.0115918626778796
895,constant,7.0,5.475623489685878e-18,0.5200422097635542,2.1664863889000593e-09,0.6771701098841926,0.0014670798260340609,24,10,hbr,False,S24_D10 hbr,mild_master_39,,
903,Linear,7.0,1.5030568957971724e-17,0.30708581661306367,4.1797116973633867e-13,1.10155061177995,4.604163977294453e-07,24,19,hbr,False,S24_D19 hbr,mild_master_39,,
904,ShortHbO,7.0,1.5030568957971724e-17,5.121387935620928e-09,0.0029560558315264124,-33.8191951239694,-99971.42896373935,24,19,hbr,True,S24_D19 hbr,mild_master_39,,
905,az_itd=0_az=15,7.0,1.5030568957971724e-17,0.16379775831906568,2.9028792897617142e-09,-1.5554197563656522,-0.004515195797640063,24,19,hbr,False,S24_D19 hbr,mild_master_39,,-0.0046501859214527356
906,az_itd=0_az=5,7.0,1.5030568957971724e-17,0.0008458473027642113,2.904419537293297e-09,-5.565682307950891,-0.016165076433580214,24,19,hbr,True,S24_D19 hbr,mild_master_39,,0.024806464916528676
907,az_itd=15_az=0,7.0,1.5030568957971724e-17,3.084390496533912e-07,2.9013268793237547e-09,-18.718349606407944,-0.05430805084965059,24,19,hbr,True,S24_D19 hbr,mild_master_39,,-0.09690324704625604
908,az_itd=5_az=0,7.0,1.5030568957971724e-17,0.009239234610327926,2.8987305902729803e-09,-3.558397765194214,-0.010314836454327478,24,19,hbr,True,S24_D19 hbr,mild_master_39,,-0.008355074040637844
909,constant,7.0,1.5030568957971724e-17,0.6590137618646533,3.5894415535183627e-09,0.4606574228752327,0.0016535028956050405,24,19,hbr,False,S24_D19 hbr,mild_master_39,,
